NER_T,DUR_T,SE_T,MM_T,NER_mean,DUR_mean,person_years,policy
0.6660665744352228,19.156778981764802,0.6200080784442599,0.4632802829616825,0.4411750311651702,7.751013892281037,86286.35141571704,Baseline
0.6026218167173939,16.36599882712926,0.5830597354261123,0.4948152602713643,0.4131858184770617,7.1581155659321505,63575.46635883605,Baseline
0.7073107446459165,35.12607679359078,0.6887426784106924,0.5356658016867932,0.4502267342481127,12.235417976261123,70600.88320925555,Baseline
0.684296269543202,27.916020094222525,0.6595119581952659,0.5196947199894425,0.4499230163520153,10.342640960882036,73468.93556306034,Baseline
0.6745427528134841,26.03401414727171,0.6697543323988682,0.49902255442126464,0.42819306318023675,9.586065201963969,65034.3092893797,Baseline
0.34817821086449924,4.3561666818196985,0.4855581762105535,0.42524347500896215,0.22623725726245583,2.0878295744020914,34411.97531454288,Baseline
0.7094286238711393,23.782816556087248,0.6451861810349334,0.4668720142552845,0.49289228214175046,9.860462855682933,98222.5154251508,Baseline
0.5007183239244124,6.748427254890444,0.5933505277579976,0.3736014486559986,0.3419671832782337,3.4227375048209665,67770.98217342874,Baseline
0.2341482300453419,2.1380160046552414,0.23963085760026392,0.3701329491686736,0.17550780265182217,1.3353643986803272,23919.172407398593,Baseline
0.31712894271146497,3.794909046600921,0.30175885204889347,0.4284859527644263,0.2154592555192197,1.9320885715250498,31664.339749858154,Baseline
0.6363881278743733,15.768339843357879,0.6006289749007804,0.4469000639547894,0.40598590090177505,6.267644031637561,82837.41687233723,Baseline
0.5035148860180894,6.972740838356896,0.4652957228947087,0.3801448864124486,0.3546272609429116,3.7575341947105914,64330.392702431294,Baseline
0.3300243070298656,3.455770223670293,0.4144442705007377,0.3880832447298584,0.22326196138677354,1.7950993883564086,38503.75599332398,Baseline
0.25665490817811015,2.2611426120201554,0.3586368298995657,0.3337180244212492,0.18877829036491545,1.4251600980690924,25360.77571130618,Baseline
0.6426909629878551,23.218834601127725,0.6590341673845069,0.5109789435872613,0.3886162161455389,8.195777655837551,59064.60488644357,Baseline
0.46943243426070713,9.54024552673783,0.6836544479388103,0.47490045054542523,0.2747931320877741,3.591542844616499,38645.82450502955,Baseline
0.4904332950403455,7.139979517536591,0.47095420384533987,0.3688803989150252,0.35146391020673584,4.08552960563241,47389.109421204404,Baseline
0.5211705739133012,11.718600078327768,0.6790786068366313,0.5040457435397464,0.30176257212664864,3.9933727834219086,59966.672059481854,Baseline
0.14974664694321063,1.046339861376302,0.06049411378684124,0.31438177367251546,0.13436967671488728,0.8616880724293143,18390.28828014002,Baseline
0.5340342708465806,9.436400208846695,0.5034385612379066,0.42332984332121654,0.38756718084115,5.101908347308441,57742.85783474259,Baseline
0.4760126475855796,7.149252868319488,0.6037656947522223,0.4088468582576051,0.29473107008417,3.0699974432515997,53853.136561828025,Baseline
0.6073622094979139,17.661822847570907,0.6022963517210825,0.4874817776490949,0.4136696962057103,7.637026639779763,56574.35866509911,Baseline
0.7065121451884104,31.459212413519964,0.6837904855734669,0.5191849404504737,0.44883344852372636,11.45176320157229,72769.40992030196,Baseline
0.63787531737392,17.108331910162484,0.5928343515534177,0.48192092076273674,0.4342908712058634,7.281558073289571,83464.94278860488,Baseline
0.5193811317139128,7.16880798148438,0.48864979683610726,0.3673084169352306,0.3423941381465487,3.4996548226630546,70670.0071046441,Baseline
0.33209190711915815,3.637028292287067,0.2551702697908008,0.4289141958610446,0.22402839445127,1.8042216121240056,45507.75414050894,Baseline
0.7341876189130413,35.46383252949409,0.6850203773601838,0.5154370656043267,0.5028483696590725,13.10089697040173,88216.9630530992,Baseline
0.46673268978592314,5.166834801812368,0.44829553578293346,0.31483640610238545,0.3345648076970502,2.972606417182348,62497.54896104711,Baseline
0.46813365590685513,7.123465289517811,0.5935383721745929,0.42085207127396534,0.29059438564508294,3.0310475020309964,53326.97832601975,Baseline
0.6676138090787127,21.656383701185185,0.7790076845898289,0.4969972791411308,0.41815434520560885,7.867949489942798,85031.30666984842,Baseline
0.6922918585509662,23.213853072269615,0.6447262448761525,0.4717068674922484,0.4639963131524423,9.090769007801148,88468.34985293276,Baseline
0.5828010410688418,15.445668971752752,0.7419200924393651,0.4876201134715176,0.3683695127178589,6.282588809515529,52826.328078454375,Baseline
0.35183134872225863,3.6249981494398527,0.4606996523275119,0.3461467778667113,0.2517780841212348,2.12170890761879,36939.56993827535,Baseline
0.41559415317897835,4.89920189449449,0.5418725467124283,0.36583280605009844,0.27705424571029214,2.46012269637422,48237.217365353805,Baseline
0.5470316950418062,10.22026088686291,0.6346666981115258,0.4090676403500224,0.35746109835469425,4.678127835485054,54227.454648721476,Baseline
0.4111100065089543,6.637454208021083,0.5570228823646404,0.4517795855972193,0.2634688440373407,2.93498706040044,36714.08644918768,Baseline
0.7008984612531148,27.433256443292258,0.7433184114399651,0.4968396017654812,0.44238005240297873,10.176155743885236,76058.88008667318,Baseline
0.5017720110833108,10.102501858968758,0.630325973183496,0.4708896694423823,0.3125695876886056,4.002400508159893,50522.5825320311,Baseline
0.674654101755317,25.646276639169155,0.6538695551643235,0.5029060613626766,0.45652012691430494,10.112783939964626,68756.54034328472,Baseline
0.35716686022806693,4.033240190289952,0.46304620654318557,0.3738301434729265,0.24359460251867113,2.1601445144149554,35338.197528356104,Baseline
0.5030934541520484,6.41231982449067,0.44890849483596185,0.3633210225001489,0.37832712456480383,3.8621265428893627,72185.05413395882,Baseline
0.3495359827695198,5.142488628147295,0.4749823866165585,0.4572790006321041,0.21931827637387177,2.244405961875369,30050.556056416364,Baseline
0.21849550297381973,1.833808222817744,0.2160520750692036,0.3474514111007733,0.16843892082721887,1.2190897325185686,23198.04617910354,Baseline
0.508466810514646,7.588603136183744,0.6209494044832993,0.38649942186828135,0.3179776851515427,3.3322250996987233,61824.23786564465,Baseline
0.17781909106537652,1.2456084931227285,0.03794136673397849,0.3192404549175462,0.15606756871806252,0.9913609351779791,24003.777957721642,Baseline
0.5469142736069833,9.768290075819943,0.5418095002214599,0.4262562238634373,0.3552557073133173,4.389962834818638,65627.58835293131,Baseline
0.5023426124281751,7.558720688039943,0.47433626595243084,0.3789197686882684,0.37096288241009745,4.424215148833144,51339.320024597706,Baseline
0.25651990205657926,2.3969725595793547,0.16987884981579923,0.3776293334350516,0.19567968532791527,1.5124166521826896,28295.013109163017,Baseline
0.5261492741861687,7.941885756498959,0.4873303546113229,0.3883494454348637,0.3745711846530082,4.282225952069705,65055.1246299116,Baseline
0.46603104735499334,5.641373390686868,0.4381789822799749,0.3529208730952921,0.3346871623686589,3.266045853039563,56987.02571400612,Baseline
0.5309202352623194,8.352365634931719,0.5840112456248292,0.40933994899427273,0.3484332758654325,3.8297116502822477,73384.74959794979,Baseline
0.5524932061970795,9.383353709249858,0.5169797017453495,0.39520653910893266,0.39518890061302936,4.968713063463573,64134.33320630908,Baseline
0.49578597189656887,8.467777726083302,0.4894345844806856,0.4289240796934747,0.33743841732219404,4.281747265276704,47059.48354471238,Baseline
0.6977070841235112,23.77145090881095,0.6488869807609959,0.47069403682643457,0.46901578473375294,9.603130643526281,84902.16186271027,Baseline
0.515571191708983,6.615134775831502,0.46377592536082474,0.34098275693522534,0.38824388256564624,4.031607526937513,69476.50957745843,Baseline
0.48015771128189444,6.271914073794154,0.5767556168498019,0.3714782624143062,0.325950546249007,3.1018623085438684,65116.2597183047,Baseline
0.5058555675584405,8.254352922739768,0.48720230141714854,0.40412279224822645,0.3586063850617791,4.4306147028016465,50337.67817068669,Baseline
0.578949976412019,9.614869775444008,0.5290792074342899,0.3661330445949354,0.4236453648413401,5.3313610662976085,71547.49421429544,Baseline
0.635703567566959,16.593196363605934,0.6100504870558857,0.4622977025142672,0.40684390219456434,6.627217554235959,77816.01821323727,Baseline
0.467132913519091,5.967291536411219,0.49185386666185044,0.3725673406757318,0.3167159413419476,3.0182913244176763,59879.875821985486,Baseline
0.20543858360068973,1.4579091007287053,0.12045344923367446,0.2939582049995492,0.17627878883947912,1.1379790021955416,26233.29621009827,Baseline
0.6082400835568376,24.087394868436892,0.8036959161388899,0.5462394043237354,0.34822749545175957,7.885503192412955,47059.53068102876,Baseline
0.6921492476324976,31.027404923755523,0.8176110008505885,0.5101983118494839,0.4213851566269704,10.846670348133753,61624.275368795585,Baseline
0.6977509603747614,32.259853498848365,0.718106908896524,0.5073342064394071,0.43362546970290883,11.332006326580718,62043.53682060465,Baseline
0.366553963585361,4.9733659937440855,0.5495824806590915,0.4184205064167256,0.22855588737679863,2.2690144990272247,31065.837520429617,Baseline
0.3799784541426969,5.103301182469716,0.4765439355846749,0.43755405937275144,0.2381591661410894,2.2680199130898333,39917.65593573251,Baseline
0.4958088309399447,7.698694625965787,0.48997023132723294,0.3834011367762102,0.3445585663759937,4.127024962896812,46333.20249028949,Baseline
0.43287521541567,5.028474798707648,0.4369546612045966,0.336532691653936,0.3119079329569,2.9835141350950214,45688.05465897769,Baseline
0.3411435795272059,3.0655390726070886,0.32720504404514406,0.3317203261430696,0.22715533548385783,1.6059935003283765,47226.72609033082,Baseline
0.5423385250916383,7.987242855103508,0.4911296854335558,0.38548105108987635,0.3846911763960937,4.2337040102044305,79446.00430131514,Baseline
0.8027081800926401,59.92322064953762,0.7388228844394923,0.5118941071140325,0.5568162968079713,20.740464225367177,94125.54708332682,Baseline
0.6735479171166611,21.29806212448133,0.6506270035011738,0.48814859115978126,0.4243690668230977,7.886990645002612,88479.73143734931,Baseline
0.7016567980754903,25.75133706919467,0.7217850953555635,0.4819320075183613,0.4499404031613795,9.84825431151329,79465.61599341035,Baseline
0.33595781109714534,3.126220620404056,0.42081617673581323,0.32022614289083856,0.2427467104273986,1.9075306494066864,36913.34847546871,Baseline
0.5404589724825628,10.157054810910989,0.5357701381272304,0.4382181754622076,0.3410688773533011,4.423730966310084,58135.824659683974,Baseline
0.6763035412700215,22.025616942402788,0.6363252125569435,0.4771283574579044,0.46255328246518485,9.073519205482643,79485.76287586498,Baseline
0.7469856358991199,39.80993397542404,0.7026165745587143,0.5209483727903553,0.49167613755037637,14.012984004049402,86359.30137710323,Baseline
0.3494579554494437,3.0971787005145144,0.4247605738954658,0.3168691451832203,0.2354259724864349,1.6673417982037875,47731.09666179181,Baseline
0.5246977354351493,10.2290504165161,0.6884639752297603,0.45006259969428963,0.323204793102433,4.051318771827505,56230.787256518444,Baseline
0.5357286898042148,10.105364522221546,0.5197836372373014,0.4372845723790784,0.3620653084182612,4.840376865734407,55258.40642852461,Baseline
0.497664579149105,7.989756170987254,0.5559508868845583,0.41670881336428744,0.3166324958542779,3.547567351221181,55152.586603129035,Baseline
0.27685475141284327,2.3720850285735797,0.20078692792034247,0.349614767432963,0.2100163470347641,1.5066692773095687,35416.289944869175,Baseline
0.3190955833989639,3.4336520099544243,0.304253888371938,0.4016060358627742,0.22361036387388228,1.8773439000585708,35388.542481007564,Baseline
0.7295893527427756,49.747922499336845,0.8718721649734378,0.5702865943007669,0.4415134921005222,15.956973373155362,63545.18439836835,Baseline
0.5977401251246123,13.990412065966487,0.5687191764086802,0.4540553819799707,0.42285436384932534,6.718941858403735,64213.50996573543,Baseline
0.7143093978901761,31.438177209266595,0.681552637233512,0.49758341190980726,0.489805544499021,12.217066522848885,75029.4576371592,Baseline
0.6652183972071866,24.207307831505172,0.6770359285807226,0.4721461120101491,0.41923922155168863,9.242779600449019,56683.060908173364,Baseline
0.631561685286489,15.459508719685005,0.5838658979997933,0.4600709456027143,0.4353661744899903,6.778653513695169,85922.6943506425,Baseline
0.3091491453525542,2.5729173783985573,0.37810855981462804,0.3238109798512604,0.2263767688250314,1.5756129798955072,42744.94170240815,Baseline
0.6441636101914852,19.67894042908258,0.6860192708052291,0.49486273443193673,0.3890209100729066,6.954327353086422,76712.52292203048,Baseline
0.3074086668470017,3.246217320295017,0.2132880445884534,0.39840626687035996,0.2101798363048808,1.7144239311202814,33511.44605907948,Baseline
0.6827940595286861,30.670445117674173,0.69102187858298,0.5109227415599259,0.4276172012093739,11.001735829696662,57963.70999957771,Baseline
0.5515951411802142,12.185635176318918,0.7201310019062113,0.46049485285801023,0.3467337550531015,4.91260692827341,54961.96145140902,Baseline
0.6657201518130613,22.11677188734609,0.6271293271834488,0.5011174091943599,0.4601613938944398,9.206984375296809,77837.61829067988,Baseline
0.7566198603210953,32.81721997619982,0.686454266243944,0.46578353439614795,0.5099662836655258,12.445325850239696,102386.44300117146,Baseline
0.20976745222589538,1.7438221572197916,0.19983854959582034,0.3673373135427603,0.1660711751772698,1.1857925185476133,24507.317812348025,Baseline
0.590188314300981,12.863090328210745,0.555262493930766,0.4495549576504819,0.4164019611295394,6.173043042440302,68965.2935191744,Baseline
0.7182447363788143,32.54863671803469,0.687478513101791,0.5104003197479385,0.46543471494999983,11.886241659567597,77293.22062117155,Baseline
0.6955537614633117,29.619573087875064,0.6655176135628079,0.5205737076513054,0.4669816899319088,11.050918835924941,76786.37989805527,Baseline
0.4898899791840575,8.485215819089351,0.6612444105863072,0.4242608679055541,0.2942961337188342,3.3965207511425635,48122.12590439425,Baseline
0.5469901350155835,9.068388331803227,0.5184559364186856,0.38402953268351847,0.3741214888598806,4.546043892882842,61210.759834066055,Baseline
0.6757435375273756,19.374658048804395,0.6155240522657691,0.46514002156595163,0.47249760165183624,8.325405491395681,95985.66340470932,Baseline
0.5909978097589719,12.190156756845811,0.6736481653541264,0.4221579589369944,0.3743262286919546,4.9998775539172,72115.41554545614,Baseline
0.5575980381206885,13.120691734170352,0.7452261135359416,0.47435717200556154,0.33557057774263904,4.9873674139279425,53972.63030305882,Baseline
0.6230600065498204,15.54942411306559,0.5862214621697563,0.46178452483109006,0.422398765278947,6.778069915870289,75022.10133123535,Baseline
0.593349061744271,15.71377912865251,0.6951322795539739,0.47571714759480394,0.353669587231552,5.76300380186719,57570.65007099542,Baseline
0.6424674156602688,23.120231997377235,0.8096024566878466,0.5206547259812825,0.38202991868849284,8.02671677204956,61569.49685905292,Baseline
0.7506776197965593,40.576604874494194,0.6894779149852154,0.5387572851183413,0.5017461877943115,13.951497572249421,101610.59786038261,Baseline
0.4889469516904631,5.816730576636624,0.43738487358821,0.3321669349257252,0.37259302533891814,3.6871604050840343,64629.14682320561,Baseline
0.7009624392714155,37.44783811774815,0.6888873584480049,0.5557536814905673,0.4643435852140835,13.125991190881093,68600.73683050275,Baseline
0.3468094634176643,3.9583178706519817,0.3523940118555149,0.40532462771672007,0.23382670011506632,2.010988438973842,38886.29237606174,Baseline
0.6825151760880898,23.698275592940227,0.6346040636812746,0.504911027425153,0.46189188534677766,9.203503278959088,90487.4101177747,Baseline
0.7135537412360762,27.901467806068574,0.7039468709446112,0.5009164652432198,0.467947039847462,10.726054301784078,87262.4546182441,Baseline
0.4956108437806672,6.927738473641504,0.476956696916693,0.3572318371328262,0.35053420930036533,3.865382767203456,51581.672339378965,Baseline
0.5563584008445275,10.939820851014117,0.5366468841627741,0.43885305701012856,0.37078404696590983,5.094753946305785,59655.49270961339,Baseline
0.6468284652293766,18.17940920141796,0.5975785858599639,0.4928553390281781,0.4389591245838906,7.438253177645484,91292.88504086531,Baseline
0.6168353409055914,18.301456063614822,0.6212864193496019,0.48912716102614384,0.375043072650369,6.833142470573129,58980.55714379295,Baseline
0.8179802404828478,63.91561789380592,0.7295202155623917,0.5323331994146842,0.5533149318361409,21.149259458408018,118709.28437224834,Baseline
0.5512438554773462,8.618442626705928,0.5476907112351115,0.36907323890851823,0.36298007855280273,4.096174459942001,68801.40048498017,Baseline
0.5144489087867966,7.095052408941675,0.46513997403401236,0.38021260364432297,0.37593751457508046,4.0099614749602575,71197.46550259521,Baseline
0.471322805515809,6.547004902621783,0.5696907094593177,0.38046731498899655,0.3116308877546656,3.195516646998059,51671.72325907879,Baseline
0.5003306722393769,7.1334953364173215,0.4825023905731215,0.37136316264232394,0.34102632887274653,3.7036019365332535,55378.42361476849,Baseline
0.521202747899633,7.87573779112554,0.4901963364562948,0.3765897219297572,0.36991041827164206,4.289401687310146,58360.6234165816,Baseline
0.5900320204861974,14.728321049368214,0.5804414140840694,0.4627296415634533,0.39768426413398006,6.59855146689654,55994.54084137151,Baseline
0.39310137083347263,4.020252263529388,0.4703731756441402,0.3385749251062364,0.27048478621498967,2.1966124540061513,49460.714315940015,Baseline
0.3096431639323552,2.871131753105438,0.4098002982379616,0.3420373009347755,0.21567887853517975,1.6274506898119285,34706.176321467385,Baseline
0.6922289719810613,29.457315735237426,0.6593647753441247,0.5324016658405929,0.46448480652775787,10.986129411136522,78626.51535646249,Baseline
0.697608783732984,29.055037145420705,0.6639264141806802,0.5151165149539185,0.46552544650768335,10.847686659348444,78534.62322416827,Baseline
0.6099956003473074,19.56310259316245,0.6621687996798776,0.5043793941829374,0.3616146211427099,7.064828908016922,52059.52794761103,Baseline
0.7374799400965921,30.4322653559576,0.6639318087690442,0.49821420469011457,0.5119733016707951,11.770795189721841,109035.93500244521,Baseline
0.3330401952448151,4.402647696809275,0.48454314204584253,0.4404631595243546,0.2165658873863568,2.1212192890571058,29224.869787830576,Baseline
0.7376130292303557,37.80984401078742,0.6939244452716186,0.520658459637869,0.49347977382777397,13.418206138979688,86072.46562367782,Baseline
0.3660393347865063,5.119051657430182,0.481981313179067,0.4632246791278986,0.23096140378663335,2.2505665445476066,38374.55050221853,Baseline
0.7808355099937945,58.94825886766412,0.7536806670093488,0.5103402967594973,0.5136541664829422,19.631007730222983,73419.90786594567,Baseline
0.6430225216925002,15.576679949144975,0.5836031297970736,0.4548948149663105,0.45291775747313695,7.039090250478284,94110.96296356124,Baseline
0.5771659693648679,11.152501045562838,0.5403166734126709,0.43943119513921725,0.3776269349511785,4.932522460944285,76918.17040567269,Baseline
0.8038955459545423,54.89379619098053,0.7259157558952286,0.5076279273127401,0.5604015524306377,19.299296396191227,106505.24247155979,Baseline
0.7355889473579568,32.20081047959884,0.6721517591801031,0.5049016155133992,0.5048394237647411,12.094611588172775,100634.56732794904,Baseline
0.5150846923915359,7.233654311071387,0.49749612019412226,0.3620735468359175,0.3411845133947009,3.5584465496288464,63302.14465478771,Baseline
0.6750794409052476,26.419662985300228,0.6584795176361601,0.5121463931081148,0.43863391880131736,9.938895696992551,67849.42394608562,Baseline
0.4517207707025552,5.203909356822322,0.41634176232502723,0.33981451216452974,0.3315813418297315,3.1516989581129584,54307.19133273275,Baseline
0.629632005376711,15.663877889163304,0.7126193874258353,0.4648049888771996,0.39144688843680453,6.018974526026884,84454.6122958417,Baseline
0.6989855471408765,29.18322360992344,0.6760206244983192,0.4936791178698651,0.47830736581536937,11.639503301631828,68498.78439478652,Baseline
0.6790478736484765,24.855913155495987,0.7804667476567858,0.5053533342957712,0.4249171640134476,8.89296259356937,77748.82682163901,Baseline
0.4835060626154548,9.65015994346595,0.4976042309371174,0.4810711250379754,0.30195715143218,3.822491918389901,48027.96890660762,Baseline
0.6098025661107896,17.8382218012155,0.6997813007995379,0.5028482269692913,0.3669269860381841,6.487029546088989,61916.11067660599,Baseline
0.502875142047038,8.021997773829742,0.6128129205095075,0.4173776837601998,0.30589765008486264,3.286463164381221,61683.025862418785,Baseline
0.6298175485620607,15.756700895541233,0.5964362870147235,0.4489676837498674,0.41849172394288703,6.814935701377163,72420.43939616752,Baseline
0.5902891798428952,15.593434897100387,0.592371909966667,0.4789057856112566,0.381693513987214,6.538667026497109,54410.2122981038,Baseline
0.643131467528653,15.929834947600307,0.6004095844212729,0.4369525069641929,0.43006392136707366,6.878622241713577,79673.26723305056,Baseline
0.6036617986967812,13.096567682637767,0.671582511788829,0.43116734672665885,0.37996094889224,5.399224517485059,71941.9764063691,Baseline
0.29538722693414954,2.733054705391059,0.40059101651956985,0.33011822577276156,0.22303586468452194,1.7769757040040144,29825.46167148483,Baseline
0.5211223922629071,8.581053067968224,0.6303013818543644,0.4212200186043278,0.33676142279196275,3.7420776272448575,67693.51260222666,Baseline
0.5845068164435139,12.00070512327801,0.5428937171345296,0.4469327794001383,0.41347787500568034,5.814134592905534,73986.34984022047,Baseline
0.6997036792497446,23.24546067911413,0.6479570129039219,0.466907332243846,0.4550266424761219,8.820131678436848,94306.2658958945,Baseline
0.5334469615357983,9.76166585056887,0.6874340545336204,0.4320795788374059,0.34366162223096636,4.17166263086155,61995.54741691657,Baseline
0.5724202660341704,11.07532286699107,0.5304379273545168,0.4404476660367426,0.40774439564382653,5.516165098077688,72988.91177038636,Baseline
0.37980624002695723,4.3007204126927485,0.48456356896194613,0.3605672812247524,0.2625956145594837,2.3816850945296406,37852.06947376019,Baseline
0.6311643229599194,15.84480465395704,0.584172337865201,0.46994389955782695,0.43510835845054485,6.936452866742921,84632.22939627721,Baseline
0.3090243887303703,2.9441511380434657,0.14883942369576653,0.3822527354096265,0.22811947344340427,1.7358724716726148,41388.79910569515,Baseline
0.6957137984267874,27.063187158649825,0.6741005902924175,0.4765581211599029,0.4602106034350243,10.598227585126589,68215.37765326904,Baseline
0.7711483797032104,42.787241539172285,0.7114601667447181,0.49597942151423063,0.5333162363691362,15.924838874108888,91474.17536384142,Baseline
0.7191267482923307,34.243263490706994,0.7659126816099815,0.5245821327992339,0.4616490894627109,12.345355050100496,75812.73923025251,Baseline
0.43028282550583336,6.349929919717909,0.5778431251792482,0.4358020986279805,0.2732440491169461,2.8311606926447124,45434.476931467434,Baseline
0.5008082371864446,7.819883929478009,0.48353427105805086,0.39563913326866335,0.35130054218368384,4.209659008388648,50267.91276404281,Baseline
0.6213587896822861,16.69789922337752,0.5992270873461866,0.4730606375242139,0.4079284977443891,6.941182647369861,67421.98557687522,Baseline
0.43442133222921486,4.704502851615963,0.3975522331284082,0.33174913873157197,0.3268562045915616,2.9951986721636406,53447.68682568535,Baseline
0.7445424085069523,30.85714635336215,0.6694225467728947,0.4865604373661164,0.517813486345401,11.916346514001663,111000.59457541099,Baseline
0.4879500139043688,6.6304349242551215,0.4496462706394688,0.3779760829464018,0.3584563710622844,3.8523819019220946,58364.744956656985,Baseline
0.7606573680587162,48.553337943658775,0.706858797992224,0.5548872379610872,0.5077692408394237,16.087563423754737,95299.21214534479,Baseline
0.5579457447725785,9.578753840860475,0.5322010621085003,0.3862931529295249,0.3714356156485295,4.553035505029981,63547.75800172434,Baseline
0.6841159428620549,25.044201135624316,0.6500376007284961,0.4958795135616403,0.4664947690193952,10.079251061606724,75544.80399060601,Baseline
0.6044533568658924,16.939038374976082,0.7939344697786228,0.47214672861262513,0.36145699573688844,6.120598527149275,56997.75873401687,Baseline
0.6216463606044936,15.857842322230798,0.5877502188112326,0.46815200499709586,0.4208153719910907,6.811169671879455,74676.44480215396,Baseline
0.7923476436328605,46.90046640611949,0.711858258902989,0.49598127867971303,0.5300478406135601,16.067171727932024,113465.48369861381,Baseline
0.500073829259121,10.180789402754076,0.6562205837156221,0.4917753814641243,0.2980028385289997,3.794783636726555,54262.87461947465,Baseline
0.6701181172733518,25.789601176801643,0.7117968624500555,0.4956451823740628,0.40940181024182926,9.175057299788742,61496.333629708584,Baseline
0.6235522271162042,16.17864415825164,0.7295301793257406,0.459825059325844,0.37574830899186995,5.842370499245993,75357.32051264812,Baseline
0.5211734392056947,7.6544130558032215,0.6358790150039083,0.3681901142810396,0.33027113166711675,3.361519358213598,67972.56649554001,Baseline
0.5648125654826068,14.79991649861687,0.7691193130588955,0.48475236486605155,0.3539532120352876,5.921550717892053,47877.59486896059,Baseline
0.5634144480078574,10.108325290448942,0.5284817449814276,0.39170372322235203,0.41322065609934094,5.6202028697648165,59460.62366000356,Baseline
0.7144264486204597,30.71160995834742,0.6716363881922757,0.5085384403407739,0.4775482378123738,11.260132705247253,86237.2258852766,Baseline
0.2683080892674015,2.4818442202650943,0.36158325276233344,0.36630556471964587,0.1941318474148044,1.4893674765512652,28709.002213501713,Baseline
0.549174161470572,13.312046284758575,0.694858978118195,0.5070140587209938,0.327463705030472,4.574490167601156,66110.8822774826,Baseline
0.5283373684704115,7.904544513897339,0.4826381306942346,0.38541895210343446,0.3904324229957558,4.498588224014183,66867.76195689003,Baseline
0.6764061462136118,19.862660374703726,0.6346944844687389,0.4631076101093936,0.4488869202613929,8.21891460366924,86357.02236713452,Baseline
0.6757068275452908,20.80238507773623,0.6304782734534544,0.4652084719297834,0.4707667202179209,8.970400491298813,80997.05497940129,Baseline
0.3160221847842918,3.112563991853229,0.4172099154940106,0.3421837992287429,0.22377992285120257,1.8495124202602677,30339.681330142233,Baseline
0.5593800867145882,10.231806256543448,0.5239210347135238,0.4245319143070463,0.39109889925482794,5.126877985507628,66607.60734466909,Baseline
0.7821631275687754,48.287835935313446,0.7054159175649153,0.5319184885598927,0.5306302487645569,16.299505691678156,114152.89944035263,Baseline
0.5901589936312359,16.58076672221701,0.7757321875389226,0.4874357249307774,0.34560910625900865,5.831914750231763,54857.612778382536,Baseline
0.4046828822269845,5.549345273156273,0.5094297025519283,0.40634800507930885,0.2566856992397611,2.5705168624656376,37530.23506277976,Baseline
0.6296017896735275,20.802041665523475,0.6331331507883234,0.4954641141263398,0.4084910862129576,8.29900635193729,55713.422240599655,Baseline
0.5803205415089944,17.421425965736727,0.7996775775183028,0.5208708095507872,0.3349597543575805,5.541873908603111,60585.4546282399,Baseline
0.515663543167676,7.734752840722421,0.577962719438521,0.3862521818781282,0.3323419404945901,3.566868533563221,62861.40848867803,Baseline
0.35453970132233026,3.1755559223112355,0.4166145620248342,0.3137214409538281,0.2516232681548043,1.851003853563073,46899.295991565035,Baseline
0.5924524216454067,13.127984552467113,0.5676240204233309,0.43791277142047036,0.4002599295862808,6.001727168267598,63459.48290764638,Baseline
0.5246431197160627,10.17672600740388,0.5957787076213169,0.4351528303799907,0.3271759276756454,4.416610270049198,46936.42334658049,Baseline
0.6957773831208143,32.91707505922085,0.6946523491437496,0.5113431362113938,0.4463013624737298,11.812300142389294,61551.93472590945,Baseline
0.7659552273252507,48.19253673735322,0.709266520320547,0.5468348315684779,0.504050129220529,16.116140716733636,95512.32663497081,Baseline
0.3737382612892089,4.824977054115988,0.5401569793091403,0.40209358852477034,0.24907406962261064,2.4523628563518645,33410.8676645848,Baseline
0.614498838821141,17.0436872822118,0.6207459676054113,0.45927685636038573,0.39886384248016143,7.2763967368148,53519.22859267587,Baseline
0.3212843804367976,3.004274525794726,0.33004892612432823,0.3633362555290367,0.22101882012401042,1.6350723498933093,42301.282586054884,Baseline
0.6970929366714445,27.007540017670745,0.7652879266564825,0.5184391114713274,0.4290139439759749,9.199691759905143,92749.24670052915,Baseline
0.7613549406051263,45.845514676919514,0.8045553100763604,0.5429085577830065,0.4772380351573264,14.998741138738492,93401.13610198002,Baseline
0.5636988556430041,11.864446365466705,0.6531407078704139,0.4345185975832301,0.35435072072246276,4.995818882084372,55287.238952863714,Baseline
0.6856495232221484,29.204510560077836,0.6632362659304624,0.5271334880353834,0.45838243748579033,10.938796752347079,71863.41851680707,Baseline
0.6329233112202263,15.868812311422658,0.6120907026299448,0.4259535603014429,0.42407301773993106,7.063398430828366,64974.429402530244,Baseline
0.680614574113904,25.934478020139327,0.6597933724234163,0.4976559999461903,0.4330414950203241,9.517245784130571,70673.38822277021,Baseline
0.4883875450607935,5.748943302860523,0.4464333487131477,0.3297919647818872,0.34735726315022164,3.2494789826100603,67031.73873036346,Baseline
0.5904238386507589,15.22252184220708,0.5693394853521212,0.49542669657857585,0.405550508467127,6.680083877732018,64741.39460379329,Baseline
0.6005993184428946,15.222680598337064,0.5849863943221177,0.465383919933268,0.40425444380563197,6.740035544509584,60030.04501648751,Baseline
0.31326716642152747,3.7583072214317435,0.22829948133234898,0.4526796112020901,0.20823836510337773,1.8156065336304188,35423.91328662632,Baseline
0.33346666465618746,3.3535470623467787,0.34599239780012114,0.3778626054572758,0.2362395874081428,1.8813195415466875,41116.707097486615,Baseline
0.6322345929619398,22.829460255019924,0.6471860017389635,0.511228698135646,0.3903347379487305,8.497615852551158,52824.150723797866,Baseline
0.719955046671429,32.3311596001404,0.6756624754826408,0.5141173700483783,0.49018340995820836,12.127854920952553,84837.55918525624,Baseline
0.6026072060549695,18.8991532367554,0.7524288694521073,0.4926080084737973,0.3538195662500846,6.589960881063293,50910.268902746255,Baseline
0.47722955893470226,7.099217763188146,0.5370945022236336,0.4054779474299317,0.3006906153748798,3.1599204286716214,53076.62535148715,Baseline
0.5277147332849798,8.751881354283272,0.5586539583044134,0.4059995334572083,0.3464542846526453,4.04300843975688,60717.35557964913,Baseline
0.322543067855455,3.268687649900081,0.2805206711083381,0.3620231881007693,0.22429910747087095,1.8129470540368844,34184.57603804405,Baseline
0.7714446265421954,52.46024705987181,0.7173546409871844,0.5483913528911939,0.5210980246626187,17.624793005639333,92188.93119630302,Baseline
0.605635778865873,12.38139563239673,0.6061455594919032,0.43136141528999344,0.4016587150956799,5.436285494386928,84238.87968876398,Baseline
0.6675167347828806,24.01211197510153,0.7029944832206452,0.5005571156254967,0.41113369038188996,8.372183898341923,72505.61257156185,Baseline
0.42365303137854143,4.503050542135696,0.3829804308781486,0.32090534647690216,0.3285399110821417,3.0683892396159016,48485.1280980814,Baseline
0.6203759922525689,13.386197707768787,0.5684877847317452,0.4338743898733227,0.4308733391846291,6.10633669574745,88745.24611866532,Baseline
0.29062936698424663,2.6266810014217006,0.3879939561105354,0.33944325685764964,0.20700002111232882,1.5444757109544096,31839.410010179825,Baseline
0.6981977102895099,26.511417199480604,0.6505282182779694,0.5057060355406647,0.4738837044749905,10.1677928156207,89202.10386624199,Baseline
0.7253578532418336,37.98330047189446,0.6960916766752323,0.5286368792749615,0.49168705773911847,13.925247330383383,74777.46126582642,Baseline
0.7062511269825789,22.05503248111831,0.6427557243714849,0.4419397329867799,0.49235922479351346,9.306823168635315,97645.59701058488,Baseline
0.6753955300230127,19.98672333717767,0.6189727000623627,0.47001163337119173,0.4747542760094829,8.655941386064901,90669.22173867011,Baseline
0.44321307960049144,6.057431274859477,0.5121681972162915,0.38800903134907844,0.3008215007193369,3.1431744741025884,43856.04098324012,Baseline
0.6759140374236946,17.897255217898916,0.6182918501836391,0.4250146590925045,0.47248205608754656,7.9548872445987895,90662.15780557893,Baseline
0.5151298747079827,6.731910820233894,0.5012033556671418,0.33873063059666886,0.35989744640049326,3.6226315988308415,67179.92214418862,Baseline
0.23598882790473125,2.1362860851566268,0.22040272793005786,0.3643588038095374,0.1762145528006022,1.3362527835501752,23977.101761036538,Baseline
0.687692150147896,26.422188781305167,0.6444086540146091,0.5226286034362378,0.4667463292261965,10.120889567451337,85947.7190338412,Baseline
0.5931222678782871,15.794946237320874,0.5816852325063617,0.48662832555727215,0.4049403748958254,6.972050092470109,58445.01606582581,Baseline
0.57148389736836,13.489924482876013,0.5632737239363976,0.4579879102708712,0.3984829473228711,6.413346270358691,53102.55039429755,Baseline
0.27177703051131996,2.5224028178528,0.3884137773777284,0.33900818486531725,0.19462353158075804,1.5146822503072506,25763.01236290924,Baseline
0.5493727095572678,10.041807311379277,0.5296578872290575,0.43330429560524236,0.3624209471091759,4.6080719474387735,65069.27009585083,Baseline
0.6474899825521031,15.251386184855718,0.5963209710122639,0.4160133021389791,0.45938255342301343,7.285206849808641,80797.47250739303,Baseline
0.46290914440501457,6.9128662523619315,0.47995469782616107,0.4122898445086331,0.29047597806914954,3.1883549153171606,45514.65187219733,Baseline
0.5251835569858326,11.313191185033748,0.7013666155874443,0.4708073905328947,0.3245401758676152,4.313116972953685,53956.842602571196,Baseline
0.2430677129847838,2.2527091149687393,0.27675743294571864,0.3873428688108783,0.1797838792800373,1.3776678514725207,26343.114778397576,Baseline
0.6999877021423905,28.496903555613084,0.665213188683317,0.5039399783509528,0.4709067951451828,10.908694355767768,77547.63173818143,Baseline
0.5486791322668719,10.240904146248008,0.7041979195159115,0.42538670716280097,0.3512620208914906,4.336769161987706,64515.61945501943,Baseline
0.7943446750329896,63.30250957887202,0.7316108529161416,0.5535270771961617,0.5309840326553961,20.347100624122746,98225.58754856535,Baseline
0.41399789040384577,4.629647002504572,0.44206054204057044,0.33980551491896144,0.2997548891405645,2.735306293615502,45512.634190593846,Baseline
0.5652893978655024,11.587680094591935,0.5470260749271891,0.4435979818368322,0.3759084622084126,5.254139253191079,61497.13471524233,Baseline
0.3222863450779182,3.0939828868767556,0.43604419678998935,0.3463278704653542,0.2245588671187982,1.730031340528386,36312.73689379626,Baseline
0.749726760111715,43.77227574493346,0.7556760838037453,0.5397776762364054,0.4739022558411167,14.114771431482424,89250.39321592647,Baseline
0.37732210009843137,3.6566543409937906,0.3898972962480333,0.2940115047495215,0.28329603348514676,2.390602760559189,39706.12026086268,Baseline
0.26792703818668206,2.3705079208879978,0.2965353343184815,0.35645238153504527,0.19968511918903517,1.4758580364253948,31139.44970022,Baseline
0.5651169405938036,8.102514310906571,0.5056972910797636,0.3389907533415117,0.4148598436688696,4.593633153369752,80807.29649629211,Baseline
0.5469050821512512,10.001737951523024,0.5180514870769913,0.41557192940059934,0.39694039428997535,5.380317707466354,57355.10084066323,Baseline
0.48549258743559603,5.459384153476701,0.42903205193215377,0.3351088248998006,0.3632502626186802,3.3219637212009228,76561.27820337744,Baseline
0.48417469367229693,7.0139200180383705,0.5537431997880755,0.40024044649872176,0.31997099421409014,3.311785809460308,58827.29392784815,Baseline
0.6585121459786721,16.428466979621096,0.6034543352086391,0.4336466414510431,0.4477896199700628,7.069918028481034,92052.37780844455,Baseline
0.5832528812836822,12.508412570920147,0.556205282491529,0.44198758441598374,0.40054823009334406,5.8705729884440725,64112.09691224413,Baseline
0.39562983634931764,5.216054071452962,0.5255589259269986,0.4052691169552551,0.25088592897703654,2.512547994090618,35910.69625780128,Baseline
0.7621933027630496,35.91190215851814,0.691410553906546,0.4877655114191517,0.5071150135917817,13.203293261938198,104765.736755436,Baseline
0.4894057579440628,7.515239524005028,0.5488321420551302,0.43060867434246863,0.30664016901381763,3.2724113160860577,61787.718699491255,Baseline
0.4123404896863121,5.050134857313218,0.5313981709549173,0.3950941911642396,0.27199074533842155,2.4537569129534154,50039.95614503472,Baseline
0.684498608476457,21.359594237204373,0.6241274081183326,0.4819258501855033,0.4699215445856676,8.66896414729883,99239.59272526942,Baseline
0.4686865786074774,5.625794513231252,0.43043627124007733,0.32828386528401104,0.35606942787840784,3.6089969929122288,52563.441485378906,Baseline
0.4405901467201382,6.110663730732915,0.530264104251743,0.40549529819708086,0.2689129317624245,2.6062260147235206,48984.82011188581,Baseline
0.5310949406056876,8.173567937711928,0.4819289837018865,0.41274490988414125,0.3842406341565188,4.395911799707624,75204.75283015397,Baseline
0.5966121933673105,13.351597714274783,0.6943999062421777,0.4535703785919517,0.3799357515105328,5.293471197257332,77101.0361880213,Baseline
0.6206784647926167,19.617265053773437,0.6078563533573721,0.5122933678217684,0.42042019644975787,8.104695030546996,62394.150597663014,Baseline
0.621178902040308,15.529257105265227,0.5765954223540783,0.4794306978431612,0.4318256227398988,6.8384524048136734,83044.68803845221,Baseline
0.649539687386355,17.852696639872565,0.6045467912645862,0.46628995145342267,0.45914518868880405,8.127085127596363,78025.26934011586,Baseline
0.46105118564483233,5.716160297262598,0.4377301809911934,0.3489853372713921,0.32432442098255226,3.2261025834319903,50674.25411606086,Baseline
0.5873981119159187,15.45396725149697,0.7021726259596486,0.47132066915283594,0.3556692127161983,5.768186522945364,54985.132253602795,Baseline
0.5453679019341163,7.683038039475534,0.4927597271203541,0.358876234782088,0.38572976816719473,4.0910293715271395,80467.6141224633,Baseline
0.446003030009488,5.219089009514411,0.4702968243873962,0.33470644752372547,0.2964903114088758,2.7269662127765026,49440.50267130733,Baseline
0.5102198725197903,10.429657072327164,0.7214941319435422,0.44813721937218903,0.3110583386337618,4.317357330928031,41690.932790716135,Baseline
0.532065648993613,9.7639748421393,0.512607453373706,0.42524586247638174,0.3745013405475326,5.007938247448204,53752.50600675114,Baseline
0.43263072602547537,5.3196713731670515,0.5194450823605101,0.3929732100748837,0.28316970350501003,2.552015591017751,57227.79867340182,Baseline
0.6522594589625832,20.40008832360706,0.6309714490006201,0.46982148216835673,0.45153810174657627,8.975171089355555,63820.84183613811,Baseline
0.6028282446325322,12.199991070730652,0.5581421460354408,0.41186383819280714,0.43425864293693506,6.217978459096199,72455.36928250719,Baseline
0.5510394527774878,11.119761680405997,0.6502108392904224,0.449872671560112,0.33988811313777617,4.478290634774755,61293.86919025122,Baseline
0.7151677255383543,29.056426440806426,0.6801733616942294,0.5074549089115435,0.4459380492663525,9.904392476316067,97652.1690498625,Baseline
0.6659509982436896,18.88420210166632,0.6137811586305388,0.4658332846891505,0.45803168627888163,7.9646503967363795,90383.95747936207,Baseline
0.43240513957924825,5.883091900782564,0.5008027907859469,0.40136849347958753,0.2780492517331529,2.842789452684766,43011.942676962266,Baseline
0.7070961221506773,24.30486115007731,0.6452756475286077,0.4754328351471178,0.479659934661358,9.42404426807412,102572.35333237868,Baseline
0.3512949484199797,3.506803102694064,0.40199866393070605,0.3550811411105067,0.22609796205665833,1.7125648447267363,43867.740604447594,Baseline
0.4123333929773403,7.544890647258428,0.41353131786189357,0.4874484746850114,0.25618259932019005,3.0882341138909424,35137.1562142568,Baseline
0.7209791653458812,30.35339543131426,0.6736876740382516,0.496664533479505,0.4679164016023405,10.917783407331893,88986.88179705874,Baseline
0.5566635163642183,12.317338763068447,0.5426283170335874,0.4620622633820397,0.3916190332154016,5.986803542036326,54442.021083218206,Baseline
0.5599383791624457,8.987537807577473,0.5136269280533943,0.3790748768132418,0.4011705251647438,4.825974206280146,70990.44531452417,Baseline
0.7163247435698582,31.796297413850585,0.6737941229679496,0.5272414938768251,0.44565889986890694,10.667658461437064,92832.22980619852,Baseline
0.7689035327270752,47.88510203357069,0.7154362074795528,0.5267339073963477,0.5098891075636443,16.013721626967833,93206.31926586364,Baseline
0.7479251254896869,49.1760966107308,0.8229670052460565,0.5446825649068504,0.47376676689028524,17.01969406564382,67373.62435741999,Baseline
0.6467112290573523,23.98090538973442,0.7473690887750758,0.514409484350563,0.3956445344887932,8.563060459031973,58541.19147374443,Baseline
0.7432278635825217,39.40563280088088,0.7034757531661675,0.5096609012578306,0.5088314327115384,14.471849398308217,80427.01980787396,Baseline
0.7258347928446534,31.37439934958085,0.6631566229715119,0.5214054506162666,0.4901117314521958,11.379639283085837,105033.15468167781,Baseline
0.546178577182185,9.727227394863954,0.585962577175692,0.40755639934500254,0.3577164944578912,4.465189462191347,59492.284499546855,Baseline
0.46649903970896256,6.404269572673719,0.5338978319282512,0.39282130151338956,0.2866142715789529,2.8144773150498756,54943.95232376705,Baseline
0.6690503109716859,23.079569981903582,0.7716560895901482,0.5169988560452339,0.4144405071011393,8.028929280443446,88172.80787822537,Baseline
0.7053732962601436,31.669610361970545,0.6701777584524217,0.5372696783184254,0.43778834961557894,10.673298398228653,84801.4781342638,Baseline
0.5564115062867951,9.299541678291803,0.5466873930024511,0.3774724058432505,0.3667405694840883,4.412819162032562,63078.27609399092,Baseline
0.6651498755637475,16.97046426243678,0.6090826255984108,0.4285922959814338,0.464303885168046,7.54909707376694,90616.78256246564,Baseline
0.26578510047246984,2.2999058093449234,0.3654342654532748,0.3139949208257028,0.19303532013520103,1.422725562862491,26214.194853149296,Baseline
0.31362531455077364,4.1098552073776,0.4432485284651765,0.4503601438151527,0.20255103170762748,1.9414600196773701,27761.79133291414,Baseline
0.7826816582633855,53.33160913095639,0.7129663323903744,0.5471970469501418,0.5225470392616552,17.224099267311566,108711.06351973285,Baseline
0.5827444854848567,14.42106742604422,0.6621241496606,0.4674743214006828,0.3496327425799382,5.467765690118494,56324.009330216315,Baseline
0.50240143938138,7.777547897092092,0.5133512004695202,0.40587766489370364,0.3214171269205542,3.537395264657437,57576.04651526477,Baseline
0.3463317882524169,3.686484937529749,0.4352294710893407,0.38763810912889274,0.23011850398153522,1.8712117736203662,41141.939167341334,Baseline
0.4034908817943426,3.759603452795506,0.45842280935438334,0.29424834226209445,0.2666020145923447,1.9656305375660372,56723.66771447409,Baseline
0.23581453229254518,1.669832561066339,0.08180434707911875,0.31334817812913224,0.18289042065321479,1.118718929993032,36287.005326574385,Baseline
0.5903303775932602,12.955719978296496,0.5969991643894494,0.4362207874988604,0.37753910448570005,5.585189463996376,61657.093547299875,Baseline
0.55759343156479,11.777352572586564,0.7029959240738358,0.4717322364119938,0.3532160995892632,4.73851556643475,68401.38232220372,Baseline
0.4096087470802691,5.618963150264777,0.5291485934637216,0.4341549824503046,0.25460356239849374,2.4240072935645136,47451.74190423664,Baseline
0.2872056258978773,2.487926266538158,0.23487417471635205,0.35429939707651176,0.21573351393752094,1.537850760012718,38937.68948506391,Baseline
0.2874209441622005,2.3485782783434637,0.15794053745820066,0.34633455327122803,0.2163121677381052,1.4668702637379465,43845.908036604065,Baseline
0.5085170756943467,9.33947776807407,0.6506227495198975,0.458692022329543,0.3042994692552855,3.575411884144038,60367.04395568695,Baseline
0.49302359845923455,8.365343141346285,0.48749169565958844,0.4251291800067267,0.33330479754569575,4.1930444023508615,46154.10808236747,Baseline
0.7887673007893041,59.099328772465675,0.7164064361765478,0.5658668491486065,0.5342847215631995,18.910062619181247,111076.47416804847,Baseline
0.2407835662368305,2.063275052808348,0.1984528837738299,0.34254198802007435,0.19026068734541252,1.4108396595301005,26095.970036772593,Baseline
0.5816716721895325,13.151203483886947,0.5577328207628937,0.4551955246254175,0.41041076617513544,6.343459434057035,61110.32660176394,Baseline
0.6237970746509887,17.350067530130378,0.6043840195665493,0.4705487275636821,0.4262162974382962,7.648568537694596,62717.72766301232,Baseline
0.4472176084236513,7.376903823380093,0.6195508418519524,0.450641944963276,0.2795890769991373,3.1972774402541475,42516.18216398067,Baseline
0.5871693619688584,12.013790745221586,0.5617722752179088,0.4237159703962564,0.38645496937973406,5.426027734307486,65918.16512447085,Baseline
0.23180280869959827,2.1691657504699515,0.2700318977312584,0.38293838625074655,0.17835156264761612,1.411319546854351,23522.262705322995,Baseline
0.8143026891975825,64.73191405683701,0.73021500410107,0.5351193422587133,0.561165026572747,21.416746173037467,114174.01541655717,Baseline
0.5643156531680924,12.966747680273038,0.5522238447017068,0.4693065536584425,0.38467887340545853,5.976914962437376,55479.517041877654,Baseline
0.4894929505398884,8.649684424029159,0.5334895666361309,0.42510709764404325,0.29535618692311777,3.683866475243629,41724.14926248973,Baseline
0.5799188178573286,15.094496875416265,0.6936692370183127,0.48137637353714635,0.331266748802519,5.228913927300325,56541.3349164139,Baseline
0.420722788802151,5.7338626330949225,0.5974380788678477,0.3895573253069727,0.2817736188406838,2.8995166124205083,38986.127853238926,Baseline
0.42502593954973256,8.009968353428278,0.3763758017461977,0.48804274984719076,0.2696659030456552,3.3097090404663563,37143.15694686079,Baseline
0.43207936500763683,7.3302157758794335,0.6208938799734383,0.4471952659289885,0.2612862249969807,3.042367643826566,35903.284757392394,Baseline
0.23244793119431445,1.8206095092840464,0.16376264899530757,0.34461689741248674,0.1809853868233672,1.2043753717208465,31192.42225019866,Baseline
0.6566615729772987,18.300884419329993,0.624540811795828,0.43851207070174647,0.4477642005036212,8.122063470559812,69415.84463473395,Baseline
0.3968671539832755,4.470704367753764,0.5104989004587888,0.3666921089378195,0.26625845086893213,2.286349370643833,46879.682720991965,Baseline
0.7474982470145753,34.72906247616226,0.6852005335660043,0.4970147216232771,0.48002616476776705,11.908277995715828,103374.99141089039,Baseline
0.7173524398605771,28.43422786826051,0.785887721622453,0.5035386502210945,0.46797250490234416,10.635745652389012,92924.51780947886,Baseline
0.6280296907430627,16.247442411180415,0.6017689722207599,0.4506906802922829,0.4203451214919195,7.06027071531327,67268.91043815915,Baseline
0.5137405467917822,10.670893236143362,0.7046682580537332,0.4685259320543762,0.31229156536408487,4.180780701671753,48844.14925735933,Baseline
0.6305396277866376,16.504983246073603,0.5986712401234556,0.4531042577514703,0.4461211497250978,7.747383160875689,67279.9347333341,Baseline
0.1519262608133242,1.0603029901979886,0.13227276261241167,0.300135748551573,0.13399044357692638,0.8572370235149679,17725.08599370897,Baseline
0.5224709910685895,7.651203066518045,0.4758715322735314,0.390048164917083,0.3839714001923387,4.309517859002096,69262.26235558587,Baseline
0.3558895416388057,3.298147297473286,0.4366071969726129,0.33002633099228523,0.24929441070336042,1.8612404409930394,47280.033167887064,Baseline
0.6683881463468827,24.388534956761887,0.6548505536676835,0.4908369110004167,0.4369958214519306,9.513829460635293,64209.723877218814,Baseline
0.48181078778771075,6.758678708148996,0.45353013307743656,0.37752675022710563,0.35114335450291684,3.9375706580887098,50636.19126941038,Baseline
0.5809641930944186,15.530214903088085,0.5904135455346056,0.482715782355206,0.36588364960241737,6.327267543514822,50644.74685538867,Baseline
0.5353622949207091,10.641781004605003,0.6254333453571068,0.4502081420082367,0.32778375457358366,4.08923374072622,61475.62788829851,Baseline
0.4220157336809618,6.33977110812494,0.6071717319999271,0.4103787881964395,0.2688290084157577,2.880365351680789,36686.0821421671,Baseline
0.44748645511403623,7.486310524651434,0.5687591399351606,0.4387514995024694,0.27201108529908347,3.097009374644505,40166.89911829928,Baseline
0.26773091547859307,2.3573171133657684,0.3716996764953651,0.33219859864502294,0.19819204386878966,1.4750427087511278,28044.48209083474,Baseline
0.5570738058138016,14.322655918718295,0.7763553107198892,0.4760195676676455,0.33068464713532936,5.165153632665946,48431.9567153755,Baseline
0.37189499931034903,5.413212748065361,0.5318260937959912,0.453085301086177,0.23478160231769266,2.4104263485730075,34122.09542888099,Baseline
0.5261737087235985,8.04945899182602,0.5060529576069068,0.4046415998827939,0.34024990247556286,3.7015945367187713,71582.08401090889,Baseline
0.35627002811991815,5.053513318661881,0.48086223794537325,0.4522089929224916,0.22772204849293348,2.292800048896321,32453.074588631775,Baseline
0.7284120832796972,37.692960258593395,0.6925641250117994,0.5283127918971284,0.49716209318788984,13.80586472882272,79069.47878811917,Baseline
0.46117585497627733,6.273694224091304,0.5273477628715117,0.36906786099210676,0.3017942542554147,3.059510393100037,47358.84999542219,Baseline
0.44461219918045686,4.868310311164525,0.41541788783530925,0.30730081797468,0.3344992038492772,3.131021938655381,50014.50867444609,Baseline
0.5436315279823919,13.374416064060467,0.6847453124607594,0.47853229777456907,0.3157563800733749,4.826235821799006,46495.98382173086,Baseline
0.5200501269153711,10.820210601908189,0.6896551434737705,0.4705898331406883,0.3055791700473267,3.9415024919589445,54559.284221423324,Baseline
0.5802020791392731,9.302344370934986,0.6161465903434842,0.35821024506611193,0.38115745263754375,4.358625406015996,79410.13462768595,Baseline
0.5859607330297805,14.022767831463344,0.563500701628489,0.47495236035872934,0.4024603932896737,6.369507729044719,63076.500092803566,Baseline
0.3351079582360674,3.1363065307267206,0.17237906210288567,0.3618445352267866,0.24353772743182617,1.8121819657123401,48019.44521900909,Baseline
0.6138521857598963,13.630018876546512,0.5672338951588088,0.45051562914514187,0.4144628877323566,6.0128708748671995,84328.48251565412,Baseline
0.6189919608358759,20.07808215952661,0.619705026974949,0.5073765111108417,0.40602605954101967,8.16434146888191,55604.36759469989,Baseline
0.6953894998322053,29.03967212449359,0.6794264954255522,0.4895851732093746,0.47564997610446885,11.747969995089296,64324.10489409174,Baseline
0.6004423643606693,15.926511681163968,0.5935182339475538,0.46889451800833964,0.4001012825202552,6.888654704792459,56568.741548771286,Baseline
0.6172510685198284,18.64603545704997,0.6950313082638384,0.4898431667953915,0.3567980761603811,6.032635567640324,66618.3381625067,Baseline
0.5862942187860305,10.84723313839709,0.5447597668904948,0.3904006397389997,0.423248027171548,5.807562216371127,66582.87285099874,Baseline
0.7078716866836047,25.274590658154036,0.6529563253279975,0.47545930118328716,0.48537481890278245,10.094885777707663,91666.95442745462,Baseline
0.46809189675399876,6.740116513766839,0.520013954553262,0.36999411629940665,0.31414011307317474,3.418979132705228,43619.53450005764,Baseline
0.6267893198983594,20.23038724937369,0.8156140649638873,0.49668470892890276,0.39232265887761575,7.711240739037849,56680.44708812042,Baseline
0.2895232221346491,2.7156257642718393,0.2888717253324486,0.36724429856759744,0.2151829979036172,1.6741499033908183,33192.864049669384,Baseline
0.6627293005234081,16.440381111625985,0.5987496445460893,0.438127968357736,0.4670400379582979,7.476094471240949,97066.41603697257,Baseline
0.6499833875510492,20.200489909725306,0.6181779210365316,0.49150920607249765,0.44632783886051397,8.449320980206178,73667.54887747177,Baseline
0.4678179851015897,6.578552699052403,0.5716755398170462,0.3816358005100261,0.2898782799236076,2.9371403020929336,49306.74941799736,Baseline
0.555101438304909,10.512931847568678,0.5308218663688928,0.4189993495993358,0.38909215087684634,5.293302634714054,58246.341363666645,Baseline
0.6460778636696095,20.441822948247665,0.6855744755677546,0.4748284626893396,0.4053777909202692,7.800705785156105,62339.86783476718,Baseline
0.37300210211987384,4.680907575673453,0.3973608505118958,0.4441253625134412,0.2441263459177973,2.1800173828805907,47722.4521138575,Baseline
0.34830034470840465,3.4354825456548617,0.3944020161283536,0.3458748182986139,0.24382982376217827,1.9229677707196355,41108.44973906048,Baseline
0.5686065684917287,9.159315079841212,0.5148609501421297,0.385365081178705,0.41059265156452873,4.842032562417837,81471.86221336998,Baseline
0.5552400013165675,10.051158208594316,0.5355850482081282,0.3876635656783077,0.3913493601287327,5.277093277207368,54144.85755484868,Baseline
0.3603708824603229,3.455698044836543,0.43062293245764216,0.32894690602623755,0.23932022436684133,1.8562085683518603,42029.209628360164,Baseline
0.5444315718654563,8.977022815171596,0.510778932884946,0.40251742498801396,0.37908487550530195,4.53783746602641,67244.2640752936,Baseline
0.7463728195697183,41.284440671933105,0.787167513665454,0.5302888854170958,0.4642462397458625,14.069868584535751,81500.43001738368,Baseline
0.7047725737088788,29.438874093814636,0.6963983188149009,0.4679901932485084,0.4615921401675551,11.45096191383161,62784.85503467833,Baseline
0.6233474625097425,17.60623512719675,0.6193725895316636,0.4693764836209657,0.4033342768984141,7.341017829749321,58723.48099490124,Baseline
0.4678437013784614,6.086855608143182,0.49840840567633204,0.3609487511543333,0.31667913015254123,3.258594068802264,49279.35329501517,Baseline
0.2590473281281246,2.326171085229689,0.3437176904354016,0.35497842062925183,0.19301801571629618,1.4636263401397172,27581.33922908773,Baseline
0.39003393105826045,4.7171554464716285,0.38382188348989615,0.41994209483988765,0.257481949111466,2.246265322212291,51835.856338679245,Baseline
0.46514728399144617,8.293967421755005,0.5467731305763053,0.46625652099962367,0.29451232539121275,3.3862151907642537,49858.89100258026,Baseline
0.46256588774251767,6.642366202093435,0.47848748393921864,0.3886750089310544,0.3062486497960128,3.275665554081717,45748.764310159604,Baseline
0.38598558513075903,4.071375662226665,0.4556952878904008,0.3650007049686063,0.2710579329687642,2.2708715957045857,49165.6456712068,Baseline
0.45558477594846114,6.283719167955629,0.5621798492228322,0.4193607042780744,0.2962862629180078,2.8522033795983948,61850.7600481415,Baseline
0.6851508984366947,24.075830097490453,0.6295893773659491,0.5178185488420795,0.46812075539666165,9.373039575059037,97584.50087745664,Baseline
0.3874792840004874,5.123022178782195,0.5532677051491417,0.40404017144276183,0.2608593652810973,2.5841273395447466,36188.3984294294,Baseline
0.467721948797535,6.625584717976229,0.49493022563583844,0.3913661627958943,0.31809600077789246,3.45072395446481,48145.47771657484,Baseline
0.4381074359610887,4.845280325789362,0.40925616553353544,0.342878526158386,0.31548325303273234,2.8035171520310667,56913.29067233036,Baseline
0.49709790132769505,6.97246212508131,0.45807126515064334,0.38319145789357484,0.36553886166459587,4.015735828809207,59823.14530278621,Baseline
0.7834871136532807,50.16772094892842,0.736567127242579,0.5288097459568463,0.5010341842557493,16.639095363261056,101135.97765792787,Baseline
0.5840649773047781,12.18833432070942,0.5511135925987094,0.43367329231662377,0.4148362800301929,6.05412503347252,65028.966327142276,Baseline
0.6483875125025185,27.258726417565715,0.8878111614502139,0.5504596777025476,0.3864395882685505,8.616674048676215,65459.842476060134,Baseline
0.6787831597108114,29.24046609843813,0.6622850616987204,0.5324429951321747,0.4545183051583809,10.931355407145979,68772.83095378347,Baseline
0.6634911780731456,18.819128390670972,0.6180828368605845,0.4615685237001899,0.43883808223651555,7.625431333501167,85839.98577544655,P1 Skill upgrading
0.6003236367023963,16.09784908848657,0.5807170083773171,0.4932955863553944,0.41187179731927703,7.070488627211892,63367.89551830017,P1 Skill upgrading
0.7040550476518699,34.28073022366917,0.6866321694950143,0.5338880572846807,0.44700785672871746,11.951426968260014,70106.60017864569,P1 Skill upgrading
0.6815041541495045,27.3240320987065,0.657185121600909,0.51808272977003,0.44766579214059915,10.156036286190297,73104.87235433809,P1 Skill upgrading
0.670808479478484,25.41783193615253,0.6680925410657912,0.4970668738293313,0.42456873242312726,9.349928790255243,64489.11884950969,P1 Skill upgrading
0.34238686425095416,4.210078463292524,0.4756924632072908,0.4228675460467565,0.22348053628195827,2.03638724081113,33970.29662166825,P1 Skill upgrading
0.706751737344282,23.3002622393929,0.6431006028637427,0.464971362184572,0.4906204608995116,9.687766956669677,97773.86781541164,P1 Skill upgrading
0.49512407574448075,6.567609744802099,0.5899358942675348,0.3713532256669968,0.3381295876254074,3.335571838623999,66977.66029890242,P1 Skill upgrading
0.23046748788721544,2.0798092787972737,0.23005775727709776,0.3677511717427278,0.17382521181321736,1.3122371360339586,23678.860391457834,P1 Skill upgrading
0.31139097934439974,3.6517877297770327,0.2885832908793286,0.42551230663916595,0.2130066603812504,1.8858875844493201,31282.706342294587,P1 Skill upgrading
0.6333191989344077,15.47939476449188,0.5989351837515802,0.44498451399734873,0.4030584360422661,6.148229219686282,82251.0359613168,P1 Skill upgrading
0.5018243295714474,6.903983931172362,0.46402075889624295,0.3787542863390702,0.3529943671124634,3.71940708406861,64040.48435725177,P1 Skill upgrading
0.3257458343503265,3.36557238841472,0.4063103764312154,0.38595597064003423,0.22127754214388393,1.7629737605609332,38136.28902147265,P1 Skill upgrading
0.2528500734305072,2.2050932386262216,0.3520065505681786,0.33170548380855325,0.18674572910732207,1.3990758048460803,25078.318549554846,P1 Skill upgrading
0.6386725323447248,22.681388364703412,0.6579145042650532,0.5090967866337103,0.3847804022896614,7.98601490991435,58486.52664434993,P1 Skill upgrading
0.46113247998092977,9.14306539376746,0.6783646118070249,0.4725320535161388,0.2703180280731939,3.4568851794724624,37996.20193815018,P1 Skill upgrading
0.48829217781961926,7.055602723797612,0.4695261955823719,0.3672764034294571,0.3494169169819289,4.033496668484535,47114.31297689531,P1 Skill upgrading
0.5124657538328289,11.146554562931943,0.6639470233898294,0.5012962365801809,0.2975877755458709,3.839162454740388,59076.2713029309,P1 Skill upgrading
0.14851114951563946,1.0321462145385918,0.05892472881470004,0.3123152031617998,0.13365718878330007,0.853618381707921,18288.16425459704,P1 Skill upgrading
0.5321720418083262,9.318546907506866,0.5014693063508944,0.42174166106994904,0.38653419451499643,5.055027393668831,57584.003916480746,P1 Skill upgrading
0.47089294562955286,6.959691774854912,0.5998378647651773,0.40679352651416534,0.2917868352818805,2.9993521591515884,53290.34608521237,P1 Skill upgrading
0.6050164024089075,17.364370372786496,0.5998412294803406,0.4860016881510683,0.41240258793077833,7.541496146080823,56396.91395818778,P1 Skill upgrading
0.7030819715599917,30.71783978170808,0.6822304831826869,0.5173269141000645,0.44516611296081277,11.172468925360345,72189.13979315551,P1 Skill upgrading
0.6354236787493185,16.81437507941773,0.5906594664505699,0.48026987496661716,0.43244313773987203,7.178722849678649,83112.4740142643,P1 Skill upgrading
0.5171843019953407,7.086228533293073,0.4876017284266652,0.36588452716063175,0.34026717056665734,3.4543985311752867,70240.5600241119,P1 Skill upgrading
0.3265084910507628,3.5038062606193345,0.24432892020380773,0.42581184977634134,0.22173769756399084,1.763826667224009,44988.53710349584,P1 Skill upgrading
0.7317579600219647,34.72690661199394,0.6830009328226755,0.5139449029949873,0.5012404093789726,12.881941543704942,87927.32043370442,P1 Skill upgrading
0.46473475803054104,5.115926435802565,0.4477787258746091,0.31364968374345714,0.33284385035212133,2.941026518337849,62173.38232157792,P1 Skill upgrading
0.4607887314459395,6.83622724738941,0.5805880789264739,0.4178854980888555,0.28692692811983483,2.9373755956367615,52610.606504884345,P1 Skill upgrading
0.6617965519971778,20.96173161116834,0.7790266851278933,0.4946771418126018,0.4136123252033781,7.60182118947411,84090.5022823288,P1 Skill upgrading
0.6897553846307531,22.767480845519188,0.6425858811836452,0.47005541055335837,0.46210548383123823,8.947382499749388,88108.7973423071,P1 Skill upgrading
0.5751418238616386,14.860637803954992,0.7414638396060949,0.48513994012314776,0.3628248066736898,6.035315547906835,52018.37204784649,P1 Skill upgrading
0.34772669769936243,3.5471707143978355,0.4574611885036238,0.34448073295346665,0.24914096348973666,2.0812728918915213,36540.55432733679,P1 Skill upgrading
0.41002555620720155,4.757603235455033,0.5350953525896035,0.3635852163244399,0.2739277675906345,2.4021496451081554,47663.21252269384,P1 Skill upgrading
0.5421408872582912,9.973959852941391,0.6345336482721716,0.40712469037350185,0.35381260915768975,4.56355627142392,53666.49136465792,P1 Skill upgrading
0.4016006451692505,6.276097394678049,0.5342920299239223,0.44829906067985503,0.2590489595606448,2.8212743595878327,36072.94108156028,P1 Skill upgrading
0.69620103126521,26.708702103037187,0.7460367760343682,0.494712623028574,0.43779294658222373,9.858089025226102,75275.44542224813,P1 Skill upgrading
0.4935607480343049,9.628035217957759,0.6107192270375382,0.46793744023566314,0.3084483290075013,3.860449632915946,49823.46622835287,P1 Skill upgrading
0.6722067458976103,25.167785537049483,0.6516345070008369,0.5014557758393071,0.45487780924455806,9.961961687017308,68506.78405390539,P1 Skill upgrading
0.35054203773710224,3.879063995006488,0.4498483976296773,0.37078494471188717,0.24033464258398599,2.1010593262612742,34843.49252447358,P1 Skill upgrading
0.5015807460991419,6.350234785003521,0.4474732506269937,0.36179787733913626,0.37731313369317787,3.8321740740302643,71985.9502920433,P1 Skill upgrading
0.3424259984952794,4.91281579885162,0.45766913340994314,0.45438625582470554,0.21641112229604176,2.1786430715105323,29634.47051915649,P1 Skill upgrading
0.21496342069090815,1.7829534448001765,0.20818609352621759,0.34471367191610486,0.1668007423927551,1.197938697225183,22960.894413837348,P1 Skill upgrading
0.5022437385347785,7.354303562328689,0.6179050863645413,0.38405786465906033,0.31408739972940036,3.2375002849030334,61034.01407076683,P1 Skill upgrading
0.17623472821495134,1.2264570591982962,0.037090842734682945,0.3169228375329082,0.15517541298816642,0.9810411878745499,23857.571914190215,P1 Skill upgrading
0.5436424214634784,9.604396439837291,0.5410174463694025,0.42461301562549114,0.35245501370775284,4.3112036849895565,65109.07010058533,P1 Skill upgrading
0.5005955064595456,7.478830738293748,0.4728309609305916,0.37741408449629865,0.3695602376788432,4.381159355741406,51144.04178102967,P1 Skill upgrading
0.2517998875787825,2.3147690325582517,0.1608301791598161,0.37432197179506266,0.19347854988659083,1.4800628180385509,27958.216556492498,P1 Skill upgrading
0.5240525978837731,7.842224036897189,0.4856175211941689,0.38667252958915804,0.37279001244780324,4.231909228700513,64747.007685191915,P1 Skill upgrading
0.463940160048305,5.58070133870437,0.43729843224713666,0.3515257671264204,0.332728035182009,3.22684297645331,56653.541461346205,P1 Skill upgrading
0.5260520088022974,8.15149969542345,0.5829129895484847,0.407314131037213,0.345028670331543,3.7408394741861564,72641.8495704311,P1 Skill upgrading
0.550412689376826,9.257768719226831,0.5149108484084918,0.39357986959167773,0.39386379883151196,4.917089245178929,63914.94323113865,P1 Skill upgrading
0.49304910921527745,8.336452826164622,0.4876338951568135,0.4270571999450719,0.33480934042951344,4.210837738111157,46695.03326491684,P1 Skill upgrading
0.6950522117307661,23.32236916398965,0.647007148468401,0.46890709290870264,0.46636135904915743,9.430366600754619,84436.26639517337,P1 Skill upgrading
0.5139359121273528,6.55182872724856,0.462511207911507,0.3395367641872669,0.3869318655051358,3.99609661558055,69237.84763383723,P1 Skill upgrading
0.47484474074393623,6.100293928948356,0.572707731024788,0.36926690222137537,0.32278365869750014,3.032027705612049,64447.344347732665,P1 Skill upgrading
0.5039202428811864,8.158681779644251,0.4856170142470915,0.40258109148201454,0.3568829968480564,4.380335665371515,50096.825243242594,P1 Skill upgrading
0.5771668807306788,9.503631527097756,0.5273224461003164,0.364620462167005,0.42259734065713644,5.284668643682452,71363.77267003621,P1 Skill upgrading
0.6325098866272876,16.2901006426389,0.6088964213486239,0.46052086577474277,0.4037247528869974,6.496174989326545,77229.17929023795,P1 Skill upgrading
0.4635845643483066,5.863158957239759,0.49112272068821233,0.3710001894562547,0.3141720145819297,2.967278292352177,59384.21995804618,P1 Skill upgrading
0.2034720443129076,1.4342903014819646,0.11716479071242807,0.29185596387539137,0.1751443650930264,1.125136231383351,26055.58825180131,P1 Skill upgrading
0.6014079814402267,23.244558183562294,0.8048935134539147,0.5443222416554633,0.34324194146564874,7.581086475617664,46379.629320421016,P1 Skill upgrading
0.6865219884368599,30.05005424780232,0.8211982944808642,0.5079732376365454,0.4163293473149048,10.445942664835853,60884.9254749585,P1 Skill upgrading
0.6932758534825278,31.392700064302097,0.7185985022922479,0.5053216181838265,0.4291431423544869,10.98562025201175,61406.72130446978,P1 Skill upgrading
0.35897771985697446,4.772168425872225,0.5399008300318718,0.4157622563374219,0.2248048545590463,2.194549891966656,30537.231939942263,P1 Skill upgrading
0.37379294970645266,4.9152290418414095,0.4633396554875507,0.4349346263838665,0.2354569082226496,2.2105595222402488,39432.94429749238,P1 Skill upgrading
0.49328464826928003,7.598493646015335,0.4887720754593606,0.3818255449875098,0.34214459917240375,4.065918491912377,46009.275353895246,P1 Skill upgrading
0.4305583058913431,4.971935892070451,0.4365180367733351,0.33536880952938214,0.30993826831564836,2.9468085293316655,45397.26665705339,P1 Skill upgrading
0.3366011850537821,2.9814057770975557,0.317515950462873,0.32921819833781457,0.22513054539209584,1.576719050009352,46761.00109752643,P1 Skill upgrading
0.5401856660607357,7.885167914986945,0.489480269348456,0.38375647842282906,0.3827470333505128,4.181607298193546,79050.18983701085,P1 Skill upgrading
0.8004651882484355,58.53141849967845,0.7372376021962652,0.5104733164952956,0.5550376648320479,20.325812238560985,93822.36093336588,P1 Skill upgrading
0.6695933517725973,20.830655155375947,0.650610046907201,0.48620754720142184,0.42034750501342805,7.686082351528757,87652.25624859422,P1 Skill upgrading
0.6974053036313851,25.106324430181093,0.7236890276836787,0.47986387211549403,0.44591548990772506,9.572155039490276,78759.89859279984,P1 Skill upgrading
0.33275069803869783,3.071817134962002,0.4184729495182171,0.31874386881398736,0.2406912136543346,1.8785414668455291,36590.94263575969,P1 Skill upgrading
0.5374613271230695,9.995366836630811,0.5344673481877197,0.43656008606873536,0.33833035539260903,4.346323095447697,57673.42561598596,P1 Skill upgrading
0.6739959938308464,21.64265793443389,0.6342189120177154,0.47563995095781547,0.46116879467983907,8.95144149500886,79239.59901665896,P1 Skill upgrading
0.7438622474968444,38.866910353975626,0.701130543043261,0.5190779387247321,0.4882706376324962,13.675203325816607,85775.38241106221,P1 Skill upgrading
0.3463913566699805,3.046403220019876,0.4222433389944223,0.31546963118471644,0.23363714380793965,1.6441055783625993,47345.701576310035,P1 Skill upgrading
0.5176968872294901,9.874964776607541,0.6841703878227083,0.44771771477034095,0.3189614825794119,3.920419279107235,55460.06455317915,P1 Skill upgrading
0.5334000284076392,9.962936599568685,0.517910492662079,0.43562495333498047,0.35997405675644495,4.774070985184808,54942.837593948774,P1 Skill upgrading
0.49335990341623215,7.821705123592157,0.5553394572169081,0.4149962026234934,0.3135705841673892,3.4726525654118894,54606.79079725598,P1 Skill upgrading
0.2732570119378008,2.3139553638733217,0.19460039821443156,0.3470576361777599,0.2082085117121561,1.4820221697363938,35088.785092202656,P1 Skill upgrading
0.3120353585519404,3.280472230406367,0.28734025785883666,0.3979565910361651,0.22050781807861455,1.8240412930028234,34861.03299063488,P1 Skill upgrading
0.7233547176261769,47.95646380100526,0.877776848384536,0.5684064628665711,0.4355561865547899,15.246873925390878,62688.384646938706,P1 Skill upgrading
0.5955893749753258,13.78325647071434,0.5665593791996681,0.45250389682476233,0.4215865463291734,6.643658377355559,64015.888129406594,P1 Skill upgrading
0.7118306871336194,30.809754024398813,0.6794580239941098,0.4960754295468169,0.4879621975726961,12.015148147299994,74746.18839898943,P1 Skill upgrading
0.6612056136051703,23.623338260860788,0.675667048794928,0.4701217614174814,0.4152028596594458,9.000144269006679,56142.11496218549,P1 Skill upgrading
0.6294256101708946,15.224242126175348,0.5818420786242665,0.4585485137016136,0.4341102021988958,6.701421661394349,85665.00113347743,P1 Skill upgrading
0.3060310358014712,2.525502449143043,0.373820066062762,0.322101897952564,0.2246090887843634,1.5532316483459643,42388.882336495975,P1 Skill upgrading
0.6394821512517661,19.199968697812817,0.6873743715420898,0.4929694648082173,0.3850087578996501,6.761783666229969,75917.71514540815,P1 Skill upgrading
0.3019167134106752,3.1271670193263588,0.203505154955622,0.3952606928737503,0.2078770280819093,1.6754838495140552,33116.35133159661,P1 Skill upgrading
0.6794120714080124,29.9773091306162,0.6891652960211859,0.5091678242526145,0.42423370163920154,10.745953684728883,57510.289843632,P1 Skill upgrading
0.543770748088617,11.711089216568505,0.7175056990383123,0.45801878711198185,0.34164477022906,4.73017964727753,54130.890983033365,P1 Skill upgrading
0.6631723585440324,21.69317333703354,0.62475327133416,0.4994826486745745,0.4586517389840498,9.0718378531025,77573.15822607337,P1 Skill upgrading
0.7542125609112184,32.18359776201276,0.6849512087699309,0.4639839139404855,0.5073393508438809,12.211965393842751,101881.48467478741,P1 Skill upgrading
0.2067733769778054,1.701481394787806,0.19325745359462287,0.36482194830560766,0.1646102924159283,1.1672611818954515,24278.36456849849,P1 Skill upgrading
0.5882432136257176,12.690218190667448,0.5532876750827616,0.448099570617727,0.4153298682320756,6.11219576197188,68780.49266572593,P1 Skill upgrading
0.7148453996319852,31.796755607848436,0.6860141814512529,0.5084341492742493,0.461588775123062,11.590352455421257,76669.9626663883,P1 Skill upgrading
0.6928994428725014,28.991071268939407,0.6631353656826772,0.519057470186727,0.46539711465313455,10.86783317657497,76517.24986189484,P1 Skill upgrading
0.4841399101890822,8.224268849644162,0.6555464502559771,0.4220897456462439,0.291142987557514,3.3083997030682486,47586.243824650024,P1 Skill upgrading
0.5449904752001007,8.96294814774022,0.516931358398756,0.3825539009743076,0.3722674182309214,4.492830612421111,60912.26786474863,P1 Skill upgrading
0.673354231743597,19.031884257364396,0.6134314955041942,0.4634256995775846,0.4708183658055458,8.20839673989029,95639.95090243516,P1 Skill upgrading
0.584844991235136,11.814315902032721,0.6739949869694655,0.41976962815820223,0.3698205038433398,4.84401723239241,71224.1761941358,P1 Skill upgrading
0.550297751194338,12.62430075896983,0.7406061359895475,0.47182765508517416,0.331002010445589,4.808500264630263,53216.37911629323,P1 Skill upgrading
0.620891505690851,15.325144055676711,0.584401460782048,0.460305366249738,0.4205590292112523,6.691230140658324,74700.63904171716,P1 Skill upgrading
0.5876137022166584,15.26270138560148,0.6961589468982328,0.47363379901422237,0.3493540924693628,5.583944266971255,56857.84135268026,P1 Skill upgrading
0.6359662361763729,22.345322009949736,0.8102532262028578,0.5183592290073862,0.3769184979404732,7.7207570031042945,60735.897150132856,P1 Skill upgrading
0.748117582098107,39.66299389874643,0.6875256486609176,0.5371969147826461,0.49969257607976464,13.686268136566904,101198.73581649203,P1 Skill upgrading
0.48769253322486794,5.771855756899571,0.43627518233003376,0.33087569319197735,0.3716592836363268,3.66234965107655,64464.31463706483,P1 Skill upgrading
0.698247146522806,36.60678937607005,0.6864497672193818,0.5543869374139894,0.4627063423890343,12.891377078863874,68353.1402348481,P1 Skill upgrading
0.33936292776672294,3.7751181944255485,0.33651118407250635,0.40156610630588574,0.23062311959633622,1.951617635574444,38311.300273261004,P1 Skill upgrading
0.6802560482237221,23.2824224950436,0.6325726703289671,0.5034575730643283,0.46053949275437656,9.07964499300711,90211.80723977325,P1 Skill upgrading
0.7095015016952847,27.2278146725481,0.7055061560546144,0.498960431181156,0.4638461149876313,10.430936508804175,86505.72613284407,P1 Skill upgrading
0.4931912236080433,6.842124762738243,0.4758416528504041,0.3556568247288214,0.34820576406387344,3.8109635953845764,51240.01599134139,P1 Skill upgrading
0.5536054511643753,10.76065418641717,0.5346028447534346,0.43703688803734125,0.36825630973528667,5.012366017009995,59254.56751928176,P1 Skill upgrading
0.6445621268087722,17.880989885313497,0.5955432385860371,0.49132252752136735,0.43737877382037665,7.341541691982968,90962.54477605362,P1 Skill upgrading
0.6135914347556233,17.956337790712816,0.6197081499787668,0.48740139382454895,0.3718807296786596,6.693262105055528,58491.07936617744,P1 Skill upgrading
0.8156040216373012,62.422896066525695,0.7284249649541971,0.5306008250049709,0.5503868766094671,20.657395395253765,118113.24884329607,P1 Skill upgrading
0.5474902638459079,8.457435224454281,0.5472108915370183,0.3671912369401609,0.3598689594115014,4.0150991770128375,68207.9349999137,P1 Skill upgrading
0.5128027460439024,7.024304516726641,0.46375767181688626,0.3787735666870556,0.3745236941575339,3.972719321064014,70931.63461782433,P1 Skill upgrading
0.46622955145493816,6.384548487076074,0.5678948008345731,0.37851395579898783,0.3081918141690775,3.1202699588789313,51084.91150753897,P1 Skill upgrading
0.497999092648209,7.046512596413292,0.4813533606515294,0.36984671293526705,0.33884043713440165,3.6535151536692254,55025.79252065881,P1 Skill upgrading
0.5191796811373319,7.779629454639344,0.48842744445893777,0.3749892495386874,0.36826689920122646,4.241897545496191,58101.878662389696,P1 Skill upgrading
0.5877523478501168,14.506290911473029,0.5783127094650578,0.46124074073479915,0.39590819132438637,6.513025413012181,55746.15530301081,P1 Skill upgrading
0.3891928219557822,3.9424178294602648,0.4682601385221938,0.33702781026617507,0.26788186273204734,2.1569384264758766,48965.20512083001,P1 Skill upgrading
0.306237677799926,2.8139837725002437,0.40561551216306263,0.3404452794634821,0.21380897484579067,1.6021806731558967,34390.294781324454,P1 Skill upgrading
0.6896298500172199,28.851156106945158,0.6570761812539697,0.5308989202767509,0.46274828028991516,10.805266154017787,78328.261860787,P1 Skill upgrading
0.6948576851738585,28.43381437017738,0.6616389474334736,0.5134744596149774,0.4633349697276941,10.652249823500968,78168.91562109323,P1 Skill upgrading
0.6056172511149446,19.11001748307452,0.6623873525896427,0.502603291796858,0.3577806784216983,6.879917686383402,51508.947586120485,P1 Skill upgrading
0.7349958130991274,29.80515056423568,0.6619763270529662,0.496476081149099,0.5099835520617891,11.568137278858384,108614.92031869612,P1 Skill upgrading
0.32553300848902383,4.207925395560606,0.46892834024749214,0.4375590059993798,0.21313461671473322,2.0538474091899657,28743.444213973435,P1 Skill upgrading
0.734857648820374,36.91448611468401,0.6916842878990794,0.5190663036725355,0.49155470282639707,13.157936585988883,85732.38859042672,P1 Skill upgrading
0.3587815041503664,4.895846862926651,0.467848224807096,0.4601866171169395,0.22784396035811216,2.1833754691835128,37818.19820262128,P1 Skill upgrading
0.7780926003741155,57.52699960286463,0.7522481409466996,0.5087492889779793,0.5105235915282562,19.16210994750328,72982.0400575,P1 Skill upgrading
0.6410970165081018,15.363283916163994,0.5818319121745893,0.4534702762711017,0.4517669857784777,6.966042687454473,93860.5475553745,P1 Skill upgrading
0.5746972837183137,10.99271373488957,0.5387299089377912,0.43780662813984256,0.37517161817467265,4.858397617082469,76433.08588279752,P1 Skill upgrading
0.8017142857096133,53.65925809707629,0.7243679997619845,0.5061074485848805,0.5586805782384507,18.928008239972137,106174.51555431748,P1 Skill upgrading
0.7331394377392119,31.533313449949713,0.6701459081783471,0.5032943723068365,0.5032202743019732,11.89362659539096,100301.00059008141,P1 Skill upgrading
0.51253417312267,7.142152010791968,0.4966298678029635,0.36061220474186934,0.33878796446567017,3.506634592519632,62861.48682641276,P1 Skill upgrading
0.672162213395788,25.885985828533745,0.6564782952418864,0.5104824808936063,0.4358230196306663,9.74617608641557,67422.07854871772,P1 Skill upgrading
0.45031381086499944,5.1620517302279625,0.4153640752030983,0.33853589334578954,0.33024450397040583,3.1246598343020375,54089.45561856892,P1 Skill upgrading
0.6240489454716827,15.216084746003808,0.7126539552656744,0.4624643651792494,0.38709498231806094,5.833246321837883,83496.41325288416,P1 Skill upgrading
0.6965008354922548,28.610710888934268,0.6737899853580988,0.49221378414522154,0.4767234224923135,11.456574224190042,68267.94058834745,P1 Skill upgrading
0.6732846485209043,24.081219994793997,0.7826617857344403,0.5031192001144318,0.4200501664521625,8.581391048205521,76848.67481944196,P1 Skill upgrading
0.4729473759889526,9.047073091347862,0.4699135159331215,0.47715027791155434,0.2970400448752824,3.653297110121763,47202.07948984396,P1 Skill upgrading
0.6038247461013415,17.305259349738634,0.7012146692596745,0.5007905015752403,0.3622152246241726,6.272105862178557,61110.91802298941,P1 Skill upgrading
0.4978482053211493,7.81265135354622,0.6097048362419935,0.41534409007395906,0.30292739870530805,3.210456145454637,61055.878672480976,P1 Skill upgrading
0.6270617025855908,15.477679120244483,0.5943255600764791,0.44717837801157934,0.4159265740914302,6.700745627604681,71987.02499637769,P1 Skill upgrading
0.5873100764209678,15.319568488220888,0.5905140113753234,0.47721447398244565,0.3789062937376818,6.4202742922846365,54016.08642389379,P1 Skill upgrading
0.6405835274612245,15.66777169579096,0.5985134797539796,0.43520631654180497,0.4276373994449788,6.769986174636672,79235.72809900921,P1 Skill upgrading
0.5992463284637127,12.801894296762693,0.6715359720244822,0.42918885576107885,0.37644869493284977,5.269289791772571,71270.19190659483,P1 Skill upgrading
0.2916487934378535,2.6753310462991697,0.3971952237563774,0.32856619939348,0.22061200394546232,1.7445266009989389,29493.38068329521,P1 Skill upgrading
0.515542053198465,8.338851327048527,0.6268944147670754,0.41907453370860753,0.33327892765558986,3.647481012524675,66959.1212888118,P1 Skill upgrading
0.5826222220485288,11.845562914809584,0.5410052058791972,0.44548238480775526,0.4124455213050502,5.75922543089531,73792.59282920988,P1 Skill upgrading
0.6967811198232821,22.800947389730975,0.6464743072918778,0.46497229831914516,0.4517958611777569,8.639930805136016,93660.07056888143,P1 Skill upgrading
0.526534408246883,9.409993104978794,0.6805782980262393,0.42949431412093897,0.33954285801540013,4.042321181740233,61217.68202273274,P1 Skill upgrading
0.5703498778521177,10.920283393499972,0.5283810916170819,0.43882205748527103,0.40648961910633785,5.45819329611803,72757.30300446379,P1 Skill upgrading
0.37441855650752254,4.187102035396066,0.4822092100211762,0.3588140749266016,0.258973454712514,2.322231188352439,37316.3635000373,P1 Skill upgrading
0.6286673041313926,15.570305209171716,0.5819553944616077,0.4682057381126182,0.43324024159093866,6.838175557098341,84268.92466437584,P1 Skill upgrading
0.30401386799112406,2.846098407598603,0.14167616617680076,0.3789291936792955,0.2258128470259113,1.6996298213484087,40930.61172898296,P1 Skill upgrading
0.6927666862604989,26.482771497761565,0.6718930972869183,0.47480015969063605,0.45751807259578037,10.3896902825622,67822.04855604838,P1 Skill upgrading
0.7687710453402081,41.86288724507551,0.7096875332769299,0.4944257153429414,0.5314298385907662,15.629640287468817,91149.5788664683,P1 Skill upgrading
0.7140098079432634,33.21949301155668,0.7694930618460515,0.5225625507030773,0.45670704556556624,11.91682254750552,75002.90758838036,P1 Skill upgrading
0.42388406149618846,6.136583832223024,0.5703755993851919,0.43339390265254546,0.26979157730219033,2.752555853712944,44831.22460252314,P1 Skill upgrading
0.49844000805580696,7.715541615164058,0.48192033147936936,0.39395511009413337,0.349141892278236,4.151833160986607,49959.92492887884,P1 Skill upgrading
0.6187670079288455,16.41424489521988,0.5971603688900387,0.4714323080497599,0.40568956276016965,6.833326935142219,67057.20127704612,P1 Skill upgrading
0.43307713871686404,4.668805984193351,0.3967648450673916,0.33051605637707765,0.3256079103809053,2.970927832470346,53242.66552031613,P1 Skill upgrading
0.7420658829023197,30.199741406828025,0.667402955438695,0.48478883786845584,0.5161700768271889,11.714595837698758,110635.16550080728,P1 Skill upgrading
0.4865992139098631,6.573351937168686,0.448360581100331,0.3766738280897513,0.3574736232523099,3.8242747654691005,58203.338364002906,P1 Skill upgrading
0.7581429253781756,47.42814239595806,0.7049213589911691,0.553496297100646,0.5060453597543015,15.777769621876109,94967.39751947435,P1 Skill upgrading
0.5558514552365463,9.464507080896059,0.5307486575300272,0.3848488147277004,0.36948697431485733,4.497163990391316,63219.91596102466,P1 Skill upgrading
0.6816251841838581,24.567992403921018,0.6478149478050775,0.49433831686060953,0.46487076625208584,9.926264490564868,75276.79737103655,P1 Skill upgrading
0.5973923785300055,16.33015277577146,0.7929120433538651,0.46966142805384714,0.35650123262874805,5.890182288520821,56199.763011710485,P1 Skill upgrading
0.6193169551862007,15.600732748593513,0.5855676435126264,0.46659411867035,0.41918625332639414,6.723112563127051,74387.6125355374,P1 Skill upgrading
0.7899480652886054,45.883368593431356,0.7104923833134792,0.494146004927473,0.5271829760537272,15.726662553252192,112887.02418491081,P1 Skill upgrading
0.4908697811683843,9.663097147973346,0.640791358194064,0.48857315260048373,0.2934605533970463,3.641551064159163,53382.74852328841,P1 Skill upgrading
0.6653301462495906,25.12044892649157,0.713445372649369,0.49362784756003986,0.40483886434225863,8.893854885458733,60813.72498212716,P1 Skill upgrading
0.6172819278520487,15.639398069126024,0.729890143236729,0.45734963721327176,0.37129718861915295,5.645591014133862,74440.40021976575,P1 Skill upgrading
0.514872096728534,7.399545158935042,0.6267401005910784,0.36539006741097263,0.3266999807437511,3.2686654160705935,67193.96616020038,P1 Skill upgrading
0.5567719490075295,14.207139237859657,0.7667367126688365,0.48220471958167505,0.34847754991306373,5.683434554451053,47125.01903486338,P1 Skill upgrading
0.5613715175268712,9.973391879033574,0.5263954045715763,0.3900269470368022,0.4119902371719203,5.562898870032513,59279.50955576487,P1 Skill upgrading
0.7119266444103757,30.083449896355226,0.6695014296642521,0.5070498150860936,0.47595897831736933,11.077168001840127,85942.12906615579,P1 Skill upgrading
0.2639515238034453,2.41200343839763,0.353547647158192,0.36406404145788424,0.1919728259089885,1.459947688029452,28372.454432904324,P1 Skill upgrading
0.5404447929176477,12.640584685159292,0.6766232510035782,0.5042399126506718,0.3231345113796283,4.395485932833869,65175.09714266176,P1 Skill upgrading
0.5267172423316965,7.820516574910459,0.48099066949101693,0.3839225335996774,0.38950040870721775,4.463128100030053,66701.5370686223,P1 Skill upgrading
0.672935303052625,19.434638644898016,0.6335297573145235,0.46110483428430055,0.4455204893251968,8.03695859022798,85719.2257912957,P1 Skill upgrading
0.673015335816996,20.382227093005177,0.6279914707715424,0.463390081728576,0.4691621207733958,8.8321988584502,80710.65722394691,P1 Skill upgrading
0.31222606478367515,3.0494793127250617,0.4148696641980928,0.3407294648476753,0.22122973221684838,1.8141664307933254,29986.611561025828,P1 Skill upgrading
0.557018554441484,10.07978845561229,0.521851393288615,0.4227649308217266,0.3891866345054778,5.059715085737194,66283.66269009371,P1 Skill upgrading
0.7797690817959766,47.172077454251145,0.7036516739021175,0.5303808759129464,0.5289083811676396,15.984708759635929,113772.83936126332,P1 Skill upgrading
0.5833216422984101,15.988067241707386,0.7741873431707184,0.48510987041847603,0.34110951392383154,5.6231967580538385,54126.77010180289,P1 Skill upgrading
0.39998644499025415,5.415778729295976,0.5077644509366921,0.4046470239592431,0.2538460910758695,2.514697060180264,37103.48282006488,P1 Skill upgrading
0.6263825919208612,20.361601673480912,0.6307010387338202,0.4936592234058995,0.4056067722441857,8.133450860438717,55323.32072582931,P1 Skill upgrading
0.571805781119401,16.57104505734093,0.7899246844953027,0.5185550915329239,0.3304554126750259,5.315303159662087,59729.1622279505,P1 Skill upgrading
0.5117873510358094,7.587922392136427,0.5771070002493118,0.3845351197648412,0.3295270200718126,3.498521567360407,62317.58949403757,P1 Skill upgrading
0.3517792863991955,3.12890928621767,0.41484472545167805,0.312401743675369,0.24983296967002105,1.8269737606327907,46551.04871654586,P1 Skill upgrading
0.5902787323156474,12.94870213381663,0.5658363279103943,0.43640228640043793,0.39824503115041054,5.923699889872486,63146.79112998825,P1 Skill upgrading
0.5201217151723019,9.95763288375081,0.5958746324138313,0.43340025734995913,0.3235243187824472,4.310065852200033,46409.94605989436,P1 Skill upgrading
0.6928571377107857,32.1897850718109,0.6923806005917267,0.5098134318831047,0.44372977425628163,11.577630526896893,61201.83533074464,P1 Skill upgrading
0.7631163676306688,47.02869472903304,0.7076019002754104,0.5451150782256075,0.5010184404019175,15.743047360421667,94956.712138645,P1 Skill upgrading
0.3665591803306251,4.647497893904367,0.5332073148997301,0.39961941598961953,0.24496427763312925,2.3745889986632878,32843.673317745,P1 Skill upgrading
0.6106471215624617,16.67001499172657,0.6190014467154288,0.45728295983421585,0.3951583727671605,7.105470973914253,53025.251945720316,P1 Skill upgrading
0.3160897384328043,2.907043473102051,0.3190981479681438,0.3604356888764077,0.21868399609789868,1.600354564009764,41810.67709814338,P1 Skill upgrading
0.6917192787804,26.197140765595552,0.7678128489841415,0.5162838329990432,0.4243809963359256,8.887261782580248,91739.2855996882,P1 Skill upgrading
0.7566848821859259,44.56592996699443,0.809138238928099,0.5407776009155902,0.4721830666457745,14.456884621299027,92421.79509328354,P1 Skill upgrading
0.5585449739919107,11.561792160080639,0.6532070576313632,0.4324964995838918,0.35041752158516926,4.861758409472846,54666.34689318395,P1 Skill upgrading
0.6830039984825029,28.594692745351384,0.6608248649340673,0.5256541825272691,0.45675855135965376,10.759299739214756,71602.89571399929,P1 Skill upgrading
0.6295263964180032,15.551838262088284,0.6102556388936301,0.4239365065009948,0.4208555011559899,6.917720067359724,64485.43587540335,P1 Skill upgrading
0.6778236989056666,25.425143662520814,0.6577993574385678,0.49599967954201385,0.4303079842941521,9.33880373457596,70239.77038833944,P1 Skill upgrading
0.4868884395226706,5.7016071053187005,0.4454710080675913,0.32856019865734687,0.34587818531755776,3.2201940593236733,66751.62084093953,P1 Skill upgrading
0.5881289788862909,14.97425626783705,0.566981493758838,0.49386961519211486,0.40425337390419963,6.599685368016818,64528.03281488168,P1 Skill upgrading
0.5981384201575309,14.971298261897397,0.5826753348907387,0.4638006506044491,0.4024190133174748,6.647009690335234,59758.75294853409,P1 Skill upgrading
0.3063718648608323,3.5799466664031687,0.2154916808313541,0.44887755365784393,0.20557965421346372,1.764646184218208,34928.44214068363,P1 Skill upgrading
0.3277026345215887,3.238053401044554,0.3329529682651978,0.37495022955764423,0.23343466876676047,1.8366847466059448,40590.68158743781,P1 Skill upgrading
0.6287789744461232,22.322376815579396,0.6448608483751611,0.5094213951017525,0.38702116440254963,8.308857027804624,52381.52492860962,P1 Skill upgrading
0.7173713666935835,31.65130865805371,0.6735588993092928,0.51253057129952,0.4881560585405066,11.914938806796458,84487.82869063031,P1 Skill upgrading
0.59604179341175,18.28176095184685,0.7541804291430043,0.49045106873376504,0.34885664533430577,6.3507270200587485,50188.00204500898,P1 Skill upgrading
0.4728953772132466,6.9531084372370655,0.536603256456135,0.40388737218830567,0.2975720606238276,3.0927694976079785,52512.84588225206,P1 Skill upgrading
0.5228961217479634,8.548840762964046,0.5585037674051767,0.4040720217274953,0.34274821064510175,3.945903440672776,60055.51636378068,P1 Skill upgrading
0.31663137934759683,3.1466525234800264,0.2688375040603664,0.3587831150394078,0.22164542508893353,1.7693200173534742,33754.773200701246,P1 Skill upgrading
0.76894847923913,51.24252357177623,0.7155555305409441,0.546950996598441,0.5189338475952415,17.268453148634666,91811.27632096427,P1 Skill upgrading
0.6019559580194863,12.149964120523336,0.6062877250752218,0.4296886663392373,0.39850592952279995,5.326946652240277,83572.06256872,P1 Skill upgrading
0.662511684903702,23.36512926602125,0.7047280787137087,0.49862000030845727,0.40672866955838616,8.117289250234439,71724.96463458703,P1 Skill upgrading
0.42268814051507586,4.475114330880473,0.3821588905074865,0.3196908117675403,0.327811053665847,3.0510884502314912,48375.85861222213,P1 Skill upgrading
0.6183026030641569,13.195516412296644,0.566552673589773,0.4323614092474716,0.42958875332062807,6.040165360858285,88472.31266232,P1 Skill upgrading
0.28739392641346234,2.5742278661761486,0.3830382992377895,0.33772168900345545,0.20530522759215597,1.521592611660935,31565.580549411618,P1 Skill upgrading
0.6956648667367682,25.976923126931236,0.648290981117415,0.504107262398863,0.4723626896235772,10.009323171943896,88903.80041301611,P1 Skill upgrading
0.722750983006797,37.14786134384833,0.6938847758854084,0.5271861968327746,0.48997273803084657,13.675604639189563,74511.67872150481,P1 Skill upgrading
0.7037559294123176,21.627730513371475,0.640595929277821,0.44015735788837823,0.49076420263749787,9.166606715000942,97317.85474404969,P1 Skill upgrading
0.6732451469288506,19.66493241017914,0.6170273563563903,0.46848746216586773,0.4734312407951671,8.548777148491633,90406.68834084884,P1 Skill upgrading
0.43925455839212674,5.942682953637555,0.5113612786202518,0.38648403665952236,0.29786207840856266,3.0818748627897357,43417.84769945457,P1 Skill upgrading
0.673891038617921,17.632715821908594,0.6165013944719742,0.42351091813334213,0.47113321658677976,7.862050698996141,90397.68593961038,P1 Skill upgrading
0.5122596932203037,6.637784606132777,0.5007037298908601,0.3372129074926175,0.35743393473150076,3.5682409583686345,66716.85278620738,P1 Skill upgrading
0.23221452572900994,2.075380390419969,0.21279604370764493,0.361644808476008,0.17449058919824456,1.3122353975654966,23731.490165839023,P1 Skill upgrading
0.6849764997494084,25.856950967565826,0.6419585669393508,0.5209732063872753,0.46515456262098576,9.954802351422014,85641.81945496054,P1 Skill upgrading
0.5907929725557229,15.537095247271647,0.5793240755056168,0.48508799038334177,0.40346108122128044,6.883880204704579,58229.324187270184,P1 Skill upgrading
0.5691644226168572,13.275096666475891,0.5608154617138863,0.4563628992795323,0.39713409068626293,6.336450803173411,52919.934633580175,P1 Skill upgrading
0.26776175027884297,2.458799292783214,0.38180504495967305,0.33700364478503797,0.192494711150742,1.485989462308164,25472.291289098102,P1 Skill upgrading
0.5460346563084988,9.863370219176408,0.5280682106692643,0.4313801505744606,0.3592805977904726,4.5186311025721375,64508.29330239618,P1 Skill upgrading
0.6453337949372592,15.020973340358294,0.5942978513065409,0.4144182689884252,0.45809010998053906,7.201170103899919,80561.5666349886,P1 Skill upgrading
0.46002287900564265,6.8168252524040405,0.47927698838683097,0.4108827632449292,0.2877492719137344,3.133483144809826,45089.62339159234,P1 Skill upgrading
0.5159644867764085,10.73486301403817,0.6828226554949449,0.4677031094167717,0.31977890288418165,4.138905984246779,53124.19486960545,P1 Skill upgrading
0.2395393312855845,2.194361526824312,0.2692916417571349,0.3848847284854633,0.17811688406942525,1.3541114713061568,26084.969398204295,P1 Skill upgrading
0.6973760883740857,27.924523735530634,0.6630884928628581,0.5023465010048573,0.4687401553494661,10.720583482819531,77195.06413587063,P1 Skill upgrading
0.5394277216022234,9.749379000986373,0.6919979728122352,0.42176366230865764,0.34591397627813597,4.157124668508945,63478.93673307756,P1 Skill upgrading
0.7919120424972895,61.78546075113491,0.730035516973069,0.552099198610834,0.5285970061058523,19.905683674287275,97796.69118902273,P1 Skill upgrading
0.4108592729960923,4.560016319969113,0.44151037307377994,0.3385212640534257,0.29731186088943706,2.6929903328737432,45134.49210609336,P1 Skill upgrading
0.5626443737511243,11.40733945939971,0.5451890267652402,0.4418885647796882,0.37348902234441905,5.172312843944169,61105.154003752294,P1 Skill upgrading
0.31676436321941676,3.000234293685678,0.4287419759020138,0.34421081205675635,0.2215772929118174,1.6889323120951016,35801.48258838538,P1 Skill upgrading
0.7452035688319977,42.51350970355756,0.7585920324632178,0.537816010435829,0.46935376057384764,13.642283834634668,88399.24105036512,P1 Skill upgrading
0.375371963426462,3.6210016229476807,0.3895092338113212,0.29303159530564543,0.28171638463797655,2.366165976660589,39482.010385648566,P1 Skill upgrading
0.2632576886517003,2.2973282668117223,0.285034749852702,0.3538488861208491,0.197465474028908,1.4459414666984411,30769.366946024784,P1 Skill upgrading
0.5635466054766015,8.023062163967637,0.5042680419871823,0.3375865747848895,0.4137280424816128,4.556222753538307,80584.18173348163,P1 Skill upgrading
0.5448967566604075,9.86732022185482,0.5159210964815373,0.4139152073217539,0.39582934852288737,5.327334197957587,57189.76728437178,P1 Skill upgrading
0.4841589549817611,5.414874963142936,0.42792911780125786,0.3337249357397587,0.3621353162889392,3.296837852936621,76325.86819296583,P1 Skill upgrading
0.4797121830917334,6.86079360839158,0.5525377203538402,0.39855138578224125,0.31692170649236834,3.2431718957376465,58248.17440608017,P1 Skill upgrading
0.6561386351056004,16.173403835587543,0.6017714114488224,0.4319349925030997,0.44548029767762637,6.9638087337408825,91589.98622998247,P1 Skill upgrading
0.5805479173173415,12.297540796210974,0.5540052549531214,0.4401095144139427,0.3980854693257978,5.7771055777683396,63723.43834036121,P1 Skill upgrading
0.39023604870413786,5.075201334102499,0.5225319255004518,0.4032614877424626,0.24754911048339276,2.448136799137409,35420.558520226085,P1 Skill upgrading
0.7595272029865079,35.127341085498,0.6898504148263722,0.4859004699458116,0.5042549845077765,12.926092065139638,104199.52987418372,P1 Skill upgrading
0.48433137537496823,7.332518336065071,0.5479049116009952,0.4287777193837251,0.30318267114495484,3.193135346909783,61064.85401175743,P1 Skill upgrading
0.40616103885719596,4.889313377542666,0.5240305188134771,0.3927393140919989,0.2685771099940391,2.389629394039464,49372.02504282283,P1 Skill upgrading
0.6824236101424709,21.03160102301881,0.6224249852986037,0.48047848188900055,0.46821298272339446,8.556162861069009,98884.41385240451,P1 Skill upgrading
0.4673151602937701,5.581779809099677,0.4294609150538688,0.32700702095921214,0.3548929872980769,3.580578103395412,52388.2576631573,P1 Skill upgrading
0.43600699269351434,5.972197621673844,0.5289939114436053,0.40391868405850473,0.26617013466816564,2.551805032749978,48462.68101435763,P1 Skill upgrading
0.5291713747652302,8.07181830771675,0.4801124839818861,0.4110815456522654,0.38286591230205824,4.351596288202658,74933.24562550403,P1 Skill upgrading
0.5903314597883628,12.931290840870528,0.6937253931912097,0.45127661213271925,0.3754858518317705,5.126798378357238,76164.49406465,P1 Skill upgrading
0.6181424411194549,19.255308299407762,0.6053169204617957,0.510744037053695,0.4189368056549872,7.991087209506417,62169.18741937258,P1 Skill upgrading
0.6188655608873003,15.271704787793956,0.5743383598588162,0.4778032360939142,0.4305566589380328,6.755916045193211,82787.50044605494,P1 Skill upgrading
0.6470740059800497,17.537631185262356,0.6022549804238431,0.46457804253754265,0.4575590881538602,8.015327692867372,77749.27874224792,P1 Skill upgrading
0.45920348335148553,5.658822833865694,0.4365898061115002,0.34755342116237187,0.32250730254710414,3.189627317102838,50392.90641220528,P1 Skill upgrading
0.5814642249543488,14.986207337112145,0.702970778256306,0.46923161988337303,0.35135410270536943,5.587545846312536,54307.94367816241,P1 Skill upgrading
0.5435497651572488,7.598773923739957,0.4912300658008483,0.3573687077811196,0.38417634448363813,4.049776250759823,80149.07714417661,P1 Skill upgrading
0.4429145425933257,5.142381044218109,0.46987063396172385,0.3332982223717055,0.2939569766954878,2.682705250232343,49015.2963247447,P1 Skill upgrading
0.5023808052536943,10.036878563530465,0.7170590429310937,0.4454348062491152,0.30593270990187654,4.151782885658544,40992.06049503938,P1 Skill upgrading
0.5300970890129824,9.638936807384793,0.5106311665515172,0.42371048347564527,0.373122413199852,4.955616098742711,53553.9061764538,P1 Skill upgrading
0.4275508992256656,5.182657547763401,0.5161278734987474,0.3910198349241115,0.2801572065975523,2.495448838702381,56583.992975240544,P1 Skill upgrading
0.6498333718564614,20.041035111459625,0.6286391114491244,0.46827713738928534,0.4500734386099543,8.851841073948696,63609.64374513799,P1 Skill upgrading
0.6007363653847319,12.028917016274814,0.5561274504430237,0.41023933204012064,0.4329321850322595,6.150516893605381,72228.40847421973,P1 Skill upgrading
0.545437934081298,10.813653451441093,0.6495061362679482,0.4477633369757164,0.3359247608597406,4.352176101793745,60560.97970312595,P1 Skill upgrading
0.7118500397054377,28.44229208373577,0.6800718186504584,0.5056293771916214,0.4425373496467608,9.673540259108714,96924.30922757607,P1 Skill upgrading
0.6636581424921629,18.563410249354597,0.6116805955951686,0.4642505646498987,0.4567022381087241,7.8624840312617765,90108.70796275914,P1 Skill upgrading
0.428307066620096,5.767494065076492,0.5000426027883308,0.3998166076454067,0.2750495791835553,2.7840814421813187,42540.16133615182,P1 Skill upgrading
0.7049918621491257,23.899039890131657,0.64347372311881,0.4740102936769399,0.4783699511825619,9.301794150842463,102283.86073946023,P1 Skill upgrading
0.34612248595789147,3.398056906214628,0.39061056673435285,0.3525543607894312,0.22392220474587804,1.6778186810223323,43402.82051896973,P1 Skill upgrading
0.40072398038181634,7.012770811039844,0.3838999328586586,0.48305632810463456,0.251255225350166,2.941004262373659,34432.53985605226,P1 Skill upgrading
0.7182678069456371,29.74866328966271,0.6720237219150963,0.4948905051523458,0.4650050948379737,10.702073789057817,88453.6897363415,P1 Skill upgrading
0.554695607756384,12.148749572900657,0.5404833436871385,0.4605770837356524,0.3905774138428694,5.92738111223268,54293.25511431347,P1 Skill upgrading
0.5580328221204087,8.881755682747496,0.5119534657771375,0.3775307518717029,0.3996197457117873,4.775518665580106,70717.91928787479,P1 Skill upgrading
0.7129923253560838,31.072271816072398,0.6723914799381324,0.5253083908609231,0.44203576785993276,10.409187905194859,92102.0864545753,P1 Skill upgrading
0.7662575086588015,46.72081581469718,0.7135132731973499,0.5252011739191406,0.5077003421117732,15.678051603157703,92810.4334892739,P1 Skill upgrading
0.7430030248527475,47.72921331832631,0.8279753073428666,0.5426993978182473,0.4683819858173101,16.37986279351448,66613.63100893833,P1 Skill upgrading
0.6401937729765548,23.167675856310495,0.7500416359125129,0.5122781266832648,0.3902783971228272,8.237741841295033,57740.692291282634,P1 Skill upgrading
0.7408744747006895,38.595513219605955,0.701550147033526,0.508264713750771,0.5072157065505213,14.228088702228723,80167.06333452536,P1 Skill upgrading
0.7233252629689753,30.7150337227079,0.6610772410152155,0.519813026364828,0.488490881627956,11.190093991172727,104673.43073199235,P1 Skill upgrading
0.5417246746091472,9.513398677946501,0.5858612973165436,0.40567264353374594,0.35425410572977983,4.363852689631504,58908.887594369604,P1 Skill upgrading
0.4624190469691488,6.280071412204143,0.5330998191620693,0.39120815722036967,0.2837505809994445,2.757555632127999,54379.199628082926,P1 Skill upgrading
0.6627536549681005,22.270147639740976,0.7721643626630997,0.5147087104005089,0.40969602245115544,7.738234416205621,87137.91228352304,P1 Skill upgrading
0.7022130207084408,30.96188109589426,0.6683962291146889,0.5354527872814578,0.43444166738664397,10.43153397323837,84175.99473413132,P1 Skill upgrading
0.5534984392919273,9.163536943168301,0.5460150177111146,0.37591768429957656,0.3639917807396846,4.339557398629238,62609.99611713147,P1 Skill upgrading
0.6631073851664995,16.720794161986404,0.6072384390557599,0.42711938816848977,0.4630653965827515,7.463897816497913,90364.75698040993,P1 Skill upgrading
0.26263310108584076,2.2567509142620845,0.3627835712924202,0.3127482797871105,0.1910805324572965,1.3998967906615294,25941.490620862176,P1 Skill upgrading
0.30803965928921356,3.962325797972962,0.4311212639253469,0.4478503917937626,0.200166817692651,1.8946728479281632,27420.711849923213,P1 Skill upgrading
0.7803742350285173,52.13882416497674,0.7113212683664561,0.5458189110864543,0.5206887741706943,16.894296747983297,108325.8420673447,P1 Skill upgrading
0.5773342757937443,14.04507601933809,0.6631600624388033,0.465457408595532,0.3452588575775853,5.304940465018242,55612.494429477316,P1 Skill upgrading
0.49899874725315796,7.651708537845049,0.5128232217361797,0.4043312314873542,0.3184513742260792,3.471418132032169,57042.780785346025,P1 Skill upgrading
0.341161497976234,3.576767826794932,0.42566517599054365,0.38534143177979646,0.22763038202928554,1.8308672683369847,40663.1451602242,P1 Skill upgrading
0.4009269643858159,3.7098612190956715,0.4569715183351843,0.29290843009942763,0.2649421832850792,1.9418409674411052,56355.90197732898,P1 Skill upgrading
0.23360063152544802,1.6406765335226325,0.0798328526580099,0.311049551645406,0.1818485042931305,1.1064769575433897,36057.135762467486,P1 Skill upgrading
0.5864395485833153,12.697512673842906,0.5966724905976638,0.434379448311279,0.3739619593756242,5.459908170947689,61076.0819000279,P1 Skill upgrading
0.5488285500842686,11.229132966149942,0.6921789415128693,0.4685683468106812,0.34810103276658877,4.548659027272345,67356.49380535036,P1 Skill upgrading
0.4037799074687444,5.433758748485587,0.5193076959339665,0.4318100113825754,0.2518869331684723,2.365550795733329,46907.30837291694,P1 Skill upgrading
0.2827724934832148,2.413744479440788,0.22561150923515352,0.35138253849026235,0.2136550294235852,1.5090434671400945,38528.262281185336,P1 Skill upgrading
0.28349726603627473,2.2857606044137806,0.1521678079393976,0.34339553003549017,0.2144395616852672,1.4418423756991245,43425.45725681513,P1 Skill upgrading
0.5013838987482133,8.983773279012295,0.6414306498955219,0.45608432087416,0.30051229107098026,3.461573278916793,59568.93562354184,P1 Skill upgrading
0.4907121064841374,8.25519357166715,0.48590948941558665,0.42349101262959143,0.33105949236045457,4.133446772408921,45845.91107864676,P1 Skill upgrading
0.7864247183301619,57.70952993376689,0.7147079212905597,0.5645050092982612,0.5325762752195669,18.535479193458947,110712.95411315998,P1 Skill upgrading
0.23740304403967785,2.0121486657755825,0.19183381453514503,0.3399438033755283,0.18851297411562892,1.3873280534996895,25845.940705947913,P1 Skill upgrading
0.5793538249923452,12.941039862745615,0.5553353675075656,0.45350462187928336,0.40907388659833266,6.268097202231965,60906.060316387666,P1 Skill upgrading
0.6213912416980508,17.061543887356727,0.6021369247189763,0.4689984189477524,0.4244863664668845,7.544050474228813,62462.70137776814,P1 Skill upgrading
0.43935630361187894,7.087691579159602,0.6129970369888993,0.4480912871322633,0.2751319675188162,3.0860730830752514,41811.54514058217,P1 Skill upgrading
0.5841324266221776,11.799630218209462,0.5596887865444531,0.42179078588901847,0.3836129382261233,5.32860594716021,65441.513016686564,P1 Skill upgrading
0.2270964056539551,2.0927944716046833,0.2592872171221934,0.3796885076325013,0.17607807063379746,1.3790294705435666,23210.492170000663,P1 Skill upgrading
0.8121653934811877,63.260987881047356,0.7288131277513845,0.533680780994565,0.5591883171085031,20.985061058153434,113779.56812355976,P1 Skill upgrading
0.561926418997042,12.762302360355594,0.5499451837308229,0.4676650053585151,0.38284847553369716,5.896962894911513,55216.87360892222,P1 Skill upgrading
0.48590643834663827,8.499897194090815,0.5329407559778089,0.42351969198757533,0.2923122836470643,3.6091914509076912,41293.953213950124,P1 Skill upgrading
0.5744774048295249,14.67744618512196,0.6940824223241876,0.4794148624072388,0.3274569920092176,5.076343611617014,55878.45511218764,P1 Skill upgrading
0.4129941755654452,5.506155835433523,0.5868032065143031,0.38662958550216225,0.277436843581545,2.8041285385130683,38367.031206466054,P1 Skill upgrading
0.41286799837052296,7.413525093258954,0.34642355170277656,0.483410399129674,0.2644194624889493,3.1461387833901346,36389.40954989652,P1 Skill upgrading
0.42574252943318347,7.092537760684609,0.616067492972935,0.44505110709530893,0.25776086366248996,2.954210955170445,35405.82425595042,P1 Skill upgrading
0.22977550573127314,1.7833600266718295,0.15837456006117676,0.34241100934891616,0.1797212042048986,1.188856790519648,30955.173420395276,P1 Skill upgrading
0.6541826646649181,17.996990046760715,0.6225905863593112,0.43687363662987433,0.44555048205957104,7.997962287534466,69077.33576712452,P1 Skill upgrading
0.3914147994351424,4.340413478950249,0.5025068420231977,0.3643713071879323,0.2633040305449024,2.2339585099603663,46328.6733038821,P1 Skill upgrading
0.7450400488725932,34.038505922006706,0.6836165094116721,0.4953483076353441,0.4775246080096413,11.684911409255767,102859.82251672179,P1 Skill upgrading
0.7121393082822269,27.559719169339864,0.7884212744138499,0.5012558382808788,0.4633074971764176,10.27356296655655,91993.464435231,P1 Skill upgrading
0.6253785441553192,15.981045939500177,0.5999359846302682,0.4489585092158087,0.4175833108424768,6.941184850122063,66837.45815269774,P1 Skill upgrading
0.5061938555533237,10.252928891889486,0.698030779155606,0.4659688724537678,0.30793308704580175,4.034913003985263,48138.50796577589,P1 Skill upgrading
0.6283485922210184,16.249478626879984,0.5965246975407322,0.4515589444622643,0.44481635546361603,7.655683143911711,67077.97228754075,P1 Skill upgrading
0.15041926087222174,1.044344640405557,0.1282598418790569,0.2984160060548804,0.13316171271396723,0.848591201021984,17611.03079694999,P1 Skill upgrading
0.5207863811707042,7.566194282810944,0.4741429857373042,0.3884977570705748,0.38306433568743475,4.275153526849735,69089.48144584772,P1 Skill upgrading
0.35255914990345777,3.2389954387530904,0.43351554776130957,0.32847880380182565,0.24731677174163366,1.8335064458347266,46883.5901759507,P1 Skill upgrading
0.6656296729958886,23.91147664358109,0.6526300312717038,0.48923600816483026,0.4345902723475823,9.346243523136271,63861.32465040397,P1 Skill upgrading
0.4801036535331992,6.691332852841928,0.45221544636731853,0.37607204696938995,0.34956772861419955,3.8974437886574957,50410.007127922305,P1 Skill upgrading
0.5779076757129392,15.242201385121412,0.5882191142951396,0.4809513004834021,0.36304992186985424,6.208991541631412,50256.98487327432,P1 Skill upgrading
0.5274117735022679,10.151889502129716,0.6054538713940032,0.44717503835565897,0.32379282229611794,3.9467138725570003,60680.74279643946,P1 Skill upgrading
0.4138683521563833,6.05693681149541,0.592330030469034,0.40730260295909315,0.264746981169461,2.782065864939242,36110.67173324808,P1 Skill upgrading
0.44265853428510016,7.300199280757712,0.5672076403313258,0.4370734315742243,0.2691414161254283,3.0274078454377396,39732.0312608238,P1 Skill upgrading
0.26381669864945156,2.2996971131855877,0.36548409780905533,0.3303002385506631,0.1960697336488366,1.4480991788880737,27731.54554263836,P1 Skill upgrading
0.5490823058474298,13.73761777803645,0.7734433680739788,0.4735746212236199,0.3257855982042376,4.963488620873935,47695.58647948103,P1 Skill upgrading
0.36443428439832937,5.177666104152402,0.5180124959161374,0.45021011902055985,0.2314044800458976,2.335482332658099,33607.42432948855,P1 Skill upgrading
0.5233882459379608,7.935664630029692,0.5051779193868774,0.403111018695339,0.33771674250868605,3.6431945068530274,71053.79377356553,P1 Skill upgrading
0.34928946400342903,4.839731176247604,0.4653322654851579,0.4493265755353287,0.22464801704614748,2.2259422508969955,31994.10811770134,P1 Skill upgrading
0.7259727275050065,36.90985780620066,0.6905029460557551,0.5269137515827552,0.4955509877066081,13.573814036761283,78807.76219847269,P1 Skill upgrading
0.45702278872729335,6.146333448284321,0.5266261061814973,0.3673907544126435,0.2988691446168255,2.998541174773642,46890.87844853212,P1 Skill upgrading
0.443030342717429,4.829176379306461,0.4147929709487723,0.30613594230063335,0.33300711728540505,3.102173287935656,49790.53163444142,P1 Skill upgrading
0.5383331737250331,13.019173623754645,0.6845790760820748,0.476752700971609,0.31217394984308855,4.694440814096519,45959.93930060566,P1 Skill upgrading
0.513765456607757,10.460476425943007,0.684899759592727,0.46851539377884815,0.30210793307079753,3.827286701030456,53910.73321484034,P1 Skill upgrading
0.5765632979263114,9.13773809518911,0.6161420708424054,0.35644067483071473,0.37809631452728315,4.273925435720494,78768.80826992664,P1 Skill upgrading
0.5837647535468018,13.814397693303071,0.5614076930587636,0.47343497472916973,0.4008896627412812,6.29221888444961,62829.63380018475,P1 Skill upgrading
0.3300605052588246,3.0349191629145205,0.16473859236140173,0.35852986527848774,0.2412109866461087,1.775239125768341,47513.50791611959,P1 Skill upgrading
0.6112224014329554,13.39415132507225,0.5650331739425549,0.44865319880361243,0.4122475903546193,5.921215552757209,83886.51005695583,P1 Skill upgrading
0.6159328092102654,19.662543362134603,0.6171115639322382,0.5056359966300676,0.4034647245775937,8.013619561941757,55256.24141998957,P1 Skill upgrading
0.6928624556607762,28.470548389747794,0.6771694773292245,0.4881281073758862,0.47401492620692653,11.560585183431874,64099.984106366195,P1 Skill upgrading
0.5980933583429898,15.687611789249516,0.5916221135322329,0.46739225151122205,0.397905952960071,6.789895102722111,56262.82484029798,P1 Skill upgrading
0.611568027059245,18.109074711384036,0.6967706277534225,0.4879773286648034,0.35267088389604906,5.845360744064483,65828.24378178232,P1 Skill upgrading
0.5838981034739457,10.68087065475255,0.5425140976162958,0.3885547333403907,0.4215216048681373,5.734044084454166,66309.23632893067,P1 Skill upgrading
0.7053567119827124,24.781949993545492,0.6509111487978051,0.47374173355055293,0.4833479704550063,9.929548194699453,91287.12329803343,P1 Skill upgrading
0.4640750967088037,6.609392873843097,0.5196047433356866,0.36834868094586315,0.31111822755292706,3.351174943429944,43195.31971178998,P1 Skill upgrading
0.6193925644257317,19.45301538000808,0.8154942061664808,0.4941767638135635,0.3868118790222843,7.39825548768564,55873.02559207256,P1 Skill upgrading
0.284743070931306,2.630339351037799,0.2793136644887522,0.3642507332804229,0.2128221027967862,1.6389387599263818,32806.35468913082,P1 Skill upgrading
0.660263028782571,16.15403689082003,0.5966433674264793,0.43628960940633027,0.46515907772384335,7.368995530949254,96674.63188144047,P1 Skill upgrading
0.6478135306163834,19.875009895504668,0.6160923622421242,0.4901019229264349,0.4450797811191326,8.34647770519309,73454.28221406159,P1 Skill upgrading
0.463413282306171,6.437545995184155,0.5700957346818244,0.3798565715169951,0.2869406526688382,2.874768329499254,48793.20509220216,P1 Skill upgrading
0.5530035094019977,10.37810514342968,0.5290685139009655,0.4174441834136712,0.38723268982676345,5.2288893856455045,57970.27982730123,P1 Skill upgrading
0.6421313675156016,20.01617609715011,0.6864682609056219,0.4731132705648833,0.4016929843098635,7.612884607447405,61775.12251108994,P1 Skill upgrading
0.3654096229853657,4.465396548109982,0.38125470181071186,0.44057805236901904,0.24087127799959152,2.1143891117513447,47021.58795786711,P1 Skill upgrading
0.34266608487967976,3.3210630629433795,0.38259784490287246,0.3429365872252792,0.24109154755207132,1.879047964876901,40614.56782960098,P1 Skill upgrading
0.5668620211194639,9.053489158661302,0.5131371267109119,0.3838621219063126,0.4096360419216283,4.801560622114846,81270.64819307713,P1 Skill upgrading
0.5528485464602139,9.9104138575164,0.533689080585497,0.3860188370983357,0.3892999695918889,5.206529526581359,53861.722387340706,P1 Skill upgrading
0.35702759842962944,3.3971934337277316,0.4290789267127039,0.3275568729287727,0.23704416049874824,1.825271174740687,41616.51190273178,P1 Skill upgrading
0.5421194394477914,8.861174681111404,0.5093086048221442,0.400917039888041,0.3769297837734933,4.476971297708378,66863.75851694949,P1 Skill upgrading
0.7420588165228553,40.1743105876447,0.7907111925065476,0.5282160744079356,0.45971055581505177,13.609582266651868,80715.75507200335,P1 Skill upgrading
0.701353801227072,28.767776169620397,0.694811629187895,0.46605272203479514,0.45807002027293187,11.177134322636313,62310.730838478106,P1 Skill upgrading
0.6197934611331525,17.249224656028776,0.6176924041116457,0.4674657483267455,0.399568562038999,7.175110368894916,58182.8109899189,P1 Skill upgrading
0.46419403684443644,5.982332021604132,0.4980810805887794,0.3594144355531088,0.3136632000424625,3.19697750570506,48807.59813835619,P1 Skill upgrading
0.2544111156048784,2.255523104072102,0.33421234427336166,0.3525801986954743,0.19068041702990582,1.4327485993420404,27230.736204114444,P1 Skill upgrading
0.3837157059585458,4.538366157866036,0.3706422494619754,0.41682169456404466,0.25466271283207076,2.1897362284355366,51213.27025811314,P1 Skill upgrading
0.4547493259478996,7.791399287643649,0.5209645456406559,0.46236250312024285,0.28980533105580036,3.24457894609749,49006.08948705919,P1 Skill upgrading
0.45973866635903055,6.551284196187976,0.4777781527516737,0.38724392239256195,0.30378886484458106,3.224138575736972,45379.48382120611,P1 Skill upgrading
0.3818356993845196,3.9856312863389562,0.453329366501661,0.36329255406700867,0.2683696566594746,2.2279459720494557,48654.99168318709,P1 Skill upgrading
0.44950139388136434,6.083167834791887,0.5561103702868672,0.4170965122728274,0.292990016055374,2.780117236592872,61113.22907051405,P1 Skill upgrading
0.6826655425725565,23.60897839865371,0.6273679362159541,0.5162159618102494,0.4666683796779196,9.234801057540123,97265.83957094516,P1 Skill upgrading
0.3814212870307065,4.9534964417373075,0.5437299157223902,0.4016746199042857,0.25761254946314405,2.517500430618675,35723.15452140202,P1 Skill upgrading
0.4635311395975235,6.492794199142255,0.49444435198160497,0.38965194478401144,0.3147899743639958,3.377887571876515,47638.6353964539,P1 Skill upgrading
0.4366265961439976,4.807504361232798,0.40857113992813754,0.341735843920109,0.31405609917858646,2.7783383673976165,56655.49272879445,P1 Skill upgrading
0.49553258186496074,6.904603209672083,0.4566727844700857,0.3817470504193564,0.36427340723311813,3.980426542984339,59615.73922082968,P1 Skill upgrading
0.78035938862433,48.97583701829636,0.7374968621030954,0.5269048327495486,0.4973337981220624,16.19164187780937,100415.61718875755,P1 Skill upgrading
0.581973521444129,12.01942054880549,0.5491023576868362,0.43211492857970374,0.4134083811126175,5.986822868576325,64802.473289585476,P1 Skill upgrading
0.6388393542588353,25.725566215124132,0.8774120732347015,0.5478225025060605,0.3804717021318346,8.165026250060402,64415.35470180883,P1 Skill upgrading
0.6763018166029273,28.66750190803192,0.6599758236036668,0.5310620056170764,0.45304539277824024,10.764466327030355,68544.27007183744,P1 Skill upgrading
0.6420985774312274,17.047329850934872,0.6020631556853207,0.46565062329339246,0.4202806350895268,6.919493956344441,82301.9948964108,P2 Matching efficiency
0.5821016695480895,14.836232809774526,0.5646966602643566,0.49639696621747215,0.39892380810939526,6.581504060896441,61365.120110582895,P2 Matching efficiency
0.6859449583130878,31.39667697393163,0.674343410729813,0.5387985681367254,0.42984262683769575,10.912780490977992,67486.16681609789,P2 Matching efficiency
0.664757496820271,25.298554291571975,0.6449311128305091,0.5231126596338087,0.4331007587684191,9.413838270034821,70769.56661098424,P2 Matching efficiency
0.6485422273167867,22.92787213060033,0.6510597597971524,0.5026640503719372,0.4041575204480465,8.41454475754265,61459.595179191034,P2 Matching efficiency
0.32216840676193825,3.811745944924279,0.4490052299177103,0.42363587370698147,0.21021115040624808,1.8622898367417922,31930.430817720455,P2 Matching efficiency
0.6807545343131821,20.50579399735726,0.6245798329809576,0.46985907608927535,0.4666316400598768,8.537103241991437,93119.69177691414,P2 Matching efficiency
0.45706916877800974,5.583226057754203,0.5495924033936638,0.3715183907963546,0.30824535805002007,2.835886787027149,61051.708830480726,P2 Matching efficiency
0.2131613980713566,1.8727378602647768,0.21241261832294747,0.3684985727879681,0.16207759958607088,1.198109678940398,22053.50708328864,P2 Matching efficiency
0.28841600971376957,3.2600990740291014,0.2760831471350288,0.42797674598548363,0.19739442939797217,1.6987690747691324,28963.01906123411,P2 Matching efficiency
0.611417303853487,14.036136200383343,0.58175161455548,0.44927727764751285,0.3843924227647316,5.5828721791893905,78562.49715474076,P2 Matching efficiency
0.4836114931076016,6.3965371700775275,0.44800521518481895,0.38077897145451167,0.3391093829483596,3.462967105901118,61531.47230254243,P2 Matching efficiency
0.30608096834821236,3.0586679546564457,0.3843789133376071,0.38771932375804463,0.2080965943985485,1.6174754894508547,35828.92006119409,P2 Matching efficiency
0.23882722808002826,2.041401489946269,0.33257825068495506,0.3332877431320044,0.17696633848082552,1.3047518533342257,23750.751795056953,P2 Matching efficiency
0.6196543147506748,20.81214823601059,0.6418050405834466,0.5136237451903535,0.36831760242072853,7.319025327865066,56040.25526355604,P2 Matching efficiency
0.43647423842746763,8.194542934733771,0.6434938237307859,0.4751818465322885,0.2527421371137808,3.1046955393391276,35531.143117338914,P2 Matching efficiency
0.46776554153974836,6.476822470400597,0.4514249984877934,0.36923002113498865,0.3331436089519835,3.7086846303787353,44923.33236541872,P2 Matching efficiency
0.49245242271868345,10.247084324914644,0.6437156388993176,0.5044075015369415,0.28227380070657504,3.522368886459001,56075.2147823823,P2 Matching efficiency
0.14044232766559722,0.9661535360982058,0.05601472508161614,0.3127994073555415,0.12748590231548787,0.8066188424081243,17426.750146637543,P2 Matching efficiency
0.5128405432206329,8.57635742023335,0.48352150796460386,0.4239759233873532,0.3729786242472776,4.704816264718207,55547.90426572778,P2 Matching efficiency
0.4458919030796174,6.247658313249481,0.5700994880339185,0.4088441081871998,0.27409261193232637,2.703033247088849,50050.67108952998,P2 Matching efficiency
0.5877241740480132,16.094952641023454,0.584586604001901,0.4900087686491205,0.40004160544041056,7.048989322047336,54700.58144391167,P2 Matching efficiency
0.6819419702402748,27.734078309477127,0.6681110360267994,0.5216619527345087,0.42398407734477317,10.004717466817144,68867.15066326383,P2 Matching efficiency
0.6149740415985818,15.325777486576685,0.5743581301482242,0.48356596307068495,0.41605861797073224,6.5819125994953245,79999.54691641395,P2 Matching efficiency
0.4966705139268496,6.497954104382731,0.4706812634063297,0.36759668985371907,0.32422053414958574,3.171675435181055,66971.03780569047,P2 Matching efficiency
0.3048518725590525,3.1483039556712757,0.23441323815557658,0.42688696862175646,0.2077065840942191,1.6061184836646614,42060.896518347115,P2 Matching efficiency
0.7119064011576896,31.42304593077091,0.6695597347046026,0.5204604521711496,0.48283095721327407,11.671114058550497,84763.13434010911,P2 Matching efficiency
0.44217606225367,4.653367294181472,0.4283001886175265,0.31510016616650843,0.31524164174002917,2.682532303992781,58878.30422552736,P2 Matching efficiency
0.43338375287265996,6.0714866426468195,0.5503780248063302,0.41975265872891226,0.2676208125638525,2.6187319036019163,49049.09379265457,P2 Matching efficiency
0.63523195279299,18.493736462072896,0.749092745238985,0.4971023374532472,0.3887061093210377,6.6581796743199515,79205.11512538273,P2 Matching efficiency
0.6708565925287887,20.814368190700755,0.6288946218526845,0.4748181818343732,0.4459118573432326,8.202558261163025,85074.66374811962,P2 Matching efficiency
0.5429552569282197,12.895973101536175,0.7039402320555833,0.48694716263213883,0.3361650360529561,5.2066011197106965,48223.7683585335,P2 Matching efficiency
0.32439069376100244,3.1768698987135826,0.4290188359393266,0.34489089485646385,0.2317311025273842,1.87140886340048,33967.840694075494,P2 Matching efficiency
0.37697566727111986,4.107894871734178,0.4946729449089103,0.3652602848129625,0.25007531289155677,2.0866001200530366,43479.14838190956,P2 Matching efficiency
0.5076823266197692,8.617163641237353,0.6008628180566173,0.4093046742448388,0.3257401998834558,3.9221009998780016,49434.22167245636,P2 Matching efficiency
0.37175185151072965,5.494244300148392,0.5022261712383586,0.4511312978563946,0.23761701751622819,2.4774986765763964,33076.58699892661,P2 Matching efficiency
0.6711678105097768,23.646353522370003,0.7215181256441021,0.4987487374900656,0.41274859425315313,8.64462854574137,71120.74423050821,P2 Matching efficiency
0.45900957721707464,8.307114352510894,0.5787285171504134,0.4709390852316726,0.2819634447217595,3.323412771421076,45559.15441432819,P2 Matching efficiency
0.6515561632541037,22.843523328565663,0.6356673162334472,0.5067495574499392,0.43797195193369065,9.090133356725463,65977.77576319003,P2 Matching efficiency
0.32025864678786786,3.357316736871011,0.4120274845521544,0.37232868500527566,0.22027266905863307,1.8467803497891477,31892.960666306964,P2 Matching efficiency
0.4830103490808352,5.877899238433916,0.4309441870118185,0.36391196474360854,0.36382849404713075,3.580493495893693,69382.01577838733,P2 Matching efficiency
0.32148644834814544,4.434182267770008,0.43573999839021565,0.45629479376673476,0.20297009342577124,1.9868551696127355,27778.985222987536,P2 Matching efficiency
0.20165290371925712,1.6413154788855855,0.19581992074837964,0.346080204041927,0.1578770442647913,1.1175268777730893,21709.60880982603,P2 Matching efficiency
0.4733714256221456,6.5160867694366456,0.5867980153542443,0.3865914981642449,0.292049404243875,2.8625329432383513,56772.03155143991,P2 Matching efficiency
0.16242518906161293,1.1083779210713336,0.035249809821031826,0.31688406856829093,0.14474926306414215,0.8995766189128801,22212.355080332345,P2 Matching efficiency
0.5220502002389822,8.759814765346388,0.5215527476604614,0.42691243690764313,0.33541766502020726,3.9380892618889964,62000.58178547789,P2 Matching efficiency
0.4791205946149349,6.833522368227411,0.45300540155382396,0.3797487834449876,0.35352007169297217,4.0348245894127315,48917.743593751045,P2 Matching efficiency
0.22656966442796328,1.9924982974757504,0.14476193880683774,0.37318506299105864,0.17622474492071208,1.3029453415617234,25415.879352746786,P2 Matching efficiency
0.5043517761823317,7.2209815950573315,0.4682350789382388,0.389182834774989,0.3580215398458052,3.9235644823581617,62179.714935788106,P2 Matching efficiency
0.4449712992338018,5.1538863108877,0.42115516690397703,0.3528216038931997,0.31778796365757367,2.985173256366018,54110.81715043025,P2 Matching efficiency
0.5007168175537206,7.320559501128656,0.5558382468598518,0.40930442332278544,0.3250567292887403,3.364248216227177,68476.47650167372,P2 Matching efficiency
0.5290123167863118,8.436007343154635,0.4955158991035393,0.3959453919305574,0.37878655820594986,4.536941113884435,61446.33056064919,P2 Matching efficiency
0.47691341346604166,7.789039597570822,0.4726937441852124,0.4292079237000519,0.32261002879386635,3.9480911523184057,44999.47874541944,P2 Matching efficiency
0.6671138879912036,20.337960220354844,0.6272543638461832,0.47292664341968366,0.4396974707635782,8.200942661543005,79764.3522091366,P2 Matching efficiency
0.4893279079203973,5.912313430197695,0.441112964065334,0.34166260102178075,0.36802020729904183,3.63509447391829,65835.71942072298,P2 Matching efficiency
0.4462100391581136,5.404979316065732,0.5390241679502027,0.37153541322628286,0.3002330756272941,2.690357960551359,59959.99735935473,P2 Matching efficiency
0.4860735225983692,7.568884293345854,0.46899318346614755,0.4050491934289351,0.34380156262855843,4.09144194666461,48257.94656777709,P2 Matching efficiency
0.5491685009356897,8.409970767239871,0.5029526800759642,0.36695366925933476,0.4020981782232423,4.741327324089731,67872.03602546394,P2 Matching efficiency
0.6081761378134,14.607752876795356,0.5895242514462691,0.46427159142051494,0.382387299229105,5.8161886851639935,73267.75587407658,P2 Matching efficiency
0.44279604353076896,5.3671264783770924,0.4696676115726304,0.37292795064463047,0.29829407412844794,2.7252274800174994,56389.82171610807,P2 Matching efficiency
0.18452754962035264,1.2680868695213854,0.10797559270051198,0.29280045533896554,0.1601697796861232,1.0052567651119293,23789.88745184423,P2 Matching efficiency
0.5799803591761785,21.08736907432068,0.7763218574048172,0.5476639442991051,0.3254302202136706,6.847221980529324,43998.69967224993,P2 Matching efficiency
0.6620366365428482,26.717912368331493,0.7946174255600148,0.5123768946388882,0.39215329280946354,9.178909559023792,57430.37453866276,P2 Matching efficiency
0.6702565836189026,28.116574644831907,0.6997053134475718,0.5110644855155383,0.4059266642984339,9.75615968061422,58165.49466480773,P2 Matching efficiency
0.3340797723533823,4.2386404347949656,0.5051036959801495,0.417197946212954,0.20894127760808898,1.968236948806692,28359.560820056387,P2 Matching efficiency
0.3554445378153406,4.53737060088497,0.4470509780501526,0.43811797794349816,0.22302169288045565,2.046566195698126,37330.22209415246,P2 Matching efficiency
0.47104338546041963,6.918886758438984,0.4694895398464929,0.3835572891642739,0.32429554811826394,3.701831710796114,43615.64856316351,P2 Matching efficiency
0.41089674861150227,4.574642819798214,0.4194813749359938,0.3364753994410722,0.2943461159795448,2.710234586299084,43109.57745424242,P2 Matching efficiency
0.31195878333415894,2.6455167421899892,0.29590277369981033,0.33022565188559116,0.20971538566181683,1.4219151602917859,43438.45293437659,P2 Matching efficiency
0.5194146989386734,7.221614245883292,0.47193860518780584,0.38574007642526426,0.36645880738856473,3.850234637798138,75708.60162896558,P2 Matching efficiency
0.7809311536293405,51.9658856699657,0.7263654732229285,0.5184969089396873,0.5333687535004968,17.959552685408863,90283.23513239328,P2 Matching efficiency
0.6422253207876906,18.30181318699289,0.6292909268942066,0.48938270303321985,0.3943104698577614,6.708006407125998,82453.12696625554,P2 Matching efficiency
0.6724969173822866,22.23886933576903,0.70023937141151,0.48344676553651617,0.42137623503749655,8.404339654827453,74570.99676403549,P2 Matching efficiency
0.3146802592768828,2.8205815082592576,0.39776323084652837,0.3197764553273672,0.22760404992753377,1.7334356898051784,34578.57776661492,P2 Matching efficiency
0.5179385050958046,9.196631305485617,0.5177791686992114,0.4388082626384479,0.3231290474071802,4.001687568421223,55115.96085471414,P2 Matching efficiency
0.6514486735300383,19.417304814805277,0.6168064666690202,0.479740929633549,0.4433182245666523,8.093246343693814,76179.83844572243,P2 Matching efficiency
0.7215145273957612,34.56229733651636,0.6866376411561929,0.5252060758580311,0.4648181387212111,12.095821828808422,81824.3914713975,P2 Matching efficiency
0.3285195554569221,2.801909648961155,0.4020106294569775,0.316691477168807,0.22131491861308664,1.521262857836542,44808.86348508059,P2 Matching efficiency
0.4833208673531302,8.483824437476418,0.6426653578175887,0.4493673731035116,0.2928176732246235,3.3731483837660607,50941.327682553514,P2 Matching efficiency
0.5159294142549654,9.245822620473819,0.502056643716265,0.43808545857859205,0.3471638186228188,4.458634559620195,52991.97979380651,P2 Matching efficiency
0.4713523709069887,7.120956941921414,0.5312691755333041,0.4173141697092789,0.2968849163149552,3.1676944908780476,51721.78568463785,P2 Matching efficiency
0.24969703635099272,2.04257198690781,0.18326037603550285,0.34892046111404956,0.19127271004216706,1.3231979304115327,32175.487932653792,P2 Matching efficiency
0.2843503370431889,2.848548863508469,0.2626666133791026,0.39880135123223964,0.20210636618907196,1.6116364531377128,31890.41080382637,P2 Matching efficiency
0.7034699492257467,43.19524643698094,0.8506550012333415,0.5731605697858826,0.41424928132436695,13.611761803619357,59707.70148006293,P2 Matching efficiency
0.5723921783205814,12.446163463587764,0.5463181750317393,0.4560787340688634,0.4043830955590829,6.0629574690893975,61396.08939420857,P2 Matching efficiency
0.6869333289247944,27.189469558269533,0.6615897887578504,0.502411017661734,0.46568723793729055,10.638517732933657,71379.77243923557,P2 Matching efficiency
0.6367827735786156,21.142356088328388,0.6573788580740599,0.4758443042889105,0.3922355766313653,7.999956332459161,53086.72812074715,P2 Matching efficiency
0.6105148819131268,13.977933271250508,0.5664700052648205,0.46174366370248787,0.4199700834688243,6.206143733889921,82864.53358326275,P2 Matching efficiency
0.2876984031839839,2.302001030226056,0.35177660312467335,0.32241765326850175,0.2117934021169671,1.4297570714091317,39915.82856078375,P2 Matching efficiency
0.6169154035392899,17.31000924408285,0.664581519645039,0.4961092073952074,0.36472664412445005,6.068856002841161,72061.01760937931,P2 Matching efficiency
0.2762499870965264,2.7346232946376703,0.18859729836264494,0.3960578707733569,0.1920392223310327,1.49676109073524,30522.92135218724,P2 Matching efficiency
0.6592444538648167,27.224730872551543,0.6748155923397985,0.5139689364721347,0.40574348817655725,9.726896156618647,55041.62575308652,P2 Matching efficiency
0.5121695628465818,10.227332931087348,0.6783903666565005,0.46073335342120086,0.3153526204615692,4.106183003314428,50011.56261038309,P2 Matching efficiency
0.6404425907121996,19.484836627266343,0.6068497848851189,0.5034487702740803,0.44059709139218306,8.211504217052223,74529.25494816928,P2 Matching efficiency
0.728879420764575,28.025762093385502,0.6690899529811387,0.46881135489372866,0.47995311092482645,10.559309200944716,96669.74361484227,P2 Matching efficiency
0.19633962847279296,1.5946700154528899,0.1864291849398689,0.36633759280586914,0.15686978161689538,1.1001399507045826,23120.261282031213,P2 Matching efficiency
0.5667934984090107,11.544990054702081,0.5344725776852323,0.4511741373646542,0.3999394432519741,5.626484354769762,66213.40638511778,P2 Matching efficiency
0.6883219965637898,27.81977083946156,0.6684703846835897,0.5132505894938224,0.4344852551767123,10.058312287568537,72325.08439170936,P2 Matching efficiency
0.6757682731843747,26.748427972462306,0.6506843176404244,0.5242975907613926,0.4510316422934174,10.05536303069223,74175.9106538484,P2 Matching efficiency
0.4603225731562439,7.4283549319343845,0.6249050866902032,0.4252914786537138,0.2741815369801654,2.99587881745351,44817.18206110118,P2 Matching efficiency
0.5228139316919389,8.156014902671297,0.49773022723608906,0.38524410317756846,0.35519362090451245,4.109288861033836,58134.61358845407,P2 Matching efficiency
0.6493928790132384,17.006331895943312,0.595244668448462,0.46769431854002985,0.4506051144903062,7.378644724479688,91590.46700145755,P2 Matching efficiency
0.5554783834511412,10.423187869317355,0.6425716545357896,0.423312628541685,0.3441668263266406,4.244909905768048,66403.13879787571,P2 Matching efficiency
0.5215378028312938,11.145778629946006,0.7061382451125253,0.4738959963212358,0.30850870769740046,4.225370481039427,49625.983267603806,P2 Matching efficiency
0.5997141782458962,13.941399486384697,0.5671005660893754,0.4638512808901804,0.4037957262525431,6.124589446248381,71752.15186411323,P2 Matching efficiency
0.5648026936343663,13.817634786215734,0.6701476127271272,0.4772685622879191,0.33024287281128195,5.036304637886946,53807.777385456764,P2 Matching efficiency
0.6083753676414013,19.68857644355666,0.7799814810699739,0.5210416455337878,0.3524979490745075,6.732052998147701,56878.0035144266,P2 Matching efficiency
0.7324319924003904,36.555645765535324,0.6776448911685076,0.5422476624937521,0.4841531641294228,12.5929723068624,98169.17778052042,P2 Matching efficiency
0.46644707861297785,5.28172235576914,0.417421407846096,0.3326139287200828,0.35578585893720155,3.37992188135864,61686.42382823177,P2 Matching efficiency
0.6816997726609985,33.80246814077627,0.6744458104155169,0.5596403473457755,0.4488790757572016,11.938136488464346,66324.94648481128,P2 Matching efficiency
0.31152482567211565,3.2873884302952447,0.3114083143032856,0.40197092118801336,0.21291868342280312,1.7333093144611358,35298.69761386253,P2 Matching efficiency
0.6623506510420185,21.363672607787116,0.6191175514485935,0.507190098168544,0.44614696880551435,8.379794976762549,87409.4268149684,P2 Matching efficiency
0.6810507308239847,23.632460916859575,0.6810603141565311,0.5024679690369244,0.43511100135426656,8.963824489544969,81347.51329636163,P2 Matching efficiency
0.46986630961242853,6.207931190742038,0.4561769856890305,0.35744593496276666,0.32923578602071135,3.455502073501905,48458.793213024896,P2 Matching efficiency
0.5341399186116564,9.91379007731453,0.5178642609471334,0.4401181857176986,0.35291634228050445,4.630689598342617,56813.34352971119,P2 Matching efficiency
0.627026190641532,16.52707879155229,0.5817304994301412,0.49516608977389726,0.42360699890464754,6.827506356370492,88120.61719584768,P2 Matching efficiency
0.5944536488090384,16.49371230259798,0.604210454199991,0.4911391860130408,0.3560865783879318,6.145970262645418,56056.346196986284,P2 Matching efficiency
0.7982125924583895,55.898358549906746,0.7191554142446337,0.5370833392050659,0.5282004487284031,18.324245058460054,113715.07399559901,P2 Matching efficiency
0.520278606820091,7.5396010414225625,0.5245683514960574,0.36949010486018113,0.3378406537327925,3.5748925280113117,64080.81422743611,P2 Matching efficiency
0.49286538660565243,6.4583312747108295,0.44630106252186313,0.38057138190869694,0.3594621247512694,3.679428620210225,68071.99035582648,P2 Matching efficiency
0.43612681718870766,5.615368199020195,0.5356121130875324,0.38017738490259667,0.2850551869815953,2.7432139803603155,47252.776471924124,P2 Matching efficiency
0.4780633139440515,6.480266249616487,0.4640544277977023,0.3718200509439505,0.3234030969632037,3.367639982523228,52530.226376659266,P2 Matching efficiency
0.5003102308286306,7.185356584081312,0.4713349582991101,0.37748909402659214,0.35452614487729056,3.9490570672787904,55926.31907589084,P2 Matching efficiency
0.5679413289288763,13.285073177613274,0.560793957038047,0.46441427388114725,0.3813088766247272,6.0126795104107815,53692.3922763627,P2 Matching efficiency
0.3640855339992681,3.5222388176619255,0.44187619246353954,0.33759650030928295,0.2492415172120607,1.9325727407654667,45530.44297544503,P2 Matching efficiency
0.290964447683707,2.609199143437158,0.3860124135357274,0.34186062675313184,0.2031574485261949,1.4940050766893394,32656.924563156077,P2 Matching efficiency
0.6711653155104882,26.36834204988316,0.6434022317284495,0.5351088951997013,0.4474336510329496,9.917543662245588,75760.10419943529,P2 Matching efficiency
0.6760792556032995,26.011802715940235,0.6481278040929834,0.5188558834837098,0.4467894256004769,9.760822960364772,75429.25361982931,P2 Matching efficiency
0.5857326979583984,17.504767488254355,0.6428947220855562,0.5063584573793711,0.34142089041423523,6.285590206995285,49186.96111228868,P2 Matching efficiency
0.7122810167611336,26.529186678099403,0.6466300300070824,0.5020442123513371,0.4880858566782138,10.300026539550677,104111.6654533121,P2 Matching efficiency
0.3026838716720332,3.7502054878628837,0.4369212623380426,0.4382349598502032,0.1983944931211705,1.8514749040562855,26733.883455117873,P2 Matching efficiency
0.7187771219031565,34.03407341752904,0.681315832912576,0.5242869386154537,0.4763950862075223,12.115614742895625,83147.29257661666,P2 Matching efficiency
0.34169296812848676,4.515608540136601,0.4494862220745187,0.46189440278295335,0.2167401074745503,2.030721821300781,35954.384115301575,P2 Matching efficiency
0.7586965833213016,51.51114636293069,0.7415631632825722,0.517058376903837,0.4884007628993631,17.03944577056532,69912.18079163198,P2 Matching efficiency
0.6184263280432607,13.864334118164646,0.5637390450918575,0.4572020103063246,0.43409388518763814,6.343648268865066,90191.81035302256,P2 Matching efficiency
0.5545861028784302,10.078089150964448,0.5223128367738141,0.44012000904245513,0.3588258297705135,4.4619002099487455,73178.07037171739,P2 Matching efficiency
0.7819400354401895,47.490545822355095,0.7131589810703102,0.5129983652693899,0.5368147670748561,16.6775959617337,102187.2830685113,P2 Matching efficiency
0.7136072541267351,28.537752026852356,0.6569699152777652,0.5086950461709087,0.4851982365601916,10.7784194473013,96791.37072166271,P2 Matching efficiency
0.4876868911705091,6.430824635469601,0.476348501721844,0.36238284329097575,0.3190466905942637,3.156254794007249,59235.84112760969,P2 Matching efficiency
0.6501127314790776,23.332287926566558,0.6400214627419373,0.5153666467572251,0.4163697875058262,8.789317957211793,64469.5249775598,P2 Matching efficiency
0.43581776474572403,4.855663557899514,0.4021705957531025,0.3399587044004101,0.3196389789206783,2.9557654611387347,52340.507749437835,P2 Matching efficiency
0.595288617965491,13.376152601476234,0.6836477082093492,0.4645129563043235,0.36181161309591986,5.091061568367513,78201.1545128965,P2 Matching efficiency
0.672084701711816,25.34147042887731,0.6555135218563978,0.49772820385540056,0.45629729105797745,10.203089045418281,65358.52252426502,P2 Matching efficiency
0.6444931020281337,20.98320005642771,0.7510130555190537,0.5064526512095295,0.3922891394219543,7.411065938990548,71940.354073786,P2 Matching efficiency
0.4393477160192222,7.8474293013482646,0.45132496718831516,0.4802393212310666,0.27167186300516327,3.1598664151708706,43170.34842983158,P2 Matching efficiency
0.5799027821703506,15.56933819788148,0.674918329213332,0.5038755724837486,0.34147863128442874,5.610292809390397,57691.864211041786,P2 Matching efficiency
0.47372302470248734,7.043014056687468,0.5822208021603288,0.41731215412996,0.2857123885394352,2.902672267052135,57585.41501282375,P2 Matching efficiency
0.6040163501895535,13.963759382705112,0.5762891056113164,0.45060274624356844,0.39617186793944464,6.050106494704764,68639.9905449118,P2 Matching efficiency
0.5660986453897394,13.947116796793257,0.5724170941138196,0.4802200348938233,0.3621123680443071,5.862202233610648,51641.74619000954,P2 Matching efficiency
0.6148995469736288,13.937508581457074,0.5787002328936985,0.4386883647255807,0.4054829082214719,6.032020285061927,75225.85339345514,P2 Matching efficiency
0.5700372089366261,11.252136889390975,0.6429571577661927,0.4308507076109713,0.35224424711099206,4.611436856598232,66761.30301232243,P2 Matching efficiency
0.2758786519379627,2.4680109407647377,0.3772058072446352,0.3287796456124089,0.20837080268961267,1.6120513828165837,27846.228435082772,P2 Matching efficiency
0.4841601815629357,7.270941926578565,0.5909498509742765,0.419949038836947,0.3090599976122871,3.1888203330883913,62118.72559212388,P2 Matching efficiency
0.563038348589231,10.870770182156354,0.5239392014053238,0.44813016707539405,0.3984996816175355,5.344000035648197,71272.99729377407,P2 Matching efficiency
0.6700610193463435,20.022067664143506,0.6278302823087716,0.4698539698230389,0.4255109595347672,7.556697205421928,88473.77876779933,P2 Matching efficiency
0.49071356861602267,8.059906425827736,0.6379915491534053,0.4310451975036246,0.3111132425348009,3.4583531044354423,56124.87094594702,P2 Matching efficiency
0.5498646810820232,9.983115109513852,0.5103516821817471,0.4411642324049622,0.39176378774393533,5.047128240870319,70100.69785745168,P2 Matching efficiency
0.34993489108285414,3.7496815908392276,0.4560123659836361,0.359698877613059,0.24003861783386016,2.0750585081980306,34578.03944419987,P2 Matching efficiency
0.6077890108763334,14.194586442127221,0.5651276163725327,0.47212794284382303,0.4166783628568876,6.275466860317502,81075.20469736456,P2 Matching efficiency
0.27277119315805193,2.4207580115249656,0.131524831805573,0.37923592105103965,0.20405983804592787,1.473419345719251,36888.64835367756,P2 Matching efficiency
0.6697004600134269,23.68929118225301,0.6555487397608921,0.4799604216149213,0.4361913160293759,9.276434390347477,64718.73356618111,P2 Matching efficiency
0.7452115809755476,36.59633225412623,0.6950024082394488,0.5004883700959418,0.5076848908761058,13.631817368514172,87184.36000216802,P2 Matching efficiency
0.6878073792890155,29.092601378100454,0.7418497763971391,0.5267948223164965,0.4294705558941613,10.329653822031283,70678.88844279913,P2 Matching efficiency
0.39899455477827234,5.4794748961412765,0.5386075020056512,0.4341293591597704,0.25263349576175986,2.4766927847957096,41960.74038577975,P2 Matching efficiency
0.4802488218640825,7.149120853433738,0.465469711635626,0.3961202546532942,0.33531153405759806,3.862970881964705,47982.5487488872,P2 Matching efficiency
0.5987577702089714,15.005909035044672,0.5808835690513605,0.47479434862407505,0.38977671327845237,6.273194761751923,64456.40079740499,P2 Matching efficiency
0.4199251480340637,4.418480163515155,0.38496905577109386,0.3318781858982327,0.31565597170355425,2.8224448821419057,51605.42979420211,P2 Matching efficiency
0.7206008720581352,26.986730039395127,0.6531185726546016,0.4899399377383789,0.4959042664931955,10.477636883981265,106408.44876985904,P2 Matching efficiency
0.4702669425191929,6.133755207641789,0.4331587887148368,0.378402015218046,0.3460924983692032,3.602478051487641,56329.15114001115,P2 Matching efficiency
0.7434462076024025,43.86199800680191,0.6959623538097724,0.5587887016300654,0.4916850835650964,14.56803308339899,92346.67436396806,P2 Matching efficiency
0.5329541410344872,8.576908554138166,0.5112062756095239,0.387604014172973,0.35192448759126654,4.096029569142211,60237.811986670014,P2 Matching efficiency
0.6600129153829984,22.12158777301826,0.6314107520475251,0.49850251757215214,0.44717817341473354,8.987397690146954,72429.33399685206,P2 Matching efficiency
0.5669904604595105,14.278478810327355,0.7571758611139571,0.47328822765558254,0.330783926555578,5.111308180396476,52206.95936723274,P2 Matching efficiency
0.6011880136375737,14.404462963633428,0.570628354235177,0.4704069155159135,0.40540145624033225,6.249388281463991,71950.46249686119,P2 Matching efficiency
0.7700094791600964,40.78879711967377,0.6990924728775538,0.5008415254840273,0.5034993299159939,13.887645682818036,108178.80464915703,P2 Matching efficiency
0.4671126918657868,8.718288370626066,0.6145857492474126,0.4904953946536255,0.27644488123019506,3.2901852203835444,50286.084205754036,P2 Matching efficiency
0.6399103520705071,22.310045961251735,0.6914499543022548,0.4979829785333038,0.3803186992151377,7.820191005140106,57219.45445325834,P2 Matching efficiency
0.593121534204762,14.07186785197851,0.7020709274339877,0.46134456829854764,0.34984119097952454,5.047695571740002,70277.91502479723,P2 Matching efficiency
0.47836724937280306,6.320713894582436,0.5863848058983154,0.3663834615760023,0.29937601138811787,2.7976978145542963,61574.03352254281,P2 Matching efficiency
0.5209341250189102,12.121142165431992,0.7221073256052629,0.48388763376526306,0.31974261442307567,4.827516921573176,43254.35897314333,P2 Matching efficiency
0.534968026819045,8.909378204482248,0.5027898677340958,0.3932332889920864,0.39232063109592147,5.02420435932698,56438.26672527069,P2 Matching efficiency
0.6949749081239432,27.664771680594534,0.6577153114349459,0.5118213881628376,0.4613145327174593,10.209332519621318,83333.07353785408,P2 Matching efficiency
0.2492794968048503,2.2263370037435157,0.3342032010572343,0.3650743528636532,0.1817963732501935,1.358378817611846,26848.005618210263,P2 Matching efficiency
0.5162250671505102,11.41558235391547,0.655852191954405,0.507484914968931,0.3031763554662347,3.9487688494218154,61231.64807528941,P2 Matching efficiency
0.5063461392781214,7.182211485031138,0.4626543268257517,0.38669741897547977,0.3749072211704298,4.143123657648655,64176.25472061641,P2 Matching efficiency
0.646011850580469,17.155667496366988,0.613394012363032,0.46487950585771903,0.4201059418918629,7.05413293266116,80990.43248143465,P2 Matching efficiency
0.6494922642726483,18.249435170529242,0.6099348792892956,0.46791669466185887,0.4499234009761941,7.956636196787714,77418.6870356348,P2 Matching efficiency
0.2972386294849729,2.8337048462762344,0.39758279411633685,0.3412381081053147,0.21008850176990487,1.6876062397789362,28466.931601190736,P2 Matching efficiency
0.53636287423233,9.219991607891414,0.503866169241355,0.4250239800895399,0.3735487517692336,4.6622485001372524,63625.174509410426,P2 Matching efficiency
0.7641824411514454,43.1944837336874,0.6945692502697516,0.535767089234535,0.5126389024139942,14.592092882002802,110415.25092226322,P2 Matching efficiency
0.5591869202388523,14.387897123549024,0.744454842286143,0.48842784334228556,0.32138159858974524,5.035044108640243,51040.35045383897,P2 Matching efficiency
0.38495985002786326,5.069995568468255,0.4876917382789492,0.40688985987366827,0.24289986946870795,2.3579902681423404,35507.93002789182,P2 Matching efficiency
0.6069550864168739,18.69736000999586,0.6149692336670377,0.4983157259158252,0.38957767822640416,7.4792143160921185,53157.457044648574,P2 Matching efficiency
0.5531419239998834,15.354032967622182,0.7658070690158724,0.522951971852603,0.31366626966370437,4.887147755991582,56788.64643957341,P2 Matching efficiency
0.4840994110796484,6.74736197547117,0.5494255433408516,0.38640211132408664,0.308450145285813,3.1137489021676568,58348.37910292889,P2 Matching efficiency
0.33497568500696706,2.8966310316692727,0.3960890525867696,0.31373040820761444,0.23760219317459508,1.6990696685859843,44245.37203035315,P2 Matching efficiency
0.5666410821326818,11.670042768753822,0.5458154459864444,0.4396424558750612,0.3795236669405804,5.368461072917697,60207.20425859354,P2 Matching efficiency
0.4933609673075218,8.892595574225052,0.5709160415211997,0.43561817292756516,0.3023382982648283,3.828929755492572,43389.76480931698,P2 Matching efficiency
0.6750074288585742,29.53414876058069,0.6798081769766324,0.515015978167955,0.42772858251332446,10.615527711303516,59025.16213101542,P2 Matching efficiency
0.7448941335775837,42.62665495038999,0.6966031654497655,0.5511627533022131,0.48130470078821685,14.195681912289148,91405.5183313802,P2 Matching efficiency
0.3385249552312103,4.072234433618882,0.4957784240005291,0.4002047948823252,0.2250896006560159,2.0925462317674173,30163.610426425217,P2 Matching efficiency
0.5836376394168615,14.819128691358419,0.5977887118409653,0.46136494212477586,0.3712562149928871,6.280620182217363,49853.7884349027,P2 Matching efficiency
0.2934390630582146,2.5902569558879107,0.2968718990811635,0.3605349687742848,0.20439234676238568,1.4513292823582817,38983.69015448012,P2 Matching efficiency
0.6701300006227151,23.569842696319878,0.7433943672647613,0.5195357344373775,0.40270157318444866,7.940699997429858,87296.24599438263,P2 Matching efficiency
0.7340639912435045,39.219785607939365,0.7854010816202623,0.5454972538544746,0.44645587126812886,12.60700134640194,87683.92738098023,P2 Matching efficiency
0.5288915128750946,10.182683826367724,0.6229422387164895,0.43520152558399405,0.32644883910871164,4.264130204005354,50961.20589408548,P2 Matching efficiency
0.6654930956393607,26.298057304696993,0.6476789108679063,0.5301463291839307,0.44255712068958647,9.936916690166937,69388.65844206265,P2 Matching efficiency
0.5999945121547964,13.647998169080186,0.5872753794062253,0.42851707169926695,0.3946182411302916,6.053234776745586,60531.58544458275,P2 Matching efficiency
0.6584767829797196,23.20740103937954,0.6437232966662824,0.5008529722920072,0.4130274324205686,8.522762555639206,67491.58121768755,P2 Matching efficiency
0.46731424434172775,5.250508800333493,0.42859973890719033,0.33011441875917963,0.33098517044913844,2.9801757417091785,63877.17836988345,P2 Matching efficiency
0.5718070590087534,13.967390422515262,0.5525507823999044,0.4976572141579997,0.3926923677951172,6.208762687523141,62672.46742922912,P2 Matching efficiency
0.5786516664826422,13.72660066591611,0.5658783567302351,0.46689073956413474,0.38778852469735325,6.137944911400866,57591.615516353,P2 Matching efficiency
0.2863305829814521,3.22622696923048,0.2065941204634319,0.4497518675879727,0.19329717308103675,1.6164997519262065,32783.864891859965,P2 Matching efficiency
0.29722734835751663,2.77944700998438,0.3017652202130657,0.374437292124948,0.21260880871235552,1.6022422706995372,36887.108895066296,P2 Matching efficiency
0.6112725930940145,20.6701288044775,0.6312195381449475,0.5136790547788905,0.3721136452722345,7.681115007875732,50390.79289073225,P2 Matching efficiency
0.6955537058917592,28.389245450730343,0.6583233619314517,0.5184927444161567,0.4681260354750291,10.705668339740908,81095.17035672283,P2 Matching efficiency
0.5706728137336965,16.34487178223402,0.7235057918234568,0.49489855726053555,0.32718956245766645,5.646020687878142,47118.02805466817,P2 Matching efficiency
0.45031592890082867,6.306659586194092,0.5135831569085462,0.4053702393193655,0.28042586724720603,2.8060267471244758,49508.74545076558,P2 Matching efficiency
0.4965242484434888,7.6478440058683415,0.5334333100177172,0.4063211816421175,0.32112203189128086,3.521840970481018,56310.09214386021,P2 Matching efficiency
0.28631899471150335,2.6998434980466506,0.24528818499444371,0.35995624391117464,0.20215900709604673,1.5506632057815994,30721.342686344782,P2 Matching efficiency
0.7516136889797196,46.622347471919795,0.7051572830156994,0.5536559072628673,0.500800130161302,15.667168031228945,88716.33377300148,P2 Matching efficiency
0.5709771740283196,10.594705864315044,0.5783592413178125,0.4313193988230998,0.372033782163069,4.636421126713715,78128.20408595598,P2 Matching efficiency
0.6376641340376679,20.75712680251988,0.6799920101271084,0.502301313818867,0.38316222724615956,7.173664287607452,67708.53413836485,P2 Matching efficiency
0.41082826526761307,4.255879231945373,0.37126712631770875,0.3206919271404786,0.319079962251342,2.9158380882582438,47076.14515002484,P2 Matching efficiency
0.5980591362611878,12.062869046969256,0.5499624744885097,0.43584795686234706,0.41450122977166365,5.5741765138122465,85352.55395021936,P2 Matching efficiency
0.2706677052202189,2.36057888100692,0.3610985588681701,0.33900908005725705,0.19393324660968905,1.4082872528704806,29790.409212184175,P2 Matching efficiency
0.6782573023659605,23.921585287478415,0.6357150475967348,0.5089595835415107,0.45759875111229636,9.246228889958765,86158.30013043048,P2 Matching efficiency
0.7024419777486353,33.487424063144104,0.6798397945957334,0.5329224872373526,0.4718704270778452,12.351368807008473,71790.43275775158,P2 Matching efficiency
0.6794707234037001,19.223979921979414,0.623085813396596,0.4456211589152404,0.4696283143440703,8.181485849654072,93188.04435448637,P2 Matching efficiency
0.6472702371007206,17.37325584549617,0.5969521881852629,0.4725752082300798,0.4522165459855056,7.617988606949632,86381.92766044183,P2 Matching efficiency
0.4162032935900978,5.382137625165041,0.4866343558471547,0.38784108682691537,0.28011680691753,2.791572697214121,40830.40062430152,P2 Matching efficiency
0.6481729431838348,15.609137023763187,0.5968226502135031,0.4277910304139037,0.44994525776922634,7.0114552601272,86366.22945941656,P2 Matching efficiency
0.48450811650751424,5.911463601032831,0.47755361188078954,0.3389481972648225,0.33495278986380395,3.1774862255316374,62541.25286563251,P2 Matching efficiency
0.21505299915564777,1.8719187828093629,0.1984962781999707,0.3628331322585806,0.16344590957566366,1.2050354390687212,22201.514512143018,P2 Matching efficiency
0.6671952231478401,23.79386001742554,0.6288024288548186,0.5256160210209166,0.4504204093625937,9.195691005688758,82953.82496596062,P2 Matching efficiency
0.5735076326866821,14.399548015689442,0.5639306173499292,0.4884020447925991,0.391041899867329,6.434740753901033,56432.35938428566,P2 Matching efficiency
0.5514543697158772,12.321539305421997,0.5446029859136877,0.46038789292037186,0.38447445552709586,5.9301482745302145,51227.60910740538,P2 Matching efficiency
0.25092022158386296,2.244880139916022,0.35781831271262005,0.33843716381826155,0.18113075366512285,1.3704300826484719,23952.26829613871,P2 Matching efficiency
0.5234418079561883,8.95375131856544,0.5087673288205224,0.4337158955116945,0.3411740503120832,4.109805156530699,61304.74635593583,P2 Matching efficiency
0.6168472331960829,13.168644149917998,0.5712783022586683,0.41794400645426655,0.43595019222420905,6.382415276551546,76663.40859216034,P2 Matching efficiency
0.44253745118619925,6.325553165460816,0.46356874849175583,0.41238612110750805,0.27437516243211163,2.9039957142149877,43013.22362736979,P2 Matching efficiency
0.4811402256481448,9.220662652993179,0.6438623736854365,0.4700592667576997,0.29266156418999173,3.550876303914971,48644.04890067973,P2 Matching efficiency
0.2262448275369754,2.0292554348394125,0.2559525255143772,0.38547103527588483,0.16930688425100335,1.2667628557437345,24770.38562316182,P2 Matching efficiency
0.6751974039896074,25.07549399607886,0.6470330953676031,0.507898910570943,0.4489955777862044,9.647992390134096,74003.48284819741,P2 Matching efficiency
0.49804388071473066,8.147656640060795,0.6437529580578886,0.4231184048872733,0.3136226231529109,3.4720789399657175,57570.26534280638,P2 Matching efficiency
0.7765755740000949,56.53543411549791,0.7216957354771906,0.5585406081628523,0.511042169303472,18.114308605104714,94708.42568109834,P2 Matching efficiency
0.39027661868963903,4.1729953408101546,0.42186266574786935,0.3396033244022538,0.28081227907643863,2.462487075631386,42624.74559795277,P2 Matching efficiency
0.5427768007316957,10.476170791866174,0.5278558256961446,0.44499503565594345,0.3582491764807321,4.774316856324694,58632.485838676344,P2 Matching efficiency
0.292989652433498,2.6661449532116293,0.397913580038074,0.3452619473306623,0.20460143846241644,1.5114338922736852,33024.65333046195,P2 Matching efficiency
0.7226568145809126,37.59031154762296,0.7360847737064079,0.5426845175169073,0.44424397387819337,11.968721080744531,83917.43622775137,P2 Matching efficiency
0.36160721395334616,3.4105109852648336,0.3770501395393473,0.2941307419908779,0.27091295340798716,2.22989642580875,37960.13729822176,P2 Matching efficiency
0.2409829754320733,2.0273193673067635,0.25895412640367493,0.35404382453990435,0.18204023849958503,1.295512698410224,28317.05585245145,P2 Matching efficiency
0.5361478035548879,7.133593075174192,0.48094446476589986,0.33980487661159264,0.393035986118348,4.096593002123155,76530.86870433348,P2 Matching efficiency
0.5238955742321588,9.033858756403514,0.496707810133175,0.417312372616345,0.3806854779817483,4.927292693668976,54989.875297355844,P2 Matching efficiency
0.467628461967731,5.054283667207649,0.41339880797934925,0.3354384387668826,0.35004353530080357,3.1013364711361393,73745.96454964894,P2 Matching efficiency
0.45374462734391385,6.134421971352061,0.5243054047459678,0.39972441267598063,0.2967966512995582,2.9035836394754435,54564.11608705805,P2 Matching efficiency
0.628980612802397,14.264996473395279,0.5810023538671925,0.43603713385122794,0.42185883505085847,6.1644618270661695,86858.43326241238,P2 Matching efficiency
0.5586322840395834,11.202675609707196,0.5353192429688403,0.4439729272039444,0.3806628390119852,5.28824545627133,60960.36172720424,P2 Matching efficiency
0.3691015358687016,4.617857648956068,0.49820318847576894,0.4046421206384241,0.23312881583019654,2.234008559066143,33342.151435070446,P2 Matching efficiency
0.7385249141353128,31.338206704312615,0.6771758115871592,0.49039882767746495,0.4809733518280078,11.429602694828223,99664.67249852735,P2 Matching efficiency
0.4627835345327833,6.680947916700307,0.5252305874157702,0.4300729599614191,0.28716440837036183,2.914734331789625,57858.66459532619,P2 Matching efficiency
0.37608384124341543,4.267900439914992,0.4876715272035847,0.39344767477439463,0.24718698599914804,2.10020819165984,45401.84334473068,P2 Matching efficiency
0.6580373968512572,18.702140889512815,0.6041403309270511,0.4848687672349862,0.44735295046846874,7.6562114714915275,94567.80837308917,P2 Matching efficiency
0.44709190647978647,5.129780216011348,0.41141564905908834,0.3285526116384724,0.33937947724236833,3.307908433378332,50087.35923523105,P2 Matching efficiency
0.41628999580728776,5.4742583060093954,0.5062742367567504,0.40569744739389735,0.25214155515460696,2.346093112988719,45918.35508964786,P2 Matching efficiency
0.5114248495715283,7.489663636851986,0.46440727763532824,0.4132858347495574,0.370001015733889,4.074214207928071,72397.07445811376,P2 Matching efficiency
0.5598077204409343,11.289241223627068,0.6583089104519535,0.45375896655902687,0.3494291674208768,4.469756191484893,71001.12234817607,P2 Matching efficiency
0.6015888773907292,17.918590331297814,0.5912527014249248,0.5149800195066763,0.4067065629292394,7.486183676647557,60351.88269329319,P2 Matching efficiency
0.6003399482833736,14.090593524880925,0.5590550602522129,0.4818355988444723,0.41665716900705496,6.284137379658744,80107.97112415939,P2 Matching efficiency
0.6196439786811156,15.447275311164796,0.5801493986934956,0.4683400945546094,0.4355968421361065,7.124146562518806,74031.90887155833,P2 Matching efficiency
0.44356062753598907,5.298830226606593,0.4224043114463374,0.3493833000803153,0.3109138143233594,2.9995241656420526,48579.128214236494,P2 Matching efficiency
0.5573941537366204,13.499128146975494,0.6741630539130484,0.4729212693005443,0.3310473390536863,5.012482298603121,51220.330321861766,P2 Matching efficiency
0.521576104676784,6.919928231865151,0.4724384327101899,0.3595805010247859,0.36764201233672017,3.7188010515644656,76701.61502958096,P2 Matching efficiency
0.4208938382738262,4.688558610389345,0.4513659472070451,0.33513090748719637,0.2768141129505478,2.4395903864505986,46166.7296101573,P2 Matching efficiency
0.4644593336253629,8.515277222854607,0.6723027848681761,0.44685847795224415,0.27826861896838706,3.508810951451474,37279.23595513041,P2 Matching efficiency
0.5136395871842387,8.998085141867799,0.4952829568331323,0.4267568698496734,0.36153817685041856,4.664519663913849,51883.56164597004,P2 Matching efficiency
0.4072281717709519,4.745119064320342,0.4924026225164798,0.3925881532649423,0.2652032730447418,2.2912577005341004,53560.21813208417,P2 Matching efficiency
0.6240959860404969,17.747616099758286,0.6074824247629769,0.4722687684133825,0.43024146455243106,7.914082473998293,60806.0990463512,P2 Matching efficiency
0.574117046125226,10.70917834426801,0.5335279157107123,0.4139613062438917,0.41255576335914756,5.533074491581052,68823.26802670227,P2 Matching efficiency
0.5189139309252278,9.649710104297377,0.6201382636687904,0.450365160461412,0.3149016141946907,3.876975084880475,56820.469482963446,P2 Matching efficiency
0.6920457181341996,25.75422557301018,0.6641893361077562,0.5100647971777702,0.4228800089678123,8.72848289210371,92856.88332257798,P2 Matching efficiency
0.6428883917652648,16.834625664280793,0.5956155713576755,0.467769958692962,0.44045132097660167,7.184985361289968,86904.71357127305,P2 Matching efficiency
0.40851094370446506,5.293763971621533,0.4802211234111999,0.4010439542386851,0.2603660870986909,2.554280820677757,40270.07018239213,P2 Matching efficiency
0.6856140485176812,21.71053370275741,0.6296392600592321,0.47836303812597947,0.4620872986018304,8.491246738797635,98841.41609625261,P2 Matching efficiency
0.32387847936560615,3.057479678055954,0.36697821856832497,0.35447792636009323,0.21011810231058473,1.5298320098229616,40644.09019119849,P2 Matching efficiency
0.37078030845554627,6.113418927278951,0.3640498315718832,0.48467160527228437,0.23122015500378607,2.582711787621482,31664.362023139427,P2 Matching efficiency
0.6970691411116855,26.740244906628952,0.6576730702521075,0.5003423050153516,0.4441689729925975,9.601265938908796,84661.51133033352,P2 Matching efficiency
0.5365198432319817,11.237583567273669,0.5234608392042935,0.46386268121469787,0.3779795616639784,5.541738135823419,52531.752326819995,P2 Matching efficiency
0.5329581420532973,7.971079368220002,0.4904306546676426,0.3795263280885369,0.3802661320208005,4.320615861861398,67298.74649357518,P2 Matching efficiency
0.6954213935422653,28.488343865291405,0.6601877515299533,0.5300147166176701,0.4246464123783598,9.515196968469747,88679.46434542564,P2 Matching efficiency
0.7510713118901263,43.05165680615636,0.7046648549726773,0.5310112103897513,0.4918648273995707,14.391034158941904,90022.43335482196,P2 Matching efficiency
0.7181608139749625,41.731577419459,0.8011646003111447,0.548712362755655,0.44107905840044126,14.155036711005446,62835.147429007986,P2 Matching efficiency
0.6126942834358444,20.392252502690695,0.7179650935904703,0.5161299795876282,0.3654565585233909,7.20551082073007,54136.219779433515,P2 Matching efficiency
0.7194642283388245,34.514952058107916,0.6872816169717626,0.5153952171464435,0.48711796168837534,12.738238872898044,77044.7110958366,P2 Matching efficiency
0.7069791960472929,28.325100085518958,0.6500354516022051,0.5245369860860433,0.47376785909492336,10.332285254479837,101589.34042132877,P2 Matching efficiency
0.5150546710641842,8.499532556518622,0.5597183909300206,0.4082482444418662,0.3325857089822235,3.8922708125779475,55339.916162211775,P2 Matching efficiency
0.4400490161513759,5.70936878615152,0.510928421580516,0.39313118661123103,0.26745358277905856,2.5070650671612493,51265.77635406333,P2 Matching efficiency
0.6389755209105323,19.89594745675026,0.7438812780851994,0.5172531597671047,0.3872632805605119,6.872966828391916,82556.06157981076,P2 Matching efficiency
0.6835588536528846,28.262721832956554,0.6556145774058647,0.5399184529577815,0.41674923479936393,9.49699029199183,80899.07033646326,P2 Matching efficiency
0.5240350718953948,8.095516613219967,0.522008760015339,0.3789042759699114,0.33957596464054834,3.8213332338711457,58468.16619265422,P2 Matching efficiency
0.6367335025451976,14.765897380178297,0.5866161994293234,0.43113281600350734,0.44229833209518066,6.659277245924437,86317.24722421067,P2 Matching efficiency
0.25314791292070005,2.146021992560192,0.3504800509362382,0.31381212437049666,0.18370769579851387,1.330764947723063,24937.1164288046,P2 Matching efficiency
0.2945433561436335,3.711927058472169,0.41705330048377054,0.4501998813261798,0.19104871528580913,1.7812730470174476,26164.52943976876,P2 Matching efficiency
0.7666424361653486,48.28979687138126,0.7034497988768379,0.5514958926004516,0.5061257279632764,15.60393034484132,105430.8378054801,P2 Matching efficiency
0.5526814777556242,12.624567108656017,0.637565451966651,0.4689405311649836,0.32469585495857667,4.7457437531069875,52360.82722185044,P2 Matching efficiency
0.4763096385804509,6.946356262796901,0.49266209176710785,0.4060836855623765,0.30051231597770783,3.148086759172666,53870.275403301624,P2 Matching efficiency
0.3171305493456346,3.1804960412059105,0.3962048620201441,0.385776794226611,0.21206964033506295,1.6496372841206985,37819.57524800961,P2 Matching efficiency
0.38058783723835843,3.3905426408067694,0.4357515261455026,0.2943325721852683,0.25125330860028583,1.788735315042158,53391.12163236579,P2 Matching efficiency
0.21681710878936095,1.4849134028938618,0.07604658428487204,0.3117253458911847,0.1708565777458189,1.0196687297956122,33771.57861931635,P2 Matching efficiency
0.5601418572858562,11.339077964778744,0.575121298052864,0.4370093554751761,0.3513070751264231,4.846902486824966,57441.074690745394,P2 Matching efficiency
0.5189894163349037,9.86522633716506,0.6585482566827543,0.470087379789853,0.3241023129877159,3.9885200285788884,62760.91892820985,P2 Matching efficiency
0.3844314284170142,4.98661575935223,0.49763537132038094,0.43394797872738095,0.23875780662069457,2.1822233755638787,44442.61879733505,P2 Matching efficiency
0.2595685438236845,2.136741099479154,0.21199616454240816,0.3527008030430286,0.19689596575140525,1.3511739969310463,35443.89675876196,P2 Matching efficiency
0.2589726695410156,2.005878775352206,0.14237659379020348,0.34363570349994815,0.19754221070296218,1.2872685209414212,39884.26846095693,P2 Matching efficiency
0.47714256676161915,8.086105779097137,0.6136252000121641,0.45789036859361115,0.283051040697976,3.122070729130732,56112.44433551078,P2 Matching efficiency
0.4746016656460348,7.711672150954187,0.4709339255971212,0.4256136039722966,0.31905965436586575,3.8765390915988744,44188.71999024134,P2 Matching efficiency
0.7715240850522642,53.012417619458496,0.7061611155826402,0.570631714917048,0.5166728318705427,16.985218301094335,107550.40065807027,P2 Matching efficiency
0.21502127227494763,1.7619769583256462,0.17567276737456775,0.34055423893291076,0.1723019457662823,1.232840785639656,23591.36243669701,P2 Matching efficiency
0.559079155189499,11.86272833733993,0.537284477191031,0.4572446250801977,0.39430594153407583,5.801322136266062,58699.06207770745,P2 Matching efficiency
0.5988621545681656,15.393702226748903,0.5831641854384243,0.47240876715189767,0.4072088966667015,6.862075733350684,59925.385094701625,P2 Matching efficiency
0.41092495441141696,6.241287382023872,0.5767688795027897,0.449014751462904,0.2549270142089592,2.727187344589187,38730.55157379493,P2 Matching efficiency
0.562170733217972,10.740944424924745,0.5417522289710903,0.42513449994110636,0.3655328824511814,4.854757991226108,62410.23097264825,P2 Matching efficiency
0.213157658958005,1.9204529813935163,0.24443692582453297,0.37978139221420304,0.1662586784165011,1.279448856809111,21900.928606222195,P2 Matching efficiency
0.7948694901420749,56.711853055039676,0.7195238723733808,0.5405966274762414,0.5388389963596777,18.707295791060655,109866.34140748148,P2 Matching efficiency
0.5449338121884343,11.86874524829148,0.5345316065329777,0.470863524649887,0.3705512013265813,5.524511503289401,53442.801555143364,P2 Matching efficiency
0.46700675072688713,7.8472858055876165,0.5155514184324241,0.42596822106865584,0.27811268106055714,3.326637008094322,39300.94025579267,P2 Matching efficiency
0.5537306303645609,13.410171860046002,0.6707844644424017,0.48271258221706337,0.31117165799522484,4.625814521040623,53144.004019007414,P2 Matching efficiency
0.37392658033835857,4.615351949476024,0.5342209981505449,0.3872425091612494,0.24980332119122936,2.3712653837194764,34516.48510297903,P2 Matching efficiency
0.37933906534625833,6.389392345936076,0.33209343110834394,0.486159765592044,0.24051280252246005,2.719082854190919,33082.7856383423,P2 Matching efficiency
0.40296664791812636,6.399842333368064,0.5845758129140699,0.4470392414927682,0.24226839081983706,2.6796876202226394,33273.23559436551,P2 Matching efficiency
0.21336666623828568,1.6187735550415594,0.1498497683034332,0.3439919967063544,0.16807792541955371,1.0914619848307325,28897.853316575925,P2 Matching efficiency
0.6257314111929992,15.763071936624407,0.6007049193014986,0.4405216931810684,0.4207166181635438,7.013406527888861,65283.03104514361,P2 Matching efficiency
0.3615180604039062,3.7875736545373653,0.4659705322855054,0.3652001662231857,0.2422937434525739,1.9660997454952733,42587.05872161473,P2 Matching efficiency
0.7279108778195638,31.073161220401428,0.6729515138273773,0.49980255187452793,0.45993189314426236,10.628892631256711,99275.95327551055,P2 Matching efficiency
0.683853612509128,23.907934530588772,0.7577198338726371,0.5045762612690848,0.43423549613914925,8.822208122592409,86467.75491736218,P2 Matching efficiency
0.5970664094136955,14.057961613191967,0.5775054213983147,0.4524227393145581,0.3930072597935095,6.111132147030796,62976.650389827395,P2 Matching efficiency
0.4779606517900565,9.063912379659186,0.6620469007029284,0.46793263660423884,0.2869353276696664,3.5684155485929585,44865.089547540905,P2 Matching efficiency
0.6006334407895284,14.306995001107655,0.5731261982672743,0.4551619850506907,0.42359373841430137,6.819232549184767,63875.03418537363,P2 Matching efficiency
0.14359032385634887,0.9891192672843138,0.12242745355955029,0.29927975817966646,0.12754397421384536,0.8065494737232859,16860.180339220024,P2 Matching efficiency
0.5037621370410552,7.048678560347133,0.4587447691909799,0.3910779402261528,0.37120433550381604,4.023456312974755,66918.48973671976,P2 Matching efficiency
0.331078731332666,2.929045591351203,0.40843454289134445,0.3293756157229634,0.23205342417523356,1.6703405172576127,43947.75444619708,P2 Matching efficiency
0.6442513797402893,21.6250833335298,0.6364687348037288,0.49377921650498807,0.4161907226379676,8.463859730728794,61195.63308216037,P2 Matching efficiency
0.46179535646348974,6.191898451772187,0.4355546634236791,0.37749696743577926,0.3357355676439503,3.6257136423899357,48411.46268518532,P2 Matching efficiency
0.5595856971875951,14.08031936900996,0.5724240515454936,0.4844335656761624,0.3488327170232136,5.749605528921816,48306.15977501402,P2 Matching efficiency
0.49578421371380704,8.902229911939042,0.5803804107169541,0.45083207488158983,0.2986531520003494,3.4387781038590255,56013.981297317296,P2 Matching efficiency
0.38076625004848424,5.219796250378594,0.5478864892874136,0.4099728613155024,0.24214663662594205,2.4196861162891494,33008.98678045623,P2 Matching efficiency
0.4264552826794031,6.807002977771295,0.5443114005688839,0.4397917840555387,0.2573900042087579,2.8285923704987033,38006.78467256252,P2 Matching efficiency
0.24702894700046388,2.0979205575693727,0.34245356394597865,0.33126208001731844,0.1838549807562478,1.329949264153632,25986.91124261707,P2 Matching efficiency
0.5200916641036737,12.12111902089524,0.735316255791238,0.47755671758385776,0.30232205023024,4.3578837561005255,44294.35636703931,P2 Matching efficiency
0.34709954628013123,4.783375065733117,0.49692475331219865,0.45255746830851884,0.21942459703697298,2.165661617151439,31860.86394428197,P2 Matching efficiency
0.5038736974804944,7.309109878693294,0.48844676479234095,0.4051080553663465,0.322452703477138,3.3587643758164263,67892.06225751089,P2 Matching efficiency
0.325844643116014,4.316547073764579,0.4377850158787638,0.4506428138601144,0.20953451751165633,2.0090217108853157,29818.450834954292,P2 Matching efficiency
0.7039906357875573,32.98161993049271,0.6752238185774783,0.5333968527122733,0.475755038179906,12.165746680841538,75704.17712324628,P2 Matching efficiency
0.4328906362918656,5.550566146460343,0.5022926538562811,0.3697927277480904,0.2804086058066564,2.7068548356843785,44001.68848049354,P2 Matching efficiency
0.4228993525228946,4.438445387673782,0.39802913019578295,0.3070583261208654,0.31684579247886635,2.8525022310738177,47366.89502836086,P2 Matching efficiency
0.5168919880535996,11.854139336565487,0.6576381265407765,0.4800107056170338,0.29593163286705587,4.275245751048619,43590.88072185803,P2 Matching efficiency
0.4920976512620472,9.526871875575099,0.6567792239954504,0.4713378688513031,0.28579301775681776,3.4864472510120477,51030.677178249476,P2 Matching efficiency
0.5410726248018686,7.856018502346257,0.5856685168618686,0.3578252171334763,0.3480574307013287,3.64647181182859,72621.22356086555,P2 Matching efficiency
0.5649698900908408,12.711585351318048,0.5447806895612162,0.4762392609422063,0.38730463665008114,5.844337902970782,60695.161853768936,P2 Matching efficiency
0.2974400430135293,2.5836135515062297,0.1534062217380364,0.3587971152320324,0.21835006257639428,1.5369241643730223,42893.13301847935,P2 Matching efficiency
0.5917363635100525,12.306563287530023,0.5492993597854144,0.4521489999027631,0.3966876639945459,5.465889009948272,80768.68279070377,P2 Matching efficiency
0.5975170077048676,18.13718324683891,0.6018646331010676,0.5096281878284797,0.38871056848464886,7.411961186381574,53250.05332658241,P2 Matching efficiency
0.667511597209321,25.08922888138108,0.6579625744090106,0.4934490107638005,0.45304764446578855,10.246196856050764,61274.60614702229,P2 Matching efficiency
0.5751774465683083,14.16874061472404,0.5718583418447228,0.4713332682676014,0.38000535866192664,6.171891407182112,53748.54582415749,P2 Matching efficiency
0.5898641249985103,16.382286171244147,0.6706271657871946,0.49210842945513994,0.33377530662031973,5.2859194244574,62428.23494407659,P2 Matching efficiency
0.5571302918806088,9.511290958763283,0.5196081200876632,0.3914824518364035,0.4006624856593699,5.148213429110534,63030.24268659766,P2 Matching efficiency
0.6827193274985582,22.19609832004368,0.6347848997439599,0.4791869714424111,0.46277546745363357,8.910451489432205,87494.16465146444,P2 Matching efficiency
0.43939471575737343,5.959020854483725,0.49582430215053613,0.37078204142774435,0.29160285557067706,3.015485613397821,40491.83941475253,P2 Matching efficiency
0.5840272150263185,16.579270446917608,0.7742738263669767,0.49679577947950343,0.35584021194996557,6.239782521940588,51449.468084545806,P2 Matching efficiency
0.26305158033717485,2.351187375666895,0.26281303573323667,0.36597606717700704,0.19736964978850577,1.4800293001941591,30386.470848596826,P2 Matching efficiency
0.6340028857913688,14.31491167414615,0.5765024080120184,0.4402617002309218,0.4428642859265315,6.565372650471362,92113.19739638465,P2 Matching efficiency
0.6263932911100928,17.99574455704518,0.5986593975402517,0.49430427420643314,0.42866804950451404,7.6267728783772535,70746.88789864024,P2 Matching efficiency
0.4355272131898846,5.71083505241171,0.5406872513807701,0.38197054271476133,0.26716406608787135,2.5561352591198614,45421.721488915864,P2 Matching efficiency
0.5303694023787124,9.4201083659339,0.5089574112500149,0.42046898364134905,0.3699948670465199,4.781418276979635,55395.03955040159,P2 Matching efficiency
0.6141897919326452,17.587691341301735,0.6603448067754312,0.47671355444848074,0.3767291684947675,6.657038853883812,58009.17633828719,P2 Matching efficiency
0.34177155539502513,3.9853693848439207,0.3611136415676648,0.4409090624065904,0.22557978521758182,1.9135258833054052,43965.79138834114,P2 Matching efficiency
0.31300588693811787,2.8817969167391673,0.35156950087515104,0.3445052943445811,0.22080531670840778,1.6540228522423492,37132.12873974714,P2 Matching efficiency
0.5462274337065218,8.289653212450881,0.4952782086841722,0.3867324392368895,0.3949623120412466,4.448336952167499,78317.986198768,P2 Matching efficiency
0.5270239970104835,8.881775734441353,0.5109634196241338,0.38942165208484253,0.36923088784601404,4.693961793153866,51088.95134847815,P2 Matching efficiency
0.338107237791766,3.115788541519873,0.4104254125523789,0.3286177462424654,0.22369772002258873,1.6777737331505842,39246.64066402978,P2 Matching efficiency
0.5173071596361476,7.965954380865316,0.4878555217400327,0.4031308219341174,0.3576212084587433,4.050110515097633,63455.88884481437,P2 Matching efficiency
0.7227552706524738,36.23859108943544,0.7700978613582995,0.5329074475190463,0.4387121241764997,12.173370885943376,77202.53965652754,P2 Matching efficiency
0.6740451331532257,25.171075114524793,0.6761238675355872,0.4719734616046566,0.4310775474802176,9.705546129200211,58701.554898060545,P2 Matching efficiency
0.5899684879799467,15.09470746065499,0.5946862029616337,0.47094147353538923,0.37292185715347437,6.244316426716393,54366.83773515234,P2 Matching efficiency
0.4374985071298536,5.354477255810215,0.47670300447942254,0.3608970036622517,0.2922506570615407,2.8450595938278136,45486.622281805634,P2 Matching efficiency
0.23743238325263363,2.051250983545863,0.3117511300625143,0.35361012262472546,0.17850101170736007,1.3138045904820606,25469.93945701387,P2 Matching efficiency
0.35790897132614774,4.027817203458523,0.3525616534677744,0.4176103028044943,0.2372158769448191,1.9642559941702085,47638.96165329982,P2 Matching efficiency
0.42229691830684807,6.762186748514578,0.4964792077991175,0.46489018789200687,0.26570579802521455,2.823755957248607,44928.11021403964,P2 Matching efficiency
0.44076379586222586,6.036505989681361,0.4594796909381108,0.38901465831662685,0.2894733917696656,2.9790772668952554,43249.15723612415,P2 Matching efficiency
0.36436028949427274,3.686904247358237,0.43286923521065224,0.36458427923978176,0.25533683738451335,2.0682597072154474,46277.05505951601,P2 Matching efficiency
0.42899502791880395,5.577933180423943,0.5312360165057275,0.41951247770970124,0.27708943891962445,2.5499816899996732,57824.727089509106,P2 Matching efficiency
0.663582720746234,21.549974080851552,0.6131184448482392,0.5200791252669482,0.45112380987598344,8.478564097692528,94051.11146900381,P2 Matching efficiency
0.3496194263318348,4.272154507641282,0.5006557379731738,0.4025116907401036,0.2348398822989219,2.1871148244467182,32547.820913739855,P2 Matching efficiency
0.4423080734989341,5.937716260421697,0.47485827157488397,0.39116103322718515,0.2979361210070247,3.084707231455757,45095.10291338217,P2 Matching efficiency
0.42256221163439434,4.528395701633849,0.3955024112401416,0.3432877557441281,0.3037738418430268,2.6312965172256937,54791.72112276405,P2 Matching efficiency
0.47745918836367385,6.40330524795381,0.44018958479821274,0.3840288698315826,0.35106559105914803,3.721009894121595,57441.86122602515,P2 Matching efficiency
0.76220452719633,44.10428148177739,0.7239637572649011,0.5318835752292166,0.4757113523878187,14.430043529116968,96341.62963325008,P2 Matching efficiency
0.557934966012429,10.828758124715947,0.5280752569468439,0.43560204894211874,0.39544289850688547,5.449397011649676,61980.78787949801,P2 Matching efficiency
0.6135818399825356,22.962147641144767,0.8471450956288104,0.551650829606622,0.35655364174452714,7.210085926966478,60478.77695081602,P2 Matching efficiency
0.6594595747277499,26.49912958050728,0.6470783417988984,0.535987879017416,0.4394522006370073,9.995235688101081,66498.26771965926,P2 Matching efficiency
0.6385647925980051,16.744262112773487,0.6001181063361934,0.46738732052549536,0.4189183658729824,6.838033782849739,81906.39025337553,P3 Expectation guidance
0.5913691525364431,15.514067618320846,0.5733119436284254,0.4956960193191728,0.4053047966937627,6.831605866868618,62346.70604734124,P3 Expectation guidance
0.6895943248487227,32.165046377743536,0.6795654798167169,0.5386345037119108,0.43100134722794337,11.087321756622318,67647.89881368785,P3 Expectation guidance
0.6680711685487521,25.738802166530483,0.6479050316631797,0.5228891050661828,0.43488046092270655,9.550923096687413,71056.36876687109,P3 Expectation guidance
0.654345663981059,23.84524164597448,0.6642422588073638,0.5024175469467095,0.4061164393263798,8.608413524973816,61728.19160813818,P3 Expectation guidance
0.32163703721983666,3.834442914888994,0.44330166576874186,0.42502343508546425,0.21052937048049133,1.8654834784104282,31932.467949257178,P3 Expectation guidance
0.6892398189817811,21.437397554039208,0.631722866924462,0.4695017784774466,0.47281628253630187,8.879943553291529,94303.5330620797,P3 Expectation guidance
0.4431628538732759,5.3607319553102535,0.547650877391763,0.378641318495046,0.3057817925611541,2.770156578095114,60132.93471332053,P3 Expectation guidance
0.21245087111329014,1.8658755500914301,0.18558735874104534,0.3694994654214536,0.1643517515407524,1.2168470655095547,22329.32252658871,P3 Expectation guidance
0.2974331000544612,3.4212904044699415,0.2600279349423994,0.4283540982879969,0.20408933350316694,1.779548276705916,29939.11187515291,P3 Expectation guidance
0.6028492320152525,13.635200041101912,0.5858457847994024,0.45060538171973086,0.37816856511282715,5.365005225209727,77072.56973962458,P3 Expectation guidance
0.4842455191544807,6.446491594019458,0.4529655735220858,0.3809351937251273,0.3365437002271059,3.4340701025702542,61050.35717866423,P3 Expectation guidance
0.2961953719687622,2.906879184290001,0.35022176991631443,0.38864364758513625,0.20570142210911388,1.5797510843208702,35274.65129384617,P3 Expectation guidance
0.22521538352552448,1.879458025233765,0.2968968071875179,0.33516010392590456,0.17494077433985075,1.2752327518442816,23402.44921084129,P3 Expectation guidance
0.6221902341760361,21.40761911986087,0.657527636998097,0.513661548080628,0.36642759082045356,7.347874441901659,55732.463145910224,P3 Expectation guidance
0.4491387051517828,8.8054916703013,0.6729416212379128,0.47595242811420463,0.2597678923645576,3.27162956654004,36513.21833515489,P3 Expectation guidance
0.47097918942384537,6.608515105517941,0.4605658557220085,0.36972626072573483,0.3346143447763107,3.7425194190050384,45096.738339129246,P3 Expectation guidance
0.46705406414615047,9.190911839363837,0.5818696283284585,0.5071710538215158,0.27293387557485227,3.2368593448252567,53866.24303776763,P3 Expectation guidance
0.13993044101617275,0.9615250379973441,0.047511108182128045,0.31311070729507834,0.12900993813672293,0.8175739815327454,17612.34585794138,P3 Expectation guidance
0.5231724527179769,8.984513996709826,0.49314304282740873,0.4237833070010445,0.3810866922011572,4.907236691234199,56744.78325521386,P3 Expectation guidance
0.4127264772032065,5.434150475398804,0.5410913472889182,0.4140999576493698,0.26108275732772274,2.4439814210601325,47309.14975995543,P3 Expectation guidance
0.5923813032239127,16.414058627052786,0.587437285479912,0.48997084274528346,0.4057460130440256,7.227581777141323,55457.05500918836,P3 Expectation guidance
0.6859703259046132,28.520489453329297,0.6773564185617769,0.5237103033775766,0.42429350562812246,10.216724805196016,68911.22401035485,P3 Expectation guidance
0.6185869485897134,15.582481207274093,0.5771859173647276,0.4837356139719339,0.4191722601137155,6.6935986211941865,80555.80068679866,P3 Expectation guidance
0.48308944950918387,6.18529915906843,0.4762712225858186,0.37194716865147165,0.317640048431127,3.0406121882633266,65326.482102478025,P3 Expectation guidance
0.30483361401960707,3.147909594283846,0.20789815224398783,0.42711446400132524,0.20948667662386847,1.6202194501150136,42320.3060585657,P3 Expectation guidance
0.7190115357658605,32.613072129885225,0.6740028522907223,0.5195346160175042,0.4918623440186407,12.155342819708942,86239.62614247392,P3 Expectation guidance
0.43042891535429423,4.477307679376671,0.4429702971888793,0.31805609382156486,0.3085041197169823,2.5791475157788346,57402.14665083466,P3 Expectation guidance
0.3994709614665571,5.201763537234431,0.4611827465181096,0.4248245573161572,0.2576875805151999,2.3962328185439725,46815.34101120502,P3 Expectation guidance
0.6249170928410263,18.22782759921231,0.7740046652785411,0.5041838965075813,0.38400588133888897,6.448206183035305,77935.67583146245,P3 Expectation guidance
0.66130544618291,19.632324788510424,0.6174519217997473,0.47812747380790377,0.4447921115408949,7.974714458124053,84673.88692257748,P3 Expectation guidance
0.5580957247665761,14.148536445726418,0.7421815523116891,0.4903618179006541,0.34492069606841463,5.569783628447115,49462.43990862969,P3 Expectation guidance
0.3237142933490658,3.197440986291941,0.4391981688734488,0.3471664210669305,0.23201416835107283,1.8757110667909973,33952.62980970525,P3 Expectation guidance
0.35805937097563867,3.7730316792005842,0.4575965719056805,0.3686886404346166,0.24720708224118176,2.0158769185852705,42664.29388391191,P3 Expectation guidance
0.49629354942166015,8.356140721077326,0.6315851094643249,0.41555814503254146,0.32185891234542985,3.812083674992694,48697.755356293346,P3 Expectation guidance
0.3719261219095344,5.5172911903704165,0.4679364032750824,0.4528500496541949,0.24214694182471183,2.529240305461693,33644.5954435949,P3 Expectation guidance
0.6680240433050156,24.149549177798985,0.7661861012220206,0.5062520278459735,0.411025745856879,8.630109362649675,70666.87018676336,P3 Expectation guidance
0.457585304942843,8.277929852042268,0.5295939935884134,0.473231143737971,0.2863543036565996,3.3699450275697096,46132.352833034136,P3 Expectation guidance
0.659489762941802,23.74918398101341,0.641803567845781,0.5056373715749527,0.444781386460114,9.433189748215941,66983.92089892905,P3 Expectation guidance
0.29969431125768,3.014829319376415,0.3425932558214243,0.3753059241263291,0.21754406845659635,1.78488375096086,31334.27589261508,P3 Expectation guidance
0.4889076629306676,6.032873361625148,0.43679360212806,0.36376676765392657,0.3678863372962938,3.6560977365575895,70133.14373883615,P3 Expectation guidance
0.3319888065163792,4.701393428368924,0.4363683902726149,0.45675436862511615,0.20910448303750712,2.0804738831927057,28623.6820202417,P3 Expectation guidance
0.189668407376486,1.505203798470004,0.1525114927092838,0.3453743155061393,0.15534126732428408,1.0865705416967004,21286.116514158548,P3 Expectation guidance
0.43659512454535415,5.58419021386568,0.5592267158527077,0.39539693895575073,0.2815942493501789,2.6135971553133626,54174.780332234106,P3 Expectation guidance
0.16719434128431301,1.1502643382012574,0.032104765104212035,0.31780039471696614,0.14930395385556208,0.9353751180667084,22900.419378072773,P3 Expectation guidance
0.5198475906707188,8.81968203462418,0.539704928032445,0.42972835611435356,0.330737852164985,3.8757185228769417,61086.216201109855,P3 Expectation guidance
0.49486899725527994,7.343895787220127,0.470285787029351,0.37879315939451086,0.3622789873892302,4.2482752781392685,50148.57418362168,P3 Expectation guidance
0.23439287152574548,2.094680093126606,0.13144783081471267,0.3745415367179836,0.18281715569303592,1.3687122452658051,26351.247778624707,P3 Expectation guidance
0.5028036169169109,7.208988769238632,0.47145755386173605,0.3893118084258356,0.35404732901793706,3.8591112879786507,61462.50557018695,P3 Expectation guidance
0.4431583141661334,5.166653166739,0.4322272219704157,0.3549513824967309,0.3157435968202506,2.9593241316500025,53678.02938414061,P3 Expectation guidance
0.48640396821857784,7.031032626194329,0.5722763722513496,0.41526757166745915,0.31686624695844634,3.2105953085807264,66462.51452219325,P3 Expectation guidance
0.5327821663138744,8.504157555082278,0.4944825315327814,0.3969516847880319,0.3864637680158324,4.682580451386531,62619.47478873498,P3 Expectation guidance
0.48554885800467007,8.146968636175483,0.4856224986542371,0.4289880028148829,0.3240016579172489,4.027459845567657,45221.01522459921,P3 Expectation guidance
0.6743217732144557,21.128553086283908,0.6340559851443831,0.4730202032248532,0.445416249453084,8.48692799667806,80716.28049675585,P3 Expectation guidance
0.501240108087261,6.251249376496659,0.4555168152381665,0.3415147409334027,0.3745327561981973,3.774322554807304,67001.84218041535,P3 Expectation guidance
0.4284999884799795,5.031236604996496,0.5303786187697436,0.3752285634656281,0.29387529922208633,2.56875643054459,58340.1205914823,P3 Expectation guidance
0.4931827757267352,7.848025511158224,0.47958305628931136,0.4041695401765502,0.3450957096721635,4.15057188897889,48455.0053065987,P3 Expectation guidance
0.5534674565186377,8.52203995571496,0.5037130166405049,0.36765027930853994,0.4104966006264077,4.9014574187915905,69180.71383418932,P3 Expectation guidance
0.6082488136886111,14.822869906232624,0.6050527659541209,0.46626382778653247,0.38102449591919785,5.803707065260999,72881.18251831958,P3 Expectation guidance
0.43477072003677586,5.247577987670058,0.4869778745544372,0.37522875295143104,0.29217872556071856,2.63637621729157,55103.23379234075,P3 Expectation guidance
0.1893849189558535,1.3094783837109951,0.09418659130068507,0.29280843336386103,0.1661621312224245,1.051657184292453,24646.49387676468,P3 Expectation guidance
0.5837633240533588,22.074570194039282,0.8094680894487734,0.5489534426478985,0.3258994213688122,6.964086564917602,44039.01407747324,P3 Expectation guidance
0.6504327737128551,26.20820422268129,0.8445312728851625,0.5208931088653066,0.385981735889146,8.820356657397165,56413.50511412403,P3 Expectation guidance
0.6716213461812162,28.935228487202536,0.7272448415477517,0.5132996703543228,0.4050962795990303,9.835768680932334,58001.88290147911,P3 Expectation guidance
0.3168873724230402,3.9322353498818945,0.4780771488511317,0.4197005734732681,0.20353663110730938,1.8725219398821296,27536.515600199382,P3 Expectation guidance
0.3328973523033945,4.052808834353723,0.3765582635724796,0.4403846880812554,0.21603014564546538,1.921476445973229,35955.97174638379,P3 Expectation guidance
0.4748063006953997,7.118130570311941,0.48447461877019465,0.38407789312553026,0.32354752121884933,3.712639425298143,43503.147043291196,P3 Expectation guidance
0.40774857228454897,4.565049463474902,0.4353248063294231,0.3393411409630215,0.29150099667506446,2.6754440358628884,42641.474480704856,P3 Expectation guidance
0.28352299580654106,2.2536610102881998,0.20093434642894356,0.33269740814615384,0.20607378716943953,1.3587743147509885,42148.661318452825,P3 Expectation guidance
0.5194876919283631,7.268922341964448,0.4769536298038553,0.3862214448764554,0.3626274465907483,3.8030748911737877,74911.94031441743,P3 Expectation guidance
0.7831963377623025,52.39259100268722,0.7257677668484322,0.5198018437440961,0.5416021624583716,18.374023540813834,91506.43147037615,P3 Expectation guidance
0.658165785851044,20.055430761883635,0.6530774894663535,0.48946636237217006,0.4032835248753404,7.202552754465515,84320.03944571195,P3 Expectation guidance
0.6645573413361272,22.051321402253592,0.7432782786244929,0.4935109666684566,0.4185855753545959,8.264294665624416,73871.25417717185,P3 Expectation guidance
0.29208807474233806,2.535069750071111,0.38406058558897804,0.3227802391116351,0.21715662922327236,1.6107250006222285,32828.77751947267,P3 Expectation guidance
0.5118228076624322,9.078461045497003,0.528089271011798,0.44124054893073106,0.3167418937601942,3.880208245083431,53953.8510211771,P3 Expectation guidance
0.6517530955150689,19.282180875219566,0.613617041866652,0.48111115611435373,0.44954658841420664,8.220590668613523,77114.30356793012,P3 Expectation guidance
0.732371822196196,37.02835546805651,0.6984483119746551,0.523470511886537,0.4716087160126193,12.787963057110096,82977.73230538491,P3 Expectation guidance
0.2989004964487163,2.435957046542682,0.37388821694801927,0.318935903834468,0.20772228427194092,1.3750498264902988,41640.529595634434,P3 Expectation guidance
0.4938625229801527,9.064279586521192,0.6695952884070515,0.4516140191260219,0.2998524576445239,3.534503097431013,52097.44505952776,P3 Expectation guidance
0.5183969098210247,9.401769031749218,0.5085612124061959,0.4376931972795698,0.34486795006308885,4.44417029317866,52657.32278653163,P3 Expectation guidance
0.4656496980289646,7.063564075683979,0.5530598235308843,0.42012595401230496,0.29174187696358916,3.087137790949284,50741.26881427408,P3 Expectation guidance
0.24638402447901353,1.999871707587479,0.15075066277623544,0.3493445447099896,0.1943091890282895,1.3430617461307461,32543.600756996108,P3 Expectation guidance
0.2789804384973221,2.7654800127482653,0.21398447107500396,0.40035266732897173,0.20341510228104862,1.6165908085603518,31990.471467273914,P3 Expectation guidance
0.7161595602351022,47.466105536515535,0.8842015862924313,0.5720509699157282,0.4218339857825342,14.665186566807552,60786.49058033712,P3 Expectation guidance
0.5861103867884647,13.276286377054943,0.5591374973165597,0.45496327877126685,0.41465251559090005,6.408056907634974,62944.01555086006,P3 Expectation guidance
0.7008401141492853,29.26521675219207,0.6721726619412468,0.5000392193655401,0.47742553318970526,11.39163152035085,73152.56072806998,P3 Expectation guidance
0.6403062317970004,21.614437437409638,0.6706944877508997,0.47905206893148494,0.3991006861124441,8.236026284374653,53943.88268254952,P3 Expectation guidance
0.6069970470766073,13.676541270153015,0.5612935262486565,0.46282584262481835,0.4214794122915098,6.1825286272002975,83021.22350272501,P3 Expectation guidance
0.2717016126405778,2.121860262627024,0.32222881730810204,0.3244935978581686,0.20630361426040303,1.370202461492641,38614.513336839,P3 Expectation guidance
0.6090012592765219,17.203662173762822,0.6987816250200516,0.5002756346150725,0.35797776837330864,5.8658465476579575,70542.22468603638,P3 Expectation guidance
0.26208139311588635,2.5104123089742103,0.14019337135327015,0.39649464338455664,0.19035639322087802,1.4602280321878927,30094.263675893417,P3 Expectation guidance
0.6607259835319989,27.5494120714509,0.6798536978973364,0.515202117049409,0.40768226130338425,9.820801751433196,55265.316392523164,P3 Expectation guidance
0.5114153551575328,10.43522008912246,0.7063246286097475,0.46438158171261573,0.3165779907541849,4.1287316928629005,50076.94167414769,P3 Expectation guidance
0.6537898380598318,20.863967273172317,0.618287378121008,0.5021475171544612,0.4513362168072479,8.71785917344939,76313.95374972271,P3 Expectation guidance
0.7245480984699646,27.320529177130535,0.6674365520649188,0.4712272364255998,0.4784798161318224,10.361767811905331,96165.10194999748,P3 Expectation guidance
0.19590819303529525,1.5911537005508467,0.1707429947762843,0.36663923112452207,0.15781172443907396,1.1072708246159744,23227.946273940703,P3 Expectation guidance
0.5772824602237553,12.111021447162898,0.5436041763844164,0.4505953192670507,0.40843777588513364,5.879444911895413,67598.0531912644,P3 Expectation guidance
0.7053870565349919,30.69876745861233,0.6845867457187308,0.5114542568317821,0.44597588343775457,10.951757031498408,74211.97831160553,P3 Expectation guidance
0.6764631065891079,26.7401033244674,0.6494293488213633,0.5251880522469905,0.45540037830785784,10.167115963459993,74807.93206890715,P3 Expectation guidance
0.4262866993080704,6.370206141607214,0.5799572086388196,0.43079413736470795,0.26428045203046296,2.726797983945751,42906.9520882382,P3 Expectation guidance
0.5163614185944274,7.9854777768239655,0.49866456315478463,0.38530872908334424,0.34808555538386093,3.961829499630749,56913.804119685956,P3 Expectation guidance
0.6592429724269494,17.856857450142034,0.6032504184198599,0.46677588765944894,0.4580419331556696,7.701304495900944,93075.99791524574,P3 Expectation guidance
0.5359932833468978,9.732255873196332,0.6692008006262351,0.43110571647406964,0.33961761718590344,4.0434782767757085,65078.24260396643,P3 Expectation guidance
0.503034898320252,10.481440665801337,0.6999650971964754,0.4809210212358855,0.3020666706871286,4.006974869065937,48394.23799423048,P3 Expectation guidance
0.603091363722595,14.206991191366726,0.5717272731591176,0.463361150325925,0.40466936794448377,6.180143703818127,71890.91457181858,P3 Expectation guidance
0.5527696396211257,13.482844766379595,0.7031604170690962,0.48199132793498484,0.32160313543595637,4.7968526439537875,52282.791864730054,P3 Expectation guidance
0.602373179231357,19.85191097977096,0.810981051704654,0.5271079904822861,0.35081555235872935,6.645225276472683,56451.095878873704,P3 Expectation guidance
0.7314928684362112,36.279846327580955,0.6762403871487779,0.5434406370986482,0.48524899181459796,12.580510922621025,98299.6728168271,P3 Expectation guidance
0.4755459475885917,5.49776304413962,0.4266597691227885,0.3326475212466952,0.36274564408313115,3.5018043328829904,62862.77627467004,P3 Expectation guidance
0.6949373531575583,36.30704180696302,0.6850073459293151,0.55675729809813,0.45889458787628384,12.71902540280224,67801.78358109796,P3 Expectation guidance
0.293977611867597,2.981411170817469,0.24682657066915054,0.4023650420015826,0.2090882506479794,1.6656386764090623,34461.42455466675,P3 Expectation guidance
0.6629661259901568,21.37167883045215,0.6185802342494316,0.5076240785757204,0.44899835762107165,8.44514423553382,87874.69252184869,P3 Expectation guidance
0.6928921722601592,25.67638768530301,0.715287045671821,0.5058782533479385,0.4431781251731642,9.567050681527164,82768.49335807239,P3 Expectation guidance
0.4696086511590534,6.2797245953306975,0.4701525250998701,0.3583988404307806,0.3269245599479624,3.4233155301854175,48070.23687814999,P3 Expectation guidance
0.5355324959959631,10.035062063951576,0.5240586405101142,0.4407203114715164,0.35037686445597627,4.6113867565668105,56405.139851566775,P3 Expectation guidance
0.6309766936732032,16.848686149115068,0.5852874621377897,0.4946261377156894,0.42523264820062895,6.922010402360112,88489.26476029812,P3 Expectation guidance
0.5922791581512116,16.51429274790543,0.612477344726651,0.4922054772136241,0.35201202199776316,6.050082048422331,55374.60886584872,P3 Expectation guidance
0.7972411872131713,55.323451501851864,0.7199880228634811,0.5420583389103437,0.5318872681267066,18.44125105101565,114203.53030945202,P3 Expectation guidance
0.5047308608227861,7.098371859029107,0.5451618576545675,0.37672339137546706,0.33662977865773064,3.4869077909463426,63474.507954529625,P3 Expectation guidance
0.4977472333358052,6.619460823514199,0.453117939376902,0.3804986025717123,0.3611622799004437,3.72364704197703,68374.25666368008,P3 Expectation guidance
0.42271691763262137,5.362888604415483,0.5481700357142434,0.385262618691644,0.28139119691027725,2.661900083132047,46431.343927800706,P3 Expectation guidance
0.470158921761778,6.338205901860179,0.47272145477018845,0.37380812579276945,0.3172236247450756,3.2553227205008337,51426.245623988936,P3 Expectation guidance
0.49849266742823384,7.110739682050814,0.4692431902872261,0.37861093459773104,0.3558210777614284,3.9569985488101955,56059.052428921495,P3 Expectation guidance
0.5688485415738653,13.322120615835018,0.5611400126121691,0.4646498006056964,0.38264988582181025,6.045159354788171,53863.10707832356,P3 Expectation guidance
0.35280301838712763,3.3848348259292402,0.4459449662456333,0.34126144921492574,0.2432022508021689,1.8609100802127947,44243.56307254078,P3 Expectation guidance
0.27231882956282055,2.3673276148420763,0.3587536486578815,0.34371596790777625,0.1972511198479137,1.4205860381222861,31524.02408283976,P3 Expectation guidance
0.6798152694202414,27.6208085348703,0.6505340268511528,0.533959740799292,0.4538364126167702,10.32442263023043,76834.96608009246,P3 Expectation guidance
0.6803923849325234,26.58479441062504,0.6514415938656377,0.5181766053642853,0.44993265943678407,9.955774630985982,75945.98779667992,P3 Expectation guidance
0.5827150067812913,17.598901055830925,0.6678286822447046,0.510257678764693,0.339723324141075,6.240858609472906,48881.98414119573,P3 Expectation guidance
0.7183533935896265,27.390421344357115,0.6505811882129191,0.5016460197254815,0.49537193171940885,10.659738326950874,105516.4549312253,P3 Expectation guidance
0.3039176737146702,3.8090773583125586,0.42648047663105465,0.4407977418790854,0.20086230594744475,1.8839016604489967,27037.066248069088,P3 Expectation guidance
0.7116407951322266,32.51897786963555,0.6739369411838192,0.5272841278338558,0.47504315109519263,11.785133885485617,82797.6559588734,P3 Expectation guidance
0.34335948368180513,4.581796020414534,0.4416221741837026,0.4625330826770319,0.21781736816548913,2.0464092606508615,36103.52910439219,P3 Expectation guidance
0.7620047264433929,52.23188731946517,0.7420949324343764,0.5186510086184476,0.4965460669180357,17.524628558302087,70983.30325284162,P3 Expectation guidance
0.6237063030664478,14.20955163193156,0.5677271857290757,0.4570121049483572,0.44064620547276256,6.520823110718078,91421.41407606538,P3 Expectation guidance
0.5530905805207981,10.121438915773005,0.5289197426225343,0.4406491202677629,0.35268205054231955,4.367487179730276,71919.36124639871,P3 Expectation guidance
0.7820501144193776,47.17167767815558,0.7111605060184043,0.514966968861724,0.5434433745458783,16.85221405044558,103207.24694643344,P3 Expectation guidance
0.7135967097914248,28.36742602938927,0.6546803880898546,0.5102462016208649,0.49112341540117554,10.904785334177772,97748.58761155793,P3 Expectation guidance
0.4805687668016792,6.2816729345820965,0.48934315630131764,0.36595047656100993,0.3195914020283799,3.1303648459638422,59075.39262145098,P3 Expectation guidance
0.661887035587654,24.88254809693065,0.6521797868706868,0.5135780025906729,0.42262800455396077,9.233778403477922,65442.49477217316,P3 Expectation guidance
0.4358116732090889,4.8636007788464894,0.4050401600244096,0.3405615119332147,0.3206392989089241,2.9660430967618714,52442.18816308319,P3 Expectation guidance
0.5796679411446144,12.899603826994165,0.7061855792447432,0.4733068636534619,0.3551149701089141,4.856608249021552,76322.53993290437,P3 Expectation guidance
0.6807557454726326,26.424122550719424,0.6608679083808423,0.49724789468155683,0.46659619571573535,10.704465403643773,66782.58771955583,P3 Expectation guidance
0.6483350706134411,22.076534965373824,0.7920259584796742,0.5103627215200193,0.39536889235833167,7.603046610514751,72346.00287869129,P3 Expectation guidance
0.4373064327676055,7.770580309896666,0.38944738120047095,0.48210873635915513,0.27610885862663953,3.201710648245103,43744.555478042384,P3 Expectation guidance
0.5798769763568539,16.015478469775232,0.7089043742686335,0.507161747416465,0.33986588418821084,5.614157644208222,57327.4797650979,P3 Expectation guidance
0.4408432157827278,6.111707811583136,0.5580298460535563,0.42416598510579107,0.2758197668934414,2.6598428103861136,55091.148832371626,P3 Expectation guidance
0.6041966518496744,13.946925295525812,0.5765279817689034,0.45231480704648874,0.3985939472279224,6.098302080103421,68951.029403074,P3 Expectation guidance
0.5744961701052264,14.647858891929788,0.5864004539664784,0.4796230088821057,0.3640259517140841,6.009533138577048,51920.45169916383,P3 Expectation guidance
0.6145338688692837,13.911597933927332,0.5795851069527526,0.4394347962127591,0.4066437307016381,6.036902970204719,75305.12211393478,P3 Expectation guidance
0.5529736283327078,10.662123283568226,0.6661079967364603,0.44128018747729314,0.34860447393337735,4.442306754825135,65705.5587821343,P3 Expectation guidance
0.2739643440910762,2.4617263445980373,0.38281251192380417,0.3306977073562038,0.2072169378919302,1.6019751063958179,27662.307552662212,P3 Expectation guidance
0.48347317558646064,7.37298777804505,0.6055764963792131,0.4239294475531322,0.30953210991561797,3.2029414072483906,62054.92638004396,P3 Expectation guidance
0.5692389969983119,11.182782648155612,0.5292152463938845,0.4479599275136796,0.40451433121208336,5.497479491009069,72297.01982480352,P3 Expectation guidance
0.6746558117451217,20.71760194426066,0.6384271516447451,0.46912025908097255,0.42548698439364,7.653190325987812,88395.20521379291,P3 Expectation guidance
0.48615414101064486,8.011219099945107,0.6347354792333363,0.4356767563436505,0.3122733480486191,3.4582471716279803,56126.97795564022,P3 Expectation guidance
0.5604858580150558,10.490893572355517,0.5203979826993149,0.44079617380136144,0.39843182974993163,5.24819574303422,71310.80209020711,P3 Expectation guidance
0.34823383499843125,3.7656114782888856,0.4716440510659064,0.36278257740020176,0.23929866550906106,2.0696437764685682,34412.985337272476,P3 Expectation guidance
0.6177473524555381,14.903007717037342,0.5745749871549786,0.47098986337372933,0.42150014406475866,6.500043794817763,82067.07049260642,P3 Expectation guidance
0.28592321990653485,2.602174733268795,0.11882309743548927,0.38056860989014035,0.21412084697461362,1.5768759788995135,38701.60033702011,P3 Expectation guidance
0.6700997166957435,23.581755197874188,0.6536399071647712,0.4821876270824304,0.4410184296301708,9.397356466823034,65349.85953410304,P3 Expectation guidance
0.7491509970169603,36.98178342628226,0.6937514622290457,0.5024317131039757,0.5192083956499425,14.149910463544446,88963.26404817843,P3 Expectation guidance
0.700263438280133,31.885774092931236,0.780674795822133,0.5283562514841635,0.43743778687998575,11.05964811570335,71930.6139427726,P3 Expectation guidance
0.39512835927826007,5.46346292792888,0.537977612555969,0.4364529351050652,0.2508962638996722,2.4483347837272325,41576.65411562714,P3 Expectation guidance
0.48305029945103045,7.276332028534596,0.4733097701124106,0.3969934053589948,0.3365629681296462,3.8975443371361465,48133.0860556703,P3 Expectation guidance
0.5980349063274296,14.986425051841001,0.5823601766065439,0.47555016573602954,0.38800244277652857,6.237832109960913,64136.42183498967,P3 Expectation guidance
0.4207678631614584,4.463305847799173,0.392238206850615,0.3324668562732175,0.31359326519523795,2.8029872202911594,51251.75188532655,P3 Expectation guidance
0.7200687827815495,26.7504583619258,0.6507964613930358,0.49134001859188,0.5008825426012713,10.561472504183293,107221.80959670608,P3 Expectation guidance
0.47290988049733035,6.202590206731988,0.4356538783545698,0.37854503400204603,0.34849620723377844,3.6448713552597005,56693.03610709679,P3 Expectation guidance
0.7418683588300086,43.28086138206746,0.6934839626065538,0.5603066456484208,0.49432616244388106,14.53195866514094,92704.7346568117,P3 Expectation guidance
0.5243782427772973,8.298134370309475,0.5110845018754978,0.38904610132829437,0.3475183637538142,3.970404205535236,59338.72846674078,P3 Expectation guidance
0.6639273311683771,22.47352704708452,0.632723098235388,0.49901460046806356,0.45397798361386915,9.227307771368368,73449.39382341813,P3 Expectation guidance
0.5511620740316586,13.627576350592157,0.774626088515456,0.48056272601063327,0.3284111648486598,4.908941489400214,51598.508968161135,P3 Expectation guidance
0.5960405635757489,14.008370343552679,0.5645651327024628,0.47151795345700204,0.4035064649121608,6.150065503082954,71560.09185442248,P3 Expectation guidance
0.7671675920899771,39.83901517990455,0.696341868963222,0.5036466019368331,0.5057693232232995,13.758974668236357,108353.74069277736,P3 Expectation guidance
0.45160626861226033,8.227603774227743,0.5737257123058574,0.4944011354694099,0.27064304811958817,3.141050764056123,49033.58366850176,P3 Expectation guidance
0.63826149768631,22.665588193018184,0.7288799625240773,0.5022089792206822,0.38058755303478026,7.825120452868266,57153.26236959534,P3 Expectation guidance
0.5639469846007052,12.575027228036058,0.7191710920018419,0.47060869507095965,0.33892651233780163,4.592435348519546,67592.77324482871,P3 Expectation guidance
0.442095136624415,5.344086868366915,0.4889956060713415,0.3735665386413633,0.294042718078385,2.6036135186121907,59745.721964865166,P3 Expectation guidance
0.540456657289228,13.52777952103286,0.7636457384716866,0.4864811740631276,0.33196433538254017,5.263226756558203,44898.031266872094,P3 Expectation guidance
0.5474051232501975,9.405465622287071,0.5136055632947188,0.3928499465655999,0.4029611365674609,5.297659737905167,57947.84709305426,P3 Expectation guidance
0.6870264700057914,26.275851077409495,0.6481522429846065,0.5150112102228337,0.4617599865802392,9.964845054951677,83237.5441280864,P3 Expectation guidance
0.2419770988209643,2.1411292601404828,0.31247197508010977,0.3664691232749103,0.17955827305775493,1.3324571818063824,26450.002073229087,P3 Expectation guidance
0.513895031493207,11.389835588995162,0.6269324462909683,0.5086768603494738,0.3039865110492595,3.9385129742566884,61225.95379745624,P3 Expectation guidance
0.5146278836164894,7.437529293234555,0.46955186747195865,0.38645928663663776,0.382367778502958,4.294416672261254,65418.59261870307,P3 Expectation guidance
0.648375787818055,17.571067911636106,0.6313572436042663,0.4697976710997997,0.42272240141043255,7.19332957706215,81332.46900500565,P3 Expectation guidance
0.6524499166707265,18.422623985416568,0.6100110392468786,0.4687489996040213,0.4570009365805949,8.155360841666235,78516.07264697501,P3 Expectation guidance
0.28907208812237617,2.745965296911839,0.40117128557500087,0.34374161205034465,0.2045648718833428,1.6279073250756648,27676.718656107343,P3 Expectation guidance
0.5390986945942454,9.358567773771455,0.5084200880916874,0.4253759092002582,0.3734566118979318,4.686001321257126,63604.27212878651,P3 Expectation guidance
0.7564518892323557,40.868608898962684,0.6871033255572674,0.539484779781941,0.5125325686687211,14.111125659008453,110101.37063033762,P3 Expectation guidance
0.533442375305869,13.169015920577811,0.7519863976391458,0.4951991248654113,0.30800550613254507,4.57557952983452,48739.09084318589,P3 Expectation guidance
0.380263677778732,5.008996645309972,0.5024768587063807,0.40810155019587563,0.23942440488709937,2.30787149247724,34957.627819268004,P3 Expectation guidance
0.6142893843601804,19.444527250822997,0.6241816836340476,0.4976359022627824,0.39266762059672,7.6853342470059856,53578.65920450982,P3 Expectation guidance
0.5497729956860425,15.235768293666712,0.7639019880834385,0.5247049083682636,0.31387513765061226,4.855263333128641,56712.09903294286,P3 Expectation guidance
0.4583763672155017,6.164665123069981,0.5599902101621528,0.3936939073439167,0.29595931069790277,2.8693123124396305,55641.35562566455,P3 Expectation guidance
0.3133934470951947,2.6250503369895073,0.386431317613752,0.3161558684671114,0.22740495666105887,1.5834890254451444,42064.22543582144,P3 Expectation guidance
0.5719290051020935,12.007405064614675,0.5533688869082464,0.4385654802367902,0.3796129503947692,5.422745938274909,60240.67289766658,P3 Expectation guidance
0.4882483477081079,8.883217653748616,0.599267568483655,0.44057808808540294,0.29957186069384434,3.7745346392242842,42919.08505901967,P3 Expectation guidance
0.672538787500033,28.930021164728096,0.6747832959587751,0.5173709484875945,0.4300922767112092,10.587364042245657,59302.879715789604,P3 Expectation guidance
0.7529082506415247,44.86690692031155,0.7037124507906984,0.5496522401498689,0.48620351939399414,14.828134330462358,92314.16518059821,P3 Expectation guidance
0.34685233808752425,4.294863295861913,0.516140804829233,0.402331621013826,0.2300441160020133,2.169524670546703,30812.249451036005,P3 Expectation guidance
0.5904450687406086,15.456665635768946,0.6142569591288021,0.46323175455141047,0.3754835308610001,6.474115756557779,50390.21787365033,P3 Expectation guidance
0.2689123288149596,2.2558477549724887,0.21994342683568174,0.3616162440319233,0.19871940418040823,1.3744525234800833,37522.35995605422,P3 Expectation guidance
0.6622095558918696,23.535061840670306,0.7806435388315517,0.5253469285667873,0.39641170160940886,7.702601031084623,85692.86172515723,P3 Expectation guidance
0.7420619297846761,42.50378208926278,0.8245444276133085,0.546628381382299,0.4509488042985519,13.277642479368714,88459.68338706381,P3 Expectation guidance
0.5223464247561134,10.039647132014183,0.652849711534205,0.4424285335284749,0.32940738245455126,4.276454039691101,51246.25908381566,P3 Expectation guidance
0.6690111407284502,26.72760270077028,0.6495733545393031,0.5301861758287373,0.4473858806907976,10.14366438162458,70100.03966387798,P3 Expectation guidance
0.6023928424282046,13.935287194026929,0.6005593166233325,0.43044348173488645,0.3974899249546202,6.135449030669427,60872.47111122961,P3 Expectation guidance
0.6568125334368404,22.963004543181572,0.6421385061298959,0.5019323142958869,0.41334395205342517,8.482243241675066,67470.13077905518,P3 Expectation guidance
0.46213032510159086,5.156564081253411,0.4312489243833263,0.3316218330753395,0.3291009201234746,2.9389810126184046,63335.92199359806,P3 Expectation guidance
0.5836513135587328,14.767308858242426,0.5639278966010022,0.49606849937419195,0.39972766530608755,6.483852243696417,63820.525085739006,P3 Expectation guidance
0.575503636873417,13.491092638322325,0.5621676742124018,0.467847598821773,0.38674601899422634,6.081700264546911,57405.61763880814,P3 Expectation guidance
0.2902904135311684,3.3009313620121983,0.18953654757947863,0.4505524567400663,0.19650123675289535,1.654126387023805,33308.75237431326,P3 Expectation guidance
0.2888744940783447,2.6672181494497025,0.24833190955465984,0.37701394143740957,0.21364049415379913,1.6010775648150621,36857.91241072276,P3 Expectation guidance
0.6125689212169344,20.89253206803981,0.635744169533187,0.5144814488946258,0.3711957326926993,7.704825034507992,50257.889025128665,P3 Expectation guidance
0.7096522364232927,30.65111564811353,0.6693819376265517,0.5157666296354022,0.478552602681143,11.452514777718715,82898.9397878368,P3 Expectation guidance
0.5647555628060094,16.35811466350519,0.7634899049607904,0.49890271342567605,0.3260282219235156,5.558863439576077,46841.972836836074,P3 Expectation guidance
0.4517885566276255,6.445419964203208,0.5361328706681568,0.4073847636309199,0.278877783969975,2.8022650162629255,49197.37514193279,P3 Expectation guidance
0.49449340629142385,7.7134311227884425,0.5605407447504919,0.4095483213895975,0.319149900829341,3.4956001865303383,55850.38075374004,P3 Expectation guidance
0.2661534080687546,2.3951889924353744,0.17650426763266508,0.3605805162953512,0.19997503519406012,1.5019845959377436,30195.627231182894,P3 Expectation guidance
0.7589368505230321,48.78250802250258,0.7104104792882528,0.5516845981478438,0.5074814116540218,16.329836182694365,89852.0032838718,P3 Expectation guidance
0.5798031310743446,11.239251952879691,0.609704432479167,0.4352342855709763,0.3760943991295803,4.806505391137826,78928.93205321452,P3 Expectation guidance
0.6497931478965786,22.437850082775643,0.711155546474346,0.5023568234280552,0.38965261985375854,7.579454473866772,68827.87349913387,P3 Expectation guidance
0.41506836559344124,4.33793065561796,0.3758833405947384,0.3210730847400047,0.3229336316316969,2.973923554008307,47626.88413733512,P3 Expectation guidance
0.5946204939726781,11.749926352081577,0.5425436529726929,0.43757128383349436,0.4185929422680636,5.604080490753857,85986.33214759448,P3 Expectation guidance
0.25442218489581503,2.1603099058484814,0.3290905732306612,0.33978128123383056,0.18815900337552594,1.3404657852553905,28765.96382780082,P3 Expectation guidance
0.6776118681233984,23.75070267677407,0.6335175390690037,0.5100748992331922,0.4612830293581542,9.299900259402442,86711.61745112698,P3 Expectation guidance
0.7119494606039949,35.27445861506169,0.6865934738080939,0.5315206454850488,0.481757821678184,13.001989996500422,73242.4085711914,P3 Expectation guidance
0.6758510715460895,18.634007908964318,0.6153067186490717,0.44854283460181976,0.47600195980127274,8.23311347313854,94154.43101987912,P3 Expectation guidance
0.6617868228242579,18.68966112275852,0.6087965347877679,0.4712653729824738,0.4646854709962429,8.139472999560072,88695.89696452071,P3 Expectation guidance
0.41742707924702344,5.489771122031594,0.5089787481346455,0.39081202604571513,0.2805972330833921,2.8087150334954036,40851.16701143585,P3 Expectation guidance
0.6467953465300973,15.35597939877685,0.5918902612872795,0.42945017255868906,0.45592924347052877,7.095256768782047,87296.78954882233,P3 Expectation guidance
0.47224734454193656,5.679842707947442,0.4979380321415982,0.34421693772412565,0.33122473699176075,3.091986357418262,61553.072652631665,P3 Expectation guidance
0.20738288555145992,1.7725663965384197,0.16291506722601598,0.3630768945707667,0.16421802243159228,1.203404515747913,22245.65934317274,P3 Expectation guidance
0.672895046387249,24.478618944814414,0.6328543469796073,0.5251529407728699,0.45675535310646,9.472061329447296,84045.2576462579,P3 Expectation guidance
0.5811324277656136,14.938805490381693,0.571467568761804,0.48767744835898963,0.3955410481297327,6.62200641580458,57089.06711981517,P3 Expectation guidance
0.5581399725008602,12.677734573574718,0.5497470714655737,0.4600272058293288,0.3909393325046949,6.117052391450369,52074.94322765949,P3 Expectation guidance
0.23775889163960567,2.0759576255327308,0.32467828690494704,0.33987913152102245,0.179892211449603,1.3446984917682547,23716.075180604803,P3 Expectation guidance
0.5347262354417132,9.5087135205389,0.5257766947345063,0.43369081031846163,0.34420110160874495,4.242427697530986,61898.28753742983,P3 Expectation guidance
0.6182599141895601,13.152395768946949,0.5689985775518482,0.41908611803469437,0.4434709769974205,6.532905212926528,77825.14862931315,P3 Expectation guidance
0.4470576818642004,6.530062542738383,0.47899649903621483,0.4130095575481439,0.27257378218685957,2.9089819301874833,42750.29734004769,P3 Expectation guidance
0.47878204474920744,9.203929609134493,0.6100449183186131,0.4720294110258804,0.2961427714202333,3.5762302799135277,49057.1419524062,P3 Expectation guidance
0.22282151679015647,1.9915211811977933,0.23503910477037313,0.3866649502707837,0.16912615376668358,1.2626313275978656,24697.208974528286,P3 Expectation guidance
0.6831897681051008,26.125074221729196,0.653255133658737,0.5068216383944216,0.4555363918726738,10.02325316386843,75049.75616135699,P3 Expectation guidance
0.4744806036821788,7.445306834921878,0.5839308986911257,0.42881954377438,0.30811041431377967,3.278019003974026,56132.613898170086,P3 Expectation guidance
0.7780161312299785,56.96094942312145,0.7221878403710845,0.5592859020023621,0.5133944770499963,18.325442413066312,95079.75623614732,P3 Expectation guidance
0.39132649784965945,4.237866028356036,0.44031811498069806,0.34150789887958793,0.280742060895191,2.467910695195828,42562.730827286505,P3 Expectation guidance
0.5486274816531121,10.836635613502791,0.5386246065278446,0.44440927626155996,0.3577846502238047,4.822145633290691,58581.44148277008,P3 Expectation guidance
0.2825488639626971,2.539753370092492,0.37939204642630725,0.3460682607365813,0.20202659078891635,1.474248661511527,32447.78865740253,P3 Expectation guidance
0.7336826664676632,40.805258823221195,0.7679209941068694,0.5425013977391608,0.45229998690170575,12.768007608195283,85348.74285536066,P3 Expectation guidance
0.351735244634639,3.2830542465987747,0.38621293269543727,0.2970435713391636,0.26668122099305797,2.1714566244428974,37295.07338232081,P3 Expectation guidance
0.24053698886339642,2.0270978695030557,0.23024822045506854,0.35592461698162203,0.1847296509824673,1.3190758260157913,28669.157122373676,P3 Expectation guidance
0.5353820245299802,7.0860777965562995,0.47928345312727916,0.3405836109403718,0.3957600583204169,4.127244470968175,76908.47888979604,P3 Expectation guidance
0.5350279109456193,9.480082162812149,0.5063735022147802,0.4167640365387468,0.39023514019935235,5.166310966469766,56352.07361567317,P3 Expectation guidance
0.4653057202508371,5.023957939471768,0.4150398602068767,0.3353411931719055,0.34563722143975606,3.0394979480571935,72781.94898115745,P3 Expectation guidance
0.4508027751747578,6.155088233555926,0.5459594369981589,0.40270402029876157,0.29445369592473697,2.871822945878505,54002.93478196155,P3 Expectation guidance
0.6359003175888497,14.849429070853928,0.5906741630931942,0.43448458852671434,0.42262011971348,6.268908806089285,87030.14060772755,P3 Expectation guidance
0.569186517337248,11.80953554215271,0.5481405890685065,0.4422120665786697,0.38381662084205964,5.442425953606293,61502.951718108314,P3 Expectation guidance
0.3473302742846027,4.245625509147738,0.49394716378921333,0.40956817812681023,0.22273476726125668,2.0730574660440335,31738.29523026743,P3 Expectation guidance
0.7296608767626993,29.672330931491636,0.6742385089003032,0.4972935515320413,0.47635732490923255,11.041887793361907,98510.0827814984,P3 Expectation guidance
0.46566078951745543,6.87276043546197,0.5458152227744347,0.43292912162114955,0.2865311544968625,2.9335762410325783,57716.357211386894,P3 Expectation guidance
0.36496983007421147,4.097568081488145,0.46993948731394514,0.3965561461913498,0.2450990137221795,2.0544018881804917,44754.78121117131,P3 Expectation guidance
0.6719322407356009,20.10363256277429,0.6160801791250643,0.48274055730858684,0.4556307425118225,8.102836688685617,96371.51348391554,P3 Expectation guidance
0.456073495718818,5.357523966757244,0.42399264389303937,0.3282884319150598,0.3444508028373792,3.4021038289676544,50823.7999710347,P3 Expectation guidance
0.41430153414654824,5.485709056114456,0.5239127586762253,0.40732227064147875,0.25022218430564336,2.3232893547033937,45501.25341660814,P3 Expectation guidance
0.5159755317702452,7.648469506402136,0.46919833243269937,0.4133160060158542,0.37213769272408437,4.1318324113219695,72818.19676784433,P3 Expectation guidance
0.5682205044708528,11.994516021557976,0.6917427357899528,0.4560651956438167,0.35399540017843867,4.627499043775437,71831.10651564325,P3 Expectation guidance
0.6083298483520141,18.5177229970986,0.5975324180211813,0.514073614109972,0.41191327939073324,7.700293446297042,61112.154271328276,P3 Expectation guidance
0.6089269722839262,14.660648172887667,0.5662523139365232,0.4809383656164489,0.4234337246856256,6.512089093470829,81387.03295784806,P3 Expectation guidance
0.6364807868864547,16.77655399421988,0.5946012741769411,0.4672299156952205,0.44884484173120187,7.664412718085929,76255.99365298927,P3 Expectation guidance
0.44169043791315,5.266986807543851,0.4251769426485497,0.3502108379708528,0.31170120015021197,2.9986535616446686,48622.61264464734,P3 Expectation guidance
0.5485481941158691,13.272967217664476,0.7080221723926212,0.47723977976219445,0.3263541355733831,4.862584773498776,50382.1467228932,P3 Expectation guidance
0.5155972017681278,6.718142911169723,0.4668711244873034,0.3607664251811608,0.3666154606103972,3.6718367622654293,76282.96000326436,P3 Expectation guidance
0.39504990519357885,4.244810602920866,0.4639342328378288,0.3402579678544546,0.263463982556895,2.236332209971905,43703.156790802226,P3 Expectation guidance
0.4574567011216682,8.44168146479277,0.6823478470158705,0.45381782187113456,0.280798235217714,3.5170114948125013,37524.4712744163,P3 Expectation guidance
0.5133237816379209,8.978550444848247,0.4947661090187511,0.42702042061673295,0.3616700522437304,4.663393125225409,51887.09248874073,P3 Expectation guidance
0.3867336316166936,4.378356134618096,0.48588514960115375,0.39635099295205295,0.255644556860683,2.146271016103195,51296.18967977699,P3 Expectation guidance
0.6330108276494569,18.472165135191634,0.6132779035985098,0.4722465303880809,0.44037436167461635,8.296770025906252,62196.19768159256,P3 Expectation guidance
0.5855647027593737,11.263338796565572,0.5428194368416674,0.4134908418345613,0.4228695148655734,5.820471429618796,70496.08268450997,P3 Expectation guidance
0.5080219299497467,9.422843842458704,0.6432016792443787,0.4556127287492629,0.3102082586870193,3.7520862716572494,55753.08775739183,P3 Expectation guidance
0.6856768324909122,25.445963456733395,0.6858853057239299,0.513570809052863,0.41567368799627014,8.455917236411292,91135.77817967143,P3 Expectation guidance
0.6378798538585055,16.293397967107733,0.5883328633718725,0.46949828330034277,0.4429512737353021,7.140459948922215,87187.14886904338,P3 Expectation guidance
0.4026954390215345,5.2420091741205335,0.49693889620902354,0.4045546903414343,0.2553634148903094,2.4887877743540705,39436.117526616385,P3 Expectation guidance
0.6738294356802806,20.19685972442522,0.6165644079997781,0.4818485228911439,0.46135569817766475,8.194137007129315,98348.12502869521,P3 Expectation guidance
0.28051052750472605,2.4031494466670473,0.24023372116045336,0.35503082718944445,0.1981239292794791,1.367796257970994,37768.384734761516,P3 Expectation guidance
0.3747785495753761,6.2650340100368584,0.3283399094825605,0.48663613330713473,0.23599385710793994,2.659605650221481,32288.9663896634,P3 Expectation guidance
0.6980359702910893,27.02063139346911,0.6614045328639133,0.4999360671823498,0.4433001223724191,9.602169977894569,84421.75167952562,P3 Expectation guidance
0.549485318480505,11.928134486207915,0.536213523756899,0.46264817283953624,0.3866879927579043,5.820247814683341,53747.889139566105,P3 Expectation guidance
0.5346240978336265,8.027635755438626,0.49254750079167087,0.38012345785949825,0.3823416539506343,4.36039125464167,67590.86529651581,P3 Expectation guidance
0.6992342650398893,29.415877578872234,0.6696624593116693,0.5291395379880653,0.42233472881974954,9.615842137828642,88242.84733894118,P3 Expectation guidance
0.7442156704712456,40.781499245192585,0.695730706092793,0.5358633439605017,0.493808731816894,14.053360626382984,90176.03190351278,P3 Expectation guidance
0.7292572855201374,45.913516468913706,0.8439004800700288,0.5496304089565299,0.44932835489620104,15.195723451103136,63948.69195186042,P3 Expectation guidance
0.6339957513734173,22.9137186396615,0.7535188657321359,0.5156729146320121,0.3795571619892994,7.970140917224039,56219.28142975178,P3 Expectation guidance
0.7274812081192212,35.98388727074073,0.6917679352997056,0.5144383036815317,0.4977472627132535,13.362076621714294,78633.52352219165,P3 Expectation guidance
0.7029366325636894,27.581402932670873,0.6453055016447039,0.5264013419979695,0.47477771586395423,10.21773565172807,101616.67525699791,P3 Expectation guidance
0.5052789134337492,8.29327459384015,0.5872276975130585,0.4140620452407398,0.32909794111371277,3.7994476407718833,54583.09105417819,P3 Expectation guidance
0.41725316396762757,5.262931664859614,0.5211657331403606,0.3983180082339274,0.256706490457086,2.3227934951479847,48877.89969037125,P3 Expectation guidance
0.6422508776963577,20.756415602134766,0.7732048621802184,0.5208657350104453,0.38836583221240306,7.011649994572483,82694.18461903153,P3 Expectation guidance
0.6923099006254118,29.746981584255252,0.6647161722050865,0.5384970416373985,0.41969435770133146,9.865092119009223,81523.35232655716,P3 Expectation guidance
0.5209316677120199,8.057467533514844,0.5434015543737416,0.3843210277795368,0.3435840574314433,3.863365862817809,58935.40781847622,P3 Expectation guidance
0.6389238340479929,14.713440005613911,0.5829426996674684,0.4328269683861939,0.45228418357380673,6.875367482526345,88035.81476264894,P3 Expectation guidance
0.2459244534379481,2.0712336656303245,0.3500505170180905,0.3144975247191952,0.17907021428508216,1.285236517167921,24269.889178870784,P3 Expectation guidance
0.29848384113862714,3.8029577075715206,0.4135037494091975,0.45065597116782546,0.19350766877717102,1.8148786568479165,26495.438548068676,P3 Expectation guidance
0.7602760164500652,46.05846371819944,0.6968019804907414,0.5553928917875051,0.5064174097774888,15.188129170753825,105267.78089480233,P3 Expectation guidance
0.5482230498595483,12.728229901453588,0.6713315898743155,0.47244020802705383,0.32043745056083306,4.654847504055674,51572.169128956346,P3 Expectation guidance
0.47956522164958026,7.158240891490042,0.5131850567626133,0.4073007795710383,0.29882945479742806,3.149641546249911,53542.27667806182,P3 Expectation guidance
0.2971826493055232,2.8751631434699623,0.33712098885382275,0.3884579337535836,0.20767713989260045,1.579592057713635,36752.54447648386,P3 Expectation guidance
0.34224338621186245,2.832670354976989,0.40746323831909304,0.2993566762241427,0.23960640560250807,1.6290102574318976,50264.806303239726,P3 Expectation guidance
0.2050396048144274,1.3717760551713873,0.05573908142473912,0.3110679248110506,0.1682094001734762,0.9927028591945536,32995.54474180438,P3 Expectation guidance
0.5563573471602379,11.37738843636191,0.6004345041492982,0.4421140892105052,0.3480618112084971,4.788679679044945,56811.70884215192,P3 Expectation guidance
0.503529328600036,9.412379231620504,0.632323390826941,0.47551579882143885,0.31850223156374846,3.8186834186387615,61352.07845827605,P3 Expectation guidance
0.3637862117280977,4.533631440232346,0.4496851645147514,0.43597520793700445,0.2317236523720455,2.053923653185578,42871.058245316744,P3 Expectation guidance
0.25962628380684427,2.1317824300829984,0.1815776305491682,0.3523252071240518,0.20014090194729697,1.3753829209475132,35916.11281686464,P3 Expectation guidance
0.25135718881144387,1.9136250917323425,0.10908115234237184,0.34350752486392777,0.19830032413275261,1.2843920141010337,39769.03968682047,P3 Expectation guidance
0.44487457696922333,7.052226710331651,0.553758513948267,0.4633297948481398,0.27253555894495163,2.8432012675478244,53563.238810602925,P3 Expectation guidance
0.47826014397801203,7.895734882622401,0.48034666939087683,0.4252969637169842,0.3172201452938918,3.8739338389500824,43944.45516848327,P3 Expectation guidance
0.7808369349775018,56.22558245950212,0.7119827907875637,0.5679741006439224,0.5260279981183095,17.975888802756906,109409.33998904037,P3 Expectation guidance
0.2172896273926789,1.7878472825480847,0.15417909994821813,0.34152919569186074,0.17694056717149162,1.2737193255665518,24191.164347124264,P3 Expectation guidance
0.570718146211751,12.515547927596485,0.5482305839989123,0.45618955716071635,0.40251456632590094,6.069687780733866,59919.89566845102,P3 Expectation guidance
0.6041392025253789,15.77749701381564,0.5877209573728738,0.47234974899271986,0.41133049050134124,7.022949817414101,60516.53179734401,P3 Expectation guidance
0.4195099212779562,6.602078507603314,0.5985795697832295,0.45166875196934214,0.2595493516217111,2.8266685831385745,39407.21526110557,P3 Expectation guidance
0.5594004317132193,10.625373114497974,0.5430767110910601,0.4274352678065878,0.3658487366474318,4.8360906700068735,62335.86865878959,P3 Expectation guidance
0.2132060493013876,1.9266354860745127,0.23006637630674134,0.3806097422539323,0.16735253497762417,1.289814104396644,22026.20158929299,P3 Expectation guidance
0.7948985038493979,56.32487580569866,0.7176901858047541,0.5426509569361573,0.5444132676296749,18.861437081526628,110759.92444843505,P3 Expectation guidance
0.5497117763862663,12.134649389938327,0.5393511159774885,0.47060213801177664,0.3734700244327767,5.623490996757546,53859.241839312104,P3 Expectation guidance
0.45782061032845517,7.66321920471268,0.532931461778873,0.42895929524870047,0.2719501293339103,3.2020733277048055,38367.10481514792,P3 Expectation guidance
0.5303601773321394,12.321194008834892,0.6936391844485842,0.4898581769627849,0.30189305483949025,4.2776077662771295,51315.80301210312,P3 Expectation guidance
0.3610042951091551,4.386982283555187,0.5036760625402654,0.39122513482980165,0.24852545508801088,2.3248314286975424,34223.48445624414,P3 Expectation guidance
0.3953128239492691,6.922183432312538,0.3125303189298577,0.487099700799392,0.2519380839886945,2.928416528602817,34647.560923528115,P3 Expectation guidance
0.4007810521588094,6.43640898332001,0.5979650165716937,0.44882593448380403,0.24108463848375367,2.659551767586427,33072.585913280804,P3 Expectation guidance
0.21306581118681933,1.6133263715569577,0.1265907288171736,0.3440245270543141,0.17049146080872885,1.108474226223777,29234.807284812152,P3 Expectation guidance
0.628968556304001,16.001777660464963,0.604212945026798,0.44168411892130544,0.4245482074114927,7.144941348328046,65811.70750143792,P3 Expectation guidance
0.3411925314258225,3.447126686061453,0.4171367548375537,0.3687652474252868,0.23850483768505007,1.8903642498911426,41604.01737808532,P3 Expectation guidance
0.7114002162662724,28.242832433499046,0.6621259328517636,0.5041653590338319,0.44822922058593595,9.778346440305805,96582.62081303225,P3 Expectation guidance
0.6836852810391758,24.78207271788995,0.8013929364909154,0.512338816277563,0.43688612625077894,8.97396691494773,86707.58140756976,P3 Expectation guidance
0.6138824652300654,15.33409296771112,0.5955327819810899,0.45045677781666116,0.40112490775796816,6.494480830674383,64302.24807441468,P3 Expectation guidance
0.4700435682821624,8.90752424835516,0.6631506846972828,0.4720464995634042,0.284770184996933,3.5014213235186067,44406.92133578513,P3 Expectation guidance
0.620472975220212,15.748918283881396,0.5908301371147833,0.45369100214087776,0.43856269067571585,7.412756612194234,66124.83955819436,P3 Expectation guidance
0.14361205412566655,0.9894381064537752,0.11049603102966832,0.2995012326347314,0.12868080291154835,0.8147889424252102,16996.89760235861,P3 Expectation guidance
0.5057448256626735,7.08450464828552,0.45841519636222094,0.39155631938023466,0.3760645861112812,4.10067068543153,67712.88027680837,P3 Expectation guidance
0.31403384932892514,2.7122538676883874,0.39305787959625493,0.331695819516611,0.2247116480789797,1.584535740929702,42295.503777053724,P3 Expectation guidance
0.6422387703941577,21.390529566567185,0.6350155516561823,0.49475366333220283,0.4149770531535144,8.394154695263095,60988.36117095215,P3 Expectation guidance
0.4687548359990839,6.4033296357177285,0.4445354528279382,0.37763360901111614,0.3399649416607054,3.7143094910220147,49007.206983981545,P3 Expectation guidance
0.5611282955122975,14.25191258515707,0.5778610496435829,0.4846112616063059,0.3480001687811276,5.755250799615455,48177.5960912435,P3 Expectation guidance
0.46244071576959317,7.59880007948787,0.44332811653433746,0.45533979764068827,0.2898223811732708,3.1368162595073894,53894.81046575554,P3 Expectation guidance
0.3618105471599861,4.758345633315176,0.4858527463735468,0.4131865022737489,0.2410655110704666,2.346599517515369,32736.796969371382,P3 Expectation guidance
0.4198966891420006,6.679583213558636,0.5616436237633683,0.4410108309743307,0.2536771183307245,2.755849563153709,37396.465217960445,P3 Expectation guidance
0.2415178926952106,2.038326410452953,0.3296998259813542,0.3315984952588618,0.18247187967848041,1.3119345581974577,25733.196637021956,P3 Expectation guidance
0.5116243321889767,11.9127614886209,0.754922284564845,0.4809843190346168,0.29989882217138353,4.252861940469404,43833.737706473694,P3 Expectation guidance
0.3469281212794236,4.810847327689486,0.48905324899847535,0.45364990232778474,0.22006903648021334,2.1733218973658044,31922.579282331273,P3 Expectation guidance
0.4910755659543212,7.035267964463313,0.5007073997912512,0.40908515503836096,0.31290689127850246,3.1882087509307837,65662.79421091876,P3 Expectation guidance
0.32703727519068276,4.364046166480023,0.4198726299332087,0.45180130858519224,0.2121671501970903,2.0397155811624654,30154.843504670083,P3 Expectation guidance
0.7203127228296247,36.132491828161896,0.6877877700558005,0.5297400892761686,0.4896112161510651,13.20734798961222,77874.03928827174,P3 Expectation guidance
0.41179614786314883,5.114716574781627,0.5175014948436011,0.37369776156956797,0.270786726857342,2.531018903943694,42308.230640929876,P3 Expectation guidance
0.4232672429192895,4.4848480578763725,0.4106948519928941,0.30801389106171717,0.3169369865124357,2.8530238809202637,47321.36083266905,P3 Expectation guidance
0.5077035928515864,11.624756943262124,0.6842963783767141,0.48289982226411127,0.2904809700634178,4.124184544764683,42709.321720155705,P3 Expectation guidance
0.4738471971067878,8.892130937923252,0.6491956226565652,0.4748158465709296,0.27835544645620913,3.281285255114494,49483.96204563073,P3 Expectation guidance
0.5148054187218399,7.180155182102744,0.6065097476056194,0.36955903990034017,0.33937556984340805,3.4120314574672497,70210.77056625679,P3 Expectation guidance
0.5744872401129691,13.324973823878665,0.5548940077174919,0.4754036901370724,0.3918277326199757,6.036694404604757,61428.706410388404,P3 Expectation guidance
0.2977194336685462,2.5809581178184566,0.1223206828619974,0.35927017309382536,0.2227979726361377,1.573031463237737,43596.40308033062,P3 Expectation guidance
0.5897249410596722,12.212768196658267,0.5491636164127311,0.4524293539725107,0.39296874806048354,5.387127572248534,80004.68755260872,P3 Expectation guidance
0.6054530804093065,18.896401380103487,0.6107042221070229,0.5092050916539764,0.392765878882499,7.645916979713808,53806.84647607841,P3 Expectation guidance
0.6775326697680537,26.232486911674798,0.6626878962949897,0.4935100327829051,0.46591062207466105,10.866039262611725,62968.545539736035,P3 Expectation guidance
0.5911463201097125,15.33451566103668,0.5888597355774527,0.468906432947771,0.3874562373197862,6.527321043591191,54834.851042596885,P3 Expectation guidance
0.5974042690487942,17.265527045182523,0.7026854217350794,0.49175095341176134,0.33760837839776997,5.452443885920579,63088.418715555614,P3 Expectation guidance
0.5598366348705498,9.616387147805694,0.5218490190327879,0.3920139990569205,0.4040064313123869,5.2242999184453724,63503.52610309412,P3 Expectation guidance
0.6865031381265964,22.604870462264618,0.6374780379196813,0.47912869080475456,0.4662138242279477,9.081295524616925,88090.00091486314,P3 Expectation guidance
0.42715438929893723,5.725494897280683,0.5185906084614424,0.3735676652296732,0.28480365580534517,2.887614646604643,39466.33756470009,P3 Expectation guidance
0.5946572399932473,17.907358812846407,0.8147410573919995,0.5009902447631325,0.3638528779192685,6.6068576038939355,52553.594190435986,P3 Expectation guidance
0.2568383616730674,2.2696622334297802,0.22531803724234556,0.3670786438599483,0.19816131475913923,1.4796706454156634,30399.442871745618,P3 Expectation guidance
0.6405135615087693,14.757835322216843,0.581763901804957,0.44041968340558285,0.4482531991005459,6.762361969304096,93162.95399076806,P3 Expectation guidance
0.6391059758684767,19.157271355569495,0.6094826797181191,0.4928122236012217,0.43860894232099623,8.05956645740985,72368.74412239438,P3 Expectation guidance
0.4139357779628301,5.232122648187753,0.5419724063056972,0.3882645458993748,0.2632051051984638,2.443027611231717,44453.663873317426,P3 Expectation guidance
0.5421933399525352,9.977449596447913,0.5229507447971525,0.4190498345704625,0.37478402456620213,4.949551078460033,56136.45126498794,P3 Expectation guidance
0.6204443946665795,18.53481607534556,0.6950077582791626,0.47859499242278686,0.37880245646147986,6.8371095209896975,58287.80003287795,P3 Expectation guidance
0.33782081304523026,3.922236739199176,0.32866296520856575,0.4420395132207742,0.22540298087835586,1.9033739274238324,43795.346687477846,P3 Expectation guidance
0.29039944261197154,2.544469505919194,0.2710206462229847,0.3454112435437306,0.21737873491531254,1.589445283914421,36256.4394934836,P3 Expectation guidance
0.5446848416563823,8.181381593091668,0.49070415659201144,0.3877234810613034,0.39930208850536,4.4988720614528015,79008.01871161911,P3 Expectation guidance
0.5362883227846842,9.231522533191287,0.5192822933099073,0.39001069647630116,0.37913800768824024,4.919985493524519,52416.59108710841,P3 Expectation guidance
0.31030635719703614,2.752827209219173,0.3999170773515719,0.3331863694434161,0.21160131311684155,1.534046653203612,36824.159904240936,P3 Expectation guidance
0.5286908265408125,8.447187797735122,0.503928917040129,0.40254588872310837,0.36121012957435294,4.173910534587619,64125.31416488557,P3 Expectation guidance
0.7136364978316966,36.13933662689241,0.8179746194590163,0.541585824380331,0.4304332920535417,11.761480160206979,75619.73809205799,P3 Expectation guidance
0.6751858641249803,25.547146488865653,0.686791630585014,0.4742817310600439,0.4332704565857926,9.801333425569796,58940.47279634629,P3 Expectation guidance
0.6132504741807684,16.93664652149518,0.6172902894771498,0.46957868561024796,0.3874826722317858,6.888808507852869,56501.24618724509,P3 Expectation guidance
0.42055362204290336,5.074065619643516,0.49563750114349187,0.3684160204565777,0.283055734485813,2.698270484169529,43906.72116843023,P3 Expectation guidance
0.23283079794879047,2.000999115675336,0.28945255266282593,0.35501798567381965,0.1784679176800477,1.3100124395234372,25405.92833188238,P3 Expectation guidance
0.3494094911925603,3.8721402944978216,0.3057964916900656,0.41911016056312894,0.23563474839148746,1.9307703140482448,47112.19776506649,P3 Expectation guidance
0.437781944806582,7.299007385660801,0.4858012043836123,0.4656578297704603,0.27682161681891343,3.0244798488096136,46789.463275235095,P3 Expectation guidance
0.44599948971615505,6.251153741801393,0.47716574073999757,0.3890799037640714,0.28914303946203995,2.9985249543073524,43200.64315955127,P3 Expectation guidance
0.3558247840542664,3.5866505412687317,0.43918942696334323,0.3671146211630698,0.24972195903410027,2.000702410903909,45122.10868673489,P3 Expectation guidance
0.4156919687646281,5.306222751668213,0.5222102713757358,0.4217320702807964,0.2707672198028173,2.4414584408215037,56238.1800857451,P3 Expectation guidance
0.6720013163950709,22.49522402458125,0.6195898101415337,0.5193172172306456,0.45866026034126683,8.825454546804961,95557.51019673994,P3 Expectation guidance
0.3557580213129164,4.436609050656936,0.5046893053794591,0.4049812458659841,0.2410099739159608,2.272300268447188,33363.18871692754,P3 Expectation guidance
0.4411297899702065,5.995369429511151,0.49484638395621044,0.3946097160763961,0.2961362726962183,3.069522861873077,44770.18132784134,P3 Expectation guidance
0.42393194236795184,4.596632767565572,0.4054835870974227,0.3428737054949917,0.29983928626161305,2.5921137541431074,54097.43551749648,P3 Expectation guidance
0.48585029732375196,6.65993150062417,0.45010244140193884,0.38323746207404336,0.35442451919328793,3.8034191033663216,58014.402171631766,P3 Expectation guidance
0.7545293195153981,42.85156571579146,0.7559530827934059,0.5412287621645151,0.4734333578478606,14.072083381420182,95587.32115362417,P3 Expectation guidance
0.5700192656574763,11.443124843446688,0.5393105363933616,0.4347463896700835,0.40402445886317423,5.71176933036906,63318.35261561291,P3 Expectation guidance
0.6214223051022113,24.352095445862247,0.8607279440695124,0.5533896087937583,0.3630769389781316,7.533066953649632,61501.51270272407,P3 Expectation guidance
0.6692774373685367,27.91954503130619,0.6558079734400658,0.5339935839723284,0.4468780392332151,10.443104766439951,67609.3172242461,P3 Expectation guidance
0.6584332708750521,18.431000986024422,0.6140505773402498,0.46433794160711217,0.4348562326801615,7.482593584887903,85070.30095621328,P4 Vacancy creation
0.5967472868655089,15.893385458597416,0.5773736371492485,0.4954331805680704,0.40956099510756827,6.9965971915058365,63007.412002601384,P4 Vacancy creation
0.7011627745533359,33.962886355874346,0.6843944194173227,0.5369184415073411,0.4445702466629751,11.845517784363285,69732.9378725123,P4 Vacancy creation
0.6778914835752157,26.986767722823412,0.6542999975299634,0.521113164466732,0.4447361336175972,10.03728348036589,72633.71500706894,P4 Vacancy creation
0.6682095378669775,25.232261796174534,0.6658152060742304,0.5003015796976094,0.422464504343537,9.291122029548093,64176.73159032134,P4 Vacancy creation
0.338447787655301,4.1491373359140615,0.470486469126613,0.42521390471276654,0.2210391866239175,2.010206174851563,33591.41119708345,P4 Vacancy creation
0.7029391569873066,22.95449052306441,0.6402050075357484,0.46788295423669485,0.48736459235009877,9.551872974754113,97136.57321675419,P4 Vacancy creation
0.4882176256283134,6.402876626395014,0.5831856100808405,0.3741990662779033,0.33336316750898615,3.2604264923265096,66013.32614757525,P4 Vacancy creation
0.22579602098244508,2.029224298899417,0.22251924320509944,0.36987593488896914,0.17126628199567887,1.2895230033476528,23318.05755292959,P4 Vacancy creation
0.3089396028369175,3.633996807235743,0.2894230459446527,0.4285536260563876,0.2111645860880393,1.8720139516198229,31009.258603552593,P4 Vacancy creation
0.6286746103721638,15.212263537365615,0.5954756293457867,0.4477648931867033,0.3993708705697447,6.046674021907653,81509.76769921425,P4 Vacancy creation
0.4967967659939709,6.773333532832888,0.45975437666677166,0.38044209950391367,0.3490295280990914,3.6519376847999605,63323.1520991761,P4 Vacancy creation
0.3212353910166995,3.3052639730681075,0.4003698689432002,0.3882179413315755,0.218575993553032,1.7363371005143295,37652.5548345769,P4 Vacancy creation
0.24624755968197842,2.1307716087869517,0.3407717729282826,0.3340132510115976,0.1833336007084017,1.3668961406251794,24603.979713527315,P4 Vacancy creation
0.6357356144709536,22.47255861283518,0.6551724129171635,0.5121721050011041,0.3825740942394383,7.925220071126506,58157.77573328282,P4 Vacancy creation
0.46047949247204634,9.169767311481833,0.6754165134293033,0.4756081405936176,0.26944918084455394,3.463738806003938,37881.24471278867,P4 Vacancy creation
0.4830403729665852,6.919328548903795,0.4652308820020191,0.3691559867787,0.3453399733921145,3.9575362880643916,46562.505374060085,P4 Vacancy creation
0.5111922893931413,11.190103166280762,0.6650733359315251,0.5045415312709374,0.29575481632214184,3.833277077684278,58735.80484430083,P4 Vacancy creation
0.14594641772417177,1.013068049692137,0.056643540169508726,0.3138743438228521,0.13213600724995236,0.8433286377397249,18070.67355245664,P4 Vacancy creation
0.5283464684501701,9.188950706133413,0.49763880945424477,0.4236374892919719,0.384216972787011,5.001300962881155,57231.15373487921,P4 Vacancy creation
0.4636222307181492,6.770332065606722,0.5923949366999524,0.40965069777332686,0.28735302151903014,2.927883535888456,52456.78856095161,P4 Vacancy creation
0.6006358177692288,17.081027266187736,0.5955413645064774,0.4885961353802131,0.40978827531386663,7.445115322377998,56033.687005515065,P4 Vacancy creation
0.6998241794330053,30.341298402974868,0.6795050001961828,0.5206573485814032,0.4426162870716893,11.060568273915752,71784.51757732639,P4 Vacancy creation
0.6314955477744892,16.57347845689797,0.5874168358901654,0.48255087359134646,0.4293801530927884,7.083631432550729,82530.22353304678,P4 Vacancy creation
0.5099469045368543,6.887005487427943,0.48270256664587613,0.3679232437036283,0.3349708577500758,3.3629540428320164,69138.80224105541,P4 Vacancy creation
0.3240726670062087,3.4864620080407103,0.245803534271265,0.42846800145431735,0.21979976373599264,1.749350281251026,44588.92454008418,P4 Vacancy creation
0.7289460677499492,34.40822035479146,0.6809957489147012,0.5169237807395984,0.49884342125075576,12.762032206418482,87510.86743452588,P4 Vacancy creation
0.4568491822318287,4.96104963461835,0.44393218657037575,0.31547121529435057,0.3272686155010821,2.858911596857544,61102.113553624855,P4 Vacancy creation
0.4546879307884848,6.699665043429819,0.5735296405478508,0.4212298921929015,0.28292969315042266,2.8803463213612956,51860.788166612765,P4 Vacancy creation
0.6585783458234886,20.739874793834744,0.7740214772368781,0.4980684579962068,0.41077644631785293,7.532055643631148,83540.43911698762,P4 Vacancy creation
0.684724216226591,22.290292609961615,0.6386051985010603,0.4731146332904142,0.45826965182802804,8.778882360649515,87379.27280180849,P4 Vacancy creation
0.5734328444465872,14.832710366183136,0.736746598650543,0.48863662656785306,0.3613283057051791,6.0311096151866455,51812.19938278628,P4 Vacancy creation
0.34188142228577006,3.4615569227806375,0.45149811971543824,0.34650796723548916,0.24539813217547465,2.038669708081371,35978.509178228494,P4 Vacancy creation
0.40319526945383266,4.633462874658811,0.5265905531630083,0.3662955626531158,0.2697462731749389,2.349189921534598,46910.03222111486,P4 Vacancy creation
0.5354681558970348,9.727757466449553,0.6307706613105416,0.4103183869164828,0.34933338890822246,4.464953018043559,52979.680614014025,P4 Vacancy creation
0.4002317051105463,6.3014903496018935,0.5366861299771695,0.4520849223060315,0.2573748217087763,2.8155640084952025,35843.975892425464,P4 Vacancy creation
0.6928794213294603,26.388944940657794,0.7426130723864605,0.4986904503311962,0.43516365087599584,9.769919347331168,74837.16353920178,P4 Vacancy creation
0.49163102679870885,9.6395342677559,0.6129115186046663,0.47136601791015015,0.30628523070563274,3.8444816955102272,49483.801665033316,P4 Vacancy creation
0.6687087631112006,24.85261729369975,0.6487250870727806,0.5041343284866933,0.4522418844665219,9.848559149608102,68110.14676135778,P4 Vacancy creation
0.34357360659136144,3.772768753893984,0.43908084747650383,0.3739559879438829,0.2364175900993684,2.0554757880109373,34256.69975909871,P4 Vacancy creation
0.4974466401125361,6.254149382686179,0.4436327294937158,0.3635640396731204,0.3745460471404994,3.784759330200065,71443.45995147033,P4 Vacancy creation
0.3402740982605482,4.8975470401896475,0.4577540985182066,0.4572850072283428,0.21478498328961135,2.16632125671976,29411.067616374698,P4 Vacancy creation
0.20920619212716868,1.7244025547019788,0.1985273310661347,0.3468643669659187,0.16389809230224064,1.1729155073545718,22542.94334602719,P4 Vacancy creation
0.49537342354345304,7.173687626066545,0.6116898292383164,0.38760684911420307,0.3097432808425335,3.168210481829775,60169.02844376019,P4 Vacancy creation
0.17336070670580714,1.2048512647430205,0.03631436333043394,0.31868222619602543,0.15336767518307765,0.9687239396474862,23565.12249730031,P4 Vacancy creation
0.5386410107090319,9.431782644532623,0.5375685599589991,0.4271239170270211,0.3487995883818108,4.239813370859947,64433.92507333592,P4 Vacancy creation
0.49710924580000454,7.38767943413149,0.46957397020910696,0.37915913601475765,0.3670123432995371,4.333129789638715,50789.05796162737,P4 Vacancy creation
0.2474256472995278,2.2677439005674986,0.15770396259376274,0.376588097606149,0.19081865587646224,1.4564658265735657,27560.418442770584,P4 Vacancy creation
0.5189954682154306,7.6967195306945735,0.48123832226207813,0.3887182394601007,0.36898592909221356,4.1594540014243195,64082.160825945786,P4 Vacancy creation
0.45874905954093126,5.474828498458871,0.4340232097286292,0.3532860956067924,0.32872086112552074,3.166556949768311,55963.41060686322,P4 Vacancy creation
0.5211286942451846,8.01695477275051,0.5786258515634496,0.41027564929928273,0.34145125770127555,3.6835740192084705,71886.58481652744,P4 Vacancy creation
0.5445669148177535,9.038025830987834,0.5090628707562009,0.3956625677575122,0.39036472267945493,4.829924662506376,63331.67539461187,P4 Vacancy creation
0.48979934186423313,8.250342321045796,0.48468821024617315,0.42918963374695335,0.3322773210395094,4.168555075946116,46343.944370719604,P4 Vacancy creation
0.690915841990092,22.918179791774307,0.6438092207722261,0.4715012210660964,0.4628707407578209,9.278488287269816,83816.9027462982,P4 Vacancy creation
0.5090104484819975,6.430854023074114,0.45828934170095414,0.3413027467209378,0.38337361155841015,3.931596221039232,68587.4610449376,P4 Vacancy creation
0.46857962286455396,5.961988988121442,0.566177901914533,0.37216732979334755,0.3185397975857532,2.9718973730404086,63580.518712579535,P4 Vacancy creation
0.4995713877783886,8.030124804379584,0.481628835817436,0.40443874413380926,0.35360010976275436,4.315834387749237,49634.89543312807,P4 Vacancy creation
0.5705077753800861,9.237850430380243,0.5208625458199935,0.36660640851483783,0.4187055715442527,5.175246484072653,70680.83763090125,P4 Vacancy creation
0.6285798691993583,16.057016133524375,0.6059509911846184,0.46320962553880063,0.4005867208181659,6.4103555809536825,76640.7464755406,P4 Vacancy creation
0.45816046320383513,5.746628934591108,0.48772487342882603,0.37323312469791725,0.3104199327879584,2.913931194179055,58661.67284289337,P4 Vacancy creation
0.19900863247982128,1.3972042269605431,0.11269541475650131,0.29363522729090363,0.17237545360049364,1.1042276158168016,25624.179682498205,P4 Vacancy creation
0.6004229775564551,23.266799989617546,0.8005132807950214,0.5473483321097101,0.3422624267932625,7.599305176206269,46253.57010330259,P4 Vacancy creation
0.6832882437542628,29.722461996399446,0.8178948386397241,0.5122291908627568,0.41382704983734014,10.365614067164039,60526.627006972616,P4 Vacancy creation
0.6908450996782347,31.165541043523305,0.7161422236901699,0.5090864732776454,0.4272496485221657,10.934132647649996,61142.104737809146,P4 Vacancy creation
0.3535949190056125,4.677878234678611,0.5324746231612183,0.4187748461144411,0.22178005841691545,2.1575926024480747,30117.014586148965,P4 Vacancy creation
0.3694930931698698,4.852172300637711,0.45898368546301715,0.43811461606906993,0.23273269340655095,2.1817803132812212,38964.603931483776,P4 Vacancy creation
0.4877642637111866,7.444550840664443,0.4848583644335766,0.38372314598321716,0.33785760288160344,3.983677901964716,45430.59642725397,P4 Vacancy creation
0.4241899105478259,4.852249022219503,0.43367472799872137,0.3372980310364457,0.3053935605324705,2.8802993411134197,44720.69906141429,P4 Vacancy creation
0.3283256822845075,2.8744875370855087,0.3067786895749646,0.33151171120438466,0.22070684875907823,1.532998469355317,45769.810241555315,P4 Vacancy creation
0.5347043003372915,7.721910955334054,0.4848866111566539,0.3857440242999182,0.37849731925601743,4.101649766619061,78172.84897076385,P4 Vacancy creation
0.7975049231533993,57.7286927470551,0.7353064581386825,0.5140587688042471,0.5522784472669182,20.05558336355396,93363.49857841906,P4 Vacancy creation
0.6671825998253315,20.64884885745496,0.647798038229841,0.488954256400588,0.4185184290289004,7.639925113660316,87291.80991861854,P4 Vacancy creation
0.6931577599250787,24.686610772129573,0.7207209461092066,0.48385307575011827,0.442566495267571,9.439159294622021,78180.26624201676,P4 Vacancy creation
0.3246643652379095,2.963278079388169,0.41135321751964254,0.3208064621359501,0.2359244244223557,1.8259441137410373,35838.85553345484,P4 Vacancy creation
0.5321566711241019,9.800251518036276,0.530666344101885,0.4388943240506658,0.33447436075928205,4.266094229162757,57015.860862797555,P4 Vacancy creation
0.6692104640570125,21.199296594893458,0.6301519693335375,0.4781747594331705,0.4579939605661694,8.798417531200968,78682.52491150246,P4 Vacancy creation
0.7417211481886555,38.61191322351534,0.6993640906216206,0.522264808474874,0.48634701119211404,13.59910230857898,85452.80541079165,P4 Vacancy creation
0.3374423854944473,2.927755987293819,0.4136459607926242,0.31737253060310255,0.2285208492563435,1.59210035146248,46244.316590647315,P4 Vacancy creation
0.5148469439927964,9.796455917704208,0.6797596881195195,0.4506130223614746,0.31670821193915216,3.891254033955867,55076.97377361498,P4 Vacancy creation
0.5285610820362078,9.783558476018245,0.5135238018379696,0.4376671996221909,0.35638379330109193,4.69539848235826,54395.32695531126,P4 Vacancy creation
0.48857073210183666,7.691211684042506,0.5517508254023992,0.41762631599902167,0.3102855262057358,3.4200919882671603,54030.93434469832,P4 Vacancy creation
0.26873129781651794,2.269200512202726,0.19129929745223176,0.34952670188953205,0.2053354518970596,1.4579241549523456,34582.43719925184,P4 Vacancy creation
0.3085257241720061,3.2466559888929862,0.28531670252050856,0.4012251580487778,0.21810488393626307,1.8040479186163363,34471.197608379385,P4 Vacancy creation
0.7234357819170764,48.182500547890115,0.8709484834734643,0.5719163660632577,0.43559107398605157,15.406560920608262,62705.519398225995,P4 Vacancy creation
0.591953346570266,13.606974833915649,0.5632146951895591,0.454674912374611,0.41914237379698954,6.571964511715002,63640.126035132394,P4 Vacancy creation
0.7087493170185799,30.463528958057783,0.6770792683059759,0.4988532722427161,0.485398564295421,11.886723728880495,74356.93550398252,P4 Vacancy creation
0.6571609575639303,23.27459675244138,0.6724341967895582,0.47395529371915407,0.41222422727213914,8.889836620780265,55741.712487104334,P4 Vacancy creation
0.6239359038915988,14.879278277643145,0.577004085275052,0.4609061500094243,0.43058818366664386,6.5787161873303885,84950.33427245419,P4 Vacancy creation
0.299736815533822,2.4529038226106183,0.36566015286767195,0.32380499707153637,0.22090017073867788,1.5186542815034252,41648.12715975575,P4 Vacancy creation
0.6358878748313292,18.947544475648836,0.6837592446133868,0.496015338685878,0.3822152684662964,6.6871213794260855,75383.39053514888,P4 Vacancy creation
0.29630409999346025,3.0548339547966914,0.1991801950333399,0.3978583321018358,0.2047049358961369,1.6436075171215883,32587.248354404255,P4 Vacancy creation
0.6750706266341001,29.44568391644597,0.68559272558944,0.512437183918887,0.42094008148685386,10.578588001953838,57066.541952721884,P4 Vacancy creation
0.5413879448511464,11.656840569055866,0.7129953073158494,0.4614362822672464,0.33953365169580596,4.708047173495592,53806.94232601902,P4 Vacancy creation
0.6601620673409676,21.47935561572378,0.6223219182928013,0.5018255049276524,0.4563955243294768,8.987560910246415,77189.9709600148,P4 Vacancy creation
0.7495810922723866,31.431207191984914,0.6816327214130377,0.46706761865488605,0.5032500538834609,11.950622679422851,101081.56525638243,P4 Vacancy creation
0.2044390047693401,1.6834673083587095,0.19087049664479355,0.36712325746359903,0.16308405551112765,1.1569090958839425,24046.13953857964,P4 Vacancy creation
0.5840118082537842,12.484813604570814,0.5492869330401746,0.45015202167358415,0.41271145100109696,6.034627438100125,68335.80673603021,P4 Vacancy creation
0.7125244650632326,31.5401787037844,0.6839125573966023,0.5114036893771499,0.4597627257688772,11.51958597373668,76376.8187651284,P4 Vacancy creation
0.6895827731414074,28.67232651359433,0.6605342551931273,0.5220016280965223,0.46294274340193703,10.755702935983916,76111.36648764211,P4 Vacancy creation
0.4763800406445454,7.984943769882095,0.6463207080739464,0.42540540175644564,0.28656848745613195,3.2254312526060764,46819.975238766645,P4 Vacancy creation
0.5380019371483185,8.71492022688749,0.5109588689739029,0.38455436538545523,0.3670391141991936,4.377628997715273,60053.83844488665,P4 Vacancy creation
0.6692714033671979,18.732492779500028,0.6101615238917604,0.46599401829515963,0.4676191336194684,8.090926275030858,94992.51109216857,P4 Vacancy creation
0.5801521836715451,11.626397866010661,0.6697150703873972,0.423493302883449,0.36640064404962497,4.777452733925689,70570.7232269731,P4 Vacancy creation
0.5455550287184147,12.43798583612034,0.7346848508329319,0.4753848540493756,0.32764241250379694,4.741634336020594,52676.82452906383,P4 Vacancy creation
0.6158801879649536,15.02049415196575,0.5801298440443361,0.46254664487298064,0.4167438955743286,6.571496422904897,74026.42728576847,P4 Vacancy creation
0.5833532113310582,15.0496410823809,0.69215204428362,0.47725367860740614,0.3463165747190254,5.516401760519391,56367.862487040016,P4 Vacancy creation
0.633454085297196,22.201465126389962,0.8059306617633347,0.521770130501792,0.37482089483381603,7.683044168868786,60409.800865573736,P4 Vacancy creation
0.7449620141512232,39.194787084476665,0.6853760986334307,0.5402044662987093,0.49678772110658276,13.522939377154609,100628.83209836164,P4 Vacancy creation
0.4832844459745907,5.675098308443324,0.4322390008697859,0.33236756513092564,0.36864114090481587,3.611160745592948,63927.64131013384,P4 Vacancy creation
0.6963222038862824,36.483590503975414,0.6850231172304315,0.5569207628514192,0.46110222942777335,12.839195557826162,68118.2657749258,P4 Vacancy creation
0.3347676123920688,3.717448532648581,0.33277910022722335,0.40460366161125755,0.22770003771151162,1.9228570177503708,37808.743026913915,P4 Vacancy creation
0.6755945673415116,22.82189389202426,0.6287372710683494,0.5059736666463325,0.45732954959466876,8.927341997435558,89571.81571543822,P4 Vacancy creation
0.7072335407371437,27.018837569462097,0.7024084752610804,0.5021986608747492,0.4619505620518095,10.37820717222651,86170.654629119,P4 Vacancy creation
0.48666623403870146,6.6761712872432835,0.4714852811371877,0.35759654660819534,0.34317750412599796,3.719476217623394,50494.18617186653,P4 Vacancy creation
0.5492354904060783,10.597796742953674,0.5308270337111793,0.4395073907979567,0.3648893940482723,4.941062900504238,58717.08314532424,P4 Vacancy creation
0.6406580290186763,17.627084761269558,0.5923354946446824,0.49372451578470733,0.434406570891076,7.246981848362256,90348.35715956305,P4 Vacancy creation
0.608932304181106,17.63886815799353,0.6159635047892579,0.4901863936480068,0.3684520213093517,6.585789534119455,57956.12297100932,P4 Vacancy creation
0.8134870849031924,61.84603315327373,0.7269739669267556,0.5340977849975563,0.5482300420797434,20.4887264109224,117680.75274743258,P4 Vacancy creation
0.5399249450598074,8.213933022222104,0.543643073141109,0.3701987292177392,0.3547873612161622,3.9136928648334655,67226.75554278409,P4 Vacancy creation
0.5084101715455576,6.909826518778953,0.4599268303351642,0.38037074266012627,0.37115195416996,3.9129162119068495,70290.59502127398,P4 Vacancy creation
0.4591196555287443,6.214733727445657,0.5623797474134806,0.381391355627959,0.30365745460535054,3.0489999456626533,50316.33804608191,P4 Vacancy creation
0.4909695573308006,6.858288104559298,0.47648238048068636,0.37191185359580536,0.3336812532859781,3.560582837645214,54179.25476075389,P4 Vacancy creation
0.5128361057890439,7.58548243375218,0.48239761678315723,0.37715266926438346,0.3639930538184105,4.1542326304946435,57418.06862380092,P4 Vacancy creation
0.5824960722137357,14.200340088449272,0.5732939865862352,0.46346327280874766,0.39230435070061787,6.397134929695215,55237.235186732454,P4 Vacancy creation
0.3816401045197046,3.822172191813062,0.46208984413295456,0.33917060903087376,0.2631214204621724,2.100777369442711,48062.83539299597,P4 Vacancy creation
0.2993790476866493,2.7251939930765974,0.3969064833113268,0.34239687956312365,0.21000926139113343,1.5637186062628607,33751.07452409317,P4 Vacancy creation
0.6864262564351615,28.523993342040022,0.6545649024107157,0.5333859893742735,0.46024555501845454,10.689765544850708,77906.54061239006,P4 Vacancy creation
0.6916994011081441,28.144422085756602,0.6592554071118685,0.5163493387368562,0.4606094011571768,10.542427569202653,77718.1481592809,P4 Vacancy creation
0.6021758815975033,18.90019042567966,0.6596284222328906,0.5057512015064028,0.3553501731734504,6.815653823367948,51161.698402973736,P4 Vacancy creation
0.7321865722749863,29.522155404066705,0.6600658224792918,0.4992367507944983,0.5072699979176097,11.449238260155715,108058.3582974642,P4 Vacancy creation
0.32300774052551345,4.182285986948697,0.46613072392951554,0.44046014503229175,0.21136999267298462,2.0393477731305496,28503.507905165927,P4 Vacancy creation
0.7308490127800161,36.3140754566475,0.6887547759061372,0.5224263585940898,0.488298554700236,12.955862323286517,85168.28544835263,P4 Vacancy creation
0.3575508859346994,4.904227985197026,0.4685724754473578,0.46311113067499665,0.22656021067260745,2.1782625394462745,37610.35794638818,P4 Vacancy creation
0.7750297612682767,56.72790116281926,0.7499894541848695,0.5127594902717075,0.5078422459489579,18.929947733279892,72605.21275891783,P4 Vacancy creation
0.6367251991657938,15.09938911673272,0.5781647548973446,0.45565378151694425,0.4487440243975914,6.864121814039118,93218.67933519602,P4 Vacancy creation
0.5694097571208317,10.770232087855963,0.5345013682458526,0.43988347085054996,0.37098734940213324,4.7646458988330345,75593.35532806469,P4 Vacancy creation
0.7984341235079716,52.76952166471838,0.7222207224591471,0.5095301947366264,0.5556483813276221,18.628077367799715,105608.2913419067,P4 Vacancy creation
0.7296480796248089,31.1045670364771,0.6676305494636637,0.5062538346359677,0.5003721221656425,11.738517725354187,99734.93293845006,P4 Vacancy creation
0.5054997323978019,6.950233565353464,0.4925538265049638,0.36264149012245417,0.3337081742076861,3.416954009107121,61907.319402901514,P4 Vacancy creation
0.6694481931015894,25.665358920316145,0.6542676171707577,0.5131062750747722,0.4335809793871545,9.667825149528742,67082.03022099483,P4 Vacancy creation
0.4451787855797868,5.059906001904727,0.4110952557131891,0.3399603341266337,0.32639156744234354,3.0667381702946344,53449.66665487623,P4 Vacancy creation
0.6204873839872419,15.042750007206429,0.7085242373312555,0.46577543827283335,0.3841874477449441,5.772640037735506,82890.04559624821,P4 Vacancy creation
0.6926519032982102,28.161941385831923,0.6705890298097458,0.4949769529820245,0.47396256189636987,11.299338833468093,67869.99634407095,P4 Vacancy creation
0.6714073289240691,23.965504388757967,0.7781597739161005,0.5065136146717488,0.4183133297124235,8.560780742320173,76553.94461744072,P4 Vacancy creation
0.47285069109855626,9.17593059504571,0.4800249374202061,0.48127968252196607,0.2955547522886735,3.6644937319533835,46982.99151556441,P4 Vacancy creation
0.6018069808600159,17.23051962057248,0.6973707439652537,0.5039398203719883,0.3605428831351008,6.254030851593897,60842.16926694763,P4 Vacancy creation
0.4914799132463169,7.630035973958134,0.6036630218721968,0.4181466073722397,0.29894959859111797,3.143807668762644,60233.18689656438,P4 Vacancy creation
0.6215621742619455,15.135857196950482,0.5896411649344088,0.4498578671259532,0.41175005365234124,6.569370078631419,71270.24186629633,P4 Vacancy creation
0.5833579481021075,15.101942001220667,0.5870939223963061,0.47951587633741255,0.37592580892671335,6.336608036246594,53593.511362906414,P4 Vacancy creation
0.6351185815276065,15.317306410810335,0.5940854486136626,0.437648821262132,0.4232995076029334,6.63006734232099,78440.59404980521,P4 Vacancy creation
0.5925599890551327,12.473758601366619,0.6670933240698752,0.4324586309558736,0.3717658880149829,5.1472928000671345,70378.71932040642,P4 Vacancy creation
0.28633866565033833,2.6104384832539442,0.39143747562175274,0.3303636878386319,0.21720508327769691,1.7098157016030011,29028.654856018962,P4 Vacancy creation
0.5107003037671065,8.196629634259807,0.6213792406277059,0.4217087150251889,0.32980822471945787,3.5910992280480722,66259.9318765907,P4 Vacancy creation
0.577797887499954,11.620209687074421,0.536468958038204,0.44747727669452503,0.40952588908189647,5.674565113162074,73252.48034128065,P4 Vacancy creation
0.6932574408347064,22.48274514262326,0.6438247235434764,0.46778895088268313,0.4487731325207113,8.528947147435652,93054.78587157704,P4 Vacancy creation
0.5222408103105156,9.285787709300589,0.6752372827251568,0.4326958134123796,0.3362728484676403,3.99041303478805,60630.78201431992,P4 Vacancy creation
0.5661752524999961,10.749651034621788,0.5244779154835452,0.44079485607905333,0.4037700048187944,5.389710440819612,72260.45314217245,P4 Vacancy creation
0.3685478994255844,4.091121855407208,0.47744208937458904,0.36127334256341626,0.2551529693800912,2.2760411208407714,36756.12384850073,P4 Vacancy creation
0.6250570780480568,15.380157231829802,0.5789495296455682,0.47067432541834087,0.43041987263526704,6.760441256193824,83725.36780915779,P4 Vacancy creation
0.300963758419698,2.820369248215401,0.14221226340357085,0.3817691732449717,0.22354245751813756,1.682078427486108,40508.13309528718,P4 Vacancy creation
0.6876599671914816,25.89699861598938,0.6676437501421968,0.47816605253219,0.4536002354134158,10.18858195867314,67244.58458405393,P4 Vacancy creation
0.7649278176255403,41.07113728504937,0.7069195628631761,0.4975814489181219,0.5281848596148795,15.358450785314995,90597.47171981048,P4 Vacancy creation
0.7127137271841074,33.13811804189192,0.764923926287845,0.5260285175128621,0.45555346606325037,11.928084565414627,74830.14926084428,P4 Vacancy creation
0.4190651527424843,6.033334788851734,0.5643336629459942,0.4359762949800169,0.26665293433669907,2.7104261993974297,44301.501552105015,P4 Vacancy creation
0.49339228889310405,7.5734825199747915,0.4776221262075237,0.3960665264557987,0.34539443090203265,4.080983219050773,49420.906803006656,P4 Vacancy creation
0.6136286753477077,16.078853940387773,0.5927183993876498,0.4739300560550816,0.4019218460773505,6.710398938339788,66436.08696305775,P4 Vacancy creation
0.4285819996953601,4.5905605294918574,0.3934147139225605,0.33199100892229555,0.32212530187066185,2.9227004120294224,52664.21267495295,P4 Vacancy creation
0.7383596606230899,29.73678514470988,0.6647608233282706,0.48779984235697144,0.5130993928377988,11.543324254890802,109979.39079412876,P4 Vacancy creation
0.48215616032572906,6.460292106783788,0.4440383561286724,0.378188849177745,0.35455544809933226,3.771029848943467,57718.755390370105,P4 Vacancy creation
0.7554518895386756,46.99051033915384,0.7031515117907777,0.5564123332706286,0.5036599970487279,15.626162708255832,94526.36424072992,P4 Vacancy creation
0.5485533914885249,9.186876211707345,0.5247554987056765,0.38694293635924776,0.36420560588487977,4.376871143568631,62310.152986001885,P4 Vacancy creation
0.6770584281251903,24.096217027473685,0.6439916126654998,0.4969639672855944,0.4616462121992442,9.761734892747382,74749.683428663,P4 Vacancy creation
0.5933541582660443,16.125429302020382,0.7878366710667761,0.4735241780217065,0.3534882114811696,5.824950560687047,55730.26647463964,P4 Vacancy creation
0.6144661703486268,15.311180576882856,0.5813075125180392,0.46910985462387894,0.41572448240793203,6.614721070360368,73772.65942722955,P4 Vacancy creation
0.7868853173964921,45.217622379433834,0.7084604628278107,0.49758850210715144,0.5241964849324738,15.510342927712692,112278.31555047024,P4 Vacancy creation
0.48911669381938633,9.680497186122285,0.6407014126765145,0.49208460394094017,0.29154184744989853,3.631518671889241,53047.37881299846,P4 Vacancy creation
0.6618134167203877,24.78759175347172,0.7108197874653208,0.49724236597680804,0.4022638437749774,8.80442702713685,60432.593409779,P4 Vacancy creation
0.6139512575531454,15.490844451613274,0.7259319679182762,0.4611772148567256,0.3686186203047592,5.597803253066413,73920.37610852763,P4 Vacancy creation
0.5070447202262772,7.186974245976656,0.6173840197451845,0.36850405380542456,0.32148709400902437,3.1818416371572216,66095.28361384047,P4 Vacancy creation
0.5554081496302963,14.203327871347387,0.7624638756561707,0.48557804782098885,0.3471761684020646,5.685684329075787,46955.442016013214,P4 Vacancy creation
0.5566124767471622,9.794498610522181,0.5217287838655954,0.3922702958291823,0.40899089438064606,5.484531477727858,58840.03337829918,P4 Vacancy creation
0.7075064162994475,29.52144315354616,0.6660790703469659,0.5100755696934346,0.47272853234045803,10.892576685792877,85353.55870131544,P4 Vacancy creation
0.25986833748061583,2.367309178740646,0.34717053282891935,0.36631525284144695,0.18960936721149457,1.4392548470877258,28010.886587819805,P4 Vacancy creation
0.5402201076412012,12.762383591176558,0.6816585064779381,0.5075184962733368,0.3216662380204549,4.406849965285209,64916.841352200594,P4 Vacancy creation
0.5224905068663079,7.699067534379413,0.4768995861782437,0.38588370839235037,0.3869001765710637,4.409866306040839,66242.15505267703,P4 Vacancy creation
0.6693969770805889,19.190533095229075,0.6308199913212241,0.46429797149225177,0.44263381796802476,7.948165168187036,85177.22366145984,P4 Vacancy creation
0.6685056526619646,20.02335413527714,0.6242085231539424,0.46630021032024477,0.46603208966514786,8.698279815452208,80163.47114541661,P4 Vacancy creation
0.3055339972699009,2.959452680136626,0.40915730943549494,0.3427825704490994,0.21711297846694527,1.7691583146221168,29416.439365454233,P4 Vacancy creation
0.552068120461601,9.891474855036225,0.5173769608703065,0.4248819220397304,0.38559004071646735,4.977156425636673,65668.94901192858,P4 Vacancy creation
0.7768841393808182,46.62976298439179,0.7018469360589238,0.5334343358694555,0.5262192919481113,15.793164767490742,113206.58543861112,P4 Vacancy creation
0.57868974979977,15.752780680672675,0.7687975222568373,0.4888890433147148,0.3377681732524374,5.546806863558723,53599.65803226274,P4 Vacancy creation
0.3960142498788863,5.339679607493472,0.5042514986479975,0.40706008081568057,0.2512965529439191,2.4833388699306345,36727.03875619505,P4 Vacancy creation
0.6229037041498425,20.138968835753747,0.6276467673289304,0.49660578981410664,0.4029269008725182,8.051170208802452,54960.60560218271,P4 Vacancy creation
0.5717345874440463,16.727719838229376,0.7892554693638411,0.5220198294398494,0.3293124832883357,5.342973336046935,59551.91535250118,P4 Vacancy creation
0.5044176453061704,7.381356159960315,0.5724829996255878,0.38738715652474637,0.3246158140103356,3.4116193657431055,61369.90286202964,P4 Vacancy creation
0.34430855937685784,3.029466264107469,0.408787495839873,0.31426825523797286,0.24525403266009776,1.7790991115253747,45656.93623520399,P4 Vacancy creation
0.5851583626060463,12.6887097914281,0.5613686026965963,0.4384562530629791,0.3942254410060269,5.813017255687816,62514.69561337141,P4 Vacancy creation
0.5148378118799055,9.774595450355486,0.5929608342084614,0.4363503279174917,0.3199494054493414,4.237455087994252,45894.29458401216,P4 Vacancy creation
0.688136050306513,31.54553322917681,0.6884259430546674,0.5131565994624085,0.440171728737062,11.373317593745258,60713.65983117088,P4 Vacancy creation
0.7613315589074688,46.843512843969314,0.7063273983637001,0.5481570812754688,0.4992542065125122,15.67893655944761,94641.90112841423,P4 Vacancy creation
0.36347108688705243,4.60313324073275,0.5290036221583403,0.4023607250545579,0.24281523875741903,2.353095105284228,32554.30657821689,P4 Vacancy creation
0.6069238203979025,16.465198205031342,0.6159579521343895,0.46040278070948804,0.39233771904005627,7.028017555072593,52648.75593725633,P4 Vacancy creation
0.3089591018101125,2.815594237077227,0.3098463914891676,0.36264972261495876,0.21480077444718354,1.5619164517818829,41016.53570960052,P4 Vacancy creation
0.6893072047042123,25.988577298655503,0.762933725245292,0.5197101282605608,0.4221834324722494,8.83977007539896,91300.88660095925,P4 Vacancy creation
0.7555109359296275,44.36637829684083,0.8042014974048384,0.5443687672890858,0.4712199747294849,14.47664849957219,92263.73529903889,P4 Vacancy creation
0.5530708071754165,11.33911339297328,0.6495929513940055,0.43587348237733853,0.34673094640100643,4.7795672986555555,54087.85903743139,P4 Vacancy creation
0.6793650524186471,28.211698213091285,0.6578461364918455,0.528365012532214,0.4541438176295719,10.629966079636038,71190.52596438768,P4 Vacancy creation
0.6245395660143107,15.261545070494071,0.6064226437533291,0.4270903666486913,0.41700500220761133,6.800085309510508,63897.47811396266,P4 Vacancy creation
0.6733216941195783,24.96283010108557,0.654191333563927,0.4989552091637816,0.4267135629374242,9.182114706114083,69662.1962955614,P4 Vacancy creation
0.48022039916235815,5.552917961994913,0.4402886358826865,0.3300829361109582,0.3408501193116753,3.1412397197402635,65768.99978421135,P4 Vacancy creation
0.5854281423757234,14.86248115392478,0.5645044104738776,0.4961566889566091,0.4024200692495587,6.556222731335347,64232.93933317963,P4 Vacancy creation
0.592688872699071,14.641940127493061,0.5775424398595403,0.46617355569826485,0.398719509657605,6.525215948951278,59207.0293975553,P4 Vacancy creation
0.3043971724192073,3.5751037433843877,0.2177574002130917,0.4519884873473312,0.20397848668773522,1.754786646329526,34653.16052149305,P4 Vacancy creation
0.3223264764525016,3.1691688965476983,0.32698352444871903,0.3774070950418169,0.23005631425413697,1.8029561127370168,39978.82771234964,P4 Vacancy creation
0.6249861410016101,22.036510859132612,0.6415208302480457,0.5124811582525518,0.3842119805357046,8.213420486451007,52004.11517921308,P4 Vacancy creation
0.7147508534275074,31.39445367045204,0.6716338529021912,0.5153215498446496,0.48581153953908157,11.815888234990872,84091.26565489461,P4 Vacancy creation
0.5935544875483704,18.170808781907123,0.7503625937443203,0.4940254395647615,0.3469705844871873,6.323901936281066,49922.46449790522,P4 Vacancy creation
0.4673087374157582,6.806327366216342,0.532542948614766,0.4062160654450649,0.29388412967108823,3.0351109281658273,51854.77086870557,P4 Vacancy creation
0.5179021112591389,8.399549698482913,0.5551196112233964,0.406897797289672,0.3391759163649429,3.883924884577756,59427.84505240764,P4 Vacancy creation
0.3090406712912689,3.044156956184938,0.26000913344863147,0.3615836094132397,0.21748979534526786,1.7250487621478243,33093.028133977714,P4 Vacancy creation
0.7669048491166377,50.97855984275053,0.7142900527473961,0.5498773380422027,0.5167667609548857,17.160259317601437,91443.78550938303,P4 Vacancy creation
0.5977517748578066,11.960755818096171,0.6028858396819426,0.4322173591271956,0.3952684399953806,5.253743557165142,82902.26944201134,P4 Vacancy creation
0.6599880431934984,23.149609053579013,0.700728236746707,0.5017458160819838,0.40476267588446174,8.06948357343811,71394.60179161289,P4 Vacancy creation
0.4191974298056966,4.41495508864137,0.37889950468859407,0.32092151140500635,0.32548576216492203,3.0175486443876975,48024.9044130584,P4 Vacancy creation
0.6130074266524678,12.91514930116948,0.5619065690032256,0.4347121202492279,0.42611879666280966,5.935384377181029,87739.43366962645,P4 Vacancy creation
0.28101947923100096,2.496386250214992,0.37377622172690395,0.3395738128867348,0.20178433681634486,1.4870102583694766,30999.92028483401,P4 Vacancy creation
0.6916590712712141,25.583906469040905,0.6451448071305094,0.5070918406338971,0.4694386083948525,9.872815052663174,88347.570790207,P4 Vacancy creation
0.7198802676861628,36.78349182130844,0.6917541366643812,0.5299791816250278,0.48763852489639453,13.544125301156429,74158.05036896939,P4 Vacancy creation
0.6993386616829956,21.23933071501204,0.6371614634047926,0.4432344789854695,0.487476408498203,9.018974646198329,96658.11711092677,P4 Vacancy creation
0.6694145040321327,19.366678961399327,0.6139013612407962,0.4707668465901647,0.47062598811513345,8.434802363096994,89865.41519474587,P4 Vacancy creation
0.43449460161570047,5.842639147741144,0.50801839429124,0.3888179474921567,0.29452768771156695,3.0336026430602248,42927.346814789096,P4 Vacancy creation
0.6678231981797924,17.153427676494186,0.6113752078514246,0.4261415900099582,0.46695549558921123,7.684682699141699,89580.75702181422,P4 Vacancy creation
0.5039509493535034,6.427255350814935,0.4967360085270171,0.33966541799463673,0.3516617164793233,3.4669368186667753,65614.1116267345,P4 Vacancy creation
0.22705092386165387,2.0193377536867327,0.20559736734662792,0.36389548779827424,0.17182493831481432,1.2883079826335992,23354.63523292594,P4 Vacancy creation
0.6821360771615844,25.646661882153392,0.6398090306990664,0.523670004098223,0.4629318653024755,9.872585404657562,85232.69236453193,P4 Vacancy creation
0.5866327593362123,15.298847907551282,0.5753058730257272,0.48740242775900905,0.40073677076587977,6.797656502877844,57832.97220510351,P4 Vacancy creation
0.5651273605824013,13.09251345196238,0.5567839245398866,0.45893873402918295,0.39460920739332134,6.266293959970199,52579.79037282335,P4 Vacancy creation
0.26088805838228446,2.374912666991178,0.37059358070993137,0.3391478090877893,0.18893794551357726,1.4502781583124755,24986.634093275243,P4 Vacancy creation
0.5427356764781515,9.75825992599071,0.5252524436356234,0.4336740519608377,0.35671678834909243,4.473460464269192,64055.86708840336,P4 Vacancy creation
0.6395739747540626,14.649355846799326,0.5891773599326927,0.4168056408051602,0.45440572846716176,7.058432585388104,79894.62946307728,P4 Vacancy creation
0.4558668427305537,6.715180892811488,0.4764926328948769,0.41273073340095867,0.28463894692799546,3.0861952228809817,44603.88134891863,P4 Vacancy creation
0.5138947162636488,10.733521858369004,0.6833935780312744,0.47117026485520164,0.3174545377763055,4.119744658007415,52751.12160877941,P4 Vacancy creation
0.236125756548415,2.1593955514972976,0.2646627014122645,0.3870051840385549,0.17614660608366717,1.3376690427223619,25785.687493650432,P4 Vacancy creation
0.69427178808483,27.627016608621492,0.6607271979740527,0.5050698837886397,0.4660774037428566,10.607815597660663,76764.11401454409,P4 Vacancy creation
0.5364825634950697,9.703946791221359,0.6889848266951465,0.425749966315584,0.3431643232422679,4.126834854594045,62987.61184538238,P4 Vacancy creation
0.7896745442738169,61.31630508512004,0.7286452911176708,0.5552947044769321,0.5262605838991845,19.74558321432002,97384.12714300121,P4 Vacancy creation
0.40588847129768885,4.475243454641213,0.4389100371823724,0.3403634583082625,0.29369384235522583,2.6457528101874805,44576.54735874463,P4 Vacancy creation
0.5581043275706918,11.220154228693946,0.5412732105264255,0.4442129703401156,0.3700630870336433,5.09413367990729,60547.04889297456,P4 Vacancy creation
0.31084073108187843,2.9237043704554004,0.42089830647885135,0.34640474594262605,0.21800394888743643,1.653484099202197,35201.85785238531,P4 Vacancy creation
0.7443827195228846,42.464804973763684,0.7548644485357716,0.5410261636322701,0.46854935455731267,13.679243475771317,88273.70438660552,P4 Vacancy creation
0.367938509115734,3.512300619163384,0.38669080100737196,0.29489458709724053,0.27677187122504304,2.304064528338455,38772.45282356827,P4 Vacancy creation
0.25843195319398343,2.24563576649646,0.27758946683791286,0.3561785104303821,0.19465907392931506,1.4215108973154282,30312.584650052722,P4 Vacancy creation
0.5568405615314002,7.8024946634633325,0.49816354211708225,0.3393906809830574,0.4092901287434391,4.4553619437241885,79695.03723207583,P4 Vacancy creation
0.5411127925224498,9.739219869713262,0.5121793513279211,0.41616918229993155,0.39348428976073463,5.272957108289916,56844.6516867723,P4 Vacancy creation
0.4787899547814942,5.303058425138988,0.42325735475563575,0.3352749609779199,0.3582201172400903,3.236553463860911,75482.90283131861,P4 Vacancy creation
0.47435641254900013,6.725136753835375,0.5480542610499437,0.40083406154780327,0.3131998470935121,3.185567961701655,57556.454336446026,P4 Vacancy creation
0.6512022238164545,15.848193633078514,0.5979125837002972,0.4343357619525079,0.44137370783031654,6.832162536839179,90759.22999929424,P4 Vacancy creation
0.5767074159924998,12.142190010543409,0.5507002086455162,0.4425569308052116,0.39495034534790824,5.705273451114757,63227.753403604635,P4 Vacancy creation
0.38389006196033865,4.9564874228003,0.5170225171263446,0.4061437876795063,0.24379969536771776,2.397400793485486,34871.583680040276,P4 Vacancy creation
0.7554634343796398,34.43433805447061,0.686925042517033,0.4893676713980552,0.5007083329330062,12.700949627742665,103489.79321820792,P4 Vacancy creation
0.480738418857881,7.245097661406379,0.5441629977416128,0.4312530700818094,0.30070671567672225,3.159818901057204,60569.10522740611,P4 Vacancy creation
0.40173271774803615,4.815067018999175,0.5188196957983322,0.3952538541067431,0.26554300503698847,2.355120203881922,48803.469318247386,P4 Vacancy creation
0.6790102866328128,20.7531437267824,0.619793882426643,0.4826507212458419,0.465316636107298,8.448694376342688,98285.92877650424,P4 Vacancy creation
0.46274916100878394,5.4865441783390185,0.425693773327824,0.328404017345627,0.35148858300501207,3.5234288558304963,51877.983337889826,P4 Vacancy creation
0.43099924153708663,5.857302040930363,0.5247140742744886,0.40615228712935164,0.2631117658653231,2.510224490716755,47895.07691170285,P4 Vacancy creation
0.5253084002271339,7.962227910287901,0.4766075718010568,0.4130025264779495,0.38009807947840674,4.30032244777526,74387.03611626275,P4 Vacancy creation
0.5877271769877218,12.834169664618425,0.6889091233968421,0.45438342102113666,0.3732336146360669,5.094961648427473,75731.83089379309,P4 Vacancy creation
0.615259503041859,19.10165259121398,0.6028107977702537,0.5132024692241194,0.4168857117188906,7.930902886231889,61863.49932910216,P4 Vacancy creation
0.6155798383684243,15.11256361725674,0.571517609373357,0.4802425455384296,0.42828915473450163,6.694007830105784,82344.64128175152,P4 Vacancy creation
0.6438602635242714,17.346056006962044,0.5995994876911156,0.46686444567769597,0.455108105826982,7.933874226585355,77332.08312249216,P4 Vacancy creation
0.4532672101807154,5.530955385976766,0.4319470776061121,0.3492445881897169,0.31801769229249816,3.119461274157147,49684.663611143325,P4 Vacancy creation
0.5772830972144998,14.781520478770226,0.6988266966838504,0.4728074044373773,0.3483699063542019,5.52221685676574,53850.00061591793,P4 Vacancy creation
0.5375049691262296,7.4175385975284405,0.48594476947277226,0.3592232795125626,0.3797924687535561,3.9652595832566995,79226.3942232493,P4 Vacancy creation
0.43344736917166626,4.954410591108036,0.4662332323498171,0.33582118967694763,0.2877456841598546,2.5929442336670636,47954.379433221635,P4 Vacancy creation
0.4972595477791773,9.875662745124865,0.7111630448886292,0.4490306928357355,0.302616708854833,4.09031142655805,40544.77174019322,P4 Vacancy creation
0.5252200296518511,9.463733148555386,0.5057598582256007,0.4259359349121935,0.3699270727755679,4.882057770652519,53090.88691261986,P4 Vacancy creation
0.4221665503981171,5.081411445370997,0.5108284121782806,0.39351669291682195,0.2766006412349886,2.4515881384527702,55848.818105946346,P4 Vacancy creation
0.6451869798146526,19.654397798480826,0.6243896801620937,0.47073474251735287,0.44706692730919395,8.712318805419278,63178.89309869377,P4 Vacancy creation
0.5958547740233111,11.802477739407793,0.5516568240621122,0.41257706355363094,0.4296772768329904,6.055725614302304,71675.07858979158,P4 Vacancy creation
0.5414657603495407,10.680032405468909,0.645538123654018,0.45087112608315283,0.3330281839015428,4.302148278777911,60042.503118731845,P4 Vacancy creation
0.7087516830495638,28.091580586871036,0.6775418320109167,0.5087310318975254,0.4399035010071898,9.573374753723098,96374.76107021834,P4 Vacancy creation
0.6584762469640626,18.15649058424397,0.6073242660698964,0.4667431003174893,0.45329822594620134,7.719424720304658,89417.21281084079,P4 Vacancy creation
0.42304908744925196,5.65740335089204,0.4967370093929332,0.4022056253784536,0.2715796461116386,2.7350753982286258,41996.27306213858,P4 Vacancy creation
0.7003214766853183,23.40703186968522,0.6398823139602303,0.4766371900179517,0.4750340185275479,9.133842778133966,101555.81598905039,P4 Vacancy creation
0.33760507086627634,3.2737209002483763,0.3776864002728005,0.35501935269802715,0.21949956100376028,1.630498369666958,42483.628415234605,P4 Vacancy creation
0.39982610211567765,7.084666176820019,0.39211536819398585,0.48724769744882257,0.24963222420641518,2.941711445217164,34215.039582707715,P4 Vacancy creation
0.7144616395378606,29.280259521275816,0.6692151248712477,0.49789709007103194,0.46167800385031266,10.543412059466268,87840.00214236356,P4 Vacancy creation
0.5516422023621043,12.028029049280335,0.5374248380428929,0.4626451912288013,0.3886907745781792,5.880817319916413,54027.381482390636,P4 Vacancy creation
0.5519697042705819,8.665305389006734,0.5064628653603606,0.3793816820537018,0.39531256155624006,4.676452395578999,69948.0045305099,P4 Vacancy creation
0.7101131316716897,30.746120665247542,0.6699505895256541,0.528452035242492,0.43968419040035045,10.318125756798983,91636.01720317332,P4 Vacancy creation
0.7629677886113331,46.10208026922902,0.711320557572123,0.5286410989458167,0.5047029819353,15.471323706577326,92275.74078384564,P4 Vacancy creation
0.7425203066571195,47.80790896008017,0.8235160508999161,0.5463270832415283,0.46808177086242747,16.487833020220904,66579.62949797261,P4 Vacancy creation
0.6402819524190365,23.283130368744,0.745429701818665,0.5155011107170379,0.39024577211230754,8.303232234929963,57747.84476516181,P4 Vacancy creation
0.7378157353463837,38.1502392797061,0.699313983118095,0.5113368970187261,0.5046824872162664,14.071169402705314,79768.66279762886,P4 Vacancy creation
0.720007584857809,30.347065228772667,0.6587209705687906,0.5226585497358154,0.485762047504284,11.05802534011766,104092.55729977335,P4 Vacancy creation
0.5353913004486341,9.295210052822034,0.5821761168760347,0.4088683592315345,0.3499096772552778,4.275210151191044,58179.28258598437,P4 Vacancy creation
0.45564215595958796,6.122059869694143,0.5289435663964885,0.39377154906140494,0.27944706934139557,2.6935433924524284,53532.60336779539,P4 Vacancy creation
0.660991695581061,22.189364276324614,0.7669958814445342,0.5179792893951572,0.4078865651410518,7.7218752666310815,86790.67761937632,P4 Vacancy creation
0.6999640785744535,30.756176651330243,0.6665272338271954,0.538210793067914,0.4326512949167597,10.37186349940303,83844.21128620199,P4 Vacancy creation
0.547114198686999,8.942799810319249,0.5425699870491811,0.37860675072027467,0.35936932848079317,4.243223841068803,61810.149760340355,P4 Vacancy creation
0.6578473875335727,16.33868895473624,0.6027538353583812,0.42950906472767053,0.4596223610218624,7.324872275685562,89672.51286772492,P4 Vacancy creation
0.25733058091218475,2.1973007266231224,0.3575410055993029,0.31433836997226383,0.1878033803128936,1.369544858778556,25486.010850114784,P4 Vacancy creation
0.3063565547033716,3.9545909630934837,0.4303772757754238,0.45061057741018723,0.19887017429504739,1.8868359358596627,27242.803096493917,P4 Vacancy creation
0.7776633934513014,51.600125442453745,0.7096420045173114,0.5488900792962866,0.5180398586417673,16.710942139347747,107793.82517797082,P4 Vacancy creation
0.5734694585167266,13.869948583780213,0.6596787131142868,0.46881179296439396,0.34249456364484065,5.247898668348942,55171.87786314423,P4 Vacancy creation
0.49422736915471815,7.5194382916930795,0.5097459156046471,0.40642128988021026,0.31493380733795356,3.4136334516602282,56413.267191652645,P4 Vacancy creation
0.3351214998412041,3.4873613773742007,0.41715952459693945,0.38754950452511944,0.22419245915879132,1.7936290771144905,40018.47711096823,P4 Vacancy creation
0.39035568688867445,3.546365775550265,0.4490293090064732,0.29500560047237373,0.25899775834877364,1.8730928826628064,55011.8260880092,P4 Vacancy creation
0.22764963903774912,1.5880459385412466,0.07710988752547576,0.3127474538309678,0.1785900813770176,1.0815977446490053,35350.386003293694,P4 Vacancy creation
0.580612887280601,12.4199579609768,0.5932098130464613,0.437523861008572,0.369778892005617,5.353451250813154,60392.6800582764,P4 Vacancy creation
0.5464683622787427,11.20225692824319,0.6900310059227078,0.4721381843847203,0.34565417989713804,4.525033542845982,66905.4117645128,P4 Vacancy creation
0.3987786451838407,5.339962337099652,0.5135098213994006,0.43448981283338184,0.24875380238897205,2.3275269759055988,46307.12357125802,P4 Vacancy creation
0.27862181187041113,2.3731250428308006,0.22293804685218688,0.3538745057653588,0.2109127073874346,1.4866478993414423,38012.080808158105,P4 Vacancy creation
0.2786274478245173,2.237831057707083,0.14976328962070795,0.3456333063986314,0.2113706450482953,1.4165728874482801,42764.53545583956,P4 Vacancy creation
0.49652595486586226,8.848894583766052,0.6360374283432934,0.45911422253405954,0.29707820663361345,3.407988120481533,58883.24251912341,P4 Vacancy creation
0.4869041723242895,8.146914281799381,0.48263228784312207,0.4253606297623077,0.32803985608244324,4.078854248877151,45429.21815694044,P4 Vacancy creation
0.7845159307571571,57.4215201557274,0.7135354151865465,0.5673819861432382,0.5306140923253845,18.427754896227125,110322.44692526592,P4 Vacancy creation
0.23224828023181,1.9594904052663014,0.18566448308608383,0.34219425470496484,0.1854930789691011,1.3607896955145329,25417.740726530326,P4 Vacancy creation
0.5758576131714376,12.793401695362922,0.552035769677946,0.4558885501767666,0.4067585535471826,6.208053550248648,60557.14968691925,P4 Vacancy creation
0.6165788056960663,16.731203418310223,0.5977284214907589,0.4713211492997144,0.42115848471713546,7.421020248597382,61970.29144722389,P4 Vacancy creation
0.4371413352591745,7.056774535671819,0.6094471977711174,0.4510376605911215,0.2733629343662656,3.0710436207095704,41547.15834058613,P4 Vacancy creation
0.5783806877042631,11.542562114498374,0.5548746603299983,0.4245934766697493,0.3793352843590303,5.223531973116076,64714.17176268532,P4 Vacancy creation
0.22379646750570623,2.0603919339433565,0.25487161814057885,0.3820859685874148,0.17407406232168685,1.3626678679581823,22940.190288117454,P4 Vacancy creation
0.8098982388747051,62.672181845377246,0.7274846685891971,0.5367669649023231,0.5567085554580218,20.775417973546624,113299.52352827498,P4 Vacancy creation
0.5580353457510834,12.591615501091626,0.5462663112481808,0.4699176484409356,0.38006335310544515,5.827135159757083,54815.43327154943,P4 Vacancy creation
0.47996738803641964,8.316327880341358,0.5297725638388763,0.4260772269104846,0.2883397391148684,3.534159304180213,40728.53239857484,P4 Vacancy creation
0.5694770830193201,14.418162822455574,0.6903084606061852,0.4827826230337918,0.32415472110688165,4.996838968198025,55313.66758245049,P4 Vacancy creation
0.40548353308896445,5.352113410020228,0.5761868672673415,0.38994902634224227,0.27293966872036296,2.7387629504651083,37731.97693131878,P4 Vacancy creation
0.4147435876498873,7.611039873436751,0.3606896501247845,0.4879914363630137,0.2639167013004266,3.179297527277237,36333.332309576625,P4 Vacancy creation
0.4214021726213264,6.989442856716731,0.6105242591494842,0.44787475547796457,0.2550722544354847,2.915907970169084,35032.997258469186,P4 Vacancy creation
0.22623685201586652,1.7525743771994415,0.15517855815337958,0.3444805410078945,0.17754380871061073,1.1726892063089176,30559.543762242836,P4 Vacancy creation
0.6480104036471848,17.507229539321933,0.6172593604653392,0.43951874168996935,0.4409722628635619,7.811198644559502,68367.85989390351,P4 Vacancy creation
0.38363597894811724,4.205361283247387,0.492150728917699,0.36691046443688313,0.2587169248462833,2.1770059110721043,45487.60594793534,P4 Vacancy creation
0.7403538041861406,33.270170412751256,0.6803694452173432,0.4984443871849145,0.47340042184384823,11.436068180662865,101999.03160090752,P4 Vacancy creation
0.7102451630653261,27.427313753888942,0.783915740786614,0.504850659986502,0.4614490343512686,10.246197040778245,91654.67287619365,P4 Vacancy creation
0.6211163232248481,15.718149869905215,0.5963819159391736,0.45118807554760637,0.4140701304239531,6.833396970658259,66283.73971070819,P4 Vacancy creation
0.502227755073269,10.137982208739698,0.6926775350419585,0.46926546597597324,0.30508165876315935,3.990539835729053,47693.59717510267,P4 Vacancy creation
0.6243493398719854,15.996649502051802,0.5928675341263526,0.4537419456492941,0.4421380111547179,7.557524229517113,66668.86053196441,P4 Vacancy creation
0.14785076891262386,1.0248936621245153,0.1231856812725036,0.299879178841607,0.13161613146899845,0.8380200754088378,17399.609225166132,P4 Vacancy creation
0.5160007044477357,7.429711441856092,0.469417584405126,0.39055680166668877,0.3803268264412636,4.219246798246992,68573.38224606274,P4 Vacancy creation
0.3457753641194926,3.1461854614558464,0.426474874352234,0.33035671222757773,0.24318643271459014,1.7902503360619442,46063.30494876913,P4 Vacancy creation
0.6609965173639659,23.461955931948157,0.6487467685615341,0.492048270332396,0.4310242177548444,9.187650000212257,63340.86545773799,P4 Vacancy creation
0.47592980004074065,6.588033393828195,0.4485273540123059,0.3775828082161343,0.3463692389344727,3.840496808521681,49946.57252182068,P4 Vacancy creation
0.5738981821096957,15.031294864805366,0.5846693311575889,0.4834625878984357,0.3600788489128795,6.12901982302893,49847.915690940645,P4 Vacancy creation
0.5243963420298889,10.117979250653695,0.6062030521949723,0.4508112912740306,0.32083808688632853,3.9123852008185573,60139.240425163895,P4 Vacancy creation
0.4077088440948109,5.929489854202505,0.5832022987324852,0.41087976613420085,0.26105430667940666,2.7305602705853063,35598.00381477562,P4 Vacancy creation
0.4387276979373893,7.202173184583131,0.5633570435170818,0.4395661543860118,0.26660842506023624,2.9911640951036724,39355.637212431255,P4 Vacancy creation
0.2587711885958145,2.243302547665488,0.3578769025707367,0.3321565721243719,0.19307844055526258,1.4206239726313301,27295.2982878505,P4 Vacancy creation
0.5464315559859358,13.663264652582496,0.7687916812026901,0.47726172036940356,0.3236264997757715,4.938338569222933,47385.483710864464,P4 Vacancy creation
0.3622456754435139,5.162755070423256,0.5162894365728589,0.4533950103425683,0.22967648097798438,2.3232100555406134,33357.149532846815,P4 Vacancy creation
0.5176320126562043,7.767684534523736,0.5015240531392909,0.4053298984926657,0.33343217422007265,3.568608771861729,70151.13360921873,P4 Vacancy creation
0.34679957118882937,4.815182527500952,0.46380059175439636,0.45212397702736357,0.22280733356322788,2.2100565384910698,31730.21871750951,P4 Vacancy creation
0.7239344782277207,36.725062554947996,0.6890823990685779,0.5294800191411377,0.4937081391323618,13.496435524449929,78519.27826805877,P4 Vacancy creation
0.44898177580700765,5.956538687890251,0.5225152467459651,0.370110267108638,0.29381716469290964,2.9180939924879916,46080.115953285436,P4 Vacancy creation
0.4368892757313304,4.716939147851096,0.41130956310556893,0.3074510991875939,0.32830787111396903,3.0306201590310846,49075.54893621625,P4 Vacancy creation
0.5335472838938033,12.801077019956315,0.680254000138221,0.47981577465667047,0.3090424275807412,4.624904399003088,45497.593406579384,P4 Vacancy creation
0.5089537420197812,10.291737518302511,0.6788650337165949,0.47152482099875037,0.29883146164240615,3.7697889932588984,53323.806927512174,P4 Vacancy creation
0.5679125147709998,8.83041338330063,0.6118895736376969,0.35961137186688097,0.3720722706672158,4.14386876075536,77493.89688333064,P4 Vacancy creation
0.5796568371459205,13.60219744801788,0.5575819415651642,0.4754698872313267,0.39804623972079506,6.210290094035618,62381.6007132981,P4 Vacancy creation
0.32484255426342545,2.975711206694979,0.16355309959158543,0.3612191850109622,0.2377502500797571,1.7434490338781066,46799.59345189828,P4 Vacancy creation
0.6065895629575978,13.169362145000683,0.5611923239584602,0.4511973483654635,0.4085991256349915,5.828133317369833,83154.27804327548,P4 Vacancy creation
0.6129079308299646,19.49210583305561,0.6144533314170005,0.508279706728406,0.40112001005424835,7.947270661159604,54937.77419266682,P4 Vacancy creation
0.6886411403892313,27.954710147515534,0.6735229404618758,0.4909040741038015,0.4711057675647458,11.38274879371267,63703.60778686042,P4 Vacancy creation
0.5945358190313572,15.48741098039026,0.5884153885598657,0.46952155168003934,0.3951576493536248,6.710388555012028,55877.252180143296,P4 Vacancy creation
0.6092732597490379,17.965212949083295,0.6923596188005734,0.4909982528335402,0.3509266341045765,5.817831193070538,65521.121911261296,P4 Vacancy creation
0.5777708830234549,10.421000561189084,0.5367942721566994,0.39098311125788754,0.4173422569938701,5.6189403661482356,65643.14274776916,P4 Vacancy creation
0.7011681937568244,24.364877307517276,0.6476847944730756,0.4767690962378869,0.47988310135120116,9.774542408197362,90641.19842159233,P4 Vacancy creation
0.45667755569688867,6.425784003144206,0.5163858744851392,0.37098250557404977,0.30621592961449695,3.267343681443065,42505.24563519887,P4 Vacancy creation
0.6177359722940873,19.419819199285673,0.8109797797553724,0.4978421373139701,0.3852896346605577,7.396398511098262,55662.47540485728,P4 Vacancy creation
0.27992637009147314,2.5785550011597813,0.27420647175691937,0.3671324053644127,0.20987199401922982,1.612622724738973,32334.42513503971,P4 Vacancy creation
0.6558767950368943,15.881978270443177,0.5931190670260637,0.4388872314097348,0.46168607362200453,7.255614024348982,95956.49342199817,P4 Vacancy creation
0.6441398889290432,19.599387533094273,0.6128813308757785,0.49240938330715633,0.44259023315622514,8.24888812016425,73037.81820727335,P4 Vacancy creation
0.45568618010100786,6.248599444643358,0.5646231619634958,0.3826582772233063,0.282321365420367,2.8009579361913586,47984.34605613757,P4 Vacancy creation
0.5485052050496771,10.205660472481481,0.5250131794539198,0.4194256199491448,0.3837886327057995,5.1485467853494,57455.166328225714,P4 Vacancy creation
0.6375546173904628,19.648074281828993,0.6831923264630195,0.47626129304032677,0.3982958395896641,7.494892310366288,61257.26204514582,P4 Vacancy creation
0.36333830933459704,4.457053630570507,0.38280671537832295,0.4435138144459505,0.23898994588182937,2.1011844816316745,46656.40336629973,P4 Vacancy creation
0.3351104430235723,3.2172466836537534,0.3718368590521242,0.3457046743201136,0.23677341819139108,1.8330300850185623,39850.75747085249,P4 Vacancy creation
0.560854043129216,8.834978441116395,0.5074516390034157,0.3860378198827451,0.4061733005095982,4.716129676543094,80547.58221994879,P4 Vacancy creation
0.5470831510330352,9.690651653025954,0.5284096384529129,0.3884272335666931,0.3852360854732007,5.1070004868153385,53295.37525524721,P4 Vacancy creation
0.3486977245603933,3.279070518884144,0.42350226311961514,0.3297326413188823,0.23212172660964286,1.77097395455852,40713.29400377779,P4 Vacancy creation
0.5379959030172551,8.729845449007586,0.505974908649794,0.40275009229032466,0.37366220628151064,4.412906043383799,66285.09796625425,P4 Vacancy creation
0.739551489583216,39.82175009269005,0.7875084990514204,0.5323317506527293,0.4575646317741066,13.534828745848676,80358.19893657007,P4 Vacancy creation
0.6966328650915982,28.175944153458985,0.6911283599064648,0.4698120203029864,0.4544141892673677,10.980718130551287,61815.939035751726,P4 Vacancy creation
0.6172542127120579,17.110004651650833,0.6151977600038303,0.4700293044367322,0.39773167666948955,7.130161528314416,57919.80970452367,P4 Vacancy creation
0.4566438093091441,5.816923064159861,0.49513785780844594,0.36229967938442736,0.30857452288691917,3.1160349966427536,48002.67167630684,P4 Vacancy creation
0.2504921313727506,2.2152224857338774,0.32779753091771757,0.35495728994129,0.18833911402953352,1.4130300457180687,26885.918920113443,P4 Vacancy creation
0.37931548162814466,4.4765195719083595,0.3692374324205452,0.4195894018114077,0.2516022655378211,2.1579529889780256,50581.296910177916,P4 Vacancy creation
0.4552597723981936,7.909750280972766,0.5307534448184987,0.466314905580384,0.2887551704235059,3.2597087851926774,48852.04402404702,P4 Vacancy creation
0.4552794998333529,6.445366297746512,0.4748971618975906,0.38903354962292597,0.300497713252986,3.1727649870896286,44885.442244300706,P4 Vacancy creation
0.3773370280384708,3.92004311688848,0.44928114936124397,0.36552721878223077,0.265249045053364,2.194223903892958,48077.260986852,P4 Vacancy creation
0.44614866690736177,6.026736582077423,0.5522508140917496,0.4198661380910052,0.2903125416016885,2.751304792814145,60560.29955171683,P4 Vacancy creation
0.6797441744354887,23.383989061575317,0.6251402701799715,0.5185808315328732,0.46441278054295354,9.149812447787056,96794.81344758156,P4 Vacancy creation
0.37682000222310214,4.871914256045333,0.5372836481426435,0.40430545055289063,0.2546377611099711,2.480965751885162,35304.93425887784,P4 Vacancy creation
0.45845201324112617,6.378063642019633,0.4914895812182941,0.39222694197592556,0.3111915302061687,3.322652371004986,47089.6227179755,P4 Vacancy creation
0.43218974305564073,4.728673562402734,0.40556858418267155,0.34303667388021997,0.3104562642243083,2.730473544330194,55999.3125785625,P4 Vacancy creation
0.4918007839883937,6.813116560778483,0.4532679024248986,0.3834241778452452,0.3614832165988529,3.9319552276237366,59156.14466252495,P4 Vacancy creation
0.7779571686710736,48.44894280493738,0.735596538495708,0.5305941218591742,0.4951700837789514,16.066380956021327,100004.80021589583,P4 Vacancy creation
0.5780761120932885,11.851523026993693,0.5455393589951302,0.43424317567069354,0.41066943288403,5.91466583650445,64369.48161791851,P4 Vacancy creation
0.6408404852587879,26.267471277555668,0.879129796315511,0.5513686897121639,0.38058306302093886,8.306542567564192,64470.21845001706,P4 Vacancy creation
0.6731677044798312,28.371704370139376,0.6573941293403204,0.5337191867325518,0.4507530294374089,10.662835313542777,68196.39840382175,P4 Vacancy creation
0.5190321161162842,7.715926878964666,0.5445264468616223,0.3827862642378124,0.33557262378244285,3.5621181401958304,65401.21801229248,P5 Threshold moderation
0.4839024742395532,7.186063145148399,0.4599903817287322,0.40504489859878945,0.3414359043282284,3.8864484748218215,52336.193363008024,P5 Threshold moderation
0.5286715698476387,11.00481779856931,0.6176841240108312,0.46189544335693117,0.32281829433631737,4.425296530287564,50460.96733253411,P5 Threshold moderation
0.5309520144748664,9.678479313128408,0.5323206535558899,0.43165748838587165,0.33936642107053977,4.332263235392565,55369.79455185235,P5 Threshold moderation
0.46707338361370737,7.660049172614703,0.6235825821825361,0.42630190141572705,0.29627455121090807,3.382327369659953,44637.43098165086,P5 Threshold moderation
0.19035917270787622,1.4220397602175119,0.149373967364105,0.3312248360178909,0.15808101624326015,1.0460170498621761,23447.431740538712,P5 Threshold moderation
0.5615158524174554,8.94092673718855,0.562027970178952,0.378453750306804,0.3873797515471807,4.429708239292197,76778.49241238051,P5 Threshold moderation
0.3104774912708215,2.3854347936752207,0.30576910073766717,0.2886064938111416,0.23956543975691258,1.5958635303184687,46168.1956680131,P5 Threshold moderation
0.15074528363286843,1.0194983830728197,0.05806164843288224,0.2903989965587927,0.137644064757707,0.8635202314876719,18507.269803476687,P5 Threshold moderation
0.1900288232582646,1.4409485083619555,0.07918496546206319,0.3336351000033427,0.1601200300984655,1.0753456229934757,23072.579456408894,P5 Threshold moderation
0.44613133956422796,5.395401059018284,0.5364096139174408,0.362919972638461,0.2862848369337415,2.5283973790949372,57619.93459514915,P5 Threshold moderation
0.37804885090147844,3.4955088930448057,0.4082547044363896,0.30313048119480296,0.262033865211323,2.0002170241803374,47254.91749554828,P5 Threshold moderation
0.20605301346813132,1.4355894742492263,0.16364375394763328,0.3039472143071054,0.16858816762138804,1.04317322165609,28340.646155296577,P5 Threshold moderation
0.14762303885687533,0.9317364092780362,0.12036134904941256,0.24996664750551223,0.1357032230218416,0.8196023023877675,17956.662369291418,P5 Threshold moderation
0.4244159949748177,6.742396341687986,0.598949824997447,0.4428944140881369,0.25758720139070784,2.805772891592437,38736.62978115289,P5 Threshold moderation
0.22916655229042585,2.119983955486142,0.20882463006805227,0.382334585547082,0.17419063823946127,1.336634767121506,23928.533065170865,P5 Threshold moderation
0.3285346750850148,2.973830058853045,0.4091527778018054,0.29154737212402587,0.24457037753197353,1.9472912221660135,32760.158552003148,P5 Threshold moderation
0.294169190156623,2.8798656934334335,0.19450906907999999,0.4067146080316515,0.20347640882762782,1.5352942186333765,38966.4323514445,P5 Threshold moderation
0.1142875432693353,0.6644718566391212,0.023816735331468376,0.23518514753216047,0.11458677080611442,0.6453501324421033,15546.96597855866,P5 Threshold moderation
0.43753910364737353,4.9044008961079575,0.4031195328900462,0.3299596589191545,0.33297676888634903,3.199723438310189,49357.11679892296,P5 Threshold moderation
0.2979279881531597,2.533710063251798,0.33019549633977274,0.32807975565187714,0.2106818792740977,1.4764349294708352,37539.38451366262,P5 Threshold moderation
0.49182197646854703,7.698663862559828,0.46951641163945396,0.4003779574693684,0.35841349020560337,4.358199593485045,48790.361472826924,P5 Threshold moderation
0.532931625722985,10.852962303810708,0.6726708078595686,0.4564216755670049,0.3225243090955302,4.355671439207529,52118.92746147,P5 Threshold moderation
0.5020457150800371,7.0605243879507125,0.4788065654953615,0.3896720149853806,0.33599914003873316,3.521883857671463,64482.09289640461,P5 Threshold moderation
0.3763789369806855,3.374234491989439,0.43694764899996397,0.29815074548952175,0.24802854060727136,1.7885118857266402,50623.477402756514,P5 Threshold moderation
0.20519449062695558,1.4156559128700945,0.07350466774199843,0.32825774809909397,0.1690933963344441,1.0187063249561668,33173.713053952364,P5 Threshold moderation
0.6031970357637974,12.64996770983844,0.5584554702811937,0.4295582924537869,0.43097678066388295,6.231361378376532,75042.68196325147,P5 Threshold moderation
0.34377766032059515,2.67814764247879,0.39663761087567073,0.25304401613906446,0.25893574416517756,1.7568003722069816,47748.25165414943,P5 Threshold moderation
0.2849025628445774,2.353182744256717,0.23005308577332956,0.3283962004259161,0.2059701742617711,1.420382630627182,36767.66415826345,P5 Threshold moderation
0.4598248073771476,6.533858570471186,0.5137028783706997,0.41900770464500636,0.2977303040280136,2.93181415550571,59493.806191177006,P5 Threshold moderation
0.5580704241875476,9.128223985072045,0.5257401663464906,0.38212666905699993,0.3708486793464525,4.324347440768846,70584.95144518442,P5 Threshold moderation
0.3214759666311027,3.5708128190215236,0.38516333356134463,0.3987448995377505,0.23231563259074578,2.057295605870001,32727.800435017078,P5 Threshold moderation
0.20238028730260665,1.3856876723199238,0.22489276575456024,0.2702833187667259,0.1752571521893941,1.1140332176232306,25224.351599204398,P5 Threshold moderation
0.2512689596385162,1.8104987227247866,0.2233456482489836,0.2838170823011203,0.1987570626971486,1.2705504681898858,33707.24566541899,P5 Threshold moderation
0.3521406592422971,3.527702804116791,0.46312696929139646,0.3359808315781871,0.2515513159674691,2.075868916075027,37640.12992656333,P5 Threshold moderation
0.21680432593215015,1.8044296943335978,0.12498824912912268,0.3489105103575238,0.1772462334699213,1.2907874654759455,24218.62904602452,P5 Threshold moderation
0.499474497539254,8.634476632480308,0.6648646684816202,0.4272186329028909,0.3117661791028545,3.595307952856554,53072.19147864731,P5 Threshold moderation
0.32287788018707536,3.411120965487932,0.2294633089600864,0.3913459142694729,0.22880958172829424,1.8929158746373236,36293.98882096812,P5 Threshold moderation
0.5440050681206262,10.061630470341553,0.5253845478561489,0.41841194716471003,0.3701080560254239,4.91205223184955,55655.248815681975,P5 Threshold moderation
0.20544840877844392,1.4451171875997255,0.156426055964723,0.28078161718338407,0.17242409722550472,1.1202377112413076,24536.060267775592,P5 Threshold moderation
0.39798666864873367,3.4461059124283855,0.38127762068072296,0.2717580909961653,0.30473504950484814,2.2991289564542408,57641.51357743259,P5 Threshold moderation
0.19228920298174476,1.5999460389547304,0.1254726811802906,0.3600512488331865,0.1556300381623783,1.115301394027811,20944.847654307294,P5 Threshold moderation
0.13729334869122797,0.8467878936730071,0.06227023442763596,0.25259323863664634,0.12965228979621568,0.7681977033235454,17594.02490243259,P5 Threshold moderation
0.3035201891550507,2.406575459423516,0.3034075677060123,0.2984787484205871,0.21689475510922496,1.4517121805056636,40900.763151296764,P5 Threshold moderation
0.13570162924346402,0.7803161052621962,0.018816147145938947,0.23921902890198485,0.13274031508548328,0.734921892138307,20173.518079266105,P5 Threshold moderation
0.3552339607323089,3.4886901216796766,0.4493141978870548,0.3504538239663877,0.24420391290880444,1.9040685280902,44267.15021917577,P5 Threshold moderation
0.36605189302314234,3.5440538041132807,0.41081028152972743,0.29691148103564974,0.27966702274446725,2.346082321915383,38431.095328450465,P5 Threshold moderation
0.16533467788866676,1.103872278888232,0.04371137121728256,0.2873677274143069,0.15196241757932144,0.9479079269970722,21621.499115820672,P5 Threshold moderation
0.3783897968529572,3.481618756297837,0.41592368700559146,0.2993265909480489,0.2761456592812453,2.1500617490914467,47471.73071289606,P5 Threshold moderation
0.3095374751306969,2.4411093286962466,0.37328244378384234,0.2809573014525484,0.2347487842348367,1.6320902414538667,39383.37927573316,P5 Threshold moderation
0.3237005524389217,2.666118812430275,0.3608517448959871,0.3186248010956862,0.23882181073693365,1.6435972388866404,48795.97921990034,P5 Threshold moderation
0.4408113629286053,4.704992425326166,0.4188565604190826,0.30503887180510186,0.31904715426186836,2.8466716730638324,51560.428630660805,P5 Threshold moderation
0.2879593675478425,2.69003643680784,0.3952847207989004,0.34301051154223483,0.20712552629406936,1.6359305112029923,28530.310566606837,P5 Threshold moderation
0.5582563078053153,9.691340019334373,0.5767115352775094,0.3944092195376558,0.36270798693094713,4.398528817193436,65568.50811046897,P5 Threshold moderation
0.3950242070518772,3.431194869217028,0.4122845448144698,0.26573814194832385,0.3094082892888255,2.3688720133376546,54744.926836600614,P5 Threshold moderation
0.3074063155827275,2.332134021135628,0.3191945825604356,0.28678278452627587,0.23821876690277138,1.571846752712043,46361.43856522709,P5 Threshold moderation
0.36514379741160347,3.737754216246185,0.41851115804859196,0.3200572877817266,0.2610422441117779,2.218523007977413,36425.22743757954,P5 Threshold moderation
0.4931971813222861,5.459616033311863,0.43943951772074086,0.2844509473027333,0.37740959936197704,3.5947165442272304,63383.10063133747,P5 Threshold moderation
0.449403710920459,5.924018103534437,0.5599295336792648,0.3901062881785934,0.2872912003067988,2.71627194423208,54301.85933586343,P5 Threshold moderation
0.28434013717626955,2.1363485186747746,0.3422578461459064,0.2922483133299433,0.22028426504448018,1.4443480177586927,40539.157833594836,P5 Threshold moderation
0.15549915276884746,0.9118208966383474,0.05124126768543888,0.22512281527756292,0.14881891650885523,0.842237564248474,21907.680803648596,P5 Threshold moderation
0.3563276370141932,5.641952236839689,0.4943063498028564,0.4769545936715978,0.2206994820151668,2.4054755721203556,29461.120423959022,P5 Threshold moderation
0.4936721145696458,9.641046198304538,0.6987189470679279,0.4476287994245771,0.29746477176871383,3.8120220321876905,43211.31415886396,P5 Threshold moderation
0.48503650031137513,9.135046625832269,0.7019116653621529,0.4443208633619576,0.2990812804907437,3.766032136160273,42499.90592508076,P5 Threshold moderation
0.17456721967755243,1.2986064108005126,0.11503999712421592,0.31905401496538577,0.14915390084111832,1.0044653374250092,19830.39182310429,P5 Threshold moderation
0.21933379268542744,1.704742728583425,0.14916757759082497,0.34230255149326355,0.1698814316902324,1.1350148796825024,27678.03397445674,P5 Threshold moderation
0.3176725847328318,2.9530061371913154,0.4210790856787006,0.3108884574147419,0.23494514840393566,1.8851206508406608,31330.374406317558,P5 Threshold moderation
0.28337993609499285,2.222323912528449,0.36321162419274733,0.27440414010807435,0.22273113099154432,1.574687942076267,32240.20921280167,P5 Threshold moderation
0.2296655833147441,1.4480975387168442,0.12243518956679125,0.25151039529169966,0.17655377472146477,0.9881343030506142,35664.25975066816,P5 Threshold moderation
0.39124441967566037,3.5129169996457796,0.4256863023696577,0.29871768463551235,0.27914017943843983,2.076138093071913,56998.8092525184,P5 Threshold moderation
0.6881755377936594,20.87414364662964,0.6392373897176152,0.4394563171552265,0.4819984935350921,9.214751595592752,81209.46875655331,P5 Threshold moderation
0.46839773764297843,6.8745905138853844,0.5982570480184151,0.42199845217804965,0.2963390211170109,2.9447178488361594,60733.53489909247,P5 Threshold moderation
0.5205301771264501,8.857500689968454,0.6730650123157397,0.4123876802397818,0.3297436105408984,3.8346196765470073,57805.84026858203,P5 Threshold moderation
0.20501447604982415,1.3354849332105172,0.24124541108610095,0.24725123314148542,0.17432603700767016,1.0667120986780108,26032.667925826558,P5 Threshold moderation
0.35105521690205366,3.646617326367624,0.45721875740245627,0.36329782558046897,0.22907143434728092,1.8633689001525773,38453.84678552423,P5 Threshold moderation
0.5625877478202488,9.690490562558558,0.5211590550798714,0.39740939804500147,0.4032951311346986,5.080744631030433,68812.95362805671,P5 Threshold moderation
0.5733196444661219,12.624679494983308,0.6905142679580547,0.45429404495021775,0.36494902449645056,5.132263008545296,63807.38933826028,P5 Threshold moderation
0.22630374670903983,1.419555059000493,0.23726765510791933,0.24844835465623816,0.17796824828513713,0.9975009338244112,35025.45332912801,P5 Threshold moderation
0.31050794526553926,2.98662331701535,0.3080673852153076,0.3678383264192821,0.22329965941981747,1.707746795249702,37803.21825788747,P5 Threshold moderation
0.38120104562724383,4.205715285325482,0.4422398993023876,0.3519924720211353,0.2573307236226358,2.255459615079439,39003.85883363239,P5 Threshold moderation
0.295265793339033,2.5691017277095423,0.3711834966384664,0.33656415055464806,0.21405436115183743,1.5410188362424277,36360.08701774481,P5 Threshold moderation
0.18917476492042573,1.2019540574244658,0.07770239483210878,0.2677899155462125,0.16591281018966555,0.9746426217154364,27432.82033054295,P5 Threshold moderation
0.1809257700407054,1.2088923176948503,0.057568385411423284,0.29374271822279774,0.16100235781285346,1.0010367917935834,24810.39084379487,P5 Threshold moderation
0.5001760607292699,12.51818187046681,0.70835987687293,0.5146390005358102,0.29665238633869834,4.444919506839411,42361.250439513366,P5 Threshold moderation
0.4846950797395988,6.53628709197325,0.45394420563594895,0.3643608052211268,0.3542421366128652,3.8262559918510126,53563.03766922913,P5 Threshold moderation
0.5877259932159349,12.255043676504451,0.5639056157844886,0.41801962066022147,0.40219571228630463,5.848893653861981,61523.276361316195,P5 Threshold moderation
0.4631045248502478,7.560672507608171,0.6526092992966199,0.4036141782837386,0.2866184580136816,3.3150620066632306,38568.560594549606,P5 Threshold moderation
0.5181669625848453,7.117542287208396,0.4725980177033108,0.3706876306153732,0.3652797887563751,3.805754138990377,71795.3911600005,P5 Threshold moderation
0.203172959969318,1.2345572298671754,0.19110742030503608,0.24815800784638423,0.17263596578694454,0.9698560749586455,31801.16893464373,P5 Threshold moderation
0.43171972657238805,6.040420729127319,0.5494985397077472,0.4256966246708745,0.26899116372213716,2.580286305585734,52031.823803434236,P5 Threshold moderation
0.19319836915107136,1.3635132402128736,0.06370523065300607,0.308270074878857,0.16008621045700844,1.0104314746874696,24965.545689476625,P5 Threshold moderation
0.502429044234764,10.060916383900524,0.6460192869180338,0.4457529589984908,0.30528656667375537,4.130979922227156,41262.32569040809,P5 Threshold moderation
0.30816160025178857,3.0437822134803305,0.31013576070763227,0.3739762991108929,0.2267787708091283,1.819236674146467,35102.45116066085,P5 Threshold moderation
0.5410441475353402,8.957330459894287,0.4978358451126655,0.4110554289384274,0.396458726246252,4.918458109973545,66527.35709667987,P5 Threshold moderation
0.6334334698837696,13.46788521634113,0.6347987941550006,0.3930279163563142,0.41192974878056243,5.762108002294638,82728.68049119416,P5 Threshold moderation
0.13314141591768566,0.8148048131670033,0.0551605163870758,0.2689155295362523,0.12837524494827438,0.7496015986109695,18600.680204697623,P5 Threshold moderation
0.4900687147960969,6.42921259494222,0.4475326080837668,0.3634371850634699,0.36500571337082893,3.8412045776706765,60060.41975049478,P5 Threshold moderation
0.5415472905669109,10.974917437548115,0.6775231048029451,0.44802510752023605,0.33785992718285185,4.488189506752802,55830.264363946524,P5 Threshold moderation
0.5559038440185571,10.380469352211204,0.5220858114350241,0.43010273784744696,0.39621377967053373,5.290647639571766,64610.129074331264,P5 Threshold moderation
0.3039364059092097,2.828417275354061,0.3407136405269656,0.34399285664710083,0.20817638055377727,1.56258474500062,33343.492520314234,P5 Threshold moderation
0.41775866521367605,4.4123603837152885,0.45518921468687706,0.30726792829075517,0.28475526952803354,2.41902633990255,46354.27997223624,P5 Threshold moderation
0.5485144808998756,8.144573053778299,0.5048451359832217,0.3721638991508942,0.38341384641582316,4.1996782936653965,77609.69038803884,P5 Threshold moderation
0.36275431004803665,3.4766315107356416,0.3977607489513473,0.33684321327705097,0.25369676922590234,1.9396808424920533,47615.282384466605,P5 Threshold moderation
0.3384626384047356,3.7424090955484686,0.3694285710064822,0.39154455643819513,0.22704316839871777,1.9312743807785182,35794.300430985975,P5 Threshold moderation
0.49438798659440547,7.013180477576576,0.49244665251281877,0.38012394467632765,0.3269583700694144,3.4117362564435685,57947.01344721612,P5 Threshold moderation
0.3533697165982368,4.11546376261205,0.45355774372964014,0.3956097960844078,0.23130019439010593,2.012159414283596,36855.664042349264,P5 Threshold moderation
0.42477497705295875,6.781921076264365,0.5370233527153322,0.45117615189807553,0.26045766708254614,2.8014900838771166,41375.147978298715,P5 Threshold moderation
0.6118646728519929,13.725761810687017,0.5718932352071205,0.45309252663538785,0.40160942026908736,5.868480293126637,81303.64480996075,P5 Threshold moderation
0.39700498579079696,3.430321646699444,0.3855866037587894,0.25741139360118176,0.3093932261919716,2.3787237594120327,53287.16042932097,P5 Threshold moderation
0.5592203342498431,12.530868428543632,0.5429985585145967,0.47234913825439445,0.3871859286224685,5.905387521925783,56908.70363096976,P5 Threshold moderation
0.19847004490467013,1.357082784494765,0.097745190263154,0.2979276162134203,0.16800580057163844,1.047505931162447,27154.035320915435,P5 Threshold moderation
0.562099140016639,9.861060520354394,0.5182661977255666,0.4201105532465969,0.39099807318945823,4.826591894384816,76165.62003735368,P5 Threshold moderation
0.5280995636104201,9.45140940160699,0.674281972369202,0.435751835548638,0.3422129502377053,4.088206401697414,63236.26610240326,P5 Threshold moderation
0.3264379142870117,2.818972492932229,0.41315977138876797,0.2839353992697204,0.24393217270847203,1.8437656764544659,35523.24677582421,P5 Threshold moderation
0.3749170424993791,4.017956492424259,0.46017805115135857,0.3545965766617018,0.2502080758614103,2.1375600035046443,39889.15999441211,P5 Threshold moderation
0.5162443672441007,7.515891009832373,0.4804058078547264,0.3986949284152738,0.3477476824042429,3.679141998028124,72164.1546751905,P5 Threshold moderation
0.42853891033156644,6.359960675654838,0.5674707491847992,0.4203309064728863,0.25637779157686874,2.672857707631225,39978.760987071866,P5 Threshold moderation
0.6962232054796786,22.672712403764148,0.7355375259321224,0.4710678454968477,0.4465655657152816,8.51031049936342,96079.85316996684,P5 Threshold moderation
0.3649795473210155,3.2048186569789525,0.45341457590954476,0.28993524382801,0.25319503459939385,1.8409851761465936,47145.28091379196,P5 Threshold moderation
0.392296646426119,3.5940942817729966,0.40230807334722335,0.29855031428326745,0.28580491560123467,2.1923426121786087,53721.92632395766,P5 Threshold moderation
0.2805130661472138,2.2290993931528607,0.32825913900643794,0.301357248498608,0.21377247756463805,1.4771807410860036,34648.63118488013,P5 Threshold moderation
0.3417791294427265,3.041730798294934,0.4198431181265178,0.2974383890907284,0.24136558269339967,1.8115509069388223,38760.1289483446,P5 Threshold moderation
0.38890109881334417,3.719021305403985,0.41751829169831267,0.29176999007371196,0.2791651980455584,2.271214421306612,43771.79565079564,P5 Threshold moderation
0.47902930728738047,7.194794359039264,0.4781484368582201,0.3868914762026338,0.31845132907559737,3.6302122005736934,44807.97301385159,P5 Threshold moderation
0.23705953353574374,1.591199225358806,0.25803128877819476,0.2659163550634104,0.19110147815219722,1.1553349586782429,33977.35851710233,P5 Threshold moderation
0.18695177815025518,1.2112980389856187,0.18595202817619363,0.26669293671591154,0.15750128269461508,0.9362384532695323,24764.293755476683,P5 Threshold moderation
0.5580279813077706,11.043278710202271,0.5326669102820015,0.44799839181603246,0.37667954224507794,5.143476079723832,63582.55683206253,P5 Threshold moderation
0.5482639549686865,10.1503142209578,0.5343462619055165,0.4232237869805618,0.3560922735472646,4.569312192710823,60046.34642537416,P5 Threshold moderation
0.39471010232412185,5.92961647600124,0.5764671224249818,0.4370326349242119,0.23798672330558757,2.50242074946047,33908.9648302543,P5 Threshold moderation
0.6009442340467135,11.11523028672816,0.5503151249357372,0.40430121756461723,0.4095706990924898,5.217327883271731,87168.97272251894,P5 Threshold moderation
0.1677618421342605,1.277650627080658,0.09455333876124199,0.33808314258407746,0.14594776683880428,1.002058423653279,19313.393545668223,P5 Threshold moderation
0.5958426820383301,12.617526255192118,0.5623984474066265,0.4332984757994126,0.40201095854996804,5.79687295017418,69925.35274472104,P5 Threshold moderation
0.18736303754512734,1.3875475722802457,0.12467805972419342,0.3466902418341154,0.15665660278059607,1.023645073468563,25136.761118796705,P5 Threshold moderation
0.643688247514056,19.883423472467847,0.6996414341265018,0.4501577942845496,0.4020508124814611,7.628414559782132,57503.31010480235,P5 Threshold moderation
0.5364079291738172,7.492949111874627,0.4803319898258127,0.36975379974613004,0.39097055123403157,4.140352012409757,80655.92084155761,P5 Threshold moderation
0.411953772035426,4.562018001757082,0.4791642859112659,0.3640175386704708,0.26483300686219374,2.2140141476019233,53392.62970648253,P5 Threshold moderation
0.6941794063749033,20.02478733412286,0.6319919231974587,0.4320708919252355,0.4903618718112419,8.919539368239928,92758.16000508667,P5 Threshold moderation
0.6073650362067652,11.953673049938077,0.5530926312590544,0.41690819423582004,0.43118409124239104,5.849575072470023,85267.95384135262,P5 Threshold moderation
0.35454758655032487,3.1149433216112747,0.43559339103165384,0.292909800531555,0.24153154529613713,1.7384284568194734,44175.13315148463,P5 Threshold moderation
0.5117755466852338,9.510934507507182,0.5866083615769699,0.4405939596305207,0.3214028240690163,4.0868204077594665,49564.17326127174,P5 Threshold moderation
0.33438029349702325,2.719801955281304,0.36680999855956453,0.26513399178545205,0.24932196917349247,1.780486559361888,40486.06507649871,P5 Threshold moderation
0.42102621433604215,4.962521700851887,0.4704501712855679,0.3833358445655904,0.2743122277412047,2.3433845917193095,57868.89699958873,P5 Threshold moderation
0.5790067172825168,11.843831954693748,0.5523374808053255,0.4169984738426781,0.41208221734362255,6.061793171807222,58781.68979467838,P5 Threshold moderation
0.4638798083903578,7.213915539164098,0.5650808599124283,0.43327164032680854,0.29893348771580486,3.156364505052582,53839.394743103614,P5 Threshold moderation
0.2793072360967646,2.648438850092546,0.1195755157782959,0.3797435978798365,0.20840185454939286,1.6143628603896956,32373.113437799853,P5 Threshold moderation
0.35314018978628714,4.292442864096041,0.4352730025792688,0.4228184159685644,0.23298880746835057,2.0839953605187898,38379.78628063877,P5 Threshold moderation
0.32242978299754443,2.859288732882825,0.3642308260699499,0.3376477936576297,0.21861461812341088,1.5475877439004444,42924.83397398505,P5 Threshold moderation
0.47257550339017407,6.289967816853568,0.5216161224566347,0.3686803658373777,0.304073947611095,3.0380410879486557,52455.66721956985,P5 Threshold moderation
0.40705705550050275,5.575232700611284,0.5239797911937486,0.40654259132466125,0.26476761955805633,2.7061322562933525,37483.82631439214,P5 Threshold moderation
0.49448397208690104,6.640725261097211,0.5258481433039279,0.3541113458790715,0.32194424007898653,3.181042456010823,59408.76680151238,P5 Threshold moderation
0.4280573422455432,5.042889672994961,0.5369625796055487,0.35945570163596147,0.27655512777800023,2.420191187182758,51641.01696343336,P5 Threshold moderation
0.16251993284288088,1.0547753574354986,0.17301087286970762,0.2553515971053303,0.152101570271761,0.9467603895901248,20037.923686149414,P5 Threshold moderation
0.3374286483773193,3.0523969602522696,0.36286594293225144,0.3426480603217343,0.2447284787454383,1.7859301770082703,47932.91203552208,P5 Threshold moderation
0.486410269431908,6.090930613406775,0.43814084917851837,0.3597437974451241,0.36530387738145936,3.6863413470906443,64833.674795900035,P5 Threshold moderation
0.5317026743429578,8.522277668221305,0.6196878354554055,0.392728385286533,0.335860242375728,3.6188284307731293,69086.21978878626,P5 Threshold moderation
0.33865364893181477,3.2027761044539016,0.3316858671666827,0.34846151590236785,0.24663748554535184,1.8925929842812752,43480.057497759204,P5 Threshold moderation
0.4606036959527853,5.366408220183841,0.42864526817157983,0.3474620016349128,0.33417519700502585,3.142974156758608,59488.240331945795,P5 Threshold moderation
0.184054170539716,1.2499452077485638,0.1752614467670091,0.2791941113095809,0.16359398237597955,1.043761348052793,23010.261272569558,P5 Threshold moderation
0.4862939426072837,6.363743617458301,0.4763243998067377,0.3742247077350368,0.33236155022117375,3.2736900629901315,64294.55986807375,P5 Threshold moderation
0.20422698703868739,1.3405541118330633,0.044434715156237356,0.2884890884832798,0.17815128571986916,1.0677088990894703,31525.138737413978,P5 Threshold moderation
0.5425177708582697,9.864318059503697,0.5843199925252073,0.3990337377483578,0.34947467225426937,4.524847372884391,51727.77111326655,P5 Threshold moderation
0.653803519448451,16.329610973337285,0.6093631375965929,0.4209232102798645,0.45086975977091565,7.463956430277851,77213.67300378572,P5 Threshold moderation
0.5050044200452224,9.652297843126966,0.6750387059878392,0.4608795804606942,0.32471821541563073,4.084279487043413,52786.36593684378,P5 Threshold moderation
0.23794468723419465,1.9038696010662406,0.220303298598704,0.3413531609892104,0.18570842760756773,1.2754641207618629,29999.393029019382,P5 Threshold moderation
0.33039777731649234,3.0829354379524365,0.4127220221770993,0.3156961927268254,0.24158871960348238,1.9345327229712368,34254.08848753108,P5 Threshold moderation
0.4741095337400479,6.852739296480544,0.5159809516934236,0.39524020511026386,0.30652188504355266,3.256641816828251,50458.98623328918,P5 Threshold moderation
0.3116912283258451,2.3935469089299524,0.350933572418633,0.2611166724883267,0.24535930238303177,1.70405592757281,39650.864569961865,P5 Threshold moderation
0.6217879895397522,11.772356983879423,0.5563743338527138,0.39530612688719835,0.44782431231375086,5.928502676487456,95177.79060145345,P5 Threshold moderation
0.397444839888684,3.809477288483678,0.3833819624900998,0.2968032251991203,0.293876488898492,2.411314776067629,47647.79053284941,P5 Threshold moderation
0.6247099296029927,15.896055767642777,0.584655120167177,0.4740475123239894,0.4251491524039976,6.85495008011,79333.54383051924,P5 Threshold moderation
0.43528374539917475,4.843773950686823,0.47691563997411945,0.31844941202058524,0.28874060354797426,2.516063962017743,49139.50775883467,P5 Threshold moderation
0.5583095473049873,10.177375901753383,0.5285891869286835,0.4128754273513799,0.3867072975453576,5.075568224736249,62418.68252174555,P5 Threshold moderation
0.37708551141416835,4.675807304741759,0.43060258464086126,0.3943055406298293,0.244539145818295,2.2265850839515395,37889.70652991752,P5 Threshold moderation
0.4944163401168534,6.807322488156259,0.4672194807675598,0.3749695739354975,0.33164577113421045,3.4576581745106933,58840.54151422148,P5 Threshold moderation
0.6640137278509337,16.971672155508223,0.6524795730349194,0.4192245686850943,0.41998030575416956,6.5602425639049,90140.95718789764,P5 Threshold moderation
0.26673315891566274,2.383139233902916,0.1928299640843763,0.3817928459930851,0.19504550803612583,1.4210683994703928,34252.8206685624,P5 Threshold moderation
0.4599841377053239,7.761667062517233,0.6587817237780306,0.43378321838322353,0.28242023135810135,3.246586441717575,42035.084682264205,P5 Threshold moderation
0.4009199834566496,4.569237269174557,0.44698063676315114,0.37563346668413083,0.25854213215809935,2.174222461920563,50645.282227838936,P5 Threshold moderation
0.35945588575540616,3.07660958408889,0.3299591290056621,0.28773856494931166,0.247850071775464,1.7211569892122685,49921.7751176359,P5 Threshold moderation
0.32041862894037876,3.6827219938266564,0.39339709183143856,0.40094869818785617,0.22993882646921285,2.0874105877375504,30678.43911256804,P5 Threshold moderation
0.4540871147478806,5.078763105756093,0.4318567914360217,0.300998600510918,0.3455270754842174,3.337098928343044,49490.51678976552,P5 Threshold moderation
0.5836263066627952,11.506455901200235,0.5473095511040277,0.42454912993981303,0.3978100327591772,5.387933447153122,71550.03879241251,P5 Threshold moderation
0.1507125485279639,0.9519394217954913,0.10176642097837478,0.27189044470469365,0.13949254864400787,0.8356594451637099,20167.828759054904,P5 Threshold moderation
0.3344141709530041,3.5837825279347864,0.2123884854307864,0.4163223984214364,0.22943794907034393,1.842911766521015,44902.804073297804,P5 Threshold moderation
0.43608180732247187,4.348626419114275,0.39678346850225094,0.2942784315851771,0.33384726582711566,2.876874318645867,56812.248058495534,P5 Threshold moderation
0.4940961868946225,6.996804669631243,0.6007036141097939,0.3888280780450258,0.32611259419741595,3.3439979265281314,62169.09582215433,P5 Threshold moderation
0.5468207494698082,8.2493535828208,0.4978063340524064,0.36857534830912364,0.40388011472655416,4.739448221916597,68919.41099075162,P5 Threshold moderation
0.16389963033310387,1.0859987310479686,0.17830661542098314,0.2662040660539173,0.1462040390474588,0.9138871052555181,19474.407201854745,P5 Threshold moderation
0.41432911274361073,4.434568308578177,0.4430660717931847,0.3362684239922971,0.29128387676271017,2.534413823511685,49262.19368715231,P5 Threshold moderation
0.6557909380955949,16.452410071290043,0.5964425492210509,0.4486497631870062,0.45442856589676256,7.185471329506376,97009.93561226223,P5 Threshold moderation
0.363990008192003,4.522153179367076,0.4309246689978474,0.4087962330869375,0.23329762803494294,2.128088036082168,36354.723206178,P5 Threshold moderation
0.20751052741027154,1.5912423528407782,0.2500933630758641,0.3208157604424233,0.1663907412775346,1.1289741041546155,23763.53120089278,P5 Threshold moderation
0.44164496496772937,6.8025223882944745,0.5485889482710304,0.41564734459810815,0.2823992551463874,3.187269525841534,38353.33208123125,P5 Threshold moderation
0.34443615015103957,4.13237726084597,0.27922276852595257,0.4358266930047423,0.22778251274876526,1.9964963102150581,40082.7681581429,P5 Threshold moderation
0.34571008600135894,3.0710941009394794,0.4249544679251257,0.3119895526259539,0.24047880199702867,1.741659402502524,44605.003595000715,P5 Threshold moderation
0.22874364020231458,1.4475697725844217,0.2615186367583293,0.24286082446739468,0.1860580949701209,1.0742975069909555,33860.11962997362,P5 Threshold moderation
0.4733787709174446,6.44734710835922,0.48314329962871866,0.36096124671845353,0.3092804570396104,3.1581752731300985,48971.0918750603,P5 Threshold moderation
0.31672541117681424,3.2940906368099445,0.4460153195855908,0.36413473618890846,0.21507321657158068,1.7859257708157128,30421.325943212272,P5 Threshold moderation
0.5485204224674267,11.741680796502195,0.572147503345924,0.43627726334701605,0.3386598327176139,4.962489296532855,46717.92897944553,P5 Threshold moderation
0.603911833007622,14.97171411706039,0.663737499872182,0.475672552578443,0.37940740039786247,5.830759785026434,71750.10906793721,P5 Threshold moderation
0.17639870464022017,1.2725630351272912,0.13863492818694728,0.3032155442325868,0.15825733684076815,1.0619121519929329,20802.920354247246,P5 Threshold moderation
0.4081406001206577,5.470541876434976,0.5680065834929146,0.3885176990997259,0.2684775907080208,2.7562268981893516,35804.77741488884,P5 Threshold moderation
0.20148489883045295,1.267414387663432,0.10769235840882015,0.269872010666153,0.16635640060446924,0.9520855393507168,30881.25147197704,P5 Threshold moderation
0.47839124528592664,7.548830759831561,0.5440742213640001,0.44340000520987316,0.29992194657107635,3.1164557058934923,63640.006735898925,P5 Threshold moderation
0.576358018168152,14.518218151514343,0.7441346097381055,0.48464531392920096,0.3492249154348814,5.039962183384706,67730.86396616252,P5 Threshold moderation
0.34937139319790894,3.6754904030563704,0.46284522165639763,0.3565382755139217,0.23770890810304288,1.9784217280742786,36486.95230563954,P5 Threshold moderation
0.5513501869835173,10.841942630607821,0.5288230304569458,0.4429655288364906,0.3783413960886689,5.227984530417461,59083.112008968616,P5 Threshold moderation
0.4435679445397867,5.503812935926614,0.5621376528147938,0.3482022880733621,0.3024609836306075,2.925517933045276,45978.18856362192,P5 Threshold moderation
0.5241591917792687,9.521644021001594,0.5644964335009688,0.41806332524179823,0.31622465122814547,3.9039802157173105,51565.05956723816,P5 Threshold moderation
0.3793709445327686,3.1978751105801004,0.40166645558480196,0.26165813650922143,0.2684326608785025,1.9074452143528864,51464.36701996291,P5 Threshold moderation
0.46216531702483343,6.30442273721632,0.4399324893963059,0.3956738962148801,0.3266413720114153,3.457698370882817,51876.74977913342,P5 Threshold moderation
0.47083020330899716,6.62508012503756,0.47168657506230927,0.3800181810152583,0.3142889901188186,3.413121649915168,46599.70839291134,P5 Threshold moderation
0.17633527146872513,1.2438350176548791,0.0514992001637227,0.3361738132834105,0.15130514142825338,0.9522130507198205,24920.897221993662,P5 Threshold moderation
0.20645724908785928,1.3838357299831192,0.09598283020903918,0.2888304736820898,0.17552398734523433,1.0702751476936578,29752.987992083905,P5 Threshold moderation
0.4372282318034506,7.239739458420058,0.5745210083518447,0.4371818162159326,0.2599099372915716,3.055103513534135,35038.25305958311,P5 Threshold moderation
0.5795919478197993,11.543048997525126,0.5547663147521142,0.4277403940069467,0.3894247870933737,5.336394703635969,67276.42186489933,P5 Threshold moderation
0.3573853883321303,4.738029280668717,0.47895971578329455,0.42040470878387987,0.2290377286422466,2.192924178243306,32447.905689655738,P5 Threshold moderation
0.27361094564996674,2.2668206730350597,0.3361323069557631,0.33206679820960683,0.2004412116785169,1.3859587378079348,34371.922499887485,P5 Threshold moderation
0.3021626989579113,2.5538026670589855,0.3699191582403564,0.3238745385029638,0.2266074782348698,1.627976416315997,38677.86899149914,P5 Threshold moderation
0.20072881558260958,1.3613725380815322,0.09104857492615319,0.2724432836054224,0.1681268932931146,1.048897488963484,25127.10850800997,P5 Threshold moderation
0.6318550274557883,16.79230834675658,0.6018634306239453,0.4676303828754605,0.4148592974740552,6.9531154024731885,73423.68197742777,P5 Threshold moderation
0.42496198627680504,4.724334385334392,0.5151621297923531,0.3617850503860143,0.2933788911221854,2.468062258972847,60440.47617507537,P5 Threshold moderation
0.43926798359777613,6.537091580138436,0.5786232666242528,0.4339958190280896,0.28207618393369716,2.8974031755920864,48895.653290926,P5 Threshold moderation
0.33354451844025695,2.6569805784924068,0.34191001654484743,0.24805514334624873,0.2691561019551156,1.9960711383083134,39449.651813953584,P5 Threshold moderation
0.5068239960885561,6.339669575819162,0.4607658322719547,0.3440865396249074,0.3558083705134784,3.429727580283399,73057.12774287561,P5 Threshold moderation
0.18635654523019615,1.2237583563087397,0.18404152361327752,0.2672048974965596,0.1586645528948645,0.9598584180749469,23953.014229425018,P5 Threshold moderation
0.5649821623386642,9.833655551561527,0.5184479162280118,0.4127269149455828,0.4050865472032192,5.064312801972059,75500.16067838328,P5 Threshold moderation
0.5953148665257644,13.659875953448864,0.5664954106774435,0.4495855581580532,0.42086372618315276,6.61175858081437,63658.02299406649,P5 Threshold moderation
0.5811515936978278,8.987189470907133,0.5249571871511817,0.34890603565614675,0.41583386385065335,4.803399546538249,81987.66132139109,P5 Threshold moderation
0.5670254265649205,9.157310090527048,0.5113947000903918,0.38721610149674357,0.4168009835414866,5.003952669263659,78982.97391624088,P5 Threshold moderation
0.25383488008407046,2.0629195543255383,0.33328344421566486,0.3132673232165639,0.19900962430484243,1.4183595443164725,28507.074997343105,P5 Threshold moderation
0.5710174031851151,8.63785279281517,0.5194868022753825,0.3439536767948646,0.404161729370485,4.574575526125358,77328.5791805842,P5 Threshold moderation
0.3565093674081498,2.9292774589986705,0.4294628699517482,0.26822309460089017,0.2622302471616807,1.847953238528854,48217.474568664264,P5 Threshold moderation
0.14904732906494497,0.9792567681890657,0.07293048260265064,0.2747184126449361,0.1355936195060072,0.8350731138063819,18197.456098801184,P5 Threshold moderation
0.5484786521483491,9.414913157484694,0.503694014225352,0.4261715638877919,0.39633478144412665,4.9336355188181855,72220.08365035654,P5 Threshold moderation
0.47044299514035276,6.871975759414824,0.45898783367857127,0.39596131309785565,0.32343063458261123,3.6407562307706454,46591.71090144357,P5 Threshold moderation
0.4469169672070871,5.88003715559678,0.437762795583934,0.36060086893859195,0.31836200152897953,3.3794109551633675,42313.099914089784,P5 Threshold moderation
0.15370982563856017,0.9968089902311381,0.13232075488353728,0.25536304228876583,0.13890777453711908,0.8532187338623617,18121.05964939636,P5 Threshold moderation
0.3268163046046743,3.04981542867726,0.4215466249846492,0.35019753133223763,0.23158458315218242,1.7575921091157292,40615.248055040545,P5 Threshold moderation
0.543502833243523,7.458475604358853,0.48965824916446815,0.33218288099281185,0.40453071339281604,4.434771238611515,70665.36697449151,P5 Threshold moderation
0.2746483756735592,2.4905920645903916,0.3850646476320815,0.3473427974347403,0.18544132184901693,1.3642487325119648,28486.761841335367,P5 Threshold moderation
0.31621721018065885,3.1972630808022595,0.22167049405041744,0.3813001845685906,0.2274548420126907,1.8187322900542022,36947.01110353001,P5 Threshold moderation
0.15085152304877578,0.9945056301063263,0.09415189611410604,0.29349001857045426,0.13670314893074223,0.8376295940018751,19665.90300267625,P5 Threshold moderation
0.5607752888387483,10.726806185006009,0.5480246904514862,0.419951039954952,0.36828356307231347,4.880726429634136,60604.78462916381,P5 Threshold moderation
0.32443253826958385,2.8136662215033836,0.24069818806484702,0.3230411454666316,0.24146850415329985,1.7559846552801885,43099.72326938341,P5 Threshold moderation
0.6610749291875709,20.163679636062426,0.6328594939948209,0.4807216089868231,0.4250933363035616,7.859995230289784,78740.14681533293,P5 Threshold moderation
0.23928655461094986,1.713043188966837,0.3046813107124921,0.2712837037025065,0.20157198909766239,1.3280181467572716,30003.095177882034,P5 Threshold moderation
0.3876091908824193,4.333062457526749,0.4723838672612718,0.36204083986842983,0.26158394689200354,2.2799399246202223,42333.75991371226,P5 Threshold moderation
0.17123155176499563,1.0605479794458288,0.10250958790948239,0.25836345056216925,0.15547396127237487,0.9067208086964837,24374.937914242102,P5 Threshold moderation
0.5559142413283017,12.581156571435791,0.7207385047590216,0.4820491059655085,0.3471322396175341,4.798001575546065,64768.93238272602,P5 Threshold moderation
0.24857295876155341,1.7432953143578813,0.3170500357265255,0.2348666276370597,0.20657267030767384,1.361273761733022,28642.382694848613,P5 Threshold moderation
0.16441097434913252,1.0302827795477347,0.06615064506028527,0.2673855882397295,0.151026133838101,0.8937210149117,23033.89496873899,P5 Threshold moderation
0.47893227459671217,4.804854054779002,0.4368233539428551,0.2628136197823938,0.35451456733903586,3.0007889272715373,68810.16264238025,P5 Threshold moderation
0.4467085346853355,5.0462878851422746,0.40937790031186166,0.3190968598805542,0.3432027902316025,3.3542519415825245,49340.76991200025,P5 Threshold moderation
0.3867388161741461,3.1113186885866835,0.3771029851721939,0.252143356963474,0.29042807665019127,2.0201789729317334,60725.273256851215,P5 Threshold moderation
0.29599090160551217,2.4473341833469613,0.3497104309829333,0.32524404369233634,0.2232746373641812,1.5572806567676587,40009.39361573921,P5 Threshold moderation
0.5166002608140671,7.09796215037797,0.5392682816626009,0.35247718865408606,0.3444675190875056,3.387757457704668,70392.05373299718,P5 Threshold moderation
0.4014794305737112,4.529933962758149,0.4693309008578616,0.3474117005540006,0.2715112154037185,2.388147760427473,43097.636140328774,P5 Threshold moderation
0.1937936359957443,1.437976454095099,0.20020154793085135,0.31233455974322644,0.1578005485494002,1.055261700219681,22038.50745167431,P5 Threshold moderation
0.6347100801873523,14.182177833367513,0.6697179848712916,0.42077071717686015,0.4055764164289823,5.934198977152894,83885.38611995788,P5 Threshold moderation
0.26494051434754595,2.1024661660421513,0.28639674029083256,0.34233178157173866,0.19819183332636955,1.3193203121745236,38349.474822078955,P5 Threshold moderation
0.23397315932707857,1.675717323423617,0.18591442277730838,0.30641524524503994,0.18885735310016186,1.1921582767581744,33595.07447516416,P5 Threshold moderation
0.5717039380780494,9.842962329482203,0.5302748344034933,0.4037201433984057,0.38451748059877555,4.565248798214912,81152.41516288798,P5 Threshold moderation
0.34993784091623487,2.943875833877954,0.3838556236435657,0.2559551313857071,0.2786747989654544,2.122390936035702,40791.343993615694,P5 Threshold moderation
0.24802792170723328,1.9469668147727022,0.28223296346571397,0.3313232535435298,0.18425571606039626,1.2168494854209948,32441.482555732273,P5 Threshold moderation
0.4070866523810198,3.899315379386391,0.39869482298096287,0.3170300384349415,0.29496810735525575,2.354436022651505,57336.28679636771,P5 Threshold moderation
0.3700385770374345,3.786244373045385,0.39222766047500673,0.3686618864443306,0.262661671515668,2.075022554863701,51792.94828548827,P5 Threshold moderation
0.4854779478770683,7.650313504106396,0.46952837702465633,0.41687224011319374,0.33467643436148414,3.952302812325741,49529.28600912602,P5 Threshold moderation
0.4949877675176304,6.497582090524459,0.4500607340452783,0.37799234382033703,0.3597028095525773,3.664394014375127,68599.04736459277,P5 Threshold moderation
0.5237738208400771,7.624146904008104,0.4863728239384963,0.37525594656997774,0.3781117892153928,4.270361601362568,63954.66558910068,P5 Threshold moderation
0.3144436581385802,2.5655471065955635,0.37719310674018414,0.2702300384269547,0.2268086553616761,1.6087141318078946,35077.93644294953,P5 Threshold moderation
0.35177293262357257,4.080299584198826,0.45757826356392567,0.3926184789436659,0.2351796506358362,2.0768346872757757,35706.56060770749,P5 Threshold moderation
0.4322240320692498,4.040107320999567,0.42413096630451586,0.276003667789951,0.3015133619018589,2.313317676226616,62646.71389025737,P5 Threshold moderation
0.27568541166298605,2.047095917339316,0.35501072771990494,0.26429872090772366,0.20134433474038502,1.3129999081023274,32933.97566661355,P5 Threshold moderation
0.2791478437388357,2.776471180389285,0.3108701534514648,0.3631511062879447,0.19951557643481466,1.6198592506497038,26342.627926391935,P5 Threshold moderation
0.414697961947505,4.677230424090339,0.41456590857515896,0.3327046241102409,0.2922152115888423,2.7216617435167363,41832.198520667655,P5 Threshold moderation
0.24610928916033328,1.7439179040980137,0.24135226544538377,0.30484306127916727,0.19337235811090048,1.1987146866157965,37673.0046969271,P5 Threshold moderation
0.5406797791542622,9.231455676088254,0.511743134727801,0.3915104609561478,0.3909988100286449,5.103398908702711,55055.54805177482,P5 Threshold moderation
0.4908100276775877,5.95984846796445,0.45733517860139955,0.32292861297439895,0.361308085173385,3.577038986912327,59981.688093231,P5 Threshold moderation
0.32643010672119765,3.1875555894664083,0.38293708874242477,0.36489063243018566,0.22592434261066247,1.739137147968589,39670.49829014389,P5 Threshold moderation
0.5391205295724231,9.971055426118005,0.6635531805594589,0.4402700419829573,0.32779189009133775,3.825918056847342,71134.66462522786,P5 Threshold moderation
0.5497242846260944,8.279691563272213,0.4979170916921168,0.37768593814004536,0.39754732001393767,4.47712202308695,77733.07532951665,P5 Threshold moderation
0.2339955517734753,1.8518974240678476,0.2967651666240311,0.3236434688627427,0.17803659585895817,1.2221452245711297,26879.77568247241,P5 Threshold moderation
0.595306452294531,10.608217661211254,0.53986364705997,0.39562501570353464,0.41949214887273384,5.192650321923416,88904.97338708973,P5 Threshold moderation
0.22361951072735445,1.4722684691649495,0.13448696307922028,0.2707850523449317,0.17226896833387023,1.0022291335728435,32423.41136738353,P5 Threshold moderation
0.2102754447998669,1.833348657855524,0.07020479924167233,0.37232759481226396,0.1697167521933009,1.2731799400848935,22820.074817219665,P5 Threshold moderation
0.5636666730743971,10.895245371544142,0.61440531474856,0.4193652767562522,0.3488615365338124,4.380186838973572,66183.20740136635,P5 Threshold moderation
0.4547996908699888,5.968640623769552,0.42612552621993294,0.36960318581546453,0.3396081695276135,3.6550014463333005,47008.85850871512,P5 Threshold moderation
0.44860613929047005,4.700802945502997,0.44151430797310914,0.29902733827002664,0.32010122606404834,2.7696090882215274,56448.629468378684,P5 Threshold moderation
0.5205359711585545,9.70968694941048,0.6482662579761614,0.456365448427893,0.31151267865573473,3.6708661059913674,64249.68574243935,P5 Threshold moderation
0.6297884329097989,15.567101137706382,0.5978338129990646,0.44549630439607757,0.4090602526311013,6.4792597257115725,74780.97034586681,P5 Threshold moderation
0.5566446270019452,15.25199244255052,0.8158675565862242,0.49283014468758546,0.3379144654702205,5.52067741089813,47850.1109475115,P5 Threshold moderation
0.3896330320057084,5.637430094153431,0.5315338616985101,0.4409578787025533,0.2553943822908296,2.6319172549222127,37206.20560436946,P5 Threshold moderation
0.6193009391444662,14.503271750599662,0.5833055790903385,0.43222391751985967,0.4391183164169372,6.973031286841452,69042.11882805398,P5 Threshold moderation
0.5883242472141686,11.063346682644145,0.5371650984240354,0.4282341427636101,0.40577136776553796,5.216181033960028,86411.90747931774,P5 Threshold moderation
0.3387875828618749,3.1564127779869553,0.43520082421334527,0.3273702591447675,0.2427930327988107,1.8726858172846792,39637.32316584921,P5 Threshold moderation
0.27530013913579404,2.1922778220530206,0.3276966386862675,0.3167975190413159,0.19410264826300902,1.2767782700086363,36015.90009576626,P5 Threshold moderation
0.4383105922048209,6.041767355678956,0.4701279902251728,0.43397765354908524,0.28645139590406116,2.7378686813005557,59537.044997277975,P5 Threshold moderation
0.5248333093362036,10.288647983006838,0.6219668681389716,0.46551408162968205,0.30914938004951487,3.868185738462403,59533.93386843763,P5 Threshold moderation
0.392706270680398,3.946634340076666,0.4941989648820294,0.3095072127401023,0.2620018871227305,2.096321879104718,44597.06490533642,P5 Threshold moderation
0.5647736759253963,8.443822825136891,0.5105769872447299,0.3519371067618853,0.4103052736605122,4.607485216991166,79482.77834399554,P5 Threshold moderation
0.14007241863676675,0.8662112138764196,0.13637042355708226,0.24332897994816463,0.1310860456836458,0.7715765637482702,17486.293881188933,P5 Threshold moderation
0.1699671627395263,1.3311912584575947,0.12465423527968239,0.35026665177119665,0.14298193609947443,0.9870356013525938,19235.34610914482,P5 Threshold moderation
0.6536436535752276,17.88437625571808,0.6066040206672138,0.46874388483260065,0.42956845369256147,7.165335453559741,89312.61672282446,P5 Threshold moderation
0.34095555730538635,3.8568602936244027,0.45090953680750795,0.3897682876054952,0.22447803409765074,1.904983899961559,35365.335282182554,P5 Threshold moderation
0.30257030906791815,2.6605244491264832,0.39415942991438874,0.33565638818384674,0.2124368983880683,1.5211819643765208,37129.16136099698,P5 Threshold moderation
0.21103425468455816,1.4729939751161367,0.14998958490041503,0.30658853633865935,0.1701838294160607,1.0508785666144915,29545.606933307125,P5 Threshold moderation
0.2905945341735274,1.961718151985474,0.34370874210676894,0.23105283802850754,0.20763564669022466,1.212655278644444,43300.52198648089,P5 Threshold moderation
0.17955075602928364,1.0204493962075194,0.0411783734579676,0.2375747846358167,0.15515508235065414,0.8182142924636687,30207.761484972776,P5 Threshold moderation
0.39171456091113616,4.498179288667888,0.5241051343026131,0.36561272800885,0.2576950077877398,2.275465576618807,41543.56121610341,P5 Threshold moderation
0.3154999865963171,2.8743632200549056,0.24639914917604328,0.36501836114905795,0.23347710017403508,1.7400490670537874,43735.56736898151,P5 Threshold moderation
0.24061760784871036,1.8784162266502047,0.19328211396209752,0.34232944032631185,0.18173177927342785,1.197355366948909,32791.80911499176,P5 Threshold moderation
0.18966908898728768,1.1700077228602437,0.07411133762927738,0.2640351346478146,0.16855120884631203,0.9668297718089468,29687.761230907126,P5 Threshold moderation
0.1985207148047265,1.1862881284043911,0.058485770154834714,0.2570325632301269,0.17193492011433026,0.9481902144755213,33965.92347351973,P5 Threshold moderation
0.30236951455959726,2.7518680619312,0.260937805290918,0.3667181166271115,0.2095805748512396,1.5107736525157978,40245.590793273936,P5 Threshold moderation
0.31810825705955725,3.1656639628498593,0.41320578130324315,0.3426083218456922,0.21999073259011168,1.8089078712130369,30212.71503040931,P5 Threshold moderation
0.6601504593611855,19.00523280978154,0.6056330641033768,0.4869181542925179,0.45718774595242206,7.953408522701668,94304.07458912965,P5 Threshold moderation
0.16237652643930228,1.0536631259298854,0.07048577279769111,0.2610643850786601,0.15045417950469198,0.9261286644429493,20395.848372455883,P5 Threshold moderation
0.4568715639453458,5.759337892241154,0.4372715102682446,0.3559853419940933,0.3318254041672646,3.388292008208164,49170.66442583234,P5 Threshold moderation
0.503117441663743,7.813059798534645,0.49324325141111686,0.39003166249917093,0.3444275875546069,4.052411781968894,50579.15776352992,P5 Threshold moderation
0.219199278816254,1.7786518368573803,0.18223630987806158,0.3503572972030375,0.17712319505125237,1.2533177636250532,26158.58973795802,P5 Threshold moderation
0.3982102173918058,4.276495372264468,0.48910424647269235,0.33890434560440474,0.2618554156596238,2.216912960169216,44217.187017944496,P5 Threshold moderation
0.1333755959034043,0.8594134064514303,0.06761713543631602,0.27467233596235363,0.12996417799945278,0.8073194185256841,16898.250321006002,P5 Threshold moderation
0.6982245018364232,22.15384101701668,0.6395875374981337,0.4600007493720925,0.4690711701113228,8.91057941429035,95547.22833391378,P5 Threshold moderation
0.425688524113708,5.472457492258799,0.4425270889546671,0.3752321229374809,0.2834512560049262,2.842895475359946,40796.88036470124,P5 Threshold moderation
0.2850182311018851,2.7979591851782044,0.4158972562121883,0.354904869040819,0.1881537715565584,1.4822733601011637,26177.348102523476,P5 Threshold moderation
0.3621021566867247,4.424281791494038,0.4727951655198388,0.40817372581972194,0.2229761755814974,1.9684218570681074,37262.127954244184,P5 Threshold moderation
0.22783908146609827,1.7340777481959118,0.1906395635045552,0.296045106193876,0.1899225029330421,1.322296867630525,25813.429570048043,P5 Threshold moderation
0.22066618610842487,1.9525087408660715,0.06382417691020512,0.37318993603291833,0.1799621643263264,1.3689603550649654,24309.44691219348,P5 Threshold moderation
0.22689577581701503,2.01349151211597,0.25098825603737734,0.3599508240810255,0.17206372933543645,1.2854472896254916,23202.25908042503,P5 Threshold moderation
0.16261370848019643,0.980868984019734,0.05266898574202273,0.26420823264666343,0.14743934511419543,0.8265464174834505,24899.959358057786,P5 Threshold moderation
0.5297371867082099,8.26338634242364,0.5496071670255565,0.367351921268629,0.356336251093152,4.174588182796327,55153.427369866695,P5 Threshold moderation
0.24507465220215882,1.7461096336954183,0.21218785456241437,0.2851085426080932,0.19364358932757966,1.223056307096304,33231.40465817695,P5 Threshold moderation
0.616114742497135,13.439383983362834,0.6161054892987287,0.42253857879920964,0.3786338096940559,5.223645476234527,81601.95756378664,P5 Threshold moderation
0.5153093478561896,8.52808367490769,0.6060963593594325,0.42846707801087414,0.33934598322637866,3.8046071025166124,66528.66357383167,P5 Threshold moderation
0.48160454972376127,7.041335673007254,0.5339866578144784,0.3765564073939961,0.30946041504463717,3.26342167629185,49350.527564587304,P5 Threshold moderation
0.2960535080339719,2.954161664803869,0.3090384718748317,0.38116786978300166,0.2100442511871236,1.6767221912362684,32135.046981900723,P5 Threshold moderation
0.526091524221747,7.921358091088946,0.48599271787242326,0.3707328931803696,0.39208782241469975,4.671089197373022,58829.47401887301,P5 Threshold moderation
0.11015588674153504,0.6390867606764683,0.035318516552716075,0.22657997542223818,0.11186859707408867,0.6297302832306589,14667.859880521359,P5 Threshold moderation
0.43362702049417506,4.182279055367268,0.3826025262980845,0.2935073343218026,0.3375298373762187,2.8577153907113293,60393.32354054092,P5 Threshold moderation
0.22799885047937885,1.466281657094482,0.23895775532648686,0.2564619464668642,0.18612853867473347,1.084190576179948,34386.173725058536,P5 Threshold moderation
0.5229966619853074,9.382365279799997,0.5457658534890886,0.41223614719556695,0.3325468892632558,4.244388756289756,48817.147827945824,P5 Threshold moderation
0.349163953217321,3.2523496776864302,0.3962892352715771,0.29983610733428046,0.25804224224704014,2.0711054767678827,36971.8653478476,P5 Threshold moderation
0.392035631266227,5.279281301291762,0.5077072794393254,0.4022808587140715,0.2441427807585107,2.4598864856108538,33597.80924412688,P5 Threshold moderation
0.3575583118876473,3.691313377725714,0.22216693142286326,0.36897273651444046,0.24262521370019444,1.9309024693781809,44541.66787313763,P5 Threshold moderation
0.23185030602258974,1.886079970584908,0.1950024793809591,0.31762319321849153,0.1829815298972655,1.3112838040604022,24561.881366155278,P5 Threshold moderation
0.24488283337507036,2.170283712644083,0.3135240337472689,0.3587038559313279,0.1805947537188127,1.3354216705626063,26109.135499194195,P5 Threshold moderation
0.15305212492841727,0.9526407362547665,0.11955036544804,0.24924242607991218,0.14308730666848138,0.8498450754764456,19877.694054045147,P5 Threshold moderation
0.3229143439260991,3.6557165520919703,0.3494747945252726,0.3969361794634277,0.22117758267156937,1.9245807868568714,31808.040991441965,P5 Threshold moderation
0.1892731955734752,1.473449096322559,0.14169301254918712,0.34532182006643486,0.1573021733397951,1.0833180190591867,22305.115135288033,P5 Threshold moderation
0.3453856875227468,3.0928070597834,0.422621484276725,0.3303760873535876,0.23236764303787805,1.6585534105074409,47865.75931667548,P5 Threshold moderation
0.1937208694353515,1.5591797224114914,0.13001132117519232,0.35304874476438347,0.15877330639903903,1.1135241753052407,22159.943466866323,P5 Threshold moderation
0.6013624426990752,13.775770214414894,0.5670136729044397,0.4493019542171896,0.4277520347670977,6.660131635795733,67627.54095011971,P5 Threshold moderation
0.27168477625009274,2.1377980374002137,0.34639268416257946,0.2920073857102138,0.20477374312828361,1.410582288940678,31496.65004078815,P5 Threshold moderation
0.32206085671190177,2.526430102698269,0.37337659641948606,0.2454601515207539,0.25605864174190635,1.836534447073161,37935.53867806266,P5 Threshold moderation
0.32677879434751544,3.8711542438204343,0.447711616404127,0.40725194649284235,0.2117554664928326,1.876441693383127,30666.012366047828,P5 Threshold moderation
0.3270489831568378,3.478705899995356,0.35351245601453024,0.397188311946478,0.21812896930947348,1.7612309978600744,38011.5523766724,P5 Threshold moderation
0.4303891987160507,4.242906318460434,0.5179952253266793,0.29185283083437596,0.2895862686004333,2.24778962139346,59548.09283108997,P5 Threshold moderation
0.46338148777514226,6.382559882174508,0.4576138103865814,0.38823482503325907,0.31676196827564274,3.3361016953203833,49492.686797732065,P5 Threshold moderation
0.23271815541073393,1.5241328867241188,0.06115449600946787,0.2739361070778805,0.19421543404054378,1.1473093347551533,37390.09402377109,P5 Threshold moderation
0.45451440357896233,5.321301058443915,0.47448025912111497,0.35411888370567945,0.3014491000354193,2.678054060896585,60930.582758570075,P5 Threshold moderation
0.4461499978823832,6.950177991360459,0.5183834291642352,0.4252817354301046,0.28663504589977434,3.3191259151420374,39139.81502791348,P5 Threshold moderation
0.5741702126667245,11.78820216064425,0.5532044870710389,0.4141079572198727,0.40873089611663077,6.097702612080654,55093.58114747808,P5 Threshold moderation
0.4693376758554652,7.196898865064088,0.5011310240840002,0.3920337323933906,0.29888430858284043,3.348759915238262,42213.92303430039,P5 Threshold moderation
0.37868636857332416,4.763724276650313,0.46734427887526986,0.4221493845269194,0.24240999426789073,2.1595061584117716,44059.25707269527,P5 Threshold moderation
0.4527337678852313,4.924876473991523,0.4562096913164765,0.29893087781833866,0.3325221900570509,3.0591681961910386,52050.65475780588,P5 Threshold moderation
0.5732416200245555,9.861557467904401,0.545666960559574,0.3873213258305407,0.38812291013339406,4.723223126843437,73125.78775077962,P5 Threshold moderation
0.2713750108712205,2.2285921956782273,0.36643007137454686,0.2948634702709306,0.20991779734972862,1.5303644082799426,28747.16699497035,P5 Threshold moderation
0.3953336690852214,5.462113976367224,0.49706564787833374,0.4204633826474129,0.26610134317485495,2.7057377845112955,37956.58149764249,P5 Threshold moderation
0.1789865037113365,1.1545520069971975,0.09803945144894836,0.2704413387216352,0.16050414070862906,0.9762741997130759,24259.108467512702,P5 Threshold moderation
0.5290057593481592,7.005674385003313,0.5052528284746818,0.34708528293787627,0.3728324334468874,3.7590199962320963,77081.92330883679,P5 Threshold moderation
0.5388978278728859,9.052518077702961,0.5011239241798863,0.41049472133522663,0.3903816929693856,4.84966830967725,63993.03397002422,P5 Threshold moderation
0.28892292890641885,2.4026166927257964,0.35843898364624843,0.30731718150564247,0.20167538847582847,1.3916823687615936,33519.42514961126,P5 Threshold moderation
0.41690030192108196,4.801077622193315,0.45335933990453026,0.3347533514038468,0.28815473823898824,2.6264443834702,42926.05840815599,P5 Threshold moderation
0.47514249149377896,7.882812429635779,0.6516392422082382,0.41918601889787654,0.2990344691846461,3.39707703672247,45638.947500693495,P5 Threshold moderation
0.20628586550648062,1.4373035528262288,0.10219179617037842,0.32850874086960974,0.17159559685428247,1.0583483093254598,32224.119180016096,P5 Threshold moderation
0.21968034158260377,1.4414771480506368,0.143330025213642,0.2569358764059973,0.18225412763883347,1.101978828322479,30026.38589393832,P5 Threshold moderation
0.47929373835811956,5.028915983418826,0.422099436804776,0.29682979308128565,0.365714361269353,3.2353132740892487,71929.20278778853,P5 Threshold moderation
0.4032976801201177,4.336336454485926,0.4682412483970845,0.3098944718198396,0.2902572037783228,2.613972851524475,39947.60791873957,P5 Threshold moderation
0.20907573777460428,1.3532142669090113,0.23758476926914893,0.257614093152669,0.16461791946997809,0.9626596606642064,28059.03440350204,P5 Threshold moderation
0.37992915946100786,3.702004010983115,0.4447719320424433,0.32358864214250505,0.2738708983629226,2.1734720641819196,47905.94434854918,P5 Threshold moderation
0.5676602008599406,13.572876063049659,0.7592861365893248,0.4670092117201226,0.3373087705010552,4.877244921415324,58909.84398183445,P5 Threshold moderation
0.538335064869517,10.353010590579409,0.686732402756977,0.4041207599036965,0.34677876298725135,4.67248688435963,47050.816040666665,P5 Threshold moderation
0.4242303957713465,6.013973413827121,0.5769412995552912,0.40351018373218633,0.2694087172385451,2.7893535569130323,38926.21230929782,P5 Threshold moderation
0.2824729651159861,2.2431483326236075,0.36738218288613433,0.2899019657167803,0.21043665905682812,1.4759684665662764,32196.073216519348,P5 Threshold moderation
0.14661283372377226,0.9160816571311272,0.08397265639874274,0.26232483595179046,0.1391772783686052,0.8337798914955175,19493.7757799021,P5 Threshold moderation
0.24490656677942022,1.7940323652985302,0.13405274865132283,0.32326964497456934,0.1920947549833128,1.2121802955779346,37477.60002326659,P5 Threshold moderation
0.25648905785566833,2.1549713619474704,0.12988683276489946,0.35568413129587717,0.20230826062441767,1.4452816277592795,33215.132720270354,P5 Threshold moderation
0.2890773888307673,2.550766217915889,0.38906159652806727,0.3224889938266742,0.210842886616879,1.5658027919730062,31016.697859057476,P5 Threshold moderation
0.21154650630444893,1.3761371707531773,0.2212638667896817,0.2749889188482098,0.18104695082835662,1.0851623371615478,31756.857064069452,P5 Threshold moderation
0.25904494665948935,1.9180305050803697,0.22472223580003117,0.3237418271412055,0.2038542051432955,1.3024314761684779,40957.517061298735,P5 Threshold moderation
0.5557219696224953,9.300203147276985,0.5024190829489648,0.4246288955566748,0.40135697661309927,4.815518689673739,82732.58654240202,P5 Threshold moderation
0.23404129137398672,1.9227457332457272,0.23250438508224242,0.3281036476362491,0.18925045449711983,1.368828565480479,25869.49143313167,P5 Threshold moderation
0.2469893641050982,1.9226731794597667,0.3157905083949086,0.30945625586602066,0.1972533508752344,1.378966058051185,29199.54126799591,P5 Threshold moderation
0.3158855182716329,2.4794439400384984,0.3603320799792636,0.27642048186313234,0.2386842970459802,1.6162085336021632,42416.52600061386,P5 Threshold moderation
0.37850270565503036,3.5374997142095683,0.39165580414064444,0.2952325869114018,0.27836054481954847,2.196726752827255,45239.80385545666,P5 Threshold moderation
0.6404054681350446,18.13490504933375,0.7823530801186233,0.4699211632595578,0.3865058928951812,6.427470375981465,78017.37583713842,P5 Threshold moderation
0.46515381924915433,5.774955687949572,0.45047611113620767,0.3453477709125634,0.3335433522132597,3.3177987811475136,52068.85244320064,P5 Threshold moderation
0.39901310966737796,5.974166847293294,0.33550979077280935,0.46593050463716346,0.2583880699488894,2.6632973852070703,42877.2427371747,P5 Threshold moderation
0.5468438436540081,10.916033050364652,0.5257679816642136,0.44866198020097836,0.38114642611016614,5.345822804532639,57395.83336439502,P5 Threshold moderation
