item,firm,tier,month,t,cap,lnctx,lnlat,mm,cache,reason,hike,rho,p_out,p_in,io_ratio,q_tok,q_out,q_in,exp_yuan,p_blend,cap_z,lnlat_z,eta,p_out_adj
econ_1,S01,经济档,2023-01,0,0.39577507080346314,2.655840697965281,1.9463634834348285,0.0,0.0,0.0,0.0,0.0,20.98212081008952,5.670953880450685,0.27027553276329125,0.01856532452058939,0.0030942207534315645,0.015471103767157825,152659.22960480617,8.222815035390491,-2.0986803753575702,-0.20734174017353388,0.6514809967086802,32.2068040604291
econ_1,S01,经济档,2023-02,1,0.42400425471867226,2.9505045445034894,1.8705057571394903,0.0,0.0,0.0,0.0,0.0,18.497426464427186,5.2513979672555005,0.28389884275818483,0.02063011290929932,0.003375371394746362,0.017254741514552956,153047.19867949435,7.418631170482161,-1.9220369741232297,-0.28862699937333086,0.7921360101599274,23.351326321716734
econ_1,S01,经济档,2023-03,2,0.4505231188411838,3.2141813396296346,1.8002644550757052,0.0,0.0,0.0,0.0,0.0,16.143777842452863,4.404358469031213,0.27282080514321677,0.028284824457475773,0.004548535171021775,0.023736289286453997,177973.66805172738,6.292196308988877,-1.7560958555438877,-0.3638939856596954,0.9485583979925032,17.01927670095906
econ_1,S01,经济档,2023-04,3,0.4754352862088467,3.4501297028401163,1.735223743251482,0.0,0.0,0.0,0.0,0.0,14.331013612311942,4.146963273910766,0.28936985101654367,0.03363844499891464,0.005322752186018677,0.028315692812895966,193704.57220321542,5.75842825699777,-1.6002086010925745,-0.4335882854675738,1.1200867943517112,12.794556354542605
econ_1,S01,经济档,2023-05,4,0.49883810165702486,3.6612655749788527,1.6749985755750605,0.0,0.0,0.0,0.0,0.0,12.63380596639067,3.4292768545768886,0.2714365618484002,0.04305040949281912,0.006709741169142213,0.036340668323676904,209391.7807778867,4.863874310250489,-1.4537660779348822,-0.4981224944928977,1.3057787923959108,9.675303382136805
econ_1,S01,经济档,2023-06,5,0.5208230121956564,3.850198254558486,1.6192324143519867,0.0,0.0,0.0,0.0,0.0,11.622841911675982,3.0865190893304972,0.2655563168444945,0.0517405207000856,0.007950581501682583,0.043789939198403016,227566.8351564448,4.398232411991716,-1.3161960587291812,-0.5578786602913155,1.504456743988091,7.725607238707015
econ_1,S01,经济档,2023-07,6,0.5414759243404326,4.0192626444774335,1.567595119554128,0.0,0.0,0.0,0.0,0.0,10.46205985155277,2.68808406031505,0.25693640625809333,0.06731009622039455,0.010206301003035,0.05710379521735955,260278.73366399424,3.8668602227481492,-1.186960985635845,-0.6132105440295474,1.7147579855048336,6.101187421193251
econ_1,S01,经济档,2023-08,7,0.5608775397943744,4.170548107650142,1.5197809943649316,0.0,0.0,0.0,0.0,0.0,10.096418909662448,2.4705060451781065,0.24469131751395432,0.08296937398792842,0.012424485360806283,0.07054488862712213,299724.38274939026,3.612470100027493,-1.0655558697983105,-0.6644457147791119,1.9351861643327233,5.217285600604644
econ_1,S01,经济档,2023-09,8,0.5791036707914912,4.305924288159554,1.4755069754304047,0.0,0.0,0.0,0.0,0.0,9.218226456108036,2.39354293204006,0.25965330136298487,0.09956976847466348,0.01473626525825263,0.08483350321641085,338894.862291688,3.4035919484730264,-0.9515063180881471,-0.7118874887508017,2.1641609334148852,4.259492126383762
econ_1,S01,经济档,2023-10,9,0.5962255363347322,4.427064217039535,1.4345109571019594,0.0,0.0,0.0,0.0,0.0,8.509258838378443,2.2287446754792355,0.26191995305480137,0.12699208057353983,0.01858829867551787,0.10840378189802195,399776.9965020975,3.148046671072459,-0.8443666794035991,-0.7558167249503329,2.4000639406035256,3.5454300589336323
econ_1,S01,经济档,2023-11,10,0.6123100404857887,4.53546498823744,1.3965502397505123,0.0,0.0,0.0,0.0,0.0,7.848434906541113,1.8510373160750164,0.2358479541611931,0.15245173517576804,0.0220841681909364,0.13036756698483165,414641.3878065028,2.719820717871432,-0.7437183032782189,-0.7964934878855837,2.6412796894323645,2.9714516557797084
econ_1,S01,经济档,2023-12,11,0.627420033794169,4.632466260278322,1.3614000929657304,0.0,0.0,0.0,0.0,0.0,7.398225468474885,1.7333010891513014,0.23428605907419237,0.19667216662372147,0.028212432178069933,0.16845973444565154,500713.3754602041,2.545929015050627,-0.6491679039950717,-0.8341585871687861,2.8862304363514855,2.563283019711711
econ_1,S01,经济档,2024-01,12,0.6416145588870854,4.719266812281511,1.3288524251344578,0.0,0.0,0.0,0.0,0.0,6.998305184515516,1.6454116981949267,0.23511573942725056,0.2425533913135391,0.03447462169190013,0.20807876962163896,583639.1654020876,2.406229664493293,-0.5603460238142547,-0.8690350031282305,3.1334047864518126,2.233450722605239
econ_1,S01,经济档,2024-02,13,0.6549490811798049,4.7969393589351546,1.2987145515221208,0.0,0.0,0.0,0.0,0.0,6.36308182711899,1.4409610301019482,0.22645646704725333,0.32092840739087963,0.04521933595825812,0.2757090714326215,685020.3624503824,2.1344958771943534,-0.476905589308741,-0.9013292068692156,3.3813800429135124,1.8818002550332502
econ_1,S01,经济档,2024-03,14,0.6674757056079629,4.866443807517933,1.2708080535640556,1.0,0.0,0.0,0.0,0.0,6.653121615856108,1.577270583787963,0.2370722609412279,0.49217749146073364,0.06878219169572694,0.42339529976500667,1125425.237990231,2.286624759393367,-0.3985205551674303,-0.9312323825991127,4.088065696616514,1.6274497793326954
econ_1,S01,经济档,2024-04,15,0.6792433802287331,4.928639120803306,1.244967722613676,1.0,1.0,0.0,0.0,0.0,5.860734557750704,1.4564984745652914,0.24851807571443432,0.6856139351151129,0.09507640334792228,0.5905375317671907,1417334.5769202786,2.067248788755018,-0.32488463016600133,-0.958921559452799,3.9321550532299634,1.4904637478465048
econ_1,S01,经济档,2024-05,16,0.6902980874864232,4.984293932452645,1.221040581894388,1.0,1.0,0.0,0.0,0.0,5.531215372939241,1.1848397807815527,0.21420966295730026,1.0142150319308703,0.13962072381108623,0.874594308119784,1808526.422230223,1.7831784831537516,-0.255710080327306,-0.9845606595189562,4.178709169033298,1.3236660291960045
econ_1,S01,经济档,2024-06,17,0.7006830238898761,5.034096046086372,1.1988849808651296,1.0,1.0,0.0,0.0,0.0,5.21231237129556,1.0310589864271686,0.19781220176005893,1.3809910054525871,0.18880502742838817,1.192185978024199,2213324.8463620986,1.6027076480753282,-0.19072660459459423,-1.0083014682716334,4.42145721712685,1.1788675351432267
econ_1,S01,经济档,2024-07,18,0.7104387688037671,5.078660935426288,1.1783697566381086,1.0,1.0,0.0,0.0,0.0,5.201284137507868,1.1290018649654403,0.21706213987117184,2.008604673003112,0.2728256983206165,1.7357789746824954,3378741.676563867,1.6821337329222832,-0.12968027862426174,-1.0302845331521033,4.659557299360063,1.1162614393050183
econ_1,S01,经济档,2024-08,19,0.7196034430133524,5.118539350557126,1.1593734574842673,1.0,1.0,0.0,0.0,0.0,4.960478606471976,1.111727003406396,0.2241168829870402,2.8825974155512957,0.38913298450052175,2.493464431050774,4702337.58471994,1.6312848819440922,-0.07233256257096173,-1.0506399956206873,4.892289915410763,1.0139379906424633
econ_1,S01,经济档,2024-09,20,0.7282128576822666,5.1542241243084455,1.1417836238295642,1.0,1.0,0.0,0.0,0.0,4.585125160984183,1.040337790595649,0.226894087744454,3.9831160446364153,0.5345717737444963,3.448544270891919,6038729.417698816,1.5160817184401265,-0.018459368987973908,-1.0694883616043607,5.119052380854378,0.8956980354670483
econ_1,S01,经济档,2024-10,21,0.7363006542854226,5.186156262872751,1.1254961224855167,1.0,1.0,0.0,0.0,0.0,4.432873827895443,1.057878863528587,0.23864402746396846,5.906882718502864,0.7884015582729982,5.118481160229866,8909617.666316811,1.508345110426538,0.03214981279936403,-1.0869412149012478,5.339351780239557,0.8302269658090511
econ_1,S01,经济档,2024-11,22,0.7438984360638057,5.214730395930056,1.110414530172594,1.0,1.0,0.0,0.0,0.0,4.608363773570358,1.0047286209441522,0.21802285373095287,8.199903941431957,1.0887618321145953,7.111142109317362,12162178.589995315,1.4832098859772036,0.07969273926869083,-1.1031018777654196,5.552796935192869,0.8299175761971732
econ_1,S01,经济档,2024-12,23,0.7510358915148251,5.240299653633618,1.0964495626868769,1.0,1.0,0.0,0.0,0.0,4.3772137369594795,0.9949481224862606,0.22730169972859862,12.10454320478265,1.5992961725716837,10.505247032210965,17452636.987000156,1.441825328865315,0.12435518543835769,-1.1180660225827026,5.759089790429041,0.7600530459229714
econ_1,S01,经济档,2025-01,24,0.7577409104007619,5.263180030728524,1.083518546330597,1.0,1.0,0.0,0.0,0.0,4.286024889481978,0.9364760501876623,0.21849524310645047,17.185056100486474,2.259967199602094,14.92508890088438,23663263.969507385,1.3769675135851043,0.1663116707873458,-1.1319222382586742,5.958016547028951,0.7193710953386434
econ_1,S01,经济档,2025-02,25,0.7640396927286219,5.283654291736584,1.0715449284773948,1.0,1.0,0.0,0.0,0.0,4.244655817282386,0.9659876377143007,0.2275773771294296,21.981636966396177,2.877992332606124,19.103644633790054,30669971.44821902,1.3952542067319595,0.20572614119392751,-1.1447525546718973,6.149438804925854,0.6902509240164013
econ_1,S01,经济档,2025-03,26,0.7699568511272324,5.301975465469317,1.0604578243747926,1.0,1.0,0.0,0.0,0.0,4.094597591616891,0.9402509589572751,0.22963207932381582,34.798357724905365,4.53699544089138,30.261362284013988,47030445.51234833,1.3515133640542007,0.24275260955774605,-1.1566329282972077,6.33328491657358,0.6465203516901212
econ_1,S01,经济档,2025-04,27,0.7755155070216235,5.318369972055551,1.0501915975009275,1.0,1.0,0.0,0.0,0.0,3.9003604478192733,0.6658635218873656,0.1707184581516449,48.29424586738138,6.27163519798863,42.02261066939275,52442961.408609495,1.0859049658342468,0.27753575760856647,-1.1676336918739738,6.509541701806052,0.5991758907907649
econ_1,S01,经济档,2025-05,28,0.7807373809804996,5.333040421128688,1.0406854709912168,1.0,1.0,0.0,0.0,0.0,4.126066961423642,0.8692296809176042,0.21066785610713615,69.9337733090772,9.047708192130914,60.886065116946284,90255424.80208509,1.290584227497563,0.31021150125328206,-1.177819970781405,6.678246629905037,0.6178368649859691
econ_1,S01,经济档,2025-06,29,0.7856428775898333,5.346168115754652,1.0318831678345748,1.0,1.0,0.0,0.0,0.0,4.0443242077552135,0.8746367872746766,0.21626277774603545,96.13370856790021,12.393070132285978,83.74063843561424,123364236.51006822,1.283256813326148,0.34090752167027233,-1.1872520685858814,6.839480538457057,0.5913203766009381
econ_1,S01,经济档,2025-07,30,0.7902511651842288,5.357915293045098,1.0237325777091137,1.0,1.0,0.0,0.0,0.0,4.018166943264987,0.823428309712101,0.2049263560570281,122.44361545806248,15.731551829156308,106.71206362890617,151081735.7060161,1.2338882279881902,0.36974376422638316,-1.1959858240427745,6.993360929051695,0.574568792320269
econ_1,S01,经济档,2025-08,31,0.7945802507476051,5.368427129146178,1.0161854484849702,1.0,1.0,0.0,0.0,0.0,4.011637936848517,0.8936482527641413,0.22276393503900752,152.4312422608037,19.52170713353552,132.9095351272682,197088394.77111492,1.2929658766009702,0.396832907166051,-1.2040729416662377,7.14003585647816,0.5618512312103805
econ_1,S01,经济档,2025-09,32,0.7986470502758779,5.377833533381333,1.0091971005679294,1.0,1.0,0.0,0.0,0.0,3.811581675416597,0.7997868289531523,0.2098306942001282,183.27043174479854,23.40003925812754,159.87039248667102,217053395.09071842,1.1843339540606428,0.42228080190399575,-1.2115612978239667,7.279678410001049,0.5235920408489649
econ_1,S01,经济档,2025-10,33,0.8024674548765812,5.386250753720798,1.0027261623927388,1.0,1.0,0.0,0.0,0.0,3.961234586927807,0.8549025864587086,0.21581720741304058,234.65951618291496,29.875198655831944,204.784317527083,293413312.92690533,1.250378922192068,0.44618688664192424,-1.218495224169035,7.412481771736932,0.5344005838950737
econ_1,S01,经济档,2025-11,34,0.8060563928637146,5.3937828134188415,0.9967343255002117,1.0,1.0,0.0,0.0,0.0,3.8223780122439486,0.7499691701974572,0.19620486717826832,280.48748458156274,35.612211437722536,244.8752731438402,319772239.3684946,1.1400588509164238,0.46864457492545974,-1.2249157700867408,7.538654827357746,0.5070371438645201
econ_1,S01,经济档,2025-12,35,0.8094278880904552,5.400522796573244,0.991186117748158,1.0,1.0,0.0,0.0,0.0,3.7937692553316142,0.790227528682995,0.2082961496860781,359.7093769335605,45.55236631864099,314.1570106149195,421070684.96392876,1.1705857894321778,0.4897416206596066,-1.2308609457101727,7.6584182976304405,0.4953724265107625
econ_1,S01,经济档,2026-01,36,0.8125951147476684,5.40655399849447,0.9860486933135348,1.0,1.0,0.0,0.0,0.0,3.7298899799637684,0.7506895780651935,0.20126319599177175,408.89485287306366,51.653789359623964,357.24106351343966,460840094.59608555,1.1270381403875183,0.5095604610090364,-1.2363659469431634,7.772001355059435,0.47991370685179774
econ_1,S01,经济档,2026-02,37,0.8155704488423458,5.411950955101229,0.9812916382426078,1.0,1.0,0.0,0.0,0.0,3.471541530648548,0.6840818763296957,0.19705421072750257,418.4734701693684,52.74051749847968,365.7329526708887,433282181.34257007,1.035387455188517,0.5281785385231063,-1.2414633638227908,7.879638687605722,0.44057115665837693
econ_1,S01,经济档,2026-03,38,0.8183655165571199,5.416780364064099,0.9768867903979714,1.0,1.0,0.0,0.0,0.0,3.330767985369065,0.7012604462387276,0.2105401665078826,523.3080118340907,65.80689556640174,457.50111626768904,540014937.9176921,1.0319256073016099,0.545668603744297,-1.24618337345494,7.981567970668361,0.4173074761261668
econ_1,S01,经济档,2026-04,39,0.820991239679827,5.421101909081049,0.9728080727364965,1.0,1.0,0.0,0.0,0.0,3.3441962952723236,0.7035904139009664,0.21039148177265468,559.1863677013597,70.17090405362748,489.0154636477322,578731869.8439316,1.0349534668073495,0.562098999482544,-1.250553918665127,8.078027708860006,0.41398673238077643
econ_1,S01,经济档,2026-05,40,0.8234578782806293,5.4249689974716,0.9690313389312,1.0,1.0,0.0,0.0,0.0,3.193928376170226,0.6743686665439257,0.21114082318669503,647.8761633103097,81.13818858288816,566.7379747274216,641339895.2026739,0.9899112384776761,0.5775339278662472,-1.2546008734222067,8.169255410281501,0.3909693375666128
econ_1,S01,经济档,2026-06,41,0.8257750708034631,5.428429420205062,0.9655342304231025,1.0,1.0,0.0,0.0,0.0,3.249186439104418,0.6112440531614264,0.18812218523536162,694.2454220195331,86.78067775244163,607.4647442670914,653275813.7680101,0.9409868514043004,0.5920337012134893,-1.2583481960142893,8.255486057755158,0.39357905959421374
econ_1,S01,经济档,2026-07,42,0.8257750708034631,5.428429420205062,0.9655342304231025,1.0,1.0,0.0,0.0,0.0,3.2306079743385343,0.684452515874223,0.21186492490298653,799.7262477261588,99.96578096576985,699.7604667603889,801903061.132464,1.0027219481822618,0.5920337012134893,-1.2583481960142893,8.255486057755158,0.3913286209603272
econ_1,S01,经济档,2026-08,43,0.8257750708034631,5.428429420205062,0.9655342304231025,1.0,1.0,0.0,0.0,0.0,3.2641160733812677,0.7577091036805391,0.23213301446588425,889.2465529591402,111.15581911989253,778.0907338392477,952391928.3585714,1.0710099748931303,0.5920337012134893,-1.2583481960142893,8.255486057755158,0.39538750965668157
econ_2,S02,经济档,2023-01,0,0.254391617419636,2.065977963336074,1.963601297008973,0.0,0.0,0.0,0.0,1.0,8.980620016949931,2.532541611035615,0.28200075342857417,0.016528166879167694,0.002754694479861282,0.013773472399306413,59620.75636611774,3.6072213453546675,-2.983383743297319,-0.18887058090154527,0.3193438182837587,28.12210383534038
econ_2,S02,经济档,2023-02,1,0.28262080133484513,2.3606418098742825,1.8877435707136347,0.0,0.0,0.0,0.0,1.0,7.654958385531084,2.0632504110071688,0.26953123806747187,0.018548579585145632,0.0030348037948282535,0.01551377579031738,55240.101033307496,2.97813106279824,-2.8067403420629784,-0.27015584010134225,0.38829027916780523,19.714524921760617
econ_2,S02,经济档,2023-03,2,0.30913966545735666,2.6243186050004277,1.8175022686498497,0.0,0.0,0.0,0.0,1.0,6.705732967990364,1.930069093033316,0.2878237326547969,0.025681657436176505,0.004129915045935788,0.021551742390240717,69290.45936695063,2.698052473410245,-2.6407992234836364,-0.34542282638770677,0.46496561252039836,14.421997643312125
econ_2,S02,经济档,2023-04,3,0.33405183282501955,2.8602669682109094,1.7524615568256265,0.0,0.0,0.0,0.0,1.0,6.365147291637645,1.8007063765054532,0.2829009752643386,0.030413741603618878,0.0048124938477653425,0.025601247755853537,76732.56226158778,2.5229569995576444,-2.484911969032323,-0.4151171261955851,0.549045629150467,11.593111671768295
econ_2,S02,经济档,2023-05,4,0.35745464827319773,3.071402840349646,1.692236389149205,0.0,0.0,0.0,0.0,1.0,5.655772717266216,1.3862443594491558,0.2451025578197586,0.03871960581069313,0.006034751729929551,0.032684854080763576,79440.37879848789,2.0516835627636727,-2.338469445874631,-0.4796513352209091,0.6400683788235347,8.836200794142806
econ_2,S02,经济档,2023-06,5,0.3794395588118293,3.260335519929279,1.6364702279261312,0.0,0.0,0.0,0.0,1.0,5.214895377329896,1.2651656546535117,0.24260614319386314,0.04606785462864717,0.007078905041481706,0.03898894958716546,86243.22910607919,1.8720912836355326,-2.2008994266689297,-0.5394075010193269,0.7374566004152288,7.071460712933645
econ_2,S02,经济档,2023-07,6,0.40009247095660544,3.429399909848226,1.5848329331282724,0.0,0.0,0.0,0.0,1.0,4.831571561827299,1.2931409380172543,0.26764395838280597,0.05781313932522073,0.008766267395482023,0.04904687192973871,105779.36622541925,1.829676911858572,-2.0716643535755934,-0.5947393847575588,0.8405423416648733,5.748159637332893
econ_2,S02,经济档,2023-08,7,0.41949408641054725,3.5806853730209354,1.537018807939076,0.0,0.0,0.0,0.0,1.0,4.266058525307744,1.1049598466363484,0.2590118818298769,0.07166633335818708,0.010731879329365665,0.06093445402882141,113112.95028417048,1.5783275770344485,-1.950259237738059,-0.6459745555071232,0.9485921184655166,4.497252762555843
econ_2,S02,经济档,2023-09,8,0.437720217407664,3.716061553530347,1.492744789004549,0.0,0.0,0.0,0.0,1.0,4.011547253555035,1.0482028355066453,0.2612963949452988,0.08665246685786258,0.012824512464587445,0.07382795439327514,128832.80889018436,1.4867760095221623,-1.836209686027896,-0.693416329478813,1.0608312742026054,3.7815129993885157
econ_2,S02,经济档,2023-10,9,0.45484208295090506,3.8372014824103284,1.4517487706761039,0.0,0.0,0.0,0.0,1.0,3.894100804210809,0.9213392977308308,0.2365987281927984,0.11178913490950321,0.016362987510644616,0.09542614739885859,151638.98245411573,1.3564733511612932,-1.7290700473433478,-0.7373455656783443,1.1764665228757576,3.309997121458297
econ_2,S02,经济档,2023-11,10,0.4709265871019616,3.9456022536082322,1.4137880533246567,0.0,0.0,0.0,0.0,1.0,3.5431704639765482,0.8396797950039298,0.2369854353723489,0.13462898412620417,0.019502363324301344,0.11512662080190282,165769.69506284094,1.2313076276906672,-1.6284216712179675,-0.7780223286135951,1.2947059782863395,2.736660310062254
econ_2,S02,经济档,2023-12,11,0.48603658041034187,4.042603525649115,1.3786379065398748,0.0,0.0,0.0,0.0,1.0,3.2783954426096713,0.7852162129969883,0.2395123549744627,0.17305702489418076,0.024824862925859243,0.1482321619683215,197780.01434466837,1.1428603633143755,-1.5338712719348202,-0.8156874278967975,1.414776260010289,2.3172536430501234
econ_2,S02,经济档,2024-01,12,0.5002311055032583,4.129404077652303,1.3460902387086022,0.0,0.0,0.0,0.0,1.0,3.0152217154338454,0.6539121207705249,0.2168703274533285,0.2135486800344608,0.030352121308731102,0.1831965587257297,211312.8255137723,0.9895300007458359,-1.445049391754003,-0.8505638438562418,1.5359365104882343,1.9631161150504748
econ_2,S02,经济档,2024-02,13,0.5135656277959778,4.207076624305947,1.3159523650962652,0.0,0.0,0.0,0.0,1.0,2.8381232239373797,0.5915633393841577,0.20843469176911608,0.2881799745601946,0.04060502836761359,0.24757494619258102,261698.3359362966,0.9081072907154186,-1.3616089572484893,-0.882858047597227,1.6574893503077268,1.7123025396274543
econ_2,S02,经济档,2024-03,14,0.5260922522241358,4.2765810728887255,1.2880458671382,0.0,0.0,0.0,0.0,1.0,2.612906191554779,0.5814583182868616,0.2225331778715223,0.44171807423641457,0.06173044843522743,0.3799876258011871,382242.83679203433,0.8653547569969977,-1.2832239231071785,-0.9127612233271241,1.778788940917679,1.4689242390987534
econ_2,S02,经济档,2024-04,15,0.537859926844906,4.338776386174098,1.2622055361878204,0.0,0.0,0.0,0.0,1.0,2.5823421043992427,0.547208515522749,0.21190395904188372,0.6093348434377426,0.08449852370474795,0.5248363197329946,505398.9989358629,0.8294273737646531,-1.2095879981057496,-0.9404504001808104,1.8992464200418888,1.3596666957741523
econ_2,S02,经济档,2024-05,16,0.5489146341025961,4.394431197823438,1.2382783954685324,1.0,0.0,0.0,0.0,1.0,2.8043708216254215,0.6469200789098403,0.2306827877116777,0.9065032503878776,0.12479270763252175,0.7817105427553558,855669.2740402247,0.9439230070869554,-1.1404134482670543,-0.9660895002469676,2.273751691565819,1.233367228280847
econ_2,S02,经济档,2024-06,17,0.5592995705060491,4.444233311457165,1.216122794439274,1.0,1.0,0.0,0.0,1.0,2.3439129726866232,0.5003790187651012,0.21348020365771528,1.261144774619985,0.17242000333322927,1.0887247712867558,948912.515325153,0.7524215573196855,-1.0754299725343424,-0.9898303089996447,2.167315757833151,1.0814819964350888
econ_2,S02,经济档,2024-07,18,0.56905531541994,4.48879820079708,1.195607570212253,1.0,1.0,0.0,0.0,1.0,2.187433220152328,0.5181964309360866,0.23689702897535797,1.879032229979364,0.2552260717110614,1.6238061582683028,1399740.5436564286,0.7449263090456947,-1.01438364656401,-1.0118133738801147,2.284027971663131,0.9577085952058342
econ_2,S02,经济档,2024-08,19,0.5782199896295254,4.528676615927918,1.1766112710584118,1.0,1.0,0.0,0.0,1.0,2.2557502947014876,0.46215513521907853,0.20487867664458728,2.7033288132000126,0.3649328218680819,2.338395991331931,1903899.036044931,0.7042794893275405,-0.95703593051071,-1.0321688363486987,2.3981091538070083,0.9406370394443784
econ_2,S02,经济档,2024-09,20,0.5868294042984395,4.564361389679238,1.1590214374037087,1.0,1.0,0.0,0.0,1.0,2.1040752632530157,0.4681012194313269,0.22247360995424503,3.7177316001221787,0.49895467606560523,3.2187769240565736,2556551.594622359,0.6876643796820462,-0.9031627369277222,-1.051017202332372,2.5092638796148967,0.8385229151650379
econ_2,S02,经济档,2024-10,21,0.5949172009015955,4.596293528243543,1.1427339360596611,1.0,1.0,0.0,0.0,1.0,2.0300337502838754,0.49134889223628986,0.2420397651849782,5.545734367567471,0.7401984812501055,4.805535886317366,3863822.633190356,0.6967197447801935,-0.8525535551403842,-1.0684700556292592,2.6172505311376586,0.7756360066154868
econ_2,S02,经济档,2024-11,22,0.6025149826799786,4.624867661300849,1.1276523437467385,1.0,1.0,0.0,0.0,1.0,2.0099677052537253,0.4775990066024439,0.23761526384432874,7.526558574051551,0.9993567926078836,6.527201781443668,5126059.965878989,0.6810629207818186,-0.8050106286710574,-1.084630718493431,2.7218773600418316,0.7384490332888601
econ_2,S02,经济档,2024-12,23,0.609652438130998,4.65043691900441,1.1136873762610213,1.0,1.0,0.0,0.0,1.0,1.9227926421156387,0.431703843022378,0.22451918816756888,11.04922786851725,1.4598640808692394,9.58936378764801,6946781.112451555,0.6287119059463997,-0.7603481825013906,-1.099594863310714,2.8229982651927092,0.681117188708007
econ_2,S02,经济档,2025-01,24,0.6163574570169348,4.673317296099317,1.1007563599047414,1.0,1.0,0.0,0.0,1.0,1.8920242798032163,0.3818218886722999,0.20180601948301213,15.970670205836214,2.100266103863958,13.870404101972255,9269778.353421375,0.5804251314408765,-0.7183916971524025,-1.1134510789866856,2.9205084463527995,0.6478407149159323
econ_2,S02,经济档,2025-02,25,0.6226562393447949,4.693791557107376,1.0887827420515392,1.0,1.0,0.0,0.0,1.0,1.7741599231294998,0.39195520552541996,0.22092439380213094,20.893709456800103,2.7355531213756192,18.158156335424483,11970492.61395044,0.5729232829000838,-0.6789772267458207,-1.1262813953999087,3.0143400623939813,0.5885732486733651
econ_2,S02,经济档,2025-03,26,0.6285733977434054,4.71211273084011,1.077695637948937,1.0,1.0,0.0,0.0,1.0,1.7663402221564344,0.3774113480913428,0.21366854661248705,32.62055962386011,4.25305502813585,28.36750459572426,18218560.314700674,0.5584993183677578,-0.6419507583820022,-1.138161769025219,3.104457993027129,0.5689689556514476
econ_2,S02,经济档,2025-04,27,0.6341320536377965,4.728507237426344,1.067429411075072,1.0,1.0,0.0,0.0,1.0,1.7429715258854261,0.3775368110134722,0.2166052660106907,44.271924841710515,5.74928456036856,38.52264028134196,24564554.04657208,0.5548562465806488,-0.6071676103311817,-1.1491625326019852,3.1908557775809707,0.5462395192322969
econ_2,S02,经济档,2025-05,28,0.6393539275966725,4.743177686499481,1.0579232845653612,1.0,1.0,0.0,0.0,1.0,1.631057971686367,0.3207246904332342,0.19663598474162985,65.17720977150202,8.432325997678035,56.744883773823986,31953097.820400506,0.4902495509154433,-0.5744918666864661,-1.1593488115094164,3.2735517827976928,0.49825329791863177
econ_2,S02,经济档,2025-06,29,0.6442594242060062,4.756305381125444,1.0491209814087192,1.0,1.0,0.0,0.0,1.0,1.6932729941473552,0.3460875432592344,0.204389690531565,89.74650423140562,11.569664144203148,78.17684008720248,46646630.37228411,0.5197598588576636,-0.543795846269476,-1.1687809093138928,3.352585633752581,0.5050648004632945
econ_2,S02,经济档,2025-07,30,0.6488677118004017,4.76805255841589,1.0409703912832582,1.0,1.0,0.0,0.0,1.0,1.6371824056025635,0.35908712010358274,0.21933238402438185,115.39807800325234,14.826341400503372,100.57173660274896,60387440.540858194,0.5232967618330372,-0.514959603713365,-1.177514664770786,3.428014927530528,0.47758905378570105
econ_2,S02,经济档,2025-08,31,0.653196797363778,4.7785643945169705,1.0334232620591146,1.0,1.0,0.0,0.0,1.0,1.668402694695068,0.35840225109704993,0.2148175930407225,141.8989820757663,18.17285176939232,123.72613030637399,74663358.48367956,0.5261726151341481,-0.4878704607736972,-1.185601782394249,3.499912237824301,0.47669843736773826
econ_2,S02,经济档,2025-09,32,0.6572635968920508,4.787970798752125,1.0264349141420739,1.0,1.0,0.0,0.0,1.0,1.592143788000592,0.32006162424043055,0.2010255773709752,168.76245650853167,21.547655396461746,147.21480111206992,81424774.04161505,0.4824815644793526,-0.4624225660357525,-1.193090138551978,3.5683624097589917,0.4461833202945678
econ_2,S02,经济档,2025-10,33,0.6610840014927541,4.796388019091591,1.0199639759668833,1.0,1.0,0.0,0.0,1.0,1.7144059332197217,0.31951252738480385,0.18636923799298033,214.77074673237058,27.34310045661851,187.42764627575207,106762654.61880021,0.4971005420577083,-0.438516481297824,-1.2000240648970464,3.6334601376005,0.4718383767248092
econ_2,S02,经济档,2025-11,34,0.6646729394798875,4.803920078789634,1.0139721390743561,1.0,1.0,0.0,0.0,1.0,1.6689453276902315,0.30828499482521865,0.1847184504551,258.0335908810827,32.761343381151136,225.27224749993158,124124944.61960927,0.48104180620736875,-0.4160587930142885,-1.2064446108147522,3.6953078132043014,0.4516390547295284
econ_2,S02,经济档,2025-12,35,0.6680444347066281,4.810660061944037,1.0084239313223025,1.0,1.0,0.0,0.0,1.0,1.6345083959660218,0.341282019714147,0.20879796063234268,328.5117317540358,41.60160313973398,286.9101286143018,165915437.7874762,0.5050517888709706,-0.3949617472801416,-1.212389786438184,3.7540136297684312,0.4354028933205678
econ_2,S02,经济档,2026-01,36,0.6712116613638414,4.816691263865263,1.0032865068876793,1.0,1.0,0.0,0.0,1.0,1.5903635717862006,0.3129800780835989,0.19679781632075397,368.6867378762341,46.574484770679874,322.1122531055542,174885082.08266076,0.4743460073721682,-0.3751429069307119,-1.2178947876711748,3.809689923374794,0.4174522346368245
econ_2,S02,经济档,2026-02,37,0.6741869954585187,4.822088220472022,0.9985294518167523,1.0,1.0,0.0,0.0,1.0,1.6310399730556915,0.2935390941524199,0.17997050900137387,376.7983906192162,47.488176743459405,329.3102138757568,174120536.39234525,0.46210530810973516,-0.35652482941664193,-1.222992204550802,3.86245173367911,0.4222809980597669
econ_2,S02,经济档,2026-03,38,0.6769820631732928,4.826917629434892,0.994124603972116,1.0,1.0,0.0,0.0,1.0,1.5836104865462166,0.3448925606699363,0.2177887577785188,476.1540133831127,59.87719798595351,416.2768153971592,238392935.4454126,0.5006635011886418,-0.3390347641954512,-1.227712214182951,3.912415564723447,0.4047654090799927
econ_2,S02,经济档,2026-04,39,0.6796077862959999,4.8312391744518415,0.990045886310641,1.0,1.0,0.0,0.0,1.0,1.5557408881563328,0.2667514013538451,0.17146261526234302,505.91668842245934,63.486224723884696,442.4304636985746,216787061.8308552,0.4285034804976227,-0.32260436845720414,-1.2320827593931383,3.9596983270148947,0.3928937913129261
econ_2,S02,经济档,2026-05,40,0.6820744248968023,4.835106262842393,0.9862691525053445,1.0,1.0,0.0,0.0,1.0,1.5086573620372619,0.3317697647580372,0.21991061264568496,578.1931484663137,72.41128378282949,505.78186468348423,277046946.63845605,0.4791598575205136,-0.30716944007350105,-1.236129714150218,4.004416442589059,0.37674836862417793
econ_2,S02,经济档,2026-06,41,0.6843916174196361,4.838566685575855,0.982772043997247,1.0,1.0,0.0,0.0,1.0,1.47964660371744,0.27061281771803103,0.1828901692053682,612.1692611148126,76.52115763935157,535.648103475461,258177513.60040733,0.4217420409679571,-0.29266966672625894,-1.2398770367423004,4.046685095637174,0.365644118271689
econ_2,S02,经济档,2026-07,42,0.6843916174196361,4.838566685575855,0.982772043997247,1.0,1.0,0.0,0.2,1.0,1.837732339816192,0.34357077555682874,0.1869536537574304,690.0238615296241,86.25298269120302,603.7708788384211,365947924.7983745,0.5303409710892492,-0.29266966672625894,-1.2398770367423004,4.046685095637174,0.4541327769233871
econ_2,S02,经济档,2026-08,43,0.6843916174196361,4.838566685575855,0.982772043997247,1.0,1.0,0.0,0.42,1.0,2.335315433891842,0.4754563496124751,0.20359405959139285,756.8451231573567,94.60564039466959,662.2394827626872,535799979.19049424,0.7079387351473959,-0.29266966672625894,-1.2398770367423004,4.046685095637174,0.5770934428304294
econ_3,S03,经济档,2023-01,0,0.2987264545963497,1.7094219555306407,1.8771522769811861,0.0,0.0,0.0,0.0,1.0,12.631514702302173,3.5453461111798297,0.28067466133207825,0.016112352871407283,0.002685392145234547,0.013426960726172736,81523.79335947777,5.059707543033554,-2.705959625916227,-0.28150492869584415,0.35174955379790906,35.91053511203419
econ_3,S03,经济档,2023-02,1,0.32695563851155884,2.004085802068849,1.801294550685848,0.0,0.0,0.0,0.0,1.0,10.930105433681744,2.744071401351318,0.25105626089344985,0.017936350296124885,0.002934634627636976,0.01500171566848791,73241.64482650717,4.0834196264738924,-2.529316224681886,-0.36279018789564116,0.42769242622376247,25.55599483064793
econ_3,S03,经济档,2023-03,2,0.3534745026340704,2.267762597194994,1.731053248622063,0.0,0.0,0.0,0.0,1.0,9.242476607861036,2.7410208944019288,0.2965677935360527,0.024335228826863946,0.003913393359759671,0.020421835467104275,92146.12430230866,3.786532066655049,-2.3633751061025445,-0.4380571741820057,0.5121484662342674,18.046479130981787
econ_3,S03,经济档,2023-04,3,0.37838667000173326,2.503710960405476,1.6660125367978398,0.0,0.0,0.0,0.0,1.0,8.040494327069311,2.2185564577873698,0.2759228932378358,0.029537020921096165,0.004673766658396865,0.0248632542626993,92739.92760900657,3.1397860961248507,-2.207487851651231,-0.5077514739898841,0.6047605872137565,13.295334545713951
econ_3,S03,经济档,2023-05,4,0.40178948544991144,2.7148468325442123,1.6057873691214182,0.0,0.0,0.0,0.0,1.0,7.224817040123809,1.6299312189144235,0.22560172940884493,0.03744076133004543,0.005835433870661258,0.03160532745938417,93674.45197533265,2.501937691639856,-2.0610453284935386,-0.572285683015208,0.7050199620625626,10.247677269998617
econ_3,S03,经济档,2023-06,5,0.423774395988543,2.9037795121238457,1.5500212078983444,0.0,0.0,0.0,0.0,1.0,6.827683730203202,1.6061671596717333,0.23524334505516578,0.04412984517314492,0.006781105523453728,0.037348739649691196,106287.56293573965,2.4085188270821445,-1.9234753092878378,-0.6320418488136258,0.8122907515024608,8.405467768252091
econ_3,S03,经济档,2023-07,6,0.44442730813331915,3.0728439020427927,1.4983839131004857,0.0,0.0,0.0,0.0,1.0,6.385073793562661,1.5166367139528485,0.23752845511071455,0.0561474411077312,0.008513695814953426,0.04763374529277777,126603.66296852865,2.2548429718392993,-1.7942402361945016,-0.6873737325518577,0.925837222144549,6.896540386195202
econ_3,S03,经济档,2023-08,7,0.46382892358726097,3.224129365215502,1.4505697879112893,0.0,0.0,0.0,0.0,1.0,6.005581863569463,1.6178595941478136,0.2693926468577395,0.06975366234746722,0.010445460957977387,0.05930820138948983,158683.4135154887,2.274911569876167,-1.6728351203569671,-0.7386089033014221,1.0448514588435622,5.747785307412423
econ_3,S03,经济档,2023-09,8,0.4820550545843777,3.3595055457249137,1.4062957689767623,0.0,0.0,0.0,0.0,1.0,5.390292420807242,1.311631109733277,0.24333208800884482,0.08270621711719024,0.012240469899813823,0.07046574721737642,158404.77834899764,1.915270506503116,-1.558785568646804,-0.786050677273112,1.168480195924968,4.613079827630532
econ_3,S03,经济档,2023-10,9,0.4991769201276188,3.480645474604895,1.365299750648317,0.0,0.0,0.0,0.0,1.0,5.333744573065927,1.2770134801062845,0.23942156633350653,0.10561687102456004,0.01545953050703252,0.09015734051752751,197589.32611544698,1.8708121552805683,-1.4516459299622557,-0.8299799134726432,1.2958496478927197,4.116021161667589
econ_3,S03,经济档,2023-11,10,0.5152614242786753,3.5890462458027987,1.32733903329687,0.0,0.0,0.0,0.0,1.0,4.9035852116055185,1.178436010113517,0.2403213076270121,0.12726292886572316,0.018435316084146013,0.10882761278157714,218645.5211179923,1.7180613637195805,-1.350997553836876,-0.870656676407894,1.42608757109881,3.4384881482609613
econ_3,S03,经济档,2023-12,11,0.5303714175870555,3.686047517843682,1.292188886512088,0.0,0.0,0.0,0.0,1.0,4.309457725011183,1.0920801907248718,0.2534147589815463,0.16440588151698185,0.023583864771509602,0.14082201674547223,255422.60313085752,1.5536098877610676,-1.2564471545537288,-0.9083217756910964,1.5583421055619135,2.7654118499591336
econ_3,S03,经济档,2024-01,12,0.5445659426799719,3.7728480698468703,1.2596412186808155,0.0,0.0,0.0,0.0,1.0,4.068089342824682,0.90478783494464,0.2224110039619729,0.20559098596571693,0.02922107757821819,0.17636990838749875,278451.30184111214,1.3543945058347304,-1.1676252743729116,-0.9431981916505408,1.6917972144558364,2.4045963121727776
econ_3,S03,经济档,2024-02,13,0.5579004649726914,3.850520616500514,1.2295033450684785,0.0,0.0,0.0,0.0,1.0,3.8117837625174698,0.7852957051792498,0.2060179050294831,0.2764611724157194,0.03895383003491516,0.2375073423808042,334997.0727351381,1.2117328079307907,-1.084184839867398,-0.9754923953915259,1.825684751090046,2.0878652572639393
econ_3,S03,经济档,2024-03,14,0.5704270894008494,3.9200250650832924,1.2015968471104133,0.0,0.0,0.0,0.0,1.0,3.8080158159227047,0.8647860534930091,0.22709623470496704,0.42477868886088777,0.05936315600044076,0.365415532860447,542062.0934801961,1.2761047286383942,-1.0057998057260873,-1.005395571121423,1.9592933397961756,1.943565947260787
econ_3,S03,经济档,2024-04,15,0.5821947640216196,3.982220378368665,1.1757565161600336,0.0,0.0,0.0,0.0,1.0,3.6227596377731275,0.8091449355426363,0.223350433494398,0.5860964425266378,0.08127597605070418,0.5048204664759337,702916.2493643794,1.199318402845334,-0.9321638807246584,-1.0330847479751093,2.091974362905608,1.7317418903458093
econ_3,S03,经济档,2024-05,16,0.5932494712793097,4.0378751900180045,1.1518293754407456,0.0,0.0,0.0,0.0,1.0,3.455553935723985,0.8222290073697742,0.23794419727310845,0.8673414839573051,0.11940154895057281,0.7479399350067323,1027576.4027404907,1.1847425976353658,-0.8629893308859631,-1.0587238480412666,2.2231454083875906,1.5543535401178457
econ_3,S03,经济档,2024-06,17,0.6036344076827627,4.0876773036517315,1.1296737744114873,0.0,0.0,0.0,0.0,1.0,3.279053371566629,0.6942494744691052,0.2117225295840228,1.1963909547023244,0.16356705157802204,1.0328239031243023,1253382.5439173027,1.0476362588591774,-0.7980058551532512,-1.0824646567939438,2.3522915601498284,1.3939825432854807
econ_3,S03,经济档,2024-07,18,0.6133901525966536,4.132242192991647,1.1091585501844663,1.0,0.0,0.0,0.0,1.0,3.55276579595745,0.8324367076397399,0.23430666569322872,1.8075264878290325,0.24551355620300452,1.5620129316260278,2172529.06701538,1.201934843911882,-0.7369595291829187,-1.1044477216744137,2.7926762222434713,1.27217246584474
econ_3,S03,经济档,2024-08,19,0.622554826806239,4.172120608122485,1.090162251030625,1.0,1.0,0.0,0.0,1.0,2.98183013176404,0.7265522864134841,0.2436598512684753,2.57449993131113,0.34754171236772924,2.2269582189434005,2654311.9357035947,1.0310009735956056,-0.6796118131296187,-1.1248031841429977,2.6414596948946074,1.1288569488784168
econ_3,S03,经济档,2024-09,20,0.6311642414751532,4.207805381873805,1.072572417375922,1.0,1.0,0.0,0.0,1.0,2.8590747369318676,0.609722477098605,0.21325867044416996,3.5697589398027234,0.47909534819109345,3.09066359161163,3254216.4675506465,0.9116067842190165,-0.6257386195466309,-1.143651550126671,2.763893958427813,1.0344372034295397
econ_3,S03,经济档,2024-10,21,0.6392520380783091,4.23973752043811,1.0562849160318744,1.0,1.0,0.0,0.0,1.0,2.9122485386391537,0.6911616341709836,0.23732920628194468,5.284225603133217,0.7052944672028674,4.57893113593035,5218774.30808785,0.9876138340863875,-0.5751294377592929,-1.161104403423558,2.8828386641478096,1.0102017066917748
econ_3,S03,经济档,2024-11,22,0.6468498198566922,4.268311653495416,1.0412033237189517,1.0,1.0,0.0,0.0,1.0,2.761648864364718,0.6246742522869939,0.22619611795965675,7.347895531039703,0.9756343803174319,6.372261150722272,6674947.048143706,0.9084161607832799,-0.5275865112899661,-1.17726506628773,2.998082605865922,0.9211383498778161
econ_3,S03,经济档,2024-12,23,0.6539872753077116,4.293880911198977,1.0272383562332346,1.0,1.0,0.0,0.0,1.0,2.8212125826836814,0.6077035738969628,0.21540509837046173,10.86199910152798,1.4351267367683116,9.426872364759669,9777541.634251496,0.9001604164077006,-0.4829240651202993,-1.192229211105013,3.1094648566876875,0.9072984300227588
econ_3,S03,经济档,2025-01,24,0.6606922941936484,4.3167612882938835,1.0143073398769547,1.0,1.0,0.0,0.0,1.0,2.5436327283066964,0.549588853912161,0.21606454728942878,15.438461038541085,2.0302765004328416,13.408184538108243,12533266.527354626,0.8118209772377029,-0.4409675797713112,-1.2060854267809846,3.2168699816659885,0.7907166726674392
econ_3,S03,经济档,2025-02,25,0.6669910765215085,4.337235549301943,1.0023337220237525,1.0,1.0,0.0,0.0,1.0,2.4937692125418383,0.5896686321398251,0.23645677762570105,19.871308826038945,2.601693155410369,17.269615670628575,16671372.941523245,0.8389670296743327,-0.4015531093647295,-1.2189157431942075,3.320223255425917,0.7510847978269276
econ_3,S03,经济档,2025-03,26,0.672908234920119,4.355556723034677,0.9912466179211503,1.0,1.0,0.0,0.0,1.0,2.421309917674975,0.5566062329369531,0.22987814524438305,31.668146308170122,4.128879775231972,27.53926653293815,25325824.951402202,0.7997255256102044,-0.3645266410009109,-1.2307961168195178,3.4194859938116466,0.7080917781376783
econ_3,S03,经济档,2025-04,27,0.6784668908145101,4.371951229620911,0.9809803910472852,1.0,1.0,0.0,0.0,1.0,2.355904437900512,0.5274919180927533,0.22390208601280664,43.47429055849234,5.645701386930246,37.8285891715621,33255008.01338009,0.7649350359987417,-0.32974349295009053,-1.241796880396284,3.5146510805487807,0.6703096221809475
econ_3,S03,经济档,2025-05,28,0.6836887647733861,4.3866216786940475,0.9714742645375745,1.0,1.0,0.0,0.0,1.0,2.300818567583368,0.5226576138279307,0.22716159422204973,64.76336610918008,8.378784818406851,56.384581290773234,48747894.398098655,0.75270785517723,-0.2970677493053749,-1.2519831593037154,3.6057387461631656,0.6380990774863121
econ_3,S03,经济档,2025-06,29,0.6885942613827198,4.399749373320011,0.9626719613809325,1.0,1.0,0.0,0.0,1.0,2.267535503107957,0.3954518064673903,0.17439718404645543,89.6545654525365,11.557811863131551,78.09675358940495,57091251.024061956,0.6367913417001201,-0.2663717288883847,-1.2614152571081918,3.6927926367244983,0.6140435508231672
econ_3,S03,经济档,2025-07,30,0.6932025489771153,4.411496550610457,0.9545213712554714,1.0,1.0,0.0,0.0,1.0,2.2281510003383818,0.4396350121864685,0.1973093439895692,116.20820987501516,14.930427117683566,101.27778275733158,77792505.37448391,0.6694234895981248,-0.2375354863322738,-1.2701490125650847,3.7758761940398564,0.5901017103938611
econ_3,S03,经济档,2025-08,31,0.6975316345404916,4.422008386711537,0.9469742420313279,1.0,1.0,0.0,0.0,1.0,2.1933862851630046,0.5017218264573731,0.2287430307425702,144.83197898616137,18.54847756538454,126.28350142077684,104043165.28683256,0.7183714951293583,-0.21044634339260598,-1.2782361301885479,3.8550693562905587,0.5689615626717373
econ_3,S03,经济档,2025-09,32,0.7015984340687644,4.431414790946692,0.9399858941142871,1.0,1.0,0.0,0.0,1.0,2.1197701034623924,0.3862971824230382,0.18223541401591978,170.94212386618992,21.825956163548305,149.1161677026416,103869164.79222214,0.6076276721209387,-0.18499844865466125,-1.285724486346277,3.930465578346198,0.5393178139354975
econ_3,S03,经济档,2025-10,33,0.7054188386694678,4.439832011286158,0.9335149559390965,1.0,1.0,0.0,0.0,1.0,2.109514446198201,0.45114126759765055,0.21386024087709105,217.8162370489783,27.73083085721367,190.08540619176463,144253959.39953807,0.6622736732298843,-0.16109236391673273,-1.2926584126913454,4.002169163668652,0.527092773925748
econ_3,S03,经济档,2025-11,34,0.7090077766566011,4.447364070984201,0.9275231190465694,1.0,1.0,0.0,0.0,1.0,2.13117203969679,0.4574063907403,0.21462668532634133,262.5755515044224,33.33801532179577,229.2375361826266,175903760.1602885,0.66991675025512,-0.13863467563319723,-1.299078958609051,4.070292894430036,0.5235918138994807
econ_3,S03,经济档,2025-12,35,0.7123792718833417,4.454104054138604,0.9219749112945157,1.0,1.0,0.0,0.0,1.0,2.1455082991033074,0.4623470070688432,0.21549532447023217,327.73843724554234,41.503675765631655,286.2347614799107,221386266.08775643,0.6754968014993412,-0.11753762989905038,-1.3050241342324829,4.134955942842095,0.5188708969964568
econ_3,S03,经济档,2026-01,36,0.715546498540555,4.4601352560598295,0.9168374868598925,1.0,1.0,0.0,0.0,1.0,2.048680471641918,0.4275035070669026,0.20867261292546968,372.79648984420004,47.09365066622005,325.70283917797997,235718948.4684452,0.6322992702183367,-0.09771878954962063,-1.3105291354654738,4.196282044403761,0.48821324447771003
econ_3,S03,经济档,2026-02,37,0.7185218326352323,4.465532212666589,0.9120804317889655,1.0,1.0,0.0,0.0,1.0,1.9516918433349106,0.4008507512163389,0.20538629219835955,376.8589065309355,47.49580360807206,329.36310292286345,224722619.7240852,0.5963043882727985,-0.07910071203555069,-1.3156265523451012,4.254397912535649,0.4587468975537574
econ_3,S03,经济档,2026-03,38,0.7213169003500064,4.470361621629459,0.9076755839443291,1.0,1.0,0.0,0.0,1.0,1.9592310263907065,0.4128003509367521,0.2106950866826627,468.53852533028027,58.919537075654254,409.61898825462606,284527847.2010663,0.6072667066181978,-0.06161064681435997,-1.3203465619772503,4.309431873644812,0.45463789284447764
econ_3,S03,经济档,2026-04,39,0.7239426234727135,4.474683166646408,0.9035968662828542,1.0,1.0,0.0,0.0,1.0,2.038136725378011,0.3781953086692874,0.18555934151039052,498.4236408895403,62.54594085812612,435.8777000314142,292324080.3917077,0.5864972212593985,-0.045180251076112905,-1.3247171071874375,4.361512701849763,0.4673004218269538
econ_3,S03,经济档,2026-05,40,0.7264092620735159,4.47855025503696,0.8998201324775577,1.0,1.0,0.0,0.0,1.0,2.0949570086769413,0.4319356904674967,0.20617878490035618,574.9774277177002,72.00855596028117,502.968871757419,368105035.89989537,0.6402078032194091,-0.029745322692409787,-1.3287640619445171,4.410768633229396,0.47496415769672645
econ_3,S03,经济档,2026-06,41,0.7287264545963497,4.482010677770422,0.8963230239694602,1.0,1.0,0.0,0.0,1.0,2.091537231085193,0.46253687381987313,0.22114685167707301,620.045352682536,77.505669085317,542.539683597219,413050601.68638986,0.666161918478038,-0.015245549345167668,-1.3325113845365995,4.457326540406739,0.46923581032821
econ_3,S03,经济档,2026-07,42,0.7287264545963497,4.482010677770422,0.8963230239694602,1.0,1.0,0.0,0.2,1.0,2.4246511096602,0.4705422155443963,0.19406594774385497,705.1473229405757,88.14341536757196,617.0039075730037,504043415.54917437,0.7148058273088718,-0.015245549345167668,-1.3325113845365995,4.457326540406739,0.5439698186076684
econ_3,S03,经济档,2026-08,43,0.7287264545963497,4.482010677770422,0.8963230239694602,1.0,1.0,0.0,0.42,1.0,2.9447812895632466,0.6015353135439299,0.20427164342420356,779.6055480677281,97.45069350846602,682.1548545592622,697311213.2215128,0.8944410605463443,-0.015245549345167668,-1.3325113845365995,4.457326540406739,0.6606608833497153
econ_4,S04,经济档,2023-01,0,0.20934538822667192,2.036408443286885,1.812350979425016,0.0,0.0,0.0,0.0,1.0,8.474308278536315,2.1938020905262943,0.25887683317855514,0.013340243783657389,0.002223373963942898,0.01111686981971449,43229.76863952172,3.2405531218612977,-3.2652593781483765,-0.3509426844206709,0.2697554390331455,31.414781881358305
econ_4,S04,经济档,2023-02,1,0.23757457214188105,2.3310722898250935,1.736493253129678,0.0,0.0,0.0,0.0,1.0,7.326842304323456,2.0628052931240104,0.28154083402433555,0.01487250813049404,0.0024333477345717196,0.012439160395922322,43488.32102951685,2.9240744498468283,-3.0886159769140358,-0.4322279436204679,0.32799574857009545,22.338223395470777
econ_4,S04,经济档,2023-03,2,0.2640934362643926,2.5947490849512387,1.666251951065893,0.0,0.0,0.0,0.0,1.0,6.772561752393183,1.8297811567926696,0.2701756327502056,0.020494767491935732,0.003295801637345667,0.017198965854590065,53791.36374961153,2.6246388875003013,-2.9226748583346938,-0.5074949299068321,0.3927647750153256,17.243302310215878
econ_4,S04,经济档,2023-04,3,0.28900560363205546,2.8306974481617204,1.6012112392416697,0.0,0.0,0.0,0.0,1.0,5.939683663174735,1.6398717623650985,0.2760873903996083,0.024444727615988034,0.0038679917385845155,0.02057673587740352,56717.855465964145,2.3202490269872316,-2.7667876038833805,-0.5771892297147108,0.4637886699566852,12.806875303205363
econ_4,S04,经济档,2023-05,4,0.31240841908023365,3.041833320300457,1.5409860715652481,0.0,0.0,0.0,0.0,1.0,5.310896018478504,1.489055217352082,0.28037740000390277,0.031145437411086226,0.004854258672335398,0.02629117873875083,64929.479926843866,2.0847188328050965,-2.6203450807256883,-0.6417234387400347,0.5406772157629632,9.822673979306053
econ_4,S04,经济档,2023-06,5,0.3343933296188652,3.23076599988009,1.4852199103421744,0.0,0.0,0.0,0.0,1.0,4.848402143487135,1.3435288038358197,0.2771075426654911,0.03740546613333354,0.005747820143236477,0.03165764599009706,70400.7027521792,1.882096656708744,-2.482775061519987,-0.7014796045384525,0.6229427896303775,7.783061661832429
econ_4,S04,经济档,2023-07,6,0.35504624176364136,3.399830389799037,1.4335826155443159,0.0,0.0,0.0,0.0,1.0,4.340786080686708,1.0719893195934616,0.24695741731273568,0.047953374631924756,0.007271220858193239,0.04068215377373152,75173.64863434309,1.5676404259627756,-2.353539988426651,-0.7568114882766842,0.7100211603290889,6.113601006869696
econ_4,S04,经济档,2023-08,7,0.37444785721758317,3.5511158529717464,1.3857684903551193,0.0,0.0,0.0,0.0,1.0,4.290989389472008,1.0192415034234195,0.23753065107178783,0.05980315002051608,0.008955393131785106,0.05084775688873098,90253.64108401908,1.5091787147174796,-2.2321348725891164,-0.8080466590262488,0.801292740705797,5.355083319103086
econ_4,S04,经济档,2023-09,8,0.3926739882146999,3.686492033481158,1.3414944714205923,0.0,0.0,0.0,0.0,1.0,3.9199232508919173,1.11129647221213,0.28349954860959886,0.07187437884558145,0.010637364414582762,0.061237014430998694,109750.13020290539,1.5269715295724242,-2.1180853208789534,-0.8554884329979386,0.8961031644531096,4.374410677686024
econ_4,S04,经济档,2023-10,9,0.409795853757941,3.8076319623611394,1.300498453092147,0.0,0.0,0.0,0.0,1.0,3.684592326932414,0.759466980070741,0.20611967693669678,0.09300426886007072,0.013613377463077588,0.07939089139699312,110454.50667848886,1.1876283533250807,-2.010945682194405,-0.8994176691974699,0.9937823286879905,3.7076452464161638
econ_4,S04,经济档,2023-11,10,0.42588035790899753,3.9160327335590432,1.2625377357407,0.0,0.0,0.0,0.0,1.0,3.2387557213631113,0.8384485357094649,0.25887983159056616,0.11338029515614619,0.016424276869525172,0.09695601828662102,134486.85224106396,1.1861571894468086,-1.9102973060690247,-0.9400944321327207,1.0936613129649932,2.9613882131229596
econ_4,S04,经济档,2023-12,11,0.4409903512173778,4.013034005599926,1.227387588955918,0.0,0.0,0.0,0.0,1.0,3.1793927331568423,0.7248959476655581,0.2279982400745452,0.14429021658353292,0.020698292082734143,0.12359192450079877,155399.28467141936,1.0769911387682694,-1.8157469067858776,-0.9777595314159231,1.1950868289976757,2.6603863886805716
econ_4,S04,经济档,2024-01,12,0.4551848763102942,4.099834557603114,1.1948399211246454,0.0,0.0,0.0,0.0,1.0,3.0783516250283656,0.7232285284181738,0.2349401941409177,0.18202379765635393,0.025871423727133448,0.1561523739292205,192575.1908780532,1.0579671084635835,-1.7269250266050606,-1.0126359473753674,1.2974330611455054,2.372647743622692
econ_4,S04,经济档,2024-02,13,0.46851939860301367,4.177507104256758,1.1647020475123084,0.0,0.0,0.0,0.0,1.0,2.731073052538868,0.6224771624220925,0.22792402489688934,0.2436923921033461,0.03433665545091892,0.20935573665242718,224095.07930450622,0.919581761951235,-1.643484592099547,-1.0449301511163525,1.4001109205368438,1.9506119211552853
econ_4,S04,经济档,2024-03,14,0.48104602303117167,4.2470115528395365,1.1367955495542432,1.0,0.0,0.0,0.0,1.0,2.8280853664498022,0.70502536798193,0.24929423147752217,0.3686650762563592,0.051521234486619626,0.31714384176973953,369300.90305995144,1.0017246732726865,-1.5650995579582363,-1.0748333268462498,1.6927246724899536,1.6707296894832653
econ_4,S04,经济档,2024-04,15,0.4928136976519419,4.309206866124909,1.1109552186038636,1.0,1.0,0.0,0.0,1.0,2.389350362570448,0.5051403801502883,0.21141327285583242,0.5127891591331694,0.07111020711386418,0.4416789520193052,393017.0728773838,0.7664301514130075,-1.4914636329568074,-1.102522503699936,1.6281675414774492,1.467508902924252
econ_4,S04,经济档,2024-05,16,0.503868404909632,4.364861677774249,1.0870280778845758,1.0,1.0,0.0,0.0,1.0,2.3417129654712214,0.5130295702399296,0.21908302930572576,0.7568900831974825,0.10419638630308611,0.6526936968943964,578849.1955772279,0.7647731268084252,-1.4222890831181116,-1.128161603766093,1.730256956349052,1.3533902908920412
econ_4,S04,经济档,2024-06,17,0.514253341313085,4.414663791407976,1.0648724768553173,1.0,1.0,0.0,0.0,1.0,2.2556015623553165,0.5030371113100174,0.2230168305011911,1.0555519070260329,0.1443119513242766,0.9112399557017563,783897.7779000624,0.7426425670611092,-1.3573056073853997,-1.1519024125187705,1.8307704120273254,1.232050478605643
econ_4,S04,经济档,2024-07,18,0.524009086226976,4.459228680747891,1.0443572526282963,1.0,1.0,0.0,0.0,1.0,2.136489259844722,0.4684106179474449,0.21924314189226887,1.560604694954106,0.2119745470205958,1.34863014793351,1084594.0240460422,0.6949831866794031,-1.2962592814150673,-1.1738854773992404,1.9293593080060818,1.107356857262995
econ_4,S04,经济档,2024-08,19,0.5331737604365612,4.499107095878729,1.025360953474455,1.0,1.0,0.0,0.0,1.0,2.0769797971124655,0.4662025189212813,0.22446174949290423,2.2119805340067535,0.2986038155073024,1.9133767184994512,1512215.1379591443,0.6836475794929068,-1.238911565361768,-1.1942409398678244,2.02572572442845,1.025301585533489
econ_4,S04,经济档,2024-09,20,0.5417831751054754,4.534791869630049,1.0077711198197519,1.0,1.0,0.0,0.0,1.0,2.00290820122676,0.46653722452172,0.23292990873768998,3.059504961034286,0.41061444745064596,2.64889051358364,2058229.0726103177,0.672732712913961,-1.1850383717787802,-1.2130893058514978,2.119620110805056,0.9449373456199339
econ_4,S04,经济档,2024-10,21,0.5498709717086314,4.566724008194354,0.9914836184757044,1.0,1.0,0.0,0.0,1.0,1.9181670659667427,0.38633693193681695,0.20140942819394403,4.474378491692423,0.597202812932705,3.8771756787597185,2643430.9237822876,0.5907928729521529,-1.1344291899914416,-1.2305421591483845,2.2108383681296995,0.867619765251972
econ_4,S04,经济档,2024-11,22,0.5574687534870144,4.59529814125166,0.9764020261627818,1.0,1.0,0.0,0.0,1.0,1.8329304994898783,0.42777404006165803,0.23338257516076663,6.219413355723306,0.8257974639972165,5.39361589172609,3820878.2187063247,0.6143470453190297,-1.0868862635221155,-1.2467028220125564,2.2992185231531233,0.797197169835
econ_4,S04,经济档,2024-12,23,0.5646062089380339,4.620867398955221,0.9624370586770646,1.0,1.0,0.0,0.0,1.0,1.7854919753804464,0.3796073370739644,0.2126065769593162,9.200337687119736,1.215582000943572,7.984755686176165,5201483.7513171835,0.5653579170902762,-1.0422238173524478,-1.2616669668298397,2.3846371616318747,0.7487478615650625
econ_4,S04,经济档,2025-01,24,0.5713112278239707,4.643747776050128,0.9495060423207847,1.0,1.0,0.0,0.0,1.0,1.8318171059351946,0.3897637630273725,0.21277438766376572,13.367083482628644,1.7578744025297948,11.609209080098848,7744953.417470557,0.5794048812170288,-1.0002673320034599,-1.2755231825058113,2.4670057569295887,0.7425264820683095
econ_4,S04,经济档,2025-02,25,0.5776100101518307,4.664222037058187,0.9375324244675826,1.0,1.0,0.0,0.0,1.0,1.7739803677083326,0.3690156692249412,0.2080156443341275,17.34373934631556,2.2707657729823185,15.07297357333324,9590457.33130809,0.5529636452559725,-0.9608528615968788,-1.2883534989190342,2.5462670024310974,0.6966984868494116
econ_4,S04,经济档,2025-03,26,0.5835271685504413,4.682543210790921,0.9264453203649804,1.0,1.0,0.0,0.0,1.0,1.7101762568761105,0.34918988194962064,0.2041835632705295,27.056193989612986,3.5275753456287777,23.52861864398421,14248731.167166365,0.5266347207828466,-0.9238263932330596,-1.3002338725443443,2.6223912313995834,0.6521438282736253
econ_4,S04,经济档,2025-04,27,0.5890858244448323,4.698937717377155,0.9161790934911153,1.0,1.0,0.0,0.0,1.0,1.6919785316123295,0.3238778497040295,0.19141959762066132,37.7950569279319,4.908179123246229,32.886877804685675,18955864.972701214,0.5015434957234355,-0.8890432451822398,-1.3112346361211105,2.695372986390385,0.6277344694613896
econ_4,S04,经济档,2025-05,28,0.5943076984037083,4.713608166450292,0.9066729669814045,1.0,1.0,0.0,0.0,1.0,1.6257923621914268,0.3414315395521573,0.21000931453013919,55.73354424250294,7.210548222398476,48.52299602010446,28290135.462015882,0.5075962034447749,-0.8563675015375242,-1.3214209150285419,2.765227782119365,0.5879415694808924
econ_4,S04,经济档,2025-06,29,0.5992131950130422,4.726735861076255,0.8978706638247625,1.0,1.0,0.0,0.0,1.0,1.6744272838826284,0.33671327203987844,0.20109160623512684,76.50952032676273,9.86321931528747,66.64630101147526,38955937.61136397,0.5091645777543496,-0.8256714811205332,-1.3308530128330185,2.831989090596839,0.5912548496186983
econ_4,S04,经济档,2025-07,30,0.6038214826074375,4.738483038366701,0.8897200736993015,1.0,1.0,0.0,0.0,1.0,1.678219340445516,0.3659419730860626,0.21805372174349757,97.55197806850923,12.533475047109297,85.01850302139992,52145758.97152456,0.5345433276084203,-0.7968352385644231,-1.3395867682899114,2.8957055651113066,0.5795545516317049
econ_4,S04,经济档,2025-08,31,0.6081505681708139,4.7489948744677815,0.8821729444751579,1.0,1.0,0.0,0.0,1.0,1.6403418031625714,0.3433062038859237,0.20928943176600812,121.46713200510386,15.556166453705279,105.91096555139859,61877321.664311506,0.5094161740948285,-0.7697460956247546,-1.3476738859133746,2.9564385099600017,0.5548371114895144
econ_4,S04,经济档,2025-09,32,0.6122173676990867,4.758401278702936,0.8751845965581172,1.0,1.0,0.0,0.0,1.0,1.6037276983730175,0.29933000524432934,0.18664640234623356,148.3316730139858,18.939045096943282,129.39262791704252,69104167.19568953,0.4658760047098901,-0.7442982008868099,-1.3551622420711036,3.014259595338675,0.532046974604663
econ_4,S04,经济档,2025-10,33,0.6160377722997901,4.766818499042402,0.8687136583829266,1.0,1.0,0.0,0.0,1.0,1.5343285686711245,0.300896533070948,0.19610958122975786,191.9087719056973,24.432474666871734,167.47629723882557,87880481.095437,0.45792842204535017,-0.7203921161488813,-1.362096168416172,3.0692488111886047,0.4999036125966395
econ_4,S04,经济档,2025-11,34,0.6196267102869233,4.774350558740445,0.8627218214903994,1.0,1.0,0.0,0.0,1.0,1.486414492671734,0.33786413360037787,0.2273014258580653,228.69069148436475,29.0358098192147,199.65488166515004,110615472.13462284,0.4836903129578646,-0.6979344278653465,-1.368516714333878,3.1214926497427555,0.47618708722387365
econ_4,S04,经济档,2025-12,35,0.622998205513664,4.781090541894848,0.8571736137383458,1.0,1.0,0.0,0.0,1.0,1.4829642340439608,0.30773203048845416,0.20751143110800863,295.08400138604077,37.36842959306573,257.715571792975,134723380.76525158,0.4565594208172643,-0.676837382131199,-1.3744618899573093,3.171082503731991,0.4676523654930726
econ_4,S04,经济档,2026-01,36,0.6261654321708772,4.787121743816074,0.8520361893037226,1.0,1.0,0.0,0.0,1.0,1.451208163209262,0.2996029931223348,0.20645073581985668,333.7593336833182,42.162267873395045,291.5970658099231,148549581.0196299,0.44507993044047306,-0.6570185417817699,-1.3799668911903005,3.2181132654553215,0.4509499956969149
econ_4,S04,经济档,2026-02,37,0.6291407662655546,4.792518700422833,0.8472791342327955,1.0,1.0,0.0,0.0,1.0,1.4953886669982723,0.33153897144730876,0.22170755922125215,337.3599796076749,42.51772496016096,294.842254647514,161332221.89701656,0.4782197997659183,-0.6384004642676993,-1.3850643080699279,3.2626821109689614,0.45833109574814423
econ_4,S04,经济档,2026-03,38,0.6319358339803287,4.797348109385703,0.8428742863881592,1.0,1.0,0.0,0.0,1.0,1.5084533720839322,0.24719579827945867,0.16387367541759482,421.32275398972126,52.98207144655865,368.34068254316264,170973253.39361095,0.405801138852762,-0.6209103990465086,-1.389784317702077,3.304887453322472,0.4564310868037133
econ_4,S04,经济档,2026-04,39,0.6345615571030359,4.8016696544026525,0.8387955687266843,1.0,1.0,0.0,0.0,1.0,1.502157420382694,0.27781861511985523,0.1849464053168791,460.73719843078123,57.81676309085183,402.9204353399294,198788677.0490597,0.4314578413162893,-0.6044800033082615,-1.3941548629122642,3.3448280489136972,0.4490985480914485
econ_4,S04,经济档,2026-05,40,0.6370281957038382,4.805536742793204,0.8350188349213877,1.0,1.0,0.0,0.0,1.0,1.4644578128518717,0.30210730686203113,0.2062929394146972,514.4614041569989,64.42969936696817,450.03170479003074,230312442.95429868,0.4476768151960606,-0.5890450749245584,-1.3982018176693436,3.382602241519877,0.4329382257471274
econ_4,S04,经济档,2026-06,41,0.639345388226672,4.808997165526666,0.8315217264132903,1.0,1.0,0.0,0.0,1.0,1.4069270737609127,0.2833386112627631,0.20138827132337384,557.1015693587472,69.6376961698434,487.4638731889038,236092496.96580097,0.4237871690750319,-0.5745453015773163,-1.401949140261426,3.4183073292889543,0.4115858927329302
econ_4,S04,经济档,2026-07,42,0.639345388226672,4.808997165526666,0.8315217264132903,1.0,1.0,0.0,0.2,1.0,1.699670965840721,0.3311517990214878,0.19483288570366777,636.9813761577336,79.6226720197167,557.358704138017,319902681.43016034,0.502216694873892,-0.5745453015773163,-1.401949140261426,3.4183073292889543,0.49722590806200895
econ_4,S04,经济档,2026-08,43,0.639345388226672,4.808997165526666,0.8315217264132903,1.0,1.0,0.0,0.42,1.0,2.225696150120067,0.48195004248858697,0.216539010710239,699.4185545782731,87.42731932228413,611.991235255989,489535849.8651923,0.699918305942522,-0.5745453015773163,-1.401949140261426,3.4183073292889543,0.6511106040845768
econ_5,S05,经济档,2023-01,0,0.25122924706180716,1.3509289642133586,1.7356371596206661,0.0,0.0,0.0,0.0,0.5,11.451003268508108,3.1711239883495566,0.276929795057399,0.00831143314484259,0.0013852388574737647,0.006926194287368825,37826.19553724146,4.551103868375982,-3.003172195476717,-0.43314528963356036,0.27052596734005196,42.32866582494893
econ_5,S05,经济档,2023-02,1,0.2794584309770163,1.645592810751567,1.659779433325328,0.0,0.0,0.0,0.0,0.5,10.036996004596576,2.607788526629591,0.2598176312350149,0.009145166143391753,0.0014962754850795358,0.0076488906583122174,34964.80036570997,3.82330947491592,-2.8265287942423765,-0.5144305488333574,0.3289326342533799,30.51383462567896
econ_5,S05,经济档,2023-03,2,0.3059772950995278,1.909269605877712,1.5895381312615429,0.0,0.0,0.0,0.0,0.5,9.207971108792337,2.5283086858791295,0.2745782600756582,0.0124901992080522,0.0020085721400288953,0.010481627068023304,44995.66299354038,3.6024776101675395,-2.6605876756630344,-0.5896975351197219,0.3938866666746367,23.377209456034784
econ_5,S05,经济档,2023-04,3,0.3308894624671907,2.145217969088194,1.5244974194373198,0.0,0.0,0.0,0.0,0.5,8.30529085115011,2.286686672190437,0.2753289093871744,0.014757686431533088,0.0023351705977061486,0.01242251583382694,47800.67239329035,3.239035645258972,-2.504700421211721,-0.6593918349276002,0.46511343397221344,17.856484557369892
econ_5,S05,经济档,2023-05,4,0.3542922779153689,2.3563538412269303,1.4642722517608981,0.0,0.0,0.0,0.0,0.5,7.473060084019241,2.1078711389248324,0.28206265107280587,0.01874833752999835,0.002922074230187916,0.015826263299810434,55196.55993885425,2.944077566906227,-2.3582578980540285,-0.7239260439529243,0.5422216038988911,13.782298658488632
econ_5,S05,经济档,2023-06,5,0.37627718845400043,2.5452865208065636,1.4085060905378244,0.0,0.0,0.0,0.0,0.5,6.719704354181561,1.8232052881036829,0.271322247528514,0.022633115782459415,0.00347786278975666,0.019155252992702754,58294.168282833416,2.57561392974498,-2.2206878788483277,-0.783682209751342,0.6247221608071513,10.756308605251961
econ_5,S05,经济档,2023-07,6,0.3969301005987766,2.7143509107255106,1.3568687957399657,0.0,0.0,0.0,0.0,0.5,6.005359216064779,1.4612227044657569,0.24331978352883177,0.02926636878299375,0.004437690418492622,0.02482867836450113,62930.153600823796,2.150254924601086,-2.0914528057549915,-0.839014093489574,0.7120492617994321,8.433909756311706
econ_5,S05,经济档,2023-08,7,0.4163317160527184,2.86563637389822,1.3090546705507693,0.0,0.0,0.0,0.0,0.5,5.407780215533055,1.3808729994414979,0.25534931975880654,0.03633712535922725,0.005441406393462581,0.03089571896576467,72088.99395739906,1.9838936967283565,-1.970047689917457,-0.8902492642391383,0.8035815499362816,6.729597283513857
econ_5,S05,经济档,2023-09,8,0.43455784704983513,3.0010125544076316,1.2647806516162423,0.0,0.0,0.0,0.0,0.5,4.850220176342935,1.155776029296428,0.23829351808269514,0.043667053077120044,0.006462697333220977,0.03720435574389907,74345.4075534015,1.7025515191533684,-1.855998138207294,-0.9376910382108282,0.8986627897811267,5.397152559887594
econ_5,S05,经济档,2023-10,9,0.4516797125930762,3.122152483287613,1.223784633287797,0.0,0.0,0.0,0.0,0.5,4.721908243315795,1.1199142840302008,0.2371740885934243,0.05558449558246038,0.008136107393062588,0.04744838818939779,91556.08025532127,1.6471514096857556,-1.7488584995227456,-0.9816202744103594,0.9966209643718608,4.737917836488486
econ_5,S05,经济档,2023-11,10,0.46776421674413277,3.2305532544855167,1.18582391593635,0.0,0.0,0.0,0.0,0.5,4.367167841685018,1.2229998538974418,0.28004416093739193,0.06533096382302252,0.009463847633352082,0.05586711618967044,109655.68598062042,1.678464231412088,-1.6482101233973654,-1.0222970373456102,1.0967852425614768,3.981789389767642
econ_5,S05,经济档,2023-12,11,0.482874210052513,3.3275545265264,1.150673769151568,0.0,0.0,0.0,0.0,0.5,3.990972366987159,1.008326961808449,0.25265195272941693,0.08595473831135313,0.012330124117828835,0.07362461419352428,123446.86817985235,1.4361845618410447,-1.5536597241142183,-1.0599621366288126,1.1985004700136062,3.3299714658784
econ_5,S05,经济档,2024-01,12,0.49706873514542943,3.414355078529588,1.1181261013202954,0.0,0.0,0.0,0.0,0.5,3.887017498124751,0.8881471182564172,0.22849064062224933,0.10766203673346691,0.015302230848497515,0.0923598058849694,141509.13450791186,1.3143828484151603,-1.4648378439334013,-1.094838552588257,1.30113904351054,2.987395941664603
econ_5,S05,经济档,2024-02,13,0.510403257438149,3.492027625183232,1.0879882277079584,0.0,0.0,0.0,0.0,0.5,3.770184719502692,0.9174207803028823,0.2433357643080934,0.1435377697968066,0.020224705839877514,0.12331306395692909,189380.84427084817,1.3193798715065552,-1.3813974094278871,-1.1271327563292421,1.404110191509653,2.6851060139725313
econ_5,S05,经济档,2024-03,14,0.522929881866307,3.5615320737660103,1.0600817297498932,0.0,0.0,0.0,0.0,0.5,3.6070190459072426,0.883617140198206,0.24497157596126787,0.2181275236111691,0.03048349305574575,0.18764403055542336,275760.02169250406,1.2642146993979073,-1.3030123752865765,-1.1570359320591392,1.5068668043167044,2.393721220465044
econ_5,S05,经济档,2024-04,15,0.5346975564870772,3.623727387051383,1.0342413987995136,0.0,0.0,0.0,0.0,0.5,3.2802950954911214,0.7295259251818982,0.22239643201145431,0.29952459296860523,0.04153608839488365,0.2579885045737216,324459.9295330611,1.0832497135454566,-1.2293764502851476,-1.1847251089128255,1.6089100385917618,2.038830647338294
econ_5,S05,经济档,2024-05,16,0.5457522637447673,3.6793821987007225,1.0103142580802256,1.0,0.0,0.0,0.0,0.5,3.7037460417775154,0.7842999815844927,0.21175857435627216,0.4391139339284917,0.060450105116178564,0.3786638288123131,520877.8715132918,1.1862021021590154,-1.1602019004464523,-1.2103642089789828,1.9261649690220612,1.9228602437193918
econ_5,S05,经济档,2024-06,17,0.5561372001482202,3.7291843123344495,0.9881586570509673,1.0,1.0,0.0,0.0,0.5,3.282691808099487,0.7363305706857015,0.22430694494954728,0.6066980744304623,0.08294597584728905,0.5237520985831733,657940.7570762954,1.0844615877410475,-1.0952184247137404,-1.23410501773166,1.8359998169689644,1.7879586793853026
econ_5,S05,经济档,2024-07,18,0.5658929450621112,3.7737492016743652,0.9676434328239463,1.0,1.0,0.0,0.0,0.5,2.9491815497275704,0.7026148362716969,0.23824061843076452,0.9012483958561578,0.12241519013901582,0.778833205717142,908244.3854822883,1.0077625543172086,-1.034172098743408,-1.25608808261213,1.9348703218575194,1.5242269812150973
econ_5,S05,经济档,2024-08,19,0.5750576192716965,3.8136276168052032,0.948647133670105,1.0,1.0,0.0,0.0,0.5,2.882681357759023,0.6417337936790687,0.22261697150528917,1.306782449375227,0.17640762177712258,1.1303748275981045,1233926.6890573709,0.9442479807157738,-0.976824382690108,-1.276443545080714,2.031511998908385,1.4189831806595317
econ_5,S05,经济档,2024-09,20,0.5836670339406107,3.849312390556523,0.9310573000154019,1.0,1.0,0.0,0.0,0.5,2.8645897947745453,0.6360480868345784,0.222038104022722,1.8095483365992728,0.24285846888012916,1.5666898677191436,1692179.9845544694,0.9351394214396191,-0.9229511891071202,-1.2952919110643872,2.1256745848172125,1.3476144538938788
econ_5,S05,经济档,2024-10,21,0.5917548305437667,3.881244529120828,0.9147697986713543,1.0,1.0,0.0,0.0,0.5,2.7535504626567517,0.5879846305483735,0.21353690027567498,2.6546855374153546,0.35432533777368286,2.300360199641672,2328229.1398722255,0.8770263396767617,-0.8723420073197822,-1.3127447643612744,2.2171533975902538,1.2419305157908735
econ_5,S05,经济档,2024-11,22,0.5993526123221498,3.9098186621781337,0.8996882063584317,1.0,1.0,0.0,0.0,0.5,2.6956756199784846,0.520908556547813,0.19323859023956694,3.679572340858373,0.48856400658414906,3.191008334274224,2979233.6266867253,0.8096684480435375,-0.8247990808504554,-1.3289054272254461,2.305786001318544,1.1690918491295315
econ_5,S05,经济档,2024-12,23,0.6064900677731692,3.9353879198816952,0.8857232388727145,1.0,1.0,0.0,0.0,0.5,2.59905155642124,0.518082692102366,0.19933528860648658,5.46637551200693,0.7222373687540768,4.7441381432528535,4334988.018327823,0.7930278497710216,-0.7801366346807885,-1.3438695720427292,2.3914486292386976,1.0868105317606724
econ_5,S05,经济档,2025-01,24,0.6131950866591059,3.9582682969766014,0.8727922225164346,1.0,1.0,0.0,0.0,0.5,2.4692324524769806,0.5552424576133007,0.22486439340950504,7.817695948186657,1.028087212288117,6.78960873589854,6308465.3493114505,0.8069468793775131,-0.7381801493318004,-1.3577257877187008,2.47405250184724,0.9980517594648212
econ_5,S05,经济档,2025-02,25,0.619493868986966,3.978742557984661,0.8608186046632325,1.0,1.0,0.0,0.0,0.5,2.379259874524824,0.5372428904909463,0.22580252634161802,10.170113978576426,1.3315436924382962,8.838570286138129,7916547.526927301,0.7784128618030915,-0.6987656789252187,-1.3705561041319236,2.553540148838627,0.9317495460593923
econ_5,S05,经济档,2025-03,26,0.6254110273855765,3.9970637317173945,0.8497315005606303,1.0,1.0,0.0,0.0,0.5,2.373461842954198,0.497192941977439,0.20948006535407093,16.139084497538995,2.1042071400136546,14.03487735752534,11972297.320174761,0.7418201027450091,-0.6617392105614002,-1.3824364777572342,2.629881818736095,0.9024975289934773
econ_5,S05,经济档,2025-04,27,0.6309696832799676,4.013458238303629,0.8394652736867652,1.0,1.0,0.0,0.0,0.5,2.2059143172936757,0.4966272382972376,0.22513441904965933,22.24735092624687,2.889107524614926,19.358243401631945,15986954.611587152,0.7186003702007568,-0.6269560625105798,-1.3934372413340002,2.7030720385063653,0.8160767770409094
econ_5,S05,经济档,2025-05,28,0.6361915572388437,4.028128687376766,0.8299591471770544,1.0,1.0,0.0,0.0,0.5,2.1963041003280592,0.4385223239933707,0.19966375509105008,33.003086699489614,4.269786739189451,28.73329996030016,21977943.597397618,0.6659360016085253,-0.5942803188658642,-1.4036235202414316,2.773126367181466,0.7919956790718938
econ_5,S05,经济档,2025-06,29,0.6410970538481774,4.041256382002729,0.8211568440204124,1.0,1.0,0.0,0.0,0.5,2.168298998879895,0.39835381313376944,0.1837171964473313,45.615595793875144,5.880531254031613,39.735064539843535,28579364.505561776,0.6265261695737658,-0.5635842984488739,-1.413055618045908,2.840078372381023,0.7634644944893082
econ_5,S05,经济档,2025-07,30,0.6457053414425729,4.053003559293176,0.8130062538949514,1.0,1.0,0.0,0.0,0.5,2.1547833263111977,0.4602027732819788,0.2135726444801325,58.4812321938425,7.513666856770186,50.967565337072315,39645738.97797659,0.6779224289694583,-0.5347480558927631,-1.421789373502801,2.9039768463665894,0.7420111937211996
econ_5,S05,经济档,2025-08,31,0.6500344270059492,4.063515395394255,0.8054591246708078,1.0,1.0,0.0,0.0,0.5,2.202996510865589,0.4264545798100113,0.19357932602555558,72.15850278203816,9.241262733365392,62.91724004867277,47189814.725358516,0.6539744161252901,-0.5076589129530952,-1.4298764911262642,2.9648832685447317,0.7430297624995188
econ_5,S05,经济档,2025-09,32,0.654101226534222,4.072921799629411,0.7984707767537671,1.0,1.0,0.0,0.0,0.5,2.1770451515507863,0.4384296099075704,0.20138746759352302,87.92398885118304,11.226168734702311,76.69782011648073,58066471.568804346,0.6604167113833467,-0.4822110182151505,-1.437364847283993,3.0228695138296526,0.7201915734671268
econ_5,S05,经济档,2025-10,33,0.6579216311349253,4.081339019968876,0.7919998385785765,1.0,1.0,0.0,0.0,0.5,2.1640340341254647,0.44452375338121297,0.20541440031503716,112.60488205718315,14.336061353048187,98.26882070413497,74706549.70305456,0.6634397047289388,-0.458304933477222,-1.4442987736290616,3.0780158006455607,0.7030613792403522
econ_5,S05,经济档,2025-11,34,0.6615105691220586,4.088871079666919,0.7860080016860493,1.0,1.0,0.0,0.0,0.5,2.0587088316613906,0.43504934366743564,0.21132145399908162,133.49444846068602,16.949178789336262,116.54526967134976,85596367.14107949,0.6411979533837134,-0.4358472451936865,-1.4507193195467674,3.1304088682814752,0.6576485431411315
econ_5,S05,经济档,2025-12,35,0.6648820643487993,4.095611062821321,0.7804597939339957,1.0,1.0,0.0,0.0,0.5,2.0230451806346705,0.3333696017269404,0.1647860388478104,170.58801074725633,21.60268275842739,148.98532798882894,93370382.6980097,0.547344343186858,-0.4147501994595396,-1.456664495170199,3.180140370522069,0.636149649049157
econ_5,S05,经济档,2026-01,36,0.6680492910060125,4.101642264742548,0.7753223694993725,1.0,1.0,0.0,0.0,0.5,2.002560186363968,0.3961280267232684,0.19781079710893223,192.7024094440054,24.34320118380826,168.35920826019714,115440526.44814633,0.5990611470879948,-0.39493135911010985,-1.46216949640319,3.227305470716328,0.6205053114849655
econ_5,S05,经济档,2026-02,37,0.6710246251006898,4.107039221349307,0.7705653144284454,1.0,1.0,0.0,0.0,0.5,2.02485689582003,0.40786465664662447,0.201428879980897,197.12592594063003,24.84392461550318,172.28200132512686,120573131.39380077,0.6116553711464353,-0.37631328159603994,-1.4672669132828173,3.2720016224937334,0.618843487698762
econ_5,S05,经济档,2026-03,38,0.6738196928154639,4.111868630312177,0.7661604665838091,1.0,1.0,0.0,0.0,0.5,1.9374288606589627,0.44267345287541,0.22848501014114495,244.4444341123032,30.739314101150136,213.7051200111531,154156817.66892034,0.6306415534832642,-0.3588232163748492,-1.4719869229149665,3.314327520010478,0.5845616792431056
econ_5,S05,经济档,2026-04,39,0.6764454159381711,4.116190175329127,0.7620817489223342,1.0,1.0,0.0,0.0,0.5,2.0012440120997477,0.38081397377077286,0.19028862620866246,262.06137730632395,32.885429304572106,229.17594800175183,153085171.93233564,0.584157701931766,-0.34239282063660215,-1.4763574681251537,3.3543822017517657,0.5966058402810014
econ_5,S05,经济档,2026-05,40,0.6789120545389734,4.120057263719678,0.7583050151170376,1.0,1.0,0.0,0.0,0.5,1.9480038942339883,0.3749865625595137,0.19249785057897395,297.73288137237273,37.287228708471034,260.4456526639017,170299286.7553005,0.5719868291682173,-0.326957892252899,-1.4804044228822333,3.3922642924035897,0.574248857495042
econ_5,S05,经济档,2026-06,41,0.6812292470618072,4.123517686453139,0.7548079066089401,1.0,1.0,0.0,0.0,0.5,1.8825906483434207,0.4099756228826492,0.21777204898123015,318.6196295361993,39.82745369202491,278.7921758441744,189276787.8144612,0.5940525010652457,-0.3124581189056569,-1.4841517454743156,3.428071368035916,0.5491690359474736
econ_5,S05,经济档,2026-07,42,0.6812292470618072,4.123517686453139,0.7548079066089401,1.0,1.0,0.0,0.1,0.5,2.0698705537686823,0.3914457901580857,0.18911607271544945,367.57089988394046,45.94636248549256,321.6245373984479,221001593.9376673,0.6012488856094103,-0.3124581189056569,-1.4841517454743156,3.428071368035916,0.6038003097218472
econ_5,S05,经济档,2026-08,43,0.6812292470618072,4.123517686453139,0.7548079066089401,1.0,1.0,0.0,0.21,0.5,2.3233695772879916,0.44017358979393467,0.18945483064633126,406.96678528018913,50.87084816002364,356.0959371201655,274935807.9390542,0.6755730882306917,-0.3124581189056569,-1.4841517454743156,3.428071368035916,0.6777483103040373
econ_6,S06,经济档,2023-01,0,0.3062844169539503,2.863701370478843,2.4250161661772807,0.0,0.0,0.0,0.0,1.0,9.436413795659814,2.645190855942594,0.2803173867978557,0.01514282372005536,0.00252380395334256,0.012619019766712801,57195.37414073006,3.777061345895464,-2.6586658684609015,0.30555799046062154,0.45452745589411436,20.760932421776733
econ_6,S06,经济档,2023-02,1,0.33451360086915943,3.1583652170170513,2.3491584398819425,0.0,0.0,0.0,0.0,1.0,8.611971124447638,2.3014556094896332,0.26723912287121676,0.016789163370821227,0.0027469390028422346,0.014042224367978993,55974.115414493586,3.3339431023569612,-2.4820224672265603,0.22427273126082456,0.5526601193881133,15.582762030997502
econ_6,S06,经济档,2023-03,2,0.36103246499167096,3.4220420121431965,2.278917137818157,0.0,0.0,0.0,0.0,1.0,7.969808107286117,2.072771826787704,0.26007800926759395,0.02238463853630909,0.0035997153111586885,0.0187849232251504,67625.89990025625,3.021085187083249,-2.3160813486472187,0.14900574497445984,0.6617934177431162,12.042743088115305
econ_6,S06,经济档,2023-04,3,0.38594463235933385,3.657990375353678,2.2138764259939343,0.0,0.0,0.0,0.0,1.0,7.2424345503772845,1.8535749461407598,0.25593257809201747,0.026846603176087343,0.004248050578655033,0.02259855259743231,72654.33919624615,2.706276794859486,-2.1601940941959055,0.07931144516658169,0.7814659270022175,9.267754741604662
econ_6,S06,经济档,2023-05,4,0.40934744780751203,3.8691262474924146,2.1536512583175127,0.0,0.0,0.0,0.0,1.0,6.742192057415382,1.5266208976594537,0.22642797545056637,0.03466000366712233,0.00540203115992897,0.02925797250719336,81087.36383301066,2.339508230056197,-2.013751571038213,0.014777236141257723,0.9110201455862275,7.4007057803061915
econ_6,S06,经济档,2023-06,5,0.4313323583461436,4.058058927072048,2.097885097094439,0.0,0.0,0.0,0.0,1.0,6.048584311981667,1.6377527653504917,0.27076629519840867,0.04184819068816497,0.006430500626246292,0.03541769006191867,96900.84504733555,2.315532486682631,-1.876181551832512,-0.044978929657160015,1.049634447976737,5.762562693746235
econ_6,S06,经济档,2023-07,6,0.45198527049091974,4.227123316990995,2.04624780229658,0.0,0.0,0.0,0.0,1.0,5.518482038397148,1.27342775757152,0.23075689088251325,0.053378059971622586,0.008093771627433287,0.0452842883441893,102331.60310824215,1.9171098230742138,-1.7469464787391757,-0.10031081339539226,1.1963581264276715,4.6127341942962765
econ_6,S06,经济档,2023-08,7,0.47138688594486156,4.378408780163705,1.9984336771073838,0.0,0.0,0.0,0.0,1.0,5.16034595966488,1.081007673266104,0.2094835659693456,0.06593314868481921,0.009873347251548351,0.05605980143327086,111550.96310903583,1.6918798105985176,-1.6255413629016413,-0.1515459841449564,1.350147200608166,3.8220617406312676
econ_6,S06,经济档,2023-09,8,0.4896130169419783,4.5137849606731155,1.9541596581728569,0.0,0.0,0.0,0.0,1.0,4.698033076406319,1.0711485701369816,0.22799936754730954,0.07951374549897167,0.011767986039338813,0.06774575945963285,127852.16103353117,1.607925274192808,-1.5114918111914784,-0.19898775811664624,1.5098990886611585,3.111488119760446
econ_6,S06,经济档,2023-10,9,0.5067348824852194,4.634924889553098,1.9131636398444116,0.0,0.0,0.0,0.0,1.0,4.306912277800449,1.1013831884099008,0.25572454635003156,0.1025209747455478,0.015006372763314962,0.08751460198223283,161018.24246318647,1.5705882904725215,-1.40435217250693,-0.24291699431617744,1.6744846932097608,2.5720822025220667
econ_6,S06,经济档,2023-11,10,0.5228193866362759,4.743325660751001,1.8752029224929645,0.0,0.0,0.0,0.0,1.0,3.9049547949914625,0.894542500610096,0.22907883639458412,0.12358795187439141,0.01790295868013995,0.10568499319425147,164449.96243149322,1.330631019750468,-1.3037037963815497,-0.28359375725142827,1.8427769092385768,2.1190599770457097
econ_6,S06,经济档,2023-12,11,0.5379293799446562,4.840326932791884,1.8400527757081826,0.0,0.0,0.0,0.0,1.0,3.574931151461241,0.9385241199795405,0.26252928524117786,0.1575630987725144,0.022602274201772774,0.13496082457074163,207465.5632497547,1.316714160015907,-1.2091533970984025,-0.3212588565346307,2.0136749713140496,1.7753268041705725
econ_6,S06,经济档,2024-01,12,0.5521239050375726,4.927127484795072,1.80750510787691,0.0,0.0,0.0,0.0,1.0,3.3574580898530826,0.7979914969833939,0.2376772771624717,0.19771192064392487,0.028101209516248164,0.1696107111276767,229696.53850217653,1.161773846281405,-1.1203315169175856,-0.356135272494075,2.1861244043458172,1.5358037644970066
econ_6,S06,经济档,2024-02,13,0.5654584273302921,5.004800031448717,1.777367234264573,0.0,0.0,0.0,0.0,1.0,3.225131837214138,0.7619421768001469,0.23625148219004616,0.2610720917747642,0.036785483476723085,0.22428660829804112,289531.46046182554,1.109009616821143,-1.0368910824120718,-0.38842947623506013,2.3591326164251454,1.3670837386417318
econ_6,S06,经济档,2024-03,14,0.57798505175845,5.074304480031495,1.7494607363065078,0.0,0.0,0.0,0.0,1.0,3.102798465012649,0.6533667464482844,0.21057337555619193,0.3964794715948748,0.05540831812060809,0.3410711534742667,394765.3942664004,0.9956767564242877,-0.9585060482707611,-0.4183326519649573,2.5317803746227026,1.2255401361482796
econ_6,S06,经济档,2024-04,15,0.5897527263792203,5.136499793316867,1.7236204053561281,0.0,0.0,0.0,0.0,1.0,2.8520915070161394,0.6323484705685087,0.22171394887328572,0.5465914886542138,0.07579769047883197,0.47079379817538186,513887.68749545666,0.9401677453132712,-0.8848701232693321,-0.44602182881864355,2.7032295413045366,1.0550681928548933
econ_6,S06,经济档,2024-05,16,0.6008074336369104,5.192154604966207,1.69969326463684,0.0,0.0,0.0,0.0,1.0,2.603012516668612,0.6126030810870828,0.23534388604135664,0.805544563189573,0.1108943482729603,0.6946502149166127,714204.2385180452,0.8866104634734748,-0.8156955734306369,-0.47166092888480105,2.8727275291375243,0.9061118711283112
econ_6,S06,经济档,2024-06,17,0.6111923700403633,5.241956718599933,1.6775376636075818,0.0,0.0,0.0,0.0,1.0,2.4457037774860817,0.5788309027862742,0.23667253087422127,1.1340945798459339,0.15505007448185676,0.9790445053640772,945907.7677676055,0.8340642699272105,-0.750712097697925,-0.4954017376374779,3.0396089684036287,0.8046113177414858
econ_6,S06,经济档,2024-07,18,0.6209481149542543,5.28652160793985,1.6570224393805608,1.0,0.0,0.0,0.0,1.0,2.787007462452369,0.668047373476046,0.2397006044928964,1.660971298693729,0.2256071891832723,1.4353641095104568,1587660.1431769277,0.955862479035937,-0.6896657717275926,-0.5173848025179479,3.608669875276064,0.7723087893261952
econ_6,S06,经济档,2024-08,19,0.6301127891638396,5.326400023070688,1.6380261402267196,1.0,1.0,0.0,0.0,1.0,2.425349287332289,0.5930782009259841,0.244533108704655,2.3834885306801787,0.32175634393572033,2.0617321867444582,2003139.9355647403,0.8404235681356949,-0.6323180556742926,-0.5377402649865319,3.413269304833522,0.7105648780474948
econ_6,S06,经济档,2024-09,20,0.6387222038327538,5.362084796822007,1.6204363065720164,1.0,1.0,0.0,0.0,1.0,2.4436313476537643,0.5775362648571614,0.23634345066479803,3.3536443756580234,0.45009073356470825,2.903553642093315,2776763.3510941793,0.8279838408773877,-0.5784448620913047,-0.5565886309702053,3.571477705433198,0.6842073643456685
econ_6,S06,经济档,2024-10,21,0.6468100004359097,5.394016935386313,1.6041488052279687,1.0,1.0,0.0,0.0,1.0,2.371653073455014,0.4863424782011999,0.20506476417003872,4.981852279328541,0.6649361917759574,4.316916087552584,3676497.6310838736,0.7379780501198232,-0.5278356803039668,-0.5740414842670926,3.7251769323383885,0.636655148609617
econ_6,S06,经济档,2024-11,22,0.6544077822142929,5.422591068443618,1.589067212915046,1.0,1.0,0.0,0.0,1.0,2.234839961385378,0.4615805195972201,0.20653851173803342,6.993914573309641,0.9286337131358894,6.065280860173752,4874963.222547846,0.6970292775882347,-0.48029275383464,-0.5902021471312644,3.8740940669040738,0.5768677587045061
econ_6,S06,经济档,2024-12,23,0.6615452376653123,5.44816032614718,1.575102245429329,1.0,1.0,0.0,0.0,1.0,2.1409747809469715,0.45426298637876544,0.21217577638996804,10.412017322215622,1.3756735112143803,9.036343811001242,7050158.819857458,0.6771174693317953,-0.4356303076649731,-0.6051662919485472,4.018021160915012,0.5328430825036804
econ_6,S06,经济档,2025-01,24,0.668250256551249,5.471040703242085,1.5621712290730492,1.0,1.0,0.0,0.0,1.0,2.1232747126907014,0.43201469474489135,0.20346622703259368,14.719516386865603,1.935729742970121,12.783786643895482,9632869.698498055,0.6544284095565516,-0.393673822315985,-0.6190225076245188,4.156809050421261,0.5107943826468343
econ_6,S06,经济档,2025-02,25,0.6745490388791091,5.491514964250145,1.550197611219847,1.0,1.0,0.0,0.0,1.0,2.112283035501298,0.4078375823255752,0.19307904076822027,18.779396285413664,2.4587321955601054,16.320664089853558,11849718.489876179,0.6309957098610297,-0.35425935190940333,-0.6318528240377418,4.290361175998136,0.49233221839648117
econ_6,S06,经济档,2025-03,26,0.6804661972777196,5.509836137982878,1.5391105071172446,1.0,1.0,0.0,0.0,1.0,2.040420932460853,0.4151123731041836,0.2034444787838638,30.03006044077174,3.915306819550333,26.11475362122141,18829431.34035352,0.62701942866518,-0.31723288354558477,-0.6437331976630524,4.418627550344328,0.4617770810535616
econ_6,S06,经济档,2025-04,27,0.6860248531721107,5.526230644569113,1.5288442802433795,1.0,1.0,0.0,0.0,1.0,1.9228980222331893,0.49150779455580873,0.2556078319665585,41.683425268055174,5.41313426451975,36.27029100353543,28236035.910372827,0.6773924102636549,-0.2824497354947643,-0.6547339612398185,4.54159897787718,0.42339670050128125
econ_6,S06,经济档,2025-05,28,0.6912467271309868,5.540901093642249,1.5193381537336688,1.0,1.0,0.0,0.0,1.0,1.835692924808686,0.4211729551386193,0.2294354079849785,61.31985189446758,7.933278873339682,53.3865730211279,37048044.622356005,0.604177007571973,-0.24977399185004875,-0.6649202401472498,4.659301600291383,0.3939845672780413
econ_6,S06,经济档,2025-06,29,0.6961522237403205,5.554028788268214,1.510535850577027,1.0,1.0,0.0,0.0,1.0,1.8175903693726931,0.3873241578100666,0.21309760677470152,84.10115396494758,10.841894220252716,73.25925974469487,48081203.60289166,0.5717068237010323,-0.21907797143305852,-0.674352337951726,4.771791816626559,0.38090311547951133
econ_6,S06,经济档,2025-07,30,0.700760511334716,5.565775965558659,1.502385260451566,1.0,1.0,0.0,0.0,1.0,1.7811468449148118,0.40397183899128225,0.226804342463186,108.05423153496025,13.882804239263038,94.17142729569721,62769917.63440997,0.5809112400572778,-0.19024172887694765,-0.683086093408619,4.879151605787453,0.3650525724189605
econ_6,S06,经济档,2025-08,31,0.7050895968980923,5.57628780165974,1.4948381312274224,1.0,1.0,0.0,0.0,1.0,1.8032391586226033,0.4106894680612298,0.22775097030109595,133.8448847992368,17.14137209419292,116.70351270504389,78838896.94648087,0.5890318263916979,-0.16315258593727983,-0.6911732110320822,4.981484263138036,0.3619883278496339
econ_6,S06,经济档,2025-09,32,0.7091563964263651,5.585694205894894,1.4878497833103816,1.0,1.0,0.0,0.0,1.0,1.8436603509407696,0.41776962417307784,0.2265979327265466,159.83497899216917,20.40779163136827,139.4271873608009,95873479.94424562,0.5998279009311396,-0.1377046911993351,-0.6986615671898112,5.078910550179369,0.36300311508255606
econ_6,S06,经济档,2025-10,33,0.7129768010270684,5.59411142623436,1.481378845135191,1.0,1.0,0.0,0.0,1.0,1.902611300195474,0.37961515284064545,0.1995232304158205,203.4026434377118,25.895793525314623,177.50684991239717,116653919.34854856,0.5735123072983642,-0.11379860646140658,-0.7055954935348796,5.171565246861166,0.3678985392962501
econ_6,S06,经济档,2025-11,34,0.7165657390142017,5.601643485932403,1.4753870082426639,1.0,1.0,0.0,0.0,1.0,1.804216826096802,0.3467127486696178,0.1921680053387417,242.44012027297603,30.78151182762481,211.65860844535123,128921259.4857725,0.5317653668073308,-0.09134091817787107,-0.7120160394525853,5.25959408924252,0.3430334728276803
econ_6,S06,经济档,2025-12,35,0.7199372342409424,5.608383469086807,1.46983880049061,1.0,1.0,0.0,0.0,1.0,1.7909340121498647,0.37574469131605176,0.2098037609241683,312.00975748697147,39.511849508059974,272.4979079789115,173152757.4847375,0.5549594310106402,-0.07024387244372422,-0.7179612150760174,5.343151070531479,0.33518311358015224
econ_6,S06,经济档,2026-01,36,0.7231044608981556,5.614414671008031,1.464701376055987,1.0,1.0,0.0,0.0,1.0,1.735697275369278,0.38594447619274513,0.2223570213939718,348.3889362981901,44.01035768566321,304.3785786125269,193861889.009937,0.5564524840249472,-0.050425032094294456,-0.723466216309008,5.422396080572748,0.3200978404340287
econ_6,S06,经济档,2026-02,37,0.7260797949928329,5.619811627614791,1.45994432098506,1.0,1.0,0.0,0.0,1.0,1.780644210574748,0.3630621556509916,0.2038937107676351,356.9397716552415,44.98538047171187,311.95439118352965,193361791.02534103,0.5417210587900078,-0.031806954580224533,-0.7285636331886354,5.497492857253356,0.32390114126758307
econ_6,S06,经济档,2026-03,38,0.728874862707607,5.6246410365776605,1.4555394731404236,1.0,1.0,0.0,0.0,1.0,1.7152346962961624,0.3559831771197955,0.20754196372572056,441.37790582641236,55.504041782651804,385.8738640437606,232567062.34006616,0.5269114273054063,-0.014316889359033809,-0.7332836428207845,5.5686072227461825,0.30801861716694884
econ_6,S06,经济档,2026-04,39,0.7315005858303142,5.62896258159461,1.4514607554789487,1.0,1.0,0.0,0.0,1.0,1.7061848831838113,0.3276795996326738,0.19205398129023987,473.62394889060914,59.43388929833936,414.19005959226973,237126836.36867496,0.5006647930792096,0.0021135063792132583,-0.7376541880309717,5.635905577752639,0.3027348240039475
econ_6,S06,经济档,2026-05,40,0.7339672244311165,5.632829669985162,1.447684021673652,1.0,1.0,0.0,0.0,1.0,1.6948632712341545,0.3969537477746294,0.23420989439789924,543.0252515116673,68.00695527568085,475.01829623598644,303822783.63760924,0.5595002862055327,0.017548434762916374,-0.7417011427880517,5.69955362772442,0.2973677206912848
econ_6,S06,经济档,2026-06,41,0.7362844169539503,5.636290092718625,1.4441869131655545,1.0,1.0,0.0,0.0,1.0,1.6485545872429779,0.3234373791069113,0.19619452192227613,576.0140969550993,72.00176211938741,504.01233483571184,281715263.8483114,0.4890770301239196,0.032048208110158495,-0.745448465380134,5.759715316268396,0.2862215399060805
econ_6,S06,经济档,2026-07,42,0.7362844169539503,5.636290092718625,1.4441869131655545,1.0,1.0,0.0,0.2,1.0,2.054325302518824,0.40367375954105805,0.19649943416756369,659.0818086353103,82.38522607941378,576.6965825558965,402043332.0834924,0.6100052024132789,0.032048208110158495,-0.745448465380134,5.759715316268396,0.3566713265699702
econ_6,S06,经济档,2026-08,43,0.7362844169539503,5.636290092718625,1.4441869131655545,1.0,1.0,0.0,0.42,1.0,2.64140130255392,0.5820966308291299,0.22037417421817423,730.6547110211656,91.3318388776457,639.3228721435198,613391728.0628035,0.8395097147947285,0.032048208110158495,-0.745448465380134,5.759715316268396,0.45859928095634256
balanced_1,S07,均衡档,2023-01,0,0.3550918462858287,2.98627571204106,2.341251562872174,0.0,0.0,0.0,0.0,0.5,12.787095424040208,3.7124174667836,0.2903253118612159,0.009003316156799796,0.0015005526927999659,0.007502763463999831,47041.100604532454,5.224863792993035,-2.3532546192875703,0.21580012631221762,0.5748683680694516,22.243518924136314
balanced_1,S07,均衡档,2023-02,1,0.3793820743058923,3.207273596944716,2.2616203857870016,0.0,0.0,0.0,0.0,0.5,11.773272132377862,3.1305881213765305,0.26590637557481156,0.009887738497593534,0.0016177705779043712,0.008269967919689163,44936.316594966236,4.544650589809063,-2.2012591345045327,0.13047143026677663,0.6757608464755077,17.422246633231914
balanced_1,S07,均衡档,2023-03,2,0.4022006318066581,3.4050311932893247,2.187885015159658,0.0,0.0,0.0,0.0,0.5,9.943754848082033,2.612352880997103,0.262712920914475,0.013333179340596319,0.0021441333413053667,0.011189045999290952,50550.4728593964,3.7913292522423654,-2.0584725906106804,0.05146037883739757,0.7845665467144443,12.674201939559914
balanced_1,S07,均衡档,2023-04,3,0.42363668279743777,3.5819924656971867,2.119608931839472,0.0,0.0,0.0,0.0,0.5,8.691377591618302,2.175865517052373,0.2503475995739399,0.015785806590445126,0.0024978543609869867,0.01328795222945814,50622.592468525516,3.2068423097978718,-1.9243370460828062,-0.021700779568813593,0.9005805935245962,9.650860405067043
balanced_1,S07,均衡档,2023-05,4,0.44377398911331206,3.7403443698012384,2.0563879360828405,0.0,0.0,0.0,0.0,0.5,7.983961516414531,1.8731065562992224,0.23460866544111358,0.019685576774943824,0.0030681502564379186,0.016617426518505906,55622.20413461169,2.825530832574268,-1.7983283633657219,-0.08944516472134992,1.0230013072748863,7.804448987149921
balanced_1,S07,均衡档,2023-06,5,0.46269123771632065,3.882043879485964,1.9978477546591882,0.0,0.0,0.0,0.0,0.5,7.147832859134698,1.8237481647869207,0.25514700759352954,0.023042193123997638,0.003540722666317313,0.019501470457680324,60874.26477722675,2.6418607139364845,-1.6799541607933743,-0.1521738286691534,1.1509591150572482,6.210327339715423
balanced_1,S07,均衡档,2023-07,6,0.48046234816647676,4.008842171925174,1.9436418251242262,0.0,0.0,0.0,0.0,0.5,6.368037026955025,1.5279037149099501,0.23993323349762946,0.029033087544401776,0.004402317737823223,0.024630769806578554,65667.56704744238,2.2618182426176214,-1.5687518885967835,-0.21025813000005283,1.2835441873258362,4.961291625045127
balanced_1,S07,均衡档,2023-08,7,0.4971567614640547,4.122306269304706,1.8934492441432238,0.0,0.0,0.0,0.0,0.5,5.5919978839917945,1.3589812529808303,0.2430224905612329,0.03512083594828208,0.005259269669338441,0.02986156627894364,69991.13362001172,1.992866391992452,-1.4642870214807648,-0.2640419323125974,1.4198317378688852,3.938493368506592
balanced_1,S07,均衡档,2023-09,8,0.5128397113918062,4.223838404686765,1.846972867718213,0.0,0.0,0.0,0.0,0.5,4.954956794939617,1.2840082547384275,0.2591361151826299,0.04139800345722711,0.006126879367636493,0.03527112408959062,75646.83703938355,1.82730640905286,-1.3661513607069042,-0.3138436399154064,1.55890428056914,3.178486874852004
balanced_1,S07,均衡档,2023-10,9,0.5275724794173857,4.314693351346751,1.8039375520723233,0.0,0.0,0.0,0.0,0.5,4.485943104040942,1.087171643166448,0.24235074274284102,0.05286643230914058,0.007738254458334376,0.0451281778508062,83775.44449184784,1.5846623430528544,-1.2739614390481069,-0.3599580828055329,1.6998704525555992,2.638991163883541
balanced_1,S07,均衡档,2023-11,10,0.5414126341520158,4.395993929745178,1.7640885247771427,1.0,0.0,0.0,0.0,0.5,4.538405458081541,1.1074986009466072,0.24402813084372707,0.061729859164431786,0.008942191380231761,0.05278766778420003,99045.55838548935,1.6044999895700158,-1.187357022382082,-0.40265826208506394,2.074968960920339,2.187216070966459
balanced_1,S07,均衡档,2023-12,11,0.5544142563010872,4.468744883775842,1.7271898764800504,1.0,0.0,0.0,0.0,0.5,4.220268203813045,0.9285947045919969,0.22003215429602424,0.07771909735524056,0.011148729384115477,0.06657036797112509,108867.51931342616,1.4007820859757487,-1.105999702068676,-0.44219696614895865,2.2352281042796167,1.8880704818147314
balanced_1,S07,均衡档,2024-01,12,0.5666281499856898,4.533845297778233,1.6930231643024318,1.0,1.0,0.0,0.0,0.5,3.5622152445471555,0.8114509547821441,0.22779391448180145,0.09491633764837219,0.01349065793344625,0.08142567971492594,114129.57289795497,1.2024228465362863,-1.0295715726107633,-0.4788082672120814,2.1574959781787872,1.6510877798039456
balanced_1,S07,均衡档,2024-02,13,0.5781020412608204,4.592099707768465,1.661386118640782,1.0,1.0,0.0,0.0,0.5,3.2763761579329342,0.804647316147138,0.2455906395847997,0.12319487031976845,0.01735835812919678,0.10583651219057166,142033.576199879,1.1529179407487682,-0.9577739894316005,-0.5127089070349898,2.300197660680984,1.4243889618438044
balanced_1,S07,均衡档,2024-03,14,0.5888807646059797,4.644228044205549,1.6320914457148645,1.0,1.0,0.0,0.0,0.5,3.123091467518059,0.7097673375973815,0.2272643452743439,0.18352205582195458,0.025647351703296364,0.1578747041186582,192153.33368527403,1.0470312836495967,-0.8903264019146583,-0.5440995800520745,2.441119546996752,1.2793685058809676
balanced_1,S07,均衡档,2024-04,15,0.5990064381168749,4.690874529169579,1.6049657187739084,1.0,1.0,0.0,0.0,0.5,2.928795889828494,0.6371530278506919,0.21754777451835428,0.24602740059476677,0.034117451783796576,0.2119099488109702,234942.11807240002,0.9549428945899184,-0.8269652571459875,-0.5731661214982824,2.579727401466157,1.1353121605654724
balanced_1,S07,均衡档,2024-05,16,0.6085186280827943,4.732615637906583,1.5798483513967034,1.0,1.0,0.0,0.0,0.5,2.7704781226605752,0.5317597749986073,0.19193790799110952,0.35071627017552043,0.04828094432894215,0.3024353258465783,294584.2408285343,0.839950312773074,-0.767442970075482,-0.6000806075682149,2.7155582993568,1.0202241370832597
balanced_1,S07,均衡档,2024-06,17,0.6174545035927421,4.769967223131879,1.5565906468074515,1.0,1.0,0.0,0.0,0.5,2.709650590078721,0.5760864684883378,0.21260544462730943,0.46112297483528936,0.06304337650852702,0.3980795983267624,400153.79233420576,0.8677810783059303,-0.7115269560729167,-0.625002374120633,2.8482183090830966,0.9513493335245837
balanced_1,S07,均衡档,2024-07,18,0.6258489817744624,4.803390890136815,1.5350549175792438,1.0,1.0,0.0,0.0,0.5,2.587619672133168,0.6332486367299769,0.24472245421134195,0.6408382250013066,0.08704407522119458,0.553794149780112,575926.3517622948,0.8987078630665649,-0.6589987220984439,-0.6480789599591817,2.977379108282129,0.8690931110973495
balanced_1,S07,均衡档,2024-08,19,0.6337348642338729,4.833299701484944,1.5151136705137431,1.0,1.0,0.0,0.0,0.5,2.3921183438553646,0.501595690106051,0.2096868206351496,0.8975085300748579,0.12115815099206691,0.776350379082791,679238.639655848,0.7568046619001997,-0.6096530129363025,-0.669446980273627,3.1027738372505635,0.7709612331832324
balanced_1,S07,均衡档,2024-09,20,0.6411429652280549,4.860063281798433,1.4966488518714995,1.0,1.0,0.0,0.0,0.5,2.4828502962135963,0.47142235409879985,0.18987143720172325,1.2081053553321919,0.1621391431815806,1.0459662121506113,895659.0737160519,0.7413749717794879,-0.5632970091555919,-0.6892329354124413,3.2241924500058916,0.7700688884775037
balanced_1,S07,均衡档,2024-10,21,0.6481022320726308,4.884012385721662,1.479551148484593,1.0,1.0,0.0,0.0,0.5,2.3540852255568367,0.4839536785220653,0.20558035591408572,1.716500076870618,0.22910414847774674,1.4873959283928713,1259161.4220097158,0.7335632773785339,-0.5197495736641623,-0.7075539597747463,3.341476780380039,0.7045044392883968
balanced_1,S07,均衡档,2024-11,22,0.6546398582540303,4.905442985514641,1.4637193406141464,1.0,1.0,0.0,0.0,0.5,2.1832034539346026,0.4639266508438895,0.21249812975872395,2.2956431412138216,0.30480950144798785,1.990833639765834,1589061.9392372451,0.6922077350389174,-0.4788405439114858,-0.7245185152550984,3.454515500054505,0.6319854271605254
balanced_1,S07,均衡档,2024-12,23,0.6607813896886283,4.924619928792313,1.4490597027215704,1.0,1.0,0.0,0.0,0.5,2.2401048817651206,0.5082540727777033,0.22688851620965964,3.2553350878647658,0.43010668460445295,2.8252284032603128,2399417.9263465474,0.7370724861139778,-0.4404100669747959,-0.7402270333463722,3.563239108530996,0.6286709405501111
balanced_1,S07,均衡档,2025-01,24,0.6665508245439693,4.941780211613492,1.435485448606054,1.0,1.0,0.0,0.0,0.5,2.075254775603083,0.43812274438397597,0.2111175695315071,4.51409034277626,0.5936376379025107,3.9204527048737496,2949588.841321788,0.6534182121635892,-0.40430797493031756,-0.7547725097020412,3.6676150623556563,0.5658322207538805
balanced_1,S07,均衡档,2025-02,25,0.6719707070121281,4.957135907369538,1.4229162176234862,1.0,1.0,0.0,0.0,0.5,2.0170267889162035,0.4241059225861394,0.21026291019864024,5.683973282045364,0.74418622914536,4.939787052900003,3596036.505577946,0.6326624576046426,-0.37039319806883925,-0.7682410546777022,3.767643122711106,0.5353550543993135
balanced_1,S07,均衡档,2025-03,26,0.6770622154016301,4.970876787669087,1.411277598945163,1.0,1.0,0.0,0.0,0.5,1.9636821921904566,0.4633244151890684,0.23594674180562655,8.727245317298467,1.1378546231733546,7.589390694125112,5750734.865823974,0.6589404395938446,-0.33853321366276323,-0.7807124031111082,3.863350976695047,0.5082847000016326
balanced_1,S07,均衡档,2025-04,27,0.6818452448921526,4.9831726676087635,1.4005006910398765,1.0,1.0,0.0,0.0,0.5,1.9173044256986245,0.4138207479606724,0.21583465954285536,11.751044509901714,1.5260257829433774,10.225018726958337,7157180.884869329,0.609067634697368,-0.3086035281306626,-0.7922603863586285,3.9547901679583846,0.48480560137743317
balanced_1,S07,均衡档,2025-05,28,0.6863384852753716,4.994175504413614,1.3905216937714684,1.0,1.0,0.0,0.0,0.5,1.8873531593537034,0.377667351853672,0.20010423061627677,16.97070998619724,2.1955919794258385,14.7751180067714,9723937.149963867,0.5729835203048441,-0.2804871905759072,-0.802953369382646,4.042032356503102,0.4669317296080519
balanced_1,S07,均衡档,2025-06,29,0.6905594939857287,5.004021275383088,1.3812815306970445,1.0,1.0,0.0,0.0,0.5,1.8362746988441887,0.3365543984419586,0.18328107371614769,22.373576888028634,2.88428805685352,19.489288831175116,11855551.06161631,0.5298907332050168,-0.2540743357984956,-0.8128546554774693,4.125165914905891,0.4451395984362681
balanced_1,S07,均衡档,2025-07,30,0.6945247647064874,5.012831658350923,1.3727254993298201,1.0,1.0,0.0,0.0,0.5,1.767513548016354,0.3481805664572063,0.1969889095605307,28.049761392184898,3.6038324537040487,24.445928938480847,14881420.072075797,0.5305364228952761,-0.22926175499440143,-0.822022861029778,4.20429285858529,0.4204068573403585
balanced_1,S07,均衡档,2025-08,31,0.6982497918191601,5.020715535426732,1.3648029472961274,1.0,1.0,0.0,0.0,0.5,1.781089574624656,0.41576152247075265,0.23343100110973902,34.67688431438342,4.441031706155404,30.23585260822802,20480779.386009097,0.5906176345120485,-0.20595249246491906,-0.8305122625322083,4.279526100526678,0.4161885061071268
balanced_1,S07,均衡档,2025-09,32,0.701749130948139,5.027770338603099,1.357466972469409,1.0,1.0,0.0,0.0,0.5,1.6691306400080352,0.3714194948889283,0.22252272289911368,40.87720557824319,5.219217340118414,35.65798823812478,21955627.559412535,0.5371117533312594,-0.1840554667601767,-0.8383731179044267,4.350987015708442,0.3836211494040191
balanced_1,S07,均衡档,2025-10,33,0.7050364558371163,5.034083253857698,1.3506741453059687,1.0,1.0,0.0,0.0,0.5,1.649937343885467,0.35142086567821457,0.2129904308066919,51.867390203600934,6.6033912082400725,45.263998995360865,26801895.46176782,0.5167388479844331,-0.16348511477637748,-0.8456519640239366,4.418803296961582,0.37339008618464237
balanced_1,S07,均衡档,2025-11,34,0.7081246117795332,5.039732298631231,1.3443842517386786,1.0,1.0,0.0,0.0,0.5,1.7406570211214334,0.3585063075271808,0.20596033749153525,61.07460404004889,7.7543627866110265,53.320241253437864,32613328.837065715,0.5339916541363074,-0.1441610574161266,-0.8523918922280296,4.48310708181442,0.3882702307474102
balanced_1,S07,均衡档,2025-12,35,0.711025665811845,5.044787285997033,1.3385600551065648,1.0,1.0,0.0,0.0,0.5,1.6791429068809767,0.35723442145565404,0.21274807521845787,77.58409588083569,9.824984786863535,67.75911109397215,40703440.36507994,0.5246363949075061,-0.1260077855053486,-0.8586328034178637,4.544033328740582,0.3695269786558466
balanced_1,S07,均衡档,2026-01,36,0.7137509538657263,5.049310687437952,1.3331670757108682,1.0,1.0,0.0,0.0,0.5,1.6919596200424794,0.34669680188362756,0.2049084373981237,85.31728750721466,10.777737031090068,74.53955047612459,44078119.61595653,0.5166376112488241,-0.10895436473955951,-0.8644116442749131,4.601718420900628,0.3676799545921231
balanced_1,S07,均衡档,2026-02,37,0.7163111250634717,5.053358404893022,1.3281733866925332,1.0,1.0,0.0,0.0,0.5,1.6101721897228751,0.36622132729294804,0.2274423379253482,84.26121052821938,10.619501987803496,73.64170854041589,44068391.01525951,0.5229973642557728,-0.09293415850652365,-0.8697626259882087,4.656298975745567,0.34580515514793686
balanced_1,S07,均衡档,2026-03,38,0.7187161833296729,5.056980461615173,1.3235494250227111,1.0,1.0,0.0,0.0,0.5,1.6856221766769046,0.32725110159307136,0.1941426175575275,103.30407434226511,12.990667595550807,90.3134067467143,51452519.23538386,0.49806863439782967,-0.07788456750224196,-0.8747174267872476,4.707910839568353,0.3580403780185973
balanced_1,S07,均衡档,2026-04,39,0.7209755264817697,5.060221620377887,1.3192678164873222,1.0,1.0,0.0,0.0,0.5,1.6636517623032565,0.330020031273767,0.1983708602675767,110.35925183233215,13.848707549130514,96.51054428320163,54889839.56232387,0.4973741544181318,-0.06374678512282068,-0.8793053794795832,4.75668824711474,0.34975001006474965
balanced_1,S07,均衡档,2026-05,40,0.7230979829522275,5.063121936670799,1.3153032136295693,1.0,1.0,0.0,0.0,0.5,1.6478665332699138,0.34320235362923934,0.20827072259803228,125.96441348689967,15.775428878277312,110.18898460862236,63812920.15818814,0.5065948262032332,-0.0504655676763783,-0.8835536451033382,4.80276312759097,0.3431080170919175
balanced_1,S07,均衡档,2026-06,41,0.7250918462858287,5.065717253720896,1.311632145691016,1.0,1.0,0.0,0.0,0.5,1.6130114225633787,0.3034331993808876,0.18811596442303868,135.99098243589535,16.99887280448692,118.99210963140843,63525532.53087896,0.46713047727869894,-0.03798901851712339,-0.8874873737226694,4.846264539749729,0.332836024392238
balanced_1,S07,均衡档,2026-07,42,0.7250918462858287,5.065717253720896,1.311632145691016,1.0,1.0,0.0,0.1,0.5,1.7769137049185266,0.3911590059209745,0.22013393494475275,153.15163103356545,19.14395387919568,134.00767715436976,86435463.79575317,0.5643783432956685,-0.03798901851712339,-0.8874873737226694,4.846264539749729,0.36665635776669553
balanced_1,S07,均衡档,2026-08,43,0.7250918462858287,5.065717253720896,1.311632145691016,1.0,1.0,0.0,0.21,0.5,2.008908726396388,0.4656926977307634,0.2318137661565791,169.1093770708626,21.138672133857824,147.97070493700477,111374539.68137567,0.6585947013139664,-0.03798901851712339,-0.8874873737226694,4.846264539749729,0.4145272528808615
balanced_2,S08,均衡档,2023-01,0,0.5134172020268915,2.9692652265893655,2.7259203782782864,0.0,0.0,0.0,0.0,1.0,25.284522598676073,7.553626498180965,0.2987450709698779,0.016779992366585457,0.002796665394430909,0.013983326972154549,176337.17851601887,10.508775848263483,-1.3625377277280393,0.6279915522011095,1.0267121156840422,24.626691564684982
balanced_2,S08,均衡档,2023-02,1,0.5377074300469551,3.1902631114930218,2.646289201193114,0.0,0.0,0.0,0.0,1.0,20.637613969844043,5.726516276276442,0.27747957126459016,0.018477700182039685,0.0030232069455636687,0.015454493236476017,150892.1849537784,8.166177796328006,-1.2105422429450021,0.5426628561556684,1.2069055925120686,17.099609197177262
balanced_2,S08,均衡档,2023-03,2,0.5605259875477209,3.3880207078376303,2.5725538305657705,0.0,0.0,0.0,0.0,1.0,17.421874415972322,4.665019216634351,0.2677679281373694,0.024707565751969657,0.003973269552445952,0.020734296199523706,165947.6933776866,6.716472802038681,-1.0677556990511494,0.46365180472628936,1.4012320451327946,12.433254346763995
balanced_2,S08,均衡档,2023-04,3,0.5819620385385005,3.5649819802454923,2.5042777472455846,0.0,0.0,0.0,0.0,1.0,15.293886890861291,3.950937250498256,0.2583344102576762,0.029050913501355007,0.004596847843298527,0.02445406565805648,166920.14990445285,5.745779728980546,-0.9336201545232757,0.3904906463200782,1.6084325697494628,9.5085657791943
balanced_2,S08,均衡档,2023-05,4,0.6020993448543748,3.723333884349544,2.441056751488953,0.0,0.0,0.0,0.0,1.0,13.95052783036384,3.3756588229297693,0.2419735556946113,0.03713468788828213,0.005787729944097613,0.03134695794418452,186558.52281605877,5.0238344099541345,-0.8076114718061914,0.3227462611675419,1.8270753704313152,7.635441895903045
balanced_2,S08,均衡档,2023-06,5,0.6210165934573835,3.8650333940342696,2.3825165700653006,0.0,0.0,0.0,0.0,1.0,11.99879969067948,2.953143358035082,0.24611989817023508,0.04344091811454501,0.006675243219518623,0.036765674895026385,188669.21489749468,4.343122178035274,-0.6892372692338432,0.2600175972197384,2.0556073941843587,5.837106698791802
balanced_2,S08,均衡档,2023-07,6,0.6387877039075396,3.9918316864734793,2.3283106405303386,0.0,0.0,0.0,0.0,1.0,10.375990221662533,2.4979407989130546,0.24074240101903377,0.05425427706937996,0.00822663335168986,0.0460276437176901,200333.7963345891,3.6924977560461043,-0.5780349970372523,0.20193329588883896,2.292403689854879,4.5262491364770865
balanced_2,S08,均衡档,2023-08,7,0.6554821172051175,4.105295783853011,2.278118059549336,0.0,0.0,0.0,0.0,1.0,9.40940216396716,2.32820635651347,0.24743403629076682,0.0650553201064244,0.009741894309368136,0.05531342579705626,220446.47093695047,3.388600203278083,-0.47357012992123365,0.14814949357629437,2.5358125937564147,3.7106062913066395
balanced_2,S08,均衡档,2023-09,8,0.671165067132869,4.20682791923507,2.2316416831243253,0.0,0.0,0.0,0.0,1.0,8.693758990576097,2.0611648919931285,0.237085579923184,0.07564559877090489,0.011195502672993145,0.06445009609791175,230173.2773799519,3.042784790124261,-0.3754344691473728,0.09834778597348535,2.7841954801358715,3.1225390072653347
balanced_2,S08,均衡档,2023-10,9,0.6858978351584486,4.297682865895056,2.1886063674784357,0.0,0.0,0.0,0.0,1.0,8.02750795504312,2.162564311973343,0.26939422845601235,0.09531592648018457,0.013951743305137555,0.08136418317504701,287953.00917592994,3.0210377196070493,-0.2832445474885753,0.05223334308335892,3.035960379231194,2.644141211446228
balanced_2,S08,均衡档,2023-11,10,0.6997379898930787,4.378983444293484,2.148757340183255,0.0,0.0,0.0,0.0,1.0,7.454863720760526,1.9198750174291648,0.25753321446811156,0.11340334699690022,0.01642761616066368,0.09697573083623653,308646.92266413657,2.721673838009148,-0.19664013082255036,0.009533163803827823,3.2895892350421994,2.266198965313946
balanced_2,S08,均衡档,2023-12,11,0.7127396120421499,4.451734398324147,2.111858691886163,0.0,0.0,0.0,0.0,1.0,6.896970700470398,1.735406561370359,0.25161866517020265,0.14371539202248035,0.020615834055137325,0.12309955796734302,355814.5840423599,2.4758279474108273,-0.11528281050914588,-0.030005540260066875,3.543658940536939,1.9462851296364772
balanced_2,S08,均衡档,2024-01,12,0.7249535057267524,4.516834812326538,2.0776919797085442,1.0,0.0,0.0,0.0,1.0,7.28729945412658,1.844126786170302,0.2530603823513837,0.1750391216183636,0.02487867708794533,0.15016044453041827,458213.2679441596,2.6177763217025185,-0.03885468105123307,-0.0666168413231896,4.27734614367504,1.7036964532090515
balanced_2,S08,均衡档,2024-02,13,0.7364273970018831,4.5750892223167705,2.0460549340468943,1.0,0.0,0.0,0.0,1.0,6.842936059553823,1.5831462759200494,0.23135482520105188,0.23150128471953696,0.03261890853978234,0.19888237617975463,538068.9986652735,2.324259233883485,0.03294290212792953,-0.10051748114609803,4.560259529155349,1.5005584694915974
balanced_2,S08,均衡档,2024-03,14,0.7472061203470424,4.627217558753854,2.016760261120977,1.0,1.0,0.0,0.0,1.0,5.433599785843311,1.2225960216158014,0.22500663828814746,0.34306684028789386,0.04794386086835471,0.29512297941953913,621323.9326725241,1.8110871110455424,0.10039048964487181,-0.13190815416318274,4.3598276648123155,1.2462877442834017
balanced_2,S08,均衡档,2024-04,15,0.7573317938579378,4.673864043717884,1.9896345341800208,1.0,1.0,0.0,0.0,1.0,5.205621434505029,1.1995241535072882,0.23042861810049078,0.4577909627111127,0.06348342119453514,0.39430754151657754,803452.0780651956,1.7550632133649415,0.16375163441354404,-0.1609746956093906,4.607380620266491,1.1298440184444618
balanced_2,S08,均衡档,2024-05,16,0.766843983823857,4.715605152454888,1.9645171668028159,1.0,1.0,0.0,0.0,1.0,4.652307732160416,1.1590511388618838,0.24913466726407824,0.6633878541731552,0.09132451151981395,0.5720633426533411,1087920.3998828945,1.6399462140272008,0.22327392148404807,-0.18788918167932306,4.849973944746841,0.9592438609282585
balanced_2,S08,均衡档,2024-06,17,0.775779859333805,4.752956737680184,1.941259462213564,1.0,1.0,0.0,0.0,1.0,4.558100629385437,1.0553598980688592,0.23153501510368193,0.8867372628536659,0.12123210982101375,0.7655051530326522,1360471.5963526135,1.5342443058887507,0.2791899354866148,-0.21281094823174124,5.086904078353182,0.8960461135451686
balanced_2,S08,均衡档,2024-07,18,0.7841743375155252,4.78638040468512,1.919723732985356,1.0,1.0,0.0,0.0,1.0,4.2996415177741865,0.8684951667127527,0.20199245986496805,1.286628240824324,0.17476074461038488,1.111867496213939,1717060.0996907582,1.3345425237912258,0.33171816946108756,-0.23588753407029017,5.317584638938592,0.8085703960947972
balanced_2,S08,均衡档,2024-08,19,0.7920602199749358,4.816289216033249,1.8997824859198555,1.0,1.0,0.0,0.0,1.0,4.3651804656234745,0.8590266067669498,0.19679062836735567,1.7857799942961088,0.24106935470517965,1.5447106395909291,2379258.7771841073,1.3323358895180852,0.38106387862322905,-0.25725555438473524,5.541539016367921,0.7877198830018408
balanced_2,S08,均衡档,2024-09,20,0.7994683209691176,4.843052796346738,1.881317667277612,1.0,1.0,0.0,0.0,1.0,4.210281180341231,0.9689688678838977,0.23014350500109962,2.3759339123036742,0.318872759810796,2.0570611524928784,3335772.195653834,1.403983578154122,0.4274198824039382,-0.27704150952354956,5.758392069535704,0.7311556992819879
balanced_2,S08,均衡档,2024-10,21,0.8064275878136937,4.867001900269967,1.8642199638907053,1.0,1.0,0.0,0.0,1.0,3.9425612383746977,0.8986112711278306,0.22792576114766422,3.4194380399162005,0.4563981388428835,2.963039901073317,4461998.6633742815,1.3048923862014563,0.47096731789536916,-0.2953625338858545,5.967861314433314,0.6606321813879263
balanced_2,S08,均衡档,2024-11,22,0.8129652139950931,4.8884325000629465,1.8483881560202589,1.0,1.0,0.0,0.0,1.0,3.9271827438705884,0.8031320619459166,0.2045059052063257,4.606635968394983,0.6116570941145498,3.994978874280433,5610584.805903909,1.2179353533460808,0.5118763476480457,-0.31232708936620657,6.169747919224143,0.6365223985300907
balanced_2,S08,均衡档,2024-12,23,0.8191067454296912,4.907609443340618,1.8337285181276826,1.0,1.0,0.0,0.0,1.0,3.8391072764768706,0.84214981282546,0.21936084411746282,6.610882794884902,0.8734538240982109,5.7374289707866915,8185057.665609375,1.2381187081311549,0.5503068245847356,-0.32803560745748056,6.363927756355512,0.6032606628261674
balanced_2,S08,均衡档,2025-01,24,0.8248761802850322,4.924769726161797,1.8201542640121664,1.0,1.0,0.0,0.0,1.0,3.6559883850584955,0.7056800171590807,0.19302031156419822,9.215017083081072,1.2118457006926302,8.003171382388443,10078171.92466627,1.0936682844755616,0.5864089166292139,-0.34258108381314945,6.5503427033767565,0.5581369633032792
balanced_2,S08,均衡档,2025-02,25,0.8302960627531908,4.940125421917843,1.8075850330295986,1.0,1.0,0.0,0.0,1.0,3.4424647274870313,0.6046833135470162,0.1756541784491804,11.525577324111255,1.509010599090492,10.016566725020763,11251566.51842343,0.9762258498657069,0.6203236934906908,-0.3560496287888104,6.728992333761191,0.511586959345346
balanced_2,S08,均衡档,2025-03,26,0.8353875711426928,4.953866302217392,1.7959464143512753,1.0,1.0,0.0,0.0,1.0,3.1844259369399937,0.5962188780563072,0.1872296262695408,17.454293575478836,2.27568355386066,15.178610021618177,16296519.570725078,0.9336682404391151,0.6521836778967669,-0.36852097722221644,6.899926096530969,0.46151594848834787
balanced_2,S08,均衡档,2025-04,27,0.8401706006332155,4.966162182157069,1.785169506445989,1.0,1.0,0.0,0.0,1.0,3.238613799902423,0.7123134831093678,0.21994394117965818,23.284350710377662,3.023775417852575,20.26057529252509,24224721.752481207,1.0403863974478116,0.6821133634288689,-0.38006896046973676,7.0632360483964725,0.4585169995327662
balanced_2,S08,均衡档,2025-05,28,0.8446638410164344,4.977165018961919,1.7751905091775808,1.0,1.0,0.0,0.0,1.0,3.347008713851703,0.6717130311575965,0.2006905534418511,33.202837162816564,4.295629530417629,28.907207632398936,33794857.53084721,1.0178304150674702,0.7102297009836243,-0.3907619434937543,7.2190501737734865,0.4636356076331549
balanced_2,S08,均衡档,2025-06,29,0.8488848497267913,4.987010789931393,1.765950346103157,1.0,1.0,0.0,0.0,1.0,3.168202384500686,0.7062076255927564,0.2229048336834883,44.9903683886545,5.799930108013681,39.19043828064083,46051938.76225709,1.0235955030292727,0.7366425557610345,-0.40066322958857753,7.367526305655131,0.4300225412251127
balanced_2,S08,均衡档,2025-07,30,0.8528501204475503,4.995821172899229,1.7573943147359323,1.0,1.0,0.0,0.0,1.0,3.212480858484352,0.5928260758670475,0.18453839944333328,55.85053206200276,7.175674587298368,48.67485747470439,51907442.00852544,0.9293992392212149,0.7614551365651301,-0.4098314351408864,7.508846643083885,0.427826137778862
balanced_2,S08,均衡档,2025-08,31,0.8565751475602228,5.0037050499750375,1.7494717627022396,1.0,1.0,0.0,0.0,1.0,3.072678528866537,0.6029257732665222,0.19622155965952354,67.07039735068261,8.58963448037558,58.48076287030704,61652744.61345771,0.9192243828689683,0.784764399094611,-0.4183208366433167,7.643212848103669,0.4020139946290896
balanced_2,S08,均衡档,2025-09,32,0.8600744866892018,5.010759853151404,1.7421357878755215,1.0,1.0,0.0,0.0,1.0,2.8772917630762533,0.5936721120420837,0.2063301746665273,80.05439108956375,10.221375463827123,69.83301562573664,70867793.3061784,0.8852455479536717,0.8066614247993548,-0.4261816920155349,7.770841695836904,0.3702677104614952
balanced_2,S08,均衡档,2025-10,33,0.8633618115781792,5.0170727684060035,1.7353429607120812,1.0,1.0,0.0,0.0,1.0,2.978844597733997,0.6373224832405365,0.21394955739730326,98.63965225197197,12.558106546477228,86.08154570549475,92270352.3139513,0.9354286051034478,0.8272317767831541,-0.43346053813504487,7.891961245060082,0.3774530189943069
balanced_2,S08,均衡档,2025-11,34,0.8664499675205961,5.022721813179536,1.7290530671447908,1.0,1.0,0.0,0.0,1.0,2.892152247516847,0.5951455051755974,0.20577945220089272,116.89048426578144,14.841049492603338,102.0494347731781,103656837.05650876,0.8867859322134172,0.8465558341434049,-0.44020046633913806,8.006807492757558,0.36121166271736915
balanced_2,S08,均衡档,2025-12,35,0.8693510215529079,5.027776800545338,1.7232288705126773,1.0,1.0,0.0,0.0,1.0,2.8210861724951792,0.6260012049223114,0.22190077390249627,147.07282383590498,18.624799842589372,128.44802399331562,132950783.0911248,0.9039792643096545,0.8647091060541829,-0.446441377528972,8.115621474108314,0.3476118472867957
balanced_2,S08,均衡档,2026-01,36,0.872076309606789,5.032300201986257,1.7178358911169807,1.0,1.0,0.0,0.0,1.0,2.8271073110308618,0.5630666754346006,0.19916706848644064,163.65312562852793,20.67353995743322,142.9795856710947,138953355.91738808,0.8490724230516364,0.8817625268199706,-0.4522202183860213,8.218646768775267,0.3439869592366182
balanced_2,S08,均衡档,2026-02,37,0.8746364808045346,5.036347919441327,1.7128422020986454,1.0,1.0,0.0,0.0,1.0,2.859233029819819,0.5263125141682512,0.18407471817762888,163.25175178725922,20.57473767287732,142.6770141143819,133920667.5467284,0.8203321929509615,0.8977827330530078,-0.45757120009931723,8.31612737486297,0.3438178494550695
balanced_2,S08,均衡档,2026-03,38,0.8770415390707356,5.039969976163478,1.7082182404288235,1.0,1.0,0.0,0.0,1.0,2.9418034783516442,0.6163320162447993,0.2095082220074549,199.20932737051706,25.05092050125334,174.15840686926373,181034287.118213,0.908764110133761,0.9128323240572881,-0.4625260008983558,8.40830591319139,0.3498687498674839
balanced_2,S08,均衡档,2026-04,39,0.8793008822228323,5.043211134926192,1.7039366318934344,1.0,1.0,0.0,0.0,1.0,2.8583264406684683,0.5571582077090462,0.19492462434722652,209.72795360975448,26.31823835514782,183.40971525460665,177414344.7900172,0.8459260758350604,0.9269701064367094,-0.4671139535906917,8.495422126365053,0.33645490455357324
balanced_2,S08,均衡档,2026-05,40,0.8814233386932904,5.0461114512191045,1.6999720290356817,1.0,1.0,0.0,0.0,1.0,2.751107390497574,0.5459945403334839,0.19846355043040817,235.280895002935,29.465917577762912,205.8149774251721,193437757.60897914,0.8221566719497819,0.9402513238831531,-0.47136221921444643,8.577711639306091,0.3207274278014934
balanced_2,S08,均衡档,2026-06,41,0.8834172020268913,5.048706768269201,1.6963009610971282,1.0,1.0,0.0,0.0,1.0,2.7054975580051366,0.5457782597185608,0.20172934849033214,246.18098432593598,30.772623040741998,215.408361285194,200820457.04120025,0.8157431720043827,0.9527278730424067,-0.4752959478337779,8.655404950320488,0.31257896927225326
balanced_2,S08,均衡档,2026-07,42,0.8834172020268913,5.048706768269201,1.6963009610971282,1.0,1.0,0.0,0.2,1.0,3.30275536932428,0.6722724811645208,0.20354897834957209,281.05498318260226,35.13187289782528,245.92311028477698,281359321.3745537,1.0010828421844906,0.9527278730424067,-0.4752959478337779,8.655404950320488,0.38158299793956924
balanced_2,S08,均衡档,2026-08,43,0.8834172020268913,5.048706768269201,1.6963009610971282,1.0,1.0,0.0,0.42,1.0,4.280693809650795,0.8356534606375754,0.1952144904065786,305.2861511150681,38.16076888938351,267.1253822256846,386578817.23732704,1.266283504264228,0.9527278730424067,-0.4752959478337779,8.655404950320488,0.4945688658382519
balanced_3,S09,均衡档,2023-01,0,0.49917743018245175,3.228361724992442,2.9196937177468003,0.0,0.0,0.0,0.0,0.0,27.10338394016933,7.136037148265958,0.2632895273895963,0.010188673172246695,0.0016981121953744491,0.008490560976872246,106613.54534529518,10.463928280249853,-1.4516427383070956,0.8356291508207293,1.012243703147143,26.77555202951902
balanced_3,S09,均衡档,2023-02,1,0.5234676582025154,3.4493596098960984,2.840062540661628,0.0,0.0,0.0,0.0,0.0,23.779825711895135,6.5752607383430455,0.27650584230539466,0.011171028669973996,0.0018277345736447733,0.009343294096329223,104897.80444726357,9.390165180509536,-1.2996472535240582,0.7503004547752883,1.189897896061617,19.98476154181193
balanced_3,S09,均衡档,2023-03,2,0.5462862157032812,3.647117206240707,2.7663271700342844,0.0,0.0,0.0,0.0,0.0,21.41670106670187,5.668983182047075,0.2646991786639383,0.01497456085051122,0.002408086951416583,0.012566473899094637,122812.40757271541,8.201402952562892,-1.1568607096302057,0.6712894033459093,1.3814859030748559,15.50265624790918
balanced_3,S09,均衡档,2023-04,3,0.5677222666940609,3.824078478648569,2.6980510867140985,0.0,0.0,0.0,0.0,0.0,18.524354029078165,4.440843714251274,0.23973001742896757,0.017724791941800117,0.00280466814259657,0.014920123799203548,118212.60359707985,6.669336598434241,-1.0227251651023312,0.5981282449396981,1.5857665608445084,11.681639962954524
balanced_3,S09,均衡档,2023-05,4,0.5878595730099352,3.9824303827526206,2.634830090957467,0.0,0.0,0.0,0.0,0.0,17.260599394918376,4.143904098793719,0.2400788063022718,0.02252768214239456,0.003511114484088416,0.019016567658306144,139406.77320378856,6.188243083448017,-0.8967164823852468,0.5303838597871617,1.801328250287715,9.582151055567717
balanced_3,S09,均衡档,2023-06,5,0.6067768216129437,4.124129892437346,2.5762899095338145,0.0,0.0,0.0,0.0,0.0,14.72270121506338,3.638164353078749,0.247112557670898,0.02677537360031366,0.0041143727810791396,0.02266100081923452,143019.1265288449,5.34144279978112,-0.7783422798129,0.4676551958393583,2.026639804011192,7.264587020310035
balanced_3,S09,均衡档,2023-07,6,0.6245479320630998,4.250928184876556,2.5220839799988526,0.0,0.0,0.0,0.0,0.0,12.728968891229153,3.640976049371186,0.28603856922613635,0.0339937452851554,0.005154507511990066,0.028839237773165334,170614.53978394432,5.0189980054492365,-0.6671400076163091,0.40957089450845885,2.260099169649784,5.632039983980696
balanced_3,S09,均衡档,2023-08,7,0.6412423453606777,4.364392282256087,2.47189139901785,0.0,0.0,0.0,0.0,0.0,11.814502792931176,3.169198482234034,0.2682464541910491,0.04049988182965473,0.006064770224494412,0.034435111605160315,180783.94819040873,4.46381421434261,-0.5626751405002904,0.35578709219591426,2.5000779587382143,4.725653754770887
balanced_3,S09,均衡档,2023-09,8,0.6569252952884292,4.4659244176381465,2.4254150225928393,0.0,0.0,0.0,0.0,0.0,10.57505578856199,2.43878925396142,0.23061715254488033,0.0470841885636094,0.006968431309745275,0.040115757253864126,171525.4275645671,3.64295175933299,-0.4645394797264296,0.30598538459310526,2.7449606370142057,3.852534585000412
balanced_3,S09,均衡档,2023-10,9,0.6716580633140088,4.556779364298133,2.3823797069469497,0.0,0.0,0.0,0.0,0.0,9.518161378954103,2.032872881070979,0.2135783162456067,0.05846822661207037,0.008558209727603109,0.04991001688446726,182919.1411204894,3.1285221344942755,-0.37234955806763215,0.2598709417029788,2.9931776687309544,3.1799520216885777
balanced_3,S09,均衡档,2023-11,10,0.6854982180486389,4.63807994269656,2.342530679651769,0.0,0.0,0.0,0.0,0.0,9.113302666524056,2.2627135834368457,0.24828689073923593,0.06823163534608014,0.009884039097280044,0.05834759624880009,222100.13845431898,3.2550903598865375,-0.28574514140160717,0.21717076242344774,3.2432323903118485,2.809944391819477
balanced_3,S09,均衡档,2023-12,11,0.6984998401977103,4.710830896727224,2.3056320313546768,0.0,0.0,0.0,0.0,0.0,8.454594645384692,2.1962129999671975,0.2597656176415384,0.08391515018333147,0.012037547172545581,0.07187760301078588,259631.10800733886,3.0939717969891785,-0.20438782108820133,0.17763205835955304,3.493721749129007,2.4199393232996993
balanced_3,S09,均衡档,2024-01,12,0.7107137338823128,4.775931310729614,2.2714653191770577,0.0,0.0,0.0,0.0,0.0,7.893934062930833,1.9302883743668382,0.24452805901068894,0.10221579971130282,0.014528145769881476,0.08768765394142135,283946.68374272,2.777913830784437,-0.1279596916302885,0.14102075729642982,3.743351304332372,2.108787933901576
balanced_3,S09,均衡档,2024-02,13,0.7221876251574435,4.834185720719847,2.2398282735154083,0.0,0.0,0.0,0.0,0.0,7.396225191034618,1.608384854208065,0.2174602331142755,0.13211215953560576,0.018614818721657746,0.11349734081394801,320226.79511371267,2.4239009962395466,-0.0561621084511259,0.10712011747352189,3.990945058725344,1.853251568789292
balanced_3,S09,均衡档,2024-03,14,0.7329663485026028,4.88631405715693,2.210533600589491,1.0,0.0,0.0,0.0,0.0,7.717743856912535,1.8102062911907781,0.2345512269844813,0.19411800055986966,0.0271281433177149,0.16698985724215476,511654.15158453543,2.6357893142770736,0.011285479065816366,0.07572944445643717,4.77144417788839,1.617485936999484
balanced_3,S09,均衡档,2024-04,15,0.743092022013498,4.932960542120961,2.1834078736485347,1.0,0.0,0.0,0.0,0.0,6.6506415438764925,1.5749140335908949,0.23680633262229872,0.2634444778074451,0.03653273679100181,0.22691174101644332,600332.622327081,2.2787823351752765,0.07464662383448721,0.046662903010229316,5.042368902173728,1.318951800811212
balanced_3,S09,均衡档,2024-05,16,0.7526042119794174,4.9747016508579645,2.15829050627133,1.0,1.0,0.0,0.0,0.0,5.961559436787967,1.4253023583121867,0.23908213503950676,0.3711859150185473,0.05109887399785884,0.32008704102068847,760849.7889231317,2.0497808729760494,0.13416891090499264,0.01974841694029685,4.781628180872168,1.2467634896071278
balanced_3,S09,均衡档,2024-06,17,0.7615400874893652,5.01205323608326,2.135032801682078,1.0,1.0,0.0,0.0,0.0,5.643984629340478,1.3116849016617724,0.2324040527755739,0.5024888365870647,0.06869879543001615,0.43379004115704856,956730.7929381565,1.903984174924823,0.19008492490755802,-0.005173349612121315,5.015219498404289,1.1253714081978359
balanced_3,S09,均衡档,2024-07,18,0.7699345656710854,5.045476903088197,2.1134970724538698,1.0,1.0,0.0,0.0,0.0,5.3214949134389125,1.2163611557070915,0.22857508566536272,0.7132532730437382,0.09688010035677226,0.6163731726869659,1265279.3459383794,1.7739551906140216,0.24261315888203072,-0.02824993545067051,5.242649311809638,1.0150392667790435
balanced_3,S09,均衡档,2024-08,19,0.777820448130496,5.075385714436326,2.0935558253883695,1.0,1.0,0.0,0.0,0.0,5.266111610225669,1.2150753495599778,0.23073482666044523,0.9664275005414339,0.13046178962078364,0.8359657109206503,1702787.673429892,1.761940417130015,0.2919588680441722,-0.04961795576511533,5.463447727336314,0.9638806616336282
balanced_3,S09,均衡档,2024-09,20,0.785228549124678,5.102149294749815,2.075091006746126,1.0,1.0,0.0,0.0,0.0,5.187398011162363,1.0364975391438178,0.19981068291144394,1.2991144992922776,0.1743534294259454,1.1247610698663322,2070252.714084708,1.5935875669254136,0.3383148718248828,-0.06940391090392962,5.677244890361978,0.9137175005377683
balanced_3,S09,均衡档,2024-10,21,0.7921878159692539,5.126098398673044,2.0579933033592193,1.0,1.0,0.0,0.0,0.0,4.8791288740556285,1.0536419956706142,0.21594879390730382,1.8583340161383817,0.2480349625913279,1.6102990535470538,2906873.256160475,1.564236155027156,0.3818623073163123,-0.0877249352662346,5.883762297638625,0.8292532273123621
balanced_3,S09,均衡档,2024-11,22,0.7987254421506533,5.147528998466023,2.042161495488773,1.0,1.0,0.0,0.0,0.0,4.73172610547649,0.9705884668635815,0.2051235522149569,2.489208316882183,0.33051057999714284,2.15869773688504,3659092.666373791,1.4699825006839635,0.42277133706898884,-0.10468949074658668,6.082803919265072,0.777885686975782
balanced_3,S09,均衡档,2024-12,23,0.8048669735852514,5.166705941743695,2.0275018575961963,1.0,1.0,0.0,0.0,0.0,4.619751222519095,0.9117693693650518,0.1973633049590655,3.5817853606068097,0.4732384792454146,3.108546881361395,5020521.872697659,1.4016813871412734,0.4612018140056787,-0.1203980088378609,6.274247376892346,0.7363036464793123
balanced_3,S09,均衡档,2025-01,24,0.8106364084405924,5.1838662245648734,2.0139276034806803,1.0,1.0,0.0,0.0,0.0,4.4466990838195555,0.9339412116941385,0.21003022558745224,4.922289867363934,0.6473190184617046,4.274970848902229,6871004.3409135025,1.3958959195942633,0.4973039060501571,-0.13494348519352956,6.458035367130527,0.6885529160233353
balanced_3,S09,均衡档,2025-02,25,0.8160562909087512,5.19922192032092,2.0013583724981125,1.0,1.0,0.0,0.0,0.0,4.341135434199693,0.8861010716964022,0.20411735250544166,6.206357367024877,0.8125804708273973,5.39377689619748,8306953.363259364,1.3384587564027823,0.5312186829116354,-0.14841203016919052,6.634167469463554,0.654360242514457
balanced_3,S09,均衡档,2025-03,26,0.8211477992982532,5.212962800620469,1.9897197538197893,1.0,1.0,0.0,0.0,0.0,4.325425426343821,0.7885375081680068,0.1823028790105714,9.482984736712396,1.2363876150889157,8.24659712162348,11850653.57227263,1.24967548733829,0.5630786673177115,-0.16088337860259652,6.802692436078632,0.6358402157656835
balanced_3,S09,均衡档,2025-04,27,0.8259308287887757,5.225258680560145,1.9789428459145029,1.0,1.0,0.0,0.0,0.0,4.185435089321366,0.8361917833325813,0.1997861071758164,12.756115081993864,1.6565472532176058,11.099567828776259,16214738.417701263,1.271134535356261,0.593008352849812,-0.17243136185011684,6.963701026424303,0.6010360113737521
balanced_3,S09,均衡档,2025-05,28,0.8304240691719946,5.236261517364996,1.9689638486460947,1.0,1.0,0.0,0.0,0.0,3.9911279220302416,0.8377585407919221,0.20990520904320298,18.205917041295137,2.3553973561784263,15.85051968511671,22679600.39791694,1.2457268890369255,0.6211246904045674,-0.18312434487413437,7.117319421361801,0.5607627936511236
balanced_3,S09,均衡档,2025-06,29,0.8346450778823518,5.2461072883344695,1.9597236855716709,1.0,1.0,0.0,0.0,0.0,3.907913451751019,0.7659158241666927,0.19599098946869173,24.036827395906894,3.09870587656279,20.938121519344104,28146312.978030466,1.1709662225566155,0.647537545181979,-0.1930256309689576,7.263703229703942,0.5380056602216525
balanced_3,S09,均衡档,2025-07,30,0.8386103486031105,5.254917671302305,1.9511676542044463,1.0,1.0,0.0,0.0,0.0,3.821959529881676,0.7822401930126752,0.20466993093380365,29.951533606086205,3.8481720874065894,26.103361518679613,35126656.53473986,1.172783236969277,0.6723501259860732,-0.2021938365212665,7.40303208294687,0.5162694808098545
balanced_3,S09,均衡档,2025-08,31,0.8423353757157832,5.262801548378114,1.9432451021707535,1.0,1.0,0.0,0.0,0.0,3.572296651783961,0.7343934471407636,0.20558019636303623,36.100124155536406,4.623304519442793,31.476819636093616,39632185.332562014,1.0978406933396634,0.6956593885155556,-0.21068323802369682,7.535504801315879,0.47406202317861346
balanced_3,S09,均衡档,2025-09,32,0.845834714844762,5.2698563515544805,1.9359091273440354,1.0,1.0,0.0,0.0,0.0,3.5084622641948835,0.7109158928981011,0.20262891243074008,41.882045244956394,5.347515655484171,36.53452958947222,44734534.60916933,1.0681076902412363,0.7175564142202979,-0.21854409339591502,7.661335105141419,0.45794397661060426
balanced_3,S09,均衡档,2025-10,33,0.8491220397337393,5.27616926680908,1.929116300180595,1.0,1.0,0.0,0.0,0.0,3.5126786849674785,0.7044852560585992,0.2005549949881401,53.14567005578024,6.766132805694984,46.379537250085264,56440950.661729634,1.0620046864117199,0.7381267662040972,-0.22582293951542495,7.780747839398968,0.4514577207065509
balanced_3,S09,均衡档,2025-11,34,0.8522101956761563,5.2818183115826125,1.9228264066133047,1.0,1.0,0.0,0.0,0.0,3.49320185163987,0.7381097817164567,0.21129892089400842,62.85589419753438,7.980525040570209,54.875369156964176,68381631.59883502,1.0879112050165916,0.7574508235643481,-0.23256286771951817,7.893975675406723,0.44251489937101807
balanced_3,S09,均衡档,2025-12,35,0.8551112497084681,5.286873298948414,1.9170022099811912,1.0,1.0,0.0,0.0,0.0,3.4356017125314224,0.6632481275536826,0.19305151849659186,79.09769219175045,10.016661451511807,69.08103074023865,80231123.5246031,1.0143295120432205,0.7756040954751261,-0.23880377890935206,8.001256251679349,0.42938278746044894
balanced_3,S09,均衡档,2026-01,36,0.8578365377623494,5.291396700389334,1.9116092305854946,1.0,1.0,0.0,0.0,0.0,3.540263759291392,0.6715318594429406,0.18968413234197903,86.9092934507277,10.978847754513676,75.93044569621402,89857730.21079229,1.033925448510707,0.7926575162409152,-0.24458261976640136,8.10282971535863,0.4369169640305961
balanced_3,S09,均衡档,2026-02,37,0.8603967089600948,5.295444417844403,1.9066155415671593,1.0,1.0,0.0,0.0,0.0,3.657523611005646,0.7730469813765786,0.21135802898180805,88.41292997291114,11.142746225802439,77.2701837471087,100488339.70843242,1.1365796805876818,0.808677722473951,-0.24993360147969734,8.198936626131275,0.4460973145405899
balanced_3,S09,均衡档,2026-03,38,0.862801767226296,5.299066474566555,1.9019915798973375,1.0,1.0,0.0,0.0,0.0,3.5911784068918458,0.7461870568116314,0.20778334358984246,107.8898974519855,13.567342853033846,94.32255459895167,119105018.0998597,1.1039496830819149,0.8237273134782327,-0.25488840227873594,8.289816185808125,0.4332036231442402
balanced_3,S09,均衡档,2026-04,39,0.8650611103783927,5.302307633329269,1.8977099713619483,1.0,1.0,0.0,0.0,0.0,3.438174905463327,0.7476585903559799,0.21745798597038674,115.78312179705891,14.52933547727317,101.25378631978573,125657659.77907526,1.085284779238585,0.837865095857654,-0.2594763549710718,8.375704758544323,0.4104938037549539
balanced_3,S09,均衡档,2026-05,40,0.8671835668488506,5.305207949622181,1.8937453685041956,1.0,1.0,0.0,0.0,0.0,3.3123963111674173,0.646671916167807,0.19522782161893382,130.7945760955299,16.380344858860074,114.41423123666982,128246664.0368221,0.9805197422189217,0.8511463133040964,-0.26372462059482654,8.456834648838939,0.3916827570493157
balanced_3,S09,均衡档,2026-06,41,0.8691774301824517,5.307803266672278,1.8900743005656422,1.0,1.0,0.0,0.0,0.0,3.3015415223189897,0.708504642123484,0.21459813161030097,141.50141158317396,17.687676447896745,123.81373513527721,146119204.3280662,1.0326342521479224,0.8636228624633513,-0.26765834921415793,8.53343310681914,0.3868948734924399
balanced_3,S09,均衡档,2026-07,42,0.8691774301824517,5.307803266672278,1.8900743005656422,1.0,1.0,0.0,0.0,0.0,3.387605219873167,0.7245368335231298,0.21387876877526382,159.48182880925614,19.935228601157018,139.54660020809914,168639336.31233862,1.0574203818168844,0.8636228624633513,-0.26765834921415793,8.53343310681914,0.39698034512816444
balanced_3,S09,均衡档,2026-08,43,0.8691774301824517,5.307803266672278,1.8900743005656422,1.0,1.0,0.0,0.0,0.0,3.262517974289605,0.5640845944842883,0.17289854000179555,175.50394849813003,21.937993562266254,153.56595493586377,158197287.73333248,0.9013887669599528,0.8636228624633513,-0.26765834921415793,8.53343310681914,0.38232185492641857
balanced_4,S10,均衡档,2023-01,0,0.5452310533501631,3.4065068968896504,2.4335985609555455,0.0,0.0,0.0,0.0,1.0,51.346204476331565,14.737571837611334,0.28702358797337657,0.020651226265694024,0.0034418710442823373,0.017209355221411687,430351.12327541225,20.839010610731375,-1.1634633612502119,0.31475444569565164,1.3465963232629297,38.13036140772676
balanced_4,S10,均衡档,2023-02,1,0.5695212813702267,3.6275047817933066,2.353967383870373,0.0,0.0,0.0,0.0,1.0,42.09326385468003,11.433154011158491,0.2716148134920007,0.022528695534050125,0.003686005733507429,0.018842689800542697,370587.3863844815,16.449571428774984,-1.0114678764671745,0.22942574965021065,1.5829311922743095,26.59197320775621
balanced_4,S10,均衡档,2023-03,2,0.5923398388709925,3.825262378137915,2.2802320132430296,0.0,0.0,0.0,0.0,1.0,37.594967671775194,9.702078948567738,0.25806855410203405,0.03056936777387046,0.004915916826155134,0.025653450947715324,433705.5405543819,14.187586205989415,-0.8686813325733219,0.1504146982208316,1.837802331529791,20.456480562020538
balanced_4,S10,均衡档,2023-04,3,0.6137758898617722,4.002223650545777,2.2119559299228437,0.0,0.0,0.0,0.0,1.0,33.27243563199061,8.348377958052867,0.25090973352206625,0.036356477043218614,0.005752837792114755,0.030603639251103862,446901.67249953817,12.292216101364431,-0.7345457880454476,0.07725353981462042,2.1095586109821514,15.772226217739405
balanced_4,S10,均衡档,2023-05,4,0.6339131961776465,4.160575554649829,2.148734934166212,0.0,0.0,0.0,0.0,1.0,28.091303760730284,7.050534928523164,0.2509863902571631,0.04551807962173692,0.007094346752478746,0.038423732869258174,470197.3202867792,10.329902407882756,-0.6085371053283632,0.00950915466208411,2.3963221418770155,11.72267420553342
balanced_4,S10,均衡档,2023-06,5,0.6528304447806551,4.302275064334554,2.0901947527425597,0.0,0.0,0.0,0.0,1.0,25.68768991313681,6.722474443948943,0.26170023332892367,0.05463495313755595,0.008395347435303806,0.04623960570225215,526501.6492627984,9.636718236715796,-0.4901629027560157,-0.053219509285719384,2.6960559993358353,9.527876987519878
balanced_4,S10,均衡档,2023-07,6,0.6706015552308112,4.429073356773764,2.0359888232075978,0.0,0.0,0.0,0.0,1.0,23.232165852864817,5.9422105981181215,0.255775145363185,0.06910807170155155,0.010478929924804464,0.058629141776747086,591834.9455979619,8.563904780238206,-0.37896063055942475,-0.1113038106166188,3.006628959604994,7.726981335241652
balanced_4,S10,均衡档,2023-08,7,0.6872959685283891,4.542537454153296,1.9857962422265953,0.0,0.0,0.0,0.0,1.0,21.333308553801984,4.63543514895225,0.21728627499395217,0.08602258006726479,0.012881696406435706,0.07314088366082909,613849.0270817296,7.135905788942094,-0.2744957634434061,-0.1650876129291634,3.32587476379509,6.414345117871776
balanced_4,S10,均衡档,2023-09,8,0.7029789184561407,4.644069589535355,1.9393198658015844,0.0,0.0,0.0,0.0,1.0,19.131312987900152,5.04504690629518,0.2637062552625628,0.10079530637455213,0.014917644123077414,0.08587766225147471,718650.9530223681,7.129805730753814,-0.17636010266954527,-0.2148893205319724,3.651644253071226,5.239095503843154
balanced_4,S10,均衡档,2023-10,9,0.7177116864817202,4.734924536195341,1.8962845501556949,0.0,0.0,0.0,0.0,1.0,17.739750039678444,4.119021552840849,0.23219163424669717,0.12541533247312786,0.01835750424728153,0.10705782822584632,766631.0385617041,6.112737760560229,-0.08417018101074783,-0.26100376342209886,3.981849460811031,4.455153368873261
balanced_4,S10,均衡档,2023-11,10,0.7315518412163503,4.8162251145937685,1.8564355228605143,1.0,0.0,0.0,0.0,1.0,18.563696451829433,4.621771918805766,0.24896829846354743,0.14855964884954423,0.02152036031467398,0.12703928853487026,986644.052751131,6.641400005935447,0.002434235655277145,-0.3037039427016299,4.860496295949375,3.819300606668498
balanced_4,S10,均衡档,2023-12,11,0.7445534633654216,4.888976068624432,1.819536874563422,1.0,0.0,0.0,0.0,1.0,16.592601312226527,3.9315663716175453,0.23694695591344722,0.1840850891064269,0.026406828076213508,0.1576782610302134,1058080.5187906409,5.747779594353362,0.08379155596868232,-0.34324264676552463,5.235894187368575,3.1690100522381908
balanced_4,S10,均衡档,2024-01,12,0.7567673570500242,4.954076482626823,1.785370162385803,1.0,1.0,0.0,0.0,1.0,14.279860546817888,3.7002871548953475,0.25912628087393447,0.22354064524650394,0.031772300258933996,0.19176834498756995,1163301.960622248,5.203984086828798,0.16021968542659512,-0.37985394782864784,5.053811121016696,2.82556276933934
balanced_4,S10,均衡档,2024-02,13,0.7682412483251548,5.012330892617055,1.7537331167241534,1.0,1.0,0.0,0.0,1.0,13.077640490416774,3.170551139050114,0.242440610091207,0.28984593329077746,0.04083976466952988,0.24900616862124758,1323574.5516139378,4.566476184732631,0.23201726860575772,-0.4137545876515558,5.388081663030021,2.427142220235482
balanced_4,S10,均衡档,2024-03,14,0.7790199716703141,5.064459229054139,1.724438443798236,1.0,1.0,0.0,0.0,1.0,12.425216228006747,2.8094064372258623,0.2261052351663217,0.4333577983918942,0.06056209330777067,0.3727957050841235,1799831.7582032618,4.1532234215747,0.2994648561227,-0.4451452606686405,5.718183134115248,2.1729307957761397
balanced_4,S10,均衡档,2024-04,15,0.7891456451812094,5.111105714018169,1.69731271685728,1.0,1.0,0.0,0.0,1.0,11.394247298541963,2.6552689193909345,0.23303592153302743,0.5765580900548027,0.07995326045167747,0.4966048296031253,2229626.591175758,3.8671326092464136,0.36282600089137157,-0.47421180211484837,6.042864117747514,1.885570662606457
balanced_4,S10,均衡档,2024-05,16,0.7986578351471287,5.152846822755173,1.672195349480075,1.0,1.0,0.0,0.0,1.0,10.620888861150917,2.3983667686019117,0.22581601219599018,0.8277888099675867,0.11395657643759904,0.7138322335299877,2922351.6405961905,3.5303106364902654,0.4223482879618763,-0.5011262881847808,6.361040239177353,1.669677986901789
balanced_4,S10,均衡档,2024-06,17,0.8075937106570766,5.190198407980469,1.648937644890823,1.0,1.0,0.0,0.0,1.0,10.23987531791538,2.0164100947246095,0.19691744597678437,1.1222315098671793,0.15342819045518305,0.9688033194119964,3524590.3335795086,3.140698066833516,0.47826430196444236,-0.526048054737199,6.671788736161752,1.5348020932398905
balanced_4,S10,均衡档,2024-07,18,0.8159881888387969,5.223622074985405,1.627401915662615,1.0,1.0,0.0,0.0,1.0,9.685125419055762,1.9233898709065025,0.1985921490621255,1.613756339274807,0.21919405351362975,1.3945622857611772,4805208.874171992,2.9776545301327,0.5307925359389151,-0.5491246405757482,6.974340532315038,1.3886797431499829
balanced_4,S10,均衡档,2024-08,19,0.8238740712982074,5.253530886333534,1.6074606685971147,1.0,1.0,0.0,0.0,1.0,9.03017076687091,2.111316220966421,0.23380689861505508,2.222605902923736,0.3000381751913076,1.9225677277324285,6768544.38802587,3.0453191810217732,0.5801382451010566,-0.570492660890193,7.268070524021672,1.2424440210129122
balanced_4,S10,均衡档,2024-09,20,0.8312821722923893,5.280294466647023,1.588995849954871,1.0,1.0,0.0,0.0,1.0,8.616830022878355,1.8396643438562919,0.2134966500408897,2.9768461065543663,0.3995208488811239,2.5773252576732424,8184016.624466409,2.74922395432098,0.6264942488817664,-0.5902786160290073,7.552486690562694,1.1409262109187992
balanced_4,S10,均衡档,2024-10,21,0.8382414391369654,5.304243570570252,1.5718981465679644,1.0,1.0,0.0,0.0,1.0,8.247192998813285,1.8093297875305634,0.21938734643301228,4.288845584034973,0.5724394241066731,3.7164061599282996,11445222.77845761,2.6686022040667345,0.6700416843731967,-0.6085996403913123,7.827218536721786,1.0536556453766006
balanced_4,S10,均衡档,2024-11,22,0.8447790653183648,5.325674170363231,1.556066338697518,1.0,1.0,0.0,0.0,1.0,7.949742093147672,1.7050290236091874,0.21447601741430672,5.796282691755884,0.7696152793990169,5.0266674123568675,14688856.812266923,2.5341857175391125,0.7109507141258732,-0.6255641958716643,8.092005282270454,0.9824192911200292
balanced_4,S10,均衡档,2024-12,23,0.8509205967529628,5.344851113640903,1.5414067008049415,1.0,1.0,0.0,0.0,1.0,7.614684595014875,1.6534423177139002,0.21713864797451538,8.278950115214254,1.0938449314586758,7.185105183755579,20209441.116960462,2.441063279246182,0.7493811910625631,-0.6412727139629386,8.346684126260413,0.9123005590995693
balanced_4,S10,均衡档,2025-01,24,0.8566900316083038,5.362011396462082,1.5278324466894255,1.0,1.0,0.0,0.0,1.0,7.397268474336255,1.7434478164180154,0.23568805464701648,11.466555062834823,1.5079402815394043,9.958614781295418,28516964.30081084,2.486968766516412,0.7854832831070414,-0.6558181903186072,8.591178837509457,0.8610306704406457
balanced_4,S10,均衡档,2025-02,25,0.8621099140764625,5.377367092218128,1.5152632157068577,1.0,1.0,0.0,0.0,1.0,7.273364905004741,1.6529733050923636,0.22726390421508572,14.404586729749571,1.8859509974600321,12.518635732289539,34410180.479134485,2.388834967966673,0.819398059968519,-0.6692867352942682,8.825488856601504,0.8241316739711515
balanced_4,S10,均衡档,2025-03,26,0.8672014224659645,5.391107972517677,1.5036245970285345,1.0,1.0,0.0,0.0,1.0,6.786220215198922,1.2996074374471904,0.191506817673923,22.26905217466821,2.9034297821799497,19.365622392488262,44871020.77331178,2.0149497347872782,0.8512580443745951,-0.6817580837276742,9.049679038981813,0.7498851822221582
balanced_4,S10,均衡档,2025-04,27,0.8719844519564871,5.4034038524573536,1.492847689123248,1.0,1.0,0.0,0.0,1.0,6.565225233162601,1.3272196844376087,0.20215904821261713,29.40751109281623,3.8189473371509077,25.588563755665323,59033894.93498803,2.0074427498697447,0.8811877299066964,-0.6933060669751945,9.263870122709127,0.7086914158121493
balanced_4,S10,均衡档,2025-05,28,0.8764776923397061,5.414406689262204,1.48286869185484,1.0,1.0,0.0,0.0,1.0,6.606694435414231,1.4877794971684242,0.22519272106689195,42.109471882749936,5.447928743041397,36.661543139708535,90537092.7289989,2.1500410401985413,0.9093040674614518,-0.703999049999212,9.468229967245806,0.6977750285184549
balanced_4,S10,均衡档,2025-06,29,0.8806987010500631,5.424252460231678,1.473628528780416,1.0,1.0,0.0,0.0,1.0,6.622478162349813,1.2885153654169947,0.19456694817696443,55.9747090228465,7.215975591584205,48.75873343126229,110614017.99976844,1.9761427961085156,0.9357169222388627,-0.7139003360940352,9.662965580306068,0.685346347072474
balanced_4,S10,均衡档,2025-07,30,0.8846639717708219,5.433062843199513,1.4650724974131912,1.0,1.0,0.0,0.0,1.0,6.62559627334095,1.2047486652158363,0.18183248956223275,69.66477691228519,8.950528327363783,60.71424858492141,132447997.07248063,1.9012189939148976,0.9605295030429576,-0.7230685416463444,9.84831592718207,0.6727643916310424
balanced_4,S10,均衡档,2025-08,31,0.8883889988834945,5.440946720275322,1.4571499453794985,1.0,1.0,0.0,0.0,1.0,6.408603128104278,1.2791864767575571,0.1996045707913812,83.61891646752562,10.708985729511163,72.90993073801447,161895036.86636755,1.9361054137701172,0.9838387655724392,-0.7315579431487748,10.024545500093938,0.6392911407349315
balanced_4,S10,均衡档,2025-09,32,0.8918883380124735,5.448001523451689,1.4498139705527806,1.0,1.0,0.0,0.0,1.0,6.425690764725728,1.3010627599875768,0.2024782716170922,98.85693518818348,12.622091530634028,86.23484365754946,193302600.6761064,1.9553772358827095,1.0057357912771823,-0.7394187985209927,10.191938612997204,0.6304679618587388
balanced_4,S10,均衡档,2025-10,33,0.8951756629014508,5.454314438706288,1.4430211433893403,1.0,1.0,0.0,0.0,1.0,6.162423260910313,1.2885238558246408,0.2090936959812624,125.36923090097771,15.961128444397051,109.40810245658066,239334179.2319403,1.9090344378117565,1.0263061432609815,-0.7466976446405026,10.350794379056353,0.5953575189725796
balanced_4,S10,均衡档,2025-11,34,0.8982638188438677,5.459963483479821,1.4367312498220497,1.0,1.0,0.0,0.0,1.0,6.118448608021572,1.3028415742526298,0.21293658862224385,146.58195054793927,18.61083899573798,127.9711115522013,280595546.3811155,1.914257146478259,1.0456302006212324,-0.7534375728445961,10.501422322885508,0.5826304685116583
balanced_4,S10,均衡档,2025-12,35,0.9011648728761795,5.465018470845623,1.4309070531899364,1.0,1.0,0.0,0.0,1.0,6.025848752540126,1.1387780727387302,0.18898218649425802,181.87874467028013,23.032502720454357,158.84624194982575,319680995.0553396,1.7576600038386838,1.0637834725320103,-0.7596784840344297,10.64413857700208,0.5661189685710861
balanced_4,S10,均衡档,2026-01,36,0.9038901609300607,5.469541872286542,1.4255140737942398,1.0,1.0,0.0,0.0,1.0,5.94259508922848,1.2835424996931615,0.21599023329381883,201.29407090038984,25.428545907516607,175.86552499287322,376842427.5954318,1.8720989938243728,1.0808368932977988,-0.765457324891479,10.779262611171264,0.5512988507274862
balanced_4,S10,均衡档,2026-02,37,0.9064503321278062,5.473589589741612,1.4205203847759043,1.0,1.0,0.0,0.0,1.0,5.961669075793211,1.032758604681825,0.1732331317877476,202.75404056948503,25.55324001833252,177.20080055115253,335345612.32932514,1.6539527961436613,1.0968570995308353,-0.7708083066047753,10.907114443970256,0.5465853600801797
balanced_4,S10,均衡档,2026-03,38,0.9088553903940073,5.477211646463763,1.4158964231060827,1.0,1.0,0.0,0.0,1.0,5.763270885399005,1.2403919268551742,0.2152236033183262,250.8639322367272,31.546577191164918,219.3173550455623,453850946.47757846,1.8091518475015491,1.1119066905351163,-0.7757631074038136,11.028012287582545,0.5226028712253433
balanced_4,S10,均衡档,2026-04,39,0.9111147335461041,5.480452805226477,1.4116148145706933,1.0,1.0,0.0,0.0,1.0,5.67878882666209,1.2427019939023376,0.218832224939905,264.5268015319015,33.19480924796316,231.33199228393835,475983039.925163,1.7993754779050626,1.1260444729145376,-0.7803510600961497,11.14227057923432,0.5096617234592706
balanced_4,S10,均衡档,2026-05,40,0.913237190016562,5.483353121519389,1.4076502117129408,1.0,1.0,0.0,0.0,1.0,5.708713946708766,1.1749169164907303,0.2058111384558168,297.92631377120244,37.311453638084274,260.61486013311816,519201223.61497533,1.7427169055423037,1.1393256903609807,-0.7845993257199042,11.250198355557158,0.5074322928616529
balanced_4,S10,均衡档,2026-06,41,0.9152310533501631,5.485948438569486,1.4039791437743872,1.0,1.0,0.0,0.0,1.0,5.821704920603805,1.3559052847258806,0.23290518898117757,312.35467090646546,39.04433386330818,273.3103370431573,597887520.9407475,1.9141302392106208,1.151802239520235,-0.7885330543392358,11.352097929309057,0.5128307522412416
balanced_4,S10,均衡档,2026-07,42,0.9152310533501631,5.485948438569486,1.4039791437743872,1.0,1.0,0.0,0.2,1.0,7.08381954560016,1.2332099028879473,0.17408827186371623,349.329411035953,43.666176379494125,305.6632346564589,686270241.645792,1.9645361082269739,1.151802239520235,-0.7885330543392358,11.352097929309057,0.6240097283966362
balanced_4,S10,均衡档,2026-08,43,0.9152310533501631,5.485948438569486,1.4039791437743872,1.0,1.0,0.0,0.42,1.0,8.834639659209559,1.8144131615422847,0.20537489151024654,381.95225216160424,47.74403152020053,334.2082206414037,1028193108.5863057,2.6919414737506946,1.151802239520235,-0.7885330543392358,11.352097929309057,0.778238499546425
balanced_5,S11,均衡档,2023-01,0,0.40032582917611226,2.96705035120029,2.6816238614174006,0.0,0.0,0.0,0.0,1.0,21.203261134862284,5.679984141431012,0.26788257265256304,0.024623979342235033,0.004103996557039172,0.020519982785195862,203571.28749782717,8.267196973669558,-2.070204120445104,0.5805256706023545,0.6578824206995226,32.22956027965754
balanced_5,S11,均衡档,2023-02,1,0.4246160571961759,3.1880482361039464,2.6019926843322283,0.0,0.0,0.0,0.0,1.0,19.21507570574192,5.185562101871976,0.26986945985970834,0.027487053297486533,0.004497261543555743,0.022989791753930792,205630.21387705774,7.480984289278507,-1.9182086356620667,0.4951969745569135,0.773344310083096,24.846727977706667
balanced_5,S11,均衡档,2023-03,2,0.4474346146969417,3.385805832448555,2.5282573137048847,0.0,0.0,0.0,0.0,1.0,16.318831328342785,4.527700276977212,0.2774524833229593,0.03730243347039258,0.005998673630089856,0.031303759840302724,239625.38526258085,6.423853967939507,-1.775422091768214,0.41618592312753444,0.8978621326578291,18.175208347451058
balanced_5,S11,均衡档,2023-04,3,0.46887066568772134,3.562767104856417,2.459981230384699,0.0,0.0,0.0,0.0,1.0,14.007199368253003,3.5733532955958354,0.25510833405389793,0.04382184396525211,0.006934114099773073,0.03688772986547904,228940.40971959406,5.224344505017385,-1.64128654724034,0.3430247647213233,1.030629225421906,13.590920015409917
balanced_5,S11,均衡档,2023-05,4,0.48900797200359564,3.7211190089604687,2.396760234628067,0.0,0.0,0.0,0.0,1.0,11.870992442963349,3.17795682016172,0.2677077620452438,0.05508325746546006,0.008585154118176426,0.04649810334728364,249683.26431563255,4.532834037133631,-1.5152778645232556,0.275280379568787,1.1707281419378242,10.139836925175581
balanced_5,S11,均衡档,2023-06,5,0.5079252206066042,3.862818518645194,2.338220053204415,0.0,0.0,0.0,0.0,1.0,9.884833800510702,2.625169104192377,0.2655754418508025,0.06432555112940291,0.009884429649625113,0.0544411214797778,240623.09440568113,3.7407078552910122,-1.3969036619509085,0.2125517156209835,1.3171637383404673,7.504635538300568
balanced_5,S11,均衡档,2023-07,6,0.5256963310567603,3.989616811084404,2.284014123669453,0.0,0.0,0.0,0.0,1.0,8.836349078483682,2.171048309729429,0.24569517234395874,0.08109366507867503,0.012296318111360647,0.06879734696731439,258016.92305932083,3.181714907187871,-1.2857013897543175,0.15446741429008407,1.4688948008541414,6.015644601196404
balanced_5,S11,均衡档,2023-08,7,0.5423907443543382,4.1030809084639355,2.2338215426884505,0.0,0.0,0.0,0.0,1.0,8.54971282487061,2.0680820719747506,0.24188906859641202,0.09873604559442388,0.014785510533685667,0.08395053506073821,300028.4655239123,3.0386923409545217,-1.1812365226382988,0.10068361197753944,1.6248629992150525,5.261805351590166
balanced_5,S11,均衡档,2023-09,8,0.5580736942820897,4.2046130438459945,2.1873451662634396,0.0,0.0,0.0,0.0,1.0,8.025138446854022,2.1605213406509494,0.26921919851711806,0.1182458336525253,0.017500311561236836,0.10074552209128847,358105.2735952561,3.0284811103584133,-1.083100861864438,0.050881904374730454,1.7840183574264263,4.498349702203097
balanced_5,S11,均衡档,2023-10,9,0.5728064623076693,4.295467990505981,2.14430985061755,0.0,0.0,0.0,0.0,1.0,7.490275545790647,1.837567168726625,0.2453270453794311,0.1499543635744908,0.021949372631986125,0.12800499094250467,399624.6178599078,2.6649749185950946,-0.9909109402056405,0.004767461484604015,1.9453407950735662,3.8503667659462155
balanced_5,S11,均衡档,2023-11,10,0.5866466170422994,4.376768568904408,2.1044608233223694,0.0,0.0,0.0,0.0,1.0,6.825725513454535,1.5350261368938165,0.22488834833279603,0.17450676317683753,0.025279060969755022,0.1492277022070825,401616.35465390835,2.301437189840762,-0.9043065235396156,-0.03793271779492708,2.1078575931820853,3.238228965529979
balanced_5,S11,均衡档,2023-12,11,0.5996482391913707,4.449519522935072,2.067562175025277,0.0,0.0,0.0,0.0,1.0,6.268631548608074,1.3296846988903708,0.21211722025449437,0.22178953746309774,0.0318154947438731,0.18997404271922463,452045.1918761159,2.0381718499743435,-0.8229492032262105,-0.07747142185882178,2.2706568728671543,2.7607128243435053
balanced_5,S11,均衡档,2024-01,12,0.6118621328759732,4.514619936937462,2.0333954628476585,1.0,0.0,0.0,0.0,1.0,6.570031132918494,1.5540628120424191,0.23653811992700316,0.2701369116658129,0.03839512523104148,0.2317417864347714,612398.4604148014,2.266992898669106,-0.7465210737682976,-0.1140827229219445,2.7407788338953187,2.397140203969274
balanced_5,S11,均衡档,2024-02,13,0.6233360241511039,4.572874346927695,2.0017584171860086,1.0,0.0,0.0,0.0,1.0,6.13298202759842,1.417947232790407,0.23120029154001173,0.3465665082262615,0.048831786175526665,0.29773472205073487,721656.5922274945,2.0823033244642017,-0.674723490589135,-0.14798336274485294,2.9220601687942236,2.098855490073351
balanced_5,S11,均衡档,2024-03,14,0.6341147474962632,4.625002683364778,1.9724637442600912,1.0,1.0,0.0,0.0,1.0,5.066596042011731,1.1787890113305508,0.23265896897170107,0.5114975503101435,0.07148218512169378,0.44001536518844975,880856.6335126675,1.7221131029436314,-0.6072759030721927,-0.17937403576193764,2.793630204751712,1.813624449432824
balanced_5,S11,均衡档,2024-04,15,0.6442404210071585,4.671649168328809,1.945338017319135,1.0,1.0,0.0,0.0,1.0,4.789620184708885,0.9791756683657585,0.20443701809421727,0.6968193277458322,0.09663029304424421,0.600189034701588,1050512.9012187736,1.507582897588559,-0.5439147583035212,-0.2084405772081455,2.952253771277959,1.622360594914432
balanced_5,S11,均衡档,2024-05,16,0.6537526109730778,4.7133902770658125,1.92022064994193,1.0,1.0,0.0,0.0,1.0,4.531832358398478,1.0397894908074543,0.2294412962740108,0.9954550519335807,0.1370381531495999,0.8584168987839808,1513606.8068656325,1.5205174798456136,-0.4843924712330165,-0.23535506327807795,3.107699373912489,1.458259571836594
balanced_5,S11,均衡档,2024-06,17,0.6626884864830257,4.750741862291108,1.8969629453526782,1.0,1.0,0.0,0.0,1.0,4.478138804885451,0.9459779369459352,0.21124354964475758,1.3290270963945985,0.18170067465835366,1.1473264217362449,1899026.3234990546,1.4288845792916918,-0.4284764572304504,-0.2602768298304961,3.2595161952516922,1.3738661005608717
balanced_5,S11,均衡档,2024-07,18,0.6710829646647459,4.784165529296045,1.8754272161244703,1.0,1.0,0.0,0.0,1.0,4.076387007956917,0.8871682770892313,0.21763592989515476,1.8965359598267821,0.2576035765446518,1.6389323832821303,2504100.691372009,1.3203549758163922,-0.3759482232559777,-0.2833534156690451,3.4073285014356336,1.1963586740284609
balanced_5,S11,均衡档,2024-08,19,0.6789688471241565,4.814074340644174,1.8554859690589698,1.0,1.0,0.0,0.0,1.0,3.9591428115598086,0.7899189873232276,0.19951767968986656,2.644173684865759,0.35694724208748774,2.2872264427782714,3219928.7030750965,1.2177447803465935,-0.3266025140938362,-0.30472143598349016,3.550830896799207,1.1149905266197448
balanced_5,S11,均衡档,2024-09,20,0.6863769481183384,4.840837920957663,1.8370211504167262,1.0,1.0,0.0,0.0,1.0,4.00447680920216,0.828202611682673,0.20681918041814845,3.545778554251235,0.47587695407561237,3.0699016001756227,4448138.749503818,1.2544885929694318,-0.28024651031312636,-0.3245073911223044,3.6897830036018564,1.0852878896382547
balanced_5,S11,均衡档,2024-10,21,0.6933362149629144,4.864787024880892,1.8199234470298196,1.0,1.0,0.0,0.0,1.0,3.4981289191029274,0.8072228688264425,0.2307584675962856,5.039252402030702,0.672597482568424,4.366654919462278,5877696.4159518685,1.1663826192915625,-0.23669907482169608,-0.3428284154846094,3.8240038156388585,0.9147817543478344
balanced_5,S11,均衡档,2024-11,22,0.6998738411443138,4.886217624673871,1.804091639159373,1.0,1.0,0.0,0.0,1.0,3.3024339468712416,0.7304017307339291,0.22117073118931535,6.679981753222841,0.8869505330889147,5.793031220133927,7160335.579049882,1.0719094517878418,-0.19579004506901956,-0.3597929709649615,3.953365928189863,0.8353473993699679
balanced_5,S11,均衡档,2024-12,23,0.7060153725789119,4.905394567951543,1.7894320012667968,1.0,1.0,0.0,0.0,1.0,3.3060858943632145,0.6895759356586229,0.2085777434985373,9.53862542104789,1.2602778039116245,8.278347617136266,9875135.974285342,1.0352787260620289,-0.15735956813232968,-0.3755014890562355,4.077789804514642,0.8107543676486093
balanced_5,S11,均衡档,2025-01,24,0.7117848074342529,4.9225548507727215,1.7758577471512806,1.0,1.0,0.0,0.0,1.0,3.2077164053600846,0.7046409564911297,0.21967059036568093,13.213044207456257,1.737617051765009,11.475427155691248,13659838.690310607,1.033814651327831,-0.12125747608785131,-0.39004696541190437,4.197238201711361,0.7642445463429229
balanced_5,S11,均衡档,2025-02,25,0.7172046899024116,4.937910546528768,1.7632885161687128,1.0,1.0,0.0,0.0,1.0,3.0472829214644057,0.6268355750061336,0.2057031103317774,16.41817354484409,2.1495841119427204,14.26858943290137,15494450.414273456,0.9437377654677844,-0.08734269922637371,-0.40351551038756533,4.311710846476134,0.7067456585023281
balanced_5,S11,均衡档,2025-03,26,0.7222961982919136,4.951651426828317,1.7516498974903896,1.0,1.0,0.0,0.0,1.0,3.1610887121030062,0.6233722027479836,0.19720174266582574,25.21264884098103,3.287214694113481,21.92543414686755,24058883.44415994,0.9542386282338673,-0.05548271482029766,-0.4159868588209713,4.421239424070969,0.7149779527642846
balanced_5,S11,均衡档,2025-04,27,0.7270792277824362,4.963947306767993,1.7408729895851032,1.0,1.0,0.0,0.0,1.0,3.121912864400848,0.6275125916383445,0.20100259645099852,33.968322800682756,4.41122798518094,29.557094815501816,32318918.563717227,0.9514428708581286,-0.025553029288196354,-0.4275348420684916,4.525882921324353,0.6897909023875768
balanced_5,S11,均衡档,2025-05,28,0.7315724681656551,4.974950143572844,1.730893992316695,1.0,1.0,0.0,0.0,1.0,3.1310564924808286,0.6754024484570739,0.2157107193942491,48.69880761584505,6.300426528761295,42.39838108708375,48362961.78510896,0.9931036128566972,0.002563308266559029,-0.4382278250925092,4.625723346324027,0.6768793241751084
balanced_5,S11,均衡档,2025-06,29,0.7357934768760122,4.9847959145423175,1.7216538292422712,1.0,1.0,0.0,0.0,1.0,3.081447999843376,0.6274593677215901,0.20362484382455345,66.26552043822215,8.542614805744975,57.722905632477186,62542401.177802406,0.9438151358987555,0.028976163043969945,-0.44812911118733245,4.720861833117203,0.6527299693938902
balanced_5,S11,均衡档,2025-07,30,0.739758747596771,4.993606297510153,1.7130977978750466,1.0,1.0,0.0,0.0,1.0,2.9723978995716567,0.5914526613278906,0.1989816576754825,83.72850358772847,10.757435484410294,72.97106810331817,75134311.06828506,0.8973564299947312,0.05378874384806481,-0.4572973167396413,4.811415128691939,0.6177803868650492
balanced_5,S11,均衡档,2025-08,31,0.7434837747094436,5.001490174585962,1.7051752458413538,1.0,1.0,0.0,0.0,1.0,2.8060652022005,0.5200607085981763,0.1853345061940641,101.48101170893348,12.996565276343652,88.48444643258983,82486493.48172529,0.8128268736452094,0.0770980063775465,-0.46578671824207163,4.8975124512697805,0.5729572369893557
balanced_5,S11,均衡档,2025-09,32,0.7469831138384225,5.0085449777623285,1.6978392710146357,1.0,1.0,0.0,0.0,1.0,2.785536398594633,0.5701678017160249,0.2046886919171789,117.73942550722309,15.033015161632022,102.70641034559107,100434899.12224063,0.8530269167661189,0.09899503208228956,-0.47364757361428983,4.97929270302213,0.5594241119635285
balanced_5,S11,均衡档,2025-10,33,0.7502704387273998,5.014857893016928,1.6910464438511954,1.0,1.0,0.0,0.0,1.0,2.7328137103735686,0.567510288300299,0.20766519362299374,147.46523872968686,18.774236704915854,128.69100202477102,124339959.1297249,0.8431814860290427,0.11956538406608877,-0.48092641973379974,5.05690201630455,0.5404126284358257
balanced_5,S11,均衡档,2025-11,34,0.7533585946698168,5.0205069377904605,1.684756550283905,1.0,1.0,0.0,0.0,1.0,2.7979410441785637,0.5495765114831581,0.1964217625766686,173.10890663182482,21.978845130727606,151.1300615010972,144553044.8749151,0.8350410599170179,0.13888944142633966,-0.487666347937893,5.130491610007878,0.545355349323779
balanced_5,S11,均衡档,2025-12,35,0.7562596487021286,5.025561925156262,1.6789323536517915,1.0,1.0,0.0,0.0,1.0,2.907970535313443,0.6590458539125751,0.22663429560559084,217.52965867254323,27.547212645643242,189.9824460269,205313626.07374245,0.9438419906814174,0.15704271333711764,-0.49390725912772687,5.200215931327778,0.5592018819439576
balanced_5,S11,均衡档,2026-01,36,0.7589849367560098,5.030085326597182,1.673539374256095,1.0,1.0,0.0,0.0,1.0,2.6768512055476306,0.5395942716253289,0.20157798480059283,243.45795415926813,30.75491362561059,212.70304053365754,197099669.84448072,0.8095840225271086,0.17409613410290606,-0.4996860999847762,5.266231057879219,0.5083049292990258
balanced_5,S11,均衡档,2026-02,37,0.7615451079537553,5.034133044052251,1.6685456852377596,1.0,1.0,0.0,0.0,1.0,2.7028631100092824,0.5722243733594741,0.21171045297869667,246.23704962654048,31.033435451347692,215.2036141751928,207023881.12439567,0.8407503315946235,0.1901163403359426,-0.5050370816980722,5.328693335400416,0.5072281213957642
balanced_5,S11,均衡档,2026-03,38,0.7639501662199564,5.037755100774403,1.6639217235679378,1.0,1.0,0.0,0.0,1.0,2.6308558759504588,0.5099789100298591,0.1938452481155461,305.3082745311015,38.39304823025769,266.91522630084387,237127712.71150035,0.7766828890428397,0.2051659313402236,-0.5099918824971107,5.387758227112194,0.48830251192629737
balanced_5,S11,均衡档,2026-04,39,0.7662095093720531,5.040996259537117,1.6596401150325486,1.0,1.0,0.0,0.0,1.0,2.6096854404895637,0.5798535012672993,0.22219287132112048,322.86420895319986,40.515425155902335,282.34878379729753,269453446.00802964,0.8345720539345621,0.21930371371964488,-0.5145798351894466,5.443579351972182,0.4794061538836736
balanced_5,S11,均衡档,2026-05,40,0.7683319658425111,5.043896575830029,1.655675512174796,1.0,1.0,0.0,0.0,1.0,2.5498558545978742,0.48468655230692925,0.19008390275589399,367.024464739997,45.9651117313048,321.05935300869214,272817560.1509893,0.7433225475698341,0.23258493116608794,-0.5188281008132013,5.496307690466333,0.46392159940768024
balanced_5,S11,均衡档,2026-06,41,0.7703258291761121,5.046491892880126,1.6520044442362425,1.0,1.0,0.0,0.0,1.0,2.498255037579487,0.5442154304207341,0.21783821997133418,390.6499553774865,48.83124442218581,341.8187109553007,308015919.2774004,0.7884703813155782,0.24506148032534217,-0.5227618294325328,5.546090938118241,0.45045331305496616
balanced_5,S11,均衡档,2026-07,42,0.7703258291761121,5.046491892880126,1.6520044442362425,1.0,1.0,0.0,0.2,1.0,2.9101578002888573,0.606819782438477,0.2085178275824923,443.9172237051177,55.48965296313971,388.427570741978,397189180.376756,0.8947370346697746,0.24506148032534217,-0.5227618294325328,5.546090938118241,0.5247223373651096
balanced_5,S11,均衡档,2026-08,43,0.7703258291761121,5.046491892880126,1.6520044442362425,1.0,1.0,0.0,0.42,1.0,3.7758085827208525,0.7323467780256908,0.1939576019232312,490.41781532763923,61.302226915954904,429.1155884116843,545726893.1030592,1.1127795036125858,0.24506148032534217,-0.5227618294325328,5.546090938118241,0.680805386144996
balanced_6,S12,均衡档,2023-01,0,0.3398054530383638,3.570343066839186,2.494467728667951,0.0,0.0,0.0,0.0,0.0,26.84260844687561,7.91697002372471,0.294940413089631,0.011378679488603407,0.001896446581433901,0.009482232907169506,125976.12670988301,11.07124309424986,-2.448908836708395,0.37997873221744355,0.6155268172503636,43.6091616069385
balanced_6,S12,均衡档,2023-02,1,0.36409568105842743,3.7913409517428422,2.4148365515827788,0.0,0.0,0.0,0.0,0.0,21.83791384172108,5.9009917238109555,0.27021773996274223,0.012550932257325145,0.0020535058584036387,0.010497426398921506,106789.51031063861,8.50849228736078,-2.2969133519253573,0.2946500361720025,0.7235550713119577,30.181412179344335
balanced_6,S12,均衡档,2023-03,2,0.3869142385591932,3.989098548087451,2.341101180955435,0.0,0.0,0.0,0.0,0.0,18.736550647291114,4.364594688996087,0.2329454749253492,0.01703700244616888,0.002739752016198262,0.014297250429970616,113735.20570641346,6.67577562812343,-2.154126808031505,0.2156389847426235,0.8400562219869911,22.303924614680447
balanced_6,S12,均衡档,2023-04,3,0.4083502895499729,4.166059820495313,2.2728250976352493,0.0,0.0,0.0,0.0,0.0,15.649564930313435,4.358152682907811,0.27848395161874473,0.0200668169090142,0.0031752565724229576,0.01689156033659124,123307.38289995183,6.144840183624789,-2.019991263503631,0.14247782633641232,0.9642755406271851,16.229349673366833
balanced_6,S12,均衡档,2023-05,4,0.42848759586584717,4.324411724599365,2.2096041018786177,0.0,0.0,0.0,0.0,0.0,13.515009415615426,3.3626342964638285,0.24880739576685718,0.025189319364258427,0.003925951347552866,0.021263368016705562,124560.19997873125,4.944960924806565,-1.8939825807865465,0.074733441183876,1.0953546475769873,12.338478177375443
balanced_6,S12,均衡档,2023-06,5,0.44740484446885576,4.4661112342840905,2.1510639204549653,0.0,0.0,0.0,0.0,0.0,11.710063179254384,3.2598083435542584,0.2783766657492808,0.029767462550094992,0.004574144865581585,0.025193317684513404,135688.91255681225,4.558296237996922,-1.775608378214199,0.012004777236072503,1.2323624680474567,9.502125781068045
balanced_6,S12,均衡档,2023-07,6,0.46517595491901187,4.5929095267233,2.0968579909200034,0.0,0.0,0.0,0.0,0.0,10.999424462507159,2.7109147761515,0.24645969299502657,0.037202328215538004,0.005641028331592795,0.03156129988394521,147608.05923415342,3.9677102567065443,-1.664406106017608,-0.04607952409482692,1.3743248233992713,8.003511451754944
balanced_6,S12,均衡档,2023-08,7,0.4818703682165898,4.706373624102832,2.046665409939001,0.0,0.0,0.0,0.0,0.0,10.139051681700133,2.591422513513187,0.2555882537013218,0.04566723645805876,0.006838570469679358,0.0388286659883794,169958.09863299748,3.721663753161168,-1.5599412389015894,-0.09986332640737153,1.5202515204939986,6.669325137991308
balanced_6,S12,均衡档,2023-09,8,0.49755331814434134,4.807905759484891,2.00018903351399,0.0,0.0,0.0,0.0,0.0,8.823588529665717,2.3656405730370844,0.26810413530544663,0.0540541008198154,0.007999974090326645,0.046054126729488755,179535.9903680994,3.3214129482343417,-1.4618055781277286,-0.14966503401018053,1.6691601825981228,5.286244317146006
balanced_6,S12,均衡档,2023-10,9,0.5122860861699209,4.898760706144877,1.9571537178681004,0.0,0.0,0.0,0.0,0.0,8.504456279861435,2.0857457827029244,0.24525327828916865,0.06775995160123902,0.009918273745212623,0.05784167785602639,204992.56109052646,3.025276084860399,-1.369615656468931,-0.19577947690030695,1.8200964038311374,4.672530675825922
balanced_6,S12,均衡档,2023-11,10,0.526126240904551,4.9800612845433045,1.9173046905729199,0.0,0.0,0.0,0.0,0.0,7.600565780732546,1.9474971813412478,0.25623055408298134,0.08067793519766397,0.011687010896586227,0.06899092430107776,223187.52571411798,2.766401063280811,-1.283011239802906,-0.23847965617983805,1.9721500905417377,3.853948955094344
balanced_6,S12,均衡档,2023-12,11,0.5391278630536223,5.052812238573968,1.8804060422758275,0.0,0.0,0.0,0.0,0.0,7.109024719826901,1.5934631881443828,0.22414652514855546,0.10164271109572265,0.014580548648094058,0.08706216244762859,242383.83170848177,2.384665157939513,-1.2016539194895008,-0.2780183602437328,2.1244680721784146,3.3462610301963056
balanced_6,S12,均衡档,2024-01,12,0.5513417567382248,5.117912652576359,1.8462393300982087,0.0,0.0,0.0,0.0,0.0,6.660484863628043,1.5542810979399582,0.23335855118111073,0.121760028852838,0.01730600800576037,0.10445402084707764,277617.3145786318,2.2800365373941105,-1.125225790031588,-0.3146296613068557,2.276263223018307,2.9260609213710764
balanced_6,S12,均衡档,2024-02,13,0.5628156480133555,5.176167062566591,1.814602284436559,0.0,0.0,0.0,0.0,0.0,6.267903489597539,1.5539818280724635,0.24792689144807564,0.15978946345475456,0.022514595978877797,0.13727486747587675,354441.96421145496,2.21818107745144,-1.0534282068524254,-0.3485303011297639,2.4268204407503102,2.582763596494047
balanced_6,S12,均衡档,2024-03,14,0.5735943713585148,5.228295399003675,1.7853076115106417,1.0,0.0,0.0,0.0,0.0,6.419537748984075,1.3505404200733266,0.21037969911261237,0.2379614470814249,0.03325529946680417,0.20470614761462072,489947.5768719616,2.0589367852697285,-0.9859806193354832,-0.3799209741468486,2.9014276299000037,2.2125445014823
balanced_6,S12,均衡档,2024-04,15,0.5837200448694101,5.274941883967705,1.7581818845696855,1.0,0.0,0.0,0.0,0.0,6.083521019496942,1.3332817422665018,0.2191628397425597,0.31464531464698975,0.04363293001313983,0.2710123846338499,626777.7112375939,1.9920134896678665,-0.9226194745668117,-0.40898751559305646,3.0661719822089526,1.984076905925613
balanced_6,S12,均衡档,2024-05,16,0.5932322348353294,5.316682992704709,1.7330645171924806,1.0,1.0,0.0,0.0,0.0,5.043104252749174,1.1961263612601825,0.23718057397051265,0.45217044966735565,0.06224751505442456,0.3899229346129311,780317.8088444939,1.7257160644145226,-0.863097187496307,-0.4359020016629889,2.90762033519813,1.734443865211697
balanced_6,S12,均衡档,2024-06,17,0.6021681103452773,5.354034577930005,1.7098068126032286,1.0,1.0,0.0,0.0,0.0,4.777270421474106,1.0701343595463222,0.22400539746211698,0.6072818034663108,0.08302578156375569,0.5242560219025552,957660.9927212937,1.576963095642006,-0.807181173493741,-0.4608237682154071,3.0496629280745653,1.566491292364
balanced_6,S12,均衡档,2024-07,18,0.6105625885269975,5.387458244934941,1.6882710833750207,1.0,1.0,0.0,0.0,0.0,4.563983088686523,0.9596910236324437,0.2102748859896926,0.8744259504011942,0.11877193842787845,0.7556540119733157,1267267.4906579885,1.449256498021994,-0.7546529395192682,-0.48390035405395604,3.1879588233792266,1.431631756099257
balanced_6,S12,均衡档,2024-08,19,0.6184484709864081,5.41736705628307,1.6683298363095203,1.0,1.0,0.0,0.0,0.0,4.358163738445539,0.9454555726517692,0.21693897462168146,1.209533951693335,0.1632796705977487,1.0462542810955864,1700786.480097033,1.4061502595408335,-0.7053072303571267,-0.5052683743684011,3.3222222873459684,1.3118218353556215
balanced_6,S12,均衡档,2024-09,20,0.62585657198059,5.444130636596559,1.6498650176672767,1.0,1.0,0.0,0.0,0.0,4.203863130594359,0.9698141220258444,0.2306959317889896,1.6197933175448147,0.21739155403855523,1.4024017635062593,2273953.3739276123,1.403854028348712,-0.6589512265764168,-0.5250543295072154,3.4522284181672265,1.2177245017947484
balanced_6,S12,均衡档,2024-10,21,0.632815838825166,5.468079740519788,1.63276731428037,1.0,1.0,0.0,0.0,0.0,4.04074265668516,0.8784664111877568,0.217402216826253,2.298933544197673,0.3068425216796749,1.9920910225179982,2989856.717546638,1.3005407333730028,-0.6154037910849866,-0.5433753538695204,3.5778078631295185,1.1293906244453025
balanced_6,S12,均衡档,2024-11,22,0.6393534650065654,5.489510340312767,1.6169355064099236,1.0,1.0,0.0,0.0,0.0,3.920897408734583,0.8400384050070495,0.21424646386709736,3.058065143068384,0.40604190386545935,2.652023239202925,3819850.02060539,1.2491068181669442,-0.57449476133231,-0.5603399093498724,3.6988414200478457,1.0600339304851478
balanced_6,S12,均衡档,2024-12,23,0.6454949964411635,5.508687283590439,1.6022758685173473,1.0,1.0,0.0,0.0,0.0,3.8394606064750048,0.8373001971508593,0.21807755905577103,4.356167471304898,0.5755526537495878,3.780614817555311,5375321.273114213,1.233956524519023,-0.5360642843956201,-0.5760484274411465,3.8152546728943206,1.0063445131861462
balanced_6,S12,均衡档,2025-01,24,0.6512644312965045,5.525847566411618,1.588701614401831,1.0,1.0,0.0,0.0,0.0,3.785800345241235,0.7737372858455994,0.20437878791420946,5.932660672258036,0.7801905590109146,5.152470113247121,6940303.9284818685,1.1698467705958164,-0.4999621923511418,-0.5905939037968153,3.9270127765292773,0.96404075073755
balanced_6,S12,均衡档,2025-02,25,0.6566843137646632,5.541203262167664,1.5761323834192633,1.0,1.0,0.0,0.0,0.0,3.782391513875793,0.758449164948458,0.20052106244582807,7.301892286212578,0.9560156982558388,6.345876587956739,8429050.463216683,1.1543652155938269,-0.4660474154896642,-0.6040624487724763,4.034115475244607,0.9376012008298917
balanced_6,S12,均衡档,2025-03,26,0.6617758221541652,5.554944142467213,1.56449376474094,1.0,1.0,0.0,0.0,0.0,3.53743461155503,0.7472934129004025,0.21125292619102234,11.10144703566457,1.4474020580591713,9.6540449776054,12334494.356623225,1.1110708646356966,-0.43418743108358815,-0.6165337972058823,4.13659241435057,0.8551566741946932
balanced_6,S12,均衡档,2025-04,27,0.6665588516446878,5.56724002240689,1.5537168568356536,1.0,1.0,0.0,0.0,0.0,3.3228338530575603,0.66989752348305,0.20160427909046152,15.027214876810861,1.9514790645649138,13.075735812245947,15243843.737611584,1.0144157691612576,-0.40425774555148686,-0.6280817804534026,4.23449878300203,0.7847053508188404
balanced_6,S12,均衡档,2025-05,28,0.6710520920279067,5.57824285921174,1.5437378595672455,1.0,1.0,0.0,0.0,0.0,3.2963339140848427,0.5993150243754152,0.18181259544568995,21.293037488140822,2.7547947236503045,18.538242764490516,20190970.68818848,0.9482428563531088,-0.37614140799673146,-0.6387747634774201,4.327911309464781,0.7616454401170456
balanced_6,S12,均衡档,2025-06,29,0.6752731007382637,5.588088630181214,1.5344976964928216,1.0,1.0,0.0,0.0,0.0,3.1707188063702714,0.6459876853167971,0.20373540662733863,28.188983218635975,3.6339807460942803,24.555002472541698,27384560.303814046,0.9714632163713476,-0.34972855321932056,-0.6486760495722435,4.4169246166018725,0.7178566721407258
balanced_6,S12,均衡档,2025-07,30,0.6792383714590225,5.5968990131490495,1.525941665125597,1.0,1.0,0.0,0.0,0.0,3.174414831112925,0.6471789542241442,0.203873466026256,35.23635206991405,4.527165395962275,30.70918667395177,34245440.292565994,0.9718781395025812,-0.3249159724152257,-0.6578442551245522,4.501647935029172,0.705167280277851
balanced_6,S12,均衡档,2025-08,31,0.6829633985716952,5.604782890224858,1.5180191130919043,1.0,1.0,0.0,0.0,0.0,3.1748929544156064,0.7090023605418271,0.22331535920156123,43.37391372058081,5.5548510156447515,37.81906270493606,44449862.08367794,1.0248063471981916,-0.301606709885744,-0.6663336566269826,4.582202163676544,0.6928749193091518
balanced_6,S12,均衡档,2025-09,32,0.6864627377006741,5.611837693401225,1.5106831382651862,1.0,1.0,0.0,0.0,0.0,3.1307109568228646,0.6823584338570056,0.21795638219808147,50.141142040370056,6.402040312895746,43.73910172747431,49888682.70667601,0.9949650262554693,-0.27970968418100095,-0.6741945119992008,4.65871726195434,0.6720113672469417
balanced_6,S12,均衡档,2025-10,33,0.6897500625896514,5.618150608655824,1.5038903111017459,1.0,1.0,0.0,0.0,0.0,2.991881694789367,0.6702590448348622,0.2240259185388844,61.64358549051719,7.84802761185035,53.79555787866684,59537329.39221036,0.9658317068751485,-0.25913933219720175,-0.6814733581187108,4.731329953965353,0.6323553258596677
balanced_6,S12,均衡档,2025-11,34,0.6928382185320684,5.623799653429357,1.4976004175344555,1.0,1.0,0.0,0.0,0.0,2.9511509685298662,0.5689155277109794,0.19277750741243446,71.20683659960525,9.040805954602616,62.166030645002635,62048003.37931468,0.8713770522935808,-0.23981527483695084,-0.688213286322804,4.800181722867755,0.6147998427790293
balanced_6,S12,均衡档,2025-12,35,0.6957392725643802,5.628854640795159,1.491776220902342,1.0,1.0,0.0,0.0,0.0,2.916456992353817,0.6214275710243038,0.21307619918741247,89.12749518704742,11.286801429625188,77.84069375742223,81289824.19926102,0.9120622545114965,-0.22166200292617286,-0.6944541975126378,4.865417072280718,0.5994258969019269
balanced_6,S12,均衡档,2026-01,36,0.6984645606182613,5.633378042236078,1.4863832415066454,1.0,1.0,0.0,0.0,0.0,2.915444028304077,0.5916763339367457,0.20294553014654365,100.02761213090314,12.636024080155902,87.39158805074723,88547155.38077347,0.8852271237355387,-0.20460858216038447,-0.7002330383696872,4.9271820312735155,0.5917061739954693
balanced_6,S12,均衡档,2026-02,37,0.7010247318160069,5.637425759691148,1.48138955248831,1.0,1.0,0.0,0.0,0.0,2.884335962701368,0.5369808203322392,0.18617138477492814,99.71222871365241,12.566805109906664,87.14542360374574,83042308.96970297,0.8328197056770128,-0.1885883759273479,-0.7055840200829832,4.9856228797764315,0.5785307136649512
balanced_6,S12,均衡档,2026-03,38,0.703429790082208,5.641047816413299,1.4767655908184882,1.0,1.0,0.0,0.0,0.0,2.8371950330348668,0.543433901301956,0.19153914164323776,123.22278362015372,15.495480041806847,107.72730357834688,102506367.8694265,0.831878365817578,-0.1735387849230669,-0.7105388208820217,5.040885072020344,0.5628366829434068
balanced_6,S12,均衡档,2026-04,39,0.7056891332343047,5.644288975176013,1.472483982283099,1.0,1.0,0.0,0.0,0.0,2.877687896672872,0.5774463869701626,0.2006633129457142,131.2374376830887,16.468659072930294,114.7687786101584,113664477.43401784,0.8660979629036499,-0.15940100254364564,-0.7151267735743576,5.093112336709785,0.5650155948713855
balanced_6,S12,均衡档,2026-05,40,0.7078115897047627,5.6471892914689255,1.4685193794253464,1.0,1.0,0.0,0.0,0.0,2.732535199434467,0.48526725124133635,0.17758865515868508,149.54791405524142,18.728960162375895,130.81895389286552,114659697.05835597,0.766708768776286,-0.14611978509720255,-0.7193750391981123,5.142445933946953,0.531368775585197
balanced_6,S12,均衡档,2026-06,41,0.7098054530383637,5.649784608519022,1.464848311486793,1.0,1.0,0.0,0.0,0.0,2.7972856170284617,0.5204700187813621,0.18606252275885007,158.665142886347,19.833142860793377,138.83200002555364,127736858.925722,0.8050719685622495,-0.13364323593794833,-0.7233087678174437,5.189024050363235,0.5390774045136002
balanced_6,S12,均衡档,2026-07,42,0.7098054530383637,5.649784608519022,1.464848311486793,1.0,1.0,0.0,0.0,0.0,2.818531705672977,0.5942035610369829,0.2108202507855436,182.15161970097154,22.768952462621442,159.3826672383501,158880762.86145946,0.8722445791164822,-0.13364323593794833,-0.7233087678174437,5.189024050363235,0.5431718331457103
balanced_6,S12,均衡档,2026-08,43,0.7098054530383637,5.649784608519022,1.464848311486793,1.0,1.0,0.0,0.0,0.0,2.916451077697637,0.5945032391394108,0.2038447494235821,198.2355772085519,24.779447151068986,173.4561300574829,175388276.5162473,0.8847467189591892,-0.13364323593794833,-0.7233087678174437,5.189024050363235,0.5620423126567478
flagship_1,S01,旗舰档,2023-01,0,0.6102310542896694,4.431569029132307,2.8319455341336437,0.0,0.0,0.0,0.0,1.0,52.846548332596875,16.029808268313356,0.30332744094141395,0.024544179980688932,0.004090696663448155,0.020453483317240777,544044.6149334213,22.165931612360612,-0.7567275065872776,0.7416026857835726,2.1542393168355085,24.531419475820517
flagship_1,S01,旗舰档,2023-02,1,0.6289410947916103,4.626331237775525,2.752930618472635,0.0,0.0,0.0,0.0,1.0,45.56657199494619,12.777626164518146,0.2804166652241323,0.02728765112238072,0.004464636593762134,0.022823014528618586,495062.13237498817,18.142350550976857,-0.6396499034435867,0.6569343439570671,2.4602388888324827,18.521198165666753
flagship_1,S01,旗舰档,2023-03,2,0.6465175512449028,4.80061211949908,2.6797658819383354,0.0,0.0,0.0,0.0,1.0,40.25893192617934,9.518920999830913,0.2364424624400183,0.036450232144681675,0.005861629551608296,0.030588602593073378,527153.436673368,14.462279268371766,-0.5296656736875112,0.5785347548325392,2.7807441153695405,14.477754966256299
flagship_1,S01,旗舰档,2023-04,3,0.6630291040350981,4.9565655046343915,2.6120181835784546,0.0,0.0,0.0,0.0,1.0,35.81203434208663,9.271741756146536,0.2589001693559279,0.04311564292529757,0.0068223689483753805,0.03629327397692219,580824.7748727005,13.471323525872988,-0.42634505155117525,0.5059397867216773,3.11330572136483,11.502896775067478
flagship_1,S01,旗舰档,2023-05,4,0.6785402724135418,5.0961187252437625,2.549286451729605,1.0,0.0,0.0,0.0,1.0,31.349541421122176,7.8780440372841,0.251296946626982,0.05382815608550944,0.008389536805827595,0.04543861927968185,620975.5752770412,11.53625946782539,-0.32928430945828613,0.438719671745739,3.8927155571527368,8.053386115900102
flagship_1,S01,旗舰档,2023-06,5,0.693111666607751,5.220996433833097,2.4911993096417437,1.0,0.0,0.0,0.0,1.0,27.855222292259896,7.7696457764903135,0.27892959154913144,0.06320157042508143,0.009711715883410313,0.053489854541671114,686119.2271964416,10.856047129552914,-0.23810418044985657,0.3764764615761583,4.286134666331355,6.49891439741022
flagship_1,S01,旗舰档,2023-07,6,0.7068002246571957,5.3327419172725214,2.4374128768988186,1.0,0.0,0.0,0.0,1.0,24.020471957980693,5.6244203261767565,0.23415111643166814,0.07945730421949432,0.012048194985467343,0.06740910923402697,668540.4939380325,8.41383307054118,-0.15244837619031956,0.3188416715493736,4.684856513038732,5.127258837304352
flagship_1,S01,旗舰档,2023-08,7,0.7196594348999246,5.432736169330547,2.387608733619857,1.0,0.0,0.0,0.0,1.0,21.46628335435022,5.27365343638546,0.24567147229595915,0.09661111023421155,0.01446730603235414,0.0821438042018574,743757.2459715138,7.698464950547038,-0.07198219476311664,0.26547409920884846,5.086323535395309,4.220392824988052
flagship_1,S01,旗舰档,2023-09,8,0.7317395449794089,5.522214957527514,2.341492035388413,1.0,0.0,0.0,0.0,1.0,19.41133610252705,4.991875189696619,0.2571628847870372,0.11394485467770148,0.016863769285261784,0.09708108539243969,811964.9551110272,7.125946646803047,0.0036087871843166427,0.2160578043598938,5.488150833259985,3.536953828762872
flagship_1,S01,旗舰档,2023-10,9,0.7430877581883012,5.602284095227066,2.2987897677506033,1.0,0.0,0.0,0.0,1.0,17.684318453819817,4.138620976784709,0.23402773409629282,0.14360102260970992,0.02101941070910574,0.12258161190060417,879032.7830713791,6.121354619183201,0.07461994305663354,0.170300238679049,5.888152193461087,3.003373192944743
flagship_1,S01,旗舰档,2023-11,10,0.7537484179163271,5.673933107704049,2.2592491299482242,1.0,0.0,0.0,0.0,1.0,16.010968428743265,3.6770820955250896,0.22966019275410635,0.16828385351124345,0.02437760987420969,0.14390624363703378,919464.2139761997,5.463769665309977,0.14132875048857177,0.12793051380516765,6.284356349229069,2.5477499268015578
flagship_1,S01,旗舰档,2023-12,11,0.7637631809230442,5.738047461079377,2.222636038318528,1.0,1.0,0.0,0.0,1.0,12.987316342812404,2.971774194299403,0.22882126806313438,0.20945107232358842,0.03004555384727497,0.17940551847631345,923363.8026323774,4.408494033421991,0.20399587559484347,0.08869779765917003,6.013234054827133,2.159788929617136
flagship_1,S01,旗舰档,2024-01,12,0.7731711801125354,5.7954195052517505,2.1887337405006644,1.0,1.0,0.0,0.0,1.0,11.700633347099268,2.9248732131881785,0.24997563178178647,0.24905647638170095,0.03539891879754365,0.2136575575841573,1039111.0367069109,4.172190387510269,0.2628661915286414,0.052369829498554225,6.358792080060105,1.8400716991187844
flagship_1,S01,旗舰档,2024-02,13,0.7820091774460819,5.8467582660632,2.1573415322447826,1.0,1.0,0.0,0.0,1.0,10.56648628117555,2.5751173085744945,0.2437061138443087,0.32194224992021486,0.045362188023974265,0.2765800618962406,1191545.0420350442,3.70111422881072,0.3181697353288067,0.01873154491566697,6.696804401627033,1.577840063330557
flagship_1,S01,旗舰档,2024-03,14,0.7903117075903262,5.892698207713815,2.128273569227202,1.0,1.0,0.0,0.0,1.0,10.148306920712844,2.3132282321646818,0.22794228143054568,0.47628488942366076,0.06656118805613839,0.40972370136752234,1623267.7987913422,3.408186643829104,0.37012260679455955,-0.012416197360380793,7.0262839571688405,1.4443348692673654
flagship_1,S01,旗舰档,2024-04,15,0.7981112128622321,5.933807073714943,2.1013577668375083,1.0,1.0,0.0,0.0,1.0,9.290776359106406,2.2293601510505043,0.2399541292225148,0.6295800254775856,0.08730599157389074,0.5422740339036949,2020064.5646573547,3.2085906205886663,0.41892781290015796,-0.0412577943955824,7.346421977684219,1.2646668524253621
flagship_1,S01,旗舰档,2024-05,16,0.805438169998143,5.970592903282406,2.076434781424224,1.0,1.0,0.0,0.0,1.0,8.679197344168038,1.6637889458933783,0.19169848085219038,0.8908936985615216,0.12264383697319686,0.7682498615883246,2342655.6915311203,2.629556921677279,0.46477606104906094,-0.06796399069606503,7.656575137230129,1.1335613101953907
flagship_1,S01,旗舰档,2024-06,17,0.812321209242292,6.003510309881004,2.053357066967952,1.0,1.0,0.0,0.0,1.0,8.272034083017088,1.6534678044506146,0.19988648352468338,1.173016200461884,0.16037132394614526,1.0126448765157388,3000972.75828173,2.5583387144185004,0.5078465042672534,-0.09269288902889353,7.95625152951946,1.0396898655511335
flagship_1,S01,旗舰档,2024-07,18,0.8187872262201035,6.032966099512994,2.0319880015974237,1.0,1.0,0.0,0.0,1.0,7.888081505200919,1.5539959335697975,0.1970055624482566,1.656358971639813,0.2249807038592656,1.4313782677805473,3999022.136670509,2.414345081677213,0.5483074412475901,-0.11559088640279536,8.245096090142447,0.9566997666202627
flagship_1,S01,旗舰档,2024-08,19,0.8248614870334333,6.059324298183513,2.012201078777351,1.0,1.0,0.0,0.0,1.0,7.460637973487668,1.5784232048747535,0.21156678698040066,2.247014466650787,0.30333318170149076,1.9436812849492964,5331010.697065724,2.372486148258621,0.5863169739805915,-0.13679354074988231,8.522875955645024,0.8753662510535783
flagship_1,S01,旗舰档,2024-09,20,0.8305677269884112,6.082910650674297,1.993879158379864,1.0,1.0,0.0,0.0,1.0,7.204935608276775,1.6351775653093628,0.226952419037712,2.9259570182370465,0.3926910528367274,2.533265965400319,6971653.423219399,2.3826916731059753,0.6220236255414082,-0.15642637343919136,8.789466136990837,0.8197239167865384
flagship_1,S01,旗舰档,2024-10,21,0.8359282433416658,6.104016646223292,1.9769137732058084,1.0,1.0,0.0,0.0,1.0,6.914234082275607,1.6167738151500197,0.23383266981003173,4.112721499635678,0.5489318467249772,3.5637896529107014,9557285.077000927,2.3238347351863116,0.6555669204469701,-0.17460561237298808,9.044835786435334,0.7644399794018351
flagship_1,S01,旗舰档,2024-11,22,0.8409639824273384,6.122903120861044,1.9612044868504577,1.0,1.0,0.0,0.0,1.0,6.532186202469221,1.5063558497441858,0.2306051608226922,5.405213595950139,0.7176901460957471,4.6875234498543925,11749164.039475972,2.1736724795258864,0.687077929851059,-0.1914388800650227,9.28903525368342,0.7032147068102671
flagship_1,S01,旗舰档,2024-12,23,0.8456946215053395,6.139803480922921,1.9466582991121557,1.0,1.0,0.0,0.0,1.0,6.096577735926665,1.3935579154382058,0.2285803570134234,7.535092760870093,0.9955637985306796,6.539528962339413,15182744.437522206,2.0149379602022344,0.7166797837076977,-0.2070258307742143,9.522184058659752,0.6402499361879337
flagship_1,S01,旗舰档,2025-01,24,0.8501386456506698,6.154926587574606,1.9331890954238644,1.0,1.0,0.0,0.0,1.0,5.870816807260488,1.2459320475768534,0.21222465092693726,10.114745011711838,1.3301668510794422,8.784578160632396,18754153.360553578,1.8541400044032934,0.7444881519041208,-0.2214587404656415,9.744459853040752,0.6024773969825022
flagship_1,S01,旗舰档,2025-02,25,0.8543134199842514,6.168459337998913,1.920717137048201,1.0,1.0,0.0,0.0,1.0,5.8090198366757715,1.2023927776655012,0.20698720463546808,12.394829842751237,1.6228193244174018,10.772010518333834,22379177.295062874,1.8055251729131803,0.7706116962433662,-0.23482305309146273,9.956088399353883,0.5834640677811537
flagship_1,S01,旗舰档,2025-03,26,0.8582352575275165,6.180568975143219,1.9091685890178898,1.0,1.0,0.0,0.0,1.0,5.528404977880466,1.0826249644357613,0.19582953288831395,18.4788837236008,2.409269192227857,16.06961453137294,30716781.655890558,1.6622639178501786,0.7951524950426415,-0.24719788642578117,10.157334563320635,0.5442771372171008
flagship_1,S01,旗舰档,2025-04,27,0.8619194829458919,6.191405154572299,1.89847508302699,1.0,1.0,0.0,0.0,1.0,5.16406331480342,1.083805798241181,0.20987461465360407,24.172370046040417,3.1390962645085243,21.033273781531893,39006475.9416034,1.6136802418343295,0.818206442006557,-0.25865650044804567,10.348494290605258,0.4990159118599066
flagship_1,S01,旗舰档,2025-05,28,0.8653804924302634,6.201101793969495,1.8885733126851885,1.0,1.0,0.0,0.0,1.0,5.104759772831146,1.072889910252251,0.21017441721008087,33.497705430113406,4.333778223264934,29.16392720684847,53412579.98205331,1.5945145882749643,0.8398636209338691,-0.26926673104784776,10.52988752173642,0.4847876828972387
flagship_1,S01,旗舰档,2025-06,29,0.8686318099504032,6.209778728143077,1.8794046587390252,1.0,1.0,0.0,0.0,1.0,5.119349496110825,1.252058431608525,0.24457373589353787,43.411605139093126,5.59640395713945,37.815201181953675,75996789.26085223,1.7506099813023366,0.8602086577218747,-0.27909139161868435,10.701851987339177,0.4783610820040559
flagship_1,S01,旗舰档,2025-07,30,0.8716861401001769,6.217543189991009,1.870914842041338,1.0,1.0,0.0,0.0,1.0,4.9973648537410345,0.9641349633794392,0.19292867172939882,52.794786663771326,6.783072515486396,46.01171414828493,78258990.52465041,1.4823242117266298,0.8793210510439475,-0.28818864491815055,10.864737818764606,0.459961845108681
flagship_1,S01,旗舰档,2025-08,31,0.8745554177410193,6.224491135726443,1.863053602214472,1.0,1.0,0.0,0.0,1.0,4.863859007736336,1.0253169786584866,0.21080318673457482,62.142521510842634,7.958526660817262,54.18399485002538,94264921.47880085,1.5169149752372615,0.8972754829923321,-0.2966123473960067,11.018902905713476,0.441410460674297
flagship_1,S01,旗舰档,2025-09,32,0.8772508546376653,6.230708430741602,1.855774400104921,1.0,1.0,0.0,0.0,1.0,4.663185593695437,1.0383574600289847,0.2226712703506439,70.90600206277053,9.053305632062456,61.85269643070807,106442453.16048929,1.501176911176851,0.9141421109000398,-0.3044123680285645,11.164708931663194,0.4176719359400951
flagship_1,S01,旗舰档,2025-10,33,0.879782983268364,6.2362719107654,1.849034142267906,1.0,1.0,0.0,0.0,1.0,4.703945995272574,1.0011950555079132,0.21284152847717766,86.21771826930505,10.976633306190955,75.2410849631141,126964492.51835312,1.4726032544931615,0.9299868414821554,-0.31163488354691976,11.302518019115498,0.416185666531739
flagship_1,S01,旗舰档,2025-11,34,0.8821616979807663,6.241250331429007,1.8427929258508162,1.0,1.0,0.0,0.0,1.0,4.665091685329511,1.0049027392858103,0.21540900095189247,99.23426861466687,12.599320647212819,86.63494796745405,145836682.5224912,1.4696201680972176,0.9448715883677541,-0.3183226518068069,11.432689919312574,0.4080484748780813
flagship_1,S01,旗舰档,2025-12,35,0.8843962936543036,6.245705217974443,1.8370138023652074,1.0,1.0,0.0,0.0,1.0,4.572326736791849,1.060663970844107,0.23197466670728714,122.39110425096221,15.499191215169706,106.8919130357925,184243767.32343644,1.5053689436909214,0.9588545140287581,-0.3245152649184421,11.555579684661925,0.39568129523271245
flagship_1,S01,旗舰档,2026-01,36,0.8864955020201312,6.249691625607247,1.8316625589488664,1.0,1.0,0.0,0.0,1.0,4.644274848678332,0.8575112037230725,0.18463834111090627,132.87267837678527,16.785188887310788,116.08748948947448,177501353.42896134,1.335875483187169,0.9719902570510556,-0.3302493836349059,11.671535766305906,0.3979146310878561
flagship_1,S01,旗舰档,2026-02,37,0.8884675257805568,6.253258819889928,1.826707515822993,1.0,1.0,0.0,0.0,1.0,4.417385590052862,0.8949366812379246,0.20259419581871163,131.95211764039672,16.630021890176675,115.32209575022004,176667192.70403418,1.338873493379602,0.984330145635962,-0.3355589543866665,11.780898483793372,0.37496168871412705
flagship_1,S01,旗舰档,2026-03,38,0.8903200706612792,6.256450885584787,1.8221193387454404,1.0,1.0,0.0,0.0,1.0,4.393755931290569,0.8675003155997671,0.19743935010631283,159.77916013844705,20.092508173277686,139.68665196516937,209459791.62570235,1.3109331119540717,0.9959223981662861,-0.34047541024709416,11.88399881844846,0.3697203271738633
flagship_1,S01,旗舰档,2026-04,39,0.8920603755216779,6.259307271470401,1.8178708653497084,1.0,1.0,0.0,0.0,1.0,4.151004377647284,0.8783233326818797,0.21159296709286968,164.67399964964642,20.664529925939977,144.00946972370645,212265431.57007623,1.2890039230338934,1.0068123116207048,-0.34502785701871247,11.98115748663124,0.3464610478811449
flagship_1,S01,旗舰档,2026-05,40,0.8936952406408145,6.261863277864842,1.813936944341613,1.0,1.0,0.0,0.0,1.0,3.999813894078576,0.803374093364444,0.20085286831814325,182.91618164099154,22.90790814870596,160.00827349228558,220173870.94514486,1.2036872242242558,1.017042438572695,-0.34924324554182223,12.072684253538055,0.3313110663775025
flagship_1,S01,旗舰档,2026-06,41,0.8952310542896694,6.264150492880617,1.8102942866016627,1.0,1.0,0.0,0.0,1.0,4.091545152775533,0.8284249935705644,0.20247240654513995,190.81696916133816,23.85212114516727,166.9648480161709,235909883.79923055,1.2363150134711853,1.0266527534656342,-0.3531465312455779,12.158877452419276,0.33650681724417164
flagship_1,S01,旗舰档,2026-07,42,0.8952310542896694,6.264150492880617,1.8102942866016627,1.0,1.0,0.0,0.2,1.0,5.048580914398352,1.0289771702841028,0.203815128989911,210.8807792885636,26.36009741107045,184.52068187749313,322948653.7884077,1.531427638298384,1.0266527534656342,-0.3531465312455779,12.158877452419276,0.41521768223709055
flagship_1,S01,旗舰档,2026-08,43,0.8952310542896694,6.264150492880617,1.8102942866016627,1.0,1.0,0.0,0.42,1.0,6.314908504875134,1.302125933435979,0.2061987014429002,228.7418534847597,28.592731685594963,200.14912179916473,441179846.5481052,1.9287237548658733,1.0266527534656342,-0.3531465312455779,12.158877452419276,0.5193660787837485
flagship_2,S02,旗舰档,2023-01,0,0.6453767684374282,4.404339419371466,2.898279528463146,0.0,0.0,0.0,0.0,1.0,70.12911848290396,19.507588782848934,0.2781667473490984,0.017542207206010192,0.0029237012010016987,0.014618506005008493,490208.3916989702,27.944510399524773,-0.5368040931256096,0.8126828009697147,2.4412748483608966,28.726433047876423
flagship_2,S02,旗舰档,2023-02,1,0.6640868089393691,4.599101628014683,2.8192646128021375,0.0,0.0,0.0,0.0,1.0,63.29265331984609,16.72596312331257,0.26426389550756857,0.019384552168627577,0.0031715804551152283,0.01621297171351235,471915.3092211252,24.344916772691004,-0.4197264899819187,0.7280144591432091,2.788046468805912,22.701434150397645
flagship_2,S02,旗舰档,2023-03,2,0.6816632653926616,4.773382509738239,2.746099876267838,0.0,0.0,0.0,0.0,1.0,52.74199387270662,14.070647068355964,0.2667826154300428,0.025960190151865126,0.004174706409428059,0.021785483742437065,526718.1928196424,20.289458194966265,-0.30974226022584317,0.6496148700186813,3.1512565087482267,16.736813942720683
flagship_2,S02,旗舰档,2023-04,3,0.6981748181828569,4.9293358948735495,2.678352177907957,0.0,0.0,0.0,0.0,1.0,43.03189224781159,10.824200417290598,0.2515390295866217,0.030593486315139633,0.004840935607073874,0.02575255070806576,487065.38954274,15.920558530843497,-0.20642163808950723,0.5770199019078193,3.528129346367501,12.196801200646584
flagship_2,S02,旗舰档,2023-05,4,0.7136859865613006,5.068889115482921,2.6156204460591077,0.0,0.0,0.0,0.0,1.0,36.217846087140686,9.224681208694863,0.2546998843194634,0.03845094724467498,0.005992879202766822,0.03245806804190816,516464.5069213646,13.431775910095142,-0.10936089599661811,0.5097997869318811,3.915842289607854,9.249056373710001
flagship_2,S02,旗舰档,2023-06,5,0.7282573807555098,5.193766824072256,2.5575333039712462,0.0,0.0,0.0,0.0,1.0,32.31837155274879,9.33164762984136,0.2887412694853949,0.044918289144132935,0.006902259852131369,0.03801602929200156,577821.9880934886,12.863846756037049,-0.018180766988188553,0.44755657676230043,4.3115987127635975,7.495681696229505
flagship_2,S02,旗舰档,2023-07,6,0.7419459388049545,5.30551230751168,2.503746871228321,1.0,0.0,0.0,0.0,1.0,30.176897161594525,7.281782505880904,0.24130322169597573,0.0564675404250754,0.00856223281262735,0.04790530761244805,607217.6499714534,10.75339292982217,0.06747503727134845,0.3899217867355157,5.309076983267446,5.6840195116218295
flagship_2,S02,旗舰档,2023-08,7,0.7548051490476834,5.405506559569705,2.4539427279493595,1.0,0.0,0.0,0.0,1.0,26.536897019100063,7.188765375839859,0.2708969843258505,0.06826086127349927,0.010221917206848095,0.05803894406665118,688486.3158125432,10.086106488665598,0.1479412186985514,0.3365542143949905,5.764036344776626,4.603873992423351
flagship_2,S02,旗舰档,2023-09,8,0.7668852591271677,5.494985347766672,2.4078260297179157,1.0,0.0,0.0,0.0,1.0,23.359355094933406,6.063758531809572,0.25958587072143907,0.07949707659811193,0.011765519052135813,0.06773155754597612,685542.7473572084,8.623496318272037,0.22353220064598467,0.28713791954603585,6.219403985686114,3.755883224292021
flagship_2,S02,旗舰档,2023-10,9,0.77823347233606,5.575054485466225,2.3651237620801058,1.0,0.0,0.0,0.0,1.0,21.59215705851854,4.973643115463825,0.23034489337884945,0.099170231621166,0.014515912147978571,0.08465431947318743,734470.2281889044,7.406156224325542,0.29454335651830155,0.24138035386519105,6.6727023970267645,3.2358939113093994
flagship_2,S02,旗舰档,2023-11,10,0.7888941320640859,5.646703497943207,2.3255831242777267,1.0,0.0,0.0,0.0,1.0,19.730788809581405,4.769040070243083,0.24170549471023706,0.11561160488838493,0.016747504541260234,0.0988641003471247,801928.331255082,6.9363999576797575,0.3612521639502398,0.19901062899130972,7.121697656157621,2.770517615630819
flagship_2,S02,旗舰档,2023-12,11,0.798908895070803,5.710817851318536,2.2889700326480305,1.0,0.0,0.0,0.0,1.0,17.674800828043445,3.4324282350078716,0.19419897674670616,0.14315408695721452,0.020535315386141742,0.12261877157107277,783837.743073642,5.475482815296172,0.4239192890565115,0.15977791284531212,7.564408339668698,2.336574129050463
flagship_2,S02,旗舰档,2024-01,12,0.8083168942602942,5.768189895490909,2.255067734830167,1.0,0.0,0.0,0.0,1.0,16.688245915786684,4.033085399875376,0.2416722176930634,0.1729227493357243,0.02457787266130716,0.14834487667441715,1008449.1393206894,5.831789878397178,0.4827896049903094,0.12344994468469629,7.99910653768968,2.086263739225884
flagship_2,S02,旗舰档,2024-02,13,0.8171548915938407,5.819528656302358,2.223675526574285,1.0,1.0,0.0,0.0,1.0,13.61727980778967,2.967011727561797,0.21788578698842176,0.22540452677761175,0.031759865403422294,0.19364466137418945,1007028.955133093,4.467651868086245,0.5380931487904748,0.08981166010180905,7.589101184031986,1.7943204969307043
flagship_2,S02,旗舰档,2024-03,14,0.825457421738085,5.865468597952974,2.1946075635567044,1.0,1.0,0.0,0.0,1.0,12.31793472559608,3.167564165508227,0.2571505886393585,0.3270620919220191,0.045707184691075084,0.28135490723094403,1454227.8394500571,4.44633565114231,0.5900460202562275,0.05866391782576128,7.962481312092645,1.5469970029177706
flagship_2,S02,旗舰档,2024-04,15,0.8332569270099909,5.906577463954102,2.167691761167011,1.0,1.0,0.0,0.0,1.0,11.36653772731664,2.5178999559580317,0.2215186379848005,0.43607641253609614,0.06047219107621507,0.3756042214598811,1633093.2939927846,3.7449704846340564,0.638851226361826,0.029822320790559673,8.325275218684368,1.365304741134177
flagship_2,S02,旗舰档,2024-05,16,0.8405838841459018,5.943363293521564,2.1427687757537264,1.0,1.0,0.0,0.0,1.0,10.535388234203586,2.276871749895959,0.21611654922255244,0.6150170467054105,0.08466560099556772,0.5303514457098427,2099527.200823701,3.4137707435438975,0.684699474510729,0.003116124490077046,8.676753859716381,1.2142084936990432
flagship_2,S02,旗舰档,2024-06,17,0.8474669233900508,5.976280700120162,2.1196910612974547,1.0,1.0,0.0,0.0,1.0,10.045662529647146,2.2509302136822376,0.22406986169794235,0.8141003112351675,0.111301399491622,0.7027989117435455,2700047.602956818,3.3166030840355014,0.7277699177289214,-0.021612773842751457,9.016359786238127,1.114159457676042
flagship_2,S02,旗舰档,2024-07,18,0.8539329403678623,6.005736489752152,2.098321995926926,1.0,1.0,0.0,0.0,1.0,10.02255645259931,2.4189812379432065,0.2413537154301439,1.15875754681598,0.15739226396485856,1.0013652828511215,3999756.6823347625,3.4517632211546285,0.7682308547092581,-0.04451077121665328,9.343690624285674,1.0726549985023222
flagship_2,S02,旗舰档,2024-08,19,0.8600072011811921,6.032094688422671,2.0785350731068535,1.0,1.0,0.0,0.0,1.0,9.809554180609545,2.329838216818327,0.23750704404321415,1.5563250279547096,0.21009434051166315,1.3462306874430465,5197431.520547008,3.3395540309323213,0.8062403874422595,-0.06571342556374025,9.658482483171936,1.0156413492182466
flagship_2,S02,旗舰档,2024-09,20,0.86571344113617,6.055681040913456,2.0602131527093666,1.0,1.0,0.0,0.0,1.0,9.082534819441399,1.930231920886451,0.21252127949509644,2.0346529749474103,0.2730696363307781,1.7615833386166322,5880428.871606041,2.890138487502043,0.8419470390030762,-0.08534625825304928,9.960593720049525,0.9118467306983222
flagship_2,S02,旗舰档,2024-10,21,0.8710739574894246,6.07678703646245,2.043247767535311,1.0,1.0,0.0,0.0,1.0,8.712451359590636,1.8923192987569324,0.2171971148709914,2.7957066379196434,0.3731476609321717,2.422558976987472,7835285.950346809,2.802613780742476,0.8754903339086381,-0.10352549718684602,10.249989376953312,0.8499961355257822
flagship_2,S02,旗舰档,2024-11,22,0.8761096965750972,6.095673511100202,2.02753848117996,1.0,1.0,0.0,0.0,1.0,8.260203145789552,1.7225081746856596,0.2085309700359692,3.6642537150504957,0.4865300394524378,3.1777236755980582,9492491.970515957,2.590566240412516,0.907001343312727,-0.12035876487888061,10.526726512292395,0.7846886813430413
flagship_2,S02,旗舰档,2024-12,23,0.8808403356530983,6.112573871162079,2.012992293441658,1.0,1.0,0.0,0.0,1.0,8.270978331057126,1.6393757658676769,0.19820820467052847,5.136418292491819,0.678642223579626,4.457776068912193,12921005.18280704,2.515567161205382,0.9366031971693657,-0.13594571558807222,10.790940571086114,0.7664742731712262
flagship_2,S02,旗舰档,2025-01,24,0.8852843597984286,6.127696977813764,1.999523089753367,1.0,1.0,0.0,0.0,1.0,7.493418544618298,1.6443122678076614,0.21943419522303217,6.919775187912071,0.9100037184550713,6.009771469457,16700979.693491463,2.413514780460767,0.9644115653657888,-0.15037862527949944,11.042832875706608,0.678577556045718
flagship_2,S02,旗舰档,2025-02,25,0.8894591341320102,6.141229728238072,1.9870511313777035,1.0,1.0,0.0,0.0,1.0,7.433569862497608,1.466258284993186,0.19724820135080257,8.444801334127122,1.1056534837307161,7.339147850396406,18980038.7554598,2.2475411800106757,0.9905351097050342,-0.16374293790532066,11.282659269771482,0.6588490961890199
flagship_2,S02,旗舰档,2025-03,26,0.8933809716752753,6.153339365382378,1.9755025833473923,1.0,1.0,0.0,0.0,1.0,7.490769376864741,1.5410380639102352,0.2057249377707095,12.568134504732347,1.6386281616867704,10.929506343045578,29117370.94801302,2.316761563702974,1.0150759085043095,-0.1761177712396391,11.510719910286966,0.6507646294277691
flagship_2,S02,旗舰档,2025-04,27,0.8970651970936507,6.164175544811457,1.9648090773564926,1.0,1.0,0.0,0.0,1.0,6.836863973176091,1.4233413610230299,0.20818629222511958,16.113191641166036,2.0925072549259496,14.020684386240088,34262407.46159813,2.1263575972164577,1.038129855468225,-0.1875763852619036,11.727350175361225,0.5829845507248615
flagship_2,S02,旗舰档,2025-05,28,0.9005262065780222,6.173872184208653,1.954907307014691,1.0,1.0,0.0,0.0,1.0,6.788007347388894,1.4505818053185937,0.21369773647587184,22.113150540418598,2.8608971578600717,19.252253382558525,47346759.39580092,2.1411132398009105,1.0597870343955371,-0.19818661586170566,11.932912635094771,0.5688474855187762
flagship_2,S02,旗舰档,2025-06,29,0.903777524098162,6.182549118382235,1.9457386530685277,1.0,1.0,0.0,0.0,1.0,6.524982758830728,1.3475869398212221,0.2065272797843697,28.43552643836687,3.665763847550379,24.769762590816494,57298454.4730678,2.015030549803973,1.0801320711835427,-0.20801127643254227,12.12779002007562,0.5380191071934508
flagship_2,S02,旗舰档,2025-07,30,0.9068318542479357,6.190313580230168,1.9372488363708404,1.0,1.0,0.0,0.0,1.0,6.246079927115923,1.412142547505512,0.22608461050506562,34.36413796466591,4.415103355393636,29.94903460927227,69869394.47273484,2.033206668666514,1.0992444645056156,-0.2171085297320085,12.312379113917522,0.5073008124039612
flagship_2,S02,旗舰档,2025-08,31,0.9097011318887781,6.197261525965601,1.9293875965439744,1.0,1.0,0.0,0.0,1.0,5.8003470291342145,1.2752319008745443,0.21985441465299552,40.39721371330728,5.1736282104998415,35.22358550280744,74927078.9169799,1.8547585843104346,1.117198896454,-0.22553223220986465,12.487085492323288,0.46450767336382104
flagship_2,S02,旗舰档,2025-09,32,0.9123965687854241,6.203478820980761,1.9221083944344235,1.0,1.0,0.0,0.0,1.0,5.90645769715879,1.2031322485079115,0.20369776779856727,46.357461613147485,5.91893853977118,40.43852307337631,83612851.28885159,1.8036546519004844,1.134065524361708,-0.23333225284242237,12.652319030263438,0.4668280718365517
flagship_2,S02,旗舰档,2025-10,33,0.9149286974161228,6.209042301004558,1.9153681365974085,1.0,1.0,0.0,0.0,1.0,5.945160362703513,1.187358545175407,0.19971850593370125,56.29356433706916,7.16690055861133,49.126663778457825,100939337.15780479,1.793088399118059,1.1499102549438234,-0.2405547683607777,12.808490100229356,0.464157782547457
flagship_2,S02,旗舰档,2025-11,34,0.9173074121285251,6.214020721668165,1.9091269201803187,1.0,1.0,0.0,0.0,1.0,5.983511673478439,1.2392999094971224,0.2071191596383518,64.19157708773768,8.150110580440657,56.04146650729703,118218466.16878605,1.841650751269187,1.1647950018294222,-0.24724253662066484,12.956006387501143,0.4618330289842111
flagship_2,S02,旗舰档,2025-12,35,0.9195420078020624,6.218475608213602,1.9033477966947099,1.0,1.0,0.0,0.0,1.0,5.76561299711078,1.1368509439976742,0.19717780998609588,78.30433526529146,9.916193441354356,68.3881418239371,134920057.37812707,1.7230215532897915,1.178777927490426,-0.2534351497323001,13.095270252441201,0.4402820931500793
flagship_2,S02,旗舰档,2026-01,36,0.92164121616789,6.222462015846405,1.897996553278369,1.0,1.0,0.0,0.0,1.0,5.885776551634379,1.2516988016145738,0.21266502230143253,85.3315691502144,10.779541164778802,74.5520279854356,156762654.71233854,1.837100340161091,1.1919136705127236,-0.2591692684487638,13.226676574579898,0.444992853529521
flagship_2,S02,旗舰档,2026-02,37,0.9236132399283156,6.226029210129086,1.8930415101524956,1.0,1.0,0.0,0.0,1.0,5.7513975077195205,1.1506748847177952,0.20006874558285365,83.05551330931712,10.467547085511491,72.58796622380564,143728173.88602427,1.7305073216602578,1.20425355909763,-0.2644788392005244,13.35061101838289,0.430796575512554
flagship_2,S02,旗舰档,2026-03,38,0.925465784809038,6.229221275823946,1.888453333074943,1.0,1.0,0.0,0.0,1.0,5.566519410812784,1.2006105753754501,0.2156842520019427,100.05162084070184,12.581665892783434,87.46995494791841,175053440.3506252,1.7496312291565792,1.2158458116279542,-0.2693952950609521,13.467448665845742,0.4133313999502973
flagship_2,S02,旗舰档,2026-04,39,0.9272060896694367,6.232077661709559,1.884204859679211,1.0,1.0,0.0,0.0,1.0,5.36195332042184,1.0411267002695035,0.1941692957870799,106.83119869259744,13.405980950872955,93.42521774172448,169149732.74244663,1.58333646736632,1.226735725082373,-0.27394774183257037,13.577552966273846,0.3949130843930964
flagship_2,S02,旗舰档,2026-05,40,0.9288409547885733,6.234633668104001,1.8802709386711154,1.0,1.0,0.0,0.0,1.0,5.400211660343192,1.074114128591324,0.1989022275699213,118.59705793871261,14.852761989636624,103.74429594907599,191641272.52440006,1.6159024165964935,1.2369658520343632,-0.2781631303556802,13.681274958651933,0.39471552736597404
flagship_2,S02,旗舰档,2026-06,41,0.9303767684374282,6.236920883119776,1.8766282809311652,1.0,1.0,0.0,0.0,1.0,5.5344312031474985,0.9903263385358072,0.17893913614331253,123.3184743940086,15.414809299251075,107.90366509475753,192172043.1442286,1.5583394466122689,1.2465761669273023,-0.2820664160594358,13.778952726801478,0.4016583344815794
flagship_2,S02,旗舰档,2026-07,42,0.9303767684374282,6.236920883119776,1.8766282809311652,1.0,1.0,0.0,0.2,1.0,6.919034277307594,1.2739068938099807,0.1841162859950011,139.05870669458236,17.382338336822794,121.67636835775956,275273359.2369473,1.9795478167471825,1.2465761669273023,-0.2820664160594358,13.778952726801478,0.5021451495257228
flagship_2,S02,旗舰档,2026-08,43,0.9303767684374282,6.236920883119776,1.8766282809311652,1.0,1.0,0.0,0.42,1.0,8.373105793516793,1.5293606972196494,0.18265154351731913,149.2331879771445,18.654148497143062,130.57903948000143,355895609.71595824,2.384828834256792,1.2465761669273023,-0.2820664160594358,13.778952726801478,0.6076735989688274
flagship_3,S03,旗舰档,2023-01,0,0.6657098998519128,5.049310498046384,3.723414305211177,0.0,0.0,0.0,0.0,0.0,108.43517462036385,32.03313519264322,0.29541276900961877,0.015515943171186604,0.0025859905285311006,0.012929952642655503,694599.255564535,44.766808430596654,-0.4095700398285797,1.69685502017914,2.825206020421592,38.38133355109536
flagship_3,S03,旗舰档,2023-02,1,0.6844199403538537,5.244072706689602,3.644399389550168,0.0,0.0,0.0,0.0,0.0,92.0303033586963,25.65514361252636,0.27876843470278645,0.016823306442619597,0.0027525252809389015,0.014070781161680696,614303.6480506365,36.515036455282086,-0.29249243668488883,1.6121866783526342,3.226513259731575,28.523144320303405
flagship_3,S03,旗舰档,2023-03,2,0.7019963968071462,5.418353588413157,3.5712346530158685,0.0,0.0,0.0,0.0,0.0,80.81910257696525,21.92839481366708,0.2713268783550812,0.02281401863072488,0.0036687647218815005,0.01914525390884338,716330.958909513,31.398718941378924,-0.18250820692881334,1.5337870892281065,3.6468441340743625,22.161381075168613
flagship_3,S03,旗舰档,2023-04,3,0.7185079495973414,5.5743069735484685,3.5034869546559877,0.0,0.0,0.0,0.0,0.0,65.57293090795346,18.263832029042042,0.27852700460620694,0.026604980672838927,0.0042098176369302215,0.022395163035908706,685071.5769923573,25.74974909460273,-0.07918758479247738,1.4611921211172445,4.082986508821816,16.060041042573797
flagship_3,S03,旗舰档,2023-05,4,0.7340191179757851,5.7138601941578395,3.4407552228071383,0.0,0.0,0.0,0.0,0.0,54.82926356412365,14.135415265571828,0.25780786293144803,0.0333593242269901,0.00519931015239087,0.028160014074599234,683127.8395258704,20.477868043057377,0.017873157300411738,1.3939720061413061,4.531673776530923,12.099119722182746
flagship_3,S03,旗舰档,2023-06,5,0.7485905121699944,5.838737902747174,3.382668080719277,0.0,0.0,0.0,0.0,0.0,45.40271758911918,12.542642538844763,0.2762531232679038,0.03921813420744017,0.0060263593821865595,0.03319177482525361,689925.6599829377,17.592006196257298,0.1090532863088413,1.3317287959717254,4.989669495477041,9.099343680032343
flagship_3,S03,旗舰档,2023-07,6,0.7622790702194391,5.9504833861865984,3.3288816479763517,0.0,0.0,0.0,0.0,0.0,40.7737645735046,10.415043263691967,0.2554349193073974,0.04882172412130525,0.007402889608679495,0.041418834512625756,733222.6314486365,15.018368249896904,0.1947090905683783,1.2740940059449408,5.453838354034847,7.476159344425645
flagship_3,S03,旗舰档,2023-08,7,0.7751382804621679,6.050477638244624,3.27907750469739,0.0,0.0,0.0,0.0,0.0,36.30372013283615,9.083869276289535,0.2502186895186347,0.059274427073585684,0.008876218007298632,0.05039820906628705,780050.4772922717,13.159983416185286,0.2751752719955812,1.2207264336044157,5.921202986935475,6.131139265608116
flagship_3,S03,旗舰档,2023-09,8,0.7872183905416522,6.139956426441591,3.2329608064659463,1.0,0.0,0.0,0.0,0.0,34.224066067550204,8.501780264537473,0.2484152598278934,0.06944036399144916,0.010277131694526296,0.059163232296922864,854718.034826607,12.308662940359246,0.3507662539430145,1.171310138755461,7.197508955450843,4.754987632440737
flagship_3,S03,旗舰档,2023-10,9,0.7985666037505446,6.220025564141143,3.1902585388281364,1.0,0.0,0.0,0.0,0.0,32.80451352694686,7.367099621405232,0.22457579245470655,0.08555595493935755,0.012523140314729916,0.07303281462462763,948855.5468256639,11.090467606821955,0.4217774098153314,1.1255525730746163,7.7220960995927665,4.248135882260886
flagship_3,S03,旗舰档,2023-11,10,0.8092272634785704,6.291674576618126,3.1507179010257573,1.0,0.0,0.0,0.0,0.0,28.63387204559436,5.893738337234691,0.20583099372135066,0.10052227230335634,0.01456166284970751,0.08596060945364883,923586.1302386387,9.187875573001756,0.48848621724726965,1.0831828482007348,8.241703349095596,3.474266281221648
flagship_3,S03,旗舰档,2023-12,11,0.8192420264852875,6.355788929993454,3.114104809396061,1.0,0.0,0.0,0.0,0.0,25.69493572229,5.822096387465451,0.22658536492912348,0.12620559164065623,0.01810407011718835,0.10810152152346787,1094560.3959142866,8.672835978859132,0.5511533423535413,1.0439501320547373,8.754037668682853,2.935209636372984
flagship_3,S03,旗舰档,2024-01,12,0.8286500256747787,6.4131609741658275,3.0802025115781975,1.0,0.0,0.0,0.0,0.0,24.63829193678326,6.756445285948899,0.27422539286751424,0.152169644644094,0.021628190410723773,0.1305414542333702,1414877.8624797168,9.298029615492245,0.6100236582873393,1.0076221638941214,9.257099405848518,2.661556374906928
flagship_3,S03,旗舰档,2024-02,13,0.8374880230083253,6.464499734977277,3.0488103033223157,1.0,0.0,0.0,0.0,0.0,22.37562100565786,5.508858011131139,0.2461991115123991,0.19281904889681561,0.027168518430957356,0.16565053046585826,1520457.723501298,7.885412422685216,0.6653272020875045,0.9739838793112342,9.749176143340637,2.2951294218785816
flagship_3,S03,旗舰档,2024-03,14,0.8457905531525696,6.510439676627892,3.019742340304735,1.0,0.0,0.0,0.0,0.0,20.331456563884267,4.082739081381465,0.20080898132177252,0.2801087562854505,0.03914541909118291,0.2409633371942676,1779673.8218705675,6.3535101346741,0.7172800735532574,0.9428361370351864,10.228830920449884,1.9876618082753537
flagship_3,S03,旗舰档,2024-04,15,0.8535900584244754,6.55154854262902,2.9928265379150414,1.0,1.0,0.0,0.0,0.0,16.554008464345625,3.846948522750451,0.23238773442916202,0.3703150118851068,0.05135283522186239,0.3189621766632444,2077126.3432587928,5.609079504190443,0.7660852796588559,0.9139945399999848,9.6345635499771,1.7181897631870382
flagship_3,S03,旗舰档,2024-05,16,0.8609170155603864,6.588334372196483,2.967903552501757,1.0,1.0,0.0,0.0,0.0,16.031956186304814,3.6394885774480987,0.2270146284804038,0.5222259391749313,0.07189162191938213,0.4503343172555492,2791549.9364583846,5.345483108075358,0.8119335278077588,0.8872883436995022,10.041318067339194,1.5965987810356308
flagship_3,S03,旗舰档,2024-06,17,0.8678000548045354,6.621251778795081,2.9448258380454853,1.0,1.0,0.0,0.0,0.0,15.642982906780597,3.3784982756276962,0.2159753223385071,0.6936378280418561,0.0948321231867042,0.5988057048551519,3506521.3233124837,5.055262532626594,0.8550039710259513,0.8625594453666737,10.434332687886428,1.4991838361585947
flagship_3,S03,旗舰档,2024-07,18,0.8742660717823468,6.650707568427071,2.9234567726749567,1.0,1.0,0.0,0.0,0.0,14.482050368737534,3.313895084012072,0.228827755713776,0.9563278937433815,0.1298965540311765,0.826431339712205,4619875.192150721,4.8308485221183,0.895464908006288,0.8396614479927719,10.813141757640494,1.3393008889858133
flagship_3,S03,旗舰档,2024-08,19,0.8803403325956767,6.67706576709759,2.903669849854884,1.0,1.0,0.0,0.0,0.0,13.319250178916237,2.602907439237621,0.1954244724194688,1.3169557689937514,0.1777809575763143,1.1391748114174371,5333075.642236786,4.049548031754808,0.9334744407392893,0.8184587936456849,11.177439884704022,1.1916190394495627
flagship_3,S03,旗舰档,2024-09,20,0.8860465725506546,6.700652119588374,2.885347929457397,1.0,1.0,0.0,0.0,0.0,12.673214063181868,2.7641430232104067,0.2181090770999265,1.7711360705090915,0.23770318015962486,1.5334328903494665,7251091.1110828575,4.094033898253012,0.9691810923001061,0.7988259609563758,11.527063150530337,1.0994313033323497
flagship_3,S03,旗舰档,2024-10,21,0.8914070889039092,6.721758115137369,2.8683825442833415,1.0,1.0,0.0,0.0,0.0,12.130477577514881,2.481387166430088,0.20455807700676196,2.5049916200077647,0.3343454391753159,2.170646180832449,9441983.429038657,3.769267471245828,1.002724387205668,0.7806467220225791,11.861971099431463,1.0226359072900024
flagship_3,S03,旗舰档,2024-11,22,0.8964428279895817,6.740644589775121,2.8526732579279908,1.0,1.0,0.0,0.0,0.0,11.325757252030096,2.5686197150627916,0.22679452313021958,3.237548793938874,0.42987327432444616,2.807675519614428,12080491.047314806,3.7313695688327866,1.0342353966097568,0.7638134543305445,12.18222976320261,0.9296949304174547
flagship_3,S03,旗舰档,2024-12,23,0.9011734670675828,6.757544949836998,2.838127070189689,1.0,1.0,0.0,0.0,0.0,11.746221150192925,2.495390528006084,0.21244198420060387,4.507255919931223,0.5955150078442389,3.9117409120869846,16756372.200433046,3.7176438387569375,1.0638372504663955,0.7482265036213529,12.487995887850657,0.9406009783860202
flagship_3,S03,旗舰档,2025-01,24,0.9056174912129131,6.772668056488683,2.8246578665013975,1.0,1.0,0.0,0.0,0.0,11.22999923101644,2.308766312201,0.20558917812072114,6.123903512181377,0.8053404650023923,5.318563047178984,21323291.995327223,3.4819771331981224,1.0916456186628185,0.7337935939299257,12.779502457047272,0.8787508957223638
flagship_3,S03,旗舰档,2025-02,25,0.9097922655464947,6.78620080691299,2.812185908125734,1.0,1.0,0.0,0.0,0.0,10.753907280426498,1.9387469955322039,0.18028303062097012,7.367956937356527,0.9646653524985709,6.403291584857956,22788284.079069585,3.0928905085655343,1.117769163002064,0.7204292813041044,13.057045550084508,0.8236095400890209
flagship_3,S03,旗舰档,2025-03,26,0.9137141030897599,6.798310444057296,2.800637360095423,1.0,1.0,0.0,0.0,0.0,10.196741621164444,2.1297120619418335,0.20886202093435272,11.096160934545283,1.4467128583886613,9.649448076156622,35302303.17587762,3.181488028528157,1.1423099618013395,0.708054447969786,13.320972528662166,0.7654652540739463
flagship_3,S03,旗舰档,2025-04,27,0.9173983285081353,6.809146623486376,2.789943854104523,1.0,1.0,0.0,0.0,0.0,9.957519877565693,2.0498890837665984,0.20586341869977098,14.660365290474653,1.9038388801762456,12.756526410298408,45106977.72828839,3.076797667353893,1.165363908765255,0.6965958339475216,13.571671514687553,0.7336988569749461
flagship_3,S03,旗舰档,2025-05,28,0.9208593379925067,6.818843262883572,2.7800420837627215,1.0,1.0,0.0,0.0,0.0,9.878196688176565,2.3846686362322567,0.2414072842957784,20.533034211874412,2.6564690142919423,17.87656519758247,68870807.76945834,3.3541466428585514,1.187021087692567,0.6859856033477195,13.809562098454396,0.7153157078950505
flagship_3,S03,旗舰档,2025-06,29,0.9241106555126466,6.827520197057154,2.7708734298165583,1.0,1.0,0.0,0.0,0.0,9.383426533867162,2.116587267517233,0.2255665624788486,27.437094310502246,3.537051041529646,23.900043268972603,83776185.87095012,3.053391329375671,1.2073661244805727,0.6761609427768829,14.035087201316772,0.6685691652123692
flagship_3,S03,旗舰档,2025-07,30,0.9271649856624202,6.835284658905086,2.762383613118871,1.0,1.0,0.0,0.0,0.0,9.110249565397357,1.8497986503497275,0.2030458811332295,33.87607244460712,4.352396712861843,29.523675731745275,94264275.78373191,2.782621153555192,1.2264785178026454,0.6670636894774167,14.24870600772704,0.6393738182580853
flagship_3,S03,旗舰档,2025-08,31,0.9300342633032627,6.84223260464052,2.754522373292005,1.0,1.0,0.0,0.0,0.0,9.130732310582546,1.9202053480548626,0.2103013518235924,40.01418135878316,5.124573664090683,34.88960769469248,113786321.61955777,2.8436498700124355,1.24443294975103,0.6586399869995605,14.450887876929295,0.6318457653498006
flagship_3,S03,旗舰档,2025-09,32,0.9327297001999086,6.848449899655679,2.747243171182454,1.0,1.0,0.0,0.0,0.0,8.855627824506964,1.9288808871276892,0.21781413191165577,45.819780804679965,5.8502872472156975,39.96949355746427,128904358.71896772,2.8132906019009503,1.2612995776587377,0.6508399663670028,14.642107143566756,0.6048055609535562
flagship_3,S03,旗舰档,2025-10,33,0.9352618288306074,6.854013379679477,2.740502913345439,1.0,1.0,0.0,0.0,0.0,8.523755125060651,1.7869987400770075,0.20964923485695422,56.57006348344211,7.202102484620676,49.36796099882144,149609442.06956232,2.6446751666338955,1.2771443082408533,0.6436174508486474,14.822838718047054,0.5750420204385572
flagship_3,S03,旗舰档,2025-11,34,0.9376405435430096,6.858991800343084,2.7342616969283493,1.0,1.0,0.0,0.0,0.0,8.676728760138767,1.7116662466742751,0.19727091787607068,64.77889527338826,8.224679680875958,56.5542155925123,168165256.66682866,2.5959883378238535,1.292029055126452,0.6369296825887603,14.993554400957688,0.5786972540403466
flagship_3,S03,旗舰档,2025-12,35,0.939875139216547,6.86344668688852,2.7284825734427405,1.0,1.0,0.0,0.0,0.0,8.940806649403875,1.5502135323993027,0.1733863166029502,79.93509790253887,10.122707649196006,69.81239025334287,198729283.9597764,2.486132990067489,1.306011980787456,0.630737069477125,15.154719830536418,0.5899684553315431
flagship_3,S03,旗舰档,2026-01,36,0.9419743475823745,6.867433094521324,2.7231313300263995,1.0,1.0,0.0,0.0,0.0,8.112008655193506,1.4814247353187322,0.18262119757112044,86.85189763819535,10.971597207851524,75.88030043034382,201412645.49231645,2.3190356338712865,1.3191477238097535,0.6250029507606614,15.306791987703388,0.5299613832676524
flagship_3,S03,旗舰档,2026-02,37,0.9439463713428001,6.871000288804005,2.718176286900526,1.0,1.0,0.0,0.0,0.0,8.153482603041551,1.6389055858838488,0.20100681704680112,85.4776122235049,10.772805983082867,74.70480624042204,210270010.4088064,2.4599424918304598,1.33148761239466,0.6196933800089007,15.450217189091461,0.5277260832810993
flagship_3,S03,旗舰档,2026-03,38,0.9457989162235225,6.874192354498864,2.7135881098229735,1.0,1.0,0.0,0.0,0.0,7.804505739643563,1.511218286199867,0.19363407967317164,103.5689846077742,13.023980523659294,90.54500408411491,238478996.64586103,2.302610164123981,1.343079864924984,0.6147769241484731,15.58542950459358,0.5007565391344074
flagship_3,S03,旗舰档,2026-04,39,0.9475392210839213,6.8770487403844776,2.7093396364272415,1.0,1.0,0.0,0.0,0.0,8.032913136582536,1.7744503776464622,0.22089749353388022,106.92896088166282,13.418248884401411,93.5107119972614,273717745.9509721,2.559809276122048,1.3539697783794027,0.6102244773768548,15.712849541977992,0.5112321043437754
flagship_3,S03,旗舰档,2026-05,40,0.9491740862030579,6.879604746778919,2.705405715419146,1.0,1.0,0.0,0.0,0.0,8.158644619807138,1.5408637922084847,0.18886271727875667,119.50324964485277,14.96625089030765,104.53699875454512,283181598.6319143,2.3696560509734343,1.364199905331393,0.6060090888537449,15.832883546962496,0.5152974564366297
flagship_3,S03,旗舰档,2026-06,41,0.9507098998519128,6.881891961794694,2.701763057679196,1.0,1.0,0.0,0.0,0.0,7.432717578714218,1.5950313412754,0.21459598382202,124.27867769507715,15.534834711884644,108.74384298319251,288915876.77436787,2.3247421209552526,1.3738102202243323,0.6021058031499894,15.945922772686194,0.46612025435403065
flagship_3,S03,旗舰档,2026-07,42,0.9507098998519128,6.881891961794694,2.701763057679196,1.0,1.0,0.0,0.0,0.0,7.516369370289178,1.4522667085168117,0.1932138559152447,140.17042795274006,17.521303494092507,122.64912445864755,309815829.19056654,2.2102795412383576,1.3738102202243323,0.6021058031499894,15.945922772686194,0.4713662217883046
flagship_3,S03,旗舰档,2026-08,43,0.9507098998519128,6.881891961794694,2.701763057679196,1.0,1.0,0.0,0.0,0.0,7.7622682982706666,1.5807190537505653,0.20364138329291312,153.0633237478675,19.13291546848344,133.93040827938407,360221171.43831635,2.353412709315578,1.3738102202243323,0.6021058031499894,15.945922772686194,0.4867870244277536
flagship_4,S04,旗舰档,2023-01,0,0.6075403936742568,4.8755382754443115,3.6460449466785607,0.0,0.0,0.0,0.0,0.5,98.48630037974274,27.817974816916376,0.2824552725572596,0.010724490357838836,0.001787415059639806,0.00893707529819903,424647.2320491478,39.596029077387435,-0.7735642470365007,1.6139499731973637,2.1653352138630355,45.48316572381403
flagship_4,S04,旗舰档,2023-02,1,0.6262504341761977,5.07030048408753,3.567030031017552,0.0,0.0,0.0,0.0,0.5,78.46540369325555,22.4661543506952,0.28631923488881844,0.011716468426779947,0.0019169760509345237,0.009799492375845424,370573.20798108436,31.628404949573145,-0.6564866438928099,1.5292816313708582,2.472910905892176,31.729975999659732
flagship_4,S04,旗舰档,2023-03,2,0.6438268906294903,5.244581365811085,3.4938652944832524,0.0,0.0,0.0,0.0,0.5,62.99389099582224,16.473136563981754,0.26150371573450276,0.01578641411602024,0.0025386425833749298,0.01324777153264531,378151.323800169,23.95422551448315,-0.5465024141367343,1.4508820422463304,2.7950669671172124,22.537524766640257
flagship_4,S04,旗舰档,2023-04,3,0.6603384434196855,5.400534750946396,3.4261175961233716,0.0,0.0,0.0,0.0,0.5,52.49090090055602,14.838841359520561,0.2826935926977656,0.018439359409053363,0.002917737148863143,0.01552162226019022,383477.54189621174,20.79668460217397,-0.44318179200039837,1.3782870741354682,3.1293415069108015,16.773784767381805
flagship_4,S04,旗舰档,2023-05,4,0.6758496117981292,5.540087971555767,3.3633858642745222,1.0,0.0,0.0,0.0,0.5,47.99328857699164,14.151047435938555,0.2948547152220504,0.023367738603165635,0.0036420438175290134,0.01972569478563662,453932.9025631078,19.425623945554293,-0.34612104990750925,1.31106695915953,3.9127658694100895,12.265821717624872
flagship_4,S04,旗舰档,2023-06,5,0.6904210059923385,5.664965680145102,3.3052987221866608,1.0,0.0,0.0,0.0,0.5,41.81897181877265,10.45462549005016,0.24999719111594823,0.027464199561522806,0.004220219550129129,0.023243980011393675,419492.34835321613,15.274151624681705,-0.2549409208990797,1.2488237489899494,4.308211372726998,9.706805957457519
flagship_4,S04,旗舰档,2023-07,6,0.7041095640417832,5.776711163584526,3.2515122894437356,1.0,0.0,0.0,0.0,0.5,36.042128757026276,9.557941797415413,0.26518804873733015,0.03418343416558082,0.0051832702373353304,0.02900016392824549,463997.97221817845,13.573767046652568,-0.16928511663954268,1.1911889589631648,4.7089869265221225,7.653902913603035
flagship_4,S04,旗舰档,2023-08,7,0.716968774284512,5.876705415642552,3.201708146164774,1.0,0.0,0.0,0.0,0.5,32.28929455043955,8.820990088587836,0.2731862126875657,0.041052382660764386,0.006147506036011491,0.0349048766247529,506394.20389770664,12.335318222142813,-0.08881893521233976,1.1378213866226397,5.112521795614762,6.315727510078396
flagship_4,S04,旗舰档,2023-09,8,0.7290488843639963,5.966184203839519,3.1555914479333302,1.0,0.0,0.0,0.0,0.5,29.572103929974404,7.292147267567413,0.24658872039794447,0.04771940379900791,0.007062442778771616,0.04065696102023629,505327.8390646423,10.58956732135761,-0.013227953264906476,1.088405091773685,5.516418795896021,5.360743087884259
flagship_4,S04,旗舰档,2023-10,9,0.7403970975728886,6.046253341539071,3.1128891802955203,1.0,0.0,0.0,0.0,0.5,26.164410142975896,6.967059606955912,0.2662800181194335,0.059003364852927516,0.008636539883379896,0.05036682496954761,576878.6435008745,9.777046528427812,0.05778320260741042,1.04264752609284,5.918480453608629,4.42079860668001
flagship_4,S04,旗舰档,2023-11,10,0.7510577573009145,6.117902354016054,3.0733485424931413,1.0,0.0,0.0,0.0,0.5,23.151851295416897,5.948699321777249,0.2569427060441963,0.06780257238407116,0.009821885008928194,0.05798068737514296,572304.4968320816,8.440749026308815,0.12449201003934865,1.0002778012189588,6.316725348527513,3.665166683369225
flagship_4,S04,旗舰档,2023-12,11,0.7610725203076316,6.182016707391382,3.036735450863445,1.0,1.0,0.0,0.0,0.5,19.228332403023895,4.613521124244192,0.23993350164461782,0.08372277561019999,0.012009951225999465,0.07171282438420051,561779.9644933452,6.710001673963893,0.18715913514562035,0.9610450850729612,6.044206577403127,3.1812831273687676
flagship_4,S04,旗舰档,2024-01,12,0.7704805194971228,6.239388751563755,3.0028331530455814,1.0,1.0,0.0,0.0,0.5,17.906597853263783,4.357804210766071,0.24336304676501053,0.10185722886757023,0.014477181344603879,0.08738004752296635,640022.2034191166,6.28352263786051,0.24602945107941826,0.9247171169123454,6.391544477432298,2.8016073292597152
flagship_4,S04,旗舰档,2024-02,13,0.7793185168306693,6.290727512375205,2.9714409447896997,1.0,1.0,0.0,0.0,0.5,16.26675038215446,3.6802542688832913,0.2262439751285996,0.12913762049713057,0.018195701320380335,0.11094191917675023,704279.4030552054,5.453712096784797,0.3013329948795836,0.8910788323294581,6.731297807941378,2.4165845645639754
flagship_4,S04,旗舰档,2024-03,14,0.7876210469749136,6.33666745402582,2.942372981772119,1.0,1.0,0.0,0.0,0.5,15.35687394906503,3.761276959129011,0.24492464883180268,0.18968164623585929,0.02650815931024106,0.16317348692561823,1020823.1378631734,5.381770762332128,0.35328586634533643,0.8599310900534103,7.062474422483265,2.1744325048706283
flagship_4,S04,旗舰档,2024-04,15,0.7954205522468195,6.377776320026948,2.9154571793824253,1.0,1.0,0.0,0.0,0.5,14.049614214793857,3.1274896043841105,0.2226032371117315,0.24937590030949702,0.03458179956493472,0.21479410074456232,1157627.259902311,4.6420975662267105,0.40209107245093484,0.8310894930182087,7.384261386308926,1.9026431324388227
flagship_4,S04,旗舰档,2024-05,16,0.8027475093827304,6.414562149594411,2.890534193969141,1.0,1.0,0.0,0.0,0.5,13.735965904062976,3.1660014521818964,0.23048990324338398,0.35418236240626805,0.048758099853970845,0.3054242625522972,1636713.2559131994,4.621103221497497,0.4479393205998378,0.8043832967177261,7.696012059879473,1.7848160576138825
flagship_4,S04,旗舰档,2024-06,17,0.8096305486268794,6.4474795561930085,2.867456479512869,1.0,1.0,0.0,0.0,0.5,12.632832564896713,2.8913309347962084,0.22887431777022432,0.46351899609094604,0.06337095348557259,0.4001480426053735,1957515.0589441638,4.22316037843697,0.4910097638180303,0.7796543983848976,7.9972320032331865,1.5796506290913417
flagship_4,S04,旗舰档,2024-07,18,0.8160965656046909,6.476935345824999,2.8460874141423407,1.0,1.0,0.0,0.0,0.5,12.13675937124405,2.8426550090807585,0.23421861817710066,0.6543433666192009,0.08887845793589372,0.5654649086833071,2686118.112383175,4.105058978837907,0.531470700798367,0.7567564010109957,8.287564323120707,1.4644543195139772
flagship_4,S04,旗舰档,2024-08,19,0.8221708264180208,6.503293544495517,2.826300491322268,1.0,1.0,0.0,0.0,0.5,11.568627924535265,2.4128668201336656,0.20856983523658404,0.8872558676035682,0.11977410439402109,0.7674817632095472,3237453.3302348736,3.648838456238183,0.5694802335313683,0.7355537466639088,8.56677495667205,1.3504064228423889
flagship_4,S04,旗舰档,2024-09,20,0.8278770663729986,6.526879896986301,2.807978570924781,1.0,1.0,0.0,0.0,0.5,10.486043178244435,2.33977939912455,0.2231327259818011,1.1469399938201061,0.1539301742665854,0.9930098195535207,3937542.3727138196,3.4330848988874045,0.6051868850921851,0.7159209139745998,8.834738271066565,1.1869104501472139
flagship_4,S04,旗舰档,2024-10,21,0.8332375827262533,6.547985892535297,2.7910131857507254,1.0,1.0,0.0,0.0,0.5,9.852917115809435,2.0334046014491083,0.20637589635118536,1.6147045014301862,0.21551732203693427,1.399187179393252,4968587.959917962,3.0770880712335615,0.638730179997747,0.697741675040803,9.091423259671412,1.083759586853241
flagship_4,S04,旗舰档,2024-11,22,0.8382733218119258,6.5668723671730485,2.7753038993953747,1.0,1.0,0.0,0.0,0.5,9.559745197949306,2.032401558163548,0.21259997166028288,2.1001138406886484,0.27884763152946085,1.8212662091591876,6367256.587799052,3.0318625897494993,0.6702411894018359,0.6809084073487685,9.33688053152903,1.0238692854286506
flagship_4,S04,旗舰档,2024-12,23,0.8430039608899269,6.583772727234925,2.7607577116570727,1.0,1.0,0.0,0.0,0.5,9.327777741516524,2.018890194679142,0.2164384969952026,2.9296336254426096,0.38707382550020003,2.54255979994241,8743687.663313508,2.984566939489749,0.6998430432584746,0.6653214566395769,9.571230222178505,0.974564139090725
flagship_4,S04,旗舰档,2025-01,24,0.8474479850352572,6.598895833886611,2.7472885079687814,1.0,1.0,0.0,0.0,0.5,8.867635093669314,1.9320874225080247,0.2178807993449527,3.9745948902164767,0.5226898318557743,3.4519050583607025,11304405.043018918,2.844165343956154,0.7276514114548976,0.6508885469481496,9.794650898331408,0.9053548907169302
flagship_4,S04,旗舰档,2025-02,25,0.8516227593688388,6.612428584310917,2.734816549593118,1.0,1.0,0.0,0.0,0.5,8.693660681028673,1.9605005931984962,0.22550921471742108,4.791149955689143,0.6272914459427619,4.1638585097463805,13616706.057490598,2.8420538249531826,0.7537749557941431,0.6375242343223284,10.007369485356188,0.868725861851122
flagship_4,S04,旗舰档,2025-03,26,0.8555445969121039,6.624538221455223,2.723268001562807,1.0,1.0,0.0,0.0,0.5,8.350432826144639,1.9727708336489094,0.23624773406622682,7.06310663859201,0.92088491276376,6.14222172582825,19806983.479162484,2.804287757874047,0.7783157545934184,0.62514940098801,10.209652213225153,0.8178959137636285
flagship_4,S04,旗舰档,2025-04,27,0.8592288223304794,6.635374400884303,2.712574495571907,1.0,1.0,0.0,0.0,0.5,8.078805104741209,1.5713780706403382,0.19450624817253526,9.211198189309487,1.1961937440406478,8.01500444526884,22258418.34699537,2.4164520065183788,0.8013697015573339,0.6136907869657454,10.40179655193766,0.776674016301182
flagship_4,S04,旗舰档,2025-05,28,0.8626898318148508,6.6450710402815,2.7026727252301055,1.0,1.0,0.0,0.0,0.5,7.702134605029225,1.4027886560893885,0.18212985464749168,13.17281317843255,1.7042376532605104,11.468575525172039,29214255.45258731,2.217768904550998,0.823026880484646,0.6030805563659434,10.584124089948471,0.7277063779272757
flagship_4,S04,旗舰档,2025-06,29,0.8659411493349907,6.653747974455082,2.693504071283942,1.0,1.0,0.0,0.0,0.5,7.577111205766767,1.703679697268488,0.22484554482608837,17.18118707476463,2.214911497178853,14.966275577585778,42280370.57031363,2.4608526981476246,0.8433719172726516,0.5932558957951067,10.756974297440628,0.7043905652511937
flagship_4,S04,旗舰档,2025-07,30,0.8689954794847643,6.661512436303013,2.685014254586255,1.0,1.0,0.0,0.0,0.5,7.240401490879872,1.3318559346995755,0.1839478012893626,20.827387287974243,2.6759020579468165,18.151485230027426,43549768.57703036,2.090985680291068,0.8624843105947244,0.5841586424956405,10.920699109195965,0.6629979837813649
flagship_4,S04,旗舰档,2025-08,31,0.8718647571256067,6.668460382038448,2.677153014759389,1.0,1.0,0.0,0.0,0.5,7.264466631955147,1.4286035933165837,0.19665636387293742,24.829276287791807,3.1798590160315734,21.649417271760235,54028415.02392988,2.1759963680655026,0.8804387425431089,0.5757349400177844,11.075658258307136,0.6558947976303385
flagship_4,S04,旗舰档,2025-09,32,0.8745601940222527,6.674677677053607,2.669873812649838,1.0,1.0,0.0,0.0,0.5,6.959526793698035,1.5178408435687885,0.2180954091509811,28.34508959179731,3.6191119478934937,24.725977643903818,62717405.33584342,2.2126373999535,0.8973053704508167,0.5679349193852267,11.222215291184115,0.6201562359229786
flagship_4,S04,旗舰档,2025-10,33,0.8770923226529515,6.680241157077405,2.663133554812823,1.0,1.0,0.0,0.0,0.5,6.9246058751075985,1.3786491392792124,0.19909423931766948,34.93280078235272,4.447398426253864,30.48540235609886,72825154.99019796,2.084721332364155,0.9131501010329323,0.5607124038668714,11.360734195522527,0.6095209830573021
flagship_4,S04,旗舰档,2025-11,34,0.8794710373653537,6.6852195777410115,2.6568923383957332,1.0,1.0,0.0,0.0,0.5,6.764738553751891,1.2928538972879007,0.19111660960952467,40.105978646686026,5.092072445276055,35.013906201409974,79714403.88082248,1.987594033873783,0.928034847918531,0.5540246356069842,11.491576575544755,0.5886693187206309
flagship_4,S04,旗舰档,2025-12,35,0.881705633038891,6.689674464286448,2.6511132149101244,1.0,1.0,0.0,0.0,0.5,6.790607381940904,1.410025003600351,0.2076434292682277,48.4892902820676,6.1405180267725825,42.34877225529502,101410674.79328589,2.091403569806213,0.942017773579535,0.547832022495349,11.615099312436032,0.5846361877138967
flagship_4,S04,旗舰档,2026-01,36,0.8838048414047186,6.693660871919252,2.6457619714937834,1.0,1.0,0.0,0.0,0.5,6.908217424688094,1.430067629435592,0.20700964395314464,52.967044282251244,6.691080920029634,46.27596336222161,112401199.02700733,2.122096872690174,0.9551535166018325,0.5420979037788852,11.731652652115171,0.5888528777267003
flagship_4,S04,旗舰档,2026-02,37,0.8857768651651442,6.697228066201933,2.64080692836791,1.0,1.0,0.0,0.0,0.5,6.894549993891417,1.457991679931162,0.21147017299503887,52.27557675346974,6.588329170290375,45.68724758317937,112035191.69601075,2.1431651002984777,0.9674934051867389,0.5367883330271246,11.841578667023866,0.5822323347047627
flagship_4,S04,旗舰档,2026-03,38,0.8876294100458666,6.7004201318967915,2.6362187512903574,1.0,1.0,0.0,0.0,0.5,6.4504092784252824,1.2731856200215557,0.1973805947910912,62.601003958960554,7.872185475320578,54.72881848363998,120458762.92563295,1.9242305283890064,0.979085657717063,0.5318718771666969,11.945210043280456,0.5399996530034927
flagship_4,S04,旗舰档,2026-04,39,0.8893697149062654,6.703276517782405,2.6319702778946255,1.0,1.0,0.0,0.0,0.5,6.4777131492546305,1.4248693449137906,0.219964872182978,65.23939867906773,8.186729594363253,57.052669084704476,134323885.16710502,2.058938124612164,0.9899755711714817,0.5273194303950787,12.042869149167197,0.5378878628522328
flagship_4,S04,旗舰档,2026-05,40,0.891004580025402,6.705832524176847,2.62803635688653,1.0,1.0,0.0,0.0,0.5,6.774528783589843,1.3779233875267638,0.203397672597473,73.26366269323235,9.175335066354956,64.08832762687739,150467377.01065484,2.0537790697236615,1.000205698123472,0.5231040418719689,12.134867345396147,0.558269702565808
flagship_4,S04,旗舰档,2026-06,41,0.8925403936742569,6.708119739192622,2.6243936991465797,1.0,1.0,0.0,0.0,0.5,6.748263429311573,1.3860472201045395,0.20539317035018856,77.30040894550932,9.662551118188665,67.63785782732066,158954705.1601101,2.0563242462554188,1.009816013016411,0.5192007561682133,12.221504501850603,0.5521630686540874
flagship_4,S04,旗舰档,2026-07,42,0.8925403936742569,6.708119739192622,2.6243936991465797,1.0,1.0,0.0,0.1,0.5,7.042214179193095,1.327620313258957,0.18852313767757023,85.65174975376662,10.706468719220828,74.9452810345458,174896123.30794853,2.0419445465007247,1.009816013016411,0.5192007561682133,12.221504501850603,0.5762149969446683
flagship_4,S04,旗舰档,2026-08,43,0.8925403936742569,6.708119739192622,2.6243936991465797,1.0,1.0,0.0,0.21,0.5,7.732668100037714,1.698120016270112,0.21960337548456654,92.16780089498566,11.520975111873208,80.64682578311245,226035865.8398622,2.452438526741062,1.009816013016411,0.5192007561682133,12.221504501850603,0.6327099989094485
flagship_5,S05,旗舰档,2023-01,0,0.69081673453732,4.266934623663888,2.5958581266937704,0.0,0.0,0.0,0.0,0.0,91.98248543032099,26.24627537055807,0.28533992365796934,0.006264108176767295,0.0010440180294612159,0.00522009014730608,233039.29664924115,37.20231038051856,-0.25246465958167813,0.48862349638836483,2.927901341006059,31.41584183253757
flagship_5,S05,旗舰档,2023-02,1,0.7095267750392609,4.461696832307106,2.5168432110327617,0.0,0.0,0.0,0.0,0.0,75.3502221077938,20.28501583808131,0.26920976834099,0.006763810016061005,0.001106652733704629,0.0056571572823563765,198142.05435195708,29.294444090159075,-0.13538705643798724,0.4039551545618592,3.3437959680307454,22.534336074389625
flagship_5,S05,旗舰档,2023-03,2,0.7271032314925534,4.635977714030661,2.443678474498462,0.0,0.0,0.0,0.0,0.0,62.71116449153297,15.462612524113647,0.246568735399601,0.0093487563670497,0.0015033908803206415,0.007845365486729058,215589.23942220397,23.06073994847724,-0.025402826681911746,0.32555556543733144,3.7794057330385553,16.59286377837889
flagship_5,S05,旗舰档,2023-04,3,0.7436147842827486,4.791931099165972,2.3759307761385813,0.0,0.0,0.0,0.0,0.0,52.83308695453381,15.827533614444194,0.2995761657475131,0.011017131731113058,0.0017432869446649469,0.009273844786448111,238885.32082683223,21.683077470355133,0.0779177954544242,0.2529605973264694,4.23140174135163,12.485953871554967
flagship_5,S05,旗舰档,2023-05,4,0.7591259526611923,4.931484319775343,2.313199044289732,0.0,0.0,0.0,0.0,0.0,45.90846071203242,12.453754287407666,0.2712736191597813,0.013801377902481043,0.00215105209437353,0.011650325808107513,243841.78554649735,17.667930497190607,0.17497853754731332,0.18574048235053117,4.696398645408138,9.775247839516139
flagship_5,S05,旗舰档,2023-06,5,0.7736973468554016,5.056362028364678,2.2551119022018704,0.0,0.0,0.0,0.0,0.0,39.70985707011424,10.980857261230486,0.2765272421364295,0.016317766710510065,0.002507430006539121,0.013810336703970943,251219.02324882135,15.39542927078461,0.2661586665557429,0.12349727218095051,5.171042359878654,7.679275145416927
flagship_5,S05,旗舰档,2023-07,6,0.7873859049048463,5.168107511804102,2.2013254694589452,1.0,0.0,0.0,0.0,0.0,39.07995230295216,9.911234852834061,0.25361430269927304,0.020397916239309293,0.0030929575897710106,0.017304958649538283,292386.14437746105,14.334118296554086,0.3518144708152799,0.06586248215416579,6.367350906535537,6.137552787115903
flagship_5,S05,旗舰档,2023-08,7,0.8002451151475751,5.268101763862128,2.1515213261799837,1.0,0.0,0.0,0.0,0.0,34.095780744036176,8.458700767214465,0.24808643716698023,0.024518178741645358,0.003671544549601229,0.02084663419204413,301519.61858924746,12.297798371014451,0.4322806522424828,0.012494909813640633,6.91299865511262,4.932126049065566
flagship_5,S05,旗舰档,2023-09,8,0.8123252252270594,5.357580552059095,2.10540462794854,1.0,0.0,0.0,0.0,0.0,30.025847274122388,7.067451105250431,0.23537890673751194,0.02840239692666671,0.004203537494295198,0.02419885943237151,297239.0306558685,10.465279793931545,0.5078716341899161,-0.036921385035314024,7.459136066623181,4.025378677361407
flagship_5,S05,旗舰档,2023-10,9,0.8236734384359518,5.437649689758647,2.06270236031073,1.0,0.0,0.0,0.0,0.0,27.393068646969912,6.390249765248113,0.2332798069322902,0.035692544423664395,0.005224449219509074,0.030468095204155318,337812.43433853117,9.464509739870472,0.578882790062233,-0.08267895071615883,8.002791782951604,3.4229390680044345
flagship_5,S05,旗舰档,2023-11,10,0.8343340981639776,5.50929870223563,2.023161722508351,1.0,0.0,0.0,0.0,0.0,24.14817930793207,6.037694397015564,0.2500268993378036,0.04146011237752161,0.006005914553249679,0.035454197824271935,359093.51309428003,8.661180409365446,0.6455915974941713,-0.12504867559004018,8.54128658708939,2.8272297225611576
flagship_5,S05,旗舰档,2023-12,11,0.8443488611706947,5.573413055610958,1.9865486308786546,1.0,0.0,0.0,0.0,0.0,21.98476875216577,5.507729713914612,0.2505247963261853,0.05175061630062719,0.007423575880709634,0.04432704041991756,407346.9567022307,7.871345035504318,0.708258722600443,-0.16428139173603779,9.072244092673035,2.4232999605821015
flagship_5,S05,旗舰档,2024-01,12,0.8537568603601859,5.630785099783331,1.952646333060791,1.0,0.0,0.0,0.0,0.0,20.67700386064356,4.909740289836188,0.2374493095288988,0.06253114802013747,0.00888768307991956,0.05364346494021791,447146.138459076,7.150774495857288,0.7671290385342409,-0.2006093598966536,9.593591960477871,2.1552932359251193
flagship_5,S05,旗舰档,2024-02,13,0.8625948576937325,5.682123860594781,1.9212541248049093,1.0,1.0,0.0,0.0,0.0,17.862418275905604,4.874482512043337,0.2728904024500684,0.07907174294901677,0.01114133752847156,0.06793040542054521,530136.8043450649,6.704503841364445,0.8224325823344062,-0.23424764447954086,9.101859034297927,1.9625021886842948
flagship_5,S05,旗舰档,2024-03,14,0.8708973878379768,5.728063802245396,1.8921861617873286,1.0,1.0,0.0,0.0,0.0,16.426341195781927,3.2608640655514702,0.19851432687814974,0.1160692329023645,0.01622076662582068,0.09984846627654381,592040.1227344924,5.100749853602519,0.874385453800159,-0.2653953867555886,9.54966612098782,1.7200958638418637
flagship_5,S05,旗舰档,2024-04,15,0.8786968931098826,5.769172668246524,1.865270359397635,1.0,1.0,0.0,0.0,0.0,15.767950076397783,3.6986111816102727,0.23456512506001206,0.1536293752632218,0.02130430509141123,0.13232507017181055,825344.2032385418,5.3723072285129945,0.9231906599057574,-0.2942369837907902,9.984776803560873,1.5791990533803877
flagship_5,S05,旗舰档,2024-05,16,0.8860238502457936,5.805958497813987,1.8403473739843506,1.0,1.0,0.0,0.0,0.0,14.375429943820324,3.279863340960781,0.22815758233170072,0.21232432081534125,0.029229378801946062,0.18309494201339518,1020711.2754938374,4.8073215144371115,0.9690389080546604,-0.3209431800912729,10.406316715424367,1.381413840933064
flagship_5,S05,旗舰档,2024-06,17,0.8929068894899426,5.838875904412585,1.8172696595280788,1.0,1.0,0.0,0.0,0.0,13.43277289931727,2.4361964911594214,0.1813621438715191,0.2779197197007965,0.03799636644541516,0.23992335325538133,1094896.9928084633,3.9396160660611286,1.012109351272853,-0.34567207842410136,10.813617289689589,1.2422090166002966
flagship_5,S05,旗舰档,2024-07,18,0.899372906467754,5.868331694044575,1.7959005941575503,1.0,1.0,0.0,0.0,0.0,12.17998255458604,2.67219962109974,0.21939272976163632,0.38510997405978215,0.05230889831895347,0.3328010757408287,1526432.3774706968,3.9636272241386887,1.0525702882531895,-0.36857007579800316,11.206195946007426,1.0868971605770963
flagship_5,S05,旗舰档,2024-08,19,0.9054471672810839,5.8946898927150935,1.7761136713374777,1.0,1.0,0.0,0.0,0.0,11.965675628846808,2.649704928907251,0.22144214928569111,0.5259039064080724,0.07099380425341764,0.45491010215465477,2054866.3732431303,3.907303878531504,1.090579820986191,-0.3897727301450901,11.583736191584318,1.0329720420894921
flagship_5,S05,旗舰档,2024-09,20,0.9111534072360618,5.9182762452058775,1.7577917509399907,1.0,1.0,0.0,0.0,0.0,11.389466044561626,2.4187182762769637,0.21236450126930062,0.6935025731949876,0.0930745919764076,0.60042798121858,2512336.0366881834,3.6226773105019268,1.1262864725470076,-0.40940556283439916,11.946068149487708,0.9534070877579959
flagship_5,S05,旗舰档,2024-10,21,0.9165139235893164,5.939382240754873,1.740826365765935,1.0,1.0,0.0,0.0,0.0,11.211546559589337,2.4874329763945093,0.22186350145127706,0.9626320923818716,0.12848412231042614,0.8341479700714456,3515392.8873995673,3.651855070301383,1.1598297674525695,-0.4275848017681959,12.293149893478489,0.9120157694926553
flagship_5,S05,旗舰档,2024-11,22,0.921549662674989,5.958268715392625,1.7251170794105843,1.0,1.0,0.0,0.0,0.0,10.812708862811087,2.2584281872245535,0.2088679364143545,1.2789445549001295,0.1698149181638929,1.1091296367362367,4341048.905559511,3.3942432366808077,1.1913407768566584,-0.4444180694602305,12.625049855586187,0.8564488050735739
flagship_5,S05,旗舰档,2024-12,23,0.92628030175299,5.9751690754545015,1.7105708916722824,1.0,1.0,0.0,0.0,0.0,10.38950669405596,2.4081561120665387,0.2317873391856316,1.7762838780648296,0.2346890716592621,1.5415948064055676,6150704.636401283,3.4626811132813753,1.2209426307132971,-0.46000502016942213,12.941930479484068,0.8027787439073107
flagship_5,S05,旗舰档,2025-01,24,0.9307243258983203,5.990292182106187,1.697101687983991,1.0,1.0,0.0,0.0,0.0,9.875188377650405,2.101571245876204,0.21281328168204822,2.385926347009819,0.31376768591148185,2.0721586610983374,7453304.064252928,3.1238617544057217,1.2487509989097203,-0.4744379298608493,13.244033217724551,0.7456330118860163
flagship_5,S05,旗舰档,2025-02,25,0.9348991002319019,6.0038249325304935,1.6846297296083277,1.0,1.0,0.0,0.0,0.0,9.540586810389948,1.978772096457728,0.20740570111502926,2.9382677560839503,0.3846989232913256,2.5535688327926245,8723184.226238612,2.968818688554325,1.2748745432489657,-0.48780224248667053,13.5316649119857,0.7050563897676296
flagship_5,S05,旗舰档,2025-03,26,0.9388209377751671,6.0159345696747994,1.6730811815780164,1.0,1.0,0.0,0.0,0.0,8.712078962292349,1.6633223605110736,0.19092140552332817,4.397150468804772,0.5732986535626775,3.823851815242094,11354921.366386967,2.5823363214298753,1.299415342048241,-0.500177075820989,13.805185550452244,0.6310729349093718
flagship_5,S05,旗舰档,2025-04,27,0.9425051631935425,6.026770749103879,1.6623876755871168,1.0,1.0,0.0,0.0,0.0,8.753833012236173,1.775775324473647,0.20285688817589448,5.718471801523844,0.742617849911713,4.975853951612131,15336751.315490514,2.6819667645127874,1.3224692890121565,-0.5116356898432535,14.064997363136621,0.6223842625935615
flagship_5,S05,旗舰档,2025-05,28,0.9459661726779139,6.036467388501076,1.6524859052453151,1.0,1.0,0.0,0.0,0.0,8.652130681755514,1.9869090656963577,0.22964390377113614,7.956144831930741,1.0293292263166984,6.926815605614043,22668843.703843918,2.8492246160308774,1.3441264679394687,-0.5222459204430555,14.311535192303406,0.6045564340580694
flagship_5,S05,旗舰档,2025-06,29,0.9492174901980538,6.045144322674658,1.6433172512991518,1.0,1.0,0.0,0.0,0.0,8.753134543894028,2.004177123964429,0.2289667905724691,10.403058474247736,1.341109535689685,9.061948938558052,29900662.965182845,2.874218484804299,1.3644715047274742,-0.5320705810138922,14.545258059353905,0.6017861290721465
flagship_5,S05,旗舰档,2025-07,30,0.9522718203478274,6.0529087845225895,1.6348274346014646,1.0,1.0,0.0,0.0,0.0,8.35238605849663,1.6904189780170635,0.20238755323066648,12.636855720408546,1.6235828220154642,11.013272898393081,32177836.04494124,2.546348297145941,1.383583898049547,-0.5411678343133584,14.766641839946098,0.5656252890147377
flagship_5,S05,旗舰档,2025-08,31,0.9551410979886699,6.059856730258024,1.6269661947745986,1.0,1.0,0.0,0.0,0.0,8.183839501439047,1.5396606679912699,0.18813426970562358,14.866054619945352,1.9038798097910727,12.96217481015428,35538397.52018219,2.390573587191141,1.4015383299979316,-0.5495915367912145,14.976172954380031,0.546457331012964
flagship_5,S05,旗舰档,2025-09,32,0.9578365348853158,6.066074025273183,1.6196869926650477,1.0,1.0,0.0,0.0,0.0,8.103980009134215,1.7214044296463888,0.21241469348470102,16.86317941882144,2.1530972381117297,14.71008218070971,42770657.601715654,2.536334136015786,1.4184049579056393,-0.5573915574237722,15.174342979209035,0.5340580491845872
flagship_5,S05,旗舰档,2025-10,33,0.9603686635160146,6.071637505296981,1.6129467348280326,1.0,1.0,0.0,0.0,0.0,8.037285857520706,1.4776766710217735,0.18385269570063523,20.52310837871374,2.61285776866305,17.910250610050692,47465844.29041404,2.3127999625848537,1.434249688487755,-0.5646140729421276,15.361644087679727,0.5232047957657561
flagship_5,S05,旗舰档,2025-11,34,0.9627473782284168,6.076615925960588,1.606705518410943,1.0,1.0,0.0,0.0,0.0,7.738226650975916,1.4349197793289812,0.185432637741105,23.44174150182102,2.976290568103873,20.465450933717147,52397491.33282714,2.235221787116659,1.4491344353733535,-0.5713018412020148,15.538565230177579,0.49800136218158936
flagship_5,S05,旗舰档,2025-12,35,0.9649819739019542,6.081070812506024,1.600926394925334,1.0,1.0,0.0,0.0,0.0,7.637499177866737,1.646841402633964,0.2156257387767013,28.54666765394543,3.6150524438210696,24.93161521012436,68668376.23020002,2.405477832391038,1.4631173610343575,-0.57749445431365,15.705588970738972,0.4862918030069509
flagship_5,S05,旗舰档,2026-01,36,0.9670811822677817,6.085057220138828,1.595575151508993,1.0,1.0,0.0,0.0,0.0,7.346703728333962,1.4752370270652049,0.20080257508897117,31.043149984521982,3.921537087329143,27.12161289719284,68821178.719949,2.216952169939682,1.476253104056655,-0.5832285730301137,15.863188901391961,0.4631290577198702
flagship_5,S05,旗舰档,2026-02,37,0.9690532060282073,6.088624414421509,1.5906201083831197,1.0,1.0,0.0,0.0,0.0,7.512174751664023,1.5203470990754127,0.20238441587619355,30.195130456961397,3.8055143748771347,26.389616082084263,68709065.26015717,2.275501520289557,1.4885929926415615,-0.5885381437818743,16.01182756223396,0.4691641052507019
flagship_5,S05,旗舰档,2026-03,38,0.9709057509089297,6.091816480116368,1.586031931305567,1.0,1.0,0.0,0.0,0.0,7.302448001820515,1.6972874633727704,0.23242718920417277,36.885895081980486,4.638465665805066,32.24742941617542,88605312.00684412,2.402146181078567,1.5001852451718856,-0.593454599642302,16.15195480145743,0.4521092395058955
flagship_5,S05,旗舰档,2026-04,39,0.9726460557693285,6.094672866001981,1.581783457909835,1.0,1.0,0.0,0.0,0.0,7.116559563532489,1.4513607758624911,0.20394135156258997,38.097257990934416,4.78072998484804,33.31652800608637,82376651.63029478,2.162272456718461,1.5110751586263043,-0.5980070464139203,16.284006515786263,0.43702755563463186
flagship_5,S05,旗舰档,2026-05,40,0.9742809208884651,6.097228872396423,1.5778495369017396,1.0,1.0,0.0,0.0,0.0,7.066252357167544,1.3510200115220146,0.19119328651652645,42.088855824145206,5.271089931212385,36.81776589293282,86988390.15215656,2.0667796367667886,1.5213052855782945,-0.6022224349370301,16.4084037178381,0.43064837254617244
flagship_5,S05,旗舰档,2026-06,41,0.97581673453732,6.099516087412198,1.5742068791617894,1.0,1.0,0.0,0.0,0.0,6.752210760194966,1.2549663692653674,0.1858600706991455,44.5062838491874,5.563285481148425,38.94299836803897,86436629.3580918,1.9421219181315668,1.5309156004712339,-0.6061257206407856,16.525551882676485,0.4085921491840293
flagship_5,S05,旗舰档,2026-07,42,0.97581673453732,6.099516087412198,1.5742068791617894,1.0,1.0,0.0,0.0,0.0,7.112899610327696,1.6371970870021297,0.23017295008985839,50.07114609650528,6.25889326206316,43.81225283444212,116248172.16036113,2.3216599024178253,1.5309156004712339,-0.6061257206407856,16.525551882676485,0.4304182795724997
flagship_5,S05,旗舰档,2026-08,43,0.97581673453732,6.099516087412198,1.5742068791617894,1.0,1.0,0.0,0.0,0.0,6.994442092607558,1.3738443727501155,0.19641943625527114,54.440705776934415,6.805088222116802,47.635617554817614,113041720.62484449,2.076419087732296,1.5309156004712339,-0.6061257206407856,16.525551882676485,0.4232501366529089
reasoning_1,S06,推理增强档,2023-01,0,0.6023798020503868,6.055160033180492,4.151923390894037,0.0,0.0,1.0,0.0,1.0,158.91838161234432,47.093199832047425,0.2963357627623195,0.007901607935889295,0.001316934655981549,0.0065846732799077455,519378.4588172359,65.73073012876358,-0.8058565180266911,2.1560234371652935,5.345255010619377,29.730739000594433
reasoning_1,S06,推理增强档,2023-02,1,0.6227310741753049,6.202491956449596,4.087247634599002,0.0,0.0,1.0,0.0,1.0,138.09611454444868,39.582877792785204,0.28663281311976924,0.008690904170366038,0.0014219519524739104,0.007268952217892128,484092.08702795865,55.7010038930817,-0.6785089496949573,2.086720205034173,6.061217730516823,22.783559456900356
reasoning_1,S06,推理增强档,2023-03,2,0.6418493250543249,6.3343303540126685,4.0273604015380435,0.0,0.0,1.0,0.0,1.0,113.15105705015493,28.202735635701384,0.24924853882010434,0.011642626000523636,0.0018722723178307603,0.009770353682692875,487400.29382858274,41.86343302676402,-0.5588769804865944,2.022548109456641,6.808953758985126,16.617979950420473
reasoning_1,S06,推理增强档,2023-04,3,0.6598092596682215,6.45230453561791,3.971907154616014,0.0,0.0,1.0,0.0,1.0,91.86067972282372,21.468614399618506,0.23370842088690108,0.01380390455915359,0.0021842496931769187,0.011619654865976672,450104.5512739049,32.607046024194176,-0.4464931458821588,1.9631272466169318,7.583251688171021,12.113626647275277
reasoning_1,S06,推理增强档,2023-05,4,0.6766810568517917,6.557872471687278,3.9205596062818735,0.0,0.0,1.0,0.0,1.0,74.22784467142296,20.38257674103593,0.27459475391292126,0.01750047862324659,0.0027275857136196896,0.0147728929096269,503572.43209613056,28.77478056098506,-0.3409183036056835,1.9081058403680178,8.378818176110181,8.858987402670051
reasoning_1,S06,推理增强档,2023-06,5,0.6925306435191773,6.652338811477095,3.8730137750407545,0.0,0.0,1.0,0.0,1.0,66.61404902442246,16.959282319966576,0.2545901738197727,0.020372264681110436,0.0031304545939900078,0.01724181008712043,500940.9807675017,24.589361497545436,-0.2417399176666897,1.8571581596893567,9.190402331877559,7.24821902446718
reasoning_1,S06,推理增强档,2023-07,6,0.7074199522747135,6.736871006436568,3.828988185859782,0.0,0.0,1.0,0.0,1.0,61.65239723266131,16.570513646742373,0.26877322521960084,0.025738287041600208,0.003902723656625715,0.021835563384974496,602438.770222621,23.406327283898612,-0.14857044636684266,1.809982590333819,10.012901099625644,6.157296134180965
reasoning_1,S06,推理增强档,2023-08,7,0.7214071634159275,6.812513738022923,3.7882222038139055,0.0,0.0,1.0,0.0,1.0,53.90691534210563,12.796839460921914,0.23738771509573942,0.031530209972213126,0.004721581149689127,0.026808628822523998,597591.5945264571,18.952984932644007,-0.061045827972340636,1.7662998492478,10.841444938614858,4.972299877675989
reasoning_1,S06,推理增强档,2023-09,8,0.7345469322743139,6.880201828277628,3.750474491106792,0.0,0.0,1.0,0.0,1.0,47.1801887846465,11.58814232976103,0.24561458163414715,0.03687044625311956,0.005456803651344967,0.031413642601774594,621478.7879968125,16.855743587432983,0.02117594186521836,1.7258513311937367,11.671464205533422,4.042353894404992
reasoning_1,S06,推理增强档,2023-10,9,0.7468906027822318,6.940771792717619,3.7155215783322335,0.0,0.0,1.0,0.0,1.0,41.2672449012469,9.579514746415947,0.23213361515506697,0.04629034924950777,0.006775688954443122,0.039514660295064646,658145.2864538664,14.217764547560954,0.09841614649826462,1.6883975777869134,12.498737453152888,3.3017130774946364
reasoning_1,S06,推理增强档,2023-11,10,0.7584864081004354,6.994972178316571,3.6831565415178122,0.0,0.0,1.0,0.0,1.0,36.5338022190551,7.83608983756729,0.21448875730432967,0.054389069967528306,0.007878804183675973,0.04651026578385233,652301.2948204807,11.993242304196812,0.17097660370493428,1.6537168598831278,13.31942339598995,2.7428966805015182
reasoning_1,S06,推理增强档,2023-12,11,0.7693796590901979,7.043472814337013,3.653187777118833,0.0,0.0,1.0,0.0,1.0,33.2588017607134,7.713408214913344,0.23192080912622426,0.06754012223623107,0.00968856524336675,0.05785155699286432,768462.7457291599,11.37787022418102,0.2391408450485982,1.6216038649248488,14.130078600990473,2.3537591474106923
reasoning_1,S06,推理增强档,2024-01,12,0.7796129213664865,7.0868730903386075,3.625437867710376,0.0,0.0,1.0,0.0,1.0,30.979633959239926,7.452289933240504,0.24055448631334775,0.08192175711503871,0.011643710976714107,0.0702780461383246,884450.2797502351,10.796280632851234,0.3031752237836061,1.5918684814748452,14.927663085148822,2.0753170662098364
reasoning_1,S06,推理增强档,2024-02,13,0.7892261816240285,7.125709363665429,3.5997425316622946,0.0,1.0,1.0,0.0,1.0,24.917377517304345,5.227277620391571,0.20978442120409296,0.10547237250744773,0.014861229286318285,0.09061114322112944,843952.4616163174,8.001644805673859,0.3633299556364183,1.564334673741637,14.15204594661547,1.760690829530797
reasoning_1,S06,推理增强档,2024-03,14,0.7982570038861889,7.160461587956818,3.575949650579137,0.0,1.0,1.0,0.0,1.0,23.39333083566948,6.043843583627622,0.258357547545651,0.15484287271399802,0.02163941329808041,0.1332034594159176,1311278.8278796766,8.46844807834113,0.4198400965289914,1.5388394394338656,14.84021727992838,1.5763469223128772
reasoning_1,S06,推理增强档,2024-04,15,0.8067406762872092,7.191559244599505,3.5539183687473677,0.0,1.0,1.0,0.0,1.0,22.27655134701556,5.281968695339386,0.23710890492244094,0.20872902972322133,0.028945160540025324,0.179783869183196,1594411.1239701153,7.638664952758775,0.4729264610649049,1.5152318447740032,15.510505933961799,1.4362233857400377
reasoning_1,S06,推理增强档,2024-05,16,0.814710348961358,7.219386650424174,3.5335182592585492,1.0,1.0,1.0,0.0,1.0,23.14036234811747,5.451963197908599,0.2356040547633054,0.2994982708252427,0.0412300784708142,0.2582681923544285,2362147.635362681,7.887015937868283,0.5227964853672205,1.4933721309586057,18.20675542004965,1.2709767234328218
reasoning_1,S06,推理增强档,2024-06,17,0.8221971635778008,7.244287707241038,3.5146285518718625,1.0,1.0,1.0,0.0,1.0,21.79569444158393,4.737987854251534,0.21738182588997684,0.39891127558587763,0.0545379760122346,0.34437329957364304,2820329.571333545,7.070067315573746,0.5696450376396407,1.473130886775289,18.917217031702627,1.1521617796665002
reasoning_1,S06,推理增强档,2024-07,18,0.8292303750273501,7.2665701519109955,3.4971374180448476,1.0,1.0,1.0,0.0,1.0,20.49094618617145,4.484111755775786,0.21883380664978472,0.5725682684667643,0.07777107152056753,0.4947971969461968,3812328.768920188,6.658295576052309,0.6136551796182523,1.4543882824782415,19.603796252502562,1.0452539866382071
reasoning_1,S06,推理增强档,2024-08,19,0.835837465736586,7.2865093594764145,3.480941308899708,1.0,1.0,1.0,0.0,1.0,19.687491939776223,4.8015769861562445,0.24388972454410165,0.7887616039867361,0.10647798244836641,0.6822836215383697,5372321.756425821,6.811084273463395,0.6549988818892359,1.437033360386782,20.26582439927253,0.9714626729166237
reasoning_1,S06,推理增强档,2024-09,20,0.8420442530560358,7.304351746352074,3.465944342205866,1.0,1.0,1.0,0.0,1.0,18.195767211843002,4.087919574645086,0.22466321573868006,1.0567416740644187,0.14182470828461888,0.9149169657797998,6320716.350420598,5.981325905422074,0.6938376958676693,1.4209633780072202,20.902874305487096,0.8704911557099366
reasoning_1,S06,推理增强档,2024-10,21,0.8478749901420318,7.320317815634227,3.452057734749673,1.0,1.0,1.0,0.0,1.0,18.035410418797614,3.7943939924368504,0.2103857857585597,1.502305012116527,0.20051517339998987,1.3017898387165372,8555876.990906553,5.695166375603434,0.7303233850631912,1.4060831997892786,21.514732810226157,0.8382818684239115
reasoning_1,S06,推理增强档,2024-11,22,0.8533524607264477,7.334604882162879,3.439199276730854,1.0,1.0,1.0,0.0,1.0,17.427777364325973,3.1735276797940775,0.18209595024378572,1.9879998418955334,0.2639614275442019,1.7240384143513316,10071544.620982254,5.066169729359315,0.7645985180992181,1.3923047339162034,22.101374391991516,0.7885381721166159
reasoning_1,S06,推理增强档,2024-12,23,0.8584980681446244,7.3473895110146605,3.4272928450740716,1.0,1.0,1.0,0.0,1.0,16.688211029251086,3.6254780969715923,0.21724785782112035,2.8345567398210445,0.3745119223616722,2.4600448174593725,15168772.596609518,5.3513737733707085,0.796797025802931,1.3795464107943343,22.662936273335433,0.7363657924982104
reasoning_1,S06,推理增强档,2025-01,24,0.8633319189693694,7.358829699562113,3.4162679527743767,1.0,1.0,1.0,0.0,1.0,16.792695059011844,3.496358508598981,0.20820711007448747,3.8552891411319483,0.5070002072145513,3.348288933917397,20220718.377959676,5.244929144801494,0.8270447245428989,1.3677327001547415,23.199695211619566,0.7238325721883287
reasoning_1,S06,推理增强档,2025-02,25,0.8678729015778267,7.369066830066144,3.406059331608635,1.0,1.0,1.0,0.0,1.0,15.81609837265967,3.52036103488404,0.22258087626525355,4.7887943406094085,0.6269830320540051,4.161811308555404,24567503.678132776,5.130206463409406,0.8554598078592717,1.3567936639081355,23.712046101200354,0.667006900423453
reasoning_1,S06,推理增强档,2025-03,26,0.8721387599582203,7.37822741693251,3.396606545742555,1.0,1.0,1.0,0.0,1.0,15.439724024619313,3.2529843080668828,0.2106892780518523,7.241390278364257,0.9441294597399896,6.297260818624268,35061988.92868753,4.841886375527271,0.882153308307606,1.3466645421059211,24.2004824406764,0.6379924062450953
reasoning_1,S06,推理增强档,2025-04,27,0.8761461630448745,7.386424670225628,3.387853633945824,1.0,1.0,1.0,0.0,1.0,14.587398556312083,3.0470525394701755,0.20888251786002596,9.623764746686854,1.2497708710107265,8.373993875676128,43746905.103889406,4.545716385986059,0.9072295313209888,1.337285369556243,24.66557866315585,0.5914071084860448
reasoning_1,S06,推理增强档,2025-05,28,0.8799107698524363,7.393759894762195,3.3797487782972624,1.0,1.0,1.0,0.0,1.0,14.477144808267404,3.288007647713711,0.22711713471540618,13.625785450092186,1.762841111063224,11.862944339028962,64526357.749958605,4.735606471003258,0.930786462785784,1.3286006208253711,25.107974285453906,0.5765954928771222
reasoning_1,S06,推理增强档,2025-06,29,0.8834472906638164,7.4003237420751775,3.3722439974186798,1.0,1.0,1.0,0.0,1.0,13.941388027205456,3.1359065797258836,0.22493503326974498,18.22758073404304,2.34980726057549,15.877773473467553,82550789.11567159,4.528894444093409,0.9529161519236142,1.320558881522795,25.528359801495593,0.5461137392144046
reasoning_1,S06,推理增强档,2025-07,30,0.8867695445109387,7.4061973307204,3.365294862421373,1.0,1.0,1.0,0.0,1.0,12.876970626455588,2.6651349429431996,0.20696909391621277,22.795871557371225,2.928812854422799,19.867058702948423,90662629.45951957,3.9771512675593703,0.9737050709756938,1.3131125439240214,25.92746422394751,0.49665368411007077
reasoning_1,S06,推理增强档,2025-08,31,0.8898905131729077,7.411453248770941,3.358860233883636,1.0,1.0,1.0,0.0,1.0,12.835233135632269,2.7109329960263184,0.2112102653204185,27.605219230435765,3.535371077351531,24.069848153084234,110629057.56631751,4.007541350888636,0.9932344530949894,1.3062175251291264,26.30604416443685,0.4879195463749819
reasoning_1,S06,推理增强档,2025-09,32,0.8928223919025927,7.416156450888518,3.3529020183021703,1.0,1.0,1.0,0.0,1.0,12.039283278137777,2.1868190030138432,0.1816402980553588,31.856949716343756,4.067507600160361,27.789442116183395,109740356.33713202,3.444785433453828,1.0115806097665307,1.2998330060885461,26.664874335067438,0.45150346957775483
reasoning_1,S06,推理增强档,2025-10,33,0.895576637079844,7.420365061058251,3.347384942575573,1.0,1.0,1.0,0.0,1.0,12.598519389745057,2.6264322321236326,0.2084714997749256,39.44430171707533,5.02177098464501,34.42253073243032,153675323.3478306,3.8960082105168814,1.0288152289962007,1.2939211899511183,27.00473935097299,0.4665299385417371
reasoning_1,S06,推理增强档,2025-11,34,0.8981640109775447,7.424131090907273,3.3422763451848216,1.0,1.0,1.0,0.0,1.0,12.713454400206164,3.110262142098673,0.24464335531405504,45.71209116771917,5.803854879135921,39.908236288583254,197912120.83761752,4.329535485731148,1.0450056554331675,1.2884470783037705,27.326426714233566,0.46524393888587284
reasoning_1,S06,推理增强档,2025-12,35,0.9005946238154274,7.427501082484474,3.337545982834532,1.0,1.0,1.0,0.0,1.0,12.635753222311155,2.52048110284016,0.19947216905041368,57.58438331983704,7.292289529896667,50.29209378994037,218903842.94522738,3.8014445987792316,1.0602151535205753,1.2833782639781837,27.630720862693483,0.45730812761283146
reasoning_1,S06,推理增强档,2026-01,36,0.9028779732659766,7.430516683445087,3.3331658514102886,1.0,1.0,1.0,0.0,1.0,11.754822786594735,2.6557936338967014,0.2259322562417005,63.79434690460969,8.058843818140328,55.73550308646936,242752275.22615933,3.805231764330805,1.074503154702723,1.2786847391978255,27.918398172296502,0.42104216416896995
reasoning_1,S06,推理增强档,2026-02,37,0.9050229815667904,7.433215161748467,3.329110020192102,1.0,1.0,1.0,0.0,1.0,11.744271336988906,2.0181355964782117,0.17184000084552187,63.5394350574704,8.00792147023261,55.53151358723779,206117326.88842896,3.243927597121365,1.0879254896547264,1.2743387179295713,28.190222807893907,0.4166079642939268
reasoning_1,S06,推理增强档,2026-03,38,0.9070380303844184,7.435629866229901,3.325354478342518,1.0,1.0,1.0,0.0,1.0,11.308467148451516,2.0428555106835145,0.18064831279659732,78.08189576517617,9.81893463132123,68.26296113385494,250488466.03895918,3.2080223409569775,1.1005346064420976,1.2703144713882157,28.446943324597466,0.39752837482097153
reasoning_1,S06,推理增强档,2026-04,39,0.9089309935659048,7.4377906387383765,3.3218769927605907,1.0,1.0,1.0,0.0,1.0,11.363798728834407,2.4290694672001365,0.21375505895195382,82.5477313064449,10.358709131555035,72.18902217488986,293066435.293589,3.550266381102928,1.112379775462693,1.2665881757200592,28.689289929270632,0.3960989887463314
reasoning_1,S06,推理增强档,2026-05,40,0.9107092679060181,7.439724182933652,3.3186569764601868,1.0,1.0,1.0,0.0,1.0,11.35285044161495,1.9523451378021284,0.1719695989868432,92.42579963430445,11.575147204575499,80.85065242972895,289259293.2125341,3.1296379837342907,1.1235072819718745,1.2631377709638336,28.917972319394902,0.3925880527245938
reasoning_1,S06,推理增强档,2026-06,41,0.9123798020503867,7.441454394300383,3.3156753666934184,1.0,1.0,1.0,0.0,1.0,11.536961834605195,2.394907615553752,0.207585640820117,97.51485462078847,12.189356827598559,85.32549779318991,344974828.97421426,3.537664392935183,1.1339606069431423,1.2599428304540057,29.133678024096703,0.39600086968294496
reasoning_1,S06,推理增强档,2026-07,42,0.9123798020503867,7.441454394300383,3.3156753666934184,1.0,1.0,1.0,0.2,1.0,14.102658486695942,3.077974203651653,0.21825489190958774,109.18705295698932,13.648381619623665,95.53867133736566,486544030.7052157,4.45605973903219,1.1339606069431423,1.2599428304540057,29.133678024096703,0.4840672185307848
reasoning_1,S06,推理增强档,2026-08,43,0.9123798020503867,7.441454394300383,3.3156753666934184,1.0,1.0,1.0,0.42,1.0,17.796878293636613,3.467408229312893,0.19483238420260968,118.73615760771825,14.842019700964782,103.89413790675347,624385007.0050727,5.258591987353358,1.1339606069431423,1.2599428304540057,29.133678024096703,0.6108696018029948
reasoning_2,S07,推理增强档,2023-01,0,0.674520158910706,4.195811413276739,4.900154237869561,0.0,0.0,1.0,0.0,0.0,101.24195742971322,30.119692536964866,0.2975020762303547,0.004246478355878527,0.0007077463926464211,0.003538731963232106,178239.14885862317,41.973403352422935,-0.3544400675780383,2.9577893390445174,4.08035910047034,24.812021426752153
reasoning_2,S07,推理增强档,2023-02,1,0.6948714310356242,4.343143336545843,4.835478481574526,0.0,0.0,1.0,0.0,0.0,91.49063664049538,26.283546960375208,0.2872812773579678,0.00467935843764364,0.0007656076670849311,0.0039137507705587085,172913.18504762926,36.95232740809277,-0.22709249924630454,2.8884861069133967,4.626897103601557,19.773648428291057
reasoning_2,S07,推理增强档,2023-03,2,0.7139896819146442,4.4749817341089155,4.775591248513567,0.0,0.0,1.0,0.0,0.0,79.75606547538082,20.78232778771448,0.26057363366463443,0.006373613358498521,0.0010249526056352253,0.005348660752863296,192903.80811549394,30.26600411182421,-0.10746053003794157,2.824314011335865,5.197689610684706,15.34452255698938
reasoning_2,S07,推理增强档,2023-04,3,0.7319496165285407,4.592955915714157,4.720138001591538,0.0,0.0,1.0,0.0,0.0,66.98575918164057,18.012116646731023,0.2688947153362677,0.007462295882410952,0.0011807903641830842,0.006281505518227868,192239.34909057472,25.76142143381015,0.004923304566493972,2.7648931484961556,5.788758436316451,11.571697095079594
reasoning_2,S07,推理增强档,2023-05,4,0.748821413712111,4.698523851783525,4.668790453257397,0.0,0.0,1.0,0.0,0.0,56.10562751960178,14.582863442669675,0.2599180169150558,0.009202228480277382,0.0014342388843541485,0.007767989595923234,193748.40412113036,21.05450919159206,0.11049814684296931,2.7098717422472416,6.396062849790194,8.771900595292333
reasoning_2,S07,推理增强档,2023-06,5,0.7646710003794965,4.792990191573342,4.621244622016278,0.0,0.0,1.0,0.0,0.0,48.734822361484454,12.483709373832147,0.2561558402990739,0.01073466740384511,0.00164951660580379,0.00908515079804132,193805.2809463535,18.05414864338818,0.20967653278196308,2.6589240615685803,7.0155945258662475,6.946641825122717
reasoning_2,S07,推理增强档,2023-07,6,0.7795603091350328,4.8775223865328154,4.577219032835306,0.0,0.0,1.0,0.0,0.0,42.2537782657303,10.404603609205532,0.24624078688944442,0.013258041810409432,0.002010330886837478,0.011247710923571954,201972.04920387696,15.23392761103683,0.3028460040818101,2.611748492213043,7.643457990834533,5.528097140901132
reasoning_2,S07,推理增强档,2023-08,7,0.7935475202762468,4.95316511811917,4.536453050789429,0.0,0.0,1.0,0.0,0.0,38.80264556001086,9.312792303448155,0.24000405562670477,0.016180867358218585,0.002423050096130472,0.013757817262088114,222144.44876492128,13.728834421974893,0.39037062247631216,2.568065751127024,8.275936027306457,4.688611104771895
reasoning_2,S07,推理增强档,2023-09,8,0.8066872891346332,5.020853208373875,4.498705338082316,0.0,0.0,1.0,0.0,0.0,34.76593692007704,8.174917351978157,0.23514158041451233,0.01894178464837517,0.0028033726232293264,0.01613841202514584,229392.06028039934,12.110372097387172,0.4725923923138712,2.5276172330729607,8.909540347887683,3.902102191873402
reasoning_2,S07,推理增强档,2023-10,9,0.8190309596425511,5.081423172813866,4.463752425307757,0.0,0.0,1.0,0.0,0.0,30.223359926888815,7.380915170115885,0.24421226455200656,0.02353942543287971,0.003445552420436676,0.020093873012443034,252447.34309374355,10.724447961296745,0.5498325969469174,2.490163479666137,9.541048464487082,3.167718939840182
reasoning_2,S07,推理增强档,2023-11,10,0.8306267649607547,5.135623558412818,4.431387388493336,0.0,0.0,1.0,0.0,0.0,27.27399693852935,6.687237599048003,0.2451872974144503,0.027342512086091418,0.003960838064425869,0.02338167402166555,264386.69488952745,9.66943688484335,0.622393054153587,2.4554827617623514,10.167528089655656,2.6824609381977167
reasoning_2,S07,推理增强档,2023-12,11,0.8415200159505172,5.18412419443326,4.401418624094357,0.0,0.0,1.0,0.0,0.0,25.273171475596723,6.174423340148733,0.24430742085973003,0.03431781053028382,0.0049228567453464414,0.02939495378493738,305913.09140724933,8.914120297310218,0.690557295497251,2.4233697668040732,10.786350640964441,2.3430697106780656
reasoning_2,S07,推理增强档,2024-01,12,0.8517532782268058,5.2275244704348545,4.3736687146859,0.0,0.0,1.0,0.0,0.0,23.136491196373214,5.899855234491004,0.25500216019859756,0.04122154039830661,0.005858903901912479,0.03536263649639413,344188.9145856483,8.34973441700368,0.7545916742322589,2.3936343833540694,11.395195514008643,2.0303724642486785
reasoning_2,S07,推理增强档,2024-02,13,0.8613665384843477,5.266360743761676,4.3479733786378185,0.0,0.0,1.0,0.0,0.0,20.79362257385895,4.687133189450538,0.22541205472023165,0.05381488563546327,0.007582605145144932,0.04623228049031834,374366.6858249024,6.956563809515928,0.8147464060850711,2.3661005756208606,11.992046778246289,1.7339510892818415
reasoning_2,S07,推理增强档,2024-03,14,0.8703973607465082,5.301112968053065,4.324180497554661,0.0,0.0,1.0,0.0,0.0,19.31807957353068,4.93384001714627,0.2554001291053039,0.07953769132580894,0.011115454946081807,0.06842223637972714,552313.6110573426,6.944048813221261,0.8712565469776442,2.3406053413130894,12.575183863277465,1.5362065305417982
reasoning_2,S07,推理增强档,2024-04,15,0.8788810331475285,5.332210624695752,4.302149215722892,0.0,1.0,1.0,0.0,0.0,16.7797601937526,3.8291722343649917,0.22820184496979043,0.1068101991239003,0.014811731578750391,0.09199846754514991,600815.281473681,5.625074069721868,0.9243429115135576,2.3169977466532274,11.840115001960733,1.4171957105968869
reasoning_2,S07,推理增强档,2024-05,16,0.8868507058216772,5.360038030520421,4.281749106234074,0.0,1.0,1.0,0.0,0.0,16.04858969965481,3.985206809794362,0.24832130949675163,0.1532260758088335,0.021093688160421488,0.132132387648412,865098.837589911,5.645898278235733,0.9742129358158732,2.29513803283783,12.337077908820728,1.3008420485194825
reasoning_2,S07,推理增强档,2024-06,17,0.8943375204381201,5.384939087337285,4.262859398847387,0.0,1.0,1.0,0.0,0.0,14.9367946571809,3.6293535415196994,0.24298074820054372,0.2075138281782737,0.028370680088628523,0.1791431480896452,1073940.8417265571,5.175273624675951,1.0210614880882936,2.2748967886545133,12.818493737834226,1.1652534972259991
reasoning_2,S07,推理增强档,2024-07,18,0.9013707318876694,5.4072215320072425,4.245368265020372,1.0,1.0,1.0,0.0,0.0,15.617679933310951,3.7671916574826727,0.24121327070147142,0.293937492770744,0.03992507973601889,0.2540124130347251,1580450.5599105211,5.376825341376885,1.065071630066905,2.2561541843574657,14.964773108813079,1.0436295839402578
reasoning_2,S07,推理增强档,2024-08,19,0.9079778225969053,5.4271607395726615,4.229172155875232,1.0,1.0,1.0,0.0,0.0,15.153742080856736,2.989917094710751,0.19730552880979957,0.40488843089938675,0.05465745672830252,0.35023097417108423,1875426.5788276084,4.631958919304476,1.1064153323378887,2.2387992622660056,15.470139563373932,0.9795478585554407
reasoning_2,S07,推理增强档,2024-09,20,0.9141846099163551,5.445003126448321,4.21417518918139,1.0,1.0,1.0,0.0,0.0,14.191750894184757,3.2463074965674483,0.22874608783456468,0.5412754239415652,0.07264427152464724,0.468631152416918,2552270.228583396,4.715289325345267,1.145254146316322,2.222729279886444,15.956438603758757,0.8894059161072256
reasoning_2,S07,推理增强档,2024-10,21,0.9200153470023511,5.460969195730474,4.200288581725197,1.0,1.0,1.0,0.0,0.0,13.408190355120174,3.0803106831157554,0.2297335137354669,0.7720840747502741,0.10305135833222773,0.6690327164180464,3442560.852608671,4.458790130753761,1.181739835511844,2.207849101668503,16.423507511238796,0.8164023638644057
reasoning_2,S07,推理增强档,2024-11,22,0.9254928175867669,5.475256262259126,4.1874301237063785,1.0,1.0,1.0,0.0,0.0,12.900911195675041,3.133531785127021,0.24289228393243414,1.0315087611267988,0.13696103962048947,0.8945477215063093,4570015.92806424,4.430418916725486,1.216014968547871,2.194070635795428,16.87132680369819,0.7646648865130848
reasoning_2,S07,推理增强档,2024-12,23,0.9306384250049436,5.4880408911109075,4.1755236920495955,1.0,1.0,1.0,0.0,0.0,11.870717576622347,2.5628641005121118,0.21589799302102008,1.4564772824288437,0.19243506374579317,1.2640422186830504,5523910.717360099,3.7926514776449802,1.2482134762515837,2.1813123126735583,17.300001231478827,0.6861685972034826
reasoning_2,S07,推理增强档,2025-01,24,0.9354722758296887,5.49948107965836,4.164498799749901,1.0,1.0,1.0,0.0,0.0,11.183752759556242,2.341573234818866,0.2093727646847387,2.018278257324965,0.2654191312820548,1.75285912604291,7072829.9558647685,3.504387925795291,1.2784611749915518,2.1694986020339657,17.709742060351413,0.6315028599199329
reasoning_2,S07,推理增强档,2025-02,25,0.940013258438146,5.509718210162391,4.1542901785841595,1.0,1.0,1.0,0.0,0.0,11.240033429517055,2.3174064957524187,0.2061743419433931,2.5173134231210703,0.32958458651574574,2.1877288366053245,8774398.7871846,3.485620307186752,1.3068762583079245,2.1585595657873595,18.100850737258625,0.6209671353391514
reasoning_2,S07,推理增强档,2025-03,26,0.9442791168185396,5.518878797028757,4.144837392718079,1.0,1.0,1.0,0.0,0.0,10.999311420446219,2.403458523270106,0.21850990770225895,3.8252837508292585,0.49873890816424793,3.326544842665011,13480997.123535324,3.5241822572280723,1.3335697587562587,2.1484304439851454,18.47370397977411,0.5954036847450185
reasoning_2,S07,推理增强档,2025-04,27,0.9482865199051937,5.527076050321875,4.136084480921348,1.0,1.0,1.0,0.0,0.0,10.486990886278024,2.2263378194678376,0.2122951992244932,5.098798826240296,0.6621452641361156,4.436653562104181,16821400.967576835,3.2990909311831857,1.3586459817696417,2.1390512714354672,18.828740287717896,0.5569672068353269
reasoning_2,S07,推理增强档,2025-05,28,0.9520511267127556,5.534411274858442,4.127979625272786,1.0,1.0,1.0,0.0,0.0,10.148930510385972,2.110691709514067,0.2079718357864484,7.27300818343103,0.9409481658002133,6.332060017630817,22914644.13194037,3.150641873900714,1.382202913234437,2.1303665227045947,19.166447843272472,0.5295154633438403
reasoning_2,S07,推理增强档,2025-06,29,0.9555876475241357,5.5409751221714245,4.120474844394204,1.0,1.0,1.0,0.0,0.0,9.751509762972043,2.1270082240820156,0.2181209141746017,9.677273757116376,1.2475450510323887,8.429728706083988,30095550.029510684,3.109920292104925,1.404332602372267,2.1223247834020196,19.487353742556753,0.5004019474268875
reasoning_2,S07,推理增强档,2025-07,30,0.958909901371258,5.546848710816647,4.113525709396897,1.0,1.0,1.0,0.0,0.0,9.867442658555833,1.9855244413350388,0.20121975977366702,11.927049916495356,1.5323869948494424,10.394662921645914,35759598.092760615,2.998193043805774,1.4251215214243467,2.114878445803245,19.792014485393974,0.4985567621647491
reasoning_2,S07,推理增强档,2025-08,31,0.962030870033227,5.552104628867188,4.10709108085916,1.0,1.0,1.0,0.0,0.0,10.16134855892766,2.232158995514452,0.21967153105414333,14.470337794854746,1.8532007767224186,12.617137018132329,46994474.93461443,3.2476418726952154,1.4446509035436421,2.10798342700835,20.081007639576935,0.5060178623158842
reasoning_2,S07,推理增强档,2025-09,32,0.964962748762912,5.556807830984765,4.101132865277695,1.0,1.0,1.0,0.0,0.0,9.612719467287654,1.9906175046791876,0.20708161841748457,16.86755393072915,2.153655777475669,14.713898153253483,49992232.04391004,2.9638104166861243,1.4629970602151836,2.1015989079677704,20.35492459009604,0.47225522377837015
reasoning_2,S07,推理增强档,2025-10,33,0.9677169939401633,5.561016441154498,4.095615789551097,1.0,1.0,1.0,0.0,0.0,9.345453266236865,1.9758595597324677,0.2114246900009471,21.007398478810664,2.674514176989446,18.33288430182122,61217751.956165574,2.914104381745008,1.4802316794448533,2.0956870918303423,20.614364281528278,0.453346663453064
reasoning_2,S07,推理增强档,2025-11,34,0.970304367837864,5.56478247100352,4.090507192160346,1.0,1.0,1.0,0.0,0.0,9.378782631253136,1.8275756996072892,0.19486278459181003,24.77118049253858,3.1450833486502683,21.626097143888313,69020382.70168146,2.7863178633118175,1.4964221058818203,2.090212980182995,20.85992786223284,0.44960762535682297
reasoning_2,S07,推理增强档,2025-12,35,0.9727349806757467,5.568152462580721,4.085776829810056,1.0,1.0,1.0,0.0,0.0,8.794912331693238,2.1029971499861517,0.23911519190564492,30.511857724237057,3.863917398999078,26.64794032523798,90023357.33807757,2.9504384214064956,1.5116316039692281,2.085144165857408,21.09221414145085,0.4169743523705886
reasoning_2,S07,推理增强档,2026-01,36,0.9750183301262959,5.571168063541334,4.081396698385813,1.0,1.0,1.0,0.0,0.0,8.436582304072425,1.9789974679869562,0.2345733611858055,33.37984124704355,4.216720451523342,29.163120795520207,93288451.35547435,2.7947541950558827,1.525919605151376,2.0804506410770496,21.311815774283247,0.3958640780975953
reasoning_2,S07,推理增强档,2026-02,37,0.9771633384271097,5.573866541844714,4.077340867167626,1.0,1.0,1.0,0.0,0.0,8.539700719569863,1.8207387821547452,0.21320873435087478,33.84268700813904,4.2652185946839944,29.577468413455044,90276534.12048025,2.6675344690795115,1.539341940103379,2.0761046198087953,21.519316094359354,0.3968388531552028
reasoning_2,S07,推理增强档,2026-03,38,0.9791783872447377,5.576281246326148,4.073585325318042,1.0,1.0,1.0,0.0,0.0,8.58206250480972,1.4577453271621645,0.16985955606186598,41.59762155623461,5.230973491056925,36.366648065177685,97905852.74281698,2.3536406429021652,1.5519510568907502,2.07208037326744,21.71528651944248,0.39520834768290486
reasoning_2,S07,推理增强档,2026-04,39,0.9810713504262241,5.5784420188346235,4.070107839736115,1.0,1.0,1.0,0.0,0.0,8.576324632533828,1.7670910548172307,0.20604292987159856,44.02363958243427,5.524416845012011,38.49922273742226,115410824.38497634,2.621564811079955,1.5637962259113458,2.0683540775992832,21.900284460959156,0.3916079102909613
reasoning_2,S07,推理增强档,2026-05,40,0.9828496247663374,5.580375563029899,4.066887823435711,1.0,1.0,1.0,0.0,0.0,8.532923085295215,1.6882411481319322,0.19785027138487607,50.24385638824404,6.292399266444848,43.951457121799194,127893217.39591958,2.54544986371396,1.5749237324205274,2.064903672843058,22.07485167427396,0.38654497938210325
reasoning_2,S07,推理增强档,2026-06,41,0.984520158910706,5.58210577439663,4.063906213668942,1.0,1.0,1.0,0.0,0.0,8.254073896439705,1.7530161986200308,0.21238193655816107,53.032032089011544,6.629004011126443,46.403028077885104,136061548.85318556,2.56564841084749,1.5853770573917951,2.0617087323332295,22.2395129922943,0.3711445434663804
reasoning_2,S07,推理增强档,2026-07,42,0.984520158910706,5.58210577439663,4.063906213668942,1.0,1.0,1.0,0.0,0.0,8.056692189084924,1.6618563894687606,0.2062703092616864,60.27983873239963,7.534979841549954,52.74485889084968,148361393.99371457,2.4612108644207806,1.5853770573917951,2.0617087323332295,22.2395129922943,0.36226927234766615
reasoning_2,S07,推理增强档,2026-08,43,0.984520158910706,5.58210577439663,4.063906213668942,1.0,1.0,1.0,0.0,0.0,8.162036271211171,1.7729961357967545,0.21722473129045017,66.66938222222625,8.33367277777828,58.335709444447964,171448726.90859994,2.571626152723556,1.5853770573917951,2.0617087323332295,22.2395129922943,0.3670060704134668
reasoning_3,S08,推理增强档,2023-01,0,0.5921976332146658,5.010841180228511,3.8419256809579965,0.0,0.0,1.0,0.0,1.0,141.9934615797526,41.037544471682125,0.2890100995856969,0.007670701535537114,0.0012784502559228523,0.006392251279614262,443853.8734573436,57.86353065636053,-0.8695711808552902,1.8238457482982449,4.092194360807032,34.698611322007125
reasoning_3,S08,推理增强档,2023-02,1,0.612548905339584,5.1581731034976155,3.7772499246629616,0.0,0.0,1.0,0.0,1.0,114.30800360181547,32.20498084074598,0.28173863444356834,0.008461725720230769,0.0013844551928449216,0.007077270527385848,386177.67090950685,45.63816929048074,-0.7422236125235564,1.7545425161671246,4.640317621360863,24.633659358923893
reasoning_3,S08,推理增强档,2023-03,2,0.6316671562186039,5.290011501060688,3.717362691602003,0.0,0.0,1.0,0.0,1.0,90.14521294539313,23.943829316179414,0.26561398585506435,0.011441865825460978,0.0018399877010891622,0.009601878124371816,395771.8140563026,34.58979681230071,-0.6225916433151935,1.6903704205895929,5.21276573711796,17.29316403066153
reasoning_3,S08,推理增强档,2023-04,3,0.6496270908325005,5.407985682665929,3.661909444679974,0.0,0.0,1.0,0.0,1.0,71.92265490609715,19.69119831013382,0.2737829733321555,0.013518195627986649,0.0021390407711241017,0.011379154856862547,377914.6860998336,27.956000674930227,-0.5102078087107579,1.6309495577498838,5.805548983773934,12.388605299363673
reasoning_3,S08,推理增强档,2023-05,4,0.6664988880160707,5.513553618735298,3.6105618963458332,0.0,0.0,1.0,0.0,1.0,63.52824263808392,15.920329991261715,0.2506023987151471,0.017092475468889368,0.0026639952485304507,0.014428480220358917,398945.10291585163,23.34039347559609,-0.4046329664342826,1.5759281515009698,6.414614910305746,9.903672087317227
reasoning_3,S08,推理增强档,2023-06,5,0.6823484746834563,5.608019958525114,3.5630160651047142,0.0,0.0,1.0,0.0,1.0,54.683320116909265,14.008136605554501,0.2561683631426557,0.02046244260406107,0.0031443115655931226,0.017318131038467945,414536.14122838125,20.258389931713747,-0.3054545804952888,1.5249804708223087,7.035943565150736,7.771995271218147
reasoning_3,S08,推理增强档,2023-07,6,0.6972377834389926,5.692552153484588,3.518990475923742,0.0,0.0,1.0,0.0,1.0,50.01698950755705,12.531349225189128,0.2505418528497356,0.025836787347008918,0.00391765936200044,0.02191912798500848,470625.774695116,18.21533646479463,-0.21228510919544177,1.4778049014667711,7.665628175606664,6.524838977543894
reasoning_3,S08,推理增强档,2023-08,7,0.7112249945802065,5.768194885070942,3.4782244938778653,0.0,0.0,1.0,0.0,1.0,44.09166698548004,11.346683339947226,0.25734303363226974,0.03104870761658062,0.004649477207219702,0.02639923040936092,504546.9085506347,16.250174235310094,-0.12476049080093973,1.4341221603807521,8.299940742333055,5.312286961350784
reasoning_3,S08,推理增强档,2023-09,8,0.7243647634385929,5.835882975325648,3.440476781170752,0.0,0.0,1.0,0.0,1.0,38.9229508065769,9.638091177054534,0.24761974560844352,0.036644564117078095,0.00542337323240556,0.031221190884672536,512006.37393332535,13.972232615388274,-0.04253872096338073,1.3936736423266889,8.935382860005141,4.356047347539678
reasoning_3,S08,推理增强档,2023-10,9,0.7367084339465109,5.896452939765639,3.4055238683961933,0.0,0.0,1.0,0.0,1.0,34.573685027573156,8.088746194954666,0.23395672716124244,0.0462263077874028,0.006766314969704486,0.03945999281769831,553118.3093170117,11.965444263055396,0.03470148366966554,1.3562198889198653,9.568722693563924,3.6131975118087567
reasoning_3,S08,推理增强档,2023-11,10,0.7483042392647145,5.95065332536459,3.373158831581772,0.0,0.0,1.0,0.0,1.0,31.62123787973724,7.362860570225068,0.2328454249080223,0.054448560777073746,0.007887422026183977,0.04656113875088977,592233.2207615473,10.876930671984164,0.1072619408763352,1.3215391710160798,10.197019450332176,3.1010275143397075
reasoning_3,S08,推理增强档,2023-12,11,0.7591974902544769,5.999153961385033,3.3431900671827925,0.0,0.0,1.0,0.0,1.0,28.255336486905005,6.83987974331558,0.24207390863971964,0.06847043005956005,0.009822017001289424,0.05864841305827062,678672.4878064046,9.911906310739555,0.1754261822199991,1.289426176057801,10.817636923562445,2.6119693872661434
reasoning_3,S08,推理增强档,2024-01,12,0.7694307525307655,6.042554237386627,3.3154401577743355,0.0,0.0,1.0,0.0,1.0,25.897506249576534,6.736411798907009,0.26011816481431144,0.08291596311387738,0.0117850195583347,0.07113094355554267,784369.9450983007,9.459818298450463,0.23946056095500703,1.2596907926077971,11.428247777835187,2.2660959714055315
reasoning_3,S08,推理增强档,2024-02,13,0.7790440127883075,6.081390510713448,3.2897448217262544,0.0,0.0,1.0,0.0,1.0,25.95215382114315,5.55844165993067,0.21418036045248093,0.10736384290508315,0.015127740549877457,0.09223610235520568,905286.4435975691,8.431948960674807,0.29961529280781923,1.232156984874589,12.02683023531358,2.157854839003345
reasoning_3,S08,推理增强档,2024-03,14,0.7880748350504679,6.116142735004837,3.2659519406430966,0.0,0.0,1.0,0.0,1.0,23.22358595757412,4.657539617477634,0.20055212945951736,0.1593867768434199,0.022274427475484814,0.13711234936793507,1155898.2803592642,7.252159201982031,0.3561254337003923,1.2066617505668178,12.61165873500787,1.841437866781893
reasoning_3,S08,推理增强档,2024-04,15,0.7965585074514883,6.147240391647524,3.2439206588113274,0.0,0.0,1.0,0.0,1.0,21.370270235916664,4.939584812104122,0.23114283336493527,0.21082922845239252,0.029236402201343,0.18159282625104953,1521782.9823053956,7.2180835336549665,0.40921179823630577,1.1830541559069552,13.181290001124893,1.6212578764364431
reasoning_3,S08,推理增强档,2024-05,16,0.804528180125637,6.1750677974721935,3.223520549322509,0.0,0.0,1.0,0.0,1.0,20.10952900090603,3.9552909536029404,0.19668739896517395,0.2982532839383495,0.04105868881003151,0.257194595128318,1842950.3487911117,6.179145203216133,0.45908182253862134,1.1611944420915579,13.734545792478166,1.4641568279541632
reasoning_3,S08,推理增强档,2024-06,17,0.8120149947420798,6.199968854289057,3.2046308419358223,0.0,1.0,1.0,0.0,1.0,17.877849411291006,3.699132362652898,0.2069114845724486,0.39603192840342527,0.054144320136408956,0.34188760826701636,2232671.518005967,5.637604844151896,0.5059303748110416,1.140953197908241,12.8556743405155,1.3906582368027005
reasoning_3,S08,推理增强档,2024-07,18,0.8190482061916291,6.222251298959015,3.1871397081088073,0.0,1.0,1.0,0.0,1.0,16.32002394245663,3.8983942853978717,0.23887184842028192,0.5599582829931824,0.07605827649480515,0.4839000064983773,3127705.9134544735,5.585605228903371,0.5499405167896532,1.1222105936111937,13.3222566531663,1.2250194818591678
reasoning_3,S08,推理增强档,2024-08,19,0.825655296900865,6.242190506524434,3.170943598963668,0.0,1.0,1.0,0.0,1.0,15.577012582021457,3.5085583658903947,0.22523948975555638,0.7668529862248635,0.10352045332204263,0.6633325329028209,3939880.3115774808,5.137725721031741,0.5912842190606369,1.104855671519734,13.772154661148484,1.1310512381889315
reasoning_3,S08,推理增强档,2024-09,20,0.8318620842203148,6.260032893400093,3.1559466322698255,1.0,1.0,1.0,0.0,1.0,16.055778078327908,3.5031700641803805,0.21818749904801935,1.0117010275629776,0.13577982834111424,0.8759211992218634,5248551.715053399,5.187848556105851,0.6301230330390701,1.0887856891401724,16.002720953001052,1.0033155064993435
reasoning_3,S08,推理增强档,2024-10,21,0.8376928213063108,6.275998962682246,3.142060024813633,1.0,1.0,1.0,0.0,1.0,15.398674049323915,3.29133815019479,0.21374165981124182,1.4321969553481912,0.19115773330210062,1.2410392220460906,7028255.364535,4.907324609432864,0.666608722234592,1.0739055109222309,16.47114461431012,0.9348879151935535
reasoning_3,S08,推理增强档,2024-11,22,0.8431702918907267,6.290286029210899,3.129201566794814,1.0,1.0,1.0,0.0,1.0,15.18915324517324,3.3569883765225033,0.2210122132772132,1.9122704019809411,0.25390627027219786,1.6583641317087434,9423730.363262873,4.9280323292672055,0.700883855270619,1.0601270450491556,16.92026282624683,0.89769014826482
reasoning_3,S08,推理增强档,2024-12,23,0.8483158993089034,6.30307065806268,3.1172951351380314,1.0,1.0,1.0,0.0,1.0,14.260493253411793,3.130016325857148,0.2194886439224883,2.715447004439412,0.35877471190365134,2.356672292535761,12492727.108928904,4.600615327238895,0.7330823629743319,1.0473687219272863,17.350180642986032,0.8219218892788144
reasoning_3,S08,推理增强档,2025-01,24,0.8531497501336485,6.3145108466101325,3.1062702428383364,1.0,1.0,1.0,0.0,1.0,13.342008165029913,2.895905824968248,0.21705172033686543,3.7431052796667945,0.49224716563275656,3.250858114034038,15981744.651661532,4.269648716128071,0.7633300617142998,1.0355550112876937,17.761109943084016,0.7511922513730707
reasoning_3,S08,推理增强档,2025-02,25,0.8576907327421057,6.324747977114163,3.096061621672595,1.0,1.0,1.0,0.0,1.0,13.380261897941173,2.5428571066634893,0.1900453911933338,4.602081812166483,0.6025372991869891,3.9995445129794933,18232377.054646917,3.9617672607310337,0.7917451450306726,1.0246159750410875,18.153353047843588,0.7370683455930802
reasoning_3,S08,推理增强档,2025-03,26,0.8619565911224993,6.333908563980529,3.0866088358065147,1.0,1.0,1.0,0.0,1.0,12.739065817295407,2.7134483518394945,0.21300214558555272,7.028350607635261,0.9163534358693377,6.111997171765923,28258075.383620173,4.020584196941166,0.8184386454790069,1.0144868532388733,18.527287767524154,0.6875839560081362
reasoning_3,S08,推理增强档,2025-04,27,0.8659639942091535,6.342105817273647,3.077855924009784,1.0,1.0,1.0,0.0,1.0,12.573796233408357,2.5803001258165343,0.20521249731729563,9.30791807416299,1.2087540775399712,8.099163996623018,36096901.3467842,3.878085417079715,0.8435148684923898,1.0051076806891952,18.883353873833745,0.6658666843516392
reasoning_3,S08,推理增强档,2025-05,28,0.8697286010167153,6.3494410418102145,3.069751068361222,1.0,1.0,1.0,0.0,1.0,12.067328740252476,2.673887823850133,0.22158075589098347,13.173454048904505,1.7043205661185594,11.469133482785946,51233772.919859074,3.8891677710083665,0.8670717999571849,0.9964229319583231,19.2220409649486,0.6277860276261639
reasoning_3,S08,推理增强档,2025-06,29,0.8732651218280955,6.356004889123197,3.0622462874826395,1.0,1.0,1.0,0.0,1.0,12.297460966642666,2.5203887184333866,0.20495195921093287,17.439619177448048,2.2482272531264935,15.191391924321556,65935699.712825425,3.7807992847739373,0.8892014890950151,0.9883811926557472,19.543877665853064,0.6292231857411137
reasoning_3,S08,推理增强档,2025-07,30,0.8765873756752177,6.361878477768419,3.0552971524853327,1.0,1.0,1.0,0.0,1.0,11.732609991043004,2.2547740261187705,0.19218008847478324,21.595749845246843,2.7746212549265645,18.821128590320278,74990940.94460724,3.472486090179106,0.9099904081470946,0.9809348550569734,19.849422090522445,0.5910806842404245
reasoning_3,S08,推理增强档,2025-08,31,0.8797083443371867,6.36713439581896,3.0488625239475957,1.0,1.0,1.0,0.0,1.0,11.182489157486156,2.239104870111946,0.20023313580527546,25.600199405997426,3.278590320145284,22.321609085852142,86643224.3197303,3.3844745873124786,0.9295197902663902,0.9740398362620784,20.139253482010282,0.5552583747692087
reasoning_3,S08,推理增强档,2025-09,32,0.8826402230668717,6.371837597936537,3.04290430836613,1.0,1.0,1.0,0.0,1.0,11.866455562427502,2.240836411321481,0.18883788841013255,30.07915688984955,3.8405183278771493,26.2386385619724,104369836.74761425,3.469839169023872,0.9478659469379316,0.9676553172214981,20.413964940645034,0.5812910719171908
reasoning_3,S08,推理增强档,2025-10,33,0.885394468244123,6.3760462081062705,3.037387232639533,1.0,1.0,1.0,0.0,1.0,11.127870776113653,2.031923538890686,0.18259769364434733,37.60506883916694,4.7876127945334295,32.81745604463351,119958497.92723763,3.189955546692068,0.9651005661676015,0.9617435010840704,20.674157148268637,0.538250275274006
reasoning_3,S08,推理增强档,2025-11,34,0.8879818421418237,6.379812237955292,3.0322786352487814,1.0,1.0,1.0,0.0,1.0,11.004088605312536,2.0683202102900786,0.18795924719213353,43.860338839924026,5.5687463660908065,38.29159247383322,140478253.03079617,3.202853802463682,0.9812909926045685,0.9562693894367225,20.9204329968975,0.5259971725702065
reasoning_3,S08,推理增强档,2025-12,35,0.8904124549797064,6.383182229532493,3.0275482728984917,1.0,1.0,1.0,0.0,1.0,10.370198799154073,2.0519836180642113,0.19787312257037903,54.58106537318608,6.911959607881701,47.66910576530437,169494619.3436311,3.1053739641164704,0.9965004906919762,0.9512005751111356,21.153393032645152,0.4902380806308556
reasoning_3,S08,推理增强档,2026-01,36,0.8926958044302556,6.386197830493106,3.0231681414742484,1.0,1.0,1.0,0.0,1.0,10.398854006880475,1.6948373942128983,0.16298309343428585,60.68839366703017,7.666483158260417,53.02191050876975,169586155.75183082,2.7943754234503806,1.010788491874124,0.9465070503307775,21.373631629634595,0.4865272400625843
reasoning_3,S08,推理增强档,2026-02,37,0.8948408127310694,6.388896308796486,3.0191123102560615,1.0,1.0,1.0,0.0,1.0,9.725885113996476,2.07371132140393,0.2132156916412329,60.68131923340106,7.64771104262533,53.03360819077573,184357152.705728,3.0381203809466877,1.0242108268261272,0.9421610290625233,21.581733813479943,0.450653557218915
reasoning_3,S08,推理增强档,2026-03,38,0.8968558615486975,6.39131101327792,3.0153567684064777,1.0,1.0,1.0,0.0,1.0,9.655964272270365,1.9448332887473552,0.2014126434096752,74.45954881905539,9.363418182503285,65.0961306365521,217013953.26719153,2.9145214644606363,1.0368199436134984,0.9381367825211677,21.778272659366735,0.44337603919736857
reasoning_3,S08,推理增强档,2026-04,39,0.8987488247301838,6.393471785786396,3.0118792828245504,1.0,1.0,1.0,0.0,1.0,9.800927969605999,2.0989331462794367,0.2141565730090571,78.59527966304769,9.862725822474173,68.73255384057352,240928900.8544582,3.06543728691296,1.048665112634094,0.9344104868530113,21.96380719551777,0.4462308324945644
reasoning_3,S08,推理增强档,2026-05,40,0.9005270990702972,6.3954053299816715,3.0086592665241465,1.0,1.0,1.0,0.0,1.0,9.814211558928799,1.9539947795570682,0.1990984979103449,88.92574492355006,11.136810196279677,77.78893472727037,261298183.72231597,2.938386222650768,1.0597926191432756,0.9309600820967856,22.138880748682826,0.44330206528226157
reasoning_3,S08,推理增强档,2026-06,41,0.9021976332146657,6.397135541348402,3.005677656757378,1.0,1.0,1.0,0.0,1.0,9.745588214877376,1.8767397954938498,0.19257327050088827,93.87879911084174,11.734849888855218,82.14394922198652,268525833.2441107,2.860345847916791,1.0702459441145433,0.9277651415869578,22.3040196740701,0.436943132103101
reasoning_3,S08,推理增强档,2026-07,42,0.9021976332146657,6.397135541348402,3.005677656757378,1.0,1.0,1.0,0.2,1.0,12.380004095690659,2.024605152164816,0.16353832652362035,106.46664695281599,13.308330869101999,93.158316083714,353365997.376375,3.3190300201055467,1.0702459441145433,0.9277651415869578,22.3040196740701,0.5550570828308241
reasoning_3,S08,推理增强档,2026-08,43,0.9021976332146657,6.397135541348402,3.005677656757378,1.0,1.0,1.0,0.42,1.0,15.655504663767346,2.864657333621451,0.18298083614329805,116.63437940966006,14.579297426207507,102.05508198345255,520599097.8876787,4.463513249889688,1.0702459441145433,0.9277651415869578,22.3040196740701,0.7019140447570491
reasoning_4,S09,推理增强档,2023-01,0,0.650895639013146,3.8769788965005008,4.06159439955421,0.0,0.0,1.0,0.0,1.0,145.8311955735414,40.37685326074176,0.2768739096044787,0.0018035267960703064,0.00030058779934505103,0.0015029389967252554,104519.02548393063,57.952576979541696,-0.5022699006957082,2.059231510582525,3.7841421537599813,38.537451725654996
reasoning_4,S09,推理增强档,2023-02,1,0.6712469111380641,4.024310819769605,3.996918643259175,0.0,0.0,1.0,0.0,1.0,105.30202856577918,28.953641112307423,0.27495805642738314,0.001977511275711218,0.00032354815614291934,0.0016539631195682989,81958.53175753981,41.4452917483685,-0.3749223323639744,1.9899282784514047,4.291003791511974,24.540185393002194
reasoning_4,S09,推理增强档,2023-03,2,0.6903651620170841,4.156149217332677,3.937031410198216,0.0,0.0,1.0,0.0,1.0,86.22167706978176,23.801108416143013,0.2760455285145993,0.0026662373840465057,0.0004287625872969946,0.002237474796749511,90223.00955734824,33.83907603171411,-0.25529036315561143,1.925756182873873,4.820359158017512,17.886981912203094
reasoning_4,S09,推理增强档,2023-04,3,0.7083250966309806,4.274123398937919,3.881578163276187,0.0,0.0,1.0,0.0,1.0,77.39893505174322,21.106351165863764,0.27269562755293225,0.0030846356230002517,0.00048809482738947747,0.0025965407956107744,92581.52169286227,30.013762728582325,-0.14290652855117586,1.866335320034164,5.3685188674383495,14.417185999138532
reasoning_4,S09,推理增强档,2023-05,4,0.7251968938145509,4.379691335007287,3.8302306149420464,0.0,0.0,1.0,0.0,1.0,64.2994075361902,16.002032287842237,0.2488674919568376,0.003848507264036864,0.0005998197911115862,0.003248687472925278,90553.65903181526,23.529553881322197,-0.03733168627470053,1.81131391378525,5.931735529159513,10.839897905107883
reasoning_4,S09,推理增强档,2023-06,5,0.7410464804819364,4.4741576747971035,3.7826847837009274,0.0,0.0,1.0,0.0,1.0,55.7709724487225,15.643007339645509,0.28048654439418563,0.004537394600648136,0.0006972277257675109,0.0038401668748806253,98956.82689348648,21.80917367851391,0.06184669966429325,1.760366233106589,6.506291805532037,8.571852310912753
reasoning_4,S09,推理增强档,2023-07,6,0.7559357892374727,4.558689869756577,3.738659194519955,0.0,0.0,1.0,0.0,1.0,48.571633312478255,12.88985984426501,0.2653783487440096,0.005677403361170816,0.0008608706698326618,0.004816532691338154,103898.32583124893,18.300324853054413,0.15501617096414028,1.7131906637510512,7.0885750178891085,6.8521011895762225
reasoning_4,S09,推理增强档,2023-08,7,0.7699230003786867,4.634332601342932,3.6978932124740784,0.0,0.0,1.0,0.0,1.0,43.3106385423309,10.654574608037217,0.24600363713464216,0.006939618811741805,0.0010391929960639047,0.0059004258156779,107874.63930057471,15.54474996782983,0.24254078935864232,1.6695079226650322,7.675137803224562,5.642978621717354
reasoning_4,S09,推理增强档,2023-09,8,0.7830627692370731,4.702020691597637,3.660145499766965,0.0,0.0,1.0,0.0,1.0,38.5752704242556,10.484558074938608,0.271794804278185,0.008274525030422841,0.0012246246787787764,0.007049900351644064,121155.31781145075,14.641966441094869,0.3247625591962013,1.629059404610969,8.262745109169643,4.6685780469551705
reasoning_4,S09,推理增强档,2023-10,9,0.795406439744991,4.762590656037628,3.6251925869924064,0.0,0.0,1.0,0.0,1.0,34.45961315452943,8.406950831212699,0.24396532815133112,0.01027591527522507,0.0015041235755609737,0.008771791699664095,125575.53807115449,12.220374994129566,0.4020027638292476,1.5916056512041457,8.848408386744865,3.8944419887028254
reasoning_4,S09,推理增强档,2023-11,10,0.8070022450631946,4.81679104163658,3.592827550177985,0.0,0.0,1.0,0.0,1.0,30.754701893073513,7.789877532614041,0.2532906207219149,0.012085834061063904,0.00175075470164086,0.010335079359423044,134352.9414366142,11.116563470737182,0.47456322103591725,1.5569249333003599,9.429408220264149,3.261572855333648
reasoning_4,S09,推理增强档,2023-12,11,0.8178954960529571,4.865291677657022,3.5628587857790057,0.0,0.0,1.0,0.0,1.0,28.557860420932357,6.802073103789171,0.23818566949796363,0.015320113021404288,0.002197655402879987,0.0131224576185243,152020.252271332,9.922919762989931,0.5427274623795811,1.524811938342081,10.003306851351528,2.8548419882845
reasoning_4,S09,推理增强档,2024-01,12,0.8281287583292457,4.908691953658616,3.5351088763705487,0.0,0.0,1.0,0.0,1.0,27.971828537096805,6.973380480427835,0.24930012963505754,0.01870383503289494,0.002658415260470402,0.016045419772424536,186251.55288757573,9.957933897514073,0.6067618411145891,1.4950765548920772,10.567952141743168,2.646854202396387
reasoning_4,S09,推理增强档,2024-02,13,0.8377420185867877,4.947528226985438,3.5094135403224676,0.0,1.0,1.0,0.0,1.0,22.08692123200388,4.835176945325333,0.21891584139482403,0.02421371646192671,0.0034117521362210996,0.020801964325705607,175936.2790209682,7.265975848755304,0.6669165729674013,1.4675427471588691,10.01885850574793,2.2045347001689235
reasoning_4,S09,推理增强档,2024-03,14,0.8467728408489481,4.982280451276827,3.4856206592393097,0.0,1.0,1.0,0.0,1.0,21.118844165221862,4.763291145894845,0.22554696216466943,0.035954414250687676,0.005024657681842966,0.03092975656884471,253442.39817548747,7.048992549520955,0.7234267138599744,1.442047512851098,10.5060453932257,2.0101611381613957
reasoning_4,S09,推理增强档,2024-04,15,0.8552565132499684,5.013378107919514,3.4635893774075406,0.0,1.0,1.0,0.0,1.0,18.930199507661893,4.222867607671858,0.22307570535443516,0.04785257549402061,0.006635878496463946,0.041216696997556666,299671.15849287383,6.262383067141685,0.7765130783958878,1.4184399181912355,10.980572342057087,1.7239720224014783
reasoning_4,S09,推理增强档,2024-05,16,0.8632261859241172,5.041205513744183,3.443189267918722,1.0,1.0,1.0,0.0,1.0,19.64797301287496,4.741546684156673,0.2413249794800524,0.0675914130128189,0.009304892661960756,0.05828652035085814,459190.53721054504,6.793622395842772,0.8263831026982034,1.396580204375838,12.889366462653484,1.524355217132224
reasoning_4,S09,推理增强档,2024-06,17,0.87071300054056,5.066106570561047,3.4242995605320354,1.0,1.0,1.0,0.0,1.0,18.721187057754385,4.288276868140583,0.22906009404806213,0.08939967602546146,0.012222460694843222,0.07717721533061825,559776.2402240057,6.261501888044635,0.8732316549706237,1.376338960192521,13.392333622862507,1.3979032769759268
reasoning_4,S09,推理增强档,2024-07,18,0.8777462119901093,5.088389015231004,3.4068084267050205,1.0,1.0,1.0,0.0,1.0,17.485286290164954,3.438417389311276,0.1966463306491757,0.1273229418994212,0.017294080314972485,0.11002886158444872,680717.0964304918,5.346382091675391,0.9172417969492352,1.3575963558954738,13.87839338355925,1.2598926840392444
reasoning_4,S09,推理增强档,2024-08,19,0.8843533026993452,5.108328222796423,3.390612317559881,1.0,1.0,1.0,0.0,1.0,16.28667420471105,3.7689752014076605,0.23141466170652902,0.17765484103457027,0.023982314744956067,0.1536725262896142,969780.0876491602,5.458787849526985,0.958585499220219,1.340241433804014,14.347072354383053,1.1351914733834494
reasoning_4,S09,推理增强档,2024-09,20,0.890560090018795,5.126170609672083,3.3756153508660387,1.0,1.0,1.0,0.0,1.0,15.673072369272175,3.3423544649932766,0.2132545799728537,0.23570881391874954,0.0316343479154796,0.20407446600326992,1177896.6268711942,4.997253209535149,0.9974243131986522,1.3241714514244525,14.798068125280063,1.059129626690751
reasoning_4,S09,推理增强档,2024-10,21,0.896390827104791,5.142136678954236,3.361728743409846,1.0,1.0,1.0,0.0,1.0,14.30347084517745,3.1570204927785954,0.22071709216249527,0.33434113838178736,0.04462507333509054,0.28971606504669684,1552932.9898519716,4.644755944088049,1.033910002394174,1.309291273206511,15.231229790218354,0.9390883758029362
reasoning_4,S09,推理增强档,2024-11,22,0.9018682976892068,5.156423745482888,3.348870285391027,1.0,1.0,1.0,0.0,1.0,13.448559609050111,2.9713796496783256,0.22094408145231828,0.4401643170954542,0.05844386857885891,0.38172044851659537,1920222.2229545694,4.362512244576494,1.068185135430201,1.2955128073334357,15.646539281401916,0.8595229505501956
reasoning_4,S09,推理增强档,2024-12,23,0.9070139051073836,5.169208374334669,3.3369638537342445,1.0,1.0,1.0,0.0,1.0,13.135130038132296,2.6431280367836134,0.20122587512345969,0.6164014201743726,0.08144119239981891,0.5349602277745538,2483709.0292272437,4.029369414049422,1.100383643133914,1.2827544842115666,16.044093744737435,0.818689434698716
reasoning_4,S09,推理增强档,2025-01,24,0.9118477559321286,5.180648562882122,3.3259389614345496,1.0,1.0,1.0,0.0,1.0,12.870488586477084,3.0187742624788463,0.2345500904799098,0.8494656317637963,0.11171127133656002,0.7377543604272363,3664892.5180073236,4.314350552826591,1.1306313418738818,1.2709407735719738,16.42408910898724,0.7836348488534667
reasoning_4,S09,推理增强档,2025-02,25,0.9163887385405859,5.190885693386153,3.315730340268808,1.0,1.0,1.0,0.0,1.0,12.89499730124713,2.469521727592556,0.19151006160766842,1.0706504715850202,0.1401771784709805,0.9304732931140397,4105408.352369448,3.834499177207375,1.1590464251902546,1.2600017373253676,16.78680493731111,0.7681626938182934
reasoning_4,S09,推理增强档,2025-03,26,0.9206545969209795,5.2000462802525185,3.306277554402728,1.0,1.0,1.0,0.0,1.0,12.48948671429726,2.666371786282631,0.21348930082373352,1.6357820786472963,0.21327258866021073,1.4225094899870856,6456604.332416345,3.9471054345794085,1.185739925638589,1.2498726155231534,17.132590599167745,0.7289899704312065
reasoning_4,S09,推理增强档,2025-04,27,0.9246620000076337,5.2082435335456365,3.297524642605997,1.0,1.0,1.0,0.0,1.0,12.186946926151496,2.4645942819736555,0.20223229795848036,2.195191219703289,0.2850740967694758,1.910117122933813,8181846.626432822,3.727168072191321,1.2108161486519717,1.2404934429734753,17.461852761130544,0.6979183190273601
reasoning_4,S09,推理增强档,2025-05,28,0.9284266068151955,5.215578758082204,3.2894197869574353,1.0,1.0,1.0,0.0,1.0,11.697877790834275,2.516250691893253,0.21510317827604847,3.16411364338589,0.40935839119637324,2.7547552521895167,11720279.242186146,3.7041271468506354,1.234373080116767,1.2318086942426032,17.775044165404246,0.6581068199876531
reasoning_4,S09,推理增强档,2025-06,29,0.9319631276265756,5.222142605395186,3.2819150060788527,1.0,1.0,1.0,0.0,1.0,11.803626414857018,2.398043815955733,0.20316161590283452,4.196021204695674,0.5409297720957402,3.6550914325999337,15150002.353190918,3.6105638208493533,1.2565027692545971,1.2237669549400274,18.072653643141624,0.6531208226488845
reasoning_4,S09,推理增强档,2025-07,30,0.9352853814736979,5.228016194040409,3.274965871081546,1.0,1.0,1.0,0.0,1.0,11.225597689622736,2.128286995800684,0.1895923098836985,5.22021907704154,0.6706935813909931,4.549525495650547,17211632.267164253,3.2971091851031313,1.2772916883066767,1.2163206173412537,18.35519729461416,0.6115759754277654
reasoning_4,S09,推理增强档,2025-08,31,0.9384063501356669,5.233272112090949,3.268531242543809,1.0,1.0,1.0,0.0,1.0,11.210924974790883,2.003224407402997,0.1786850248224378,6.356496884010727,0.8140697977949697,5.542427086215757,20229200.64268147,3.182444829567438,1.2968210704259724,1.2094255985463584,18.62321075861682,0.6019866885522772
reasoning_4,S09,推理增强档,2025-09,32,0.9413382288653519,5.237975314208526,3.262573026962343,1.0,1.0,1.0,0.0,1.0,10.030414237643528,1.883919988312614,0.1878207563195524,7.455700861962053,0.9519467554357354,6.503754106526318,21800972.649556343,2.9240675093044395,1.3151672270975137,1.2030410795057784,18.877242488071538,0.5313495466290541
reasoning_4,S09,推理增强档,2025-10,33,0.9440924740426032,5.24218392437826,3.257055951235746,1.0,1.0,1.0,0.0,1.0,10.089502296657152,2.0421597221110432,0.2024044062894609,9.354555971399932,1.190956252397743,8.163599719002189,28687530.377368525,3.0666907617075663,1.3324018463271836,1.1971292633683506,19.11784794669257,0.5277530360525049
reasoning_4,S09,推理增强档,2025-11,34,0.9466798479403039,5.245949954227282,3.2519473538449946,1.0,1.0,1.0,0.0,1.0,9.978433133732327,1.9386836491322486,0.1942873819115431,11.029833907771897,1.400407500650223,9.629426407121674,32642284.131224543,2.9594538235271135,1.3485922727641506,1.1916551517210026,19.345584641991096,0.5157989959152417
reasoning_4,S09,推理增强档,2025-12,35,0.9491104607781866,5.249319945804483,3.247216991494705,1.0,1.0,1.0,0.0,1.0,9.964030473469657,2.0533867455255215,0.20607993431903812,13.724372236166483,1.738007601927803,11.98636463423868,41930202.97571212,3.0551636354789036,1.3638017708515582,1.1865863373954157,19.561007912170343,0.5093822628265643
reasoning_4,S09,推理增强档,2026-01,36,0.9513938102287358,5.252335546765096,3.2428368600704616,1.0,1.0,1.0,0.0,1.0,9.371255122699859,1.891681914765463,0.20186003795620383,15.118695405636627,1.9098746349773728,13.208820770659255,42884809.82398075,2.8365416904948173,1.378089772033706,1.1818928126150576,19.76466738805808,0.47414180763608615
reasoning_4,S09,推理增强档,2026-02,37,0.9535388185295496,5.2550340250684755,3.2387810288522747,1.0,1.0,1.0,0.0,1.0,9.171755692603377,1.929111717030441,0.21033178179682502,14.896810174749989,1.8774558811934965,13.019354293556493,42335355.58181854,2.841907434222176,1.3915121069857093,1.1775467913468034,19.957104055710243,0.4595734765425097
reasoning_4,S09,推理增强档,2026-03,38,0.9555538673471776,5.2574487295499095,3.235025487002691,1.0,1.0,1.0,0.0,1.0,9.89885310136808,1.960024796620289,0.19800524126874883,18.030335202996575,2.267346111465586,15.76298909153099,53339975.57561183,2.958346307768417,1.4041212237730805,1.173522544805448,20.13884785035857,0.491530259075463
reasoning_4,S09,推理增强档,2026-04,39,0.957446830528664,5.259609502058385,3.2315480014207636,1.0,1.0,1.0,0.0,1.0,9.95352563452783,1.9615914165815507,0.19707503538012475,18.723664835770002,2.3495860496813408,16.37407878608866,55505917.37725378,2.964479329453406,1.4159663927936759,1.1697962491372915,20.310415717699303,0.4900700100320415
reasoning_4,S09,推理增强档,2026-05,40,0.9592251048687773,5.261543046253661,3.2283279851203597,1.0,1.0,1.0,0.0,1.0,9.635036229552568,2.0835576231196025,0.21624803202388776,20.878825625024554,2.6148054009220902,18.264020224102463,63247883.33785334,3.029283565740732,1.4270938993028577,1.1663458443810657,20.47231008393116,0.4706374703221776
reasoning_4,S09,推理增强档,2026-06,41,0.9608956390131459,5.2632732576203916,3.2253463753535914,1.0,1.0,1.0,0.0,1.0,9.53761166224978,1.9702677228353533,0.20657873193073542,22.411166147105867,2.8013957683882333,19.609770378717634,65355122.58055695,2.9161857152621566,1.4375472242741252,1.163150903871238,20.625017681294967,0.4624292599225035
reasoning_4,S09,推理增强档,2026-07,42,0.9608956390131459,5.2632732576203916,3.2253463753535914,1.0,1.0,1.0,0.2,1.0,11.90305320010247,2.3629321568981365,0.1985147942443704,25.40982437286867,3.1762280466085837,22.233596326260084,90343291.13725173,3.5554472872986778,1.4375472242741252,1.163150903871238,20.625017681294967,0.5771172361659339
reasoning_4,S09,推理增强档,2026-08,43,0.9608956390131459,5.2632732576203916,3.2253463753535914,1.0,1.0,1.0,0.42,1.0,14.67630018947489,2.7267563485017963,0.18579317084678396,27.509754503303103,3.438719312912888,24.071035190390216,116103524.92406105,4.220449328623433,1.4375472242741252,1.163150903871238,20.625017681294967,0.7115775809872382
