ind,iid,quarter,s,base_ai,large_share,tier_econ,tier_bal,tier_flag,tier_reason,vintage,z_agent,a_single,a_agent,a_multi,B_hw,B_el,ln_p_nom,ln_eta,ln_p_adj,scale0,u_shock,eps_i,ln_T_std,ln_T_phy,T_phy_wanyi,T_std_wanyi,p_nom,p_adj,eta,spend_yi,ln_E
软件与信息技术服务,0,2023Q1,0,0.4237890633455348,0.3073840922988697,0.28765911831881996,0.36511374053242746,0.25876441325770794,0.08846272789104473,0.02,0.14842000511827322,0.965,0.03,0.005,-0.17140268117449403,0.0023659925019087627,2.4303914084414333,-0.0896590288756153,2.5200504373170487,0.04698040661405811,-0.5958558239946263,-1.8357232623871087,-5.523141525314768,-5.4334824964391535,0.004367858234931027,0.003993283215909542,11.36332891253994,12.429223544456896,0.9142428625485365,0.0004963340976686741,-7.6082612739858115
软件与信息技术服务,0,2023Q2,1,0.4237890633455348,0.3073840922988697,0.30919634926068823,0.3414869316734267,0.2758843249111699,0.07343239415471524,0.42436479977039443,0.41253881090092587,0.8853875062107454,0.09944788566028374,0.015164608128970861,-0.04460164433809878,-0.004863607437477914,1.9728130745033787,0.7578107930241101,1.2150022814792685,0.04698040661405811,-0.06769745431540208,-1.8357232623871087,-3.087605821342363,-3.845416614366473,0.021377493534754287,0.04561102472755748,7.190876534344241,3.3703017535864146,2.1336002115217916,0.0015372291662216035,-6.477773725851185
软件与信息技术服务,0,2023Q3,2,0.4237890633455348,0.3073840922988697,0.3034163354007394,0.33433860683733374,0.27269331086729626,0.08955174689463066,0.21239800148289392,0.599617522734425,0.8151841539526675,0.16054543909342023,0.02427040695391227,-0.017275680947355487,-0.014789805069069822,1.8622558510979428,0.7775908135924263,1.0846650375055165,0.04698040661405811,-0.3000965180617433,-1.8357232623871087,-3.283659774410146,-4.061250588002572,0.017227461181840646,0.03749079756415174,6.438244122137209,2.9584486834013823,2.1762230179145923,0.0011091460069333249,-6.804164922892721
软件与信息技术服务,0,2023Q4,3,0.4237890633455348,0.3073840922988697,0.37526202241291934,0.2816301489639157,0.25517722243471613,0.08793060618844875,0.5416827182383612,0.6221049242070655,0.8036508328618193,0.17145847948917892,0.024890687649001868,-0.00251031123039841,-0.009837498568575829,1.18247189884614,1.2883646482543047,-0.10589274940816473,0.04698040661405811,-0.37915722469926766,-1.8357232623871087,-1.806036551614412,-3.0944011998687166,0.04530213126222073,0.16430405864204453,3.2624286374992706,0.8995211170748275,3.626850526987553,0.001477949703696199,-6.517099487010668
软件与信息技术服务,0,2024Q1,4,0.4237890633455348,0.3073840922988697,0.37700117321842463,0.31940160084508185,0.2324793911671394,0.07111783476935417,0.3831885767980907,0.7106606124338176,0.7643434471366441,0.2058051234182649,0.029851429445090897,-0.022174208409454388,-0.008472754331853374,1.124122924224428,1.1686001859520767,-0.044477261727648765,0.04698040661405811,-0.20699576778884796,-1.8357232623871087,-1.791798691594364,-2.9603988775464405,0.051798251891917016,0.166660129733813,3.077516449736799,0.9564973489435777,3.2174856032124106,0.001594099722649849,-6.441446139310104
软件与信息技术服务,0,2024Q2,5,0.4237890633455348,0.3073840922988697,0.4178731831980277,0.2963718353780413,0.19608210169125578,0.08967287973267522,0.4213006507588358,0.8904934228407059,0.6763197844156297,0.2813810474378875,0.042299168146482845,0.0014715575546926374,0.019360429687991315,0.9403733423401187,1.2624326916477702,-0.32205934930765145,0.04698040661405811,-0.33186017488612735,-1.8357232623871087,-0.6306894864975254,-1.8931221781452956,0.1506008712944603,0.5322247127171623,2.5609373462157246,0.7246551812703421,3.5340081909389305,0.00385679395670611,-5.557919021793269
软件与信息技术服务,0,2024Q3,6,0.4237890633455348,0.3073840922988697,0.3779109088377173,0.34163468310658596,0.21858317770702318,0.061871230348673506,0.7039570850588861,0.9710993633932885,0.6310746327188523,0.3203735480287071,0.0485518192524406,-0.030366538537094256,0.01166704725966083,0.48125668730336935,1.7419970633302728,-1.2607403760269036,0.04698040661405811,-0.27090748968742495,-1.8357232623871087,1.4853822724030223,-0.25661479092725037,0.7736661796038554,4.416653454841573,1.6181065790133886,0.28344409358285444,5.708732747117183,0.012518743351771524,-4.380528289611973
软件与信息技术服务,0,2024Q4,7,0.4237890633455348,0.3073840922988697,0.4534621426846037,0.2818229246128368,0.2011436991258894,0.06357123357667022,0.521994519275097,0.9482727832428438,0.6425638353782975,0.3111689883377561,0.04626717628394634,0.01640864106083173,0.017493705910801856,0.5803552011865004,1.5874731138962919,-1.0071179127097913,0.04698040661405811,-0.34412979342310346,-1.8357232623871087,1.6243347952656282,0.03686168136933621,1.0375494984866018,5.075041972137781,1.7866729464034963,0.3652702045968813,4.891373355719776,0.01853761619500527,-3.9879533034322545
软件与信息技术服务,0,2025Q1,8,0.4237890633455348,0.3073840922988697,0.4290491327064449,0.28933188414619365,0.21178283252349586,0.06983615062386556,0.7086973224314425,1.1203375216251228,0.5383757148512791,0.3997137417838721,0.06191054336484876,-0.08159886087616941,0.0018653328395680374,0.14981206887132426,1.820236789373869,-1.6704247205025446,0.04698040661405811,-0.0007067792614334489,-1.8357232623871087,3.5166371370264082,1.696400347652539,5.454278505962389,33.67100687779951,1.1616159184233221,0.18816713022673193,6.173320053420772,0.06335776736040086,-2.758957769464228
软件与信息技术服务,0,2025Q2,9,0.4237890633455348,0.3073840922988697,0.4430338984857943,0.328591295084407,0.1625689607008722,0.06580584572892659,0.6651571855536879,1.091335767815903,0.556039017306621,0.3852003719016507,0.05876061079172831,-0.12429015848045866,-0.012215242887003,0.0719851863452648,1.7578529857436462,-1.6858677993983815,0.04698040661405811,0.07780048980313824,-1.8357232623871087,4.162772486417525,2.404919500673879,11.077538511908163,64.24940650250228,1.0746394246085003,0.1852835731961487,5.799971395579917,0.1190435961251549,-2.128265498968948
软件与信息技术服务,0,2025Q3,10,0.4237890633455348,0.3073840922988697,0.5087137719893322,0.2990078531721526,0.13794085679956783,0.05433751803894728,0.8588482652711922,1.0070289763151727,0.6068240079777651,0.3424552739314364,0.050720718090798436,-0.05746650350685478,-0.01858530652030322,-0.08804463356677893,1.9617989217271683,-2.0498435552939474,0.04698040661405811,-0.01024378029171685,-1.8357232623871087,5.86015495221204,3.898356030484872,49.32129970707308,350.7784937125391,0.9157200039612362,0.1287550450574268,7.11210969288862,0.4516450076313428,-0.7948587890699982
软件与信息技术服务,0,2025Q4,11,0.4237890633455348,0.3073840922988697,0.5551488942975582,0.25479997386321007,0.13672801822495972,0.05332311361427191,0.8450446664081086,1.2088603234625308,0.4761827734351647,0.453070566373195,0.07074666019164032,0.04640075131706012,0.005340250625466773,0.12005250183485619,1.9183438425303199,-1.7982913406954637,0.04698040661405811,-0.1538774278200324,-1.8357232623871087,5.59148206841045,3.67313822588013,39.37528069491485,268.1327164075238,1.1275560487868457,0.16558156913889135,6.809671237268208,0.44397835920231155,-0.8119794582731051
软件与信息技术服务,0,2026Q1,12,0.4237890633455348,0.3073840922988697,0.5806346689034949,0.2571182214268959,0.10639895850993562,0.055848151159673495,0.7716436482447769,1.131030795359733,0.5288128587188153,0.4088882585693624,0.06229888271182229,0.012475425404468332,0.015150966703827567,-0.07224542360556742,1.8528917770541407,-1.925137200659708,0.04698040661405811,-0.36239282890613866,-1.8357232623871087,5.795394465809428,3.9425026887552876,51.547447219178586,328.7818516047667,0.930302549585587,0.14585574397907267,6.37823732001303,0.4795472157263031,-0.7349129208383712
软件与信息技术服务,0,2026Q2,13,0.4237890633455348,0.3073840922988697,0.6097789750500093,0.23467723091144055,0.0945227306269839,0.061021063411566295,0.5577046078159504,1.279988780180974,0.4234292028433395,0.49776288982221895,0.07880790733444154,-0.04137978823615296,0.028422587334448423,0.1283272026202295,1.5715920877008283,-1.4432648850805987,0.04698040661405811,-0.1554905329466043,-1.8357232623871087,5.474508954870555,3.902916867169727,49.54675985275293,238.53330754885957,1.1369249466647744,0.236155478167195,4.814306894290406,0.5633094730300351,-0.573926116198135
互联网平台,1,2023Q1,0,-0.46232747270277513,0.29148197681328897,0.39329599463850273,0.30638864535186977,0.22881079584529296,0.07150456416433462,0.3816794061645167,0.14842000511827322,0.965,0.03,0.005,0.13754265020487877,-0.04279408964713674,2.6426202305635536,0.262506326251965,2.3801139043115884,0.05847966720374679,-0.25996966919978753,-1.637827205046192,-3.2626605182275834,-3.5251668444795485,0.029446893907538393,0.03828640072788723,14.049969578745307,10.806133659048859,1.3001846934384453,0.0041372796358945495,-5.487716799904087
互联网平台,1,2023Q2,1,-0.46232747270277513,0.29148197681328897,0.39189218242344737,0.34182595933909027,0.2035947633569398,0.06268709488052258,0.3065134489768747,0.40004887812718526,0.8911427379829322,0.09382764101984568,0.015029620997222104,0.04147045956478945,0.003936918783714195,2.093449118713491,0.4468685191714174,1.6465805995420737,0.05847966720374679,-0.41254803624408454,-1.637827205046192,-2.7127844496842384,-3.1596529688556556,0.04244046668896281,0.0663517960205886,8.112849142606047,5.1892054840914,1.563408727497435,0.0034431310378935233,-5.671374036130256
互联网平台,1,2023Q3,2,-0.46232747270277513,0.29148197681328897,0.3746520647022899,0.35329827201451325,0.20682132856769278,0.0652283347155041,0.16899238976580366,0.6536833490198725,0.7976052958234285,0.17371967399324326,0.02867503018332819,0.01152036863387551,0.009806404135881325,1.9969233612627544,0.5741336970321094,1.422789664230645,0.05847966720374679,0.17718527138776735,-1.637827205046192,-1.902865864795769,-2.476999561827878,0.08399486929481706,0.14914058941299177,7.3663575781838935,4.1486777301454225,1.7755916601229187,0.006187362419584412,-5.085246386553215
互联网平台,1,2023Q4,3,-0.46232747270277513,0.29148197681328897,0.38653126063406357,0.3196174826313323,0.21265233023012417,0.08119892650447987,0.5288985632964516,1.010690748277624,0.6250977100548638,0.31828489726211884,0.05661739268301733,0.009985782830702727,0.0009126457708910265,1.3620375750734512,1.2282347822349993,0.13380279283845198,0.05847966720374679,-0.054107043248220535,-1.637827205046192,-0.36752911162120194,-1.5957638938562013,0.20275358711117306,0.6924431683720009,3.904140181580952,1.143167356624342,3.4151956482640338,0.007915784264004045,-4.838896504770841
互联网平台,1,2024Q1,4,-0.46232747270277513,0.29148197681328897,0.407153723936852,0.3365402582534197,0.19552881557994933,0.060777202229778886,0.649200817448922,1.0961157266067505,0.5714941547842038,0.36423292524977224,0.06427291996602393,0.02420644089728058,0.004673756355702663,0.9187528967876671,1.4857114337119726,-0.5669585369243054,0.05847966720374679,-0.16641000535039807,-1.637827205046192,0.6200510355090292,-0.8656603982029434,0.420773582734131,1.859022915606151,2.506162996326968,0.5672480817894411,4.418107485566147,0.01054527182880203,-4.552077687403368
互联网平台,1,2024Q2,5,-0.46232747270277513,0.29148197681328897,0.4093197148914712,0.36327934130865525,0.18027871493530603,0.047122228864567614,0.6169185552599667,1.067183069826915,0.5858563369908156,0.3537120587797231,0.060431604229461235,0.007058036947505619,-0.024328848121233294,0.5944530642026972,1.4917070713174483,-0.8972540071147511,0.05847966720374679,-0.22978750411787122,-1.637827205046192,1.6965995132158074,0.2048924418983591,1.2273930417976815,5.455364918597652,1.8120396045592286,0.407687631402216,4.444676426230623,0.0222408480209782,-3.805824679887035
互联网平台,1,2024Q3,6,-0.46232747270277513,0.29148197681328897,0.4832672465021896,0.2792752662414625,0.1683296157481644,0.06912787150818352,0.6136743655146222,1.1470228394860187,0.5343199157371223,0.39733788498171685,0.06834219928116084,0.09950951142760811,-0.022803452850132026,0.8007867926045159,1.5068976703620889,-0.706110877757573,0.05847966720374679,-0.09116370884320721,-1.637827205046192,1.8534731229040635,0.34657545254197475,1.4142161960117274,6.381946359821833,2.227292656669074,0.4935599847955049,4.51270914434423,0.03149873348319392,-3.4578079408416005
互联网平台,1,2024Q4,7,-0.46232747270277513,0.29148197681328897,0.5116811111002718,0.24663848426396162,0.188892794010484,0.05278761062528248,0.7417237167295978,1.0439734386777573,0.5960470177208885,0.3468055139536125,0.057147468325499044,-0.0007257374922081672,-0.021459782217370597,0.3404161323125311,1.803274707052696,-1.462858574740165,0.05847966720374679,0.14896602598660116,-1.637827205046192,3.942590908022297,2.139316200969601,8.493627708311966,51.551994897781945,1.4055323563149638,0.23157335793108993,6.06949076038882,0.11938068566525782,-2.1254378527059594
互联网平台,1,2025Q1,8,-0.46232747270277513,0.29148197681328897,0.5430322984138216,0.2624678303167796,0.14347802567526932,0.05102184559412937,0.6346480623823874,1.3312843637819627,0.4015944393949701,0.5083431914358871,0.09006236916914276,0.053728807964093406,-0.01170588977729789,0.5394741143315941,1.6086615838303364,-1.0691874694987424,0.05847966720374679,0.39053979610938805,-1.637827205046192,3.968590281287935,2.359928697457599,10.590196317590612,52.90989017863092,1.7151046760133302,0.3432873355600828,4.996119863306606,0.18163295224198808,-1.7057673741988986
互联网平台,1,2025Q2,9,-0.46232747270277513,0.29148197681328897,0.6188586740018421,0.2118643364075126,0.13061364112886473,0.03866334846178053,0.546943934517,1.4380902920236454,0.3143627697151734,0.5805707283590213,0.10506650192580526,0.11294633546263855,0.0006161083219496169,0.6547058069636529,1.477342489567545,-0.8226366826038922,0.05847966720374679,0.2791541026917454,-1.637827205046192,4.108112392566206,2.6307699029986615,13.884455472078645,60.831782602648204,1.9245762371557078,0.43927190564107865,4.381286880495939,0.26721693067409097,-1.319694476025777
互联网平台,1,2025Q3,10,-0.46232747270277513,0.29148197681328897,0.5611768337454575,0.2720156925907992,0.11539869171225905,0.05140878195148424,0.5880031272357118,1.329524216741841,0.40067640712598646,0.5101168583564186,0.08920673451759492,0.016673877397923698,0.006483627420266163,0.31983543102601913,1.5710565571345254,-1.2512211261085062,0.05847966720374679,-0.1070258615415667,-1.637827205046192,5.520527272197369,3.9494707150628434,51.907885500829686,249.76669751165645,1.3769011504800561,0.28615515189627666,4.811729376024461,0.7147202726507942,-0.33586403989922875
互联网平台,1,2025Q4,11,-0.46232747270277513,0.29148197681328897,0.5968380634094596,0.27041375381311805,0.09235096842707528,0.04039721435034712,0.6702859131749499,1.1648984230480268,0.5172988866622662,0.4138380304419633,0.06886308289577049,-0.006084373857291436,-0.014812785865335215,0.11340788257067097,1.660994479130883,-1.547586596560212,0.05847966720374679,0.00618599622812736,-1.637827205046192,6.144387006164338,4.483392527033455,88.53451951966979,466.09384881897756,1.1200887044478363,0.21276083243530014,5.264543720886463,0.991665152676986,-0.0083697763839651
互联网平台,1,2026Q1,12,-0.46232747270277513,0.29148197681328897,0.5974646944994889,0.25874346958365063,0.09210565939102665,0.05168617652583382,0.7559727515145083,1.449819682509529,0.30171357574267355,0.5921512790220531,0.10613514523527334,-0.00608204754723618,-0.0028585149704230747,-0.12911908794371046,1.813448959223867,-1.9425680471675775,0.05847966720374679,-0.23028521912400218,-1.637827205046192,7.0427392281464405,5.229290268922574,186.66027789680996,1144.5184137268725,0.8788692965759812,0.1433353847053048,6.131558500944634,1.6404998713384655,0.4950009949907721
互联网平台,1,2026Q2,13,-0.46232747270277513,0.29148197681328897,0.6815823715690826,0.19254548294733476,0.08802629391576824,0.0378458515678145,0.7655997895949673,1.3494704056815938,0.3834898500752739,0.5250689907311873,0.09144115919353879,0.025806915730189894,-0.020090564503220183,-0.03827242947600228,1.787508666825293,-1.8257810963012953,0.05847966720374679,0.14742939526456192,-1.637827205046192,7.37406223712052,5.5865535702952265,266.8144759612047,1594.0962450714555,0.9624507052311555,0.16109176679180495,5.974549316819073,2.567957805547427,0.9431109548311327
电信服务,2,2023Q1,0,0.6950005098994563,0.34730257233655526,0.24096880910832372,0.35667603364864836,0.31801141294982893,0.08434374429319892,0.376962767027594,0.14842000511827322,0.965,0.03,0.005,0.031085936678631465,0.09781481997279898,3.074267412608609,0.4608166609349638,2.613450751673645,0.09790232768111912,0.47998417359465173,-1.9418595757468844,-2.360193102239507,-2.821009763174471,0.059545785200542066,0.09440199220002815,21.634027289155867,13.646058859151454,1.5853681647172027,0.012882151419827405,-4.351912536553954
电信服务,2,2023Q2,1,0.6950005098994563,0.34730257233655526,0.26269184584982436,0.36377983209001674,0.2722940217681762,0.10123430029198274,0.382329647343539,0.5394157318676948,0.8479713794323442,0.12849055827706915,0.023538062290586602,-0.05808844078337219,0.0005675158901458643,2.222559894589627,0.7427541200096752,1.479805774579952,0.09790232768111912,0.38839206676825855,-1.9418595757468844,-0.6308903958910312,-1.3736445159007065,0.25318254823730624,0.5321177945137169,9.230930856206825,4.392092542051942,2.101715928757327,0.02337110596776823,-3.756254807299171
电信服务,2,2023Q3,2,0.6950005098994563,0.34730257233655526,0.3227840354203361,0.32831289341603354,0.282496876936834,0.06640619422679625,0.46776275360106373,0.7914724284785555,0.7448751054833871,0.2150095785113037,0.040115316005309175,-0.012731285992681057,0.015178101098683762,1.6532412405259997,1.0776229817118503,0.5756182588141494,0.09790232768111912,-0.279441870487157,-1.9418595757468844,0.3093941396354386,-0.7682288420764117,0.4638338642409299,1.3625993190789836,5.223884282116632,1.7782295932449108,2.9376883063699863,0.02423014432921614,-3.7201577875385032
电信服务,2,2023Q4,3,0.6950005098994563,0.34730257233655526,0.3281059138152562,0.31412993005812057,0.26638863863652307,0.09137551749010013,0.45961781332151325,1.158505453537737,0.5481550736300669,0.3764236032456354,0.07542132312429776,-0.011516428117893995,0.02174153881849029,1.6204953668940838,1.235974995865845,0.38452037102823877,0.09790232768111912,0.2169187882602154,-1.9418595757468844,0.8408531465131448,-0.3951218493527002,0.6735979567731079,2.318344020424524,5.055594070306666,1.468909620846186,3.4417325603697253,0.034054378360328104,-3.379796668446708
电信服务,2,2024Q1,4,0.6950005098994563,0.34730257233655526,0.346644804604453,0.30005633477299826,0.27487826386774544,0.07842059675480322,0.5239534137628385,1.5026192337449291,0.29179553645224543,0.5837654037813966,0.12443905976635791,0.017988967306758363,0.01036177320919126,1.1719993524366232,1.4495894331274073,-0.27759008069078406,0.09790232768111912,-0.10762955587356848,-1.9418595757468844,1.9740729439510143,0.524483510823607,1.6895859701162574,7.199941809323985,3.2284409814681525,0.7576073157387233,4.261364580831935,0.05454728587636951,-2.908687322727861
电信服务,2,2024Q2,5,0.6950005098994563,0.34730257233655526,0.33432864064369033,0.3135251373805159,0.28067428115159626,0.07147194082419764,0.5709014444038045,1.2719104414654765,0.46480570376401353,0.44773257111314924,0.08746172512283726,0.0005388385577962396,0.010392499647436958,1.0809084315811215,1.5514487895849245,-0.470540358003803,0.09790232768111912,0.40844584789682553,-1.9418595757468844,3.292280045882853,1.740831256297928,5.702081344214286,26.90413644249915,2.9473558063793694,0.6246646345344037,4.718301058577125,0.16806062558317456,-1.783430498109042
电信服务,2,2024Q3,6,0.6950005098994563,0.34730257233655526,0.35437302896865036,0.3217279178482203,0.23285753418813984,0.09104151899498938,0.47754163965895613,1.3019364620225158,0.44062460370816325,0.46862241296879903,0.09075298332303772,-0.1533099042584135,0.023336088188885454,0.5745885015952517,1.4669830729592455,-0.8923945713639938,0.09790232768111912,-0.02776545680412361,-1.9418595757468844,3.9642179299602467,2.497234857001001,12.148854153690317,52.67905456501041,1.7763993909781364,0.4096735846514602,4.336133589109611,0.21581217119697682,-1.5333468273918387
电信服务,2,2024Q4,7,0.6950005098994563,0.34730257233655526,0.3624079968525934,0.3246815670979937,0.23290190478624717,0.08000853126316586,0.5511126973548249,1.2584538961854843,0.46923262338816174,0.44643347648468124,0.084333900127157,-0.02327338399901968,-0.000728607659958587,0.6048536879547735,1.7019647973302983,-1.0971111093755248,0.09790232768111912,0.00524505023814633,-1.9418595757468844,5.054957101193788,3.352992303863491,28.588150216205275,156.79780376129008,1.830984294229814,0.33383410220875287,5.4847131617633975,0.5234445404695452,-0.6473241941698271
电信服务,2,2025Q1,8,0.6950005098994563,0.34730257233655526,0.49325013537453005,0.2583330856675967,0.182982286190085,0.06543449276778814,0.7800107465557264,1.4118621603217054,0.3529694493788515,0.5413488975391089,0.10568165308203963,0.10554519687319719,0.012223865599926692,0.5408527668969978,1.8596560210841677,-1.31880325418717,0.09790232768111912,-0.02879938572065735,-1.9418595757468844,5.766781266830411,3.9071252457462435,49.75571073928585,319.50766585955967,1.7174708401592096,0.2674551863919326,6.421527521408403,0.8545398232611988,-0.15719217334484994
电信服务,2,2025Q2,9,0.6950005098994563,0.34730257233655526,0.4314871674831594,0.326642931429863,0.17614432985029918,0.06572557123667837,0.8501073630342327,1.442766280426417,0.32634750977842975,0.5635224776317165,0.1101300125898538,0.07690761180633321,0.02171480522681364,0.3367683393661218,2.004094490645281,-1.6673261512791593,0.09790232768111912,-0.21892938922295238,-1.9418595757468844,6.843632642394662,4.839538151749381,126.41095556738215,937.8899728519366,1.4004146052227153,0.18875108334767196,7.419372542848973,1.7702774843672169,0.5711363051274116
电信服务,2,2025Q3,10,0.6950005098994563,0.34730257233655526,0.5020013047251605,0.264782929464736,0.17065525941332105,0.06256050639678246,0.9251709375085748,1.3671184983133926,0.38570138331775616,0.5160139396107037,0.09828467707154012,0.13196786899905044,0.030787467678795373,0.29288190883875825,2.0625014223381117,-1.7696195134993535,0.09790232768111912,-0.39950295317638035,-1.9418595757468844,7.986326555230361,5.923825132892249,373.83896614693884,2940.475421434618,1.3402845053322008,0.1703978105593876,7.865620461508691,5.010505738161513,1.611536855742916
电信服务,2,2025Q4,11,0.6950005098994563,0.34730257233655526,0.5311575816064433,0.254402414887469,0.15187811836228832,0.0625618851437993,0.8416640472581374,1.2976968356593264,0.43697391061644175,0.47468271385862026,0.08834337552493801,-0.09470064357414254,0.022674420161034225,-0.22244497882711328,1.969601350987587,-2.1920463298147004,0.09790232768111912,-0.4561510557553954,-1.9418595757468844,8.856147968404517,6.886546617416931,979.0146605235753,7017.399370953811,0.8005590532365471,0.1116879642018897,7.1678184749561575,7.8375904973345305,2.058931452601726
电信服务,2,2026Q1,12,0.6950005098994563,0.34730257233655526,0.5392899094345337,0.27796462969070335,0.13090920950510787,0.051836251369655195,0.904089437613884,1.3166465731644235,0.4225411015864517,0.4866850423155582,0.09077385609799012,-0.021530095322982112,-0.03149085982683739,-0.4153391513827888,2.062613138376986,-2.477952289759775,0.09790232768111912,-0.6187987576092698,-1.9418595757468844,9.510525771011027,7.447912632634041,1716.2769033767418,13501.090932967521,0.6601163633587558,0.08391488314527351,7.8664992265551,11.329424679736814,2.4274032952631606
电信服务,2,2026Q2,13,0.6950005098994563,0.34730257233655526,0.5132653663640054,0.3028675447672765,0.1200198769420852,0.06384721192663291,0.9092889681094328,1.4818645295943884,0.29013770585559134,0.5942661835593667,0.11559611058504198,0.05281619120315917,-0.02844122306666122,-0.11377367545332057,2.113238436101358,-2.2270121115546786,0.09790232768111912,-0.2102446902979095,-1.9418595757468844,9.802406638513112,7.689168202411753,2184.556697293021,18077.197899732342,0.8924599186134942,0.10785019354695248,8.27499598528734,19.49629292272693,2.970224340970341
金融,3,2023Q1,0,-1.8589182769205133,0.17083129165746028,0.43738435283900023,0.36209522661199606,0.1481513199992704,0.05236910054973335,0.02,0.14842000511827322,0.965,0.03,0.005,-0.07301188540129488,0.10320693174991563,2.654486208809137,-0.35818203830309725,3.0126682471122344,0.059149071234361736,-0.11555678094107048,-1.201663153500067,-3.136777866737341,-2.7785958284342436,0.0621256812746301,0.04342248577039547,14.217679264047348,20.341604004285873,0.6989458285124298,0.00883283010423123,-4.7292798056131975
金融,3,2023Q2,1,-1.8589182769205133,0.17083129165746028,0.4696765404755357,0.3488941123943456,0.1344309656036078,0.046998381526510806,0.02,0.41219086111699105,0.8846773787397314,0.10039946046601608,0.01492316079425245,-0.0894927408641253,-0.0024062743524747125,2.0454123345941095,-0.0632965984041175,2.108708932998227,0.059149071234361736,0.08027691544377641,-1.201663153500067,-2.343315251548472,-2.2800186531443543,0.10228229881125869,0.0960088166575565,7.732346194503799,8.237599123830979,0.9386650258489143,0.007908821439783366,-4.839776504538336
金融,3,2023Q3,2,-1.8589182769205133,0.17083129165746028,0.4697343518646499,0.3053299242631822,0.1782102981546913,0.04672542571747665,0.19321709577831594,0.6126465012598988,0.8084624768256885,0.16692879734467816,0.024608725829633325,-0.0245379316620071,0.006936117738774707,1.6522177683911319,0.49240642202575935,1.1598113463653725,0.059149071234361736,-0.08733822249076247,-1.201663153500067,-1.5622227341576567,-2.054629156183416,0.12814034682263592,0.20966951328674463,5.218540517181828,3.1893315403710285,1.6362489917165317,0.006687055917796573,-5.007581573780375
金融,3,2023Q4,3,-1.8589182769205133,0.17083129165746028,0.5525240026991766,0.26508160444853884,0.13922015630315876,0.04317423654912579,0.33662169521764157,0.7889491970186469,0.7286340443825396,0.2361855519879602,0.035180403629500166,-0.013297222607085712,0.016670590891941513,1.3499746852389447,0.7314347145686498,0.6185399706702949,0.059149071234361736,0.1360909730085435,-1.201663153500067,-1.186475365518393,-1.917910080087043,0.14691367933544272,0.30529542472388826,3.8573278821273567,1.8562159327446324,2.078059892753881,0.005666942315665209,-5.173105580836189
金融,3,2024Q1,4,-1.8589182769205133,0.17083129165746028,0.48580707476742335,0.31107703636999623,0.16165129824167043,0.04146459062091005,0.355992615111373,0.8044741414236827,0.7186760150905771,0.24572865152262738,0.035595333386795554,0.006008032002331853,0.0056882986280585406,1.1089761906577733,1.001788463048691,0.10718772760908224,0.059149071234361736,-0.22310592414434716,-1.201663153500067,-1.0384570034578728,-2.0402454665065637,0.12999679710205544,0.3540004822865619,3.0312533797065515,1.1131432025780346,2.7231477250062546,0.003940532305666324,-5.536439461836882
金融,3,2024Q2,5,-1.8589182769205133,0.17083129165746028,0.5612133262830519,0.2973513598072991,0.10333358935445586,0.03810172455519312,0.5130659727989207,1.063169767972264,0.5750161882202138,0.36856715760858105,0.05641665417120514,0.0021128242777809225,0.02248332773019116,0.6960192425584084,1.198439869238552,-0.5024206266801436,0.059149071234361736,-0.0941228925273861,-1.201663153500067,0.6665130360962359,-0.5319268331423161,0.5874719180663014,1.9474348325472766,2.005752380639687,0.6050642509455277,3.3149411446888792,0.011783231982204472,-4.441077776571999
金融,3,2024Q3,6,-1.8589182769205133,0.17083129165746028,0.6295911424169393,0.22124641575687887,0.11075970896426608,0.03840273286191596,0.3310302240779328,0.940799833992502,0.6445882330367432,0.3103395399932093,0.04507222697004748,-0.1774637733578993,0.031231432569549928,0.412210701058746,0.999441825535459,-0.587231124476713,0.059149071234361736,-0.08857866441403979,-1.201663153500067,0.9334018980811242,-0.06603992745433485,0.9360934877154641,2.54314600199449,1.510152593559866,0.5558642748703154,2.716764976328419,0.014136440082880087,-4.25899941238368
金融,3,2024Q4,7,-1.8589182769205133,0.17083129165746028,0.6243262898834447,0.23405763192181694,0.11019958829118387,0.0314164899035545,0.3150463483788551,0.9471462887925765,0.6398520606061059,0.31488453111459813,0.04526340827929599,-0.01382345319565903,0.009510331607389455,0.5964629848625546,1.1302963731327043,-0.5338333882701497,0.059149071234361736,-0.006265338933826081,-1.201663153500067,1.6541016935629638,0.5238053204302596,1.688440497610719,5.228381123594934,1.8156853229719658,0.5863529375064694,3.096574105509504,0.03065676630223265,-3.484901880695277
金融,3,2025Q1,8,-1.8589182769205133,0.17083129165746028,0.6470573514353124,0.2319563161404912,0.08625362881898498,0.03473270360521152,0.36346575891006994,1.0148660074715241,0.5997950587969271,0.34944322625233104,0.050761714950741846,0.0616074098061965,0.01348622092573229,0.7430836877872043,1.1496465528299316,-0.4065628650427272,0.059149071234361736,0.2838371009434733,-1.201663153500067,2.0338061588375815,0.8841596060076498,2.420948985350725,7.643122002948484,2.1024087007563588,0.6659352302534416,3.157076852588538,0.05089824210888643,-2.977926892193237
金融,3,2025Q2,9,-1.8589182769205133,0.17083129165746028,0.6460993191673743,0.23042375651116295,0.09303066124348941,0.030446263077973473,0.4857945598421765,1.1572916032244245,0.5082607995394742,0.42754940419515575,0.06418979626537005,0.00631918532167941,0.015000378034143072,0.3546114238072895,1.333772257315204,-0.9791608335079145,0.059149071234361736,0.03540071588324336,-1.201663153500067,3.1584317625333416,1.8246595052181374,6.200683359292872,23.533660606668704,1.4256265820893252,0.3756261795337489,3.7953333919880223,0.08839859024126852,-2.4258992569626643
金融,3,2025Q3,10,-1.8589182769205133,0.17083129165746028,0.6489891247115949,0.2309169003840381,0.0841965199777633,0.03589745492660378,0.3760105956537334,1.1366794265600741,0.5214137814799007,0.41670946717697677,0.06187675134312252,0.10355841876441452,0.020829174751131413,0.6241647284944628,1.1963485439061141,-0.5721838154116513,0.059149071234361736,-0.30979830236465816,-1.201663153500067,3.495591853775701,2.299243309869587,9.966637944180578,32.969795477571616,1.8666861163547357,0.5642917830592046,3.3080157684289477,0.18604584677136188,-1.6817621476240416
金融,3,2025Q4,11,-1.8589182769205133,0.17083129165746028,0.6990529158242864,0.21361813511181438,0.059789693796341706,0.027539255267557548,0.5263004506017989,1.2994181887083183,0.4036108319358388,0.5165714456906084,0.07981772237355275,-0.07035406410497935,0.026817731666156225,0.005763037601393229,1.3849162612749861,-1.3791532236735928,0.059149071234361736,-0.24542848106606768,-1.201663153500067,4.833179397505328,3.4482631362303415,31.445727904670463,125.60968959372605,1.005779675849518,0.2517916740428864,3.9944913971945275,0.3162747401881161,-1.1511440121563563
金融,3,2026Q1,12,-1.8589182769205133,0.17083129165746028,0.6918591108079665,0.22473263308574737,0.05508879097206593,0.028319465134220272,0.3679370929815189,1.411402348529291,0.3115922457611022,0.5941822880762072,0.09422546616269058,-0.015038225875494082,-0.02364777259999061,0.2173996536048378,1.2213790112666225,-1.0039793576617848,0.059149071234361736,0.23881145492633432,-1.201663153500067,5.207502259901599,3.986123248634976,53.845737673698714,182.63730748253295,1.2428407086653168,0.36641842617717485,3.3918619258092773,0.6692167476898646,-0.40164728374827774
金融,3,2026Q2,13,-1.8589182769205133,0.17083129165746028,0.6868860497548208,0.21918658645508118,0.06222231836392397,0.03170504542617418,0.5891158984353814,1.3092805771740759,0.39499656629130314,0.5242308824369303,0.0807725512717666,0.03037532280854227,-0.01264392128014845,0.09367218474362082,1.5486990772428428,-1.455026892499222,0.059149071234361736,0.06975859917843619,-1.201663153500067,5.723835226805404,4.175136149562562,65.04869540957536,306.0765477778769,1.0981996802931449,0.23339408726644428,4.70534490892836,0.7143645650228182,-0.336361851681909
保险,4,2023Q1,0,1.563095702275414,0.47278214052604345,0.21166817773425456,0.2681956541352625,0.3847796055009172,0.13535656262956589,0.8349906128380349,0.14842000511827322,0.965,0.03,0.005,-0.06641140218237251,-0.027921204177631966,2.1798568996592946,1.2462062920459183,0.9336506076133764,0.07201295391126325,0.15961286803902314,-2.2786020528684108,-0.5970927589914153,-1.8432990510373335,0.15829434262655048,0.5504094853294538,8.84504043985299,2.5437785853085844,3.4771267007816262,0.014001198619317841,-4.268612337366131
保险,4,2023Q2,1,1.563095702275414,0.47278214052604345,0.17619708284989066,0.3509475165754521,0.36472392987191915,0.10813147070273804,0.7277163541549492,0.46485158188435804,0.871833412367034,0.1093231185624442,0.018843469070521805,0.005074461492456217,-0.0017791350095949093,2.1035637689453797,1.3638979445901298,0.7396658243552499,0.07201295391126325,0.39559704249365196,-2.2786020528684108,-0.3629585277572975,-1.7268564723474273,0.1778425852750952,0.6956152816266798,8.195324173974456,2.0952352209095007,3.911410085220419,0.014574776382671012,-4.228462889390139
保险,4,2023Q3,2,1.563095702275414,0.47278214052604345,0.22869688765155727,0.2931098300514023,0.3806431705681047,0.0975501117289357,0.7008168652367273,0.7470095409620128,0.7622524639115629,0.20161698489869181,0.03613055118974527,-0.0008379857747324582,-0.009819130835363815,1.638726515975118,1.592368595356372,0.04635792061874611,0.07201295391126325,0.11816486671952377,-2.2786020528684108,0.817281469310516,-0.775087126045856,0.4606636434487549,2.2643357964073223,5.1486086646692515,1.047449247554852,4.915377691747908,0.023717768261583658,-3.7415307960588295
保险,4,2023Q4,3,1.563095702275414,0.47278214052604345,0.21948422703571446,0.31554260133176865,0.3593410655601519,0.10563210607236505,0.46777954202002114,0.93334473508272,0.6712415613496157,0.2781470462551655,0.050611392395218814,0.0021410527598654805,-0.00984749506685341,1.7590171521997147,1.3990213659990078,0.3599957862007068,0.07201295391126325,0.381101465070239,-2.2786020528684108,-0.12401788818053494,-1.5230392541795428,0.21804817504117519,0.8833640389660105,5.806727459553302,1.4333233748105914,4.051233351525186,0.012661463255170768,-4.36919228796792
保险,4,2024Q1,4,1.563095702275414,0.47278214052604345,0.25568050802056413,0.27836885047809085,0.33871485053701605,0.1272357909643289,0.5811415500922393,1.1915154313234213,0.5186375113798607,0.4042735010112206,0.07708898760891864,-0.01432996168216033,-0.006080807254338853,1.1907814519326736,1.6776502804678186,-0.486868828535145,0.07201295391126325,0.0025678047125892375,-2.2786020528684108,1.5261069004280006,-0.15154338003981804,0.8593806014996002,4.60023275177979,3.2896509072631823,0.6145476387719239,5.3529632199662,0.02827062175407539,-3.565932114095236
保险,4,2024Q2,5,1.563095702275414,0.47278214052604345,0.3407513758602558,0.301709563363189,0.27770319326352905,0.07983586751302613,0.6464168041463474,1.3538949207930493,0.40089127292198956,0.5013675440094398,0.0977411830685706,-0.0008153486044955027,0.0038228766808974662,0.9887526968292845,1.6495119268867413,-0.6607592300574568,0.07201295391126325,0.25619420147315497,-2.2786020528684108,2.937534717076278,1.2880227901895367,3.625610870790501,18.869270833808525,2.6878797796531066,0.5164590743500039,5.204439060415332,0.09745206148488281,-2.3283946989692703
保险,4,2024Q3,6,1.563095702275414,0.47278214052604345,0.28270966127344777,0.3029403155515121,0.3105194658582656,0.10383055731677442,0.741265709164882,1.3847790850632384,0.37382797995621503,0.5247695268213736,0.10140249322241139,0.033642174052082474,-0.0025691098749897256,0.913671818415785,1.9371774056794722,-1.0235055872636871,0.07201295391126325,0.27074747499519025,-2.2786020528684108,4.068339551950832,2.131162146271359,8.424651802223014,58.45981247627236,2.493461282259283,0.35933305625783724,6.939136933926043,0.21006543085358978,-1.5603362213009475
保险,4,2024Q4,7,1.563095702275414,0.47278214052604345,0.345209912662812,0.29930959073536045,0.2612977291831683,0.09418276741865941,0.8115189220652376,1.3805715897155184,0.3746473270053902,0.5252511938259983,0.10010147916861152,0.011780670959356976,0.006918905546691334,0.55370551510135,2.054913890927399,-1.501208375826049,0.07201295391126325,0.2653333548815755,-2.2786020528684108,5.845001690972124,3.7900878000447253,44.2602861604949,345.50312601674165,1.7396875273229409,0.2228606978954687,7.806165662008872,0.7699906778915715,-0.26137687084201616
保险,4,2025Q1,8,1.563095702275414,0.47278214052604345,0.389527057898551,0.29279919849993946,0.2286496047412662,0.08902413886024324,0.815167237731137,1.2255225835811767,0.48642180709744814,0.4349226537848615,0.07865553911769035,-0.06174065337010948,-0.00229735101833807,0.2783277239939455,2.024622749183712,-1.7462950251897664,0.07201295391126325,0.36513183896524076,-2.2786020528684108,6.556440025021686,4.531817275837975,92.92728223393452,703.7618551681827,1.320919023139442,0.1744189656913384,7.57325338964006,1.2274941487145201,0.20497481384382904
保险,4,2025Q2,9,1.563095702275414,0.47278214052604345,0.40090704643960123,0.2801658647231065,0.23620218873686888,0.08272490010042337,0.98,1.3599110730979338,0.38753653994630544,0.5162401454501463,0.09622331460354826,-0.06891834160407262,-0.010313371232558752,0.03009899022231976,2.267008480433488,-2.236909490211168,0.07201295391126325,0.3055661391535776,-2.2786020528684108,8.292950020356384,6.025941539922895,414.03128554644695,3995.603938458427,1.0305565439258348,0.1067880243592259,9.650487965383926,4.266826507099168,1.4508703441571236
保险,4,2025Q3,10,1.563095702275414,0.47278214052604345,0.4094703835540708,0.2982269337133607,0.21423508509294895,0.07806759763961958,0.6981945150386396,1.3980667369060193,0.3564542651836281,0.5420247741575296,0.10152096065884228,-0.060778532987104006,-0.015648459461876096,0.13211305898375897,1.831322615097465,-1.6992095561137062,0.07201295391126325,-0.12848617490933073,-2.2786020528684108,7.855054593491231,6.023731978393766,413.1174678860048,2578.7358919700955,1.1412373391074588,0.18282798221296206,6.242137146042122,4.714650797890352,1.550674851389433
保险,4,2025Q4,11,1.563095702275414,0.47278214052604345,0.3962367199465977,0.33822000473255465,0.18046242265226115,0.08508085266858655,0.9226979456340118,1.6025848020367641,0.17514985335217648,0.6892773145460295,0.13557283210179405,0.04394490046428556,-0.004778984688729386,0.24241058047127884,2.1752193842588197,-1.9328088037875408,0.07201295391126325,0.3868558462003079,-2.2786020528684108,9.241701065955022,7.066481681696201,1172.0172420742617,10318.5762160331,1.2743172952166602,0.14474107770282454,8.8041163948843,14.935218418673628,2.7037220761793885
保险,4,2026Q1,12,1.563095702275414,0.47278214052604345,0.45771856279918915,0.2687670513850182,0.18086068089114848,0.0926537049246442,0.8289605927503985,1.399440943138989,0.3539186734160927,0.5447459144633608,0.10133541212054649,0.011037667738264756,0.014664596259641345,0.13904930175938207,2.0969568757142723,-1.9579075739548901,0.07201295391126325,0.0749953009398234,-2.2786020528684108,9.060087351357824,6.963130475643552,1056.937099562021,8604.902271093313,1.1491807552400735,0.14115346532129894,8.141357016097793,12.14611774315936,2.4970095914148422
保险,4,2026Q2,13,1.563095702275414,0.47278214052604345,0.4883498150922477,0.2445921760678125,0.19525788365835145,0.07180012518158846,0.8666895910271512,1.4911253421936872,0.2764534675888977,0.6079599884849731,0.11558654392612917,-0.030869533398161786,0.018782772416096733,-0.0999018322095946,2.0934759947703165,-2.193377826979911,0.07201295391126325,-0.22629518507869462,-2.2786020528684108,9.603453731680506,7.50997773691019,1826.1728861130666,14815.863319986442,0.9049262482860276,0.11153935095518125,8.113067186930692,16.525517785519646,2.804905718712504
汽车制造,5,2023Q1,0,-0.03093722433101964,0.27232002418080226,0.3281211475175248,0.3500471582580132,0.25058714975043134,0.07124454447403059,0.02,0.14842000511827322,0.965,0.03,0.005,-0.3930319775633179,0.049428961892527046,2.125862982210504,-0.14053706492792123,2.2664000471384256,0.05584657527171512,0.08388552306219671,-1.6991947162983103,-2.511944355881036,-2.3714072909531145,0.0933492642220542,0.08111037838056132,8.38012626841566,9.644618073092225,0.8688914589366268,0.007822786212445105,-4.850714494730702
汽车制造,5,2023Q2,1,-0.03093722433101964,0.27232002418080226,0.317028556440253,0.3678953396450543,0.22929573176126625,0.08578037215342631,0.14650255635537118,0.295158336732651,0.9164358397010136,0.07514174567482124,0.008422414624165174,-0.13623831939300438,-0.011312452164343146,1.9600564485585303,0.33408771539447474,1.6259687331640555,0.05584657527171512,-0.15738272379910143,-1.6991947162983103,-2.2530984248417627,-2.5871861402362373,0.07523143323345503,0.1050731583927978,7.099727823246998,5.083341053797815,1.3966656472798968,0.005341226997103096,-5.232299877665798
汽车制造,5,2023Q3,2,-0.03093722433101964,0.27232002418080226,0.3449985832081473,0.32608453986649855,0.24979393520232424,0.07912294172302996,0.3026546461011848,0.41571250169466895,0.8711042155746761,0.11719007864185112,0.01170570578347277,-0.04848853146471607,-0.02769572564585031,1.7878614876471874,0.8386451343116305,0.949216353335557,0.05584657527171512,0.08313020946374294,-1.6991947162983103,-1.1221152884122692,-1.9607604227238995,0.14075134969178138,0.3255903482004043,5.976657634126733,2.583684170303614,2.3132307357150403,0.008412226286490266,-4.778069121064803
汽车制造,5,2023Q4,3,-0.03093722433101964,0.27232002418080226,0.33507849790941,0.3296715631320372,0.24933905344200055,0.08591088551655227,0.24456128727171325,0.41011570005608017,0.8721695304077907,0.11660313092635793,0.01122733866585137,-0.010527516293178663,-0.013356523362337464,1.5527794035667692,0.9040830692429549,0.6486963343238143,0.05584657527171512,-0.35119525688315784,-1.6991947162983103,-1.698520994177394,-2.602604063420349,0.07408041671775592,0.18295391395333263,4.724583474744681,1.9130452312498,2.4696663714835907,0.003499991126269092,-5.654994845841671
汽车制造,5,2024Q1,4,-0.03093722433101964,0.27232002418080226,0.3286700247349734,0.33868154486398583,0.24556379164197495,0.08708463875906573,0.598365119518996,0.5637762206781415,0.8073370288336373,0.17636233385935537,0.016300637307007277,-0.04217234785059654,-0.015169323210307995,0.9229995440668828,1.545787337933765,-0.6227877938668822,0.05584657527171512,-0.16956074817486755,-1.6991947162983103,0.6537699770613048,-0.8920173608724602,0.40982814697512726,1.922776003651185,2.5168284167074546,0.5364468478464954,4.691664098337002,0.010314671262735595,-4.574188002793669
汽车制造,5,2024Q2,5,-0.03093722433101964,0.27232002418080226,0.44131948498273077,0.30270555168368457,0.1965892717489534,0.059385691584631306,0.537344247549657,0.7125250201614146,0.7352874079147148,0.24244024291488944,0.022272349170395805,0.005430749185938888,0.050027318740673406,0.7308611798949236,1.3889590081716547,-0.6580978282767311,0.05584657527171512,-0.675004600717783,-1.6991947162983103,0.958313055936374,-0.4306459522352808,0.650089032604148,2.6072944016296673,2.076868395066587,0.5178354101290087,4.010672801516558,0.013501493657949669,-4.304954958328449
汽车制造,5,2024Q3,6,-0.03093722433101964,0.27232002418080226,0.41252430221942066,0.3074418451315793,0.21827901926752358,0.06175483338147653,0.6275750509138092,0.6418160238446112,0.7696021765039495,0.21142195145505768,0.018975872040992804,-0.1389800586028762,0.0375900841686165,0.32559912977489913,1.610963427288507,-1.285364297513608,0.05584657527171512,-0.2949757376024091,-1.6991947162983103,2.607532569943067,0.9965691426545601,2.7089717711523686,13.565537507932403,1.384860108403137,0.27654981886750907,5.007633395220565,0.03751546940659107,-3.2830019135586324
汽车制造,5,2024Q4,7,-0.03093722433101964,0.27232002418080226,0.46860938821635084,0.2896716117795162,0.1739597394313615,0.06775926057277137,0.5775006999228919,0.58731896097181,0.7948048302833136,0.18850673147878041,0.016688438237905952,0.02932373167259894,0.03994188454431575,0.6666782468147215,1.625867319104825,-0.9591890722901034,0.05584657527171512,-0.12633431064546424,-1.6991947162983103,2.8727743496722464,1.2469070305674212,3.479564111298994,17.686017394520338,1.9477565962338386,0.3832035103562082,5.082825557686814,0.0677734394980115,-2.691584908605949
汽车制造,5,2025Q1,8,-0.03093722433101964,0.27232002418080226,0.4863114063761448,0.30078092445715315,0.1500695134424282,0.06283815572427387,0.7105047905287338,0.6335795911521771,0.7726641737452786,0.2089416242147892,0.018394202039932105,-0.14131726841729042,0.008919141615998313,0.0013053895059142208,1.7627252173621315,-1.7614198278562172,0.05584657527171512,-0.06023778872208327,-1.6991947162983103,4.526315231168162,2.7635900138060308,15.856666540288247,92.41739617028148,1.001306241897656,0.171800763064411,5.828299153259579,0.1587737918248033,-1.8402747826761465
汽车制造,5,2025Q2,9,-0.03093722433101964,0.27232002418080226,0.5579778979440192,0.23734182437961462,0.14407639357532362,0.060603884101042574,0.6366906417497877,0.6662617093561999,0.7563962692360231,0.2239551617360419,0.019648569027934958,-0.2535634976377058,-0.019487535579384027,-0.34580015406252784,1.6376803083304126,-1.9834804623929405,0.05584657527171512,-0.10577683856893874,-1.6991947162983103,5.4498105905897924,3.81213028225938,45.246724566685664,232.71408349568011,0.7076538947321599,0.137589527812496,5.143224967648228,0.32019020863488407,-1.1388400577912392
汽车制造,5,2025Q3,10,-0.03093722433101964,0.27232002418080226,0.5536573221152731,0.2807960156278386,0.12462150984374935,0.04092515241313899,0.7140464603660022,0.8266098393632262,0.6704789155486375,0.30252163609843574,0.026999448352926763,-0.07314873467340732,-0.029746909186619284,0.01019175224709696,1.702918692886332,-1.6927269406392351,0.05584657527171512,0.261041524195598,-1.6991947162983103,6.647806762573848,4.944888069687516,140.45512878511977,771.0912833304745,1.010243865043803,0.18401703564361463,5.4899475013842745,1.418939321691045,0.34990963594652147
汽车制造,5,2025Q4,11,-0.03093722433101964,0.27232002418080226,0.5217269779609104,0.28851775809595753,0.14281749283250114,0.046937771110630945,0.7829012088190674,0.8282365787027408,0.6692800679456279,0.30370916654412483,0.027010765510247236,0.06680831968010781,0.022699486691219333,0.295444784421137,1.8687997668516259,-1.5733549824304889,0.05584657527171512,-0.060177917635295015,-1.6991947162983103,6.290318219213958,4.421518452362333,83.22255895510551,539.324925334391,1.3437238932434188,0.2073483639857713,6.480513602391519,1.1182814092483433,0.11179305079537871
汽车制造,5,2026Q1,12,-0.03093722433101964,0.27232002418080226,0.5495354960133357,0.2913054908512585,0.11640209087650258,0.04275692225890322,0.6865793852064147,0.8528295643061378,0.6547598694998028,0.3170077653546446,0.028232365145552617,0.019167515139124958,0.021340538493455203,0.12327493824325629,1.7719041485625424,-1.648629210319286,0.05584657527171512,-0.042240938923829824,-1.6991947162983103,6.702793807488993,4.93088965892645,138.50267768780355,814.6787041607876,1.1311953870697913,0.19231334917321707,5.882042988346696,1.566735900972575,0.4489944111816149
汽车制造,5,2026Q2,13,-0.03093722433101964,0.27232002418080226,0.6902139134566354,0.18599660410295912,0.08444323969133252,0.03934624274907286,0.8750724110372138,1.0089407619377149,0.5557430990751413,0.4069911184828908,0.03726578244196792,-0.07232331492812372,0.05336438025804488,-0.34153316361178837,1.91366226608314,-2.255195429694928,0.05584657527171512,-0.1149247321623334,-1.6991947162983103,8.023660772497912,6.109998506414772,450.3380425488707,3052.3307939709766,0.7106798985167818,0.10485305033420336,6.777865748794112,3.2004619437687762,1.1632951568148926
电子设备制造,6,2023Q1,0,1.7542981227326122,0.48020281266401293,0.1950542136487568,0.29468457169838025,0.3986195147338041,0.11164169991905888,0.14380371884156476,0.14842000511827322,0.965,0.03,0.005,-0.2114185616605629,0.06737179053186325,2.7168544455481896,0.3089621000389054,2.407892345509284,0.06334302491195944,0.19052469970722868,-2.3264894107392102,-3.259269552222979,-3.568231652261885,0.028205687068864366,0.03841644898118217,15.132646736999995,11.110519314176313,1.3620107493707971,0.004268266983874933,-5.456547392701787
电子设备制造,6,2023Q2,1,1.7542981227326122,0.48020281266401293,0.2270702523941598,0.28735363853758045,0.37664106858369567,0.10893504048456402,0.60782455938292,0.5205101983947569,0.8530286780046744,0.12497386104306407,0.02199746095226151,-0.10080787483279928,-0.006215966500831491,1.782555299670653,1.197610951840944,0.5849443478297092,0.06334302491195944,-0.25290933975617974,-2.3264894107392102,0.1418113766995171,-1.0557995751414269,0.3479141325704934,1.1523592662278273,5.945028354911032,1.794891093275536,3.312194470842139,0.02068359383205859,-3.878414461458865
电子设备制造,6,2023Q3,2,1.7542981227326122,0.48020281266401293,0.2264947544933553,0.30836079438032027,0.3528275791446997,0.11231687198162474,0.5787890995247903,0.8495123235695319,0.7159420986646764,0.23984586174744962,0.04421203958787396,-0.03268945614530949,-0.009703367186919828,1.4812250983779096,1.4074242076100492,0.07380089076786045,0.06334302491195944,-0.6521182081973468,-2.3264894107392102,0.8494892497819752,-0.557934957828074,0.5723898534251716,2.338452181901227,4.398330769504817,1.0765924246633247,4.08541864938375,0.02517559904472284,-3.681880045438256
电子设备制造,6,2023Q4,3,1.7542981227326122,0.48020281266401293,0.25191968825415983,0.31392328568069927,0.33745154040103964,0.09670548566410127,0.8825025741747589,0.9785398888466924,0.6466315208219685,0.2987809118192113,0.05458756735882023,-0.010625623756817137,0.0011031428964774076,1.0673127885319136,1.876322402153499,-0.8090096136215854,0.06334302491195944,-0.10729805346195045,-2.3264894107392102,2.9098671386822996,1.0335447365288006,2.8110124938107495,18.35435982058267,2.9075557754599517,0.44529886583699246,6.529447969724452,0.08173175611269526,-2.5043126609273774
电子设备制造,6,2024Q1,4,1.7542981227326122,0.48020281266401293,0.2587403529844277,0.3166168252316558,0.33372401507896987,0.09091880670494645,0.7890128719340481,0.9352060736099979,0.665803636205238,0.2846373334387152,0.04955903035604685,-0.016858367161024845,-0.004492703149424428,0.8399155538048511,1.875721464296596,-1.035805910491745,0.06334302491195944,-0.24868971694569442,-2.3264894107392102,3.138826822833519,1.2631053585369227,3.5363862009496003,23.07677782289225,2.316171376662293,0.35494021558493294,6.525525355996357,0.08190876495462973,-2.5021492736463173
电子设备制造,6,2024Q2,5,1.7542981227326122,0.48020281266401293,0.26273570520157513,0.3018371381932773,0.3345781198539096,0.100849036751238,0.7568302359504958,0.952469914067794,0.6544258647326647,0.29508489638521973,0.05048923888211556,0.003275883457694695,0.03267522775324617,0.6814019483599612,1.9139431074477087,-1.2325411590877475,0.06334302491195944,-0.5879587596288607,-2.3264894107392102,3.895486345072902,1.9815432376251934,7.253928887678124,49.17996598146095,1.976646947574802,0.2915507586800429,6.779769521176371,0.14338456393753643,-1.9422250000029369
电子设备制造,6,2024Q3,6,1.7542981227326122,0.48020281266401293,0.30119684266503577,0.28019738652414045,0.3120377614110336,0.10656800939979011,0.80423150237314,0.9451053845257245,0.6566342061857525,0.29400332598238677,0.0493624678318607,-0.14066690770857382,0.030779343755658713,0.2839866464942042,1.9916994191424733,-1.707712772648269,0.06334302491195944,-0.3410076614219788,-2.3264894107392102,5.505104747923646,3.513405328781172,33.56236429071135,245.94421647561194,1.3284151916343945,0.18127994725734795,7.3279764901329925,0.4458475459094868,-0.8077782107127149
电子设备制造,6,2024Q4,7,1.7542981227326122,0.48020281266401293,0.33759311870598846,0.3059427215347477,0.24908781719655967,0.10737634256270416,0.7243801382487934,0.9758005977888087,0.6388727444929352,0.30931736342188976,0.051809892085175,0.007357189870917824,0.022484980480395315,0.4862470858175758,1.9961845545531263,-1.5099374687355505,0.06334302491195944,-0.35494077707793636,-2.3264894107392102,5.754298488783947,3.758113934230821,42.867498763699246,315.54411212976134,1.6262017579653918,0.2209237921715351,7.360917273693801,0.6971120184910696,-0.36080916593969475
电子设备制造,6,2025Q1,8,1.7542981227326122,0.48020281266401293,0.3846946128238833,0.30752592533876333,0.23356131215508302,0.07421814968227045,0.9158694265637081,1.3132157983766855,0.4220975108808339,0.4884112403686762,0.08949124875048989,-0.03828521187351286,0.010000891526367975,0.08798895832903768,2.120266035063704,-2.0322770767346663,0.06334302491195944,0.036821846345524184,-2.3264894107392102,7.833058162335996,5.712792127272292,302.7151085107852,2522.6322079625006,1.0919760647212258,0.1310368003230457,8.333354157222791,3.305576529232661,1.195610899613238
电子设备制造,6,2025Q2,9,1.7542981227326122,0.48020281266401293,0.37579017009422616,0.321453471416005,0.22229803501252232,0.0804583234772465,0.8286032913386587,1.4325827080777478,0.3270683731188878,0.566503388681004,0.10642823820010815,-0.11374349885868185,-0.0023905639562637054,0.0601173989221119,2.0461432657560668,-1.9860258668339548,0.06334302491195944,0.24778515824338326,-2.3264894107392102,8.601810749304294,6.555667483548226,703.2183799032467,5441.503875264517,1.0619612123290543,0.13723975216645853,7.738000073338795,7.467906432541254,2.0106146964822464
电子设备制造,6,2025Q3,10,1.7542981227326122,0.48020281266401293,0.4510282643316505,0.2646769505829005,0.1924828219595396,0.09181196312590943,0.8399831152324816,1.4828530036604155,0.2832147765603392,0.6026814965125694,0.11410372692709138,0.011157835808478178,-0.004613079734468185,0.1917965124614721,2.016359655176138,-1.8245631427146658,0.06334302491195944,0.007370441498098491,-2.3264894107392102,9.217413212534211,7.201053557358073,1340.8426751657667,10070.979121691218,1.2114239821981236,0.16128808861811292,7.510932720310498,16.243289730504983,2.787679883831454
电子设备制造,6,2025Q4,11,1.7542981227326122,0.48020281266401293,0.4200500444332617,0.29596998812207076,0.21342081538417065,0.07055915206049694,0.936896194633884,1.3987429724626637,0.3527995890375317,0.5464272801956304,0.10077313076683793,0.00010729743928439284,0.02202350978219358,0.17028607455436967,2.199719975952257,-2.0294339013978875,0.06334302491195944,0.18135910739789024,-2.3264894107392102,9.96172237325744,7.7620023973051815,2349.6047401366254,21199.27735938005,1.1856439853839993,0.13140989105178602,9.02248663243135,27.85794728172725,3.32711828587146
电子设备制造,6,2026Q1,12,1.7542981227326122,0.48020281266401293,0.4513852117010333,0.2991104040512058,0.16625929135669748,0.08324509289106335,0.9572074174965609,1.4099583174912962,0.3430827845324503,0.5546414853284662,0.10227573013908348,0.002302575953757491,-0.0004586599960467244,0.0033040426941193177,2.2184125886859265,-2.215108545991807,0.06334302491195944,0.15923622131249193,-2.3264894107392102,10.6268316264355,8.408419037749574,4484.664818231554,41226.29774251817,1.00330950705969,0.10914166671501348,9.192726639217387,44.99506848107835,3.8065528944556024
电子设备制造,6,2026Q2,13,1.7542981227326122,0.48020281266401293,0.46818974903427946,0.2587836356612323,0.19905716488202801,0.07396945042246014,0.9249120129149416,1.2191337765589183,0.4856291179441962,0.43790340056041677,0.07646748149538703,-0.02006729741709823,0.019022543468011167,0.0016542508463030427,2.2110406081355043,-2.209386357289201,0.06334302491195944,0.14577196300059125,-2.3264894107392102,10.668036022120665,8.456995413985162,4707.891461159467,42960.48514735236,1.0016556198740354,0.10976798617736248,9.125207218938735,47.156859398273646,3.8534794788433735
通用装备制造,7,2023Q1,0,-0.44280180553120535,0.24745201585406074,0.3334580988238887,0.36546259767006223,0.2265455114756435,0.07453379203040567,0.20031740509222587,0.14842000511827322,0.965,0.03,0.005,-0.051857226187162764,-0.028769742884414785,2.3794381524233152,0.07096366574865162,2.3084744866746636,0.04083155055506662,-0.48620678902395736,-1.5844933892335091,-3.5338290807102415,-3.604792746458893,0.02719308009120997,0.02919291953731141,10.798833860527925,10.059067702553286,1.0735422188069044,0.00293653554061006,-5.830524780023669
通用装备制造,7,2023Q2,1,-0.44280180553120535,0.24745201585406074,0.37558470620206486,0.3197531848792511,0.2205441460038276,0.08411796291485639,0.28338180101990224,0.523402522543177,0.8473208717641147,0.13179520554577184,0.02088392269011337,0.009531503010597728,-0.0013630475438711244,1.9795977814643069,0.4538665951369863,1.5257311863273206,0.04083155055506662,-0.6446567836862629,-1.5844933892335091,-2.8461232595230794,-3.299989854660066,0.0368835415954093,0.05806900353171069,7.239830405469155,4.5985047041148,1.574387952455689,0.002670305859038305,-5.925562259183851
通用装备制造,7,2023Q3,2,-0.44280180553120535,0.24745201585406074,0.3950003943244733,0.28820404902331265,0.2511835526451148,0.06561200400709914,0.3516509713638811,0.6468960901729279,0.7955981086327308,0.17745655438774968,0.026945336979519518,0.0008290664202199594,-0.008679206613929083,1.7909745712045346,0.8326788616927205,0.9582957095118141,0.04083155055506662,0.046322477652459754,-1.5844933892335091,-1.5130116089662908,-2.345690470659011,0.09578104529198554,0.2202456842874854,5.9952924595701464,2.607249174786287,2.299470460111114,0.005742353786087876,-5.159886085442568
通用装备制造,7,2023Q4,3,-0.44280180553120535,0.24745201585406074,0.3866608654949277,0.3457011497226837,0.2015834664946387,0.06605451828774994,0.48461248599960394,0.6356400549326116,0.7973892350183015,0.17712003489495395,0.025490730086744483,0.0024012133576282735,-0.009157897115620851,1.2418499136481476,1.156786024779833,0.08506388886831462,0.04083155055506662,-0.3346628081630507,-1.5844933892335091,-1.1678994641301488,-2.3246854889099815,0.09781420286566497,0.3110195633465135,3.462011967788164,1.088786625821708,3.179697367402342,0.0033863394094059145,-5.688005761249926
通用装备制造,7,2024Q1,4,-0.44280180553120535,0.24745201585406074,0.4482033769667186,0.2981872280271076,0.19614846611806847,0.057460928888105424,0.3220444692917749,0.8386219033080966,0.7034028255889847,0.258107585826034,0.03848958858498134,-0.012669770505757794,-0.005436081669553238,1.2237768061091399,1.0308914491361019,0.192885356973038,0.04083155055506662,0.11708875679796255,-1.5844933892335091,-0.834909823956498,-1.8658012730926,0.15477214543117268,0.43391360828122866,3.400004673259094,1.2127437529344893,2.8035639557260676,0.005262260177563234,-5.247194652971551
通用装备制造,7,2024Q2,5,-0.44280180553120535,0.24745201585406074,0.4711069503797398,0.2642072089712452,0.19419130756774705,0.07049453308126803,0.6285882318511711,0.836205211048301,0.7027250452269447,0.2594778051452552,0.037797149627800106,-0.0010371949241766432,0.0021193851819698226,0.8715988596467412,1.4944424788695962,-0.622843619222855,0.04083155055506662,0.3710633468718203,-1.5844933892335091,1.3330795758408207,-0.16136290302877554,0.8509831906863838,3.792705345163039,2.3907302414873484,0.5364169013461487,4.456851071410622,0.020344712489713326,-3.8949342293701257
通用装备制造,7,2024Q3,6,-0.44280180553120535,0.24745201585406074,0.4530406293252275,0.2902535911872602,0.1985725567052494,0.05813322278226278,0.5912978694849003,1.0405415783257739,0.5890242430844627,0.35662826589658836,0.054347491018948986,0.0371711399023803,-0.0036971653418357057,0.6842059111062336,1.5335226662949986,-0.8493167551887649,0.04083155055506662,-0.10988814885465098,-1.5844933892335091,1.6481046065993707,0.1145819403043723,1.1214045255275369,5.197119899151289,1.9821971696498852,0.4277070607696112,4.634473805700431,0.02222844876533256,-3.8063823345774854
通用装备制造,7,2024Q4,7,-0.44280180553120535,0.24745201585406074,0.5183836996801079,0.24570708639793568,0.1804358281154512,0.05547338580650526,0.5841262611861653,1.1467037190398957,0.5202858715022578,0.415290731059045,0.06442339743869717,0.010478539441281631,0.005485771444356628,0.5705591829070962,1.6052379480369745,-1.0346787651298783,0.04083155055506662,0.30707835031565567,-1.5844933892335091,3.146171880244718,1.5409339322077433,4.668948717007887,23.24690210231873,1.7692561126513697,0.3553405103554867,4.979044215593054,0.08260566057221976,-2.4936770708732516
通用装备制造,7,2025Q1,8,-0.44280180553120535,0.24745201585406074,0.5418437341487338,0.26327710417904865,0.14256626737095943,0.05231289430125805,0.5597029589095092,1.2846221037530725,0.4210389678611217,0.49928656401062843,0.07967446812824985,-0.05568808914073253,-0.0024853622572959533,0.3670726051113313,1.520165857862554,-1.1530932527512228,0.04083155055506662,0.3617297280904767,-1.5844933892335091,3.6906574206605134,2.1704915627979595,8.762590345672162,40.0711819226502,1.4435027209863203,0.31565884508428965,4.572983597531903,0.12648823006866225,-2.0676060180788007
通用装备制造,7,2025Q2,9,-0.44280180553120535,0.24745201585406074,0.5387047777943393,0.2865339213605473,0.1294695545713163,0.04529174627379713,0.6100768325692404,1.17412404649181,0.49948245947500286,0.4338125312946923,0.0667050092303048,-0.05910578722269777,-0.009393271766181377,0.1639753980163111,1.5930243675680649,-1.4290489695517539,0.04083155055506662,0.11816195428517763,-1.5844933892335091,4.354346659067192,2.761322291499128,15.820748765024257,77.81596836780658,1.178185329039919,0.239536620572205,4.918602116976811,0.18639774089377995,-1.6798724964726526
通用装备制造,7,2025Q3,10,-0.44280180553120535,0.24745201585406074,0.5817515876792004,0.24839826600844325,0.12546249579142899,0.04438765052092737,0.9203339628444133,1.2350750014952547,0.4557033832769437,0.471046929110572,0.07324968761248432,-0.05692612625471949,-0.014282931030436227,-0.30457380630446645,1.9786585483125625,-2.283232354617029,0.04083155055506662,-0.16992246344081108,-1.5844933892335091,6.66044722654573,4.6817886782331675,107.96301105538903,780.9000982974342,0.7374375986820733,0.10195412165109959,7.233033709080264,0.7961598361917221,-0.2279553140593904
通用装备制造,7,2025Q4,11,-0.44280180553120535,0.24745201585406074,0.5900101516500086,0.2585330599504555,0.10570816481522047,0.04574862358431552,0.7303790064785015,1.1925551754181343,0.4853673033636141,0.44630606697590924,0.06832662966047667,0.04062463697631713,-0.005380969879409593,0.310595954778273,1.7339607902644174,-1.4233648354861443,0.04083155055506662,0.41112961837994777,-1.5844933892335091,6.008087427216333,4.274126636951915,71.81738925787165,406.70472356452325,1.3642378960103285,0.24090205581929977,5.663039658879629,0.9797600401811359,-0.020447594257903306
通用装备制造,7,2026Q1,12,-0.44280180553120535,0.24745201585406074,0.6151637137778995,0.24837453326334963,0.09860332672261728,0.03785842623613362,0.530928786296339,1.2286768504376038,0.45922821932482266,0.46855447254830884,0.0722173081268685,0.010149067389023325,0.013596040547128346,0.27174292899680863,1.5002596342103514,-1.2285167052135426,0.04083155055506662,0.026753542476686612,-1.5844933892335091,5.591408202256776,4.091148568046425,59.80854645463228,268.1129112065647,1.3122496166216735,0.29272645544221415,4.482852821209114,0.7848374215579075,-0.24227868894485832
通用装备制造,7,2026Q2,13,-0.44280180553120535,0.24745201585406074,0.5890279963872567,0.2655725122173551,0.10425699933506212,0.041142492060326066,0.500115139936547,1.3648445697905243,0.35399129108442356,0.5571824951984475,0.08882621371712889,-0.02777702195660592,0.016597367280079083,0.11019842710991541,1.487222585067949,-1.3770241579580336,0.04083155055506662,-0.07307391505950031,-1.5844933892335091,6.072814508508576,4.585591923440627,98.0612146980753,433.9001803741206,1.1164995922674936,0.2523283261446331,4.424788961773253,1.0948530622765622,0.09062016456245091
化工与材料,8,2023Q1,0,0.9727615012187897,0.44299163108247014,0.28686355005488157,0.3071328549854616,0.3121724866833659,0.09383110827629107,0.32879748645697326,0.14842000511827322,0.965,0.03,0.005,0.14548751038606156,-0.04033289601237634,2.8329243306773226,0.3832822117788917,2.449642118898431,0.029645793504998522,-0.38599726286183994,-2.1218075503804403,-6.06639346838511,-6.449675680164002,0.0015810348465580735,0.0023195235787358383,16.99508748248465,11.58420021095688,1.4670920022954972,0.0002686982553011115,-8.22192153547477
化工与材料,8,2023Q2,1,0.9727615012187897,0.44299163108247014,0.280108050542631,0.3235197030268586,0.3067562967302008,0.08961594970030955,0.2461191326792727,0.4571680586333141,0.8740607722484561,0.10759589655582126,0.01834333119572257,0.07001745090966732,0.004279056375505557,2.46520104382221,0.5887001253467186,1.8765009184754913,0.029645793504998522,-0.3677373779895922,-2.1218075503804403,-5.282433320362459,-5.871133445709178,0.002819675572933978,0.0050800543411994225,11.765847365142479,6.530613686807315,1.801644979997977,0.0003317587241036185,-8.01110258787506
化工与材料,8,2023Q3,2,0.9727615012187897,0.44299163108247014,0.27423476955004483,0.34603666189134813,0.29468907170831726,0.08503949685028982,0.35870173760857504,0.798202505567154,0.7394618264443968,0.22054457322929055,0.0399936003263126,0.023447662224067523,0.006768244020826617,1.8952013206314682,1.001565761112553,0.8936355595189152,0.029645793504998522,-0.11024957393241938,-2.1218075503804403,-3.011550001868034,-4.013115762980587,0.018076983803174924,0.049215335747495814,6.653887834701495,2.4439988225044638,2.722541342259318,0.0012028222261604158,-6.723084628337211
化工与材料,8,2023Q4,3,0.9727615012187897,0.44299163108247014,0.304714522161191,0.305966127477001,0.29231760353041986,0.09700174683138822,0.6572528244966369,1.091908485061085,0.5836891279602514,0.34985421438990827,0.06645665764984038,0.005934086946828454,0.00018012074250561318,1.283354667771445,1.540314395066168,-0.25695972729472305,0.029645793504998522,-0.19103569878834037,-2.1218075503804403,-1.0493092636328327,-2.5896236586990007,0.07504827853812844,0.35017954734051254,3.6087255175162647,0.7733993600227604,4.666057025713163,0.0027082863780621236,-5.911439176915647
化工与材料,8,2024Q1,4,0.9727615012187897,0.44299163108247014,0.31102763903683683,0.35397002595751914,0.27194537125418045,0.0630569637514635,0.5396287869203948,1.0807356090148812,0.5858377369001806,0.35012956387267635,0.0640326992271431,0.009825994171816399,0.0032998885230928997,1.0809591218378913,1.4499338423097652,-0.36897472047187385,0.029645793504998522,-0.1097604176949798,-2.1218075503804403,-0.8603107613767922,-2.3102446036865576,0.0992369748607879,0.42303060031726336,2.94750521238867,0.6914428895793503,4.262832486688566,0.002925015006638557,-5.834455667836758
化工与材料,8,2024Q2,5,0.9727615012187897,0.44299163108247014,0.35843040216454464,0.31886221638271967,0.234985716711691,0.08772166474104465,0.5527165708493899,0.9867803048370976,0.636285609544194,0.30994709221339956,0.053767298242406406,-0.004050744080154933,-0.020985196188168347,0.9391387195086078,1.5004445746049875,-0.5613058550963796,0.029645793504998522,0.27741910478517473,-2.1218075503804403,0.4786482341274356,-1.0217963404775519,0.3599477703287647,1.613891323806337,2.5577775055051375,0.5704636343990417,4.483681958447085,0.009206663101036438,-4.687827806957036
化工与材料,8,2024Q3,6,0.9727615012187897,0.44299163108247014,0.40131631942209567,0.2773174226600692,0.23897684661489377,0.08238941130294129,0.6836420990531338,1.0921714021253728,0.5738756873624344,0.362272812946386,0.06385149969117952,0.08510928537145779,-0.01900608192890275,1.0000570079831645,1.7133142734959956,-0.7132572655128311,0.029645793504998522,0.3292189973016624,-2.1218075503804403,1.2058876367737446,-0.507426636722251,0.6020428620903481,3.3397222230338977,2.7184367966409284,0.4900453870605665,5.5473163678713435,0.01636615469461422,-4.112539814727178
化工与材料,8,2024Q4,7,0.9727615012187897,0.44299163108247014,0.35496627117931034,0.3262862439261952,0.24000480672801375,0.07874267816648088,0.7463814704077412,1.1809971969358897,0.5163289071624849,0.4103431114760484,0.0733279813614667,-0.0071679144589170685,-0.013944256070945203,0.3375963921259555,1.9701101435765942,-1.6325137514506387,0.029645793504998522,-0.1757699390028643,-2.1218075503804403,3.424044054158495,1.4539339105819007,4.279918257010084,30.69328970012,1.401574702646131,0.1954376743915854,7.171466335799153,0.059986251584186544,-2.8136398832802354
化工与材料,8,2025Q1,8,0.9727615012187897,0.44299163108247014,0.3970656719468017,0.2751458116341816,0.2535124709861833,0.0742760454328334,0.7404109271691324,1.2820617516257118,0.4453711101043152,0.46915833687082853,0.08547055302485627,0.02631226477485793,-0.0050391257669774175,0.5306700471613208,1.8999582905897439,-1.369288243428423,0.029645793504998522,0.12271016039831707,-2.1218075503804403,3.434891717481041,1.534933426891297,4.6410165527698295,31.028052587925327,1.7000710548534532,0.2542878862313836,6.685615583380607,0.07890057906459741,-2.5395667119354735
化工与材料,8,2025Q2,9,0.9727615012187897,0.44299163108247014,0.4238149341359814,0.2899280452968454,0.21667527857057442,0.06958174199659879,0.6700827065801651,1.4860179284611688,0.282320824120581,0.6025496947693124,0.1151294811101066,0.07389307250308663,0.0030718527166742546,0.42258007394149466,1.798589168115254,-1.3760090941737593,0.029645793504998522,-0.34281530456295745,-2.1218075503804403,3.720919706578756,1.9223305384635017,6.836873513469256,41.302362700646455,1.5258933990104624,0.2525845855280556,6.04111844679839,0.10432340164072207,-2.260259573583095
化工与材料,8,2025Q3,10,0.9727615012187897,0.44299163108247014,0.4823696695533827,0.2786350891975264,0.16739975268913962,0.07159548855995124,0.6894131102901092,1.5622306763262817,0.21234757230716672,0.6597895912828502,0.12786283640998308,-0.004773618419242398,0.004214911274089766,0.24099475922737618,1.7933969590315748,-1.5524021998041986,0.029645793504998522,-0.04460220303100185,-2.1218075503804403,5.647114613780346,3.8537176547487713,47.168092363614285,283.47235743638146,1.2725143663322993,0.21173872369075175,6.009832987332207,0.60022075165188,-0.5104577720119439
化工与材料,8,2025Q4,11,0.9727615012187897,0.44299163108247014,0.534096827827054,0.25662745047982044,0.14722827733056998,0.0620474443625556,0.9171371821018017,1.5689468779045928,0.20502691460060693,0.6661849386112795,0.1287881467881136,-0.0043425638434969605,-0.013556929246340943,-0.10845760737565369,2.0382548151459883,-2.146712422521642,0.029645793504998522,-0.12111523674915217,-2.1218075503804403,7.002506639928814,4.964251824782826,143.20137046725725,1099.3854709777827,0.8972169293910174,0.11686773864761629,7.677199368906566,1.2848269389521807,0.2506240314190809
化工与材料,8,2026Q1,12,0.9727615012187897,0.44299163108247014,0.4972265905358869,0.29744213336517517,0.13950975403097943,0.06582152206795858,0.9214677168261192,1.5982287561163049,0.17629200152757074,0.6897858925095599,0.13392210596286935,-0.0018860818321598805,-0.0008744612958985418,-0.06609665294061268,2.134251436695394,-2.2003480896360066,0.029645793504998522,0.192839600017786,-2.1218075503804403,7.700884638127261,5.566633201431866,261.55202221178513,2210.3024450835387,0.9360403888632153,0.11076459564330195,8.450718241030465,2.4482325657907964,0.8953663625031621
化工与材料,8,2026Q2,13,0.9727615012187897,0.44299163108247014,0.49247853373747397,0.31853926128297416,0.11785025278351834,0.0711319521960334,0.8579834985996044,1.502452541373476,0.2644971805467552,0.6185768531386532,0.11692596631459162,0.014122117522227584,-0.013017540232758962,-0.003887681482103833,2.054173002981215,-2.0580606844633187,0.029645793504998522,-0.011693757597500548,-2.1218075503804403,7.343217132573569,5.289044129592354,198.1539253816443,1545.6767704911772,0.9961198657679468,0.12770138318752844,7.800384309895476,1.9738506155255526,0.6799862621221591
能源电力,9,2023Q1,0,-0.19332053013170625,0.3225198947462414,0.29842037560520907,0.3330408530232157,0.28660906447050505,0.0819297069010701,0.15291578961601904,0.14842000511827322,0.965,0.03,0.005,-0.26515709718151276,-0.0034415919431312553,2.275377083187666,0.09485238005825716,2.1805247031294086,0.04273602658777655,0.051906343660466175,-1.7319778868732438,-2.9263516319323344,-3.0212040119905916,0.0487424964679757,0.053592205999674784,9.731587938972256,8.850949161264767,1.0994965355310715,0.004743418907431502,-5.350997114791017
能源电力,9,2023Q2,1,-0.19332053013170625,0.3225198947462414,0.36282969307554747,0.30982534890196145,0.2608175491636919,0.06652740885879924,0.3155632312077166,0.4394218289930451,0.8757645898270345,0.10795327224867331,0.016282137924292103,-0.06492483577692898,-0.007504328224680133,1.9610214299627033,0.5163503904919758,1.4446710394707276,0.04273602658777655,-0.15546572607289608,-1.7319778868732438,-2.3247207867695274,-2.841071177261503,0.058363115227076275,0.09781075029460518,7.106582235229275,4.24045697038535,1.6759000939899802,0.004147622778653794,-5.485219933286891
能源电力,9,2023Q3,2,-0.19332053013170625,0.3225198947462414,0.3856823487030737,0.3176242408202952,0.22857766921055728,0.06811574126607364,0.2989142796503291,0.6020384390337894,0.8128487867354208,0.16311637445348828,0.024034838811090895,-0.025869115730903725,-0.023680833996119723,1.7135296352749814,0.7387116024352032,0.9748180328397782,0.04273602658777655,-0.1391681419152905,-1.7319778868732438,-1.7183589716095344,-2.4570705740447374,0.0856855932699636,0.17936024178618729,5.548511176446357,2.650684829504076,2.093236855127904,0.004754274719188297,-5.348711124757847
能源电力,9,2023Q4,3,-0.19332053013170625,0.3225198947462414,0.33681889310202484,0.3495501899467622,0.2584014446997597,0.055229472251453415,0.4240621423271517,0.7007347390113141,0.768967739319753,0.20174716506299625,0.029285095617250654,-0.0029209179305323962,-0.016618012318103954,1.3111980222802548,1.119432120614933,0.19176590166532193,0.04273602658777655,-0.2821043544201112,-1.7319778868732438,-1.0691393401423785,-2.1885714607573115,0.11207674033465793,0.34330385815619896,3.7106164516109423,1.2113869001131121,3.0631142298669953,0.004158737965287094,-5.482543624465148
能源电力,9,2024Q1,4,-0.19332053013170625,0.3225198947462414,0.3554222873894847,0.3240438630800623,0.2426376770295994,0.07789617250085352,0.49029812823336305,0.8790495336583588,0.6816806031502072,0.27707838544200025,0.041241011407792585,-0.03491547756739072,-0.013694836925908293,0.9319887035530853,1.3538322507390006,-0.4218435471859153,0.04273602658777655,-0.2544995028424961,-1.7319778868732438,0.052336990994907184,-1.3014952597440934,0.272124591726633,1.053730780471783,2.539554580266942,0.6558366388549739,3.8722365141123465,0.006910752533226424,-4.9746767421791
能源电力,9,2024Q2,5,-0.19332053013170625,0.3225198947462414,0.3897978587620056,0.3290155047482443,0.2183435616823903,0.06284307480735978,0.5045794236812087,0.8569585223104963,0.6910290509223638,0.26996447042449956,0.039006478653136695,0.0024968558439747435,0.028847544554700594,0.8352623339146914,1.3998639956855203,-0.5646016617708289,0.04273602658777655,-0.5274153651236321,-1.7319778868732438,0.6314494946565514,-0.7684145010289689,0.46374775732504164,1.880334139181987,2.3054187584934653,0.5685865914297219,4.054648479656274,0.010691327789464265,-4.538322353102369
能源电力,9,2024Q3,6,-0.19332053013170625,0.3225198947462414,0.4199277001984688,0.3148717736731725,0.19657928418835777,0.06862124194000083,0.6916394419739366,0.7855165760061508,0.7251813169384925,0.24126561679395184,0.03355306626755558,-0.03520264373200288,0.016116385318021804,0.42072630624134055,1.676872684933028,-1.2561463786916875,0.04273602658777655,-0.232068543410938,-1.7319778868732438,2.3272562470237,0.650383562090672,1.9162756987841236,10.24978005211254,1.5230673673259207,0.28474923059604873,5.348802397596558,0.029186169836177743,-3.5340603176560785
能源电力,9,2024Q4,7,-0.19332053013170625,0.3225198947462414,0.46451346101187957,0.3174337758905531,0.16082061025559363,0.05723215284197371,0.6364095519283448,0.9303613693474263,0.6495314304675525,0.3064667942182653,0.04400177531418226,0.026980866645207824,0.026677680323094942,0.40361969317844615,1.6775383901303187,-1.2739186969518725,0.04273602658777655,-0.33023494747559257,-1.7319778868732438,3.0801472550255498,1.4026088648952308,4.065793247892532,21.761606666214494,1.4972344302021783,0.2797332811956008,5.3523643086117145,0.060874456368282384,-2.7989416279144144
能源电力,9,2025Q1,8,-0.19332053013170625,0.3225198947462414,0.51421307430982,0.2743207442766465,0.1494472807433843,0.06201890067014932,0.8344770069664521,1.0793273559220975,0.5607222977069681,0.3824716669352175,0.05680603535781442,-0.1319461838143502,0.0018157375673522463,-0.15099771635391662,1.8895607284977884,-2.040558444851705,0.04273602658777655,-0.10750789077506026,-1.7319778868732438,4.942275053684422,3.052714325186633,21.172736188452564,140.08859637197062,0.859849662249277,0.1299561172859076,6.6164616195602415,0.1820537006053398,-1.703453577155375
能源电力,9,2025Q2,9,-0.19332053013170625,0.3225198947462414,0.5465931652222258,0.24253666365418936,0.154576713945608,0.056293457177976874,0.8370950003488911,1.1978485631433107,0.48077980427815237,0.4505546509920547,0.06866554472979293,-0.19504013108581497,-0.020341071079173635,-0.4742105065907859,1.9108759840604246,-2.3850864906512106,0.04273602658777655,-0.2086491634171372,-1.7319778868732438,6.102522115805188,4.191646131744764,66.13156267421127,446.9836942700624,0.6223762244798311,0.09208101508790002,6.759006988418993,0.4115871229612693,-0.8877345608341134
能源电力,9,2025Q3,10,-0.19332053013170625,0.3225198947462414,0.5760298282922653,0.2601057780109327,0.10910663578090261,0.05475775791589934,0.8191456324534772,1.0142259202556323,0.5992501504671622,0.3502972397186782,0.05045260981415954,-0.09699844157223692,-0.030636118825459004,-0.28540530974731293,1.8251290808451557,-2.1105343905924685,0.04273602658777655,-0.12685301493731688,-1.7319778868732438,6.741649598356698,4.916520517511542,136.52674336347658,846.9567225435015,0.751709517372588,0.12117319531274982,6.203595732805548,1.0262845236221017,0.025945021776138177
能源电力,9,2025Q4,11,-0.19332053013170625,0.3225198947462414,0.5737327718615367,0.2484996216151363,0.12382943966298494,0.053938166860342064,0.6255444337049484,0.9854235078916211,0.6158128874139583,0.3363339433763234,0.04785316920971829,0.07786356269930172,0.006529921516808909,0.39799987006920395,1.592362318512769,-1.194362448443565,0.04273602658777655,-0.09507630227050283,-1.7319778868732438,5.3273390868333905,3.734976768320621,41.887052445226644,205.88939082278023,1.4888438364606003,0.3028970050926858,4.915346838787717,0.623632798605776,-0.4721935475982664
能源电力,9,2026Q1,12,-0.19332053013170625,0.3225198947462414,0.6306107045131104,0.23497301684413496,0.09343540004270898,0.04098087860004568,0.6620536501724325,1.0678495564640091,0.5655934545247953,0.3793249781413365,0.05508156733386823,0.020559110005634262,0.0254294284094421,0.07788053100366832,1.6802873287511682,-1.6024067977474998,0.04273602658777655,-0.10914321803443895,-1.7319778868732438,6.335787103712583,4.655499774961415,105.16176408428437,564.4134801404043,1.080993505746179,0.20141117820156285,5.367097871123973,1.1367918402792319,0.12821011997699178
能源电力,9,2026Q2,13,-0.19332053013170625,0.3225198947462414,0.5993551754352823,0.2571609258926979,0.09819126980075117,0.045292628871268586,0.7874392269739154,1.1675966020962139,0.49970352526078454,0.43544476727199,0.06485170746722549,-0.06691676926420864,0.045425883345171655,-0.17640790251593313,1.8401011426115472,-2.0165090451274805,0.04273602658777655,0.009323395856561209,-1.7319778868732438,7.486436766970048,5.646335624358501,283.2516214552125,1783.6850694335967,0.8382759787087802,0.1331193685842851,6.297175141557421,2.374430301962172,0.8647575358544761
医药与生命科学,10,2023Q1,0,-1.4507984680090509,0.11934136396405282,0.4377280041078121,0.31488051487454166,0.19064149921953533,0.056749981798110714,0.12093780118020277,0.14842000511827322,0.965,0.03,0.005,0.15571244787644,-0.001417898293585274,2.92799942918679,-0.17641794871482552,3.1044173779016155,0.07538240081500232,-0.26442403778448664,-1.2163502092809297,-1.8660265361485227,-1.689608587433697,0.18459176138979855,0.15473728491126215,18.690201997365627,22.296224916983455,0.8382675572638733,0.034500573074248524,-3.3667793442349985
医药与生命科学,10,2023Q2,1,-1.4507984680090509,0.11934136396405282,0.42886646064911926,0.31083889039434637,0.1980216535415743,0.06227299541496004,0.04208719258206353,0.5130005668196939,0.8562692405174607,0.1219941014689899,0.02173665801354935,0.03240395759271365,0.004382296123148284,2.3865182694251805,0.07827752884689862,2.308240740578282,0.07538240081500232,-0.0919100726901042,-1.2163502092809297,-1.1280203830039932,-1.2062979118508919,0.29930327803313767,0.32367337192966594,10.875562169928301,10.056716709523,1.0814227430340075,0.03255091407912724,-3.424949828413803
医药与生命科学,10,2023Q3,2,-1.4507984680090509,0.11934136396405282,0.4657485449459623,0.28974456176671615,0.18891154535421895,0.0555953479331025,0.02,0.7716863699740626,0.7522783970023957,0.20951735913403038,0.03820424386357394,0.012457828123038694,0.014623393678206122,2.0843122461378503,0.3111477977051242,1.773164448432726,0.07538240081500232,-0.0015908873640595805,-1.2163502092809297,-0.5289130101621812,-0.8400608078673054,0.4316842728309862,0.5892451251571041,8.039060684968149,5.889460799712831,1.3649909488081036,0.034703360660346454,-3.3609187477175464
医药与生命科学,10,2023Q4,3,-1.4507984680090509,0.11934136396405282,0.410940239695077,0.33303032986361697,0.20386569971642018,0.052163730724885775,0.3218656798598417,0.8488748649657394,0.7132711741984102,0.24338069523447256,0.04334813056711714,0.003232853991271545,0.009547782548722409,1.4732152892312025,0.8836778263604526,0.5895374628707499,0.07538240081500232,-0.03387182540098124,-1.2163502092809297,0.29615621767064315,-0.5875216086898094,0.555702828523784,1.3446802032342549,4.363241695470801,1.8031541967184277,2.4197829023227704,0.024246657517060358,-3.719476505446698
医药与生命科学,10,2024Q1,4,-1.4507984680090509,0.11934136396405282,0.4392540678835482,0.338219299074144,0.17591093906462923,0.04661569397767848,0.43416428679375757,1.1532485668995465,0.5441610084588251,0.3830251534889041,0.07281383805227078,0.024510105591284803,0.00830255801997154,1.1711141171757475,1.1463032160749953,0.024810901100752236,0.07538240081500232,0.05890455765247862,-1.2163502092809297,1.2141014264861365,0.0677982104111412,1.070149341693905,3.3672669675796363,3.2255843162706315,1.025121252894411,3.1465393066071488,0.03451856932635201,-3.3662578584012026
医药与生命科学,10,2024Q2,5,-1.4507984680090509,0.11934136396405282,0.4945205236084761,0.27737207067206665,0.16550743684855834,0.0625999688708988,0.4525691047340097,1.3023298139891486,0.4404536824198129,0.46870845759330537,0.0908378599868817,0.0016577672221054218,-0.01853218520473477,0.9085312691426173,1.2311686634406345,-0.3226373942980172,0.07538240081500232,0.318915255109419,-1.2163502092809297,2.64700181874751,1.415833155306876,4.119917567639875,14.11166582450189,2.4806764104624084,0.724236419016438,3.425230139394722,0.102201823230939,-2.2808057615385984
医药与生命科学,10,2024Q3,6,-1.4507984680090509,0.11934136396405282,0.532622258012944,0.28305642354474314,0.13516810772332047,0.04915321071899219,0.6589335992759251,1.2912946069098001,0.4453994416391688,0.4660831986472579,0.08851735971357334,0.029552317464690003,-0.011401660516305551,0.5582800773679542,1.4938493006837172,-0.9355692233157631,0.07538240081500232,0.20114308528892438,-1.2163502092809297,3.5288349089324518,2.0349856082487343,7.652141996961901,34.08423323647646,1.7476640669194796,0.3923624600932432,4.454208148516948,0.13373373603055785,-2.011904500371403
医药与生命科学,10,2024Q4,7,-1.4507984680090509,0.11934136396405282,0.5513563347332903,0.291102214956904,0.10963953485712688,0.04790191545267881,0.5168072150757766,1.3900554783578416,0.3688549729545911,0.5291779620159035,0.10196706502950542,-0.013666182124568271,-0.018106461429698958,0.48156504904510594,1.4464201802789158,-0.9648551312338098,0.07538240081500232,0.3500352831916773,-1.2163502092809297,4.494453843292445,3.048033663013529,21.073865334118207,89.51926408495602,1.6186056181147375,0.3810383963034552,4.247880617326806,0.3411027682519714,-1.0755714739294562
医药与生命科学,10,2025Q1,8,-1.4507984680090509,0.11934136396405282,0.598898772330408,0.2642270072717062,0.10254378822921506,0.03433043216867068,0.5961871448605112,1.4882703736448855,0.2858280016039042,0.5971800311538764,0.11699196724221941,0.08387579376855425,-0.003336803204115543,0.6030258399383689,1.4650356087155885,-0.8620097687772196,0.07538240081500232,0.4019625610810944,-1.2163502092809297,4.689744366837482,3.224708758121894,25.146249448322695,108.82535688119452,1.8276405900420227,0.42231247841667463,4.327697341300867,0.4595830617907638,-0.7774355879278286
医药与生命科学,10,2025Q2,9,-1.4507984680090509,0.11934136396405282,0.6368248489279773,0.21692427420454463,0.10990257436043029,0.03634830250704772,0.7358185319221942,1.4868725360150459,0.285427142008997,0.5982526974748625,0.1163201605161405,0.1258096550099984,0.010869596060797695,0.4238021769882581,1.6962070434788166,-1.2724048664905585,0.07538240081500232,0.24880885570368144,-1.2163502092809297,5.598517014358609,3.9023099708797924,49.516699230782656,270.0256661670972,1.5277593379350145,0.2801570706494777,5.453224273059634,0.7564959963354775,-0.279058038120041
医药与生命科学,10,2025Q3,10,-1.4507984680090509,0.11934136396405282,0.6057862106373362,0.2567312569572651,0.09877206463168878,0.03871046777370979,0.5710853685004755,1.43750906724151,0.32604023716243247,0.5659310226269344,0.1080287402106331,0.060484674573727304,0.01812769171102408,0.5655199808901662,1.4964610762653445,-0.9309410953751783,0.07538240081500232,0.5500033292396505,-1.2163502092809297,6.631341756601593,5.134880680336249,169.84405293029877,758.499209501577,1.7603628998471652,0.39418257236503357,4.465856745733999,2.989871695381761,1.095230475238323
医药与生命科学,10,2025Q4,11,-1.4507984680090509,0.11934136396405282,0.6951720981875346,0.19611902668335515,0.07620135734454525,0.03250751778456499,0.5793162717571767,1.4599904145705447,0.3063341643717019,0.5823094040658588,0.11135643156243924,-0.04445741947545434,-0.004914386598943714,-0.03374723182248456,1.4752054902266396,-1.5089527220491241,0.07538240081500232,-0.10079102223004582,-1.2163502092809297,6.867905484128142,5.392699993901502,219.7960330704472,960.9337655093209,0.9668158540357473,0.22114145329677537,4.3719340703538965,2.1250228942667375,0.7537825760909258
医药与生命科学,10,2026Q1,12,-1.4507984680090509,0.11934136396405282,0.7071015660198161,0.20595046437444048,0.05928138818490518,0.027666581420838148,0.6927857702190736,1.2768346460110074,0.44868844871739205,0.46664442100739345,0.08466713027521451,-0.012903000994079039,-0.014907064862771727,-0.20715971544639275,1.6592150575076257,-1.8663747729540183,0.07538240081500232,-0.08459037874837992,-1.2163502092809297,7.408903112252591,5.749688054744965,314.0926652853741,1650.614814356648,0.812889808560364,0.15468340907479264,5.255184207682641,2.5532272655404222,0.9373581533104809
医药与生命科学,10,2026Q2,13,-1.4507984680090509,0.11934136396405282,0.7389596147417543,0.18873013386490164,0.0523039403982214,0.02000631099512263,0.5958308354080644,1.3098850868675593,0.4242015945803983,0.4868572570205216,0.08894114839908009,0.04192480302986201,-0.028425724961130393,-0.019211956689482532,1.5173090092297252,-1.5365209659192078,0.07538240081500232,-0.01255543176348592,-1.2163502092809297,7.337995311959101,5.820686302729375,337.2033978472041,1537.6265603367458,0.9809714167518939,0.21512823949092086,4.559937919230237,3.3078689491972435,1.1963041600518014
医疗健康服务,11,2023Q1,0,-0.42979972403031513,0.38013472123085434,0.400328352992318,0.2937314741867473,0.23434860129255458,0.07159157152838005,0.6853642540599966,0.14842000511827322,0.965,0.03,0.005,0.21962266119777274,-0.04469338012247945,2.5474891676740006,0.6681601622445914,1.8793290054294092,0.042866802347058565,-0.017524574998119047,-1.7595813225235188,-2.334182715499495,-3.0023428777440864,0.04967055988929594,0.0968896365745979,12.774987628494559,6.549108970984776,1.9506451465524497,0.0063454078808615364,-5.060023896058177
医疗健康服务,11,2023Q2,1,-0.42979972403031513,0.38013472123085434,0.3987228275141818,0.28339488680957253,0.2389502031534275,0.0789320825228182,0.451217522751917,0.38010891352258414,0.8973945717628373,0.08854837587701436,0.014057052360148262,0.08421080756945296,0.006360820999735173,2.2992828559579785,0.6853396182121771,1.6139432377458014,0.042866802347058565,0.24054336352733496,-1.7595813225235188,-2.125042273579618,-2.8103818917917955,0.06018200498958338,0.11942791951434173,9.967032093519165,5.022577447742241,1.9844456749989123,0.00599835975183508,-5.116269221821908
医疗健康服务,11,2023Q3,2,-0.42979972403031513,0.38013472123085434,0.3993707111703883,0.2895205550455301,0.2392540880766414,0.07185464570744014,0.42819036603881655,0.5478717168079619,0.8379811605845754,0.1398814240486524,0.022137415366772308,0.028453406252157698,0.013795398447524386,1.7664145203420372,0.9290018428306904,0.8374126775113467,0.042866802347058565,0.10014039623489168,-1.7595813225235188,-1.1184130930201763,-2.047414935850867,0.12906812208183993,0.3267979813548283,5.84984122787951,2.3103815348833026,2.5319806012797734,0.007550280217593331,-4.8861706014969215
医疗健康服务,11,2023Q4,3,-0.42979972403031513,0.38013472123085434,0.36483593458733377,0.34881271121725366,0.21396163875084365,0.07238971544456894,0.31389417258675517,0.7410542523409122,0.7580488993269163,0.2081062804395599,0.033844820233523795,0.008430208939321837,0.004202575832194083,1.4625095214121173,0.9389552303592723,0.523554291052845,0.042866802347058565,-0.22168382023630678,-1.7595813225235188,-1.3717377860306637,-2.310693016389936,0.09919248571610975,0.2536657594948754,4.316778996146212,1.6880167026385215,2.5573082241417984,0.0042819203891483575,-5.45335368096591
医疗健康服务,11,2024Q1,4,-0.42979972403031513,0.38013472123085434,0.4578673123643636,0.2882941792724184,0.18239123914387073,0.07144726921934728,0.4556699202475261,0.8362820788660436,0.7119368217517991,0.24773759988681,0.04032557836139097,0.023049521936334527,0.007184873838902848,1.0730926754859798,1.213533475911036,-0.14044080042505636,0.042866802347058565,-0.20807338533240888,-1.7595813225235188,-0.22928442984573238,-1.4428179057567685,0.23626105837747266,0.7951023505011259,2.924409779353118,0.8689751063670395,3.3653550693521246,0.00690924149599399,-4.97489541625888
医疗健康服务,11,2024Q2,5,-0.42979972403031513,0.38013472123085434,0.4066898977698157,0.3146924732638849,0.20535251035083724,0.07326511861546227,0.5443332048818509,0.9612173220298427,0.6461637697445564,0.3035299580558305,0.05030627219961318,-0.0018343564429420534,-0.030840806796360372,0.8241081077745851,1.432441189615992,-0.608333081841407,0.042866802347058565,-0.08995653427022345,-1.7595813225235188,1.4418737251944866,0.00943253557849455,1.0094771621457466,4.228611654823569,2.2798464809314534,0.5442573458060135,4.188912650421159,0.023014529556986504,-3.7716295426350115
医疗健康服务,11,2024Q3,6,-0.42979972403031513,0.38013472123085434,0.49861827065976083,0.25272824335549826,0.18718426993847084,0.06146921604627004,0.557455109239584,1.0606934062246427,0.5879380639687258,0.35277218122706355,0.05928975480421063,0.1066720298418104,-0.025873020584485585,0.90170598297345,1.4629437652977164,-0.5612377823242665,0.042866802347058565,-0.03135680974158146,-1.7595813225235188,1.7656055394019012,0.30266177410418493,1.3534566129426768,5.845110731522019,2.463802733409516,0.5705024687617914,4.318653938092346,0.03334650102519352,-3.4008024289104566
医疗健康服务,11,2024Q4,7,-0.42979972403031513,0.38013472123085434,0.5145735827988469,0.2881741913065234,0.13788879185240974,0.05936343404221982,0.5376756175187641,1.0859738278280247,0.5711897137320674,0.3673655273115055,0.061444758956427106,-0.01223444606573798,-0.0237450350912715,0.4409618161249395,1.5214350973711193,-1.0804732812461797,0.042866802347058565,0.13248165230967734,-1.7595813225235188,3.56172752121152,2.0402924238404005,7.69285844520655,35.22399481355055,1.5542013557788843,0.33943483947923864,4.578791494012052,0.1195625102535506,-2.1239159460227515
医疗健康服务,11,2025Q1,8,-0.42979972403031513,0.38013472123085434,0.5246265186140925,0.27458007237312904,0.14533040009981876,0.055463008912959647,0.671579094935604,1.2387001502335546,0.4698483415666606,0.45190896487319376,0.07824269356014563,0.06726483545662076,-0.007945442428264546,0.4500659462425205,1.6762807192891749,-1.2262147730466544,0.042866802347058565,-0.07111304021912909,-1.7595813225235188,3.929370772425525,2.25309005313635,9.517098787411856,50.87495567073753,1.5684156131961977,0.2934010680444288,5.345637027329081,0.14926766330507354,-1.902014186609221
医疗健康服务,11,2025Q2,9,-0.42979972403031513,0.38013472123085434,0.6212936198372244,0.21258495514499162,0.12494250459875268,0.041178920419031186,0.8514207204230985,1.229948260280738,0.47485923118569984,0.44826529418063943,0.07687547463366073,0.13784359374346955,0.007333701816919419,0.31897380543502096,1.8761629916078915,-1.5571891861728706,0.042866802347058565,-0.06599367293383379,-1.7595813225235188,5.0733577807134145,3.197194789105523,24.463807711729622,159.70969815560355,1.3757152881705494,0.21072755546191738,6.528407189818933,0.3365523427589103,-1.0890015914475477
医疗健康服务,11,2025Q3,10,-0.42979972403031513,0.38013472123085434,0.6496451834980647,0.20248624281903022,0.10490000457290505,0.0429685691100002,0.6382186092437785,1.4366617002952884,0.3149443641587312,0.5803772309359354,0.10467840490533335,0.02305940358340297,0.012323988763256376,0.19616625861699416,1.5656307784620285,-1.3694645198450344,0.042866802347058565,-0.04976301857928872,-1.7595813225235188,6.123906789055476,4.558276010593447,95.41883688552241,456.64523073476323,1.2167291802296396,0.25424306522457035,4.785692695904664,1.1609888318218737,0.14927208322235008
医疗健康服务,11,2025Q4,11,-0.42979972403031513,0.38013472123085434,0.5948765044184904,0.2655259530176014,0.09967225958234022,0.03992528298156809,0.759058223697539,1.5735982853235975,0.19076869791289094,0.6822966535472329,0.12693464853987615,-0.023082368535512265,-0.016900155685645145,0.018484405782192244,1.7712205224292836,-1.7527361166470914,0.042866802347058565,0.09861575095267058,-1.7595813225235188,7.2282635697430635,5.45704304731378,234.40327918773747,1377.827923582348,1.0186562998975044,0.17329912754301313,5.878023244200535,2.3877637706122234,0.870357267107881
医疗健康服务,11,2026Q1,12,-0.42979972403031513,0.38013472123085434,0.5675472207431957,0.28667881116575616,0.1003569461425705,0.04541702194847746,0.62444183542155,1.4882918794857556,0.2686964276325651,0.618975192609201,0.1123283797582339,-0.008001875299293637,-0.007346533492276444,0.15139980267255077,1.6926722503914833,-1.5412724477189326,0.042866802347058565,0.2766852817906017,-1.7595813225235188,7.207464134879146,5.514791884487662,248.33828881886876,1349.4658613490708,1.1634617202142359,0.21410848616460246,5.433982281859622,2.889320927042608,1.0610215011721218
医疗健康服务,11,2026Q2,13,-0.42979972403031513,0.38013472123085434,0.5669368844680639,0.2970864021915256,0.09031324562065957,0.04566346771975081,0.6632441922061816,1.4305772106927817,0.318090668897484,0.5786926143099418,0.1032167167925742,0.034331226038367135,-0.026863272604799426,0.018361464668073337,1.7137190002048266,-1.6953575355367532,0.042866802347058565,-0.2400657232428368,-1.7595813225235188,7.142963029187763,5.429244028982937,227.9768363832284,1265.1715810884095,1.0185310728550245,0.18353359751231868,5.549561969364554,2.3220149174750397,0.8424353076629185
教育培训,12,2023Q1,0,0.6820493780997721,0.3738522187324451,0.3006722436280414,0.28782032712825995,0.32314212287898564,0.08836530636471304,0.06450905749825606,0.14842000511827322,0.965,0.03,0.005,0.18358406313290687,0.05100203973227461,3.0994223077211758,0.04834175719418046,3.0510805505269953,0.07325100809386746,-1.2221240441850836,-1.9737838897016042,-5.614061029563513,-5.662402786757694,0.003474159197632352,0.003646231795117105,22.185131399710503,21.138172950551866,1.0495292782213377,0.0007707467830298654,-7.168150665024609
教育培训,12,2023Q2,1,0.6820493780997721,0.3738522187324451,0.2773601759149723,0.32315445776686064,0.30880167056627084,0.09068369575189637,0.5706926109273307,0.894753721664243,0.7072416453198025,0.2410803479666057,0.05167800671359184,0.015463136680808995,0.005054469474923065,1.8975746131198785,1.023781579496977,0.8737930336229016,0.07325100809386746,-0.5914845128216856,-1.9737838897016042,-0.7643737238512153,-1.788155303348192,0.1672684447826283,0.46562544979261594,6.669698210620504,2.395981678743846,2.7837016742620757,0.011156300468599705,-4.4957508762164045
教育培训,12,2023Q3,2,0.6820493780997721,0.3738522187324451,0.3173322274398334,0.2925058093570227,0.28749315937633685,0.102668803826807,0.5284774556006692,1.032155434270117,0.6278601447015427,0.30934982861612415,0.06279002668233315,0.011394183630487664,0.022111249534928917,1.802353415503871,1.2223648767976036,0.5799885387062673,0.07325100809386746,-0.18878192320872542,-1.9737838897016042,-0.02690800483284983,-1.2492728816304535,0.2867131955170144,0.9734507901734066,6.063901564880228,1.7860179605563085,3.3952074944372037,0.017386005949674346,-4.052089652114674
教育培训,12,2023Q4,3,0.6820493780997721,0.3738522187324451,0.28631064627589886,0.3133711410134331,0.3104254879600738,0.0898927247505944,0.6263144325697396,1.1426004575585234,0.5576152030106369,0.36895247116987406,0.07343232581948904,-0.004347966687560378,0.021184404013689873,1.2907050002707556,1.4925490423811916,-0.20184404211043594,0.07325100809386746,-0.4213851271305894,-1.9737838897016042,0.7295706270282234,-0.7629784153529682,0.466275594410387,2.074189815401678,3.6353485742639684,0.8172223702803327,4.448420291060963,0.01695074317353885,-4.0774436010703035
教育培训,12,2024Q1,4,0.6820493780997721,0.3738522187324451,0.32933279839263174,0.2799564776457618,0.3008856575649569,0.0898250663966495,0.7832968152530899,1.1026223040534369,0.5769148096563352,0.3555580423679018,0.06752714797576295,0.02926247607764476,0.013618197920255124,0.9066572515583726,1.8263957032810205,-0.9197384517226479,0.07325100809386746,-0.33058286025736117,-1.9737838897016042,2.0829057911444178,0.25651008786339724,1.2924118034076446,8.027762055294831,2.476031932524305,0.3986232866852362,6.211458324760257,0.03200052895208653,-3.4420028465663215
教育培训,12,2024Q2,5,0.6820493780997721,0.3738522187324451,0.352711982412563,0.3080513409403346,0.2519233713239701,0.0873133053231322,0.5870959871147701,1.0988613822325077,0.5760681492861731,0.3576635032928407,0.06626834742098617,-0.002608971742541377,-0.012643853507783152,0.8662140927807727,1.5638223986555282,-0.6976083058747555,0.07325100809386746,-0.09635635812606105,-1.9737838897016042,2.4990504343919664,0.9352280357364384,2.5477943796686717,12.170931374004455,2.3778913148337435,0.49777440536196554,4.77704616633436,0.06058378127396359,-2.8037280574708805
教育培训,12,2024Q3,6,0.6820493780997721,0.3738522187324451,0.3651418352392755,0.3156150079469941,0.23881936437992776,0.08042379243380259,0.542556262924347,1.2791018935136276,0.45656926903041306,0.4558744748535888,0.08755625611599814,-0.055570247543959006,0.0018620293705650147,0.6925674555709839,1.5463262394840855,-0.8537587839131017,0.07325100809386746,-0.013574472943786942,-1.9737838897016042,3.3066894796066877,1.7603632401226021,5.814549088377119,27.294616354356325,1.9988408860382045,0.4258113871554521,4.694193124780109,0.11622358451724356,-2.1522394902945052
教育培训,12,2024Q4,7,0.6820493780997721,0.3738522187324451,0.42746003561768997,0.3107837730705404,0.1944165357786722,0.06733965553309736,0.4324347037071488,1.375362845633627,0.383196009126771,0.5162494369633533,0.10055455390987564,-0.02932084854611794,-0.016305679627479024,0.603706809166699,1.4768173888083447,-0.8731105796416456,0.07325100809386746,-0.053860493238862064,-1.9737838897016042,4.083579606760715,2.6067622179523706,13.555091293256039,59.357566758910544,1.8288855808964086,0.4176503918137601,4.378986867350888,0.24790711013970423,-1.3947011588690217
教育培训,12,2025Q1,8,0.6820493780997721,0.3738522187324451,0.48011160547438114,0.27660626462097176,0.1718759262058263,0.07140620369882081,0.7339508550569046,1.5647236141882641,0.2211114521262541,0.6475533104705701,0.13133523740317582,0.1323810811026528,0.005702479110292827,0.4582574319895778,1.8358196354724552,-1.3775622034828774,0.07325100809386746,-0.5745829195686933,-1.9737838897016042,4.904468884783244,3.0686492493107886,21.51282457816805,134.89124818363518,1.5813160320003063,0.25219259853505044,6.270271376661875,0.3401857439906737,-1.078263504687725
教育培训,12,2025Q2,9,0.6820493780997721,0.3738522187324451,0.46575756752412945,0.30884098271624477,0.16120409802551514,0.0641973517341107,0.8862790931324114,1.4959580748409054,0.2809019865288709,0.6003419282097083,0.11875608526142079,0.15659666152035323,0.023892741480780647,0.4943439925106066,2.019173411860627,-1.5248294193500203,0.07325100809386746,-0.15520669694018824,-1.9737838897016042,6.119998409018684,4.100824997158057,60.390088703206885,454.8639708188702,1.6394224128394954,0.2176581819728847,7.532096418244136,0.9900486493340258,-0.01000119631942791
教育培训,12,2025Q3,10,0.6820493780997721,0.3738522187324451,0.4973102375041256,0.2774318665433037,0.15259233482217635,0.07266556113039437,0.9185432115254524,1.5145526992163565,0.26336803236368045,0.6150419022405748,0.1215900653957448,0.12415305912622054,0.03433443492117434,0.3901498957941424,2.0609372611516377,-1.6707873653574952,0.07325100809386746,-0.1092700004656528,-1.9737838897016042,7.658758725238412,5.597821464086774,269.83791504433395,2119.1253785187664,1.4772022036854593,0.18809890475663996,7.853326980274795,3.9860516274137985,1.3828011738928252
教育培训,12,2025Q4,11,0.6820493780997721,0.3738522187324451,0.4675024146998546,0.32665040420778113,0.14310190736407236,0.06274527372829193,0.9421916155242422,1.469289564872789,0.3016724512566092,0.58458539031423,0.11374215842916086,-0.09589955214445733,0.00728172006126785,-0.22204126913916622,2.1118031736672376,-2.333844442806404,0.07325100809386746,-0.016830626705453995,-1.9737838897016042,9.186640182922764,7.074837009255527,1181.8508543546152,9765.78454782574,0.8008823119290549,0.09692241723698349,8.26312771348686,9.46523444590853,2.247625554128269
教育培训,12,2026Q1,12,0.6820493780997721,0.3738522187324451,0.5420861229201477,0.26267563130307875,0.13485795146087096,0.06038029431590271,0.8448838107557722,1.631017491728207,0.15649496344752292,0.7,0.14350503655247712,-0.023159153688550593,-0.031433178367902444,-0.11909418397604522,2.013938916349378,-2.1330331003254233,0.07325100809386746,0.13463511419739815,-1.9737838897016042,9.324945470493013,7.311006554143636,1496.6829236612089,11214.30495552499,0.8877241874308901,0.11847739449909003,7.4927727030468105,13.286416322488355,2.586742184179499
教育培训,12,2026Q2,13,0.6820493780997721,0.3738522187324451,0.5943601931442318,0.22595549583225596,0.12137750321469844,0.05830680780881382,0.8415917281467387,1.653389544159031,0.14823863852971322,0.7,0.15176136147028682,0.06704442655133802,-0.04193451367003237,0.03348059577731649,1.9659218381963022,-1.9324412424189856,0.07325100809386746,0.19692695286973458,-1.9737838897016042,9.240510701402961,7.274588863206658,1443.1577349169172,10306.30065632287,1.034047378646005,0.1447942887099874,7.141492857616283,14.922934727635443,2.7028992729958827
文化传媒,13,2023Q1,0,0.16475044124729338,0.2855247937223315,0.32185859342797685,0.3314313317210843,0.27842414515584646,0.0682859296950923,0.04917724359168055,0.14842000511827322,0.965,0.03,0.005,0.06260581069034943,-0.0029563491436548133,3.1128880645449972,-0.09528592457670658,3.2081739891217036,0.03374343883946009,0.21594927820941912,-1.7554984498179609,-5.679144100028145,-5.5838581754514385,0.0037580383413387485,0.003416481358654166,22.48589142025727,24.73388062910272,0.9091129595652534,0.0008450284209650682,-7.076140296894533
文化传媒,13,2023Q2,1,0.16475044124729338,0.2855247937223315,0.33867140149130687,0.28605479365433556,0.2953299919904311,0.0799438128639265,0.3505050670916083,0.44309757945764616,0.8785997502815365,0.10382538061402498,0.01757486910443852,0.021595459269702452,0.0018004084749152008,2.3507253076339065,0.6702253842562197,1.680499923377687,0.03374343883946009,0.21402314298715044,-1.7554984498179609,-3.4615957516501066,-4.131821135906327,0.016053616368028368,0.03137964791922695,10.49317774723965,5.368239008586923,1.9546778246003922,0.0016845345003571749,-6.386266014260512
文化传媒,13,2023Q3,2,0.16475044124729338,0.2855247937223315,0.38365923496524973,0.3308882895127639,0.20520729024222653,0.08024518527975984,0.49213724979132406,0.8383515442234656,0.7214095133725272,0.23524682900003238,0.043343657627440454,0.00824145272539703,0.004576673980167213,1.659287677416775,1.0132659769317025,0.6460217004850726,0.03374343883946009,0.02167352179660645,-1.7554984498179609,-1.8638894912292376,-2.87715546816094,0.056294667273107064,0.15506831903121282,5.255565852539706,1.9079353722862882,2.754582743671205,0.0029586033100062604,-5.823037976732256
文化传媒,13,2023Q4,3,0.16475044124729338,0.2855247937223315,0.32336683402249516,0.2968445764324208,0.3084726686754186,0.07131592086966541,0.3217948262096643,0.903299556449845,0.6856117200603272,0.2667003459101783,0.04768793402949449,0.0006396168030424754,0.002931993019370426,1.8224198832526013,1.0536214082271942,0.7687984750254071,0.03374343883946009,0.4931597889956598,-1.7554984498179609,-2.200696837489013,-3.254318245716207,0.038607132271140085,0.11072597346347482,6.186811712061224,2.15717279905403,2.868018600445121,0.002388550581041863,-6.037068548451697
文化传媒,13,2024Q1,4,0.16475044124729338,0.2855247937223315,0.39494240095008915,0.2625281092375503,0.2527467008299269,0.08978278898243376,0.5087962388312203,1.1138795676037834,0.5661910465854602,0.3661065536501543,0.06770239976438557,0.005623914457448753,0.0026309845475740966,1.2846225262128181,1.3991089309386768,-0.11448640472585869,0.03374343883946009,0.3079985397252093,-1.7554984498179609,-0.7767139326047637,-2.1758228635434405,0.11351470811461391,0.4599148420547935,3.6133037723024537,0.8918240629283283,4.051588113061306,0.004101631230423464,-5.4963705233187135
文化传媒,13,2024Q2,5,0.16475044124729338,0.2855247937223315,0.4510901913149216,0.3015264130768368,0.18937686235673543,0.05800653325150614,0.7105897831225003,1.2409654180287277,0.48084956613284313,0.4371958988135327,0.08195453505362418,-0.0020819461965396746,-0.006832265310659683,0.6474419410909236,1.5812950865206072,-0.9338531454296837,0.03374343883946009,0.10697767265378968,-1.7554984498179609,1.1922370442786552,-0.38905804224195206,0.6776949339390798,3.294442784608674,1.9106470247189933,0.39303636270363784,4.861247472310044,0.012948358091978373,-4.34678628713912
文化传媒,13,2024Q3,6,0.16475044124729338,0.2855247937223315,0.44530717622104626,0.2938011364941386,0.1877677111445675,0.0731239761402477,0.7890894073699637,1.218402289270652,0.49348982749307346,0.42812382788717973,0.0783863446197468,0.012864872230597735,-0.004296456515426534,0.6055330823774306,1.7956701223080977,-1.1901370399306672,0.03374343883946009,0.2657211261878081,-1.7554984498179609,2.0451532454002996,0.249483123092202,1.2833619050925127,7.730343086665008,1.832228677412919,0.3041795764622673,6.023509857967739,0.023514124860097785,-3.750153980518459
文化传媒,13,2024Q4,7,0.16475044124729338,0.2855247937223315,0.4232147741804525,0.3132598979086033,0.19966904605389324,0.06385628185705094,0.7375563148107593,1.2394767526812975,0.4771266955821837,0.44240186041789364,0.08047144399992268,-0.0062722326205971735,-0.0053009219526743145,0.4138416418762046,1.8699794327504722,-1.4561377908742676,0.03374343883946009,-0.055723680681349794,-1.7554984498179609,2.9057437138634006,1.0357642811129284,2.8172585905481764,18.278832819731498,1.5126175726363917,0.23313495411610213,6.48816295424796,0.042614348507240045,-3.1555642629989586
文化传媒,13,2025Q1,8,0.16475044124729338,0.2855247937223315,0.493728953007962,0.2613079877310179,0.18379420434242183,0.06116885491859841,0.6199243426429737,1.3108357579909777,0.42454299501489423,0.48610232714176504,0.08935467784334075,0.023236439765341954,-6.180524574302126e-05,0.573356604714296,1.6608195042737104,-1.0874628995594144,0.03374343883946009,0.3628383441311055,-1.7554984498179609,2.922729255808335,1.2619097515346247,3.5321605994276655,18.591960494623176,1.7742123974608812,0.33707059172913956,5.263622638686285,0.06266803125327422,-2.7699038297391705
文化传媒,13,2025Q2,9,0.16475044124729338,0.2855247937223315,0.46544257717754994,0.291888192966727,0.18014542416509152,0.06252380569063154,0.378308185363974,1.369063982794224,0.37897243513414797,0.5238833677468229,0.09714419711902915,0.0378559481969587,0.004236875112861527,0.7821579697423044,1.379341008689451,-0.5971830389471466,0.03374343883946009,0.32615491396120433,-1.7554984498179609,2.638784633331807,1.2594436246423555,3.5234605752766677,13.996182772527202,2.186184899672971,0.5503597966284648,3.9722830647617493,0.0770293630426289,-2.5635685916034316
文化传媒,13,2025Q3,10,0.16475044124729338,0.2855247937223315,0.5442708201419658,0.27342514190685147,0.1347619553009199,0.047542082650263044,0.6393136216090574,1.545581516690443,0.22802417317369997,0.6469966383637223,0.12497918846257769,0.01463338488187993,0.005673288426344768,0.3521353983791261,1.6257385980933032,-1.2736031997141772,0.03374343883946009,0.24220940840156757,-1.7554984498179609,5.081262321858663,3.455523723765359,31.67487322290831,160.97713268085738,1.422101060862269,0.2798215501966903,5.082171333346753,0.45044870812975785,-0.7975110638436061
文化传媒,13,2025Q4,11,0.16475044124729338,0.2855247937223315,0.5742819630988014,0.25926914366457054,0.12086770387502097,0.04558118936160708,0.47987402176236577,1.458909813681206,0.3037610909488221,0.586006994421651,0.11023191462952685,-0.01426144223454362,-0.0023318953542715154,0.41952492593956364,1.4276847707217184,-1.0081598447821547,0.03374343883946009,0.29458404661244836,-1.7554984498179609,4.759164985108949,3.3314802143872306,27.97972706062532,116.64848200160932,1.521238682885216,0.3648898160595548,4.169035736083493,0.4256384314119349,-0.8541650456612974
文化传媒,13,2026Q1,12,0.16475044124729338,0.2855247937223315,0.5857664452667196,0.22853388343958764,0.11899006140011108,0.06670960989358166,0.8274292301632704,1.5073996633561042,0.26086531966865534,0.6211736784754949,0.11796100185584976,-0.0034176115745637725,-0.004447124021995624,-0.05154860974041854,1.9728044081211242,-2.024353017861543,0.03374343883946009,0.1010099440483796,-1.7554984498179609,6.636461796323607,4.663657388202482,106.02314169934021,762.3927145279177,0.9497574813754569,0.1320792684780977,7.190814215729489,1.0069627202787854,0.0069385924739724
文化传媒,13,2026Q2,13,0.16475044124729338,0.2855247937223315,0.6404002757265416,0.2258077643620925,0.0895536861522052,0.04423827375916084,0.7928157746582256,1.5705150022000838,0.20244367068148036,0.6687876677047958,0.12876866161372383,0.012107403444727827,-0.008643000317584738,-0.10101040119421795,1.8652274886006077,-1.9662378897948256,0.03374343883946009,0.033435769018404976,-1.7554984498179609,6.7506967672913705,4.8854692786907625,132.3525609996139,854.6540501011601,0.9039236309517248,0.13998249641521035,6.457404704874984,1.1963660750453065,0.17928869150845336
零售与电商,14,2023Q1,0,-0.004567401383973356,0.38175145814654876,0.2714983538643949,0.39015007567379706,0.2587034668790538,0.07964810358275419,0.03186153781796086,0.14842000511827322,0.965,0.03,0.005,0.09689254965519256,-0.037478271139957144,3.1436471571035254,-0.0638493710753308,3.207496528178856,0.02995092592367066,0.04473145502226979,-1.84672954504319,-6.589943455849675,-6.5260940847743445,0.0014647157468775903,0.0013741176597400766,23.18828413882145,24.717130065578374,0.9381463008569094,0.00033964244921203646,-7.98761711365891
零售与电商,14,2023Q2,1,-0.004567401383973356,0.38175145814654876,0.31489764527667863,0.3721063753081583,0.22231082431510532,0.09068515510005781,0.2062036562668191,0.3777867793227784,0.8970936354820377,0.08923975395995234,0.013666610558010012,0.05511818581317843,0.0028896984749632454,2.4218276182873746,0.42833969403386934,1.9934879242535053,0.02995092592367066,0.06778347597852576,-1.84672954504319,-4.842815028842892,-5.271154722876762,0.005137674556119393,0.00788482676627866,11.266431246115653,7.341094340713795,1.5347073233525816,0.000578832571514369,-7.4544972905774785
零售与电商,14,2023Q3,2,-0.004567401383973356,0.38175145814654876,0.3422876342013667,0.32429087261953987,0.24853323117906612,0.08488826200002737,0.17976110598679615,0.5379432006785998,0.839700943024562,0.13924598090821405,0.021053076067223966,0.017876767420311884,0.0029653356888920124,2.0639308526279314,0.6605760932435457,1.4033547593843858,0.02995092592367066,-0.029314832263129698,-1.84672954504319,-4.07589893295641,-4.736475026199956,0.008769504038935564,0.016976946678675112,7.8768718572717455,4.068827031970935,1.935907276317961,0.0006907625956652245,-7.277714359560116
零售与电商,14,2023Q4,3,-0.004567401383973356,0.38175145814654876,0.3448322784201581,0.32758485651509484,0.2600939040965196,0.06748896096822748,0.35371381377594274,0.6671921987928854,0.786596060285626,0.18535429537463885,0.028049644339735075,0.0050632614844901,-0.002117829889162634,1.5126354514643547,1.0289568755264316,0.4836785759379232,0.02995092592367066,0.02342338111784901,-1.84672954504319,-2.8628708778071896,-3.8918277533336214,0.02040801111846521,0.05710458442971821,4.538676507874833,1.622030202318093,2.7981454977770888,0.0009262536063582644,-6.984362487857358
零售与电商,14,2024Q1,4,-0.004567401383973356,0.38175145814654876,0.359387056088766,0.3394166436901036,0.23035519623862785,0.07084110398250262,0.4897389680843398,0.8873449493002624,0.6825349818611465,0.27416703817791216,0.04329797996094132,0.004287617302208779,0.001149365698065969,1.123456195547382,1.3431859779271613,-0.21972978237977925,0.02995092592367066,0.022826887262625384,-1.84672954504319,-1.497786628672654,-2.8409726065998155,0.058368868401504806,0.2236245770093742,3.0754652651334613,0.8027356819838687,3.8312302967930907,0.001795114273339741,-6.322686597040525
零售与电商,14,2024Q2,5,-0.004567401383973356,0.38175145814654876,0.4060355545080134,0.33172697886663693,0.1911177341504449,0.07111973247490486,0.4588062829232283,0.9462945484103091,0.6493189074312679,0.303035375376567,0.0476457171921652,-0.00330858982793647,-0.015294811906290763,0.9450062000966791,1.3133422563183448,-0.36833605622166565,0.02995092592367066,0.10012000280176424,-1.84672954504319,-0.4723989294517087,-1.7857411857700536,0.16767273828512083,0.6235047288977782,2.5728293303294616,0.6918846304810309,3.7185814180331036,0.004313933389566146,-5.445905171661466
零售与电商,14,2024Q3,6,-0.004567401383973356,0.38175145814654876,0.43429310649186387,0.2796495942084745,0.2088608884566319,0.07719641084302978,0.48735189981282767,0.9167891128297782,0.6635241033477253,0.29176511729197563,0.04471077936029911,0.07329308294012316,-0.015234478689691095,0.920717043616577,1.4266752931600493,-0.5059582495434722,0.02995092592367066,-0.09303077703891957,-1.84672954504319,-0.1730329315526141,-1.5997082247126633,0.20195543500405128,0.8411099153331008,2.5110903058245193,0.6029275434785611,4.164829311556918,0.00507128335047247,-5.284161367084177
零售与电商,14,2024Q4,7,-0.004567401383973356,0.38175145814654876,0.44949777215393655,0.3089827334824673,0.1900975304469119,0.05142196391668417,0.5239141342719247,0.9958259554708994,0.6187141789120842,0.33009474993141685,0.05119107115649895,-0.002824070066694051,-0.00915956680632491,0.5206188484035291,1.5496794137136103,-1.0290605653100813,0.02995092592367066,-0.1389056879813522,-1.84672954504319,1.5114600508579215,-0.03821936285568894,0.9625017805924867,4.533344878768948,1.6830688919769243,0.35734250287781344,4.709959991947608,0.01619956805387613,-4.122770700440252
零售与电商,14,2025Q1,8,-0.004567401383973356,0.38175145814654876,0.5015344978957171,0.25697336277312127,0.16922415830490856,0.07226798102625305,0.6456169269709995,1.1269833933510605,0.5378514833233159,0.39852245821598375,0.06362605846070031,0.006126960674040838,-0.004409362710625642,0.43272905705789305,1.6981816503711538,-1.2654525933132608,0.02995092592367066,0.028269131180222354,-1.84672954504319,2.4116473973530623,0.7134657469819086,2.041052787380345,11.152318319813673,1.5414585168105468,0.28211158542503867,5.464002885553723,0.03146198202367339,-3.4589753819482896
零售与电商,14,2025Q2,9,-0.004567401383973356,0.38175145814654876,0.543100540320463,0.273474791238636,0.13141010590197166,0.05201456253892945,0.7413827901117088,0.9918621039223374,0.6192425758382171,0.3303957671742206,0.050361656987562356,0.04114703022397792,3.8295906902297006e-06,0.2559797196341217,1.7794151806852456,-1.523435461051124,0.02995092592367066,-0.01299779383699183,-1.84672954504319,3.295882312180331,1.5164671314950857,4.556100624517831,27.00122707463477,1.2917265309873998,0.21796179996821677,5.926389537872047,0.058852360545379435,-2.8327233348588843
零售与电商,14,2025Q3,10,-0.004567401383973356,0.38175145814654876,0.5395149635677222,0.2822868668847853,0.12432840555436343,0.053869763993128955,0.9457613398615694,1.0344644303745512,0.5937465925477544,0.3521771591305821,0.054076248321663516,-0.01760680548754956,-0.0003380344565758423,-0.2002451003962146,2.022827893016153,-2.2230729934123676,0.02995092592367066,-0.18790938689183537,-1.84672954504319,5.6381527450650575,3.6153248520489045,37.16341657697179,280.9432650087772,0.8185301064362995,0.10827586603770302,7.559672680440875,0.3041937532628526,-1.1900904343354013
零售与电商,14,2025Q4,11,-0.004567401383973356,0.38175145814654876,0.5858759284010869,0.23496567526215387,0.11995901390867293,0.059199382428086096,0.9352346338969608,1.141157813789653,0.526403555148279,0.409087231875534,0.06450921297618704,0.006723942812158934,-0.011541901275467815,-0.2616251113677954,2.033735209692025,-2.2953603210598206,0.02995092592367066,-0.5964420893495284,-1.84672954504319,5.61898893290387,3.585253723211845,36.06250645315151,275.61058152459026,0.7697995587235894,0.10072509335649638,7.642579749209439,0.27760901554102624,-1.281541574144042
零售与电商,14,2026Q1,12,-0.004567401383973356,0.38175145814654876,0.5706514588510184,0.26085189194750324,0.11262794414721779,0.055868705054260434,0.966392340600922,1.0353558987526934,0.5924063196027289,0.35365483807567477,0.05393884232159635,0.0010760638446107862,0.002686678800020631,-0.32141437368835407,2.1234366924918104,-2.4448510661801643,0.02995092592367066,-0.33281443655566756,-1.84672954504319,6.3144829351391785,4.191046242647367,66.09190296767133,552.5162999558044,0.7251227169530096,0.08673905231817784,8.359818300678462,0.47924740248512515,-0.7355383170290782
零售与电商,14,2026Q2,13,-0.004567401383973356,0.38175145814654876,0.5802087246377242,0.2565127985966648,0.11991349566558698,0.043364981100023944,0.9306765506025385,1.2515071828177007,0.4492417369829139,0.4740916521381796,0.0766666108789065,0.0038080920352850933,-0.00572679036390991,-0.29735038805347286,2.069613607338421,-2.3669639953918935,0.02995092592367066,-0.24642656679109393,-1.84672954504319,6.670945166769888,4.6013315594314665,99.61687315522741,789.1411220532228,0.7427837042238978,0.09376496545120051,7.921761615861478,0.7399379004544199,-0.30118901461009756
物流与供应链,15,2023Q1,0,-0.9084393736832015,0.12872108865353699,0.3814102188521635,0.34734880928081485,0.21297063851812095,0.05827033334890057,0.2870921573152647,0.14842000511827322,0.965,0.03,0.005,0.31425529605117364,-0.04433602548004908,3.328413970680527,0.0987976246208581,3.229616346059669,0.029920136807529165,0.5707644923543715,-1.337015670242429,-4.395613019933623,-4.494410644554481,0.011171262519785424,0.012331318663793913,27.894065794883407,25.26996019117859,1.1038428863303418,0.0031161193173880964,-5.771166859862046
物流与供应链,15,2023Q2,1,-0.9084393736832015,0.12872108865353699,0.3907594295500645,0.32338604078292815,0.2158340966541524,0.07002043301285497,0.15856281517567816,0.49766287239560364,0.8567933741855699,0.12363820576429543,0.01956842005013467,0.10927323232508374,0.009047626693161621,2.547459435260499,0.281902394369629,2.26555704089087,0.029920136807529165,0.12740530191188393,-1.337015670242429,-3.965984283965551,-4.247886678335179,0.014294410698952086,0.018949375863378956,12.774607802926507,9.636491025858415,1.3256493228341433,0.0018260549045306944,-6.305597429062772
物流与供应链,15,2023Q3,2,-0.9084393736832015,0.12872108865353699,0.3856321627182755,0.31147963532969203,0.227065854180916,0.07582234777111649,0.5042104168238408,0.5414961648296586,0.8372097291851929,0.1418625071364535,0.020927763678353643,0.03836025887505776,0.021948826920561906,1.7452181685058663,1.0487284451946697,0.6964897233111966,0.029920136807529165,0.01512710880223559,-1.337015670242429,-2.3050714923349322,-3.3537999375296015,0.03495128872716576,0.09975166891896509,5.727150823070136,2.0066962705532445,2.854019767272087,0.0020017130200114938,-6.213751955011826
物流与供应链,15,2023Q4,3,-0.9084393736832015,0.12872108865353699,0.45768436255801115,0.32224025499347364,0.16632631692540656,0.05374906552310872,0.4131633934249407,0.6950306581946483,0.7730677292795813,0.1975710259182001,0.02936124480221858,0.009400536603575982,0.009877392608000165,1.3359620554061367,0.9212284792897584,0.4147335761163783,0.029920136807529165,-0.07555212229789621,-1.337015670242429,-2.536499006560263,-3.4577274858500213,0.031501267815479544,0.07914299443445716,3.803653512171167,1.5139673298995913,2.5123748954499776,0.001198199079641933,-6.726935616431976
物流与供应链,15,2024Q1,4,-0.9084393736832015,0.12872108865353699,0.4629581046895605,0.3141106683940182,0.16214279588261798,0.06078843103380353,0.31627899848657703,0.7000543830723861,0.7688573436264879,0.2020122695201388,0.029130386853373377,0.03465736159201066,0.011901855996989692,1.341677867642638,0.9839250298883309,0.3577528377543071,0.029920136807529165,0.002643881473645665,-1.337015670242429,-2.4983027890277096,-3.4822278189160407,0.030738854094275268,0.08222443247508456,3.825456733659371,1.430112107074137,2.674934863313523,0.0011759015637991825,-6.745720137261494
物流与供应链,15,2024Q2,5,-0.9084393736832015,0.12872108865353699,0.48689588486049235,0.24951159135268608,0.21029711274678128,0.053295411040040166,0.42809593725537,0.8929129875018887,0.6748377921893954,0.28273067401253893,0.04243153379806564,-0.003244128323719009,-0.041080248435907026,0.7316332853213445,1.2187333999961603,-0.48710011467481573,0.029920136807529165,-0.37213287506969817,-1.337015670242429,-0.9560162674019816,-2.174749667398142,0.11363659705546915,0.3844212711641655,2.0784725756429503,0.6144055188567253,3.382900237469439,0.0023619055056918106,-6.0482865680648885
物流与供应链,15,2024Q3,6,-0.9084393736832015,0.12872108865353699,0.5167185918070435,0.26194044320479465,0.1676872927789029,0.053653672209259005,0.39271808085976934,0.8201366340730613,0.7103523846576668,0.2531142298567977,0.03653338548553556,0.12010468837745375,-0.03168066261409724,0.9355517725954872,1.1966440348903602,-0.26109226229487303,0.029920136807529165,-0.17503519584559069,-1.337015670242429,-0.859509101299995,-2.056153136190355,0.12794521222437608,0.423369863029318,2.548619328144557,0.7702098550080808,3.3089934016980576,0.0032608364081860206,-5.7257715495829595
物流与供应链,15,2024Q4,7,-0.9084393736832015,0.12872108865353699,0.48924902903351136,0.31354776591065836,0.14048291460738827,0.05672029044844202,0.3379943207459526,0.8573897943441503,0.6906797839047815,0.27031660215667513,0.03900361393854336,-0.02192195554028764,-0.032905694855774464,0.5761922688920291,1.26817635282961,-0.6919840839375808,0.029920136807529165,-0.024026444527859903,-1.337015670242429,0.596432029465074,-0.671744323364536,0.5108167705846678,1.8156291185810127,1.7792506079605512,0.5005818866407777,3.554364741202388,0.009088710496192157,-4.700722240460598
物流与供应链,15,2025Q1,8,-0.9084393736832015,0.12872108865353699,0.5524348518154186,0.2741740894430328,0.1262210954788348,0.047169963262713686,0.5821330531152771,1.1580800733005083,0.5131514698513903,0.42109679168685865,0.0657517384617511,0.11199848380142052,-0.008407743151468902,0.5539010799986575,1.4927003475760245,-0.9387992675773671,0.029920136807529165,-0.24376537149761482,-1.337015670242429,1.1472521705976608,-0.3454481769783636,0.7079030165266347,3.149526646513577,1.7400277824054595,0.3910971565738316,4.449093411081796,0.012317709160049756,-4.396717282967797
物流与供应链,15,2025Q2,9,-0.9084393736832015,0.12872108865353699,0.5715197595606534,0.2702792297143527,0.11457810688362921,0.043622903841364497,0.7735840578457478,1.2131545685846874,0.47419178966103803,0.4542940719574635,0.07151413838149843,0.2048319240058885,0.014484202408395083,0.6572745773444176,1.786745153696116,-1.1294705763516983,0.029920136807529165,0.15657621793272952,-1.337015670242429,2.413267960608887,0.6265228069127711,1.8710931025669064,11.170406009263948,1.9295263867660901,0.32320432314677977,5.969989410970275,0.03610323513498876,-3.3213728017309028
物流与供应链,15,2025Q3,10,-0.9084393736832015,0.12872108865353699,0.6021300333784413,0.2535457036673135,0.10690138126094403,0.03742288169330103,0.8443070846100649,1.2044806209345058,0.4794975948806613,0.4501824714945365,0.07031993362480222,0.05533790420703333,0.02283682416462334,0.118255402924213,1.8427526561789929,-1.7244972532547798,0.029920136807529165,-0.03267736689032087,-1.337015670242429,4.201130258137449,2.3583776019584564,10.573782644625293,66.76174642063559,1.125531538707168,0.17826265021553872,6.313894342680755,0.11901125849960256,-2.128537181105422
物流与供应链,15,2025Q4,11,-0.9084393736832015,0.12872108865353699,0.6211091329370684,0.24421911117328798,0.09309883807837877,0.04157291781126502,0.644968965329838,1.2212259711838345,0.46701987075402246,0.4609435395223195,0.07203658972365806,-0.049821978798647026,-0.01939931918539007,-0.006166284580278873,1.6209430834304153,-1.627109368010694,0.029920136807529165,0.02041266845844548,-1.337015670242429,4.303429083229933,2.682485999799517,14.62139694162134,73.95295022555537,0.9938526879358087,0.19649675378042236,5.05785805014571,0.14531514651806782,-1.928850470768853
物流与供应链,15,2026Q1,12,-0.9084393736832015,0.12872108865353699,0.6781865680599956,0.22522058610095075,0.06893265016292406,0.027660195676129602,0.5174840296186471,1.225426507151547,0.463541014106943,0.4640734098968612,0.07238557599619583,-0.014924378796933313,-0.01600830188241629,0.09120311054033349,1.463408673663745,-1.3722055631234116,0.029920136807529165,0.18111643893674922,-1.337015670242429,4.372621929240679,2.909213255576934,18.342362137754723,79.25115043965079,1.095491488531518,0.2535471282120307,4.3206621832269585,0.20093901601473074,-1.604753819870824
物流与供应链,15,2026Q2,13,-0.9084393736832015,0.12872108865353699,0.6670223262142111,0.22788699882433702,0.07230858242993882,0.032782092531513235,0.8812794723324391,1.225940272354639,0.4628183640552218,0.464834042897623,0.07234759304715521,0.057127789706860166,-0.04245283123762027,-0.12451867852298336,1.92778848594752,-2.0523071644705033,0.029920136807529165,0.27853248595239677,-1.337015670242429,5.6099633002494365,3.682174814301916,39.732711445527514,273.13421386329696,0.8829217695378023,0.12843823335723864,6.874290828043704,0.3508087589802004,-1.0475140502091589
专业服务（法律会计）,16,2023Q1,0,1.7113599097974272,0.44053070954718426,0.21487234482027157,0.3287331917003605,0.3522138489520007,0.10418061452736721,0.5801110338379398,0.14842000511827322,0.965,0.03,0.005,-0.38048292972618697,-0.009449706491957132,1.5012693178012348,0.8032951857486681,0.6979741320525668,0.05436910367976573,-0.5493819180981041,-2.2663280341002965,-0.8000857711147759,-1.6033809568634436,0.20121506720343196,0.44929042632380656,4.487381369958993,2.009677239979693,2.232886595264589,0.009029287439237274,-4.7072818250503
专业服务（法律会计）,16,2023Q2,1,1.7113599097974272,0.44053070954718426,0.2344086281301988,0.2415793654200065,0.43658452846987156,0.08742747797992298,0.5607957073761802,0.4704772122362987,0.8688973147903365,0.11224360733612544,0.018859077873537966,-0.09123571043191309,-0.010758694289333197,1.7862933993924475,1.137327504747571,0.6489658946448764,0.05436910367976573,-0.4249717331964252,-2.2663280341002965,-1.0036891266527679,-2.1410166314003387,0.11753529219382086,0.3665247876006717,5.967293051652833,1.913560981846367,3.1184232476850977,0.007013675324321727,-4.959893417995983
专业服务（法律会计）,16,2023Q3,2,1.7113599097974272,0.44053070954718426,0.2387667716403513,0.3148436542826444,0.3362685936538966,0.11012098042310771,0.5827832573471532,0.6466151880085295,0.8010955364403117,0.17050858596638674,0.028395877593301533,-0.036846789245428196,-0.03439461098762847,1.3866799994266585,1.36984250739699,0.016837492029668555,0.05436910367976573,-0.5726209022890546,-2.2663280341002965,0.06905439856092688,-1.300788108836063,0.27231709293444994,1.0714944953215764,4.001542850699116,1.0169800415334642,3.9347309556491856,0.01089688516355015,-4.519278295397496
专业服务（法律会计）,16,2023Q4,3,1.7113599097974272,0.44053070954718426,0.22431713537943201,0.3258357521193255,0.32982860305611306,0.12001850944512948,0.6474559942188177,0.8744650400709024,0.697252132667461,0.2582616188772008,0.04448624845533822,-0.0034897021641866477,-0.024694759758091104,1.2509844985609455,1.6263123029589153,-0.37532780439796976,0.05436910367976573,-0.4562390719278994,-2.2663280341002965,0.6199188219982636,-1.0063934809606516,0.36553491380040504,1.8587771439074128,3.4937808871213893,0.6870640192652557,5.085087836294539,0.012770988954114196,-4.3605791683877975
专业服务（法律会计）,16,2024Q1,4,1.7113599097974272,0.44053070954718426,0.2593910888254029,0.30131244830696774,0.35824606483608334,0.08105039803154598,0.8260211313121277,0.9026146104922665,0.6801498011169622,0.27380548678343014,0.046044712099607685,-0.050121216700559246,-0.01997771549555877,0.777944876304002,1.9651381018040626,-1.1871932255000606,0.05436910367976573,0.061047653141756225,-2.2663280341002965,2.880631953209251,0.9154938514051882,2.49800859238988,17.825534524665315,2.176993673759507,0.30507634399994316,7.1358980025010155,0.05438148902629659,-2.911731458278901
专业服务（法律会计）,16,2024Q2,5,1.7113599097974272,0.44053070954718426,0.2515403641885407,0.2776808787104584,0.3758217367162926,0.09495702038470828,0.7566029764547839,1.0674074359754377,0.5873311705953197,0.3517756936782698,0.060893135726410585,0.0039817035129081635,0.04060309852338882,1.0095684232302085,1.919597090622553,-0.9100286673923446,0.05436910367976573,0.3025503128044681,-2.2663280341002965,3.2576145343897975,1.3380174437672443,3.811479537335122,25.987470925348514,2.7444163330587137,0.4025126848791769,6.81821079472939,0.10460286695381578,-2.2575843189906384
专业服务（法律会计）,16,2024Q3,6,1.7113599097974272,0.44053070954718426,0.3231131682824469,0.29336113644434725,0.2938325772207508,0.08969311805245506,0.8801447218325623,0.9798602632926713,0.6353583756731488,0.3128089813614756,0.05183264296537564,-0.04276162923279214,0.021812521772867813,0.4832246371534692,2.0546461022098597,-1.5714214650563905,0.05436910367976573,0.13291942208329927,-2.2663280341002965,4.775947013308533,2.7213009110986732,15.200083345574429,118.62259862469895,1.6212940669925333,0.20774966348478432,7.8040755387855425,0.24643804945971837,-1.400644637735949
专业服务（法律会计）,16,2024Q4,7,1.7113599097974272,0.44053070954718426,0.3533305987236694,0.3118936975966337,0.2540711846841356,0.0807045189955613,0.9753810454874922,1.1545495684526017,0.5295671998705853,0.40122410387503915,0.06920869625437559,0.03985075037645436,0.03784290389421673,0.4153370996568913,2.282697861343692,-1.8673607616868009,0.05436910367976573,0.27691146016686113,-2.2663280341002965,6.436278560624764,4.153580699281072,63.66154551977134,624.0799970947244,1.5148813206024632,0.1545309681411679,9.803092149261506,0.9643968614858502,-0.036252387050128024
专业服务（法律会计）,16,2025Q1,8,1.7113599097974272,0.44053070954718426,0.36116298100053357,0.27039774329268723,0.28771635154501124,0.08072292416176799,0.816656856704292,1.2461645564680042,0.4663348643218236,0.4540300286888084,0.07963510698936802,-0.1921780851049446,0.0017754695665797432,-0.13885458839656412,2.0503176719219454,-2.1891722603185095,0.05436910367976573,-0.12341957743245538,-2.2663280341002965,7.02812724669269,4.9778095747707445,145.15607963348003,1127.9163220118048,0.8703545789119538,0.11200942490181047,7.770369142372819,1.2633725856590756,0.23378480038608915
专业服务（法律会计）,16,2025Q2,9,1.7113599097974272,0.44053070954718426,0.4096310940848266,0.2749520682064442,0.21351459436090123,0.10190224334782791,0.7893621874515885,1.2454688862120173,0.46568737713530917,0.4550739206997033,0.07923870216498752,-0.28054419869546954,-0.030137835253952944,-0.36230851119137775,2.0166495328001717,-2.3789580439915494,0.05436910367976573,-0.005892927425001582,-2.2663280341002965,8.139109770886876,6.122460238086704,455.98514767085925,3425.8667037947894,0.6960675900713093,0.09264706139791978,7.513110287240456,3.173964828475651,1.1549815409072355
专业服务（法律会计）,16,2025Q3,10,1.7113599097974272,0.44053070954718426,0.43116071679340134,0.27658335235932374,0.2142911393097398,0.07796479153753509,0.7232691059064853,1.2980505461415761,0.4267593599845664,0.48756531357533106,0.08567532644010258,-0.1436921794602244,-0.0450681426804222,-0.12846770270955993,1.8789038116871817,-2.0073715143967417,0.05436910367976573,-0.05418610666483098,-2.2663280341002965,8.482302780094987,6.603398968407806,737.5980056543112,4828.5562073892215,0.8794419655523279,0.13434132523660514,6.5463249227550335,6.486746398801046,1.8697610797101545
专业服务（法律会计）,16,2025Q4,11,1.7113599097974272,0.44053070954718426,0.42875434306991994,0.2901648795294909,0.2004297841986479,0.0806509932019413,0.98,1.237090331376156,0.470083133820181,0.45211479437257884,0.07780207180724015,0.11544883848844234,0.008249488474399491,0.2743220498268185,2.2402146959390987,-1.9658926461122803,0.05436910367976573,-0.043596238573624824,-2.2663280341002965,8.51225611431466,6.272041418375561,529.5573232430658,4975.375451158265,1.315638435149806,0.14003083283120565,9.395348214030031,6.96705968073627,1.9411932822142877
专业服务（法律会计）,16,2026Q1,12,1.7113599097974272,0.44053070954718426,0.4687167349193099,0.2871429243355271,0.1677392345129407,0.07640110623222235,0.6681827092636747,1.35097853288824,0.38522607746176774,0.5223302654269293,0.092443657111303,0.03017771540180414,0.03767390773888214,0.406601013669675,1.844770073315959,-1.4381690596462842,0.05436910367976573,0.11000882518502414,-2.2663280341002965,7.812400392593343,5.967630319277384,390.579025669232,2471.0548237084686,1.501704826419863,0.23736195665040075,6.3266449586597115,5.8653440794585325,1.7690611469589674
专业服务（法律会计）,16,2026Q2,13,1.7113599097974272,0.44053070954718426,0.4570680571515317,0.2846982394984499,0.17519746760269475,0.08303623574732369,0.9440422048872934,1.36392088873391,0.37463606723761755,0.5312359298607272,0.09412800290165527,-0.0975190631733085,0.0658977977165954,-0.08376702032663247,2.2361513880158337,-2.319918408342466,0.05436910367976573,0.15373217636707648,-2.2663280341002965,10.0956401394565,7.859488751440666,2590.1958029758844,24237.108322876564,0.919645489843939,0.09828160423622509,9.357249477059025,23.820618880194722,3.1705515451259423
建筑与工程,17,2023Q1,0,0.015099764443705053,0.38318974430096586,0.2917651931178542,0.3824204647683826,0.24963613679232352,0.07617820532143962,0.3626725916025767,0.14842000511827322,0.965,0.03,0.005,0.38426390404566546,-0.05345850688370848,3.3358158537226568,0.34804651844737877,2.987769335275278,0.04841144934410488,-0.1865811435110108,-1.852532750209468,-4.601793061348262,-4.949839579795641,0.0070845453421094495,0.010033828335500036,28.101300424550974,19.841373638574353,1.4162981321977721,0.001990849370299709,-6.219193912061075
建筑与工程,17,2023Q2,1,0.015099764443705053,0.38318974430096586,0.31296955944665916,0.34955538744697906,0.2567306181640307,0.08074443494233101,0.23265763178768267,0.44933442669907775,0.8726693657526093,0.11048728849063008,0.01684334575676058,0.14258885556251594,0.011102789871377472,2.551543013944919,0.4874154393269874,2.064127574617932,0.04841144934410488,-0.4647313275750339,-1.852532750209468,-3.6259202848186183,-4.113335724145606,0.016353133900323093,0.026624583858068006,12.826880576404104,7.878421563604146,1.6281028468520014,0.0020975969558938976,-6.166962896188778
建筑与工程,17,2023Q3,2,0.015099764443705053,0.38318974430096586,0.3175510049895011,0.3598675400475375,0.24224720271055566,0.08033425225240565,0.3311859559506092,0.5107120030775986,0.8478347143685461,0.13307606265727565,0.019089222974178303,0.05066273939937138,0.025573243306688552,1.8808507584720726,0.8856722131189428,0.9951785453531298,0.04841144934410488,-0.5107438915132091,-1.852532750209468,-2.0014337289153423,-2.8871059420342853,0.05573728635825183,0.13514138815747495,6.559082684327715,2.705207300355851,2.4246137009407427,0.003655854698238249,-5.611425369550304
建筑与工程,17,2023Q4,3,0.015099764443705053,0.38318974430096586,0.3541455565148999,0.3447912248599587,0.223271732627363,0.07779148599777838,0.5158758032500708,0.6378505302655322,0.7961268243063166,0.17834687551967424,0.025526300174009198,0.010107413818295607,0.011656217532446158,1.4427077500015524,1.2125949054783867,0.23011284452316572,0.04841144934410488,-0.047601394378376766,-1.852532750209468,-0.6608792032933439,-1.8734741087717306,0.15358914846605148,0.5163971168003492,4.232139892957684,1.258742044061191,3.3621979284199934,0.006500107623485769,-5.03593654475827
建筑与工程,17,2024Q1,4,0.015099764443705053,0.38318974430096586,0.3828157779323915,0.3154148493633933,0.22785569272808198,0.07391367997613311,0.48432355326712423,0.8135399340076664,0.7151747446150531,0.24833400379399062,0.03649125159095628,0.03718471028169901,0.013949815524214763,1.1492864607468145,1.3007623706872973,-0.15147590994048277,0.04841144934410488,-0.2211848899675386,-1.852532750209468,-0.09867513342328249,-1.3994375041105798,0.24673571273932296,0.9060370013569365,3.1559402188668133,0.8594385859502365,3.6720950984269045,0.00778683159264798,-4.855321229351857
建筑与工程,17,2024Q2,5,0.015099764443705053,0.38318974430096586,0.40040354260320554,0.2958459775758253,0.23621571054335222,0.06753476927761705,0.7374316873672949,0.9717500280487771,0.6301760831616074,0.32136089615899865,0.048463020679393926,-0.007677913826268923,-0.048822234495093424,0.49398463001105747,1.6829828418266692,-1.1889982118156117,0.04841144934410488,-0.18351608724614407,-1.852532750209468,2.6190681204851227,0.9360852786584533,2.5499793947779525,13.722929507842082,1.6388333717493788,0.30452618204059667,5.381584469249033,0.04178991329435393,-3.1751002773185806
建筑与工程,17,2024Q3,6,0.015099764443705053,0.38318974430096586,0.44268113288190164,0.29296192181289094,0.20459894265996964,0.05975800264523783,0.9187768772222075,1.086509046821759,0.5599099228310418,0.38157745063876825,0.05851262653019001,0.14172582853968507,-0.037308869219795926,0.4990181578897491,1.9678897331860732,-1.468871575296324,0.04841144934410488,-0.3091684108757734,-1.852532750209468,3.372880962094029,1.404991228907956,4.075490994604119,29.162421983023606,1.6471032811635993,0.23018508522621542,7.155560402816287,0.06712754589565145,-2.701160799190386
建筑与工程,17,2024Q4,7,0.015099764443705053,0.38318974430096586,0.44434742313991105,0.2973641370919501,0.18769915762276673,0.07058928214537212,0.8051738423825358,1.1383860189895878,0.5248372074301138,0.41186847320309206,0.06329431936679417,-0.028692340073517286,-0.037440945936671646,0.1795365447742957,1.9477308281452674,-1.7681942833709718,0.04841144934410488,-0.08310512710920176,-1.852532750209468,4.894702867294235,2.946972039148968,19.048189146901127,133.5803096383641,1.1966626350343121,0.17064083979796518,7.01275636272731,0.22794256217162687,-1.4786616020648276
建筑与工程,17,2025Q1,8,0.015099764443705053,0.38318974430096586,0.5058304212321008,0.29018510835094646,0.14730385661668366,0.05668061380026919,0.6621712900759742,1.1710925006162332,0.5015522198829026,0.4320685755136783,0.06637920460341917,0.1263636952011704,-0.008025362495775124,0.6286960668920174,1.6683239014775415,-1.039627834585524,0.04841144934410488,0.07503194376464983,-1.852532750209468,3.9159238032811645,2.247599901803623,9.464991643755907,50.19542079335936,1.8751638961683514,0.3535862500480174,5.303271538171244,0.17748410607906215,-1.728874217292451
建筑与工程,17,2025Q2,9,0.015099764443705053,0.38318974430096586,0.5313126896027872,0.27536296598606175,0.13965613697156368,0.053668207439587445,0.6979155667709572,1.1662851306899438,0.5038354121142832,0.43056896988977766,0.0655956179959392,0.23534323981772431,0.018324202888043997,0.8833342793900149,1.742678806307877,-0.8593445269178622,0.04841144934410488,0.20129246045679194,-1.852532750209468,4.268047675657943,2.525368869350066,12.495503621913251,71.38213840522798,2.418951736018068,0.42343954459668287,5.712625962513889,0.30226020178647117,-1.1964670372480106
建筑与工程,17,2025Q3,10,0.015099764443705053,0.38318974430096586,0.5539024674085468,0.28615899642522163,0.1090724720536845,0.05086606411254726,0.8759521804923196,0.9934108428374437,0.6124295350533177,0.3386869987780978,0.04888346616858457,0.05942797901299812,0.026841899213343852,0.16998388714367846,1.936219082497026,-1.7662351953533475,0.04841144934410488,0.013864665997340597,-1.852532750209468,6.802650147282528,4.866431064785502,129.856638968688,900.2298749143291,1.185285752827465,0.17097546789845583,6.932490183512287,1.5391722407964565,0.4312447659410886
建筑与工程,17,2025Q4,11,0.015099764443705053,0.38318974430096586,0.524437495936959,0.27948094502650056,0.14828461142225438,0.04779694761428595,0.9259599670062618,1.008401279474597,0.6031709360035964,0.34676289297711227,0.050066171019291304,-0.059516946016093586,-0.02324214301305632,-0.2919132813209376,2.020423954385312,-2.31233723570625,0.04841144934410488,-0.04356373763771866,-1.852532750209468,7.934819900193915,5.914395945808602,370.33053541523526,2792.855701284409,0.7468332975623413,0.09902952552292385,7.541521517130367,2.765751749521876,1.017312478499573
建筑与工程,17,2026Q1,12,0.015099764443705053,0.38318974430096586,0.6294991312475772,0.22647182098245394,0.09564677769971337,0.048382270070255466,0.9253523930769556,1.1243979726761717,0.5302303319856809,0.40894657453715266,0.060823093477166454,-0.01662334469925897,-0.018639823334840835,-0.362054766749517,2.0361753591252945,-2.3982301258748113,0.04841144934410488,-0.1746734094617433,-1.852532750209468,8.307155811137235,6.2709804520119405,528.995778678119,4052.7697333560986,0.6962442357639328,0.09087865481641759,7.661251557589666,3.683102616480935,1.3037554992743323
建筑与工程,17,2026Q2,13,0.015099764443705053,0.38318974430096586,0.6103467985100163,0.2449766833050056,0.10347818796693517,0.04119833021804294,0.7839419024320048,1.197482294631532,0.48007820860225614,0.4515578835465687,0.0683639078511752,0.06523282404085007,-0.04906477171152564,-0.0595308350704805,1.843981332229968,-1.9035121673004485,0.04841144934410488,0.05197549124835307,-1.852532750209468,7.9096272903460605,6.065645958116092,430.80086712969904,2723.3752489152953,0.9422064801400775,0.1490442306183241,6.321656841269499,4.0590336865956695,1.4009449370575204
农业与食品,18,2023Q1,0,-1.1700255778600428,0.1544499665922505,0.3864320696331582,0.34102562936675224,0.2071124484288024,0.06542985257128717,0.030663604996457282,0.14842000511827322,0.965,0.03,0.005,-0.33373906470185877,-0.012253881611968331,2.0915935873933327,-0.22971843882305157,2.3213120262163844,0.015241363298900008,0.14856260775978974,-1.3181459707273884,-4.540324334502515,-4.310605895679463,0.013425412729880714,0.010669945360840698,8.097809454547473,10.18903381963187,0.7947573438165355,0.0010871643413523006,-6.824182494274221
农业与食品,18,2023Q2,1,-1.1700255778600428,0.1544499665922505,0.4188525009151574,0.3130755925723223,0.20436442899273224,0.06370747751978814,0.03814528773891421,0.5007275707250671,0.8566208601074229,0.12339878999789901,0.01998034989467812,-0.07686273338985018,-0.009422064810994162,2.289537451480902,0.09732814114146597,2.192209310339436,0.015241363298900008,0.21126345023677928,-1.3181459707273884,-4.720816745345472,-4.818144886486937,0.008081765834222527,0.008907900090583957,9.870371099586766,8.954975596106896,1.1022219986705302,0.0007977002792373775,-7.133777620994127
农业与食品,18,2023Q3,2,-1.1700255778600428,0.1544499665922505,0.39300385021677314,0.3462258676981021,0.20455194217192552,0.05621833991319914,0.16762502828220077,0.6736600436845114,0.786715118398951,0.18405321112984083,0.02923167047120814,-0.03147787377222233,-0.03074426481938357,1.7999300412617267,0.5259672861765903,1.2739627550851365,0.015241363298900008,0.0815719494495587,-1.3181459707273884,-3.855067552272362,-4.381034838448953,0.012512403602718044,0.0211721730334086,6.04922425351316,3.574991344717994,1.6920947969428837,0.0007569033534330743,-7.186274983175317
农业与食品,18,2023Q4,3,-1.1700255778600428,0.1544499665922505,0.46864983465567683,0.29245821530645927,0.18591013958951938,0.05298181044834449,0.2651354504808741,0.8120203547325324,0.7220034147550307,0.23995436766635683,0.03804221757861243,-0.0026452181821072784,-0.022496305479449457,1.5278595016535323,0.773872100011231,0.7539874016423014,0.015241363298900008,0.21393188936390348,-1.3181459707273884,-3.5676629174210217,-4.3415350174322525,0.013016532256379396,0.028221733188372,4.608302194530401,2.1254581978318656,2.168145296497118,0.0005998411416224893,-7.418845701766811
农业与食品,18,2024Q1,4,-1.1700255778600428,0.1544499665922505,0.4547439801809083,0.30383444206224597,0.19244477821118533,0.048976799545660525,0.22894262983417066,0.9989913055656655,0.622143808034771,0.32494958112661365,0.05290661083861531,-0.04480321248792285,-0.017914488508531116,1.0888019745159043,0.8965279042900685,0.19227407022583587,0.015241363298900008,-0.26927931299701413,-1.3181459707273884,-3.271982739540443,-4.168510643830512,0.015475291189330023,0.03793114488657021,2.9707129500111638,1.212002645288287,2.4510779424120397,0.00045972647941336364,-7.684878855302699
农业与食品,18,2024Q2,5,-1.1700255778600428,0.1544499665922505,0.45658130211287706,0.3430947353444244,0.15791969267219258,0.04240426987050584,0.4405242942469966,0.9192095710942666,0.6633816707128796,0.2913953501884028,0.045222979098717614,0.003266559088032195,0.03512149926611781,0.875101439693971,1.1984616551938445,-0.3233602154998735,0.015241363298900008,-0.2113892279929611,-1.3181459707273884,-1.978674044783164,-3.1771356999770086,0.041704939665901976,0.1382524323637673,2.3991186474854374,0.7237131147281181,3.315013364635142,0.0010005509844472052,-6.907204446271129
农业与食品,18,2024Q3,6,-1.1700255778600428,0.1544499665922505,0.4885455860166784,0.3136780220761914,0.14848154292882587,0.04929484897830436,0.5177026031863161,1.0338178514029424,0.5974968880413317,0.3475693854034959,0.05493372655517242,-0.03130212921242492,0.01816974641345174,0.5980150930804116,1.3599144950815172,-0.7618994020011056,0.015241363298900008,-0.176232978601863,-1.3181459707273884,-1.0045966679148224,-2.36451116299634,0.09399523748993494,0.3661923021273218,1.8185056512439466,0.46677898353535696,3.8958601723468576,0.0017093087056546355,-6.37166625590402
农业与食品,18,2024Q4,7,-1.1700255778600428,0.1544499665922505,0.559378515909829,0.26848261949085583,0.12932124435014616,0.04281762024916906,0.4951449046420338,1.034802167765379,0.5954842490245464,0.3498791947004516,0.054636556275001996,0.03568405162403976,0.033239609016947815,0.5953666176508258,1.4313690000198234,-0.8360023823689976,0.015241363298900008,0.00035823104193437143,-1.3181459707273884,-0.032332168870819855,-1.4637011688906432,0.23137831775568538,0.9681849277661793,1.8136957559643503,0.43343979120175335,4.184423748764978,0.004196498729356574,-5.473504737227909
农业与食品,18,2025Q1,8,-1.1700255778600428,0.1544499665922505,0.5828193555012863,0.26400310812645983,0.11372866337642415,0.039448872995829644,0.41963538008606366,1.1475294801490716,0.5238114904777129,0.410567179260502,0.0656213302617851,-0.1728179025910025,0.0011626968146661865,0.20108809990843418,1.2599708399681653,-1.0588827400597312,0.015241363298900008,0.17999063362206355,-1.3181459707273884,0.7218838574890483,-0.538086982479117,0.5838641269945873,2.0583071178323613,1.222732489698672,0.34684310784372346,3.5253186874614113,0.007139096376458334,-4.942169068558774
农业与食品,18,2025Q2,9,-1.1700255778600428,0.1544499665922505,0.6377897701412808,0.21838976973516397,0.10527896294009007,0.03854149718346514,0.5424670047467032,1.0873137892301326,0.5615379729326526,0.37928846475010747,0.05917356231723988,-0.2490810568380376,-0.027198152031632512,-0.2697934128129643,1.4562901264804775,-1.726083539293442,0.015241363298900008,0.09087241508618223,-1.3181459707273884,2.0249806987404932,0.5686905722600158,1.7659531487796676,7.575964717564639,0.7635372150502072,0.1779800988251985,4.29001455831367,0.013483709491283715,-4.30627302654104
农业与食品,18,2025Q3,10,-1.1700255778600428,0.1544499665922505,0.6486484827027853,0.2288166632035397,0.09069638702845566,0.03183846706521931,0.7515514736392765,1.1240296029929004,0.5374865595095017,0.39981444557771917,0.06269899491277905,-0.131421883995814,-0.040705168283518035,-0.46165545164609023,1.690186864779819,-2.1518423164259093,0.015241363298900008,-0.1252063176962229,-1.3181459707273884,3.5902513708579917,1.900064506078173,6.686325737019235,36.243185262093434,0.630239450502461,0.11626975465610777,5.42049350982572,0.04213986258379466,-3.1667611315560085
农业与食品,18,2025Q4,11,-1.1700255778600428,0.1544499665922505,0.6591149091089558,0.2349864244912858,0.07311990932708726,0.032778757072671055,0.7055147079970799,1.1391162095191214,0.5271020065787102,0.4087787027319759,0.06411929068931392,0.10485551041071017,0.006297252507581674,0.3600274958117042,1.647170661273912,-1.2871431654622079,0.015241363298900008,0.35227672284743006,-1.3181459707273884,3.105942695909637,1.4587720346357247,4.300675204331877,22.33025970069571,1.4333688256578507,0.27605831055233826,5.192268339214141,0.0616445376716902,-2.7863706555406624
农业与食品,18,2026Q1,12,-1.1700255778600428,0.1544499665922505,0.6327797915896092,0.23699874665728649,0.08837150002645426,0.0418499617266502,0.8660144532270226,1.265980169780453,0.438231215195794,0.4834723378347011,0.07829644696950487,0.027340209895685863,0.03426571672149203,-0.025929833041334175,1.9481646957309373,-1.9740945287722715,0.015241363298900008,0.046887518157282954,-1.3181459707273884,4.059619030573071,2.1114543348421333,8.26024571642906,57.95222884548592,0.9744034581372863,0.13888701351956942,7.015799630539188,0.08048811991152181,-2.5196456841872923
农业与食品,18,2026Q2,13,-1.1700255778600428,0.1544499665922505,0.691112416504041,0.21229895268207055,0.06697018590201509,0.02961844491187361,0.640730659618089,1.3841793519230834,0.34567103827736917,0.5608233236982046,0.09350563802442619,-0.08762585317234783,0.05889922241731235,-0.06643964763425986,1.602154557565896,-1.6685942052001559,0.015241363298900008,-0.01757999871723177,-1.3181459707273884,3.9231089231597442,2.3209543655938485,10.185390255071525,50.55737971101798,0.9357193870309054,0.18851188848438405,4.96371552242138,0.09530667126146086,-2.350655468028503
公共管理与政务,19,2023Q1,0,-1.0302685384762014,0.1300642563427749,0.4024740003678177,0.33983365192506415,0.18601685756772907,0.07167549013938913,0.13060793568290885,0.14842000511827322,0.965,0.03,0.005,0.2154599958596939,-0.02188699254923747,3.235515322509873,-0.11607208512183592,3.3515874076317087,0.029935973374575764,0.23755920701467864,-1.3143959552798385,-4.941701285257376,-4.82562920013554,0.008021505150106288,0.007142436707744999,25.41946762812334,28.548015031179357,0.8904110355960263,0.0020390239049195144,-6.195284063613759
公共管理与政务,19,2023Q2,1,-1.0302685384762014,0.1300642563427749,0.4215592039243024,0.28890881568863297,0.22561912963316952,0.0639128507538952,0.28685494030860825,0.5010659732928063,0.8589627528723554,0.12036743265380961,0.020669814473835098,0.07550479001912541,0.006203969172011187,2.3809329061148112,0.41561870121143735,1.9653142049033738,0.029935973374575764,0.2703281143642865,-1.3143959552798385,-3.499902323209347,-3.915521024420784,0.01993016183896652,0.030200333149874928,10.814987527173562,7.137154766912431,1.5153079736075528,0.002155444517029734,-6.139758304294064
公共管理与政务,19,2023Q3,2,-1.0302685384762014,0.1300642563427749,0.4243777019363922,0.3205414264766549,0.19345008938294195,0.06163078220401095,0.3844110877270373,0.6670177589796712,0.7933864071378589,0.17674293677337705,0.029870656088763995,0.027510917031370874,0.015223956603129122,1.8782676967600158,0.8079767900486584,1.0702909067113575,0.029935973374575764,0.5375008333216293,-1.3143959552798385,-2.277190488491319,-3.085167278539977,0.04572238488669006,0.10257197943255025,6.5421620319324605,2.9162277268111514,2.2433645945360414,0.0029912325041510624,-5.812069767768053
公共管理与政务,19,2023Q4,3,-1.0302685384762014,0.1300642563427749,0.44594915954136854,0.3089170956970483,0.19288404154774982,0.05224970321383345,0.28604039675072185,0.908886868076201,0.6808423487326816,0.27151349313943807,0.047644158127880414,0.004544879434737914,0.0081179168834657,1.7002434611627446,0.814030099746975,0.8862133614157696,0.029935973374575764,0.46549847749636664,-1.3143959552798385,-2.549618307062214,-3.363648406809189,0.03460876148689483,0.07811147491019949,5.475280247566725,2.425926131593248,2.2569855595606234,0.0018949266816194327,-6.2685751316345355
公共管理与政务,19,2024Q1,4,-1.0302685384762014,0.1300642563427749,0.4063674814165644,0.33034966486491807,0.20274182441363633,0.060541029304881255,0.15400337218316168,0.9957119038318969,0.6317502837197646,0.31353140886106234,0.05471830741917302,0.021439420748049776,0.008477342283456691,1.6479792678868046,0.8588818268810038,0.7890974410058008,0.029935973374575764,0.4398217286990302,-1.3143959552798385,-2.494299094964206,-3.35318092184521,0.0349729308207842,0.08255429383862374,5.196468539655211,2.201408628181089,2.3605197477347883,0.0018173573474974316,-6.310371839946497
公共管理与政务,19,2024Q2,5,-1.0302685384762014,0.1300642563427749,0.44249933451965223,0.3416122300932473,0.17461569085795633,0.04127274452914403,0.43909100600678036,1.0138486930436141,0.6190572978752029,0.3251826798698523,0.055760022254944856,-0.004631581679654495,-0.026092757800382886,0.9654917925335075,1.1985520722289356,-0.23306027969542809,0.029935973374575764,0.6294787322609778,-1.3143959552798385,-0.32215401886886874,-1.5207060910978043,0.21855751094403023,0.7245865817294929,2.6260788249135474,0.7921058241873419,3.3153131118657835,0.0057394925151592864,-5.160384484552388
公共管理与政务,19,2024Q3,6,-1.0302685384762014,0.1300642563427749,0.5287552926906521,0.2745381398972798,0.14547973340191953,0.05122683401014844,0.24338277160830749,1.2013517107681428,0.5016426725874616,0.4229449807951451,0.07541234661739325,0.06597890203814949,-0.01869372068161568,1.1248012864743198,0.9877257786473674,0.13707550782695233,0.029935973374575764,0.36005318371283224,-1.3143959552798385,-0.6552615568526957,-1.642987335500063,0.19340142351875989,0.519306216722483,3.0796048289784568,1.1469147462911444,2.6851209638180893,0.005955999577996807,-5.123356235013834
公共管理与政务,19,2024Q4,7,-1.0302685384762014,0.1300642563427749,0.5381892594437506,0.2872008913535916,0.1251294775622778,0.049480371640379994,0.21403921497955486,1.3009038720953294,0.42970310731054207,0.4828674323485803,0.08742946034087765,-0.01794187746736875,-0.020498821120040554,0.7178438377795892,1.0466898546125232,-0.328846016832934,0.029935973374575764,0.300188244662874,-1.3143959552798385,0.6790562842175312,-0.3676335703949919,0.6923708403854257,1.9720158313526839,2.0500082915067765,0.7197538381900505,2.848207515866658,0.014193659635876378,-4.254959918603494
公共管理与政务,19,2025Q1,8,-1.0302685384762014,0.1300642563427749,0.5510835657697144,0.2786196649383863,0.1188931928548299,0.051403576437069456,0.6612939522006186,1.394808808209259,0.355696652977188,0.5441857878143785,0.10011755920843349,0.07713128599996211,-0.003237587510582604,0.41487505362076144,1.6027004941851506,-1.187825440564389,0.029935973374575764,-0.005257195562900871,-1.3143959552798385,1.767445682719108,0.16474518853395748,1.1790926341068584,5.855876475190748,1.514181537371555,0.3048835310955297,4.966426136337007,0.017853602974153993,-4.025549943833372
公共管理与政务,19,2025Q2,9,-1.0302685384762014,0.1300642563427749,0.5764826479647358,0.2580051831532491,0.1128925010901983,0.052619667791816725,0.46276625863378207,1.4556701348340355,0.30384241369978215,0.587168236248222,0.10898935005199585,0.13479241281082988,0.011928750128080853,0.760539103965898,1.3834920024350197,-0.6229528984691217,0.029935973374575764,0.17963654149031652,-1.3143959552798385,1.8255357147171416,0.4420437122821219,1.5558837501771028,6.206118837913847,2.1394292844702276,0.5363582853143011,3.988806257027505,0.033287032583602535,-3.4025873697400715
公共管理与政务,19,2025Q3,10,-1.0302685384762014,0.1300642563427749,0.6794956847879841,0.20105278060542686,0.08166175498994215,0.03778977961664694,0.5757149833549493,1.5798608663313474,0.1904267644990456,0.6799768115090657,0.12959642399188864,0.042358420002023056,0.017170841855628616,0.36568560837949876,1.4433459299172433,-1.0776603215377445,0.029935973374575764,0.1351244171311745,-1.3143959552798385,3.6731800564703994,2.229834126553156,9.298323606572978,39.376927820598226,1.4415019752645557,0.3403910001966316,4.234841621640561,0.13403551845523995,-2.0096504510554367
公共管理与政务,19,2025Q4,11,-1.0302685384762014,0.1300642563427749,0.7001942872157605,0.19430733085248147,0.07190049944926004,0.033597882482498044,0.4900360955899954,1.4580387924434115,0.2997665521162812,0.5914313951565096,0.10880205272720922,-0.040256407703050945,-0.011054310693538245,0.13920968613592646,1.350822481758328,-1.2116127956224017,0.029935973374575764,-0.046710339621974295,-1.3143959552798385,3.7290474977440065,2.3782250159856786,10.785741344797367,41.63942762037898,1.1493650806601032,0.29771673577652324,3.8605994979162253,0.12396754470742037,-2.0877354838664863
公共管理与政务,19,2026Q1,12,-1.0302685384762014,0.1300642563427749,0.7014574197984148,0.18767017826999377,0.0779056619721504,0.03296673995944096,0.6193989929771173,1.421911387645518,0.3295744782248932,0.5673565146910691,0.10306900708403773,-0.010719535141822112,-0.012695579022489425,-0.14569595581838066,1.57667404666725,-1.7223700024856305,0.029935973374575764,-0.1061463301998447,-1.3143959552798385,4.555969421417585,2.9792953747503352,19.673948998364402,95.19899846511758,0.8644204852529527,0.17864226319817303,4.838835277708199,0.17006564540008,-1.7715707670561367
公共管理与政务,19,2026Q2,13,-1.0302685384762014,0.1300642563427749,0.654496608284158,0.22139304989643904,0.08589104703544084,0.03821929478396219,0.7485537000595196,1.564599480620532,0.20254578423829112,0.6712362959281034,0.12621791983360547,0.03978152943459701,-0.029108400286368147,-0.16730862646765554,1.7808235095765221,-1.9481321360441777,0.029935973374575764,-0.4710086872357125,-1.3143959552798385,4.83931490382763,3.0584913942511083,21.29540654408359,126.3827377341687,0.8459384920364461,0.1425400685424045,5.934741723410821,0.1801460409920514,-1.7139874182046386
