country_name,country_iso3,year,jja_temperature_C,jja_anomaly_C,jun_temperature_C,jul_temperature_C,aug_temperature_C
Austria,AUT,1750,15.352,0.512,14.347,16.154,15.555
Austria,AUT,1751,15.444,0.604,13.603,16.504,16.224
Austria,AUT,1752,15.385,0.545,15.844,16.127,14.184
Austria,AUT,1753,15.131,0.291,15.179,16.038,14.176
Austria,AUT,1754,15.032,0.192,14.851,14.99,15.254
Austria,AUT,1755,15.424,0.584,16.506,15.947,13.82
Austria,AUT,1756,15.779,0.939,15.992,15.962,15.382
Austria,AUT,1757,16.93,2.09,15.872,18.622,16.295
Austria,AUT,1758,14.324,-0.516,14.954,13.659,14.359
Austria,AUT,1759,15.621,0.781,14.818,17.041,15.004
Austria,AUT,1760,15.097,0.257,14.987,15.797,14.508
Austria,AUT,1761,16.021,1.181,15.358,16.674,16.03
Austria,AUT,1762,14.98,0.14,13.893,16.418,14.628
Austria,AUT,1763,15.301,0.461,13.526,16.254,16.122
Austria,AUT,1764,14.553,-0.287,13.886,16.241,13.531
Austria,AUT,1765,14.093,-0.747,14.124,13.513,14.642
Austria,AUT,1766,14.568,-0.272,14.664,14.299,14.742
Austria,AUT,1767,14.54,-0.3,13.176,15.762,14.681
Austria,AUT,1768,14.653,-0.187,13.013,15.901,15.044
Austria,AUT,1769,14.317,-0.523,13.698,15.264,13.99
Austria,AUT,1770,13.924,-0.916,13.05,14.365,14.357
Austria,AUT,1771,14.019,-0.821,12.904,15.122,14.031
Austria,AUT,1772,15.529,0.689,15.457,16.093,15.037
Austria,AUT,1773,13.769,-1.071,13.125,14.138,14.044
Austria,AUT,1774,15.462,0.622,14.843,15.637,15.906
Austria,AUT,1775,16.104,1.264,15.644,16.204,16.464
Austria,AUT,1776,14.941,0.101,13.915,15.533,15.376
Austria,AUT,1777,14.552,-0.288,13.633,14.296,15.726
Austria,AUT,1778,15.743,0.903,13.614,17.667,15.948
Austria,AUT,1779,14.286,-0.554,12.478,14.982,15.399
Austria,AUT,1780,15.183,0.343,14.349,15.604,15.597
Austria,AUT,1781,16.329,1.489,15.325,16.369,17.293
Austria,AUT,1782,16.259,1.419,15.542,17.768,15.467
Austria,AUT,1783,15.633,0.793,14.516,16.812,15.571
Austria,AUT,1784,15.145,0.305,14.439,15.952,15.044
Austria,AUT,1785,13.722,-1.118,12.818,14.532,13.817
Austria,AUT,1786,13.778,-1.062,14.561,13.669,13.105
Austria,AUT,1787,15.319,0.479,14.966,15.115,15.876
Austria,AUT,1788,15.96,1.12,15.699,18.371,13.81
Austria,AUT,1789,14.405,-0.435,12.903,15.73,14.582
Austria,AUT,1790,15.037,0.197,15.269,14.372,15.471
Austria,AUT,1791,15.356,0.516,13.536,15.665,16.867
Austria,AUT,1792,15.699,0.859,14.883,16.487,15.727
Austria,AUT,1793,15.599,0.759,12.974,17.459,16.365
Austria,AUT,1794,15.9,1.06,14.997,18.37,14.333
Austria,AUT,1795,14.699,-0.141,14.907,13.525,15.664
Austria,AUT,1796,14.987,0.147,13.936,15.578,15.446
Austria,AUT,1797,16.036,1.196,13.468,17.6,17.04
Austria,AUT,1798,15.774,0.934,15.12,16.037,16.165
Austria,AUT,1799,14.357,-0.483,12.516,14.871,15.683
Austria,AUT,1800,14.431,-0.409,12.009,15.114,16.17
Austria,AUT,1801,14.087,-0.753,12.915,15.374,13.973
Austria,AUT,1802,16.128,1.288,15.208,15.637,17.539
Austria,AUT,1803,15.252,0.412,13.415,16.431,15.909
Austria,AUT,1804,15.186,0.346,14.691,15.966,14.901
Austria,AUT,1805,13.597,-1.243,12.951,14.357,13.482
Austria,AUT,1806,14.62,-0.22,14.093,15.204,14.564
Austria,AUT,1807,17.108,2.268,13.958,17.856,19.51
Austria,AUT,1808,15.702,0.862,13.38,17.157,16.568
Austria,AUT,1809,15.145,0.305,14.116,15.653,15.665
Austria,AUT,1810,14.483,-0.357,12.512,15.651,15.286
Austria,AUT,1811,16.775,1.935,17.045,17.832,15.448
Austria,AUT,1812,14.345,-0.495,14.139,14.421,14.474
Austria,AUT,1813,13.028,-1.812,12.17,13.767,13.147
Austria,AUT,1814,14.105,-0.735,12.109,15.992,14.214
Austria,AUT,1815,13.548,-1.292,13.743,13.464,13.436
Austria,AUT,1816,12.937,-1.903,12.405,13.414,12.991
Austria,AUT,1817,14.974,0.134,15.519,14.934,14.469
Austria,AUT,1818,14.607,-0.233,14.465,15.645,13.71
Austria,AUT,1819,15.185,0.345,14.67,15.906,14.978
Austria,AUT,1820,14.817,-0.023,12.039,14.773,17.638
Austria,AUT,1821,13.057,-1.783,10.963,13.479,14.73
Austria,AUT,1822,16.266,1.426,17.067,16.782,14.949
Austria,AUT,1823,14.43,-0.41,13.012,14.457,15.822
Austria,AUT,1824,14.625,-0.215,12.764,15.877,15.233
Austria,AUT,1825,14.496,-0.344,13.503,15.13,14.856
Austria,AUT,1826,16.177,1.337,13.816,17.052,17.663
Austria,AUT,1827,15.523,0.683,14.719,17.525,14.326
Austria,AUT,1828,14.97,0.13,14.612,16.609,13.688
Austria,AUT,1829,13.797,-1.043,12.245,15.995,13.151
Austria,AUT,1830,15.494,0.654,14.311,16.61,15.561
Austria,AUT,1831,14.458,-0.382,12.843,15.87,14.661
Austria,AUT,1832,14.609,-0.231,12.819,14.817,16.191
Austria,AUT,1833,13.67,-1.17,15.479,13.426,12.106
Austria,AUT,1834,17.034,2.194,15.866,18.625,16.61
Austria,AUT,1835,15.126,0.286,13.839,16.641,14.897
Austria,AUT,1836,14.943,0.103,14.35,15.67,14.808
Austria,AUT,1837,15.093,0.253,14.309,13.974,16.995
Austria,AUT,1838,13.679,-1.161,13.621,14.44,12.975
Austria,AUT,1839,15.444,0.604,16.158,16.792,13.383
Austria,AUT,1840,13.828,-1.012,13.448,14.091,13.946
Austria,AUT,1841,14.123,-0.717,13.157,14.801,14.411
Austria,AUT,1842,15.637,0.797,14.492,15.544,16.876
Austria,AUT,1843,13.702,-1.138,11.83,14.325,14.95
Austria,AUT,1844,13.77,-1.07,14.622,13.885,12.802
Austria,AUT,1845,14.706,-0.134,15.335,15.89,12.892
Austria,AUT,1846,16.618,1.778,15.928,17.413,16.512
Austria,AUT,1847,14.294,-0.546,11.553,15.825,15.505
Austria,AUT,1848,15.414,0.574,15.648,15.621,14.974
Austria,AUT,1849,14.497,-0.343,15.317,14.964,13.21
Austria,AUT,1850,14.661,-0.179,14.223,14.562,15.199
Austria,AUT,1851,13.95,-0.89,13.48,14.064,14.305
Austria,AUT,1852,15.248,0.408,14.379,16.442,14.922
Austria,AUT,1853,15.195,0.355,13.801,16.499,15.286
Austria,AUT,1854,14.227,-0.613,13.027,15.796,13.858
Austria,AUT,1855,15.26,0.42,14.382,15.573,15.826
Austria,AUT,1856,15.1,0.26,15.279,13.843,16.177
Austria,AUT,1857,15.655,0.815,13.916,16.829,16.221
Austria,AUT,1858,15.091,0.251,16.282,15.055,13.936
Austria,AUT,1859,16.853,2.013,14.236,18.945,17.378
Austria,AUT,1860,14.012,-0.828,14.386,13.212,14.439
Austria,AUT,1861,16.268,1.428,15.453,15.981,17.369
Austria,AUT,1862,14.93,0.09,13.822,16.345,14.624
Austria,AUT,1863,15.346,0.506,14.158,14.966,16.914
Austria,AUT,1864,13.736,-1.104,13.755,14.353,13.099
Austria,AUT,1865,15.245,0.405,12.846,18.021,14.867
Austria,AUT,1866,14.76,-0.08,15.912,15.033,13.334
Austria,AUT,1867,14.792,-0.048,13.949,14.779,15.648
Austria,AUT,1868,15.822,0.982,15.479,16.043,15.945
Austria,AUT,1869,14.43,-0.41,11.998,17.305,13.987
Austria,AUT,1870,14.747,-0.093,13.985,16.892,13.363
Austria,AUT,1871,14.384,-0.456,11.56,16.359,15.232
Austria,AUT,1872,14.562,-0.278,13.452,16.191,14.043
Austria,AUT,1873,15.947,1.107,13.715,17.415,16.712
Austria,AUT,1874,15.366,0.526,14.371,18.016,13.711
Austria,AUT,1875,15.87,1.03,16.045,15.427,16.137
Austria,AUT,1876,15.23,0.39,14.485,15.758,15.446
Austria,AUT,1877,16.033,1.193,16.062,15.279,16.759
Austria,AUT,1878,14.598,-0.242,14.009,14.599,15.186
Austria,AUT,1879,14.848,0.008,14.932,13.34,16.272
Austria,AUT,1880,14.647,-0.193,13.187,16.942,13.811
Austria,AUT,1881,15.346,0.506,13.362,17.198,15.477
Austria,AUT,1882,13.607,-1.233,12.478,15.217,13.127
Austria,AUT,1883,14.554,-0.286,14.159,15.055,14.448
Austria,AUT,1884,13.948,-0.892,11.057,16.191,14.596
Austria,AUT,1885,15.305,0.465,15.373,16.463,14.079
Austria,AUT,1886,14.528,-0.312,12.753,15.768,15.064
Austria,AUT,1887,15.404,0.564,13.876,17.688,14.649
Austria,AUT,1888,14.136,-0.704,14.582,13.687,14.14
Austria,AUT,1889,15.036,0.196,16.029,15.147,13.932
Austria,AUT,1890,14.517,-0.323,12.428,14.804,16.32
Austria,AUT,1891,14.211,-0.629,13.822,15.021,13.791
Austria,AUT,1892,15.218,0.378,14.067,14.832,16.756
Austria,AUT,1893,14.766,-0.074,13.483,15.671,15.144
Austria,AUT,1894,14.543,-0.297,12.683,16.57,14.377
Austria,AUT,1895,15.08,0.24,14.034,16.723,14.482
Austria,AUT,1896,14.221,-0.619,14.138,15.842,12.683
Austria,AUT,1897,15.292,0.452,14.942,15.666,15.269
Austria,AUT,1898,14.44,-0.4,13.144,14.078,16.098
Austria,AUT,1899,14.592,-0.248,13.152,15.457,15.168
Austria,AUT,1900,15.325,0.485,14.467,16.994,14.514
Austria,AUT,1901,15.222,0.382,14.684,16.215,14.768
Austria,AUT,1902,14.072,-0.768,12.763,15.032,14.42
Austria,AUT,1903,14.211,-0.629,13.19,14.8,14.644
Austria,AUT,1904,15.774,0.934,14.516,17.395,15.411
Austria,AUT,1905,15.957,1.117,14.725,17.598,15.549
Austria,AUT,1906,14.486,-0.354,12.84,15.71,14.909
Austria,AUT,1907,14.354,-0.486,14.021,13.871,15.171
Austria,AUT,1908,14.799,-0.041,15.622,15.412,13.363
Austria,AUT,1909,13.961,-0.879,13.031,13.949,14.903
Austria,AUT,1910,14.231,-0.609,14.431,13.922,14.339
Austria,AUT,1911,15.761,0.921,13.322,17.267,16.695
Austria,AUT,1912,14.143,-0.697,14.345,15.396,12.688
Austria,AUT,1913,13.008,-1.832,13.391,12.451,13.183
Austria,AUT,1914,14.055,-0.785,12.673,14.46,15.033
Austria,AUT,1915,14.606,-0.234,15.642,14.895,13.282
Austria,AUT,1916,13.833,-1.007,12.19,15.003,14.306
Austria,AUT,1917,15.847,1.007,16.2,15.924,15.417
Austria,AUT,1918,13.474,-1.366,11.459,14.806,14.158
Austria,AUT,1919,13.829,-1.011,13.363,12.948,15.176
Austria,AUT,1920,14.108,-0.732,12.89,15.973,13.462
Austria,AUT,1921,15.349,0.509,13.015,17.195,15.837
Austria,AUT,1922,14.789,-0.051,14.492,14.946,14.929
Austria,AUT,1923,14.256,-0.584,10.604,16.847,15.316
Austria,AUT,1924,13.866,-0.974,13.64,15.362,12.597
Austria,AUT,1925,14.416,-0.424,13.324,15.364,14.561
Austria,AUT,1926,13.619,-1.221,11.887,14.8,14.169
Austria,AUT,1927,15.326,0.486,14.659,16.218,15.102
Austria,AUT,1928,15.938,1.098,13.535,18.161,16.117
Austria,AUT,1929,15.463,0.623,14.074,16.47,15.846
Austria,AUT,1930,15.373,0.533,16.578,15.192,14.348
Austria,AUT,1931,15.275,0.435,15.826,15.941,14.058
Austria,AUT,1932,15.527,0.687,12.93,16.472,17.179
Austria,AUT,1933,14.324,-0.516,11.688,15.963,15.321
Austria,AUT,1934,15.066,0.226,13.777,16.563,14.858
Austria,AUT,1935,15.676,0.836,16.054,16.22,14.753
Austria,AUT,1936,14.64,-0.2,13.79,15.975,14.156
Austria,AUT,1937,15.236,0.396,15.33,15.69,14.688
Austria,AUT,1938,15.447,0.607,15.511,15.678,15.153
Austria,AUT,1939,15.237,0.397,14.458,15.684,15.569
Austria,AUT,1940,13.889,-0.951,13.935,14.803,12.928
Austria,AUT,1941,14.721,-0.119,14.271,15.854,14.038
Austria,AUT,1942,14.793,-0.047,13.797,14.977,15.604
Austria,AUT,1943,15.078,0.238,12.618,15.529,17.087
Austria,AUT,1944,15.237,0.397,12.73,15.388,17.593
Austria,AUT,1945,15.801,0.961,15.378,16.862,15.163
Austria,AUT,1946,15.715,0.875,14.206,16.978,15.962
Austria,AUT,1947,16.456,1.616,15.73,17.338,16.299
Austria,AUT,1948,14.066,-0.774,13.108,13.822,15.268
Austria,AUT,1949,14.469,-0.371,12.835,15.737,14.835
Austria,AUT,1950,16.823,1.983,16.355,17.843,16.27
Austria,AUT,1951,15.437,0.597,14.246,15.751,16.313
Austria,AUT,1952,16.397,1.557,14.586,17.64,16.964
Austria,AUT,1953,15.075,0.235,14.23,16.549,14.446
Austria,AUT,1954,14.339,-0.501,14.924,13.49,14.604
Austria,AUT,1955,14.433,-0.407,13.381,15.53,14.387
Austria,AUT,1956,14.297,-0.543,12.244,15.971,14.676
Austria,AUT,1957,15.212,0.372,15.652,16.029,13.955
Austria,AUT,1958,15.133,0.293,13.378,16.238,15.784
Austria,AUT,1959,15.148,0.308,13.753,16.766,14.924
Austria,AUT,1960,14.545,-0.295,14.609,14.044,14.983
Austria,AUT,1961,14.765,-0.075,14.972,14.31,15.014
Austria,AUT,1962,14.234,-0.606,12.191,14.209,16.303
Austria,AUT,1963,15.56,0.72,14.726,16.717,15.237
Austria,AUT,1964,15.561,0.721,15.94,16.333,14.409
Austria,AUT,1965,14.145,-0.695,14.171,14.688,13.575
Austria,AUT,1966,14.398,-0.442,14.848,14.444,13.903
Austria,AUT,1967,15.359,0.519,13.477,17.314,15.287
Austria,AUT,1968,14.47,-0.37,14.354,14.964,14.092
Austria,AUT,1969,14.344,-0.496,12.765,16.254,14.014
Austria,AUT,1970,15.24,0.4,15.144,15.253,15.323
Austria,AUT,1971,15.373,0.533,12.862,16.31,16.948
Austria,AUT,1972,14.825,-0.015,14.012,15.658,14.804
Austria,AUT,1973,15.303,0.463,14.29,15.336,16.284
Austria,AUT,1974,14.603,-0.237,12.212,14.917,16.681
Austria,AUT,1975,14.733,-0.107,12.781,15.871,15.547
Austria,AUT,1976,14.869,0.029,14.879,16.761,12.968
Austria,AUT,1977,14.767,-0.073,14.506,15.358,14.436
Austria,AUT,1978,13.7,-1.14,13.138,14.13,13.831
Austria,AUT,1979,14.585,-0.255,15.473,14.078,14.203
Austria,AUT,1980,14.349,-0.491,13.154,14.086,15.807
Austria,AUT,1981,14.995,0.155,14.649,14.916,15.421
Austria,AUT,1982,15.92,1.08,15.009,17.01,15.74
Austria,AUT,1983,16.464,1.624,14.376,18.961,16.054
Austria,AUT,1984,14.235,-0.605,13.121,14.717,14.866
Austria,AUT,1985,14.901,0.061,12.404,16.696,15.602
Austria,AUT,1986,15.005,0.165,13.852,15.293,15.871
Austria,AUT,1987,14.975,0.135,13.552,16.811,14.562
Austria,AUT,1988,15.508,0.668,13.623,16.886,16.016
Austria,AUT,1989,14.802,-0.038,12.68,16.174,15.551
Austria,AUT,1990,15.246,0.406,13.833,15.54,16.364
Austria,AUT,1991,15.665,0.825,13.51,17.182,16.303
Austria,AUT,1992,17.33,2.49,14.986,17.328,19.677
Austria,AUT,1993,15.284,0.444,14.769,15.102,15.982
Austria,AUT,1994,17.214,2.374,15.142,18.933,17.567
Austria,AUT,1995,15.616,0.776,12.926,18.637,15.285
Austria,AUT,1996,15.136,0.296,15.429,14.831,15.147
Austria,AUT,1997,15.447,0.607,14.75,15.107,16.483
Austria,AUT,1998,16.207,1.367,15.628,16.436,16.558
Austria,AUT,1999,15.588,0.748,14.229,16.858,15.677
Austria,AUT,2000,16.099,1.259,16.215,14.655,17.426
Austria,AUT,2001,15.933,1.093,13.332,16.834,17.632
Austria,AUT,2002,16.787,1.947,16.854,17.1,16.407
Austria,AUT,2003,18.679,3.839,18.81,17.595,19.633
Austria,AUT,2004,15.572,0.732,14.084,15.953,16.678
Austria,AUT,2005,15.358,0.518,15.225,16.404,14.444
Austria,AUT,2006,16.136,1.296,15.325,19.386,13.697
Austria,AUT,2007,16.54,1.7,16.497,17.147,15.975
Austria,AUT,2008,16.331,1.491,16.121,16.447,16.425
Austria,AUT,2009,16.242,1.402,14.043,17.097,17.585
Austria,AUT,2010,16.514,1.674,15.334,18.445,15.762
Austria,AUT,2011,16.181,1.341,15.46,15.49,17.593
Austria,AUT,2012,17.148,2.308,16.341,17.247,17.855
Austria,AUT,2013,16.914,2.074,14.723,18.638,17.38
Austria,AUT,2014,15.805,0.965,15.381,17.085,14.948
Austria,AUT,2015,18.166,3.326,15.884,19.585,19.03
Austria,AUT,2016,16.62,1.78,15.738,17.77,16.351
Austria,AUT,2017,17.733,2.893,17.57,17.557,18.072
Austria,AUT,2018,17.642,2.802,16.296,17.92,18.709
Austria,AUT,2019,18.471,3.631,19.144,18.268,18.001
Austria,AUT,2020,16.674,1.834,15.055,17.091,17.877
Belgium,BEL,1750,16.891,0.385,15.6,18.237,16.837
Belgium,BEL,1751,16.534,0.027,15.348,17.22,17.034
Belgium,BEL,1752,16.918,0.412,17.019,17.278,16.458
Belgium,BEL,1753,16.702,0.195,17.023,17.449,15.634
Belgium,BEL,1754,16.17,-0.337,15.524,15.959,17.026
Belgium,BEL,1755,16.87,0.364,17.93,17.262,15.419
Belgium,BEL,1756,17.122,0.616,17.234,17.926,16.207
Belgium,BEL,1757,18.127,1.62,16.612,20.301,17.468
Belgium,BEL,1758,16.15,-0.357,16.429,14.988,17.033
Belgium,BEL,1759,17.497,0.99,16.095,19.271,17.125
Belgium,BEL,1760,16.5,-0.007,16.405,17.096,15.999
Belgium,BEL,1761,17.131,0.625,16.394,17.07,17.93
Belgium,BEL,1762,16.323,-0.183,15.704,17.942,15.324
Belgium,BEL,1763,16.402,-0.105,15.217,16.705,17.284
Belgium,BEL,1764,16.193,-0.314,15.068,17.968,15.542
Belgium,BEL,1765,16.162,-0.345,16.077,15.555,16.854
Belgium,BEL,1766,16.388,-0.119,15.537,16.563,17.064
Belgium,BEL,1767,15.677,-0.829,14.008,16.142,16.882
Belgium,BEL,1768,16.29,-0.216,15.12,16.982,16.769
Belgium,BEL,1769,15.677,-0.829,14.065,16.958,16.009
Belgium,BEL,1770,15.923,-0.583,14.394,16.04,17.336
Belgium,BEL,1771,15.71,-0.797,14.819,16.864,15.447
Belgium,BEL,1772,17.025,0.518,16.981,17.161,16.932
Belgium,BEL,1773,16.331,-0.176,15.29,16.384,17.318
Belgium,BEL,1774,16.81,0.304,16.109,16.749,17.573
Belgium,BEL,1775,17.541,1.034,17.68,17.814,17.128
Belgium,BEL,1776,16.986,0.479,15.949,18.066,16.943
Belgium,BEL,1777,16.216,-0.29,14.787,16.35,17.512
Belgium,BEL,1778,17.827,1.32,15.998,19.427,18.055
Belgium,BEL,1779,17.15,0.643,14.855,18.125,18.47
Belgium,BEL,1780,17.437,0.93,15.625,17.683,19.002
Belgium,BEL,1781,18.18,1.673,17.545,18.376,18.618
Belgium,BEL,1782,17.09,0.583,16.986,18.184,16.1
Belgium,BEL,1783,17.957,1.45,16.473,20.052,17.346
Belgium,BEL,1784,16.209,-0.297,16.202,17.137,15.289
Belgium,BEL,1785,16.131,-0.376,15.719,17.149,15.524
Belgium,BEL,1786,16.233,-0.273,16.986,15.669,16.045
Belgium,BEL,1787,16.489,-0.018,15.965,16.471,17.031
Belgium,BEL,1788,17.297,0.79,16.762,18.585,16.543
Belgium,BEL,1789,16.191,-0.315,14.346,17.036,17.192
Belgium,BEL,1790,16.234,-0.272,15.989,15.765,16.949
Belgium,BEL,1791,16.853,0.347,15.538,16.91,18.112
Belgium,BEL,1792,16.92,0.413,15.013,17.593,18.154
Belgium,BEL,1793,17.468,0.962,14.487,19.861,18.057
Belgium,BEL,1794,17.862,1.355,16.546,20.313,16.726
Belgium,BEL,1795,16.461,-0.046,16.165,15.534,17.683
Belgium,BEL,1796,16.492,-0.014,15.272,16.584,17.621
Belgium,BEL,1797,17.14,0.633,14.181,19.568,17.671
Belgium,BEL,1798,17.46,0.953,17.165,17.368,17.847
Belgium,BEL,1799,15.841,-0.666,14.672,16.361,16.489
Belgium,BEL,1800,16.567,0.06,13.72,17.482,18.499
Belgium,BEL,1801,16.088,-0.419,14.333,16.55,17.38
Belgium,BEL,1802,16.722,0.216,15.858,15.364,18.945
Belgium,BEL,1803,17.121,0.614,14.737,18.888,17.737
Belgium,BEL,1804,16.447,-0.06,16.248,16.763,16.329
Belgium,BEL,1805,15.069,-1.437,13.601,15.577,16.03
Belgium,BEL,1806,16.181,-0.326,15.174,16.609,16.76
Belgium,BEL,1807,18.08,1.573,14.979,19.282,19.978
Belgium,BEL,1808,17.457,0.95,14.699,19.407,18.264
Belgium,BEL,1809,15.806,-0.701,14.491,16.307,16.619
Belgium,BEL,1810,15.675,-0.831,14.468,16.177,16.381
Belgium,BEL,1811,17.333,0.826,17.28,18.164,16.554
Belgium,BEL,1812,15.402,-1.105,14.745,15.431,16.03
Belgium,BEL,1813,15.529,-0.978,14.636,16.183,15.768
Belgium,BEL,1814,15.879,-0.628,13.763,17.857,16.016
Belgium,BEL,1815,15.693,-0.814,15.374,15.675,16.03
Belgium,BEL,1816,14.066,-2.44,13.13,14.761,14.308
Belgium,BEL,1817,15.847,-0.66,16.608,15.695,15.238
Belgium,BEL,1818,17.483,0.976,17.369,18.61,16.47
Belgium,BEL,1819,17.398,0.891,15.731,18.332,18.13
Belgium,BEL,1820,16.008,-0.499,14.044,16.591,17.388
Belgium,BEL,1821,15.087,-1.42,13.11,15.052,17.099
Belgium,BEL,1822,17.445,0.938,18.614,17.18,16.541
Belgium,BEL,1823,15.506,-1.001,13.607,15.735,17.175
Belgium,BEL,1824,16.128,-0.379,14.809,16.948,16.627
Belgium,BEL,1825,16.744,0.237,15.452,17.807,16.973
Belgium,BEL,1826,18.368,1.861,16.718,19.111,19.274
Belgium,BEL,1827,16.437,-0.07,15.404,17.703,16.203
Belgium,BEL,1828,16.512,0.005,16.382,17.545,15.609
Belgium,BEL,1829,15.991,-0.516,15.677,16.923,15.372
Belgium,BEL,1830,16.149,-0.358,14.582,17.878,15.986
Belgium,BEL,1831,16.836,0.329,15.347,17.784,17.377
Belgium,BEL,1832,16.379,-0.128,15.267,16.492,17.378
Belgium,BEL,1833,15.801,-0.706,16.756,16.331,14.316
Belgium,BEL,1834,18.39,1.883,16.721,19.814,18.634
Belgium,BEL,1835,17.272,0.766,16.104,18.397,17.316
Belgium,BEL,1836,16.721,0.214,16.395,17.261,16.507
Belgium,BEL,1837,16.948,0.441,16.226,16.577,18.04
Belgium,BEL,1838,15.904,-0.603,15.203,16.917,15.592
Belgium,BEL,1839,16.749,0.242,17.192,17.483,15.572
Belgium,BEL,1840,15.993,-0.513,15.647,15.305,17.028
Belgium,BEL,1841,14.995,-1.512,14.053,14.604,16.328
Belgium,BEL,1842,17.785,1.279,16.881,16.38,20.095
Belgium,BEL,1843,15.861,-0.646,13.874,16.166,17.542
Belgium,BEL,1844,15.182,-1.325,15.782,15.474,14.29
Belgium,BEL,1845,15.975,-0.532,16.533,16.82,14.572
Belgium,BEL,1846,19.065,2.558,18.886,18.993,19.316
Belgium,BEL,1847,16.916,0.409,14.233,18.709,17.805
Belgium,BEL,1848,16.299,-0.208,16.125,17.066,15.705
Belgium,BEL,1849,16.176,-0.331,16.155,16.515,15.857
Belgium,BEL,1850,16.354,-0.152,16.369,16.822,15.872
Belgium,BEL,1851,16.416,-0.091,15.832,16.261,17.155
Belgium,BEL,1852,17.449,0.942,14.836,20.096,17.414
Belgium,BEL,1853,16.603,0.097,15.823,17.492,16.495
Belgium,BEL,1854,15.972,-0.534,14.419,17.221,16.277
Belgium,BEL,1855,16.479,-0.028,15.237,16.877,17.323
Belgium,BEL,1856,16.741,0.235,15.854,15.941,18.429
Belgium,BEL,1857,18.221,1.715,16.682,18.588,19.394
Belgium,BEL,1858,17.467,0.96,19.347,16.202,16.852
Belgium,BEL,1859,18.629,2.123,16.912,20.517,18.459
Belgium,BEL,1860,14.806,-1.701,14.527,15.099,14.791
Belgium,BEL,1861,17.299,0.793,16.983,16.941,17.974
Belgium,BEL,1862,15.554,-0.952,14.359,16.179,16.125
Belgium,BEL,1863,16.497,-0.01,15.434,16.124,17.932
Belgium,BEL,1864,15.37,-1.136,14.713,16.522,14.876
Belgium,BEL,1865,16.724,0.217,15.331,18.661,16.179
Belgium,BEL,1866,16.314,-0.192,17.418,16.336,15.189
Belgium,BEL,1867,16.037,-0.47,15.296,15.424,17.391
Belgium,BEL,1868,18.06,1.553,16.936,19.144,18.1
Belgium,BEL,1869,15.619,-0.887,13.045,18.373,15.44
Belgium,BEL,1870,16.789,0.283,15.702,18.97,15.696
Belgium,BEL,1871,15.98,-0.527,13.061,17.075,17.803
Belgium,BEL,1872,16.828,0.321,15.588,18.775,16.121
Belgium,BEL,1873,17.387,0.88,16.028,18.537,17.595
Belgium,BEL,1874,16.793,0.287,15.588,19.141,15.651
Belgium,BEL,1875,16.988,0.482,16.149,16.634,18.182
Belgium,BEL,1876,17.365,0.858,15.645,18.37,18.079
Belgium,BEL,1877,17.101,0.595,17.726,16.529,17.049
Belgium,BEL,1878,16.537,0.03,15.832,16.653,17.126
Belgium,BEL,1879,15.827,-0.68,15.447,14.891,17.143
Belgium,BEL,1880,16.635,0.128,14.735,17.53,17.639
Belgium,BEL,1881,16.671,0.164,15.257,18.96,15.795
Belgium,BEL,1882,15.281,-1.225,14.288,16.219,15.337
Belgium,BEL,1883,16.195,-0.312,16.077,16.08,16.428
Belgium,BEL,1884,16.772,0.265,13.731,18.378,18.206
Belgium,BEL,1885,16.265,-0.242,16.49,17.318,14.986
Belgium,BEL,1886,16.247,-0.26,14.349,17.219,17.173
Belgium,BEL,1887,17.176,0.67,16.19,18.892,16.447
Belgium,BEL,1888,15.328,-1.179,15.852,14.747,15.385
Belgium,BEL,1889,16.651,0.144,18.009,16.28,15.663
Belgium,BEL,1890,15.315,-1.192,14.439,15.452,16.054
Belgium,BEL,1891,15.577,-0.93,15.336,16.026,15.369
Belgium,BEL,1892,16.338,-0.169,15.034,16.195,17.784
Belgium,BEL,1893,17.389,0.883,16.4,17.674,18.094
Belgium,BEL,1894,16.061,-0.446,14.686,17.645,15.852
Belgium,BEL,1895,16.551,0.044,15.955,16.863,16.835
Belgium,BEL,1896,16.476,-0.031,16.99,17.578,14.859
Belgium,BEL,1897,17.311,0.804,17.253,17.201,17.478
Belgium,BEL,1898,16.347,-0.159,14.917,15.446,18.679
Belgium,BEL,1899,17.316,0.81,15.649,17.884,18.416
Belgium,BEL,1900,17.34,0.833,16.424,19.26,16.335
Belgium,BEL,1901,17.27,0.764,15.921,18.869,17.021
Belgium,BEL,1902,15.837,-0.67,15.444,16.507,15.56
Belgium,BEL,1903,15.605,-0.902,14.663,16.422,15.73
Belgium,BEL,1904,17.138,0.631,15.265,19.282,16.866
Belgium,BEL,1905,17.433,0.927,16.961,18.773,16.566
Belgium,BEL,1906,16.491,-0.016,14.67,17.38,17.423
Belgium,BEL,1907,14.986,-1.521,14.269,14.605,16.084
Belgium,BEL,1908,16.365,-0.141,16.781,17.15,15.165
Belgium,BEL,1909,15.136,-1.371,13.556,15.016,16.835
Belgium,BEL,1910,16.067,-0.44,16.321,15.597,16.283
Belgium,BEL,1911,18.318,1.812,15.139,19.571,20.245
Belgium,BEL,1912,16.072,-0.435,15.622,18.366,14.228
Belgium,BEL,1913,15.072,-1.435,14.888,14.757,15.57
Belgium,BEL,1914,16.55,0.043,14.507,17.481,17.662
Belgium,BEL,1915,16.452,-0.055,16.849,16.356,16.15
Belgium,BEL,1916,15.209,-1.297,12.76,15.981,16.887
Belgium,BEL,1917,17.275,0.768,18.149,17.194,16.482
Belgium,BEL,1918,15.762,-0.744,13.773,16.831,16.683
Belgium,BEL,1919,15.557,-0.949,15.34,14.295,17.037
Belgium,BEL,1920,15.777,-0.73,15.82,16.67,14.841
Belgium,BEL,1921,17.505,0.999,15.542,19.606,17.368
Belgium,BEL,1922,15.558,-0.949,15.721,15.548,15.405
Belgium,BEL,1923,15.889,-0.618,12.041,19.08,16.546
Belgium,BEL,1924,15.672,-0.835,15.468,16.929,14.619
Belgium,BEL,1925,16.671,0.164,15.467,18.024,16.521
Belgium,BEL,1926,16.077,-0.43,13.92,17.565,16.746
Belgium,BEL,1927,16.083,-0.424,14.217,17.202,16.83
Belgium,BEL,1928,16.614,0.108,14.561,18.393,16.889
Belgium,BEL,1929,16.456,-0.05,14.564,17.818,16.987
Belgium,BEL,1930,17.008,0.501,17.87,16.285,16.869
Belgium,BEL,1931,16.297,-0.21,16.368,16.809,15.713
Belgium,BEL,1932,17.388,0.881,15.199,17.409,19.556
Belgium,BEL,1933,17.303,0.796,15.038,18.531,18.34
Belgium,BEL,1934,17.135,0.628,16.228,18.446,16.73
Belgium,BEL,1935,17.52,1.013,16.843,18.205,17.512
Belgium,BEL,1936,16.611,0.104,16.29,16.566,16.976
Belgium,BEL,1937,17.013,0.506,16.04,17.25,17.748
Belgium,BEL,1938,16.852,0.345,16.16,16.652,17.744
Belgium,BEL,1939,16.956,0.449,16.348,16.914,17.606
Belgium,BEL,1940,16.097,-0.409,16.754,16.082,15.456
Belgium,BEL,1941,16.948,0.441,16.785,18.738,15.32
Belgium,BEL,1942,16.568,0.062,15.098,16.415,18.192
Belgium,BEL,1943,16.763,0.256,14.792,17.798,17.698
Belgium,BEL,1944,17.1,0.593,14.422,17.247,19.631
Belgium,BEL,1945,17.212,0.706,16.666,18.375,16.596
Belgium,BEL,1946,16.151,-0.356,14.359,17.913,16.18
Belgium,BEL,1947,19.084,2.577,17.796,19.301,20.154
Belgium,BEL,1948,16.19,-0.316,15.486,16.439,16.646
Belgium,BEL,1949,16.793,0.287,14.568,18.177,17.635
Belgium,BEL,1950,17.892,1.385,17.843,18.186,17.647
Belgium,BEL,1951,16.378,-0.129,15.212,17.105,16.816
Belgium,BEL,1952,17.311,0.804,15.831,18.353,17.749
Belgium,BEL,1953,16.577,0.071,15.638,17.071,17.023
Belgium,BEL,1954,15.395,-1.112,15.254,14.794,16.137
Belgium,BEL,1955,16.897,0.39,15.08,17.778,17.832
Belgium,BEL,1956,14.855,-1.652,13.026,16.893,14.645
Belgium,BEL,1957,16.953,0.447,16.8,18.172,15.888
Belgium,BEL,1958,16.494,-0.012,14.887,17.119,17.477
Belgium,BEL,1959,17.96,1.453,16.392,19.497,17.99
Belgium,BEL,1960,16.097,-0.409,16.445,15.497,16.35
Belgium,BEL,1961,16.007,-0.5,15.665,15.77,16.585
Belgium,BEL,1962,15.327,-1.18,14.363,15.461,16.156
Belgium,BEL,1963,16.117,-0.39,15.621,17.081,15.648
Belgium,BEL,1964,16.996,0.489,15.982,18.012,16.994
Belgium,BEL,1965,15.558,-0.948,15.42,15.256,15.999
Belgium,BEL,1966,16.323,-0.184,17.034,15.716,16.218
Belgium,BEL,1967,16.92,0.413,14.987,18.783,16.989
Belgium,BEL,1968,16.306,-0.201,15.351,16.586,16.981
Belgium,BEL,1969,16.972,0.465,14.961,18.57,17.385
Belgium,BEL,1970,17.025,0.519,17.537,16.176,17.363
Belgium,BEL,1971,16.736,0.229,14.306,18.277,17.625
Belgium,BEL,1972,15.903,-0.604,13.962,17.664,16.083
Belgium,BEL,1973,17.735,1.228,16.759,17.434,19.012
Belgium,BEL,1974,16.108,-0.399,15.13,15.861,17.333
Belgium,BEL,1975,17.806,1.299,15.237,18.399,19.781
Belgium,BEL,1976,19.03,2.523,18.742,20.22,18.128
Belgium,BEL,1977,15.966,-0.541,14.719,16.897,16.281
Belgium,BEL,1978,15.409,-1.098,14.911,15.732,15.583
Belgium,BEL,1979,16.085,-0.422,15.793,16.609,15.852
Belgium,BEL,1980,15.955,-0.552,14.854,15.616,17.394
Belgium,BEL,1981,16.307,-0.2,14.991,16.753,17.176
Belgium,BEL,1982,17.698,1.191,16.863,18.854,17.377
Belgium,BEL,1983,18.778,2.272,16.646,20.909,18.78
Belgium,BEL,1984,16.428,-0.079,14.354,16.825,18.104
Belgium,BEL,1985,16.071,-0.435,14.105,17.82,16.289
Belgium,BEL,1986,16.911,0.405,16.943,17.514,16.277
Belgium,BEL,1987,16.125,-0.381,14.366,17.227,16.783
Belgium,BEL,1988,16.269,-0.238,15.072,16.354,17.38
Belgium,BEL,1989,17.451,0.945,15.735,18.652,17.967
Belgium,BEL,1990,17.288,0.781,15.203,17.321,19.339
Belgium,BEL,1991,16.996,0.49,13.372,18.942,18.675
Belgium,BEL,1992,17.976,1.469,16.594,18.634,18.699
Belgium,BEL,1993,16.402,-0.105,16.489,16.798,15.919
Belgium,BEL,1994,18.596,2.089,16.192,21.513,18.083
Belgium,BEL,1995,18.447,1.941,14.844,20.654,19.844
Belgium,BEL,1996,16.734,0.228,16.021,16.749,17.433
Belgium,BEL,1997,18.095,1.588,15.996,17.415,20.874
Belgium,BEL,1998,16.762,0.255,16.417,16.49,17.379
Belgium,BEL,1999,17.625,1.118,15.49,19.406,17.979
Belgium,BEL,2000,16.834,0.327,16.777,15.552,18.173
Belgium,BEL,2001,17.747,1.24,15.355,18.792,19.094
Belgium,BEL,2002,17.786,1.279,17.114,17.679,18.564
Belgium,BEL,2003,19.648,3.142,19.018,19.305,20.622
Belgium,BEL,2004,17.453,0.947,16.023,17.322,19.015
Belgium,BEL,2005,17.46,0.953,17.624,18.321,16.435
Belgium,BEL,2006,18.675,2.169,17.008,22.619,16.399
Belgium,BEL,2007,17.181,0.674,17.478,17.188,16.876
Belgium,BEL,2008,17.272,0.765,16.314,17.905,17.597
Belgium,BEL,2009,17.847,1.341,15.968,18.534,19.04
Belgium,BEL,2010,18.069,1.562,16.942,20.207,17.058
Belgium,BEL,2011,16.753,0.246,16.626,16.056,17.576
Belgium,BEL,2012,17.27,0.764,15.476,17.32,19.015
Belgium,BEL,2013,17.916,1.41,15.613,19.838,18.298
Belgium,BEL,2014,17.258,0.751,16.357,19.154,16.263
Belgium,BEL,2015,18.264,1.757,16.281,19.157,19.354
Belgium,BEL,2016,17.976,1.469,16.671,18.691,18.566
Belgium,BEL,2017,18.514,2.007,18.855,18.66,18.026
Belgium,BEL,2018,19.523,3.016,17.752,21.421,19.395
Belgium,BEL,2019,19.047,2.54,18.608,19.388,19.145
Belgium,BEL,2020,18.653,2.146,17.335,17.852,20.772
Bulgaria,BGR,1750,20.615,0.412,18.871,21.534,21.44
Bulgaria,BGR,1751,20.706,0.502,18.154,22.371,21.592
Bulgaria,BGR,1752,20.578,0.375,20.026,22.004,19.704
Bulgaria,BGR,1753,20.217,0.013,19.393,21.265,19.992
Bulgaria,BGR,1754,20.38,0.176,19.818,21.184,20.137
Bulgaria,BGR,1755,20.547,0.343,20.671,21.646,19.323
Bulgaria,BGR,1756,20.58,0.376,20.171,20.974,20.594
Bulgaria,BGR,1757,22.637,2.433,21.365,23.908,22.637
Bulgaria,BGR,1758,19.029,-1.174,18.793,19.768,18.526
Bulgaria,BGR,1759,20.206,0.003,19.495,20.437,20.686
Bulgaria,BGR,1760,19.441,-0.762,18.59,19.926,19.807
Bulgaria,BGR,1761,22.353,2.15,21.233,24.379,21.448
Bulgaria,BGR,1762,20.111,-0.092,18.481,21.047,20.805
Bulgaria,BGR,1774,21.63,1.427,20.802,22.74,21.349
Bulgaria,BGR,1775,20.545,0.342,18.445,21.34,21.85
Bulgaria,BGR,1776,20.156,-0.048,18.822,20.406,21.239
Bulgaria,BGR,1777,18.951,-1.253,17.942,19.131,19.779
Bulgaria,BGR,1778,19.779,-0.424,17.399,21.965,19.973
Bulgaria,BGR,1779,18.638,-1.565,16.753,19.235,19.926
Bulgaria,BGR,1780,19.824,-0.379,18.988,21.27,19.214
Bulgaria,BGR,1781,20.938,0.735,18.473,21.645,22.697
Bulgaria,BGR,1782,21.157,0.953,19.168,22.166,22.136
Bulgaria,BGR,1783,20.682,0.478,20.346,20.236,21.463
Bulgaria,BGR,1784,21.132,0.929,19.069,21.648,22.68
Bulgaria,BGR,1785,20.146,-0.057,18.677,20.621,21.14
Bulgaria,BGR,1786,19.885,-0.318,18.467,21.155,20.033
Bulgaria,BGR,1787,20.755,0.552,20.004,21.039,21.222
Bulgaria,BGR,1788,21.378,1.175,20.208,23.936,19.991
Bulgaria,BGR,1789,20.247,0.044,18.148,22.13,20.463
Bulgaria,BGR,1790,20.349,0.146,19.909,20.33,20.808
Bulgaria,BGR,1791,20.327,0.124,18.552,20.639,21.791
Bulgaria,BGR,1792,20.509,0.305,20.067,21.626,19.833
Bulgaria,BGR,1793,20.155,-0.048,18.116,21.676,20.674
Bulgaria,BGR,1794,20.116,-0.088,18.807,21.479,20.061
Bulgaria,BGR,1795,20.205,0.001,19.334,20.461,20.819
Bulgaria,BGR,1796,20.732,0.528,19.34,21.284,21.571
Bulgaria,BGR,1797,21.235,1.031,20.075,21.676,21.953
Bulgaria,BGR,1798,20.75,0.547,18.86,21.722,21.669
Bulgaria,BGR,1799,20.28,0.077,18.398,21.051,21.391
Bulgaria,BGR,1800,19.673,-0.53,18.236,19.946,20.837
Bulgaria,BGR,1801,19.763,-0.44,18.176,21.902,19.211
Bulgaria,BGR,1802,21.312,1.109,19.847,22.334,21.755
Bulgaria,BGR,1803,20.484,0.281,18.613,21.328,21.512
Bulgaria,BGR,1804,20.595,0.392,18.878,22.293,20.614
Bulgaria,BGR,1805,19.953,-0.251,19.043,20.578,20.237
Bulgaria,BGR,1806,19.655,-0.549,18.002,20.606,20.356
Bulgaria,BGR,1807,21.068,0.864,18.525,21.645,23.033
Bulgaria,BGR,1808,20.27,0.067,18.364,21.383,21.063
Bulgaria,BGR,1809,19.902,-0.301,18.985,19.961,20.761
Bulgaria,BGR,1810,18.889,-1.314,16.51,20.437,19.72
Bulgaria,BGR,1811,21.003,0.8,19.883,21.424,21.702
Bulgaria,BGR,1812,20.442,0.238,18.743,21.284,21.298
Bulgaria,BGR,1813,18.44,-1.763,17.493,18.942,18.885
Bulgaria,BGR,1814,19.274,-0.93,17.399,20.433,19.989
Bulgaria,BGR,1815,19.076,-1.127,18.294,19.638,19.296
Bulgaria,BGR,1816,18.74,-1.464,17.972,19.184,19.063
Bulgaria,BGR,1817,20.153,-0.051,17.953,20.734,21.771
Bulgaria,BGR,1818,19.446,-0.757,18.079,20.367,19.893
Bulgaria,BGR,1819,19.283,-0.921,18.021,19.982,19.845
Bulgaria,BGR,1820,20.003,-0.201,18.085,20.06,21.863
Bulgaria,BGR,1821,18.287,-1.916,16.343,19.091,19.427
Bulgaria,BGR,1822,20.875,0.671,20.17,21.878,20.576
Bulgaria,BGR,1823,20.472,0.269,19.383,20.945,21.089
Bulgaria,BGR,1824,20.495,0.292,18.657,20.893,21.935
Bulgaria,BGR,1825,19.693,-0.51,18.464,20.39,20.225
Bulgaria,BGR,1826,20.463,0.259,17.72,22.334,21.334
Bulgaria,BGR,1827,21.064,0.86,19.842,22.483,20.866
Bulgaria,BGR,1828,21.264,1.061,20.062,22.824,20.907
Bulgaria,BGR,1829,19.22,-0.983,16.932,20.789,19.94
Bulgaria,BGR,1830,20.94,0.737,19.647,21.381,21.793
Bulgaria,BGR,1831,19.407,-0.797,18.389,20.585,19.246
Bulgaria,BGR,1832,18.748,-1.455,17.593,18.982,19.669
Bulgaria,BGR,1833,19.98,-0.224,20.54,20.464,18.935
Bulgaria,BGR,1834,21.012,0.809,19.724,22.081,21.232
Bulgaria,BGR,1835,19.631,-0.572,18.963,20.692,19.238
Bulgaria,BGR,1836,19.294,-0.909,18.946,19.719,19.217
Bulgaria,BGR,1837,19.257,-0.946,17.84,19.156,20.776
Bulgaria,BGR,1838,18.776,-1.427,18.086,19.455,18.787
Bulgaria,BGR,1839,21.032,0.829,20.095,21.47,21.532
Bulgaria,BGR,1840,20.072,-0.132,18.131,21.937,20.147
Bulgaria,BGR,1841,21.207,1.004,19.68,22.926,21.015
Bulgaria,BGR,1842,20.015,-0.189,18.996,20.842,20.206
Bulgaria,BGR,1843,19.109,-1.094,17.834,19.876,19.618
Bulgaria,BGR,1844,19.486,-0.718,18.308,20.344,19.805
Bulgaria,BGR,1845,20.338,0.135,18.965,22.276,19.774
Bulgaria,BGR,1846,20.879,0.676,18.203,22.149,22.286
Bulgaria,BGR,1847,20.401,0.197,18.036,21.33,21.836
Bulgaria,BGR,1848,21.755,1.552,21.96,21.906,21.4
Bulgaria,BGR,1849,20.369,0.165,20.174,20.567,20.365
Bulgaria,BGR,1850,21.006,0.802,19.815,20.896,22.306
Bulgaria,BGR,1851,19.845,-0.358,17.745,20.785,21.005
Bulgaria,BGR,1852,20.047,-0.156,19.147,20.711,20.284
Bulgaria,BGR,1853,20.81,0.607,19.09,22.189,21.151
Bulgaria,BGR,1854,20.126,-0.077,18.353,21.748,20.277
Bulgaria,BGR,1855,20.499,0.295,20.1,21.119,20.277
Bulgaria,BGR,1856,20.168,-0.035,19.543,19.972,20.989
Bulgaria,BGR,1857,19.027,-1.176,17.38,20.131,19.571
Bulgaria,BGR,1858,19.891,-0.313,17.984,21.61,20.078
Bulgaria,BGR,1859,20.453,0.25,17.735,21.487,22.137
Bulgaria,BGR,1860,21.035,0.832,20.453,20.622,22.03
Bulgaria,BGR,1861,20.807,0.604,19.648,21.739,21.034
Bulgaria,BGR,1862,20.8,0.597,20.188,21.538,20.675
Bulgaria,BGR,1863,20.456,0.253,19.419,20.703,21.246
Bulgaria,BGR,1864,19.569,-0.635,19.404,19.892,19.41
Bulgaria,BGR,1865,19.888,-0.315,17.301,21.351,21.012
Bulgaria,BGR,1866,20.49,0.287,19.615,21.862,19.994
Bulgaria,BGR,1867,19.621,-0.582,18.124,20.91,19.829
Bulgaria,BGR,1868,20.535,0.332,20.081,20.794,20.73
Bulgaria,BGR,1869,20.179,-0.025,19.04,20.373,21.123
Bulgaria,BGR,1870,19.836,-0.368,18.468,21.227,19.812
Bulgaria,BGR,1871,20.379,0.175,18.186,21.803,21.147
Bulgaria,BGR,1872,19.591,-0.612,18.122,20.404,20.247
Bulgaria,BGR,1873,20.424,0.22,17.709,21.751,21.811
Bulgaria,BGR,1874,20.631,0.428,19.364,21.7,20.83
Bulgaria,BGR,1875,20.767,0.564,21.254,21.176,19.872
Bulgaria,BGR,1876,19.974,-0.229,19.007,20.632,20.284
Bulgaria,BGR,1877,20.464,0.261,19.057,20.715,21.621
Bulgaria,BGR,1878,19.967,-0.237,18.932,20.393,20.575
Bulgaria,BGR,1879,20.85,0.646,20.519,21.065,20.965
Bulgaria,BGR,1880,20.414,0.21,19.326,22.154,19.761
Bulgaria,BGR,1881,19.932,-0.271,17.669,20.682,21.446
Bulgaria,BGR,1882,19.608,-0.595,17.501,21.912,19.411
Bulgaria,BGR,1883,20.669,0.466,19.326,21.858,20.824
Bulgaria,BGR,1884,18.531,-1.672,17.337,19.83,18.426
Bulgaria,BGR,1885,19.938,-0.266,18.871,20.95,19.992
Bulgaria,BGR,1886,19.629,-0.574,18.675,19.713,20.5
Bulgaria,BGR,1887,19.954,-0.249,17.573,21.686,20.604
Bulgaria,BGR,1888,20.105,-0.098,18.843,21.451,20.021
Bulgaria,BGR,1889,20.582,0.379,19.224,21.725,20.798
Bulgaria,BGR,1890,20.821,0.617,17.373,21.92,23.169
Bulgaria,BGR,1891,20.834,0.631,19.289,21.497,21.717
Bulgaria,BGR,1892,20.472,0.269,19.566,20.34,21.51
Bulgaria,BGR,1893,19.475,-0.728,17.967,20.72,19.738
Bulgaria,BGR,1894,20.227,0.024,18.231,22.07,20.38
Bulgaria,BGR,1895,20.25,0.047,17.993,22.331,20.427
Bulgaria,BGR,1896,20.572,0.368,18.872,21.295,21.548
Bulgaria,BGR,1897,20.326,0.122,18.328,21.643,21.006
Bulgaria,BGR,1898,19.764,-0.439,18.839,20.294,20.16
Bulgaria,BGR,1899,19.292,-0.911,18.06,20.75,19.067
Bulgaria,BGR,1900,20.188,-0.015,18.701,21.254,20.609
Bulgaria,BGR,1901,19.998,-0.205,19.323,20.727,19.945
Bulgaria,BGR,1902,19.71,-0.493,18.313,20.165,20.652
Bulgaria,BGR,1903,19.352,-0.852,17.69,19.948,20.417
Bulgaria,BGR,1904,20.54,0.337,19.175,21.583,20.863
Bulgaria,BGR,1905,20.729,0.525,18.193,21.964,22.029
Bulgaria,BGR,1906,19.709,-0.495,18.444,21.066,19.616
Bulgaria,BGR,1907,20.108,-0.095,18.94,20.765,20.619
Bulgaria,BGR,1908,20.099,-0.104,19.625,20.406,20.267
Bulgaria,BGR,1909,20.774,0.57,19.077,21.43,21.814
Bulgaria,BGR,1910,20.015,-0.189,18.558,20.499,20.987
Bulgaria,BGR,1911,19.786,-0.417,18.273,20.244,20.842
Bulgaria,BGR,1912,19.538,-0.666,19.324,19.74,19.549
Bulgaria,BGR,1913,18.71,-1.494,17.845,19.253,19.031
Bulgaria,BGR,1914,19.255,-0.948,17.598,20.335,19.832
Bulgaria,BGR,1915,19.825,-0.378,18.942,21.204,19.329
Bulgaria,BGR,1916,20.461,0.257,20.125,21.513,19.744
Bulgaria,BGR,1917,20.398,0.195,18.535,20.741,21.919
Bulgaria,BGR,1918,19.724,-0.48,17.888,20.92,20.363
Bulgaria,BGR,1919,18.842,-1.361,17.62,19.82,19.086
Bulgaria,BGR,1920,20.233,0.03,18.471,21.454,20.774
Bulgaria,BGR,1921,20.024,-0.179,17.2,20.991,21.882
Bulgaria,BGR,1922,20.916,0.713,19.392,22.151,21.205
Bulgaria,BGR,1923,19.616,-0.587,18.257,20.506,20.086
Bulgaria,BGR,1924,20.369,0.165,20.101,20.812,20.193
Bulgaria,BGR,1925,19.393,-0.811,17.008,20.811,20.359
Bulgaria,BGR,1926,19.253,-0.95,19.037,20.293,18.43
Bulgaria,BGR,1927,21.553,1.35,20.453,22.079,22.127
Bulgaria,BGR,1928,20.719,0.516,18.195,22.394,21.568
Bulgaria,BGR,1929,20.988,0.785,19.224,20.63,23.111
Bulgaria,BGR,1930,20.001,-0.202,18.164,21.111,20.728
Bulgaria,BGR,1931,21.439,1.236,20.198,22.552,21.568
Bulgaria,BGR,1932,20.373,0.17,18.617,21.617,20.886
Bulgaria,BGR,1933,18.824,-1.38,17.036,19.623,19.812
Bulgaria,BGR,1934,20.441,0.238,19.079,21.174,21.07
Bulgaria,BGR,1935,20.349,0.146,19.709,20.43,20.909
Bulgaria,BGR,1936,20.508,0.305,18.182,22.907,20.435
Bulgaria,BGR,1937,20.768,0.565,19.714,21.918,20.672
Bulgaria,BGR,1938,21.446,1.242,19.601,22.8,21.936
Bulgaria,BGR,1939,20.572,0.369,19.022,22.11,20.584
Bulgaria,BGR,1940,19.361,-0.842,18.236,21.327,18.52
Bulgaria,BGR,1941,19.768,-0.435,18.364,20.525,20.416
Bulgaria,BGR,1942,20.383,0.179,20.067,20.484,20.597
Bulgaria,BGR,1943,19.823,-0.38,17.379,20.291,21.799
Bulgaria,BGR,1944,19.835,-0.368,19.155,20.417,19.933
Bulgaria,BGR,1945,21.234,1.031,19.403,21.822,22.477
Bulgaria,BGR,1946,22.306,2.103,20.305,22.96,23.653
Bulgaria,BGR,1947,20.794,0.59,19.838,21.977,20.566
Bulgaria,BGR,1948,19.894,-0.309,17.949,20.217,21.516
Bulgaria,BGR,1949,18.887,-1.317,17.574,20.1,18.986
Bulgaria,BGR,1950,21.418,1.215,19.495,22.994,21.766
Bulgaria,BGR,1951,21.047,0.844,19.437,21.48,22.224
Bulgaria,BGR,1952,21.389,1.186,18.671,21.558,23.939
Bulgaria,BGR,1953,21.074,0.871,19.914,22.259,21.05
Bulgaria,BGR,1954,21.5,1.297,20.896,21.886,21.718
Bulgaria,BGR,1955,19.498,-0.706,18.418,20.818,19.257
Bulgaria,BGR,1956,20.364,0.161,18.165,20.702,22.225
Bulgaria,BGR,1957,20.941,0.738,19.965,21.439,21.42
Bulgaria,BGR,1958,20.852,0.648,18.977,21.571,22.007
Bulgaria,BGR,1959,19.933,-0.271,17.614,21.599,20.585
Bulgaria,BGR,1960,19.837,-0.366,18.351,19.942,21.219
Bulgaria,BGR,1961,20.07,-0.133,19.082,20.397,20.732
Bulgaria,BGR,1962,20.771,0.567,18.346,21.291,22.675
Bulgaria,BGR,1963,21.324,1.121,19.489,21.927,22.557
Bulgaria,BGR,1964,20.098,-0.105,19.999,20.548,19.747
Bulgaria,BGR,1965,20.048,-0.155,19.339,21.622,19.183
Bulgaria,BGR,1966,20.223,0.019,17.824,21.267,21.577
Bulgaria,BGR,1967,20.106,-0.098,17.63,21.034,21.653
Bulgaria,BGR,1968,19.886,-0.318,19.215,20.939,19.503
Bulgaria,BGR,1969,19.562,-0.641,18.645,19.234,20.808
Bulgaria,BGR,1970,20.208,0.004,18.706,21.331,20.586
Bulgaria,BGR,1971,19.862,-0.341,18.616,19.641,21.329
Bulgaria,BGR,1972,20.741,0.538,20.265,21.422,20.536
Bulgaria,BGR,1973,19.552,-0.652,18.21,20.859,19.586
Bulgaria,BGR,1974,19.79,-0.413,18.157,20.186,21.028
Bulgaria,BGR,1975,20.027,-0.176,19.178,21.026,19.878
Bulgaria,BGR,1976,18.268,-1.935,17.4,20.11,17.294
Bulgaria,BGR,1977,20.104,-0.099,18.47,21.156,20.687
Bulgaria,BGR,1978,19.395,-0.809,18.597,20.259,19.328
Bulgaria,BGR,1979,19.914,-0.289,20.402,19.576,19.764
Bulgaria,BGR,1980,19.715,-0.488,18.421,20.82,19.904
Bulgaria,BGR,1981,20.225,0.022,20.481,20.138,20.057
Bulgaria,BGR,1982,19.975,-0.229,19.507,19.897,20.52
Bulgaria,BGR,1983,19.57,-0.634,17.652,21.373,19.684
Bulgaria,BGR,1984,19.011,-1.193,18.132,19.722,19.178
Bulgaria,BGR,1985,20.257,0.054,18.434,20.761,21.577
Bulgaria,BGR,1986,20.439,0.235,19.19,20.09,22.036
Bulgaria,BGR,1987,20.982,0.778,19.653,23.094,20.198
Bulgaria,BGR,1988,21.604,1.401,18.999,23.609,22.204
Bulgaria,BGR,1989,19.842,-0.362,17.478,20.609,21.438
Bulgaria,BGR,1990,20.612,0.409,19.029,21.701,21.106
Bulgaria,BGR,1991,20.316,0.112,19.473,21.164,20.31
Bulgaria,BGR,1992,21.094,0.891,19.029,20.483,23.771
Bulgaria,BGR,1993,20.922,0.719,19.74,21.185,21.841
Bulgaria,BGR,1994,21.283,1.08,19.278,22.065,22.507
Bulgaria,BGR,1995,20.969,0.766,20.345,22.08,20.482
Bulgaria,BGR,1996,21.063,0.86,20.332,21.627,21.23
Bulgaria,BGR,1997,20.186,-0.018,19.983,21.126,19.448
Bulgaria,BGR,1998,21.735,1.532,20.309,22.325,22.571
Bulgaria,BGR,1999,21.814,1.611,20.433,22.683,22.327
Bulgaria,BGR,2000,21.921,1.718,20.056,23.063,22.644
Bulgaria,BGR,2001,21.777,1.574,18.733,23.204,23.394
Bulgaria,BGR,2002,21.708,1.505,20.793,23.338,20.994
Bulgaria,BGR,2003,22.466,2.262,21.612,22.205,23.58
Bulgaria,BGR,2004,20.536,0.333,19.168,21.334,21.107
Bulgaria,BGR,2005,20.342,0.138,18.298,21.58,21.147
Bulgaria,BGR,2006,21.104,0.901,19.481,21.465,22.367
Bulgaria,BGR,2007,23.102,2.899,21.916,24.411,22.98
Bulgaria,BGR,2008,22.049,1.846,20.637,22.01,23.5
Bulgaria,BGR,2009,21.758,1.555,20.366,22.768,22.14
Bulgaria,BGR,2010,22.21,2.006,19.965,22.36,24.304
Bulgaria,BGR,2011,21.587,1.384,19.809,22.717,22.236
Bulgaria,BGR,2012,23.625,3.422,21.872,25.341,23.663
Bulgaria,BGR,2013,21.787,1.584,20.191,21.881,23.29
Bulgaria,BGR,2014,21.132,0.929,19.161,21.755,22.481
Bulgaria,BGR,2015,22.005,1.801,19.39,23.52,23.104
Bulgaria,BGR,2016,22.264,2.061,21.338,23.022,22.432
Bulgaria,BGR,2017,22.321,2.118,21.178,22.666,23.12
Bulgaria,BGR,2018,21.933,1.73,20.618,22.099,23.082
Bulgaria,BGR,2019,22.43,2.227,21.77,22.071,23.45
Bulgaria,BGR,2020,21.884,1.681,19.75,22.698,23.205
Cyprus,CYP,1819,24.016,-1.788,22.227,24.501,25.319
Cyprus,CYP,1821,23.749,-2.054,21.916,24.365,24.966
Cyprus,CYP,1840,25.572,-0.231,22.811,27.669,26.236
Cyprus,CYP,1843,24.708,-1.095,22.496,26.023,25.606
Cyprus,CYP,1844,25.203,-0.6,23.107,26.41,26.093
Cyprus,CYP,1845,25.652,-0.151,23.4,26.924,26.633
Cyprus,CYP,1846,25.721,-0.082,23.075,26.803,27.285
Cyprus,CYP,1847,26.147,0.344,24.268,27.351,26.823
Cyprus,CYP,1848,26.451,0.648,25.498,26.835,27.021
Cyprus,CYP,1849,25.497,-0.306,24.12,25.961,26.41
Cyprus,CYP,1850,25.783,-0.02,23.498,26.718,27.134
Cyprus,CYP,1851,25.748,-0.056,23.451,26.578,27.214
Cyprus,CYP,1852,25.468,-0.335,23.851,26.214,26.34
Cyprus,CYP,1853,26.239,0.436,24.416,27.098,27.203
Cyprus,CYP,1854,25.253,-0.55,23.449,26.179,26.131
Cyprus,CYP,1855,25.542,-0.261,24.365,26.116,26.146
Cyprus,CYP,1856,25.883,0.08,24.588,26.112,26.949
Cyprus,CYP,1857,24.666,-1.137,22.852,25.607,25.539
Cyprus,CYP,1858,25.741,-0.062,23.74,26.602,26.882
Cyprus,CYP,1859,25.284,-0.519,23.53,25.427,26.895
Cyprus,CYP,1860,26.897,1.094,25.71,27.196,27.785
Cyprus,CYP,1861,25.915,0.111,24.67,26.339,26.735
Cyprus,CYP,1862,26.031,0.227,25.786,26.466,25.84
Cyprus,CYP,1863,25.452,-0.352,24.045,26.259,26.051
Cyprus,CYP,1864,25.306,-0.497,24.258,25.528,26.132
Cyprus,CYP,1865,26.218,0.414,24.482,26.619,27.552
Cyprus,CYP,1866,26.313,0.51,23.301,28.106,27.532
Cyprus,CYP,1867,25.226,-0.577,24.148,25.466,26.065
Cyprus,CYP,1868,25.91,0.107,24.646,26.398,26.687
Cyprus,CYP,1869,27.14,1.336,26.796,26.009,28.614
Cyprus,CYP,1870,25.135,-0.668,22.844,25.996,26.566
Cyprus,CYP,1871,25.116,-0.687,23.034,25.835,26.479
Cyprus,CYP,1872,25.446,-0.357,23.536,25.91,26.892
Cyprus,CYP,1873,25.555,-0.248,23.1,26.183,27.382
Cyprus,CYP,1874,25.368,-0.435,23.536,26.248,26.32
Cyprus,CYP,1875,26.157,0.354,25.272,27.012,26.187
Cyprus,CYP,1876,25.747,-0.057,24.569,26.27,26.401
Cyprus,CYP,1877,25.967,0.164,24.019,26.811,27.072
Cyprus,CYP,1878,26.542,0.738,24.582,27.591,27.452
Cyprus,CYP,1879,26.652,0.849,25.497,27.831,26.628
Cyprus,CYP,1880,26.029,0.225,24.64,26.659,26.787
Cyprus,CYP,1881,25.634,-0.169,23.048,25.979,27.876
Cyprus,CYP,1882,24.709,-1.095,22.342,25.704,26.08
Cyprus,CYP,1883,25.646,-0.157,24.306,26.107,26.525
Cyprus,CYP,1884,24.622,-1.182,23.6,24.858,25.407
Cyprus,CYP,1885,25.631,-0.173,23.903,26.284,26.705
Cyprus,CYP,1886,25.231,-0.573,24.103,25.379,26.21
Cyprus,CYP,1887,25.416,-0.388,23.792,25.873,26.582
Cyprus,CYP,1888,25.604,-0.199,22.746,27.53,26.536
Cyprus,CYP,1889,26.01,0.207,23.71,27.112,27.209
Cyprus,CYP,1890,26.043,0.24,24.174,26.535,27.421
Cyprus,CYP,1891,25.753,-0.05,23.473,26.8,26.986
Cyprus,CYP,1892,25.551,-0.252,24.153,26.055,26.446
Cyprus,CYP,1893,25.397,-0.407,23.098,27.019,26.073
Cyprus,CYP,1894,25.357,-0.446,24.001,25.988,26.082
Cyprus,CYP,1895,25.567,-0.236,23.54,26.328,26.833
Cyprus,CYP,1896,25.95,0.147,23.491,26.403,27.957
Cyprus,CYP,1897,25.041,-0.762,22.658,26.682,25.783
Cyprus,CYP,1898,25.626,-0.177,24.502,26.313,26.064
Cyprus,CYP,1899,25.165,-0.639,23.72,25.831,25.943
Cyprus,CYP,1900,25.332,-0.471,23.671,26.035,26.291
Cyprus,CYP,1901,25.928,0.125,24.098,26.776,26.91
Cyprus,CYP,1902,25.404,-0.399,23.437,25.905,26.87
Cyprus,CYP,1903,24.903,-0.9,23.056,25.538,26.115
Cyprus,CYP,1904,24.996,-0.807,23.052,25.543,26.393
Cyprus,CYP,1905,25.236,-0.568,22.686,26.349,26.672
Cyprus,CYP,1906,25.562,-0.241,23.386,26.452,26.848
Cyprus,CYP,1907,25.301,-0.502,23.737,26.098,26.068
Cyprus,CYP,1908,24.923,-0.881,23.455,25.301,26.012
Cyprus,CYP,1909,25.667,-0.136,23.735,26.445,26.821
Cyprus,CYP,1910,25.231,-0.572,23.023,25.757,26.914
Cyprus,CYP,1911,25.04,-0.764,23.225,25.73,26.164
Cyprus,CYP,1912,24.657,-1.147,23.406,24.77,25.794
Cyprus,CYP,1913,24.431,-1.372,22.848,24.873,25.573
Cyprus,CYP,1914,24.819,-0.985,22.79,25.377,26.289
Cyprus,CYP,1915,25.616,-0.188,24.388,26.081,26.378
Cyprus,CYP,1916,26.385,0.582,26.259,27.259,25.638
Cyprus,CYP,1917,25.461,-0.342,23.382,26.132,26.869
Cyprus,CYP,1918,24.737,-1.066,23.086,25.596,25.529
Cyprus,CYP,1919,24.612,-1.191,22.094,25.902,25.84
Cyprus,CYP,1920,25.837,0.034,23.844,26.606,27.062
Cyprus,CYP,1921,25.215,-0.588,22.369,26.298,26.979
Cyprus,CYP,1922,25.86,0.056,23.656,26.441,27.482
Cyprus,CYP,1923,25.282,-0.521,24.65,25.497,25.699
Cyprus,CYP,1924,25.744,-0.059,24.296,26.443,26.493
Cyprus,CYP,1925,24.729,-1.074,22.158,25.632,26.397
Cyprus,CYP,1926,24.808,-0.995,24.034,25.215,25.175
Cyprus,CYP,1927,26.21,0.406,24.636,27.431,26.562
Cyprus,CYP,1928,26.235,0.432,24.308,27.032,27.366
Cyprus,CYP,1929,25.512,-0.291,23.747,25.728,27.062
Cyprus,CYP,1930,25.465,-0.339,23.535,26.074,26.785
Cyprus,CYP,1931,25.777,-0.026,23.573,26.749,27.01
Cyprus,CYP,1932,25.751,-0.053,23.869,26.393,26.99
Cyprus,CYP,1933,24.391,-1.412,22.794,24.744,25.635
Cyprus,CYP,1934,25.818,0.015,24.17,26.488,26.796
Cyprus,CYP,1935,26.017,0.214,25.447,25.943,26.662
Cyprus,CYP,1936,25.573,-0.231,23.039,26.301,27.378
Cyprus,CYP,1937,25.62,-0.183,24.04,26.233,26.587
Cyprus,CYP,1938,26.258,0.455,24.262,26.83,27.683
Cyprus,CYP,1939,25.405,-0.398,22.839,26.897,26.48
Cyprus,CYP,1940,25.312,-0.491,24.019,26.202,25.716
Cyprus,CYP,1941,25.941,0.138,24.139,26.607,27.077
Cyprus,CYP,1942,25.764,-0.04,25.396,26.097,25.798
Cyprus,CYP,1943,25.357,-0.446,22.782,25.981,27.308
Cyprus,CYP,1944,25.354,-0.449,23.953,26.073,26.036
Cyprus,CYP,1945,26.216,0.413,24.104,26.827,27.718
Cyprus,CYP,1946,26.265,0.461,24.417,26.737,27.64
Cyprus,CYP,1947,26.3,0.496,24.189,27.283,27.427
Cyprus,CYP,1948,25.422,-0.382,23.294,26.338,26.633
Cyprus,CYP,1949,24.876,-0.927,23.347,25.309,25.973
Cyprus,CYP,1950,25.695,-0.109,24.081,26.497,26.506
Cyprus,CYP,1951,26.114,0.311,24.165,26.688,27.49
Cyprus,CYP,1952,25.873,0.07,23.828,26.139,27.653
Cyprus,CYP,1953,26.123,0.32,23.791,27.349,27.23
Cyprus,CYP,1954,26.457,0.653,24.564,27.133,27.673
Cyprus,CYP,1955,26.103,0.3,25.427,26.794,26.089
Cyprus,CYP,1956,26.21,0.406,24.192,26.938,27.499
Cyprus,CYP,1957,26.21,0.406,24.628,26.501,27.5
Cyprus,CYP,1958,25.83,0.027,23.989,25.872,27.63
Cyprus,CYP,1959,25.241,-0.562,23.501,25.62,26.602
Cyprus,CYP,1960,25.85,0.047,23.98,26.493,27.077
Cyprus,CYP,1961,26.276,0.472,24.414,27.029,27.384
Cyprus,CYP,1962,26.117,0.314,24.447,26.414,27.49
Cyprus,CYP,1963,26.384,0.581,23.994,27.092,28.066
Cyprus,CYP,1964,25.336,-0.467,23.862,25.831,26.315
Cyprus,CYP,1965,25.906,0.102,25.052,26.381,26.284
Cyprus,CYP,1966,25.712,-0.091,24.145,26.178,26.814
Cyprus,CYP,1967,25.601,-0.203,23.405,26.2,27.197
Cyprus,CYP,1968,25.83,0.027,24.794,26.892,25.805
Cyprus,CYP,1969,25.542,-0.261,25.001,25.373,26.253
Cyprus,CYP,1970,25.532,-0.271,23.934,25.907,26.756
Cyprus,CYP,1971,25.602,-0.201,24.338,25.754,26.715
Cyprus,CYP,1972,25.175,-0.628,23.664,25.445,26.417
Cyprus,CYP,1973,25.774,-0.03,23.956,26.736,26.629
Cyprus,CYP,1974,25.693,-0.111,23.992,26.759,26.327
Cyprus,CYP,1975,25.431,-0.372,23.922,26.266,26.106
Cyprus,CYP,1976,24.833,-0.97,23.471,25.506,25.522
Cyprus,CYP,1977,26.228,0.425,24.134,27.21,27.341
Cyprus,CYP,1978,25.803,-0.0,24.072,27.338,25.999
Cyprus,CYP,1979,25.694,-0.11,24.771,26.182,26.128
Cyprus,CYP,1980,25.618,-0.186,23.666,26.278,26.909
Cyprus,CYP,1981,25.93,0.126,24.451,26.421,26.917
Cyprus,CYP,1982,25.21,-0.593,23.604,25.496,26.531
Cyprus,CYP,1983,25.291,-0.512,23.384,26.191,26.298
Cyprus,CYP,1984,25.086,-0.718,23.775,25.88,25.602
Cyprus,CYP,1985,25.918,0.115,24.003,26.05,27.701
Cyprus,CYP,1986,25.785,-0.018,24.376,26.081,26.899
Cyprus,CYP,1987,25.869,0.066,23.548,26.883,27.177
Cyprus,CYP,1988,26.776,0.973,24.458,28.254,27.616
Cyprus,CYP,1989,25.588,-0.216,23.507,26.578,26.678
Cyprus,CYP,1990,25.677,-0.126,23.892,26.495,26.644
Cyprus,CYP,1991,25.586,-0.217,23.898,26.03,26.83
Cyprus,CYP,1992,25.481,-0.322,23.656,25.643,27.145
Cyprus,CYP,1993,26.121,0.317,24.421,26.641,27.3
Cyprus,CYP,1994,26.038,0.235,24.371,26.335,27.408
Cyprus,CYP,1995,26.402,0.599,25.217,26.77,27.22
Cyprus,CYP,1996,26.338,0.534,24.728,26.992,27.293
Cyprus,CYP,1997,25.844,0.041,24.559,27.276,25.697
Cyprus,CYP,1998,27.038,1.234,24.885,27.437,28.791
Cyprus,CYP,1999,26.768,0.965,24.986,27.408,27.911
Cyprus,CYP,2000,27.207,1.404,25.774,28.181,27.666
Cyprus,CYP,2001,26.523,0.719,24.748,27.057,27.763
Cyprus,CYP,2002,26.902,1.099,24.99,28.054,27.663
Cyprus,CYP,2003,26.842,1.039,25.055,27.526,27.945
Cyprus,CYP,2004,26.298,0.495,24.481,27.359,27.055
Cyprus,CYP,2005,26.364,0.561,24.192,27.374,27.527
Cyprus,CYP,2006,26.562,0.758,24.948,26.96,27.777
Cyprus,CYP,2007,27.304,1.5,25.697,28.225,27.989
Cyprus,CYP,2008,27.464,1.66,25.973,27.883,28.535
Cyprus,CYP,2009,27.371,1.567,26.143,28.042,27.927
Cyprus,CYP,2010,27.246,1.443,24.987,27.172,29.58
Cyprus,CYP,2011,26.922,1.119,24.963,27.762,28.041
Cyprus,CYP,2012,27.85,2.046,25.63,28.976,28.943
Cyprus,CYP,2013,26.907,1.103,25.223,27.262,28.235
Cyprus,CYP,2014,26.916,1.112,25.198,27.218,28.331
Cyprus,CYP,2015,26.736,0.933,24.029,27.214,28.966
Cyprus,CYP,2016,27.636,1.833,26.385,28.292,28.231
Cyprus,CYP,2017,27.425,1.622,25.314,28.939,28.023
Cyprus,CYP,2018,27.329,1.526,25.706,28.112,28.17
Cyprus,CYP,2019,27.274,1.47,25.816,27.708,28.297
Cyprus,CYP,2020,26.799,0.996,24.093,27.885,28.42
Czechia,CZE,1750,17.007,0.203,15.558,18.574,16.888
Czechia,CZE,1753,17.109,0.305,16.964,18.031,16.331
Czechia,CZE,1754,16.506,-0.297,16.274,16.464,16.781
Czechia,CZE,1755,17.25,0.446,18.291,17.587,15.871
Czechia,CZE,1756,17.603,0.8,18.221,18.307,16.281
Czechia,CZE,1757,19.161,2.357,18.135,21.131,18.216
Czechia,CZE,1758,16.541,-0.262,16.845,16.05,16.728
Czechia,CZE,1759,17.838,1.034,16.829,19.124,17.56
Czechia,CZE,1760,17.189,0.386,16.732,17.788,17.047
Czechia,CZE,1761,18.306,1.503,18.084,18.241,18.594
Czechia,CZE,1762,16.915,0.112,16.681,18.41,15.654
Czechia,CZE,1763,17.351,0.548,15.539,18.437,18.077
Czechia,CZE,1764,16.496,-0.307,15.078,18.671,15.739
Czechia,CZE,1765,16.31,-0.494,15.876,15.632,17.421
Czechia,CZE,1766,16.749,-0.054,16.549,16.897,16.801
Czechia,CZE,1767,16.969,0.166,15.268,17.834,17.805
Czechia,CZE,1768,17.202,0.398,15.848,18.361,17.396
Czechia,CZE,1769,16.544,-0.259,15.945,17.324,16.363
Czechia,CZE,1770,16.215,-0.588,14.918,16.675,17.053
Czechia,CZE,1771,16.319,-0.485,15.927,16.94,16.089
Czechia,CZE,1772,17.42,0.616,17.08,18.0,17.179
Czechia,CZE,1773,16.145,-0.658,15.277,16.589,16.569
Czechia,CZE,1774,17.384,0.581,16.917,17.725,17.51
Czechia,CZE,1775,18.558,1.755,18.139,18.482,19.054
Czechia,CZE,1776,17.024,0.221,16.02,17.808,17.244
Czechia,CZE,1777,16.387,-0.416,15.403,16.25,17.509
Czechia,CZE,1778,17.835,1.032,15.51,19.965,18.03
Czechia,CZE,1779,16.402,-0.402,14.66,16.871,17.674
Czechia,CZE,1780,16.772,-0.031,15.435,17.421,17.461
Czechia,CZE,1781,18.765,1.962,17.772,18.517,20.007
Czechia,CZE,1782,18.044,1.241,17.1,19.633,17.399
Czechia,CZE,1783,18.088,1.285,17.324,18.86,18.081
Czechia,CZE,1784,17.09,0.287,16.415,17.516,17.339
Czechia,CZE,1785,15.808,-0.996,14.8,16.577,16.046
Czechia,CZE,1786,15.667,-1.137,16.396,15.507,15.097
Czechia,CZE,1787,17.281,0.478,17.042,17.208,17.594
Czechia,CZE,1788,17.748,0.945,17.349,20.211,15.684
Czechia,CZE,1789,16.766,-0.037,15.333,18.134,16.832
Czechia,CZE,1790,16.723,-0.081,16.956,16.204,17.008
Czechia,CZE,1791,17.503,0.699,15.569,18.004,18.935
Czechia,CZE,1792,17.586,0.783,16.572,18.671,17.516
Czechia,CZE,1793,17.28,0.477,14.697,19.227,17.916
Czechia,CZE,1794,17.991,1.188,17.258,20.504,16.212
Czechia,CZE,1795,16.655,-0.148,17.118,15.525,17.322
Czechia,CZE,1796,16.912,0.109,15.847,17.495,17.394
Czechia,CZE,1797,18.124,1.321,15.896,19.547,18.929
Czechia,CZE,1798,17.893,1.089,17.302,18.177,18.199
Czechia,CZE,1799,16.036,-0.767,14.278,16.583,17.247
Czechia,CZE,1800,16.149,-0.655,13.859,16.451,18.136
Czechia,CZE,1801,15.948,-0.856,14.525,17.292,16.026
Czechia,CZE,1802,17.734,0.931,16.306,17.555,19.342
Czechia,CZE,1803,17.022,0.219,14.934,18.389,17.743
Czechia,CZE,1804,16.837,0.034,15.809,17.99,16.712
Czechia,CZE,1805,15.237,-1.566,14.237,16.228,15.247
Czechia,CZE,1806,16.142,-0.661,14.881,16.89,16.656
Czechia,CZE,1807,18.73,1.927,15.368,19.007,21.815
Czechia,CZE,1808,17.83,1.026,15.726,18.859,18.904
Czechia,CZE,1809,17.045,0.242,15.749,17.555,17.831
Czechia,CZE,1810,16.202,-0.601,13.826,17.669,17.111
Czechia,CZE,1811,19.14,2.337,19.515,19.95,17.956
Czechia,CZE,1812,16.118,-0.686,15.906,16.197,16.25
Czechia,CZE,1813,15.2,-1.603,13.996,16.335,15.269
Czechia,CZE,1814,16.117,-0.686,13.756,18.099,16.496
Czechia,CZE,1815,15.514,-1.289,15.953,15.081,15.508
Czechia,CZE,1816,15.076,-1.727,14.491,15.695,15.043
Czechia,CZE,1817,16.662,-0.141,17.166,16.634,16.187
Czechia,CZE,1818,16.292,-0.512,15.982,17.472,15.421
Czechia,CZE,1819,17.247,0.444,16.695,17.913,17.133
Czechia,CZE,1820,16.263,-0.54,13.482,16.006,19.301
Czechia,CZE,1821,14.615,-2.188,12.579,15.111,16.156
Czechia,CZE,1822,17.773,0.969,17.927,18.839,16.552
Czechia,CZE,1823,16.634,-0.169,15.317,16.602,17.984
Czechia,CZE,1824,16.3,-0.503,14.65,17.187,17.064
Czechia,CZE,1825,16.328,-0.475,15.38,16.829,16.775
Czechia,CZE,1826,18.644,1.841,16.102,19.837,19.994
Czechia,CZE,1827,17.797,0.993,17.636,19.019,16.735
Czechia,CZE,1828,16.789,-0.014,16.25,18.635,15.482
Czechia,CZE,1829,15.861,-0.943,14.136,17.978,15.468
Czechia,CZE,1830,17.371,0.567,16.784,18.077,17.251
Czechia,CZE,1831,16.467,-0.337,14.644,18.104,16.652
Czechia,CZE,1832,16.125,-0.678,15.024,15.695,17.656
Czechia,CZE,1833,15.748,-1.056,17.625,16.115,13.503
Czechia,CZE,1834,19.326,2.522,17.63,21.163,19.184
Czechia,CZE,1835,17.004,0.201,15.962,18.316,16.734
Czechia,CZE,1836,16.436,-0.368,16.111,16.958,16.238
Czechia,CZE,1837,16.397,-0.407,15.307,15.413,18.47
Czechia,CZE,1838,15.476,-1.328,15.25,16.357,14.82
Czechia,CZE,1839,17.249,0.446,17.695,18.412,15.64
Czechia,CZE,1840,15.753,-1.05,15.143,16.373,15.743
Czechia,CZE,1841,16.243,-0.56,15.175,16.74,16.814
Czechia,CZE,1842,17.444,0.641,15.766,16.941,19.626
Czechia,CZE,1843,15.885,-0.919,14.052,16.454,17.148
Czechia,CZE,1844,15.079,-1.725,15.789,14.903,14.544
Czechia,CZE,1845,17.093,0.289,17.414,18.435,15.429
Czechia,CZE,1846,18.678,1.875,17.416,19.289,19.329
Czechia,CZE,1847,16.485,-0.318,13.799,17.556,18.1
Czechia,CZE,1848,17.302,0.498,17.736,17.515,16.654
Czechia,CZE,1849,15.833,-0.97,16.284,16.191,15.025
Czechia,CZE,1850,16.727,-0.076,16.392,16.706,17.084
Czechia,CZE,1851,15.851,-0.952,15.028,16.102,16.424
Czechia,CZE,1852,17.538,0.734,16.439,18.833,17.341
Czechia,CZE,1853,16.977,0.174,16.012,18.149,16.77
Czechia,CZE,1854,16.089,-0.714,14.679,17.73,15.858
Czechia,CZE,1855,17.07,0.267,16.571,17.246,17.393
Czechia,CZE,1856,16.441,-0.362,16.617,15.431,17.276
Czechia,CZE,1857,17.452,0.649,15.89,18.25,18.217
Czechia,CZE,1858,17.153,0.35,18.044,17.115,16.301
Czechia,CZE,1859,18.728,1.925,16.188,20.599,19.397
Czechia,CZE,1860,15.916,-0.887,16.274,15.208,16.267
Czechia,CZE,1861,18.079,1.275,17.615,18.151,18.47
Czechia,CZE,1862,16.46,-0.343,15.509,17.539,16.333
Czechia,CZE,1863,17.126,0.323,16.024,16.479,18.876
Czechia,CZE,1864,15.491,-1.312,16.045,15.723,14.705
Czechia,CZE,1865,16.969,0.166,13.948,20.465,16.495
Czechia,CZE,1866,16.768,-0.035,18.32,16.517,15.468
Czechia,CZE,1867,16.548,-0.256,15.535,16.442,17.666
Czechia,CZE,1868,18.429,1.626,17.795,18.63,18.863
Czechia,CZE,1869,16.119,-0.684,13.561,18.962,15.834
Czechia,CZE,1870,16.538,-0.265,15.332,18.644,15.638
Czechia,CZE,1871,16.312,-0.491,13.436,18.065,17.436
Czechia,CZE,1872,16.537,-0.267,15.412,18.246,15.952
Czechia,CZE,1873,17.984,1.181,15.823,19.356,18.774
Czechia,CZE,1874,17.234,0.431,15.962,20.113,15.628
Czechia,CZE,1875,18.166,1.363,18.412,17.626,18.46
Czechia,CZE,1876,17.426,0.622,16.819,17.825,17.633
Czechia,CZE,1877,17.905,1.102,17.977,17.368,18.37
Czechia,CZE,1878,16.506,-0.297,16.089,16.205,17.224
Czechia,CZE,1879,16.572,-0.231,16.631,15.368,17.718
Czechia,CZE,1880,16.787,-0.017,15.643,18.65,16.067
Czechia,CZE,1881,16.958,0.155,15.082,18.855,16.938
Czechia,CZE,1882,15.538,-1.265,14.032,17.757,14.825
Czechia,CZE,1883,16.576,-0.228,16.305,17.3,16.122
Czechia,CZE,1884,15.882,-0.921,13.169,18.194,16.283
Czechia,CZE,1885,16.894,0.091,17.499,18.031,15.152
Czechia,CZE,1886,16.454,-0.35,14.74,17.281,17.34
Czechia,CZE,1887,16.895,0.091,14.878,19.63,16.176
Czechia,CZE,1888,15.801,-1.003,16.055,15.566,15.781
Czechia,CZE,1889,17.227,0.424,18.574,17.152,15.955
Czechia,CZE,1890,16.259,-0.544,13.811,16.601,18.366
Czechia,CZE,1891,15.867,-0.936,15.082,16.833,15.687
Czechia,CZE,1892,17.362,0.559,16.06,16.64,19.386
Czechia,CZE,1893,16.791,-0.012,15.701,17.824,16.848
Czechia,CZE,1894,16.322,-0.481,14.115,18.529,16.322
Czechia,CZE,1895,17.118,0.314,15.976,18.626,16.751
Czechia,CZE,1896,16.437,-0.367,16.58,17.75,14.98
Czechia,CZE,1897,17.159,0.356,16.941,17.105,17.432
Czechia,CZE,1898,16.28,-0.523,15.218,15.38,18.243
Czechia,CZE,1899,16.14,-0.663,14.623,17.367,16.43
Czechia,CZE,1900,17.332,0.529,16.273,18.834,16.889
Czechia,CZE,1901,17.237,0.434,16.506,18.521,16.684
Czechia,CZE,1902,15.549,-1.254,15.002,15.974,15.671
Czechia,CZE,1903,15.992,-0.812,14.971,16.757,16.247
Czechia,CZE,1904,17.435,0.632,15.773,19.217,17.315
Czechia,CZE,1905,17.854,1.05,17.134,19.048,17.379
Czechia,CZE,1906,16.24,-0.564,14.656,17.589,16.474
Czechia,CZE,1907,15.846,-0.958,15.736,15.295,16.506
Czechia,CZE,1908,16.643,-0.16,17.446,17.515,14.968
Czechia,CZE,1909,15.89,-0.913,14.975,15.676,17.019
Czechia,CZE,1910,16.21,-0.593,16.696,15.923,16.011
Czechia,CZE,1911,17.91,1.107,15.302,19.321,19.108
Czechia,CZE,1912,16.25,-0.554,16.245,17.824,14.68
Czechia,CZE,1913,14.871,-1.932,14.958,14.623,15.032
Czechia,CZE,1914,16.494,-0.309,14.987,17.355,17.14
Czechia,CZE,1915,16.535,-0.268,17.796,16.752,15.058
Czechia,CZE,1916,15.451,-1.353,13.644,16.709,15.999
Czechia,CZE,1917,18.081,1.278,18.693,18.016,17.534
Czechia,CZE,1918,15.41,-1.393,13.366,16.7,16.165
Czechia,CZE,1919,15.434,-1.369,14.992,14.933,16.377
Czechia,CZE,1920,16.004,-0.799,14.29,18.083,15.639
Czechia,CZE,1921,17.162,0.359,14.55,18.873,18.064
Czechia,CZE,1922,16.265,-0.538,16.187,16.652,15.956
Czechia,CZE,1923,15.568,-1.235,11.858,18.468,16.379
Czechia,CZE,1924,15.822,-0.982,15.34,17.033,15.092
Czechia,CZE,1925,16.149,-0.654,14.451,17.487,16.51
Czechia,CZE,1926,15.711,-1.092,13.93,17.443,15.761
Czechia,CZE,1927,16.886,0.082,15.583,17.952,17.122
Czechia,CZE,1928,17.009,0.205,14.476,19.501,17.049
Czechia,CZE,1929,16.901,0.098,14.898,18.093,17.713
Czechia,CZE,1930,17.235,0.432,18.551,17.069,16.086
Czechia,CZE,1931,16.926,0.123,17.018,17.873,15.888
Czechia,CZE,1932,17.371,0.568,14.516,18.876,18.721
Czechia,CZE,1933,16.382,-0.421,13.992,18.099,17.056
Czechia,CZE,1934,17.41,0.607,16.359,18.715,17.156
Czechia,CZE,1935,17.64,0.836,17.973,17.866,17.08
Czechia,CZE,1936,16.711,-0.092,16.016,18.176,15.942
Czechia,CZE,1937,17.308,0.505,17.173,17.58,17.171
Czechia,CZE,1938,17.419,0.616,16.745,17.64,17.872
Czechia,CZE,1939,17.581,0.778,16.528,18.002,18.213
Czechia,CZE,1940,16.02,-0.783,16.681,16.806,14.574
Czechia,CZE,1941,16.595,-0.209,15.935,17.908,15.941
Czechia,CZE,1942,16.467,-0.336,14.757,16.604,18.041
Czechia,CZE,1943,16.965,0.161,14.417,17.47,19.007
Czechia,CZE,1944,17.214,0.411,14.62,17.512,19.51
Czechia,CZE,1945,17.49,0.687,16.838,18.56,17.073
Czechia,CZE,1946,17.523,0.72,16.102,19.053,17.414
Czechia,CZE,1947,18.281,1.478,17.676,19.22,17.947
Czechia,CZE,1948,16.279,-0.525,15.54,16.271,17.025
Czechia,CZE,1949,16.249,-0.555,14.123,17.543,17.08
Czechia,CZE,1950,18.373,1.57,17.903,19.09,18.127
Czechia,CZE,1951,17.372,0.569,16.02,17.671,18.426
Czechia,CZE,1952,17.989,1.185,15.698,19.045,19.223
Czechia,CZE,1953,17.371,0.568,16.722,18.873,16.518
Czechia,CZE,1954,16.596,-0.208,17.35,15.352,17.085
Czechia,CZE,1955,16.557,-0.246,15.093,17.653,16.926
Czechia,CZE,1956,16.019,-0.784,14.602,17.618,15.838
Czechia,CZE,1957,17.355,0.552,17.692,18.716,15.658
Czechia,CZE,1958,16.698,-0.106,14.796,17.949,17.348
Czechia,CZE,1959,17.413,0.61,15.885,19.204,17.15
Czechia,CZE,1960,16.468,-0.335,16.356,16.084,16.964
Czechia,CZE,1961,16.523,-0.28,16.784,16.059,16.727
Czechia,CZE,1962,15.973,-0.831,14.429,15.906,17.583
Czechia,CZE,1963,17.631,0.828,16.623,18.85,17.421
Czechia,CZE,1964,17.494,0.69,18.065,18.341,16.075
Czechia,CZE,1965,15.948,-0.856,16.027,16.287,15.529
Czechia,CZE,1966,16.527,-0.277,16.721,16.579,16.28
Czechia,CZE,1967,17.356,0.553,15.588,19.265,17.215
Czechia,CZE,1968,16.763,-0.04,16.983,16.973,16.334
Czechia,CZE,1969,16.719,-0.084,15.256,18.48,16.422
Czechia,CZE,1970,17.035,0.232,16.945,17.223,16.937
Czechia,CZE,1971,17.228,0.424,14.636,18.121,18.926
Czechia,CZE,1972,16.924,0.121,15.948,18.256,16.568
Czechia,CZE,1973,17.125,0.322,15.953,17.394,18.028
Czechia,CZE,1974,16.235,-0.568,14.075,16.068,18.563
Czechia,CZE,1975,17.182,0.379,15.134,18.281,18.132
Czechia,CZE,1976,17.091,0.288,16.7,19.15,15.423
Czechia,CZE,1977,16.619,-0.185,16.537,16.928,16.391
Czechia,CZE,1978,15.474,-1.329,15.004,15.838,15.581
Czechia,CZE,1979,16.58,-0.223,18.109,15.238,16.394
Czechia,CZE,1980,15.834,-0.969,15.166,15.5,16.837
Czechia,CZE,1981,16.884,0.081,16.691,16.889,17.073
Czechia,CZE,1982,17.816,1.013,16.714,18.733,18.001
Czechia,CZE,1983,18.438,1.635,16.357,20.652,18.305
Czechia,CZE,1984,15.789,-1.015,14.368,15.878,17.12
Czechia,CZE,1985,16.311,-0.492,13.717,17.873,17.343
Czechia,CZE,1986,16.78,-0.024,15.796,17.171,17.372
Czechia,CZE,1987,16.331,-0.472,15.249,18.123,15.621
Czechia,CZE,1988,17.248,0.444,15.562,18.436,17.745
Czechia,CZE,1989,16.856,0.053,14.944,18.036,17.588
Czechia,CZE,1990,17.255,0.452,15.925,17.097,18.743
Czechia,CZE,1991,17.298,0.495,14.833,19.147,17.914
Czechia,CZE,1992,19.525,2.721,17.588,19.366,21.62
Czechia,CZE,1993,16.647,-0.157,15.984,16.636,17.32
Czechia,CZE,1994,19.038,2.235,16.602,21.577,18.936
Czechia,CZE,1995,17.857,1.054,15.006,20.611,17.954
Czechia,CZE,1996,16.596,-0.207,16.508,16.113,17.167
Czechia,CZE,1997,17.463,0.66,16.433,17.018,18.938
Czechia,CZE,1998,17.608,0.805,17.348,17.718,17.759
Czechia,CZE,1999,17.473,0.669,15.827,19.141,17.45
Czechia,CZE,2000,17.639,0.835,17.764,16.044,19.108
Czechia,CZE,2001,17.369,0.566,14.584,18.566,18.958
Czechia,CZE,2002,18.74,1.937,17.897,19.1,19.224
Czechia,CZE,2003,20.013,3.209,19.841,19.14,21.057
Czechia,CZE,2004,17.416,0.612,15.765,17.656,18.826
Czechia,CZE,2005,17.237,0.434,16.516,18.589,16.606
Czechia,CZE,2006,18.46,1.657,17.395,22.063,15.922
Czechia,CZE,2007,18.548,1.745,18.496,18.864,18.285
Czechia,CZE,2008,18.23,1.426,18.004,18.49,18.195
Czechia,CZE,2009,17.77,0.967,15.372,18.785,19.154
Czechia,CZE,2010,18.382,1.579,16.954,20.529,17.664
Czechia,CZE,2011,17.752,0.949,17.463,16.971,18.822
Czechia,CZE,2012,18.514,1.71,17.329,18.997,19.215
Czechia,CZE,2013,18.465,1.661,16.473,20.121,18.8
Czechia,CZE,2014,17.714,0.911,16.713,19.731,16.698
Czechia,CZE,2015,19.847,3.043,16.745,20.889,21.906
Germany,DEU,1750,16.792,0.502,15.535,17.985,16.856
Germany,DEU,1751,16.62,0.33,15.123,17.455,17.283
Germany,DEU,1752,16.878,0.588,16.84,17.534,16.26
Germany,DEU,1753,16.252,-0.038,16.162,17.088,15.507
Germany,DEU,1754,15.898,-0.392,15.512,15.727,16.456
Germany,DEU,1755,16.772,0.482,17.679,17.334,15.304
Germany,DEU,1756,17.142,0.852,17.394,17.938,16.095
Germany,DEU,1757,18.198,1.908,16.893,20.41,17.29
Germany,DEU,1758,16.008,-0.282,16.328,15.073,16.624
Germany,DEU,1759,17.349,1.059,16.214,18.968,16.864
Germany,DEU,1760,16.628,0.338,16.526,17.181,16.176
Germany,DEU,1761,17.296,1.006,16.924,16.997,17.966
Germany,DEU,1762,16.15,-0.14,15.73,17.606,15.113
Germany,DEU,1763,16.623,0.333,15.143,17.264,17.461
Germany,DEU,1764,16.024,-0.266,14.445,18.327,15.301
Germany,DEU,1765,15.811,-0.479,15.593,15.08,16.76
Germany,DEU,1766,16.168,-0.122,15.716,16.485,16.302
Germany,DEU,1767,15.681,-0.609,13.957,16.425,16.662
Germany,DEU,1768,16.135,-0.155,14.949,17.075,16.38
Germany,DEU,1769,15.489,-0.801,14.365,16.699,15.403
Germany,DEU,1770,15.75,-0.54,14.416,16.125,16.709
Germany,DEU,1771,15.365,-0.925,15.003,16.339,14.752
Germany,DEU,1772,16.397,0.107,16.463,16.433,16.295
Germany,DEU,1773,15.907,-0.383,14.879,16.176,16.667
Germany,DEU,1774,16.508,0.218,16.212,16.514,16.798
Germany,DEU,1775,17.904,1.614,17.871,18.065,17.776
Germany,DEU,1776,16.982,0.692,16.054,18.007,16.885
Germany,DEU,1777,15.9,-0.39,14.734,15.943,17.024
Germany,DEU,1778,17.437,1.147,15.448,19.257,17.607
Germany,DEU,1779,16.715,0.425,14.57,17.424,18.15
Germany,DEU,1780,16.905,0.615,15.243,17.269,18.204
Germany,DEU,1781,18.097,1.807,17.345,18.006,18.941
Germany,DEU,1782,17.151,0.861,16.779,18.452,16.223
Germany,DEU,1783,17.647,1.357,16.592,19.281,17.069
Germany,DEU,1784,16.173,-0.117,15.832,16.895,15.793
Germany,DEU,1785,15.414,-0.876,14.787,16.239,15.217
Germany,DEU,1786,15.633,-0.657,16.475,15.128,15.295
Germany,DEU,1787,16.266,-0.024,16.015,16.153,16.629
Germany,DEU,1788,17.189,0.899,16.644,19.097,15.826
Germany,DEU,1789,16.251,-0.039,14.589,17.254,16.91
Germany,DEU,1790,15.944,-0.346,15.949,15.495,16.389
Germany,DEU,1791,16.792,0.502,15.185,17.208,17.983
Germany,DEU,1792,17.048,0.758,15.539,18.064,17.54
Germany,DEU,1793,17.022,0.732,14.287,19.13,17.648
Germany,DEU,1794,17.628,1.338,16.723,20.017,16.145
Germany,DEU,1795,16.258,-0.032,16.367,15.333,17.074
Germany,DEU,1796,16.4,0.11,15.162,16.914,17.123
Germany,DEU,1797,17.088,0.798,14.229,19.115,17.919
Germany,DEU,1798,17.366,1.076,16.85,17.546,17.702
Germany,DEU,1799,15.505,-0.785,13.987,16.026,16.503
Germany,DEU,1800,15.661,-0.629,12.928,16.305,17.75
Germany,DEU,1801,15.678,-0.612,13.986,16.708,16.339
Germany,DEU,1802,16.697,0.407,15.597,15.701,18.794
Germany,DEU,1803,16.806,0.516,14.397,18.388,17.634
Germany,DEU,1804,16.303,0.013,15.706,16.997,16.206
Germany,DEU,1805,14.783,-1.507,13.492,15.685,15.173
Germany,DEU,1806,15.667,-0.623,14.39,16.192,16.42
Germany,DEU,1807,18.25,1.96,14.854,19.092,20.804
Germany,DEU,1808,17.411,1.121,14.971,18.979,18.282
Germany,DEU,1809,16.158,-0.132,14.708,16.731,17.035
Germany,DEU,1810,15.781,-0.509,13.978,16.841,16.524
Germany,DEU,1811,17.753,1.463,18.072,18.59,16.598
Germany,DEU,1812,15.393,-0.897,14.938,15.214,16.028
Germany,DEU,1813,15.047,-1.243,14.167,15.965,15.009
Germany,DEU,1814,15.625,-0.665,13.368,17.746,15.761
Germany,DEU,1815,15.106,-1.184,15.14,14.828,15.349
Germany,DEU,1816,14.189,-2.101,13.281,15.037,14.248
Germany,DEU,1817,15.907,-0.383,16.389,15.763,15.568
Germany,DEU,1818,16.521,0.231,16.378,17.702,15.483
Germany,DEU,1819,17.421,1.131,16.338,18.065,17.86
Germany,DEU,1820,15.544,-0.746,13.0,15.762,17.871
Germany,DEU,1821,14.457,-1.833,12.56,14.656,16.156
Germany,DEU,1822,17.19,0.9,17.75,17.592,16.228
Germany,DEU,1823,15.733,-0.557,14.178,15.689,17.332
Germany,DEU,1824,15.798,-0.492,14.517,16.679,16.198
Germany,DEU,1825,16.142,-0.148,14.914,16.918,16.594
Germany,DEU,1826,18.333,2.043,16.247,19.335,19.418
Germany,DEU,1827,16.734,0.444,16.173,18.047,15.981
Germany,DEU,1828,16.346,0.056,16.044,17.761,15.232
Germany,DEU,1829,15.497,-0.793,14.72,16.942,14.828
Germany,DEU,1830,15.983,-0.307,14.669,17.387,15.892
Germany,DEU,1831,16.383,0.093,14.641,17.664,16.844
Germany,DEU,1832,15.894,-0.396,14.961,15.508,17.213
Germany,DEU,1833,15.308,-0.982,16.753,15.809,13.363
Germany,DEU,1834,18.616,2.326,16.659,20.49,18.698
Germany,DEU,1835,16.702,0.412,15.702,18.103,16.302
Germany,DEU,1836,16.019,-0.271,15.714,16.671,15.671
Germany,DEU,1837,16.304,0.014,15.501,15.636,17.775
Germany,DEU,1838,15.323,-0.967,14.963,16.337,14.669
Germany,DEU,1839,16.654,0.364,17.067,17.735,15.159
Germany,DEU,1840,15.395,-0.895,14.946,15.155,16.084
Germany,DEU,1841,14.941,-1.349,13.905,14.897,16.02
Germany,DEU,1842,17.338,1.048,15.862,16.281,19.872
Germany,DEU,1843,15.601,-0.689,13.64,16.011,17.152
Germany,DEU,1844,14.561,-1.729,15.204,14.452,14.026
Germany,DEU,1845,16.123,-0.167,16.324,17.442,14.604
Germany,DEU,1846,18.592,2.302,17.839,18.644,19.293
Germany,DEU,1847,16.587,0.297,14.013,17.871,17.877
Germany,DEU,1848,16.287,-0.003,16.44,16.791,15.629
Germany,DEU,1849,15.427,-0.863,15.407,15.851,15.022
Germany,DEU,1850,15.995,-0.295,15.722,16.324,15.938
Germany,DEU,1851,15.563,-0.727,14.775,15.634,16.28
Germany,DEU,1852,17.089,0.799,15.26,18.934,17.072
Germany,DEU,1853,16.491,0.201,15.7,17.624,16.149
Germany,DEU,1854,15.917,-0.373,14.445,17.493,15.812
Germany,DEU,1855,16.293,0.003,15.379,16.585,16.915
Germany,DEU,1856,15.895,-0.395,15.542,15.176,16.966
Germany,DEU,1857,17.524,1.234,15.978,17.9,18.693
Germany,DEU,1858,17.122,0.832,18.534,16.313,16.518
Germany,DEU,1859,18.325,2.035,16.391,19.933,18.65
Germany,DEU,1860,15.128,-1.162,15.205,15.009,15.17
Germany,DEU,1861,17.364,1.074,17.045,17.352,17.694
Germany,DEU,1862,15.55,-0.74,14.568,16.179,15.902
Germany,DEU,1863,16.19,-0.1,15.277,15.546,17.747
Germany,DEU,1864,14.931,-1.359,14.861,15.792,14.139
Germany,DEU,1865,16.468,0.178,14.001,19.404,15.999
Germany,DEU,1866,16.17,-0.12,17.459,15.907,15.144
Germany,DEU,1867,15.84,-0.45,15.022,15.413,17.084
Germany,DEU,1868,17.95,1.66,16.771,18.49,18.588
Germany,DEU,1869,15.384,-0.906,12.765,18.288,15.1
Germany,DEU,1870,16.235,-0.055,15.028,18.277,15.399
Germany,DEU,1871,15.692,-0.598,12.654,17.295,17.127
Germany,DEU,1872,16.433,0.143,15.372,18.224,15.704
Germany,DEU,1873,17.275,0.985,15.722,18.586,17.518
Germany,DEU,1874,16.547,0.257,15.387,19.13,15.123
Germany,DEU,1875,17.401,1.111,16.721,17.079,18.404
Germany,DEU,1876,16.997,0.707,15.946,17.631,17.413
Germany,DEU,1877,17.166,0.876,17.633,16.684,17.182
Germany,DEU,1878,16.022,-0.268,15.392,15.812,16.861
Germany,DEU,1879,15.914,-0.376,15.594,14.867,17.28
Germany,DEU,1880,16.389,0.099,14.854,17.653,16.661
Germany,DEU,1881,16.403,0.113,14.869,18.486,15.855
Germany,DEU,1882,15.249,-1.041,14.173,16.686,14.888
Germany,DEU,1883,16.108,-0.182,15.949,16.553,15.822
Germany,DEU,1884,15.92,-0.37,12.948,17.99,16.822
Germany,DEU,1885,16.083,-0.207,16.496,17.191,14.562
Germany,DEU,1886,15.855,-0.435,14.088,16.662,16.816
Germany,DEU,1887,16.524,0.234,15.253,18.577,15.743
Germany,DEU,1888,15.089,-1.201,15.59,14.629,15.047
Germany,DEU,1889,16.67,0.38,18.388,16.264,15.358
Germany,DEU,1890,15.242,-1.048,13.743,15.408,16.576
Germany,DEU,1891,15.297,-0.993,14.581,16.249,15.062
Germany,DEU,1892,16.357,0.067,15.061,15.922,18.089
Germany,DEU,1893,16.645,0.355,15.546,17.355,17.033
Germany,DEU,1894,15.785,-0.505,14.118,17.781,15.455
Germany,DEU,1895,16.508,0.218,15.628,17.276,16.621
Germany,DEU,1896,16.021,-0.269,16.57,17.047,14.446
Germany,DEU,1897,16.878,0.588,16.794,16.535,17.306
Germany,DEU,1898,15.732,-0.558,14.713,14.432,18.052
Germany,DEU,1899,16.269,-0.021,14.616,17.334,16.858
Germany,DEU,1900,16.874,0.584,15.93,18.394,16.299
Germany,DEU,1901,16.755,0.465,15.481,18.334,16.449
Germany,DEU,1902,15.232,-1.058,15.093,15.819,14.783
Germany,DEU,1903,15.484,-0.806,14.691,16.243,15.518
Germany,DEU,1904,16.73,0.44,15.114,18.553,16.523
Germany,DEU,1905,17.359,1.069,16.881,18.624,16.571
Germany,DEU,1906,16.113,-0.177,14.628,17.089,16.623
Germany,DEU,1907,14.935,-1.355,14.574,14.478,15.754
Germany,DEU,1908,16.221,-0.069,16.857,17.159,14.647
Germany,DEU,1909,15.108,-1.182,13.999,15.017,16.309
Germany,DEU,1910,15.961,-0.329,16.44,15.501,15.943
Germany,DEU,1911,17.757,1.467,14.827,19.001,19.443
Germany,DEU,1912,15.826,-0.464,15.481,17.901,14.097
Germany,DEU,1913,14.725,-1.565,14.683,14.588,14.904
Germany,DEU,1914,16.41,0.12,14.444,17.501,17.286
Germany,DEU,1915,16.214,-0.076,17.159,16.169,15.313
Germany,DEU,1916,14.896,-1.394,12.784,15.958,15.945
Germany,DEU,1917,17.498,1.208,18.536,17.204,16.753
Germany,DEU,1918,15.102,-1.188,12.869,16.485,15.952
Germany,DEU,1919,15.139,-1.151,14.931,14.345,16.142
Germany,DEU,1920,15.721,-0.569,14.747,17.365,15.052
Germany,DEU,1921,16.727,0.437,14.341,18.57,17.271
Germany,DEU,1922,15.493,-0.797,15.479,15.631,15.369
Germany,DEU,1923,15.164,-1.126,11.143,18.506,15.843
Germany,DEU,1924,15.405,-0.885,14.962,16.682,14.57
Germany,DEU,1925,16.367,0.077,14.79,17.818,16.493
Germany,DEU,1926,15.702,-0.588,13.695,17.346,16.064
Germany,DEU,1927,15.952,-0.338,13.986,17.333,16.537
Germany,DEU,1928,16.185,-0.105,13.954,18.285,16.316
Germany,DEU,1929,16.292,0.002,14.337,17.451,17.089
Germany,DEU,1930,16.789,0.499,18.038,16.325,16.004
Germany,DEU,1931,16.064,-0.226,15.894,16.809,15.488
Germany,DEU,1932,17.055,0.765,14.389,17.912,18.864
Germany,DEU,1933,16.501,0.211,14.248,18.085,17.169
Germany,DEU,1934,16.946,0.656,16.124,18.154,16.561
Germany,DEU,1935,17.131,0.841,17.04,17.669,16.683
Germany,DEU,1936,16.414,0.124,15.985,16.964,16.292
Germany,DEU,1937,16.931,0.641,16.335,17.185,17.273
Germany,DEU,1938,16.85,0.56,15.886,16.835,17.828
Germany,DEU,1939,17.001,0.711,16.135,17.113,17.754
Germany,DEU,1940,15.673,-0.617,16.276,16.18,14.563
Germany,DEU,1941,16.537,0.247,16.009,18.424,15.178
Germany,DEU,1942,15.967,-0.323,14.135,16.02,17.747
Germany,DEU,1943,16.62,0.33,14.34,17.472,18.047
Germany,DEU,1944,17.053,0.763,14.112,17.336,19.712
Germany,DEU,1945,16.814,0.524,16.407,17.765,16.27
Germany,DEU,1946,16.382,0.092,14.568,18.251,16.327
Germany,DEU,1947,18.292,2.002,17.511,18.715,18.65
Germany,DEU,1948,16.044,-0.246,15.418,16.092,16.623
Germany,DEU,1949,16.111,-0.179,13.896,17.415,17.021
Germany,DEU,1950,17.616,1.326,17.267,17.99,17.592
Germany,DEU,1951,16.563,0.273,15.267,16.994,17.428
Germany,DEU,1952,17.061,0.771,15.101,18.16,17.923
Germany,DEU,1953,16.741,0.451,16.093,17.622,16.508
Germany,DEU,1954,15.488,-0.802,15.894,14.593,15.977
Germany,DEU,1955,16.35,0.06,14.499,17.499,17.053
Germany,DEU,1956,14.921,-1.369,13.398,16.946,14.419
Germany,DEU,1957,16.529,0.239,16.446,17.834,15.307
Germany,DEU,1958,16.222,-0.068,14.428,17.059,17.18
Germany,DEU,1959,17.54,1.25,15.92,19.161,17.539
Germany,DEU,1960,15.948,-0.342,16.119,15.542,16.183
Germany,DEU,1961,15.748,-0.542,15.917,15.301,16.025
Germany,DEU,1962,15.057,-1.233,13.951,15.129,16.091
Germany,DEU,1963,16.546,0.256,15.786,17.631,16.222
Germany,DEU,1964,16.942,0.652,16.778,17.93,16.118
Germany,DEU,1965,15.272,-1.018,15.428,15.289,15.099
Germany,DEU,1966,16.104,-0.186,16.891,15.734,15.687
Germany,DEU,1967,16.643,0.353,14.685,18.561,16.682
Germany,DEU,1968,16.314,0.024,16.013,16.253,16.677
Germany,DEU,1969,16.715,0.425,14.834,18.482,16.829
Germany,DEU,1970,16.765,0.475,17.048,16.238,17.01
Germany,DEU,1971,16.688,0.398,14.124,17.798,18.142
Germany,DEU,1972,16.069,-0.221,14.46,17.752,15.994
Germany,DEU,1973,17.098,0.808,16.082,17.339,17.874
Germany,DEU,1974,15.683,-0.607,14.162,15.466,17.42
Germany,DEU,1975,17.276,0.986,14.714,18.201,18.913
Germany,DEU,1976,17.488,1.198,16.992,19.17,16.303
Germany,DEU,1977,16.064,-0.226,15.552,16.485,16.154
Germany,DEU,1978,15.295,-0.995,14.842,15.592,15.45
Germany,DEU,1979,15.932,-0.358,16.646,15.399,15.751
Germany,DEU,1980,15.637,-0.653,14.828,15.239,16.843
Germany,DEU,1981,16.156,-0.134,15.407,16.431,16.629
Germany,DEU,1982,17.529,1.239,16.347,18.743,17.496
Germany,DEU,1983,18.235,1.945,16.162,20.232,18.312
Germany,DEU,1984,15.686,-0.604,13.885,15.915,17.259
Germany,DEU,1985,15.856,-0.434,13.647,17.371,16.549
Germany,DEU,1986,16.447,0.157,15.761,17.068,16.512
Germany,DEU,1987,15.656,-0.634,14.075,17.063,15.831
Germany,DEU,1988,16.502,0.212,15.099,17.271,17.137
Germany,DEU,1989,16.741,0.451,15.209,17.798,17.215
Germany,DEU,1990,16.812,0.522,15.325,16.635,18.477
Germany,DEU,1991,16.895,0.605,13.626,18.988,18.07
Germany,DEU,1992,18.394,2.104,17.157,18.674,19.35
Germany,DEU,1993,15.923,-0.367,15.58,16.233,15.955
Germany,DEU,1994,18.378,2.088,15.917,21.16,18.058
Germany,DEU,1995,17.618,1.328,14.371,20.084,18.4
Germany,DEU,1996,16.311,0.021,15.601,15.937,17.395
Germany,DEU,1997,17.698,1.408,15.809,17.302,19.983
Germany,DEU,1998,16.717,0.427,16.587,16.635,16.929
Germany,DEU,1999,17.177,0.887,15.206,18.94,17.385
Germany,DEU,2000,16.747,0.457,16.859,15.529,17.854
Germany,DEU,2001,17.226,0.936,14.4,18.487,18.792
Germany,DEU,2002,18.058,1.768,17.328,17.773,19.072
Germany,DEU,2003,19.615,3.325,19.194,19.131,20.52
Germany,DEU,2004,16.969,0.679,15.296,16.96,18.65
Germany,DEU,2005,16.798,0.508,16.255,18.18,15.96
Germany,DEU,2006,18.175,1.885,16.691,21.878,15.957
Germany,DEU,2007,17.328,1.038,17.597,17.403,16.983
Germany,DEU,2008,17.574,1.284,17.001,18.171,17.549
Germany,DEU,2009,17.307,1.017,14.979,18.213,18.729
Germany,DEU,2010,17.834,1.544,16.28,20.296,16.927
Germany,DEU,2011,17.001,0.711,16.716,16.309,17.977
Germany,DEU,2012,17.246,0.956,15.627,17.55,18.561
Germany,DEU,2013,17.739,1.449,15.703,19.462,18.051
Germany,DEU,2014,17.274,0.984,16.144,19.471,16.206
Germany,DEU,2015,18.425,2.135,15.829,19.443,20.003
Germany,DEU,2016,17.931,1.641,17.213,18.722,17.857
Germany,DEU,2017,18.005,1.715,17.797,18.217,18.001
Germany,DEU,2018,19.332,3.042,17.859,20.219,19.917
Germany,DEU,2019,19.294,3.004,19.669,18.97,19.243
Germany,DEU,2020,18.191,1.901,16.957,17.594,20.021
Denmark,DNK,1750,16.155,0.508,14.436,17.416,16.613
Denmark,DNK,1751,15.43,-0.217,13.741,16.308,16.24
Denmark,DNK,1752,16.508,0.862,15.398,17.494,16.633
Denmark,DNK,1753,14.929,-0.718,13.937,15.675,15.174
Denmark,DNK,1754,14.551,-1.096,14.073,14.406,15.173
Denmark,DNK,1755,15.837,0.19,16.146,16.832,14.532
Denmark,DNK,1756,16.026,0.38,15.931,17.455,14.693
Denmark,DNK,1757,17.443,1.796,15.987,19.704,16.638
Denmark,DNK,1758,15.324,-0.323,14.939,14.891,16.141
Denmark,DNK,1759,16.906,1.259,15.729,18.13,16.859
Denmark,DNK,1760,16.034,0.387,15.86,16.423,15.819
Denmark,DNK,1761,16.652,1.005,16.537,15.881,17.538
Denmark,DNK,1762,14.897,-0.749,15.151,15.856,13.685
Denmark,DNK,1763,15.744,0.098,14.313,16.792,16.128
Denmark,DNK,1764,15.294,-0.353,12.4,18.283,15.199
Denmark,DNK,1765,14.637,-1.01,13.633,14.527,15.751
Denmark,DNK,1766,16.406,0.76,15.569,17.622,16.028
Denmark,DNK,1767,14.854,-0.792,12.731,15.114,16.718
Denmark,DNK,1768,15.659,0.012,14.509,16.476,15.991
Denmark,DNK,1769,15.0,-0.646,13.934,16.111,14.956
Denmark,DNK,1770,15.845,0.199,13.958,16.76,16.818
Denmark,DNK,1771,15.333,-0.314,16.103,15.72,14.175
Denmark,DNK,1772,15.471,-0.175,14.645,16.001,15.768
Denmark,DNK,1773,15.883,0.237,14.1,16.52,17.03
Denmark,DNK,1774,15.847,0.2,15.435,16.392,15.713
Denmark,DNK,1775,17.614,1.967,16.999,18.008,17.834
Denmark,DNK,1776,17.024,1.378,15.847,18.349,16.877
Denmark,DNK,1777,15.18,-0.466,13.846,15.427,16.268
Denmark,DNK,1778,16.764,1.117,15.285,18.234,16.772
Denmark,DNK,1779,16.9,1.253,14.343,17.402,18.954
Denmark,DNK,1780,16.049,0.403,13.702,16.647,17.799
Denmark,DNK,1781,17.624,1.977,16.936,17.41,18.526
Denmark,DNK,1782,15.54,-0.107,14.578,16.196,15.845
Denmark,DNK,1783,17.365,1.718,16.132,19.178,16.785
Denmark,DNK,1784,14.948,-0.699,14.274,15.527,15.042
Denmark,DNK,1785,15.378,-0.269,14.964,16.117,15.053
Denmark,DNK,1786,15.4,-0.247,15.612,14.83,15.758
Denmark,DNK,1787,15.123,-0.524,14.621,15.576,15.172
Denmark,DNK,1788,16.668,1.021,15.767,18.374,15.862
Denmark,DNK,1789,16.991,1.345,15.582,17.69,17.702
Denmark,DNK,1790,14.783,-0.864,14.181,14.867,15.301
Denmark,DNK,1791,16.031,0.384,13.853,17.286,16.954
Denmark,DNK,1792,16.424,0.778,14.776,17.919,16.578
Denmark,DNK,1793,15.875,0.228,13.975,17.37,16.279
Denmark,DNK,1794,16.694,1.047,15.664,18.477,15.941
Denmark,DNK,1795,15.553,-0.094,14.7,15.484,16.474
Denmark,DNK,1796,16.123,0.476,14.54,16.897,16.932
Denmark,DNK,1797,16.271,0.624,13.981,17.817,17.014
Denmark,DNK,1798,17.263,1.616,16.336,17.964,17.488
Denmark,DNK,1799,14.602,-1.045,13.185,15.531,15.09
Denmark,DNK,1800,14.352,-1.295,11.885,14.906,16.264
Denmark,DNK,1801,15.353,-0.294,13.66,16.612,15.786
Denmark,DNK,1802,14.749,-0.897,13.367,14.125,16.756
Denmark,DNK,1803,15.722,0.076,13.087,17.348,16.732
Denmark,DNK,1804,15.831,0.184,14.629,16.582,16.282
Denmark,DNK,1805,14.2,-1.446,11.652,15.502,15.447
Denmark,DNK,1806,14.605,-1.041,12.557,14.914,16.345
Denmark,DNK,1807,16.784,1.137,13.613,17.274,19.465
Denmark,DNK,1808,17.011,1.364,14.966,18.238,17.828
Denmark,DNK,1809,15.634,-0.013,13.911,15.983,17.007
Denmark,DNK,1810,15.478,-0.168,13.618,16.539,16.278
Denmark,DNK,1811,16.82,1.174,16.462,17.963,16.036
Denmark,DNK,1812,14.57,-1.077,13.798,14.075,15.837
Denmark,DNK,1813,15.28,-0.367,13.737,16.726,15.376
Denmark,DNK,1814,15.201,-0.446,12.59,17.373,15.64
Denmark,DNK,1815,14.707,-0.939,13.962,14.496,15.664
Denmark,DNK,1816,14.345,-1.302,13.282,15.631,14.121
Denmark,DNK,1817,14.791,-0.856,14.391,15.143,14.838
Denmark,DNK,1818,16.062,0.415,15.391,17.734,15.06
Denmark,DNK,1819,17.413,1.766,15.636,17.836,18.767
Denmark,DNK,1820,14.746,-0.901,12.812,15.671,15.755
Denmark,DNK,1821,13.726,-1.921,12.153,14.149,14.876
Denmark,DNK,1822,15.842,0.195,15.195,16.39,15.941
Denmark,DNK,1823,15.014,-0.633,13.804,14.875,16.363
Denmark,DNK,1824,15.238,-0.409,14.555,15.492,15.667
Denmark,DNK,1825,15.402,-0.245,13.93,16.328,15.947
Denmark,DNK,1826,17.843,2.196,16.409,19.077,18.043
Denmark,DNK,1827,15.549,-0.097,15.552,15.878,15.218
Denmark,DNK,1828,16.259,0.613,15.48,17.537,15.761
Denmark,DNK,1829,15.304,-0.343,15.184,15.975,14.753
Denmark,DNK,1830,14.876,-0.771,13.395,16.475,14.758
Denmark,DNK,1831,16.707,1.06,14.995,17.873,17.252
Denmark,DNK,1832,14.897,-0.75,14.855,14.168,15.668
Denmark,DNK,1833,14.798,-0.848,14.913,16.326,13.156
Denmark,DNK,1834,17.859,2.213,15.043,19.782,18.753
Denmark,DNK,1835,15.654,0.007,15.096,16.52,15.345
Denmark,DNK,1836,14.449,-1.198,14.441,15.062,13.843
Denmark,DNK,1837,15.137,-0.51,13.882,15.242,16.286
Denmark,DNK,1838,14.81,-0.837,13.991,16.232,14.207
Denmark,DNK,1839,15.496,-0.151,14.842,16.872,14.774
Denmark,DNK,1840,14.411,-1.236,13.369,14.268,15.596
Denmark,DNK,1841,14.248,-1.399,13.215,13.841,15.687
Denmark,DNK,1842,16.317,0.67,14.5,15.288,19.163
Denmark,DNK,1843,15.578,-0.068,13.819,15.713,17.203
Denmark,DNK,1844,13.908,-1.739,13.177,13.956,14.591
Denmark,DNK,1845,15.501,-0.145,14.786,16.579,15.139
Denmark,DNK,1846,17.853,2.206,16.476,17.263,19.819
Denmark,DNK,1847,16.308,0.661,14.435,17.072,17.417
Denmark,DNK,1848,14.895,-0.752,15.24,15.334,14.111
Denmark,DNK,1849,14.08,-1.566,12.484,14.841,14.916
Denmark,DNK,1850,15.551,-0.095,14.653,16.2,15.801
Denmark,DNK,1851,14.416,-1.23,12.937,14.89,15.422
Denmark,DNK,1852,17.086,1.439,15.204,18.552,17.502
Denmark,DNK,1853,15.926,0.279,15.786,16.829,15.163
Denmark,DNK,1854,15.952,0.305,14.183,17.268,16.404
Denmark,DNK,1855,16.011,0.364,14.206,17.896,15.931
Denmark,DNK,1856,14.334,-1.313,13.858,14.431,14.713
Denmark,DNK,1857,16.795,1.148,15.314,16.368,18.703
Denmark,DNK,1858,17.064,1.418,17.025,16.66,17.508
Denmark,DNK,1859,16.827,1.18,15.764,17.349,17.367
Denmark,DNK,1860,14.869,-0.777,14.23,15.79,14.588
Denmark,DNK,1861,16.399,0.752,16.077,16.969,16.15
Denmark,DNK,1862,14.249,-1.397,13.542,14.025,15.181
Denmark,DNK,1863,14.875,-0.772,14.661,14.181,15.783
Denmark,DNK,1864,14.115,-1.532,13.59,15.425,13.329
Denmark,DNK,1865,15.049,-0.598,12.558,17.261,15.328
Denmark,DNK,1866,15.587,-0.06,16.343,15.388,15.03
Denmark,DNK,1867,14.626,-1.021,13.165,14.575,16.138
Denmark,DNK,1868,17.429,1.782,15.437,18.198,18.652
Denmark,DNK,1869,14.335,-1.312,12.148,16.163,14.693
Denmark,DNK,1870,15.478,-0.168,13.592,16.612,16.231
Denmark,DNK,1871,15.209,-0.437,13.174,15.96,16.494
Denmark,DNK,1872,16.269,0.622,15.217,17.97,15.62
Denmark,DNK,1873,15.902,0.256,14.71,17.035,15.962
Denmark,DNK,1874,15.248,-0.399,14.187,16.843,14.713
Denmark,DNK,1875,16.347,0.701,14.898,16.657,17.487
Denmark,DNK,1876,15.952,0.306,15.091,16.438,16.328
Denmark,DNK,1877,15.255,-0.391,15.012,15.731,15.023
Denmark,DNK,1878,15.599,-0.048,14.357,15.449,16.99
Denmark,DNK,1879,14.868,-0.779,13.742,14.8,16.061
Denmark,DNK,1880,16.213,0.566,14.592,16.371,17.676
Denmark,DNK,1881,14.574,-1.072,13.681,15.848,14.194
Denmark,DNK,1882,15.706,0.059,14.429,16.82,15.869
Denmark,DNK,1883,15.648,0.001,14.609,16.878,15.456
Denmark,DNK,1884,15.762,0.115,13.631,17.041,16.613
Denmark,DNK,1885,14.769,-0.877,13.776,16.378,14.154
Denmark,DNK,1886,14.923,-0.723,13.642,15.399,15.729
Denmark,DNK,1887,15.359,-0.287,14.504,16.436,15.138
Denmark,DNK,1888,14.145,-1.501,13.805,14.346,14.285
Denmark,DNK,1889,16.331,0.684,18.01,15.908,15.074
Denmark,DNK,1890,14.312,-1.334,13.261,14.406,15.27
Denmark,DNK,1891,15.239,-0.408,14.242,16.629,14.846
Denmark,DNK,1892,14.537,-1.11,13.065,14.892,15.653
Denmark,DNK,1893,15.908,0.262,14.323,16.821,16.581
Denmark,DNK,1894,15.585,-0.062,14.086,17.473,15.196
Denmark,DNK,1895,15.389,-0.257,14.678,15.457,16.033
Denmark,DNK,1896,16.488,0.841,16.868,17.319,15.276
Denmark,DNK,1897,16.528,0.881,15.806,16.252,17.526
Denmark,DNK,1898,14.651,-0.995,13.976,14.004,15.974
Denmark,DNK,1899,15.917,0.271,14.128,17.839,15.785
Denmark,DNK,1900,16.163,0.516,15.204,16.976,16.308
Denmark,DNK,1901,16.546,0.9,13.985,18.799,16.855
Denmark,DNK,1902,13.81,-1.836,14.218,14.07,13.143
Denmark,DNK,1903,14.749,-0.898,14.37,15.582,14.295
Denmark,DNK,1904,15.178,-0.468,13.722,16.166,15.647
Denmark,DNK,1905,16.205,0.559,16.146,16.949,15.521
Denmark,DNK,1906,15.495,-0.151,14.754,15.848,15.884
Denmark,DNK,1907,13.569,-2.077,12.702,14.258,13.748
Denmark,DNK,1908,15.562,-0.085,14.706,16.85,15.13
Denmark,DNK,1909,14.263,-1.383,13.222,14.599,14.969
Denmark,DNK,1910,16.213,0.567,16.122,16.342,16.176
Denmark,DNK,1911,16.294,0.648,14.274,16.655,17.954
Denmark,DNK,1912,15.71,0.063,14.25,18.004,14.875
Denmark,DNK,1913,14.949,-0.697,14.06,15.68,15.108
Denmark,DNK,1914,16.956,1.309,14.892,18.747,17.228
Denmark,DNK,1915,14.847,-0.799,14.074,15.122,15.346
Denmark,DNK,1916,14.435,-1.212,12.245,15.874,15.185
Denmark,DNK,1917,16.853,1.206,16.96,16.421,17.177
Denmark,DNK,1918,14.794,-0.853,12.685,15.774,15.923
Denmark,DNK,1919,14.306,-1.341,13.69,15.063,14.165
Denmark,DNK,1920,15.301,-0.346,14.443,16.584,14.875
Denmark,DNK,1921,15.025,-0.622,13.558,15.985,15.531
Denmark,DNK,1922,14.272,-1.374,13.442,14.886,14.489
Denmark,DNK,1923,13.989,-1.657,10.796,16.826,14.346
Denmark,DNK,1924,14.781,-0.865,13.572,15.247,15.525
Denmark,DNK,1925,16.302,0.655,14.0,18.401,16.504
Denmark,DNK,1926,16.026,0.38,14.329,17.539,16.211
Denmark,DNK,1927,15.295,-0.351,11.833,17.194,16.859
Denmark,DNK,1928,13.96,-1.687,11.893,14.914,15.073
Denmark,DNK,1929,14.413,-1.233,12.391,15.374,15.475
Denmark,DNK,1930,16.087,0.441,15.74,16.452,16.07
Denmark,DNK,1931,14.655,-0.991,12.83,15.922,15.214
Denmark,DNK,1932,16.409,0.762,13.921,18.13,17.176
Denmark,DNK,1933,16.813,1.167,16.066,17.709,16.665
Denmark,DNK,1934,16.097,0.45,14.501,17.319,16.471
Denmark,DNK,1935,16.043,0.396,15.262,16.575,16.292
Denmark,DNK,1936,16.47,0.823,15.953,17.074,16.382
Denmark,DNK,1937,16.684,1.037,14.708,17.28,18.063
Denmark,DNK,1938,16.018,0.371,13.854,16.239,17.961
Denmark,DNK,1939,16.713,1.067,15.236,16.784,18.12
Denmark,DNK,1940,15.66,0.013,16.063,16.264,14.652
Denmark,DNK,1941,16.329,0.682,14.843,18.867,15.276
Denmark,DNK,1942,14.971,-0.676,12.69,15.313,16.91
Denmark,DNK,1943,15.724,0.077,14.758,16.519,15.894
Denmark,DNK,1944,16.291,0.644,13.189,17.221,18.462
Denmark,DNK,1945,16.288,0.642,14.549,17.216,17.1
Denmark,DNK,1946,15.468,-0.178,13.376,17.321,15.708
Denmark,DNK,1947,17.334,1.688,16.186,17.34,18.477
Denmark,DNK,1948,15.812,0.165,14.594,16.578,16.264
Denmark,DNK,1949,15.526,-0.12,13.897,17.005,15.677
Denmark,DNK,1950,16.283,0.636,15.12,16.349,17.38
Denmark,DNK,1951,15.56,-0.087,14.465,15.607,16.608
Denmark,DNK,1952,14.906,-0.741,12.928,15.781,16.009
Denmark,DNK,1953,16.534,0.887,16.586,16.866,16.149
Denmark,DNK,1954,14.978,-0.668,14.873,14.846,15.216
Denmark,DNK,1955,16.604,0.957,13.028,18.268,18.516
Denmark,DNK,1956,14.618,-1.028,13.51,16.472,13.873
Denmark,DNK,1957,15.759,0.112,14.631,16.881,15.764
Denmark,DNK,1958,15.424,-0.223,13.922,16.548,15.801
Denmark,DNK,1959,16.982,1.335,14.95,18.122,17.874
Denmark,DNK,1960,15.603,-0.044,15.254,15.359,16.195
Denmark,DNK,1961,15.246,-0.4,15.439,15.239,15.061
Denmark,DNK,1962,13.956,-1.69,13.233,14.331,14.305
Denmark,DNK,1963,15.733,0.086,15.148,16.098,15.952
Denmark,DNK,1964,14.907,-0.739,14.372,15.104,15.246
Denmark,DNK,1965,14.334,-1.313,14.226,14.015,14.76
Denmark,DNK,1966,15.683,0.036,15.997,15.906,15.146
Denmark,DNK,1967,15.657,0.01,13.849,16.692,16.429
Denmark,DNK,1968,16.117,0.47,15.775,15.496,17.079
Denmark,DNK,1969,16.767,1.12,15.283,17.174,17.843
Denmark,DNK,1970,16.188,0.541,16.768,15.397,16.399
Denmark,DNK,1971,15.669,0.023,13.798,16.579,16.631
Denmark,DNK,1972,15.819,0.173,13.92,17.584,15.954
Denmark,DNK,1973,16.353,0.706,15.079,17.812,16.168
Denmark,DNK,1974,15.066,-0.581,14.289,14.871,16.038
Denmark,DNK,1975,16.92,1.273,14.306,17.16,19.294
Denmark,DNK,1976,16.727,1.081,14.939,18.025,17.218
Denmark,DNK,1977,15.609,-0.038,15.136,15.847,15.843
Denmark,DNK,1978,15.227,-0.419,15.092,14.751,15.839
Denmark,DNK,1979,14.776,-0.871,14.757,14.301,15.27
Denmark,DNK,1980,15.679,0.032,15.148,16.169,15.719
Denmark,DNK,1981,15.077,-0.569,13.796,15.684,15.752
Denmark,DNK,1982,16.451,0.805,14.591,17.419,17.344
Denmark,DNK,1983,16.361,0.715,14.397,17.577,17.11
Denmark,DNK,1984,15.467,-0.179,13.824,15.48,17.098
Denmark,DNK,1985,15.218,-0.429,13.567,16.204,15.883
Denmark,DNK,1986,15.248,-0.398,14.7,16.005,15.04
Denmark,DNK,1987,13.95,-1.696,12.006,15.294,14.551
Denmark,DNK,1988,16.138,0.492,15.988,16.662,15.765
Denmark,DNK,1989,15.984,0.337,15.151,17.091,15.71
Denmark,DNK,1990,16.209,0.563,15.098,16.228,17.302
Denmark,DNK,1991,15.831,0.184,12.238,17.877,17.378
Denmark,DNK,1992,17.315,1.668,17.704,17.753,16.488
Denmark,DNK,1993,14.434,-1.213,14.017,14.677,14.608
Denmark,DNK,1994,16.875,1.228,13.469,19.726,17.43
Denmark,DNK,1995,16.881,1.234,14.319,17.758,18.565
Denmark,DNK,1996,15.744,0.098,13.789,15.176,18.268
Denmark,DNK,1997,18.037,2.391,15.375,18.039,20.698
Denmark,DNK,1998,14.93,-0.716,14.476,15.115,15.2
Denmark,DNK,1999,16.301,0.655,14.075,17.726,17.103
Denmark,DNK,2000,15.221,-0.426,14.267,15.483,15.912
Denmark,DNK,2001,16.233,0.586,13.323,17.958,17.417
Denmark,DNK,2002,17.813,2.166,16.078,17.332,20.028
Denmark,DNK,2003,17.684,2.037,16.288,18.528,18.235
Denmark,DNK,2004,15.989,0.342,13.982,15.618,18.366
Denmark,DNK,2005,15.955,0.308,14.306,17.649,15.909
Denmark,DNK,2006,17.687,2.041,15.349,20.108,17.605
Denmark,DNK,2007,16.635,0.988,16.565,16.172,17.167
Denmark,DNK,2008,16.822,1.176,15.509,17.934,17.024
Denmark,DNK,2009,16.648,1.001,14.391,17.821,17.732
Denmark,DNK,2010,16.709,1.062,14.378,19.012,16.737
Denmark,DNK,2011,16.271,0.624,15.534,16.794,16.485
Denmark,DNK,2012,15.608,-0.038,13.313,16.427,17.085
Denmark,DNK,2013,16.518,0.871,14.493,17.606,17.455
Denmark,DNK,2014,17.311,1.664,15.42,19.924,16.588
Denmark,DNK,2015,15.747,0.101,13.272,16.181,17.789
Denmark,DNK,2016,16.684,1.038,16.435,17.004,16.614
Denmark,DNK,2017,16.04,0.393,15.385,16.15,16.585
Denmark,DNK,2018,18.234,2.587,16.972,19.649,18.081
Denmark,DNK,2019,17.372,1.726,16.771,17.329,18.017
Denmark,DNK,2020,16.989,1.343,16.888,15.44,18.64
Spain,ESP,1764,20.143,-1.057,18.847,20.986,20.595
Spain,ESP,1765,20.37,-0.83,18.183,21.257,21.669
Spain,ESP,1766,20.904,-0.296,19.246,20.607,22.859
Spain,ESP,1767,21.064,-0.136,19.075,21.551,22.566
Spain,ESP,1768,20.542,-0.658,17.883,22.013,21.729
Spain,ESP,1769,20.834,-0.366,19.28,21.457,21.764
Spain,ESP,1770,19.232,-1.968,17.577,19.155,20.963
Spain,ESP,1771,20.963,-0.237,17.967,22.298,22.625
Spain,ESP,1772,21.671,0.471,19.638,22.445,22.929
Spain,ESP,1773,20.514,-0.686,18.164,21.505,21.874
Spain,ESP,1774,22.102,0.902,20.04,22.832,23.434
Spain,ESP,1775,20.804,-0.396,18.403,22.117,21.891
Spain,ESP,1776,21.122,-0.078,19.054,21.639,22.672
Spain,ESP,1777,20.061,-1.139,17.706,20.51,21.967
Spain,ESP,1778,20.932,-0.268,17.826,23.051,21.919
Spain,ESP,1779,20.249,-0.951,17.336,21.747,21.663
Spain,ESP,1780,21.568,0.368,19.714,22.94,22.05
Spain,ESP,1781,21.172,-0.028,18.128,22.743,22.644
Spain,ESP,1782,21.984,0.784,20.309,22.803,22.841
Spain,ESP,1783,21.515,0.315,19.598,23.078,21.868
Spain,ESP,1784,21.472,0.272,20.08,22.867,21.468
Spain,ESP,1785,21.642,0.442,20.744,22.187,21.994
Spain,ESP,1786,21.46,0.26,20.163,22.319,21.898
Spain,ESP,1787,20.763,-0.437,19.27,21.052,21.967
Spain,ESP,1788,21.898,0.698,19.543,23.163,22.987
Spain,ESP,1789,20.324,-0.876,18.171,21.153,21.648
Spain,ESP,1790,21.375,0.175,19.57,21.794,22.762
Spain,ESP,1791,21.221,0.021,18.56,21.866,23.236
Spain,ESP,1792,21.286,0.086,19.48,22.201,22.177
Spain,ESP,1793,21.806,0.606,18.705,23.73,22.984
Spain,ESP,1794,20.959,-0.241,18.171,22.821,21.886
Spain,ESP,1795,20.765,-0.435,18.241,21.486,22.568
Spain,ESP,1796,21.403,0.203,19.807,21.673,22.73
Spain,ESP,1797,21.246,0.046,18.035,22.625,23.078
Spain,ESP,1798,22.004,0.804,19.857,22.711,23.443
Spain,ESP,1799,20.667,-0.533,18.432,22.055,21.515
Spain,ESP,1800,21.678,0.478,18.441,23.499,23.093
Spain,ESP,1801,21.003,-0.197,19.236,21.643,22.129
Spain,ESP,1802,21.93,0.73,20.392,21.794,23.603
Spain,ESP,1803,22.277,1.077,20.331,23.003,23.496
Spain,ESP,1804,21.924,0.724,21.35,22.228,22.195
Spain,ESP,1805,21.082,-0.118,18.882,21.582,22.783
Spain,ESP,1806,21.792,0.592,19.92,22.662,22.795
Spain,ESP,1807,21.783,0.583,19.647,22.744,22.959
Spain,ESP,1808,21.565,0.365,18.708,23.849,22.139
Spain,ESP,1809,19.857,-1.343,18.114,20.188,21.27
Spain,ESP,1810,19.768,-1.432,17.722,20.647,20.935
Spain,ESP,1811,20.318,-0.882,19.14,20.933,20.88
Spain,ESP,1812,20.669,-0.531,18.885,21.19,21.932
Spain,ESP,1813,19.607,-1.593,17.818,20.06,20.944
Spain,ESP,1814,19.696,-1.504,17.924,20.472,20.692
Spain,ESP,1815,20.122,-1.078,17.499,21.483,21.384
Spain,ESP,1816,18.841,-2.359,16.819,19.291,20.413
Spain,ESP,1817,19.788,-1.412,18.309,20.446,20.61
Spain,ESP,1818,20.89,-0.31,19.184,21.943,21.542
Spain,ESP,1819,20.395,-0.805,18.361,21.492,21.333
Spain,ESP,1820,20.942,-0.258,18.489,22.166,22.171
Spain,ESP,1821,20.647,-0.553,17.845,21.327,22.77
Spain,ESP,1822,21.9,0.7,21.523,22.398,21.778
Spain,ESP,1823,20.11,-1.09,17.552,20.893,21.886
Spain,ESP,1824,20.688,-0.512,17.797,22.671,21.596
Spain,ESP,1825,21.246,0.046,19.396,22.318,22.024
Spain,ESP,1826,21.584,0.384,19.282,22.335,23.135
Spain,ESP,1827,21.185,-0.015,18.026,23.567,21.963
Spain,ESP,1828,21.081,-0.119,19.901,21.813,21.528
Spain,ESP,1829,20.728,-0.472,18.769,21.695,21.721
Spain,ESP,1830,21.05,-0.15,18.27,23.15,21.731
Spain,ESP,1831,21.329,0.129,20.161,22.19,21.636
Spain,ESP,1832,21.448,0.248,18.795,23.037,22.512
Spain,ESP,1833,20.6,-0.6,19.953,20.587,21.261
Spain,ESP,1834,21.084,-0.116,19.794,22.063,21.395
Spain,ESP,1835,20.783,-0.417,18.067,22.703,21.58
Spain,ESP,1836,21.781,0.581,19.646,23.384,22.314
Spain,ESP,1837,22.086,0.886,20.471,22.783,23.005
Spain,ESP,1838,21.422,0.222,19.202,22.54,22.525
Spain,ESP,1839,21.452,0.252,19.712,22.172,22.472
Spain,ESP,1840,21.344,0.144,20.354,21.315,22.364
Spain,ESP,1841,20.186,-1.014,18.596,20.576,21.387
Spain,ESP,1842,22.155,0.955,21.36,22.715,22.39
Spain,ESP,1843,20.116,-1.084,17.596,21.036,21.716
Spain,ESP,1844,20.963,-0.237,19.689,22.086,21.113
Spain,ESP,1845,20.279,-0.921,18.424,21.328,21.084
Spain,ESP,1846,22.802,1.602,21.379,24.076,22.95
Spain,ESP,1847,21.245,0.045,19.172,22.843,21.719
Spain,ESP,1848,21.036,-0.164,18.51,22.591,22.007
Spain,ESP,1849,21.796,0.596,20.004,22.998,22.387
Spain,ESP,1850,21.212,0.012,19.807,22.042,21.787
Spain,ESP,1851,21.233,0.033,19.42,21.544,22.735
Spain,ESP,1852,20.819,-0.381,18.366,22.456,21.635
Spain,ESP,1853,20.345,-0.855,17.561,21.472,22.002
Spain,ESP,1854,20.247,-0.953,17.54,21.189,22.013
Spain,ESP,1855,20.443,-0.757,16.984,21.621,22.725
Spain,ESP,1856,21.27,0.07,18.869,22.331,22.609
Spain,ESP,1857,21.05,-0.15,18.823,22.913,21.413
Spain,ESP,1858,21.201,0.001,20.987,21.185,21.43
Spain,ESP,1859,21.639,0.439,17.996,24.038,22.883
Spain,ESP,1860,20.301,-0.899,18.525,21.298,21.08
Spain,ESP,1861,21.276,0.076,18.929,21.257,23.642
Spain,ESP,1862,21.068,-0.132,18.847,23.205,21.153
Spain,ESP,1863,21.735,0.535,19.739,23.208,22.259
Spain,ESP,1864,21.683,0.483,19.701,22.382,22.967
Spain,ESP,1865,21.34,0.14,20.436,22.146,21.437
Spain,ESP,1866,20.775,-0.425,18.528,21.825,21.971
Spain,ESP,1867,20.997,-0.203,19.71,21.566,21.714
Spain,ESP,1868,21.667,0.467,20.815,22.426,21.759
Spain,ESP,1869,21.42,0.22,19.095,23.081,22.085
Spain,ESP,1870,21.857,0.657,21.136,23.159,21.276
Spain,ESP,1871,20.58,-0.62,16.947,22.526,22.267
Spain,ESP,1872,21.548,0.348,19.801,22.424,22.419
Spain,ESP,1873,21.5,0.3,18.595,23.11,22.795
Spain,ESP,1874,21.398,0.198,18.67,23.119,22.404
Spain,ESP,1875,20.736,-0.464,18.607,20.444,23.158
Spain,ESP,1876,21.692,0.492,17.839,24.194,23.044
Spain,ESP,1877,21.995,0.795,20.257,22.6,23.127
Spain,ESP,1878,21.58,0.38,19.753,22.648,22.339
Spain,ESP,1879,21.322,0.122,19.307,21.667,22.992
Spain,ESP,1880,20.435,-0.765,17.378,22.356,21.571
Spain,ESP,1881,21.871,0.671,18.454,23.673,23.486
Spain,ESP,1882,20.697,-0.503,19.049,21.055,21.987
Spain,ESP,1883,20.387,-0.813,17.503,21.041,22.617
Spain,ESP,1884,20.597,-0.603,17.028,21.823,22.94
Spain,ESP,1885,20.598,-0.602,18.549,21.654,21.59
Spain,ESP,1886,20.466,-0.734,18.107,21.97,21.322
Spain,ESP,1887,22.153,0.953,20.917,22.725,22.818
Spain,ESP,1888,20.132,-1.068,18.841,20.497,21.057
Spain,ESP,1889,20.357,-0.843,17.704,21.731,21.637
Spain,ESP,1890,20.74,-0.46,19.825,21.06,21.336
Spain,ESP,1891,20.446,-0.754,18.688,21.984,20.666
Spain,ESP,1892,21.433,0.233,20.238,22.153,21.908
Spain,ESP,1893,22.036,0.836,20.024,22.255,23.83
Spain,ESP,1894,21.141,-0.059,19.41,22.032,21.98
Spain,ESP,1895,21.255,0.055,18.867,22.445,22.452
Spain,ESP,1896,20.411,-0.789,18.714,22.56,19.959
Spain,ESP,1897,22.136,0.936,20.702,23.341,22.364
Spain,ESP,1898,21.8,0.6,18.726,23.142,23.531
Spain,ESP,1899,21.781,0.581,18.829,22.846,23.667
Spain,ESP,1900,21.542,0.342,19.677,23.271,21.678
Spain,ESP,1901,21.782,0.582,20.779,22.316,22.251
Spain,ESP,1902,20.613,-0.587,17.619,22.491,21.73
Spain,ESP,1903,20.647,-0.553,17.662,21.673,22.605
Spain,ESP,1904,22.08,0.88,19.857,23.304,23.078
Spain,ESP,1905,21.082,-0.118,18.57,22.81,21.867
Spain,ESP,1906,21.948,0.748,20.298,21.843,23.704
Spain,ESP,1907,21.133,-0.067,19.645,20.819,22.935
Spain,ESP,1908,20.595,-0.605,17.948,21.687,22.149
Spain,ESP,1909,19.891,-1.309,16.422,21.012,22.238
Spain,ESP,1910,20.366,-0.834,18.66,20.886,21.552
Spain,ESP,1911,21.699,0.499,18.074,23.384,23.638
Spain,ESP,1912,19.593,-1.607,18.725,20.022,20.033
Spain,ESP,1913,21.173,-0.027,20.142,21.954,21.424
Spain,ESP,1914,20.117,-1.083,17.325,21.107,21.919
Spain,ESP,1915,21.518,0.318,19.375,22.294,22.886
Spain,ESP,1916,20.854,-0.346,18.379,21.35,22.832
Spain,ESP,1917,21.126,-0.074,19.253,23.053,21.071
Spain,ESP,1918,21.248,0.048,18.834,21.89,23.019
Spain,ESP,1919,21.526,0.326,20.228,20.581,23.768
Spain,ESP,1920,21.22,0.02,19.885,21.739,22.036
Spain,ESP,1921,21.735,0.535,19.797,23.435,21.973
Spain,ESP,1922,20.93,-0.27,18.566,21.9,22.323
Spain,ESP,1923,21.593,0.393,17.51,23.212,24.057
Spain,ESP,1924,21.322,0.122,19.909,22.678,21.378
Spain,ESP,1925,20.554,-0.646,19.031,20.542,22.088
Spain,ESP,1926,21.488,0.288,18.581,22.28,23.602
Spain,ESP,1927,20.893,-0.307,19.489,21.276,21.913
Spain,ESP,1928,22.557,1.357,19.885,24.451,23.334
Spain,ESP,1929,21.681,0.481,20.107,22.844,22.093
Spain,ESP,1930,20.879,-0.321,18.584,21.082,22.972
Spain,ESP,1931,21.593,0.393,21.2,22.056,21.522
Spain,ESP,1932,20.481,-0.719,17.941,20.706,22.795
Spain,ESP,1933,21.894,0.694,17.959,23.091,24.633
Spain,ESP,1934,21.757,0.557,20.511,23.546,21.214
Spain,ESP,1935,21.8,0.6,19.721,23.767,21.911
Spain,ESP,1936,20.723,-0.477,17.595,21.531,23.042
Spain,ESP,1937,22.114,0.914,19.439,23.463,23.441
Spain,ESP,1938,21.951,0.751,21.123,22.481,22.249
Spain,ESP,1939,20.475,-0.725,18.083,21.579,21.762
Spain,ESP,1940,20.808,-0.392,18.386,21.566,22.471
Spain,ESP,1941,21.027,-0.173,19.144,22.231,21.707
Spain,ESP,1942,21.507,0.307,19.974,22.414,22.134
Spain,ESP,1943,22.399,1.199,21.504,22.157,23.537
Spain,ESP,1944,21.591,0.391,19.526,22.186,23.06
Spain,ESP,1945,21.65,0.45,20.936,22.8,21.213
Spain,ESP,1946,21.29,0.09,18.734,22.869,22.268
Spain,ESP,1947,22.606,1.406,20.939,23.856,23.022
Spain,ESP,1948,21.414,0.214,19.814,21.794,22.634
Spain,ESP,1949,22.863,1.663,20.228,24.032,24.33
Spain,ESP,1950,22.572,1.372,20.794,24.288,22.635
Spain,ESP,1951,21.122,-0.078,19.558,22.547,21.261
Spain,ESP,1952,21.792,0.592,20.774,22.668,21.934
Spain,ESP,1953,21.356,0.156,18.216,22.317,23.534
Spain,ESP,1954,20.55,-0.65,18.825,21.761,21.063
Spain,ESP,1955,22.0,0.8,19.822,23.034,23.143
Spain,ESP,1956,20.416,-0.784,18.42,21.473,21.355
Spain,ESP,1957,21.158,-0.042,18.193,22.483,22.798
Spain,ESP,1958,20.799,-0.401,18.531,21.686,22.181
Spain,ESP,1959,21.743,0.543,19.478,23.529,22.223
Spain,ESP,1960,21.363,0.163,20.801,21.89,21.397
Spain,ESP,1961,21.718,0.518,19.868,22.559,22.728
Spain,ESP,1962,21.817,0.617,19.416,22.448,23.588
Spain,ESP,1963,20.89,-0.31,18.858,22.631,21.182
Spain,ESP,1964,21.844,0.644,19.804,23.158,22.57
Spain,ESP,1965,21.475,0.275,20.637,21.56,22.229
Spain,ESP,1966,21.032,-0.168,19.074,21.733,22.289
Spain,ESP,1967,21.399,0.199,18.332,23.562,22.303
Spain,ESP,1968,21.314,0.114,19.582,22.587,21.773
Spain,ESP,1969,21.12,-0.08,17.885,23.181,22.293
Spain,ESP,1970,21.413,0.213,19.355,22.876,22.008
Spain,ESP,1971,20.582,-0.618,17.527,22.41,21.808
Spain,ESP,1972,20.095,-1.105,17.752,21.686,20.847
Spain,ESP,1973,21.593,0.393,19.206,21.953,23.62
Spain,ESP,1974,21.312,0.112,19.09,22.647,22.198
Spain,ESP,1975,21.586,0.386,18.686,23.235,22.837
Spain,ESP,1976,22.001,0.801,21.106,22.711,22.187
Spain,ESP,1977,19.087,-2.113,17.151,20.063,20.048
Spain,ESP,1978,20.568,-0.632,17.19,22.051,22.464
Spain,ESP,1979,21.723,0.523,19.992,22.86,22.317
Spain,ESP,1980,21.131,-0.069,18.672,21.199,23.522
Spain,ESP,1981,21.755,0.555,20.674,22.014,22.576
Spain,ESP,1982,21.976,0.776,20.525,23.041,22.363
Spain,ESP,1983,21.698,0.498,20.494,22.976,21.623
Spain,ESP,1984,21.102,-0.098,18.499,23.19,21.616
Spain,ESP,1985,21.968,0.768,19.788,23.627,22.488
Spain,ESP,1986,21.762,0.562,19.811,23.262,22.213
Spain,ESP,1987,21.959,0.759,19.733,22.548,23.596
Spain,ESP,1988,21.222,0.022,18.104,22.359,23.202
Spain,ESP,1989,23.042,1.842,20.455,24.665,24.005
Spain,ESP,1990,22.84,1.64,20.375,24.125,24.02
Spain,ESP,1991,22.801,1.601,20.17,23.6,24.632
Spain,ESP,1992,21.131,-0.069,16.808,23.18,23.404
Spain,ESP,1993,21.794,0.594,19.804,22.564,23.014
Spain,ESP,1994,23.117,1.917,20.5,24.668,24.182
Spain,ESP,1995,22.545,1.345,20.119,23.994,23.521
Spain,ESP,1996,22.0,0.8,20.971,23.057,21.972
Spain,ESP,1997,21.278,0.078,18.82,21.836,23.177
Spain,ESP,1998,22.752,1.552,20.539,23.608,24.108
Spain,ESP,1999,22.706,1.506,20.571,23.943,23.604
Spain,ESP,2000,22.288,1.088,21.127,22.568,23.168
Spain,ESP,2001,22.677,1.477,21.57,22.568,23.894
Spain,ESP,2002,21.86,0.66,20.95,22.642,21.989
Spain,ESP,2003,24.209,3.009,23.157,23.949,25.52
Spain,ESP,2004,23.012,1.812,22.259,23.416,23.36
Spain,ESP,2005,23.421,2.221,22.712,24.085,23.467
Spain,ESP,2006,23.269,2.069,21.547,25.307,22.954
Spain,ESP,2007,21.779,0.579,19.866,22.966,22.505
Spain,ESP,2008,22.151,0.951,20.196,22.908,23.35
Spain,ESP,2009,23.359,2.159,21.714,23.836,24.527
Spain,ESP,2010,22.928,1.728,19.838,24.76,24.186
Spain,ESP,2011,22.425,1.225,20.786,22.554,23.934
Spain,ESP,2012,23.14,1.94,21.79,23.12,24.511
Spain,ESP,2013,22.452,1.252,19.156,24.364,23.835
Spain,ESP,2014,22.065,0.865,20.529,22.577,23.089
Spain,ESP,2015,23.674,2.474,21.73,25.654,23.638
Spain,ESP,2016,23.34,2.14,20.962,24.629,24.429
Spain,ESP,2017,23.794,2.594,23.235,24.066,24.082
Spain,ESP,2018,22.812,1.612,20.255,23.44,24.741
Spain,ESP,2019,22.97,1.77,20.506,24.402,24.003
Spain,ESP,2020,23.126,1.926,20.257,25.133,23.989
Estonia,EST,1750,16.752,0.869,14.947,17.939,17.37
Estonia,EST,1751,15.639,-0.244,13.269,17.556,16.093
Estonia,EST,1752,17.144,1.26,14.507,19.581,17.343
Estonia,EST,1753,15.144,-0.739,13.677,16.329,15.427
Estonia,EST,1754,15.246,-0.638,15.44,16.074,14.223
Estonia,EST,1755,16.288,0.405,16.371,18.511,13.983
Estonia,EST,1756,15.616,-0.267,15.901,17.549,13.398
Estonia,EST,1757,18.512,2.629,17.406,20.914,17.217
Estonia,EST,1758,14.965,-0.918,14.034,16.287,14.574
Estonia,EST,1759,16.664,0.78,15.853,17.051,17.087
Estonia,EST,1760,15.343,-0.54,14.656,16.647,14.726
Estonia,EST,1761,17.562,1.679,17.057,18.215,17.415
Estonia,EST,1762,15.372,-0.511,15.978,15.914,14.225
Estonia,EST,1763,16.25,0.366,13.998,19.013,15.738
Estonia,EST,1764,15.321,-0.562,12.424,18.47,15.069
Estonia,EST,1765,15.126,-0.757,13.318,16.368,15.693
Estonia,EST,1766,16.176,0.292,15.407,17.679,15.441
Estonia,EST,1767,15.874,-0.009,14.566,15.534,17.522
Estonia,EST,1768,15.861,-0.023,14.547,17.522,15.513
Estonia,EST,1769,15.883,-0.001,15.732,16.434,15.482
Estonia,EST,1770,14.952,-0.932,13.85,15.317,15.688
Estonia,EST,1771,16.104,0.22,17.012,16.635,14.664
Estonia,EST,1772,15.612,-0.272,13.666,17.036,16.133
Estonia,EST,1773,16.688,0.804,14.849,18.153,17.061
Estonia,EST,1774,17.9,2.016,18.207,19.429,16.063
Estonia,EST,1775,17.843,1.96,15.526,19.249,18.755
Estonia,EST,1776,17.555,1.671,16.597,19.123,16.944
Estonia,EST,1777,15.228,-0.656,14.803,15.935,14.945
Estonia,EST,1778,16.102,0.219,14.99,18.011,15.305
Estonia,EST,1779,16.24,0.357,14.358,16.502,17.86
Estonia,EST,1780,15.688,-0.195,13.657,17.991,15.416
Estonia,EST,1781,16.846,0.963,14.947,16.835,18.757
Estonia,EST,1782,15.33,-0.553,14.182,15.93,15.879
Estonia,EST,1783,17.225,1.342,16.649,17.893,17.134
Estonia,EST,1784,15.716,-0.167,13.636,16.887,16.626
Estonia,EST,1785,15.314,-0.57,13.698,16.48,15.763
Estonia,EST,1786,16.079,0.196,14.479,16.934,16.824
Estonia,EST,1787,15.743,-0.141,16.127,16.242,14.859
Estonia,EST,1788,17.008,1.125,16.115,19.453,15.457
Estonia,EST,1789,18.236,2.353,16.331,20.136,18.241
Estonia,EST,1790,14.399,-1.484,14.192,14.793,14.213
Estonia,EST,1791,16.066,0.182,14.897,17.195,16.105
Estonia,EST,1792,16.593,0.71,15.375,19.214,15.191
Estonia,EST,1793,16.459,0.575,15.08,18.329,15.967
Estonia,EST,1794,16.279,0.396,15.962,17.56,15.315
Estonia,EST,1795,15.627,-0.256,15.064,16.737,15.081
Estonia,EST,1796,16.831,0.948,16.114,17.654,16.726
Estonia,EST,1797,16.413,0.53,16.096,17.213,15.93
Estonia,EST,1798,17.395,1.511,15.501,18.756,17.927
Estonia,EST,1799,15.829,-0.055,15.06,17.131,15.295
Estonia,EST,1800,14.453,-1.43,13.115,14.873,15.372
Estonia,EST,1801,15.028,-0.855,13.471,18.044,13.57
Estonia,EST,1802,15.41,-0.473,13.436,16.184,16.611
Estonia,EST,1803,16.368,0.485,14.176,17.652,17.276
Estonia,EST,1804,16.486,0.602,14.366,18.961,16.13
Estonia,EST,1805,15.88,-0.003,13.046,17.739,16.855
Estonia,EST,1806,14.719,-1.164,12.034,14.876,17.247
Estonia,EST,1807,16.521,0.638,14.112,16.986,18.465
Estonia,EST,1808,16.298,0.414,15.303,17.064,16.526
Estonia,EST,1809,16.364,0.481,14.854,17.021,17.217
Estonia,EST,1810,14.828,-1.056,12.309,16.355,15.819
Estonia,EST,1811,16.913,1.029,16.881,17.919,15.938
Estonia,EST,1812,15.864,-0.02,13.716,16.322,17.553
Estonia,EST,1813,15.455,-0.429,12.646,18.299,15.419
Estonia,EST,1814,16.471,0.588,13.946,19.144,16.324
Estonia,EST,1815,14.587,-1.296,12.996,14.393,16.372
Estonia,EST,1816,15.552,-0.332,14.748,17.509,14.398
Estonia,EST,1817,15.916,0.033,13.865,17.466,16.418
Estonia,EST,1818,15.373,-0.51,13.37,18.831,13.919
Estonia,EST,1819,17.606,1.723,16.752,18.167,17.899
Estonia,EST,1820,15.425,-0.458,14.362,16.125,15.789
Estonia,EST,1821,13.136,-2.748,11.26,14.469,13.678
Estonia,EST,1822,15.213,-0.67,13.102,16.872,15.665
Estonia,EST,1823,16.348,0.465,15.762,16.602,16.681
Estonia,EST,1824,14.78,-1.103,13.601,15.529,15.211
Estonia,EST,1825,14.892,-0.991,14.336,15.166,15.175
Estonia,EST,1826,18.082,2.199,16.638,20.001,17.607
Estonia,EST,1827,15.928,0.044,16.511,16.079,15.193
Estonia,EST,1828,16.751,0.868,15.713,18.298,16.243
Estonia,EST,1829,16.313,0.43,15.275,18.342,15.322
Estonia,EST,1830,15.615,-0.269,14.34,16.844,15.66
Estonia,EST,1831,16.742,0.858,16.591,18.323,15.311
Estonia,EST,1832,14.136,-1.747,13.921,13.857,14.631
Estonia,EST,1833,15.141,-0.743,15.702,16.77,12.95
Estonia,EST,1834,17.458,1.575,14.619,18.355,19.401
Estonia,EST,1835,14.977,-0.907,15.696,15.974,13.26
Estonia,EST,1836,13.875,-2.008,13.215,14.755,13.655
Estonia,EST,1837,15.005,-0.878,13.95,14.92,16.145
Estonia,EST,1838,15.0,-0.883,13.972,16.69,14.339
Estonia,EST,1839,16.497,0.614,14.616,18.392,16.483
Estonia,EST,1840,14.695,-1.189,14.065,15.17,14.849
Estonia,EST,1841,15.582,-0.301,15.33,15.485,15.931
Estonia,EST,1842,15.585,-0.299,13.968,15.569,17.217
Estonia,EST,1843,16.455,0.571,14.917,16.603,17.844
Estonia,EST,1844,14.11,-1.774,12.262,14.389,15.678
Estonia,EST,1845,15.684,-0.2,13.702,17.355,15.994
Estonia,EST,1846,17.17,1.286,13.252,18.058,20.199
Estonia,EST,1847,16.216,0.332,15.118,15.581,17.948
Estonia,EST,1848,15.062,-0.822,14.841,15.636,14.708
Estonia,EST,1849,14.379,-1.504,12.228,15.412,15.497
Estonia,EST,1850,16.442,0.558,15.096,17.032,17.197
Estonia,EST,1851,15.121,-0.762,14.068,16.434,14.861
Estonia,EST,1852,16.172,0.289,16.001,16.449,16.066
Estonia,EST,1853,15.999,0.116,15.906,17.456,14.635
Estonia,EST,1854,17.207,1.324,15.295,18.586,17.741
Estonia,EST,1855,16.796,0.913,15.681,19.582,15.125
Estonia,EST,1856,14.071,-1.813,13.78,15.832,12.6
Estonia,EST,1857,15.259,-0.624,13.232,15.606,16.939
Estonia,EST,1858,17.603,1.72,15.138,19.543,18.128
Estonia,EST,1859,16.159,0.275,16.224,16.471,15.781
Estonia,EST,1860,16.463,0.58,15.756,17.617,16.017
Estonia,EST,1861,17.035,1.151,15.873,19.434,15.797
Estonia,EST,1862,13.731,-2.152,13.266,14.323,13.604
Estonia,EST,1863,14.839,-1.045,14.424,14.68,15.412
Estonia,EST,1864,15.563,-0.321,15.85,17.585,13.253
Estonia,EST,1865,14.613,-1.27,11.285,18.905,13.65
Estonia,EST,1866,15.871,-0.013,16.143,15.48,15.989
Estonia,EST,1867,14.562,-1.321,13.071,15.66,14.955
Estonia,EST,1868,17.37,1.486,14.567,18.56,18.982
Estonia,EST,1869,15.121,-0.762,13.127,16.316,15.92
Estonia,EST,1870,15.354,-0.53,14.244,17.259,14.558
Estonia,EST,1871,15.087,-0.796,12.538,17.527,15.196
Estonia,EST,1872,16.421,0.537,16.645,17.07,15.547
Estonia,EST,1873,16.314,0.431,15.669,17.915,15.359
Estonia,EST,1874,14.907,-0.976,13.519,16.588,14.615
Estonia,EST,1875,15.904,0.021,15.021,17.462,15.23
Estonia,EST,1876,16.893,1.009,17.624,17.44,15.614
Estonia,EST,1877,14.734,-1.149,13.65,16.092,14.461
Estonia,EST,1878,14.856,-1.027,14.713,14.552,15.304
Estonia,EST,1879,15.544,-0.339,14.731,15.573,16.328
Estonia,EST,1880,16.031,0.148,13.972,17.053,17.068
Estonia,EST,1881,14.574,-1.309,13.937,15.726,14.06
Estonia,EST,1882,16.705,0.822,14.556,17.785,17.774
Estonia,EST,1883,15.994,0.111,16.516,16.646,14.821
Estonia,EST,1884,15.24,-0.644,14.469,17.099,14.151
Estonia,EST,1885,15.618,-0.265,13.556,18.8,14.498
Estonia,EST,1886,16.07,0.187,15.126,16.774,16.31
Estonia,EST,1887,14.825,-1.059,13.003,16.707,14.764
Estonia,EST,1888,14.252,-1.632,12.688,15.278,14.789
Estonia,EST,1889,15.689,-0.194,16.421,16.076,14.571
Estonia,EST,1890,15.465,-0.418,14.258,15.969,16.169
Estonia,EST,1891,15.116,-0.767,13.282,17.8,14.267
Estonia,EST,1892,14.168,-1.715,12.492,14.974,15.038
Estonia,EST,1893,15.246,-0.638,14.142,16.343,15.252
Estonia,EST,1894,15.506,-0.378,13.922,16.826,15.769
Estonia,EST,1895,15.936,0.052,15.885,16.4,15.522
Estonia,EST,1896,17.378,1.495,17.745,18.97,15.419
Estonia,EST,1897,16.73,0.847,15.168,17.716,17.307
Estonia,EST,1898,15.816,-0.067,15.293,15.949,16.206
Estonia,EST,1899,14.522,-1.362,11.216,19.062,13.287
Estonia,EST,1900,15.717,-0.167,14.095,16.255,16.8
Estonia,EST,1901,17.85,1.967,16.375,19.465,17.71
Estonia,EST,1902,13.389,-2.495,12.579,14.12,13.467
Estonia,EST,1903,15.391,-0.493,15.75,16.136,14.286
Estonia,EST,1904,13.632,-2.252,12.256,14.36,14.279
Estonia,EST,1905,16.224,0.341,16.748,16.822,15.102
Estonia,EST,1906,15.876,-0.007,15.172,17.891,14.566
Estonia,EST,1907,14.574,-1.309,13.962,16.458,13.302
Estonia,EST,1908,15.13,-0.754,13.692,16.112,15.585
Estonia,EST,1909,14.751,-1.133,13.907,15.403,14.942
Estonia,EST,1910,15.332,-0.551,15.37,16.568,14.058
Estonia,EST,1911,15.194,-0.689,13.275,15.336,16.972
Estonia,EST,1912,16.586,0.703,15.228,17.543,16.987
Estonia,EST,1913,16.091,0.207,13.734,17.856,16.682
Estonia,EST,1914,16.991,1.108,15.539,21.087,14.347
Estonia,EST,1915,15.049,-0.834,12.518,17.527,15.102
Estonia,EST,1916,14.913,-0.97,13.239,18.105,13.395
Estonia,EST,1917,17.142,1.259,17.281,15.86,18.286
Estonia,EST,1918,14.579,-1.304,12.291,17.288,14.158
Estonia,EST,1919,15.602,-0.281,14.549,18.198,14.059
Estonia,EST,1920,16.079,0.196,13.868,18.444,15.925
Estonia,EST,1921,14.889,-0.994,14.464,14.695,15.508
Estonia,EST,1922,15.231,-0.652,14.11,16.619,14.964
Estonia,EST,1923,13.736,-2.147,10.902,16.508,13.798
Estonia,EST,1924,15.756,-0.128,14.04,16.527,16.7
Estonia,EST,1925,16.058,0.174,13.476,19.187,15.51
Estonia,EST,1926,15.86,-0.023,15.261,17.312,15.007
Estonia,EST,1927,17.236,1.352,13.302,20.383,18.022
Estonia,EST,1928,13.325,-2.559,11.027,14.374,14.573
Estonia,EST,1929,14.736,-1.148,12.685,15.844,15.678
Estonia,EST,1930,16.406,0.522,15.07,17.504,16.643
Estonia,EST,1931,15.375,-0.508,12.392,17.617,16.117
Estonia,EST,1932,16.627,0.744,13.184,19.537,17.161
Estonia,EST,1933,15.947,0.064,15.122,17.929,14.791
Estonia,EST,1934,16.472,0.589,14.318,18.142,16.956
Estonia,EST,1935,15.829,-0.054,15.757,15.98,15.751
Estonia,EST,1936,18.077,2.194,18.219,19.574,16.439
Estonia,EST,1937,17.699,1.816,16.985,17.756,18.356
Estonia,EST,1938,17.38,1.496,14.165,19.242,18.732
Estonia,EST,1939,17.83,1.946,15.441,18.338,19.71
Estonia,EST,1940,16.229,0.346,14.979,18.285,15.424
Estonia,EST,1941,16.426,0.543,12.771,20.145,16.363
Estonia,EST,1942,15.235,-0.649,12.958,15.998,16.748
Estonia,EST,1943,15.966,0.082,15.676,16.43,15.791
Estonia,EST,1944,16.284,0.401,13.327,18.367,17.158
Estonia,EST,1945,16.829,0.946,13.922,19.05,17.515
Estonia,EST,1946,16.575,0.692,15.277,18.155,16.293
Estonia,EST,1947,16.851,0.968,16.339,17.703,16.511
Estonia,EST,1948,16.075,0.191,15.735,16.737,15.752
Estonia,EST,1949,15.187,-0.697,14.094,16.639,14.827
Estonia,EST,1950,15.261,-0.623,14.446,15.609,15.727
Estonia,EST,1951,16.02,0.137,14.345,15.852,17.863
Estonia,EST,1952,15.113,-0.77,13.64,16.439,15.261
Estonia,EST,1953,16.787,0.904,16.992,17.511,15.858
Estonia,EST,1954,16.127,0.243,15.149,17.196,16.035
Estonia,EST,1955,16.027,0.144,12.469,17.584,18.028
Estonia,EST,1956,15.335,-0.548,16.968,15.409,13.629
Estonia,EST,1957,15.755,-0.128,13.467,17.898,15.901
Estonia,EST,1958,14.827,-1.056,13.619,15.989,14.873
Estonia,EST,1959,17.207,1.323,15.571,18.519,17.53
Estonia,EST,1960,16.741,0.858,16.084,18.238,15.902
Estonia,EST,1961,16.124,0.241,17.244,16.266,14.862
Estonia,EST,1962,13.87,-2.014,12.294,15.313,14.002
Estonia,EST,1963,16.276,0.393,14.018,17.541,17.27
Estonia,EST,1964,15.877,-0.006,15.848,16.827,14.956
Estonia,EST,1965,14.798,-1.085,14.949,14.59,14.856
Estonia,EST,1966,16.412,0.528,16.634,17.633,14.968
Estonia,EST,1967,15.553,-0.331,13.832,16.653,16.173
Estonia,EST,1968,16.115,0.232,16.225,15.005,17.116
Estonia,EST,1969,15.854,-0.029,14.891,16.879,15.792
Estonia,EST,1970,16.177,0.293,15.796,16.877,15.857
Estonia,EST,1971,15.808,-0.076,14.134,16.706,16.583
Estonia,EST,1972,18.176,2.293,16.819,19.947,17.762
Estonia,EST,1973,17.128,1.245,16.631,19.194,15.559
Estonia,EST,1974,15.471,-0.412,14.627,16.376,15.41
Estonia,EST,1975,16.164,0.28,13.936,17.718,16.837
Estonia,EST,1976,14.648,-1.236,12.685,16.265,14.993
Estonia,EST,1977,15.111,-0.772,14.981,15.416,14.937
Estonia,EST,1978,14.846,-1.037,14.078,15.57,14.891
Estonia,EST,1979,15.901,0.017,16.08,15.021,16.601
Estonia,EST,1980,16.252,0.369,16.894,16.667,15.196
Estonia,EST,1981,15.769,-0.114,14.755,17.373,15.179
Estonia,EST,1982,15.16,-0.724,12.245,16.951,16.283
Estonia,EST,1983,16.061,0.177,14.169,17.635,16.378
Estonia,EST,1984,15.347,-0.536,14.403,15.792,15.847
Estonia,EST,1985,15.773,-0.111,14.021,16.005,17.292
Estonia,EST,1986,16.274,0.391,16.567,17.21,15.045
Estonia,EST,1987,14.274,-1.609,13.707,15.465,13.65
Estonia,EST,1988,17.431,1.548,17.309,19.679,15.306
Estonia,EST,1989,16.526,0.643,16.396,17.605,15.577
Estonia,EST,1990,15.581,-0.303,14.508,16.107,16.127
Estonia,EST,1991,16.104,0.221,13.626,17.393,17.294
Estonia,EST,1992,16.58,0.696,15.816,17.364,16.559
Estonia,EST,1993,14.528,-1.356,12.719,16.3,14.564
Estonia,EST,1994,16.265,0.382,13.365,19.145,16.286
Estonia,EST,1995,16.837,0.954,17.975,16.287,16.249
Estonia,EST,1996,15.752,-0.131,14.046,15.438,17.772
Estonia,EST,1997,17.788,1.905,16.065,18.598,18.702
Estonia,EST,1998,15.513,-0.37,15.599,16.483,14.457
Estonia,EST,1999,17.698,1.815,18.524,18.964,15.607
Estonia,EST,2000,15.72,-0.164,14.486,16.84,15.833
Estonia,EST,2001,17.293,1.409,14.441,20.768,16.669
Estonia,EST,2002,18.1,2.217,16.239,19.32,18.742
Estonia,EST,2003,16.732,0.849,13.604,20.233,16.359
Estonia,EST,2004,16.101,0.218,13.666,17.087,17.551
Estonia,EST,2005,16.662,0.779,14.463,18.653,16.87
Estonia,EST,2006,17.683,1.8,16.172,18.898,17.98
Estonia,EST,2007,17.256,1.373,16.07,17.364,18.335
Estonia,EST,2008,16.007,0.124,14.797,16.98,16.245
Estonia,EST,2009,16.005,0.121,14.331,17.392,16.291
Estonia,EST,2010,18.607,2.724,14.907,22.21,18.704
Estonia,EST,2011,18.458,2.575,17.436,20.819,17.12
Estonia,EST,2012,15.975,0.091,13.746,18.37,15.808
Estonia,EST,2013,17.821,1.938,18.037,18.07,17.356
Estonia,EST,2014,17.182,1.299,14.007,19.902,17.638
Estonia,EST,2015,15.983,0.099,14.329,16.488,17.131
Estonia,EST,2016,17.031,1.148,16.104,18.379,16.611
Estonia,EST,2017,15.517,-0.367,13.867,15.976,16.707
Estonia,EST,2018,18.2,2.316,15.502,20.471,18.626
Estonia,EST,2019,17.092,1.209,17.982,16.65,16.645
Estonia,EST,2020,17.254,1.371,18.184,16.59,16.988
Finland,FIN,1750,14.259,0.649,12.199,15.86,14.718
Finland,FIN,1751,13.197,-0.413,10.667,15.608,13.316
Finland,FIN,1752,14.614,1.004,11.842,17.476,14.525
Finland,FIN,1753,12.802,-0.808,11.172,14.362,12.872
Finland,FIN,1754,12.947,-0.663,12.849,14.422,11.571
Finland,FIN,1755,13.74,0.13,13.448,16.457,11.316
Finland,FIN,1756,12.983,-0.627,12.928,15.219,10.802
Finland,FIN,1757,16.103,2.493,14.814,18.55,14.944
Finland,FIN,1758,12.283,-1.327,11.125,14.276,11.447
Finland,FIN,1759,13.866,0.256,13.039,14.298,14.262
Finland,FIN,1760,12.539,-1.071,11.532,14.143,11.942
Finland,FIN,1761,15.21,1.6,14.545,16.376,14.708
Finland,FIN,1762,12.577,-1.033,12.628,13.535,11.569
Finland,FIN,1763,13.937,0.327,11.906,17.081,12.824
Finland,FIN,1764,12.416,-1.194,9.233,15.832,12.182
Finland,FIN,1765,11.925,-1.685,9.762,13.964,12.05
Finland,FIN,1766,14.504,0.894,13.574,17.036,12.901
Finland,FIN,1767,13.4,-0.21,11.886,13.488,14.825
Finland,FIN,1768,13.742,0.132,12.322,15.805,13.1
Finland,FIN,1769,13.684,0.074,13.237,14.712,13.102
Finland,FIN,1770,13.169,-0.441,11.952,14.479,13.075
Finland,FIN,1771,14.022,0.412,14.994,14.536,12.536
Finland,FIN,1772,13.217,-0.393,11.053,15.081,13.517
Finland,FIN,1773,14.111,0.501,12.001,15.92,14.413
Finland,FIN,1774,15.137,1.527,14.869,17.08,13.463
Finland,FIN,1775,14.925,1.315,12.431,16.83,15.514
Finland,FIN,1776,15.142,1.532,13.759,16.926,14.742
Finland,FIN,1777,12.801,-0.809,11.914,14.09,12.398
Finland,FIN,1778,13.307,-0.303,11.753,15.982,12.185
Finland,FIN,1779,13.956,0.346,11.907,14.976,14.984
Finland,FIN,1780,13.275,-0.335,11.039,15.978,12.807
Finland,FIN,1781,13.461,-0.149,11.569,14.235,14.578
Finland,FIN,1782,13.935,0.325,12.317,14.506,14.982
Finland,FIN,1783,14.039,0.429,12.724,16.164,13.229
Finland,FIN,1784,12.563,-1.047,10.789,14.364,12.535
Finland,FIN,1785,14.023,0.413,12.514,15.981,13.573
Finland,FIN,1786,14.407,0.797,12.464,15.346,15.412
Finland,FIN,1787,13.587,-0.023,13.854,14.671,12.235
Finland,FIN,1788,14.788,1.178,13.354,17.487,13.522
Finland,FIN,1789,15.859,2.249,14.258,17.856,15.464
Finland,FIN,1790,12.115,-1.495,11.453,12.942,11.951
Finland,FIN,1791,13.782,0.172,12.071,15.733,13.543
Finland,FIN,1792,14.131,0.521,13.212,16.969,12.211
Finland,FIN,1793,13.749,0.139,12.786,15.219,13.242
Finland,FIN,1794,13.599,-0.011,12.518,14.984,13.295
Finland,FIN,1795,13.217,-0.393,11.862,14.979,12.811
Finland,FIN,1796,14.362,0.752,13.133,15.853,14.099
Finland,FIN,1797,13.535,-0.075,12.615,14.767,13.222
Finland,FIN,1798,14.65,1.04,12.584,16.66,14.707
Finland,FIN,1799,13.549,-0.061,12.408,15.444,12.794
Finland,FIN,1800,11.754,-1.856,10.213,13.185,11.863
Finland,FIN,1801,12.43,-1.18,11.007,15.528,10.755
Finland,FIN,1802,12.513,-1.097,11.273,13.378,12.888
Finland,FIN,1803,13.99,0.38,12.01,15.412,14.548
Finland,FIN,1804,14.292,0.682,11.976,17.284,13.615
Finland,FIN,1805,13.716,0.106,10.459,15.701,14.987
Finland,FIN,1806,12.854,-0.756,10.392,13.405,14.766
Finland,FIN,1807,13.984,0.374,11.703,15.35,14.898
Finland,FIN,1808,13.976,0.366,13.11,15.491,13.328
Finland,FIN,1809,13.999,0.389,12.639,14.771,14.588
Finland,FIN,1810,12.409,-1.201,10.678,13.563,12.987
Finland,FIN,1811,13.772,0.162,13.487,15.199,12.631
Finland,FIN,1812,12.744,-0.866,10.187,13.681,14.364
Finland,FIN,1813,13.43,-0.18,10.245,16.884,13.16
Finland,FIN,1814,13.944,0.334,12.244,16.026,13.561
Finland,FIN,1815,12.278,-1.332,9.931,12.816,14.088
Finland,FIN,1816,13.312,-0.298,12.046,15.639,12.25
Finland,FIN,1817,13.042,-0.568,10.889,15.562,12.674
Finland,FIN,1818,13.021,-0.589,11.867,16.637,10.559
Finland,FIN,1819,15.797,2.187,14.69,17.295,15.407
Finland,FIN,1820,14.005,0.395,13.576,15.445,12.994
Finland,FIN,1821,11.185,-2.425,8.861,13.149,11.544
Finland,FIN,1822,13.081,-0.529,11.108,14.066,14.069
Finland,FIN,1823,13.933,0.323,13.018,15.182,13.598
Finland,FIN,1824,12.793,-0.817,12.066,14.093,12.219
Finland,FIN,1825,12.728,-0.882,12.232,13.351,12.601
Finland,FIN,1826,15.93,2.32,14.316,18.423,15.052
Finland,FIN,1827,13.269,-0.341,13.793,13.66,12.354
Finland,FIN,1828,14.19,0.58,13.616,15.645,13.308
Finland,FIN,1829,13.618,0.008,12.658,16.331,11.865
Finland,FIN,1830,13.101,-0.509,12.105,15.06,12.138
Finland,FIN,1831,14.867,1.257,14.571,16.511,13.519
Finland,FIN,1832,12.318,-1.292,12.38,12.834,11.741
Finland,FIN,1833,12.668,-0.942,13.015,14.536,10.454
Finland,FIN,1834,14.355,0.745,11.489,16.062,15.515
Finland,FIN,1835,12.214,-1.396,12.258,13.65,10.734
Finland,FIN,1836,11.432,-2.178,10.118,12.909,11.269
Finland,FIN,1837,12.243,-1.367,11.276,12.226,13.227
Finland,FIN,1838,12.465,-1.145,10.818,14.75,11.828
Finland,FIN,1839,13.612,0.002,11.622,16.446,12.767
Finland,FIN,1840,12.717,-0.893,11.649,13.535,12.967
Finland,FIN,1841,13.09,-0.52,12.427,13.382,13.461
Finland,FIN,1842,13.832,0.222,11.791,14.819,14.885
Finland,FIN,1843,13.722,0.112,11.509,15.032,14.626
Finland,FIN,1844,12.874,-0.736,10.785,13.711,14.126
Finland,FIN,1845,13.385,-0.225,11.451,14.903,13.801
Finland,FIN,1846,14.783,1.173,11.338,16.161,16.849
Finland,FIN,1847,14.044,0.434,12.945,14.224,14.962
Finland,FIN,1848,12.492,-1.118,11.494,13.339,12.642
Finland,FIN,1849,12.586,-1.024,9.789,14.872,13.098
Finland,FIN,1850,13.596,-0.014,11.6,15.227,13.962
Finland,FIN,1851,13.289,-0.321,12.311,15.673,11.884
Finland,FIN,1852,14.082,0.472,13.651,14.637,13.958
Finland,FIN,1853,14.281,0.671,13.873,16.334,12.635
Finland,FIN,1854,15.019,1.409,13.827,16.281,14.95
Finland,FIN,1855,13.768,0.158,12.421,16.539,12.345
Finland,FIN,1856,11.549,-2.061,10.879,13.863,9.905
Finland,FIN,1857,12.304,-1.306,9.797,13.331,13.784
Finland,FIN,1858,14.691,1.081,12.396,17.279,14.399
Finland,FIN,1859,13.166,-0.444,13.398,13.898,12.202
Finland,FIN,1860,14.027,0.417,13.129,15.165,13.787
Finland,FIN,1861,15.033,1.423,13.434,17.706,13.96
Finland,FIN,1862,11.292,-2.318,10.84,12.575,10.462
Finland,FIN,1863,12.66,-0.95,12.95,13.195,11.835
Finland,FIN,1864,12.798,-0.812,12.226,15.455,10.713
Finland,FIN,1865,12.094,-1.516,9.468,15.972,10.843
Finland,FIN,1866,13.368,-0.242,12.568,13.427,14.108
Finland,FIN,1867,11.918,-1.692,9.711,13.615,12.427
Finland,FIN,1868,14.509,0.899,12.109,15.776,15.641
Finland,FIN,1869,13.098,-0.512,11.678,14.973,12.643
Finland,FIN,1870,13.54,-0.07,12.951,15.477,12.193
Finland,FIN,1871,12.399,-1.211,9.499,15.376,12.321
Finland,FIN,1872,13.934,0.324,13.916,15.403,12.484
Finland,FIN,1873,14.242,0.632,13.532,15.978,13.215
Finland,FIN,1874,12.207,-1.403,10.31,14.029,12.281
Finland,FIN,1875,12.988,-0.622,11.614,15.367,11.984
Finland,FIN,1876,14.481,0.871,14.517,15.901,13.026
Finland,FIN,1877,12.001,-1.609,10.449,14.599,10.954
Finland,FIN,1878,12.569,-1.041,12.714,12.949,12.044
Finland,FIN,1879,13.191,-0.419,10.813,14.155,14.604
Finland,FIN,1880,13.146,-0.464,10.861,13.949,14.627
Finland,FIN,1881,12.336,-1.274,10.711,13.896,12.401
Finland,FIN,1882,14.076,0.466,11.235,15.21,15.782
Finland,FIN,1883,13.667,0.057,14.889,14.115,11.996
Finland,FIN,1884,12.695,-0.915,11.783,14.403,11.899
Finland,FIN,1885,12.662,-0.948,10.002,15.828,12.157
Finland,FIN,1886,14.114,0.504,12.813,15.756,13.774
Finland,FIN,1887,12.738,-0.872,11.038,14.604,12.571
Finland,FIN,1888,12.155,-1.455,10.405,13.655,12.406
Finland,FIN,1889,13.495,-0.115,13.996,13.804,12.684
Finland,FIN,1890,13.184,-0.426,12.288,14.017,13.246
Finland,FIN,1891,12.09,-1.52,9.572,15.405,11.293
Finland,FIN,1892,11.253,-2.357,9.408,12.925,11.427
Finland,FIN,1893,12.456,-1.154,11.562,13.763,12.044
Finland,FIN,1894,14.35,0.74,14.332,14.915,13.803
Finland,FIN,1895,13.207,-0.403,13.603,13.689,12.328
Finland,FIN,1896,14.452,0.842,13.597,17.096,12.662
Finland,FIN,1897,13.472,-0.138,11.699,15.409,13.307
Finland,FIN,1898,13.589,-0.021,12.461,14.908,13.398
Finland,FIN,1899,12.118,-1.492,9.559,16.612,10.183
Finland,FIN,1900,12.268,-1.342,11.199,12.333,13.272
Finland,FIN,1901,15.221,1.611,14.096,17.372,14.195
Finland,FIN,1902,10.828,-2.782,9.012,12.06,11.411
Finland,FIN,1903,12.549,-1.061,12.159,13.032,12.455
Finland,FIN,1904,11.705,-1.905,10.843,12.525,11.748
Finland,FIN,1905,13.475,-0.135,13.439,14.768,12.219
Finland,FIN,1906,13.314,-0.296,12.826,15.961,11.156
Finland,FIN,1907,12.67,-0.94,12.74,14.31,10.96
Finland,FIN,1908,12.829,-0.781,10.973,14.16,13.354
Finland,FIN,1909,12.848,-0.762,11.184,14.627,12.733
Finland,FIN,1910,12.176,-1.434,11.628,13.705,11.194
Finland,FIN,1911,12.901,-0.709,10.766,13.635,14.302
Finland,FIN,1912,13.72,0.11,12.541,14.841,13.777
Finland,FIN,1913,13.653,0.043,11.054,16.365,13.54
Finland,FIN,1914,13.99,0.38,13.038,17.486,11.445
Finland,FIN,1915,12.621,-0.989,9.302,16.483,12.078
Finland,FIN,1916,12.957,-0.653,10.995,17.076,10.801
Finland,FIN,1917,14.619,1.009,14.193,13.747,15.917
Finland,FIN,1918,12.222,-1.388,10.693,15.345,10.628
Finland,FIN,1919,13.937,0.327,13.245,16.682,11.883
Finland,FIN,1920,13.747,0.137,12.229,15.974,13.039
Finland,FIN,1921,12.857,-0.753,12.569,12.744,13.258
Finland,FIN,1922,13.526,-0.084,13.014,15.063,12.502
Finland,FIN,1923,11.398,-2.212,8.609,14.757,10.829
Finland,FIN,1924,13.565,-0.045,9.927,15.878,14.89
Finland,FIN,1925,14.278,0.668,11.411,18.351,13.072
Finland,FIN,1926,13.259,-0.351,12.033,14.577,13.168
Finland,FIN,1927,14.792,1.182,11.412,18.091,14.874
Finland,FIN,1928,11.409,-2.201,9.401,12.385,12.44
Finland,FIN,1929,12.132,-1.478,11.015,13.139,12.242
Finland,FIN,1930,14.486,0.876,12.62,16.205,14.633
Finland,FIN,1931,12.823,-0.787,8.821,16.203,13.446
Finland,FIN,1932,13.495,-0.115,10.208,16.392,13.884
Finland,FIN,1933,14.035,0.425,13.524,16.148,12.433
Finland,FIN,1934,14.172,0.562,11.503,16.639,14.375
Finland,FIN,1935,13.044,-0.566,12.412,14.386,12.335
Finland,FIN,1936,15.368,1.758,15.914,16.043,14.146
Finland,FIN,1937,15.98,2.37,14.816,16.61,16.514
Finland,FIN,1938,15.086,1.476,12.058,17.944,15.256
Finland,FIN,1939,14.683,1.073,12.412,15.579,16.057
Finland,FIN,1940,13.862,0.252,13.005,15.27,13.31
Finland,FIN,1941,14.071,0.461,10.553,18.532,13.128
Finland,FIN,1942,13.136,-0.474,11.442,14.563,13.404
Finland,FIN,1943,13.981,0.371,13.56,15.555,12.829
Finland,FIN,1944,13.211,-0.399,10.669,15.256,13.708
Finland,FIN,1945,14.37,0.76,11.223,16.612,15.275
Finland,FIN,1946,14.16,0.55,12.704,16.393,13.384
Finland,FIN,1947,14.85,1.24,14.555,16.079,13.916
Finland,FIN,1948,13.266,-0.344,13.002,15.13,11.667
Finland,FIN,1949,12.297,-1.313,10.864,13.833,12.193
Finland,FIN,1950,13.667,0.057,12.866,13.814,14.32
Finland,FIN,1951,13.323,-0.287,10.899,13.173,15.897
Finland,FIN,1952,12.775,-0.835,12.271,14.624,11.429
Finland,FIN,1953,14.764,1.154,15.96,14.697,13.636
Finland,FIN,1954,13.774,0.164,11.703,16.279,13.341
Finland,FIN,1955,13.437,-0.173,9.747,15.438,15.126
Finland,FIN,1956,12.846,-0.764,13.574,13.837,11.128
Finland,FIN,1957,13.615,0.005,10.265,16.909,13.672
Finland,FIN,1958,12.808,-0.802,11.5,13.527,13.398
Finland,FIN,1959,14.251,0.641,12.981,15.4,14.373
Finland,FIN,1960,15.168,1.558,13.757,17.745,14.003
Finland,FIN,1961,14.517,0.907,14.884,15.717,12.951
Finland,FIN,1962,11.422,-2.188,10.325,12.79,11.151
Finland,FIN,1963,13.126,-0.484,11.076,14.238,14.063
Finland,FIN,1964,13.022,-0.588,11.651,14.628,12.788
Finland,FIN,1965,12.489,-1.121,12.339,12.825,12.304
Finland,FIN,1966,14.009,0.399,14.23,15.518,12.279
Finland,FIN,1967,13.846,0.236,11.654,14.749,15.134
Finland,FIN,1968,13.176,-0.434,13.554,12.898,13.077
Finland,FIN,1969,13.819,0.209,12.339,14.697,14.422
Finland,FIN,1970,14.699,1.089,14.522,15.905,13.669
Finland,FIN,1971,13.196,-0.414,11.771,14.338,13.479
Finland,FIN,1972,15.94,2.33,14.866,18.26,14.695
Finland,FIN,1973,15.006,1.396,14.2,18.179,12.638
Finland,FIN,1974,14.146,0.536,13.341,15.611,13.485
Finland,FIN,1975,12.675,-0.935,11.029,14.528,12.467
Finland,FIN,1976,12.385,-1.225,10.363,13.812,12.979
Finland,FIN,1977,12.731,-0.879,11.732,14.247,12.214
Finland,FIN,1978,12.719,-0.891,12.297,14.048,11.812
Finland,FIN,1979,14.148,0.538,13.47,14.853,14.12
Finland,FIN,1980,14.467,0.857,15.404,15.028,12.969
Finland,FIN,1981,12.92,-0.69,10.898,15.664,12.197
Finland,FIN,1982,12.452,-1.158,8.832,15.316,13.208
Finland,FIN,1983,13.374,-0.236,12.01,15.695,12.416
Finland,FIN,1984,13.069,-0.541,12.473,14.316,12.419
Finland,FIN,1985,13.688,0.078,12.173,14.697,14.195
Finland,FIN,1986,13.849,0.239,15.011,15.249,11.286
Finland,FIN,1987,11.84,-1.77,11.664,13.33,10.525
Finland,FIN,1988,15.182,1.572,14.451,18.017,13.078
Finland,FIN,1989,14.265,0.655,14.287,15.076,13.433
Finland,FIN,1990,13.575,-0.035,12.056,14.746,13.923
Finland,FIN,1991,13.911,0.301,11.706,15.449,14.578
Finland,FIN,1992,13.266,-0.344,13.982,13.805,12.012
Finland,FIN,1993,12.362,-1.248,9.687,14.971,12.428
Finland,FIN,1994,14.005,0.395,11.786,16.485,13.743
Finland,FIN,1995,13.914,0.304,14.813,13.631,13.299
Finland,FIN,1996,13.564,-0.046,11.638,13.545,15.509
Finland,FIN,1997,15.421,1.811,13.769,17.052,15.443
Finland,FIN,1998,13.223,-0.387,11.916,15.597,12.157
Finland,FIN,1999,14.542,0.932,15.687,15.998,11.942
Finland,FIN,2000,13.938,0.328,12.545,15.94,13.33
Finland,FIN,2001,14.671,1.061,13.411,17.032,13.571
Finland,FIN,2002,15.754,2.144,14.441,17.201,15.621
Finland,FIN,2003,14.612,1.002,11.177,18.803,13.855
Finland,FIN,2004,13.893,0.283,11.492,16.117,14.071
Finland,FIN,2005,14.944,1.334,13.074,17.015,14.743
Finland,FIN,2006,15.236,1.626,13.922,15.723,16.063
Finland,FIN,2007,14.384,0.774,12.838,15.329,14.985
Finland,FIN,2008,12.937,-0.673,12.094,14.666,12.052
Finland,FIN,2009,13.818,0.208,12.078,14.946,14.43
Finland,FIN,2010,14.864,1.254,11.831,18.68,14.081
Finland,FIN,2011,15.661,2.051,14.948,17.889,14.145
Finland,FIN,2012,13.56,-0.05,11.75,15.6,13.331
Finland,FIN,2013,15.368,1.758,15.653,15.52,14.931
Finland,FIN,2014,15.023,1.413,11.561,18.284,15.223
Finland,FIN,2015,13.338,-0.272,11.487,13.697,14.829
Finland,FIN,2016,14.531,0.921,13.08,16.814,13.7
Finland,FIN,2017,13.149,-0.461,11.299,14.68,13.467
Finland,FIN,2018,15.647,2.037,12.206,19.341,15.393
Finland,FIN,2019,14.08,0.47,13.997,14.438,13.806
Finland,FIN,2020,15.008,1.398,15.894,14.908,14.222
France,FRA,1750,17.987,0.363,16.402,19.136,18.422
France,FRA,1751,17.879,0.255,15.999,18.936,18.701
France,FRA,1752,17.944,0.321,17.943,18.58,17.31
France,FRA,1753,18.206,0.582,18.385,19.192,17.04
France,FRA,1754,17.711,0.088,16.81,17.679,18.644
France,FRA,1755,17.884,0.261,18.719,18.19,16.743
France,FRA,1756,17.883,0.26,17.813,18.313,17.524
France,FRA,1757,19.338,1.715,17.963,20.976,19.075
France,FRA,1758,16.796,-0.827,17.108,15.997,17.284
France,FRA,1759,18.12,0.497,16.418,19.827,18.116
France,FRA,1760,17.4,-0.223,16.557,18.369,17.275
France,FRA,1761,18.443,0.82,16.884,19.438,19.008
France,FRA,1762,17.765,0.142,16.152,19.749,17.395
France,FRA,1763,17.659,0.036,15.908,18.192,18.877
France,FRA,1764,17.118,-0.505,16.635,18.229,16.49
France,FRA,1765,17.109,-0.514,16.652,17.008,17.667
France,FRA,1766,17.632,0.008,16.74,17.277,18.878
France,FRA,1767,17.192,-0.431,15.422,17.927,18.227
France,FRA,1768,17.247,-0.377,15.395,18.258,18.087
France,FRA,1769,16.882,-0.741,15.434,17.709,17.503
France,FRA,1770,16.474,-1.149,15.197,16.23,17.996
France,FRA,1771,17.15,-0.473,14.98,18.637,17.834
France,FRA,1772,18.357,0.734,17.804,18.554,18.713
France,FRA,1773,16.962,-0.661,15.592,17.353,17.942
France,FRA,1774,18.079,0.455,16.693,18.062,19.481
France,FRA,1775,17.886,0.263,17.117,18.613,17.928
France,FRA,1776,17.749,0.126,16.3,18.514,18.433
France,FRA,1777,17.071,-0.553,15.279,17.139,18.794
France,FRA,1778,18.328,0.704,15.985,20.021,18.977
France,FRA,1779,17.321,-0.302,14.887,18.622,18.454
France,FRA,1780,18.433,0.81,16.956,19.146,19.198
France,FRA,1781,18.473,0.849,16.887,19.331,19.2
France,FRA,1782,18.492,0.869,17.836,19.658,17.982
France,FRA,1783,18.315,0.692,16.376,20.454,18.115
France,FRA,1784,17.601,-0.022,17.299,18.945,16.559
France,FRA,1785,17.414,-0.209,17.067,18.209,16.967
France,FRA,1786,17.345,-0.278,17.555,17.355,17.125
France,FRA,1787,17.651,0.028,16.837,17.738,18.378
France,FRA,1788,18.175,0.552,17.016,19.435,18.075
France,FRA,1789,16.967,-0.656,14.984,17.758,18.159
France,FRA,1790,17.72,0.096,16.746,17.548,18.865
France,FRA,1791,18.032,0.409,16.375,18.288,19.433
France,FRA,1792,17.75,0.127,16.056,18.36,18.835
France,FRA,1793,18.672,1.048,15.618,20.831,19.566
France,FRA,1794,18.724,1.1,16.85,21.184,18.137
France,FRA,1795,17.395,-0.229,16.183,17.003,18.998
France,FRA,1796,17.629,0.006,16.33,17.776,18.781
France,FRA,1797,17.996,0.373,14.65,20.056,19.283
France,FRA,1798,18.533,0.91,17.471,18.817,19.312
France,FRA,1799,17.047,-0.577,15.586,17.722,17.832
France,FRA,1800,17.808,0.185,14.969,19.206,19.249
France,FRA,1801,17.414,-0.21,15.86,17.943,18.438
France,FRA,1802,18.548,0.924,17.527,17.413,20.703
France,FRA,1803,18.662,1.039,16.701,19.725,19.561
France,FRA,1804,18.083,0.46,18.315,17.935,18.0
France,FRA,1805,16.755,-0.868,15.197,17.331,17.737
France,FRA,1806,17.84,0.217,17.225,18.205,18.09
France,FRA,1807,19.157,1.533,16.287,20.289,20.894
France,FRA,1808,18.151,0.528,15.34,20.154,18.959
France,FRA,1809,16.853,-0.771,15.587,17.274,17.697
France,FRA,1810,16.577,-1.046,15.234,17.164,17.334
France,FRA,1811,18.0,0.377,17.522,19.098,17.38
France,FRA,1812,16.652,-0.971,15.732,16.972,17.252
France,FRA,1813,15.888,-1.735,14.851,16.106,16.708
France,FRA,1814,16.597,-1.026,14.837,18.121,16.834
France,FRA,1815,16.781,-0.843,15.679,17.362,17.301
France,FRA,1816,15.087,-2.536,14.154,15.351,15.757
France,FRA,1817,16.997,-0.627,17.127,17.137,16.726
France,FRA,1818,18.239,0.615,17.672,19.32,17.724
France,FRA,1819,17.754,0.131,16.056,18.713,18.494
France,FRA,1820,17.512,-0.112,15.419,18.09,19.026
France,FRA,1821,16.615,-1.008,14.265,16.809,18.772
France,FRA,1822,18.938,1.315,20.06,18.718,18.036
France,FRA,1823,16.654,-0.969,14.702,16.894,18.366
France,FRA,1824,17.299,-0.324,15.053,18.861,17.984
France,FRA,1825,17.978,0.355,16.665,18.911,18.358
France,FRA,1826,18.915,1.292,16.987,19.469,20.29
France,FRA,1827,17.875,0.252,15.886,19.965,17.774
France,FRA,1828,17.921,0.298,17.462,18.76,17.541
France,FRA,1829,17.095,-0.528,16.165,18.115,17.005
France,FRA,1830,17.519,-0.104,15.613,19.171,17.774
France,FRA,1831,17.714,0.091,16.475,18.571,18.096
France,FRA,1832,18.016,0.392,15.958,18.915,19.174
France,FRA,1833,16.986,-0.637,17.354,16.97,16.635
France,FRA,1834,18.736,1.112,17.35,19.891,18.966
France,FRA,1835,18.039,0.415,16.137,19.712,18.267
France,FRA,1836,18.248,0.625,17.195,19.163,18.387
France,FRA,1837,18.616,0.993,17.888,18.436,19.524
France,FRA,1838,17.255,-0.368,16.208,18.235,17.322
France,FRA,1839,17.841,0.217,17.8,18.621,17.101
France,FRA,1840,17.51,-0.114,16.996,16.791,18.742
France,FRA,1841,16.303,-1.321,15.31,16.446,17.152
France,FRA,1842,18.806,1.182,18.434,18.307,19.676
France,FRA,1843,16.44,-1.183,14.588,16.773,17.96
France,FRA,1844,17.027,-0.596,17.377,17.727,15.978
France,FRA,1845,16.918,-0.705,16.878,17.869,16.007
France,FRA,1846,19.792,2.168,19.416,20.305,19.654
France,FRA,1847,17.738,0.115,15.342,19.616,18.257
France,FRA,1848,17.534,-0.09,16.398,18.547,17.656
France,FRA,1849,18.032,0.409,17.785,18.555,17.756
France,FRA,1850,17.64,0.016,17.307,18.213,17.399
France,FRA,1851,17.654,0.03,17.051,17.449,18.461
France,FRA,1852,17.923,0.3,15.566,20.323,17.881
France,FRA,1853,17.249,-0.374,15.348,18.217,18.183
France,FRA,1854,16.938,-0.685,14.978,18.305,17.532
France,FRA,1855,17.371,-0.252,15.215,18.112,18.787
France,FRA,1856,18.178,0.554,16.584,18.169,19.78
France,FRA,1857,18.586,0.963,16.731,19.87,19.157
France,FRA,1858,18.028,0.405,19.254,17.346,17.484
France,FRA,1859,19.601,1.978,16.799,21.882,20.122
France,FRA,1860,16.104,-1.519,15.382,16.698,16.233
France,FRA,1861,18.175,0.551,17.274,17.57,19.68
France,FRA,1862,17.146,-0.477,15.618,18.548,17.272
France,FRA,1863,18.213,0.59,16.645,18.806,19.188
France,FRA,1864,17.209,-0.414,15.789,18.606,17.232
France,FRA,1865,18.088,0.465,17.308,19.323,17.634
France,FRA,1866,17.559,-0.064,17.58,18.347,16.75
France,FRA,1867,17.393,-0.23,16.4,17.35,18.429
France,FRA,1868,18.752,1.129,17.93,19.847,18.48
France,FRA,1869,17.356,-0.267,14.882,19.906,17.28
France,FRA,1870,18.339,0.716,17.704,20.301,17.012
France,FRA,1871,17.018,-0.605,13.809,18.459,18.786
France,FRA,1872,17.66,0.037,16.151,19.304,17.526
France,FRA,1873,18.324,0.701,16.219,19.685,19.069
France,FRA,1874,18.074,0.451,16.702,20.184,17.336
France,FRA,1875,17.454,-0.169,16.446,16.93,18.986
France,FRA,1876,18.329,0.705,15.94,19.914,19.132
France,FRA,1877,18.474,0.851,18.439,18.13,18.853
France,FRA,1878,17.726,0.103,16.477,18.413,18.289
France,FRA,1879,17.009,-0.614,16.076,16.083,18.868
France,FRA,1880,17.164,-0.46,14.736,18.811,17.944
France,FRA,1881,17.996,0.373,15.661,20.28,18.047
France,FRA,1882,16.541,-1.083,15.481,17.046,17.095
France,FRA,1883,16.858,-0.766,15.732,16.917,17.924
France,FRA,1884,17.437,-0.186,14.176,18.878,19.257
France,FRA,1885,17.862,0.239,16.99,19.124,17.472
France,FRA,1886,17.101,-0.522,14.948,18.488,17.867
France,FRA,1887,18.486,0.863,17.555,19.693,18.21
France,FRA,1888,16.199,-1.424,16.185,15.986,16.426
France,FRA,1889,17.305,-0.319,17.175,17.647,17.092
France,FRA,1890,16.681,-0.942,15.882,16.705,17.457
France,FRA,1891,16.784,-0.839,16.168,17.527,16.658
France,FRA,1892,17.655,0.031,16.586,17.851,18.527
France,FRA,1893,18.471,0.847,17.266,18.557,19.589
France,FRA,1894,17.225,-0.398,15.916,18.447,17.313
France,FRA,1895,17.532,-0.092,16.245,18.408,17.942
France,FRA,1896,17.057,-0.567,16.593,18.751,15.826
France,FRA,1897,18.331,0.707,17.895,19.138,17.959
France,FRA,1898,17.678,0.055,15.526,17.865,19.644
France,FRA,1899,18.497,0.874,16.606,18.785,20.101
France,FRA,1900,18.164,0.54,16.928,19.996,17.567
France,FRA,1901,18.159,0.535,17.293,19.14,18.043
France,FRA,1902,17.146,-0.478,15.305,18.707,17.425
France,FRA,1903,16.672,-0.951,14.895,17.582,17.54
France,FRA,1904,18.857,1.233,16.748,20.842,18.98
France,FRA,1905,18.225,0.602,16.767,20.138,17.771
France,FRA,1906,18.165,0.542,16.527,18.522,19.446
France,FRA,1907,16.841,-0.782,15.507,16.775,18.241
France,FRA,1908,17.423,-0.201,17.021,18.104,17.143
France,FRA,1909,16.26,-1.363,14.275,16.485,18.02
France,FRA,1910,16.764,-0.859,16.284,16.638,17.37
France,FRA,1911,19.373,1.749,16.0,20.811,21.307
France,FRA,1912,16.335,-1.289,15.895,17.836,15.273
France,FRA,1913,16.695,-0.929,16.058,16.546,17.48
France,FRA,1914,16.972,-0.651,15.31,17.509,18.098
France,FRA,1915,17.493,-0.13,17.373,17.587,17.52
France,FRA,1916,16.822,-0.801,14.351,17.662,18.453
France,FRA,1917,17.899,0.276,17.919,18.594,17.184
France,FRA,1918,17.263,-0.36,15.108,18.359,18.323
France,FRA,1919,17.375,-0.249,16.757,16.045,19.322
France,FRA,1920,17.016,-0.608,16.547,17.721,16.779
France,FRA,1921,18.717,1.094,17.19,20.822,18.14
France,FRA,1922,17.054,-0.569,16.603,16.97,17.589
France,FRA,1923,17.695,0.071,13.85,20.106,19.128
France,FRA,1924,16.925,-0.698,16.414,18.414,15.948
France,FRA,1925,17.571,-0.052,17.072,17.916,17.725
France,FRA,1926,17.228,-0.395,14.685,18.313,18.687
France,FRA,1927,17.178,-0.445,15.846,18.037,17.651
France,FRA,1928,18.833,1.21,16.351,20.749,19.399
France,FRA,1929,18.053,0.429,16.682,19.355,18.121
France,FRA,1930,17.827,0.203,17.892,17.476,18.112
France,FRA,1931,17.639,0.016,18.023,17.825,17.07
France,FRA,1932,17.682,0.058,15.562,17.255,20.228
France,FRA,1933,18.338,0.715,15.203,19.553,20.258
France,FRA,1934,18.224,0.601,17.165,20.156,17.352
France,FRA,1935,18.417,0.793,17.531,19.62,18.099
France,FRA,1936,17.287,-0.336,16.132,17.482,18.247
France,FRA,1937,18.326,0.703,16.91,18.868,19.201
France,FRA,1938,17.777,0.154,17.288,17.873,18.171
France,FRA,1939,17.299,-0.324,16.421,17.383,18.094
France,FRA,1940,17.115,-0.508,16.683,17.283,17.38
France,FRA,1941,17.601,-0.022,16.842,19.229,16.732
France,FRA,1942,17.866,0.242,16.822,18.181,18.594
France,FRA,1943,18.418,0.795,16.632,19.281,19.342
France,FRA,1944,18.426,0.803,16.02,18.552,20.706
France,FRA,1945,18.707,1.084,18.096,19.907,18.118
France,FRA,1946,17.424,-0.2,15.43,19.153,17.688
France,FRA,1947,19.984,2.361,18.248,20.603,21.101
France,FRA,1948,17.098,-0.525,16.059,17.19,18.045
France,FRA,1949,18.959,1.336,16.744,20.546,19.587
France,FRA,1950,19.407,1.784,19.001,20.426,18.795
France,FRA,1951,17.406,-0.217,16.165,18.595,17.459
France,FRA,1952,19.12,1.496,18.001,20.265,19.093
France,FRA,1953,17.49,-0.134,15.508,18.15,18.811
France,FRA,1954,16.53,-1.093,16.119,16.527,16.944
France,FRA,1955,18.324,0.701,16.583,19.282,19.107
France,FRA,1956,16.248,-1.376,14.37,17.834,16.539
France,FRA,1957,17.76,0.137,16.949,18.768,17.563
France,FRA,1958,17.427,-0.197,15.708,18.037,18.535
France,FRA,1959,18.741,1.118,17.077,20.37,18.777
France,FRA,1960,17.361,-0.263,17.687,16.979,17.416
France,FRA,1961,17.616,-0.007,16.868,17.947,18.034
France,FRA,1962,17.561,-0.062,15.878,17.912,18.893
France,FRA,1963,17.164,-0.459,16.149,18.781,16.562
France,FRA,1964,18.474,0.851,17.091,19.862,18.47
France,FRA,1965,16.949,-0.674,16.456,17.131,17.26
France,FRA,1966,17.194,-0.429,17.272,17.013,17.298
France,FRA,1967,18.025,0.402,15.681,20.1,18.294
France,FRA,1968,17.181,-0.442,16.058,18.119,17.366
France,FRA,1969,17.579,-0.045,15.113,19.393,18.23
France,FRA,1970,18.218,0.594,18.025,18.057,18.571
France,FRA,1971,17.978,0.355,15.142,19.922,18.87
France,FRA,1972,16.594,-1.03,14.465,18.239,17.077
France,FRA,1973,18.586,0.963,17.154,18.366,20.239
France,FRA,1974,17.597,-0.027,16.081,17.873,18.836
France,FRA,1975,18.359,0.735,15.911,19.194,19.971
France,FRA,1976,19.643,2.02,19.53,20.394,19.005
France,FRA,1977,16.569,-1.055,15.113,17.726,16.867
France,FRA,1978,16.643,-0.98,15.34,17.413,17.176
France,FRA,1979,17.478,-0.145,16.644,18.589,17.202
France,FRA,1980,16.887,-0.736,15.163,16.661,18.837
France,FRA,1981,17.471,-0.153,16.017,17.589,18.806
France,FRA,1982,18.788,1.165,17.94,20.408,18.016
France,FRA,1983,19.738,2.115,17.463,22.372,19.38
France,FRA,1984,17.84,0.217,16.058,19.048,18.415
France,FRA,1985,17.694,0.071,15.585,19.722,17.776
France,FRA,1986,18.022,0.399,17.218,18.929,17.92
France,FRA,1987,17.752,0.128,15.452,18.872,18.931
France,FRA,1988,17.791,0.168,16.369,18.08,18.924
France,FRA,1989,18.919,1.296,16.957,20.326,19.474
France,FRA,1990,18.781,1.157,16.182,19.673,20.487
France,FRA,1991,18.671,1.048,15.313,19.938,20.763
France,FRA,1992,18.655,1.032,16.233,19.438,20.294
France,FRA,1993,18.029,0.406,17.541,17.875,18.672
France,FRA,1994,19.658,2.035,17.234,21.556,20.184
France,FRA,1995,19.161,1.538,16.163,21.231,20.089
France,FRA,1996,18.19,0.567,17.68,18.681,18.209
France,FRA,1997,18.841,1.217,16.567,18.522,21.433
France,FRA,1998,18.489,0.866,17.265,18.795,19.408
France,FRA,1999,18.836,1.212,16.605,20.281,19.621
France,FRA,2000,18.443,0.82,17.921,17.622,19.787
France,FRA,2001,18.83,1.206,16.932,19.412,20.145
France,FRA,2002,18.347,0.724,18.045,18.51,18.486
France,FRA,2003,21.776,4.153,21.152,20.809,23.367
France,FRA,2004,18.925,1.301,18.038,19.027,19.709
France,FRA,2005,19.188,1.565,19.209,19.94,18.415
France,FRA,2006,19.834,2.211,18.726,23.161,17.615
France,FRA,2007,18.09,0.466,17.733,18.383,18.153
France,FRA,2008,18.394,0.771,17.335,19.044,18.804
France,FRA,2009,19.404,1.781,17.792,19.771,20.65
France,FRA,2010,19.049,1.426,17.5,20.906,18.741
France,FRA,2011,18.186,0.563,17.371,17.671,19.517
France,FRA,2012,18.998,1.374,17.681,18.669,20.643
France,FRA,2013,19.057,1.433,16.331,21.369,19.47
France,FRA,2014,18.274,0.651,18.178,19.05,17.595
France,FRA,2015,19.985,2.361,18.477,21.417,20.06
France,FRA,2016,19.105,1.482,17.168,19.918,20.229
France,FRA,2017,19.977,2.353,19.792,20.223,19.915
France,FRA,2018,20.363,2.739,18.598,21.703,20.787
France,FRA,2019,20.364,2.74,19.022,21.627,20.442
France,FRA,2020,19.444,1.821,17.072,20.318,20.942
Greece,GRC,1791,23.223,-0.121,21.251,23.627,24.79
Greece,GRC,1792,23.341,-0.003,22.974,24.396,22.652
Greece,GRC,1793,22.866,-0.477,20.711,24.251,23.636
Greece,GRC,1794,22.806,-0.537,20.929,24.08,23.409
Greece,GRC,1795,23.176,-0.167,21.74,23.711,24.077
Greece,GRC,1796,23.581,0.238,21.885,24.284,24.575
Greece,GRC,1797,23.859,0.516,22.327,24.307,24.944
Greece,GRC,1798,23.553,0.21,21.407,24.762,24.49
Greece,GRC,1799,23.366,0.023,21.285,24.261,24.553
Greece,GRC,1800,22.766,-0.577,21.151,23.434,23.714
Greece,GRC,1801,22.958,-0.385,21.168,25.133,22.574
Greece,GRC,1802,24.26,0.916,23.101,25.116,24.562
Greece,GRC,1803,23.539,0.196,21.738,24.294,24.585
Greece,GRC,1804,23.789,0.445,22.03,25.434,23.902
Greece,GRC,1805,23.272,-0.072,22.368,23.758,23.689
Greece,GRC,1806,22.81,-0.533,21.154,23.858,23.419
Greece,GRC,1807,23.926,0.583,21.564,24.835,25.379
Greece,GRC,1808,23.059,-0.284,20.987,24.422,23.769
Greece,GRC,1809,22.971,-0.372,21.871,23.402,23.641
Greece,GRC,1810,21.917,-1.426,19.625,23.251,22.875
Greece,GRC,1811,23.628,0.284,22.317,24.189,24.377
Greece,GRC,1812,23.121,-0.222,21.187,23.863,24.313
Greece,GRC,1813,21.709,-1.634,20.708,22.319,22.1
Greece,GRC,1814,22.079,-1.264,20.427,22.93,22.88
Greece,GRC,1815,21.894,-1.449,20.586,22.915,22.182
Greece,GRC,1816,21.665,-1.679,20.28,22.383,22.331
Greece,GRC,1817,22.937,-0.406,20.693,23.49,24.629
Greece,GRC,1818,22.389,-0.954,20.854,23.293,23.02
Greece,GRC,1819,22.226,-1.118,20.692,23.029,22.956
Greece,GRC,1820,23.276,-0.068,21.4,23.65,24.777
Greece,GRC,1821,21.512,-1.832,19.587,22.374,22.574
Greece,GRC,1822,24.126,0.783,23.379,24.962,24.037
Greece,GRC,1823,23.297,-0.047,21.964,23.985,23.941
Greece,GRC,1824,23.431,0.088,21.45,23.965,24.878
Greece,GRC,1825,22.607,-0.736,21.057,23.453,23.311
Greece,GRC,1826,23.012,-0.331,20.305,24.674,24.057
Greece,GRC,1827,23.805,0.461,21.825,25.35,24.239
Greece,GRC,1828,24.305,0.962,22.75,26.008,24.158
Greece,GRC,1829,22.254,-1.089,19.865,23.889,23.009
Greece,GRC,1830,23.914,0.571,22.297,24.845,24.6
Greece,GRC,1831,22.644,-0.699,21.548,23.785,22.599
Greece,GRC,1832,22.246,-1.097,20.705,23.057,22.977
Greece,GRC,1833,22.964,-0.38,22.858,23.262,22.771
Greece,GRC,1834,23.733,0.389,22.218,24.902,24.078
Greece,GRC,1835,22.598,-0.746,21.75,23.238,22.805
Greece,GRC,1836,22.436,-0.907,21.472,23.273,22.564
Greece,GRC,1837,22.553,-0.79,20.909,22.981,23.77
Greece,GRC,1838,22.111,-1.232,21.069,22.945,22.32
Greece,GRC,1839,23.745,0.402,22.546,24.466,24.224
Greece,GRC,1840,23.15,-0.194,21.151,24.633,23.665
Greece,GRC,1841,23.785,0.442,21.815,25.737,23.803
Greece,GRC,1842,23.09,-0.254,21.755,24.287,23.227
Greece,GRC,1843,22.096,-1.247,20.491,23.085,22.713
Greece,GRC,1844,22.399,-0.945,21.334,23.432,22.43
Greece,GRC,1845,23.019,-0.324,21.302,24.842,22.914
Greece,GRC,1846,23.977,0.634,21.717,25.322,24.893
Greece,GRC,1847,23.206,-0.137,20.773,24.475,24.371
Greece,GRC,1848,24.231,0.888,23.996,24.492,24.205
Greece,GRC,1849,23.392,0.048,23.005,23.788,23.382
Greece,GRC,1850,23.418,0.075,21.66,23.931,24.663
Greece,GRC,1851,22.694,-0.65,20.604,23.86,23.617
Greece,GRC,1852,23.021,-0.323,21.495,24.104,23.463
Greece,GRC,1853,23.557,0.213,21.345,25.198,24.127
Greece,GRC,1854,23.076,-0.267,21.277,24.509,23.443
Greece,GRC,1855,22.625,-0.719,21.48,23.655,22.739
Greece,GRC,1856,23.066,-0.278,21.976,23.179,24.042
Greece,GRC,1857,22.043,-1.3,19.918,23.388,22.824
Greece,GRC,1858,22.501,-0.843,20.672,23.901,22.929
Greece,GRC,1859,23.204,-0.139,20.847,24.157,24.609
Greece,GRC,1860,24.066,0.723,23.231,23.859,25.108
Greece,GRC,1861,23.974,0.63,22.743,24.946,24.232
Greece,GRC,1862,23.567,0.224,22.655,24.228,23.818
Greece,GRC,1863,23.705,0.361,22.5,24.168,24.446
Greece,GRC,1864,22.765,-0.578,21.918,23.551,22.827
Greece,GRC,1865,23.144,-0.2,20.899,24.283,24.249
Greece,GRC,1866,23.468,0.124,22.059,25.185,23.159
Greece,GRC,1867,23.003,-0.341,21.438,24.166,23.404
Greece,GRC,1868,23.534,0.191,22.471,24.063,24.068
Greece,GRC,1869,23.409,0.066,22.46,23.895,23.873
Greece,GRC,1870,23.29,-0.053,21.788,24.613,23.469
Greece,GRC,1871,23.234,-0.109,20.905,24.722,24.076
Greece,GRC,1872,22.782,-0.561,20.991,23.768,23.588
Greece,GRC,1873,23.121,-0.223,20.218,24.602,24.542
Greece,GRC,1874,23.536,0.192,22.569,24.626,23.412
Greece,GRC,1875,23.678,0.335,23.37,24.341,23.324
Greece,GRC,1876,22.805,-0.538,21.464,23.565,23.386
Greece,GRC,1877,23.31,-0.033,21.791,23.95,24.189
Greece,GRC,1878,23.238,-0.105,21.789,23.993,23.933
Greece,GRC,1879,23.908,0.564,23.094,24.248,24.381
Greece,GRC,1880,23.583,0.24,22.141,25.302,23.306
Greece,GRC,1881,23.001,-0.342,20.3,23.971,24.733
Greece,GRC,1882,22.385,-0.958,20.374,24.284,22.497
Greece,GRC,1883,23.087,-0.257,21.589,24.292,23.379
Greece,GRC,1884,21.698,-1.645,20.176,22.92,21.998
Greece,GRC,1885,22.749,-0.594,20.913,23.55,23.784
Greece,GRC,1886,22.687,-0.657,21.206,23.344,23.51
Greece,GRC,1887,23.302,-0.041,21.236,24.596,24.075
Greece,GRC,1888,23.4,0.057,21.984,25.108,23.108
Greece,GRC,1889,23.433,0.09,21.829,24.567,23.904
Greece,GRC,1890,23.743,0.4,20.762,24.761,25.707
Greece,GRC,1891,23.65,0.307,21.833,24.414,24.704
Greece,GRC,1892,23.121,-0.223,21.98,23.492,23.89
Greece,GRC,1893,22.484,-0.86,20.553,23.999,22.899
Greece,GRC,1894,23.148,-0.195,21.328,24.698,23.418
Greece,GRC,1895,22.935,-0.408,20.678,24.877,23.251
Greece,GRC,1896,23.199,-0.144,21.231,24.079,24.288
Greece,GRC,1897,22.8,-0.543,20.377,24.536,23.488
Greece,GRC,1898,22.79,-0.553,21.992,23.532,22.847
Greece,GRC,1899,22.135,-1.209,20.749,23.342,22.313
Greece,GRC,1900,22.622,-0.721,20.952,23.747,23.167
Greece,GRC,1901,22.634,-0.709,20.94,23.962,23.0
Greece,GRC,1902,22.705,-0.638,20.666,23.658,23.792
Greece,GRC,1903,22.11,-1.234,19.83,22.876,23.623
Greece,GRC,1904,23.241,-0.102,21.77,24.252,23.701
Greece,GRC,1905,23.036,-0.308,20.329,24.317,24.461
Greece,GRC,1906,22.523,-0.821,20.58,24.082,22.906
Greece,GRC,1907,22.856,-0.487,21.193,23.895,23.48
Greece,GRC,1908,23.018,-0.325,22.025,23.455,23.574
Greece,GRC,1909,23.362,0.019,21.661,24.219,24.207
Greece,GRC,1910,22.652,-0.691,20.634,23.364,23.959
Greece,GRC,1911,22.794,-0.549,21.081,23.266,24.036
Greece,GRC,1912,22.579,-0.764,21.418,23.231,23.088
Greece,GRC,1913,21.874,-1.469,20.699,22.664,22.26
Greece,GRC,1914,21.985,-1.359,20.155,22.892,22.907
Greece,GRC,1915,22.917,-0.426,21.305,24.264,23.183
Greece,GRC,1916,23.847,0.504,23.757,25.015,22.769
Greece,GRC,1917,23.148,-0.195,21.018,23.76,24.666
Greece,GRC,1918,22.509,-0.834,20.371,23.987,23.169
Greece,GRC,1919,22.079,-1.264,20.402,23.244,22.592
Greece,GRC,1920,23.049,-0.295,21.327,24.041,23.778
Greece,GRC,1921,22.658,-0.686,19.177,24.127,24.669
Greece,GRC,1922,23.872,0.529,22.246,24.694,24.676
Greece,GRC,1923,22.434,-0.909,20.459,23.343,23.5
Greece,GRC,1924,23.242,-0.102,21.984,24.152,23.589
Greece,GRC,1925,22.613,-0.731,20.052,23.758,24.028
Greece,GRC,1926,22.197,-1.147,21.559,22.867,22.164
Greece,GRC,1927,24.512,1.168,23.222,25.415,24.898
Greece,GRC,1928,24.169,0.825,21.854,25.316,25.336
Greece,GRC,1929,23.793,0.449,22.186,24.078,25.114
Greece,GRC,1930,23.103,-0.24,21.024,24.351,23.934
Greece,GRC,1931,24.517,1.173,23.035,25.613,24.902
Greece,GRC,1932,23.349,0.006,21.548,24.648,23.851
Greece,GRC,1933,21.937,-1.407,20.024,22.881,22.905
Greece,GRC,1934,23.519,0.176,21.711,24.546,24.301
Greece,GRC,1935,23.639,0.296,22.767,24.064,24.087
Greece,GRC,1936,23.209,-0.134,20.715,25.131,23.781
Greece,GRC,1937,23.715,0.372,22.436,24.63,24.079
Greece,GRC,1938,24.117,0.773,22.149,25.262,24.939
Greece,GRC,1939,23.457,0.114,20.836,25.338,24.198
Greece,GRC,1940,22.235,-1.108,20.446,24.171,22.089
Greece,GRC,1941,23.324,-0.02,21.512,24.155,24.304
Greece,GRC,1942,23.317,-0.026,22.7,23.626,23.626
Greece,GRC,1943,23.42,0.076,20.678,24.293,25.288
Greece,GRC,1944,23.293,-0.05,22.364,23.974,23.542
Greece,GRC,1945,24.684,1.34,22.869,25.3,25.882
Greece,GRC,1946,24.965,1.621,22.979,25.582,26.333
Greece,GRC,1947,24.019,0.676,22.582,24.939,24.537
Greece,GRC,1948,22.884,-0.46,20.613,23.346,24.692
Greece,GRC,1949,22.177,-1.166,21.079,23.23,22.223
Greece,GRC,1950,24.485,1.142,22.606,25.956,24.894
Greece,GRC,1951,24.061,0.718,22.553,24.607,25.023
Greece,GRC,1952,24.54,1.197,22.327,24.778,26.515
Greece,GRC,1953,23.822,0.479,22.041,25.306,24.119
Greece,GRC,1954,24.122,0.778,23.25,24.807,24.308
Greece,GRC,1955,23.011,-0.332,21.875,24.365,22.794
Greece,GRC,1956,23.579,0.236,21.037,24.342,25.359
Greece,GRC,1957,23.945,0.602,22.833,24.212,24.791
Greece,GRC,1958,23.968,0.625,22.052,24.641,25.211
Greece,GRC,1959,22.855,-0.488,20.645,24.129,23.791
Greece,GRC,1960,23.25,-0.093,21.502,23.626,24.623
Greece,GRC,1961,23.271,-0.072,21.869,23.827,24.117
Greece,GRC,1962,23.914,0.571,21.66,24.559,25.523
Greece,GRC,1963,24.179,0.836,22.093,25.09,25.355
Greece,GRC,1964,23.105,-0.238,22.311,23.613,23.392
Greece,GRC,1965,23.155,-0.189,22.074,24.728,22.662
Greece,GRC,1966,23.648,0.305,21.381,24.445,25.118
Greece,GRC,1967,23.149,-0.194,20.628,23.918,24.901
Greece,GRC,1968,22.974,-0.37,21.645,24.353,22.923
Greece,GRC,1969,22.736,-0.607,21.939,22.657,23.612
Greece,GRC,1970,23.269,-0.074,21.606,23.971,24.231
Greece,GRC,1971,23.073,-0.27,21.961,22.758,24.5
Greece,GRC,1972,23.385,0.042,22.744,23.828,23.584
Greece,GRC,1973,23.18,-0.163,21.609,24.645,23.287
Greece,GRC,1974,23.102,-0.241,21.364,23.871,24.071
Greece,GRC,1975,22.721,-0.622,21.297,23.978,22.889
Greece,GRC,1976,21.622,-1.721,20.739,22.99,21.138
Greece,GRC,1977,23.587,0.243,21.768,24.76,24.232
Greece,GRC,1978,22.889,-0.454,21.922,23.913,22.832
Greece,GRC,1979,23.229,-0.115,22.846,23.534,23.306
Greece,GRC,1980,22.958,-0.386,21.029,23.95,23.894
Greece,GRC,1981,23.354,0.01,23.087,23.427,23.547
Greece,GRC,1982,23.276,-0.068,22.333,23.54,23.954
Greece,GRC,1983,22.519,-0.825,20.404,24.215,22.937
Greece,GRC,1984,22.268,-1.075,21.067,23.201,22.537
Greece,GRC,1985,23.557,0.214,21.935,24.113,24.623
Greece,GRC,1986,23.676,0.333,22.1,23.878,25.05
Greece,GRC,1987,23.864,0.521,21.997,25.591,24.004
Greece,GRC,1988,24.861,1.517,22.422,26.847,25.313
Greece,GRC,1989,22.958,-0.385,20.682,23.958,24.235
Greece,GRC,1990,23.638,0.295,22.066,24.954,23.895
Greece,GRC,1991,23.338,-0.005,22.363,23.801,23.851
Greece,GRC,1992,23.588,0.244,21.694,23.38,25.689
Greece,GRC,1993,24.067,0.723,22.766,24.301,25.133
Greece,GRC,1994,24.25,0.906,22.022,24.942,25.785
Greece,GRC,1995,23.99,0.647,23.339,24.888,23.743
Greece,GRC,1996,23.857,0.513,22.795,24.369,24.406
Greece,GRC,1997,23.636,0.292,22.981,24.824,23.102
Greece,GRC,1998,25.005,1.661,23.122,25.757,26.135
Greece,GRC,1999,24.758,1.414,23.462,25.179,25.632
Greece,GRC,2000,24.597,1.254,22.941,25.687,25.163
Greece,GRC,2001,24.729,1.385,22.325,25.901,25.96
Greece,GRC,2002,24.524,1.18,23.495,25.723,24.353
Greece,GRC,2003,25.273,1.93,24.244,25.606,25.969
Greece,GRC,2004,23.848,0.504,22.18,24.881,24.482
Greece,GRC,2005,23.947,0.603,21.817,25.292,24.731
Greece,GRC,2006,24.262,0.918,22.416,24.58,25.789
Greece,GRC,2007,25.697,2.354,24.372,26.831,25.888
Greece,GRC,2008,25.21,1.867,23.719,25.64,26.271
Greece,GRC,2009,24.662,1.319,22.968,25.822,25.196
Greece,GRC,2010,25.124,1.781,22.807,25.597,26.968
Greece,GRC,2011,24.66,1.317,22.639,25.891,25.45
Greece,GRC,2012,26.206,2.862,24.43,27.568,26.619
Greece,GRC,2013,24.676,1.332,22.817,25.082,26.128
Greece,GRC,2014,24.337,0.993,22.608,24.788,25.614
Greece,GRC,2015,24.656,1.313,21.905,26.084,25.979
Greece,GRC,2016,25.079,1.736,23.921,25.914,25.402
Greece,GRC,2017,25.233,1.89,23.668,25.967,26.064
Greece,GRC,2018,24.656,1.313,23.046,25.397,25.526
Greece,GRC,2019,25.312,1.969,24.224,25.326,26.386
Greece,GRC,2020,24.431,1.087,22.161,25.538,25.593
Croatia,HRV,1750,20.21,0.467,18.885,21.023,20.723
Croatia,HRV,1751,20.356,0.613,18.044,21.706,21.319
Croatia,HRV,1752,20.215,0.472,20.405,21.206,19.034
Croatia,HRV,1753,20.086,0.343,19.76,21.124,19.374
Croatia,HRV,1754,20.115,0.371,19.669,20.41,20.265
Croatia,HRV,1755,20.25,0.506,20.955,20.95,18.844
Croatia,HRV,1756,20.521,0.778,20.278,20.644,20.641
Croatia,HRV,1757,21.933,2.19,20.639,23.407,21.753
Croatia,HRV,1758,18.981,-0.762,19.244,18.859,18.841
Croatia,HRV,1759,20.273,0.53,19.406,21.404,20.01
Croatia,HRV,1760,19.738,-0.006,19.251,20.52,19.442
Croatia,HRV,1761,21.134,1.391,20.022,22.54,20.841
Croatia,HRV,1762,19.854,0.11,18.186,21.257,20.118
Croatia,HRV,1763,20.136,0.393,17.886,21.556,20.966
Croatia,HRV,1764,19.265,-0.479,18.506,20.749,18.539
Croatia,HRV,1765,18.826,-0.917,18.296,18.675,19.508
Croatia,HRV,1766,19.42,-0.324,19.302,19.08,19.877
Croatia,HRV,1767,19.551,-0.193,18.057,20.866,19.729
Croatia,HRV,1768,19.456,-0.287,17.318,21.02,20.031
Croatia,HRV,1769,19.384,-0.359,18.893,20.057,19.202
Croatia,HRV,1770,18.492,-1.252,17.63,18.9,18.945
Croatia,HRV,1771,19.169,-0.574,17.496,20.331,19.68
Croatia,HRV,1772,20.393,0.649,19.647,21.293,20.238
Croatia,HRV,1773,18.459,-1.285,17.333,19.224,18.819
Croatia,HRV,1774,20.733,0.989,19.773,21.253,21.172
Croatia,HRV,1775,20.517,0.773,19.32,21.056,21.174
Croatia,HRV,1776,19.608,-0.136,18.198,20.142,20.483
Croatia,HRV,1777,19.074,-0.67,18.009,18.954,20.258
Croatia,HRV,1778,20.137,0.394,17.877,22.159,20.376
Croatia,HRV,1779,18.621,-1.123,16.557,19.535,19.77
Croatia,HRV,1780,19.724,-0.02,19.004,20.529,19.638
Croatia,HRV,1781,20.889,1.146,19.194,21.421,22.053
Croatia,HRV,1782,21.194,1.45,19.72,22.526,21.335
Croatia,HRV,1783,20.231,0.488,19.097,21.001,20.596
Croatia,HRV,1784,20.39,0.646,19.088,21.285,20.796
Croatia,HRV,1785,19.226,-0.518,18.002,19.931,19.744
Croatia,HRV,1786,18.907,-0.836,18.634,19.583,18.505
Croatia,HRV,1787,20.457,0.714,19.699,20.633,21.039
Croatia,HRV,1788,20.948,1.205,20.345,23.514,18.986
Croatia,HRV,1789,19.441,-0.303,17.631,20.985,19.706
Croatia,HRV,1790,20.141,0.397,19.894,19.76,20.768
Croatia,HRV,1791,20.162,0.419,18.108,20.632,21.746
Croatia,HRV,1792,20.44,0.696,19.784,21.369,20.166
Croatia,HRV,1793,20.202,0.459,17.606,21.916,21.084
Croatia,HRV,1794,20.426,0.683,19.094,22.608,19.576
Croatia,HRV,1795,19.615,-0.128,19.082,19.038,20.725
Croatia,HRV,1796,20.045,0.302,18.6,20.752,20.784
Croatia,HRV,1797,20.96,1.217,18.59,22.165,22.125
Croatia,HRV,1798,20.523,0.779,19.205,21.211,21.152
Croatia,HRV,1799,19.52,-0.224,17.343,20.28,20.936
Croatia,HRV,1800,19.352,-0.392,17.194,20.116,20.745
Croatia,HRV,1801,19.263,-0.48,18.051,20.874,18.865
Croatia,HRV,1802,21.131,1.388,20.032,21.252,22.109
Croatia,HRV,1803,20.038,0.295,18.33,20.956,20.828
Croatia,HRV,1804,20.179,0.435,19.439,21.144,19.953
Croatia,HRV,1805,18.943,-0.8,18.127,19.637,19.065
Croatia,HRV,1806,19.496,-0.247,18.805,20.298,19.385
Croatia,HRV,1807,21.554,1.811,18.478,22.309,23.875
Croatia,HRV,1808,20.182,0.439,17.808,21.672,21.067
Croatia,HRV,1809,19.874,0.13,18.793,20.282,20.546
Croatia,HRV,1810,19.054,-0.689,16.816,20.298,20.049
Croatia,HRV,1811,21.271,1.528,20.975,22.396,20.442
Croatia,HRV,1812,19.334,-0.41,18.774,19.586,19.641
Croatia,HRV,1813,17.863,-1.881,16.903,18.489,18.196
Croatia,HRV,1814,18.845,-0.898,17.048,20.526,18.961
Croatia,HRV,1815,18.402,-1.341,18.176,18.625,18.405
Croatia,HRV,1816,18.166,-1.577,17.521,18.755,18.223
Croatia,HRV,1817,20.006,0.263,19.525,20.284,20.21
Croatia,HRV,1818,19.395,-0.349,18.498,20.7,18.986
Croatia,HRV,1819,19.671,-0.073,18.735,20.613,19.664
Croatia,HRV,1820,20.182,0.439,17.579,20.278,22.689
Croatia,HRV,1821,18.196,-1.547,16.019,18.867,19.702
Croatia,HRV,1822,21.37,1.627,21.52,22.111,20.479
Croatia,HRV,1823,19.696,-0.047,18.263,19.893,20.933
Croatia,HRV,1824,19.664,-0.079,17.345,20.723,20.924
Croatia,HRV,1825,19.271,-0.472,18.043,20.078,19.693
Croatia,HRV,1826,20.322,0.579,18.064,21.417,21.486
Croatia,HRV,1827,20.318,0.574,18.99,22.345,19.618
Croatia,HRV,1828,20.406,0.663,19.674,22.09,19.455
Croatia,HRV,1829,18.781,-0.962,16.879,20.943,18.521
Croatia,HRV,1830,20.634,0.891,19.014,21.733,21.155
Croatia,HRV,1831,19.342,-0.401,17.88,20.764,19.382
Croatia,HRV,1832,19.196,-0.548,17.177,19.727,20.683
Croatia,HRV,1833,18.773,-0.97,20.014,18.562,17.743
Croatia,HRV,1834,21.504,1.76,20.241,23.131,21.139
Croatia,HRV,1835,19.659,-0.085,18.352,21.131,19.493
Croatia,HRV,1836,19.656,-0.088,18.793,20.499,19.675
Croatia,HRV,1837,19.794,0.051,18.795,19.199,21.389
Croatia,HRV,1838,18.578,-1.165,18.245,19.302,18.188
Croatia,HRV,1839,20.48,0.736,20.516,21.746,19.177
Croatia,HRV,1840,19.259,-0.484,18.424,19.892,19.461
Croatia,HRV,1841,19.743,-0.0,18.36,21.04,19.83
Croatia,HRV,1842,20.228,0.484,19.038,20.842,20.803
Croatia,HRV,1843,18.636,-1.107,17.049,19.15,19.709
Croatia,HRV,1844,18.921,-0.822,18.936,19.463,18.364
Croatia,HRV,1845,19.46,-0.283,19.338,20.898,18.145
Croatia,HRV,1846,21.126,1.383,20.04,22.205,21.133
Croatia,HRV,1847,19.148,-0.596,16.419,20.552,20.472
Croatia,HRV,1848,20.613,0.869,20.563,20.812,20.463
Croatia,HRV,1849,19.8,0.057,20.384,20.04,18.976
Croatia,HRV,1850,19.623,-0.121,18.783,19.651,20.434
Croatia,HRV,1851,18.926,-0.817,17.959,19.495,19.325
Croatia,HRV,1852,19.637,-0.106,18.603,20.611,19.698
Croatia,HRV,1853,20.054,0.311,17.987,21.776,20.4
Croatia,HRV,1854,19.486,-0.257,18.065,21.012,19.382
Croatia,HRV,1855,20.028,0.285,18.885,20.747,20.452
Croatia,HRV,1856,19.96,0.217,19.471,19.362,21.047
Croatia,HRV,1857,19.836,0.093,17.978,21.11,20.421
Croatia,HRV,1858,19.951,0.208,20.056,20.718,19.079
Croatia,HRV,1859,21.08,1.337,18.16,22.949,22.132
Croatia,HRV,1860,19.282,-0.461,19.141,18.762,19.944
Croatia,HRV,1861,21.008,1.264,19.721,20.988,22.314
Croatia,HRV,1862,20.071,0.327,18.999,21.173,20.04
Croatia,HRV,1863,20.507,0.764,19.137,20.404,21.98
Croatia,HRV,1864,18.93,-0.813,18.296,19.671,18.823
Croatia,HRV,1865,20.181,0.438,17.713,22.3,20.53
Croatia,HRV,1866,19.864,0.121,20.278,20.769,18.545
Croatia,HRV,1867,19.791,0.047,18.769,20.151,20.452
Croatia,HRV,1868,20.402,0.658,20.29,20.583,20.332
Croatia,HRV,1869,19.43,-0.313,17.368,21.645,19.277
Croatia,HRV,1870,19.447,-0.296,18.538,21.511,18.292
Croatia,HRV,1871,19.282,-0.461,16.371,21.55,19.926
Croatia,HRV,1872,19.265,-0.479,17.644,20.749,19.401
Croatia,HRV,1873,20.552,0.809,17.76,22.176,21.72
Croatia,HRV,1874,20.37,0.627,19.455,22.69,18.965
Croatia,HRV,1875,20.678,0.935,20.724,20.647,20.664
Croatia,HRV,1876,19.774,0.031,18.911,20.265,20.147
Croatia,HRV,1877,20.972,1.228,19.973,20.748,22.194
Croatia,HRV,1878,19.665,-0.078,18.592,19.867,20.537
Croatia,HRV,1879,20.169,0.425,19.863,19.175,21.468
Croatia,HRV,1880,19.75,0.006,18.095,22.581,18.573
Croatia,HRV,1881,20.227,0.483,17.953,21.751,20.976
Croatia,HRV,1882,18.962,-0.781,17.647,20.659,18.581
Croatia,HRV,1883,19.708,-0.035,18.635,20.651,19.838
Croatia,HRV,1884,18.369,-1.374,15.658,20.605,18.844
Croatia,HRV,1885,19.866,0.122,18.89,21.244,19.463
Croatia,HRV,1886,19.345,-0.398,17.662,20.558,19.816
Croatia,HRV,1887,20.056,0.312,17.825,22.41,19.932
Croatia,HRV,1888,19.427,-0.316,19.608,19.559,19.115
Croatia,HRV,1889,20.195,0.452,20.09,20.464,20.032
Croatia,HRV,1890,20.053,0.31,17.416,20.512,22.231
Croatia,HRV,1891,19.505,-0.238,18.163,20.612,19.74
Croatia,HRV,1892,19.997,0.253,18.972,20.066,20.952
Croatia,HRV,1893,19.231,-0.512,17.758,20.378,19.557
Croatia,HRV,1894,19.657,-0.086,17.406,22.12,19.446
Croatia,HRV,1895,19.885,0.142,18.714,21.574,19.368
Croatia,HRV,1896,19.407,-0.336,18.652,20.981,18.588
Croatia,HRV,1897,20.181,0.438,18.912,21.223,20.409
Croatia,HRV,1898,19.377,-0.367,18.567,19.22,20.343
Croatia,HRV,1899,19.007,-0.736,17.167,20.213,19.641
Croatia,HRV,1900,19.921,0.178,19.031,21.429,19.304
Croatia,HRV,1901,19.923,0.18,19.206,20.955,19.608
Croatia,HRV,1902,19.148,-0.595,17.077,20.164,20.204
Croatia,HRV,1903,18.951,-0.792,17.162,19.658,20.033
Croatia,HRV,1904,20.603,0.859,19.15,22.245,20.413
Croatia,HRV,1905,20.543,0.8,18.463,22.038,21.129
Croatia,HRV,1906,19.284,-0.46,17.691,20.439,19.721
Croatia,HRV,1907,19.603,-0.14,19.063,19.355,20.392
Croatia,HRV,1908,19.86,0.116,20.224,20.393,18.962
Croatia,HRV,1909,19.101,-0.643,17.624,19.486,20.192
Croatia,HRV,1910,19.175,-0.568,18.612,19.094,19.819
Croatia,HRV,1911,20.205,0.461,17.923,21.367,21.324
Croatia,HRV,1912,19.182,-0.562,18.708,20.432,18.405
Croatia,HRV,1913,17.929,-1.815,18.189,17.559,18.038
Croatia,HRV,1914,18.649,-1.094,17.034,19.24,19.674
Croatia,HRV,1915,19.302,-0.441,19.302,20.184,18.421
Croatia,HRV,1916,19.505,-0.239,18.671,20.753,19.09
Croatia,HRV,1917,20.776,1.032,20.144,20.791,21.392
Croatia,HRV,1918,18.502,-1.241,16.224,20.24,19.043
Croatia,HRV,1919,18.595,-1.148,17.803,18.256,19.727
Croatia,HRV,1920,19.218,-0.526,17.622,21.11,18.921
Croatia,HRV,1921,19.8,0.057,16.958,21.591,20.852
Croatia,HRV,1922,20.284,0.541,19.11,20.653,21.09
Croatia,HRV,1923,19.175,-0.569,15.607,20.99,20.927
Croatia,HRV,1924,18.985,-0.758,18.741,20.215,18.0
Croatia,HRV,1925,19.135,-0.608,17.539,20.149,19.717
Croatia,HRV,1926,18.065,-1.678,16.83,18.967,18.398
Croatia,HRV,1927,21.047,1.304,20.193,22.025,20.923
Croatia,HRV,1928,21.22,1.476,18.186,23.528,21.945
Croatia,HRV,1929,20.3,0.557,18.946,20.884,21.07
Croatia,HRV,1930,20.033,0.29,20.248,20.462,19.389
Croatia,HRV,1931,21.101,1.357,20.906,21.927,20.469
Croatia,HRV,1932,19.915,0.172,17.314,20.993,21.439
Croatia,HRV,1933,18.907,-0.837,16.232,20.405,20.083
Croatia,HRV,1934,19.506,-0.237,17.854,20.741,19.924
Croatia,HRV,1935,20.539,0.795,20.753,20.978,19.885
Croatia,HRV,1936,19.931,0.188,18.356,22.002,19.436
Croatia,HRV,1937,20.156,0.413,20.189,20.633,19.646
Croatia,HRV,1938,20.559,0.815,20.314,21.377,19.985
Croatia,HRV,1939,20.149,0.406,18.576,21.37,20.502
Croatia,HRV,1940,18.394,-1.349,17.825,19.749,17.609
Croatia,HRV,1941,19.241,-0.502,18.219,20.168,19.337
Croatia,HRV,1942,19.995,0.251,19.016,20.539,20.429
Croatia,HRV,1943,20.163,0.42,17.557,20.547,22.386
Croatia,HRV,1944,20.029,0.285,18.073,20.19,21.823
Croatia,HRV,1945,21.273,1.529,20.633,22.488,20.697
Croatia,HRV,1946,21.619,1.876,19.838,22.479,22.54
Croatia,HRV,1947,21.085,1.342,20.068,22.073,21.115
Croatia,HRV,1948,18.943,-0.801,17.477,18.795,20.556
Croatia,HRV,1949,18.805,-0.938,16.902,20.22,19.294
Croatia,HRV,1950,22.117,2.373,20.775,23.55,22.025
Croatia,HRV,1951,20.267,0.524,19.046,20.395,21.36
Croatia,HRV,1952,21.811,2.068,19.692,22.915,22.826
Croatia,HRV,1953,19.849,0.106,18.679,21.527,19.341
Croatia,HRV,1954,19.766,0.022,20.066,19.285,19.946
Croatia,HRV,1955,19.246,-0.497,18.202,20.392,19.145
Croatia,HRV,1956,19.787,0.044,17.375,20.988,20.999
Croatia,HRV,1957,20.402,0.659,20.432,21.151,19.624
Croatia,HRV,1958,20.258,0.514,18.137,21.311,21.325
Croatia,HRV,1959,19.689,-0.054,18.019,21.453,19.596
Croatia,HRV,1960,19.492,-0.251,19.125,18.949,20.402
Croatia,HRV,1961,19.581,-0.162,19.244,19.54,19.96
Croatia,HRV,1962,19.516,-0.227,17.037,19.481,22.031
Croatia,HRV,1963,20.686,0.943,19.448,21.691,20.919
Croatia,HRV,1964,20.02,0.277,20.475,20.375,19.211
Croatia,HRV,1965,19.225,-0.519,18.539,20.501,18.634
Croatia,HRV,1966,19.434,-0.31,19.172,19.631,19.498
Croatia,HRV,1967,20.088,0.345,17.743,21.832,20.689
Croatia,HRV,1968,19.289,-0.454,18.774,20.325,18.769
Croatia,HRV,1969,18.888,-0.855,17.544,19.895,19.226
Croatia,HRV,1970,20.012,0.268,19.489,20.063,20.483
Croatia,HRV,1971,20.305,0.561,18.104,20.809,22.001
Croatia,HRV,1972,19.8,0.056,19.304,20.778,19.317
Croatia,HRV,1973,19.937,0.193,18.835,20.604,20.371
Croatia,HRV,1974,19.612,-0.132,17.221,20.139,21.475
Croatia,HRV,1975,19.442,-0.301,17.853,20.663,19.811
Croatia,HRV,1976,18.794,-0.949,18.213,20.9,17.269
Croatia,HRV,1977,19.519,-0.225,18.668,20.218,19.67
Croatia,HRV,1978,18.626,-1.118,17.825,19.146,18.906
Croatia,HRV,1979,19.722,-0.021,20.623,19.362,19.181
Croatia,HRV,1980,19.238,-0.506,17.816,19.481,20.416
Croatia,HRV,1981,19.717,-0.027,19.072,19.932,20.146
Croatia,HRV,1982,20.604,0.86,19.928,21.371,20.512
Croatia,HRV,1983,20.604,0.861,18.292,22.814,20.707
Croatia,HRV,1984,18.769,-0.974,17.458,19.486,19.363
Croatia,HRV,1985,19.868,0.125,17.299,21.358,20.947
Croatia,HRV,1986,19.784,0.041,18.04,19.746,21.566
Croatia,HRV,1987,20.227,0.484,18.619,22.347,19.716
Croatia,HRV,1988,20.784,1.04,18.226,22.658,21.467
Croatia,HRV,1989,19.581,-0.162,17.272,21.062,20.409
Croatia,HRV,1990,20.008,0.265,18.535,20.606,20.884
Croatia,HRV,1991,20.554,0.811,18.808,21.906,20.948
Croatia,HRV,1992,21.483,1.74,18.973,21.241,24.236
Croatia,HRV,1993,20.692,0.949,19.673,20.725,21.678
Croatia,HRV,1994,21.747,2.003,19.364,23.093,22.783
Croatia,HRV,1995,20.237,0.493,17.894,22.881,19.935
Croatia,HRV,1996,20.073,0.33,19.943,19.811,20.465
Croatia,HRV,1997,20.234,0.49,19.756,20.369,20.576
Croatia,HRV,1998,21.445,1.702,20.426,21.974,21.935
Croatia,HRV,1999,20.868,1.125,19.738,21.512,21.354
Croatia,HRV,2000,21.514,1.77,20.995,20.657,22.889
Croatia,HRV,2001,21.052,1.309,18.306,21.909,22.942
Croatia,HRV,2002,21.402,1.658,21.023,22.189,20.993
Croatia,HRV,2003,23.683,3.94,23.46,22.831,24.759
Croatia,HRV,2004,20.582,0.839,19.022,21.404,21.321
Croatia,HRV,2005,20.072,0.328,19.503,21.46,19.252
Croatia,HRV,2006,20.674,0.931,19.574,23.244,19.204
Croatia,HRV,2007,22.003,2.26,21.47,22.884,21.655
Croatia,HRV,2008,21.472,1.729,20.703,21.846,21.867
Croatia,HRV,2009,21.322,1.579,19.01,22.295,22.662
Croatia,HRV,2010,21.284,1.541,19.769,22.867,21.217
Croatia,HRV,2011,21.624,1.881,20.502,21.541,22.83
Croatia,HRV,2012,23.064,3.321,21.638,23.895,23.659
Croatia,HRV,2013,21.623,1.88,19.422,22.789,22.658
Croatia,HRV,2014,20.493,0.75,19.806,21.138,20.536
Croatia,HRV,2015,22.637,2.894,20.371,24.284,23.256
Croatia,HRV,2016,21.384,1.64,20.425,22.88,20.846
Croatia,HRV,2017,22.981,3.238,22.027,23.213,23.704
Croatia,HRV,2018,22.184,2.44,20.76,22.352,23.439
Croatia,HRV,2019,22.925,3.182,22.854,22.629,23.292
Croatia,HRV,2020,21.466,1.723,19.584,21.834,22.981
Hungary,HUN,1750,20.024,0.504,18.808,20.867,20.396
Hungary,HUN,1751,20.087,0.567,18.007,21.42,20.835
Hungary,HUN,1752,20.055,0.535,20.065,21.16,18.941
Hungary,HUN,1753,19.576,0.056,19.237,20.55,18.94
Hungary,HUN,1754,19.625,0.105,19.455,19.928,19.491
Hungary,HUN,1755,20.026,0.506,20.762,20.866,18.45
Hungary,HUN,1756,20.266,0.746,20.344,20.624,19.83
Hungary,HUN,1757,21.789,2.269,20.761,23.408,21.199
Hungary,HUN,1758,18.769,-0.751,19.05,18.767,18.49
Hungary,HUN,1759,20.067,0.547,19.468,20.944,19.788
Hungary,HUN,1760,19.415,-0.105,19.145,20.007,19.092
Hungary,HUN,1761,21.126,1.606,20.472,22.204,20.702
Hungary,HUN,1762,19.541,0.021,18.487,20.675,19.46
Hungary,HUN,1763,19.904,0.384,17.772,21.452,20.488
Hungary,HUN,1764,18.98,-0.54,17.915,20.731,18.295
Hungary,HUN,1765,18.703,-0.817,18.083,18.524,19.501
Hungary,HUN,1766,19.003,-0.517,18.99,18.764,19.256
Hungary,HUN,1767,19.37,-0.15,18.199,20.291,19.619
Hungary,HUN,1768,19.134,-0.386,17.466,20.567,19.368
Hungary,HUN,1769,19.133,-0.387,18.824,19.898,18.677
Hungary,HUN,1770,18.091,-1.429,17.262,18.564,18.446
Hungary,HUN,1771,18.763,-0.757,17.752,19.672,18.864
Hungary,HUN,1772,19.955,0.435,19.276,20.827,19.763
Hungary,HUN,1773,18.558,-0.962,17.589,19.327,18.758
Hungary,HUN,1774,20.577,1.057,20.136,21.212,20.384
Hungary,HUN,1775,20.714,1.194,19.698,20.903,21.54
Hungary,HUN,1776,19.633,0.113,18.512,20.159,20.228
Hungary,HUN,1777,18.883,-0.637,18.14,18.807,19.701
Hungary,HUN,1778,20.006,0.486,17.916,22.03,20.072
Hungary,HUN,1779,18.413,-1.107,16.788,18.896,19.554
Hungary,HUN,1780,19.066,-0.454,18.246,19.959,18.992
Hungary,HUN,1781,21.125,1.605,19.657,21.156,22.561
Hungary,HUN,1782,20.561,1.041,19.049,22.021,20.614
Hungary,HUN,1783,20.394,0.874,19.926,20.537,20.72
Hungary,HUN,1784,20.1,0.58,18.916,20.457,20.926
Hungary,HUN,1785,18.892,-0.628,17.626,19.565,19.486
Hungary,HUN,1786,18.666,-0.854,18.473,19.276,18.25
Hungary,HUN,1787,20.058,0.538,19.455,20.297,20.422
Hungary,HUN,1788,20.551,1.031,20.225,23.179,18.248
Hungary,HUN,1789,19.509,-0.011,17.89,21.172,19.465
Hungary,HUN,1790,19.798,0.278,19.976,19.388,20.03
Hungary,HUN,1791,20.057,0.537,18.11,20.507,21.554
Hungary,HUN,1792,20.195,0.675,19.526,21.278,19.782
Hungary,HUN,1793,19.912,0.392,17.533,21.717,20.486
Hungary,HUN,1794,20.405,0.885,19.66,22.535,19.02
Hungary,HUN,1795,19.512,-0.008,19.603,18.81,20.122
Hungary,HUN,1796,19.976,0.456,18.737,20.592,20.598
Hungary,HUN,1797,21.092,1.572,19.416,22.161,21.699
Hungary,HUN,1798,20.44,0.92,19.37,21.016,20.933
Hungary,HUN,1799,19.216,-0.304,17.321,19.883,20.443
Hungary,HUN,1800,18.805,-0.715,16.922,18.946,20.547
Hungary,HUN,1801,18.752,-0.768,17.535,20.487,18.235
Hungary,HUN,1802,20.762,1.242,19.321,21.277,21.687
Hungary,HUN,1803,19.683,0.163,17.716,20.858,20.476
Hungary,HUN,1804,19.687,0.167,18.559,21.05,19.452
Hungary,HUN,1805,18.368,-1.152,17.474,19.281,18.349
Hungary,HUN,1806,18.951,-0.569,17.861,19.912,19.079
Hungary,HUN,1807,21.124,1.604,17.949,21.501,23.922
Hungary,HUN,1808,20.186,0.666,18.192,21.238,21.129
Hungary,HUN,1809,19.579,0.059,18.577,19.918,20.242
Hungary,HUN,1810,18.594,-0.926,16.222,20.026,19.533
Hungary,HUN,1811,21.526,2.006,21.492,22.365,20.721
Hungary,HUN,1812,19.254,-0.266,18.814,19.675,19.273
Hungary,HUN,1813,17.69,-1.83,16.63,18.524,17.916
Hungary,HUN,1814,18.772,-0.748,16.71,20.563,19.044
Hungary,HUN,1815,18.252,-1.268,18.444,18.148,18.165
Hungary,HUN,1816,17.956,-1.564,17.692,18.339,17.837
Hungary,HUN,1817,19.59,0.07,19.276,19.769,19.724
Hungary,HUN,1818,19.022,-0.498,18.346,20.248,18.471
Hungary,HUN,1819,19.435,-0.085,18.706,20.245,19.353
Hungary,HUN,1820,19.427,-0.093,17.046,19.204,22.032
Hungary,HUN,1821,17.49,-2.03,15.471,18.187,18.811
Hungary,HUN,1822,20.605,1.085,20.387,21.808,19.619
Hungary,HUN,1823,19.524,0.004,18.455,19.613,20.505
Hungary,HUN,1824,19.299,-0.221,17.457,20.111,20.328
Hungary,HUN,1825,18.896,-0.624,18.025,19.449,19.213
Hungary,HUN,1826,20.442,0.922,18.17,21.863,21.292
Hungary,HUN,1827,20.35,0.83,19.876,21.841,19.333
Hungary,HUN,1828,19.885,0.365,19.317,21.612,18.726
Hungary,HUN,1829,18.461,-1.059,16.43,20.562,18.39
Hungary,HUN,1830,20.45,0.93,19.558,20.954,20.837
Hungary,HUN,1831,18.87,-0.65,17.313,20.464,18.832
Hungary,HUN,1832,18.552,-0.968,17.231,18.378,20.048
Hungary,HUN,1833,18.715,-0.805,20.431,18.853,16.862
Hungary,HUN,1834,21.609,2.089,20.217,23.194,21.415
Hungary,HUN,1835,19.501,-0.019,18.627,20.832,19.045
Hungary,HUN,1836,19.07,-0.45,18.771,19.544,18.896
Hungary,HUN,1837,18.89,-0.63,17.754,18.14,20.777
Hungary,HUN,1838,18.072,-1.448,17.889,18.812,17.516
Hungary,HUN,1839,20.228,0.708,20.309,21.288,19.086
Hungary,HUN,1840,18.776,-0.744,17.876,19.996,18.456
Hungary,HUN,1841,19.864,0.344,18.831,20.867,19.895
Hungary,HUN,1842,19.762,0.242,18.428,20.066,20.793
Hungary,HUN,1843,18.584,-0.936,17.07,19.281,19.401
Hungary,HUN,1844,18.267,-1.253,18.438,18.525,17.837
Hungary,HUN,1845,19.51,-0.01,19.599,20.895,18.035
Hungary,HUN,1846,20.771,1.251,19.117,21.811,21.385
Hungary,HUN,1847,19.056,-0.464,16.384,20.109,20.675
Hungary,HUN,1848,20.611,1.091,21.088,20.784,19.961
Hungary,HUN,1849,19.09,-0.43,19.634,19.33,18.305
Hungary,HUN,1850,19.88,0.36,19.394,19.561,20.686
Hungary,HUN,1851,18.735,-0.785,17.591,19.359,19.255
Hungary,HUN,1852,19.731,0.211,19.031,20.586,19.575
Hungary,HUN,1853,19.918,0.398,18.686,21.227,19.842
Hungary,HUN,1854,19.107,-0.413,17.769,20.696,18.855
Hungary,HUN,1855,20.188,0.668,19.807,20.548,20.208
Hungary,HUN,1856,19.487,-0.033,19.49,18.694,20.278
Hungary,HUN,1857,19.739,0.219,18.051,20.865,20.3
Hungary,HUN,1858,19.723,0.203,19.68,20.583,18.906
Hungary,HUN,1859,20.795,1.275,17.972,22.575,21.837
Hungary,HUN,1860,19.103,-0.417,19.157,18.434,19.717
Hungary,HUN,1861,20.75,1.23,19.945,20.896,21.41
Hungary,HUN,1862,19.781,0.261,18.83,20.832,19.68
Hungary,HUN,1863,20.022,0.502,18.884,19.739,21.442
Hungary,HUN,1864,18.377,-1.143,18.803,18.526,17.803
Hungary,HUN,1865,19.536,0.016,16.584,22.377,19.646
Hungary,HUN,1866,19.708,0.188,20.733,20.163,18.228
Hungary,HUN,1867,19.176,-0.344,18.111,19.599,19.818
Hungary,HUN,1868,20.345,0.825,20.171,20.647,20.216
Hungary,HUN,1869,19.079,-0.441,16.977,21.185,19.074
Hungary,HUN,1870,18.916,-0.604,17.802,20.94,18.006
Hungary,HUN,1871,19.131,-0.389,16.47,21.096,19.826
Hungary,HUN,1872,18.923,-0.597,17.596,20.396,18.776
Hungary,HUN,1873,20.345,0.825,17.876,21.788,21.371
Hungary,HUN,1874,20.208,0.688,19.148,22.645,18.832
Hungary,HUN,1875,20.78,1.26,21.568,20.486,20.286
Hungary,HUN,1876,19.767,0.247,19.214,20.15,19.938
Hungary,HUN,1877,20.634,1.114,20.014,20.27,21.617
Hungary,HUN,1878,19.24,-0.28,18.563,19.133,20.023
Hungary,HUN,1879,19.455,-0.065,19.696,18.531,20.137
Hungary,HUN,1880,19.637,0.117,18.466,22.22,18.225
Hungary,HUN,1881,19.756,0.236,17.803,21.153,20.312
Hungary,HUN,1882,18.529,-0.991,16.944,20.971,17.673
Hungary,HUN,1883,19.596,0.076,18.994,20.611,19.182
Hungary,HUN,1884,18.279,-1.241,16.067,20.482,18.289
Hungary,HUN,1885,19.533,0.013,19.578,20.8,18.222
Hungary,HUN,1886,19.224,-0.296,17.718,19.926,20.029
Hungary,HUN,1887,19.408,-0.112,16.963,22.132,19.129
Hungary,HUN,1888,18.931,-0.589,18.865,19.02,18.909
Hungary,HUN,1889,20.092,0.572,20.533,20.394,19.35
Hungary,HUN,1890,19.905,0.385,16.747,20.568,22.4
Hungary,HUN,1891,19.143,-0.377,18.06,20.121,19.249
Hungary,HUN,1892,20.005,0.485,18.964,19.557,21.494
Hungary,HUN,1893,18.896,-0.624,17.719,20.104,18.865
Hungary,HUN,1894,19.408,-0.112,16.83,21.992,19.403
Hungary,HUN,1895,19.635,0.115,18.452,21.376,19.076
Hungary,HUN,1896,19.328,-0.192,18.865,20.531,18.589
Hungary,HUN,1897,19.91,0.39,19.031,20.485,20.215
Hungary,HUN,1898,18.952,-0.568,18.021,18.8,20.036
Hungary,HUN,1899,18.472,-1.048,16.882,19.885,18.65
Hungary,HUN,1900,19.811,0.291,18.712,21.395,19.325
Hungary,HUN,1901,19.907,0.387,19.426,21.002,19.294
Hungary,HUN,1902,18.666,-0.854,17.305,19.047,19.647
Hungary,HUN,1903,18.583,-0.937,17.393,19.407,18.949
Hungary,HUN,1904,20.082,0.562,18.525,21.696,20.024
Hungary,HUN,1905,20.792,1.272,19.207,21.87,21.298
Hungary,HUN,1906,18.964,-0.556,17.692,20.307,18.892
Hungary,HUN,1907,19.05,-0.47,18.743,18.95,19.458
Hungary,HUN,1908,19.482,-0.038,20.181,20.017,18.248
Hungary,HUN,1909,19.065,-0.455,17.873,19.091,20.23
Hungary,HUN,1910,19.12,-0.4,19.058,19.094,19.208
Hungary,HUN,1911,19.839,0.319,17.73,21.091,20.696
Hungary,HUN,1912,19.019,-0.501,19.09,20.036,17.932
Hungary,HUN,1913,17.586,-1.934,17.805,17.293,17.659
Hungary,HUN,1914,18.701,-0.819,17.511,19.379,19.214
Hungary,HUN,1915,19.026,-0.494,19.728,19.729,17.621
Hungary,HUN,1916,18.868,-0.652,17.735,20.045,18.823
Hungary,HUN,1917,20.532,1.012,20.084,20.492,21.019
Hungary,HUN,1918,18.3,-1.22,16.309,19.712,18.879
Hungary,HUN,1919,18.176,-1.344,17.493,18.199,18.837
Hungary,HUN,1920,18.792,-0.728,17.01,20.831,18.535
Hungary,HUN,1921,19.71,0.19,17.135,21.155,20.841
Hungary,HUN,1922,19.69,0.17,18.928,20.384,19.759
Hungary,HUN,1923,18.535,-0.985,15.55,20.503,19.551
Hungary,HUN,1924,18.89,-0.63,18.863,19.696,18.11
Hungary,HUN,1925,18.664,-0.856,16.793,20.082,19.116
Hungary,HUN,1926,18.128,-1.392,17.115,19.471,17.798
Hungary,HUN,1927,20.591,1.071,19.829,21.294,20.651
Hungary,HUN,1928,20.362,0.842,17.564,22.866,20.657
Hungary,HUN,1929,19.892,0.372,17.9,20.329,21.446
Hungary,HUN,1930,19.939,0.419,20.359,20.333,19.126
Hungary,HUN,1931,20.505,0.985,20.308,21.706,19.501
Hungary,HUN,1932,20.071,0.551,17.422,21.964,20.828
Hungary,HUN,1933,18.706,-0.814,16.337,20.263,19.517
Hungary,HUN,1934,19.587,0.067,18.011,20.535,20.215
Hungary,HUN,1935,20.208,0.688,20.617,20.299,19.707
Hungary,HUN,1936,19.783,0.263,18.395,22.441,18.514
Hungary,HUN,1937,19.948,0.428,19.996,20.369,19.479
Hungary,HUN,1938,20.475,0.955,20.204,21.177,20.045
Hungary,HUN,1939,20.313,0.793,19.191,21.339,20.41
Hungary,HUN,1940,18.387,-1.133,18.369,19.761,17.032
Hungary,HUN,1941,18.782,-0.738,17.818,19.672,18.857
Hungary,HUN,1942,19.549,0.029,18.436,19.87,20.34
Hungary,HUN,1943,19.663,0.143,17.008,19.953,22.029
Hungary,HUN,1944,19.686,0.166,17.97,19.797,21.291
Hungary,HUN,1945,20.448,0.928,19.562,21.398,20.384
Hungary,HUN,1946,21.465,1.945,20.089,22.254,22.051
Hungary,HUN,1947,20.586,1.066,19.954,21.747,20.057
Hungary,HUN,1948,18.916,-0.604,17.728,18.884,20.135
Hungary,HUN,1949,18.398,-1.122,16.583,19.706,18.906
Hungary,HUN,1950,21.277,1.757,20.083,22.647,21.1
Hungary,HUN,1951,20.253,0.733,19.1,20.31,21.348
Hungary,HUN,1952,21.156,1.636,18.76,22.01,22.697
Hungary,HUN,1953,19.97,0.45,19.492,21.65,18.768
Hungary,HUN,1954,19.774,0.254,20.31,18.996,20.017
Hungary,HUN,1955,19.036,-0.484,17.947,20.082,19.08
Hungary,HUN,1956,19.53,0.01,17.917,20.557,20.116
Hungary,HUN,1957,20.313,0.793,20.471,21.231,19.236
Hungary,HUN,1958,19.804,0.284,17.774,21.03,20.607
Hungary,HUN,1959,19.685,0.165,17.989,21.481,19.585
Hungary,HUN,1960,19.241,-0.279,19.014,18.905,19.805
Hungary,HUN,1961,19.434,-0.086,19.427,19.15,19.724
Hungary,HUN,1962,18.97,-0.55,16.967,18.655,21.289
Hungary,HUN,1963,20.753,1.233,19.479,21.779,21.002
Hungary,HUN,1964,20.115,0.595,21.332,20.318,18.696
Hungary,HUN,1965,18.685,-0.835,18.474,19.733,17.849
Hungary,HUN,1966,19.047,-0.473,18.432,19.517,19.191
Hungary,HUN,1967,20.058,0.538,18.083,21.869,20.222
Hungary,HUN,1968,19.429,-0.091,19.67,19.9,18.718
Hungary,HUN,1969,18.86,-0.66,17.743,19.974,18.864
Hungary,HUN,1970,19.608,0.088,19.102,19.934,19.787
Hungary,HUN,1971,19.783,0.263,17.863,20.143,21.344
Hungary,HUN,1972,19.872,0.352,19.483,21.139,18.993
Hungary,HUN,1973,19.511,-0.009,18.37,20.177,19.987
Hungary,HUN,1974,19.124,-0.396,16.731,19.241,21.399
Hungary,HUN,1975,19.485,-0.035,18.369,20.446,19.64
Hungary,HUN,1976,18.718,-0.802,17.881,20.948,17.325
Hungary,HUN,1977,19.225,-0.295,18.954,19.633,19.087
Hungary,HUN,1978,18.093,-1.427,17.627,18.454,18.197
Hungary,HUN,1979,19.391,-0.129,20.964,18.35,18.86
Hungary,HUN,1980,18.677,-0.843,17.873,18.888,19.27
Hungary,HUN,1981,19.641,0.121,19.614,19.725,19.584
Hungary,HUN,1982,20.095,0.575,19.297,20.572,20.415
Hungary,HUN,1983,20.357,0.837,18.418,22.179,20.474
Hungary,HUN,1984,18.342,-1.178,17.079,18.555,19.392
Hungary,HUN,1985,19.085,-0.435,16.437,20.41,20.407
Hungary,HUN,1986,19.578,0.058,18.341,19.425,20.969
Hungary,HUN,1987,19.759,0.239,18.96,22.21,18.108
Hungary,HUN,1988,20.227,0.707,18.024,22.04,20.616
Hungary,HUN,1989,19.267,-0.253,17.149,20.669,19.983
Hungary,HUN,1990,19.642,0.122,18.283,19.957,20.686
Hungary,HUN,1991,20.115,0.595,18.564,21.683,20.098
Hungary,HUN,1992,21.954,2.434,19.645,21.402,24.815
Hungary,HUN,1993,20.042,0.522,19.326,19.985,20.815
Hungary,HUN,1994,21.505,1.985,19.28,23.246,21.988
Hungary,HUN,1995,20.429,0.909,18.316,22.939,20.033
Hungary,HUN,1996,19.594,0.074,19.724,19.031,20.028
Hungary,HUN,1997,19.732,0.212,19.247,19.584,20.365
Hungary,HUN,1998,20.577,1.057,20.093,20.924,20.714
Hungary,HUN,1999,20.404,0.884,19.51,21.648,20.055
Hungary,HUN,2000,21.022,1.502,20.499,20.041,22.527
Hungary,HUN,2001,20.392,0.872,17.689,21.383,22.103
Hungary,HUN,2002,21.558,2.038,20.735,22.785,21.155
Hungary,HUN,2003,22.627,3.107,22.421,21.974,23.486
Hungary,HUN,2004,20.084,0.564,18.701,20.821,20.73
Hungary,HUN,2005,19.728,0.208,18.744,21.038,19.401
Hungary,HUN,2006,20.433,0.913,19.258,23.073,18.968
Hungary,HUN,2007,22.056,2.536,21.498,22.78,21.889
Hungary,HUN,2008,20.931,1.411,20.68,20.998,21.116
Hungary,HUN,2009,20.945,1.425,18.806,22.121,21.909
Hungary,HUN,2010,20.968,1.448,19.546,22.585,20.772
Hungary,HUN,2011,20.995,1.475,20.267,20.759,21.959
Hungary,HUN,2012,22.342,2.822,20.99,23.468,22.567
Hungary,HUN,2013,21.333,1.813,19.615,22.12,22.263
Hungary,HUN,2014,20.337,0.817,19.414,21.66,19.936
Hungary,HUN,2015,22.368,2.848,20.07,23.479,23.554
Hungary,HUN,2016,20.994,1.474,20.664,22.019,20.299
Hungary,HUN,2017,22.157,2.637,21.552,22.023,22.897
Hungary,HUN,2018,22.023,2.503,20.768,21.914,23.387
Hungary,HUN,2019,22.538,3.018,22.827,21.795,22.993
Hungary,HUN,2020,21.198,1.678,19.798,21.284,22.511
Ireland,IRL,1750,14.344,0.134,12.789,15.489,14.753
Ireland,IRL,1751,13.967,-0.243,12.556,14.939,14.405
Ireland,IRL,1753,13.972,-0.238,13.864,14.57,13.481
Ireland,IRL,1754,13.666,-0.544,13.06,13.936,14.003
Ireland,IRL,1755,14.106,-0.104,14.58,14.815,12.924
Ireland,IRL,1756,14.055,-0.155,13.993,14.781,13.392
Ireland,IRL,1757,15.863,1.653,14.653,17.249,15.687
Ireland,IRL,1758,13.067,-1.143,12.994,12.93,13.277
Ireland,IRL,1759,14.304,0.094,13.475,14.748,14.689
Ireland,IRL,1760,13.173,-1.037,12.791,13.299,13.428
Ireland,IRL,1761,15.445,1.235,14.894,15.966,15.476
Ireland,IRL,1762,13.412,-0.798,12.791,14.32,13.126
Ireland,IRL,1763,13.573,-0.637,12.388,14.628,13.702
Ireland,IRL,1764,13.259,-0.951,11.993,14.167,13.616
Ireland,IRL,1765,13.022,-1.188,11.516,13.76,13.79
Ireland,IRL,1766,13.84,-0.37,12.455,14.108,14.956
Ireland,IRL,1767,13.311,-0.899,11.916,12.992,15.025
Ireland,IRL,1768,13.535,-0.675,12.306,13.988,14.312
Ireland,IRL,1769,13.531,-0.679,12.299,14.577,13.718
Ireland,IRL,1770,12.897,-1.313,11.487,13.194,14.011
Ireland,IRL,1771,13.534,-0.676,12.569,14.103,13.929
Ireland,IRL,1772,14.453,0.243,13.706,14.95,14.702
Ireland,IRL,1773,14.049,-0.161,12.735,14.172,15.24
Ireland,IRL,1774,14.191,-0.019,13.249,14.721,14.602
Ireland,IRL,1775,14.318,0.108,13.589,15.054,14.312
Ireland,IRL,1776,13.866,-0.344,12.745,14.702,14.151
Ireland,IRL,1777,13.35,-0.86,11.909,13.612,14.528
Ireland,IRL,1778,14.708,0.498,13.628,15.766,14.73
Ireland,IRL,1779,15.131,0.921,13.049,16.155,16.188
Ireland,IRL,1780,14.989,0.779,13.312,15.56,16.096
Ireland,IRL,1781,15.083,0.873,14.365,15.667,15.216
Ireland,IRL,1782,13.878,-0.332,13.572,14.443,13.619
Ireland,IRL,1783,14.697,0.487,13.195,16.558,14.339
Ireland,IRL,1784,13.543,-0.667,12.514,14.478,13.638
Ireland,IRL,1785,14.389,0.179,15.346,14.778,13.043
Ireland,IRL,1786,14.282,0.072,14.281,14.045,14.52
Ireland,IRL,1787,13.906,-0.304,12.592,14.389,14.736
Ireland,IRL,1788,14.69,0.48,13.803,15.199,15.067
Ireland,IRL,1789,14.367,0.157,12.938,14.697,15.467
Ireland,IRL,1790,14.013,-0.197,13.581,13.96,14.498
Ireland,IRL,1791,14.057,-0.153,13.193,14.271,14.708
Ireland,IRL,1792,13.985,-0.225,12.355,14.338,15.263
Ireland,IRL,1793,14.122,-0.088,12.493,15.836,14.037
Ireland,IRL,1794,14.656,0.446,13.96,15.815,14.194
Ireland,IRL,1795,13.875,-0.335,11.85,14.355,15.419
Ireland,IRL,1796,14.134,-0.076,13.138,14.211,15.053
Ireland,IRL,1797,14.006,-0.204,12.243,15.279,14.497
Ireland,IRL,1798,15.138,0.928,15.044,15.102,15.268
Ireland,IRL,1799,13.28,-0.93,12.784,13.919,13.137
Ireland,IRL,1800,14.553,0.343,12.51,15.876,15.274
Ireland,IRL,1801,14.319,0.109,13.379,14.106,15.471
Ireland,IRL,1802,13.746,-0.464,12.812,12.963,15.464
Ireland,IRL,1803,14.637,0.427,12.789,16.144,14.978
Ireland,IRL,1804,14.505,0.295,14.648,14.423,14.444
Ireland,IRL,1805,14.013,-0.197,12.187,14.598,15.254
Ireland,IRL,1806,14.122,-0.088,13.375,14.106,14.886
Ireland,IRL,1807,14.417,0.207,12.824,15.4,15.028
Ireland,IRL,1808,14.946,0.736,13.323,16.515,15.0
Ireland,IRL,1809,13.119,-1.091,12.321,13.366,13.671
Ireland,IRL,1810,13.445,-0.765,13.125,13.628,13.583
Ireland,IRL,1811,13.249,-0.961,12.392,13.947,13.408
Ireland,IRL,1812,13.184,-1.026,12.11,13.375,14.067
Ireland,IRL,1813,13.633,-0.577,12.802,14.233,13.864
Ireland,IRL,1814,13.159,-1.051,11.62,14.223,13.634
Ireland,IRL,1815,13.697,-0.513,12.714,14.158,14.218
Ireland,IRL,1816,12.289,-1.921,11.621,12.335,12.91
Ireland,IRL,1817,12.808,-1.402,12.937,12.89,12.597
Ireland,IRL,1818,15.168,0.958,15.403,15.901,14.201
Ireland,IRL,1819,14.368,0.158,12.327,14.785,15.993
Ireland,IRL,1820,13.592,-0.618,12.6,14.581,13.595
Ireland,IRL,1821,13.429,-0.781,11.519,13.892,14.875
Ireland,IRL,1822,14.586,0.376,15.268,14.407,14.083
Ireland,IRL,1823,12.89,-1.32,11.653,13.452,13.565
Ireland,IRL,1824,14.069,-0.141,12.931,14.993,14.282
Ireland,IRL,1825,14.768,0.558,13.294,15.757,15.252
Ireland,IRL,1826,15.808,1.598,15.518,16.046,15.859
Ireland,IRL,1827,14.009,-0.201,13.042,15.33,13.654
Ireland,IRL,1828,14.17,-0.04,13.946,14.438,14.125
Ireland,IRL,1829,13.579,-0.631,13.354,14.093,13.29
Ireland,IRL,1830,13.133,-1.077,11.796,14.636,12.966
Ireland,IRL,1831,14.563,0.353,13.939,14.789,14.961
Ireland,IRL,1832,13.834,-0.376,13.31,14.337,13.855
Ireland,IRL,1833,13.524,-0.686,13.075,14.291,13.206
Ireland,IRL,1834,14.403,0.193,13.717,15.02,14.471
Ireland,IRL,1835,14.267,0.057,12.934,14.641,15.226
Ireland,IRL,1836,13.688,-0.522,13.74,13.866,13.458
Ireland,IRL,1837,14.469,0.259,13.858,15.308,14.241
Ireland,IRL,1838,13.827,-0.383,12.883,14.437,14.161
Ireland,IRL,1839,13.634,-0.576,12.999,14.042,13.861
Ireland,IRL,1840,13.717,-0.493,13.009,13.344,14.799
Ireland,IRL,1841,12.861,-1.349,11.946,12.887,13.749
Ireland,IRL,1842,14.453,0.243,14.37,13.739,15.249
Ireland,IRL,1843,13.419,-0.791,12.072,13.864,14.321
Ireland,IRL,1844,13.494,-0.716,13.4,14.129,12.953
Ireland,IRL,1845,13.224,-0.986,13.355,13.161,13.156
Ireland,IRL,1846,15.639,1.429,16.395,15.188,15.335
Ireland,IRL,1847,14.56,0.35,13.097,16.3,14.284
Ireland,IRL,1848,13.313,-0.897,12.81,14.48,12.649
Ireland,IRL,1849,13.777,-0.433,12.503,14.346,14.482
Ireland,IRL,1850,14.136,-0.074,13.905,14.831,13.672
Ireland,IRL,1851,13.832,-0.378,13.104,13.643,14.748
Ireland,IRL,1852,14.589,0.379,12.231,16.655,14.882
Ireland,IRL,1853,13.801,-0.409,13.331,14.041,14.032
Ireland,IRL,1854,13.533,-0.677,12.163,14.021,14.416
Ireland,IRL,1855,14.322,0.112,12.567,15.541,14.858
Ireland,IRL,1856,14.261,0.051,12.786,14.38,15.617
Ireland,IRL,1857,15.17,0.96,14.487,15.173,15.849
Ireland,IRL,1858,14.188,-0.022,14.637,13.553,14.374
Ireland,IRL,1859,14.922,0.712,13.568,16.355,14.843
Ireland,IRL,1860,12.755,-1.455,11.614,13.839,12.813
Ireland,IRL,1861,14.479,0.269,14.023,14.133,15.28
Ireland,IRL,1862,12.83,-1.38,12.036,12.863,13.592
Ireland,IRL,1863,13.673,-0.537,12.659,14.362,13.999
Ireland,IRL,1864,13.475,-0.735,12.361,14.444,13.62
Ireland,IRL,1865,14.426,0.216,14.81,14.647,13.822
Ireland,IRL,1866,13.735,-0.475,13.17,14.587,13.449
Ireland,IRL,1867,14.155,-0.055,13.414,14.059,14.991
Ireland,IRL,1868,14.847,0.637,13.715,16.361,14.466
Ireland,IRL,1869,14.319,0.109,12.751,15.56,14.645
Ireland,IRL,1870,15.016,0.806,13.918,15.832,15.297
Ireland,IRL,1871,14.15,-0.06,12.718,14.264,15.469
Ireland,IRL,1872,14.3,0.09,12.786,15.378,14.736
Ireland,IRL,1873,14.193,-0.017,13.621,14.806,14.153
Ireland,IRL,1874,14.187,-0.023,13.121,15.272,14.168
Ireland,IRL,1875,13.864,-0.346,12.824,13.702,15.065
Ireland,IRL,1876,14.361,0.151,12.827,15.516,14.739
Ireland,IRL,1877,13.749,-0.461,13.562,13.794,13.891
Ireland,IRL,1878,14.84,0.63,13.697,15.689,15.134
Ireland,IRL,1879,12.991,-1.219,12.298,13.039,13.636
Ireland,IRL,1880,14.05,-0.16,12.451,13.907,15.791
Ireland,IRL,1881,13.149,-1.061,12.198,14.236,13.012
Ireland,IRL,1882,13.432,-0.778,12.066,13.999,14.23
Ireland,IRL,1883,13.135,-1.075,12.315,13.178,13.913
Ireland,IRL,1884,14.019,-0.191,12.642,14.525,14.889
Ireland,IRL,1885,13.566,-0.644,12.371,14.724,13.603
Ireland,IRL,1886,13.795,-0.415,12.686,14.397,14.303
Ireland,IRL,1887,15.119,0.909,15.264,15.686,14.407
Ireland,IRL,1888,13.024,-1.186,12.573,13.071,13.427
Ireland,IRL,1889,13.873,-0.337,13.721,14.174,13.725
Ireland,IRL,1890,13.264,-0.946,12.808,13.52,13.463
Ireland,IRL,1891,13.871,-0.339,13.933,14.185,13.494
Ireland,IRL,1892,13.337,-0.873,12.375,13.478,14.157
Ireland,IRL,1893,15.089,0.879,14.536,14.975,15.756
Ireland,IRL,1894,13.425,-0.785,12.511,14.298,13.467
Ireland,IRL,1895,13.893,-0.317,13.694,13.738,14.248
Ireland,IRL,1896,13.991,-0.219,14.223,14.296,13.453
Ireland,IRL,1897,14.383,0.173,13.402,15.177,14.571
Ireland,IRL,1898,13.98,-0.23,12.673,14.421,14.846
Ireland,IRL,1899,15.342,1.132,14.151,15.165,16.71
Ireland,IRL,1900,14.411,0.201,13.479,15.456,14.298
Ireland,IRL,1901,14.432,0.222,12.733,15.91,14.654
Ireland,IRL,1902,13.236,-0.974,12.575,13.61,13.524
Ireland,IRL,1903,13.268,-0.942,12.531,13.991,13.282
Ireland,IRL,1904,13.794,-0.416,12.809,14.858,13.716
Ireland,IRL,1905,14.317,0.107,13.974,15.342,13.635
Ireland,IRL,1906,14.359,0.149,13.499,14.251,15.327
Ireland,IRL,1907,12.969,-1.241,11.406,14.236,13.265
Ireland,IRL,1908,13.855,-0.355,13.088,14.529,13.948
Ireland,IRL,1909,13.327,-0.883,11.754,13.598,14.628
Ireland,IRL,1910,14.02,-0.19,13.445,14.1,14.514
Ireland,IRL,1911,15.303,1.093,13.38,16.036,16.494
Ireland,IRL,1912,13.03,-1.18,12.881,14.131,12.077
Ireland,IRL,1913,13.536,-0.674,12.595,13.755,14.259
Ireland,IRL,1914,14.335,0.125,13.222,14.647,15.137
Ireland,IRL,1915,13.876,-0.334,13.349,13.981,14.297
Ireland,IRL,1916,13.679,-0.531,11.452,14.411,15.173
Ireland,IRL,1917,14.246,0.036,13.022,15.206,14.511
Ireland,IRL,1918,13.885,-0.325,12.81,14.299,14.547
Ireland,IRL,1919,13.705,-0.505,12.816,13.557,14.743
Ireland,IRL,1920,13.399,-0.811,13.484,13.239,13.475
Ireland,IRL,1921,14.828,0.618,13.994,16.567,13.922
Ireland,IRL,1922,12.854,-1.356,12.671,12.823,13.069
Ireland,IRL,1923,13.933,-0.277,12.25,15.503,14.047
Ireland,IRL,1924,13.509,-0.701,12.911,13.931,13.686
Ireland,IRL,1925,14.262,0.052,13.662,14.731,14.392
Ireland,IRL,1926,14.429,0.219,12.552,15.693,15.041
Ireland,IRL,1927,13.604,-0.606,11.489,14.616,14.707
Ireland,IRL,1928,13.435,-0.775,11.952,14.23,14.122
Ireland,IRL,1929,13.769,-0.441,12.502,14.644,14.16
Ireland,IRL,1930,13.978,-0.232,13.678,14.172,14.084
Ireland,IRL,1931,13.628,-0.582,12.907,14.106,13.872
Ireland,IRL,1932,14.815,0.605,14.177,14.732,15.535
Ireland,IRL,1933,15.328,1.118,14.069,16.078,15.837
Ireland,IRL,1934,15.047,0.837,14.19,16.699,14.253
Ireland,IRL,1935,14.485,0.275,13.198,15.199,15.058
Ireland,IRL,1936,14.372,0.162,13.385,14.476,15.254
Ireland,IRL,1937,14.457,0.247,13.18,14.692,15.499
Ireland,IRL,1938,13.815,-0.395,12.856,13.793,14.795
Ireland,IRL,1939,14.547,0.337,13.994,14.272,15.374
Ireland,IRL,1940,14.617,0.407,14.937,13.868,15.045
Ireland,IRL,1941,14.176,-0.034,13.729,14.863,13.936
Ireland,IRL,1942,14.09,-0.12,12.994,14.353,14.923
Ireland,IRL,1943,14.372,0.162,13.491,15.24,14.386
Ireland,IRL,1944,14.501,0.291,12.921,15.23,15.352
Ireland,IRL,1945,14.539,0.329,13.247,15.041,15.329
Ireland,IRL,1946,13.374,-0.836,12.194,14.301,13.626
Ireland,IRL,1947,15.207,0.997,13.652,14.634,17.334
Ireland,IRL,1948,13.798,-0.412,12.536,14.53,14.327
Ireland,IRL,1949,15.167,0.957,14.238,15.754,15.51
Ireland,IRL,1950,14.51,0.3,14.445,14.792,14.294
Ireland,IRL,1951,13.985,-0.225,13.164,14.963,13.828
Ireland,IRL,1952,14.338,0.128,12.847,15.355,14.812
Ireland,IRL,1953,14.183,-0.027,13.377,14.432,14.74
Ireland,IRL,1954,13.225,-0.985,12.664,13.369,13.641
Ireland,IRL,1955,15.48,1.27,13.144,16.323,16.974
Ireland,IRL,1956,13.405,-0.805,12.544,14.61,13.061
Ireland,IRL,1957,14.705,0.495,14.228,15.142,14.745
Ireland,IRL,1958,14.184,-0.026,12.988,14.734,14.83
Ireland,IRL,1959,15.085,0.875,14.039,15.474,15.742
Ireland,IRL,1960,14.441,0.231,14.628,14.444,14.25
Ireland,IRL,1961,13.764,-0.446,13.117,13.934,14.241
Ireland,IRL,1962,13.394,-0.816,12.494,14.085,13.604
Ireland,IRL,1963,13.857,-0.353,13.829,14.067,13.676
Ireland,IRL,1964,14.021,-0.189,12.965,14.674,14.423
Ireland,IRL,1965,13.657,-0.553,13.341,13.501,14.129
Ireland,IRL,1966,14.185,-0.025,14.069,14.375,14.11
Ireland,IRL,1967,14.16,-0.05,13.446,14.756,14.277
Ireland,IRL,1968,14.302,0.092,13.705,14.15,15.05
Ireland,IRL,1969,14.457,0.247,13.217,15.222,14.933
Ireland,IRL,1970,14.749,0.539,15.235,14.136,14.876
Ireland,IRL,1971,14.124,-0.086,12.356,15.329,14.687
Ireland,IRL,1972,13.22,-0.99,11.125,14.764,13.772
Ireland,IRL,1973,14.456,0.246,13.602,14.526,15.239
Ireland,IRL,1974,13.741,-0.469,13.016,14.07,14.137
Ireland,IRL,1975,15.401,1.191,14.078,15.885,16.239
Ireland,IRL,1976,15.806,1.596,14.901,16.069,16.449
Ireland,IRL,1977,14.296,0.086,12.394,15.581,14.912
Ireland,IRL,1978,13.779,-0.431,12.751,14.128,14.459
Ireland,IRL,1979,14.017,-0.193,13.147,15.031,13.873
Ireland,IRL,1980,13.886,-0.324,12.888,13.876,14.893
Ireland,IRL,1981,14.265,0.055,12.75,14.297,15.748
Ireland,IRL,1982,14.818,0.608,14.15,15.595,14.708
Ireland,IRL,1983,15.802,1.592,13.318,17.352,16.736
Ireland,IRL,1984,15.319,1.109,13.75,15.898,16.309
Ireland,IRL,1985,13.392,-0.818,12.298,14.589,13.29
Ireland,IRL,1986,13.532,-0.678,13.685,14.486,12.424
Ireland,IRL,1987,14.254,0.044,12.326,15.334,15.101
Ireland,IRL,1988,14.096,-0.114,14.42,13.789,14.078
Ireland,IRL,1989,15.371,1.161,13.595,17.192,15.327
Ireland,IRL,1990,14.961,0.751,12.914,15.91,16.058
Ireland,IRL,1991,14.696,0.486,12.257,15.882,15.948
Ireland,IRL,1992,14.658,0.448,14.861,15.309,13.803
Ireland,IRL,1993,14.066,-0.144,13.833,14.389,13.976
Ireland,IRL,1994,14.163,-0.047,12.913,15.16,14.416
Ireland,IRL,1995,16.488,2.278,14.483,16.844,18.138
Ireland,IRL,1996,14.658,0.448,13.632,15.247,15.096
Ireland,IRL,1997,15.225,1.015,13.267,15.749,16.66
Ireland,IRL,1998,14.44,0.23,13.267,14.664,15.389
Ireland,IRL,1999,14.944,0.734,12.906,16.321,15.604
Ireland,IRL,2000,15.036,0.826,13.795,15.591,15.721
Ireland,IRL,2001,14.633,0.423,13.427,15.254,15.219
Ireland,IRL,2002,14.362,0.152,12.985,14.557,15.545
Ireland,IRL,2003,15.666,1.456,14.315,15.966,16.718
Ireland,IRL,2004,15.123,0.913,14.683,14.675,16.012
Ireland,IRL,2005,15.457,1.247,14.787,15.949,15.636
Ireland,IRL,2006,15.899,1.689,14.945,17.22,15.533
Ireland,IRL,2007,14.815,0.605,14.475,14.844,15.127
Ireland,IRL,2008,14.814,0.604,13.641,15.435,15.366
Ireland,IRL,2009,15.091,0.881,14.786,15.317,15.171
Ireland,IRL,2010,15.156,0.946,15.092,15.597,14.778
Ireland,IRL,2011,13.761,-0.449,12.516,14.594,14.174
Ireland,IRL,2012,14.454,0.244,13.059,14.422,15.881
Ireland,IRL,2013,15.759,1.549,13.751,17.669,15.858
Ireland,IRL,2014,15.455,1.245,14.848,16.732,14.784
Ireland,IRL,2015,14.098,-0.112,13.294,14.452,14.547
Ireland,IRL,2016,15.409,1.199,14.955,15.435,15.836
Ireland,IRL,2017,14.932,0.722,14.45,15.397,14.949
Ireland,IRL,2018,16.048,1.838,15.919,16.886,15.338
Ireland,IRL,2019,15.247,1.037,13.422,16.456,15.864
Ireland,IRL,2020,14.89,0.68,14.066,14.642,15.963
Italy,ITA,1750,21.161,0.384,19.289,22.047,22.147
Italy,ITA,1751,21.309,0.532,18.517,22.708,22.701
Italy,ITA,1752,21.126,0.349,20.937,22.08,20.36
Italy,ITA,1753,21.455,0.678,20.926,22.547,20.892
Italy,ITA,1754,21.252,0.475,20.202,21.543,22.011
Italy,ITA,1755,21.124,0.348,21.586,21.549,20.238
Italy,ITA,1756,21.257,0.48,20.521,21.264,21.985
Italy,ITA,1757,22.851,2.074,21.107,24.099,23.347
Italy,ITA,1758,19.898,-0.878,19.801,19.748,20.146
Italy,ITA,1759,21.161,0.384,19.561,22.458,21.463
Italy,ITA,1760,20.712,-0.064,19.422,21.78,20.935
Italy,ITA,1761,21.942,1.165,20.003,23.662,22.16
Italy,ITA,1762,20.958,0.181,18.516,22.765,21.592
Italy,ITA,1763,21.083,0.306,18.397,22.396,22.456
Italy,ITA,1764,20.231,-0.546,19.508,21.33,19.854
Italy,ITA,1765,19.789,-0.988,18.855,19.827,20.684
Italy,ITA,1766,20.69,-0.087,20.03,20.265,21.774
Italy,ITA,1767,20.532,-0.244,18.402,21.99,21.205
Italy,ITA,1768,20.514,-0.263,17.7,22.183,21.659
Italy,ITA,1769,20.365,-0.411,19.417,20.796,20.883
Italy,ITA,1770,19.56,-1.217,18.401,19.676,20.603
Italy,ITA,1771,20.459,-0.318,17.861,21.796,21.719
Italy,ITA,1772,21.436,0.659,20.17,22.197,21.94
Italy,ITA,1773,19.335,-1.442,17.537,20.179,20.288
Italy,ITA,1774,21.614,0.838,19.899,21.956,22.988
Italy,ITA,1775,20.992,0.215,19.116,22.039,21.82
Italy,ITA,1776,20.616,-0.16,18.693,21.207,21.949
Italy,ITA,1777,19.877,-0.9,18.007,19.885,21.738
Italy,ITA,1778,20.9,0.123,18.107,22.86,21.732
Italy,ITA,1779,19.644,-1.133,16.862,21.011,21.058
Italy,ITA,1780,21.142,0.365,20.146,22.113,21.167
Italy,ITA,1781,21.268,0.491,18.846,22.435,22.523
Italy,ITA,1782,22.303,1.526,20.546,23.449,22.914
Italy,ITA,1783,20.843,0.066,18.809,22.229,21.491
Italy,ITA,1784,21.463,0.686,19.947,22.859,21.583
Italy,ITA,1785,20.697,-0.08,19.401,21.369,21.32
Italy,ITA,1786,20.178,-0.599,19.339,20.954,20.24
Italy,ITA,1787,21.484,0.708,20.419,21.571,22.463
Italy,ITA,1788,21.83,1.053,20.342,24.082,21.065
Italy,ITA,1789,20.352,-0.425,17.931,21.696,21.429
Italy,ITA,1790,21.163,0.386,19.913,21.077,22.499
Italy,ITA,1791,21.04,0.263,18.715,21.537,22.868
Italy,ITA,1792,21.018,0.241,19.928,21.892,21.233
Italy,ITA,1793,21.256,0.479,18.265,22.851,22.652
Italy,ITA,1794,21.126,0.35,18.877,23.181,21.321
Italy,ITA,1795,20.455,-0.321,18.804,20.346,22.216
Italy,ITA,1796,20.928,0.151,19.024,21.592,22.167
Italy,ITA,1797,21.381,0.604,18.171,22.675,23.297
Italy,ITA,1798,21.321,0.544,19.199,22.33,22.433
Italy,ITA,1799,20.504,-0.273,18.115,21.315,22.082
Italy,ITA,1800,20.541,-0.236,18.074,21.895,21.654
Italy,ITA,1801,20.552,-0.224,18.816,22.072,20.769
Italy,ITA,1802,22.247,1.471,21.146,21.967,23.629
Italy,ITA,1803,21.498,0.722,19.757,22.12,22.618
Italy,ITA,1804,21.467,0.69,20.785,22.053,21.563
Italy,ITA,1805,20.393,-0.384,19.265,20.872,21.041
Italy,ITA,1806,20.736,-0.04,19.886,21.38,20.943
Italy,ITA,1807,22.291,1.515,19.333,23.303,24.238
Italy,ITA,1808,20.909,0.132,18.031,22.711,21.984
Italy,ITA,1809,20.777,0.001,19.352,21.378,21.602
Italy,ITA,1810,19.758,-1.019,17.354,20.892,21.027
Italy,ITA,1811,21.579,0.802,20.71,22.827,21.199
Italy,ITA,1812,20.1,-0.677,18.969,20.295,21.036
Italy,ITA,1813,19.015,-1.762,17.804,19.469,19.771
Italy,ITA,1814,19.676,-1.101,17.787,21.044,20.196
Italy,ITA,1815,19.264,-1.513,18.124,19.928,19.739
Italy,ITA,1816,18.828,-1.948,17.381,19.605,19.499
Italy,ITA,1817,20.769,-0.008,19.573,21.237,21.496
Italy,ITA,1818,20.415,-0.362,18.955,21.725,20.565
Italy,ITA,1819,20.425,-0.351,18.703,21.49,21.083
Italy,ITA,1820,21.351,0.575,18.609,21.691,23.754
Italy,ITA,1821,19.552,-1.225,16.926,20.252,21.477
Italy,ITA,1822,22.537,1.76,22.724,22.74,22.147
Italy,ITA,1823,20.503,-0.274,18.481,20.864,22.164
Italy,ITA,1824,20.546,-0.231,17.573,21.883,22.181
Italy,ITA,1825,20.426,-0.35,18.707,21.305,21.267
Italy,ITA,1826,21.022,0.245,18.435,21.89,22.74
Italy,ITA,1827,21.094,0.318,18.727,23.141,21.415
Italy,ITA,1828,21.867,1.09,20.505,23.385,21.711
Italy,ITA,1829,20.094,-0.683,18.013,21.975,20.294
Italy,ITA,1830,21.701,0.925,19.351,23.238,22.515
Italy,ITA,1831,20.701,-0.076,19.293,21.881,20.928
Italy,ITA,1832,20.863,0.086,18.169,22.097,22.323
Italy,ITA,1833,20.048,-0.729,20.369,19.65,20.125
Italy,ITA,1834,21.955,1.179,20.26,23.465,22.141
Italy,ITA,1835,20.628,-0.149,18.91,22.012,20.962
Italy,ITA,1836,20.942,0.165,19.214,22.23,21.381
Italy,ITA,1837,21.404,0.627,20.065,21.262,22.885
Italy,ITA,1838,20.197,-0.579,19.078,21.161,20.353
Italy,ITA,1839,21.39,0.613,20.841,22.478,20.851
Italy,ITA,1840,20.805,0.028,19.761,20.807,21.846
Italy,ITA,1841,20.488,-0.289,18.701,21.81,20.953
Italy,ITA,1842,21.377,0.6,20.129,22.108,21.894
Italy,ITA,1843,19.247,-1.53,17.517,19.417,20.806
Italy,ITA,1844,20.209,-0.567,19.648,21.009,19.971
Italy,ITA,1845,20.147,-0.63,19.013,21.724,19.704
Italy,ITA,1846,22.375,1.599,21.211,23.539,22.376
Italy,ITA,1847,20.245,-0.532,17.364,21.744,21.626
Italy,ITA,1848,21.273,0.496,20.245,21.592,21.981
Italy,ITA,1849,21.343,0.566,21.259,21.714,21.055
Italy,ITA,1850,20.541,-0.235,19.04,21.183,21.401
Italy,ITA,1851,20.236,-0.541,19.062,20.712,20.933
Italy,ITA,1852,20.552,-0.225,18.621,21.944,21.09
Italy,ITA,1853,20.9,0.123,17.92,22.682,22.097
Italy,ITA,1854,20.514,-0.263,18.511,21.832,21.199
Italy,ITA,1855,20.381,-0.395,18.183,21.429,21.532
Italy,ITA,1856,20.845,0.068,19.458,20.86,22.216
Italy,ITA,1857,20.455,-0.321,18.312,21.752,21.302
Italy,ITA,1858,20.607,-0.169,20.547,20.964,20.311
Italy,ITA,1859,21.79,1.013,18.584,23.566,23.22
Italy,ITA,1860,20.199,-0.577,19.41,20.252,20.936
Italy,ITA,1861,21.61,0.833,19.851,21.536,23.443
Italy,ITA,1862,20.843,0.066,19.257,22.141,21.13
Italy,ITA,1863,21.378,0.601,19.602,21.92,22.611
Italy,ITA,1864,20.611,-0.166,19.016,21.842,20.974
Italy,ITA,1865,21.398,0.621,19.475,22.764,21.955
Italy,ITA,1866,20.906,0.129,20.021,22.293,20.403
Italy,ITA,1867,21.015,0.238,19.641,21.623,21.781
Italy,ITA,1868,21.179,0.402,20.331,21.47,21.736
Italy,ITA,1869,20.606,-0.171,18.313,22.785,20.72
Italy,ITA,1870,20.837,0.06,19.659,22.728,20.123
Italy,ITA,1871,20.271,-0.506,16.976,22.417,21.419
Italy,ITA,1872,20.519,-0.257,18.516,22.089,20.953
Italy,ITA,1873,21.556,0.779,18.324,23.183,23.16
Italy,ITA,1874,21.267,0.491,20.198,23.101,20.503
Italy,ITA,1875,21.183,0.407,20.084,21.282,22.184
Italy,ITA,1876,20.779,0.002,18.752,21.775,21.81
Italy,ITA,1877,21.967,1.191,20.657,22.0,23.245
Italy,ITA,1878,20.842,0.066,19.121,21.46,21.946
Italy,ITA,1879,21.155,0.378,19.894,20.331,23.24
Italy,ITA,1880,20.577,-0.2,17.9,23.205,20.625
Italy,ITA,1881,21.342,0.565,18.197,23.256,22.572
Italy,ITA,1882,20.393,-0.384,18.906,21.4,20.873
Italy,ITA,1883,19.991,-0.786,18.036,21.131,20.806
Italy,ITA,1884,19.524,-1.252,16.158,21.575,20.84
Italy,ITA,1885,21.13,0.354,19.162,22.121,22.108
Italy,ITA,1886,20.095,-0.682,18.011,21.64,20.633
Italy,ITA,1887,21.39,0.614,19.405,22.874,21.892
Italy,ITA,1888,20.256,-0.521,19.984,20.598,20.186
Italy,ITA,1889,20.606,-0.17,19.577,21.242,21.0
Italy,ITA,1890,20.464,-0.312,18.432,20.691,22.27
Italy,ITA,1891,20.408,-0.368,18.605,21.728,20.892
Italy,ITA,1892,20.992,0.215,19.722,21.49,21.763
Italy,ITA,1893,20.703,-0.074,18.904,21.588,21.617
Italy,ITA,1894,20.709,-0.068,18.359,22.492,21.276
Italy,ITA,1895,20.749,-0.028,18.697,22.404,21.145
Italy,ITA,1896,20.128,-0.649,18.7,21.99,19.694
Italy,ITA,1897,21.321,0.544,19.717,22.801,21.444
Italy,ITA,1898,20.44,-0.337,18.971,20.563,21.785
Italy,ITA,1899,20.321,-0.456,18.205,21.118,21.64
Italy,ITA,1900,20.642,-0.135,19.415,21.833,20.677
Italy,ITA,1901,20.924,0.148,19.803,21.612,21.358
Italy,ITA,1902,20.497,-0.279,17.673,22.245,21.574
Italy,ITA,1903,19.966,-0.81,17.353,20.834,21.712
Italy,ITA,1904,21.906,1.129,20.345,23.295,22.078
Italy,ITA,1905,21.148,0.371,18.641,23.086,21.716
Italy,ITA,1906,20.771,-0.005,18.781,21.487,22.046
Italy,ITA,1907,20.563,-0.214,19.095,20.499,22.095
Italy,ITA,1908,20.68,-0.097,19.874,21.236,20.93
Italy,ITA,1909,19.785,-0.992,17.845,20.204,21.306
Italy,ITA,1910,19.881,-0.896,18.719,19.978,20.946
Italy,ITA,1911,21.38,0.603,18.602,22.407,23.131
Italy,ITA,1912,19.927,-0.849,18.54,21.339,19.903
Italy,ITA,1913,19.556,-1.22,19.055,19.259,20.355
Italy,ITA,1914,19.458,-1.319,17.439,20.25,20.684
Italy,ITA,1915,20.486,-0.291,19.525,21.321,20.612
Italy,ITA,1916,20.494,-0.283,19.108,21.615,20.759
Italy,ITA,1917,21.183,0.406,20.136,21.524,21.888
Italy,ITA,1918,19.767,-1.01,17.044,21.409,20.848
Italy,ITA,1919,20.122,-0.655,18.946,19.574,21.846
Italy,ITA,1920,20.603,-0.174,18.805,22.152,20.852
Italy,ITA,1921,20.695,-0.081,18.084,22.399,21.603
Italy,ITA,1922,21.211,0.435,19.659,21.158,22.817
Italy,ITA,1923,20.552,-0.225,16.315,22.427,22.914
Italy,ITA,1924,20.321,-0.456,19.375,21.902,19.686
Italy,ITA,1925,20.443,-0.334,19.245,20.671,21.413
Italy,ITA,1926,19.29,-1.487,17.286,20.18,20.404
Italy,ITA,1927,21.631,0.854,20.317,22.34,22.235
Italy,ITA,1928,22.447,1.67,19.366,24.176,23.799
Italy,ITA,1929,21.279,0.502,20.053,22.315,21.469
Italy,ITA,1930,20.961,0.185,20.407,21.432,21.045
Italy,ITA,1931,22.027,1.25,21.632,22.572,21.876
Italy,ITA,1932,20.345,-0.432,17.636,20.651,22.747
Italy,ITA,1933,20.145,-0.632,16.767,21.602,22.065
Italy,ITA,1934,20.83,0.053,19.171,22.402,20.916
Italy,ITA,1935,21.563,0.786,20.569,22.806,21.313
Italy,ITA,1936,20.561,-0.216,18.525,21.93,21.227
Italy,ITA,1937,21.227,0.45,20.568,21.733,21.379
Italy,ITA,1938,21.305,0.528,20.381,22.07,21.464
Italy,ITA,1939,20.784,0.008,18.574,22.052,21.727
Italy,ITA,1940,19.494,-1.283,17.867,20.502,20.113
Italy,ITA,1941,20.689,-0.088,19.128,21.91,21.028
Italy,ITA,1942,20.908,0.131,19.574,21.703,21.446
Italy,ITA,1943,21.647,0.87,19.093,22.184,23.664
Italy,ITA,1944,21.294,0.518,19.081,21.631,23.171
Italy,ITA,1945,22.569,1.792,21.643,23.81,22.253
Italy,ITA,1946,21.789,1.013,19.391,22.922,23.055
Italy,ITA,1947,22.545,1.768,20.828,23.405,23.402
Italy,ITA,1948,19.951,-0.825,18.552,19.685,21.617
Italy,ITA,1949,20.989,0.212,19.043,22.249,21.675
Italy,ITA,1950,22.958,2.181,21.365,24.498,23.01
Italy,ITA,1951,21.239,0.462,19.673,21.768,22.275
Italy,ITA,1952,22.878,2.101,21.325,24.078,23.231
Italy,ITA,1953,20.647,-0.13,18.128,22.385,21.427
Italy,ITA,1954,20.29,-0.487,19.967,20.473,20.429
Italy,ITA,1955,20.7,-0.076,19.211,22.171,20.719
Italy,ITA,1956,20.606,-0.171,17.492,21.78,22.545
Italy,ITA,1957,21.068,0.291,19.924,21.762,21.518
Italy,ITA,1958,21.134,0.358,18.778,21.822,22.803
Italy,ITA,1959,20.898,0.122,19.015,22.477,21.203
Italy,ITA,1960,20.68,-0.097,19.923,20.53,21.586
Italy,ITA,1961,20.895,0.118,19.618,21.246,21.821
Italy,ITA,1962,21.198,0.422,18.473,21.668,23.454
Italy,ITA,1963,21.048,0.272,18.971,22.658,21.516
Italy,ITA,1964,21.295,0.518,20.497,22.05,21.338
Italy,ITA,1965,20.571,-0.206,19.152,21.898,20.663
Italy,ITA,1966,20.57,-0.207,20.062,20.624,21.023
Italy,ITA,1967,21.046,0.27,17.925,22.879,22.335
Italy,ITA,1968,20.033,-0.744,18.519,21.557,20.022
Italy,ITA,1969,19.925,-0.851,17.666,21.132,20.978
Italy,ITA,1970,21.031,0.254,19.848,21.316,21.929
Italy,ITA,1971,21.351,0.574,18.31,21.995,23.748
Italy,ITA,1972,20.233,-0.544,19.009,21.168,20.522
Italy,ITA,1973,21.33,0.554,19.706,21.921,22.364
Italy,ITA,1974,20.887,0.111,18.408,21.597,22.657
Italy,ITA,1975,20.425,-0.351,18.006,21.934,21.336
Italy,ITA,1976,20.209,-0.568,19.544,21.688,19.394
Italy,ITA,1977,20.16,-0.617,18.464,21.535,20.48
Italy,ITA,1978,19.968,-0.809,18.49,20.59,20.823
Italy,ITA,1979,20.923,0.146,20.271,21.548,20.95
Italy,ITA,1980,20.063,-0.714,17.727,20.151,22.31
Italy,ITA,1981,20.66,-0.117,19.65,20.615,21.715
Italy,ITA,1982,22.021,1.244,20.776,23.301,21.985
Italy,ITA,1983,21.706,0.93,19.082,24.274,21.763
Italy,ITA,1984,20.299,-0.478,18.243,21.842,20.811
Italy,ITA,1985,21.482,0.706,18.901,23.279,22.267
Italy,ITA,1986,21.095,0.318,18.88,21.554,22.85
Italy,ITA,1987,21.457,0.68,18.648,23.166,22.556
Italy,ITA,1988,21.922,1.146,18.928,23.681,23.158
Italy,ITA,1989,20.967,0.191,18.418,22.178,22.306
Italy,ITA,1990,21.524,0.748,19.56,22.584,22.429
Italy,ITA,1991,21.78,1.004,19.036,23.024,23.281
Italy,ITA,1992,21.561,0.784,18.549,21.816,24.317
Italy,ITA,1993,21.942,1.165,20.575,21.61,23.64
Italy,ITA,1994,22.823,2.046,19.682,24.028,24.759
Italy,ITA,1995,21.328,0.551,18.511,23.749,21.724
Italy,ITA,1996,21.3,0.524,20.28,21.625,21.996
Italy,ITA,1997,21.581,0.804,20.279,21.937,22.526
Italy,ITA,1998,22.8,2.024,21.002,23.58,23.819
Italy,ITA,1999,22.262,1.485,20.498,22.736,23.551
Italy,ITA,2000,22.159,1.383,21.175,21.744,23.559
Italy,ITA,2001,22.352,1.576,20.026,22.983,24.048
Italy,ITA,2002,21.992,1.215,21.637,22.458,21.88
Italy,ITA,2003,24.896,4.119,24.022,24.644,26.021
Italy,ITA,2004,21.922,1.145,20.083,22.725,22.957
Italy,ITA,2005,21.839,1.062,21.02,23.157,21.339
Italy,ITA,2006,22.067,1.29,20.508,24.41,21.283
Italy,ITA,2007,22.285,1.508,20.944,23.363,22.547
Italy,ITA,2008,22.364,1.587,20.65,23.049,23.393
Italy,ITA,2009,22.722,1.946,20.354,23.42,24.393
Italy,ITA,2010,22.194,1.418,20.071,24.0,22.512
Italy,ITA,2011,22.115,1.339,20.504,22.021,23.821
Italy,ITA,2012,23.605,2.828,21.887,24.128,24.799
Italy,ITA,2013,22.225,1.449,19.649,23.483,23.544
Italy,ITA,2014,21.437,0.66,20.723,21.497,22.09
Italy,ITA,2015,23.577,2.801,21.143,25.727,23.862
Italy,ITA,2016,22.244,1.467,20.286,23.683,22.763
Italy,ITA,2017,23.8,3.023,22.644,23.907,24.848
Italy,ITA,2018,22.996,2.219,21.061,23.963,23.964
Italy,ITA,2019,23.796,3.02,22.807,24.236,24.346
Italy,ITA,2020,22.511,1.734,19.865,23.481,24.187
Lithuania,LTU,1750,17.188,0.711,15.774,18.201,17.589
Lithuania,LTU,1751,16.444,-0.032,14.467,17.977,16.889
Lithuania,LTU,1752,17.489,1.012,15.945,19.335,17.186
Lithuania,LTU,1753,15.788,-0.688,14.815,16.762,15.788
Lithuania,LTU,1754,15.829,-0.648,16.137,16.264,15.086
Lithuania,LTU,1755,16.859,0.383,17.329,18.491,14.758
Lithuania,LTU,1756,16.557,0.08,17.089,17.993,14.589
Lithuania,LTU,1757,18.874,2.397,18.071,21.054,17.497
Lithuania,LTU,1758,15.733,-0.744,15.414,16.429,15.356
Lithuania,LTU,1759,17.282,0.805,16.778,17.756,17.311
Lithuania,LTU,1760,16.196,-0.281,15.939,17.006,15.643
Lithuania,LTU,1761,18.191,1.715,18.125,18.559,17.89
Lithuania,LTU,1762,16.139,-0.338,16.803,16.674,14.94
Lithuania,LTU,1763,16.794,0.317,14.766,19.007,16.609
Lithuania,LTU,1764,16.015,-0.461,13.663,18.859,15.524
Lithuania,LTU,1765,15.879,-0.598,14.656,16.326,16.655
Lithuania,LTU,1766,16.321,-0.155,16.027,17.053,15.884
Lithuania,LTU,1767,16.372,-0.105,15.298,16.211,17.607
Lithuania,LTU,1768,16.196,-0.28,15.148,17.563,15.878
Lithuania,LTU,1769,16.18,-0.297,16.247,16.737,15.555
Lithuania,LTU,1770,15.311,-1.165,14.387,15.57,15.977
Lithuania,LTU,1771,16.186,-0.291,16.993,16.719,14.846
Lithuania,LTU,1772,16.221,-0.255,14.972,17.257,16.435
Lithuania,LTU,1773,16.913,0.436,15.514,18.11,17.115
Lithuania,LTU,1774,18.08,1.604,18.654,19.183,16.404
Lithuania,LTU,1775,18.509,2.032,17.039,19.301,19.186
Lithuania,LTU,1776,17.817,1.34,17.16,19.005,17.285
Lithuania,LTU,1777,15.752,-0.725,15.538,16.197,15.521
Lithuania,LTU,1778,17.052,0.575,16.126,18.622,16.408
Lithuania,LTU,1779,16.525,0.048,15.003,16.435,18.137
Lithuania,LTU,1780,16.087,-0.389,14.491,17.872,15.899
Lithuania,LTU,1781,18.072,1.595,16.423,17.751,20.041
Lithuania,LTU,1782,16.107,-0.37,15.032,17.122,16.167
Lithuania,LTU,1783,18.028,1.552,17.909,18.06,18.116
Lithuania,LTU,1784,16.626,0.149,15.234,16.969,17.674
Lithuania,LTU,1785,15.345,-1.132,14.087,16.206,15.741
Lithuania,LTU,1786,16.125,-0.352,15.333,16.735,16.307
Lithuania,LTU,1787,16.26,-0.217,16.881,16.372,15.526
Lithuania,LTU,1788,17.371,0.894,16.891,19.588,15.633
Lithuania,LTU,1789,18.169,1.692,16.507,19.86,18.139
Lithuania,LTU,1790,15.187,-1.29,15.219,15.455,14.886
Lithuania,LTU,1791,16.607,0.13,15.277,17.475,17.069
Lithuania,LTU,1792,17.14,0.664,15.937,19.249,16.235
Lithuania,LTU,1793,16.987,0.51,15.918,18.729,16.313
Lithuania,LTU,1794,17.052,0.576,17.0,18.534,15.623
Lithuania,LTU,1795,16.18,-0.296,16.192,16.643,15.706
Lithuania,LTU,1796,17.133,0.657,16.545,17.705,17.15
Lithuania,LTU,1797,17.482,1.005,17.349,18.09,17.006
Lithuania,LTU,1798,17.744,1.268,16.236,18.787,18.21
Lithuania,LTU,1799,15.919,-0.558,15.02,16.842,15.895
Lithuania,LTU,1800,15.091,-1.385,13.952,14.997,16.325
Lithuania,LTU,1801,15.767,-0.71,14.103,18.599,14.599
Lithuania,LTU,1802,16.658,0.181,14.409,17.593,17.972
Lithuania,LTU,1803,16.91,0.433,14.596,18.176,17.958
Lithuania,LTU,1804,16.554,0.078,14.869,18.434,16.36
Lithuania,LTU,1805,15.448,-1.029,13.451,17.035,15.858
Lithuania,LTU,1806,15.068,-1.409,12.68,15.226,17.297
Lithuania,LTU,1807,17.654,1.177,14.994,17.656,20.312
Lithuania,LTU,1808,17.583,1.106,16.343,18.104,18.302
Lithuania,LTU,1809,17.149,0.672,15.845,17.57,18.031
Lithuania,LTU,1810,15.654,-0.823,12.84,17.613,16.509
Lithuania,LTU,1811,18.488,2.011,18.682,19.411,17.37
Lithuania,LTU,1812,16.537,0.06,15.223,16.886,17.501
Lithuania,LTU,1813,15.598,-0.879,13.589,17.739,15.465
Lithuania,LTU,1814,16.517,0.04,14.026,19.031,16.493
Lithuania,LTU,1815,15.126,-1.351,14.466,14.774,16.138
Lithuania,LTU,1816,15.577,-0.9,15.314,16.721,14.696
Lithuania,LTU,1817,16.4,-0.076,15.034,16.943,17.224
Lithuania,LTU,1818,15.487,-0.99,13.602,18.071,14.787
Lithuania,LTU,1819,17.521,1.045,17.038,17.706,17.82
Lithuania,LTU,1820,15.537,-0.939,14.263,15.482,16.867
Lithuania,LTU,1821,13.794,-2.683,12.115,14.892,14.375
Lithuania,LTU,1822,16.101,-0.376,14.018,18.439,15.845
Lithuania,LTU,1823,17.019,0.543,16.567,16.999,17.492
Lithuania,LTU,1824,15.398,-1.079,14.281,15.958,15.954
Lithuania,LTU,1825,15.7,-0.776,15.303,15.904,15.894
Lithuania,LTU,1826,18.591,2.115,17.108,20.626,18.04
Lithuania,LTU,1827,16.896,0.419,17.831,16.775,16.082
Lithuania,LTU,1828,17.144,0.667,16.224,18.847,16.36
Lithuania,LTU,1829,16.59,0.114,15.489,18.084,16.198
Lithuania,LTU,1830,16.555,0.078,15.86,16.557,17.247
Lithuania,LTU,1831,16.581,0.104,16.085,18.056,15.601
Lithuania,LTU,1832,14.565,-1.911,14.297,13.744,15.655
Lithuania,LTU,1833,15.645,-0.832,16.499,17.218,13.218
Lithuania,LTU,1834,18.525,2.048,15.438,19.92,20.217
Lithuania,LTU,1835,15.978,-0.499,16.766,17.415,13.752
Lithuania,LTU,1836,14.721,-1.756,15.192,15.055,13.915
Lithuania,LTU,1837,15.325,-1.152,14.142,15.04,16.793
Lithuania,LTU,1838,15.422,-1.055,15.192,16.577,14.497
Lithuania,LTU,1839,17.244,0.767,15.79,18.59,17.351
Lithuania,LTU,1840,15.309,-1.168,14.535,16.212,15.179
Lithuania,LTU,1841,16.575,0.098,16.387,16.541,16.797
Lithuania,LTU,1842,15.816,-0.66,14.318,15.222,17.909
Lithuania,LTU,1843,16.733,0.256,15.911,16.501,17.787
Lithuania,LTU,1844,13.953,-2.523,12.855,13.939,15.066
Lithuania,LTU,1845,16.715,0.238,15.401,18.609,16.134
Lithuania,LTU,1846,17.496,1.019,13.738,18.388,20.361
Lithuania,LTU,1847,16.512,0.035,15.488,15.619,18.428
Lithuania,LTU,1848,16.279,-0.198,16.822,16.585,15.43
Lithuania,LTU,1849,14.793,-1.684,13.504,15.679,15.196
Lithuania,LTU,1850,17.306,0.83,16.681,17.468,17.77
Lithuania,LTU,1851,15.553,-0.924,14.212,16.463,15.983
Lithuania,LTU,1852,16.854,0.378,16.817,17.058,16.688
Lithuania,LTU,1853,16.558,0.082,16.673,17.546,15.456
Lithuania,LTU,1854,16.932,0.455,14.734,18.655,17.406
Lithuania,LTU,1855,17.409,0.932,17.113,18.977,16.136
Lithuania,LTU,1856,14.899,-1.578,15.272,15.698,13.726
Lithuania,LTU,1857,16.179,-0.297,14.947,16.4,17.191
Lithuania,LTU,1858,18.139,1.662,16.279,19.539,18.599
Lithuania,LTU,1859,17.453,0.976,16.668,17.718,17.973
Lithuania,LTU,1860,16.908,0.432,16.726,17.554,16.445
Lithuania,LTU,1861,17.538,1.062,17.039,19.453,16.123
Lithuania,LTU,1862,15.407,-1.069,15.276,15.609,15.337
Lithuania,LTU,1863,15.58,-0.896,15.365,15.021,16.355
Lithuania,LTU,1864,15.562,-0.915,16.687,16.337,13.661
Lithuania,LTU,1865,15.362,-1.115,11.884,19.58,14.621
Lithuania,LTU,1866,16.657,0.18,17.786,16.117,16.067
Lithuania,LTU,1867,15.038,-1.439,13.768,15.861,15.484
Lithuania,LTU,1868,18.125,1.648,16.075,18.921,19.378
Lithuania,LTU,1869,15.534,-0.943,13.718,16.597,16.287
Lithuania,LTU,1870,15.663,-0.814,14.204,17.333,15.452
Lithuania,LTU,1871,16.03,-0.446,14.317,17.752,16.022
Lithuania,LTU,1872,16.629,0.152,16.902,17.184,15.8
Lithuania,LTU,1873,16.615,0.139,15.917,17.651,16.278
Lithuania,LTU,1874,15.632,-0.845,14.606,17.249,15.041
Lithuania,LTU,1875,17.219,0.742,16.939,17.931,16.786
Lithuania,LTU,1876,17.182,0.705,17.921,17.447,16.177
Lithuania,LTU,1877,15.838,-0.638,15.244,16.88,15.391
Lithuania,LTU,1878,15.607,-0.87,15.535,15.0,16.285
Lithuania,LTU,1879,15.713,-0.763,15.777,15.397,15.966
Lithuania,LTU,1880,16.658,0.182,15.248,17.74,16.987
Lithuania,LTU,1881,15.561,-0.916,15.071,16.799,14.813
Lithuania,LTU,1882,16.878,0.402,14.99,18.728,16.917
Lithuania,LTU,1883,16.439,-0.038,16.63,17.241,15.446
Lithuania,LTU,1884,15.653,-0.824,15.117,17.571,14.271
Lithuania,LTU,1885,15.984,-0.493,15.304,18.81,13.838
Lithuania,LTU,1886,15.92,-0.557,15.014,16.407,16.338
Lithuania,LTU,1887,15.249,-1.227,13.186,17.661,14.901
Lithuania,LTU,1888,14.87,-1.607,13.963,15.458,15.189
Lithuania,LTU,1889,16.455,-0.022,17.656,16.622,15.086
Lithuania,LTU,1890,16.377,-0.1,14.333,16.895,17.902
Lithuania,LTU,1891,15.925,-0.552,14.348,18.352,15.075
Lithuania,LTU,1892,15.494,-0.982,14.543,15.354,16.586
Lithuania,LTU,1893,16.064,-0.412,15.066,17.336,15.791
Lithuania,LTU,1894,15.743,-0.734,13.491,17.686,16.051
Lithuania,LTU,1895,16.522,0.046,16.247,17.369,15.951
Lithuania,LTU,1896,17.883,1.407,18.141,19.391,16.118
Lithuania,LTU,1897,17.525,1.048,16.375,18.203,17.997
Lithuania,LTU,1898,16.094,-0.383,15.592,15.712,16.978
Lithuania,LTU,1899,15.235,-1.242,12.43,18.955,14.32
Lithuania,LTU,1900,16.751,0.274,15.119,17.506,17.628
Lithuania,LTU,1901,18.12,1.643,17.183,19.212,17.965
Lithuania,LTU,1902,14.336,-2.14,14.3,14.638,14.071
Lithuania,LTU,1903,16.07,-0.406,16.585,16.804,14.822
Lithuania,LTU,1904,14.529,-1.948,13.24,15.276,15.071
Lithuania,LTU,1905,17.268,0.792,18.106,17.232,16.467
Lithuania,LTU,1906,16.225,-0.251,15.409,18.045,15.222
Lithuania,LTU,1907,15.005,-1.471,14.872,16.144,14.0
Lithuania,LTU,1908,15.876,-0.601,14.891,17.394,15.343
Lithuania,LTU,1909,15.419,-1.058,14.691,15.571,15.995
Lithuania,LTU,1910,16.399,-0.077,17.185,16.85,15.163
Lithuania,LTU,1911,15.879,-0.598,14.117,16.001,17.519
Lithuania,LTU,1912,17.07,0.593,16.672,17.912,16.626
Lithuania,LTU,1913,16.111,-0.365,14.457,16.983,16.894
Lithuania,LTU,1914,17.603,1.126,16.402,20.781,15.626
Lithuania,LTU,1915,15.995,-0.482,14.811,17.624,15.549
Lithuania,LTU,1916,15.523,-0.953,14.389,17.461,14.72
Lithuania,LTU,1917,17.633,1.156,18.357,16.378,18.163
Lithuania,LTU,1918,15.09,-1.387,12.891,17.074,15.304
Lithuania,LTU,1919,15.433,-1.044,14.724,17.288,14.287
Lithuania,LTU,1920,16.593,0.116,14.072,19.142,16.564
Lithuania,LTU,1921,15.905,-0.572,14.981,16.161,16.572
Lithuania,LTU,1922,15.674,-0.803,14.61,17.154,15.257
Lithuania,LTU,1923,14.288,-2.189,11.665,16.88,14.319
Lithuania,LTU,1924,16.11,-0.367,15.744,16.154,16.432
Lithuania,LTU,1925,16.052,-0.424,13.521,18.626,16.01
Lithuania,LTU,1926,16.33,-0.147,15.936,18.086,14.967
Lithuania,LTU,1927,17.278,0.801,14.531,19.646,17.657
Lithuania,LTU,1928,14.04,-2.437,11.677,15.79,14.653
Lithuania,LTU,1929,15.239,-1.237,12.849,16.084,16.785
Lithuania,LTU,1930,16.413,-0.063,16.001,16.965,16.274
Lithuania,LTU,1931,15.86,-0.617,13.974,17.565,16.04
Lithuania,LTU,1932,17.184,0.707,14.056,19.95,17.546
Lithuania,LTU,1933,16.094,-0.383,14.972,18.016,15.293
Lithuania,LTU,1934,16.869,0.392,15.22,17.778,17.608
Lithuania,LTU,1935,16.356,-0.121,17.139,15.778,16.15
Lithuania,LTU,1936,17.97,1.493,17.425,20.031,16.454
Lithuania,LTU,1937,17.763,1.286,17.254,17.47,18.565
Lithuania,LTU,1938,17.773,1.297,15.364,18.714,19.242
Lithuania,LTU,1939,18.708,2.231,16.678,19.037,20.409
Lithuania,LTU,1940,16.533,0.056,16.38,18.159,15.059
Lithuania,LTU,1941,16.546,0.07,13.922,19.48,16.237
Lithuania,LTU,1942,15.887,-0.589,13.49,16.381,17.791
Lithuania,LTU,1943,16.357,-0.12,16.152,16.021,16.898
Lithuania,LTU,1944,17.133,0.657,14.388,18.959,18.053
Lithuania,LTU,1945,16.926,0.449,14.717,18.535,17.525
Lithuania,LTU,1946,17.268,0.791,15.933,18.649,17.222
Lithuania,LTU,1947,17.355,0.878,17.157,18.315,16.593
Lithuania,LTU,1948,16.693,0.216,16.136,16.98,16.963
Lithuania,LTU,1949,15.962,-0.515,15.116,17.303,15.466
Lithuania,LTU,1950,16.062,-0.415,15.533,16.333,16.319
Lithuania,LTU,1951,17.102,0.626,15.804,16.862,18.641
Lithuania,LTU,1952,16.077,-0.399,14.144,17.068,17.02
Lithuania,LTU,1953,17.469,0.992,17.463,18.624,16.32
Lithuania,LTU,1954,17.043,0.566,17.335,17.143,16.65
Lithuania,LTU,1955,16.794,0.318,13.718,18.097,18.568
Lithuania,LTU,1956,15.941,-0.536,17.826,15.884,14.112
Lithuania,LTU,1957,16.406,-0.07,15.128,18.121,15.97
Lithuania,LTU,1958,15.607,-0.87,14.294,16.898,15.628
Lithuania,LTU,1959,17.967,1.491,16.03,19.886,17.986
Lithuania,LTU,1960,16.834,0.357,16.349,17.724,16.428
Lithuania,LTU,1961,16.329,-0.147,17.372,16.312,15.304
Lithuania,LTU,1962,14.499,-1.977,13.353,15.155,14.99
Lithuania,LTU,1963,17.253,0.776,14.929,18.602,18.228
Lithuania,LTU,1964,17.038,0.561,18.161,17.714,15.238
Lithuania,LTU,1965,15.184,-1.293,15.268,15.26,15.024
Lithuania,LTU,1966,16.945,0.468,16.903,18.066,15.865
Lithuania,LTU,1967,16.539,0.062,15.321,17.6,16.696
Lithuania,LTU,1968,16.905,0.429,17.27,16.04,17.406
Lithuania,LTU,1969,16.345,-0.131,15.339,17.508,16.189
Lithuania,LTU,1970,16.461,-0.016,16.262,16.821,16.3
Lithuania,LTU,1971,16.834,0.358,15.234,17.361,17.908
Lithuania,LTU,1972,18.36,1.883,17.264,20.202,17.613
Lithuania,LTU,1973,17.197,0.72,16.677,18.62,16.294
Lithuania,LTU,1974,15.475,-1.001,14.568,15.595,16.263
Lithuania,LTU,1975,17.161,0.685,15.442,18.273,17.769
Lithuania,LTU,1976,15.227,-1.25,13.323,17.185,15.173
Lithuania,LTU,1977,15.603,-0.874,16.059,15.483,15.266
Lithuania,LTU,1978,15.304,-1.173,14.364,15.828,15.72
Lithuania,LTU,1979,16.238,-0.238,17.931,14.255,16.529
Lithuania,LTU,1980,16.162,-0.315,16.369,16.613,15.503
Lithuania,LTU,1981,16.458,-0.018,16.149,17.546,15.68
Lithuania,LTU,1982,16.078,-0.399,13.536,17.651,17.046
Lithuania,LTU,1983,16.604,0.128,14.931,17.586,17.296
Lithuania,LTU,1984,15.389,-1.088,14.12,15.461,16.586
Lithuania,LTU,1985,16.243,-0.233,14.818,16.079,17.833
Lithuania,LTU,1986,16.57,0.094,16.325,17.327,16.059
Lithuania,LTU,1987,15.089,-1.388,14.565,16.153,14.549
Lithuania,LTU,1988,17.407,0.931,16.966,19.093,16.163
Lithuania,LTU,1989,16.706,0.229,16.252,17.695,16.17
Lithuania,LTU,1990,15.973,-0.504,15.353,16.029,16.536
Lithuania,LTU,1991,16.731,0.255,14.49,17.994,17.71
Lithuania,LTU,1992,18.025,1.548,16.799,18.63,18.646
Lithuania,LTU,1993,15.056,-1.421,13.906,16.228,15.033
Lithuania,LTU,1994,17.134,0.657,13.981,19.948,17.473
Lithuania,LTU,1995,17.529,1.053,17.555,17.835,17.198
Lithuania,LTU,1996,16.331,-0.146,15.127,15.586,18.279
Lithuania,LTU,1997,17.837,1.361,16.207,18.37,18.935
Lithuania,LTU,1998,16.029,-0.448,16.684,16.454,14.949
Lithuania,LTU,1999,18.426,1.949,18.911,19.683,16.684
Lithuania,LTU,2000,15.991,-0.486,15.371,16.343,16.258
Lithuania,LTU,2001,17.816,1.34,14.505,21.115,17.829
Lithuania,LTU,2002,18.855,2.379,16.666,20.158,19.742
Lithuania,LTU,2003,17.467,0.991,15.275,20.093,17.034
Lithuania,LTU,2004,16.394,-0.083,14.224,16.812,18.145
Lithuania,LTU,2005,16.829,0.352,14.965,18.817,16.704
Lithuania,LTU,2006,18.209,1.733,16.258,20.466,17.904
Lithuania,LTU,2007,17.816,1.339,17.543,17.173,18.732
Lithuania,LTU,2008,17.097,0.62,15.777,17.822,17.692
Lithuania,LTU,2009,16.65,0.173,15.065,18.273,16.611
Lithuania,LTU,2010,19.182,2.705,16.329,21.743,19.474
Lithuania,LTU,2011,18.307,1.831,17.932,19.645,17.345
Lithuania,LTU,2012,16.908,0.431,14.89,19.136,16.698
Lithuania,LTU,2013,18.064,1.587,18.245,18.272,17.674
Lithuania,LTU,2014,17.515,1.038,14.55,20.276,17.719
Lithuania,LTU,2015,17.23,0.753,15.157,17.277,19.256
Lithuania,LTU,2016,17.738,1.261,17.326,18.668,17.219
Lithuania,LTU,2017,16.592,0.115,15.461,16.798,17.516
Lithuania,LTU,2018,18.943,2.466,17.123,20.317,19.388
Lithuania,LTU,2019,18.341,1.864,20.087,17.085,17.851
Lithuania,LTU,2020,18.168,1.691,18.908,17.315,18.28
Luxembourg,LUX,1750,17.082,0.415,15.818,18.398,17.029
Luxembourg,LUX,1751,16.815,0.148,15.507,17.603,17.334
Luxembourg,LUX,1752,17.103,0.437,17.28,17.554,16.476
Luxembourg,LUX,1753,16.951,0.285,17.294,17.82,15.74
Luxembourg,LUX,1754,16.448,-0.219,15.821,16.251,17.272
Luxembourg,LUX,1755,17.096,0.429,18.18,17.529,15.578
Luxembourg,LUX,1756,17.336,0.669,17.537,18.087,16.384
Luxembourg,LUX,1757,18.342,1.676,16.909,20.538,17.58
Luxembourg,LUX,1758,16.284,-0.382,16.74,15.074,17.039
Luxembourg,LUX,1759,17.6,0.934,16.115,19.579,17.107
Luxembourg,LUX,1760,16.747,0.08,16.586,17.509,16.146
Luxembourg,LUX,1761,17.328,0.661,16.504,17.432,18.048
Luxembourg,LUX,1762,16.643,-0.024,15.876,18.438,15.614
Luxembourg,LUX,1763,16.756,0.089,15.465,17.098,17.704
Luxembourg,LUX,1764,16.414,-0.252,15.435,18.268,15.54
Luxembourg,LUX,1765,16.402,-0.264,16.422,15.833,16.952
Luxembourg,LUX,1766,16.591,-0.075,15.811,16.749,17.214
Luxembourg,LUX,1767,16.028,-0.639,14.389,16.648,17.046
Luxembourg,LUX,1768,16.468,-0.199,15.209,17.308,16.886
Luxembourg,LUX,1769,15.909,-0.758,14.338,17.233,16.156
Luxembourg,LUX,1770,16.035,-0.632,14.607,16.077,17.42
Luxembourg,LUX,1771,15.899,-0.768,14.858,17.206,15.632
Luxembourg,LUX,1772,17.174,0.508,17.183,17.298,17.042
Luxembourg,LUX,1773,16.342,-0.325,15.38,16.454,17.192
Luxembourg,LUX,1774,16.993,0.326,16.244,16.909,17.826
Luxembourg,LUX,1775,17.654,0.988,17.744,17.984,17.235
Luxembourg,LUX,1776,17.146,0.48,16.093,18.207,17.139
Luxembourg,LUX,1777,16.376,-0.291,14.961,16.475,17.692
Luxembourg,LUX,1778,17.866,1.199,15.852,19.607,18.138
Luxembourg,LUX,1779,17.043,0.376,14.781,18.05,18.297
Luxembourg,LUX,1780,17.595,0.929,15.882,17.932,18.972
Luxembourg,LUX,1781,18.189,1.523,17.417,18.461,18.69
Luxembourg,LUX,1782,17.39,0.724,17.228,18.67,16.273
Luxembourg,LUX,1783,17.947,1.281,16.48,20.063,17.299
Luxembourg,LUX,1784,16.434,-0.233,16.426,17.478,15.398
Luxembourg,LUX,1785,16.141,-0.525,15.688,17.168,15.568
Luxembourg,LUX,1786,16.319,-0.348,17.149,15.827,15.98
Luxembourg,LUX,1787,16.677,0.011,16.211,16.617,17.204
Luxembourg,LUX,1788,17.383,0.717,16.75,18.841,16.559
Luxembourg,LUX,1789,16.222,-0.445,14.225,17.199,17.242
Luxembourg,LUX,1790,16.477,-0.189,16.241,15.962,17.229
Luxembourg,LUX,1791,17.13,0.463,15.787,17.215,18.387
Luxembourg,LUX,1792,17.123,0.456,15.268,17.862,18.239
Luxembourg,LUX,1793,17.801,1.134,14.679,20.168,18.555
Luxembourg,LUX,1794,18.142,1.476,16.888,20.697,16.842
Luxembourg,LUX,1795,16.661,-0.006,16.387,15.718,17.877
Luxembourg,LUX,1796,16.587,-0.08,15.334,16.768,17.659
Luxembourg,LUX,1797,17.225,0.558,13.956,19.822,17.897
Luxembourg,LUX,1798,17.603,0.936,17.233,17.599,17.977
Luxembourg,LUX,1799,16.07,-0.596,14.848,16.546,16.817
Luxembourg,LUX,1800,16.692,0.026,13.685,17.745,18.647
Luxembourg,LUX,1801,16.182,-0.484,14.358,16.886,17.303
Luxembourg,LUX,1802,17.242,0.575,16.405,15.881,19.439
Luxembourg,LUX,1803,17.452,0.785,15.137,19.071,18.147
Luxembourg,LUX,1804,16.711,0.045,16.657,16.984,16.493
Luxembourg,LUX,1805,15.25,-1.417,13.902,15.872,15.975
Luxembourg,LUX,1806,16.342,-0.325,15.435,16.858,16.732
Luxembourg,LUX,1807,18.47,1.804,15.03,19.793,20.588
Luxembourg,LUX,1808,17.52,0.853,14.586,19.619,18.354
Luxembourg,LUX,1809,15.97,-0.696,14.51,16.566,16.835
Luxembourg,LUX,1810,15.801,-0.865,14.609,16.352,16.443
Luxembourg,LUX,1811,17.656,0.989,17.584,18.67,16.713
Luxembourg,LUX,1812,15.688,-0.978,15.032,15.806,16.227
Luxembourg,LUX,1813,15.355,-1.312,14.483,15.926,15.656
Luxembourg,LUX,1814,16.102,-0.565,14.145,18.092,16.069
Luxembourg,LUX,1815,15.807,-0.859,15.436,15.946,16.04
Luxembourg,LUX,1816,14.085,-2.581,13.288,14.708,14.26
Luxembourg,LUX,1817,16.124,-0.543,16.924,15.993,15.455
Luxembourg,LUX,1818,17.437,0.77,17.428,18.494,16.389
Luxembourg,LUX,1819,17.554,0.887,16.021,18.57,18.07
Luxembourg,LUX,1820,16.282,-0.385,14.174,16.797,17.874
Luxembourg,LUX,1821,15.238,-1.428,13.307,15.259,17.149
Luxembourg,LUX,1822,17.743,1.077,19.08,17.557,16.593
Luxembourg,LUX,1823,15.771,-0.896,13.956,15.97,17.386
Luxembourg,LUX,1824,16.261,-0.405,14.902,17.251,16.631
Luxembourg,LUX,1825,16.992,0.326,15.713,18.04,17.224
Luxembourg,LUX,1826,18.497,1.83,16.552,19.367,19.572
Luxembourg,LUX,1827,16.782,0.115,15.725,18.249,16.372
Luxembourg,LUX,1828,16.717,0.051,16.688,17.859,15.605
Luxembourg,LUX,1829,16.018,-0.649,15.529,17.13,15.394
Luxembourg,LUX,1830,16.309,-0.357,14.798,17.951,16.179
Luxembourg,LUX,1831,16.777,0.11,15.155,17.828,17.347
Luxembourg,LUX,1832,16.702,0.036,15.248,16.959,17.9
Luxembourg,LUX,1833,15.904,-0.763,16.933,16.342,14.437
Luxembourg,LUX,1834,18.566,1.899,16.796,20.112,18.79
Luxembourg,LUX,1835,17.426,0.759,16.147,18.826,17.305
Luxembourg,LUX,1836,17.03,0.364,16.516,17.648,16.927
Luxembourg,LUX,1837,17.123,0.456,16.492,16.649,18.228
Luxembourg,LUX,1838,15.948,-0.719,15.205,17.07,15.568
Luxembourg,LUX,1839,16.999,0.332,17.544,17.883,15.569
Luxembourg,LUX,1840,16.109,-0.558,15.739,15.486,17.101
Luxembourg,LUX,1841,15.137,-1.529,14.167,14.899,16.346
Luxembourg,LUX,1842,18.006,1.34,17.091,16.83,20.098
Luxembourg,LUX,1843,15.962,-0.704,13.982,16.381,17.524
Luxembourg,LUX,1844,15.283,-1.384,16.106,15.586,14.157
Luxembourg,LUX,1845,16.169,-0.498,16.758,17.247,14.501
Luxembourg,LUX,1846,19.261,2.595,19.042,19.296,19.446
Luxembourg,LUX,1847,17.054,0.388,14.309,18.891,17.963
Luxembourg,LUX,1848,16.512,-0.154,16.218,17.333,15.986
Luxembourg,LUX,1849,16.423,-0.244,16.604,16.84,15.825
Luxembourg,LUX,1850,16.523,-0.143,16.541,17.01,16.019
Luxembourg,LUX,1851,16.566,-0.101,16.063,16.446,17.188
Luxembourg,LUX,1852,17.427,0.76,14.95,20.048,17.282
Luxembourg,LUX,1853,16.8,0.134,15.82,17.797,16.784
Luxembourg,LUX,1854,16.13,-0.537,14.621,17.545,16.223
Luxembourg,LUX,1855,16.649,-0.018,15.44,16.93,17.576
Luxembourg,LUX,1856,16.981,0.314,16.157,16.155,18.631
Luxembourg,LUX,1857,18.322,1.656,16.586,19.023,19.358
Luxembourg,LUX,1858,17.592,0.926,19.55,16.429,16.798
Luxembourg,LUX,1859,18.938,2.272,16.898,20.965,18.952
Luxembourg,LUX,1860,15.037,-1.629,14.834,15.245,15.033
Luxembourg,LUX,1861,17.584,0.918,17.303,17.116,18.334
Luxembourg,LUX,1862,15.866,-0.8,14.608,16.734,16.257
Luxembourg,LUX,1863,16.785,0.119,15.617,16.456,18.283
Luxembourg,LUX,1864,15.557,-1.11,14.859,16.829,14.982
Luxembourg,LUX,1865,17.019,0.352,15.59,19.127,16.339
Luxembourg,LUX,1866,16.486,-0.181,17.594,16.621,15.242
Luxembourg,LUX,1867,16.266,-0.401,15.532,15.707,17.558
Luxembourg,LUX,1868,18.106,1.439,17.067,19.081,18.169
Luxembourg,LUX,1869,15.858,-0.809,13.172,18.85,15.551
Luxembourg,LUX,1870,17.036,0.37,16.055,19.487,15.567
Luxembourg,LUX,1871,16.059,-0.608,12.965,17.448,17.763
Luxembourg,LUX,1872,16.874,0.207,15.612,18.887,16.123
Luxembourg,LUX,1873,17.674,1.008,16.179,18.937,17.907
Luxembourg,LUX,1874,17.053,0.386,15.93,19.605,15.623
Luxembourg,LUX,1875,17.231,0.564,16.451,16.855,18.386
Luxembourg,LUX,1876,17.54,0.873,15.825,18.516,18.278
Luxembourg,LUX,1877,17.385,0.719,18.066,16.742,17.348
Luxembourg,LUX,1878,16.54,-0.126,15.77,16.744,17.107
Luxembourg,LUX,1879,16.139,-0.527,15.746,15.048,17.624
Luxembourg,LUX,1880,16.75,0.083,14.804,18.019,17.427
Luxembourg,LUX,1881,17.048,0.382,15.526,19.378,16.241
Luxembourg,LUX,1882,15.375,-1.292,14.494,16.272,15.359
Luxembourg,LUX,1883,16.29,-0.377,16.212,16.253,16.404
Luxembourg,LUX,1884,16.795,0.128,13.63,18.651,18.103
Luxembourg,LUX,1885,16.594,-0.073,16.96,17.605,15.216
Luxembourg,LUX,1886,16.384,-0.282,14.386,17.444,17.323
Luxembourg,LUX,1887,17.41,0.744,16.451,19.239,16.541
Luxembourg,LUX,1888,15.543,-1.123,16.178,14.973,15.479
Luxembourg,LUX,1889,16.897,0.23,18.261,16.627,15.803
Luxembourg,LUX,1890,15.457,-1.21,14.487,15.526,16.357
Luxembourg,LUX,1891,15.759,-0.908,15.362,16.32,15.594
Luxembourg,LUX,1892,16.814,0.147,15.404,16.725,18.313
Luxembourg,LUX,1893,17.562,0.895,16.563,17.901,18.221
Luxembourg,LUX,1894,16.288,-0.379,14.793,17.973,16.098
Luxembourg,LUX,1895,16.778,0.111,16.052,17.284,16.997
Luxembourg,LUX,1896,16.397,-0.27,16.848,17.548,14.794
Luxembourg,LUX,1897,17.489,0.822,17.502,17.485,17.48
Luxembourg,LUX,1898,16.518,-0.148,15.065,15.633,18.857
Luxembourg,LUX,1899,17.363,0.696,15.715,17.832,18.542
Luxembourg,LUX,1900,17.512,0.846,16.647,19.473,16.417
Luxembourg,LUX,1901,17.41,0.743,16.315,18.973,16.941
Luxembourg,LUX,1902,16.091,-0.576,15.499,17.016,15.757
Luxembourg,LUX,1903,15.799,-0.867,14.864,16.587,15.947
Luxembourg,LUX,1904,17.579,0.912,15.769,19.812,17.155
Luxembourg,LUX,1905,17.709,1.042,17.076,19.225,16.826
Luxembourg,LUX,1906,16.619,-0.048,14.88,17.55,17.426
Luxembourg,LUX,1907,15.311,-1.356,14.54,15.011,16.381
Luxembourg,LUX,1908,16.582,-0.085,17.249,17.403,15.093
Luxembourg,LUX,1909,15.295,-1.371,13.84,15.119,16.927
Luxembourg,LUX,1910,16.146,-0.52,16.348,15.837,16.254
Luxembourg,LUX,1911,18.505,1.838,15.172,19.938,20.404
Luxembourg,LUX,1912,16.027,-0.64,15.685,18.231,14.164
Luxembourg,LUX,1913,15.107,-1.56,15.034,14.676,15.61
Luxembourg,LUX,1914,16.507,-0.159,14.496,17.338,17.688
Luxembourg,LUX,1915,16.711,0.044,17.526,16.547,16.059
Luxembourg,LUX,1916,15.37,-1.297,12.929,16.323,16.857
Luxembourg,LUX,1917,17.377,0.71,18.216,17.461,16.454
Luxembourg,LUX,1918,15.851,-0.815,13.701,17.073,16.78
Luxembourg,LUX,1919,15.764,-0.903,15.603,14.457,17.231
Luxembourg,LUX,1920,15.975,-0.691,15.768,16.984,15.174
Luxembourg,LUX,1921,17.744,1.077,15.736,20.059,17.436
Luxembourg,LUX,1922,15.911,-0.756,16.198,15.841,15.693
Luxembourg,LUX,1923,16.082,-0.585,12.002,19.425,16.818
Luxembourg,LUX,1924,15.824,-0.843,15.683,17.281,14.508
Luxembourg,LUX,1925,16.806,0.139,15.708,18.066,16.643
Luxembourg,LUX,1926,16.04,-0.627,13.843,17.515,16.762
Luxembourg,LUX,1927,16.213,-0.453,14.548,17.361,16.731
Luxembourg,LUX,1928,16.99,0.323,14.843,19.025,17.102
Luxembourg,LUX,1929,16.828,0.162,15.032,18.292,17.161
Luxembourg,LUX,1930,17.157,0.491,18.295,16.357,16.82
Luxembourg,LUX,1931,16.508,-0.159,16.804,16.963,15.756
Luxembourg,LUX,1932,17.485,0.818,15.274,17.451,19.729
Luxembourg,LUX,1933,17.338,0.671,14.736,18.765,18.512
Luxembourg,LUX,1934,17.296,0.63,16.441,18.831,16.617
Luxembourg,LUX,1935,17.689,1.022,17.096,18.474,17.497
Luxembourg,LUX,1936,16.563,-0.104,16.21,16.582,16.897
Luxembourg,LUX,1937,17.259,0.592,16.323,17.566,17.888
Luxembourg,LUX,1938,16.963,0.296,16.463,16.844,17.582
Luxembourg,LUX,1939,16.989,0.322,16.558,16.886,17.523
Luxembourg,LUX,1940,16.06,-0.606,16.738,16.155,15.288
Luxembourg,LUX,1941,16.964,0.297,16.908,18.647,15.336
Luxembourg,LUX,1942,16.655,-0.012,15.262,16.608,18.095
Luxembourg,LUX,1943,17.0,0.333,14.698,18.191,18.11
Luxembourg,LUX,1944,17.347,0.68,14.58,17.399,20.061
Luxembourg,LUX,1945,17.477,0.811,17.054,18.703,16.675
Luxembourg,LUX,1946,16.467,-0.2,14.582,18.334,16.485
Luxembourg,LUX,1947,19.339,2.672,18.005,19.706,20.305
Luxembourg,LUX,1948,16.265,-0.402,15.635,16.427,16.733
Luxembourg,LUX,1949,16.968,0.302,14.669,18.503,17.733
Luxembourg,LUX,1950,18.169,1.502,18.074,18.625,17.808
Luxembourg,LUX,1951,16.535,-0.132,15.323,17.329,16.953
Luxembourg,LUX,1952,17.73,1.063,16.066,19.048,18.075
Luxembourg,LUX,1953,16.697,0.03,15.723,17.219,17.149
Luxembourg,LUX,1954,15.555,-1.112,15.543,14.99,16.131
Luxembourg,LUX,1955,17.033,0.367,15.375,18.082,17.643
Luxembourg,LUX,1956,14.921,-1.746,13.093,17.015,14.655
Luxembourg,LUX,1957,16.975,0.308,16.944,18.242,15.739
Luxembourg,LUX,1958,16.608,-0.058,14.887,17.33,17.608
Luxembourg,LUX,1959,18.223,1.556,16.637,20.068,17.963
Luxembourg,LUX,1960,16.123,-0.544,16.595,15.4,16.373
Luxembourg,LUX,1961,16.065,-0.602,15.784,15.664,16.746
Luxembourg,LUX,1962,15.718,-0.948,14.663,15.769,16.723
Luxembourg,LUX,1963,16.345,-0.322,15.671,17.611,15.753
Luxembourg,LUX,1964,17.478,0.811,16.475,18.775,17.184
Luxembourg,LUX,1965,15.678,-0.989,15.696,15.421,15.917
Luxembourg,LUX,1966,16.362,-0.305,17.151,15.786,16.148
Luxembourg,LUX,1967,17.149,0.482,15.072,19.273,17.101
Luxembourg,LUX,1968,16.323,-0.344,15.367,16.872,16.729
Luxembourg,LUX,1969,17.056,0.39,14.864,18.986,17.319
Luxembourg,LUX,1970,17.18,0.513,17.643,16.322,17.575
Luxembourg,LUX,1971,16.974,0.307,14.436,18.684,17.801
Luxembourg,LUX,1972,16.039,-0.627,14.144,17.857,16.117
Luxembourg,LUX,1973,18.007,1.34,16.976,17.652,19.392
Luxembourg,LUX,1974,16.242,-0.424,15.093,15.988,17.646
Luxembourg,LUX,1975,17.937,1.271,15.302,18.619,19.891
Luxembourg,LUX,1976,19.162,2.496,19.027,20.502,17.958
Luxembourg,LUX,1977,16.223,-0.444,15.17,17.161,16.337
Luxembourg,LUX,1978,15.451,-1.215,14.868,15.955,15.531
Luxembourg,LUX,1979,16.299,-0.367,16.368,16.761,15.769
Luxembourg,LUX,1980,15.911,-0.755,14.739,15.518,17.477
Luxembourg,LUX,1981,16.472,-0.195,15.189,16.926,17.3
Luxembourg,LUX,1982,17.893,1.226,17.0,19.283,17.395
Luxembourg,LUX,1983,19.173,2.506,16.908,21.485,19.126
Luxembourg,LUX,1984,16.498,-0.168,14.488,17.027,17.98
Luxembourg,LUX,1985,16.195,-0.472,14.084,18.113,16.388
Luxembourg,LUX,1986,17.107,0.441,17.059,17.665,16.598
Luxembourg,LUX,1987,16.284,-0.383,14.575,17.431,16.845
Luxembourg,LUX,1988,16.617,-0.049,15.424,16.718,17.71
Luxembourg,LUX,1989,17.571,0.904,15.793,18.795,18.124
Luxembourg,LUX,1990,17.389,0.722,15.327,17.493,19.347
Luxembourg,LUX,1991,17.356,0.689,13.555,19.402,19.111
Luxembourg,LUX,1992,18.312,1.645,16.645,19.011,19.279
Luxembourg,LUX,1993,16.742,0.076,16.76,17.044,16.423
Luxembourg,LUX,1994,18.837,2.17,16.52,21.795,18.196
Luxembourg,LUX,1995,18.486,1.819,15.043,20.954,19.461
Luxembourg,LUX,1996,16.906,0.239,16.302,16.922,17.493
Luxembourg,LUX,1997,18.137,1.47,16.009,17.528,20.874
Luxembourg,LUX,1998,17.016,0.349,16.702,16.694,17.652
Luxembourg,LUX,1999,17.777,1.11,15.565,19.597,18.168
Luxembourg,LUX,2000,17.105,0.438,17.129,15.747,18.438
Luxembourg,LUX,2001,17.851,1.184,15.318,19.0,19.235
Luxembourg,LUX,2002,18.007,1.34,17.647,17.881,18.492
Luxembourg,LUX,2003,20.369,3.703,19.82,19.71,21.578
Luxembourg,LUX,2004,17.562,0.896,16.095,17.585,19.007
Luxembourg,LUX,2005,17.609,0.942,17.75,18.675,16.401
Luxembourg,LUX,2006,18.776,2.109,17.349,22.928,16.05
Luxembourg,LUX,2007,17.303,0.637,17.696,17.321,16.893
Luxembourg,LUX,2008,17.505,0.839,16.726,18.115,17.675
Luxembourg,LUX,2009,17.993,1.326,15.98,18.685,19.314
Luxembourg,LUX,2010,18.323,1.657,17.218,20.54,17.212
Luxembourg,LUX,2011,17.093,0.426,16.931,16.257,18.091
Luxembourg,LUX,2012,17.526,0.859,15.797,17.507,19.274
Luxembourg,LUX,2013,18.203,1.536,15.885,20.362,18.362
Luxembourg,LUX,2014,17.424,0.758,16.849,19.238,16.186
Luxembourg,LUX,2015,18.874,2.207,16.754,20.112,19.755
Luxembourg,LUX,2016,18.213,1.546,16.816,18.975,18.847
Luxembourg,LUX,2017,18.753,2.086,18.933,19.105,18.221
Luxembourg,LUX,2018,19.81,3.143,18.049,21.544,19.836
Luxembourg,LUX,2019,19.536,2.869,19.228,19.91,19.47
Luxembourg,LUX,2020,18.795,2.128,17.039,18.472,20.873
Latvia,LVA,1750,17.145,0.799,15.651,18.25,17.535
Latvia,LVA,1751,16.206,-0.141,14.152,17.932,16.533
Latvia,LVA,1752,17.501,1.155,15.53,19.653,17.321
Latvia,LVA,1753,15.633,-0.713,14.514,16.715,15.671
Latvia,LVA,1754,15.706,-0.641,16.081,16.337,14.7
Latvia,LVA,1755,16.748,0.401,17.141,18.681,14.422
Latvia,LVA,1756,16.252,-0.094,16.791,17.944,14.022
Latvia,LVA,1757,18.859,2.512,18.027,21.166,17.384
Latvia,LVA,1758,15.55,-0.797,15.047,16.572,15.031
Latvia,LVA,1759,17.163,0.816,16.624,17.6,17.265
Latvia,LVA,1760,15.959,-0.388,15.6,17.014,15.262
Latvia,LVA,1761,18.085,1.739,17.939,18.613,17.704
Latvia,LVA,1762,15.953,-0.394,16.767,16.466,14.626
Latvia,LVA,1763,16.69,0.343,14.643,19.209,16.218
Latvia,LVA,1764,15.877,-0.469,13.374,18.886,15.372
Latvia,LVA,1765,15.725,-0.621,14.32,16.578,16.278
Latvia,LVA,1766,16.404,0.057,15.988,17.5,15.724
Latvia,LVA,1767,16.331,-0.015,15.285,16.018,17.691
Latvia,LVA,1768,16.19,-0.157,15.143,17.706,15.721
Latvia,LVA,1769,16.225,-0.122,16.327,16.778,15.57
Latvia,LVA,1770,15.277,-1.07,14.373,15.558,15.9
Latvia,LVA,1771,16.339,-0.008,17.345,16.883,14.788
Latvia,LVA,1772,16.085,-0.261,14.569,17.346,16.341
Latvia,LVA,1773,17.031,0.684,15.527,18.387,17.178
Latvia,LVA,1774,18.217,1.87,18.805,19.557,16.289
Latvia,LVA,1775,18.378,2.031,16.585,19.493,19.055
Latvia,LVA,1776,17.889,1.543,17.222,19.277,17.169
Latvia,LVA,1777,15.656,-0.691,15.479,16.238,15.251
Latvia,LVA,1778,16.745,0.398,15.868,18.473,15.894
Latvia,LVA,1779,16.563,0.216,14.981,16.632,18.075
Latvia,LVA,1780,16.088,-0.259,14.372,18.176,15.716
Latvia,LVA,1781,17.674,1.327,15.987,17.519,19.515
Latvia,LVA,1782,15.829,-0.518,14.845,16.647,15.995
Latvia,LVA,1783,17.863,1.516,17.691,18.143,17.755
Latvia,LVA,1784,16.355,0.008,14.718,17.117,17.229
Latvia,LVA,1785,15.48,-0.867,14.161,16.489,15.789
Latvia,LVA,1786,16.302,-0.045,15.187,17.081,16.637
Latvia,LVA,1787,16.142,-0.205,16.769,16.44,15.216
Latvia,LVA,1788,17.362,1.015,16.804,19.705,15.577
Latvia,LVA,1789,18.388,2.041,16.733,20.192,18.238
Latvia,LVA,1790,14.962,-1.385,15.006,15.311,14.569
Latvia,LVA,1791,16.51,0.163,15.426,17.513,16.591
Latvia,LVA,1792,17.065,0.719,15.956,19.463,15.777
Latvia,LVA,1793,16.912,0.565,15.788,18.78,16.167
Latvia,LVA,1794,16.847,0.501,16.818,18.218,15.506
Latvia,LVA,1795,16.098,-0.248,15.935,16.926,15.434
Latvia,LVA,1796,17.162,0.815,16.673,17.843,16.97
Latvia,LVA,1797,17.113,0.766,17.056,17.798,16.484
Latvia,LVA,1798,17.764,1.418,16.165,18.964,18.164
Latvia,LVA,1799,16.066,-0.281,15.377,17.186,15.635
Latvia,LVA,1800,15.002,-1.344,13.887,15.146,15.974
Latvia,LVA,1801,15.607,-0.74,14.114,18.553,14.153
Latvia,LVA,1802,16.217,-0.13,14.197,17.099,17.355
Latvia,LVA,1803,16.821,0.474,14.68,18.103,17.68
Latvia,LVA,1804,16.717,0.37,14.938,18.887,16.325
Latvia,LVA,1805,15.833,-0.513,13.538,17.58,16.382
Latvia,LVA,1806,15.047,-1.3,12.599,15.202,17.34
Latvia,LVA,1807,17.266,0.92,14.851,17.487,19.461
Latvia,LVA,1808,17.134,0.788,16.143,17.775,17.485
Latvia,LVA,1809,16.956,0.61,15.672,17.501,17.696
Latvia,LVA,1810,15.442,-0.904,12.859,17.22,16.248
Latvia,LVA,1811,17.869,1.522,18.059,18.833,16.714
Latvia,LVA,1812,16.419,0.072,14.79,16.829,17.637
Latvia,LVA,1813,15.695,-0.652,13.426,18.181,15.477
Latvia,LVA,1814,16.654,0.307,14.243,19.272,16.447
Latvia,LVA,1815,15.021,-1.326,13.985,14.792,16.286
Latvia,LVA,1816,15.732,-0.614,15.336,17.286,14.575
Latvia,LVA,1817,16.336,-0.011,14.715,17.367,16.925
Latvia,LVA,1818,15.622,-0.725,13.754,18.642,14.47
Latvia,LVA,1819,17.709,1.362,17.161,18.076,17.89
Latvia,LVA,1820,15.607,-0.74,14.559,15.941,16.32
Latvia,LVA,1821,13.643,-2.704,12.025,14.852,14.051
Latvia,LVA,1822,15.808,-0.538,13.808,17.838,15.779
Latvia,LVA,1823,16.851,0.504,16.469,16.965,17.119
Latvia,LVA,1824,15.3,-1.047,14.24,15.977,15.682
Latvia,LVA,1825,15.479,-0.867,15.126,15.713,15.599
Latvia,LVA,1826,18.446,2.1,17.105,20.435,17.799
Latvia,LVA,1827,16.604,0.257,17.542,16.587,15.682
Latvia,LVA,1828,17.139,0.793,16.151,18.857,16.41
Latvia,LVA,1829,16.681,0.334,15.695,18.46,15.887
Latvia,LVA,1830,16.313,-0.034,15.449,16.86,16.63
Latvia,LVA,1831,16.793,0.446,16.642,18.346,15.391
Latvia,LVA,1832,14.552,-1.795,14.408,14.024,15.223
Latvia,LVA,1833,15.674,-0.673,16.505,17.332,13.184
Latvia,LVA,1834,18.205,1.859,15.263,19.399,19.954
Latvia,LVA,1835,15.749,-0.597,16.61,17.065,13.573
Latvia,LVA,1836,14.557,-1.789,14.641,15.164,13.867
Latvia,LVA,1837,15.352,-0.995,14.284,15.225,16.547
Latvia,LVA,1838,15.515,-0.832,15.021,16.957,14.567
Latvia,LVA,1839,17.109,0.762,15.511,18.667,17.148
Latvia,LVA,1840,15.146,-1.2,14.576,15.834,15.029
Latvia,LVA,1841,16.282,-0.064,16.253,16.19,16.404
Latvia,LVA,1842,15.686,-0.66,14.267,15.388,17.404
Latvia,LVA,1843,16.696,0.35,15.763,16.563,17.763
Latvia,LVA,1844,14.147,-2.199,12.764,14.335,15.343
Latvia,LVA,1845,16.347,-0.0,14.789,18.169,16.082
Latvia,LVA,1846,17.422,1.075,13.579,18.397,20.289
Latvia,LVA,1847,16.514,0.168,15.597,15.69,18.256
Latvia,LVA,1848,15.881,-0.465,16.158,16.37,15.116
Latvia,LVA,1849,14.738,-1.608,13.171,15.764,15.28
Latvia,LVA,1850,17.08,0.733,16.288,17.424,17.527
Latvia,LVA,1851,15.484,-0.863,14.363,16.597,15.491
Latvia,LVA,1852,16.627,0.28,16.686,16.858,16.336
Latvia,LVA,1853,16.381,0.034,16.47,17.63,15.043
Latvia,LVA,1854,17.176,0.83,15.193,18.809,17.527
Latvia,LVA,1855,17.285,0.939,16.696,19.52,15.64
Latvia,LVA,1856,14.629,-1.717,14.838,15.921,13.129
Latvia,LVA,1857,15.831,-0.516,14.359,16.16,16.973
Latvia,LVA,1858,18.018,1.671,15.923,19.7,18.431
Latvia,LVA,1859,16.903,0.557,16.627,17.149,16.934
Latvia,LVA,1860,16.884,0.537,16.583,17.768,16.3
Latvia,LVA,1861,17.417,1.07,16.672,19.639,15.939
Latvia,LVA,1862,14.769,-1.578,14.623,15.175,14.509
Latvia,LVA,1863,15.354,-0.993,15.114,14.992,15.955
Latvia,LVA,1864,15.82,-0.526,16.676,17.175,13.61
Latvia,LVA,1865,15.187,-1.159,11.855,19.489,14.218
Latvia,LVA,1866,16.472,0.125,17.221,16.061,16.133
Latvia,LVA,1867,15.044,-1.302,13.798,16.004,15.331
Latvia,LVA,1868,18.034,1.687,15.692,19.04,19.369
Latvia,LVA,1869,15.562,-0.785,13.785,16.63,16.27
Latvia,LVA,1870,15.665,-0.682,14.466,17.456,15.073
Latvia,LVA,1871,15.753,-0.594,13.785,17.778,15.695
Latvia,LVA,1872,16.731,0.384,17.145,17.246,15.801
Latvia,LVA,1873,16.63,0.283,16.153,17.904,15.832
Latvia,LVA,1874,15.483,-0.864,14.404,17.098,14.946
Latvia,LVA,1875,16.752,0.405,16.285,17.88,16.091
Latvia,LVA,1876,17.247,0.9,18.105,17.668,15.968
Latvia,LVA,1877,15.473,-0.874,14.756,16.721,14.942
Latvia,LVA,1878,15.427,-0.92,15.47,14.972,15.839
Latvia,LVA,1879,15.772,-0.574,15.548,15.667,16.102
Latvia,LVA,1880,16.589,0.242,14.949,17.686,17.131
Latvia,LVA,1881,15.276,-1.071,14.815,16.516,14.496
Latvia,LVA,1882,16.972,0.625,15.073,18.463,17.38
Latvia,LVA,1883,16.484,0.138,16.965,17.254,15.234
Latvia,LVA,1884,15.663,-0.684,15.187,17.557,14.244
Latvia,LVA,1885,15.991,-0.356,14.711,19.131,14.131
Latvia,LVA,1886,16.154,-0.193,15.327,16.766,16.368
Latvia,LVA,1887,15.158,-1.189,13.273,17.363,14.838
Latvia,LVA,1888,14.643,-1.703,13.411,15.492,15.027
Latvia,LVA,1889,16.208,-0.138,17.229,16.522,14.874
Latvia,LVA,1890,16.125,-0.222,14.684,16.639,17.051
Latvia,LVA,1891,15.777,-0.57,14.21,18.398,14.722
Latvia,LVA,1892,15.0,-1.347,13.851,15.337,15.812
Latvia,LVA,1893,15.864,-0.483,14.858,17.087,15.647
Latvia,LVA,1894,15.709,-0.637,13.837,17.341,15.95
Latvia,LVA,1895,16.387,0.041,16.306,17.126,15.73
Latvia,LVA,1896,17.841,1.494,18.288,19.392,15.842
Latvia,LVA,1897,17.372,1.026,16.091,18.233,17.793
Latvia,LVA,1898,16.156,-0.19,15.724,16.083,16.662
Latvia,LVA,1899,15.058,-1.289,12.047,19.254,13.872
Latvia,LVA,1900,16.443,0.096,14.775,17.157,17.397
Latvia,LVA,1901,18.183,1.837,17.107,19.443,18.0
Latvia,LVA,1902,14.064,-2.283,13.758,14.598,13.835
Latvia,LVA,1903,15.949,-0.397,16.517,16.736,14.595
Latvia,LVA,1904,14.215,-2.132,12.907,14.98,14.757
Latvia,LVA,1905,16.998,0.651,17.748,17.306,15.94
Latvia,LVA,1906,16.194,-0.153,15.497,18.106,14.978
Latvia,LVA,1907,14.902,-1.445,14.715,16.32,13.67
Latvia,LVA,1908,15.634,-0.713,14.501,16.958,15.442
Latvia,LVA,1909,15.216,-1.13,14.56,15.568,15.521
Latvia,LVA,1910,16.095,-0.251,16.644,16.953,14.689
Latvia,LVA,1911,15.629,-0.717,13.943,15.764,17.181
Latvia,LVA,1912,16.991,0.644,16.261,17.83,16.882
Latvia,LVA,1913,16.332,-0.014,14.524,17.571,16.902
Latvia,LVA,1914,17.602,1.256,16.471,21.298,15.038
Latvia,LVA,1915,15.689,-0.658,13.886,17.82,15.361
Latvia,LVA,1916,15.348,-0.999,14.125,17.864,14.054
Latvia,LVA,1917,17.519,1.172,18.183,16.192,18.181
Latvia,LVA,1918,15.026,-1.321,12.938,17.341,14.799
Latvia,LVA,1919,15.725,-0.622,15.007,17.976,14.192
Latvia,LVA,1920,16.564,0.218,14.223,19.05,16.42
Latvia,LVA,1921,15.539,-0.808,15.058,15.525,16.034
Latvia,LVA,1922,15.654,-0.693,14.606,17.153,15.203
Latvia,LVA,1923,14.221,-2.126,11.681,16.858,14.124
Latvia,LVA,1924,16.172,-0.174,15.339,16.51,16.668
Latvia,LVA,1925,16.291,-0.056,13.86,19.057,15.955
Latvia,LVA,1926,16.375,0.028,16.11,17.972,15.042
Latvia,LVA,1927,17.442,1.095,14.231,20.15,17.944
Latvia,LVA,1928,13.77,-2.577,11.491,15.213,14.606
Latvia,LVA,1929,15.116,-1.231,12.951,16.068,16.328
Latvia,LVA,1930,16.545,0.198,15.736,17.314,16.584
Latvia,LVA,1931,15.766,-0.581,13.5,17.741,16.057
Latvia,LVA,1932,17.114,0.767,13.945,19.978,17.418
Latvia,LVA,1933,16.217,-0.13,15.371,18.146,15.133
Latvia,LVA,1934,16.809,0.462,15.031,18.036,17.36
Latvia,LVA,1935,16.264,-0.083,16.775,15.996,16.02
Latvia,LVA,1936,18.218,1.872,18.072,20.094,16.489
Latvia,LVA,1937,17.914,1.568,17.345,17.831,18.567
Latvia,LVA,1938,17.773,1.426,15.121,19.165,19.033
Latvia,LVA,1939,18.49,2.143,16.344,18.952,20.174
Latvia,LVA,1940,16.522,0.175,15.738,18.467,15.36
Latvia,LVA,1941,16.629,0.282,13.518,20.011,16.358
Latvia,LVA,1942,15.719,-0.628,13.377,16.382,17.397
Latvia,LVA,1943,16.336,-0.011,16.214,16.412,16.382
Latvia,LVA,1944,16.934,0.587,14.234,18.98,17.587
Latvia,LVA,1945,17.132,0.785,14.645,19.162,17.588
Latvia,LVA,1946,17.113,0.766,15.953,18.527,16.859
Latvia,LVA,1947,17.353,1.006,17.073,18.22,16.765
Latvia,LVA,1948,16.589,0.242,16.281,16.991,16.494
Latvia,LVA,1949,15.834,-0.512,15.033,17.255,15.215
Latvia,LVA,1950,15.809,-0.537,15.253,16.185,15.99
Latvia,LVA,1951,16.637,0.29,15.304,16.444,18.162
Latvia,LVA,1952,15.743,-0.604,14.076,16.896,16.257
Latvia,LVA,1953,17.256,0.909,17.459,18.183,16.125
Latvia,LVA,1954,16.73,0.384,16.593,17.273,16.325
Latvia,LVA,1955,16.559,0.213,13.339,18.011,18.328
Latvia,LVA,1956,15.76,-0.587,17.74,15.721,13.819
Latvia,LVA,1957,16.18,-0.167,14.537,18.112,15.89
Latvia,LVA,1958,15.369,-0.978,14.22,16.638,15.249
Latvia,LVA,1959,17.822,1.476,16.061,19.476,17.93
Latvia,LVA,1960,16.936,0.589,16.438,18.145,16.225
Latvia,LVA,1961,16.341,-0.006,17.537,16.433,15.053
Latvia,LVA,1962,14.325,-2.021,13.103,15.362,14.511
Latvia,LVA,1963,16.907,0.561,14.635,18.354,17.733
Latvia,LVA,1964,16.696,0.349,17.392,17.603,15.092
Latvia,LVA,1965,15.154,-1.193,15.396,15.077,14.989
Latvia,LVA,1966,16.835,0.489,17.144,17.969,15.393
Latvia,LVA,1967,16.202,-0.144,14.866,17.343,16.398
Latvia,LVA,1968,16.625,0.278,16.868,15.612,17.394
Latvia,LVA,1969,16.322,-0.025,15.398,17.439,16.129
Latvia,LVA,1970,16.449,0.102,16.244,16.939,16.163
Latvia,LVA,1971,16.524,0.177,15.106,17.19,17.275
Latvia,LVA,1972,18.512,2.165,17.375,20.253,17.908
Latvia,LVA,1973,17.373,1.026,17.021,19.092,16.005
Latvia,LVA,1974,15.642,-0.705,14.955,16.165,15.805
Latvia,LVA,1975,16.943,0.597,15.026,18.272,17.532
Latvia,LVA,1976,15.087,-1.26,13.173,16.979,15.108
Latvia,LVA,1977,15.561,-0.786,15.83,15.708,15.144
Latvia,LVA,1978,15.306,-1.041,14.534,15.857,15.527
Latvia,LVA,1979,16.174,-0.173,17.244,14.773,16.505
Latvia,LVA,1980,16.43,0.083,16.986,16.879,15.425
Latvia,LVA,1981,16.32,-0.027,15.784,17.639,15.537
Latvia,LVA,1982,15.752,-0.595,13.101,17.472,16.682
Latvia,LVA,1983,16.506,0.159,14.791,17.783,16.943
Latvia,LVA,1984,15.597,-0.75,14.641,15.838,16.311
Latvia,LVA,1985,16.203,-0.143,14.783,16.269,17.558
Latvia,LVA,1986,16.579,0.232,16.707,17.395,15.634
Latvia,LVA,1987,14.865,-1.482,14.421,15.953,14.22
Latvia,LVA,1988,17.6,1.254,17.512,19.551,15.738
Latvia,LVA,1989,16.841,0.495,16.75,17.838,15.936
Latvia,LVA,1990,15.895,-0.452,15.15,16.137,16.397
Latvia,LVA,1991,16.558,0.211,14.309,17.841,17.523
Latvia,LVA,1992,17.467,1.121,16.55,18.168,17.684
Latvia,LVA,1993,14.977,-1.369,13.583,16.541,14.808
Latvia,LVA,1994,16.832,0.486,13.898,19.669,16.93
Latvia,LVA,1995,17.338,0.991,18.025,17.188,16.8
Latvia,LVA,1996,16.228,-0.118,14.886,15.696,18.103
Latvia,LVA,1997,17.971,1.625,16.359,18.675,18.88
Latvia,LVA,1998,15.9,-0.447,16.438,16.533,14.728
Latvia,LVA,1999,18.283,1.937,19.171,19.492,16.187
Latvia,LVA,2000,15.942,-0.405,15.062,16.704,16.059
Latvia,LVA,2001,17.789,1.442,14.84,21.239,17.287
Latvia,LVA,2002,18.633,2.286,16.798,19.879,19.221
Latvia,LVA,2003,17.239,0.892,14.705,20.351,16.66
Latvia,LVA,2004,16.434,0.087,14.219,17.175,17.907
Latvia,LVA,2005,16.875,0.528,15.001,18.818,16.805
Latvia,LVA,2006,18.091,1.745,16.465,19.857,17.952
Latvia,LVA,2007,17.652,1.305,17.128,17.269,18.558
Latvia,LVA,2008,16.766,0.42,15.472,17.612,17.215
Latvia,LVA,2009,16.434,0.087,14.942,17.971,16.388
Latvia,LVA,2010,19.107,2.76,15.934,22.179,19.207
Latvia,LVA,2011,18.619,2.273,18.07,20.553,17.235
Latvia,LVA,2012,16.617,0.27,14.614,18.877,16.359
Latvia,LVA,2013,18.101,1.755,18.441,18.375,17.488
Latvia,LVA,2014,17.508,1.161,14.57,20.22,17.733
Latvia,LVA,2015,16.771,0.424,15.057,17.107,18.149
Latvia,LVA,2016,17.644,1.297,16.985,18.871,17.075
Latvia,LVA,2017,16.205,-0.142,14.836,16.628,17.151
Latvia,LVA,2018,18.749,2.403,16.489,20.558,19.201
Latvia,LVA,2019,17.71,1.363,19.261,16.738,17.13
Latvia,LVA,2020,17.875,1.528,18.938,17.143,17.544
Malta,MLT,1780,24.221,-0.066,22.937,25.353,24.372
Malta,MLT,1781,24.122,-0.165,20.923,25.293,26.15
Malta,MLT,1782,25.566,1.279,23.148,26.043,27.506
Malta,MLT,1783,24.12,-0.166,22.424,24.525,25.412
Malta,MLT,1784,24.969,0.682,22.807,25.941,26.159
Malta,MLT,1785,24.654,0.368,23.022,24.885,26.056
Malta,MLT,1786,24.111,-0.176,22.202,25.119,25.011
Malta,MLT,1787,24.702,0.415,23.357,24.752,25.996
Malta,MLT,1788,25.301,1.014,23.103,27.237,25.562
Malta,MLT,1789,23.963,-0.323,21.422,25.167,25.301
Malta,MLT,1790,24.532,0.245,22.85,24.493,26.252
Malta,MLT,1791,24.194,-0.093,21.713,24.339,26.53
Malta,MLT,1792,24.059,-0.228,23.51,24.636,24.03
Malta,MLT,1793,23.583,-0.704,20.905,24.559,25.285
Malta,MLT,1794,23.535,-0.752,20.606,24.608,25.39
Malta,MLT,1795,24.05,-0.236,21.85,24.466,25.835
Malta,MLT,1796,24.281,-0.005,22.039,24.835,25.97
Malta,MLT,1797,24.327,0.04,21.857,24.622,26.501
Malta,MLT,1798,24.349,0.063,21.757,25.566,25.725
Malta,MLT,1799,24.448,0.161,21.999,25.17,26.175
Malta,MLT,1800,23.939,-0.348,21.769,24.956,25.091
Malta,MLT,1801,24.32,0.033,21.957,26.237,24.766
Malta,MLT,1802,25.425,1.138,24.618,25.337,26.319
Malta,MLT,1803,24.829,0.542,23.03,25.065,26.391
Malta,MLT,1804,25.126,0.84,23.477,26.142,25.76
Malta,MLT,1805,24.629,0.342,23.62,24.583,25.684
Malta,MLT,1806,24.127,-0.16,22.442,24.898,25.04
Malta,MLT,1807,24.951,0.664,22.672,25.909,26.271
Malta,MLT,1808,23.996,-0.291,21.398,25.391,25.199
Malta,MLT,1809,24.231,-0.056,22.558,25.019,25.116
Malta,MLT,1810,23.02,-1.266,20.554,23.738,24.769
Malta,MLT,1811,24.506,0.22,23.082,25.121,25.316
Malta,MLT,1812,23.43,-0.857,21.478,23.442,25.369
Malta,MLT,1813,22.999,-1.288,21.674,23.432,23.891
Malta,MLT,1814,22.851,-1.436,21.132,23.139,24.282
Malta,MLT,1815,22.529,-1.758,20.622,23.522,23.442
Malta,MLT,1816,22.473,-1.813,20.034,23.353,24.033
Malta,MLT,1817,23.784,-0.502,21.696,23.894,25.763
Malta,MLT,1818,23.263,-1.024,21.069,24.119,24.6
Malta,MLT,1819,23.638,-0.648,21.676,24.151,25.088
Malta,MLT,1820,24.725,0.438,22.511,25.196,26.467
Malta,MLT,1821,23.076,-1.21,21.086,23.695,24.448
Malta,MLT,1822,25.671,1.384,24.798,25.904,26.31
Malta,MLT,1823,23.876,-0.411,21.927,24.281,25.42
Malta,MLT,1824,24.034,-0.253,21.468,24.529,26.105
Malta,MLT,1825,23.554,-0.733,21.328,24.313,25.021
Malta,MLT,1826,23.697,-0.59,20.832,24.68,25.578
Malta,MLT,1827,24.23,-0.056,20.817,25.608,26.266
Malta,MLT,1828,25.331,1.045,23.097,26.895,26.002
Malta,MLT,1829,23.442,-0.845,20.879,24.761,24.686
Malta,MLT,1830,24.992,0.705,22.824,26.154,25.998
Malta,MLT,1831,24.12,-0.167,22.794,24.946,24.619
Malta,MLT,1832,24.224,-0.063,22.005,25.308,25.358
Malta,MLT,1833,24.035,-0.252,23.172,23.579,25.353
Malta,MLT,1834,24.652,0.365,22.338,25.604,26.014
Malta,MLT,1835,23.852,-0.435,22.957,23.539,25.059
Malta,MLT,1836,23.783,-0.504,21.569,25.037,24.743
Malta,MLT,1837,24.235,-0.051,22.265,25.059,25.382
Malta,MLT,1838,23.795,-0.491,22.037,24.637,24.712
Malta,MLT,1839,24.644,0.358,22.979,25.264,25.69
Malta,MLT,1840,24.402,0.116,22.483,24.805,25.919
Malta,MLT,1841,24.491,0.204,22.167,26.123,25.183
Malta,MLT,1842,24.524,0.237,22.655,25.772,25.145
Malta,MLT,1843,22.859,-1.428,21.21,22.915,24.451
Malta,MLT,1844,23.536,-0.751,21.882,24.399,24.326
Malta,MLT,1845,23.337,-0.949,21.075,24.494,24.443
Malta,MLT,1846,25.431,1.144,23.447,26.516,26.33
Malta,MLT,1847,23.633,-0.654,20.993,24.678,25.228
Malta,MLT,1848,24.764,0.477,23.808,24.726,25.758
Malta,MLT,1849,24.91,0.623,24.006,25.253,25.47
Malta,MLT,1850,24.158,-0.129,21.625,24.914,25.935
Malta,MLT,1851,23.759,-0.528,21.553,24.835,24.888
Malta,MLT,1852,24.1,-0.187,21.648,25.125,25.526
Malta,MLT,1853,24.2,-0.086,20.838,25.741,26.022
Malta,MLT,1854,24.09,-0.197,22.161,24.856,25.253
Malta,MLT,1855,22.676,-1.611,20.294,23.898,23.835
Malta,MLT,1856,23.185,-1.102,21.238,23.683,24.633
Malta,MLT,1857,22.613,-1.674,20.162,23.476,24.2
Malta,MLT,1858,22.809,-1.478,21.288,22.931,24.207
Malta,MLT,1859,24.329,0.043,21.676,25.076,26.236
Malta,MLT,1860,24.285,-0.001,22.968,24.067,25.821
Malta,MLT,1861,24.186,-0.101,22.31,24.682,25.565
Malta,MLT,1862,23.953,-0.334,22.337,24.469,25.053
Malta,MLT,1863,24.47,0.183,22.722,24.913,25.775
Malta,MLT,1864,24.421,0.135,23.006,25.469,24.789
Malta,MLT,1865,24.745,0.458,22.469,25.42,26.346
Malta,MLT,1866,23.925,-0.362,21.955,25.288,24.532
Malta,MLT,1867,24.397,0.11,22.387,25.305,25.498
Malta,MLT,1868,24.354,0.068,22.359,24.912,25.792
Malta,MLT,1869,24.426,0.139,23.031,25.395,24.852
Malta,MLT,1870,24.811,0.524,23.028,25.673,25.731
Malta,MLT,1871,24.034,-0.253,21.433,25.302,25.367
Malta,MLT,1872,23.971,-0.316,21.359,25.031,25.523
Malta,MLT,1873,24.316,0.029,20.921,25.367,26.659
Malta,MLT,1874,24.593,0.306,23.947,25.516,24.315
Malta,MLT,1875,24.76,0.473,23.13,24.983,26.166
Malta,MLT,1876,23.87,-0.416,21.092,24.906,25.613
Malta,MLT,1877,25.104,0.818,23.168,25.823,26.322
Malta,MLT,1878,24.623,0.336,22.957,24.819,26.093
Malta,MLT,1879,24.501,0.215,22.944,24.554,26.006
Malta,MLT,1880,24.492,0.205,21.687,25.933,25.855
Malta,MLT,1881,24.537,0.25,21.045,26.085,26.48
Malta,MLT,1882,24.029,-0.258,22.588,24.831,24.667
Malta,MLT,1883,23.269,-1.018,21.191,24.829,23.787
Malta,MLT,1884,22.865,-1.422,19.855,23.96,24.779
Malta,MLT,1885,24.551,0.265,21.258,24.807,27.589
Malta,MLT,1886,23.318,-0.969,21.155,24.651,24.147
Malta,MLT,1887,24.852,0.566,22.411,25.598,26.548
Malta,MLT,1888,24.027,-0.26,22.87,25.412,23.799
Malta,MLT,1889,24.131,-0.156,22.146,25.04,25.207
Malta,MLT,1890,23.83,-0.457,20.914,24.359,26.216
Malta,MLT,1891,24.351,0.064,22.337,25.137,25.578
Malta,MLT,1892,24.198,-0.089,22.188,25.032,25.373
Malta,MLT,1893,24.111,-0.176,21.991,25.309,25.033
Malta,MLT,1894,23.726,-0.561,21.091,24.897,25.19
Malta,MLT,1895,23.898,-0.389,21.419,25.342,24.933
Malta,MLT,1896,24.252,-0.035,22.144,25.028,25.584
Malta,MLT,1897,24.252,-0.035,21.614,25.942,25.2
Malta,MLT,1898,23.939,-0.348,22.824,24.012,24.98
Malta,MLT,1899,23.406,-0.881,21.564,23.722,24.932
Malta,MLT,1900,23.8,-0.487,22.047,24.712,24.64
Malta,MLT,1901,24.566,0.279,22.441,25.825,25.431
Malta,MLT,1902,24.396,0.11,21.225,25.85,26.114
Malta,MLT,1903,23.071,-1.216,20.583,23.615,25.015
Malta,MLT,1904,24.514,0.227,23.046,25.751,24.744
Malta,MLT,1905,24.234,-0.053,21.323,25.536,25.842
Malta,MLT,1906,23.756,-0.53,21.236,24.595,25.438
Malta,MLT,1907,23.569,-0.718,21.088,24.109,25.509
Malta,MLT,1908,23.981,-0.306,22.138,24.571,25.234
Malta,MLT,1909,23.121,-1.166,21.427,23.17,24.765
Malta,MLT,1910,23.2,-1.087,21.137,23.602,24.861
Malta,MLT,1911,24.56,0.274,21.775,25.267,26.639
Malta,MLT,1912,23.853,-0.434,21.13,25.354,25.074
Malta,MLT,1913,23.309,-0.978,21.62,23.433,24.874
Malta,MLT,1914,22.426,-1.861,20.778,22.919,23.581
Malta,MLT,1915,24.247,-0.04,22.411,24.752,25.578
Malta,MLT,1916,24.852,0.566,23.247,26.309,25.001
Malta,MLT,1917,24.268,-0.019,22.122,24.429,26.252
Malta,MLT,1918,23.162,-1.125,20.881,24.297,24.307
Malta,MLT,1919,23.754,-0.533,21.961,24.521,24.779
Malta,MLT,1920,24.92,0.633,22.416,26.116,26.227
Malta,MLT,1921,23.826,-0.461,20.617,25.375,25.485
Malta,MLT,1922,24.606,0.319,22.913,24.494,26.41
Malta,MLT,1923,23.547,-0.74,20.198,24.721,25.721
Malta,MLT,1924,24.364,0.077,22.734,25.23,25.128
Malta,MLT,1925,24.244,-0.042,22.181,24.446,26.106
Malta,MLT,1926,22.632,-1.655,20.931,23.178,23.787
Malta,MLT,1927,25.352,1.065,23.751,26.174,26.13
Malta,MLT,1928,25.02,0.733,22.287,25.792,26.98
Malta,MLT,1929,23.842,-0.445,22.01,24.77,24.745
Malta,MLT,1930,24.217,-0.069,22.625,25.122,24.905
Malta,MLT,1931,25.934,1.647,24.476,26.445,26.88
Malta,MLT,1932,23.474,-0.813,21.38,24.021,25.021
Malta,MLT,1933,23.251,-1.036,20.606,24.26,24.886
Malta,MLT,1934,24.754,0.467,22.84,25.706,25.716
Malta,MLT,1935,24.811,0.524,22.748,25.626,26.058
Malta,MLT,1936,23.485,-0.801,20.913,24.848,24.695
Malta,MLT,1937,24.689,0.402,23.657,24.379,26.031
Malta,MLT,1938,24.299,0.013,22.083,24.687,26.128
Malta,MLT,1939,24.358,0.071,21.046,26.208,25.819
Malta,MLT,1940,22.566,-1.721,19.879,23.404,24.415
Malta,MLT,1941,24.296,0.009,21.6,25.674,25.613
Malta,MLT,1942,23.723,-0.563,22.361,24.152,24.657
Malta,MLT,1943,24.444,0.157,21.481,25.719,26.131
Malta,MLT,1944,24.466,0.179,22.651,24.818,25.929
Malta,MLT,1945,25.937,1.65,24.383,26.017,27.41
Malta,MLT,1946,24.854,0.568,22.648,24.838,27.077
Malta,MLT,1947,25.636,1.349,23.336,26.06,27.511
Malta,MLT,1948,23.309,-0.978,21.815,22.938,25.174
Malta,MLT,1949,24.172,-0.114,22.352,25.248,24.917
Malta,MLT,1950,25.553,1.266,23.891,26.252,26.515
Malta,MLT,1951,24.77,0.483,23.009,24.991,26.309
Malta,MLT,1952,26.505,2.218,25.135,26.837,27.542
Malta,MLT,1953,24.564,0.277,22.33,26.146,25.215
Malta,MLT,1954,23.789,-0.498,23.486,23.814,24.067
Malta,MLT,1955,24.694,0.407,22.798,25.962,25.322
Malta,MLT,1956,24.109,-0.178,21.225,24.984,26.117
Malta,MLT,1957,24.455,0.169,23.158,24.282,25.926
Malta,MLT,1958,24.402,0.115,22.433,24.302,26.47
Malta,MLT,1959,23.908,-0.378,21.601,24.602,25.522
Malta,MLT,1960,24.479,0.192,22.713,24.554,26.169
Malta,MLT,1961,24.294,0.007,22.751,24.962,25.168
Malta,MLT,1962,24.497,0.21,21.673,25.644,26.174
Malta,MLT,1963,24.947,0.66,22.167,26.164,26.509
Malta,MLT,1964,24.341,0.054,22.999,24.768,25.256
Malta,MLT,1965,24.708,0.421,22.263,26.728,25.133
Malta,MLT,1966,24.331,0.044,22.596,24.373,26.023
Malta,MLT,1967,24.028,-0.258,20.598,25.014,26.473
Malta,MLT,1968,24.065,-0.222,21.852,25.169,25.174
Malta,MLT,1969,23.196,-1.09,21.136,23.406,25.047
Malta,MLT,1970,24.039,-0.248,22.448,23.848,25.821
Malta,MLT,1971,24.566,0.279,22.006,24.599,27.092
Malta,MLT,1972,23.907,-0.38,22.832,24.369,24.519
Malta,MLT,1973,24.781,0.495,22.791,25.936,25.617
Malta,MLT,1974,23.87,-0.417,22.128,24.099,25.382
Malta,MLT,1975,23.76,-0.526,21.512,24.546,25.223
Malta,MLT,1976,23.591,-0.696,21.686,24.507,24.579
Malta,MLT,1977,24.244,-0.042,21.762,25.715,25.256
Malta,MLT,1978,23.763,-0.523,22.173,23.915,25.202
Malta,MLT,1979,24.627,0.34,23.379,25.161,25.341
Malta,MLT,1980,23.372,-0.914,21.259,23.306,25.552
Malta,MLT,1981,24.21,-0.077,23.219,23.971,25.44
Malta,MLT,1982,25.999,1.712,24.371,26.798,26.827
Malta,MLT,1983,24.651,0.364,21.879,26.138,25.936
Malta,MLT,1984,23.753,-0.534,21.179,24.935,25.145
Malta,MLT,1985,24.774,0.487,23.017,25.758,25.547
Malta,MLT,1986,24.566,0.279,22.071,24.845,26.782
Malta,MLT,1987,25.409,1.122,22.237,26.714,27.276
Malta,MLT,1988,25.892,1.606,23.367,27.303,27.007
Malta,MLT,1989,24.504,0.218,21.76,25.372,26.381
Malta,MLT,1990,24.792,0.506,23.178,25.499,25.7
Malta,MLT,1991,24.444,0.157,21.883,25.155,26.294
Malta,MLT,1992,24.233,-0.054,21.936,23.996,26.766
Malta,MLT,1993,25.241,0.955,23.43,25.222,27.072
Malta,MLT,1994,25.789,1.502,22.925,25.988,28.454
Malta,MLT,1995,25.345,1.058,23.161,26.049,26.825
Malta,MLT,1996,25.039,0.752,22.664,25.301,27.151
Malta,MLT,1997,25.87,1.583,25.187,26.072,26.351
Malta,MLT,1998,25.888,1.601,24.407,26.488,26.768
Malta,MLT,1999,26.424,2.137,24.834,25.867,28.571
Malta,MLT,2000,25.699,1.412,23.614,26.219,27.264
Malta,MLT,2001,25.765,1.478,23.549,26.556,27.19
Malta,MLT,2002,25.614,1.327,23.849,26.547,26.445
Malta,MLT,2003,27.431,3.144,25.495,28.311,28.486
Malta,MLT,2004,25.143,0.856,22.893,25.76,26.775
Malta,MLT,2005,25.231,0.944,23.382,26.515,25.796
Malta,MLT,2006,25.672,1.386,23.812,26.446,26.759
Malta,MLT,2007,25.97,1.683,24.481,26.192,27.237
Malta,MLT,2008,25.734,1.447,23.453,26.776,26.972
Malta,MLT,2009,26.003,1.717,23.504,26.775,27.731
Malta,MLT,2010,25.406,1.119,22.892,26.38,26.945
Malta,MLT,2011,25.251,0.964,22.955,26.079,26.719
Malta,MLT,2012,26.825,2.538,24.706,27.519,28.249
Malta,MLT,2013,25.186,0.899,22.624,25.879,27.055
Malta,MLT,2014,25.359,1.072,23.663,25.403,27.011
Malta,MLT,2015,25.982,1.695,23.075,27.28,27.591
Malta,MLT,2016,25.336,1.05,23.658,26.137,26.214
Malta,MLT,2017,26.596,2.31,24.588,26.874,28.327
Malta,MLT,2018,25.605,1.319,23.375,26.822,26.619
Malta,MLT,2019,26.698,2.411,25.234,27.147,27.712
Malta,MLT,2020,25.813,1.527,23.116,26.34,27.984
Netherlands,NLD,1750,16.492,0.395,15.067,17.913,16.496
Netherlands,NLD,1751,15.99,-0.107,14.839,16.578,16.552
Netherlands,NLD,1752,16.578,0.481,16.367,16.931,16.436
Netherlands,NLD,1753,16.044,-0.052,16.076,16.67,15.387
Netherlands,NLD,1754,15.495,-0.602,14.808,15.278,16.398
Netherlands,NLD,1755,16.415,0.319,17.304,16.858,15.084
Netherlands,NLD,1756,16.736,0.64,16.657,17.745,15.807
Netherlands,NLD,1757,17.709,1.612,16.004,19.99,17.133
Netherlands,NLD,1758,15.884,-0.213,15.784,14.857,17.01
Netherlands,NLD,1759,17.305,1.209,15.983,18.833,17.1
Netherlands,NLD,1760,16.158,0.062,16.123,16.535,15.817
Netherlands,NLD,1761,16.728,0.631,16.208,16.232,17.744
Netherlands,NLD,1762,15.645,-0.451,15.333,16.985,14.618
Netherlands,NLD,1763,15.971,-0.126,14.794,16.406,16.712
Netherlands,NLD,1764,15.804,-0.293,14.084,17.88,15.448
Netherlands,NLD,1765,15.659,-0.437,15.281,15.041,16.656
Netherlands,NLD,1766,16.086,-0.011,15.123,16.559,16.575
Netherlands,NLD,1767,15.155,-0.942,13.321,15.502,16.642
Netherlands,NLD,1768,15.977,-0.12,14.853,16.66,16.418
Netherlands,NLD,1769,15.308,-0.788,13.731,16.6,15.594
Netherlands,NLD,1770,15.755,-0.341,14.02,16.129,17.117
Netherlands,NLD,1771,15.276,-0.82,14.905,16.115,14.809
Netherlands,NLD,1772,16.359,0.262,16.102,16.563,16.412
Netherlands,NLD,1773,16.058,-0.039,14.768,16.159,17.246
Netherlands,NLD,1774,16.28,0.183,15.701,16.368,16.771
Netherlands,NLD,1775,17.401,1.304,17.397,17.605,17.2
Netherlands,NLD,1776,16.798,0.701,15.723,17.979,16.692
Netherlands,NLD,1777,15.774,-0.323,14.316,15.971,17.034
Netherlands,NLD,1778,17.518,1.421,15.844,19.016,17.693
Netherlands,NLD,1779,17.148,1.052,14.718,17.962,18.765
Netherlands,NLD,1780,16.92,0.823,14.858,17.076,18.826
Netherlands,NLD,1781,18.028,1.931,17.534,18.008,18.541
Netherlands,NLD,1782,16.502,0.405,16.198,17.423,15.885
Netherlands,NLD,1783,17.788,1.691,16.327,19.781,17.256
Netherlands,NLD,1784,15.718,-0.379,15.419,16.453,15.282
Netherlands,NLD,1785,15.875,-0.221,15.366,16.806,15.454
Netherlands,NLD,1786,15.892,-0.205,16.471,15.226,15.979
Netherlands,NLD,1787,16.045,-0.052,15.457,16.172,16.506
Netherlands,NLD,1788,17.064,0.967,16.476,18.401,16.314
Netherlands,NLD,1789,16.319,0.222,14.65,16.994,17.312
Netherlands,NLD,1790,15.648,-0.448,15.322,15.376,16.247
Netherlands,NLD,1791,16.344,0.247,14.833,16.645,17.554
Netherlands,NLD,1792,16.631,0.534,14.717,17.474,17.701
Netherlands,NLD,1793,16.683,0.586,14.018,18.828,17.203
Netherlands,NLD,1794,17.344,1.247,16.066,19.601,16.365
Netherlands,NLD,1795,16.028,-0.069,15.559,15.247,17.277
Netherlands,NLD,1796,16.24,0.144,14.931,16.476,17.314
Netherlands,NLD,1797,16.772,0.676,14.002,18.952,17.363
Netherlands,NLD,1798,17.26,1.163,16.79,17.334,17.655
Netherlands,NLD,1799,15.276,-0.82,13.967,15.867,15.995
Netherlands,NLD,1800,15.751,-0.346,13.03,16.469,17.753
Netherlands,NLD,1801,15.731,-0.366,13.926,16.214,17.053
Netherlands,NLD,1802,15.933,-0.164,14.915,14.719,18.165
Netherlands,NLD,1803,16.518,0.421,13.99,18.326,17.238
Netherlands,NLD,1804,16.035,-0.062,15.456,16.458,16.19
Netherlands,NLD,1805,14.661,-1.436,12.911,15.283,15.789
Netherlands,NLD,1806,15.589,-0.507,14.228,15.937,16.603
Netherlands,NLD,1807,17.554,1.458,14.515,18.512,19.636
Netherlands,NLD,1808,17.146,1.049,14.528,18.863,18.046
Netherlands,NLD,1809,15.501,-0.596,14.093,15.915,16.495
Netherlands,NLD,1810,15.347,-0.75,13.898,15.936,16.207
Netherlands,NLD,1811,16.983,0.886,16.902,17.717,16.329
Netherlands,NLD,1812,15.013,-1.084,14.264,14.848,15.927
Netherlands,NLD,1813,15.41,-0.687,14.39,16.296,15.543
Netherlands,NLD,1814,15.449,-0.647,13.048,17.457,15.843
Netherlands,NLD,1815,15.201,-0.896,14.894,14.938,15.771
Netherlands,NLD,1816,13.991,-2.106,12.845,14.867,14.261
Netherlands,NLD,1817,15.458,-0.639,15.914,15.393,15.066
Netherlands,NLD,1818,17.086,0.99,16.914,18.299,16.046
Netherlands,NLD,1819,17.341,1.245,15.633,17.991,18.4
Netherlands,NLD,1820,15.292,-0.805,13.205,15.893,16.778
Netherlands,NLD,1821,14.595,-1.502,12.742,14.607,16.435
Netherlands,NLD,1822,16.831,0.734,17.319,16.799,16.374
Netherlands,NLD,1823,15.15,-0.947,13.29,15.327,16.833
Netherlands,NLD,1824,15.803,-0.294,14.604,16.353,16.451
Netherlands,NLD,1825,16.132,0.036,14.793,17.038,16.566
Netherlands,NLD,1826,18.206,2.109,16.608,19.045,18.964
Netherlands,NLD,1827,16.021,-0.076,15.191,17.032,15.84
Netherlands,NLD,1828,16.281,0.185,15.919,17.38,15.545
Netherlands,NLD,1829,15.457,-0.64,15.088,16.3,14.983
Netherlands,NLD,1830,15.467,-0.629,13.743,17.278,15.381
Netherlands,NLD,1831,16.634,0.537,14.929,17.655,17.318
Netherlands,NLD,1832,15.732,-0.364,15.131,15.286,16.78
Netherlands,NLD,1833,15.39,-0.707,16.16,16.18,13.83
Netherlands,NLD,1834,18.066,1.97,16.124,19.622,18.453
Netherlands,NLD,1835,16.684,0.587,15.743,17.552,16.756
Netherlands,NLD,1836,15.764,-0.333,15.455,16.376,15.46
Netherlands,NLD,1837,16.194,0.097,15.234,16.015,17.332
Netherlands,NLD,1838,15.48,-0.617,14.743,16.54,15.157
Netherlands,NLD,1839,16.141,0.045,16.176,16.993,15.255
Netherlands,NLD,1840,15.395,-0.702,14.78,14.843,16.562
Netherlands,NLD,1841,14.731,-1.365,13.705,14.256,16.233
Netherlands,NLD,1842,17.252,1.156,15.941,15.816,20.0
Netherlands,NLD,1843,15.577,-0.52,13.482,15.852,17.396
Netherlands,NLD,1844,14.609,-1.488,14.767,14.71,14.349
Netherlands,NLD,1845,15.637,-0.459,15.717,16.491,14.704
Netherlands,NLD,1846,18.55,2.453,17.99,18.269,19.39
Netherlands,NLD,1847,16.478,0.381,13.923,17.847,17.664
Netherlands,NLD,1848,15.643,-0.454,15.66,16.259,15.01
Netherlands,NLD,1849,15.391,-0.705,14.852,15.816,15.506
Netherlands,NLD,1850,15.954,-0.143,15.667,16.466,15.728
Netherlands,NLD,1851,15.603,-0.493,14.678,15.588,16.544
Netherlands,NLD,1852,17.093,0.996,14.606,19.38,17.293
Netherlands,NLD,1853,16.157,0.06,15.539,17.099,15.833
Netherlands,NLD,1854,15.776,-0.321,14.179,16.996,16.153
Netherlands,NLD,1855,16.094,-0.003,14.802,16.717,16.763
Netherlands,NLD,1856,15.756,-0.34,14.853,15.138,17.278
Netherlands,NLD,1857,17.802,1.705,16.405,17.702,19.298
Netherlands,NLD,1858,17.22,1.123,18.629,15.998,17.032
Netherlands,NLD,1859,18.066,1.969,16.711,19.559,17.927
Netherlands,NLD,1860,14.654,-1.442,14.333,14.992,14.638
Netherlands,NLD,1861,16.942,0.845,16.518,16.935,17.373
Netherlands,NLD,1862,15.045,-1.051,13.93,15.327,15.879
Netherlands,NLD,1863,15.782,-0.314,14.968,15.284,17.095
Netherlands,NLD,1864,14.742,-1.355,14.235,15.733,14.257
Netherlands,NLD,1865,16.074,-0.023,14.097,18.16,15.964
Netherlands,NLD,1866,15.993,-0.104,17.22,15.674,15.084
Netherlands,NLD,1867,15.525,-0.572,14.592,14.859,17.123
Netherlands,NLD,1868,17.893,1.796,16.456,18.908,18.314
Netherlands,NLD,1869,15.07,-1.027,12.572,17.524,15.114
Netherlands,NLD,1870,16.155,0.059,14.691,17.958,15.817
Netherlands,NLD,1871,15.777,-0.32,13.085,16.671,17.575
Netherlands,NLD,1872,16.68,0.583,15.451,18.546,16.043
Netherlands,NLD,1873,17.031,0.935,15.757,18.182,17.155
Netherlands,NLD,1874,16.236,0.139,14.901,18.518,15.289
Netherlands,NLD,1875,16.974,0.877,15.873,16.842,18.207
Netherlands,NLD,1876,16.877,0.78,15.372,17.716,17.542
Netherlands,NLD,1877,16.6,0.503,16.947,16.253,16.6
Netherlands,NLD,1878,16.16,0.063,15.434,16.006,17.039
Netherlands,NLD,1879,15.43,-0.667,14.964,14.686,16.639
Netherlands,NLD,1880,16.376,0.279,14.593,16.911,17.623
Netherlands,NLD,1881,16.011,-0.085,14.534,18.17,15.33
Netherlands,NLD,1882,15.242,-0.855,14.155,16.352,15.219
Netherlands,NLD,1883,15.903,-0.194,15.562,16.044,16.102
Netherlands,NLD,1884,16.38,0.283,13.365,17.91,17.864
Netherlands,NLD,1885,15.632,-0.464,15.596,16.846,14.455
Netherlands,NLD,1886,15.726,-0.371,13.922,16.487,16.769
Netherlands,NLD,1887,16.406,0.309,15.281,18.027,15.91
Netherlands,NLD,1888,14.831,-1.266,15.161,14.349,14.982
Netherlands,NLD,1889,16.429,0.332,18.067,15.844,15.376
Netherlands,NLD,1890,14.913,-1.184,13.878,15.09,15.771
Netherlands,NLD,1891,15.261,-0.836,14.87,15.846,15.066
Netherlands,NLD,1892,15.592,-0.505,14.186,15.467,17.122
Netherlands,NLD,1893,16.707,0.61,15.513,17.073,17.534
Netherlands,NLD,1894,15.515,-0.582,14.028,17.248,15.269
Netherlands,NLD,1895,16.126,0.029,15.438,16.299,16.64
Netherlands,NLD,1896,16.301,0.204,16.929,17.189,14.785
Netherlands,NLD,1897,16.879,0.783,16.678,16.459,17.501
Netherlands,NLD,1898,15.654,-0.443,14.441,14.506,18.015
Netherlands,NLD,1899,16.665,0.568,15.024,17.612,17.358
Netherlands,NLD,1900,16.801,0.704,15.781,18.385,16.236
Netherlands,NLD,1901,16.697,0.6,14.876,18.403,16.811
Netherlands,NLD,1902,15.152,-0.944,15.278,15.449,14.73
Netherlands,NLD,1903,15.138,-0.959,14.263,15.874,15.277
Netherlands,NLD,1904,16.243,0.147,14.404,18.038,16.288
Netherlands,NLD,1905,17.012,0.916,16.698,18.017,16.322
Netherlands,NLD,1906,16.026,-0.07,14.303,16.81,16.966
Netherlands,NLD,1907,14.401,-1.696,13.729,14.055,15.418
Netherlands,NLD,1908,15.95,-0.147,16.018,16.706,15.125
Netherlands,NLD,1909,14.687,-1.41,13.13,14.752,16.179
Netherlands,NLD,1910,15.96,-0.137,16.25,15.359,16.27
Netherlands,NLD,1911,17.609,1.512,14.751,18.555,19.52
Netherlands,NLD,1912,15.947,-0.15,15.175,18.358,14.307
Netherlands,NLD,1913,14.839,-1.258,14.491,14.695,15.331
Netherlands,NLD,1914,16.502,0.406,14.238,17.724,17.545
Netherlands,NLD,1915,15.78,-0.317,15.792,15.77,15.778
Netherlands,NLD,1916,14.71,-1.387,12.328,15.401,16.401
Netherlands,NLD,1917,17.107,1.011,18.025,16.752,16.545
Netherlands,NLD,1918,15.242,-0.855,13.248,16.276,16.201
Netherlands,NLD,1919,14.872,-1.225,14.508,13.993,16.115
Netherlands,NLD,1920,15.483,-0.614,15.382,16.483,14.584
Netherlands,NLD,1921,16.561,0.464,14.514,18.129,17.039
Netherlands,NLD,1922,15.056,-1.041,14.894,15.214,15.059
Netherlands,NLD,1923,15.224,-0.872,11.317,18.565,15.791
Netherlands,NLD,1924,15.28,-0.817,14.762,16.396,14.682
Netherlands,NLD,1925,16.459,0.363,14.783,18.164,16.431
Netherlands,NLD,1926,15.987,-0.11,13.884,17.51,16.566
Netherlands,NLD,1927,15.704,-0.393,13.293,16.98,16.838
Netherlands,NLD,1928,15.708,-0.389,13.714,17.194,16.215
Netherlands,NLD,1929,15.704,-0.393,13.663,16.929,16.52
Netherlands,NLD,1930,16.703,0.606,17.334,16.207,16.568
Netherlands,NLD,1931,15.865,-0.231,15.261,16.654,15.681
Netherlands,NLD,1932,17.063,0.967,14.714,17.595,18.881
Netherlands,NLD,1933,16.993,0.896,15.242,18.042,17.694
Netherlands,NLD,1934,16.527,0.43,15.491,17.544,16.546
Netherlands,NLD,1935,17.007,0.91,16.312,17.5,17.208
Netherlands,NLD,1936,16.525,0.428,16.142,16.561,16.872
Netherlands,NLD,1937,16.605,0.508,15.532,16.873,17.409
Netherlands,NLD,1938,16.55,0.453,15.429,16.259,17.962
Netherlands,NLD,1939,16.824,0.727,15.792,16.968,17.712
Netherlands,NLD,1940,15.765,-0.332,16.156,15.902,15.237
Netherlands,NLD,1941,16.669,0.572,16.141,18.747,15.119
Netherlands,NLD,1942,15.976,-0.121,14.126,15.871,17.931
Netherlands,NLD,1943,16.234,0.138,14.498,17.105,17.1
Netherlands,NLD,1944,16.657,0.561,13.871,16.889,19.212
Netherlands,NLD,1945,16.696,0.599,15.949,17.799,16.34
Netherlands,NLD,1946,15.811,-0.286,14.058,17.431,15.943
Netherlands,NLD,1947,18.404,2.307,17.204,18.602,19.406
Netherlands,NLD,1948,15.987,-0.109,15.05,16.397,16.515
Netherlands,NLD,1949,16.079,-0.017,14.074,17.102,17.062
Netherlands,NLD,1950,17.294,1.197,17.081,17.314,17.486
Netherlands,NLD,1951,16.057,-0.04,14.876,16.514,16.781
Netherlands,NLD,1952,16.429,0.332,14.808,17.238,17.241
Netherlands,NLD,1953,16.468,0.371,15.767,17.049,16.587
Netherlands,NLD,1954,15.113,-0.983,15.039,14.368,15.933
Netherlands,NLD,1955,16.527,0.43,14.074,17.47,18.037
Netherlands,NLD,1956,14.623,-1.474,12.931,16.621,14.316
Netherlands,NLD,1957,16.566,0.469,16.099,17.709,15.889
Netherlands,NLD,1958,16.196,0.099,14.485,16.772,17.33
Netherlands,NLD,1959,17.476,1.38,15.836,18.597,17.996
Netherlands,NLD,1960,15.837,-0.26,15.965,15.526,16.02
Netherlands,NLD,1961,15.672,-0.425,15.417,15.484,16.115
Netherlands,NLD,1962,14.544,-1.553,13.603,14.637,15.392
Netherlands,NLD,1963,15.851,-0.246,15.464,16.396,15.692
Netherlands,NLD,1964,16.195,0.098,15.338,16.88,16.366
Netherlands,NLD,1965,15.04,-1.057,14.75,14.893,15.477
Netherlands,NLD,1966,16.056,-0.04,16.746,15.525,15.898
Netherlands,NLD,1967,16.328,0.231,14.39,17.926,16.667
Netherlands,NLD,1968,16.268,0.171,15.404,16.238,17.162
Netherlands,NLD,1969,16.883,0.786,14.941,18.039,17.669
Netherlands,NLD,1970,16.611,0.514,16.997,15.84,16.996
Netherlands,NLD,1971,16.254,0.157,13.99,17.336,17.435
Netherlands,NLD,1972,15.598,-0.498,13.631,17.369,15.795
Netherlands,NLD,1973,16.967,0.871,15.925,17.208,17.769
Netherlands,NLD,1974,15.58,-0.517,14.663,15.346,16.73
Netherlands,NLD,1975,17.432,1.336,14.791,17.816,19.69
Netherlands,NLD,1976,18.051,1.954,17.314,19.112,17.726
Netherlands,NLD,1977,15.726,-0.371,14.401,16.619,16.157
Netherlands,NLD,1978,15.198,-0.898,14.81,15.245,15.54
Netherlands,NLD,1979,15.535,-0.561,15.114,15.792,15.7
Netherlands,NLD,1980,15.82,-0.276,14.829,15.536,17.096
Netherlands,NLD,1981,15.876,-0.221,14.494,16.386,16.747
Netherlands,NLD,1982,17.368,1.272,16.259,18.401,17.445
Netherlands,NLD,1983,17.897,1.801,15.97,19.506,18.216
Netherlands,NLD,1984,15.747,-0.349,13.507,15.821,17.914
Netherlands,NLD,1985,15.549,-0.547,13.596,17.002,16.05
Netherlands,NLD,1986,16.208,0.111,15.946,16.887,15.79
Netherlands,NLD,1987,15.502,-0.595,13.632,16.734,16.139
Netherlands,NLD,1988,15.921,-0.176,14.717,16.274,16.772
Netherlands,NLD,1989,16.82,0.723,15.417,17.755,17.288
Netherlands,NLD,1990,16.629,0.532,14.994,16.511,18.381
Netherlands,NLD,1991,16.475,0.379,12.784,18.709,17.933
Netherlands,NLD,1992,17.747,1.651,17.011,18.216,18.015
Netherlands,NLD,1993,15.683,-0.414,15.581,16.162,15.306
Netherlands,NLD,1994,17.965,1.868,15.087,20.966,17.842
Netherlands,NLD,1995,17.884,1.787,14.434,19.763,19.455
Netherlands,NLD,1996,16.254,0.157,15.113,16.068,17.581
Netherlands,NLD,1997,17.876,1.779,15.665,17.402,20.56
Netherlands,NLD,1998,16.15,0.053,15.917,16.106,16.427
Netherlands,NLD,1999,17.082,0.985,14.897,18.773,17.576
Netherlands,NLD,2000,16.239,0.142,15.876,15.402,17.438
Netherlands,NLD,2001,17.271,1.175,14.768,18.437,18.609
Netherlands,NLD,2002,17.686,1.589,16.588,17.534,18.935
Netherlands,NLD,2003,18.644,2.547,17.736,18.773,19.422
Netherlands,NLD,2004,17.059,0.962,15.405,16.747,19.024
Netherlands,NLD,2005,16.712,0.615,16.305,17.71,16.121
Netherlands,NLD,2006,18.147,2.051,16.116,21.745,16.581
Netherlands,NLD,2007,17.116,1.019,17.339,16.984,17.025
Netherlands,NLD,2008,17.226,1.13,16.193,17.951,17.535
Netherlands,NLD,2009,17.331,1.234,15.329,18.115,18.549
Netherlands,NLD,2010,17.508,1.412,15.965,19.7,16.86
Netherlands,NLD,2011,16.356,0.259,16.104,15.926,17.037
Netherlands,NLD,2012,16.795,0.699,14.719,17.111,18.556
Netherlands,NLD,2013,17.24,1.144,14.946,18.724,18.051
Netherlands,NLD,2014,17.226,1.129,15.774,19.564,16.339
Netherlands,NLD,2015,17.341,1.244,15.116,18.238,18.668
Netherlands,NLD,2016,17.592,1.496,16.661,18.208,17.908
Netherlands,NLD,2017,17.683,1.586,17.7,17.913,17.436
Netherlands,NLD,2018,18.736,2.64,17.123,20.283,18.803
Netherlands,NLD,2019,18.526,2.429,18.025,18.694,18.858
Netherlands,NLD,2020,18.127,2.031,17.238,16.807,20.337
Poland,POL,1750,17.853,0.57,16.553,18.878,18.129
Poland,POL,1751,17.59,0.307,15.739,18.829,18.202
Poland,POL,1752,18.014,0.73,17.36,19.306,17.375
Poland,POL,1753,16.806,-0.477,16.186,17.727,16.506
Poland,POL,1754,16.739,-0.545,16.767,16.901,16.548
Poland,POL,1755,17.699,0.416,18.321,18.771,16.006
Poland,POL,1756,17.854,0.571,18.26,18.861,16.441
Poland,POL,1757,19.464,2.181,18.57,21.571,18.252
Poland,POL,1758,16.702,-0.581,16.71,16.732,16.664
Poland,POL,1759,18.12,0.837,17.536,18.967,17.857
Poland,POL,1760,17.298,0.015,17.166,17.815,16.913
Poland,POL,1761,18.824,1.541,18.76,18.877,18.836
Poland,POL,1762,17.033,-0.25,17.097,17.922,16.08
Poland,POL,1763,17.65,0.367,15.761,19.168,18.022
Poland,POL,1764,16.83,-0.453,14.814,19.419,16.258
Poland,POL,1765,16.626,-0.657,15.822,16.343,17.713
Poland,POL,1766,16.893,-0.39,16.754,17.2,16.726
Poland,POL,1767,16.946,-0.337,15.601,17.394,17.844
Poland,POL,1768,16.926,-0.357,15.826,18.12,16.832
Poland,POL,1769,16.609,-0.674,16.307,17.451,16.069
Poland,POL,1770,16.187,-1.097,15.114,16.708,16.738
Poland,POL,1771,16.427,-0.856,16.654,17.075,15.552
Poland,POL,1772,17.145,-0.139,16.553,17.735,17.146
Poland,POL,1773,17.054,-0.229,15.854,17.916,17.393
Poland,POL,1774,18.131,0.847,18.416,18.748,17.228
Poland,POL,1775,19.284,2.001,18.564,19.525,19.763
Poland,POL,1776,18.092,0.809,17.284,19.071,17.921
Poland,POL,1777,16.569,-0.714,15.973,16.744,16.991
Poland,POL,1778,18.023,0.739,16.442,19.845,17.781
Poland,POL,1779,16.983,-0.301,15.349,17.144,18.455
Poland,POL,1780,16.908,-0.375,15.602,17.987,17.136
Poland,POL,1781,19.336,2.053,18.073,18.943,20.992
Poland,POL,1782,17.662,0.379,16.62,19.022,17.345
Poland,POL,1783,18.642,1.359,18.381,18.949,18.597
Poland,POL,1784,17.648,0.364,16.648,17.755,18.54
Poland,POL,1785,16.147,-1.136,15.077,16.824,16.54
Poland,POL,1786,16.327,-0.956,16.398,16.508,16.076
Poland,POL,1787,17.301,0.018,17.436,17.468,17.0
Poland,POL,1788,18.2,0.917,17.741,20.42,16.439
Poland,POL,1789,18.194,0.91,16.513,19.7,18.368
Poland,POL,1790,16.544,-0.739,16.665,16.483,16.485
Poland,POL,1791,17.582,0.299,15.715,18.249,18.783
Poland,POL,1792,17.869,0.585,16.747,19.361,17.498
Poland,POL,1793,17.672,0.389,15.929,19.434,17.654
Poland,POL,1794,18.027,0.743,17.709,20.004,16.367
Poland,POL,1795,16.968,-0.315,17.346,16.549,17.01
Poland,POL,1796,17.704,0.421,16.842,18.154,18.116
Poland,POL,1797,18.729,1.446,17.611,19.722,18.854
Poland,POL,1798,18.398,1.115,17.445,19.07,18.68
Poland,POL,1799,16.268,-1.016,14.877,16.894,17.032
Poland,POL,1800,15.877,-1.407,14.327,15.724,17.579
Poland,POL,1801,16.438,-0.846,14.846,18.532,15.935
Poland,POL,1802,17.734,0.45,15.679,18.246,19.276
Poland,POL,1803,17.481,0.197,15.118,18.856,18.468
Poland,POL,1804,16.976,-0.308,15.545,18.561,16.821
Poland,POL,1805,15.685,-1.599,14.281,16.889,15.884
Poland,POL,1806,16.125,-1.158,14.204,16.7,17.472
Poland,POL,1807,18.82,1.537,15.646,18.839,21.975
Poland,POL,1808,18.517,1.233,16.825,19.174,19.551
Poland,POL,1809,17.564,0.281,16.189,17.919,18.585
Poland,POL,1810,16.438,-0.845,13.697,18.387,17.23
Poland,POL,1811,19.632,2.349,19.989,20.489,18.418
Poland,POL,1812,16.866,-0.417,16.326,17.139,17.134
Poland,POL,1813,16.021,-1.262,14.566,17.536,15.961
Poland,POL,1814,16.874,-0.409,14.322,19.23,17.071
Poland,POL,1815,16.057,-1.226,16.167,15.49,16.514
Poland,POL,1816,15.994,-1.29,15.694,16.735,15.552
Poland,POL,1817,17.177,-0.106,16.756,17.232,17.544
Poland,POL,1818,16.274,-1.009,15.095,18.072,15.656
Poland,POL,1819,18.0,0.717,17.492,18.3,18.209
Poland,POL,1820,16.212,-1.071,14.116,15.945,18.575
Poland,POL,1821,14.739,-2.545,12.804,15.591,15.821
Poland,POL,1822,17.384,0.1,16.318,19.295,16.538
Poland,POL,1823,17.518,0.235,16.68,17.423,18.451
Poland,POL,1824,16.457,-0.826,15.17,17.03,17.172
Poland,POL,1825,16.469,-0.814,15.73,16.858,16.819
Poland,POL,1826,19.235,1.952,17.172,21.034,19.5
Poland,POL,1827,18.019,0.736,18.595,18.423,17.04
Poland,POL,1828,17.385,0.102,16.638,19.169,16.348
Poland,POL,1829,16.819,-0.464,15.499,18.355,16.603
Poland,POL,1830,17.612,0.329,17.222,17.699,17.915
Poland,POL,1831,17.034,-0.249,15.628,18.582,16.892
Poland,POL,1832,15.762,-1.521,15.148,14.897,17.241
Poland,POL,1833,16.249,-1.035,17.737,17.151,13.858
Poland,POL,1834,19.694,2.411,17.305,21.425,20.353
Poland,POL,1835,16.969,-0.314,16.883,18.357,15.668
Poland,POL,1836,15.991,-1.292,16.356,16.251,15.367
Poland,POL,1837,16.333,-0.951,15.193,15.783,18.022
Poland,POL,1838,15.786,-1.497,15.565,16.775,15.018
Poland,POL,1839,17.765,0.482,17.28,19.001,17.014
Poland,POL,1840,16.22,-1.063,15.339,17.381,15.94
Poland,POL,1841,17.221,-0.062,16.441,17.501,17.721
Poland,POL,1842,17.135,-0.148,15.405,16.463,19.537
Poland,POL,1843,16.964,-0.32,15.593,17.234,18.064
Poland,POL,1844,15.034,-2.249,14.93,14.824,15.349
Poland,POL,1845,17.517,0.234,17.079,19.112,16.36
Poland,POL,1846,18.641,1.358,16.178,19.264,20.481
Poland,POL,1847,17.118,-0.165,15.126,17.232,18.997
Poland,POL,1848,17.561,0.278,18.284,17.794,16.606
Poland,POL,1849,15.824,-1.459,15.478,16.304,15.691
Poland,POL,1850,17.816,0.533,17.331,17.88,18.237
Poland,POL,1851,16.376,-0.908,14.971,17.074,17.082
Poland,POL,1852,18.021,0.738,17.324,18.833,17.907
Poland,POL,1853,17.459,0.176,17.151,18.457,16.77
Poland,POL,1854,17.037,-0.247,15.165,18.8,17.145
Poland,POL,1855,17.88,0.597,17.616,18.484,17.54
Poland,POL,1856,16.233,-1.05,16.58,16.133,15.987
Poland,POL,1857,17.547,0.264,16.223,17.899,18.52
Poland,POL,1858,18.17,0.887,17.698,18.733,18.08
Poland,POL,1859,18.645,1.362,16.74,19.618,19.577
Poland,POL,1860,16.948,-0.336,17.039,16.943,16.861
Poland,POL,1861,18.403,1.119,18.169,19.32,17.719
Poland,POL,1862,16.737,-0.546,16.174,17.173,16.865
Poland,POL,1863,16.968,-0.315,16.437,16.217,18.251
Poland,POL,1864,15.831,-1.453,16.807,16.088,14.597
Poland,POL,1865,16.701,-0.583,13.337,20.439,16.326
Poland,POL,1866,17.308,0.025,18.952,16.815,16.158
Poland,POL,1867,16.237,-1.046,15.126,16.578,17.007
Poland,POL,1868,18.758,1.475,17.657,19.194,19.423
Poland,POL,1869,16.33,-0.953,14.095,18.302,16.594
Poland,POL,1870,16.549,-0.735,15.06,18.328,16.258
Poland,POL,1871,16.701,-0.582,14.408,18.376,17.32
Poland,POL,1872,16.902,-0.381,16.221,18.22,16.266
Poland,POL,1873,17.762,0.479,16.188,18.902,18.196
Poland,POL,1874,17.208,-0.075,16.06,19.439,16.126
Poland,POL,1875,18.466,1.183,18.702,18.327,18.37
Poland,POL,1876,17.75,0.467,17.651,18.122,17.477
Poland,POL,1877,17.688,0.405,17.449,17.878,17.737
Poland,POL,1878,16.702,-0.581,16.239,16.15,17.717
Poland,POL,1879,16.698,-0.585,16.962,15.949,17.183
Poland,POL,1880,17.444,0.16,16.288,18.945,17.098
Poland,POL,1881,16.791,-0.492,15.563,18.377,16.434
Poland,POL,1882,16.8,-0.484,14.905,19.255,16.239
Poland,POL,1883,17.147,-0.136,16.853,18.264,16.324
Poland,POL,1884,16.371,-0.912,14.82,18.493,15.8
Poland,POL,1885,16.887,-0.396,17.356,18.571,14.735
Poland,POL,1886,16.652,-0.631,15.404,17.155,17.398
Poland,POL,1887,16.447,-0.836,14.297,19.032,16.012
Poland,POL,1888,15.981,-1.302,15.706,16.109,16.129
Poland,POL,1889,17.623,0.34,19.04,17.551,16.278
Poland,POL,1890,17.061,-0.223,14.427,17.521,19.234
Poland,POL,1891,16.436,-0.847,15.026,18.052,16.23
Poland,POL,1892,17.352,0.068,16.329,16.705,19.021
Poland,POL,1893,16.988,-0.296,15.994,18.228,16.741
Poland,POL,1894,16.673,-0.611,14.269,19.104,16.645
Poland,POL,1895,17.606,0.323,16.778,18.776,17.264
Poland,POL,1896,17.856,0.573,18.023,19.109,16.437
Poland,POL,1897,17.896,0.612,17.259,17.918,18.51
Poland,POL,1898,16.511,-0.773,15.909,15.577,18.046
Poland,POL,1899,16.13,-1.153,14.054,18.442,15.895
Poland,POL,1900,17.855,0.572,16.565,19.175,17.826
Poland,POL,1901,18.109,0.826,17.183,19.446,17.699
Poland,POL,1902,15.562,-1.721,15.481,15.807,15.399
Poland,POL,1903,16.528,-0.756,16.007,17.475,16.101
Poland,POL,1904,16.711,-0.572,15.309,18.055,16.77
Poland,POL,1905,18.092,0.808,18.155,18.484,17.636
Poland,POL,1906,16.812,-0.471,15.701,18.28,16.456
Poland,POL,1907,15.888,-1.395,15.702,16.16,15.803
Poland,POL,1908,16.93,-0.354,16.895,18.242,15.652
Poland,POL,1909,16.458,-0.825,15.675,16.513,17.186
Poland,POL,1910,17.039,-0.244,17.927,16.845,16.346
Poland,POL,1911,17.489,0.206,15.432,18.199,18.836
Poland,POL,1912,17.211,-0.072,16.941,18.696,15.996
Poland,POL,1913,15.83,-1.453,15.138,16.153,16.2
Poland,POL,1914,17.674,0.39,16.195,19.605,17.221
Poland,POL,1915,16.941,-0.342,17.355,17.646,15.822
Poland,POL,1916,16.057,-1.227,14.632,17.402,16.136
Poland,POL,1917,18.473,1.19,19.138,17.794,18.487
Poland,POL,1918,15.953,-1.33,13.827,17.461,16.571
Poland,POL,1919,15.781,-1.502,15.315,16.309,15.719
Poland,POL,1920,16.957,-0.327,14.631,19.413,16.826
Poland,POL,1921,17.331,0.048,15.174,18.61,18.209
Poland,POL,1922,16.552,-0.731,16.003,17.48,16.174
Poland,POL,1923,15.389,-1.894,12.316,18.133,15.719
Poland,POL,1924,16.596,-0.687,16.281,16.982,16.526
Poland,POL,1925,16.587,-0.696,14.279,18.525,16.958
Poland,POL,1926,16.652,-0.632,15.51,18.655,15.79
Poland,POL,1927,17.506,0.223,15.545,19.034,17.94
Poland,POL,1928,16.268,-1.015,13.859,18.59,16.355
Poland,POL,1929,16.725,-0.558,14.365,17.711,18.1
Poland,POL,1930,17.405,0.121,18.085,17.483,16.646
Poland,POL,1931,17.029,-0.255,16.11,18.39,16.586
Poland,POL,1932,17.909,0.626,14.805,20.166,18.757
Poland,POL,1933,16.809,-0.475,14.9,18.67,16.856
Poland,POL,1934,17.59,0.307,16.441,18.359,17.97
Poland,POL,1935,17.52,0.237,18.15,17.144,17.266
Poland,POL,1936,17.805,0.522,16.985,19.906,16.524
Poland,POL,1937,18.13,0.847,17.873,18.19,18.327
Poland,POL,1938,18.215,0.932,16.899,18.637,19.11
Poland,POL,1939,18.982,1.699,17.577,19.441,19.929
Poland,POL,1940,16.991,-0.292,17.703,18.091,15.179
Poland,POL,1941,17.056,-0.227,15.821,18.894,16.454
Poland,POL,1942,16.94,-0.344,14.79,16.991,19.038
Poland,POL,1943,17.343,0.06,15.606,17.391,19.033
Poland,POL,1944,18.024,0.74,15.439,18.956,19.676
Poland,POL,1945,17.498,0.215,16.207,18.529,17.759
Poland,POL,1946,18.124,0.841,16.842,19.539,17.992
Poland,POL,1947,18.227,0.944,17.976,19.285,17.421
Poland,POL,1948,17.075,-0.208,16.252,17.306,17.667
Poland,POL,1949,16.555,-0.728,14.812,17.939,16.914
Poland,POL,1950,17.861,0.577,17.222,18.216,18.144
Poland,POL,1951,18.019,0.735,16.597,18.161,19.298
Poland,POL,1952,17.548,0.265,15.451,18.244,18.95
Poland,POL,1953,18.112,0.829,17.694,19.611,17.032
Poland,POL,1954,17.615,0.331,18.332,16.717,17.795
Poland,POL,1955,17.516,0.233,15.341,18.568,18.64
Poland,POL,1956,16.656,-0.628,16.928,17.364,15.675
Poland,POL,1957,17.782,0.498,17.482,19.372,16.491
Poland,POL,1958,16.853,-0.43,14.759,18.58,17.22
Poland,POL,1959,18.554,1.27,16.537,20.894,18.23
Poland,POL,1960,17.214,-0.069,17.06,17.244,17.338
Poland,POL,1961,17.035,-0.248,17.853,16.617,16.635
Poland,POL,1962,15.875,-1.409,14.633,16.028,16.963
Poland,POL,1963,18.401,1.117,16.795,19.575,18.832
Poland,POL,1964,17.988,0.705,19.2,18.393,16.371
Poland,POL,1965,16.253,-1.03,16.342,16.499,15.919
Poland,POL,1966,17.397,0.114,17.005,18.187,17.0
Poland,POL,1967,17.672,0.389,16.274,19.127,17.615
Poland,POL,1968,17.625,0.342,18.186,17.237,17.452
Poland,POL,1969,17.372,0.089,16.289,18.686,17.141
Poland,POL,1970,17.239,-0.045,16.906,17.69,17.12
Poland,POL,1971,17.675,0.391,15.665,18.27,19.089
Poland,POL,1972,18.076,0.793,16.985,19.997,17.246
Poland,POL,1973,17.351,0.068,16.444,18.169,17.44
Poland,POL,1974,16.382,-0.901,14.64,16.205,18.302
Poland,POL,1975,17.816,0.532,15.988,18.951,18.508
Poland,POL,1976,16.551,-0.732,15.47,18.44,15.744
Poland,POL,1977,16.597,-0.686,16.841,16.558,16.393
Poland,POL,1978,15.969,-1.314,15.336,16.299,16.273
Poland,POL,1979,17.013,-0.27,18.811,15.206,17.022
Poland,POL,1980,16.345,-0.939,15.855,16.714,16.465
Poland,POL,1981,17.336,0.053,17.325,17.811,16.872
Poland,POL,1982,17.73,0.447,15.963,18.614,18.613
Poland,POL,1983,17.949,0.666,16.352,19.316,18.18
Poland,POL,1984,16.111,-1.173,14.519,16.181,17.632
Poland,POL,1985,16.802,-0.482,14.813,17.507,18.085
Poland,POL,1986,17.269,-0.014,16.401,17.932,17.475
Poland,POL,1987,16.51,-0.774,15.789,18.033,15.707
Poland,POL,1988,17.765,0.481,16.416,19.256,17.622
Poland,POL,1989,17.301,0.018,15.656,18.359,17.888
Poland,POL,1990,17.074,-0.209,16.461,16.951,17.811
Poland,POL,1991,17.42,0.137,15.18,18.907,18.174
Poland,POL,1992,19.54,2.256,18.0,19.671,20.948
Poland,POL,1993,16.248,-1.035,15.464,16.717,16.564
Poland,POL,1994,18.533,1.249,15.806,21.133,18.659
Poland,POL,1995,18.353,1.069,16.685,20.014,18.359
Poland,POL,1996,17.09,-0.194,16.542,16.376,18.351
Poland,POL,1997,18.01,0.726,16.74,17.996,19.293
Poland,POL,1998,17.303,0.02,17.532,17.683,16.694
Poland,POL,1999,18.475,1.192,17.564,20.155,17.706
Poland,POL,2000,17.349,0.066,17.234,16.613,18.201
Poland,POL,2001,18.092,0.809,14.938,20.146,19.192
Poland,POL,2002,19.386,2.103,17.387,20.308,20.463
Poland,POL,2003,19.004,1.721,18.045,19.8,19.167
Poland,POL,2004,17.542,0.259,15.813,17.781,19.033
Poland,POL,2005,17.615,0.332,15.954,19.59,17.302
Poland,POL,2006,19.012,1.729,17.302,22.066,17.668
Poland,POL,2007,18.711,1.428,18.591,18.66,18.882
Poland,POL,2008,18.3,1.017,17.646,18.8,18.455
Poland,POL,2009,17.896,0.612,15.737,19.365,18.585
Poland,POL,2010,19.154,1.87,17.111,21.195,19.155
Poland,POL,2011,18.362,1.079,18.185,18.258,18.644
Poland,POL,2012,18.45,1.167,16.687,19.965,18.698
Poland,POL,2013,18.657,1.374,17.755,19.28,18.937
Poland,POL,2014,18.263,0.979,16.078,20.871,17.839
Poland,POL,2015,19.195,1.912,16.539,19.403,21.643
Poland,POL,2016,18.63,1.347,18.485,19.331,18.074
Poland,POL,2017,18.396,1.113,17.729,18.29,19.17
Poland,POL,2018,19.768,2.484,18.448,20.293,20.562
Poland,POL,2019,20.1,2.817,21.509,18.757,20.034
Poland,POL,2020,18.916,1.633,18.278,18.454,20.016
Portugal,PRT,1780,20.912,0.305,19.46,22.204,21.072
Portugal,PRT,1781,20.362,-0.244,17.635,21.692,21.76
Portugal,PRT,1782,21.156,0.55,19.923,21.497,22.049
Portugal,PRT,1783,20.846,0.239,19.655,21.76,21.123
Portugal,PRT,1784,20.808,0.201,19.482,21.841,21.1
Portugal,PRT,1785,21.139,0.532,20.698,21.363,21.356
Portugal,PRT,1786,21.033,0.426,19.837,21.767,21.495
Portugal,PRT,1787,19.886,-0.721,18.83,19.784,21.043
Portugal,PRT,1788,21.289,0.683,19.301,22.246,22.321
Portugal,PRT,1789,19.513,-1.094,17.865,20.047,20.627
Portugal,PRT,1790,20.638,0.032,19.402,20.874,21.639
Portugal,PRT,1791,20.367,-0.239,18.222,20.732,22.148
Portugal,PRT,1792,20.537,-0.07,19.24,21.204,21.166
Portugal,PRT,1793,21.002,0.395,18.588,22.63,21.787
Portugal,PRT,1794,19.766,-0.841,17.619,20.902,20.777
Portugal,PRT,1795,20.177,-0.43,17.955,20.916,21.66
Portugal,PRT,1796,20.813,0.206,19.79,20.689,21.96
Portugal,PRT,1797,20.474,-0.133,18.22,21.321,21.88
Portugal,PRT,1798,21.284,0.677,19.563,21.653,22.636
Portugal,PRT,1799,20.006,-0.601,18.32,21.2,20.498
Portugal,PRT,1800,21.233,0.627,18.62,22.659,22.421
Portugal,PRT,1801,20.234,-0.373,19.068,20.548,21.085
Portugal,PRT,1802,20.978,0.372,19.805,20.811,22.319
Portugal,PRT,1803,21.536,0.93,20.026,22.001,22.582
Portugal,PRT,1804,21.296,0.689,20.939,21.556,21.392
Portugal,PRT,1805,20.667,0.06,18.805,20.724,22.472
Portugal,PRT,1806,21.201,0.594,19.27,21.928,22.404
Portugal,PRT,1807,20.635,0.028,19.286,21.332,21.287
Portugal,PRT,1808,20.939,0.332,18.793,22.983,21.04
Portugal,PRT,1809,18.954,-1.653,17.678,18.906,20.278
Portugal,PRT,1810,18.983,-1.624,17.574,19.499,19.875
Portugal,PRT,1811,18.927,-1.68,17.996,18.899,19.885
Portugal,PRT,1812,20.176,-0.431,18.516,20.604,21.407
Portugal,PRT,1813,19.116,-1.491,17.667,19.404,20.277
Portugal,PRT,1817,18.848,-1.758,17.659,19.252,19.634
Portugal,PRT,1818,20.15,-0.456,19.018,20.831,20.602
Portugal,PRT,1819,19.338,-1.269,17.8,20.178,20.035
Portugal,PRT,1820,20.103,-0.504,18.464,21.124,20.721
Portugal,PRT,1821,20.134,-0.473,17.689,20.63,22.083
Portugal,PRT,1822,20.696,0.089,20.343,21.147,20.598
Portugal,PRT,1823,19.498,-1.109,17.359,20.262,20.872
Portugal,PRT,1824,20.0,-0.607,17.767,21.706,20.527
Portugal,PRT,1825,20.557,-0.05,19.114,21.28,21.277
Portugal,PRT,1826,20.829,0.222,19.26,21.354,21.873
Portugal,PRT,1827,20.446,-0.161,18.193,22.242,20.902
Portugal,PRT,1828,19.948,-0.659,19.465,20.153,20.225
Portugal,PRT,1829,20.106,-0.501,18.608,20.73,20.979
Portugal,PRT,1830,20.141,-0.466,17.75,22.014,20.659
Portugal,PRT,1831,20.531,-0.076,19.914,21.023,20.656
Portugal,PRT,1832,20.495,-0.112,18.417,21.875,21.193
Portugal,PRT,1833,19.861,-0.746,19.469,19.706,20.407
Portugal,PRT,1834,20.181,-0.426,19.692,20.677,20.173
Portugal,PRT,1835,20.022,-0.585,17.914,21.576,20.576
Portugal,PRT,1836,21.089,0.482,19.536,22.323,21.408
Portugal,PRT,1837,21.218,0.611,19.969,21.744,21.941
Portugal,PRT,1838,20.769,0.163,18.77,21.599,21.939
Portugal,PRT,1839,20.786,0.18,19.105,21.091,22.163
Portugal,PRT,1840,20.681,0.075,20.224,20.72,21.1
Portugal,PRT,1841,19.599,-1.007,18.292,19.648,20.858
Portugal,PRT,1842,21.213,0.607,20.835,21.506,21.299
Portugal,PRT,1843,19.745,-0.861,17.525,20.666,21.045
Portugal,PRT,1844,20.417,-0.19,19.315,21.396,20.54
Portugal,PRT,1845,19.687,-0.92,18.244,20.329,20.488
Portugal,PRT,1846,21.762,1.155,20.819,22.665,21.801
Portugal,PRT,1847,20.538,-0.069,19.057,21.753,20.804
Portugal,PRT,1848,20.33,-0.277,18.108,21.703,21.179
Portugal,PRT,1849,20.852,0.245,19.07,21.989,21.497
Portugal,PRT,1850,20.679,0.072,19.513,21.247,21.277
Portugal,PRT,1851,20.839,0.232,19.423,21.009,22.085
Portugal,PRT,1852,19.987,-0.619,17.989,21.354,20.619
Portugal,PRT,1853,19.76,-0.847,17.884,20.485,20.911
Portugal,PRT,1854,19.69,-0.917,17.379,20.234,21.457
Portugal,PRT,1855,20.096,-0.511,17.184,20.526,22.578
Portugal,PRT,1856,20.95,0.343,19.077,21.752,22.02
Portugal,PRT,1857,20.782,0.175,19.046,22.648,20.651
Portugal,PRT,1858,20.631,0.025,20.598,20.574,20.722
Portugal,PRT,1859,20.874,0.267,17.641,23.119,21.862
Portugal,PRT,1860,19.873,-0.734,18.304,20.764,20.551
Portugal,PRT,1861,20.751,0.144,18.671,20.443,23.138
Portugal,PRT,1862,20.68,0.073,19.171,22.639,20.229
Portugal,PRT,1863,20.69,0.083,19.034,21.732,21.304
Portugal,PRT,1864,21.53,0.924,20.164,21.261,23.166
Portugal,PRT,1865,20.687,0.08,20.892,21.259,19.91
Portugal,PRT,1866,20.015,-0.592,18.015,20.369,21.661
Portugal,PRT,1867,20.341,-0.266,20.035,20.313,20.674
Portugal,PRT,1868,21.116,0.509,21.413,21.014,20.92
Portugal,PRT,1869,20.971,0.364,19.278,21.624,22.011
Portugal,PRT,1870,21.663,1.057,21.797,22.572,20.621
Portugal,PRT,1871,20.15,-0.457,17.278,21.494,21.677
Portugal,PRT,1872,20.708,0.101,19.431,20.961,21.732
Portugal,PRT,1873,20.902,0.296,19.074,21.734,21.899
Portugal,PRT,1874,20.493,-0.114,18.028,21.534,21.916
Portugal,PRT,1875,20.048,-0.559,18.636,19.38,22.127
Portugal,PRT,1876,21.064,0.457,17.188,23.76,22.243
Portugal,PRT,1877,20.944,0.338,19.405,21.996,21.432
Portugal,PRT,1878,20.19,-0.416,18.627,21.495,20.449
Portugal,PRT,1879,19.821,-0.785,17.755,20.495,21.214
Portugal,PRT,1880,19.147,-1.46,16.854,20.02,20.567
Portugal,PRT,1881,21.435,0.828,18.847,22.679,22.778
Portugal,PRT,1882,19.758,-0.849,18.018,20.105,21.151
Portugal,PRT,1883,19.375,-1.232,16.856,19.628,21.64
Portugal,PRT,1884,20.411,-0.195,18.138,21.026,22.07
Portugal,PRT,1885,19.581,-1.026,18.446,20.324,19.973
Portugal,PRT,1886,20.332,-0.274,18.305,21.345,21.347
Portugal,PRT,1887,21.73,1.123,21.246,22.034,21.909
Portugal,PRT,1888,19.384,-1.223,18.165,19.317,20.67
Portugal,PRT,1889,19.318,-1.288,17.071,20.383,20.501
Portugal,PRT,1890,20.007,-0.6,19.793,20.344,19.883
Portugal,PRT,1891,19.816,-0.791,18.661,20.818,19.969
Portugal,PRT,1892,20.449,-0.158,19.456,20.634,21.257
Portugal,PRT,1893,21.594,0.987,19.963,21.901,22.917
Portugal,PRT,1894,20.407,-0.2,19.306,20.755,21.16
Portugal,PRT,1895,20.652,0.045,19.32,21.065,21.57
Portugal,PRT,1896,20.305,-0.302,18.706,21.785,20.424
Portugal,PRT,1897,21.397,0.79,20.626,22.574,20.99
Portugal,PRT,1898,21.488,0.882,18.828,22.889,22.748
Portugal,PRT,1899,21.483,0.876,18.915,22.76,22.773
Portugal,PRT,1900,20.798,0.192,18.889,22.663,20.843
Portugal,PRT,1901,21.231,0.624,20.315,21.64,21.737
Portugal,PRT,1902,19.569,-1.038,17.215,20.857,20.634
Portugal,PRT,1903,20.162,-0.445,17.664,20.988,21.834
Portugal,PRT,1904,20.673,0.066,19.359,21.016,21.643
Portugal,PRT,1905,19.894,-0.713,17.597,21.695,20.39
Portugal,PRT,1906,21.395,0.789,20.213,21.258,22.715
Portugal,PRT,1907,20.434,-0.173,19.204,19.911,22.187
Portugal,PRT,1908,20.056,-0.55,18.034,21.014,21.121
Portugal,PRT,1909,19.658,-0.949,16.429,21.275,21.27
Portugal,PRT,1910,19.624,-0.982,18.342,19.919,20.612
Portugal,PRT,1911,20.678,0.071,17.443,22.61,21.981
Portugal,PRT,1912,18.465,-2.141,18.15,18.478,18.768
Portugal,PRT,1913,20.526,-0.081,20.485,21.081,20.012
Portugal,PRT,1914,19.377,-1.23,17.037,19.897,21.197
Portugal,PRT,1915,20.787,0.18,19.028,21.347,21.986
Portugal,PRT,1916,20.023,-0.584,18.375,20.337,21.356
Portugal,PRT,1917,20.25,-0.357,18.878,22.129,19.742
Portugal,PRT,1918,21.159,0.552,19.657,21.149,22.671
Portugal,PRT,1919,21.426,0.819,20.84,20.31,23.127
Portugal,PRT,1920,20.397,-0.21,19.468,20.41,21.312
Portugal,PRT,1921,21.219,0.612,19.713,22.638,21.306
Portugal,PRT,1922,20.257,-0.349,18.836,20.82,21.116
Portugal,PRT,1923,21.335,0.728,18.931,22.209,22.865
Portugal,PRT,1924,20.647,0.04,19.775,21.443,20.723
Portugal,PRT,1925,19.95,-0.657,18.736,19.767,21.346
Portugal,PRT,1926,21.263,0.657,18.602,21.936,23.252
Portugal,PRT,1927,19.904,-0.703,19.507,19.516,20.688
Portugal,PRT,1928,21.624,1.018,19.384,23.809,21.68
Portugal,PRT,1929,21.238,0.631,19.97,21.826,21.918
Portugal,PRT,1930,20.265,-0.341,17.997,20.245,22.554
Portugal,PRT,1931,20.21,-0.397,19.884,20.553,20.192
Portugal,PRT,1932,20.095,-0.512,18.045,20.157,22.083
Portugal,PRT,1933,21.328,0.721,18.329,22.239,23.416
Portugal,PRT,1934,20.795,0.188,20.051,22.103,20.23
Portugal,PRT,1935,20.686,0.079,18.322,22.379,21.356
Portugal,PRT,1936,19.999,-0.608,17.07,20.313,22.614
Portugal,PRT,1937,21.06,0.453,18.7,22.371,22.109
Portugal,PRT,1938,21.062,0.456,20.716,21.226,21.245
Portugal,PRT,1939,19.696,-0.911,17.852,20.565,20.671
Portugal,PRT,1940,20.752,0.145,18.815,20.591,22.849
Portugal,PRT,1941,20.711,0.104,19.397,21.352,21.383
Portugal,PRT,1942,20.747,0.14,19.703,21.594,20.944
Portugal,PRT,1943,21.753,1.146,21.238,21.289,22.731
Portugal,PRT,1944,21.131,0.525,20.274,21.275,21.845
Portugal,PRT,1945,20.723,0.117,20.664,21.096,20.41
Portugal,PRT,1946,20.727,0.12,18.771,22.542,20.867
Portugal,PRT,1947,21.239,0.633,19.792,21.861,22.065
Portugal,PRT,1948,21.028,0.421,20.218,21.288,21.577
Portugal,PRT,1949,22.582,1.975,20.419,23.244,24.083
Portugal,PRT,1950,21.17,0.563,19.85,22.421,21.239
Portugal,PRT,1951,20.488,-0.118,19.501,21.47,20.494
Portugal,PRT,1952,20.773,0.167,19.973,21.587,20.76
Portugal,PRT,1953,21.054,0.447,18.313,21.663,23.186
Portugal,PRT,1954,19.977,-0.63,18.284,21.465,20.181
Portugal,PRT,1955,21.229,0.622,19.665,21.529,22.492
Portugal,PRT,1956,19.895,-0.712,19.05,20.681,19.953
Portugal,PRT,1957,20.908,0.302,18.369,22.199,22.157
Portugal,PRT,1958,19.827,-0.78,17.988,20.706,20.786
Portugal,PRT,1959,21.266,0.659,19.384,22.578,21.836
Portugal,PRT,1960,20.608,0.001,20.543,21.19,20.09
Portugal,PRT,1961,21.678,1.071,19.91,21.987,23.137
Portugal,PRT,1962,21.225,0.619,20.419,21.013,22.244
Portugal,PRT,1963,20.235,-0.372,18.45,21.782,20.472
Portugal,PRT,1964,21.236,0.629,19.802,21.709,22.196
Portugal,PRT,1965,20.578,-0.028,20.136,19.844,21.755
Portugal,PRT,1966,20.445,-0.162,18.853,21.375,21.106
Portugal,PRT,1967,20.716,0.11,19.431,21.623,21.095
Portugal,PRT,1968,20.837,0.231,19.606,21.496,21.41
Portugal,PRT,1969,21.123,0.516,18.214,23.162,21.993
Portugal,PRT,1970,20.323,-0.284,18.312,22.024,20.632
Portugal,PRT,1971,19.514,-1.093,17.234,21.517,19.791
Portugal,PRT,1972,19.466,-1.14,16.872,20.923,20.604
Portugal,PRT,1973,20.967,0.36,19.594,20.645,22.662
Portugal,PRT,1974,20.95,0.343,18.976,22.726,21.147
Portugal,PRT,1975,20.808,0.202,18.713,21.567,22.145
Portugal,PRT,1976,21.825,1.218,21.594,22.231,21.65
Portugal,PRT,1977,18.566,-2.04,16.783,19.465,19.451
Portugal,PRT,1978,19.9,-0.706,17.015,21.256,21.43
Portugal,PRT,1979,21.204,0.597,19.763,22.295,21.553
Portugal,PRT,1980,20.58,-0.027,18.656,20.691,22.393
Portugal,PRT,1981,21.982,1.376,21.363,22.415,22.169
Portugal,PRT,1982,20.623,0.017,19.244,20.422,22.204
Portugal,PRT,1983,20.607,0.001,20.35,20.434,21.038
Portugal,PRT,1984,20.698,0.091,18.924,21.594,21.576
Portugal,PRT,1985,20.918,0.311,19.295,22.082,21.377
Portugal,PRT,1986,20.896,0.29,19.377,22.784,20.528
Portugal,PRT,1987,21.652,1.045,19.756,22.347,22.852
Portugal,PRT,1988,20.305,-0.302,18.289,21.022,21.603
Portugal,PRT,1989,22.561,1.955,20.508,24.375,22.801
Portugal,PRT,1990,22.326,1.72,19.684,23.898,23.397
Portugal,PRT,1991,22.264,1.658,20.163,22.875,23.755
Portugal,PRT,1992,20.985,0.378,17.545,22.962,22.448
Portugal,PRT,1993,21.346,0.74,19.58,22.52,21.939
Portugal,PRT,1994,21.467,0.86,20.598,21.898,21.905
Portugal,PRT,1995,22.184,1.578,20.293,22.825,23.435
Portugal,PRT,1996,21.779,1.173,21.676,22.582,21.08
Portugal,PRT,1997,20.669,0.062,18.006,21.971,22.03
Portugal,PRT,1998,22.101,1.494,19.897,22.644,23.761
Portugal,PRT,1999,21.833,1.226,20.447,23.1,21.952
Portugal,PRT,2000,21.644,1.038,21.198,21.652,22.083
Portugal,PRT,2001,21.455,0.848,20.987,21.27,22.107
Portugal,PRT,2002,20.85,0.243,19.568,21.692,21.29
Portugal,PRT,2003,22.697,2.09,21.636,21.973,24.482
Portugal,PRT,2004,22.571,1.964,22.679,22.913,22.121
Portugal,PRT,2005,23.056,2.449,22.52,22.926,23.722
Portugal,PRT,2006,22.839,2.232,21.194,23.907,23.416
Portugal,PRT,2007,20.9,0.293,19.156,21.788,21.755
Portugal,PRT,2008,21.42,0.813,20.627,21.85,21.783
Portugal,PRT,2009,22.055,1.448,21.215,21.836,23.114
Portugal,PRT,2010,22.787,2.181,20.127,24.003,24.232
Portugal,PRT,2011,21.476,0.869,20.63,21.565,22.232
Portugal,PRT,2012,21.626,1.019,20.564,21.871,22.442
Portugal,PRT,2013,22.279,1.672,19.846,23.52,23.471
Portugal,PRT,2014,21.245,0.639,20.051,21.752,21.933
Portugal,PRT,2015,22.368,1.762,21.656,23.316,22.133
Portugal,PRT,2016,22.74,2.134,20.611,23.946,23.664
Portugal,PRT,2017,22.548,1.941,22.329,22.658,22.656
Portugal,PRT,2018,21.614,1.008,19.52,21.378,23.945
Portugal,PRT,2019,21.103,0.496,18.857,22.194,22.257
Portugal,PRT,2020,22.253,1.646,19.76,24.417,22.581
Romania,ROU,1750,19.356,0.466,17.932,20.231,19.905
Romania,ROU,1751,19.373,0.483,17.149,20.923,20.047
Romania,ROU,1752,19.357,0.467,18.971,20.739,18.361
Romania,ROU,1753,18.799,-0.091,18.217,19.785,18.395
Romania,ROU,1754,18.944,0.054,18.75,19.578,18.503
Romania,ROU,1755,19.294,0.404,19.746,20.37,17.765
Romania,ROU,1756,19.345,0.455,19.337,19.82,18.879
Romania,ROU,1757,21.319,2.429,20.342,22.755,20.86
Romania,ROU,1758,17.853,-1.037,17.88,18.419,17.259
Romania,ROU,1759,19.092,0.202,18.619,19.401,19.257
Romania,ROU,1760,18.286,-0.604,17.816,18.739,18.304
Romania,ROU,1761,20.938,2.048,20.224,22.558,20.032
Romania,ROU,1762,18.803,-0.087,17.732,19.654,19.022
Romania,ROU,1763,19.119,0.229,16.658,21.235,19.465
Romania,ROU,1764,18.03,-0.86,16.735,19.6,17.756
Romania,ROU,1765,17.996,-0.894,16.702,18.314,18.973
Romania,ROU,1766,18.127,-0.763,17.915,17.867,18.598
Romania,ROU,1767,18.906,0.016,18.031,19.362,19.324
Romania,ROU,1768,18.281,-0.609,16.586,19.833,18.423
Romania,ROU,1769,18.748,-0.142,18.698,19.268,18.277
Romania,ROU,1770,16.902,-1.988,16.19,17.198,17.318
Romania,ROU,1771,18.321,-0.569,17.321,19.05,18.592
Romania,ROU,1772,19.045,0.155,17.756,20.146,19.233
Romania,ROU,1773,18.117,-0.773,16.912,19.147,18.292
Romania,ROU,1774,20.307,1.417,19.945,21.316,19.661
Romania,ROU,1775,19.641,0.751,17.981,20.205,20.738
Romania,ROU,1776,19.014,0.124,17.988,19.36,19.694
Romania,ROU,1777,17.809,-1.081,17.176,17.928,18.322
Romania,ROU,1778,18.756,-0.134,16.752,20.816,18.701
Romania,ROU,1779,17.498,-1.392,15.96,17.862,18.671
Romania,ROU,1780,18.367,-0.523,17.637,19.726,17.737
Romania,ROU,1781,20.026,1.136,17.983,20.342,21.753
Romania,ROU,1782,19.666,0.776,17.961,20.837,20.2
Romania,ROU,1783,19.641,0.751,19.636,19.067,20.22
Romania,ROU,1784,19.773,0.883,18.04,20.048,21.231
Romania,ROU,1785,18.524,-0.366,17.191,19.013,19.367
Romania,ROU,1786,18.387,-0.503,17.413,19.457,18.292
Romania,ROU,1787,19.395,0.505,18.976,19.624,19.585
Romania,ROU,1788,19.999,1.109,19.276,22.569,18.152
Romania,ROU,1789,19.107,0.217,17.232,21.004,19.084
Romania,ROU,1790,18.909,0.019,18.891,18.788,19.049
Romania,ROU,1791,19.121,0.231,17.502,19.438,20.423
Romania,ROU,1792,19.323,0.433,18.857,20.52,18.593
Romania,ROU,1793,19.057,0.167,17.215,20.666,19.291
Romania,ROU,1794,19.117,0.227,18.351,20.638,18.363
Romania,ROU,1795,18.861,-0.029,18.609,18.829,19.145
Romania,ROU,1796,19.487,0.597,18.401,19.969,20.09
Romania,ROU,1797,20.212,1.322,19.364,20.725,20.547
Romania,ROU,1798,19.616,0.726,18.085,20.431,20.332
Romania,ROU,1799,18.796,-0.094,17.17,19.484,19.733
Romania,ROU,1800,18.173,-0.717,16.91,18.16,19.449
Romania,ROU,1801,18.274,-0.616,16.896,20.41,17.517
Romania,ROU,1802,20.0,1.11,18.404,21.06,20.537
Romania,ROU,1803,19.135,0.245,17.267,20.086,20.052
Romania,ROU,1804,19.088,0.198,17.557,20.784,18.924
Romania,ROU,1805,18.258,-0.632,17.393,19.039,18.343
Romania,ROU,1806,18.179,-0.711,16.634,19.043,18.86
Romania,ROU,1807,19.913,1.023,17.275,20.228,22.237
Romania,ROU,1808,19.205,0.315,17.501,20.12,19.993
Romania,ROU,1809,18.639,-0.251,17.845,18.604,19.467
Romania,ROU,1810,17.586,-1.304,15.243,19.235,18.279
Romania,ROU,1811,20.171,1.281,19.51,20.618,20.385
Romania,ROU,1812,19.131,0.241,17.896,19.939,19.557
Romania,ROU,1813,17.014,-1.876,16.087,17.622,17.333
Romania,ROU,1814,18.136,-0.754,16.158,19.625,18.625
Romania,ROU,1815,17.775,-1.115,17.557,17.909,17.86
Romania,ROU,1816,17.442,-1.448,17.2,17.752,17.373
Romania,ROU,1817,18.967,0.077,17.27,19.462,20.169
Romania,ROU,1818,18.113,-0.777,16.996,19.173,18.171
Romania,ROU,1819,18.31,-0.58,17.458,18.894,18.577
Romania,ROU,1820,18.449,-0.441,16.56,18.27,20.516
Romania,ROU,1821,16.838,-2.052,15.008,17.679,17.828
Romania,ROU,1822,19.427,0.537,18.712,20.693,18.876
Romania,ROU,1823,19.272,0.382,18.432,19.54,19.843
Romania,ROU,1824,18.974,0.084,17.268,19.396,20.259
Romania,ROU,1825,18.345,-0.545,17.532,18.854,18.648
Romania,ROU,1826,19.621,0.731,17.114,21.66,20.09
Romania,ROU,1827,19.78,0.89,19.337,20.99,19.013
Romania,ROU,1828,19.708,0.818,18.89,21.241,18.994
Romania,ROU,1829,17.926,-0.964,15.807,19.583,18.388
Romania,ROU,1830,19.67,0.78,18.804,19.662,20.544
Romania,ROU,1831,17.938,-0.952,16.952,19.245,17.617
Romania,ROU,1832,17.193,-1.697,16.366,16.963,18.251
Romania,ROU,1833,18.635,-0.255,19.921,19.197,16.786
Romania,ROU,1834,20.175,1.285,18.904,21.309,20.313
Romania,ROU,1835,18.412,-0.478,18.096,19.723,17.416
Romania,ROU,1836,17.85,-1.04,17.873,18.107,17.57
Romania,ROU,1837,17.709,-1.181,16.537,17.185,19.406
Romania,ROU,1838,17.304,-1.586,16.945,17.927,17.04
Romania,ROU,1839,19.964,1.074,19.335,20.273,20.285
Romania,ROU,1840,18.626,-0.264,17.121,20.591,18.166
Romania,ROU,1841,20.227,1.337,19.114,21.685,19.882
Romania,ROU,1842,18.635,-0.255,17.719,19.269,18.916
Romania,ROU,1843,17.889,-1.001,16.952,18.422,18.293
Romania,ROU,1844,17.947,-0.943,17.03,18.559,18.253
Romania,ROU,1845,19.145,0.255,18.294,21.096,18.046
Romania,ROU,1846,19.581,0.691,16.766,20.798,21.18
Romania,ROU,1847,18.895,0.005,16.669,19.507,20.51
Romania,ROU,1848,20.655,1.765,21.172,20.764,20.029
Romania,ROU,1849,18.963,0.073,19.006,19.096,18.788
Romania,ROU,1850,20.055,1.165,19.42,19.515,21.231
Romania,ROU,1851,18.671,-0.219,16.831,19.565,19.618
Romania,ROU,1852,18.847,-0.043,18.397,19.238,18.907
Romania,ROU,1853,19.565,0.675,18.359,20.705,19.631
Romania,ROU,1854,18.789,-0.101,17.14,20.524,18.702
Romania,ROU,1855,19.746,0.856,19.943,20.053,19.242
Romania,ROU,1856,18.655,-0.235,18.597,18.26,19.108
Romania,ROU,1857,18.001,-0.889,16.769,18.934,18.301
Romania,ROU,1858,18.647,-0.243,17.167,20.331,18.444
Romania,ROU,1859,19.501,0.611,16.649,20.694,21.161
Romania,ROU,1860,19.279,0.389,18.984,18.754,20.1
Romania,ROU,1861,19.441,0.551,18.529,20.254,19.541
Romania,ROU,1862,19.399,0.509,18.941,20.141,19.114
Romania,ROU,1863,18.848,-0.042,17.959,18.86,19.726
Romania,ROU,1864,17.996,-0.894,18.519,17.91,17.559
Romania,ROU,1865,18.519,-0.371,15.639,20.714,19.203
Romania,ROU,1866,19.256,0.366,19.347,20.136,18.284
Romania,ROU,1867,18.213,-0.677,16.844,19.47,18.324
Romania,ROU,1868,19.446,0.556,19.383,19.621,19.335
Romania,ROU,1869,18.524,-0.366,17.145,19.155,19.271
Romania,ROU,1870,18.198,-0.692,16.992,19.926,17.677
Romania,ROU,1871,18.936,0.046,16.71,20.599,19.498
Romania,ROU,1872,18.156,-0.734,16.762,19.04,18.667
Romania,ROU,1873,19.331,0.441,16.959,20.469,20.566
Romania,ROU,1874,19.598,0.708,18.383,21.024,19.387
Romania,ROU,1875,19.826,0.936,20.895,19.953,18.631
Romania,ROU,1876,18.822,-0.068,18.236,19.324,18.906
Romania,ROU,1877,19.424,0.534,18.43,19.42,20.423
Romania,ROU,1878,18.431,-0.459,17.842,18.294,19.156
Romania,ROU,1879,18.967,0.077,19.243,18.822,18.836
Romania,ROU,1880,18.799,-0.091,17.894,20.708,17.796
Romania,ROU,1881,18.588,-0.302,16.62,19.457,19.687
Romania,ROU,1882,18.302,-0.588,16.265,20.98,17.661
Romania,ROU,1883,19.328,0.438,18.499,20.509,18.975
Romania,ROU,1884,17.301,-1.589,16.15,18.878,16.874
Romania,ROU,1885,18.7,-0.19,18.513,19.844,17.742
Romania,ROU,1886,18.216,-0.674,17.471,18.156,19.02
Romania,ROU,1887,18.282,-0.608,15.728,20.423,18.696
Romania,ROU,1888,18.474,-0.416,17.524,19.419,18.478
Romania,ROU,1889,19.533,0.643,18.626,20.497,19.475
Romania,ROU,1890,19.496,0.606,15.861,20.71,21.918
Romania,ROU,1891,19.27,0.38,17.895,20.181,19.733
Romania,ROU,1892,19.399,0.509,18.808,18.823,20.567
Romania,ROU,1893,18.213,-0.677,17.094,19.408,18.137
Romania,ROU,1894,18.858,-0.032,16.359,21.194,19.02
Romania,ROU,1895,19.106,0.216,17.252,21.063,19.004
Romania,ROU,1896,19.21,0.32,17.943,19.949,19.737
Romania,ROU,1897,19.406,0.516,17.897,20.368,19.952
Romania,ROU,1898,18.437,-0.453,17.394,18.761,19.155
Romania,ROU,1899,17.725,-1.165,16.469,19.39,17.316
Romania,ROU,1900,19.27,0.38,17.827,20.479,19.505
Romania,ROU,1901,19.103,0.213,19.029,19.684,18.595
Romania,ROU,1902,18.269,-0.621,17.271,18.408,19.127
Romania,ROU,1903,18.233,-0.657,17.114,18.981,18.605
Romania,ROU,1904,19.083,0.193,17.74,20.184,19.326
Romania,ROU,1905,20.06,1.17,18.074,20.938,21.169
Romania,ROU,1906,18.564,-0.326,17.842,19.853,17.997
Romania,ROU,1907,18.646,-0.244,18.027,18.987,18.923
Romania,ROU,1908,18.767,-0.123,18.876,19.118,18.307
Romania,ROU,1909,19.298,0.408,17.674,19.766,20.454
Romania,ROU,1910,18.652,-0.238,18.127,18.941,18.888
Romania,ROU,1911,18.443,-0.447,17.078,19.075,19.175
Romania,ROU,1912,18.129,-0.761,18.343,18.423,17.621
Romania,ROU,1913,17.007,-1.883,16.537,17.171,17.312
Romania,ROU,1914,18.1,-0.79,16.872,19.198,18.229
Romania,ROU,1915,18.426,-0.464,18.541,19.703,17.035
Romania,ROU,1916,18.538,-0.352,18.07,19.575,17.97
Romania,ROU,1917,19.378,0.488,18.327,19.31,20.497
Romania,ROU,1918,18.268,-0.622,16.694,19.401,18.71
Romania,ROU,1919,17.456,-1.434,16.633,18.124,17.611
Romania,ROU,1920,18.796,-0.094,16.742,20.572,19.073
Romania,ROU,1921,18.895,0.005,16.583,19.709,20.392
Romania,ROU,1922,19.39,0.5,18.066,20.663,19.442
Romania,ROU,1923,17.99,-0.9,16.527,19.137,18.306
Romania,ROU,1924,19.124,0.234,19.492,19.264,18.615
Romania,ROU,1925,17.965,-0.925,15.772,19.556,18.567
Romania,ROU,1926,17.876,-1.014,17.575,19.345,16.708
Romania,ROU,1927,20.269,1.379,19.525,20.565,20.718
Romania,ROU,1928,19.363,0.473,16.803,21.579,19.706
Romania,ROU,1929,19.385,0.495,17.403,19.008,21.743
Romania,ROU,1930,18.837,-0.053,17.806,19.649,19.055
Romania,ROU,1931,20.036,1.146,19.227,21.427,19.454
Romania,ROU,1932,19.087,0.197,17.048,20.743,19.471
Romania,ROU,1933,17.393,-1.497,15.505,18.513,18.162
Romania,ROU,1934,18.72,-0.17,17.535,19.256,19.37
Romania,ROU,1935,19.016,0.126,19.159,18.721,19.167
Romania,ROU,1936,19.422,0.532,17.347,22.594,18.324
Romania,ROU,1937,19.387,0.497,19.053,20.234,18.874
Romania,ROU,1938,20.251,1.361,19.003,21.483,20.266
Romania,ROU,1939,19.554,0.664,18.592,20.72,19.349
Romania,ROU,1940,18.011,-0.879,17.405,19.706,16.922
Romania,ROU,1941,18.209,-0.681,16.934,19.12,18.572
Romania,ROU,1942,19.057,0.167,18.194,19.415,19.563
Romania,ROU,1943,18.779,-0.111,16.63,18.797,20.909
Romania,ROU,1944,18.735,-0.155,17.928,19.063,19.214
Romania,ROU,1945,19.45,0.56,18.135,20.186,20.028
Romania,ROU,1946,21.355,2.465,19.823,21.742,22.499
Romania,ROU,1947,19.521,0.631,19.013,20.883,18.667
Romania,ROU,1948,18.435,-0.455,17.2,18.475,19.63
Romania,ROU,1949,17.426,-1.464,15.769,18.606,17.903
Romania,ROU,1950,19.82,0.93,18.229,21.419,19.812
Romania,ROU,1951,19.865,0.975,18.67,20.041,20.883
Romania,ROU,1952,20.013,1.123,17.364,20.515,22.16
Romania,ROU,1953,19.982,1.092,19.419,21.26,19.268
Romania,ROU,1954,19.924,1.034,19.915,19.733,20.125
Romania,ROU,1955,18.155,-0.735,17.066,19.331,18.069
Romania,ROU,1956,19.07,0.18,17.584,19.277,20.349
Romania,ROU,1957,19.813,0.923,19.217,20.573,19.649
Romania,ROU,1958,19.205,0.315,17.275,20.162,20.178
Romania,ROU,1959,19.101,0.211,17.08,21.138,19.084
Romania,ROU,1960,18.656,-0.234,17.855,18.945,19.167
Romania,ROU,1961,18.933,0.043,18.707,18.974,19.119
Romania,ROU,1962,18.958,0.068,17.0,18.868,21.005
Romania,ROU,1963,20.29,1.4,18.53,21.105,21.236
Romania,ROU,1964,19.262,0.372,20.35,19.452,17.985
Romania,ROU,1965,18.346,-0.544,18.004,19.576,17.458
Romania,ROU,1966,18.663,-0.227,16.52,19.869,19.599
Romania,ROU,1967,19.095,0.205,17.003,20.43,19.851
Romania,ROU,1968,18.593,-0.297,18.897,18.927,17.955
Romania,ROU,1969,18.182,-0.708,17.173,18.156,19.216
Romania,ROU,1970,18.838,-0.052,17.591,20.135,18.788
Romania,ROU,1971,18.651,-0.239,17.245,18.627,20.08
Romania,ROU,1972,19.517,0.627,19.005,20.626,18.921
Romania,ROU,1973,18.383,-0.507,17.244,19.504,18.4
Romania,ROU,1974,18.356,-0.534,16.622,18.432,20.015
Romania,ROU,1975,18.951,0.061,18.427,19.665,18.762
Romania,ROU,1976,17.149,-1.741,16.213,19.174,16.06
Romania,ROU,1977,18.462,-0.428,17.415,19.364,18.608
Romania,ROU,1978,17.634,-1.256,17.105,18.167,17.629
Romania,ROU,1979,18.636,-0.254,19.974,17.622,18.313
Romania,ROU,1980,18.017,-0.873,17.133,18.852,18.066
Romania,ROU,1981,18.921,0.031,19.373,18.811,18.58
Romania,ROU,1982,18.827,-0.063,18.15,18.754,19.578
Romania,ROU,1983,18.79,-0.1,17.282,20.267,18.822
Romania,ROU,1984,17.537,-1.353,16.479,17.951,18.182
Romania,ROU,1985,18.515,-0.375,16.478,19.13,19.938
Romania,ROU,1986,18.899,0.009,18.036,18.387,20.274
Romania,ROU,1987,19.795,0.905,19.002,22.354,18.03
Romania,ROU,1988,19.826,0.936,17.379,21.769,20.33
Romania,ROU,1989,18.577,-0.313,16.322,19.441,19.968
Romania,ROU,1990,19.181,0.291,17.715,20.022,19.807
Romania,ROU,1991,19.16,0.27,18.28,20.376,18.824
Romania,ROU,1992,20.493,1.603,18.232,19.898,23.349
Romania,ROU,1993,19.131,0.241,18.454,19.319,19.621
Romania,ROU,1994,20.118,1.228,18.155,21.386,20.814
Romania,ROU,1995,19.836,0.946,18.751,21.497,19.261
Romania,ROU,1996,19.355,0.465,19.44,19.3,19.324
Romania,ROU,1997,18.669,-0.221,18.594,19.08,18.333
Romania,ROU,1998,19.611,0.721,19.161,20.309,19.364
Romania,ROU,1999,20.584,1.694,19.8,21.759,20.192
Romania,ROU,2000,20.325,1.435,19.051,20.527,21.397
Romania,ROU,2001,19.972,1.082,16.822,21.589,21.505
Romania,ROU,2002,20.68,1.79,19.578,22.454,20.008
Romania,ROU,2003,20.994,2.104,20.43,20.712,21.839
Romania,ROU,2004,19.309,0.419,18.008,20.244,19.675
Romania,ROU,2005,19.064,0.174,17.306,20.277,19.609
Romania,ROU,2006,19.592,0.702,18.186,20.858,19.731
Romania,ROU,2007,21.551,2.661,20.598,22.612,21.443
Romania,ROU,2008,20.365,1.475,19.461,20.26,21.375
Romania,ROU,2009,20.384,1.494,19.017,21.396,20.74
Romania,ROU,2010,20.896,2.006,19.066,21.492,22.129
Romania,ROU,2011,20.202,1.312,19.059,20.873,20.674
Romania,ROU,2012,22.127,3.237,20.669,23.86,21.851
Romania,ROU,2013,20.43,1.54,19.341,20.458,21.491
Romania,ROU,2014,19.754,0.864,18.001,20.726,20.536
Romania,ROU,2015,21.204,2.314,19.01,22.355,22.246
Romania,ROU,2016,20.626,1.736,20.101,21.309,20.469
Romania,ROU,2017,20.994,2.104,20.07,20.928,21.983
Romania,ROU,2018,20.811,1.921,19.747,20.503,22.183
Romania,ROU,2019,21.234,2.344,21.275,20.406,22.022
Romania,ROU,2020,20.61,1.72,19.218,20.847,21.764
Slovakia,SVK,1750,17.308,0.525,16.145,18.174,17.605
Slovakia,SVK,1751,17.305,0.522,15.365,18.562,17.988
Slovakia,SVK,1752,17.368,0.585,17.273,18.475,16.356
Slovakia,SVK,1753,16.682,-0.102,16.343,17.606,16.096
Slovakia,SVK,1754,16.696,-0.088,16.648,16.907,16.532
Slovakia,SVK,1755,17.285,0.501,18.063,18.141,15.65
Slovakia,SVK,1756,17.524,0.74,17.784,18.032,16.755
Slovakia,SVK,1757,19.03,2.247,18.102,20.794,18.195
Slovakia,SVK,1758,16.106,-0.678,16.386,16.036,15.895
Slovakia,SVK,1759,17.428,0.645,16.89,18.291,17.104
Slovakia,SVK,1760,16.73,-0.053,16.573,17.252,16.365
Slovakia,SVK,1761,18.374,1.591,17.971,19.062,18.089
Slovakia,SVK,1762,16.743,-0.041,16.073,17.785,16.37
Slovakia,SVK,1763,17.178,0.395,15.179,18.641,17.715
Slovakia,SVK,1764,16.275,-0.508,15.001,18.245,15.58
Slovakia,SVK,1765,16.039,-0.744,15.458,15.735,16.925
Slovakia,SVK,1766,16.236,-0.547,16.257,16.1,16.351
Slovakia,SVK,1767,16.577,-0.206,15.434,17.335,16.963
Slovakia,SVK,1768,16.394,-0.389,14.99,17.702,16.491
Slovakia,SVK,1769,16.285,-0.498,15.98,17.117,15.758
Slovakia,SVK,1770,15.423,-1.36,14.548,15.923,15.798
Slovakia,SVK,1771,15.899,-0.885,15.316,16.669,15.711
Slovakia,SVK,1772,17.082,0.299,16.534,17.82,16.893
Slovakia,SVK,1773,16.044,-0.739,15.12,16.761,16.251
Slovakia,SVK,1774,17.766,0.982,17.607,18.329,17.361
Slovakia,SVK,1775,18.32,1.536,17.502,18.337,19.12
Slovakia,SVK,1776,17.073,0.29,16.099,17.693,17.428
Slovakia,SVK,1777,16.161,-0.622,15.504,16.106,16.874
Slovakia,SVK,1778,17.409,0.626,15.426,19.407,17.395
Slovakia,SVK,1779,15.868,-0.916,14.366,16.172,17.065
Slovakia,SVK,1780,16.225,-0.558,15.254,17.129,16.293
Slovakia,SVK,1781,18.649,1.866,17.383,18.392,20.172
Slovakia,SVK,1782,17.623,0.84,16.264,19.125,17.481
Slovakia,SVK,1783,17.873,1.09,17.561,17.962,18.097
Slovakia,SVK,1784,17.279,0.496,16.265,17.443,18.129
Slovakia,SVK,1785,15.947,-0.837,14.739,16.617,16.484
Slovakia,SVK,1786,15.837,-0.947,15.878,16.216,15.416
Slovakia,SVK,1787,17.176,0.393,16.828,17.371,17.329
Slovakia,SVK,1788,17.738,0.955,17.444,20.262,15.509
Slovakia,SVK,1789,17.031,0.248,15.486,18.643,16.964
Slovakia,SVK,1790,16.786,0.003,17.065,16.416,16.877
Slovakia,SVK,1791,17.313,0.53,15.38,17.803,18.756
Slovakia,SVK,1792,17.43,0.647,16.632,18.601,17.058
Slovakia,SVK,1793,17.189,0.405,14.995,18.977,17.594
Slovakia,SVK,1794,17.722,0.939,17.209,19.866,16.091
Slovakia,SVK,1795,16.682,-0.101,17.04,15.9,17.106
Slovakia,SVK,1796,17.202,0.419,16.127,17.747,17.733
Slovakia,SVK,1797,18.411,1.628,16.928,19.475,18.83
Slovakia,SVK,1798,17.802,1.018,16.901,18.314,18.19
Slovakia,SVK,1799,16.222,-0.561,14.504,16.825,17.337
Slovakia,SVK,1800,15.848,-0.936,14.06,15.796,17.687
Slovakia,SVK,1801,15.909,-0.875,14.622,17.676,15.428
Slovakia,SVK,1802,17.857,1.073,16.217,18.368,18.985
Slovakia,SVK,1803,16.916,0.133,14.847,18.183,17.719
Slovakia,SVK,1804,16.74,-0.044,15.53,18.173,16.516
Slovakia,SVK,1805,15.309,-1.475,14.342,16.289,15.295
Slovakia,SVK,1806,15.994,-0.789,14.681,16.881,16.42
Slovakia,SVK,1807,18.333,1.55,15.096,18.478,21.425
Slovakia,SVK,1808,17.581,0.798,15.725,18.42,18.599
Slovakia,SVK,1809,16.853,0.07,15.722,17.202,17.635
Slovakia,SVK,1810,15.773,-1.01,13.335,17.34,16.644
Slovakia,SVK,1811,19.067,2.284,19.263,19.834,18.104
Slovakia,SVK,1812,16.385,-0.398,16.063,16.772,16.321
Slovakia,SVK,1813,15.044,-1.739,13.841,16.111,15.181
Slovakia,SVK,1814,16.116,-0.667,13.836,18.045,16.468
Slovakia,SVK,1815,15.522,-1.262,15.93,15.113,15.522
Slovakia,SVK,1816,15.249,-1.534,15.048,15.635,15.065
Slovakia,SVK,1817,16.775,-0.008,16.645,16.896,16.785
Slovakia,SVK,1818,16.067,-0.716,15.428,17.374,15.4
Slovakia,SVK,1819,16.857,0.074,16.264,17.532,16.775
Slovakia,SVK,1820,16.284,-0.499,13.92,15.911,19.022
Slovakia,SVK,1821,14.46,-2.324,12.48,15.156,15.743
Slovakia,SVK,1822,17.525,0.741,17.097,18.999,16.478
Slovakia,SVK,1823,16.868,0.084,15.883,16.859,17.861
Slovakia,SVK,1824,16.298,-0.485,14.636,17.045,17.214
Slovakia,SVK,1825,15.958,-0.825,15.235,16.31,16.33
Slovakia,SVK,1826,18.091,1.307,15.829,19.622,18.821
Slovakia,SVK,1827,17.731,0.948,17.811,18.75,16.633
Slovakia,SVK,1828,16.943,0.16,16.346,18.743,15.74
Slovakia,SVK,1829,15.828,-0.956,13.819,17.831,15.833
Slovakia,SVK,1830,17.756,0.973,17.231,17.946,18.091
Slovakia,SVK,1831,16.227,-0.557,14.559,17.903,16.218
Slovakia,SVK,1832,15.667,-1.116,14.656,15.12,17.226
Slovakia,SVK,1833,15.982,-0.801,17.973,16.265,13.708
Slovakia,SVK,1834,19.168,2.384,17.578,20.795,19.13
Slovakia,SVK,1835,16.773,-0.01,16.111,18.025,16.183
Slovakia,SVK,1836,16.102,-0.682,16.052,16.438,15.815
Slovakia,SVK,1837,15.948,-0.835,14.834,15.09,17.921
Slovakia,SVK,1838,15.243,-1.541,15.082,16.002,14.644
Slovakia,SVK,1839,17.357,0.574,17.446,18.366,16.259
Slovakia,SVK,1840,15.834,-0.95,15.029,17.135,15.337
Slovakia,SVK,1841,17.037,0.254,16.1,17.755,17.257
Slovakia,SVK,1842,16.873,0.089,15.381,16.782,18.455
Slovakia,SVK,1843,15.925,-0.858,14.461,16.572,16.742
Slovakia,SVK,1844,15.177,-1.606,15.491,15.149,14.891
Slovakia,SVK,1845,16.897,0.113,17.061,18.163,15.466
Slovakia,SVK,1846,18.156,1.373,16.295,19.082,19.091
Slovakia,SVK,1847,16.309,-0.475,13.728,17.084,18.114
Slovakia,SVK,1848,17.693,0.909,18.359,17.799,16.92
Slovakia,SVK,1849,15.954,-0.829,16.431,16.181,15.25
Slovakia,SVK,1850,17.319,0.536,16.933,16.984,18.041
Slovakia,SVK,1851,15.991,-0.792,14.811,16.595,16.567
Slovakia,SVK,1852,17.155,0.372,16.432,17.985,17.048
Slovakia,SVK,1853,17.141,0.358,16.307,18.214,16.903
Slovakia,SVK,1854,16.331,-0.453,14.931,17.909,16.152
Slovakia,SVK,1855,17.552,0.769,17.358,17.784,17.514
Slovakia,SVK,1856,16.585,-0.198,16.826,15.832,17.098
Slovakia,SVK,1857,17.147,0.363,15.684,18.044,17.712
Slovakia,SVK,1858,17.059,0.276,17.094,17.726,16.357
Slovakia,SVK,1859,18.077,1.293,15.47,19.683,19.077
Slovakia,SVK,1860,16.341,-0.442,16.507,15.691,16.825
Slovakia,SVK,1861,18.033,1.25,17.499,18.275,18.326
Slovakia,SVK,1862,16.845,0.061,15.985,17.85,16.699
Slovakia,SVK,1863,17.169,0.386,16.14,16.719,18.649
Slovakia,SVK,1864,15.533,-1.251,16.387,15.446,14.765
Slovakia,SVK,1865,16.597,-0.187,13.492,19.804,16.494
Slovakia,SVK,1866,16.922,0.139,18.355,16.966,15.445
Slovakia,SVK,1867,16.292,-0.491,15.221,16.621,17.035
Slovakia,SVK,1868,17.854,1.071,17.543,18.156,17.864
Slovakia,SVK,1869,16.163,-0.62,13.88,18.441,16.169
Slovakia,SVK,1870,16.073,-0.71,14.812,18.116,15.292
Slovakia,SVK,1871,16.364,-0.42,13.867,18.138,17.086
Slovakia,SVK,1872,16.146,-0.637,15.019,17.627,15.793
Slovakia,SVK,1873,17.548,0.765,15.349,18.872,18.424
Slovakia,SVK,1874,17.284,0.501,16.142,19.805,15.905
Slovakia,SVK,1875,18.161,1.377,19.086,17.723,17.673
Slovakia,SVK,1876,17.121,0.337,16.703,17.49,17.169
Slovakia,SVK,1877,17.709,0.926,17.308,17.362,18.457
Slovakia,SVK,1878,16.408,-0.376,15.919,16.124,17.18
Slovakia,SVK,1879,16.545,-0.238,16.978,15.543,17.114
Slovakia,SVK,1880,16.96,0.176,15.895,19.241,15.743
Slovakia,SVK,1881,16.951,0.168,15.146,18.432,17.276
Slovakia,SVK,1882,15.881,-0.902,14.113,18.518,15.013
Slovakia,SVK,1883,16.729,-0.054,16.314,17.75,16.123
Slovakia,SVK,1884,15.654,-1.13,13.614,17.886,15.461
Slovakia,SVK,1885,16.758,-0.025,17.152,18.074,15.049
Slovakia,SVK,1886,16.429,-0.354,15.033,16.993,17.261
Slovakia,SVK,1887,16.441,-0.342,14.126,19.221,15.976
Slovakia,SVK,1888,16.01,-0.773,15.882,16.014,16.134
Slovakia,SVK,1889,17.365,0.582,18.237,17.567,16.291
Slovakia,SVK,1890,16.983,0.2,13.887,17.576,19.487
Slovakia,SVK,1891,16.153,-0.63,15.044,17.281,16.134
Slovakia,SVK,1892,17.358,0.574,16.364,16.657,19.052
Slovakia,SVK,1893,16.306,-0.478,15.244,17.418,16.255
Slovakia,SVK,1894,16.45,-0.333,13.835,18.888,16.628
Slovakia,SVK,1895,17.012,0.228,15.873,18.662,16.5
Slovakia,SVK,1896,16.777,-0.006,16.54,18.034,15.757
Slovakia,SVK,1897,17.308,0.525,16.64,17.663,17.622
Slovakia,SVK,1898,16.164,-0.619,15.195,15.775,17.523
Slovakia,SVK,1899,15.712,-1.071,14.178,17.298,15.661
Slovakia,SVK,1900,17.251,0.467,16.133,18.799,16.82
Slovakia,SVK,1901,17.314,0.531,16.89,18.358,16.694
Slovakia,SVK,1902,15.648,-1.135,14.787,15.939,16.218
Slovakia,SVK,1903,15.898,-0.885,14.885,16.736,16.073
Slovakia,SVK,1904,17.106,0.323,15.626,18.625,17.067
Slovakia,SVK,1905,17.921,1.137,16.954,18.794,18.014
Slovakia,SVK,1906,16.191,-0.592,15.024,17.555,15.995
Slovakia,SVK,1907,15.975,-0.808,15.735,15.891,16.299
Slovakia,SVK,1908,16.524,-0.259,17.176,17.244,15.153
Slovakia,SVK,1909,16.186,-0.597,15.211,16.158,17.19
Slovakia,SVK,1910,16.335,-0.448,16.702,16.164,16.14
Slovakia,SVK,1911,17.128,0.344,15.029,18.314,18.04
Slovakia,SVK,1912,16.351,-0.432,16.497,17.354,15.203
Slovakia,SVK,1913,14.879,-1.904,14.871,14.695,15.072
Slovakia,SVK,1914,16.267,-0.516,15.089,17.243,16.469
Slovakia,SVK,1915,16.388,-0.395,17.209,16.985,14.97
Slovakia,SVK,1916,15.838,-0.946,14.522,17.001,15.99
Slovakia,SVK,1917,17.838,1.055,17.806,17.689,18.019
Slovakia,SVK,1918,15.507,-1.276,13.564,16.841,16.117
Slovakia,SVK,1919,15.326,-1.457,14.72,15.322,15.936
Slovakia,SVK,1920,16.065,-0.719,14.039,18.296,15.859
Slovakia,SVK,1921,17.001,0.217,14.579,18.43,17.993
Slovakia,SVK,1922,16.659,-0.124,16.146,17.377,16.455
Slovakia,SVK,1923,15.51,-1.274,12.495,17.829,16.205
Slovakia,SVK,1924,16.105,-0.678,15.979,16.83,15.507
Slovakia,SVK,1925,15.873,-0.911,13.948,17.359,16.311
Slovakia,SVK,1926,15.636,-1.148,14.494,17.297,15.116
Slovakia,SVK,1927,17.486,0.702,16.533,18.237,17.687
Slovakia,SVK,1928,17.104,0.32,14.44,19.677,17.194
Slovakia,SVK,1929,16.974,0.19,14.84,17.671,18.41
Slovakia,SVK,1930,17.135,0.352,17.858,17.306,16.241
Slovakia,SVK,1931,17.356,0.573,17.161,18.615,16.292
Slovakia,SVK,1932,17.473,0.69,14.716,19.517,18.186
Slovakia,SVK,1933,16.068,-0.716,13.802,17.716,16.685
Slovakia,SVK,1934,16.994,0.211,15.642,17.9,17.441
Slovakia,SVK,1935,17.287,0.504,17.791,17.209,16.862
Slovakia,SVK,1936,16.988,0.205,15.859,19.48,15.626
Slovakia,SVK,1937,17.302,0.519,17.289,17.649,16.968
Slovakia,SVK,1938,17.701,0.917,17.268,18.27,17.564
Slovakia,SVK,1939,17.838,1.055,16.797,18.626,18.092
Slovakia,SVK,1940,15.898,-0.886,16.268,16.982,14.443
Slovakia,SVK,1941,16.086,-0.698,15.196,17.088,15.973
Slovakia,SVK,1942,16.573,-0.211,15.092,16.746,17.88
Slovakia,SVK,1943,16.743,-0.04,14.282,16.907,19.04
Slovakia,SVK,1944,17.029,0.246,15.033,17.291,18.763
Slovakia,SVK,1945,17.488,0.704,16.492,18.423,17.548
Slovakia,SVK,1946,18.327,1.544,17.2,19.201,18.581
Slovakia,SVK,1947,17.791,1.007,17.341,19.035,16.996
Slovakia,SVK,1948,16.277,-0.506,15.339,16.29,17.203
Slovakia,SVK,1949,15.843,-0.94,14.036,17.034,16.459
Slovakia,SVK,1950,18.243,1.46,17.323,19.345,18.061
Slovakia,SVK,1951,17.673,0.889,16.521,17.602,18.895
Slovakia,SVK,1952,17.913,1.129,15.572,18.643,19.523
Slovakia,SVK,1953,17.359,0.576,16.964,18.996,16.117
Slovakia,SVK,1954,17.136,0.352,17.711,16.276,17.42
Slovakia,SVK,1955,16.565,-0.218,15.025,17.734,16.937
Slovakia,SVK,1956,16.629,-0.154,15.567,17.548,16.772
Slovakia,SVK,1957,17.579,0.796,17.802,18.668,16.267
Slovakia,SVK,1958,16.875,0.092,14.842,18.296,17.488
Slovakia,SVK,1959,17.207,0.424,15.375,19.268,16.978
Slovakia,SVK,1960,16.47,-0.313,16.266,16.245,16.899
Slovakia,SVK,1961,16.734,-0.049,17.024,16.213,16.966
Slovakia,SVK,1962,15.941,-0.842,14.058,15.714,18.052
Slovakia,SVK,1963,17.949,1.166,16.63,19.041,18.177
Slovakia,SVK,1964,17.516,0.732,18.823,17.805,15.919
Slovakia,SVK,1965,15.783,-1.001,15.808,16.46,15.08
Slovakia,SVK,1966,16.384,-0.4,15.83,16.893,16.428
Slovakia,SVK,1967,17.387,0.603,15.624,19.205,17.331
Slovakia,SVK,1968,16.784,0.0,17.254,16.846,16.251
Slovakia,SVK,1969,16.381,-0.402,15.301,17.674,16.168
Slovakia,SVK,1970,16.847,0.064,16.299,17.232,17.01
Slovakia,SVK,1971,16.986,0.202,14.983,17.426,18.548
Slovakia,SVK,1972,17.236,0.452,16.563,18.753,16.391
Slovakia,SVK,1973,16.686,-0.098,15.469,17.243,17.345
Slovakia,SVK,1974,16.269,-0.514,13.847,16.228,18.733
Slovakia,SVK,1975,17.018,0.235,15.804,17.949,17.301
Slovakia,SVK,1976,16.053,-0.73,15.235,18.208,14.716
Slovakia,SVK,1977,16.409,-0.375,16.304,16.655,16.267
Slovakia,SVK,1978,15.195,-1.588,14.798,15.554,15.233
Slovakia,SVK,1979,16.689,-0.094,18.276,15.451,16.34
Slovakia,SVK,1980,15.849,-0.934,15.025,16.175,16.347
Slovakia,SVK,1981,16.977,0.194,17.097,17.072,16.763
Slovakia,SVK,1982,17.412,0.629,16.385,17.92,17.932
Slovakia,SVK,1983,17.689,0.906,15.997,19.237,17.833
Slovakia,SVK,1984,15.508,-1.275,14.195,15.566,16.764
Slovakia,SVK,1985,16.262,-0.521,13.679,17.489,17.619
Slovakia,SVK,1986,16.804,0.02,15.774,16.756,17.881
Slovakia,SVK,1987,16.788,0.005,16.194,18.971,15.2
Slovakia,SVK,1988,17.324,0.54,15.374,18.935,17.662
Slovakia,SVK,1989,16.574,-0.209,14.659,17.702,17.361
Slovakia,SVK,1990,16.67,-0.113,15.519,16.693,17.799
Slovakia,SVK,1991,17.352,0.568,15.561,18.998,17.496
Slovakia,SVK,1992,19.387,2.603,17.269,18.932,21.959
Slovakia,SVK,1993,16.748,-0.035,16.002,16.729,17.514
Slovakia,SVK,1994,18.667,1.884,16.329,20.699,18.973
Slovakia,SVK,1995,17.799,1.016,15.776,20.189,17.433
Slovakia,SVK,1996,16.764,-0.019,16.763,16.151,17.379
Slovakia,SVK,1997,17.131,0.348,16.554,16.848,17.992
Slovakia,SVK,1998,17.765,0.981,17.426,18.032,17.836
Slovakia,SVK,1999,17.757,0.973,17.034,19.201,17.035
Slovakia,SVK,2000,17.616,0.832,17.225,16.539,19.083
Slovakia,SVK,2001,17.628,0.845,14.847,18.832,19.206
Slovakia,SVK,2002,18.769,1.985,17.651,19.882,18.773
Slovakia,SVK,2003,19.321,2.537,18.924,19.015,20.023
Slovakia,SVK,2004,17.207,0.423,15.849,17.748,18.023
Slovakia,SVK,2005,17.114,0.331,15.87,18.577,16.896
Slovakia,SVK,2006,17.985,1.202,16.778,20.695,16.482
Slovakia,SVK,2007,18.999,2.216,18.535,19.534,18.928
Slovakia,SVK,2008,18.139,1.356,17.951,18.23,18.237
Slovakia,SVK,2009,18.021,1.238,15.888,19.353,18.822
Slovakia,SVK,2010,18.372,1.588,16.975,20.023,18.117
Slovakia,SVK,2011,18.038,1.254,17.433,17.606,19.074
Slovakia,SVK,2012,19.05,2.267,17.883,20.127,19.14
Slovakia,SVK,2013,18.539,1.756,17.235,19.194,19.189
Slovakia,SVK,2014,17.598,0.815,16.446,19.352,16.997
Slovakia,SVK,2015,19.69,2.907,17.225,20.511,21.335
Slovakia,SVK,2016,18.285,1.501,18.111,19.206,17.537
Slovakia,SVK,2017,19.031,2.248,18.549,18.704,19.84
Slovakia,SVK,2018,19.454,2.67,18.203,19.437,20.721
Slovakia,SVK,2019,19.913,3.129,20.735,18.903,20.1
Slovakia,SVK,2020,18.564,1.781,17.394,18.49,19.809
Slovenia,SVN,1750,18.187,0.483,17.06,18.946,18.554
Slovenia,SVN,1751,18.333,0.629,16.2,19.561,19.237
Slovenia,SVN,1752,18.201,0.498,18.655,19.047,16.902
Slovenia,SVN,1753,18.103,0.4,17.994,19.097,17.218
Slovenia,SVN,1754,18.107,0.404,17.784,18.248,18.29
Slovenia,SVN,1755,18.257,0.554,19.183,18.853,16.736
Slovenia,SVN,1756,18.582,0.879,18.492,18.63,18.625
Slovenia,SVN,1757,19.832,2.129,18.629,21.345,19.523
Slovenia,SVN,1758,17.045,-0.658,17.527,16.663,16.945
Slovenia,SVN,1759,18.357,0.654,17.543,19.671,17.857
Slovenia,SVN,1760,17.856,0.153,17.58,18.649,17.339
Slovenia,SVN,1761,18.934,1.231,17.95,20.132,18.721
Slovenia,SVN,1762,17.849,0.145,16.306,19.301,17.939
Slovenia,SVN,1763,18.132,0.429,16.116,19.329,18.952
Slovenia,SVN,1764,17.345,-0.358,16.798,18.834,16.403
Slovenia,SVN,1765,16.812,-0.891,16.637,16.48,17.32
Slovenia,SVN,1766,17.465,-0.239,17.511,17.104,17.779
Slovenia,SVN,1767,17.453,-0.25,15.988,18.869,17.503
Slovenia,SVN,1768,17.501,-0.202,15.474,18.981,18.048
Slovenia,SVN,1769,17.301,-0.402,16.828,18.009,17.066
Slovenia,SVN,1770,16.659,-1.044,15.887,17.05,17.041
Slovenia,SVN,1771,17.11,-0.594,15.551,18.318,17.46
Slovenia,SVN,1772,18.451,0.748,18.025,19.251,18.078
Slovenia,SVN,1773,16.382,-1.321,15.484,16.994,16.668
Slovenia,SVN,1774,18.578,0.875,17.691,18.938,19.106
Slovenia,SVN,1775,18.577,0.874,17.706,19.047,18.979
Slovenia,SVN,1776,17.567,-0.136,16.279,18.132,18.291
Slovenia,SVN,1777,17.186,-0.517,16.219,16.975,18.364
Slovenia,SVN,1778,18.287,0.584,16.188,20.223,18.45
Slovenia,SVN,1779,16.794,-0.91,14.775,17.729,17.877
Slovenia,SVN,1780,17.909,0.206,17.291,18.521,17.915
Slovenia,SVN,1781,18.907,1.204,17.496,19.368,19.857
Slovenia,SVN,1782,19.263,1.559,18.145,20.612,19.031
Slovenia,SVN,1783,18.203,0.5,16.968,19.273,18.368
Slovenia,SVN,1784,18.272,0.568,17.2,19.261,18.354
Slovenia,SVN,1785,16.977,-0.727,15.947,17.715,17.268
Slovenia,SVN,1786,16.761,-0.942,16.918,17.183,16.183
Slovenia,SVN,1787,18.428,0.725,17.837,18.461,18.987
Slovenia,SVN,1788,18.97,1.267,18.561,21.463,16.887
Slovenia,SVN,1789,17.303,-0.401,15.63,18.732,17.546
Slovenia,SVN,1790,18.06,0.357,17.981,17.546,18.654
Slovenia,SVN,1791,18.137,0.433,16.193,18.57,19.647
Slovenia,SVN,1792,18.538,0.835,17.878,19.385,18.352
Slovenia,SVN,1793,18.368,0.665,15.797,20.099,19.208
Slovenia,SVN,1794,18.517,0.813,17.308,20.822,17.42
Slovenia,SVN,1795,17.523,-0.18,17.171,16.725,18.674
Slovenia,SVN,1796,17.946,0.242,16.679,18.609,18.549
Slovenia,SVN,1797,18.896,1.193,16.351,20.252,20.085
Slovenia,SVN,1798,18.538,0.834,17.472,19.066,19.075
Slovenia,SVN,1799,17.389,-0.314,15.289,18.084,18.795
Slovenia,SVN,1800,17.388,-0.316,15.146,18.268,18.749
Slovenia,SVN,1801,17.194,-0.51,16.155,18.617,16.809
Slovenia,SVN,1802,19.108,1.404,18.176,18.932,20.215
Slovenia,SVN,1803,18.034,0.33,16.448,18.93,18.723
Slovenia,SVN,1804,18.154,0.45,17.757,18.879,17.825
Slovenia,SVN,1805,16.803,-0.9,16.114,17.445,16.85
Slovenia,SVN,1806,17.557,-0.146,17.175,18.195,17.302
Slovenia,SVN,1807,19.777,2.073,16.711,20.58,22.039
Slovenia,SVN,1808,18.214,0.51,15.802,19.814,19.025
Slovenia,SVN,1809,17.896,0.192,16.875,18.254,18.558
Slovenia,SVN,1810,17.234,-0.469,15.228,18.354,18.12
Slovenia,SVN,1811,19.248,1.545,19.143,20.495,18.107
Slovenia,SVN,1812,17.244,-0.459,16.924,17.365,17.443
Slovenia,SVN,1813,15.745,-1.958,14.916,16.29,16.03
Slovenia,SVN,1814,16.811,-0.892,15.111,18.617,16.705
Slovenia,SVN,1815,16.4,-1.303,16.334,16.537,16.33
Slovenia,SVN,1816,16.071,-1.633,15.542,16.611,16.059
Slovenia,SVN,1817,18.022,0.319,17.997,18.168,17.902
Slovenia,SVN,1818,17.462,-0.241,16.851,18.762,16.774
Slovenia,SVN,1819,17.863,0.159,17.17,18.748,17.67
Slovenia,SVN,1820,18.138,0.435,15.464,18.222,20.728
Slovenia,SVN,1821,16.24,-1.464,14.134,16.777,17.808
Slovenia,SVN,1822,19.417,1.713,19.938,19.976,18.336
Slovenia,SVN,1823,17.57,-0.133,16.125,17.685,18.901
Slovenia,SVN,1824,17.606,-0.097,15.298,18.811,18.71
Slovenia,SVN,1825,17.345,-0.358,16.232,18.121,17.682
Slovenia,SVN,1826,18.487,0.784,16.406,19.371,19.684
Slovenia,SVN,1827,18.249,0.545,17.02,20.478,17.248
Slovenia,SVN,1828,18.22,0.517,17.761,19.8,17.099
Slovenia,SVN,1829,16.76,-0.943,15.161,18.971,16.149
Slovenia,SVN,1830,18.518,0.815,16.816,19.787,18.952
Slovenia,SVN,1831,17.344,-0.36,15.926,18.737,17.368
Slovenia,SVN,1832,17.346,-0.357,15.185,17.945,18.909
Slovenia,SVN,1833,16.584,-1.119,18.032,16.214,15.506
Slovenia,SVN,1834,19.552,1.848,18.457,21.188,19.01
Slovenia,SVN,1835,17.706,0.003,16.362,19.357,17.4
Slovenia,SVN,1836,17.81,0.107,16.973,18.681,17.776
Slovenia,SVN,1837,18.085,0.382,17.423,17.23,19.602
Slovenia,SVN,1838,16.592,-1.112,16.463,17.264,16.048
Slovenia,SVN,1839,18.476,0.773,18.845,19.872,16.712
Slovenia,SVN,1840,17.066,-0.637,16.543,17.387,17.269
Slovenia,SVN,1841,17.385,-0.318,16.129,18.526,17.501
Slovenia,SVN,1842,18.355,0.652,17.305,18.77,18.991
Slovenia,SVN,1843,16.556,-1.147,14.888,17.069,17.711
Slovenia,SVN,1844,16.979,-0.724,17.297,17.416,16.224
Slovenia,SVN,1845,17.298,-0.405,17.63,18.582,15.683
Slovenia,SVN,1846,19.243,1.54,18.601,20.201,18.927
Slovenia,SVN,1847,17.05,-0.653,14.422,18.585,18.143
Slovenia,SVN,1848,18.434,0.731,18.376,18.653,18.274
Slovenia,SVN,1849,17.757,0.053,18.553,18.009,16.708
Slovenia,SVN,1850,17.451,-0.252,16.807,17.475,18.071
Slovenia,SVN,1851,16.85,-0.853,16.292,17.159,17.1
Slovenia,SVN,1852,17.624,-0.079,16.757,18.566,17.549
Slovenia,SVN,1853,18.085,0.382,16.058,19.827,18.37
Slovenia,SVN,1854,17.449,-0.254,16.208,19.016,17.124
Slovenia,SVN,1855,18.091,0.388,16.865,18.762,18.647
Slovenia,SVN,1856,18.059,0.356,17.792,17.222,19.163
Slovenia,SVN,1857,18.057,0.354,16.302,19.338,18.531
Slovenia,SVN,1858,17.962,0.259,18.524,18.413,16.95
Slovenia,SVN,1859,19.222,1.519,16.429,21.134,20.104
Slovenia,SVN,1860,17.015,-0.688,17.14,16.427,17.478
Slovenia,SVN,1861,19.135,1.431,17.893,18.845,20.666
Slovenia,SVN,1862,17.975,0.272,16.867,19.229,17.83
Slovenia,SVN,1863,18.405,0.702,17.129,18.307,19.78
Slovenia,SVN,1864,16.898,-0.806,16.256,17.669,16.768
Slovenia,SVN,1865,18.309,0.606,16.097,20.43,18.4
Slovenia,SVN,1866,17.826,0.122,18.468,18.668,16.341
Slovenia,SVN,1867,17.723,0.02,16.97,17.884,18.315
Slovenia,SVN,1868,18.405,0.701,18.461,18.566,18.187
Slovenia,SVN,1869,17.408,-0.295,15.185,19.887,17.152
Slovenia,SVN,1870,17.459,-0.245,16.779,19.572,16.025
Slovenia,SVN,1871,17.208,-0.495,14.306,19.482,17.836
Slovenia,SVN,1872,17.368,-0.335,15.95,18.847,17.307
Slovenia,SVN,1873,18.601,0.898,15.992,20.214,19.597
Slovenia,SVN,1874,18.272,0.568,17.314,20.785,16.716
Slovenia,SVN,1875,18.602,0.899,18.667,18.429,18.71
Slovenia,SVN,1876,17.756,0.053,16.96,18.324,17.984
Slovenia,SVN,1877,19.002,1.298,18.285,18.638,20.082
Slovenia,SVN,1878,17.673,-0.031,16.576,17.851,18.591
Slovenia,SVN,1879,18.116,0.413,18.024,16.774,19.55
Slovenia,SVN,1880,17.514,-0.19,15.658,20.335,16.548
Slovenia,SVN,1881,18.219,0.515,16.176,19.938,18.542
Slovenia,SVN,1882,16.971,-0.733,15.706,18.549,16.657
Slovenia,SVN,1883,17.567,-0.136,16.831,18.191,17.68
Slovenia,SVN,1884,16.551,-1.152,13.68,18.856,17.117
Slovenia,SVN,1885,18.037,0.334,17.226,19.586,17.3
Slovenia,SVN,1886,17.266,-0.437,15.645,18.659,17.495
Slovenia,SVN,1887,18.306,0.603,16.532,20.475,17.911
Slovenia,SVN,1888,17.391,-0.312,17.766,17.064,17.344
Slovenia,SVN,1889,18.019,0.315,18.294,18.166,17.596
Slovenia,SVN,1890,17.939,0.235,15.799,18.201,19.816
Slovenia,SVN,1891,17.294,-0.41,16.351,18.408,17.122
Slovenia,SVN,1892,17.941,0.238,17.119,17.924,18.78
Slovenia,SVN,1893,17.469,-0.235,16.064,18.33,18.012
Slovenia,SVN,1894,17.64,-0.063,15.731,19.883,17.306
Slovenia,SVN,1895,17.833,0.13,16.857,19.437,17.205
Slovenia,SVN,1896,17.162,-0.541,16.715,18.917,15.854
Slovenia,SVN,1897,18.28,0.576,17.354,19.168,18.317
Slovenia,SVN,1898,17.355,-0.348,16.295,17.16,18.61
Slovenia,SVN,1899,17.319,-0.384,15.46,18.456,18.042
Slovenia,SVN,1900,18.141,0.437,17.304,19.827,17.291
Slovenia,SVN,1901,17.974,0.271,17.507,18.769,17.647
Slovenia,SVN,1902,16.928,-0.775,15.132,18.174,17.479
Slovenia,SVN,1903,17.001,-0.702,15.476,17.602,17.926
Slovenia,SVN,1904,18.579,0.876,17.304,20.274,18.16
Slovenia,SVN,1905,18.384,0.681,16.525,20.082,18.545
Slovenia,SVN,1906,17.374,-0.329,15.98,18.27,17.872
Slovenia,SVN,1907,17.479,-0.225,17.197,17.064,18.175
Slovenia,SVN,1908,17.735,0.032,18.229,18.351,16.626
Slovenia,SVN,1909,16.94,-0.764,15.643,17.257,17.919
Slovenia,SVN,1910,16.953,-0.75,16.702,16.744,17.414
Slovenia,SVN,1911,18.383,0.679,16.005,19.615,19.528
Slovenia,SVN,1912,17.062,-0.641,16.764,18.341,16.081
Slovenia,SVN,1913,15.981,-1.723,16.486,15.488,15.968
Slovenia,SVN,1914,16.677,-1.027,15.154,17.193,17.683
Slovenia,SVN,1915,17.343,-0.36,17.545,18.07,16.415
Slovenia,SVN,1916,17.228,-0.475,16.078,18.426,17.181
Slovenia,SVN,1917,18.758,1.055,18.653,18.649,18.973
Slovenia,SVN,1918,16.414,-1.29,14.164,18.108,16.969
Slovenia,SVN,1919,16.716,-0.987,16.102,15.885,18.162
Slovenia,SVN,1920,17.139,-0.564,15.755,19.138,16.525
Slovenia,SVN,1921,18.183,0.48,15.73,20.037,18.783
Slovenia,SVN,1922,18.183,0.479,17.317,18.474,18.757
Slovenia,SVN,1923,17.249,-0.455,13.646,19.266,18.834
Slovenia,SVN,1924,16.813,-0.89,16.708,18.239,15.492
Slovenia,SVN,1925,17.262,-0.441,16.052,18.104,17.63
Slovenia,SVN,1926,16.263,-1.441,14.889,17.209,16.69
Slovenia,SVN,1927,18.635,0.932,17.862,19.584,18.46
Slovenia,SVN,1928,19.015,1.312,16.186,21.274,19.586
Slovenia,SVN,1929,18.362,0.658,17.207,19.018,18.86
Slovenia,SVN,1930,17.999,0.296,18.586,18.076,17.336
Slovenia,SVN,1931,18.813,1.11,18.945,19.542,17.953
Slovenia,SVN,1932,17.957,0.254,15.358,18.676,19.837
Slovenia,SVN,1933,16.99,-0.713,14.195,18.567,18.208
Slovenia,SVN,1934,17.423,-0.28,15.896,18.881,17.493
Slovenia,SVN,1935,18.442,0.739,18.832,18.974,17.521
Slovenia,SVN,1936,17.802,0.098,16.553,19.363,17.489
Slovenia,SVN,1937,18.095,0.392,18.104,18.621,17.56
Slovenia,SVN,1938,18.434,0.731,18.355,19.082,17.866
Slovenia,SVN,1939,17.976,0.273,16.765,18.85,18.313
Slovenia,SVN,1940,16.467,-1.236,16.113,17.412,15.877
Slovenia,SVN,1941,17.263,-0.44,16.552,18.363,16.874
Slovenia,SVN,1942,17.888,0.185,17.032,18.349,18.284
Slovenia,SVN,1943,18.036,0.332,15.603,18.391,20.113
Slovenia,SVN,1944,17.874,0.17,15.596,18.031,19.994
Slovenia,SVN,1945,19.033,1.33,18.669,20.317,18.113
Slovenia,SVN,1946,19.09,1.387,17.486,19.963,19.821
Slovenia,SVN,1947,19.274,1.57,18.489,20.021,19.311
Slovenia,SVN,1948,16.88,-0.823,15.875,16.52,18.246
Slovenia,SVN,1949,17.197,-0.506,15.526,18.519,17.546
Slovenia,SVN,1950,20.083,2.38,19.068,21.503,19.678
Slovenia,SVN,1951,18.233,0.53,17.159,18.393,19.147
Slovenia,SVN,1952,19.611,1.907,17.859,20.88,20.093
Slovenia,SVN,1953,17.612,-0.091,16.49,19.105,17.242
Slovenia,SVN,1954,17.424,-0.279,17.896,16.901,17.476
Slovenia,SVN,1955,17.247,-0.457,16.096,18.453,17.191
Slovenia,SVN,1956,17.58,-0.123,15.349,18.991,18.4
Slovenia,SVN,1957,18.176,0.473,18.36,18.936,17.233
Slovenia,SVN,1958,18.183,0.48,16.332,19.268,18.95
Slovenia,SVN,1959,17.86,0.157,16.379,19.592,17.609
Slovenia,SVN,1960,17.376,-0.327,17.313,16.814,18.002
Slovenia,SVN,1961,17.527,-0.176,17.569,17.227,17.786
Slovenia,SVN,1962,17.203,-0.5,14.831,17.096,19.683
Slovenia,SVN,1963,18.46,0.756,17.273,19.54,18.566
Slovenia,SVN,1964,18.218,0.514,18.581,18.719,17.353
Slovenia,SVN,1965,17.045,-0.659,16.731,17.992,16.411
Slovenia,SVN,1966,17.387,-0.317,17.723,17.443,16.994
Slovenia,SVN,1967,18.189,0.485,16.067,20.051,18.448
Slovenia,SVN,1968,17.27,-0.434,16.688,18.227,16.894
Slovenia,SVN,1969,17.084,-0.619,15.757,18.389,17.107
Slovenia,SVN,1970,18.069,0.365,17.725,18.036,18.445
Slovenia,SVN,1971,18.232,0.529,15.931,18.981,19.784
Slovenia,SVN,1972,17.762,0.059,16.955,18.763,17.568
Slovenia,SVN,1973,17.998,0.295,17.061,18.43,18.503
Slovenia,SVN,1974,17.654,-0.049,15.123,18.275,19.565
Slovenia,SVN,1975,17.473,-0.231,15.689,18.735,17.994
Slovenia,SVN,1976,17.214,-0.489,16.957,19.312,15.374
Slovenia,SVN,1977,17.536,-0.167,16.968,18.158,17.483
Slovenia,SVN,1978,16.514,-1.189,15.808,17.052,16.683
Slovenia,SVN,1979,17.688,-0.016,18.631,17.487,16.945
Slovenia,SVN,1980,17.276,-0.428,15.799,17.357,18.671
Slovenia,SVN,1981,17.742,0.039,17.145,18.003,18.078
Slovenia,SVN,1982,18.741,1.038,17.911,19.725,18.587
Slovenia,SVN,1983,18.884,1.181,16.704,21.203,18.746
Slovenia,SVN,1984,16.892,-0.811,15.784,17.568,17.324
Slovenia,SVN,1985,17.931,0.228,15.42,19.547,18.826
Slovenia,SVN,1986,17.817,0.114,16.216,18.031,19.204
Slovenia,SVN,1987,18.067,0.364,16.616,19.958,17.628
Slovenia,SVN,1988,18.609,0.906,16.273,20.287,19.267
Slovenia,SVN,1989,17.602,-0.101,15.43,18.971,18.406
Slovenia,SVN,1990,17.883,0.18,16.478,18.473,18.698
Slovenia,SVN,1991,18.69,0.987,16.648,20.163,19.259
Slovenia,SVN,1992,19.628,1.924,17.115,19.505,22.263
Slovenia,SVN,1993,18.63,0.927,17.756,18.569,19.566
Slovenia,SVN,1994,19.811,2.108,17.602,21.102,20.73
Slovenia,SVN,1995,18.176,0.473,15.77,20.855,17.903
Slovenia,SVN,1996,17.88,0.177,17.982,17.492,18.166
Slovenia,SVN,1997,18.286,0.582,17.669,18.451,18.737
Slovenia,SVN,1998,19.466,1.763,18.673,19.786,19.939
Slovenia,SVN,1999,18.744,1.041,17.673,19.509,19.05
Slovenia,SVN,2000,19.285,1.582,19.071,18.217,20.568
Slovenia,SVN,2001,19.284,1.58,16.69,20.087,21.074
Slovenia,SVN,2002,19.464,1.761,19.251,19.928,19.213
Slovenia,SVN,2003,21.905,4.202,21.729,20.961,23.026
Slovenia,SVN,2004,18.597,0.894,17.173,19.215,19.404
Slovenia,SVN,2005,18.19,0.486,17.987,19.434,17.148
Slovenia,SVN,2006,18.917,1.213,18.162,21.747,16.841
Slovenia,SVN,2007,19.605,1.902,19.443,20.349,19.023
Slovenia,SVN,2008,19.409,1.706,18.889,19.771,19.568
Slovenia,SVN,2009,19.352,1.648,17.309,20.086,20.66
Slovenia,SVN,2010,19.392,1.689,18.137,21.131,18.909
Slovenia,SVN,2011,19.554,1.85,18.424,19.317,20.92
Slovenia,SVN,2012,20.743,3.04,19.57,21.204,21.456
Slovenia,SVN,2013,19.896,2.193,17.841,21.239,20.609
Slovenia,SVN,2014,18.579,0.876,18.113,19.309,18.315
Slovenia,SVN,2015,20.665,2.962,18.606,22.332,21.057
Slovenia,SVN,2016,19.489,1.786,18.396,21.088,18.983
Slovenia,SVN,2017,20.938,3.235,20.145,21.194,21.476
Slovenia,SVN,2018,20.323,2.62,19.017,20.559,21.393
Slovenia,SVN,2019,21.173,3.469,21.369,20.973,21.176
Slovenia,SVN,2020,19.543,1.84,17.894,19.845,20.89
Sweden,SWE,1750,13.805,0.638,11.94,15.255,14.219
Sweden,SWE,1751,12.706,-0.46,10.545,14.561,13.013
Sweden,SWE,1752,14.332,1.165,12.243,16.547,14.205
Sweden,SWE,1753,12.419,-0.748,10.932,13.692,12.633
Sweden,SWE,1754,12.391,-0.776,12.233,13.199,11.74
Sweden,SWE,1755,13.255,0.088,13.079,15.544,11.141
Sweden,SWE,1756,12.781,-0.386,12.781,14.744,10.817
Sweden,SWE,1757,15.199,2.032,13.872,17.571,14.154
Sweden,SWE,1758,12.388,-0.779,11.561,13.529,12.073
Sweden,SWE,1759,13.875,0.709,13.097,14.757,13.772
Sweden,SWE,1760,12.89,-0.277,12.171,14.237,12.262
Sweden,SWE,1761,14.551,1.385,14.41,14.756,14.488
Sweden,SWE,1762,12.202,-0.965,12.531,13.19,10.885
Sweden,SWE,1763,13.731,0.565,12.33,16.023,12.841
Sweden,SWE,1764,12.373,-0.794,9.169,16.022,11.928
Sweden,SWE,1765,11.449,-1.718,10.028,12.716,11.602
Sweden,SWE,1766,14.777,1.61,14.148,17.34,12.842
Sweden,SWE,1767,12.844,-0.323,11.005,13.166,14.36
Sweden,SWE,1768,13.602,0.435,12.368,15.221,13.217
Sweden,SWE,1769,13.034,-0.133,12.437,14.238,12.426
Sweden,SWE,1770,13.806,0.639,12.385,15.374,13.658
Sweden,SWE,1771,13.551,0.384,14.91,13.879,11.864
Sweden,SWE,1772,13.042,-0.125,11.595,14.516,13.015
Sweden,SWE,1773,13.655,0.489,11.691,15.109,14.166
Sweden,SWE,1774,14.133,0.966,13.834,15.494,13.07
Sweden,SWE,1775,15.028,1.862,13.501,16.36,15.224
Sweden,SWE,1776,14.625,1.459,13.392,16.397,14.087
Sweden,SWE,1777,12.584,-0.582,11.465,13.414,12.874
Sweden,SWE,1778,13.664,0.497,12.29,15.808,12.894
Sweden,SWE,1779,14.172,1.005,11.756,15.027,15.733
Sweden,SWE,1780,13.09,-0.076,10.689,14.819,13.763
Sweden,SWE,1781,14.202,1.035,13.232,14.528,14.845
Sweden,SWE,1782,13.263,0.096,11.693,13.85,14.246
Sweden,SWE,1783,14.139,0.973,12.839,16.569,13.01
Sweden,SWE,1784,12.073,-1.094,11.358,13.299,11.562
Sweden,SWE,1785,13.531,0.364,12.502,15.333,12.757
Sweden,SWE,1786,13.49,0.323,12.635,13.568,14.267
Sweden,SWE,1787,12.585,-0.582,12.893,13.447,11.415
Sweden,SWE,1788,14.368,1.201,13.187,16.772,13.144
Sweden,SWE,1789,15.506,2.339,14.405,16.883,15.23
Sweden,SWE,1790,11.878,-1.289,11.055,12.63,11.948
Sweden,SWE,1791,13.638,0.472,11.195,16.0,13.72
Sweden,SWE,1792,13.998,0.831,12.971,16.46,12.562
Sweden,SWE,1793,13.294,0.127,12.529,14.275,13.078
Sweden,SWE,1794,13.697,0.531,12.515,15.267,13.31
Sweden,SWE,1795,12.901,-0.265,11.555,14.037,13.112
Sweden,SWE,1796,13.813,0.647,12.253,15.364,13.823
Sweden,SWE,1797,13.491,0.324,11.841,14.991,13.64
Sweden,SWE,1798,14.595,1.429,13.075,16.543,14.168
Sweden,SWE,1799,12.395,-0.771,10.897,14.266,12.023
Sweden,SWE,1800,11.199,-1.968,9.21,12.463,11.924
Sweden,SWE,1801,12.463,-0.703,11.089,15.101,11.2
Sweden,SWE,1802,12.325,-0.842,11.212,12.69,13.073
Sweden,SWE,1803,13.469,0.303,11.309,15.159,13.94
Sweden,SWE,1804,13.835,0.669,12.101,15.856,13.549
Sweden,SWE,1805,12.493,-0.673,9.405,14.567,13.508
Sweden,SWE,1806,12.168,-0.998,9.853,12.887,13.765
Sweden,SWE,1807,13.94,0.773,11.278,15.051,15.491
Sweden,SWE,1808,14.107,0.941,12.851,15.517,13.954
Sweden,SWE,1809,13.566,0.399,11.916,14.367,14.414
Sweden,SWE,1810,12.831,-0.336,11.158,14.099,13.236
Sweden,SWE,1811,14.002,0.835,13.38,15.766,12.859
Sweden,SWE,1812,11.911,-1.256,10.517,12.118,13.098
Sweden,SWE,1813,12.943,-0.223,10.661,15.452,12.717
Sweden,SWE,1814,13.075,-0.091,10.791,15.394,13.041
Sweden,SWE,1815,12.133,-1.033,10.454,12.616,13.33
Sweden,SWE,1816,12.515,-0.652,11.451,14.572,11.522
Sweden,SWE,1817,12.286,-0.88,11.115,13.978,11.766
Sweden,SWE,1818,13.3,0.134,12.647,16.361,10.893
Sweden,SWE,1819,15.725,2.559,13.976,17.311,15.889
Sweden,SWE,1820,13.322,0.156,12.618,14.858,12.491
Sweden,SWE,1821,10.955,-2.212,9.187,12.295,11.382
Sweden,SWE,1822,13.092,-0.074,11.482,13.993,13.802
Sweden,SWE,1823,13.562,0.396,12.436,14.38,13.871
Sweden,SWE,1824,13.328,0.161,12.907,14.208,12.869
Sweden,SWE,1825,12.753,-0.413,11.932,13.493,12.835
Sweden,SWE,1826,15.751,2.585,14.282,17.877,15.095
Sweden,SWE,1827,13.161,-0.005,14.305,13.169,12.01
Sweden,SWE,1828,14.005,0.838,13.533,15.679,12.802
Sweden,SWE,1829,13.423,0.256,13.077,15.359,11.832
Sweden,SWE,1830,12.903,-0.263,12.082,15.033,11.595
Sweden,SWE,1831,15.023,1.856,14.13,16.575,14.363
Sweden,SWE,1832,12.363,-0.803,13.02,12.012,12.058
Sweden,SWE,1833,12.474,-0.693,12.688,14.647,10.087
Sweden,SWE,1834,14.641,1.474,11.885,17.009,15.028
Sweden,SWE,1835,12.257,-0.91,12.123,13.594,11.053
Sweden,SWE,1836,11.408,-1.759,10.798,12.841,10.584
Sweden,SWE,1837,11.801,-1.366,10.58,12.156,12.667
Sweden,SWE,1838,12.08,-1.087,10.994,14.076,11.17
Sweden,SWE,1839,12.924,-0.242,11.356,15.47,11.947
Sweden,SWE,1840,12.378,-0.789,11.153,12.921,13.059
Sweden,SWE,1841,12.252,-0.914,11.57,12.343,12.844
Sweden,SWE,1842,13.474,0.308,11.719,13.573,15.131
Sweden,SWE,1843,13.379,0.213,11.18,14.374,14.584
Sweden,SWE,1844,12.205,-0.962,10.421,13.012,13.182
Sweden,SWE,1845,13.463,0.297,12.154,14.88,13.356
Sweden,SWE,1846,14.843,1.676,12.279,15.368,16.881
Sweden,SWE,1847,13.585,0.418,12.681,14.065,14.009
Sweden,SWE,1848,12.241,-0.926,11.943,12.92,11.859
Sweden,SWE,1849,11.914,-1.252,9.531,13.89,12.322
Sweden,SWE,1850,13.166,-0.001,11.892,14.528,13.077
Sweden,SWE,1851,12.301,-0.866,11.289,14.014,11.599
Sweden,SWE,1852,14.953,1.786,14.031,15.957,14.87
Sweden,SWE,1853,14.254,1.087,14.547,15.797,12.417
Sweden,SWE,1854,14.466,1.299,13.157,15.901,14.339
Sweden,SWE,1855,13.87,0.703,11.956,17.085,12.568
Sweden,SWE,1856,11.297,-1.87,10.765,13.08,10.045
Sweden,SWE,1857,12.69,-0.477,10.197,13.447,14.426
Sweden,SWE,1858,14.667,1.501,13.103,16.203,14.696
Sweden,SWE,1859,13.216,0.049,12.857,13.731,13.06
Sweden,SWE,1860,13.194,0.028,12.644,14.074,12.865
Sweden,SWE,1861,14.278,1.111,13.782,15.988,13.064
Sweden,SWE,1862,11.375,-1.792,11.251,11.828,11.046
Sweden,SWE,1863,12.439,-0.727,13.047,12.369,11.902
Sweden,SWE,1864,11.864,-1.303,11.356,14.274,9.962
Sweden,SWE,1865,11.929,-1.238,9.271,15.252,11.263
Sweden,SWE,1866,13.063,-0.103,13.007,13.01,13.173
Sweden,SWE,1867,11.522,-1.645,9.213,12.549,12.804
Sweden,SWE,1868,14.233,1.066,12.134,15.215,15.349
Sweden,SWE,1869,11.935,-1.232,10.395,13.845,11.564
Sweden,SWE,1870,13.071,-0.096,11.943,14.446,12.824
Sweden,SWE,1871,12.223,-0.944,9.688,14.402,12.578
Sweden,SWE,1872,13.679,0.512,13.65,15.557,11.829
Sweden,SWE,1873,13.726,0.559,12.824,15.581,12.773
Sweden,SWE,1874,12.026,-1.141,10.801,13.846,11.431
Sweden,SWE,1875,12.968,-0.198,11.804,14.546,12.555
Sweden,SWE,1876,13.849,0.682,14.0,14.556,12.99
Sweden,SWE,1877,12.009,-1.158,10.992,13.969,11.066
Sweden,SWE,1878,12.668,-0.499,12.013,12.983,13.008
Sweden,SWE,1879,13.177,0.01,11.097,14.154,14.28
Sweden,SWE,1880,13.204,0.038,11.331,13.597,14.685
Sweden,SWE,1881,11.789,-1.378,10.787,12.942,11.638
Sweden,SWE,1882,13.628,0.461,11.725,14.589,14.569
Sweden,SWE,1883,13.527,0.36,13.516,14.599,12.465
Sweden,SWE,1884,12.767,-0.4,10.965,14.283,13.053
Sweden,SWE,1885,11.759,-1.408,10.199,14.031,11.046
Sweden,SWE,1886,13.116,-0.051,12.24,14.032,13.076
Sweden,SWE,1887,12.299,-0.868,11.235,13.705,11.956
Sweden,SWE,1888,11.729,-1.438,10.844,12.712,11.631
Sweden,SWE,1889,13.395,0.229,14.811,13.238,12.137
Sweden,SWE,1890,12.251,-0.916,11.739,12.51,12.503
Sweden,SWE,1891,12.399,-0.768,10.289,15.122,11.786
Sweden,SWE,1892,11.484,-1.683,10.243,12.694,11.514
Sweden,SWE,1893,12.615,-0.551,11.691,13.976,12.179
Sweden,SWE,1894,13.811,0.645,13.524,15.444,12.466
Sweden,SWE,1895,12.977,-0.19,12.946,13.433,12.551
Sweden,SWE,1896,13.821,0.654,13.313,16.082,12.068
Sweden,SWE,1897,13.482,0.316,12.047,14.615,13.785
Sweden,SWE,1898,12.413,-0.753,12.046,12.954,12.24
Sweden,SWE,1899,12.658,-0.509,10.661,16.224,11.089
Sweden,SWE,1900,12.604,-0.562,12.364,12.744,12.705
Sweden,SWE,1901,14.903,1.737,13.007,17.598,14.105
Sweden,SWE,1902,10.719,-2.447,9.999,11.387,10.772
Sweden,SWE,1903,11.95,-1.217,11.125,12.917,11.808
Sweden,SWE,1904,12.013,-1.154,10.944,13.12,11.974
Sweden,SWE,1905,13.303,0.136,13.451,14.449,12.009
Sweden,SWE,1906,12.771,-0.395,12.238,14.273,11.803
Sweden,SWE,1907,11.622,-1.544,11.654,12.824,10.389
Sweden,SWE,1908,12.634,-0.533,10.802,14.12,12.98
Sweden,SWE,1909,12.323,-0.843,11.34,13.482,12.148
Sweden,SWE,1910,12.672,-0.495,12.178,13.504,12.333
Sweden,SWE,1911,12.926,-0.24,11.097,13.596,14.086
Sweden,SWE,1912,13.535,0.369,12.313,15.346,12.947
Sweden,SWE,1913,12.895,-0.272,11.504,14.669,12.512
Sweden,SWE,1914,14.221,1.055,12.32,17.461,12.883
Sweden,SWE,1915,12.125,-1.042,9.833,14.319,12.223
Sweden,SWE,1916,12.55,-0.616,10.762,15.609,11.28
Sweden,SWE,1917,14.032,0.865,13.788,13.101,15.206
Sweden,SWE,1918,12.519,-0.647,10.501,14.986,12.071
Sweden,SWE,1919,12.738,-0.429,11.878,15.38,10.955
Sweden,SWE,1920,12.63,-0.536,11.513,14.582,11.796
Sweden,SWE,1921,11.953,-1.214,10.739,12.894,12.226
Sweden,SWE,1922,12.634,-0.533,11.814,14.127,11.961
Sweden,SWE,1923,11.176,-1.991,8.078,14.142,11.307
Sweden,SWE,1924,12.943,-0.224,10.239,14.732,13.858
Sweden,SWE,1925,14.107,0.94,11.835,17.223,13.263
Sweden,SWE,1926,13.39,0.223,11.732,15.032,13.406
Sweden,SWE,1927,13.809,0.642,10.359,16.833,14.235
Sweden,SWE,1928,10.99,-2.176,9.317,11.87,11.784
Sweden,SWE,1929,11.505,-1.661,10.49,12.567,11.459
Sweden,SWE,1930,14.292,1.125,13.031,15.637,14.208
Sweden,SWE,1931,11.895,-1.272,9.101,14.649,11.934
Sweden,SWE,1932,12.907,-0.259,10.323,15.335,13.064
Sweden,SWE,1933,14.15,0.983,13.856,15.614,12.979
Sweden,SWE,1934,13.874,0.708,11.675,15.62,14.328
Sweden,SWE,1935,12.948,-0.219,12.03,14.155,12.659
Sweden,SWE,1936,14.426,1.259,14.429,15.442,13.407
Sweden,SWE,1937,15.178,2.012,12.958,16.777,15.8
Sweden,SWE,1938,13.971,0.804,11.576,15.788,14.549
Sweden,SWE,1939,14.073,0.906,11.795,14.954,15.47
Sweden,SWE,1940,13.044,-0.123,13.05,14.29,11.791
Sweden,SWE,1941,13.699,0.532,11.5,17.227,12.369
Sweden,SWE,1942,12.469,-0.698,10.603,13.666,13.137
Sweden,SWE,1943,13.094,-0.072,12.629,14.429,12.225
Sweden,SWE,1944,13.155,-0.012,10.384,15.092,13.989
Sweden,SWE,1945,14.09,0.923,11.67,15.951,14.648
Sweden,SWE,1946,13.393,0.227,11.502,15.52,13.158
Sweden,SWE,1947,14.769,1.603,13.965,15.889,14.454
Sweden,SWE,1948,12.916,-0.251,11.636,15.184,11.927
Sweden,SWE,1949,12.384,-0.783,11.277,13.876,11.998
Sweden,SWE,1950,13.612,0.445,12.506,13.915,14.415
Sweden,SWE,1951,12.63,-0.537,10.551,12.703,14.636
Sweden,SWE,1952,12.008,-1.159,11.009,13.624,11.391
Sweden,SWE,1953,14.433,1.266,15.468,14.611,13.219
Sweden,SWE,1954,13.013,-0.154,11.678,14.503,12.858
Sweden,SWE,1955,13.497,0.33,9.702,15.834,14.955
Sweden,SWE,1956,12.306,-0.861,11.74,14.15,11.028
Sweden,SWE,1957,12.912,-0.255,10.418,15.614,12.703
Sweden,SWE,1958,12.664,-0.502,11.367,13.441,13.185
Sweden,SWE,1959,13.941,0.774,12.334,15.214,14.275
Sweden,SWE,1960,13.939,0.772,13.508,14.856,13.453
Sweden,SWE,1961,13.377,0.21,13.503,14.276,12.352
Sweden,SWE,1962,11.343,-1.823,10.407,12.401,11.222
Sweden,SWE,1963,13.173,0.006,12.1,13.63,13.788
Sweden,SWE,1964,12.113,-1.054,11.217,13.077,12.044
Sweden,SWE,1965,11.994,-1.172,11.986,12.187,11.81
Sweden,SWE,1966,13.635,0.469,14.279,14.485,12.142
Sweden,SWE,1967,12.995,-0.172,11.368,13.96,13.656
Sweden,SWE,1968,13.145,-0.021,13.309,13.265,12.862
Sweden,SWE,1969,14.621,1.454,13.69,14.735,15.438
Sweden,SWE,1970,13.982,0.815,14.676,13.967,13.302
Sweden,SWE,1971,12.878,-0.288,11.644,14.021,12.97
Sweden,SWE,1972,14.332,1.166,13.464,16.547,12.986
Sweden,SWE,1973,14.132,0.966,13.121,16.89,12.386
Sweden,SWE,1974,12.909,-0.257,12.449,13.44,12.839
Sweden,SWE,1975,13.1,-0.067,10.758,14.391,14.151
Sweden,SWE,1976,13.112,-0.055,11.696,14.183,13.456
Sweden,SWE,1977,12.37,-0.797,11.646,13.136,12.327
Sweden,SWE,1978,12.892,-0.275,12.702,13.758,12.215
Sweden,SWE,1979,13.362,0.195,13.573,13.688,12.824
Sweden,SWE,1980,14.193,1.026,14.236,15.113,13.229
Sweden,SWE,1981,12.437,-0.729,10.632,14.363,12.317
Sweden,SWE,1982,12.852,-0.315,9.974,14.975,13.606
Sweden,SWE,1983,13.156,-0.011,11.578,14.952,12.937
Sweden,SWE,1984,13.014,-0.153,12.089,13.713,13.239
Sweden,SWE,1985,13.174,0.007,12.086,14.279,13.157
Sweden,SWE,1986,13.151,-0.016,14.16,14.3,10.992
Sweden,SWE,1987,11.553,-1.614,10.635,13.347,10.676
Sweden,SWE,1988,14.359,1.193,14.146,16.046,12.886
Sweden,SWE,1989,13.263,0.097,12.602,14.253,12.935
Sweden,SWE,1990,13.603,0.436,12.638,14.269,13.902
Sweden,SWE,1991,13.47,0.303,10.324,15.613,14.472
Sweden,SWE,1992,13.416,0.249,14.243,13.713,12.291
Sweden,SWE,1993,11.858,-1.308,9.963,13.935,11.677
Sweden,SWE,1994,13.88,0.713,10.885,16.892,13.863
Sweden,SWE,1995,13.421,0.254,12.815,13.779,13.668
Sweden,SWE,1996,13.456,0.289,11.686,13.316,15.366
Sweden,SWE,1997,15.365,2.198,13.323,16.562,16.209
Sweden,SWE,1998,12.508,-0.658,11.338,14.217,11.97
Sweden,SWE,1999,13.508,0.342,13.269,15.069,12.187
Sweden,SWE,2000,12.861,-0.306,11.464,14.242,12.877
Sweden,SWE,2001,13.772,0.605,12.326,15.379,13.611
Sweden,SWE,2002,15.768,2.601,14.438,16.006,16.86
Sweden,SWE,2003,14.719,1.552,12.74,17.405,14.011
Sweden,SWE,2004,13.353,0.186,11.32,14.208,14.53
Sweden,SWE,2005,13.958,0.792,12.054,16.213,13.608
Sweden,SWE,2006,15.229,2.062,13.398,16.349,15.939
Sweden,SWE,2007,14.057,0.891,13.489,14.656,14.027
Sweden,SWE,2008,13.529,0.362,12.666,15.375,12.545
Sweden,SWE,2009,13.701,0.534,11.768,14.975,14.36
Sweden,SWE,2010,13.824,0.657,11.517,16.379,13.576
Sweden,SWE,2011,14.79,1.623,14.254,16.189,13.927
Sweden,SWE,2012,12.833,-0.334,10.849,14.396,13.254
Sweden,SWE,2013,14.24,1.073,13.614,15.044,14.061
Sweden,SWE,2014,14.791,1.625,11.943,18.277,14.154
Sweden,SWE,2015,13.065,-0.102,10.822,13.855,14.517
Sweden,SWE,2016,13.827,0.66,13.102,15.464,12.915
Sweden,SWE,2017,13.081,-0.085,12.275,13.975,12.994
Sweden,SWE,2018,15.331,2.164,12.909,18.711,14.373
Sweden,SWE,2019,14.554,1.387,13.947,15.11,14.605
Sweden,SWE,2020,14.542,1.375,15.589,13.456,14.58
