ID_HDC_G0,CTR_MN_ISO,CTR_MN_NM,GRGN_L1,GRGN_L2,UC_NM_MN,UC_NM_LST,UC_NM_SRC,XBRDR,XCTR_NBR,XC_ISO_LST,GCPNT_LAT,GCPNT_LON,AREA,P75,P90,P00,P15,B75,B90,B00,B15,BUCAP75,BUCAP90,BUCAP00,BUCAP15,H75_NBR,H90_NBR,H00_NBR,H75_AREA,H90_AREA,H00_AREA,E_GR_AV90,E_GR_AV00,E_GR_AV14,E_GR_AH90,E_GR_AM90,E_GR_AL90,E_GR_AT90,E_GR_AH00,E_GR_AM00,E_GR_AL00,E_GR_AT00,E_GR_AH14,E_GR_AM14,E_GR_AL14,E_GR_AT14,SDG_A2G14,SDG_OS15MX,SDG_LUE9015,E_KG_NM_LST,E_BM_NM_LST,EL_AV_ALS,E_WR_T_90,E_WR_T_00,E_WR_T_14,E_WR_P_90,E_WR_P_00,E_WR_P_14,EX_HW_IDX,GDP90_SM,GDP00_SM,GDP15_SM,INCM_CMI,DEV_CMI,NTL_AV,TT2CC,QA2_1V,EU27_EUROPEAN_TERRITORY
3027.0,AUT,Austria,Europe,Western Europe,Vienna,Vienna,GISCO OSM,0.0,1.0,AUT,48.1984081854,16.3839758661,392.0,1333188.32425,1469348.25737,1621219.53851,1856675.54302,180.050125122,225.857406616,239.682678223,247.003219604,135.052281697,153.712644694,147.840975592,133.035209374,1.0,1.0,1.0,310.0,346.0,377.0,0.403512978135982,0.428760370144814,0.442523883061379,176.581302699,194.254236891,21.3431790625,392.178718652,196.469426545,195.04237192,0.6669201875,392.178718652,214.371206174,172.471111291,5.3364011875,392.178718652,0.377124766055,54.69,0.38252,"Mild temperate, fully humid, and  Warm summer",Temperate Broadleaf and Mixed Forests,193.711622924,10.497882843,11.1070299149,11.6032397747,616.550003052,630.025009155,633.074996948,9.906009674,35552239616.0,43019567104.0,52141469696.0,HIC,MDR,21.338534822,0.0,1.0,1
3000.0,AUT,Austria,Europe,Western Europe,Graz,Graz,GISCO OSM,0.0,1.0,AUT,47.058527886,15.4358553855,73.0,156673.307266,187063.111465,214498.864502,261476.193604,33.8837623596,33.8837623596,37.4048080444,38.3833465576,216.270167209,181.135457943,174.382312612,146.794803873,1.0,1.0,1.0,49.0,62.0,66.0,0.41948825658142,0.463206240275974,0.44509993381589,37.266182085,35.6290195044,0.0,72.8952015895,46.8587150328,26.0364865566,0.0,72.8952015895,39.0087725689,33.8864290206,0.0,72.8952015895,0.368366664332,53.44,0.37232,"Mild temperate, fully humid, and  Warm summer",Temperate Broadleaf and Mixed Forests,366.886687941,6.59668326378,7.39072835445,7.78276085854,1183.10003662,1089.625,1228.20001221,9.816129684,2632178176.0,3455395072.0,4975084032.0,HIC,MDR,15.850548267,101.34494114221924,1.0,1
2936.0,AUT,Austria,Europe,Western Europe,Linz,Linz,GISCO OSM,0.0,1.0,AUT,48.279325869,14.2930258173,69.0,188703.51062,190448.457855,194549.890381,202651.519836,36.0523605347,39.2095756531,42.0889358521,43.2602882385,191.052940225,205.880247573,216.340064596,213.471323943,1.0,1.0,1.0,59.0,59.0,64.0,0.207743335026127,0.404556671749672,0.396545282720697,0.0,7.2024922461,2.5869363252,9.7894285713,28.2760348532,39.8958035468,0.665995,68.8378334,34.2261740029,31.2813373346,3.3303220625,68.8378334,0.250284484029,49.6,1.583,"Mild temperate, fully humid, and  Warm summer",Temperate Broadleaf and Mixed Forests,268.587014826,9.82950234413,10.3829834461,10.8328635693,777.575012207,832.025024414,783.025039673,3.608249903,2794054656.0,3443341568.0,4276100096.0,HIC,MDR,21.596217898,102.05611061786607,1.0,1
2885.0,AUT,Austria,Europe,Western Europe,Salzburg,Salzburg,GISCO OSM,0.0,1.0,AUT,47.8030343612,13.0366357373,46.0,129814.788086,130750.640564,134710.557129,140052.170959,22.0486755371,23.9444313049,25.115650177,26.1206092834,169.847178909,183.13050859,186.441587893,186.506279085,1.0,1.0,1.0,41.0,41.0,42.0,0.427648129758468,0.499169409691891,0.489949454654893,22.886321749,23.5103574037,0.0,46.3966791527,31.6122216527,14.7844575,0.0,46.3966791527,32.2844407777,14.112238375,0.0,46.3966791527,0.487156789521,70.18,1.2658,"Mild temperate, fully humid, and  Warm summer",Temperate Broadleaf and Mixed Forests,433.931899302,6.62332594395,7.12067043781,7.4887650013,1489.52505493,1553.10003662,1483.8500061,4.290450096,2264800000.0,2887815680.0,3488517376.0,HIC,MDR,22.849370459,176.50193101919433,1.0,1
2788.0,AUT,Austria,Europe,Western Europe,Innsbruck,Innsbruck,GISCO OSM,0.0,1.0,AUT,47.2681739576,11.403367422,27.0,97637.6021729,101120.091553,105826.931396,113300.718506,14.5722045898,15.6972846985,16.47955513,16.777715683,149.247874441,155.234083133,155.721751661,148.08128231,1.0,1.0,1.0,26.0,26.0,27.0,0.396344463211393,0.4524829195999,0.444023783744294,12.7758415659,13.6484642752,0.6789627500000001,27.1032685912,16.1706553159,10.9326132752,0.0,27.1032685912,14.5146963625,12.5885722287,0.0,27.1032685912,0.354559196268,53.76,0.58524,"Mild temperate, fully humid, and  Warm summer",Temperate Coniferous Forests,606.128326363,3.81369739771,4.14000767469,4.50899428129,1446.04998779,1763.75006104,1520.75006104,5.080900192,1432794112.0,1804333440.0,2279119104.0,HIC,MDR,22.986335666,287.92153609355756,1.0,1
2952.0,AUT,Austria,Europe,Western Europe,Klagenfurt,Klagenfurt,GISCO OSM,0.0,1.0,AUT,46.6223476404,14.3123960577,26.0,60503.536438,60631.0064697,62368.5439453,64018.3699951,16.0373668671,17.5215358734,17.6914958954,18.1345119476,265.064950104,288.986393161,283.660556689,283.270441734,1.0,1.0,1.0,22.0,25.0,25.0,0.391511979244214,0.505171688694847,0.486238354923984,3.9495563078,22.1638701039,0.0,26.1134264118,15.9579931402,10.1554332716,0.0,26.1134264118,12.7387825159,13.3746438958,0.0,26.1134264118,0.447584958383,49.0,0.63252,"Mild temperate, fully humid, and  Warm summer",Temperate Coniferous Forests,445.544542759,7.63816058636,8.39978551865,8.758766412730001,1312.70001221,1326.94998169,1524.00003052,9.123129845,805959936.0,1022775168.0,1225582080.0,HIC,MDR,10.538785549,179.85793999741352,1.0,1
2135.0,BEL,Belgium,Europe,Western Europe,Brussels,Brussels,GISCO OSM,0.0,1.0,BEL,50.849956765499996,4.37028082133,266.0,914970.049278,1027735.58592,1131359.60411,1381517.48463,167.593841553,179.05947876,190.18019104,195.404953003,183.168664029,174.227185681,168.098799311,141.442258369,1.0,1.0,1.0,218.0,232.0,250.0,0.370190760083269,0.432249729246469,0.466612202800749,87.2428222576,164.747367901,14.5395698125,266.529759971,143.436978469,117.955308805,5.1374726971,266.529759971,167.48438865,93.3551678843,5.6902034375,266.529759971,0.329429320412,62.96,0.2953,"Mild temperate, fully humid, and  Warm summer",Temperate Broadleaf and Mixed Forests,52.7906331806,10.7933888435,11.2393643856,11.1428172588,823.175018311,990.200027466,882.225021362,3.7929599290000002,26101428224.0,32885053440.0,44632608768.0,HIC,MDR,43.557512309,0.0,1.0,1
2133.0,BEL,Belgium,Europe,Western Europe,Antwerp,Antwerp,GISCO OSM,0.0,1.0,BEL,51.2163371341,4.39613910932,376.0,657350.315328,680362.571728,705788.652472,792029.469923,157.04586792,184.619125366,205.400619507,215.043441772,238.907420074,271.35402951,291.022842019,271.509394459,1.0,1.0,1.0,231.0,269.0,339.0,0.352799107997647,0.414698602611054,0.440708020468472,144.927786527,178.169911144,52.7701768657,375.867874537,205.809235315,138.430649858,31.6279893635,375.867874537,220.111317329,116.124546318,39.6320108897,375.867874537,0.416552331357,58.54,1.0038,"Mild temperate, fully humid, and  Warm summer",Temperate Broadleaf and Mixed Forests,9.30735134866,10.9427273273,11.3348436356,11.2439937592,739.550033569,928.825012207,827.525039673,3.7929599290000002,12582142976.0,15339655168.0,18817073152.0,HIC,MDR,34.26069422,10.167008144804884,1.0,1
2208.0,BEL,Belgium,Europe,Western Europe,Liège,Liège,GISCO OSM,0.0,1.0,BEL,50.6390996111,5.56222964362,158.0,367303.766129,361006.961517,361092.805756,381673.147888,97.1226348877,99.3964233398,103.950042725,106.069282532,264.42047113,275.331043263,287.876249728,277.906064701,1.0,1.0,1.0,136.0,138.0,145.0,0.377396016152928,0.448665462339114,0.480458589161365,59.1867999343,89.0603080547,10.162145125,158.409253114,88.0893886218,67.7800483672,2.5398161249999998,158.409253114,106.012932774,50.4914882779,1.9048320625000001,158.409253114,0.500879543027,67.1,1.1672,"Mild temperate, fully humid, and  Warm summer",Temperate Broadleaf and Mixed Forests,124.21713294,10.4769432545,10.923022747000001,10.8662345409,832.974990845,1021.0249939,862.5,10.55340004,4211183616.0,4863015424.0,5711218176.0,HIC,MDR,21.521788083,49.49206378488248,1.0,1
2112.0,BEL,Belgium,Europe,Western Europe,Ghent,Ghent,GISCO OSM,1.0,2.0,BEL; NLD,51.0857743885,3.74824959182,147.0,220530.636902,227542.382935,235873.238739,263643.367218,90.3286972046,96.3923568726,104.581436157,107.472793579,409.597044989,423.623747055,443.379828574,407.644594716,1.0,1.0,1.0,93.0,109.0,141.0,0.385356777210888,0.449883469630179,0.468181833953264,56.0232193647,81.6420290039,9.4334330625,147.098681431,85.5209075826,58.4321269735,3.145646875,147.098681431,90.7194120691,50.0920866745,6.2871826875,147.098681431,0.48090881912899996,61.71,0.7389,"Mild temperate, fully humid, and  Warm summer",Temperate Broadleaf and Mixed Forests,7.58420438739,11.0177443027,11.417589426,11.3273556232,719.600021362,895.450027466,816.150024414,4.580729961,3092346368.0,3767087360.0,4855694336.0,HIC,MDR,24.021826736,25.63698274358049,1.0,1
2142.0,BEL,Belgium,Europe,Western Europe,Charleroi,Charleroi,GISCO OSM,0.0,1.0,BEL,50.4276041033,4.44029611828,124.0,275881.510849,258483.99408,250645.475586,253691.458588,76.2438049316,79.3905487061,82.5047531128,84.0350494385,276.364315597,307.139128629,329.169129903,331.249029456,1.0,1.0,1.0,109.0,110.0,113.0,0.370927884238866,0.443240793740189,0.491236831251341,30.6822276877,90.8448117355,2.55240175,124.079441173,63.8985031426,58.2666367181,1.9143013125000001,124.079441173,85.0719387074,39.0075024659,0.0,124.079441173,0.515177613498,68.61,-3.0379,"Mild temperate, fully humid, and  Warm summer",Temperate Broadleaf and Mixed Forests,138.942335843,10.7643642426,11.2360596657,11.1574511528,882.325027466,1031.05001831,910.000015259,8.954119682,2579022336.0,3043284480.0,3408614912.0,HIC,MDR,22.458065698,19.201486564285894,1.0,1
2093.0,BEL,Belgium,Europe,Western Europe,Kortrijk,Kortrijk; Harelbeke; Kuurne,GISCO OSM,0.0,1.0,BEL,50.8418650054,3.29017534055,65.0,113431.123608,100727.570869,96994.9114761,97709.1492004,31.1074771881,36.4416923523,40.3033981323,41.5949134827,274.241109483,361.784683555,415.520747624,425.701316847,1.0,1.0,1.0,42.0,36.0,47.0,0.390324204751267,0.454130863785445,0.490721899745763,13.2255431811,51.76312656,0.0,64.9886697412,39.1903900066,25.7982797346,0.0,64.9886697412,45.3402719194,19.6483978218,0.0,64.9886697412,0.44157067463,69.75,-4.3473,"Mild temperate, fully humid, and  Warm summer",Temperate Broadleaf and Mixed Forests,16.2215278641,10.5990223885,11.0307512283,10.9395127296,776.975006104,943.025009155,869.475021362,4.580729961,1409884544.0,1687351040.0,1915196416.0,HIC,MDR,18.240586842,43.97514565395661,1.0,1
2119.0,BEL,Belgium,Europe,Western Europe,Mons,Mons,GISCO OSM,0.0,1.0,BEL,50.4390397416,3.90051476479,62.0,106241.878815,98096.7312012,95075.1876831,96913.0559082,33.1935462952,35.3081932068,38.1735305786,39.7228126526,312.433728258,359.932413389,401.508863762,409.880921413,1.0,1.0,1.0,32.0,31.0,61.0,0.451432973268807,0.522226203595232,0.561954758629696,32.3368794015,29.2466224074,0.0,61.5835018088,49.9883692267,11.5951325821,0.0,61.5835018088,51.5810389301,10.0024628787,0.0,61.5835018088,0.746875376508,83.2,-9.7045,"Mild temperate, fully humid, and  Warm summer",Temperate Broadleaf and Mixed Forests,53.2473613324,10.5373325348,11.0151920319,10.9115035534,840.050018311,990.650009155,881.575012207,7.958849907,955692800.0,1127731328.0,1274812160.0,HIC,MDR,16.958862505,22.499577383816483,1.0,1
2149.0,BEL,Belgium,Europe,Western Europe,Mechelen,Mechelen; Zemst; Duffel; Bonheiden; Sint-Katelijne-Waver,GISCO OSM,0.0,1.0,BEL,51.0508083376,4.48985413618,53.0,82487.1551332,79409.6599455,79075.3035126,84396.909996,24.9112319946,28.7329692841,31.6900577545,33.384552002,302.001347414,361.832166311,400.757965469,395.566046239,1.0,1.0,1.0,23.0,25.0,27.0,0.418909958293407,0.483414055919031,0.512429276619664,29.10697059,23.8971390556,0.0,53.0041096456,38.7303280453,14.2737816002,0.0,53.0041096456,42.3480326309,10.6560770147,0.0,53.0041096456,0.530187125715,79.9,2.4634,"Mild temperate, fully humid, and  Warm summer",Temperate Broadleaf and Mixed Forests,6.74313795654,10.9427273273,11.3348436356,11.2439937592,739.550033569,928.825012207,827.525039673,3.7929599290000002,1244052992.0,1516218496.0,1767612160.0,HIC,MDR,19.983168161000002,4.651264064899795,1.0,1
2129.0,BEL,Belgium,Europe,Western Europe,La Louvière,La Louvière; Morlanwelz; Chapelle-lez-Herlaimont; Seneffe,GISCO OSM,0.0,1.0,BEL,50.47799695,4.2107881486,47.0,85183.3865204,79074.8320618,76953.1021729,79050.7476044,25.4386768341,27.3775920868,28.7018127441,29.2615222931,298.634251035,346.22384105,372.977981832,370.161234142,1.0,0.0,1.0,26.0,0.0,31.0,0.435209284830066,0.501158407735253,0.543870545909375,30.1978284875,15.8363142012,0.5670753208,46.6012180096,36.2219757716,10.379242238,0.0,46.6012180096,38.3120357691,8.2891822404,0.0,46.6012180096,0.668165819435,81.51,-218.461,"Mild temperate, fully humid, and  Warm summer",Temperate Broadleaf and Mixed Forests,127.632181268,10.7643642426,11.2360596657,11.1574511528,882.325027466,1031.05001831,910.000015259,7.958849907,680508096.0,803009472.0,920164672.0,HIC,MDR,18.453741454,15.492478338293349,1.0,1
2075.0,BEL,Belgium,Europe,Western Europe,Bredene,Bredene; Oudenburg; Stene; Ostend,GISCO OSM,0.0,1.0,BEL,51.2237395196,2.93516521251,33.0,71899.7402649,69706.0388794,70076.8765869,73742.5316162,12.0803537369,15.1780748367,17.1295585632,17.7383670807,168.016653362,217.744044573,244.439526953,240.544590644,1.0,1.0,1.0,27.0,31.0,33.0,0.354460796610153,0.404753736832139,0.39917743499035,8.5407648326,15.4284194578,9.0150076426,32.9841919331,9.8642492289,18.1410410475,4.9789016566,32.9841919331,13.6836023154,13.067397586,6.2331920316,32.9841919331,0.281571106862,46.24,2.7691,"Mild temperate, fully humid, and  Warm summer",Temperate Broadleaf and Mixed Forests,3.2126729162,11.0385782719,11.4666936398,11.3400104046,704.275009155,902.150009155,833.125015259,5.461979866,829866048.0,993184192.0,1193641472.0,HIC,MDR,32.014233835,66.88649930979462,1.0,1
2171.0,BEL,Belgium,Europe,Western Europe,Leuven,Leuven,GISCO OSM,0.0,1.0,BEL,50.885496031,4.70778026852,26.0,56792.4590759,57574.1965942,57974.446228,63845.8085938,15.1993942261,16.5927791595,17.858745575,18.4625720978,267.630500129,288.198188443,308.045125687,289.174379719,0.0,0.0,1.0,0.0,0.0,22.0,0.37661661774289,0.430628049586247,0.477473138420185,5.5913951787,20.3464713196,0.0,25.9378664983,13.3734687801,12.5643977181,0.0,25.9378664983,15.2969200529,10.6409464453,0.0,25.9378664983,0.466570908351,58.83,1.0327,"Mild temperate, fully humid, and  Warm summer",Temperate Broadleaf and Mixed Forests,32.8437845293,10.7662761211,11.1581707001,11.1008069515,771.0,939.250015259,822.425018311,3.7929599290000002,1142879872.0,1439908352.0,1776393728.0,HIC,MDR,22.518879817,7.957942516893685,1.0,1
2087.0,BEL,Belgium,Europe,Western Europe,Bruges,Bruges,GISCO OSM,0.0,1.0,BEL,51.2062405424,3.22055780357,30.0,81153.7540283,68768.6547852,64642.4790649,63030.5891113,18.7324790955,19.3167648315,21.5809173584,21.9751625061,230.82701866,280.894906144,333.850397921,348.64282273,1.0,1.0,1.0,29.0,30.0,30.0,0.369180181669069,0.417013124633531,0.456199108985322,5.8257462137000005,23.5272917319,0.6271451875,29.9801831331,9.9024542581,20.077728875,0.0,29.9801831331,16.1303149086,13.8498682245,0.0,29.9801831331,0.363722905072,53.77,-1.4799,"Mild temperate, fully humid, and  Warm summer",Temperate Broadleaf and Mixed Forests,7.35807041108,10.8232240677,11.2805058956,11.1706831455,718.125015259,897.474990845,832.975021362,5.461979866,823199232.0,985205504.0,1033744512.0,HIC,MDR,24.341089471,54.32300208607338,1.0,1
3381.0,BGR,Bulgaria,Europe,Eastern Europe,Sofia,Sofia,GISCO OSM,0.0,1.0,BGR,42.6853583853,23.3253419636,205.0,562391.259228,750327.187376,815894.123125,926881.288761,62.1048851013,75.0163421631,85.2107620239,92.3943481445,110.430032619,99.9781740889,104.438504469,99.6830438427,1.0,1.0,1.0,156.0,173.0,201.0,0.322796653291236,0.381653760663631,0.428228972994228,42.5629553995,160.199230198,2.20369125,204.965876847,58.1704348826,146.795441964,0.0,204.965876847,91.810515252,113.155361595,0.0,204.965876847,0.19576605548099998,54.93,0.98601,"Mild temperate, fully humid, and  Hot summer",Temperate Broadleaf and Mixed Forests,584.956694549,9.4435095787,10.3375110626,10.8160948753,572.175018311,569.675003052,697.324996948,7.433939934,4967243264.0,7271463424.0,23695583232.0,UMIC,MDR,29.805176892,0.0,1.0,1
3427.0,BGR,Bulgaria,Europe,Eastern Europe,Plovdiv,Plovdiv,GISCO OSM,0.0,1.0,BGR,42.1399964825,24.7528139256,54.0,337030.196594,361651.718497,336965.629517,309003.806747,17.7155895233,22.9213581085,25.252286911,26.3450679779,52.5638049716,63.3796465941,74.9402452328,85.2580693268,1.0,1.0,1.0,46.0,47.0,50.0,0.217189012484582,0.372716841823515,0.404609905506222,0.5087837066,41.1699737949,11.8997486137,53.5785061152,11.97283526,41.6056708551,0.0,53.5785061152,21.5451596172,32.033346498,0.0,53.5785061152,0.122592674565,51.2,-0.88485,"Mild temperate, fully humid, and  Hot summer",Temperate Broadleaf and Mixed Forests,164.755038492,11.749409914,12.6846442223,13.1084759235,479.950012207,507.474998474,650.150009155,10.80529976,1698131968.0,1388597376.0,2375918080.0,UMIC,MDR,29.504988246,88.20725722786585,1.0,1
3516.0,BGR,Bulgaria,Europe,Eastern Europe,Varna,Varna,GISCO OSM,0.0,1.0,BGR,43.2248412278,27.9287363516,83.0,228274.585136,275211.981804,277582.875679,283834.782539,31.1829509735,32.4040565491,34.7929992676,37.43699646,136.602815223,117.742172186,125.342743793,131.897141446,1.0,1.0,1.0,60.0,67.0,69.0,0.259780594214026,0.378302310905213,0.408365299768912,2.6776230245,60.8526749748,18.8052581806,73.7077391358,29.1238232566,45.1061258061,8.1056071172,82.3355561799,37.3035244613,35.6755085495,9.3565231691,82.3355561799,0.253001277671,54.89,4.6798,"Mild temperate, fully humid, and  Hot summer",Temperate Broadleaf and Mixed Forests,62.3229919142,11.7933425903,12.7247819901,13.1214094162,472.850021362,497.800003052,644.650009155,7.130340099,1416178048.0,1555598080.0,2732498432.0,UMIC,MDR,23.439485576,361.81249712591773,1.0,1
3448.0,BGR,Bulgaria,Europe,Eastern Europe,Ruse,Ruse,GISCO OSM,1.0,2.0,BGR; ROU,43.8681602383,25.9692727566,55.0,195355.930389,201013.850056,175406.234489,141675.343006,20.2333927155,28.3345413208,29.6653594971,30.4782886505,103.571940074,140.95815444,169.123746276,215.127685621,1.0,1.0,1.0,54.0,55.0,55.0,0.306980426677861,0.403530695419699,0.458310868054456,3.4498103113000003,45.1944173044,6.1451899005,54.7894175162,18.1881858135,34.0351687517,2.566062951,54.7894175162,29.8844763929,23.4183375326,1.4866035907000001,54.7894175162,0.355993702714,54.34,-0.20848,"Mild temperate, fully humid, and  Hot summer",Temperate Broadleaf and Mixed Forests,35.7759001804,11.6273596287,12.5126514435,13.0371146202,527.75,546.375,683.000015259,11.76249981,680103744.0,539953472.0,802034560.0,UMIC,MDR,14.999625733,314.59276311922275,1.0,1
3503.0,BGR,Bulgaria,Europe,Eastern Europe,Burgas,Burgas,GISCO OSM,0.0,1.0,BGR,42.4973829484,27.4461989543,45.0,112312.538501,123485.334605,117567.54352,111381.173001,18.0941390991,19.0875835419,19.4431476593,20.0559253693,161.1052456,154.57368766,165.378531159,180.065668452,1.0,1.0,1.0,37.0,44.0,44.0,0.211173941268184,0.343002430878035,0.375126712186431,0.0,24.2367171561,20.2582217343,35.5410840816,5.0986145032,29.2202692936,10.1760550936,44.4949388904,11.0230730098,23.4226484882,10.0492173924,44.4949388904,0.140754175573,55.42,-0.47969,"Mild temperate, fully humid, and  Hot summer",Temperate Broadleaf and Mixed Forests,10.8800366045,12.3745815754,13.3649761677,13.6709890366,530.000007629,547.150009155,710.875015259,5.797329903,843892928.0,769710528.0,964271936.0,UMIC,MDR,16.931625324,239.24121854774324,1.0,1
3451.0,BGR,Bulgaria,Europe,Eastern Europe,Stara Zagora,Stara Zagora,GISCO OSM,0.0,1.0,BGR,42.4201027275,25.628799084,21.0,93726.6676025,91757.65625,77560.9121094,62441.0780029,11.7190198898,12.3406476974,12.964425087,13.4604921341,125.033997149,134.491749264,167.15152948,215.571104225,1.0,1.0,1.0,20.0,20.0,21.0,0.273209395612255,0.374865211134791,0.418974256656838,0.7464950392,18.5448624407,2.120916636,21.4122741159,9.344555199,12.0677189169,0.0,21.4122741159,12.20278696,9.2094871559,0.0,21.4122741159,0.236603717497,58.11,-0.22565,"Mild temperate, fully humid, and  Hot summer",Temperate Broadleaf and Mixed Forests,222.050538988,12.1229152679,13.0513288975,13.4172954559,503.825004578,525.975006104,684.625015259,9.325240135,365439968.0,383740576.0,581821696.0,UMIC,MDR,25.168286891,144.3275505215902,1.0,1
3414.0,BGR,Bulgaria,Europe,Eastern Europe,Pleven,Pleven,GISCO OSM,0.0,1.0,BGR,43.4179947685,24.6135364276,20.0,98796.5032959,88956.5966797,73398.0286865,56798.6202393,9.78632068634,10.5000896454,10.9211969376,11.2863149643,99.0553345499,118.036098921,148.794145197,198.707555162,1.0,1.0,1.0,20.0,20.0,20.0,0.296509453457042,0.415464973413122,0.477536273639207,0.20224571,19.9342804282,0.0,20.1365261382,7.3715001105,12.7650260277,0.0,20.1365261382,12.0498117255,8.0867144127,0.0,20.1365261382,0.386198794752,60.25,-0.16095,"Mild temperate, fully humid, and  Hot summer",Temperate Broadleaf and Mixed Forests,118.845399643,11.1639003754,12.0847635269,12.6088945866,518.775001526,539.350013733,674.325027466,7.823329926,356675776.0,275081760.0,265512480.0,UMIC,MDR,20.348996794,131.66735042306712,1.0,1
3391.0,BGR,Bulgaria,Europe,Eastern Europe,Buhovo,Buhovo,GISCO OSM,0.0,1.0,BGR,42.7450323828,23.5231968736,14.0,43921.43396,53467.0837402,52698.1573486,56378.5661621,4.85024595261,5.34554100037,5.5037164688099995,5.61998462677,110.430045545,99.9781664984,104.438499289,99.6830002844,0.0,1.0,1.0,0.0,13.0,14.0,0.236977421411905,0.300786404883919,0.43231825685235,1.6810913669,10.7448542502,1.9945671088,14.420512726,0.8694650716000001,13.5510476544,0.0,14.420512726,8.643830551,5.776682175,0.0,14.420512726,0.272726861229,,0.94424,"Mild temperate, fully humid, and  Warm summer",Temperate Broadleaf and Mixed Forests,587.551436399,8.84395360947,9.7481610775,10.2536053658,589.775001526,600.700004578,748.075027466,7.433939934,322550944.0,472176832.0,1463508352.0,UMIC,MDR,4.4893896324,6.984858786610199,2.0,1
4094.0,CYP,Cyprus,Asia,Western Asia,Nicosia,Nicosia,GISCO OSM,0.0,1.0,CYP,35.1609378006,33.3466469917,92.0,140948.230512,167051.115429,197851.823677,228922.976379,48.1866989136,51.4035453796,57.4534873962,59.2703819275,341.875160395,307.7114765,290.386443392,258.909712187,1.0,1.0,1.0,60.0,79.0,80.0,0.132572583484289,0.300323574738728,0.26722765760956,0.0,0.0,92.3536521699,92.3536521699,0.0,92.3536521699,0.0,92.3536521699,0.0,89.9062691699,2.447383,92.3536521699,0.00288131900271,35.58,0.45195,"Mild temperate with dry summer, and  Hot summer","Mediterranean Forests, Woodlands, and Scrub",166.451971122,19.3115491867,20.4154233932,20.7630848885,381.250007629,370.400001526,420.625,21.80019951,3345686016.0,4217497088.0,4822613504.0,HIC,LDC,28.974814425,0.0,1.0,1
4065.0,CYP,Cyprus,Asia,Western Asia,Limassol,Limassol,GISCO OSM,0.0,1.0,CYP,34.6912164642,33.0386076569,56.0,113100.703359,124621.444221,143334.054146,159459.544617,28.5149841309,32.671787262,35.5839958191,36.3871688843,252.12030769,262.168260576,248.25918747,228.19059826,1.0,1.0,1.0,40.0,44.0,51.0,0.138456095538589,0.261444146462653,0.223323141787478,0.0,3.6770877939,52.5036822588,54.5945478657,0.4215925159,47.1012122265,8.6579653103,56.1807700527,0.0,37.5883642657,18.592405787,56.1807700527,0.00109624864175,35.02,0.43692,"Mild temperate with dry summer, and  Hot summer","Mediterranean Forests, Woodlands, and Scrub",44.2687044796,18.3768191338,19.4310183525,19.7528586388,416.025009155,399.600013733,444.725013733,,2094951936.0,2640848384.0,2998634496.0,HIC,LDC,25.376161081,42.758660975490365,1.0,1
4139.0,CYP,Cyprus,Asia,Western Asia,Larnaca,Larnaca,GISCO OSM,0.0,1.0,CYP,34.9306021792,33.615989117,30.0,36659.8531146,42760.780117,51784.2574577,62858.6386642,15.4504232407,16.58826828,17.4187164307,18.0772151947,421.453495527,387.931843961,336.370883466,287.58521627,0.0,0.0,0.0,0.0,0.0,0.0,0.120982845278686,0.294502404925671,0.240626415988954,0.0,0.1539155765,29.5164674559,27.3382163988,2.1454833593,24.3103810814,3.2145185917,29.6703830324,0.0,23.5561453966,6.1142376358,29.6703830324,0.0009349636522340001,39.73,0.22311,"Steppe (semi-arid), and  Hot arid","Mediterranean Forests, Woodlands, and Scrub",20.6215026201,19.4675540924,20.441868782,20.6867175102,502.400001526,487.074996948,546.775001526,21.80019951,668423552.0,842599488.0,1088206080.0,HIC,LDC,28.543805218,21.521217883294923,1.0,1
2927.0,CZE,Czech Republic,Europe,Eastern Europe,Prague,Prague,GISCO OSM,0.0,1.0,CZE,50.0720521251,14.4535895988,295.0,824881.506134,955570.986001,1016054.04672,1126680.70814,124.489303589,150.519393921,159.627471924,166.264373779,150.917801724,157.517752345,157.105296159,147.570090247,1.0,1.0,1.0,236.0,252.0,279.0,0.33533609449031,0.430191181134323,0.467497707944949,52.7949402321,234.479107697,7.708529625,294.982577554,150.497910196,142.557356358,1.927311,294.982577554,183.576113714,108.836755528,2.5697083125,294.982577554,0.391147827611,62.23,0.60397,"Mild temperate, fully humid, and  Warm summer",Temperate Broadleaf and Mixed Forests,267.835388962,9.38740444183,9.7705681324,10.1444368362,439.175018311,536.000015259,539.200012207,4.701159954,17361803264.0,20890720256.0,36854026240.0,HIC,MDR,26.87992959,0.0,1.0,1
3036.0,CZE,Czech Republic,Europe,Eastern Europe,Brno,Brno,GISCO OSM,0.0,1.0,CZE,49.1957269085,16.6157248617,94.0,300442.690037,314849.970337,311399.879272,316980.161911,43.7697715759,48.4277801514,51.4172363281,53.3293113708,145.684262015,153.812243017,165.116429872,168.241794847,1.0,1.0,1.0,85.0,88.0,93.0,0.386604451205366,0.42013875638105,0.436585434096737,45.0075673453,48.9784494127,0.0,93.9860167581,45.5719469196,48.4140698385,0.0,93.9860167581,49.1958600407,44.7901567174,0.0,93.9860167581,0.28338235055,52.34,14.2983,"Mild temperate, fully humid, and  Warm summer",Temperate Broadleaf and Mixed Forests,240.770690427,8.78212475777,9.26474690437,9.74354767799,517.300010681,579.150024414,552.300003052,7.15955019,3232368896.0,3112277504.0,4665333760.0,HIC,MDR,25.148187627,106.77467040820571,1.0,1
3120.0,CZE,Czech Republic,Europe,Eastern Europe,Ostrava,Ostrava,GISCO OSM,0.0,1.0,CZE,49.815648211,18.2785051097,72.0,258642.599884,236569.087402,213161.231323,186519.591797,46.3697090149,48.3178405762,49.7184143066,51.3274459839,179.281019583,204.24410098,233.243230948,275.185279409,1.0,1.0,1.0,71.0,71.0,72.0,0.267790677590643,0.427571780944465,0.408563805358557,0.0405606941,63.6250219686,8.3677151632,72.033297826,33.1622586061,38.8710392199,0.0,72.033297826,27.3088000142,44.7244978118,0.0,72.033297826,0.234276953799,37.93,-0.2542,"Mild temperate, fully humid, and  Warm summer",Temperate Broadleaf and Mixed Forests,226.322458988,8.13124644756,8.68629741669,9.23071599007,723.775009155,874.800018311,769.500030518,8.251059532,1808002560.0,1616753280.0,2173974784.0,HIC,MDR,31.68460489,165.52199594972706,1.0,1
2886.0,CZE,Czech Republic,Europe,Eastern Europe,Pilsen,Pilsen,GISCO OSM,0.0,1.0,CZE,49.7432333304,13.3777066175,53.0,132585.113586,140509.053947,140504.719749,142248.788155,22.1350803375,25.3909130096,27.0888137817,28.1243553162,166.949966997,180.706597164,192.796468546,197.712442271,1.0,1.0,1.0,43.0,46.0,48.0,0.335763833076494,0.395097037418683,0.438132156766568,17.2980161542,33.0652315154,2.5877581875,52.9510058571,23.0401985118,29.9108073453,0.0,52.9510058571,32.6307654926,20.3202403645,0.0,52.9510058571,0.310197255192,61.57,8.3088,"Mild temperate, fully humid, and  Warm summer",Temperate Broadleaf and Mixed Forests,336.636338717,8.7428663969,9.11454129219,9.37999010086,524.175018311,613.574996948,560.325012207,3.5287499430000002,1359482880.0,1315514368.0,1786689024.0,HIC,MDR,28.692945354,48.38100856582901,1.0,1
2951.0,CZE,Czech Republic,Europe,Eastern Europe,Liberec,Liberec,GISCO OSM,0.0,1.0,CZE,50.761170641,15.0579077026,29.0,80460.5651855,85611.4294739,86236.7650146,86398.0727539,9.14728355408,12.5791950226,13.8102054596,15.4554853439,113.686543625,146.933594029,160.142897954,178.886922489,1.0,1.0,1.0,20.0,27.0,28.0,0.404095196355538,0.511116470521325,0.512661371292931,10.0832621733,19.0578146917,0.0,29.141076865,24.7070046775,4.4340721875,0.0,29.141076865,23.0355422451,6.1055346199,0.0,29.141076865,0.580674639386,79.43,22.5133,"Mild temperate, fully humid, and  Warm summer",Temperate Broadleaf and Mixed Forests,401.136668398,7.99230754375,8.37652695179,8.77505326271,804.200012207,987.425018311,959.150024414,7.532310009,722318720.0,757497728.0,914598528.0,HIC,MDR,21.911435292,52.406795607727204,1.0,1
2939.0,CZE,Czech Republic,Europe,Eastern Europe,České Budějovice,České Budějovice,GISCO OSM,0.0,1.0,CZE,48.980690914,14.4764655285,27.0,93082.3039093,90002.0513,84617.2218323,78709.1281738,12.7858324051,15.7468099594,16.6622905731,17.3708076477,137.360506435,174.960567364,196.913703999,220.696227372,1.0,1.0,1.0,22.0,23.0,25.0,0.208746994751271,0.399088717507399,0.417018416601534,0.7057207,16.4351706971,9.8515972853,26.9924886824,10.6130000941,16.3794885882,0.0,26.9924886824,13.0759722341,13.9165164483,0.0,26.9924886824,0.20493076094499998,48.43,-0.73209,"Mild temperate, fully humid, and  Warm summer",Temperate Broadleaf and Mixed Forests,393.667254457,8.35081028938,8.82875943184,9.20181679726,730.700027466,803.525024414,734.950012207,2.94314003,735094400.0,758942720.0,943908992.0,HIC,MDR,26.900631092,73.77849088976457,1.0,1
2911.0,CZE,Czech Republic,Europe,Eastern Europe,Ústí nad Labem,Ústí nad Labem,GISCO OSM,0.0,1.0,CZE,50.6682046205,14.0379204425,30.0,84625.5606689,82328.9576416,78456.7347412,73110.2922363,9.681526184079999,11.3561849594,11.7106161118,12.2379598618,114.404278182,137.936702768,149.262088849,167.390383589,1.0,1.0,1.0,23.0,28.0,28.0,0.321626809387716,0.399706620795383,0.462092524879977,3.5953602505,26.4910072292,0.0,30.0863674797,13.1549441939,16.9314232858,0.0,30.0863674797,23.8086261588,6.2777413208,0.0,30.0863674797,0.498459600219,79.36,-0.62971,"Mild temperate, fully humid, and  Warm summer",Temperate Broadleaf and Mixed Forests,202.533440184,8.90615487099,9.22678971291,9.55131983757,570.824996948,697.350006104,681.675003052,5.523069859,526440192.0,499586432.0,678315136.0,HIC,MDR,20.727814182,42.637953193442534,1.0,1
3063.0,CZE,Czech Republic,Europe,Eastern Europe,Olomouc,Olomouc,GISCO OSM,0.0,1.0,CZE,49.5917059075,17.2592347683,27.0,81796.116394,80563.052002,76756.0605469,72184.7041016,17.206577301,19.081079483,19.9161376953,20.3390693665,210.359342956,236.846532112,259.473161512,281.764254901,1.0,1.0,1.0,27.0,26.0,27.0,0.334189012059722,0.441249344875173,0.472079101565539,4.9115585522,17.7079579547,4.6550495203,27.2745660272,10.4051457319,16.8694202953,0.0,27.2745660272,14.7237290184,12.5508370088,0.0,27.2745660272,0.405726433522,54.53,-0.58142,"Mild temperate, fully humid, and  Warm summer",Temperate Broadleaf and Mixed Forests,219.64325689,8.16766130924,8.66315889359,9.17682909966,599.174987793,724.325027466,662.575012207,8.175629616,610729600.0,595524736.0,751705152.0,HIC,MDR,36.76449426,120.9281011282947,1.0,1
3132.0,CZE,Czech Republic,Europe,Eastern Europe,Havířov,Havířov; Šenov; Horní Suchá; Těrlicko,GISCO OSM,0.0,1.0,CZE,49.7920879881,18.4403769762,22.0,103675.915771,89824.5151367,78611.5092773,64808.0253906,9.49639987946,10.5704221725,11.1340141296,11.5477991104,91.596971281,117.678588707,141.633384628,178.184708465,1.0,1.0,1.0,22.0,22.0,22.0,0.363492477149672,0.543023797080185,0.57462049058748,1.0902121527,21.0781157953,0.0,22.168327948,21.2410124966,0.9273154515,0.0,22.168327948,22.168327948,0.0,0.0,22.168327948,0.845257870762,100.0,-0.27092,"Mild temperate, fully humid, and  Warm summer",Temperate Broadleaf and Mixed Forests,273.365728119,8.13124644756,8.68629741669,9.23071599007,723.775009155,874.800018311,769.500030518,8.251059532,622073280.0,556270848.0,718072832.0,HIC,MDR,10.478273316,175.21011268860562,1.0,1
2989.0,CZE,Czech Republic,Europe,Eastern Europe,Pardubice,Pardubice,GISCO OSM,0.0,1.0,CZE,50.0346493938,15.7669378371,25.0,64787.0335083,64582.338623,62574.3807983,60477.5441284,13.2687416077,14.48595047,15.3048973083,15.6900625229,204.805512603,224.302042614,244.587275385,259.436171707,1.0,1.0,1.0,25.0,25.0,25.0,0.297215559364609,0.443105411327941,0.473654775512433,1.1424759542,22.6357993341,1.286222875,25.0644981632,13.5725480142,11.491950149000001,0.0,25.0644981632,16.4568792324,8.6076189309,0.0,25.0644981632,0.42575475990399997,65.83,-1.2159,"Mild temperate, fully humid, and  Warm summer",Temperate Broadleaf and Mixed Forests,224.033256233,9.14037251472,9.55303382874,10.0269081593,534.225021362,653.575012207,636.600006104,5.2731299400000005,506422784.0,500504160.0,669709184.0,HIC,MDR,26.001519241,48.077950017645186,1.0,1
2992.0,CZE,Czech Republic,Europe,Eastern Europe,Hradec Králové,Hradec Králové,GISCO OSM,0.0,1.0,CZE,50.2096502793,15.8379439898,22.0,69822.8277588,66477.1648865,61136.9476929,56264.6471252,13.3216972351,14.6097888947,15.0679283142,15.3289833069,190.792863347,219.77153989,246.461900419,272.444316104,1.0,1.0,1.0,22.0,22.0,22.0,0.304756110210979,0.431744492893011,0.462213676823978,0.9321002860000001,20.6546467309,0.6407288125,22.2274758294,9.953268486,12.2742073434,0.0,22.2274758294,13.1768740757,9.0506017537,0.0,22.2274758294,0.366890425422,59.89,-0.2881,"Mild temperate, fully humid, and  Warm summer",Temperate Broadleaf and Mixed Forests,234.42984131,9.14037251472,9.55303382874,10.0269081593,534.225021362,653.575012207,636.600006104,5.2731299400000005,467312768.0,488208160.0,641485440.0,HIC,MDR,33.65923201,54.25833802886668,1.0,1
2921.0,CZE,Czech Republic,Europe,Eastern Europe,Kladno,Kladno; Libušín,GISCO OSM,0.0,1.0,CZE,50.1471065206,14.1080060106,19.0,64983.9273071,62449.7891846,59002.2220459,54807.8985596,10.289639473,11.4611530304,11.8641395569,12.316991806,158.341299139,183.525888238,201.079538117,224.730232863,1.0,1.0,1.0,17.0,19.0,18.0,0.344371593117934,0.436593899329163,0.466426851598239,4.6994692971,13.5767927676,0.6414443125,18.9177063772,8.9238245904,9.9938817868,0.0,18.9177063772,11.8267899424,7.0909164348000004,0.0,18.9177063772,0.39305371408399997,62.25,-0.55173,"Mild temperate, fully humid, and  Warm summer",Temperate Broadleaf and Mixed Forests,380.305481324,9.38740444183,9.7705681324,10.1444368362,439.175018311,536.000015259,539.200012207,3.992539883,376070048.0,465830528.0,595927872.0,HIC,MDR,16.36767942,9.371770475121606,1.0,1
2276.0,DEU,Germany,Europe,Western Europe,Dortmund,Dortmund; Essen; Duisburg; Bochum; Gelsenkirchen; Krefeld; Oberhausen; Mülheim an der Ruhr; Herne; Bottrop; Recklinghausen; Moers,GISCO OSM,0.0,1.0,DEU,51.4888243357,7.06815874092,1315.0,3803444.89625,3650808.81769,3669263.66031,3443652.88488,674.868041992,731.460083008,771.800476074,802.928833008,177.43599826,200.35562516,210.342059749,233.161953265,2.0,1.0,1.0,1241.0,1273.0,1299.0,0.421989744808597,0.476928619918974,0.524211978614122,661.549652432,642.591833332,13.7342303125,1317.87571608,926.973111951,389.030632313,1.8719718125,1317.87571608,1054.17490999,260.580245273,3.1205608125,1317.87571608,0.652691928349,80.17,-1.5959,"Mild temperate, fully humid, and  Warm summer",Temperate Broadleaf and Mixed Forests,68.362832859,10.7101912498,11.1078689098,11.0823876858,765.600021362,941.0,786.750015259,7.29005003,59672186880.0,67102461952.0,75224907776.0,HIC,MDR,12.981442579,290.318023430062,1.0,1
2851.0,DEU,Germany,Europe,Western Europe,Berlin,Berlin,GISCO OSM,0.0,1.0,DEU,52.5069517667,13.4097939618,686.0,3059394.68023,3143129.19946,3293353.66093,3271872.3121,377.43359375,414.999603271,426.374359131,433.529418945,123.368716102,132.033899002,129.465099418,132.501936992,1.0,1.0,1.0,633.0,667.0,684.0,0.348600304749338,0.450092313289448,0.4875852916758,112.998532859,550.118735014,23.8278601245,686.945127998,389.093975841,296.193719009,1.6574331478,686.945127998,488.671562207,196.006593143,2.2669726478,686.945127998,0.5606114080969999,71.23,1.0881,"Mild temperate, fully humid, and  Warm summer",Temperate Broadleaf and Mixed Forests,45.8565401687,10.0691652298,10.2461619377,10.423784256,531.900009155,602.074996948,567.624984741,6.358850002,45123174400.0,54887673856.0,63995867136.0,HIC,MDR,18.444122378,0.0,1.0,1
2531.0,DEU,Germany,Europe,Western Europe,Hamburg,Hamburg,GISCO OSM,0.0,1.0,DEU,53.5741042691,9.99362226158,519.0,1422320.29897,1482004.42658,1569185.05328,1596992.45101,254.60017395,280.145233154,293.78024292,301.453369141,179.003403196,189.031306607,187.218354078,188.763177278,1.0,1.0,1.0,449.0,487.0,495.0,0.407623533853255,0.466169319461704,0.499706596979409,240.343033047,241.898266951,37.5157035819,519.75700358,353.774677023,139.6327969,26.3495296571,519.75700358,388.586945163,106.160668023,25.0093903944,519.75700358,0.63473351008,74.87,0.981,"Mild temperate, fully humid, and  Warm summer",Temperate Broadleaf and Mixed Forests,18.5355703462,9.75146770477,9.98704624176,10.0247459412,799.800003052,819.075027466,757.875015259,5.411230087,37073809408.0,44378816512.0,52523663360.0,HIC,MDR,17.925171812,166.07583366287398,1.0,1
2784.0,DEU,Germany,Europe,Western Europe,Munich,Munich,GISCO OSM,0.0,1.0,DEU,48.1380020159,11.5634350906,349.0,883145.629391,1097815.29688,1307096.92727,1573652.44337,182.835662842,196.456665039,201.028778076,207.609085083,207.027761625,178.952384429,153.797911909,131.928168737,1.0,1.0,1.0,268.0,321.0,335.0,0.402308939086507,0.484561706146078,0.497866717786269,140.770695652,204.343142595,4.6742173125,349.78805556,258.540918774,91.2471367855,0.0,349.78805556,251.552798483,98.235257077,0.0,349.78805556,0.503092842345,72.08,0.15334,"Mild temperate, fully humid, and  Warm summer",Temperate Broadleaf and Mixed Forests,528.933968204,9.05030035973,9.43845486641,9.75871729851,807.925003052,871.950027466,751.75,4.987289906,24617185280.0,30391001088.0,43754094592.0,HIC,MDR,15.476147463,334.6807194660807,1.0,1
2310.0,DEU,Germany,Europe,Western Europe,Cologne,Cologne; Leverkusen; Bergisch Gladbach,GISCO OSM,0.0,1.0,DEU,50.9329606841,6.97971730997,578.0,1178115.56176,1282498.7819,1409445.45275,1508676.6566,235.758621216,275.512084961,300.903594971,313.160797119,200.115021708,214.824441823,213.490769993,207.573170665,3.0,2.0,2.0,393.0,541.0,553.0,0.434716713462527,0.479365652783711,0.516624188095717,351.50659928,220.604675906,6.94065525,579.051930437,418.162329405,159.629626844,1.2599741875000001,579.051930437,460.220566933,116.939290503,1.892073,579.051930437,0.60246782014,79.62,0.78859,"Mild temperate, fully humid, and  Warm summer",Temperate Broadleaf and Mixed Forests,60.1033299816,10.2774112225,10.7103288174,10.6957437992,810.100036621,1000.85003662,834.775024414,8.034799576,23335682048.0,26241406976.0,33888174080.0,HIC,MDR,13.825997809,337.5765055519481,1.0,1
2514.0,DEU,Germany,Europe,Western Europe,Stuttgart,Stuttgart,GISCO OSM,0.0,1.0,DEU,48.8067060418,9.20266757427,330.0,851436.277963,898742.842782,961765.665226,986038.156701,150.428512573,162.853530884,166.944473267,172.142562866,176.676184075,181.201477366,173.581236368,174.580021773,1.0,1.0,1.0,241.0,285.0,308.0,0.410443024555348,0.478179058290743,0.487611718644445,177.714696832,149.236279298,2.6380694375,329.589045567,261.646718377,67.9423271902,0.0,329.589045567,250.499449775,78.4301076049,0.6594881875,329.589045567,0.514079660057,75.91,0.59841,"Mild temperate, fully humid, and  Warm summer",Temperate Broadleaf and Mixed Forests,313.354543121,10.0351259708,10.3048374653,10.6649713516,631.800010681,782.825012207,643.400009155,14.7840004,17523384320.0,19802634240.0,24189231104.0,HIC,MDR,14.919751323,356.85565016870424,1.0,1
2445.0,DEU,Germany,Europe,Western Europe,Frankfurt am Main,Frankfurt am Main; Offenbach am Main,GISCO OSM,0.0,1.0,DEU,50.1206305984,8.68166423672,304.0,748977.604604,817212.944272,895815.749675,958696.387731,150.340011597,156.187820435,161.465393066,166.484375,200.726978581,191.122548326,180.243976649,173.657037964,2.0,1.0,1.0,241.0,269.0,284.0,0.372560668770267,0.435232053117754,0.443953609073796,126.887548051,170.170180976,7.0031707015,304.060899729,194.005655686,109.413203981,0.6420400625,304.060899729,198.882558817,101.968378849,3.2099620625,304.060899729,0.375789753264,65.42,0.39983,"Mild temperate, fully humid, and  Warm summer",Temperate Broadleaf and Mixed Forests,116.630070966,10.1190083027,10.5191073418,10.5888130665,607.875015259,783.525009155,637.600006104,13.80560017,16040203264.0,19126370304.0,24864858112.0,HIC,MDR,16.213577879,320.40457731955587,1.0,1
2288.0,DEU,Germany,Europe,Western Europe,Dusseldorf,Dusseldorf; Neuss,GISCO OSM,0.0,1.0,DEU,51.2207360235,6.77436915471,221.0,623377.460548,658964.340279,711329.315475,744019.83963,101.464508057,123.978378296,131.45715332,136.396636963,162.765763086,188.141255479,184.804914489,183.323924575,1.0,1.0,1.0,164.0,184.0,202.0,0.397533152858551,0.451936639201393,0.469924259600934,92.2677557821,123.888140727,5.6446698125,221.800566322,134.132755245,87.6678110762,0.0,221.800566322,141.431823423,79.7414765858,0.6272663125,221.800566322,0.45412059719799996,64.0,0.78634,"Mild temperate, fully humid, and  Warm summer",Temperate Broadleaf and Mixed Forests,42.0621713893,11.0508480072,11.4466991425,11.4126393795,760.850021362,936.375015259,783.650024414,8.034799576,11487111168.0,12917471232.0,16208329728.0,HIC,MDR,18.781310723,336.4910089690341,1.0,1
2317.0,DEU,Germany,Europe,Western Europe,Wuppertal,Wuppertal; Solingen,GISCO OSM,0.0,1.0,DEU,51.2209550423,7.09683649253,243.0,682369.479022,652340.5536,651741.567818,604860.603431,83.4063339233,102.521316528,110.502937317,114.589675903,122.230457967,157.159195397,169.550237047,189.44807324800001,1.0,1.0,1.0,216.0,241.0,243.0,0.459132356023741,0.50554075622558,0.540905666811828,183.708758459,59.9514415863,0.0,243.660200045,205.502960196,38.157239849,0.0,243.660200045,215.469965907,28.1902341375,0.0,243.660200045,0.688607292387,88.67,-1.4727,"Mild temperate, fully humid, and  Warm summer",Temperate Broadleaf and Mixed Forests,192.862611299,10.7101912498,11.1078689098,11.0823876858,765.600021362,941.0,786.750015259,8.034799576,10252914688.0,11529590784.0,12863182848.0,HIC,MDR,7.1927650936,316.4252883715565,1.0,1
2523.0,DEU,Germany,Europe,Western Europe,Hanover,Hanover,GISCO OSM,0.0,1.0,DEU,52.3853824761,9.74923112572,215.0,559275.693638,575593.93042,603943.475197,599163.838432,116.134567261,130.273712158,136.804367065,140.222396851,207.651733451,226.329197153,226.518494998,234.030139765,1.0,1.0,1.0,193.0,197.0,207.0,0.424745032344155,0.464817359638919,0.490717823847378,101.856275303,113.194176789,1.223023625,216.273475717,141.518032459,74.7554432576,0.0,216.273475717,161.369720169,54.292243735,0.6115118125,216.273475717,0.580022182763,75.06,1.8337,"Mild temperate, fully humid, and  Warm summer",Temperate Broadleaf and Mixed Forests,59.1716812006,9.63157844543,9.88576292992,9.929906129839999,630.975021362,725.600021362,637.700027466,8.871080399,8350978560.0,9734122496.0,11456259072.0,HIC,MDR,15.080669383,161.94865470813573,1.0,1
2730.0,DEU,Germany,Europe,Western Europe,Nuremberg,Nuremberg; Fürth,GISCO OSM,0.0,1.0,DEU,49.4515647135,11.0467104828,191.0,506744.337837,535637.502106,574226.226105,591934.859314,107.407897949,113.5286026,116.175216675,118.553009033,211.956779641,211.950436916,202.316110608,200.280499058,1.0,1.0,1.0,178.0,184.0,189.0,0.357615009805922,0.448102100416602,0.440224612414937,31.0226097951,154.641944523,5.207419,190.871973318,114.50750075,75.7136630674,0.6508094999999999,190.871973318,105.959689387,84.2614744311,0.6508094999999999,190.871973318,0.367217898692,55.48,0.43332,"Mild temperate, fully humid, and  Warm summer",Temperate Broadleaf and Mixed Forests,314.963506685,9.19460058212,9.48201751709,9.8011136055,656.400009155,749.875015259,617.550018311,15.43719959,10489753600.0,12950061056.0,15999181824.0,HIC,MDR,15.123092615,247.56617250853054,1.0,1
2887.0,DEU,Germany,Europe,Western Europe,Dresden,Dresden,GISCO OSM,0.0,1.0,DEU,51.055635642,13.737429670000001,178.0,445330.897488,475204.193161,500916.184227,513723.14798,74.2178344727,90.8730239868,96.0054016113,97.8073272705,166.657725506,191.229423676,191.659612195,190.389176846,1.0,1.0,1.0,136.0,148.0,166.0,0.392984163485413,0.443582731949533,0.496362128503321,63.2795927074,115.025717287,0.0,178.305309994,97.6298930836,80.6754169108,0.0,178.305309994,123.493291464,54.8120185301,0.0,178.305309994,0.483714666698,69.38,0.9435,"Mild temperate, fully humid, and  Warm summer",Temperate Broadleaf and Mixed Forests,146.037077412,10.0428447723,10.3113217354,10.5811383724,479.400009155,553.825004578,544.900001526,5.014629841,6433023488.0,7552869888.0,9313676288.0,HIC,MDR,12.009530287,97.50330898459457,1.0,1
2442.0,DEU,Germany,Europe,Western Europe,Mannheim,Mannheim; Ludwigshafen am Rhein,GISCO OSM,0.0,1.0,DEU,49.4904778469,8.46706437312,194.0,496794.809547,486743.905543,492769.857474,466696.137164,110.980133057,115.215751648,120.24471283,124.881118774,223.392295821,236.707127374,244.017995431,267.585499065,1.0,1.0,1.0,165.0,169.0,192.0,0.355389114483008,0.412772362439989,0.431572381151521,43.1029737522,144.873786341,5.8511521250000005,193.827912218,92.8006962674,97.1271950757,3.900020875,193.827912218,109.510045727,78.4668328037,5.8510336875,193.827912218,0.33400846201,56.45,-1.9153,"Mild temperate, fully humid, and  Warm summer",Temperate Broadleaf and Mixed Forests,97.3795067923,11.081353426,11.5053563118,11.7414085865,647.275016785,813.375015259,664.5,14.84140015,8418741760.0,9510308864.0,10473266176.0,HIC,MDR,23.080433115,368.73656946850366,1.0,1
2806.0,DEU,Germany,Europe,Western Europe,Leipzig,Leipzig,GISCO OSM,0.0,1.0,DEU,51.3401995583,12.3671519817,163.0,424817.851473,438306.779575,458076.599213,455581.349785,61.6310501099,69.6448059082,76.4758148193,77.8010787964,145.076413094,158.895114458,166.949839723,170.773186464,1.0,1.0,1.0,131.0,147.0,156.0,0.32515495986074,0.429186861276967,0.473767806913288,40.4690175551,116.482827751,6.256178375,163.208023682,90.9747993723,72.2332243093,0.0,163.208023682,116.23179974,46.9762239419,0.0,163.208023682,0.426235654492,71.31,2.865,"Mild temperate, fully humid, and  Warm summer",Temperate Broadleaf and Mixed Forests,121.636956287,10.1357271671,10.3549921513,10.5944771767,431.250015259,523.875007629,478.525001526,3.904050112,5606950400.0,6583000576.0,7688772608.0,HIC,MDR,15.558896382,96.97988762969818,1.0,1
2423.0,DEU,Germany,Europe,Western Europe,Wiesbaden,Wiesbaden; Mainz,GISCO OSM,0.0,1.0,DEU,50.0181737449,8.24489394765,128.0,309171.238495,340059.650947,374712.499385,405234.517658,67.052116394,70.2099380493,73.7822265625,75.6202697754,216.876953757,206.463595001,196.903563889,186.608658641,1.0,1.0,1.0,96.0,107.0,113.0,0.392158975996981,0.458541078629814,0.455744083274258,49.5808017512,75.5015043436,3.2162708125,128.298576907,78.0065926873,50.2919842201,0.0,128.298576907,79.0746415147,48.5808239551,0.6431114375,128.298576907,0.398085381601,61.78,0.42336,"Mild temperate, fully humid, and  Warm summer",Temperate Broadleaf and Mixed Forests,133.207751117,9.74699926376,10.155659914,10.2315356731,652.250007629,815.375015259,674.000015259,12.99860001,6297913856.0,7324738560.0,9503233024.0,HIC,MDR,16.667638843,342.1964484568065,1.0,1
2329.0,DEU,Germany,Europe,Western Europe,Bonn,Bonn,GISCO OSM,0.0,1.0,DEU,50.7359602386,7.13073119894,136.0,353989.946486,365841.711725,386803.664165,391960.773647,69.4433135986,73.9199142456,76.7405014038,78.035774231,196.173123808,202.054363613,198.396521319,199.090775092,1.0,1.0,1.0,128.0,132.0,136.0,0.451294059249057,0.49603047670827,0.537905152674886,70.454578149,65.1924586559,0.0,135.647036805,88.803189277,46.8438475279,0.0,135.647036805,113.705901267,21.9411355375,0.0,135.647036805,0.705990149027,83.61,0.78574,"Mild temperate, fully humid, and  Warm summer",Temperate Broadleaf and Mixed Forests,76.1445176032,10.5164926052,10.9432516098,10.945155859,734.600021362,908.375030518,757.100021362,9.939499855,6050825728.0,6798578176.0,8217842688.0,HIC,MDR,10.641309789,361.28360653667187,1.0,1
2439.0,DEU,Germany,Europe,Western Europe,Bremen,Bremen,GISCO OSM,0.0,1.0,DEU,53.0792149202,8.83278944885,151.0,342282.091076,358390.269562,381290.364548,390005.648148,64.1060028076,71.8491439819,77.2671661377,79.7043075562,187.289970697,200.477384807,202.646521711,204.367059643,1.0,1.0,1.0,124.0,140.0,147.0,0.345748181062026,0.416537671532229,0.441295437888388,25.6354754654,116.992862821,8.3933816074,151.021719894,82.6003228819,63.0365649674,5.3848320449,151.021719894,96.9149728917,51.1284810826,2.9782659199,151.021719894,0.44885048237499997,64.18,1.2273,"Mild temperate, fully humid, and  Warm summer",Temperate Broadleaf and Mixed Forests,5.84521607836,9.88880681992,10.1595983505,10.1602919102,744.375015259,805.125015259,730.600021362,8.632860184,7387670016.0,8812319744.0,11230527488.0,HIC,MDR,16.436759948,225.9909664675131,1.0,1
2734.0,DEU,Germany,Europe,Western Europe,Augsburg,Augsburg,GISCO OSM,0.0,1.0,DEU,48.3638739299,10.8913587101,101.0,242343.918373,263770.790558,290774.781937,312093.999573,52.9644432068,59.6938781738,61.6704139709,64.5727767944,218.550742112,226.309660928,212.089967226,206.901692704,1.0,1.0,1.0,67.0,90.0,92.0,0.403971035698743,0.473042725182628,0.474114124989555,42.0063243162,59.2029067971,0.0,101.209231113,65.8825224667,35.3267086466,0.0,101.209231113,63.9288381392,37.280392974,0.0,101.209231113,0.418489706559,63.3,0.46702,"Mild temperate, fully humid, and  Warm summer",Temperate Broadleaf and Mixed Forests,485.774497949,9.32672858238,9.61459112167,9.94023013115,810.574996948,915.900024414,754.200012207,11.6548996,5299705344.0,6542722048.0,8482954752.0,HIC,MDR,14.844649231,342.2299247676511,1.0,1
2441.0,DEU,Germany,Europe,Western Europe,Karlsruhe,Karlsruhe,GISCO OSM,0.0,1.0,DEU,49.0150633778,8.39095031093,120.0,214551.778923,239712.211922,264858.817116,286982.370415,53.2237586975,55.2972145081,58.8032989502,60.4256629944,248.069528785,230.681674766,222.017524621,210.555313579,1.0,1.0,1.0,85.0,100.0,101.0,0.378963287528276,0.456469567056978,0.468813696030213,49.2726859083,70.3584011662,0.4090233301,120.040110405,81.7196865554,38.3204238493,0.0,120.040110405,84.6640087463,35.3761016583,0.0,120.040110405,0.405830945405,70.55,0.49278,"Mild temperate, fully humid, and  Warm summer",Temperate Broadleaf and Mixed Forests,118.302269413,11.081353426,11.5053563118,11.7414085865,647.275016785,813.375015259,664.5,15.76329994,4777872896.0,5387181568.0,6897439232.0,HIC,MDR,13.321546528,391.4252480844316,1.0,1
2353.0,DEU,Germany,Europe,Western Europe,Hagen,Hagen,GISCO OSM,0.0,1.0,DEU,51.3728529757,7.54038742783,108.0,320963.046413,286080.055084,275783.396389,247991.974628,40.3250999451,47.6378135681,52.4436302185,54.632522583,125.637827768,166.519170846,190.162391591,220.299558745,2.0,2.0,1.0,104.0,105.0,108.0,0.438021848492744,0.492240280146632,0.526099347690587,69.6096244642,37.6261515586,0.62520525,107.860981273,88.9071873485,18.9537939243,0.0,107.860981273,94.0545306392,13.8064506336,0.0,107.860981273,0.641710116379,87.09,-0.9589,"Mild temperate, fully humid, and  Warm summer",Temperate Broadleaf and Mixed Forests,173.028973557,9.44140148163,9.8412425518,9.82380366325,763.875,939.075027466,794.550003052,7.948910236,3841004288.0,4319279104.0,4699618816.0,HIC,MDR,8.2635848892,303.01780443758474,1.0,1
2245.0,DEU,Germany,Europe,Western Europe,Aachen,Aachen,GISCO OSM,1.0,2.0,DEU; NLD,50.7851980067,6.10484351096,79.0,231248.058052,226572.492012,232771.452644,226264.361313,33.0988502502,36.2024726868,39.62342453,41.1386947632,143.131365206,159.783177407,170.224587594,181.816944235,1.0,1.0,1.0,54.0,61.0,78.0,0.376925083632153,0.462435996109946,0.494812521670714,29.25743319,49.9058582853,0.0,79.1632914752,56.4704306331,22.692860842199998,0.0,79.1632914752,60.1099087635,19.0533827118,0.0,79.1632914752,0.552593140053,76.09,-93.9251,"Mild temperate, fully humid, and  Warm summer",Temperate Broadleaf and Mixed Forests,195.373878543,9.87488293648,10.3100891113,10.2721135616,901.850021362,1111.72503662,933.374984741,8.221170425,3696737536.0,4157074688.0,4830231040.0,HIC,MDR,14.410482366,387.1848994757041,1.0,1
2524.0,DEU,Germany,Europe,Western Europe,Kassel,Kassel,GISCO OSM,0.0,1.0,DEU,51.3110183946,9.49314592281,85.0,207179.297728,213180.81366,223915.125793,222868.621933,39.2660217285,43.1928863525,45.1677017212,47.4493522644,189.526763336,202.611509033,201.717957021,212.90279382,1.0,1.0,1.0,69.0,78.0,82.0,0.408990084587315,0.469910802944212,0.484330464900982,25.9512927745,59.1031361495,0.0,85.054428924,54.6188898277,30.4355390963,0.0,85.054428924,65.1483011152,19.9061278088,0.0,85.054428924,0.5495627335859999,76.65,2.1148,"Mild temperate, fully humid, and  Warm summer",Temperate Broadleaf and Mixed Forests,177.025491098,8.79402637482,9.11912512779,9.15084576607,701.800003052,867.625015259,726.25,9.051959991,4084030208.0,4869805568.0,5880970240.0,HIC,MDR,12.093460535,221.40021650269404,1.0,1
2432.0,DEU,Germany,Europe,Western Europe,Bielefeld,Bielefeld,GISCO OSM,0.0,1.0,DEU,52.020488348,8.55313044091,91.0,190066.148911,197758.714622,210044.1549,214193.43438,42.280582428,47.1732368469,49.5630912781,51.5811653137,222.451934078,238.539358111,235.965106012,240.815809612,1.0,1.0,1.0,63.0,68.0,70.0,0.444847338123029,0.488798258175877,0.519133019242251,59.747774615,31.3205252877,0.0,91.0682999027,71.8636653451,19.2046345576,0.0,91.0682999027,74.1658812824,16.9024186203,0.0,91.0682999027,0.609415102653,81.5,1.119,"Mild temperate, fully humid, and  Warm summer",Temperate Broadleaf and Mixed Forests,122.592567393,9.76433587074,10.0743136406,10.0456485748,687.850006104,803.075012207,698.875015259,8.513250351,3535700992.0,3975959040.0,4860723712.0,HIC,MDR,7.7064584952,230.45828567758338,1.0,1
2554.0,DEU,Germany,Europe,Western Europe,Kiel,Kiel,GISCO OSM,0.0,1.0,DEU,54.3410031784,10.1267530115,80.0,173881.506393,186901.665985,202003.300964,209785.578278,31.9715709686,34.5979156494,35.0827484131,35.9571685791,183.869875709,185.112933408,173.674134262,171.399620862,1.0,1.0,1.0,51.0,69.0,80.0,0.425591426864965,0.477122308609122,0.506543155056842,46.510761123500004,27.5957105564,5.9889433919,80.0954150718,57.6640402108,18.2599672176,4.1714076434,80.0954150718,61.6991453233,13.5752924816,4.8209772669,80.0954150718,0.665869421277,77.12,0.33363,"Mild temperate, fully humid, and  Warm summer",Temperate Broadleaf and Mixed Forests,19.1049870707,9.65912222862,9.80675435066,9.86255455017,753.125,772.150009155,716.625030518,5.358270168,2667256832.0,3048481792.0,3671443968.0,HIC,MDR,10.923645137,218.19916055484228,1.0,1
2359.0,DEU,Germany,Europe,Western Europe,Münster,Münster,GISCO OSM,0.0,1.0,DEU,51.9497928599,7.62768909935,78.0,138074.543888,158229.539833,181092.886566,207455.321335,34.7601127625,38.7682151794,41.7774658203,43.4672317505,251.748887113,245.012500323,230.696338285,209.525749789,1.0,1.0,1.0,42.0,56.0,62.0,0.436416395800014,0.479576980976557,0.509197865722893,45.0988376196,33.04562551,0.0,78.1444631297,57.61789946,20.5265636696,0.0,78.1444631297,66.4162223797,11.72824075,0.0,78.1444631297,0.607278544553,85.15,0.42237,"Mild temperate, fully humid, and  Warm summer",Temperate Broadleaf and Mixed Forests,62.0041202122,10.3025205135,10.6757917404,10.6604819298,694.600006104,851.500015259,718.875015259,7.866030216,2710249472.0,3047724032.0,4189148672.0,HIC,MDR,9.7567205261,283.77827111631643,1.0,1
2467.0,DEU,Germany,Europe,Western Europe,Heidelberg,Heidelberg,GISCO OSM,0.0,1.0,DEU,49.3865068186,8.66547080963,66.0,157774.988945,170219.655941,185150.853798,196429.315407,26.0295734406,28.5670833588,30.7217559814,32.5109024048,164.979085815,167.82482141,165.928243652,165.509421735,1.0,1.0,1.0,44.0,45.0,54.0,0.379916117554367,0.443624382242931,0.443831787081785,9.3944265797,56.123916961,0.65139875,66.1697422907,38.4951525537,27.674589737,0.0,66.1697422907,43.0422311831,23.1275111076,0.0,66.1697422907,0.26895066207699997,65.22,0.90299,"Mild temperate, fully humid, and  Warm summer",Temperate Broadleaf and Mixed Forests,119.165905598,10.6707482338,11.0868747234,11.354439497,643.000015259,800.925018311,653.825027466,14.84140015,3246631680.0,3668916224.0,4667262976.0,HIC,MDR,11.078273035,373.035928840874,1.0,1
2748.0,DEU,Germany,Europe,Western Europe,Magdeburg,Magdeburg,GISCO OSM,0.0,1.0,DEU,52.1354407008,11.6361332686,78.0,169841.25753,178961.845421,188907.045471,193705.551208,35.9441871643,43.6582221985,45.2932090759,46.6200561523,211.634014532,243.952682181,239.764530555,240.674858627,1.0,1.0,1.0,67.0,70.0,72.0,0.323905488566595,0.430649758412305,0.474004106743334,7.4629689171999996,70.1715147637,0.6142171875,78.2487008684,33.4036685064,44.845032362,0.0,78.2487008684,46.6313959784,31.61730489,0.0,78.2487008684,0.424134096764,59.78,0.82913,"Mild temperate, fully humid, and  Warm summer",Temperate Broadleaf and Mixed Forests,53.4602904518,10.1694436073,10.355853796,10.4847810268,487.624992371,565.400016785,511.550018311,4.436200142,2193981696.0,2663703296.0,3344669952.0,HIC,MDR,16.246529408,77.0161151101188,1.0,1
2272.0,DEU,Germany,Europe,Western Europe,Mönchengladbach,Mönchengladbach,GISCO OSM,0.0,1.0,DEU,51.1776724182,6.44122756792,72.0,203710.006187,197036.988403,199612.406525,192285.335922,26.8613319397,33.9552383423,38.3685379028,40.0250244141,131.860640733,172.329259686,192.215196294,208.15432556,1.0,1.0,1.0,55.0,59.0,71.0,0.40997689495454,0.432838624285267,0.470990609198939,33.8439023297,38.4654600941,0.0,72.3093624238,40.1226431586,32.1867192652,0.0,72.3093624238,50.1865021412,22.1228602826,0.0,72.3093624238,0.43022481076499997,69.7,-6.7372,"Mild temperate, fully humid, and  Warm summer",Temperate Broadleaf and Mixed Forests,64.1191082627,10.8696725369,11.276219368,11.2255277634,688.450012207,851.450027466,719.600006104,8.235650063,2880037632.0,3238653184.0,3724113152.0,HIC,MDR,10.519342548000001,355.1978432053179,1.0,1
2782.0,DEU,Germany,Europe,Western Europe,Halle (Saale),Halle (Saale),GISCO OSM,0.0,1.0,DEU,51.4746671806,11.9665871689,64.0,191941.090202,189355.378052,193368.149826,185075.70343,33.9230766296,36.4087181091,37.4930267334,38.0283279419,176.73691753,192.277179997,193.894531065,205.474447683,1.0,1.0,1.0,62.0,64.0,64.0,0.350169503057529,0.441251577331994,0.488300606129117,16.278905252,46.4911352841,1.2473736875,64.0174142235,30.1801582902,33.8372559333,0.0,64.0174142235,40.2685394804,23.7488747431,0.0,64.0174142235,0.496121862504,62.92,-1.9038,"Mild temperate, fully humid, and  Warm summer",Temperate Broadleaf and Mixed Forests,98.1301363826,9.81757688522,10.0505743027,10.2466230392,438.750007629,543.950004578,483.975006104,3.680310011,2264556032.0,2749387008.0,3154261760.0,HIC,MDR,13.183953408,90.25238219020997,1.0,1
2641.0,DEU,Germany,Europe,Western Europe,Brunswick,Brunswick,GISCO OSM,0.0,1.0,DEU,52.2697652535,10.5249759578,76.0,173666.9039,173539.989166,182810.460052,180612.173187,37.7005691528,43.9429359436,45.3291282654,46.999786377,217.085514316,253.215043718,247.95697277,260.224909249,1.0,1.0,1.0,63.0,70.0,70.0,0.432112015059305,0.468375854386781,0.508714406431688,37.486054911,38.7133397858,0.0,76.1993946968,50.1538005762,26.0455941206,0.0,76.1993946968,57.1716012694,19.0277934275,0.0,76.1993946968,0.586776234568,75.23,1.6836,"Mild temperate, fully humid, and  Warm summer",Temperate Broadleaf and Mixed Forests,77.5373784155,9.67936396599,9.87797760963,9.97750926018,570.450019836,648.825012207,572.349990845,6.251399994,2424541184.0,2826111232.0,3290742272.0,HIC,MDR,11.779761341,129.90439382185755,1.0,1
2408.0,DEU,Germany,Europe,Western Europe,Freiburg im Breisgau,Freiburg im Breisgau,GISCO OSM,0.0,1.0,DEU,48.002393168,7.8364860668,49.0,153808.972937,161479.427483,175150.026801,179911.574974,25.3827209473,26.5389156342,28.3899078369,29.5391483307,165.027569346,164.348586367,162.089086456,164.18703652,1.0,1.0,1.0,43.0,44.0,47.0,0.427193309955072,0.502180386920739,0.502737978184002,26.7724532076,22.1888947647,0.0,48.9613479723,40.2570213461,8.7043266262,0.0,48.9613479723,39.5672402466,9.3941077257,0.0,48.9613479723,0.543919179542,80.75,0.9909,"Mild temperate, fully humid, and  Warm summer",Temperate Broadleaf and Mixed Forests,267.806357045,10.888888359100001,11.2398889065,11.5421919823,764.075012207,949.875015259,781.200027466,12.81509972,3194998272.0,3610567936.0,4534885888.0,HIC,MDR,15.77411512,472.48215599922577,1.0,1
2753.0,DEU,Germany,Europe,Western Europe,Rostock,Rostock,GISCO OSM,0.0,1.0,DEU,54.1238206672,12.1069451889,80.0,173476.886246,173595.173508,175210.522568,168453.093655,24.084072113,32.1171302795,33.5837631226,35.1878204346,138.831590964,185.01165459,191.676633517,208.887944241,1.0,1.0,1.0,39.0,76.0,80.0,0.373889211471178,0.429855101353862,0.473737836525379,30.2951621944,39.2809109407,10.2309093571,79.8069824922,42.716113923500004,30.6925649309,6.3983036377,79.8069824922,52.3904088186,21.0985080762,6.3180655973,79.8069824922,0.552550931126,65.49,-3.0367,"Mild temperate, fully humid, and  Warm summer",Temperate Broadleaf and Mixed Forests,7.93825630378,9.80086803436,9.89753055573,10.0013902187,574.625015259,635.250015259,575.375,6.496459961,2022379264.0,2432467968.0,2739132416.0,HIC,MDR,19.509745035,128.48612757279395,1.0,1
2852.0,DEU,Germany,Europe,Western Europe,Chemnitz,Chemnitz,GISCO OSM,0.0,1.0,DEU,50.8257228724,12.9087204564,66.0,191317.950546,183631.990707,180295.119476,168020.518143,29.1323242188,35.5804405212,37.1615333557,38.0357322693,152.271776567,193.759488116,206.11502665,226.375520619,1.0,1.0,1.0,59.0,66.0,66.0,0.41353574571228,0.467450589430941,0.51920129718494,20.1526230929,46.1605050049,0.0,66.3131280978,41.150131798,25.1629962998,0.0,66.3131280978,50.5495932326,15.7635348652,0.0,66.3131280978,0.629488128409,76.59,-0.75106,"Mild temperate, fully humid, and  Warm summer",Temperate Broadleaf and Mixed Forests,330.098937382,8.70908844471,8.98504328728,9.24969935417,578.949996948,696.575012207,648.600021362,4.120709896,2573299456.0,3021255424.0,3374399744.0,HIC,MDR,14.812008785,142.00044951394892,1.0,1
2630.0,DEU,Germany,Europe,Western Europe,Lübeck,Lübeck,GISCO OSM,0.0,1.0,DEU,53.8699937944,10.6746641563,63.0,142655.813366,147097.410065,153624.274284,150412.503052,27.7432098389,30.7877044678,32.9601745605,34.4530105591,194.47654592,209.301472094,214.550563146,229.056826129,1.0,1.0,1.0,54.0,58.0,60.0,0.406176894514833,0.44391645928307,0.503125157542115,20.9691290811,42.0159546453,0.0,62.9850837265,35.8388360733,27.1462476532,0.0,62.9850837265,49.6665449294,13.3185387971,0.0,62.9850837265,0.607527777984,78.84,5.047,"Mild temperate, fully humid, and  Warm summer",Temperate Broadleaf and Mixed Forests,13.032245853,9.75889801979,9.93834757805,10.0009384155,684.175018311,705.075027466,648.0,5.238609791,2079123328.0,2376287488.0,2613575936.0,HIC,MDR,9.6304266018,181.42259788715714,1.0,1
2325.0,DEU,Germany,Europe,Western Europe,Saarbruecken,Saarbruecken,GISCO OSM,0.0,1.0,DEU,49.2378147485,6.94863751655,65.0,175553.277603,162115.824967,160620.994215,146108.818833,33.6301040649,35.468963623,36.3441543579,37.3908691406,191.566369618,218.78779342,226.2727518,255.911104061,1.0,1.0,1.0,62.0,65.0,65.0,0.421398864129257,0.462474241175398,0.482656109228393,40.3567354733,23.8201043819,0.6533991875,64.8302390426,42.8889428453,21.9412961973,0.0,64.8302390426,45.8178537828,19.0123852598,0.0,64.8302390426,0.494219672068,70.49,-0.50759,"Mild temperate, fully humid, and  Warm summer",Temperate Broadleaf and Mixed Forests,220.516592267,10.3455839157,10.7783997059,10.9641439915,703.050018311,851.150009155,713.750015259,16.0041008,2032519680.0,2324369408.0,2598574592.0,HIC,MDR,14.202490051,434.0926700662133,1.0,1
2395.0,DEU,Germany,Europe,Western Europe,Oldenburg,Oldenburg,GISCO OSM,0.0,1.0,DEU,53.1436534829,8.2137762917,62.0,127150.448219,133653.904755,141697.302948,144960.819275,27.420759201,30.7701931,32.9742469788,34.7365036011,215.656016829,230.222926569,232.709065683,239.626843825,1.0,1.0,1.0,47.0,50.0,59.0,0.450894240908584,0.504903994707192,0.531968177545075,32.5630238054,29.2003630098,0.0,61.7633868152,47.3499719387,14.4134148765,0.0,61.7633868152,52.1876607213,9.5757260939,0.0,61.7633868152,0.700898194479,84.17,1.493,"Mild temperate, fully humid, and  Warm summer",Temperate Broadleaf and Mixed Forests,6.5177185905,9.85614109039,10.1551175117,10.1418662071,738.000015259,812.525009155,734.050003052,8.040630341,1853943936.0,2161007616.0,2595702784.0,HIC,MDR,4.5273750146000005,260.78325153604544,1.0,1
2713.0,DEU,Germany,Europe,Western Europe,Erfurt,Erfurt,GISCO OSM,0.0,1.0,DEU,50.9889025486,11.0325390257,52.0,130799.73481,136021.355606,140442.031784,141749.338593,26.4799633026,31.1110439301,32.0329627991,33.0251350403,202.446613069,228.721760575,228.086722986,232.982639413,1.0,1.0,1.0,41.0,48.0,49.0,0.349416059837727,0.411111568979895,0.458154718695154,5.0284050784,46.9087322618,0.0,51.9371373402,19.0392263005,32.8979110397,0.0,51.9371373402,27.3082117385,24.6289256017,0.0,51.9371373402,0.37556662851899997,52.52,1.4475,"Mild temperate, fully humid, and  Warm summer",Temperate Broadleaf and Mixed Forests,205.510146069,8.68427681923,8.96277189255,9.15733599663,499.400009155,623.500015259,552.925010681,4.771369934,1402352896.0,1891584512.0,2156818944.0,HIC,MDR,17.321016357,162.14582745511896,1.0,1
2369.0,DEU,Germany,Europe,Western Europe,Koblenz,Koblenz,GISCO OSM,0.0,1.0,DEU,50.3736261369,7.58081089696,71.0,125091.70763,129010.126541,136662.127949,138095.152863,29.7715778351,30.9799137115,32.2603530884,33.0081176758,237.998012811,240.135519142,236.059203618,239.024447937,1.0,1.0,1.0,38.0,57.0,66.0,0.381973254197505,0.427755136534332,0.438346346874823,26.9162704814,44.2720149821,0.0,71.1882854635,30.6713839777,40.5169014858,0.0,71.1882854635,34.768660635,36.4196248284,0.0,71.1882854635,0.34200190391199997,53.51,0.93185,"Mild temperate, fully humid, and  Warm summer",Temperate Broadleaf and Mixed Forests,92.7773383173,9.83413434029,10.3028399944,10.3536996841,678.400009155,828.475006104,688.125030518,10.26049995,1836805760.0,2016681472.0,2451738624.0,HIC,MDR,8.6973357478,362.50156092297624,1.0,1
2818.0,DEU,Germany,Europe,Western Europe,Regensburg,Regensburg,GISCO OSM,0.0,1.0,DEU,49.0196904259,12.1082709317,57.0,94347.0456619,104738.730225,118595.199036,133794.065491,27.1976165771,31.6879673004,33.2127876282,34.6490478516,288.272053315,302.542977488,280.051704439,258.972980038,1.0,1.0,1.0,36.0,43.0,49.0,0.385501876951081,0.446124449286709,0.449371668425333,17.5780604142,39.7581115961,0.0,57.3361720103,34.724288548,22.6118834623,0.0,57.3361720103,29.0629431836,28.2732288267,0.0,57.3361720103,0.33078330715,50.99,0.36487,"Mild temperate, fully humid, and  Warm summer",Temperate Broadleaf and Mixed Forests,349.773006456,8.67943477631,9.0939707756,9.37568593025,646.825012207,735.350006104,640.625015259,13.36950016,1916332800.0,2365797632.0,3158233088.0,HIC,MDR,14.295213591,281.11555364424095,1.0,1
2612.0,DEU,Germany,Europe,Western Europe,Würzburg,Würzburg,GISCO OSM,0.0,1.0,DEU,49.7965808921,9.93342345978,49.0,137562.704323,130407.995728,129434.970543,121062.344162,24.44348526,26.740901947,28.0205516815,28.9424171448,177.68976977,205.05569308,216.483625437,239.070351273,1.0,1.0,1.0,44.0,45.0,49.0,0.390458067209162,0.448180798909124,0.478784434388484,15.056151523,34.0813219485,0.0,49.1374734716,32.6387916174,16.4986818542,0.0,49.1374734716,34.3956308664,14.7418426051,0.0,49.1374734716,0.472887966331,70.2,-1.0639,"Mild temperate, fully humid, and  Warm summer",Temperate Broadleaf and Mixed Forests,219.151424664,9.36913919449,9.7344212532,9.954195499419999,594.525001526,740.025009155,604.174995422,14.44729996,2054070144.0,2535840512.0,2814704640.0,HIC,MDR,9.289005518,278.99700937544367,1.0,1
2527.0,DEU,Germany,Europe,Western Europe,Heilbronn,Heilbronn,GISCO OSM,0.0,1.0,DEU,49.1726602022,9.21141925072,51.0,126675.35717,123894.331573,125755.86261,121014.915344,27.3269519806,28.9127178192,30.5082168579,31.6764144897,215.724293904,233.365945415,242.598764183,261.75628351,1.0,1.0,1.0,35.0,35.0,51.0,0.396932547863875,0.445961534770635,0.447916127053967,22.9279525042,27.8846759429,0.0,50.8126284471,32.6173243929,18.1953040542,0.0,50.8126284471,29.9991479554,20.8134804917,0.0,50.8126284471,0.378202133843,58.82,-3.8822,"Mild temperate, fully humid, and  Warm summer",Temperate Broadleaf and Mixed Forests,171.392444106,10.1421003342,10.6076624393,10.8228254318,594.875007629,737.650009155,602.800003052,14.7840004,1920604288.0,2170414592.0,2514214400.0,HIC,MDR,12.900008713,341.91402714739235,1.0,1
2849.0,DEU,Germany,Europe,Western Europe,Potsdam,Potsdam,GISCO OSM,0.0,1.0,DEU,52.3892380203,13.0771014024,42.0,48414.8998337,71111.6110992,89909.8309021,118352.664215,10.9674777985,16.5453147888,17.7350635529,18.5305538177,226.531043876,232.666853318,197.253886198,156.570652132,0.0,1.0,1.0,0.0,29.0,34.0,0.320679341923675,0.42601731575435,0.47554295291933,7.222348475,35.0336322213,0.0,42.2559806963,25.4592419792,16.7967387172,0.0,42.2559806963,32.3521317792,9.9038489172,0.0,42.2559806963,0.539292938552,77.03,0.22245,"Mild temperate, fully humid, and  Warm summer",Temperate Broadleaf and Mixed Forests,37.2836437583,10.2402262688,10.4257855415,10.6491479874,508.849998474,580.700019836,544.974998474,5.693419933,1141706112.0,1338355840.0,2123278720.0,HIC,MDR,16.352690447,2.9779454216194696,1.0,1
2417.0,DEU,Germany,Europe,Western Europe,Bremerhaven,Bremerhaven,GISCO OSM,0.0,1.0,DEU,53.5595731846,8.57670916623,54.0,136694.554905,133399.463396,130615.089447,116974.501343,22.2739181519,27.0727729797,28.2386035919,29.6672534943,162.946637979,202.945141536,216.197100285,253.621542761,1.0,1.0,1.0,46.0,47.0,51.0,0.368140055587696,0.412881190215338,0.414458727565619,8.4022931627,32.2271282346,13.0440876637,53.673509061,25.6273744409,17.3754491275,10.6706854926,53.673509061,25.183204751,15.0397708951,13.450533415,53.673509061,0.397399251515,46.64,-0.69651,"Mild temperate, fully humid, and  Warm summer",Temperate Broadleaf and Mixed Forests,4.01253679054,9.7059481144,9.97218298912,9.96017813683,811.675018311,852.975006104,782.100021362,7.915609837,1942395264.0,2294651648.0,2532904448.0,HIC,MDR,30.61267576,267.2564034058701,1.0,1
2461.0,DEU,Germany,Europe,Western Europe,Darmstadt,Darmstadt,GISCO OSM,0.0,1.0,DEU,49.8842600805,8.64280124836,39.0,88565.8512268,97516.5738831,107585.56488,116050.923767,22.4520645142,24.0305366516,25.4363136292,26.0510349274,253.507014308,246.425153128,236.428684995,224.479341325,1.0,1.0,1.0,29.0,33.0,37.0,0.356065552817894,0.421332353266315,0.42765337341205,11.2919910017,26.6068032507,1.290263,39.1890572525,18.2253804902,20.9636767623,0.0,39.1890572525,21.3185117255,17.870545527,0.0,39.1890572525,0.285369731881,54.66,0.46396,"Mild temperate, fully humid, and  Warm summer",Temperate Broadleaf and Mixed Forests,138.591251904,10.3155031204,10.7635247707,10.8675909042,627.500007629,780.850006104,639.500007629,13.80560017,1689536512.0,2014606464.0,2641360640.0,HIC,MDR,18.861892046,341.1169086790087,1.0,1
2533.0,DEU,Germany,Europe,Western Europe,Reutlingen,Reutlingen,GISCO OSM,0.0,1.0,DEU,48.4959755999,9.20212012647,49.0,115026.652802,114470.260665,118375.198741,114837.253937,21.6018333435,24.0495815277,25.0868034363,25.9545536041,187.798504236,210.094581667,211.926177976,226.011618307,1.0,1.0,1.0,29.0,36.0,49.0,0.459977493814293,0.512911319559204,0.50715962434076,32.5224648328,16.723236351,0.0,49.2457011838,40.915365714,8.3303354699,0.0,49.2457011838,37.102890264,12.1428109199,0.0,49.2457011838,0.533688289636,75.72,23.8151,"Mild temperate, fully humid, and  Warm summer",Temperate Broadleaf and Mixed Forests,409.055440534,8.69057655334,8.98480820656,9.35180473328,892.875030518,1088.37503052,906.275024414,12.44950008,2192880128.0,2478105088.0,2890053888.0,HIC,MDR,8.7701013988,392.51212246026125,1.0,1
2389.0,DEU,Germany,Europe,Western Europe,Osnabrück,Osnabrück,GISCO OSM,0.0,1.0,DEU,52.2803821522,8.04679270011,45.0,131607.867188,119737.306091,116617.685272,105944.183044,26.1758918762,28.8949584961,30.2146587372,31.0854873657,198.893063429,241.31959737,259.091566315,293.413819168,1.0,1.0,1.0,41.0,45.0,45.0,0.406613136825373,0.467744985757036,0.508843306936747,11.049242875,33.9338551537,0.0,44.9830980287,30.0172075804,14.9658904483,0.0,44.9830980287,33.6754189919,11.3076790368,0.0,44.9830980287,0.582819196823,74.83,-0.59707,"Mild temperate, fully humid, and  Warm summer",Temperate Broadleaf and Mixed Forests,74.2869360524,9.85393691063,10.17624259,10.145362854,689.150009155,815.575012207,708.850021362,8.359939575,1557005440.0,1814887808.0,1994269824.0,HIC,MDR,11.702829629,250.54861701708344,1.0,1
2637.0,DEU,Germany,Europe,Western Europe,Ulm,Ulm,GISCO OSM,0.0,1.0,DEU,48.402557037,9.990470769569999,43.0,101789.144394,99264.9589844,104207.22876,103439.14032,20.5247306824,22.2102413177,23.682138443,24.4735221863,201.639681762,223.747045735,227.260034883,236.598275185,1.0,1.0,1.0,28.0,29.0,35.0,0.369441686581638,0.419625916490193,0.429017764616432,14.9248534005,28.0896963262,0.0,43.0145497267,23.0690072478,19.9455424789,0.0,43.0145497267,23.1539738463,19.8605758804,0.0,43.0145497267,0.35786170163,53.85,2.3558,"Mild temperate, fully humid, and  Warm summer",Temperate Broadleaf and Mixed Forests,504.313894878,9.01216292381,9.29674291611,9.61530303955,793.175003052,959.725036621,787.950012207,11.91829967,1719386112.0,2017581568.0,2301965568.0,HIC,MDR,15.162868367,360.8110388719003,1.0,1
2532.0,DEU,Germany,Europe,Western Europe,Echterdingen,Echterdingen,GISCO OSM,0.0,1.0,DEU,48.7075226567,9.22294277267,48.0,81081.5356889,86090.657383,94645.8080292,98912.0364151,12.9629545212,14.7119960785,15.859161377,17.205915451,159.8755427,170.889577635,167.563273083,173.951685504,0.0,0.0,2.0,0.0,0.0,46.0,0.45639722242773,0.496283797170676,0.494746796616076,37.760644763,10.1937976784,0.0,47.9544424414,41.1527374238,6.8017050176,0.0,47.9544424414,36.9847667623,10.9696756792,0.0,47.9544424414,0.615106917672,77.05,1.1279,"Mild temperate, fully humid, and  Warm summer",Temperate Broadleaf and Mixed Forests,384.44264513,10.0351259708,10.3048374653,10.6649713516,631.800010681,782.825012207,643.400009155,12.44950008,1809251968.0,2044578816.0,2542687488.0,HIC,MDR,9.9400283322,374.2711189396108,1.0,1
2771.0,DEU,Germany,Europe,Western Europe,Ingolstadt,Ingolstadt,GISCO OSM,0.0,1.0,DEU,48.7614397096,11.4318322329,41.0,63608.6572723,74093.5415955,84324.8356934,93467.5447388,18.2873916626,22.1752891541,23.6057758331,24.5546531677,287.498470284,299.287747306,279.938592694,262.707801262,0.0,1.0,1.0,0.0,23.0,23.0,0.369304019921035,0.422265208858563,0.411007412701392,4.8052492787,35.290354877,0.6594881875,40.7550923431,18.7193134176,21.376290738,0.6594881875,40.7550923431,17.884109376,22.8709829672,0.0,40.7550923431,0.218946899239,43.62,0.43878,"Mild temperate, fully humid, and  Warm summer",Temperate Broadleaf and Mixed Forests,372.161210948,9.05989074707,9.41368961334,9.70276355743,729.425003052,809.200012207,664.200012207,14.73250008,1524426880.0,1881972864.0,2512420352.0,HIC,MDR,16.182860671,294.6824051897488,1.0,1
2757.0,DEU,Germany,Europe,Western Europe,Jena,Jena,GISCO OSM,0.0,1.0,DEU,50.9157983422,11.5984617102,28.0,63728.267189,73701.5926895,82208.8818359,91660.0964355,10.3499002457,13.2158584595,13.5245714188,13.894493103,162.406741972,179.31577836,164.514722944,151.587153444,0.0,1.0,1.0,0.0,26.0,26.0,0.401153558032073,0.478205099502976,0.497059605866873,11.194646648,16.9597166203,0.0,28.1642671831,19.3450768086,8.8092864598,0.0,28.1642671831,21.8415826434,6.312780625,0.0,28.1642671831,0.530383011152,78.01,0.22964,"Mild temperate, fully humid, and  Warm summer",Temperate Broadleaf and Mixed Forests,182.484431458,8.84479618073,9.09649324417,9.33463072777,506.650009155,625.850006104,561.625,2.7834300990000003,752682368.0,1015266816.0,1314210560.0,HIC,MDR,14.232171348,142.37065984447378,1.0,1
2585.0,DEU,Germany,Europe,Western Europe,Göttingen,Göttingen,GISCO OSM,0.0,1.0,DEU,51.5379705957,9.92300813256,30.0,109974.620483,101451.666016,100170.852051,91376.5577393,16.3379306793,18.4041671753,19.2841739655,19.8151569366,148.560918942,181.408230127,192.512827541,216.851645837,1.0,1.0,1.0,27.0,30.0,30.0,0.399351434019137,0.470848314547222,0.499452939088608,8.2867488466,21.929008365,0.0,30.2157572115,19.939191085,10.2765661265,0.0,30.2157572115,22.430776085,7.7849811265,0.0,30.2157572115,0.5656359167899999,74.77,-0.70626,"Mild temperate, fully humid, and  Warm summer",Temperate Broadleaf and Mixed Forests,166.437619384,8.81622958183,9.05462145805,9.12703418732,675.500015259,813.975021362,700.350006104,8.153800011,1195170944.0,1393123968.0,1537415680.0,HIC,MDR,11.528482501,194.8639179342649,1.0,1
2448.0,DEU,Germany,Europe,Western Europe,Paderborn,Paderborn,GISCO OSM,0.0,1.0,DEU,51.72805795,8.74742374316,39.0,87126.9535446,87185.8618774,90290.8190308,89798.6644897,20.1970901489,23.3787307739,24.8193130493,25.8145675659,231.812192751,268.148186764,274.881912865,287.471620125,1.0,1.0,1.0,22.0,24.0,28.0,0.417822238697045,0.467042354260957,0.486571318589474,20.1425449846,18.9590345306,0.0,39.1015795152,24.6284508593,14.4731286559,0.0,39.1015795152,23.2045735218,15.8970059934,0.0,39.1015795152,0.505196444822,59.5,3.3566,"Mild temperate, fully humid, and  Warm summer",Temperate Broadleaf and Mixed Forests,131.612664604,9.27351355553,9.599370718,9.59465456009,709.650024414,853.550003052,728.600006104,8.685310364,1320484608.0,1484908672.0,1791511424.0,HIC,MDR,11.932585191,250.4631182925116,1.0,1
2733.0,DEU,Germany,Europe,Western Europe,Erlangen,Erlangen,GISCO OSM,0.0,1.0,DEU,49.5825300305,11.0038431098,38.0,70603.5261002,76217.2816467,82825.816803,87153.5673828,17.1845054626,18.6756782532,18.9295139313,19.4833030701,243.394436678,245.032069495,228.546058004,223.551412239,0.0,0.0,1.0,0.0,0.0,38.0,0.367627660653275,0.464117403076734,0.465922613753833,7.8785017458,29.9970905343,0.0,37.8755922801,26.8421624676,11.0334298125,0.0,37.8755922801,26.9052240277,10.9703682525,0.0,37.8755922801,0.443749602929,70.8,0.31574,"Mild temperate, fully humid, and  Warm summer",Temperate Broadleaf and Mixed Forests,288.842967033,8.89986348152,9.17141914368,9.41932082176,612.550003052,723.000015259,616.150009155,15.43719959,1449644160.0,1789649792.0,2255740928.0,HIC,MDR,12.749835504,255.83720497689046,1.0,1
2477.0,DEU,Germany,Europe,Western Europe,Pforzheim,Pforzheim,GISCO OSM,0.0,1.0,DEU,48.8924524904,8.69234439209,32.0,87464.7910576,85549.8849411,88133.1983643,85674.5079956,11.3749237061,12.5719633102,14.2157649994,15.0968360901,130.051459204,146.954765853,161.298639596,176.211529465,1.0,1.0,1.0,21.0,28.0,31.0,0.428453399150707,0.48449218637144,0.469141740336569,23.0107856566,8.911542526,0.0,31.9223281826,25.6411742284,6.2811539542,0.0,31.9223281826,22.4948837047,9.4274444779,0.0,31.9223281826,0.406340810639,70.3,125.7263,"Mild temperate, fully humid, and  Warm summer",Temperate Broadleaf and Mixed Forests,322.52847821,9.6134595871,9.97444868088,10.2916150093,782.050018311,968.475006104,796.950027466,15.76329994,1478489984.0,1670795136.0,1926176384.0,HIC,MDR,12.471802801,385.75540095929,1.0,1
2440.0,DEU,Germany,Europe,Western Europe,Rüsselsheim am Main,Rüsselsheim am Main; Flörsheim am Main; Raunheim; Bischofsheim,GISCO OSM,0.0,1.0,DEU,49.989658023,8.42385505347,36.0,74613.3499451,78971.4744873,83831.9440918,85401.1628418,20.2609901428,21.1411743164,22.1929931641,22.842546463,271.546447891,267.706465577,264.73193965,267.47348283,1.0,1.0,1.0,27.0,27.0,35.0,0.357716199801413,0.418371569332858,0.41783522973144,12.8275959517,22.5105398319,0.6437060625000001,35.9818418461,17.6660098593,18.3158319868,0.0,35.9818418461,19.3268634679,16.6549783782,0.0,35.9818418461,0.239750570351,53.69,0.98888,"Mild temperate, fully humid, and  Warm summer",Temperate Broadleaf and Mixed Forests,90.8083082537,10.8607492447,11.3479995728,11.4519290924,588.275024414,730.600021362,600.050003052,13.80560017,1293243904.0,1542066560.0,1833299456.0,HIC,MDR,12.658268544,335.83675268741945,1.0,1
2502.0,DEU,Germany,Europe,Western Europe,Aschaffenburg,Aschaffenburg; Hösbach; Goldbach,GISCO OSM,0.0,1.0,DEU,49.9783065233,9.14898170483,40.0,82596.2989254,81488.1269836,84272.0989532,83024.0433044,13.7601413727,18.5694408417,19.9264392853,21.048034668,166.595132611,227.879097594,236.453577552,253.517340643,1.0,1.0,1.0,21.0,34.0,40.0,0.393857781752585,0.441003710498171,0.44786657934636,19.4278047039,20.4985642012,0.0,39.9263689051,24.7851018779,15.1412670272,0.0,39.9263689051,22.9370047912,16.989364114,0.0,39.9263689051,0.284498220755,57.34,6.7097,"Mild temperate, fully humid, and  Warm summer",Temperate Broadleaf and Mixed Forests,154.228135395,9.83357453346,10.2506253719,10.3878023624,610.825004578,763.475006104,626.925018311,14.82390022,1297842688.0,1602244608.0,1859127424.0,HIC,MDR,9.4791237175,327.4445645956528,1.0,1
2549.0,DEU,Germany,Europe,Western Europe,Constance,Constance; Kreuzlingen,GISCO OSM,1.0,2.0,DEU; CHE,47.6670119603,9.18281751882,33.0,68565.4090691,72117.9324646,77231.5285606,81669.7332687,12.7673950195,13.7200660706,14.4434108734,14.808216095,186.207523486,190.244861461,187.014437531,181.318286497,1.0,1.0,1.0,21.0,25.0,31.0,0.414638966381661,0.494420500999365,0.493977066628506,13.66934691,12.9778086931,6.70153015,33.3486857532,19.2347403532,8.7599500625,5.3539953375,33.3486857532,16.9616474218,9.6855081814,6.70153015,33.3486857532,0.512732334661,55.12,0.61362,"Mild temperate, fully humid, and  Warm summer",Temperate Broadleaf and Mixed Forests,409.216171259,10.0220718384,10.2692141533,10.660656929,874.325012207,1035.17503357,867.100006104,9.198929787,1604285312.0,1773343744.0,2135910656.0,HIC,MDR,8.4917614654,472.933785723525,1.0,1
2584.0,DEU,Germany,Europe,Western Europe,Reinbek,Reinbek,GISCO OSM,0.0,1.0,DEU,53.4889965349,10.2080304257,30.0,61510.0917053,69586.2878113,79201.0186768,80740.5924988,10.7713270187,12.9385194778,14.6204004288,14.9986772537,175.114793688,185.934900177,184.598641192,185.763774943,0.0,1.0,1.0,0.0,25.0,29.0,0.443320272452762,0.50449400641272,0.55682015146632,14.2254418304,15.871027293400001,0.0,30.0964691238,24.9833942172,5.1130749066,0.0,30.0964691238,27.1907575228,2.905711601,0.0,30.0964691238,0.795313791647,90.64,0.99381,"Mild temperate, fully humid, and  Warm summer",Temperate Broadleaf and Mixed Forests,17.7378792361,9.64167690277,9.87064886093,9.93581175804,723.849990845,752.300003052,691.050003052,5.411230087,1807672576.0,2155040512.0,2538326528.0,HIC,MDR,7.8739428441,171.35644998687897,1.0,1
2474.0,DEU,Germany,Europe,Western Europe,Flensburg,Flensburg,GISCO OSM,0.0,1.0,DEU,54.7879467438,9.4303478072,38.0,76594.309967,77867.4921875,81313.6707458,79680.70047,14.8633909225,16.3458042145,16.9302501678,17.618478775,194.053460746,209.918205342,208.209148751,221.113502656,1.0,1.0,1.0,28.0,27.0,35.0,0.450086678797479,0.475013063893356,0.503186650226639,27.0010618377,9.82184779,1.2638223559,38.086731983600004,28.7342962127,8.66618854,0.6862472309000001,38.086731983600004,31.9845642775,5.4159204752,0.6862472309000001,38.086731983600004,0.712886990513,84.17,3.2572,"Mild temperate, fully humid, and  Warm summer",Temperate Broadleaf and Mixed Forests,36.4988443298,9.23919677734,9.33988118172,9.5013563633,877.800018311,900.025039673,851.875015259,2.933239937,982141376.0,1122516352.0,1241875840.0,HIC,MDR,9.0210028071,268.1162615765234,1.0,1
2506.0,DEU,Germany,Europe,Western Europe,Sindelfingen,Sindelfingen; Böblingen; Maichingen,GISCO OSM,0.0,1.0,DEU,48.6962778732,9.00657451315,26.0,73434.0581055,73111.3379517,76166.7216797,75230.0982666,15.9515514374,17.3915042877,17.8548717499,18.4591159821,217.222796192,237.876980164,234.418278168,245.36876074,1.0,1.0,1.0,23.0,24.0,26.0,0.390644519941938,0.454289872938744,0.463344739757514,10.1158659703,15.3577701588,0.6605375,26.1341736292,17.8771780172,8.256995612,0.0,26.1341736292,15.8975747699,10.2365988593,0.0,26.1341736292,0.483253211383,61.14,2.0854,"Mild temperate, fully humid, and  Warm summer",Temperate Broadleaf and Mixed Forests,455.539096347,10.0351259708,10.3048374653,10.6649713516,631.800010681,782.825012207,643.400009155,12.44950008,1361617152.0,1538720768.0,1792404224.0,HIC,MDR,16.409107694,374.4602274327395,1.0,1
2452.0,DEU,Germany,Europe,Western Europe,Mörfelden-Walldorf,Mörfelden-Walldorf,GISCO OSM,0.0,1.0,DEU,50.0311226581,8.57075724219,26.0,51300.4387894,58951.0762806,67941.5684319,74496.3154907,11.3989057541,12.101770401,13.0430297852,13.567782402,222.198991336,205.284978062,191.974222647,182.12689195,0.0,0.0,1.0,0.0,0.0,17.0,0.297470925957118,0.351789348532928,0.3264787262095,11.1442393806,11.1817700321,3.7769195779,26.1029289907,14.6211159985,9.613579415,1.8682335772,26.1029289907,13.0122023789,9.293277722100001,3.7974488897,26.1029289907,0.130985580397,50.05,0.48857,"Mild temperate, fully humid, and  Warm summer",Temperate Broadleaf and Mixed Forests,109.741944063,10.1190083027,10.5191073418,10.5888130665,607.875015259,783.525009155,637.600006104,13.80560017,1223090048.0,1458414720.0,1972878976.0,HIC,MDR,63.67978615,330.7890032676639,1.0,1
2376.0,DEU,Germany,Europe,Western Europe,Hamm,Hamm,GISCO OSM,0.0,1.0,DEU,51.677409378,7.78301389477,33.0,95722.5217896,86459.6392212,82160.2206421,73922.6244507,19.2922706604,20.7213630676,22.0515594482,22.9918327332,201.543694208,239.665157688,268.397032967,311.025655596,1.0,1.0,1.0,33.0,33.0,33.0,0.417240692569515,0.463110504324266,0.488285695671665,13.6506402966,19.2109792142,0.0,32.8616195108,20.5188728292,12.3427466816,0.0,32.8616195108,19.2766123292,13.5850071816,0.0,32.8616195108,0.459031894933,58.41,-0.6637,"Mild temperate, fully humid, and  Warm summer",Temperate Broadleaf and Mixed Forests,63.4590592718,10.3025205135,10.6757917404,10.6604819298,694.600006104,851.500015259,718.875015259,8.677920341,1197819648.0,1346969984.0,1496806272.0,HIC,MDR,12.517880274,282.96112721573917,1.0,1
2335.0,DEU,Germany,Europe,Western Europe,Remscheid,Remscheid,GISCO OSM,0.0,1.0,DEU,51.1830267715,7.20677152808,24.0,88064.0732422,77655.6863403,75259.8384705,67946.6772461,10.0333528519,11.9174175262,13.1394786835,13.5929298401,113.93241855,153.464840604,174.588186083,200.052900171,1.0,1.0,1.0,20.0,24.0,24.0,0.451094109119819,0.497569438858392,0.526034635494486,17.1357077196,7.2766698402,0.0,24.4123775598,21.2735034348,3.138874125,0.0,24.4123775598,20.6457528098,3.76662475,0.0,24.4123775598,0.598407564843,86.02,-0.98493,"Mild temperate, fully humid, and  Warm summer",Temperate Broadleaf and Mixed Forests,292.76266143,10.7101912498,11.1078689098,11.0823876858,765.600021362,941.0,786.750015259,8.034799576,897827584.0,1009623232.0,1097447040.0,HIC,MDR,11.447075417,326.03879142466633,1.0,1
2916.0,DEU,Germany,Europe,Western Europe,Cottbus,Cottbus,GISCO OSM,0.0,1.0,DEU,51.7522261085,14.3365696714,28.0,75520.1828613,73600.1918335,71614.2778931,67720.8381348,11.1408233643,14.3277416229,15.6970434189,15.9789276123,147.521138617,194.669895091,219.188741138,235.952892085,1.0,1.0,1.0,22.0,23.0,28.0,0.317692605744953,0.383475748664632,0.433026343599228,2.2519315196,25.2454469865,0.1458181765,27.6431966826,5.3969113135,22.2462853691,0.0,27.6431966826,11.5136693816,16.129527301,0.0,27.6431966826,0.223705891529,42.93,-1.3101,"Mild temperate, fully humid, and  Warm summer",Temperate Broadleaf and Mixed Forests,76.4690411792,10.1356134415,10.3542385101,10.6300315857,481.825004578,570.525009155,554.025001526,6.234869957,743725888.0,871826816.0,930443008.0,HIC,MDR,13.382493598,63.87043889449674,1.0,1
2575.0,DEU,Germany,Europe,Western Europe,Hildesheim,Hildesheim,GISCO OSM,0.0,1.0,DEU,52.1563177072,9.94610239742,25.0,81760.1766357,74264.6710205,72927.5875244,66617.3933105,13.1736297607,14.7469062805,15.4355154037,15.8880119324,161.125260522,198.572296596,211.655368396,238.496451795,1.0,1.0,1.0,25.0,25.0,25.0,0.411678890426308,0.43907707794023,0.4612184572167,10.4735173208,13.9674604706,0.6144627500000001,25.0554405414,14.756469763,10.2989707784,0.0,25.0554405414,17.1081485745,7.9472919669,0.0,25.0554405414,0.447716888906,68.43,-0.68585,"Mild temperate, fully humid, and  Warm summer",Temperate Broadleaf and Mixed Forests,93.4874916261,9.63157844543,9.88576292992,9.929906129839999,630.975021362,725.600021362,637.700027466,6.975800037,829138688.0,966466688.0,1057477184.0,HIC,MDR,12.089601974,164.02445576179812,1.0,1
2833.0,DEU,Germany,Europe,Western Europe,Rosenheim,Rosenheim; Kolbermoor,GISCO OSM,0.0,1.0,DEU,47.8496423731,12.1025911893,25.0,58618.2722778,61473.2602539,64775.2303467,64978.5638428,10.6256818771,11.5375823975,12.3419923782,13.0615148544,181.269107127,187.684569678,190.535677174,201.012673749,1.0,1.0,1.0,22.0,22.0,25.0,0.456697035282726,0.510471986412579,0.50483390867252,18.5446472402,6.6724752218,0.0,25.217122462,21.1884021495,4.0287203125,0.0,25.217122462,18.5445323027,6.6725901593,0.0,25.217122462,0.508424347912,74.18,2.2371,"Mild temperate, fully humid, and  Warm summer",Temperate Broadleaf and Mixed Forests,456.871115875,7.43204724789,7.8553559780099995,8.19888424873,1193.70001221,1302.12506104,1201.20004272,4.837359905,1039124480.0,1282845056.0,1589672704.0,HIC,MDR,9.8888038445,380.8748948903537,1.0,1
2716.0,DEU,Germany,Europe,Western Europe,Bamberg,Bamberg; Hallstadt,GISCO OSM,0.0,1.0,DEU,49.9009940738,10.8912517801,25.0,53788.1932373,56652.3721008,61535.1358643,64290.7684937,15.0700206757,15.9116716385,16.3303718567,16.6633529663,280.173394358,280.865055574,265.382884548,259.187335239,0.0,1.0,1.0,0.0,21.0,25.0,0.310671705602727,0.411356699037993,0.411592552683752,2.6510375615,22.4267019049,0.0,25.0777394664,7.1576669659,17.9200725005,0.0,25.0777394664,8.5586531488,16.5190863176,0.0,25.0777394664,0.237515441607,34.23,0.36494,"Mild temperate, fully humid, and  Warm summer",Temperate Broadleaf and Mixed Forests,255.325491832,9.35303163528,9.64419841766,9.87560486794,580.250022888,709.125015259,582.350006104,14.01130009,930961920.0,1149313664.0,1445035136.0,HIC,MDR,14.51374588,232.29147353701546,1.0,1
2826.0,DEU,Germany,Europe,Western Europe,Landshut,Landshut; Ergolding,GISCO OSM,0.0,1.0,DEU,48.546880002,12.1475340433,26.0,49759.4561005,53571.8171539,58923.9161224,64012.9208374,13.134262085,15.0181932449,15.7826881409,16.3677501678,263.955097468,280.337573799,267.848594925,255.694474705,0.0,0.0,1.0,0.0,0.0,26.0,0.425702783630475,0.492937274384122,0.487006114048771,11.5074181961,14.5109939422,0.0,26.0184121382,16.9717988184,9.0466133199,0.0,26.0184121382,16.3093992559,9.7090128824,0.0,26.0184121382,0.427941649149,62.73,0.48326,"Mild temperate, fully humid, and  Warm summer",Temperate Broadleaf and Mixed Forests,403.650623786,9.02961730957,9.43592762947,9.72829627991,748.775009155,823.925003052,697.250015259,6.247719765,944568512.0,1166111872.0,1536195712.0,HIC,MDR,15.371066589,324.47489517026384,1.0,1
2277.0,DEU,Germany,Europe,Western Europe,Duren,Duren; Kreuzau,GISCO OSM,0.0,1.0,DEU,50.8052326766,6.47595245409,29.0,71093.6088562,67093.7844238,67742.6099243,63224.2380981,13.2248010635,15.6785440445,16.7246189117,17.2133216858,186.019549103,233.681020964,246.884773563,272.258269986,1.0,1.0,1.0,22.0,24.0,29.0,0.444396368824433,0.469476839639476,0.503688111556861,18.0408217988,10.807213201,0.0,28.8480349998,20.2370537669,8.6109812328,0.0,28.8480349998,22.0365502424,6.8114847574,0.0,28.8480349998,0.526823219258,75.99,-1.5721,"Mild temperate, fully humid, and  Warm summer",Temperate Broadleaf and Mixed Forests,130.167222337,9.87488293648,10.3100891113,10.2721135616,901.850021362,1111.72503662,933.374984741,8.235650063,896341888.0,1007952448.0,1122599680.0,HIC,MDR,9.5783527884,373.7329980860004,1.0,1
2594.0,DEU,Germany,Europe,Western Europe,Göppingen,Göppingen; Eislingen/Fils; Uhingen; Süßen,GISCO OSM,0.0,1.0,DEU,48.6988383287,9.66787707847,25.0,69954.2593765,67262.2583694,67291.282135,62814.2871857,13.780585289,14.6898136139,15.0725078583,15.408788681,196.99422754,218.396080804,223.989012842,245.307069003,1.0,1.0,1.0,23.0,25.0,25.0,0.413427813812285,0.483459020861278,0.477222278647032,12.3925789373,12.2816711471,0.0,24.6742500843,17.008726198,7.6655238863,0.0,24.6742500843,18.9672161216,5.7070339627,0.0,24.6742500843,0.43106898562699997,75.87,-0.69842,"Mild temperate, fully humid, and  Warm summer",Temperate Broadleaf and Mixed Forests,339.856684633,8.60818457603,8.87228560448,9.23175358772,716.050018311,866.500015259,710.975036621,11.74569988,1062944512.0,1201200128.0,1361296512.0,HIC,MDR,12.397193947,377.66630564397315,1.0,1
2297.0,DEU,Germany,Europe,Western Europe,Trier,Trier,GISCO OSM,0.0,1.0,DEU,49.7442187461,6.63461560749,25.0,43855.4243774,49524.6383667,55881.5300293,62812.2229614,14.3460254669,14.8255062103,15.5625429153,15.8554925919,327.120890302,299.356172993,278.491711075,252.426866051,0.0,0.0,1.0,0.0,0.0,23.0,0.417014095633178,0.456635243216887,0.477211641961625,10.3468228988,14.6337312794,0.0,24.9805541782,14.024868039,10.955686139200001,0.0,24.9805541782,14.682155025,10.2983991532,0.0,24.9805541782,0.391732737673,58.73,0.28259,"Mild temperate, fully humid, and  Warm summer",Temperate Broadleaf and Mixed Forests,157.896965758,9.84268450737,10.3594548702,10.3992869854,767.450012207,922.850021362,772.125,15.55749989,739781248.0,812226880.0,1058730880.0,HIC,MDR,16.749459724,437.9753307201602,1.0,1
2621.0,DEU,Germany,Europe,Western Europe,Lüneburg,Lüneburg,GISCO OSM,0.0,1.0,DEU,53.2554067931,10.4275855322,28.0,52131.1586761,55416.3413086,60026.564209,62484.1628723,9.5731678009,12.1260557175,13.0870504379,13.5956630707,183.636198466,218.817327725,218.020981384,217.585744062,0.0,0.0,1.0,0.0,0.0,27.0,0.37652272572745,0.432318610706439,0.474866975720681,7.6219690372999995,20.2550322012,0.0,27.8770012385,17.0919901566,10.7850110819,0.0,27.8770012385,21.9416329252,5.9353683132,0.0,27.8770012385,0.558971284634,78.36,0.95298,"Mild temperate, fully humid, and  Warm summer",Temperate Broadleaf and Mixed Forests,31.360770230500002,9.64167690277,9.87064886093,9.93581175804,723.849990845,752.300003052,691.050003052,5.923950195,658803968.0,767919808.0,931142784.0,HIC,MDR,8.917599661,189.90335852873505,1.0,1
2693.0,DEU,Germany,Europe,Western Europe,Kempten (Allgäu),Kempten (Allgäu),GISCO OSM,0.0,1.0,DEU,47.7275171447,10.3200935031,25.0,47376.7694092,52645.2583618,57219.4267578,61769.0632935,8.21396350861,10.1743927002,11.4446668625,12.0789279938,173.375340088,193.263230475,200.01365814,195.549800333,0.0,0.0,1.0,0.0,0.0,23.0,0.493167659088754,0.521939852286012,0.525017632054396,20.0172971196,4.7121883125,0.0,24.7294854321,20.0172971196,4.7121883125,0.0,24.7294854321,20.6903194321,4.039166,0.0,24.7294854321,0.611175626392,82.76,1.0736,"Mild temperate, fully humid, and  Warm summer",Temperate Broadleaf and Mixed Forests,702.553756405,8.45057010651,8.65937376022,9.03544068336,1037.07502747,1232.52502441,1035.87498474,5.7298598290000005,927529920.0,1145076608.0,1504784512.0,HIC,MDR,9.3040727711,406.712537701814,1.0,1
2431.0,DEU,Germany,Europe,Western Europe,Delmenhorst,Delmenhorst,GISCO OSM,0.0,1.0,DEU,53.046190788,8.63701701274,28.0,64231.4962006,63089.2952881,64110.2192078,61658.9041748,13.3325204849,14.5062379837,15.5620746613,16.2174758911,207.56982592,229.931843706,242.739376866,263.019203928,1.0,1.0,1.0,26.0,26.0,26.0,0.423017723228624,0.495858812909358,0.527839430373851,7.2030568324,20.8182130348,0.0,28.0212698672,20.9079458826,7.1133239846,0.0,28.0212698672,23.8056445547,4.2156253125,0.0,28.0212698672,0.623191260277,85.02,-4.8624,"Mild temperate, fully humid, and  Warm summer",Temperate Broadleaf and Mixed Forests,8.20088674826,9.88880681992,10.1595983505,10.1602919102,744.375015259,805.125015259,730.600021362,8.162400246,762545856.0,888844160.0,1021061120.0,HIC,MDR,4.7999807383,241.23370052910332,1.0,1
2458.0,DEU,Germany,Europe,Western Europe,Gießen,Gießen; Heuchelheim,GISCO OSM,0.0,1.0,DEU,50.5848205708,8.68137074329,26.0,54781.5524292,56427.2342529,59227.6709595,59593.5823975,14.537717819200001,14.8888912201,15.3133096695,15.8412799835,265.376156289,263.860021091,258.54992137,265.821911458,0.0,1.0,1.0,0.0,23.0,24.0,0.401713506788068,0.461268656528095,0.474342111219248,11.8600262419,14.1209159319,0.0,25.9809421738,19.1570629522,6.8238792216,0.0,25.9809421738,19.6224607363,6.3584814375,0.0,25.9809421738,0.453583321266,75.47,1.1357,"Mild temperate, fully humid, and  Warm summer",Temperate Broadleaf and Mixed Forests,170.485223409,9.37219929695,9.70101952553,9.76424717903,666.800003052,840.900024414,697.800018311,12.05970001,929103808.0,1107865088.0,1363593472.0,HIC,MDR,14.726273757,297.3689806772742,1.0,1
2670.0,DEU,Germany,Europe,Western Europe,Wolfsburg,Wolfsburg,GISCO OSM,0.0,1.0,DEU,52.4244610965,10.7596486323,31.0,63510.5804596,61955.6265564,63322.6903992,59525.4194336,14.2938966751,17.9182815552,19.1099243164,20.2498435974,225.063234687,289.211530108,301.786361191,340.188171542,0.0,0.0,1.0,0.0,0.0,30.0,0.397391812978554,0.437399888799528,0.464794713447488,13.513177798000001,17.9130073137,0.0,31.4261851118,18.7072820355,12.7189030762,0.0,31.4261851118,21.0548502843,10.3713348275,0.0,31.4261851118,0.503555948622,67.92,-3.057,"Mild temperate, fully humid, and  Warm summer",Temperate Broadleaf and Mixed Forests,70.9232814034,9.67936396599,9.87797760963,9.97750926018,570.450019836,648.825012207,572.349990845,5.317920208,721365120.0,840842816.0,956735168.0,HIC,MDR,35.28877689,128.3789138649799,1.0,1
2799.0,DEU,Germany,Europe,Western Europe,Gera,Gera,GISCO OSM,0.0,1.0,DEU,50.8767814844,12.0827496966,23.0,94064.3011093,77287.6190796,70860.668335,58389.232605,11.3008394241,13.7263784409,13.9848222733,14.1551322937,120.139514044,177.601258835,197.356623948,242.42709935,1.0,1.0,1.0,21.0,22.0,23.0,0.384374821652979,0.45645232089454,0.491292962207885,4.9253773417,18.1429612331,0.0,23.0683385748,13.7515548787,9.3167836961,0.0,23.0683385748,16.5535499235,6.5147886512,0.0,23.0683385748,0.496576757331,71.97,-0.10969,"Mild temperate, fully humid, and  Warm summer",Temperate Broadleaf and Mixed Forests,222.21362554,8.82112646103,9.07389092445,9.35537290573,538.675003052,656.675018311,602.625,3.112090111,723360384.0,975715328.0,968553856.0,HIC,MDR,12.05272687,142.54672090894044,1.0,1
2770.0,DEU,Germany,Europe,Western Europe,Bayreuth,Bayreuth,GISCO OSM,0.0,1.0,DEU,49.9477578619,11.5810929533,20.0,63235.7271729,59739.2585449,59922.0297852,56230.1009521,9.588975906369999,10.9827194214,11.4161739349,11.587059021,151.638580516,183.844253995,190.51714329200001,206.065058124,1.0,1.0,1.0,18.0,20.0,20.0,0.377009025450619,0.460978562271563,0.459636510243002,4.6634428255,15.2944931819,0.0,19.9579360074,12.651709158100001,7.3062268493,0.0,19.9579360074,11.3736034495,8.5843325578,0.0,19.9579360074,0.462517508943,56.87,-0.88484,"Mild temperate, fully humid, and  Warm summer",Temperate Broadleaf and Mixed Forests,355.113709423,8.54885947704,8.83827447891,9.12761974335,602.575012207,702.575012207,611.475021362,11.75650024,829066496.0,1023519232.0,1155151488.0,HIC,MDR,12.554699039,201.31991304417778,1.0,1
2942.0,DEU,Germany,Europe,Western Europe,Görlitz,Görlitz; Görlitz; Zgorzelec,GISCO OSM,1.0,2.0,DEU; POL,51.1495536532,14.989023674,22.0,77477.5982971,72881.6010132,66329.4446411,56024.9023438,7.08273696899,10.8129081726,11.8628311157,12.4005298615,91.4165787875,148.362659742,178.847134631,221.339606901,1.0,1.0,1.0,22.0,22.0,22.0,0.378661042834791,0.477091569444647,0.503091667094014,7.4617764353,14.2164524895,0.0,21.6782289248,15.4558344939,6.2223944309,0.0,21.6782289248,17.2810702998,4.397158625,0.0,21.6782289248,0.495325401903,78.55,-0.52083,"Mild temperate, fully humid, and  Warm summer",Temperate Broadleaf and Mixed Forests,215.786693558,9.52156639099,9.80898714066,10.1266918182,562.025009155,671.725021362,662.275024414,7.532310009,582601920.0,730512640.0,833746176.0,HIC,MDR,16.704159693,153.93292658596536,1.0,1
2830.0,DEU,Germany,Europe,Western Europe,Zwickau,Zwickau; Wilkau-Haßlau,GISCO OSM,0.0,1.0,DEU,50.7198709997,12.4865873559,27.0,83402.2170715,71188.9596443,66153.6890678,55907.6454811,9.26520824432,10.9385995865,11.0834083557,11.1953420639,111.090670844,153.65584272,167.540291583,200.247067598,1.0,1.0,1.0,27.0,27.0,27.0,0.386032095214039,0.428851101390859,0.431319421574887,4.8050035311,22.2059832061,0.0,27.0109867373,14.3369878368,12.673998900499999,0.0,27.0109867373,10.9792268287,16.0317599086,0.0,27.0109867373,0.254736720845,58.52,-0.096012,"Mild temperate, fully humid, and  Warm summer",Temperate Broadleaf and Mixed Forests,288.820846274,8.82112646103,9.07389092445,9.35537290573,538.675003052,656.675018311,602.625,3.047460079,786665472.0,923606912.0,934382400.0,HIC,MDR,12.536574832,167.18774681454772,1.0,1
2358.0,DEU,Germany,Europe,Western Europe,Neuwied,Neuwied; Andernach; Weißenthurm,GISCO OSM,0.0,1.0,DEU,50.4303525373,7.44351278047,28.0,53752.9188538,54567.4981384,56004.2401123,55033.3308716,15.5888576508,15.830039978,16.5957126617,17.0386714935,290.009509868,290.100160683,296.32957484,309.60640077,0.0,0.0,1.0,0.0,0.0,27.0,0.376525603492642,0.415777340901202,0.457337914738165,7.4635330289,20.5748792757,0.0,28.0384123047,9.1039503184,18.9344619863,0.0,28.0384123047,17.3208799022,10.7175324025,0.0,28.0384123047,0.340407796208,61.86,8.6554,"Mild temperate, fully humid, and  Warm summer",Temperate Broadleaf and Mixed Forests,73.4950835014,10.0215427876,10.4777376652,10.5239849091,731.025009155,893.800018311,740.150009155,10.26049995,654090816.0,718144960.0,822667136.0,HIC,MDR,11.344386714,368.084510046409,1.0,1
2516.0,DEU,Germany,Europe,Western Europe,Tübingen,Tübingen,GISCO OSM,0.0,1.0,DEU,48.521007431,9.05994580931,18.0,49649.1259766,51500.4466553,54332.22229,54962.3059082,8.7884979248,9.62404060364,9.98281002045,10.3568944931,177.012137715,186.872954094,183.736456925,188.43631689,0.0,1.0,1.0,0.0,17.0,18.0,0.484108904665804,0.535070476705523,0.538348274988049,13.4728794537,4.4846634118,0.0,17.9575428654,15.3058529904,2.651689875,0.0,17.9575428654,15.3058529904,2.651689875,0.0,17.9575428654,0.634046013066,85.03,1.1281,"Mild temperate, fully humid, and  Warm summer",Temperate Broadleaf and Mixed Forests,363.287481156,10.0351259708,10.3048374653,10.6649713516,631.800010681,782.825012207,643.400009155,12.44950008,830590080.0,938623872.0,1141433344.0,HIC,MDR,11.511658086,394.5247189367218,1.0,1
2390.0,DEU,Germany,Europe,Western Europe,Kaiserslautern,Kaiserslautern,GISCO OSM,0.0,1.0,DEU,49.4411157148,7.74677972368,25.0,57255.8820801,55183.1746826,56282.9882813,54700.5499268,15.2127695084,16.3562984467,17.0252685547,17.3487319946,265.697932783,296.400099138,302.494040821,317.158273872,1.0,1.0,1.0,19.0,23.0,24.0,0.399898278172122,0.460666856147615,0.472354433457959,8.5096828434,16.558439215699998,0.0,25.0681220591,15.1719374672,9.896184591899999,0.0,25.0681220591,17.9288063495,7.1393157096,0.0,25.0681220591,0.415515283127,71.72,-6.7058,"Mild temperate, fully humid, and  Warm summer",Temperate Broadleaf and Mixed Forests,261.511950762,10.3156635761,10.7635989189,10.9603078365,675.200004578,830.275009155,689.550018311,15.10210037,736921280.0,809086784.0,949248256.0,HIC,MDR,17.80255661,391.2452285207139,1.0,1
2422.0,DEU,Germany,Europe,Western Europe,Lemwerder,Lemwerder,GISCO OSM,0.0,1.0,DEU,53.1800272464,8.60219014316,21.0,55040.355484,54004.5796509,54368.9180908,54677.0079651,10.4453277588,11.121553421,11.419924736,11.7144536972,189.775804806,205.937227785,210.045098138,214.248257781,1.0,1.0,1.0,21.0,21.0,21.0,0.435528972941881,0.487192259861561,0.52020022398111,5.2412255524999996,15.6347553743,0.0,20.8759809267,13.401873724,7.4741072027,0.0,20.8759809267,16.8236797672,4.0523011596,0.0,20.8759809267,0.665934688183,80.11,4.1972,"Mild temperate, fully humid, and  Warm summer",Temperate Broadleaf and Mixed Forests,15.148178599,9.88880681992,10.1595983505,10.1602919102,744.375015259,805.125015259,730.600021362,8.162400246,792221440.0,932373184.0,1098084352.0,HIC,MDR,8.5018627757,244.09932518973136,1.0,1
2567.0,DEU,Germany,Europe,Western Europe,Fulda,Fulda; Künzell; Petersberg,GISCO OSM,0.0,1.0,DEU,50.5501137755,9.69345083319,24.0,60075.194458,55375.3325195,56527.0054321,54447.5110474,12.072265625,13.0973529816,13.8278579712,14.2226448059,200.952585071,236.519626802,244.623925599,261.217538365,1.0,0.0,1.0,17.0,0.0,24.0,0.392778678470744,0.455012568057705,0.477071559286872,8.6699952728,15.5708752941,0.0,24.2408705669,17.2821801,6.9586904669,0.0,24.2408705669,17.6214782,6.6193923669,0.0,24.2408705669,0.543700832426,73.42,-4.8781,"Mild temperate, fully humid, and  Warm summer",Temperate Broadleaf and Mixed Forests,303.574999409,8.57219350338,8.84585404396,8.96513748169,652.350006104,817.650009155,687.700027466,13.19209957,818286464.0,975726144.0,1134935552.0,HIC,MDR,11.168223927,270.9108883677565,1.0,1
2401.0,DEU,Germany,Europe,Western Europe,Siegen,Siegen,GISCO OSM,0.0,1.0,DEU,50.8863964612,8.02160841807,23.0,68311.818573,60363.1626282,59358.3491821,53629.2958679,10.5865831375,12.723274231,13.1996669769,13.3826417923,154.974400604,210.778787542,222.372541669,249.539763216,1.0,1.0,1.0,23.0,23.0,23.0,0.402532705179577,0.481035669211777,0.491801167253978,11.2255443819,11.8108862363,0.0,23.0364306181,18.2698428797,4.7665877385,0.0,23.0364306181,19.9077082858,3.1287223324,0.0,23.0364306181,0.620805722715,86.56,-0.42716,"Mild temperate, fully humid, and  Warm summer",Temperate Broadleaf and Mixed Forests,290.049210111,9.45667457581,9.81931328773,9.86774635315,697.825012207,871.500015259,723.050003052,9.591199875000001,806645120.0,907086976.0,981180224.0,HIC,MDR,8.4655267,341.99137757051665,1.0,1
2420.0,DEU,Germany,Europe,Western Europe,Gütersloh,Gütersloh,GISCO OSM,0.0,1.0,DEU,51.9039006345,8.38914213421,23.0,48588.7133179,48711.5112305,50536.0880127,50753.2282715,13.1994743347,14.3310709,14.9521150589,15.4253406525,271.657210768,294.202962256,295.870053399,303.928265803,0.0,0.0,0.0,0.0,0.0,0.0,0.439677919379037,0.484915388647135,0.501616353715988,11.5042388054,11.7940340657,0.0,23.2982728711,16.8882647137,6.4100081574,0.0,23.2982728711,17.5262119145,5.7720609566,0.0,23.2982728711,0.502986968306,76.2,1.7921,"Mild temperate, fully humid, and  Warm summer",Temperate Broadleaf and Mixed Forests,79.9561519724,9.99246311188,10.3492963314,10.3360407352,676.950012207,827.850006104,704.425018311,8.513250351,766484544.0,861925568.0,1042439040.0,HIC,MDR,9.9391892267,244.86276116658615,1.0,1
2749.0,DNK,Denmark,Europe,Northern Europe,Copenhagen,Copenhagen,GISCO OSM,0.0,1.0,DNK,55.6806057655,12.4695304263,388.0,822034.167768,939347.303552,1038658.96074,1225958.69616,208.397094727,232.619949341,237.744125366,244.57434082,253.513908421,247.639981997,228.895272031,199.496395422,2.0,1.0,1.0,319.0,352.0,368.0,0.408682787655747,0.445689486651451,0.466426707582187,135.354522313,212.145210354,42.2804392167,389.780171883,193.323666973,164.186392455,32.2701124551,389.780171883,210.008965927,149.098247478,30.6729584779,389.780171883,0.371736807633,54.13,0.18819,"Mild temperate, fully humid, and  Warm summer",Temperate Broadleaf and Mixed Forests,13.5137004515,9.09539556503,9.16202044487,9.26446247101,596.525009155,676.275009155,650.225021362,13.60589981,27464159232.0,32752990208.0,41571880960.0,HIC,MDR,14.740744237,0.0,1.0,1
2518.0,DNK,Denmark,Europe,Northern Europe,Aarhus,Aarhus,GISCO OSM,0.0,1.0,DNK,56.1566928017,10.1904511176,83.0,141474.471592,164074.805359,181424.776025,209180.705841,36.7495040894,39.9939460754,41.9520797729,43.4557723999,259.760673964,243.754341125,231.236773125,207.742737195,1.0,1.0,1.0,56.0,66.0,75.0,0.407321340956916,0.465418779080552,0.47291336977169,29.4548281206,40.424101601,13.6213306211,83.5002603426,49.7056887694,22.7809164978,11.0136550755,83.5002603426,53.2854080627,18.2772013821,11.9376508978,83.5002603426,0.615808117589,64.2,0.3418,"Mild temperate, fully humid, and  Warm summer",Temperate Broadleaf and Mixed Forests,31.8675349792,8.68615531921,8.61913752556,8.87439441681,593.250007629,684.350006104,664.825012207,5.807899952,1839295872.0,2337431296.0,2809958912.0,HIC,MDR,11.109746738,257.48812291329494,1.0,1
2564.0,DNK,Denmark,Europe,Northern Europe,Odense,Odense,GISCO OSM,0.0,1.0,DNK,55.3951461892,10.3854080202,65.0,129100.534088,127988.537781,127778.398987,124557.388489,35.1080856323,37.4235839844,38.6298370361,40.3466949463,271.943767548,292.3979337,302.318993996,323.920527203,1.0,1.0,1.0,49.0,54.0,54.0,0.442251954284483,0.488072575191445,0.511540050604475,30.9349356706,34.2679064961,0.0,65.2028421667,49.072971089,16.1298710777,0.0,65.2028421667,54.2467931167,10.95604905,0.0,65.2028421667,0.616984727782,83.46,-2.7676,"Mild temperate, fully humid, and  Warm summer",Temperate Broadleaf and Mixed Forests,15.5696675721,9.20590925217,9.24935007095,9.44364118576,633.575012207,684.199996948,643.350021362,12.08240032,2708869120.0,3308602112.0,3393298176.0,HIC,MDR,20.843669851,120.35380108228878,1.0,1
2486.0,DNK,Denmark,Europe,Northern Europe,Aalborg,Aalborg,GISCO OSM,0.0,1.0,DNK,57.0410899168,9.92426287095,49.0,89186.0692749,92953.3743591,96344.5323486,100079.483986,24.8577690125,27.1338043213,27.6564102173,28.042432785,278.718069027,291.907684991,287.057392289,280.20161244,1.0,1.0,1.0,27.0,49.0,49.0,0.418395641546608,0.466005838289589,0.484735022271063,15.2750782983,31.6619477162,1.975750964,48.9127769784,31.6855219471,16.3422369424,0.885018089,48.9127769784,33.081844175,14.9373589203,0.8935738831000001,48.9127769784,0.502330950338,67.51,0.44592,"Mild temperate, fully humid, and  Warm summer",Temperate Broadleaf and Mixed Forests,16.6193521853,8.64172101021,8.47054183483,8.80645155907,665.649993896,795.300018311,785.325012207,5.910719872,904820672.0,1149872000.0,1217230720.0,HIC,MDR,14.108599162,382.22897912264824,1.0,1
1701.0,ESP,Spain,Europe,Southern Europe,Madrid,Madrid; Móstoles; Fuenlabrada; Leganés; Getafe; Alcorcón; Parla; Torrejón de Ardoz; Alcobendas,GISCO OSM,0.0,1.0,ESP,40.4040466482,-3.70816628677,781.0,3295915.27961,3834683.24844,4133153.77946,4894294.60208,212.226516724,286.825134277,361.731750488,388.351409912,64.390768184,74.7976079626,87.5195479747,79.347779708,6.0,4.0,3.0,449.0,565.0,689.0,0.131481156933998,0.288568563847267,0.297361956241979,0.0953465961,140.851995932,538.137028622,676.0433974,58.8651162252,673.53112837,45.9106131076,778.306857702,71.962843124,647.948490163,58.3955244154,778.306857702,0.0232298633294,50.28,1.242,"Mild temperate with dry summer, and  Hot summer","Mediterranean Forests, Woodlands, and Scrub",654.624807518,15.3373849392,15.2951891422,15.7140803337,383.450004578,399.300003052,356.125007629,10.52700043,76654436352.0,108827361279.99998,130179186688.0,HIC,MDR,54.007071386,0.0,1.0,1
2051.0,ESP,Spain,Europe,Southern Europe,Barcelona,Barcelona; l'Hospitalet de Llobregat; Badalona; Terrassa; Sabadell,GISCO OSM,0.0,1.0,ESP,41.4155698921,2.17142802589,583.0,2894927.66237,3235445.27545,3386805.50431,3832012.36925,274.630828857,276.759307861,296.24118042,308.673461914,94.8662145958,85.5397895188,87.4692036619,80.5512697168,6.0,3.0,2.0,454.0,507.0,545.0,0.114139220754631,0.280020714116057,0.298962001997332,0.0,122.946717288,275.888413257,393.507381239,91.7547988093,394.668588416,95.162929673,581.586316898,138.923303084,356.533588388,86.1294254265,581.586316898,0.0468882877419,47.05,0.64492,"Mild temperate, fully humid, and  Hot summer","Mediterranean Forests, Woodlands, and Scrub",100.045223928,16.1429214478,16.5957159996,16.8768277168,617.500030518,537.600006104,542.775009155,18.31159973,59543302144.0,78630584320.0,91804852224.0,HIC,MDR,55.281822615,339.48747451050474,1.0,1
1911.0,ESP,Spain,Europe,Southern Europe,Valencia,Valencia,GISCO OSM,0.0,1.0,ESP,39.4804315207,-0.407237736909,333.0,1048086.08905,1167814.55858,1224885.59632,1393120.29383,148.75970459,164.965637207,178.582061768,183.68460083,141.934623639,141.260130725,145.794890808,131.851213167,1.0,1.0,1.0,237.0,245.0,300.0,0.254213986596498,0.324488921465837,0.293179536089925,26.5905309713,231.884860849,73.5854983407,306.168427063,35.9878147939,259.241824176,36.8312511917,332.060890161,23.806196373,264.014306858,44.2403869299,332.060890161,0.025088955723800002,44.84,0.60927,"Steppe (semi-arid), and  Hot arid","Mediterranean Forests, Woodlands, and Scrub",36.6354469903,18.1954236031,18.534409523,18.776301384,458.600006104,347.025005341,321.850006104,4.578340054,20223000576.0,24046462976.0,28607688704.0,HIC,MDR,56.389422694,190.38912783186123,1.0,1
1632.0,ESP,Spain,Europe,Southern Europe,Seville,Seville,GISCO OSM,0.0,1.0,ESP,37.3761900456,-5.98684418889,163.0,733066.870475,787577.371811,803292.431656,861042.564575,39.1573143005,51.5868377686,68.7206420898,74.2961120605,53.4157467451,65.5006601446,85.5487234558,86.2862245343,1.0,1.0,1.0,118.0,130.0,145.0,0.169433315122884,0.275583634884515,0.273010615562218,0.0,101.908779123,61.0839943311,162.992773454,16.6673140877,138.394581303,7.9308780625,162.992773454,27.5041242093,128.350672119,7.137977125,162.992773454,0.029785555982,54.42,4.0904,"Mild temperate with dry summer, and  Hot summer","Mediterranean Forests, Woodlands, and Scrub",30.6260928508,18.3108768463,18.2519602776,18.5861263275,587.599998474,529.825012207,454.525001526,6.264140129,9482028032.0,11551678464.0,14405982208.0,HIC,MDR,66.376839152,280.7742758627639,1.0,1
1677.0,ESP,Spain,Europe,Southern Europe,Málaga,Málaga,GISCO OSM,0.0,1.0,ESP,36.6703349835,-4.47421944324,205.0,459424.782543,566876.801043,636261.68294,799996.624664,71.3252792358,77.879486084,83.2884597778,86.5074615479,155.249089614,137.383441941,130.902837639,108.134783174,3.0,3.0,2.0,138.0,169.0,187.0,0.224843802303308,0.293492158636536,0.287274398332272,5.3796470392,141.939466079,57.9699175434,203.678912113,10.6364521885,166.685339982,27.9672384904,205.289030661,5.5113453809,167.987229096,31.790456184299998,205.289030661,0.030887263281100003,57.8,0.30502,"Mild temperate with dry summer, and  Hot summer","Mediterranean Forests, Woodlands, and Scrub",43.2450426591,16.9948835373,17.0293402672,17.327381134,502.000007629,465.375007629,423.25,,6825779200.0,8213059584.0,11960329216.0,HIC,MDR,46.714642064,281.9498916644667,1.0,1
1737.0,ESP,Spain,Europe,Southern Europe,Bilbao,Bilbao; Barakaldo,GISCO OSM,0.0,1.0,ESP,43.297522277,-2.97224544556,136.0,914925.019361,863705.55686,810614.041967,778581.814861,42.0800704956,44.5132141113,46.6672744751,48.162071228,45.9929170206,51.5374872348,57.5702764312,61.8587158199,1.0,1.0,1.0,129.0,128.0,128.0,0.177396953355579,0.288272392719281,0.341879756275412,12.8470152316,81.2033069007,41.629194636,123.536366108,61.3694005348,55.3698139137,18.9403023199,135.679516768,68.3796499186,52.6098370691,14.6900297806,135.679516768,0.136748609931,64.59,-0.75932,"Mild temperate, fully humid, and  Warm summer",Temperate Broadleaf and Mixed Forests,62.6979030829,12.8965628147,12.9486186504,13.1806612015,974.675018311,1087.57504272,1146.55001831,1.225939989,13049882624.0,17056789504.0,19126337536.0,HIC,MDR,62.492282857,214.3660105235883,1.0,1
1871.0,ESP,Spain,Europe,Southern Europe,Zaragoza,Zaragoza,GISCO OSM,0.0,1.0,ESP,41.6528065968,-0.8918039686079999,106.0,446133.568014,459152.389879,465202.188755,503981.854477,24.3241615295,35.0828208923,38.3343276978,44.7090644836,54.5221504803,76.4077932853,82.4035841283,88.7116551647,1.0,1.0,1.0,64.0,80.0,82.0,0.192452807187447,0.279790129388294,0.277102511901925,4.8798049985,79.4837381485,21.7892417681,106.152784915,23.3237405892,79.095840201,3.7332041250000003,106.152784915,24.4851325064,69.0264339159,12.6412184929,106.152784915,0.0364189668079,57.82,2.6027,"Steppe (semi-arid), and  Cold arid","Mediterranean Forests, Woodlands, and Scrub",228.639601698,14.6018590927,14.881775856,15.1774706841,446.575012207,501.524993896,493.525016785,4.518929958,7305714176.0,8847900672.0,10319106048.0,HIC,MDR,67.244132991,166.94266051068146,1.0,1
1494.0,ESP,Spain,Europe,Southern Europe,Las Palmas de Gran Canaria,Las Palmas de Gran Canaria; Telde,GISCO OSM,0.0,1.0,ESP,28.0683498225,-15.425599637,112.0,258562.528072,318413.780792,356203.301811,443141.222839,24.4000759125,24.4000759125,24.4000759125,24.9831447601,94.3681827927,76.6300875916,68.5004203734,56.3773882286,1.0,1.0,1.0,48.0,51.0,51.0,0.134741752050714,0.160610552284218,0.185602360794378,0.0,45.3811507387,66.3239752157,111.650008205,0.0,58.3338550645,53.37127089,111.705125954,0.0,66.5410681586,45.1640577958,111.705125954,0.0036336297889,77.7,0.071445,"Desert (arid), and  Hot arid","Mediterranean Forests, Woodlands, and Scrub",105.736836957,19.3273553848,19.8747787476,19.9735403061,379.949996948,311.899997711,260.200000763,11.52600002,5048729088.0,7171563520.0,8999043072.0,HIC,MDR,39.726013013,1979.0865423652042,1.0,1
2076.0,ESP,Spain,Europe,Southern Europe,Palma de Mallorca,Palma de Mallorca,GISCO OSM,0.0,1.0,ESP,39.5622412635,2.65152318198,111.0,184148.213165,247263.806322,288819.015251,388089.565773,50.6710777283,53.2848320007,55.1956100464,56.9613990784,275.164645137,215.497904013,191.107950418,146.773848364,1.0,1.0,1.0,79.0,97.0,101.0,,0.329804087069364,0.341915083875326,0.0,0.0,0.0,0.0,23.2716415292,66.1504926002,20.8427863694,110.264920499,34.620553112,55.8335097196,19.8108576672,110.264920499,0.145189540043,48.68,0.14801,"Mild temperate with dry summer, and  Hot summer","Mediterranean Forests, Woodlands, and Scrub",35.0685131243,15.9995989799,16.3280415535,16.4945158958,569.025009155,495.800003052,535.250015259,,6049979392.0,7504595456.0,9338611712.0,HIC,MDR,44.701718844,897.7882864536992,1.0,1
1708.0,ESP,Spain,Europe,Southern Europe,Granada,Granada,GISCO OSM,0.0,1.0,ESP,37.1633859135,-3.61399887563,78.0,308845.853645,325258.197479,328556.100174,355805.777451,10.0134840012,16.923166275,22.3596248627,24.2377758026,32.4222711199,52.0299454593,68.0542070314,68.1208044914,1.0,1.0,1.0,35.0,72.0,69.0,0.192821780691285,0.281697987372309,0.251885978089899,0.0998287529,56.1555938324,20.9693265701,77.2247491554,5.0349251566,71.3943136238,0.7955103750000001,77.2247491554,4.845421261,67.6058012069,4.7735266875,77.2247491554,0.019656723831500002,68.92,4.0019,"Mild temperate with dry summer, and  Hot summer","Mediterranean Forests, Woodlands, and Scrub",693.767377116,15.3757591248,15.4223003387,15.7323276997,438.450004578,443.025001526,418.900009155,5.890289783,3257611008.0,4083065600.0,5128112128.0,HIC,MDR,50.141087239,230.8700345348407,1.0,1
1846.0,ESP,Spain,Europe,Southern Europe,Murcia,Murcia,GISCO OSM,0.0,1.0,ESP,37.9915418216,-1.12995791031,142.0,248579.929432,290420.2251,304632.896461,354693.226593,28.6500587463,33.862613678,44.7934761047,54.5031929016,115.254915438,116.59867582,147.040837103,153.66290872,1.0,1.0,1.0,60.0,60.0,66.0,0.246977769642584,0.329346118020665,0.328162658416574,1.6191394647,105.108126028,35.8049332912,142.532198784,2.5968128216,136.005068594,3.9303173691,142.532198784,6.1928475696,131.226433532,5.1129176826,142.532198784,0.0771801682906,61.62,2.3806,"Steppe (semi-arid), and  Cold arid","Mediterranean Forests, Woodlands, and Scrub",53.0041316886,16.6074776649,16.7881116867,17.0157008171,383.400009155,295.925003052,296.825004578,7.016270161,4368829440.0,5047667200.0,6662376960.0,HIC,MDR,33.776346673,220.72333499595814,1.0,1
1908.0,ESP,Spain,Europe,Southern Europe,Alacant / Alicante,Alacant / Alicante,GISCO OSM,0.0,1.0,ESP,38.3771617788,-0.473484991196,128.0,186095.651436,226666.806427,254308.719208,331089.304073,53.3007621765,64.8626327515,68.3839111328,69.2616577148,286.415946666,286.158497461,268.901166055,209.193280673,1.0,1.0,1.0,71.0,112.0,117.0,0.196376813106358,0.271830122886909,0.262449706697745,0.0,48.336884851,79.5355172103,118.419889098,1.8070458811,101.345089827,24.7202663532,127.872402061,0.0,100.902104153,26.9702979081,127.872402061,0.00663123598373,45.89,0.17318,"Steppe (semi-arid), and  Hot arid","Mediterranean Forests, Woodlands, and Scrub",50.0221769854,17.8374438286,18.0311779976,18.2897186279,482.375007629,337.825004578,329.325004578,5.454100132,3847517952.0,4775940608.0,5964060160.0,HIC,MDR,41.687832966,238.26766973564952,1.0,1
1488.0,ESP,Spain,Europe,Southern Europe,Santa Cruz de Tenerife,Santa Cruz de Tenerife; San Cristóbal de La Laguna,GISCO OSM,0.0,1.0,ESP,28.4579611851,-16.2833888456,58.0,184513.825378,229622.937683,258679.140015,324645.186401,13.4934368134,13.4934368134,13.4934368134,13.6348934174,73.1296789586,58.7634534664,52.1628331244,41.9993703541,1.0,1.0,1.0,43.0,43.0,48.0,0.11248293966459,0.186523684210709,0.213234683200557,0.0,3.2799943824,54.2949505211,56.3178197946,0.0,31.9688454664,25.606099437,57.5749449034,1.4322360775,37.0372735966,19.1054352294,57.5749449034,0.00490006271041,76.5,0.030115,"Steppe (semi-arid), and  Hot arid","Mediterranean Forests, Woodlands, and Scrub",234.534961185,16.3645455837,16.9211773872,16.9975852966,584.625015259,457.300010681,423.75,27.04229927,1781507968.0,2530577152.0,3327151616.0,HIC,MDR,47.09958869,2214.43623533827,1.0,1
1814.0,ESP,Spain,Europe,Southern Europe,Pamplona,Pamplona,GISCO OSM,0.0,1.0,ESP,42.8150158422,-1.6467762125399998,54.0,219653.238159,244949.106812,257985.444733,296608.941742,13.1889705658,16.9076347351,23.916595459,27.2391300201,60.044507772,69.0250924169,92.7052124346,91.8351613413,1.0,1.0,1.0,34.0,35.0,45.0,0.233505503805085,0.350254221134261,0.344448305543234,0.0,49.3573395123,4.3992060625,53.7565455748,12.0674031627,41.689142412,0.0,53.7565455748,7.6389618047,45.3845577076,0.7330260625,53.7565455748,0.102018011434,49.56,2.4921,"Mild temperate, fully humid, and  Warm summer",Temperate Broadleaf and Mixed Forests,442.755542913,12.152752161,12.3238904476,12.6303777695,758.5,855.350006104,886.900024414,3.385550022,4772765696.0,6286300672.0,7325845504.0,HIC,MDR,59.580988142,213.10518003100336,1.0,1
1682.0,ESP,Spain,Europe,Southern Europe,Valladolid,Valladolid,GISCO OSM,0.0,1.0,ESP,41.6320389957,-4.73080031494,67.0,321581.739838,310434.61026,294135.785919,290635.783997,18.5478191376,25.7944850922,31.4880752563,34.9105453491,57.6768418099,83.0915247194,107.052853695,120.117849458,1.0,1.0,1.0,55.0,60.0,62.0,0.13339024273984,0.272828570266214,0.289442046355659,0.0,16.890980988,49.7815185458,66.6724995338,2.4257283919,60.5599203961,3.6868507458,66.6724995338,5.7151455453,57.2704006801,3.6869533083,66.6724995338,0.014303428090800001,47.9,-4.5921,"Mild temperate with dry summer, and  Hot summer","Mediterranean Forests, Woodlands, and Scrub",706.669656929,12.3173778057,12.3377606869,12.629420042,441.350006104,499.225006104,433.275009155,6.276850224,3327847936.0,4477637632.0,5240692736.0,HIC,MDR,56.411421078000004,93.56959640513377,1.0,1
1568.0,ESP,Spain,Europe,Southern Europe,Vigo,Vigo,GISCO OSM,0.0,1.0,ESP,42.2155765684,-8.72144773,94.0,288328.048088,280980.884644,267378.275955,265406.889839,35.9750442505,38.7487220764,40.7225456238,42.1067276001,124.771226695,137.905189264,152.303119909,158.649715633,1.0,1.0,1.0,79.0,88.0,91.0,0.270699166238231,0.456607780476343,0.477964938457795,0.4386271493,61.8062997843,31.4665234819,82.7652380777,51.6848346275,26.4794937809,15.5471220071,93.7114504154,54.0899982446,24.0738114762,15.5476406946,93.7114504154,0.535812709256,57.54,-1.4575,"Mild temperate with dry summer, and  Warm summer",Temperate Broadleaf and Mixed Forests,95.921452915,14.5983252525,14.4630374908,14.7915377617,1456.70004272,1817.55001831,1494.30001831,4.940330029,2997919232.0,3725116160.0,4450029568.0,HIC,MDR,26.964744081,318.3252313047517,1.0,1
1576.0,ESP,Spain,Europe,Southern Europe,A Coruña,A Coruña,GISCO OSM,0.0,1.0,ESP,43.3495640434,-8.40859133831,64.0,284744.322891,273233.212059,256794.227264,249860.794678,26.3776531219,27.5846424103,29.3113117218,30.1731758118,92.6362740234,100.956403515,114.143187851,120.759944955,1.0,1.0,1.0,61.0,61.0,64.0,0.031878276812838,0.385349639210641,0.395278253320374,0.0,0.0,62.7679495794,62.0410436419,26.4952672529,20.6805287439,16.7388339907,63.9146299875,23.5866891279,23.5891068689,16.7388339907,63.9146299875,0.250546680245,52.86,-1.003,"Mild temperate with dry summer, and  Warm summer",Temperate Broadleaf and Mixed Forests,46.0257231294,13.701105117800001,13.6461772919,13.926119566,1148.7749939,1472.07501221,1237.65000916,5.076759815,2929669376.0,3582041088.0,4594728960.0,HIC,MDR,44.239710048,329.58486569767774,1.0,1
1655.0,ESP,Spain,Europe,Southern Europe,Gijón,Gijón,GISCO OSM,0.0,1.0,ESP,43.532630804,-5.68710946899,57.0,301384.709412,275729.505142,250177.930511,229260.787033,18.0103282928,18.5034008026,19.9844932556,21.2055110931,59.7585999901,67.1070758027,79.8811198684,92.4951509046,1.0,1.0,1.0,51.0,51.0,54.0,0.264790639291202,0.317031211988548,0.325205834097244,1.5406222333000001,37.8526290493,17.4586353451,50.8212008914,18.8718240049,25.1929816475,12.7870809752,56.8518866277,19.8149748127,24.2496179022,12.787293912700001,56.8518866277,0.125029190779,62.79,-0.73855,"Mild temperate with dry summer, and  Warm summer",Temperate Broadleaf and Mixed Forests,29.763295712,14.3450653553,14.3126337528,14.5605928898,756.775009155,898.525024414,859.375,6.395199776,2460907776.0,2832592384.0,3090713856.0,HIC,MDR,42.366815538,251.97704069022768,1.0,1
1650.0,ESP,Spain,Europe,Southern Europe,Algeciras,Algeciras,GISCO OSM,1.0,2.0,ESP; GIB,36.1834478691,-5.4008087643,69.0,185706.742046,197879.182518,198417.918468,215006.985806,23.5739822388,25.0668010712,26.3267688751,26.8381843567,126.941983791,126.677302545,132.683424352,124.82470863,1.0,1.0,1.0,64.0,64.0,67.0,0.179243555986044,0.269368470492238,0.235451064909688,0.0,33.2844240221,35.7886327132,61.1720366654,11.8818868824,38.473315011,18.7178548419,69.0730567353,3.4863205897,40.3216694953,25.2650666502,69.0730567353,0.0203750803565,61.1,0.82253,"Mild temperate with dry summer, and  Hot summer","Mediterranean Forests, Woodlands, and Scrub",19.8905152742,18.0972652435,18.1377601624,18.4014644623,666.025009155,572.075019836,489.050003052,4.52575016,2418634240.0,2939056896.0,3433617920.0,HIC,MDR,51.189777557,353.75348960014577,1.0,1
1797.0,ESP,Spain,Europe,Southern Europe,Donostia / San Sebastián,Donostia / San Sebastián,GISCO OSM,0.0,1.0,ESP,43.3084202811,-1.95617138148,46.0,246218.784367,236169.541409,222353.209156,214645.343834,15.6937990189,16.5246906281,17.4272384644,18.0761222839,63.7392433694,69.969609669,78.376374825,84.213903554,1.0,1.0,1.0,43.0,43.0,44.0,0.288604207755501,0.412532004196292,0.464768472398229,15.1000226485,24.099390523,6.0402045647,45.2396177363,24.7662521495,18.0693870221,2.4039785647,45.2396177363,32.7220139179,10.8408492537,1.6767545647,45.2396177363,0.388909918235,71.13,-0.93903,"Mild temperate, fully humid, and  Warm summer",Temperate Broadleaf and Mixed Forests,52.6037218645,12.6347739697,12.8316085339,13.0313146114,1048.20002747,1198.7250061,1260.97503662,3.4889500140000003,4169303040.0,5228874240.0,5649367040.0,HIC,MDR,43.116794762,249.70493519489233,1.0,1
1705.0,ESP,Spain,Europe,Southern Europe,Santander,Santander,GISCO OSM,0.0,1.0,ESP,43.4494549185,-3.82823883538,66.0,182391.943798,191380.146873,193065.037529,206816.03138,18.582649231,23.5358352661,24.3742733002,25.0712108612,101.883059328,122.97950258,126.249027852,121.224697592,1.0,1.0,1.0,51.0,58.0,63.0,0.24425979377803,0.367890870054497,0.373585967858958,0.36176345320000003,44.7424524696,21.1309705473,65.5095544701,30.1192295419,24.7737236346,11.3422332936,66.2351864701,26.8783684681,25.7834084152,13.5734095868,66.2351864701,0.22219836877899998,62.02,0.81472,"Mild temperate, fully humid, and  Warm summer",Temperate Broadleaf and Mixed Forests,17.9420074574,12.5074141026,12.5328936577,12.7700412273,890.525009155,983.599990845,1001.55003357,6.97465992,2570482944.0,3107085312.0,3709563136.0,HIC,MDR,53.273617622,210.1863739221492,1.0,1
1750.0,ESP,Spain,Europe,Southern Europe,Vitoria-Gasteiz,Vitoria-Gasteiz,GISCO OSM,0.0,1.0,ESP,42.8506682539,-2.6894908859699997,42.0,166861.687096,179445.750055,182575.764786,203908.50824,14.3081932068,16.4988098145,18.7657432556,21.2694664001,85.7488226077,91.9431628187,102.783319997,104.30887158,1.0,1.0,1.0,25.0,31.0,41.0,0.152790924487999,0.286439790656636,0.315979123260747,1.0057991409,21.1235743998,20.5711185382,42.7004920789,13.342764451,27.8924106904,1.4653169375,42.7004920789,9.4600529672,31.0419909868,2.198448125,42.7004920789,0.0594878266469,49.36,1.9874,"Mild temperate, fully humid, and  Warm summer",Temperate Broadleaf and Mixed Forests,523.309789,11.1319141388,11.2757339478,11.5306146145,735.925018311,828.375015259,847.275009155,3.210220098,2774701824.0,3702044416.0,4605410304.0,HIC,MDR,92.695376146,192.21971589712507,1.0,1
1673.0,ESP,Spain,Europe,Southern Europe,Córdoba,Córdoba,GISCO OSM,0.0,1.0,ESP,37.8834275274,-4.78442659764,37.0,243782.014801,223267.212341,193077.532776,185874.608521,10.5321054459,11.8990058899,14.5423793793,15.2771501541,43.2029633296,53.294909562,75.3188585445,82.190624506,1.0,1.0,1.0,32.0,33.0,35.0,0.170452114991312,0.261431934387365,0.270425172319024,0.0,22.8430440873,14.3448340946,37.1878781819,0.636271201,34.1878492309,2.36375775,37.1878781819,2.5394229402,33.8605359917,0.7879192500000001,37.1878781819,0.0175208335927,58.7,-1.3634,"Mild temperate with dry summer, and  Hot summer","Mediterranean Forests, Woodlands, and Scrub",124.162377036,17.6031179428,17.4863767624,17.8759307861,490.575004578,490.825012207,444.525009155,7.62650013,1699137536.0,2028881024.0,2348805376.0,HIC,MDR,82.010166787,204.85994543437423,1.0,1
1719.0,ESP,Spain,Europe,Southern Europe,Alcalá de Henares,Alcalá de Henares,GISCO OSM,0.0,1.0,ESP,40.4929402385,-3.3788600351399998,39.0,125830.564344,143995.064851,157097.033981,184496.669464,7.71135663986,11.5650234222,18.0219364166,19.6532154083,61.2836529824,80.3154152139,114.718502061,106.523415655,1.0,1.0,1.0,29.0,30.0,37.0,0.207466884969906,0.319766076480182,0.296261077288095,0.4974589042,25.233560865,13.2477995936,38.9788193627,6.5715744882,32.4072448745,0.0,38.9788193627,7.5913375132,29.8680957245,1.519386125,38.9788193627,0.0156409922541,49.62,2.1394,"Steppe (semi-arid), and  Cold arid","Mediterranean Forests, Woodlands, and Scrub",600.970572251,14.7174360752,14.7553610802,15.1757581234,398.475006104,408.824996948,368.325004578,10.52700043,2559515904.0,3629696000.0,4344805888.0,HIC,MDR,63.471099389,1.2720673501849749,1.0,1
1649.0,ESP,Spain,Europe,Southern Europe,Oviedo,Oviedo,GISCO OSM,0.0,1.0,ESP,43.3755643282,-5.83354215826,30.0,227816.350525,206242.022797,185423.019531,170845.53186,10.8957986832,11.3015174866,13.1254329681,14.2472715378,47.8271145072,54.797355715,70.7864266331,83.3927079195,1.0,1.0,1.0,29.0,29.0,30.0,0.301687306218483,0.344821432146666,0.35634913796778,4.2312758645,22.5003734561,2.906881125,29.6385304456,18.5518281804,11.0867022652,0.0,29.6385304456,16.2465541483,13.3919762973,0.0,29.6385304456,0.154309976696,54.16,-1.2302,"Mild temperate with dry summer, and  Warm summer",Temperate Broadleaf and Mixed Forests,204.490484248,11.0524835587,10.9829852581,11.2349624634,842.725006104,1000.67501831,918.550048828,5.680580139,1542501120.0,1775474048.0,1916365824.0,HIC,MDR,59.443702634,241.44417066217224,1.0,1
1758.0,ESP,Spain,Europe,Southern Europe,Almeria,Almeria,GISCO OSM,0.0,1.0,ESP,36.848474914,-2.42218572122,60.0,87321.4695587,112117.598549,127531.021263,169120.676308,13.2053384781,18.5701160431,19.1680583954,19.3302440643,151.226709134,165.630697441,150.301144032,114.298526273,1.0,1.0,1.0,20.0,34.0,41.0,0.12765400147922,0.244948908373662,0.209585782485151,0.0,4.3864761561,55.8451328051,59.5924365779,0.0,49.2738262681,10.9577826931,60.2316089613,0.0,37.480817389,22.7507915723,60.2316089613,7.21293532898e-06,67.78,0.097594,"Steppe (semi-arid), and  Hot arid","Mediterranean Forests, Woodlands, and Scrub",41.4761623794,18.0895972252,18.169778347,18.3620266914,309.600006104,267.850009918,260.875007629,7.866390228,2211622144.0,3002719744.0,3475477248.0,HIC,MDR,39.832465812,294.5670375832519,1.0,1
1952.0,ESP,Spain,Europe,Southern Europe,Castellón de la Plana,Castellón de la Plana,GISCO OSM,0.0,1.0,ESP,39.9712816888,-0.068929442189,45.0,91317.4593201,113721.823914,126881.942474,158875.253357,18.0860519409,21.3826503754,22.6569099426,24.4115638733,198.056889401,188.025918329,178.566859088,153.652399335,1.0,1.0,1.0,20.0,23.0,38.0,0.253924249717783,0.293118433714342,0.255220859374051,8.8367661681,26.8535622478,9.1861094375,44.8764378534,5.201932688,39.6745051654,0.0,44.8764378534,4.2029142118,35.3140605167,5.359463125,44.8764378534,0.0206634445241,45.76,0.39621,"Steppe (semi-arid), and  Cold arid","Mediterranean Forests, Woodlands, and Scrub",45.4079714831,17.1090812683,17.5174741745,17.7800168991,471.725006104,389.550010681,356.175003052,3.181250095,1665849344.0,2084236416.0,2365509888.0,HIC,MDR,55.780996121,231.10437320232168,1.0,1
1651.0,ESP,Spain,Europe,Southern Europe,Salamanca,Salamanca,GISCO OSM,0.0,1.0,ESP,40.9582488121,-5.65650354556,29.0,190959.188507,171347.721619,154204.512115,143857.124664,8.19014167786,12.2269868851,15.0331764221,15.9801664352,42.8894872349,71.3577441799,97.4885638292,111.083594035,1.0,1.0,1.0,26.0,28.0,28.0,0.177177853696489,0.322227319185964,0.338516641156912,0.0,13.8561138873,15.0708925434,28.9270064306,4.1924554056,24.734551025000002,0.0,28.9270064306,5.5857735907,22.586872715,0.754360125,28.9270064306,0.0745400785329,44.9,-1.5308,"Mild temperate with dry summer, and  Hot summer","Mediterranean Forests, Woodlands, and Scrub",797.493647593,12.6429998875,12.4944722652,12.9097576141,494.100013733,539.975006104,472.400009155,5.872690201,1748810752.0,2097651200.0,2310155520.0,HIC,MDR,63.665496711,103.9639483421663,1.0,1
1768.0,ESP,Spain,Europe,Southern Europe,Logroño,Logroño,GISCO OSM,0.0,1.0,ESP,42.46368189,-2.43719776939,32.0,106116.969418,119374.25158,125350.623794,142369.672089,8.04038047791,10.8535671234,12.2877960205,13.6750164032,75.7690360179,90.9205040428,98.0274022468,96.052875606,1.0,1.0,1.0,24.0,26.0,27.0,0.21047907196869,0.311030637729917,0.34897823273204,0.0,26.3329305527,5.4844811373,31.81741169,4.0633114618,27.7541002282,0.0,31.81741169,5.5170008571,26.3004108328,0.0,31.81741169,0.09754781131580001,57.25,1.3117,"Mild temperate, fully humid, and  Hot summer","Mediterranean Forests, Woodlands, and Scrub",394.187572153,11.261598587,11.4288437366,11.706595182400001,599.200012207,671.650024414,678.150009155,4.05880022,1730428544.0,2305916416.0,2605788160.0,HIC,MDR,65.312400907,171.85958919449024,1.0,1
1662.0,ESP,Spain,Europe,Southern Europe,León,León,GISCO OSM,0.0,1.0,ESP,42.5913885232,-5.57936683043,36.0,191016.268829,167133.197174,152867.195251,140028.38208,11.6884880066,15.2380638123,16.8914833069,18.7401885986,61.1910602077,91.173172475,110.497764279,133.831358474,1.0,1.0,1.0,34.0,33.0,33.0,0.229798490848993,0.369295172737906,0.381305908325077,1.7573050324000001,28.5812992343,5.3678857275,35.7064899941,16.4498863532,17.7852092034,1.4713944375,35.7064899941,15.6291815088,18.6059140478,1.4713944375,35.7064899941,0.16969848510000002,47.94,-1.1691,"Mild temperate with dry summer, and  Warm summer","Mediterranean Forests, Woodlands, and Scrub",833.640372544,10.2053411007,10.1332399845,10.4259903431,727.375015259,856.600006104,754.750015259,6.053959846,1583113216.0,1946122368.0,2277971456.0,HIC,MDR,46.754190154,178.64162169931487,1.0,1
1654.0,ESP,Spain,Europe,Southern Europe,Ceuta,Ceuta,GISCO OSM,1.0,2.0,ESP; MAR,35.8752756383,-5.3345691424,26.0,61445.0074615,81624.7680054,98713.8879395,137944.922485,7.1480879783599995,7.27849769592,7.4713973999,7.74415159225,116.333096433,89.1702098981,75.6873987628,56.1394464742,1.0,1.0,1.0,16.0,16.0,17.0,0.17629902138875,0.242092476610676,0.214848256571695,0.0,11.4670779012,14.2964136689,20.760844888,1.5288572684,14.9896949417,9.24493936,25.7634915701,3.4597245343000003,10.8868396402,11.4169273956,25.7634915701,0.0226891715085,70.23,0.11818,"Mild temperate with dry summer, and  Hot summer","Mediterranean Forests, Woodlands, and Scrub",31.3053456202,17.8649587631,17.9456243515,18.1599445343,581.450019836,491.575004578,424.900001526,4.52575016,202646560.0,264822208.0,560285120.0,HIC,MDR,72.826312872,431.39127412814946,1.0,1
2083.0,ESP,Spain,Europe,Southern Europe,Girona,Girona,GISCO OSM,0.0,1.0,ESP,41.9822658288,2.80951859213,29.0,56009.9064941,77755.2698975,93906.7984619,132100.22583,10.1250114441,10.5750150681,12.2857847214,12.7505245209,180.771796953,136.003837193,130.829555715,96.5215951809,0.0,1.0,1.0,0.0,17.0,26.0,,0.360212304081248,0.353752196154042,0.0,0.0,0.0,0.0,10.7542779284,17.9766930544,0.0,28.7309709828,13.6205991115,15.1103718713,0.0,28.7309709828,0.132258765496,56.03,0.35298,"Mild temperate with dry summer, and  Hot summer","Mediterranean Forests, Woodlands, and Scrub",91.2243414711,15.1451871395,15.619505167,15.8477981091,696.650009155,628.450027466,613.425018311,20.5156002,1176448384.0,1338247936.0,2009938944.0,HIC,MDR,50.446527021,394.038520574269,1.0,1
2008.0,ESP,Spain,Europe,Southern Europe,Tarragona,Tarragona,GISCO OSM,0.0,1.0,ESP,41.1145034335,1.22431141551,45.0,60039.538559,81524.8560867,95532.3000984,131944.498962,14.3952350616,15.5650939941,18.8041801453,20.0813159943,239.762586575,190.924519727,196.835835899,152.195174124,0.0,1.0,1.0,0.0,27.0,35.0,0.211258546557517,0.259833390906615,0.250193819120061,0.2803946654,29.1399712032,15.6557189963,36.6614779502,1.1390777284,31.5724011402,12.3646059963,45.076084865,3.7983821978,26.938198548,14.3395041191,45.076084865,0.0241405115336,55.38,0.52912,"Steppe (semi-arid), and  Cold arid","Mediterranean Forests, Woodlands, and Scrub",20.4875792124,15.4712839127,15.8886899948,16.1616342068,535.850021362,521.100013733,524.300003052,12.7876997,1954110208.0,2032169344.0,2743866112.0,HIC,MDR,59.67727623,293.2018562969418,1.0,1
1627.0,ESP,Spain,Europe,Southern Europe,Jerez,Jerez,GISCO OSM,0.0,1.0,ESP,36.6886208263,-6.12057587139,37.0,126388.804405,128575.13092,126050.265167,130423.645996,14.682128906199999,18.7400569916,21.8423233032,23.4094104767,116.166372293,145.751801748,173.28264462,179.487471753,1.0,1.0,1.0,26.0,31.0,34.0,0.216390193740084,0.330670202486179,0.302117259920772,0.0,23.3844587892,13.2900473738,36.674506163,1.810731863,34.8637743,0.0,36.674506163,1.9458021998000001,33.1278895882,1.6008143750000001,36.674506163,0.0311664003713,36.73,15.5854,"Mild temperate with dry summer, and  Hot summer","Mediterranean Forests, Woodlands, and Scrub",37.4149101686,18.5927109718,18.5340895653,18.8943190575,603.949996948,550.325012207,462.0,5.921860218,1530559872.0,1859893760.0,2136420096.0,HIC,MDR,91.357290345,324.55342292635385,1.0,1
1618.0,ESP,Spain,Europe,Southern Europe,Cádiz,Cádiz,GISCO OSM,0.0,1.0,ESP,36.5188415486,-6.26592573463,30.0,109717.445587,120068.665886,120609.362946,130037.404694,6.91540241241,9.57326126099,9.86176776886,10.0777072906,63.0291962724,79.7315535269,81.7661873673,77.4985267846,1.0,1.0,1.0,17.0,18.0,20.0,0.0969391272370743,0.170277956844327,0.163443700244647,0.0,1.0629981534,29.1390436819,18.3944311828,0.0,4.6171799304,25.5848619049,29.7524145409,0.0,2.3619827841,27.8400590512,30.2020418353,0.0,66.4,0.64384,"Mild temperate with dry summer, and  Hot summer","Mediterranean Forests, Woodlands, and Scrub",4.10860753812,18.5927109718,18.5340895653,18.8943190575,603.949996948,550.325012207,462.0,,1554933248.0,1889511808.0,2252765952.0,HIC,MDR,60.679221535,340.2581411278751,1.0,1
2066.0,ESP,Spain,Europe,Southern Europe,Mataró,Mataró,GISCO OSM,0.0,1.0,ESP,41.5463504251,2.45095844186,28.0,93992.9188843,104935.670471,109507.819458,123418.233582,8.278632164,8.37401008606,9.75437736511,10.110537529,88.0771898806,79.8013682903,89.0747109511,81.9209385484,1.0,1.0,1.0,20.0,20.0,26.0,,0.248205513005512,0.265635578528822,0.0,0.0,0.0,0.0,2.7937446605,17.4687368689,7.4207541654,27.6832356949,6.1539781299,14.8563530245,6.6729045404,27.6832356949,0.0407049899939,63.89,1.1616,"Mild temperate, fully humid, and  Hot summer","Mediterranean Forests, Woodlands, and Scrub",64.6255336922,13.8569443226,14.3020784855,14.5450572968,695.200012207,659.800033569,640.775009155,22.14850044,1539452928.0,2032941312.0,2419889152.0,HIC,MDR,29.588076702,368.1860685018296,1.0,1
1665.0,ESP,Spain,Europe,Southern Europe,Marbella,Marbella,GISCO OSM,0.0,1.0,ESP,36.4927748973,-4.96408379947,60.0,69936.1586952,86331.0055695,96365.0423889,119626.585754,12.8458480835,16.6737957001,19.910993576,20.9825134277,183.67963472899999,193.137976212,206.620503478,175.400085988,0.0,1.0,1.0,0.0,29.0,50.0,0.279487260517273,0.372878571519107,0.375500410242143,0.0,46.8003487939,13.3623476397,57.9312597255,6.1859404373,50.049534115,3.9272218814,60.1626964336,7.8332646846,40.5721137343,11.757318014700001,60.1626964336,0.139494282686,65.03,0.70466,"Mild temperate with dry summer, and  Hot summer","Mediterranean Forests, Woodlands, and Scrub",37.3199147395,,,,,,,4.44494009,1046232576.0,1258870656.0,1847487232.0,HIC,MDR,36.722204161,314.9295271551913,1.0,1
1711.0,ESP,Spain,Europe,Southern Europe,Burgos,Burgos,GISCO OSM,0.0,1.0,ESP,42.3497872242,-3.68147625565,33.0,125985.779002,128582.466887,117386.873787,117186.511841,11.2450895309,14.7293567657,16.1642131805,17.5561485291,89.2568162852,114.55182905,137.700346377,149.813730721,1.0,1.0,1.0,26.0,28.0,32.0,0.170528341695234,0.336015069321645,0.341489082606086,0.0,15.1630211532,17.5252459777,32.6882671309,12.9236036039,19.764663527,0.0,32.6882671309,14.6297669157,17.3199357777,0.7385644375,32.6882671309,0.125849466618,46.79,-1.8918,"Mild temperate with dry summer, and  Warm summer","Mediterranean Forests, Woodlands, and Scrub",875.10303027,11.4997515678,11.6022984982,11.8964555264,526.650024414,599.700012207,557.000015259,4.927619934,1705871232.0,2256004608.0,2367251456.0,HIC,MDR,56.404626153,126.96877476757334,1.0,1
1599.0,ESP,Spain,Europe,Southern Europe,Huelva,Huelva,GISCO OSM,0.0,1.0,ESP,37.2589987287,-6.93911756414,25.0,100011.684265,106492.631226,106236.40332,113532.649231,11.0284204483,11.5936479568,11.9838848114,12.2609357834,110.27132009,108.868076818,112.803939486,107.994800319,1.0,1.0,1.0,17.0,17.0,23.0,0.135319604290936,0.274996215508509,0.258058510916765,0.0,3.4606187821,21.3173709292,24.777989711300002,0.0,21.044950535,3.7330391762,24.777989711300002,0.2992149235,20.745872435,3.7329023527,24.777989711300002,0.0225900162761,50.96,0.87419,"Mild temperate with dry summer, and  Hot summer","Mediterranean Forests, Woodlands, and Scrub",15.7524516602,18.5496320724,18.5027194023,18.8466463089,576.875007629,534.300010681,444.824996948,7.404980183,1255968896.0,1443105408.0,1352097024.0,HIC,MDR,73.383207855,312.78895927518045,1.0,1
1888.0,ESP,Spain,Europe,Southern Europe,Torrevieja,Torrevieja,GISCO OSM,0.0,1.0,ESP,37.975762025,-0.6956755655019999,54.0,52907.3551106,67386.8163385,81253.5771031,105359.617054,13.3064308167,15.4922914505,24.9844264984,27.1641311646,251.504366242,229.900925615,307.487096435,257.822986872,0.0,0.0,1.0,0.0,0.0,33.0,0.157150187240882,0.242608685019968,0.239536471794991,0.0,11.7096472811,42.0173191809,47.4551091811,0.0,36.8741232728,16.8528431892,53.726966462,0.061723382400000006,40.0302096267,13.6350334529,53.726966462,0.00450654070958,49.7,1.2565,"Steppe (semi-arid), and  Hot arid","Mediterranean Forests, Woodlands, and Scrub",14.6679600219,17.6976628304,17.8986840248,18.0961084366,354.049995422,268.000011444,274.275009155,7.054759979,1180659200.0,1465557376.0,1958437504.0,HIC,MDR,40.310718695,251.10314811774347,1.0,1
1479.0,ESP,Spain,Europe,Southern Europe,Puerto de la Cruz,Puerto de la Cruz; La Orotava; Realejo Alto,GISCO OSM,0.0,1.0,ESP,28.3977749936,-16.552901855400002,29.0,56786.076355,70668.8832092,79611.2380981,97808.3622437,2.65631484985,2.65631484985,2.65631484985,2.7029504776,46.777573313,37.5881820856,33.3660788767,27.6351675419,0.0,0.0,1.0,0.0,0.0,27.0,0.36826867096757,0.385559135212681,0.352670832280099,1.7492928377,22.7981711782,3.7971181657,26.162540337,11.8340327417,14.3285075953,2.1820418446,28.3445821816,7.2110817902,18.9514585468,2.1820418446,28.3445821816,0.0621303590981,90.69,0.053551,"Mild temperate with dry summer, and  Warm summer","Mediterranean Forests, Woodlands, and Scrub",214.917620778,16.634642601,17.1831974983,17.244509697,504.500007629,369.525009155,336.875,27.04229927,769464960.0,1093001344.0,1581148032.0,HIC,MDR,17.193919544,2238.3423393053245,1.0,1
1991.0,ESP,Spain,Europe,Southern Europe,Lleida,Lleida,GISCO OSM,0.0,1.0,ESP,41.6174797201,0.638201449356,25.0,70937.0144396,79789.0720978,83048.9902954,97783.2924805,7.87898302078,9.63673400879,11.5263214111,13.1327953339,111.070124434,120.777617228,138.789422606,134.305104693,1.0,1.0,1.0,17.0,21.0,22.0,0.220953930285693,0.342431367967253,0.328104472972639,0.3719483551,19.2079244843,5.2260778797,24.8059507191,11.2777613904,13.5281893287,0.0,24.8059507191,10.5801046049,14.2258461142,0.0,24.8059507191,0.0929181707173,47.48,1.522,"Steppe (semi-arid), and  Cold arid","Mediterranean Forests, Woodlands, and Scrub",172.861521236,14.8210556507,15.2114694119,15.5069420338,499.625015259,527.75,509.575004578,9.865819931,1409577472.0,1802167296.0,2207547392.0,HIC,MDR,33.035712776,259.9537468249545,1.0,1
1801.0,ESP,Spain,Europe,Southern Europe,Albacete,Albacete; Albacete,GISCO OSM,0.0,1.0,ESP,39.000196386,-1.8630898347799998,19.0,112217.802734,101638.07666,96245.0556641,93876.9890137,8.13348579407,11.2954092026,11.6549100876,12.2657432556,72.479460441,111.133637843,121.096195614,130.657612526,1.0,1.0,1.0,18.0,19.0,19.0,0.142443480069066,0.249081869522217,0.229561711104538,0.0,0.4139293882,18.2842355539,18.698164942200002,0.07300341760000001,18.6251615245,0.0,18.698164942200002,0.07300341760000001,15.520964837,3.1041966875,18.698164942200002,0.00129446250862,35.42,-1.0375,"Steppe (semi-arid), and  Cold arid","Mediterranean Forests, Woodlands, and Scrub",681.923161215,14.3945364952,14.6288022995,14.9102268219,424.400016785,348.725006104,345.325012207,4.366950035,1065998912.0,1301756032.0,1541819392.0,HIC,MDR,53.542701721,138.49860629412183,1.0,1
2006.0,ESP,Spain,Europe,Southern Europe,Reus,Reus,GISCO OSM,0.0,1.0,ESP,41.15376819,1.1087207215000001,20.0,40418.7876587,55300.6242676,63977.6383667,85444.4372559,6.97934341431,7.45821094513,8.64926528931,9.17468547821,172.675723806,134.866668214,135.192006303,107.376041939,0.0,0.0,1.0,0.0,0.0,16.0,0.245148090953458,0.306958837136554,0.307658388144565,0.410206375,17.2071137728,2.256798625,19.8741187728,0.6816099672,18.4402764306,0.7522323750000001,19.8741187728,2.6844943691000003,16.4373920287,0.7522323750000001,19.8741187728,0.036989556506,54.15,0.47608,"Steppe (semi-arid), and  Cold arid","Mediterranean Forests, Woodlands, and Scrub",124.364673499,15.4712839127,15.8886899948,16.1616342068,535.850021362,521.100013733,524.300003052,12.7876997,1188091392.0,1235550848.0,1606783104.0,HIC,MDR,34.929520369,288.9841844420038,1.0,1
1622.0,ESP,Spain,Europe,Southern Europe,San Fernando,San Fernando,GISCO OSM,0.0,1.0,ESP,36.4624864941,-6.20134762212,14.0,71293.4993896,75607.1465454,76732.2523193,82676.7315674,4.67731523514,5.93180990219,6.29071474075,6.37802410126,65.6064756981,78.4556774488,81.9826676607,77.1441248383,1.0,1.0,1.0,13.0,14.0,14.0,0.174765612051919,0.258355256067335,0.247498770607606,0.0,4.8633633887,9.2127939252,14.0131791473,0.0881594069,12.6847721681,1.303225739,14.076157314,0.0881594069,11.8192791265,2.1687187806,14.076157314,0.0303334079064,54.43,0.8114,"Mild temperate with dry summer, and  Hot summer","Mediterranean Forests, Woodlands, and Scrub",8.32718620183,18.439040184,18.431081295,18.7602658272,573.725006104,518.850013733,436.700004578,5.921860218,596904512.0,725341824.0,866026112.0,HIC,MDR,64.144101552,345.46840888341995,1.0,1
1647.0,ESP,Spain,Europe,Southern Europe,Avilés,Avilés,GISCO OSM,0.0,1.0,ESP,43.5598075837,-5.91589716427,23.0,104623.021973,95673.1160278,87565.4520264,81509.1585693,8.87602233887,9.26267147064,9.5975933075,9.93498039246,84.8381376442,96.8158230359,109.604793733,121.887902744,1.0,1.0,1.0,23.0,23.0,23.0,0.278112969937725,0.316993825805535,0.34147637907562,0.45469124310000003,16.7164242735,6.0722056495,23.2433211662,9.9921032868,11.0107527015,2.2404651779,23.2433211662,7.3783354877,12.900271563,2.9647141154,23.2433211662,0.14971338662,56.83,-0.43733,"Mild temperate with dry summer, and  Warm summer",Temperate Broadleaf and Mixed Forests,32.1452216203,14.3450653553,14.3126337528,14.5605928898,756.775009155,898.525024414,859.375,5.680580139,898325056.0,1034004352.0,1151879168.0,HIC,MDR,72.993061024,256.7345475086463,1.0,1
1885.0,ESP,Spain,Europe,Southern Europe,Elx / Elche,Elx / Elche,GISCO OSM,0.0,1.0,ESP,38.2634711967,-0.7034023768609999,36.0,50313.0570068,61338.444458,63139.4490356,79866.9145508,20.810131073,24.1611042023,25.11743927,25.2218933105,413.612932925,393.898221837,397.808971311,315.799019562,0.0,0.0,1.0,0.0,0.0,30.0,0.216329798721358,0.303112415910655,0.287614949042832,0.0,24.189678838,11.9879048458,36.1775836838,0.0,36.1775836838,0.0,36.1775836838,0.0,33.8258819338,2.35170175,36.1775836838,0.00657666715754,29.94,0.16279,"Steppe (semi-arid), and  Hot arid","Mediterranean Forests, Woodlands, and Scrub",88.1441240945,17.955321312,18.1398878098,18.3929390907,381.075004578,279.775001526,272.100006104,5.454100132,1294243584.0,1606549760.0,1876102656.0,HIC,MDR,55.5936385,235.52308148609163,1.0,1
1495.0,ESP,Spain,Europe,Southern Europe,Arinaga,Arinaga,GISCO OSM,0.0,1.0,ESP,27.8569696068,-15.4325821314,24.0,46407.2143135,57149.4118595,63931.9361839,79429.9478226,7.49034833908,7.49034833908,7.49034833908,7.5557212829600005,161.404825734,131.066061668,117.161293497,95.1243389941,0.0,0.0,1.0,0.0,0.0,17.0,0.160854304671166,0.188373323997768,0.14243622162668,0.0,12.4062294765,11.3192494382,23.7116623118,0.0,17.7952345534,5.9302443613,22.9413866978,0.0,11.5915251983,12.1339537164,23.7254789147,0.0,68.5,0.026396,"Desert (arid), and  Hot arid","Mediterranean Forests, Woodlands, and Scrub",81.5578507202,19.1617155075,19.7232427597,19.8222846985,373.200004578,308.550006866,250.024997711,11.52600002,735132992.0,1044233984.0,1273679104.0,HIC,MDR,34.050073445,1991.1459899746988,1.0,1
1947.0,ESP,Spain,Europe,Southern Europe,Gandia,Gandia,GISCO OSM,0.0,1.0,ESP,38.9807371466,-0.162335792904,29.0,59566.5370979,66525.9667664,69374.6877785,78972.3567123,7.72833490372,8.6467924118,10.7276697159,11.3807535172,129.742893917,129.976200754,154.633772914,144.110597568,0.0,0.0,1.0,0.0,0.0,28.0,0.256516529308167,0.337431877266495,0.28964750798633,9.440691952,11.518706324,7.8807824395,23.7236410186,12.557772505900001,10.3894317627,5.8929764468,28.8401807154,9.6100756439,13.3371286248,5.8929764468,28.8401807154,0.0679208871344,60.76,1.6019,"Mild temperate with dry summer, and  Hot summer","Mediterranean Forests, Woodlands, and Scrub",10.9606789675,16.6108222008,16.8732089996,17.1316080093,469.800018311,346.600006104,325.75,4.051209927,993847808.0,1181749760.0,1345436928.0,HIC,MDR,50.624589394,230.6871479747276,1.0,1
1602.0,ESP,Spain,Europe,Southern Europe,Badajoz,Badajoz,GISCO OSM,0.0,1.0,ESP,38.8797314643,-6.98130181481,20.0,104622.511307,94117.8026886,82108.690918,77577.0029907,3.71197414398,7.70196056366,9.54346370697,9.95241355896,35.4796888128,81.8331956723,116.22964147,128.290771431,1.0,1.0,1.0,18.0,19.0,19.0,0.142651342073709,0.274941919370552,0.272671644727161,0.0,7.1727784429,12.6235517275,19.7963301703,0.2316165922,19.5647135782,0.0,19.7963301703,2.1795032355,17.6168269348,0.0,19.7963301703,0.00591845876999,50.25,-1.3263,"Mild temperate with dry summer, and  Hot summer","Mediterranean Forests, Woodlands, and Scrub",181.180250784,17.0744214058,16.9604363441,17.3496146202,543.550003052,563.100013733,482.750007629,9.583379745,710099904.0,921411456.0,995561920.0,HIC,MDR,64.62709322,221.35228767082748,1.0,1
1950.0,ESP,Spain,Europe,Southern Europe,Benidorm,Benidorm; Alfaz del Pi,GISCO OSM,0.0,1.0,ESP,38.5510330349,-0.130763395971,36.0,39948.7725525,51346.4268188,57484.2136993,74729.9743805,9.0569152832,10.4622097015,13.2896499634,13.4606962204,226.713230583,203.757307952,231.187818501,180.124459188,0.0,0.0,0.0,0.0,0.0,0.0,0.250575147721571,0.292851094608967,0.285432030933432,0.0,26.8744882576,9.4250935814,30.9267633037,0.0,28.5345590696,7.7650227694,36.299581839,0.0,29.3157184446,6.9838633944,36.299581839,0.00186631690638,62.61,0.6715,"Steppe (semi-arid), and  Hot arid","Mediterranean Forests, Woodlands, and Scrub",70.4595587221,16.6108222008,16.8732089996,17.1316080093,469.800018311,346.600006104,325.75,6.456920147,796448256.0,988634688.0,1261619456.0,HIC,MDR,39.804391146,261.828745919635,1.0,1
1863.0,ESP,Spain,Europe,Southern Europe,Cartagena,Cartagena,GISCO OSM,0.0,1.0,ESP,37.6184370441,-0.991876711389,29.0,56294.0226746,64055.8390808,65111.5978699,74435.0184326,11.9710426331,13.1048879623,16.0904407501,16.7234535217,212.652108773,204.585376609,247.120962724,224.671853032,0.0,1.0,1.0,0.0,22.0,25.0,0.148045737472929,0.255800544028378,0.23577412734672,0.0,7.6034596279,21.2968100951,28.900269723,0.0,26.7013517767,2.1989179463,28.900269723,0.19841454120000002,26.4285814576,2.2732737243,28.900269723,0.00046207434423,42.34,1.6237,"Steppe (semi-arid), and  Cold arid","Mediterranean Forests, Woodlands, and Scrub",31.6815095852,17.6976628304,17.8986840248,18.0961084366,354.049995422,268.000011444,274.275009155,,1266298624.0,1462809984.0,1896429184.0,HIC,MDR,46.286237519,248.3356544018312,1.0,1
1808.0,ESP,Spain,Europe,Southern Europe,Irun,Irun; Hondarribia; Hendaye,GISCO OSM,1.0,2.0,ESP; FRA,43.3529848963,-1.7888475289099999,24.0,81268.0244751,79487.0371704,75570.0745544,74078.1160278,8.9686756134,9.58764457703,10.083530426,10.3005781174,110.359217802,120.618970317,133.432850046,139.050217118,1.0,1.0,1.0,19.0,24.0,24.0,0.264767412842236,0.38463417266176,0.413461828463766,5.2003775721,11.5164541887,7.354651598,24.0714833588,8.609599815,11.5584608132,3.9034227306,24.0714833588,8.7916549772,11.376405651,3.9034227306,24.0714833588,0.195448127009,57.08,-1.0178,"Mild temperate, fully humid, and  Warm summer",Temperate Broadleaf and Mixed Forests,18.5453076698,12.6347739697,12.8316085339,13.0313146114,1048.20002747,1198.7250061,1260.97503662,3.4889500140000003,793633664.0,957811776.0,1035776896.0,HIC,MDR,49.312700465,258.4992343520773,1.0,1
1698.0,ESP,Spain,Europe,Southern Europe,Ciudad Real,Ciudad Real,GISCO OSM,0.0,1.0,ESP,38.9784667634,-3.91895288915,20.0,71602.9516574,73033.3718872,70625.1666412,72784.6153412,3.95761394501,5.10833835602,6.50715303421,7.13927745819,55.2716592459,69.9452623372,92.1364627324,98.0877267088,1.0,1.0,1.0,10.0,11.0,17.0,0.133920377227141,0.283937323371525,0.272717866860752,0.0,1.5618963587999999,18.6699676176,20.2318639765,1.3579058294,18.8739581471,0.0,20.2318639765,4.0277920564,16.2040719201,0.0,20.2318639765,0.0131525163609,64.3,-98.1094,"Steppe (semi-arid), and  Cold arid;Mild temperate with dry summer, and  Hot summer","Mediterranean Forests, Woodlands, and Scrub",633.061622919,14.994096756,15.0176541805,15.3726985455,411.075012207,413.875,421.300010681,9.206299782,1006104384.0,1193867776.0,1181322624.0,HIC,MDR,25.263215303,96.61337553978636,1.0,1
1727.0,ESP,Spain,Europe,Southern Europe,Guadalajara,Guadalajara,GISCO OSM,0.0,1.0,ESP,40.639863539,-3.16917466051,17.0,22347.8317642,34906.2176895,46542.3731384,72454.2583008,5.19211149216,6.92613315582,8.53841590881,9.74200820923,232.331778176,198.421187235,183.454674376,134.457358859,0.0,0.0,0.0,0.0,0.0,0.0,0.222001271342121,0.33301559998852,0.294855399258855,0.0,11.3701132691,5.514682627,16.8847958961,2.3211920978,14.5636037983,0.0,16.8847958961,0.8054754696,16.0793204265,0.0,16.8847958961,0.0133560701979,42.71,0.46714,"Steppe (semi-arid), and  Cold arid","Mediterranean Forests, Woodlands, and Scrub",682.237303797,13.627664566,13.7562961578,14.1305055618,438.525009155,459.700004578,407.025009155,13.48219967,664383744.0,581909376.0,788385280.0,HIC,MDR,71.955349642,17.787031929451256,1.0,1
2048.0,ESP,Spain,Europe,Southern Europe,Manresa,Manresa; Sant Joan de Vilatorrada; Sant Fruitós de Bages,GISCO OSM,0.0,1.0,ESP,41.7331202602,1.82846510808,19.0,56876.1539307,61471.8973083,63272.1669312,70077.1863403,6.78409767151,8.26727867126,8.57112121582,8.7053194046,119.278418154,134.488750685,135.464322332,124.224727893,1.0,1.0,1.0,14.0,15.0,15.0,0.0706561900872091,0.321789999272535,0.32732414271708,0.0,0.0,18.781981557599998,18.781981557599998,3.6461170426000002,15.135864515,0.0,18.781981557599998,4.1722763836,14.609705174,0.0,18.781981557599998,0.0665843862272,54.16,0.39406,"Mild temperate, fully humid, and  Hot summer","Mediterranean Forests, Woodlands, and Scrub",265.095171404,13.379781723,13.801325798,14.0617802143,650.525009155,645.600013733,626.650016785,18.31159973,883508608.0,1166727168.0,1380643968.0,HIC,MDR,26.750510166,326.43153492149884,1.0,1
1588.0,ESP,Spain,Europe,Southern Europe,Ourense,Ourense,GISCO OSM,0.0,1.0,ESP,42.3368279315,-7.86661782647,18.0,114378.875488,97683.5699463,80476.8552246,67683.9855957,6.17382383347,6.35852336884,7.39758729935,7.58893632889,53.976958657,65.093069104,91.9219231256,112.123071094,1.0,1.0,1.0,18.0,18.0,18.0,0.281478443649891,0.361541651853101,0.419566723271117,0.9212652998,5.8749000733,0.0,6.796165373,8.7024837833,9.3369025902,0.0,18.0393863735,9.4060456037,8.6333407699,0.0,18.0393863735,0.344020119014,57.83,-0.48216,"Mild temperate with dry summer, and  Warm summer",Temperate Broadleaf and Mixed Forests,156.72872994,12.4408457279,12.3326187134,12.6651823521,1050.95001221,1320.70001221,1086.85002136,8.200960159,671794560.0,809267072.0,851621184.0,HIC,MDR,47.120514234,279.1832330409515,1.0,1
1688.0,ESP,Spain,Europe,Southern Europe,Palencia,Palencia,GISCO OSM,0.0,1.0,ESP,42.0086187961,-4.52600564205,13.0,98993.1467285,85245.005127,75929.5639648,67080.590332,4.06900882721,5.757168293,6.92685604095,7.37931680679,41.1039446839,67.5367229367,91.2273912723,110.00673623,1.0,1.0,1.0,13.0,13.0,13.0,0.146409921785408,0.273571864527599,0.288577079630541,0.0,5.623014826,7.2239249801,12.8469398061,0.5795441539,10.7822858397,1.4851098125,12.8469398061,3.3484856686,8.755847575,0.7426065625,12.8469398061,0.0295653843263,43.23,-1.0359,"Mild temperate with dry summer, and  Warm summer","Mediterranean Forests, Woodlands, and Scrub",743.88070474,12.0474302769,12.0634918213,12.3719251156,487.575012207,570.0,495.675018311,5.187369823,852473984.0,1019062080.0,997427392.0,HIC,MDR,59.433689411,125.90285239579406,1.0,1
2043.0,ESP,Spain,Europe,Southern Europe,Vilanova i la Geltrú,Vilanova i la Geltrú; Cubelles; Sant Pere de Ribes,GISCO OSM,0.0,1.0,ESP,41.2269614673,1.72157832845,26.0,52259.9833374,57744.5935669,59353.3858948,66571.094696,7.64893722534,9.69978046417,10.3997020721,11.4750614166,146.363177653,167.977292159,175.216660606,172.373031704,0.0,0.0,1.0,0.0,0.0,22.0,0.245390500788469,0.306622894689803,0.327480417299587,0.0,21.5222249412,4.3149913706,22.9898048926,0.0942814373,22.1440022054,3.5989326691,25.8372163118,1.8769855647,21.1128193279,2.8474114191,25.8372163118,0.0411962124331,55.85,1.1816,"Mild temperate with dry summer, and  Hot summer","Mediterranean Forests, Woodlands, and Scrub",41.7084783508,15.7123515606,16.1387014389,16.402633667,580.950012207,544.849998474,547.625022888,,996741248.0,1316257664.0,1542181120.0,HIC,MDR,29.737107955,323.90359944645064,1.0,1
1702.0,ESP,Spain,Europe,Southern Europe,Jaén,Jaén,GISCO OSM,0.0,1.0,ESP,37.7804793756,-3.78738109277,12.0,100694.411682,87687.3491211,72871.0354004,66540.9346924,4.10109710693,5.43939113617,6.01918411255,6.24410915375,40.7281500376,62.0316521219,82.600502099,93.8386150212,1.0,1.0,1.0,11.0,12.0,12.0,0.207407810023028,0.278327537545079,0.256218740362027,0.0,10.2725606865,1.4792623824,11.7518230689,0.0,11.7518230689,0.0,11.7518230689,0.0,11.7518230689,0.0,11.7518230689,0.00388230377578,48.0,-0.49997,"Mild temperate with dry summer, and  Hot summer","Mediterranean Forests, Woodlands, and Scrub",497.495894377,16.1767261028,16.1587870121,16.5178442001,443.275001526,437.300003052,439.300010681,6.644070148,523974720.0,566083072.0,627385536.0,HIC,MDR,43.258508046,184.37172660146888,1.0,1
1638.0,ESP,Spain,Europe,Southern Europe,Dos Hermanas,Dos Hermanas,GISCO OSM,0.0,1.0,ESP,37.2855082748,-5.92999067769,21.0,77388.544632,71451.202528,59270.4765091,64826.567688,4.22728824615,5.6729335784899995,8.1365852356,9.89032459259,54.6242117132,79.3959146631,137.27889018,152.565914645,1.0,1.0,1.0,13.0,13.0,16.0,0.191936119944624,0.276311465656439,0.271283855952619,0.0,17.2101540772,3.9215764625,21.1317305397,2.2948039662,18.8369265735,0.0,21.1317305397,0.8940942748,17.85492039,2.382715875,21.1317305397,0.0571717838871,52.9,-5.7128,"Mild temperate with dry summer, and  Hot summer","Mediterranean Forests, Woodlands, and Scrub",47.3012280213,18.3108768463,18.2519602776,18.5861263275,587.599998474,529.825012207,454.525001526,6.264140129,518130240.0,631223104.0,787270208.0,HIC,MDR,42.227818421,291.512679822899,1.0,1
1697.0,ESP,Spain,Europe,Southern Europe,Collado Villalba,Collado Villalba; Alpedrete,GISCO OSM,0.0,1.0,ESP,40.6327338756,-4.00665107521,14.0,45465.6427326,49904.5748596,51872.5066528,60186.3419189,5.01947784424,5.87541770935,7.24764823914,7.45888328552,110.401559124,117.73304804,139.720416591,123.929832711,0.0,0.0,1.0,0.0,0.0,14.0,0.198662041328626,0.341449890177581,0.332126875580827,0.0,10.203064885,3.7908293044,13.9938941895,3.8114244360000002,9.4242805659,0.7581891875,13.9938941895,3.1037631228,10.1319418792,0.7581891875,13.9938941895,0.0376370788418,46.71,1.2738,"Mild temperate with dry summer, and  Hot summer","Mediterranean Forests, Woodlands, and Scrub",908.535383794,11.2492055893,11.2096982002,11.6067287922,508.875007629,532.625015259,467.424995422,9.357589722,610494016.0,866726528.0,1044657088.0,HIC,MDR,54.370841299,6.85527730174296,1.0,1
1881.0,ESP,Spain,Europe,Southern Europe,Elda,Elda; Petrer; Monòver / Monóvar,GISCO OSM,0.0,1.0,ESP,38.4713992364,-0.791781800721,18.0,35575.4790649,43754.0552368,47378.1600342,60114.6486816,6.80955028534,11.4120960236,12.1205673218,12.2075653076,191.411344677,260.823733064,255.82604544,203.071390673,0.0,0.0,0.0,0.0,0.0,0.0,0.162074661055017,0.253085858043279,0.276112674992599,0.0,1.223298211,16.9186542593,18.1419524703,0.0,17.3603138453,0.781638625,18.1419524703,0.0,18.1419524703,0.0,18.1419524703,0.0,32.17,0.21211,"Steppe (semi-arid), and  Cold arid","Mediterranean Forests, Woodlands, and Scrub",408.511580134,17.955321312,18.1398878098,18.3929390907,381.075004578,279.775001526,272.100006104,7.181580067,636279168.0,789816064.0,968553920.0,HIC,MDR,54.246836079,219.5093754023043,1.0,1
1580.0,ESP,Spain,Europe,Southern Europe,Ferrol,Ferrol,GISCO OSM,0.0,1.0,ESP,43.4890411423,-8.21238867245,30.0,73736.661499,69429.640213,63629.6944885,59615.3816681,12.4112300873,13.6514368057,14.1703491211,14.5419607162,168.318307813,196.622606193,222.700253946,243.929675687,1.0,1.0,1.0,27.0,29.0,28.0,0.0360883473230476,0.389797749026708,0.418327763399408,0.0,0.0,30.3376975647,30.3376975647,11.9118028108,12.4175978907,6.0082968632,30.3376975647,12.9556380537,11.3737626478,6.0082968632,30.3376975647,0.36503765103999997,51.53,-0.41466,"Mild temperate with dry summer, and  Warm summer",Temperate Broadleaf and Mixed Forests,23.3862170564,13.701105117800001,13.6461772919,13.926119566,1148.7749939,1472.07501221,1237.65000916,8.393819809,640244416.0,782812352.0,941459712.0,HIC,MDR,37.38565836,331.034912198968,1.0,1
1514.0,ESP,Spain,Europe,Southern Europe,Arrecife,Arrecife,GISCO OSM,0.0,1.0,ESP,28.9653032254,-13.5625444707,19.0,34102.9626312,41997.0099487,47039.2240295,58676.2543182,2.94426894188,2.94426894188,3.75919532776,3.80165982246,86.3346968918,70.1066324834,79.9161849566,64.7904312679,0.0,0.0,0.0,0.0,0.0,0.0,0.0426769238049301,0.0899985061370056,0.0895545185659731,0.0,0.0,19.2681754689,18.2081838953,0.0,0.0,19.2681754689,19.2681754689,0.0,0.0,19.2681754689,19.2681754689,0.0,80.0,0.7642,"Desert (arid), and  Hot arid","Mediterranean Forests, Woodlands, and Scrub",25.6199395407,19.4974412918,20.0746259689,20.204659462,171.375,138.07500267,114.350002289,7.561299801,671939840.0,954470080.0,1115196416.0,HIC,MDR,39.520881201,1684.1672504090395,1.0,1
1620.0,ESP,Spain,Europe,Southern Europe,Cáceres,Cáceres,GISCO OSM,0.0,1.0,ESP,39.4759134195,-6.37264097284,17.0,73052.0928249,67397.0737991,61450.3149109,55787.3684692,3.58301591873,5.72639703751,7.37436962128,8.50856685638,49.0474095974,84.9650691746,120.005400004,152.517802683,1.0,1.0,1.0,14.0,15.0,17.0,0.208532447826839,0.351510806139119,0.34620031636551,0.0,15.5294545167,1.5418671875,17.0713217042,9.927208801,7.1441129032,0.0,17.0713217042,9.579771225,7.4915504792,0.0,17.0713217042,0.109753212725,56.35,-2.0946,"Mild temperate with dry summer, and  Hot summer","Mediterranean Forests, Woodlands, and Scrub",417.480885405,16.5140590668,16.3295092583,16.7330598831,516.224998474,551.975021362,475.250015259,7.707590103,783633024.0,753607168.0,842416896.0,HIC,MDR,52.663124084,166.40890188876477,1.0,1
1619.0,ESP,Spain,Europe,Southern Europe,El Puerto de Santa María,El Puerto de Santa María,GISCO OSM,0.0,1.0,ESP,36.5973947521,-6.23829404826,29.0,52670.6650543,54669.4845581,53120.4753723,55399.4849854,8.88875770569,11.3988056183,13.1990356445,13.5974588394,168.761068358,208.503989208,248.473598025,245.443777014,0.0,0.0,0.0,0.0,0.0,0.0,0.239100220246607,0.338657698907728,0.332001780653148,0.0,20.2314345873,8.5892409054,26.5229904819,0.9269797377000001,24.4834560735,3.4102396814000002,28.8206754926,0.9267963627,25.2850559485,2.6088231814,28.8206754926,0.0957578468898,53.1,13.2966,"Mild temperate with dry summer, and  Hot summer","Mediterranean Forests, Woodlands, and Scrub",18.5116911565,18.5927109718,18.5340895653,18.8943190575,603.949996948,550.325012207,462.0,5.921860218,411376960.0,499893824.0,577493376.0,HIC,MDR,38.397249649,334.530552583793,1.0,1
1700.0,ESP,Spain,Europe,Southern Europe,Torrelavega,Torrelavega,GISCO OSM,0.0,1.0,ESP,43.3454054562,-4.05332612796,17.0,48771.1121521,50074.6696167,50339.3824463,53440.649353,4.79268169403,5.46345567703,5.63008403778,5.74407958984,98.2688620896,109.106175215,111.842532907,107.485213211,0.0,0.0,0.0,0.0,0.0,0.0,0.252004778121091,0.409132023772736,0.40326451284364,0.0,15.6420812056,1.4537058125,17.0957870181,12.8942044924,4.2015825257,0.0,17.0957870181,12.3719600147,4.7238270034,0.0,17.0957870181,0.287530315893,72.78,0.76992,"Mild temperate, fully humid, and  Warm summer",Temperate Broadleaf and Mixed Forests,42.6370440044,12.1437211037,12.1078937054,12.376057148,846.750015259,949.125030518,936.775009155,6.97465992,414967520.0,501594240.0,601541760.0,HIC,MDR,51.244935877,205.383518044715,1.0,1
1475.0,ESP,Spain,Europe,Southern Europe,Los Cristianos,Los Cristianos,GISCO OSM,0.0,1.0,ESP,28.0700718568,-16.727883901,19.0,30501.5255203,37958.4006653,42761.6085205,53000.1133575,6.35973501205,6.35973501205,6.35973501205,6.52578496933,208.505473204,167.544862286,148.72534575,123.127754941,0.0,0.0,0.0,0.0,0.0,0.0,0.125134503458323,0.199681947691666,0.22634703271797,0.0,1.4372418815999999,17.3092456551,17.6191192294,0.0,10.6174372608,8.129050276,18.7464875368,0.0,13.6407365091,5.1057510277,18.7464875368,0.00555539619536,65.63,0.077215,"Desert (arid), and  Hot arid","Mediterranean Forests, Woodlands, and Scrub",37.5604128431,16.634642601,17.1831974983,17.244509697,504.500007629,369.525009155,336.875,,357735104.0,508151744.0,697521920.0,HIC,MDR,38.661808164,2256.447965383463,1.0,1
2038.0,ESP,Spain,Europe,Southern Europe,Igualada,Igualada; Vilanova del Camí,GISCO OSM,0.0,1.0,ESP,41.5798740025,1.62625120734,14.0,42223.6625671,46156.901001,47530.7197571,52815.3529053,5.79682397842,7.37828826904,7.92821884155,8.35246372223,137.288516107,159.852332133,166.801994207,158.144616343,0.0,0.0,0.0,0.0,0.0,0.0,0.17893229185758,0.300829418708182,0.318535970272953,0.0,8.5322483765,5.2730147289,13.8052631054,3.2125524287,10.5927106767,0.0,13.8052631054,3.8163282355,9.9889348699,0.0,13.8052631054,0.0424083368905,40.36,0.9203,"Mild temperate, fully humid, and  Hot summer","Mediterranean Forests, Woodlands, and Scrub",326.546891475,13.379781723,13.801325798,14.0617802143,650.525009155,645.600013733,626.650016785,10.6796999,724008000.0,956096896.0,1139693440.0,HIC,MDR,63.41547421,316.4703089524534,1.0,1
1674.0,ESP,Spain,Europe,Southern Europe,Talavera de la Reina,Talavera de la Reina,GISCO OSM,0.0,1.0,ESP,39.9619626699,-4.83115021977,17.0,30341.6758118,36616.5358276,39777.0583496,52781.2185364,4.05490589142,6.80814218521,7.33259534836,7.93365526199,133.641461222,185.930810529,184.342323254,150.31208983,0.0,0.0,0.0,0.0,0.0,0.0,0.214602074263528,0.376994824341203,0.355847340029602,0.1921422902,13.3234201449,3.3476148444,16.8631772794,7.7992280346000005,9.0639492449,0.0,16.8631772794,8.8742611199,7.9889161596000005,0.0,16.8631772794,0.158870434248,53.35,0.41841,"Mild temperate with dry summer, and  Hot summer","Mediterranean Forests, Woodlands, and Scrub",369.722942869,14.8914210796,14.7709488869,15.2353477478,423.325019836,437.275016785,398.950012207,6.122270107,501468608.0,561267776.0,785569856.0,HIC,MDR,32.40628516,60.099377034386144,1.0,1
2029.0,ESP,Spain,Europe,Southern Europe,Ibiza,Ibiza,GISCO OSM,0.0,1.0,ESP,38.9062845453,1.4224710534,14.0,23135.9272766,31114.7580261,36720.7574463,50130.0020142,6.58734750748,6.85459089279,7.02866363525,7.21651172638,284.723729839,220.300311737,191.408460066,143.955943276,0.0,0.0,0.0,0.0,0.0,0.0,0.100387340995208,0.338917783942769,0.296121934688332,0.0,0.0,8.4475355407,7.962921623,2.431769352,8.0570298431,3.4830391081,13.9718383032,0.6824655314,9.3217197461,3.9676530257,13.9718383032,0.049028728072,48.43,0.10788,,"Mediterranean Forests, Woodlands, and Scrub",13.1800290655,17.9844398499,18.2678198814,18.4638051987,572.600006104,417.850006104,415.425018311,45.06470108,543480576.0,674151488.0,811876032.0,HIC,MDR,48.048519135,575.1563813893206,1.0,1
3255.0,EST,Estonia,Europe,Northern Europe,Tallinn,Tallinn,GISCO OSM,0.0,1.0,EST,59.4279047679,24.739233654,106.0,3602.17385253,203926.361381,353011.29854,344510.906273,44.317943573,44.7993278503,46.2769012451,47.6976089478,12303.1106735,219.683848361,131.09184164,138.450214723,0.0,1.0,1.0,0.0,79.0,97.0,0.398132835101327,0.436772715533872,0.459263210082269,36.1856412647,60.1978227565,10.3611078572,106.744571878,50.6042896172,45.2690418415,10.8712404197,106.744571878,57.9680601939,37.4427435207,11.3337681638,106.744571878,0.481402764848,55.0,0.11955,"Snow, fully humid, and  Warm summer",Temperate Broadleaf and Mixed Forests,23.3962355264,6.6098524332,6.61385786533,6.78731107712,729.500015259,659.025009155,684.600006104,9.108989716,3425370880.0,3323224576.0,5934481408.0,HIC,MDR,36.221447637,0.0,1.0,1
3334.0,EST,Estonia,Europe,Northern Europe,Tartu,Tartu,GISCO OSM,0.0,1.0,EST,58.3693278604,26.721895019,29.0,999.115750313,55106.0741577,94206.7176514,89594.2322998,9.40887641907,10.474946022,10.6670370102,10.9961643219,9417.20357839,190.086958328,113.230110083,122.732948758,0.0,0.0,1.0,0.0,0.0,29.0,0.397425884585338,0.461722081254516,0.452489390544386,9.5618766206,19.5192734456,0.0,29.0811500662,21.2403820191,7.8407680471,0.0,29.0811500662,18.9394302056,10.1417198605,0.0,29.0811500662,0.48678320311999995,65.31,0.099912,"Snow, fully humid, and  Warm summer",Temperate Broadleaf and Mixed Forests,53.8977004162,6.27359092236,6.29394495487,6.47386825085,668.524993896,614.925003052,641.600006104,7.174210072,526011872.0,452281728.0,893273600.0,HIC,MDR,40.036891411,112.89323196096134,1.0,1
3244.0,FIN,Finland,Europe,Northern Europe,Helsinki,Helsinki; Vantaa,GISCO OSM,0.0,1.0,FIN,60.2235868261,24.9369162531,344.0,521428.877347,659523.268092,750682.531286,907385.583757,79.156578064,90.9521179199,107.624099731,117.050827026,151.807046949,137.905851575,143.368328482,128.997891438,1.0,2.0,2.0,157.0,228.0,248.0,0.38181229434975,0.434963184184565,0.425890367482776,151.400824919,166.408640894,27.2267851221,345.036250936,216.802225366,109.245216864,18.9888087051,345.036250936,207.132066354,112.242495792,25.6616887897,345.036250936,0.368109185421,65.97,0.79071,"Snow, fully humid, and  Warm summer",Boreal Forests/Taiga,21.543254091,5.88602805138,5.8185309171699995,6.11940085888,682.375,600.025009155,655.275024414,8.945870399,12496907264.0,12867052544.0,17128920064.0,HIC,MDR,40.504312895,0.0,1.0,1
3191.0,FIN,Finland,Europe,Northern Europe,Tampere,Tampere,GISCO OSM,0.0,1.0,FIN,61.4921967747,23.7300414577,52.0,107242.815567,119727.47333,124236.850416,134672.7674,11.6923942566,12.2509975433,13.9235267639,15.4172153473,109.027296558,102.324029754,112.072438389,114.479086195,1.0,1.0,1.0,27.0,42.0,45.0,0.354546029737547,0.408603835766634,0.419819018377933,14.4963947553,32.1553668201,4.8695972915,51.5213588669,26.4825471653,21.6064678788,3.4323438228,51.5213588669,28.9163856293,18.6933616961,3.9116115415,51.5213588669,0.319442371614,70.35,1.9542,"Snow, fully humid, and  Cool summer",Boreal Forests/Taiga,107.276891273,4.98520541191,4.80897533894,5.22827661037,595.525009155,538.100028992,581.675010681,5.955649853,585834304.0,1330515456.0,1683353088.0,HIC,MDR,51.611495421,96.19372131536434,1.0,1
3146.0,FIN,Finland,Europe,Northern Europe,Turku,Turku,GISCO OSM,0.0,1.0,FIN,60.4500413694,22.2436126008,34.0,82865.7232971,93547.9210205,101959.020325,112491.971283,8.74901103973,8.85543060303,8.93694400787,9.34393024445,105.580578937,94.661971174,87.6523134433,83.0630856396,1.0,1.0,1.0,19.0,22.0,22.0,0.308812784960176,0.343783821505341,0.382970732885435,9.1222954398,22.9199784238,1.7702541217,33.8125279853,19.0214532195,14.1736277276,0.6174470382,33.8125279853,22.993848902,10.5099555642,0.3087235191,33.8125279853,0.24342601438699998,72.53,0.29118,"Snow, fully humid, and  Warm summer",Temperate Broadleaf and Mixed Forests,18.8100243747,6.40048229694,6.49055838585,6.67152607441,657.150009155,588.500022888,639.0,38.48880005,1453868800.0,1496930176.0,1844038144.0,HIC,MDR,39.937060076,93.88871300768764,1.0,1
3185.0,FIN,Finland,Europe,Northern Europe,Oulu,Oulu,GISCO OSM,0.0,1.0,FIN,65.0193783196,25.4823959934,37.0,59961.8383942,67281.1635437,73833.5212708,83504.8348999,11.4189853668,13.0901870728,13.9164762497,14.5482473373,190.437546157,194.559463352,188.484525865,174.22041915,0.0,1.0,1.0,0.0,24.0,25.0,0.442719615946945,0.485560985180594,0.460790540881834,18.1345114017,19.0056160126,0.35810482860000004,37.4982322429,27.1120156725,10.0548695281,0.3313470423,37.4982322429,24.725216599,12.4150355918,0.3579800521,37.4982322429,0.369998566155,66.82,0.48887,"Snow, fully humid, and  Cool summer",Boreal Forests/Taiga,14.4353897386,2.88740342855,2.74270504713,3.33519765735,483.700004578,522.650001526,544.175010681,3.785350084,485227008.0,650542912.0,872692416.0,HIC,MDR,109.1171375,353.9189464873932,1.0,1
3242.0,FIN,Finland,Europe,Northern Europe,Jyväskylä,Jyväskylä,GISCO OSM,0.0,1.0,FIN,62.2520566661,25.7599707264,20.0,50130.5975647,55421.6173096,59314.3269043,62990.2304688,6.71521282196,7.6823797226,8.00939083099,8.31776809692,133.954374138,138.617025189,135.032988639,132.048542052,0.0,1.0,1.0,0.0,20.0,20.0,0.356049468052709,0.417720685537397,0.402102543027139,8.1835970352,11.7929964567,0.3722011717,20.3487946636,13.1341013053,6.3749488429,0.8397445154000001,20.3487946636,9.9840512467,9.9925422452,0.3722011717,20.3487946636,0.335132127997,58.4,0.62077,"Snow, fully humid, and  Cool summer",Boreal Forests/Taiga,112.673869099,4.39241737127,4.15140455961,4.74530041218,602.600006104,540.050010681,598.625015259,7.482150078,313312576.0,711578688.0,984042048.0,HIC,MDR,60.616124344,150.86568835403563,1.0,1
3295.0,FIN,Finland,Europe,Northern Europe,Kuopio,Kuopio,GISCO OSM,0.0,1.0,FIN,62.8901858772,27.6736662257,26.0,47838.8076401,51325.7527771,53771.5379105,56555.6613312,6.04057502747,6.48376131058,6.81172657013,7.18795061111,126.269347533,126.325693434,126.679035691,127.095156204,0.0,0.0,0.0,0.0,0.0,0.0,0.358500875182502,0.414929505605792,0.422277484040785,8.3882177717,15.0200727696,2.7181488824,26.1264394237,14.7607752238,9.8983577787,1.4673064212,26.1264394237,13.6674755021,10.1984976955,2.2604662261,26.1264394237,0.384920578552,72.35,1.0626,"Snow, fully humid, and  Cool summer",Boreal Forests/Taiga,103.349366638,4.30798006058,4.10241341591,4.74766778946,550.550003052,501.375,577.325004578,8.636030197,571919744.0,592987840.0,813438912.0,HIC,MDR,49.245976778,220.41317716605383,1.0,1
2046.0,FRA,France,Europe,Western Europe,Paris,Paris; Boulogne-Billancourt; Saint-Denis; Montreuil,GISCO OSM,0.0,1.0,FRA,48.8399046163,2.3220101942999998,1638.0,7822582.02286,8576325.13623,8991835.85799,9711652.2566,983.316833496,1073.91760254,1138.13293457,1157.58740234,125.702335958,125.218853703,126.574033662,119.19572198,1.0,1.0,1.0,1494.0,1539.0,1620.0,0.281790068429236,0.409340007758173,0.433802557271778,59.4389868027,425.918282337,111.107362263,596.464631403,649.220863297,949.9736818,39.510214625,1638.70475972,812.159184263,790.334439647,36.2111358125,1638.70475972,0.206654199509,49.58,0.60348,"Mild temperate, fully humid, and  Warm summer",Temperate Broadleaf and Mixed Forests,75.3628811321,12.2721157074,12.7814466953,12.715310812,580.900009155,791.000015259,648.325012207,19.59950066,235545247744.0,269160169472.0,332856197120.0,HIC,MDR,42.28584188,0.0,1.0,1
2186.0,FRA,France,Europe,Western Europe,Lyon,Lyon; Villeurbanne,GISCO OSM,0.0,1.0,FRA,45.7511722606,4.86084517416,270.0,921330.212494,1011919.01682,1063582.04203,1152368.36787,170.468688965,183.198272705,191.650268555,196.107757568,185.024529374,181.040448553,180.193215927,170.178011682,1.0,1.0,1.0,223.0,241.0,262.0,0.159017734496017,0.41566128124008,0.429329709875862,0.0,101.833998573,168.109884154,269.943882727,110.882806912,154.174346315,4.8867294999999995,269.943882727,125.213786465,139.166122559,5.5639737025,269.943882727,0.253004884141,46.38,0.52393,"Mild temperate, fully humid, and  Warm summer",Temperate Broadleaf and Mixed Forests,214.557080397,11.3124170303,11.704852581,11.8864278793,841.725006104,948.225021362,916.050003052,24.67869949,17780232192.0,21668644864.0,25115211776.0,HIC,MDR,38.257948612,214.91378150299695,1.0,1
2228.0,FRA,France,Europe,Western Europe,Marseille,Marseille,GISCO OSM,0.0,1.0,FRA,43.3006961702,5.40716170703,255.0,738159.130495,811833.473284,849555.390285,909727.321561,141.331634521,147.937286377,156.382873535,160.231323242,191.464995396,182.226147659,184.076135969,176.131154297,1.0,1.0,1.0,238.0,243.0,250.0,,0.387784379024747,0.385298653265788,0.0,0.0,0.0,0.0,42.8884609708,165.971513554,44.7032954373,253.563269962,45.123748973,159.917664457,48.5218565326,253.563269962,0.09110626360850001,37.16,0.70119,"Mild temperate with dry summer, and  Hot summer","Mediterranean Forests, Woodlands, and Scrub",89.2644427873,14.6018183231,15.0095317364,15.2613756657,573.300010681,830.200012207,730.025024414,26.75699997,13095733248.0,15580213248.0,18480494592.0,HIC,MDR,33.85055318,370.9309757293631,1.0,1
2080.0,FRA,France,Europe,Western Europe,Lille,Lille,GISCO OSM,1.0,2.0,FRA; BEL,50.6625274936,3.11100553095,234.0,903233.846698,910878.47075,905427.419853,903281.457924,133.732086182,144.060501099,151.528396606,154.157394409,148.059206008,158.155567098,167.355652462,170.663742798,1.0,1.0,1.0,215.0,221.0,229.0,0.323984393312571,0.41558709602356,0.440324152353016,18.5281276235,201.522611995,13.9618390625,234.012578681,78.7823588794,155.230219802,0.0,234.012578681,98.1043652672,135.273109289,0.635104125,234.012578681,0.263090236731,41.92,-8.0882,"Mild temperate, fully humid, and  Warm summer",Temperate Broadleaf and Mixed Forests,32.4778868633,10.5990223885,11.0307512283,10.9395127296,776.975006104,943.025009155,869.475021362,9.787879944,11047165952.0,12724523008.0,13950715904.0,HIC,MDR,37.26033301,102.35675677505904,1.0,1
2368.0,FRA,France,Europe,Western Europe,Nice,Nice,GISCO OSM,0.0,1.0,FRA,43.6459997301,7.1437462335,291.0,672112.121359,698998.948045,710040.986089,733094.703287,138.914932251,156.391189575,162.790603638,165.121826172,206.684164496,223.735944113,229.269305332,225.239420544,1.0,1.0,1.0,213.0,272.0,286.0,,0.425475278320455,0.429749999028971,0.0,0.0,0.0,0.0,119.730588097,132.697003645,38.8636066581,291.2911984,128.238066233,121.595200081,41.457932086,291.2911984,0.299661271204,44.07,1.1406,"Mild temperate with dry summer, and  Hot summer","Mediterranean Forests, Woodlands, and Scrub",78.0128327002,13.4573428631,13.9195435047,14.2385182381,701.725006104,884.824996948,858.375,31.86730003,10810966016.0,12861985792.0,14750942208.0,HIC,MDR,30.066968874,393.48204715980165,1.0,1
2017.0,FRA,France,Europe,Western Europe,Toulouse,Toulouse,GISCO OSM,0.0,1.0,FRA,43.6092159251,1.42300022287,246.0,433005.188063,514513.480606,565896.834,658107.213257,100.152633667,129.069152832,153.143341064,162.78805542,231.296613593,250.856698021,270.620600547,247.357956486,1.0,1.0,1.0,136.0,173.0,224.0,0.257043896739032,0.440949864462409,0.457565416387635,1.5842134208,188.898808146,51.8338535623,242.316875129,104.631962776,140.373775759,0.7238227500000001,245.729561285,117.757066574,127.972494711,0.0,245.729561285,0.316217291359,47.87,0.94294,"Mild temperate, fully humid, and  Hot summer",Temperate Broadleaf and Mixed Forests,151.923257332,13.6823005676,13.9583978653,14.1584496498,658.475006104,711.375,666.475006104,5.683859825,8500965376.0,10499092480.0,13228067840.0,HIC,MDR,36.676689398,314.34844512004616,1.0,1
1897.0,FRA,France,Europe,Western Europe,Bordeaux,Bordeaux,GISCO OSM,0.0,1.0,FRA,44.8371358193,-0.595450806731,194.0,476376.046722,520827.741089,542479.598389,585031.404144,70.260887146,101.463623047,114.817428589,119.738777161,147.490386281,194.81224797,211.652989218,204.670683167,1.0,1.0,1.0,159.0,174.0,191.0,0.272036605797115,0.3892542050201,0.395904970798832,3.8309787407,161.447267366,28.4408190956,193.01023214,50.3086966574,135.170653452,8.239715092600001,193.719065202,51.687906712,134.633786103,7.3973723875,193.719065202,0.109005302533,38.28,1.4247,"Mild temperate, fully humid, and  Warm summer",Temperate Broadleaf and Mixed Forests,25.8547342031,13.8415608406,14.0356428623,14.1639647484,879.775009155,972.575012207,962.675018311,3.647579908,7918596608.0,9396099072.0,10854841344.0,HIC,MDR,37.909945591,259.91018964794756,1.0,1
1821.0,FRA,France,Europe,Western Europe,Nantes,Nantes,GISCO OSM,0.0,1.0,FRA,47.2220541479,-1.5536557409,144.0,392851.687706,415514.357742,423412.537018,436853.058655,71.3918151855,81.9792785645,87.9482345581,91.9305114746,181.727143906,197.295898534,207.712873071,210.43806299,1.0,1.0,1.0,100.0,118.0,125.0,0.226484455435718,0.402270330898185,0.417985402268709,0.0,113.759524738,30.2058784257,143.965403164,48.4277555576,93.4982572939,2.0393903125,143.965403164,52.8334948135,90.4521494755,0.6797588750000001,143.965403164,0.171465701123,36.69,2.2877,"Mild temperate, fully humid, and  Warm summer",Temperate Broadleaf and Mixed Forests,26.0141369347,12.7040262222,12.8568358421,12.9036538601,717.075012207,976.575027466,859.925018311,15.39929962,5798688768.0,7216617984.0,7886474752.0,HIC,MDR,30.637181169,179.90092130497436,1.0,1
2394.0,FRA,France,Europe,Western Europe,Strasbourg,Strasbourg,GISCO OSM,1.0,2.0,FRA; DEU,48.5751699242,7.74207489522,137.0,391334.541189,408213.123703,413991.185944,422097.083568,79.1566772461,84.6672592163,88.3076095581,90.9622344971,202.273678694,207.409449378,213.307946054,215.500741508,1.0,1.0,1.0,120.0,122.0,124.0,0.390954655547839,0.433302291185837,0.447761930662552,46.6615502941,87.9033265605,1.9860359375,136.550912792,70.6677305191,65.883182273,0.0,136.550912792,71.45449959,63.1103772647,1.9860359375,136.550912792,0.308990939472,52.16,2.1442,"Mild temperate, fully humid, and  Warm summer",Temperate Broadleaf and Mixed Forests,141.691988617,11.0507030487,11.4521033764,11.7171976566,618.100021362,779.200012207,632.900024414,14.75339985,6217592320.0,7403677184.0,7485444096.0,HIC,MDR,30.8206326,227.19462333201042,1.0,1
2265.0,FRA,France,Europe,Western Europe,Toulon,Toulon,GISCO OSM,0.0,1.0,FRA,43.1171357186,5.91079353984,210.0,335626.10899,353734.711726,359421.17107,368850.917352,106.893692017,111.549285889,117.427688599,119.828308105,318.490394977,315.347298953,326.713332576,324.869215361,1.0,1.0,1.0,157.0,176.0,206.0,,0.388160758938982,0.403215054488553,0.0,0.0,0.0,0.0,28.6269675676,147.872350037,32.8221511843,209.321468788,44.61641446,128.964274894,35.7407794343,209.321468788,0.130181009972,42.94,1.7109,"Mild temperate with dry summer, and  Hot summer","Mediterranean Forests, Woodlands, and Scrub",42.4306600193,14.9615430832,15.3818938732,15.6353702545,547.975013733,756.600013733,690.675003052,,6086679040.0,7241420800.0,8176640000.0,HIC,MDR,25.823686784,397.83453764730973,1.0,1
2246.0,FRA,France,Europe,Western Europe,Grenoble,Grenoble,GISCO OSM,0.0,1.0,FRA,45.1853911005,5.72569675972,84.0,345568.633888,348001.564688,343060.078194,338199.300064,46.0944862366,50.7493972778,53.8866615295,54.9429016113,133.387355553,145.830945684,157.076456734,162.457171262,1.0,1.0,1.0,67.0,83.0,83.0,0.207699121912267,0.426663743721827,0.444587742084766,0.0,13.379715425,19.9967790203,21.1574522162,37.5666308243,46.3747581426,0.0,83.9413889669,40.1218373176,43.8195516493,0.0,83.9413889669,0.256876435385,47.76,-2.7788,"Mild temperate, fully humid, and  Hot summer",Temperate Broadleaf and Mixed Forests,236.624678837,10.5196654797,10.9498181343,11.2107799053,913.925003052,1041.32501221,1004.02500916,20.86940002,5311845888.0,6473511936.0,6815744000.0,HIC,MDR,41.033237361,261.9173845730429,1.0,1
1998.0,FRA,France,Europe,Western Europe,Rouen,Rouen,GISCO OSM,0.0,1.0,FRA,49.4257041446,1.07379063074,113.0,344736.166779,340511.171417,332321.584076,320960.26474,70.6163787842,72.1879196167,76.2048950195,77.9050369263,204.841805384,211.998682205,229.310699849,242.72486499,1.0,1.0,1.0,110.0,113.0,113.0,0.263271106528966,0.394354755528426,0.431022435454945,4.6214446162,7.6626008794,13.3769200338,14.2356484331,41.4757756007,71.0892428978,0.6509273750000001,113.215945874,49.7965329819,61.4666307667,1.9527821250000001,113.215945874,0.286384208508,44.07,-1.289,"Mild temperate, fully humid, and  Warm summer",Temperate Broadleaf and Mixed Forests,53.0699237881,11.3793261051,11.7721319199,11.6970841885,656.075012207,892.600021362,740.024993896,16.34630013,5055347712.0,5603525632.0,5467828736.0,HIC,MDR,35.421465557,43.79823567354683,1.0,1
2130.0,FRA,France,Europe,Western Europe,Montpellier,Montpellier,GISCO OSM,0.0,1.0,FRA,43.6203623079,3.87816012851,73.0,189671.958939,227129.411102,251273.60907,293865.264771,37.8833427429,43.672077179,46.8401107788,48.5416526794,199.730856131,192.278388638,186.410785248,165.183362918,1.0,1.0,1.0,48.0,53.0,66.0,,0.39312708753609,0.38371109260172,0.0,0.0,0.0,0.0,16.1338513343,56.9010758159,0.0,73.0349271502,10.5929845402,62.44194261,0.0,73.0349271502,0.0603841947222,33.51,0.41038,"Mild temperate with dry summer, and  Hot summer","Mediterranean Forests, Woodlands, and Scrub",45.4755073021,13.7085185051,14.0634021759,14.2784957886,654.000015259,815.400024414,733.350021362,11.98009968,3394278912.0,4061073152.0,4979292672.0,HIC,MDR,51.875299493,340.8888807661793,1.0,1
1818.0,FRA,France,Europe,Western Europe,Rennes,Rennes,GISCO OSM,0.0,1.0,FRA,48.1125515833,-1.6634332159,65.0,228592.079834,230850.047852,228832.690613,227572.140442,35.3421363831,43.1058998108,45.3305053711,47.6254920959,154.607877966,186.726839401,198.0945347,209.276460658,1.0,1.0,1.0,44.0,55.0,57.0,0.224900279937428,0.450433384144829,0.48163339432663,0.0,50.5854014757,14.0329259375,64.6183274132,29.6233533049,34.9949741083,0.0,64.6183274132,38.8101881525,25.8081392608,0.0,64.6183274132,0.362031699531,59.71,-6.9721,"Mild temperate, fully humid, and  Warm summer",Temperate Broadleaf and Mixed Forests,43.0698594971,11.8985915184,12.1205971241,12.130156517,650.775009155,909.900024414,808.900024414,14.97669983,2990622720.0,3847209984.0,3883621120.0,HIC,MDR,32.832479161,165.4605255392258,1.0,1
2268.0,FRA,France,Europe,Western Europe,Nancy,Nancy,GISCO OSM,0.0,1.0,FRA,48.6844394021,6.18697067866,58.0,231381.269165,225431.304657,219886.875641,213797.313721,32.6784820557,37.1050109863,38.50831604,39.6570549011,141.232184323,164.595644969,175.127851209,185.489023276,1.0,1.0,1.0,49.0,51.0,56.0,0.41821276631781,0.439457065990099,0.453594782256967,25.1767935569,32.8691271777,0.0,58.0459207346,27.6459094973,30.4000112373,0.0,58.0459207346,25.7077811176,32.3381396169,0.0,58.0459207346,0.250606910197,44.32,-1.2553,"Mild temperate, fully humid, and  Warm summer",Temperate Broadleaf and Mixed Forests,243.095692802,10.0255787373,10.5360310078,10.7090930939,790.325027466,947.274993896,797.200027466,19.42329979,2782545664.0,3245250560.0,3119298304.0,HIC,MDR,38.319524485,148.68711866901214,1.0,1
1989.0,FRA,France,Europe,Western Europe,Tours,Tours,GISCO OSM,0.0,1.0,FRA,47.3817567748,0.691532537122,75.0,217890.766785,215256.224915,213304.753326,211590.547089,34.7889099121,46.6107559204,48.8958816528,50.0863990784,159.662157445,216.536157962,229.230154932,236.713784087,1.0,1.0,1.0,64.0,75.0,75.0,0.301242914177792,0.422931516382607,0.45340222722853,5.6151233794,62.7006737453,6.8494325667,75.1652296914,30.0162226841,45.1490070074,0.0,75.1652296914,37.4991520738,37.6660776176,0.0,75.1652296914,0.341208086436,50.0,-4.1871,"Mild temperate, fully humid, and  Warm summer",Temperate Broadleaf and Mixed Forests,73.0774916346,12.2144982815,12.4973824024,12.5126681328,577.950012207,823.700012207,711.675018311,28.18659973,2931189248.0,3420656384.0,3385559040.0,HIC,MDR,26.959940017,98.38179060662164,1.0,1
2197.0,FRA,France,Europe,Western Europe,Dijon,Dijon,GISCO OSM,0.0,1.0,FRA,47.3179055132,5.04300454467,69.0,215396.624046,215418.284943,212118.373734,208040.140961,34.8994293213,44.059135437,45.9049377441,47.568321228,162.024031137,204.528299205,216.411888023,228.649726002,1.0,1.0,1.0,52.0,68.0,69.0,0.252144570462523,0.400697250084536,0.416855743454141,0.0,3.9581807358,3.1735171588,7.1316978946,22.9211205593,46.2531193537,0.0,69.174239913,24.6520394451,44.5222004679,0.0,69.174239913,0.15522755560999998,35.73,-2.1989,"Mild temperate, fully humid, and  Warm summer",Temperate Broadleaf and Mixed Forests,255.969885514,11.3427424431,11.8379759789,12.0299036503,769.550033569,904.025024414,832.025024414,25.32719994,3018748928.0,3600020480.0,3545152768.0,HIC,MDR,33.042082904,139.5750105292967,1.0,1
2069.0,FRA,France,Europe,Western Europe,Lens,Lens; Liévin; Hénin-Beaumont; Avion; Harnes; Bully-les-Mines; Méricourt; Courrières; Montigny-en-Gohelle; Sallaumines; Noyelles-Godault,GISCO OSM,0.0,1.0,FRA,50.4277617859,2.8522103039299997,98.0,245335.523315,233379.829285,222614.58252,207779.087891,55.5054779053,58.7152175903,61.682849884,63.4860572815,226.243134933,251.586513583,277.083599762,305.545942693,1.0,1.0,1.0,80.0,95.0,98.0,0.347760328218139,0.444047651923842,0.513220811860564,4.4041567493,92.7026834953,0.8756153025000001,97.9824555471,29.673433386,68.309022161,0.0,97.9824555471,66.2620899029,31.7203656441,0.0,97.9824555471,0.5054702384449999,67.61,-0.67235,"Mild temperate, fully humid, and  Warm summer",Temperate Broadleaf and Mixed Forests,43.8132196611,10.8955469131,11.3571557999,11.2360711098,711.150009155,873.900009155,782.650009155,9.787879944,2520562944.0,2901689856.0,2987855872.0,HIC,MDR,32.444678735,87.90108986495422,1.0,1
2094.0,FRA,France,Europe,Western Europe,Clermont-Ferrand,Clermont-Ferrand,GISCO OSM,0.0,1.0,FRA,45.784842669,3.1096598568,70.0,199102.087555,198653.51413,195383.293945,191310.576782,38.3702964783,46.7308692932,48.3017883301,49.2501907349,192.71669599,235.238070154,247.215549266,257.435796615,1.0,1.0,1.0,54.0,70.0,70.0,,0.426689692120114,0.432394065108553,0.0,0.0,0.0,0.0,31.9540295863,38.2384574828,0.0,70.1924870691,32.7927636392,37.3997234299,0.0,70.1924870691,0.242699015919,46.85,-1.3941,"Mild temperate, fully humid, and  Warm summer",Temperate Broadleaf and Mixed Forests,383.910397645,10.8440284729,11.2413654327,11.3724722862,665.525009155,758.375015259,737.550018311,20.3920002,2420764672.0,3079353856.0,3011927296.0,HIC,MDR,27.662202532,181.35581642215462,1.0,1
2127.0,FRA,France,Europe,Western Europe,Reims,Reims,GISCO OSM,0.0,1.0,FRA,49.2512611572,4.03251202976,56.0,227841.471127,216479.517242,204745.771912,189743.369324,23.7844619751,32.543170929,36.2606582642,38.0416374207,104.390398541,150.329099693,177.100889194,200.489943634,1.0,1.0,1.0,47.0,49.0,55.0,0.250305029959131,0.387631176497414,0.403455415550666,0.18199226400000001,50.1851338838,6.0103908598,56.3775170076,14.3078741265,42.0696428811,0.0,56.3775170076,15.3529008804,41.0246161272,0.0,56.3775170076,0.13998319796199998,32.07,-1.1843,"Mild temperate, fully humid, and  Warm summer",Temperate Broadleaf and Mixed Forests,91.7213570555,10.8691411018,11.4058020115,11.3673760891,731.525009155,872.074996948,743.725006104,15.60849953,2971595776.0,3439162880.0,2979023360.0,HIC,MDR,36.475847977,64.02710756761977,1.0,1
2367.0,FRA,France,Europe,Western Europe,Mulhouse,Mulhouse,GISCO OSM,0.0,1.0,FRA,47.7621132263,7.34123474778,73.0,184804.161849,189007.634327,189220.329346,189297.028439,43.0068511963,46.664855957,48.4929389954,50.6913757324,232.715815304,246.894026917,256.277637625,267.787488005,1.0,1.0,1.0,55.0,60.0,65.0,0.349987338838865,0.472053931023043,0.478159439361614,7.1307678983,64.4260948431,1.345585875,72.9024486164,45.4457049946,27.4567436218,0.0,72.9024486164,43.1451788311,29.7572697853,0.0,72.9024486164,0.399780171904,59.1,54.0961,"Mild temperate, fully humid, and  Warm summer",Temperate Broadleaf and Mixed Forests,243.529270731,10.1713428497,10.5498714447,10.834395647000001,965.675033569,1191.67501831,997.725006104,13.98859978,2869869312.0,3417648128.0,3427461120.0,HIC,MDR,26.578188622,221.63738415130953,1.0,1
1961.0,FRA,France,Europe,Western Europe,Le Havre,Le Havre,GISCO OSM,0.0,1.0,FRA,49.4895871015,0.162569421273,96.0,261135.212994,234481.493744,214713.877975,187642.961479,53.9773521423,56.6168060303,59.1577949524,61.0885543823,206.702694453,241.455328206,275.519195639,325.55739848,1.0,1.0,1.0,82.0,89.0,94.0,0.303645466057909,0.370321831354354,0.373423141052487,19.053838561,43.9605457336,32.5802126733,94.7423186076,31.3001158154,41.0823030505,23.212178102,95.5945969679,27.7874180708,42.0231133995,25.7840654975,95.5945969679,0.20332846667499999,36.36,-0.34114,"Mild temperate, fully humid, and  Warm summer",Temperate Broadleaf and Mixed Forests,25.4465570646,11.3325457573,11.6627881527,11.629390955,651.025009155,885.075012207,757.775009155,8.885310173,3541015296.0,3924987648.0,3464997632.0,HIC,MDR,48.317210391,85.72403959787945,1.0,1
2045.0,FRA,France,Europe,Western Europe,Orléans,Orléans,GISCO OSM,0.0,1.0,FRA,47.9054519908,1.91054155421,68.0,185233.168701,186460.596207,182528.228104,179869.082748,39.2934341431,40.0201835632,43.4987411499,44.4528465271,212.129579268,214.630781931,238.312405713,247.140007876,1.0,1.0,1.0,56.0,59.0,68.0,,0.406849614928147,0.449952697845296,0.0,0.0,0.0,0.0,14.7796571191,53.0180500975,0.0,67.7977072167,24.6749196502,43.1227875664,0.0,67.7977072167,0.23282318473,36.29,-2.9187,"Mild temperate, fully humid, and  Warm summer",Temperate Broadleaf and Mixed Forests,107.017932422,11.7601873875,12.1666684151,12.1598820686,550.350006104,786.375,658.075012207,33.63959885,2745135104.0,3203533824.0,3123040000.0,HIC,MDR,35.560590457,40.883078320729076,1.0,1
1907.0,FRA,France,Europe,Western Europe,Angers,Angers,GISCO OSM,0.0,1.0,FRA,47.4641560853,-0.544844136956,71.0,203499.151031,195914.905151,187784.818817,176838.51947,38.6640930176,45.2073554993,47.6214027405,49.4584655762,189.996335717,230.749954754,253.595594364,279.681518056,1.0,1.0,1.0,48.0,59.0,64.0,0.260940336351354,0.44572014202348,0.452670800862629,0.4215048301,63.6328391765,6.636284089,70.6906280956,25.0413292772,45.6492988184,0.0,70.6906280956,27.2423971784,43.4482309172,0.0,70.6906280956,0.214202745609,38.37,-0.8773,"Mild temperate, fully humid, and  Warm summer",Temperate Broadleaf and Mixed Forests,37.3934489297,12.3707606792,12.5632390976,12.6037266254,614.925003052,853.950027466,743.150024414,21.57640076,2782707456.0,3463150080.0,3415248128.0,HIC,MDR,19.675816764,135.14707576456706,1.0,1
2168.0,FRA,France,Europe,Western Europe,Saint-Étienne,Saint-Étienne,GISCO OSM,0.0,1.0,FRA,45.4436401218,4.39487547854,46.0,222157.729614,202991.058838,189889.419434,172765.718384,27.2988739014,30.982755661,31.5671977997,32.0207977295,122.880594561,152.631134782,166.239898431,185.342312289,1.0,1.0,1.0,45.0,46.0,46.0,0.235531922457053,0.412446328289863,0.430438979917108,0.0,4.2354330483,0.0,4.2354330483,19.3407047461,26.6393396027,0.0,45.9800443488,24.2310299265,21.7490144223,0.0,45.9800443488,0.271370459652,52.68,-0.2044,"Mild temperate, fully humid, and  Warm summer",Temperate Broadleaf and Mixed Forests,545.736612802,9.74148082733,10.1615982056,10.2993042469,912.125015259,1092.80003357,1032.62504578,25.46439934,2847515904.0,3470247680.0,3398222336.0,HIC,MDR,39.001141693,220.528526100682,1.0,1
1931.0,FRA,France,Europe,Western Europe,Caen,Caen,GISCO OSM,0.0,1.0,FRA,49.1863370205,-0.343790505484,68.0,197350.845009,186651.966866,176652.495621,164787.62479,41.4676895142,43.3436813354,46.3143768311,48.2599639893,210.121671951,232.216579677,262.177880184,292.861578961,1.0,1.0,1.0,52.0,55.0,64.0,0.0105523767476515,0.438429296274106,0.472631761306346,0.0,0.0,2.1143960493,2.0323271395,31.3553595551,36.7228328892,0.0,68.0781924444,37.9756712593,30.102521185,0.0,68.0781924444,0.357636112208,55.85,-0.86237,"Mild temperate, fully humid, and  Warm summer",Temperate Broadleaf and Mixed Forests,31.5782627577,11.4868843555,11.8029081821,11.7755110264,633.700012207,864.950027466,758.824996948,7.308760166,2330162688.0,2803943680.0,2592273664.0,HIC,MDR,25.570693738,99.98202913198813,1.0,1
2263.0,FRA,France,Europe,Western Europe,Metz,Metz,GISCO OSM,0.0,1.0,FRA,49.1192934083,6.17795949013,53.0,176622.875702,167100.433716,160492.81134,151220.6427,27.418138504,32.3618812561,33.9385147095,35.1406860352,155.235489146,193.667248711,211.46439162,232.380218783,1.0,1.0,1.0,49.0,47.0,48.0,0.407288133893177,0.443199375236279,0.462120456065463,20.8086244078,32.2520917414,0.0,53.0607161493,27.8622951382,25.198421011,0.0,53.0607161493,28.4018069324,24.6589092169,0.0,53.0607161493,0.328395604616,53.59,-0.82498,"Mild temperate, fully humid, and  Warm summer",Temperate Broadleaf and Mixed Forests,183.56610409,10.4725766182,10.9611108303,11.1026322842,735.800018311,879.225021362,734.574996948,16.79800034,1824576640.0,2127982208.0,2020354816.0,HIC,MDR,44.336493276,151.0381637788684,1.0,1
1969.0,FRA,France,Europe,Western Europe,Le Mans,Le Mans,GISCO OSM,0.0,1.0,FRA,47.9925768662,0.192942712099,56.0,181113.884295,168539.738434,159486.33197,147383.206085,29.8402385712,33.8531455994,36.5347366333,38.1365890503,164.759530653,200.861505506,229.077540263,258.758036708,1.0,1.0,1.0,44.0,48.0,52.0,0.258580978287122,0.386074265795225,0.427645795530357,3.2919688042,46.1657363672,6.6982750625000005,56.1559802338,19.3177118713,36.8382683625,0.0,56.1559802338,23.5919131051,32.5640671287,0.0,56.1559802338,0.243434988103,42.13,-0.88822,"Mild temperate, fully humid, and  Warm summer",Temperate Broadleaf and Mixed Forests,66.4731708276,11.9075808525,12.1456303596,12.1547641754,597.800003052,863.650024414,728.700012207,23.1609993,1861752064.0,2316997632.0,2256910848.0,HIC,MDR,30.415027882,90.66789859678943,1.0,1
1691.0,FRA,France,Europe,Western Europe,Brest,Brest,GISCO OSM,0.0,1.0,FRA,48.3970211359,-4.47681253129,57.0,182928.873581,169997.438736,157932.463776,142526.84317,34.2694358826,35.4998664856,36.9835243225,37.964302063,187.33748922,208.825890258,234.173034716,266.365978636,1.0,1.0,1.0,52.0,54.0,57.0,0.328630021672425,0.426048839353931,0.452758117661328,7.3847844657,40.8169059708,8.6202532659,56.8219437025,22.1970607613,29.9924921752,4.6323907659,56.8219437025,25.5185789488,27.3358108627,3.9675538909,56.8219437025,0.383044105206,44.77,-0.3808,"Mild temperate, fully humid, and  Warm summer",Temperate Broadleaf and Mixed Forests,48.2064620166,11.652897834800001,11.8088407516,11.8116111755,1042.67504883,1418.70004272,1301.375,8.488980293000001,2051452544.0,2639038464.0,2434118912.0,HIC,MDR,26.489192818,281.3849985741533,1.0,1
2057.0,FRA,France,Europe,Western Europe,Amiens,Amiens,GISCO OSM,0.0,1.0,FRA,49.8975507297,2.30162485964,46.0,149402.34845,146359.221497,141822.847107,136531.625,22.9871234894,24.8288917542,25.4785575867,25.9557819366,153.86052313,169.643507941,179.65058597,190.108203404,1.0,1.0,1.0,37.0,43.0,45.0,0.367329422755133,0.43784925990156,0.47156763547551,13.5671294689,32.3610243556,0.0,45.9281538245,23.8461276218,22.0820262027,0.0,45.9281538245,27.392516812,18.5356370125,0.0,45.9281538245,0.39865104278999997,59.55,-0.63858,"Mild temperate, fully humid, and  Warm summer",Temperate Broadleaf and Mixed Forests,43.5585564255,11.3472309113,11.8373148441,11.6882352829,684.700012207,872.225021362,751.850021362,12.78369999,1648913792.0,1942252160.0,1819350016.0,HIC,MDR,28.046406601,51.55922264370788,1.0,1
2010.0,FRA,France,Europe,Western Europe,Limoges,Limoges,GISCO OSM,0.0,1.0,FRA,45.8390496862,1.26531656921,48.0,127447.571896,130451.008606,129245.069366,129254.885101,23.3893222809,26.5103492737,29.6372032166,30.9182281494,183.521128987,203.220730579,229.310126582,239.203556022,1.0,1.0,1.0,33.0,33.0,35.0,,0.428973372820493,0.459224243859894,0.0,0.0,0.0,0.0,23.277257088,24.1676833331,0.0,47.4449404211,26.206694262,21.2382461591,0.0,47.4449404211,0.359643615277,54.6,-16.6978,"Mild temperate, fully humid, and  Warm summer",Temperate Broadleaf and Mixed Forests,290.739801412,11.7754971981,12.0087063313,12.1537628174,785.625015259,952.950027466,878.500015259,19.13509941,1499440000.0,1935146368.0,1955146752.0,HIC,MDR,43.683815042,179.28843704634681,1.0,1
2054.0,FRA,France,Europe,Western Europe,Dunkirk,Dunkirk,GISCO OSM,0.0,1.0,FRA,51.0307882424,2.33967842057,74.0,170854.524582,155523.358658,143494.254456,127528.593407,44.0643386841,49.3881797791,50.1415214539,50.4131660461,257.905600053,317.561170266,349.432258763,395.308728023,1.0,1.0,1.0,68.0,72.0,74.0,0.290053034237076,0.376224519530389,0.397598842268672,3.7138842929,46.6109642598,23.6847041022,74.0095526549,12.9679799245,45.0098482407,16.0317244897,74.0095526549,19.7840228252,40.063106073,14.1624237566,74.0095526549,0.219424728467,31.88,-0.10351,"Mild temperate, fully humid, and  Warm summer",Temperate Broadleaf and Mixed Forests,4.0466866275,10.9865005016,11.3745126724,11.2557651997,696.700012207,899.800018311,836.875,6.60323,1602858752.0,1845222144.0,1796411776.0,HIC,MDR,40.110570663,123.18029300279004,1.0,1
5934.0,FRA,France,Africa,Eastern Africa,Saint-Denis,Saint-Denis,GISCO OSM,0.0,1.0,FRA,-20.9001204811,55.4741816385,34.0,83052.528183,99001.1878815,114472.30632,117905.106461,16.3787574768,16.3787574768,16.3787574768,17.5368556976,197.209619444,165.440009633,143.08052317,148.737032891,1.0,1.0,1.0,30.0,30.0,30.0,,0.347418541013926,0.454236132504464,0.0,0.0,0.0,0.0,3.4919488375,24.4734169,5.8916191657,32.9855867368,16.7813541547,12.6641868618,4.4114438868,33.8569849032,0.33766644995399997,49.36,0.39096,,Tropical and Subtropical Moist Broadleaf Forests,125.914816132,20.2661986351,20.3972415924,21.065018177,1791.85006714,1495.45001221,1715.625,,1395211264.0,1686775552.0,2420713984.0,Other,LDC,22.034030886,13301.69366921079,1.0,0
2086.0,FRA,France,Europe,Western Europe,Perpignan,Perpignan,GISCO OSM,0.0,1.0,FRA,42.6965715505,2.89270977632,41.0,78575.4790039,93767.8856506,100116.4095,115845.482269,19.8894233704,20.8483695984,23.7130813599,24.3245353699,253.125066783,222.340190927,236.85509177,209.973966126,1.0,1.0,1.0,28.0,28.0,36.0,,0.32714920692512,0.299150912592517,0.0,0.0,0.0,0.0,1.0086123647,39.6362096868,0.0,40.6448220515,3.3768978848,36.5332206667,0.7347035,40.6448220515,0.0260264181817,40.68,0.72935,"Mild temperate with dry summer, and  Hot summer","Mediterranean Forests, Woodlands, and Scrub",40.3669043448,14.5648725033,14.8717815876,15.0951399803,623.800018311,639.175003052,614.675018311,10.76469994,1068748096.0,1278699904.0,1613697024.0,HIC,MDR,54.15438245,400.16386312087,1.0,1
1927.0,FRA,France,Europe,Western Europe,Pau,Pau,GISCO OSM,0.0,1.0,FRA,43.3057945904,-0.369386586061,41.0,108446.263885,111113.649048,110850.6698,112672.350098,19.3008155823,23.3148899078,25.9698295593,26.8404827118,177.9758462,209.829216371,234.277606137,238.217119715,1.0,1.0,1.0,32.0,35.0,41.0,0.350885724296735,0.48961497048045,0.505727771909776,7.8649846196,32.669765864,0.0,40.5347504836,24.3665470855,16.168203398,0.0,40.5347504836,25.3109099912,15.2238404924,0.0,40.5347504836,0.46561950837599997,61.73,10.1087,"Mild temperate, fully humid, and  Hot summer",Temperate Broadleaf and Mixed Forests,201.543840556,12.589897871,12.8619089127,13.1012830734,825.575027466,913.425018311,918.000030518,3.928050041,1774981760.0,2106170368.0,2298948608.0,HIC,MDR,34.755345391,352.7614980519054,1.0,1
2131.0,FRA,France,Europe,Western Europe,Troyes,Troyes,GISCO OSM,0.0,1.0,FRA,48.2951367404,4.0695930353,49.0,115360.523441,114672.759666,112083.178207,109941.42923,26.0526752472,32.9726257324,34.3641891479,36.1735076904,225.837006196,287.536689867,306.595420451,329.025263214,1.0,1.0,1.0,31.0,34.0,38.0,0.379693532570912,0.446927643782648,0.477017331931577,13.1088741833,35.2094524022,0.6657635,48.9840900855,21.6113937797,27.3726963059,0.0,48.9840900855,27.8278473238,21.1562427618,0.0,48.9840900855,0.288357013112,56.79,-2.1989,"Mild temperate, fully humid, and  Warm summer",Temperate Broadleaf and Mixed Forests,111.368026316,11.464877367,12.0283985138,12.0510342121,651.825012207,805.850021362,700.525024414,21.70070076,1712300160.0,1981723264.0,1846339072.0,HIC,MDR,28.906976096,66.14260375432569,1.0,1
2258.0,FRA,France,Europe,Western Europe,Besançon,Besançon,GISCO OSM,0.0,1.0,FRA,47.2401910473,6.00556720436,37.0,115270.886566,114462.124786,111974.906677,108712.497223,19.7944641113,21.9403553009,23.6707725525,24.9495182037,171.721279336,191.682229749,211.393545705,229.500000838,1.0,1.0,1.0,31.0,36.0,37.0,0.372947932431795,0.452681334285786,0.481610126393039,14.5974722797,21.0838046402,1.358608125,37.0398850449,19.7097702596,17.3301147853,0.0,37.0398850449,20.3885055096,16.6513795353,0.0,37.0398850449,0.432687018711,55.1,-2.4939,"Mild temperate, fully humid, and  Warm summer",Temperate Broadleaf and Mixed Forests,294.912286727,9.58053827286,10.0281701088,10.2490196228,1093.42503357,1317.8500061,1171.85002136,20.09289932,1410273536.0,1678381952.0,1557254912.0,HIC,MDR,26.28935359,182.93143954443713,1.0,1
2280.0,FRA,France,Europe,Western Europe,Annecy,Annecy,GISCO OSM,0.0,1.0,FRA,45.9057804287,6.11484302455,32.0,99377.7115479,101448.558746,100940.035217,102728.125488,15.8680105209,17.6554203033,18.3157958984,19.0192127228,159.673736432,174.033229466,181.452243988,185.14124182,1.0,1.0,1.0,26.0,29.0,29.0,0.285133530676489,0.453652178149716,0.466305447268043,0.1200659275,27.5139259728,4.219624963,31.8536168632,17.3256168186,13.223230625,1.3047694196,31.8536168632,19.4133491311,11.1354983125,1.3047694196,31.8536168632,0.345047916055,60.67,5.9364,"Mild temperate, fully humid, and  Warm summer",Temperate Broadleaf and Mixed Forests,478.330267939,8.2896822691,8.72323775291,8.9826002121,1100.07501221,1244.7250061,1170.70004272,18.80809975,1528942848.0,1863312640.0,2058642688.0,HIC,MDR,34.351736754,246.3388658395341,1.0,1
2172.0,FRA,France,Europe,Western Europe,Nimes,Nimes,GISCO OSM,0.0,1.0,FRA,43.8320616342,4.3493413819499995,39.0,100058.809921,103489.585999,100310.041626,101743.299438,18.3350963593,23.5015277863,27.5524215698,29.0763587952,183.243198412,227.090750818,274.672616253,285.781559627,1.0,1.0,1.0,25.0,32.0,37.0,,0.398281970877557,0.404229575385521,0.0,0.0,0.0,0.0,15.4010674382,23.1712469179,0.0,38.5723143561,14.9480717213,23.6242426348,0.0,38.5723143561,0.244326424317,38.33,-12.5079,"Mild temperate with dry summer, and  Hot summer","Mediterranean Forests, Woodlands, and Scrub",67.3191510432,15.021109581,15.3822145462,15.6077828407,616.625030518,797.950012207,705.324996948,17.03759956,1126644352.0,1347969408.0,1501944576.0,HIC,MDR,45.458869885,331.5771997525338,1.0,1
2104.0,FRA,France,Europe,Western Europe,Valenciennes,Valenciennes; Anzin; Raismes; Bruay-sur-l'Escaut; Marly; Saint-Saulve,GISCO OSM,0.0,1.0,FRA,50.3566627869,3.50919948708,48.0,108924.204988,107323.940186,105049.63623,101582.582489,29.150932312,31.3485031128,33.4301681519,34.6555786133,267.625844184,292.0923613,318.23211723,341.156699939,1.0,1.0,1.0,37.0,44.0,48.0,0.406944959953133,0.469845927794264,0.501188279433146,13.1536386907,34.8131533931,0.0,47.9667920838,25.5913517498,22.3754403341,0.0,47.9667920838,27.5184281752,20.4483639086,0.0,47.9667920838,0.41894498817799997,57.33,-1.8242,"Mild temperate, fully humid, and  Warm summer",Temperate Broadleaf and Mixed Forests,40.6042011302,10.5373325348,11.0151920319,10.9115035534,840.050018311,990.650009155,881.575012207,7.915239811,1280123648.0,1473686912.0,1552940288.0,HIC,MDR,32.656242013,93.4569874430281,1.0,1
1732.0,FRA,France,Europe,Western Europe,Lorient,Lorient; Lanester; Plœmeur,GISCO OSM,0.0,1.0,FRA,47.7367414788,-3.36067470848,52.0,102032.378031,99948.8074932,96863.0530319,92881.9573727,26.2800617218,28.8756752014,29.6922245026,30.2932262421,257.565904363,288.904649546,306.538185337,326.147586668,1.0,1.0,1.0,36.0,43.0,49.0,,0.421281849037416,0.429074660097917,0.0,0.0,0.0,0.0,16.4449562,29.4214453267,5.6740434108,51.5404449375,14.4481136309,31.4181732083,5.6741580983,51.5404449375,0.244431054558,41.75,-0.65356,"Mild temperate, fully humid, and  Warm summer",Temperate Broadleaf and Mixed Forests,10.7006448244,12.4169728756,12.5627732277,12.6031780243,881.625015259,1198.67501831,1081.92500305,,1175220864.0,1511832960.0,1527861376.0,HIC,MDR,25.429142473,246.15620962563517,1.0,1
1976.0,FRA,France,Europe,Western Europe,Poitiers,Poitiers,GISCO OSM,0.0,1.0,FRA,46.5798222729,0.344890041571,37.0,79750.3013,85488.9122925,88514.6015015,92248.7094727,14.087884903,20.9763622284,24.1533927917,25.8966159821,176.649927001,245.369389619,272.87467132,280.726051672,1.0,1.0,1.0,25.0,29.0,32.0,0.278200908513538,0.464559292231037,0.489678982176746,0.4931840132,15.8137348213,6.6793543909,17.9699836961,16.0550729529,20.5216741801,0.0,36.5767471331,21.9746748586,14.6020722745,0.0,36.5767471331,0.38955872667999997,59.39,2.7689,"Mild temperate, fully humid, and  Warm summer",Temperate Broadleaf and Mixed Forests,111.388319205,12.0819985867,12.3070633411,12.374540329,615.050018311,860.300018311,765.0,24.25659943,1014937280.0,1269940480.0,1430528640.0,HIC,MDR,22.427890095,147.24740285847557,1.0,1
2035.0,FRA,France,Europe,Western Europe,Mantes-la-Jolie,Mantes-la-Jolie; Mantes-la-Ville; Limay,GISCO OSM,0.0,1.0,FRA,48.9829579663,1.74103346446,37.0,95204.2368698,95893.7340393,93810.91745,91994.2417297,20.044210434,22.5088233948,24.4292011261,25.4083175659,210.539058901,234.726738095,260.40893523,276.194651841,1.0,1.0,1.0,28.0,28.0,36.0,0.274512532497075,0.444654949746325,0.47584382480447,2.7453345064,30.0780276953,4.3097481216,37.1331103233,12.0964634331,25.0366468902,0.0,37.1331103233,19.9542356419,17.1788746814,0.0,37.1331103233,0.267081065271,53.93,-2.9187,"Mild temperate, fully humid, and  Warm summer",Temperate Broadleaf and Mixed Forests,42.5743937148,11.6306784153,12.0024735928,11.9706995487,558.975013733,777.125015259,635.400009155,22.63750076,2120613504.0,2423246080.0,2763494656.0,HIC,MDR,36.93181373,8.482938917558384,1.0,1
1007.0,FRA,France,Latin America and the Caribbean,Caribbean,Fort-de-France,Fort-de-France,GISCO OSM,0.0,1.0,FRA,14.6132110848,-61.0664676761,35.0,101394.997993,101007.809067,101094.854324,90965.6086578,8.77931690216,9.50687980652,9.93857383728,10.0522480011,86.5853057438,94.1202456954,98.3093937244,110.506026942,1.0,1.0,1.0,28.0,33.0,34.0,0.353785069179269,0.410245089608688,0.447916866887994,6.3487189176,17.5608494951,11.0767211569,33.0545832696,9.9097057353,21.2848994017,3.7916844326,34.9862895696,10.2379757775,20.024772027,4.7235417652,34.9862895696,0.34246675056299997,71.29,-0.53268,,Tropical and Subtropical Dry Broadleaf Forests,47.1432162064,24.9477729797,24.9887361526,25.2659516335,3493.92504883,2835.70007324,3002.62506104,,577887424.0,722789120.0,669915200.0,Other,LDC,29.610019377,17979.331740146583,1.0,0
1855.0,FRA,France,Europe,Western Europe,La Rochelle,La Rochelle,GISCO OSM,0.0,1.0,FRA,46.1599197166,-1.1583986904999999,49.0,94595.2393188,93403.9217987,91402.3077164,89710.4936676,20.7266387939,26.1398944855,29.147769928,30.2827453613,219.108688166,279.858639574,318.895339256,337.56079276,1.0,1.0,1.0,34.0,42.0,49.0,,0.369338571959138,0.396434809824209,0.0,0.0,0.0,0.0,8.117518836,34.151904615,6.7796838549,49.0491073059,11.2131142539,30.3632576346,7.4727354174,49.0491073059,0.131304823978,38.2,-3.6464,"Mild temperate, fully humid, and  Warm summer",Temperate Broadleaf and Mixed Forests,10.0661195075,13.535413503600001,13.6986048222,13.7655181885,711.175003052,923.050003052,827.350006104,9.751720428,1112034432.0,1391206400.0,1415815040.0,HIC,MDR,22.726473945,215.78632124253375,1.0,1
1824.0,FRA,France,Europe,Western Europe,Anglet,Anglet; Biarritz; Bayonne,GISCO OSM,0.0,1.0,FRA,43.487295237,-1.50870947856,38.0,94013.8164062,90351.6524048,86769.9677887,87549.9854736,12.1360378265,17.0757637024,18.6291217804,19.1112155914,129.087811669,188.992267965,214.695501856,218.289192032,1.0,1.0,1.0,32.0,35.0,35.0,0.303976849080359,0.421984701027821,0.434398121605425,1.8456821368,29.3122533826,7.428648815,38.5865843343,15.2958692032,20.958556527,2.3321586042,38.5865843343,16.2458999782,21.0948341792,1.245850177,38.5865843343,0.238541920104,49.71,-3.5752,"Mild temperate, fully humid, and  Warm summer",Temperate Broadleaf and Mixed Forests,28.0334467015,12.6347739697,12.8316085339,13.0313146114,1048.20002747,1198.7250061,1260.97503662,3.709350109,1010500928.0,1199047296.0,1289898752.0,HIC,MDR,36.964044947,365.0484822494495,1.0,1
2065.0,FRA,France,Europe,Western Europe,Melun,Melun; Dammarie-les-Lys; Le Mée-sur-Seine; Vaux-le-Pénil,GISCO OSM,0.0,1.0,FRA,48.5321308264,2.65148153389,25.0,82108.2452393,83845.3005981,83643.2561035,85896.7330322,12.3315496445,15.921046257,17.0034694672,17.346321106,150.186495991,189.885970274,203.285599572,201.943898139,1.0,1.0,1.0,23.0,24.0,25.0,0.298454665150736,0.45545830575856,0.479086213217814,2.6015831657,21.7088260392,0.6628643750000001,24.9732735799,13.5434916262,11.4297819537,0.0,24.9732735799,16.6076694431,8.3656041368,0.0,24.9732735799,0.404310240728,66.43,3.547,"Mild temperate, fully humid, and  Warm summer",Temperate Broadleaf and Mixed Forests,65.6859919336,12.234530210500001,12.7472233772,12.7328271866,595.575012207,780.900024414,652.575012207,24.63459969,1836525056.0,2098615808.0,2502654464.0,HIC,MDR,33.425598907,6.090032134237191,1.0,1
5729.0,FRA,France,Africa,Eastern Africa,Mamoudzou,Mamoudzou; Koungou; Cavani; Majicavo-Koropa; Kawéni,GISCO OSM,0.0,1.0,FRA,-12.7657193057,45.2157005092,21.0,14858.2067842,32450.9810228,52949.2303963,84978.3274078,4.25682592392,4.25682592392,4.25682592392,5.12100315094,286.496613335,131.177110514,80.3944815073,60.2624611139,0.0,0.0,0.0,0.0,0.0,0.0,,0.380895266583066,0.359322967675163,0.0,0.0,0.0,0.0,13.9668530059,6.7058089162000005,0.39536539800000003,20.9463637985,10.1652348147,8.0972549147,2.8055375907,20.7182962525,0.21458609749399998,75.62,0.19199,,Tropical and Subtropical Moist Broadleaf Forests,39.5233397596,26.2797784805,26.5391116142,26.8034729958,1840.45001221,1206.00003052,1493.47502136,,48693868.0,45016708.0,67714848.0,Other,LDC,9.3310001918,9312.900902998215,1.0,0
2195.0,FRA,France,Europe,Western Europe,Avignon,Avignon,GISCO OSM,0.0,1.0,FRA,43.9343188929,4.83306125757,38.0,77308.5115051,82085.3931274,81850.7355347,82994.7460938,15.2141866684,20.6206493378,23.1455860138,24.4073009491,196.798339176,251.2097287,282.777984371,294.0824823,1.0,1.0,1.0,22.0,23.0,23.0,,0.409337089582054,0.408151803124092,0.0,0.0,0.0,0.0,14.1145332696,24.2258983794,0.0,38.340431649,13.8207084304,24.5197232186,0.0,38.340431649,0.206518487696,36.37,15.3023,"Mild temperate with dry summer, and  Hot summer","Mediterranean Forests, Woodlands, and Scrub",24.6009254371,15.0996029377,15.4903991222,15.7113394737,592.5,804.675018311,697.225006104,23.15130043,940942656.0,1122292352.0,1226975744.0,HIC,MDR,42.432744905,326.9216794183828,1.0,1
2198.0,FRA,France,Europe,Western Europe,Valence,Valence; Bourg-lès-Valence; Guilherand-Granges; Portes-lès-Valence,GISCO OSM,0.0,1.0,FRA,44.91757025,4.89536909046,35.0,83555.1023865,85317.2605362,83319.9303589,82293.2372131,20.0869083405,21.0815086365,22.5587692261,23.352312088,240.403132385,247.095470529,270.74877678,283.769515927,1.0,1.0,1.0,29.0,30.0,33.0,,0.405821962372536,0.406896971685451,0.0,0.0,0.0,0.0,9.3647185951,25.3514484958,0.0,34.7161670909,8.8444249664,25.8717421245,0.0,34.7161670909,0.155749432566,33.29,-2.8347,"Mild temperate, fully humid, and  Hot summer","Mediterranean Forests, Woodlands, and Scrub",130.908286061,12.2039859295,12.6414268017,12.825094223,815.125015259,1013.2250061,951.099990845,27.05760002,1250041856.0,1523417344.0,1594633472.0,HIC,MDR,37.747489738,264.7370081012673,1.0,1
2264.0,FRA,France,Europe,Western Europe,Chambéry,Chambéry; La Motte-Servolex,GISCO OSM,0.0,1.0,FRA,45.5803527396,5.91730542859,29.0,78222.7050171,79798.2120361,79615.097168,80022.2006226,13.591709137,15.393163681,15.9771852493,16.4477920532,173.756572775,192.901110041,200.680346036,205.540361615,1.0,1.0,1.0,27.0,29.0,29.0,0.165328855518326,0.446746387373945,0.463510432849363,0.0,4.9086398066,24.2055025054,29.114142312,17.8260227265,11.2881195855,0.0,29.114142312,19.9262798515,9.1878624605,0.0,29.114142312,0.43092130335999995,68.71,23.6417,"Mild temperate, fully humid, and  Hot summer",Temperate Broadleaf and Mixed Forests,295.210695132,10.4496426582,10.8813931942,11.1049916744,917.625,1030.30001831,979.425018311,14.28349972,1142261504.0,1392065920.0,1517772544.0,HIC,MDR,30.665972512,249.60925122863134,1.0,1
2082.0,FRA,France,Europe,Western Europe,Douai,Douai; Sin-le-Noble,GISCO OSM,0.0,1.0,FRA,50.3787894731,3.10949179131,43.0,92230.6345215,87191.7101898,83739.3158264,79442.7785339,23.9457187653,25.3982105255,26.9757652283,28.0549659729,259.628689421,291.291574282,322.139785381,353.14683714,1.0,1.0,1.0,32.0,34.0,42.0,0.405517728662596,0.459040382441888,0.522202946347537,14.0518431206,29.2630781449,0.0,43.3149212654,21.2800282368,22.0348930287,0.0,43.3149212654,33.0285362027,10.2863850627,0.0,43.3149212654,0.503854100759,76.81,-1.0689,"Mild temperate, fully humid, and  Warm summer",Temperate Broadleaf and Mixed Forests,22.4736093723,10.8197696209,11.2830972672,11.183576107,749.174987793,907.100021362,811.875,9.787879944,966333312.0,1112449664.0,1154907776.0,HIC,MDR,28.629282362,89.5852220869142,1.0,1
2256.0,FRA,France,Europe,Western Europe,Thionville,Thionville; Yutz; Hayange; Fameck; Florange; Uckange; Terville,GISCO OSM,0.0,1.0,FRA,49.3362658518,6.13957536772,45.0,84227.9815979,81853.7399597,80573.6204529,79216.2952271,22.5558052063,27.6828117371,29.4329719543,30.5154724121,267.794677949,338.198495886,365.292905903,385.21711126,0.0,1.0,1.0,0.0,42.0,42.0,0.40130979617394,0.439869143791662,0.480950176804622,18.4866865333,25.8901926159,0.6523406875000001,45.0292198368,18.1482903127,26.880929524,0.0,45.0292198368,26.3930902642,18.6361295725,0.0,45.0292198368,0.394133273975,58.65,-2.9745,"Mild temperate, fully humid, and  Warm summer",Temperate Broadleaf and Mixed Forests,169.220286644,10.4725766182,10.9611108303,11.1026322842,735.800018311,879.225021362,734.574996948,15.92940044,896485184.0,1045560192.0,1034515392.0,HIC,MDR,31.500057178,154.90105394087297,1.0,1
2027.0,FRA,France,Europe,Western Europe,Boulogne-sur-Mer,Boulogne-sur-Mer; Outreau; Saint-Martin-Boulogne,GISCO OSM,0.0,1.0,FRA,50.7172960736,1.5999207703599998,25.0,96244.819828,88574.2722778,83028.9194489,75659.0884933,11.4559221268,11.7372465134,12.1676931381,12.4617900848,119.028973686,132.513044833,146.547651335,164.709757056,1.0,1.0,1.0,24.0,25.0,25.0,0.290984154417607,0.352364553118714,0.37298949961727,5.7834380417,12.2968553316,6.7592464993,22.4955020733,8.0386184838,10.971631285299999,5.8292901034,24.8395398725,6.0990214174,13.545131101700001,5.1953873534,24.8395398725,0.151941706263,50.16,-0.38007,"Mild temperate, fully humid, and  Warm summer",Temperate Broadleaf and Mixed Forests,36.8084007985,10.8161587715,11.2127833366,11.100110054,697.675018311,901.150009155,825.100006104,8.764080048,831014400.0,956669696.0,939406144.0,HIC,MDR,33.196679945,103.54282391523468,1.0,1
2040.0,FRA,France,Europe,Western Europe,Calais,Calais,GISCO OSM,0.0,1.0,FRA,50.9532895703,1.8743640684599998,30.0,90704.0628662,84073.0686035,80290.9523315,74201.1089783,17.793132782,19.3134326935,19.9797115326,20.4368362427,196.166877422,229.721990814,248.841381904,275.424943429,1.0,1.0,1.0,30.0,30.0,30.0,0.3215425922501,0.379343437193815,0.400027532680133,3.6465625294,19.390946462,7.1671787184,29.6928904377,6.0586109632,19.9719117561,4.1741649903999996,30.2046877098,4.3835410012,22.2776326556,3.5435140529,30.2046877098,0.210010893969,31.87,-0.45264,"Mild temperate, fully humid, and  Warm summer",Temperate Broadleaf and Mixed Forests,4.22399339439,10.8161587715,11.2127833366,11.100110054,697.675018311,901.150009155,825.100006104,8.063650131,917955712.0,1056757056.0,1071677888.0,HIC,MDR,49.254783758,123.66367353315262,1.0,1
2061.0,FRA,France,Europe,Western Europe,Creil,Creil; Nogent-sur-Oise; Montataire,GISCO OSM,0.0,1.0,FRA,49.264815011,2.47164358748,30.0,62301.4054718,67151.6356049,69711.1500397,73946.3995972,16.4696331024,16.8291187286,17.8508052826,18.3657398224,264.354118141,250.613683152,256.068150826,248.365571853,1.0,1.0,1.0,25.0,25.0,27.0,,0.428097649823896,0.464870166638763,0.0,0.0,0.0,0.0,13.1016831828,17.1477996373,0.0,30.2494828201,19.7765219137,10.4729609064,0.0,30.2494828201,0.377434065648,65.92,0.90651,"Mild temperate, fully humid, and  Warm summer",Temperate Broadleaf and Mixed Forests,50.886278371,11.860118866,12.3256082535,12.2263457775,643.150009155,842.625015259,705.625,16.80080032,852447424.0,1004095936.0,1021142720.0,HIC,MDR,30.415643915,13.566363834120516,1.0,1
2221.0,FRA,France,Europe,Western Europe,Vitrolles,Vitrolles; Marignane; Les Pennes-Mirabeau; Rognac,GISCO OSM,0.0,1.0,FRA,43.4205044425,5.24185722442,40.0,75785.929657,75374.9877625,72887.3695068,69495.8409119,19.0143718719,21.4130706787,22.880569458,23.9564170837,250.895805567,284.087219307,313.916795363,344.717277601,1.0,1.0,1.0,28.0,30.0,35.0,,0.35842985846628,0.342364691326325,0.0,0.0,0.0,0.0,7.4122007189,29.838842606100002,2.7783466181,40.0293899431,4.3539571525,32.8970861725,2.7783466181,40.0293899431,0.060720084866,40.1,-1.3821,"Mild temperate with dry summer, and  Hot summer","Mediterranean Forests, Woodlands, and Scrub",46.5595048041,14.6018183231,15.0095317364,15.2613756657,573.300010681,830.200012207,730.025024414,13.5401001,1046183552.0,1244661632.0,1304896768.0,HIC,MDR,42.140741181,364.57508835891485,1.0,1
5930.0,FRA,France,Africa,Eastern Africa,Le Port,Le Port,GISCO OSM,0.0,1.0,FRA,-20.9430467494,55.3194642771,33.0,44894.4567663,52300.1086619,60995.5524626,69168.5918226,10.1127519608,10.1127519608,10.1127519608,11.2692689896,225.256138267,193.360056403,165.79490721,162.924655434,0.0,0.0,0.0,0.0,0.0,0.0,,0.326345374751504,0.411368984199326,0.0,0.0,0.0,0.0,5.9767056184000005,18.4902708042,8.3419975985,32.1712051792,12.638246749,16.5736377799,3.5970894922000003,32.8089740211,0.242164724749,65.85,0.38735,,Tropical and Subtropical Moist Broadleaf Forests,93.1035832661,20.2661986351,20.3972415924,21.065018177,1791.85006714,1495.45001221,1715.625,,552799936.0,668321408.0,927865728.0,Other,LDC,18.794530327,13286.410069874852,1.0,0
1823.0,FRA,France,Europe,Western Europe,Cherbourg,Cherbourg,GISCO OSM,0.0,1.0,FRA,49.6485231867,-1.6149636264399998,52.0,97568.2705841,87582.2647095,79853.6691437,69027.1275978,21.0399436951,23.9707641602,24.6519851685,25.3769664764,215.643298473,273.694271776,308.714495311,367.63758481,1.0,1.0,1.0,37.0,48.0,48.0,0.390862383911605,0.4220594278934,0.439986405660366,8.7283518686,30.5801132676,12.5188398824,51.8273050186,14.4084360669,21.8704860076,15.5483829441,51.8273050186,17.3635448985,17.7032229708,16.7605371493,51.8273050186,0.397120637407,51.19,-0.23945,"Mild temperate, fully humid, and  Warm summer",Temperate Broadleaf and Mixed Forests,27.2569790527,11.229003191,11.5116641521,11.454600811,888.925003052,1199.0249939,1164.60002136,5.524280071,1008799552.0,1213914112.0,1070754880.0,HIC,MDR,21.687802038,166.51026647331662,1.0,1
2022.0,FRA,France,Europe,Western Europe,Chartres,Chartres; Lucé; Mainvilliers,GISCO OSM,0.0,1.0,FRA,48.4424652636,1.48567918508,31.0,86266.7685699,78096.6440277,72978.8852539,68460.9000244,14.605793952900001,18.178937912,20.5646839142,21.6053848267,169.309621713,232.774892421,281.789504493,315.587215753,1.0,1.0,1.0,20.0,23.0,26.0,0.321810361145081,0.44425311531395,0.473786214067125,4.8135433833,25.6576789561,0.66390925,31.1351315895,14.5632949475,16.5718366419,0.0,31.1351315895,17.4219877865,13.7131438029,0.0,31.1351315895,0.371324871583,56.2,-1.3113,"Mild temperate, fully humid, and  Warm summer",Temperate Broadleaf and Mixed Forests,150.221674759,11.1591663361,11.4769029617,11.4825496674,573.650024414,813.875,669.700012207,24.59600067,935968064.0,1092261632.0,1034578560.0,HIC,MDR,34.238400429,28.277843160736367,1.0,1
2071.0,FRA,France,Europe,Western Europe,Lagny-sur-Marne,Lagny-sur-Marne; Serris,GISCO OSM,0.0,1.0,FRA,48.8829833335,2.7336155806,24.0,34060.6207583,36393.0549312,40636.8526306,63381.8797607,7.88454055786,9.74339103699,12.95677948,14.0463562012,231.485521471,267.72665981,318.843085555,221.614698936,0.0,0.0,0.0,0.0,0.0,0.0,0.325807932773325,0.470759272188558,0.500534121412014,1.2338097338,20.0704009613,2.5588232676000002,23.8630339627,16.3057949804,7.5572389824,0.0,23.8630339627,17.0753305297,6.7877034331,0.0,23.8630339627,0.576915837902,71.15,0.65929,"Mild temperate, fully humid, and  Warm summer",Temperate Broadleaf and Mixed Forests,91.652230042,12.234530210500001,12.7472233772,12.7328271866,595.575012207,780.900024414,652.575012207,19.59950066,809376256.0,924882432.0,1650053888.0,HIC,MDR,33.829427163,1.8326308013571224,1.0,1
2072.0,FRA,France,Europe,Western Europe,Arras,Arras,GISCO OSM,0.0,1.0,FRA,50.2883647875,2.7707820626,22.0,63226.4675903,63600.5415649,63133.0897827,62771.226593,10.3933849335,12.1214494705,12.7920036316,13.0780735016,164.383450944,190.58720527,202.619635371,208.345036594,1.0,1.0,1.0,21.0,22.0,22.0,0.342807054308592,0.410410518555221,0.470988611423436,3.1651246789,17.8822145,0.6396545625,21.6869937414,6.5523906319,15.1346031096,0.0,21.6869937414,12.6482315064,9.038762235,0.0,21.6869937414,0.332235921168,57.49,-5.7874,"Mild temperate, fully humid, and  Warm summer",Temperate Broadleaf and Mixed Forests,76.8753908948,10.8955469131,11.3571557999,11.2360711098,711.150009155,873.900009155,782.650009155,9.787879944,592005312.0,681520832.0,752586816.0,HIC,MDR,40.464050423,80.02365302551047,1.0,1
2372.0,FRA,France,Europe,Western Europe,Colmar,Colmar,GISCO OSM,0.0,1.0,FRA,48.0839984607,7.35934552385,24.0,58644.8630981,61097.1253052,61323.3113403,61816.7178955,16.7647380829,17.6970233917,18.168340683,18.8019599915,285.868824603,289.65394531,296.271357268,304.156555565,1.0,1.0,1.0,22.0,22.0,22.0,0.384301738610552,0.434423489407832,0.439842891187748,6.7322648103,17.3235065292,0.0,24.0557713395,9.0789961424,14.9767751971,0.0,24.0557713395,10.2482907919,13.807480547499999,0.0,24.0557713395,0.242183809488,42.7,5.1725,"Mild temperate, fully humid, and  Warm summer",Temperate Broadleaf and Mixed Forests,192.119229599,9.41189074516,9.78728032112,10.0933222771,891.400009155,1109.92500305,919.375015259,13.98859978,820987328.0,977690880.0,999210048.0,HIC,MDR,31.184834321,216.87981085737852,1.0,1
2331.0,FRA,France,Europe,Western Europe,Montbéliard,Montbéliard; Audincourt; Valentigney,GISCO OSM,0.0,1.0,FRA,47.4965557448,6.82088980906,32.0,83575.5852051,74646.1370239,68816.6187744,60625.25177,15.3197526932,20.8675403595,21.5890827179,22.7547206879,183.304162999,279.552850174,313.719027502,375.334040248,1.0,1.0,1.0,30.0,30.0,30.0,0.362151783977633,0.476468021926808,0.481139477058581,5.9753503689,24.2654338015,2.0276521875,32.2684363578,23.50409949,8.764336867899999,0.0,32.2684363578,22.0677573787,10.2006789792,0.0,32.2684363578,0.597369531551,68.96,-0.41614,"Mild temperate, fully humid, and  Warm summer",Temperate Broadleaf and Mixed Forests,334.852715081,8.52870070934,8.940789937969999,9.2248134613,1186.75003052,1436.5249939,1249.65000916,13.87040043,877799680.0,1044678912.0,901019968.0,HIC,MDR,28.587338299,200.23852680531226,1.0,1
2334.0,FRA,France,Europe,Western Europe,Belfort,Belfort,GISCO OSM,0.0,1.0,FRA,47.6414307136,6.8478081811,19.0,63642.8512573,62249.3588867,61304.9371338,60252.0876465,9.55556106567,12.4355449677,12.7933988571,13.2577209473,150.143509866,199.769848076,208.684641976,220.037536708,1.0,1.0,1.0,14.0,17.0,19.0,0.335074951709244,0.448954635361368,0.459722242885701,3.1954997328,15.1631157586,0.6740538125000001,19.0326693039,11.6168179289,7.415851375,0.0,19.0326693039,11.6697118358,7.3629574681,0.0,19.0326693039,0.407871183057,61.42,-1.9632,"Mild temperate, fully humid, and  Warm summer",Temperate Broadleaf and Mixed Forests,373.949327607,9.0648021698,9.48472881317,9.73152470589,1057.70001221,1295.6499939,1109.25003052,13.87040043,746273792.0,888148608.0,817017344.0,HIC,MDR,30.177318071,198.9537751896962,1.0,1
2234.0,FRA,France,Europe,Western Europe,Aix-en-Provence,Aix-en-Provence,GISCO OSM,0.0,1.0,FRA,43.5363502111,5.43443612993,28.0,61499.8046265,63655.6149902,60326.769165,59679.0871582,14.4275665283,15.8641195297,18.3692722321,19.712770462,234.59532296,249.217913175,304.49620436,330.312868389,1.0,1.0,0.0,17.0,17.0,0.0,,0.454319631927104,0.467654803552302,0.0,0.0,0.0,0.0,16.9327982154,11.2214552331,0.0,28.1542534485,17.2027183515,10.9515350971,0.0,28.1542534485,0.379566192927,61.44,-3.3672,"Mild temperate with dry summer, and  Hot summer","Mediterranean Forests, Woodlands, and Scrub",229.321425752,14.1413719654,14.5694797039,14.794365406,588.425003052,810.250030518,728.849990845,26.75699997,883593600.0,1051225856.0,1184169728.0,HIC,MDR,32.296886146,363.8009339667839,1.0,1
2406.0,FRA,France,Europe,Western Europe,Monaco,Monaco,GISCO OSM,1.0,2.0,FRA; MCO,43.7354348454,7.42006731814,15.0,40214.7337036,46949.6904907,51212.7382507,59433.179657,4.92653369904,5.58716011047,5.76303195953,5.84645414352,122.505689963,119.003129777,112.531220872,98.3702062933,0.0,0.0,0.0,0.0,0.0,0.0,,0.354860768230826,0.36409420009605,0.0,0.0,0.0,0.0,3.7696429591,5.5404048806,5.9433785355,15.2534263752,4.6959732664,5.3362965733,5.2211565355,15.2534263752,0.144559497701,61.0,0.1924,"Mild temperate with dry summer, and  Hot summer","Mediterranean Forests, Woodlands, and Scrub",103.874158134,13.4573428631,13.9195435047,14.2385182381,701.725006104,884.824996948,858.375,,740499200.0,880984192.0,1117971584.0,HIC,MDR,49.175404167,414.11246145844547,1.0,1
2079.0,FRA,France,Europe,Western Europe,Meaux,Meaux,GISCO OSM,0.0,1.0,FRA,48.9570348712,2.90385241415,22.0,56819.330513,58533.1370544,58707.5720367,58946.948761,10.2372665405,12.1624317169,13.0177230835,13.5899362564,180.172248566,207.787115623,221.738399867,230.545202798,0.0,1.0,1.0,0.0,19.0,19.0,0.243667066514789,0.446084615135955,0.472618211389371,0.144264249,15.9376118681,5.6578086083,21.7396847255,11.326985176,10.4126995495,0.0,21.7396847255,13.5459704664,8.1937142591,0.0,21.7396847255,0.368390512595,61.57,15.7531,"Mild temperate, fully humid, and  Warm summer",Temperate Broadleaf and Mixed Forests,61.9417428682,12.234530210500001,12.7472233772,12.7328271866,595.575012207,780.900024414,652.575012207,19.32600021,904662016.0,1033766208.0,1272363392.0,HIC,MDR,28.608580936,9.63003368117711,1.0,1
2563.0,FRA,France,Europe,Western Europe,Ajaccio,Ajaccio,GISCO OSM,0.0,1.0,FRA,41.9274804037,8.74421924211,27.0,29088.2200165,38282.0513649,45594.1189346,58697.4575195,4.62939548492,5.7891921997099995,6.19419193268,6.6983151435899995,159.150181149,151.22471219,135.85506371,114.115933239,0.0,0.0,0.0,0.0,0.0,0.0,0.315713666484076,0.367105935510537,0.378465001397262,9.3549957113,11.2358429039,6.1292293407,21.520883587,12.9935174069,9.6178555208,4.1086950282,26.7200679559,12.0197694561,9.3145013466,5.3857971532,26.7200679559,0.25661491411299997,75.19,0.34127,"Mild temperate with dry summer, and  Hot summer","Mediterranean Forests, Woodlands, and Scrub",42.897002875,14.5026056767,15.0249536037,15.311757803,600.175018311,665.700012207,665.600021362,,628155584.0,747327040.0,1076463872.0,HIC,MDR,31.417599007,1068.121858783006,1.0,1
1967.0,FRA,France,Europe,Western Europe,Angoulême,Angoulême,GISCO OSM,0.0,1.0,FRA,45.656372899,0.16408632306499998,35.0,64351.6681519,63641.8153076,61803.8324585,57917.5350342,19.5218677521,21.7531700134,23.0100498199,24.1518230438,303.362264145,341.806246542,372.307814979,417.003641981,1.0,1.0,1.0,25.0,29.0,31.0,,0.466554661864755,0.491329181631559,0.0,0.0,0.0,0.0,19.49056844,15.2016489267,0.0,34.6922173667,20.932335885,13.7598814816,0.0,34.6922173667,0.376420763196,59.81,-1.1098,"Mild temperate, fully humid, and  Warm summer",Temperate Broadleaf and Mixed Forests,66.9578105037,12.8908464909,13.0656816959,13.1899158955,715.424987793,882.475036621,811.125015259,9.629739761,767515712.0,960354048.0,965851072.0,HIC,MDR,21.71257752,202.7351869162002,1.0,1
1757.0,FRA,France,Europe,Western Europe,Saint-Brieuc,Saint-Brieuc; Plérin; Ploufragan,GISCO OSM,0.0,1.0,FRA,48.5130471952,-2.74960019564,29.0,55184.5857849,56762.7044983,56995.7154236,57412.9691467,18.2946681976,19.1156024933,19.7058486938,20.3646087646,331.51772252,336.763419965,345.742632536,354.703981823,0.0,1.0,1.0,0.0,29.0,25.0,0.305661902499631,0.464620574264473,0.480834932073046,1.3881382743000001,26.0753038762,1.4919566526999999,28.9553988032,15.1613263304,13.6277575434,0.1663149294,28.9553988032,18.7232490162,10.0658348576,0.1663149294,28.9553988032,0.424606022686,64.56,5.5566,"Mild temperate, fully humid, and  Warm summer",Temperate Broadleaf and Mixed Forests,81.3619067881,11.7665100098,11.9858431816,11.9872310162,940.150009155,1290.3500061,1186.85003662,6.4567599300000005,661075392.0,850423360.0,871324224.0,HIC,MDR,15.65409826,204.43700557777453,1.0,1
1005.0,FRA,France,Latin America and the Caribbean,Caribbean,Les Abymes,Les Abymes; Pointe-à-Pitre,GISCO OSM,0.0,1.0,FRA,16.2448636776,-61.5330480556,29.0,69457.6332245,68107.7557831,65386.4453278,57185.3666077,11.3114490509,12.751373291,13.7044563293,13.866724968,162.853937368,187.223512864,209.59170147,242.487296848,1.0,1.0,1.0,21.0,27.0,29.0,0.267418971089311,0.398357196020603,0.409602293192699,3.3391278074,8.9507303426,16.8773693373,28.736645051,7.1053587294,20.4968436355,1.5650251223,29.1672274873,10.4443672696,15.102358885,3.6205013326,29.1672274873,0.244012365536,52.17,-0.47973,Tropical monsoon,Deserts and Xeric Shrublands,13.9690597368,25.428753376,25.4837865829,25.727230072,3368.20001221,2915.95007324,2898.75006104,,274014464.0,332859776.0,396968640.0,Other,LDC,30.631314245,17823.278724823387,1.0,0
5938.0,FRA,France,Africa,Eastern Africa,Saint-André,Saint-André,GISCO OSM,0.0,1.0,FRA,-20.9485093141,55.6564899057,21.0,26929.2546082,37658.4492798,48436.0442505,55855.1238403,6.20414924622,6.20414924622,6.20414924622,7.63066291809,230.386965272,164.747868403,128.089511483,136.615271679,0.0,0.0,0.0,0.0,0.0,0.0,,0.440408821213977,0.533731008223405,0.0,0.0,0.0,0.0,6.5232562257,13.8872759978,0.419105239,20.4105322235,17.622952661,2.7875795625,0.419105239,20.8296374625,0.48986833559299997,83.92,0.525,,Tropical and Subtropical Moist Broadleaf Forests,53.8232695649,21.2363247871,21.3674764633,22.07513237,1767.50003052,1485.84997559,1701.72503662,,404080160.0,488522816.0,761266176.0,Other,LDC,9.1594476019,13315.81357519405,1.0,0
2106.0,FRA,France,Europe,Western Europe,Béziers,Béziers,GISCO OSM,0.0,1.0,FRA,43.3472835147,3.23450261369,18.0,54971.1170654,56746.333252,55151.3613281,54101.5979004,7.63969182968,9.1886177063,10.7191982269,11.5543327332,138.976470509,161.924430703,194.35963082,213.567310053,1.0,1.0,1.0,15.0,16.0,18.0,,0.341574102607681,0.318180934170495,0.0,0.0,0.0,0.0,0.8039301696000001,17.3859794627,0.0,18.1899096324,2.3660488975,15.8238607348,0.0,18.1899096324,0.026901523365,35.83,-4.8001,"Mild temperate with dry summer, and  Hot summer","Mediterranean Forests, Woodlands, and Scrub",56.4118054301,15.125442981700001,15.4448690414,15.6769952774,572.150009155,661.975021362,604.925018311,20.09269905,523227936.0,626014080.0,678008448.0,HIC,MDR,39.87034199,365.22871916391813,1.0,1
5933.0,FRA,France,Africa,Eastern Africa,Le Tampon,Le Tampon; Ligne des Bambous,GISCO OSM,0.0,1.0,FRA,-21.2726083344,55.5130158346,18.0,29950.586792,40390.6792603,50731.9265137,53574.7655029,7.87042427063,7.87042427063,7.87042427063,9.38673877716,262.780302947,194.857437775,155.137500416,175.208210228,0.0,0.0,0.0,0.0,0.0,0.0,,0.455527819662057,0.487483123991187,0.0,0.0,0.0,0.0,9.1708347836,8.7053716434,0.0,17.876206427,13.5017335581,4.3744728689,0.0,17.876206427,0.40046301758999997,75.01,0.62371,,Tropical and Subtropical Moist Broadleaf Forests,576.400618824,21.2559022903,21.3765115738,22.0860795975,1747.875,1459.77502441,1668.42504883,,453814048.0,548649792.0,923140736.0,Other,LDC,7.6206321054,13320.683218913278,1.0,0
1104.0,FRA,France,Latin America and the Caribbean,South America,Cayenne,Cayenne,GISCO OSM,0.0,1.0,FRA,4.93055937952,-52.3112434755,20.0,24135.8331909,40046.3591919,46316.0186768,52031.5090332,10.1418552399,10.1418552399,10.6582889557,10.7703418732,420.199094005,253.252866041,230.121009106,206.996531012,0.0,0.0,0.0,0.0,0.0,0.0,0.436669812274293,0.460940567479661,0.423136537307241,6.4003084463,10.8015936042,2.6198061615,18.9872607512,7.296829261,11.1237623422,1.4011166088,19.821708212,7.4793379353,11.1392086064,1.2031616703,19.3559700944,0.23534573775599998,46.15,0.22965,Tropical monsoon,Mangroves,14.7344204201,25.6766281128,25.8064374924,26.000603199,3794.05010986,3448.00006104,3245.05004883,9.554309845,66916740.0,133697272.0,267670416.0,Other,LDC,26.062885284,16717.40932824435,1.0,0
3420.0,GRC,Greece,Europe,Southern Europe,Athens,Athens; Piraeus,GISCO OSM,0.0,1.0,GRC,37.9999030951,23.7426878829,438.0,2801296.06797,3119705.94035,3351355.93233,3315199.4213,297.160430908,305.416778564,320.957305908,326.119842529,106.079623038,97.8992201203,95.7693877908,98.3711086683,1.0,1.0,1.0,397.0,401.0,415.0,0.130670678178078,0.254359198841118,0.271708585612909,0.0,55.931273925,371.37520705,397.018301619,1.5646381505,331.141628828,105.105956243,437.812223222,8.8020818297,326.436834023,102.573307369,437.812223222,0.0106639361822,25.54,1.0791,"Mild temperate with dry summer, and  Hot summer","Mediterranean Forests, Woodlands, and Scrub",154.974288895,16.561217308,17.5327043533,17.617898941,553.625007629,606.475006104,708.5,5.883059978,49506103296.0,62885515264.0,67305783296.0,HIC,MDR,54.918740434,0.0,1.0,1
3384.0,GRC,Greece,Europe,Southern Europe,Thessaloniki,Thessaloniki,GISCO OSM,0.0,1.0,GRC,40.6420573389,22.937073085,117.0,637479.732147,729524.152435,798033.618958,813774.992859,65.8808746338,69.1991500854,73.156036377,74.4467773438,103.345834089,94.8551872538,91.6703690661,91.4832453652,1.0,1.0,1.0,99.0,105.0,116.0,0.182192771379332,0.266454694517656,0.295608951233854,0.0,52.8646307598,64.0947110176,110.935578168,0.5707203098,88.8847499208,27.5038715468,116.959341777,10.5371932684,89.4094831157,17.0126653934,116.959341777,0.0145956386277,36.37,0.66882,"Mild temperate with dry summer, and  Hot summer","Mediterranean Forests, Woodlands, and Scrub",67.7440102354,14.5015368462,15.3878934383,15.5567879677,403.950004578,422.575012207,520.625007629,8.057080269,10305601536.0,11616912384.0,9820091392.0,HIC,MDR,48.447692329,249.92139730356115,1.0,1
3369.0,GRC,Greece,Europe,Southern Europe,Patras,Patras,GISCO OSM,0.0,1.0,GRC,38.2378652067,21.7451000289,51.0,181319.121521,187404.25795,190772.466324,176257.101318,13.4155006409,22.7506599426,26.2094135284,27.2177867889,73.9883390584,121.398842222,137.385724646,154.420937286,1.0,1.0,1.0,39.0,51.0,51.0,0.254677759518481,0.384465516998261,0.401782171960357,0.0,37.5792773502,13.4982694402,45.1435669826,11.0946863958,32.0646662801,7.9181941145,51.0775467904,14.1784450267,29.6544127346,7.2446890292,51.0775467904,0.191561448971,46.63,-2.9234,"Mild temperate with dry summer, and  Hot summer","Mediterranean Forests, Woodlands, and Scrub",39.2214112926,15.4454302788,16.3375730515,16.5071287155,592.275016785,581.400016785,756.825012207,9.070110321,2064114432.0,2413286912.0,1908970624.0,HIC,MDR,26.241076713,116.04065481824175,1.0,1
3477.0,GRC,Greece,Europe,Southern Europe,Heraklion,Heraklion,GISCO OSM,0.0,1.0,GRC,35.3252566095,25.1218445758,43.0,102634.571411,125647.127808,143542.412354,155250.943237,23.2965927124,23.5374507904,23.8388576508,23.9280147552,226.98582351,187.329795763,166.075358912,154.124762506,1.0,1.0,1.0,37.0,38.0,43.0,0.165185325359762,0.358440022062345,0.322344262633233,0.0,18.9843371949,23.3752850551,40.4064245044,12.7143437404,20.8520861287,8.7931923809,42.35962225,8.6947276517,24.8717022174,8.7931923809,42.35962225,0.105477592526,44.35,0.077787,"Mild temperate with dry summer, and  Hot summer","Mediterranean Forests, Woodlands, and Scrub",43.657332915,17.1588015556,18.0221576691,18.1440529823,546.224998474,612.750007629,635.350006104,21.72459984,2073560320.0,2323634688.0,2274396672.0,HIC,MDR,23.560888995,647.0666967025677,1.0,1
3377.0,GRC,Greece,Europe,Southern Europe,Larissa,Larissa,GISCO OSM,0.0,1.0,GRC,39.6271559364,22.4190533959,33.0,110862.106461,121441.402191,128071.731689,126569.991272,13.2019128799,15.1913900375,16.6184806824,17.6147975922,119.084088346,125.092347119,129.7591628,139.170410104,1.0,1.0,1.0,25.0,27.0,33.0,0.212348401210727,0.334037892312186,0.348374710017083,1.4631378968,23.6746488257,7.9785434816,33.1163302042,6.8054056637,26.3109245404,0.0,33.1163302042,9.5808336297,22.7663783245,0.76911825,33.1163302042,0.0725018114071,46.64,3.5783,"Steppe (semi-arid), and  Cold arid","Mediterranean Forests, Woodlands, and Scrub",78.0604866214,13.7736487389,14.6677322388,14.8493118286,449.725013733,465.574996948,575.950012207,6.923900127,1495096448.0,1639344384.0,1366563328.0,HIC,MDR,21.282148159,160.4117515322481,1.0,1
3393.0,GRC,Greece,Europe,Southern Europe,Volos,Volos,GISCO OSM,0.0,1.0,GRC,39.3696468144,22.9346409858,25.0,87678.261261,98346.4838257,105192.318451,104289.434784,16.3455505371,16.7101783752,17.368429184,17.5116024017,186.426490467,169.911294489,165.111192906,167.913484602,1.0,1.0,1.0,25.0,25.0,25.0,0.166118714999161,0.337632737823176,0.30693503348066,0.0,5.7282181142,19.4281638627,24.9383184397,0.21795164120000002,24.9384303358,0.0,25.156381977,0.9053942564,22.5855217549,1.6654659657000002,25.156381977,0.0369403079802,29.96,0.79842,"Mild temperate with dry summer, and  Hot summer","Mediterranean Forests, Woodlands, and Scrub",32.3992724275,14.3616800308,15.29160285,15.4313049316,445.150001526,465.075012207,569.525001526,6.460539818,1214913152.0,1332128896.0,1123259520.0,HIC,MDR,38.644181442,145.3917555002287,1.0,1
3331.0,GRC,Greece,Europe,Southern Europe,Ioannina,Ioannina,GISCO OSM,0.0,1.0,GRC,39.6612491083,20.8480885404,20.0,63460.7511597,72999.5224915,80896.6350098,81720.3789978,3.42714428902,5.0753698349,7.65754318237,8.52501869202,54.0041557402,69.5260689615,94.6583647323,104.319372922,1.0,1.0,1.0,14.0,17.0,19.0,0.237737217897127,0.378330623861851,0.394533318339282,0.0241292,16.4359915637,3.6629188363000003,20.1230396,9.0367203186,11.0863192814,0.0,20.1230396,7.8728104238,11.1349270743,1.115302102,20.1230396,0.14342058179,57.35,4.5955,"Mild temperate with dry summer, and  Hot summer","Mediterranean Forests, Woodlands, and Scrub",497.156159339,12.4938817024,13.3759791851,13.5638439655,799.525024414,904.100036621,1090.07501221,10.4059,696159872.0,844682240.0,721342272.0,HIC,MDR,26.089561558,232.44651912695926,1.0,1
3447.0,GRC,Greece,Europe,Southern Europe,Chania,Chania,GISCO OSM,0.0,1.0,GRC,35.5050476297,24.0377410443,22.0,46485.7340088,56546.8394165,64190.9094849,69045.0619507,6.82788467407,6.92548894882,7.17167377472,7.32228708267,146.881292071,122.47349313,111.724134029,106.050843837,0.0,0.0,1.0,0.0,0.0,12.0,0.21560754472156,0.324609420362106,0.309244910733262,0.0,12.4013736407,9.4598906314,19.310004525,1.9880873451,18.0673015858,1.8058753412000002,21.8612642721,1.7842010392,15.493847374,4.5832158588,21.8612642721,0.0376201926338,66.73,0.279,"Mild temperate with dry summer, and  Hot summer","Mediterranean Forests, Woodlands, and Scrub",29.2198066949,18.3139314651,19.2107253075,19.3101716042,540.550003052,582.75,604.125015259,17.19300079,1082389248.0,1212926720.0,1170834304.0,HIC,MDR,19.145328197,579.4527824078217,1.0,1
3416.0,GRC,Greece,Europe,Southern Europe,Chalkida,Chalkida,GISCO OSM,0.0,1.0,GRC,38.4688638948,23.6071898725,21.0,47956.5125122,52458.3248291,54359.7832336,51863.5188599,6.2466673851,6.66622877121,7.29459619522,7.71531772614,130.256915232,127.076661196,134.191046419,148.761940874,0.0,0.0,1.0,0.0,0.0,21.0,0.0724249374543399,0.288360780129916,0.30620078597677,0.0,0.1471500118,20.9323267488,16.1467094902,0.0,15.4261110147,5.6533657458,21.0794767605,0.9288844493,14.4973223154,5.6532699958,21.0794767605,0.023139666173500002,63.24,-12.8166,"Mild temperate with dry summer, and  Hot summer","Mediterranean Forests, Woodlands, and Scrub",15.7813867214,15.8608176708,16.8524188995,16.9169621468,447.150016785,481.600006104,573.375,6.339179993,656500800.0,833924992.0,893614912.0,HIC,MDR,15.526230517,29.83721005664035,1.0,1
3439.0,GRC,Greece,Europe,Southern Europe,Xanthi,Xanthi,GISCO OSM,0.0,1.0,GRC,41.1303237075,24.8885704282,13.0,41040.2934875,46500.3547974,49986.9077148,50069.7497559,5.9411945343,5.99417495728,6.90816545486,7.09904241562,144.764913441,128.906004769,138.199496042,141.783061634,0.0,0.0,0.0,0.0,0.0,0.0,0.261778882866128,0.344037543534694,0.381538581039874,0.0,12.1849074836,0.752435375,12.9373428586,1.9415583993,10.9957844593,0.0,12.9373428586,6.0762360213,6.8611068373,0.0,12.9373428586,0.140513520545,46.74,2.2874,"Mild temperate with dry summer, and  Hot summer","Mediterranean Forests, Woodlands, and Scrub",90.5797086134,11.0451087952,12.028172493,12.2206945419,549.550018311,601.275001526,759.550003052,16.41930008,518501984.0,515636352.0,531661568.0,HIC,MDR,28.982509393,374.4643221594845,1.0,1
3032.0,HRV,Croatia,Europe,Southern Europe,Zagreb,Zagreb,GISCO OSM,0.0,1.0,HRV,45.8014894084,15.9881806788,203.0,589834.777871,668465.582843,647909.633368,660652.532642,81.8307037354,91.1901397705,98.6765365601,102.868408203,138.734959018,136.41710525,152.299844729,155.707278971,1.0,1.0,1.0,146.0,180.0,195.0,0.416938677995857,0.494097189172301,0.493283373836129,103.663888699,99.1354794113,0.0,202.79936811,150.674981467,52.1243866429,0.0,202.79936811,144.026347136,58.7730209745,0.0,202.79936811,0.462901651004,70.95,-10.2496,"Mild temperate, fully humid, and  Hot summer",Temperate Broadleaf and Mixed Forests,132.785175378,11.0752301216,11.9321269989,12.3490462303,963.800018311,1042.25003052,1162.20002747,10.07240009,8057198080.0,9454166016.0,14500100096.0,UMIC,MDR,45.517749782,0.0,1.0,1
3084.0,HRV,Croatia,Europe,Southern Europe,Split,Split,GISCO OSM,0.0,1.0,HRV,43.5233383817,16.4585031639,76.0,208844.15316,229791.110119,218831.791054,218496.82402,31.8260211945,34.7186050415,35.0034561157,35.2231140137,152.391248272,151.08767708,159.955991527,161.206526326,1.0,1.0,1.0,62.0,64.0,64.0,,0.372524021464351,0.399711661568262,0.0,0.0,0.0,0.0,8.9843985792,55.5467160711,11.868196224,76.3993108743,17.0414571775,43.7099014828,15.647952214,76.3993108743,0.152397417946,53.66,-0.28625,"Mild temperate with dry summer, and  Hot summer","Mediterranean Forests, Woodlands, and Scrub",24.9019229606,12.1855764389,13.0504853725,13.541923046099999,943.324996948,1144.375,1239.07505798,23.34519958,2238784256.0,1740573568.0,2375596032.0,UMIC,MDR,29.824919443,179.7286654677053,1.0,1
2964.0,HRV,Croatia,Europe,Southern Europe,Rijeka,Rijeka,GISCO OSM,0.0,1.0,HRV,45.3458129888,14.3923427226,64.0,178058.802969,177800.392059,158261.023787,143702.31723,23.2547569275,26.7716960907,27.876619339,29.0254974365,130.601557125,150.571636995,176.143302198,201.983503091,1.0,1.0,1.0,35.0,39.0,59.0,0.417881034282904,0.477612838796851,0.481963948524469,31.3148554289,19.8998798292,12.4128536632,60.4785847978,35.2556892488,19.6371406895,8.7347589831,63.6275889213,35.543168138,16.286659111,11.7977616723,63.6275889213,0.40486218601999996,55.54,-0.37963,"Mild temperate, fully humid, and  Warm summer","Mediterranean Forests, Woodlands, and Scrub",142.41586148,12.0741903782,12.8920164108,13.2933502197,1230.20001221,1446.17504883,1519.12503052,19.88050079,3878388224.0,1945132672.0,2275417088.0,UMIC,MDR,23.170242302,83.91425304674942,1.0,1
3017.0,HRV,Croatia,Europe,Southern Europe,Zadar,Zadar,GISCO OSM,0.0,1.0,HRV,44.1177301199,15.2398964413,29.0,52513.3309097,60898.4156952,60199.5471802,63077.5235748,9.80004405975,14.0396747589,14.6610269547,14.8955945969,186.620118929,230.542528876,243.540485625,236.147422294,0.0,1.0,1.0,0.0,25.0,26.0,0.284406969764508,0.374146196647012,0.369807579812081,0.2898583588,19.8852884767,8.715036874799999,25.8052530294,2.4820787564,20.5863662863,5.8217386676,28.8986249206,3.3323192779,18.3003667647,7.2574976676,28.8986249206,0.0964876931127,48.62,1.6832,"Mild temperate with dry summer, and  Hot summer","Mediterranean Forests, Woodlands, and Scrub",19.8162370698,11.8942420483,12.8002004623,13.2428648472,954.525009155,1201.77502441,1250.15002441,,245449360.0,379924704.0,587588096.0,UMIC,MDR,31.323960255,142.09422894379594,1.0,1
3195.0,HRV,Croatia,Europe,Southern Europe,Osijek,Osijek,GISCO OSM,0.0,1.0,HRV,45.5554997032,18.6814201056,20.0,78648.4589844,79325.2218018,69701.8482666,61045.2889404,8.73114013672,13.5119075775,13.9692230225,14.4241065979,111.0147643,170.335578907,200.413954147,236.285335826,1.0,1.0,1.0,20.0,20.0,20.0,0.278296972890125,0.440666857981672,0.442730210435444,0.0,19.3638451216,0.0,19.3638451216,7.6809159755,11.6829291461,0.0,19.3638451216,8.7519169608,10.6119281608,0.0,19.3638451216,0.20563691511499999,43.76,-0.24941,"Mild temperate, fully humid, and  Hot summer",Temperate Broadleaf and Mixed Forests,89.0154607093,11.1216096878,11.985550642,12.5508570671,588.525009155,616.500022888,671.650009155,10.72179985,545862656.0,462763808.0,506497376.0,UMIC,MDR,29.603250217,143.95741973895443,1.0,1
3166.0,HRV,Croatia,Europe,Southern Europe,Slavonski Brod,Slavonski Brod,GISCO OSM,1.0,2.0,HRV; BIH,45.1665170438,18.0166851703,20.0,69857.6430054,70246.4771729,60752.434082,53188.4003906,7.84279727936,8.41906070709,10.0001583099,10.6877374649,112.268277914,119.850290661,164.60506416,200.941133526,1.0,1.0,1.0,20.0,20.0,20.0,0.178355779380998,0.479251956268384,0.514113757884687,0.0,5.774818988,14.3235477328,20.0983667208,13.2571176961,6.8412490248,0.0,20.0983667208,16.5726885958,3.5256781249999998,0.0,20.0983667208,0.566933849835,82.86,-0.85775,"Mild temperate, fully humid, and  Hot summer",Temperate Broadleaf and Mixed Forests,93.5650974329,11.5836751461,12.432461977,12.9968512058,717.850021362,789.500022888,840.349990845,9.658909798,153466640.0,224534256.0,269275840.0,UMIC,MDR,27.973993492,108.9627015860727,1.0,1
3193.0,HUN,Hungary,Europe,Eastern Europe,Budapest,Budapest,GISCO OSM,0.0,1.0,HUN,47.4830063448,19.1097419285,433.0,1074638.94634,1353965.59112,1530482.24414,1758467.9556,207.941757202,237.205947876,276.216339111,287.546966553,193.49918213,175.193483078,180.476670127,163.521300253,1.0,1.0,1.0,299.0,364.0,381.0,0.300409201547813,0.417162155896446,0.445546630658075,14.3317442463,395.396486858,23.6623364375,433.390567541,155.405022619,272.57641661,5.4091283125,433.390567541,196.331191363,233.003500616,4.0558755625,433.390567541,0.270233492733,45.34,0.73624,"Mild temperate, fully humid, and  Warm summer",Temperate Broadleaf and Mixed Forests,129.54615796,10.5812847614,11.3240940571,11.9860179424,499.775016785,528.500015259,547.925010681,18.31299973,19772463104.0,27468357632.0,48991387648.0,HIC,MDR,25.015110238,0.0,1.0,1
3298.0,HUN,Hungary,Europe,Eastern Europe,Debrecen,Debrecen,GISCO OSM,0.0,1.0,HUN,47.5323369079,21.6279514327,50.0,58587.5301113,95007.3647995,121512.509651,166657.523254,12.1369581223,25.8912563324,27.3131942749,29.4217014313,207.159409164,272.518413568,224.776809839,176.53989365,0.0,1.0,1.0,0.0,31.0,38.0,0.335356314688043,0.406176354330177,0.444656791043362,5.7340577929,43.2927101529,1.3514253125,50.3781932583,18.6090835674,31.7691096909,0.0,50.3781932583,22.8740378777,27.5041553806,0.0,50.3781932583,0.197798817517,45.75,0.22746,"Mild temperate, fully humid, and  Warm summer",Temperate Broadleaf and Mixed Forests,118.123784448,10.4190137386,11.136649847,11.8686096668,564.650016785,592.500022888,541.625,17.53650093,535792800.0,813258880.0,1590794496.0,HIC,MDR,17.682050619,126.68913148825305,1.0,1
3253.0,HUN,Hungary,Europe,Eastern Europe,Miskolc,Miskolc,GISCO OSM,0.0,1.0,HUN,48.0971574834,20.7706851385,44.0,144696.962708,144754.655579,138322.544556,124421.541931,21.8020572662,23.4340705872,24.7963466644,25.5309848785,150.673910898,161.888199682,179.26467984,205.197464059,1.0,1.0,1.0,41.0,41.0,44.0,0.334930918155146,0.446001279023543,0.483363474217876,7.7521852074,34.7936684838,1.336496625,43.8823503162,26.4682281358,17.4141221804,0.0,43.8823503162,32.5522574397,11.3300928765,0.0,43.8823503162,0.47092273661399997,73.98,-0.56619,"Mild temperate, fully humid, and  Warm summer",Temperate Broadleaf and Mixed Forests,143.811008589,9.44423747063,10.1576323509,10.7246088982,593.550018311,630.925010681,581.350021362,19.10540009,755097664.0,693847616.0,844823168.0,HIC,MDR,15.713440743,97.94804094133872,1.0,1
3165.0,HUN,Hungary,Europe,Eastern Europe,Pécs,Pécs,GISCO OSM,0.0,1.0,HUN,46.0704976478,18.2340051763,36.0,113082.220673,124984.04599,125391.592926,119904.469988,8.77221012115,14.0226335526,15.9648075104,16.6818447113,77.5737341288,112.195388151,127.319600444,139.1261286,1.0,1.0,1.0,29.0,33.0,36.0,0.202433882070489,0.449780227240126,0.47804182806389,0.0,25.7866563757,9.9738968603,35.760553236,23.4574588794,12.3030943566,0.0,35.760553236,25.3128802725,10.4476729635,0.0,35.760553236,0.405955213054,70.31,-4.1852,"Mild temperate, fully humid, and  Warm summer",Temperate Broadleaf and Mixed Forests,158.273515467,10.8540132046,11.6555511951,12.2326726913,557.325012207,583.975013733,655.600006104,10.97850037,754272320.0,832883648.0,986499456.0,HIC,MDR,16.268214047,103.47072772754284,1.0,1
3246.0,HUN,Hungary,Europe,Eastern Europe,Szeged,Szeged,GISCO OSM,0.0,1.0,HUN,46.2544440031,20.1526673317,40.0,116830.671173,129290.31778,124831.898804,112515.540039,13.450802803,21.7500228882,23.7439136505,24.7646350861,115.130750067,168.226231181,190.207101535,220.099686474,1.0,1.0,1.0,34.0,37.0,37.0,0.259277276528706,0.434930011941595,0.482243134069583,0.0,36.5081913301,3.1976704743,39.7058618044,17.6113748279,22.0944869765,0.0,39.7058618044,25.4045769196,14.3012848848,0.0,39.7058618044,0.403268358968,63.51,-0.93403,"Mild temperate, fully humid, and  Hot summer",Temperate Broadleaf and Mixed Forests,78.9828252102,11.4379386902,12.2646415234,12.8899095058,487.400024414,497.275001526,521.125015259,14.06229973,903119424.0,924993984.0,1046944704.0,HIC,MDR,20.290848899,91.91474733146147,1.0,1
3114.0,HUN,Hungary,Europe,Eastern Europe,Győr,Győr,GISCO OSM,0.0,1.0,HUN,47.6846476121,17.6531110408,33.0,78275.5942039,88347.3244553,85267.7874603,76600.9828339,12.6913919449,18.5462303162,20.4250488281,21.9405288696,162.137280131,209.924074447,239.540035416,286.426205747,1.0,1.0,1.0,29.0,29.0,31.0,0.329365075064229,0.424368237617412,0.439994906653422,5.2295188534,27.6456445836,0.0,32.875163437,15.5839776211,17.2911858159,0.0,32.875163437,13.0378089792,19.1638735203,0.6734809375,32.875163437,0.248466987314,39.51,-1.1781,"Mild temperate, fully humid, and  Warm summer",Temperate Broadleaf and Mixed Forests,113.690682549,10.7658054829,11.4374802113,12.038970232,509.625015259,526.875007629,572.675010681,16.56069946,1213011072.0,841270080.0,887819904.0,HIC,MDR,29.616975163,68.04217055046345,1.0,1
3297.0,HUN,Hungary,Europe,Eastern Europe,Nyíregyháza,Nyíregyháza,GISCO OSM,0.0,1.0,HUN,47.9501012022,21.7258768725,31.0,41622.0167847,56216.330307,63794.7189484,73601.1352997,12.1036090851,17.5623092651,19.3985080719,21.002325058,290.798236609,312.405828862,304.077020664,285.353275768,0.0,0.0,1.0,0.0,0.0,25.0,0.319460091858411,0.43267230060638,0.457494506963361,2.3939811468,28.788634514,0.0,31.1826156608,14.752955477,16.4296601838,0.0,31.1826156608,15.8200991314,15.3625165294,0.0,31.1826156608,0.276874623157,51.03,0.66386,"Mild temperate, fully humid, and  Warm summer",Temperate Broadleaf and Mixed Forests,109.439651282,10.4190137386,11.136649847,11.8686096668,564.650016785,592.500022888,541.625,17.58320045,261817520.0,330039520.0,498718656.0,HIC,MDR,18.2181078,134.54823423906245,1.0,1
3164.0,HUN,Hungary,Europe,Eastern Europe,Székesfehérvár,Székesfehérvár,GISCO OSM,0.0,1.0,HUN,47.1923253849,18.4302562425,28.0,83438.543457,82298.1557007,76987.5267334,67099.5462646,15.4027004242,16.4021759033,18.2119159698,18.8937015533,184.599344452,199.301864831,236.556709153,281.577188001,1.0,1.0,1.0,26.0,26.0,28.0,0.309265868576348,0.415888548447085,0.463609693802762,0.1705490824,27.6907680564,0.0,27.8613171387,4.6339273191,23.2273898196,0.0,27.8613171387,14.5519618123,13.3093553265,0.0,27.8613171387,0.34094384066,51.97,-0.69263,"Mild temperate, fully humid, and  Warm summer",Temperate Broadleaf and Mixed Forests,122.410868454,10.5254404545,11.2545061111,11.8873202801,532.375015259,541.975021362,609.975021362,14.02970028,1139902976.0,762457536.0,686937728.0,HIC,MDR,22.329387699,30.047515540885826,1.0,1
3190.0,HUN,Hungary,Europe,Eastern Europe,Érd,Érd; Törökbálint; Diósd,GISCO OSM,0.0,1.0,HUN,47.3914587475,18.9069974013,31.0,88264.1629639,83450.7115479,74422.8327637,60800.7858887,15.7918863297,16.4313640594,20.3494949341,21.3071861267,178.916173896,196.899028836,273.430803134,350.442610491,1.0,1.0,1.0,30.0,30.0,31.0,0.341906953170857,0.479027653745959,0.489012964361053,0.0850459608,30.8819297784,0.0,30.9669757392,12.6910301953,18.2759455439,0.0,30.9669757392,15.7167446664,15.2502310728,0.0,30.9669757392,0.401481806414,50.7,-0.82062,"Mild temperate, fully humid, and  Warm summer",Temperate Broadleaf and Mixed Forests,148.233700438,10.6102800369,11.3169603348,11.9632046223,507.224998474,533.500022888,574.75,18.31299973,218931168.0,425612576.0,561665728.0,HIC,MDR,7.4541459776,1.0493688175049671,1.0,1
3057.0,HUN,Hungary,Europe,Eastern Europe,Szombathely,Szombathely,GISCO OSM,0.0,1.0,HUN,47.2345953568,16.6227467658,16.0,62258.9073486,63385.8800049,60691.6350098,54497.3544922,9.27708339691,9.27708339691,9.76322460175,9.9235458374,149.008130595,146.358832538,160.866066636,182.092248878,1.0,1.0,1.0,16.0,16.0,16.0,0.351136507417827,0.417321763198816,0.44537212729632,3.5353664887000003,12.3291986292,0.0,15.8645651179,5.4987726725,10.3657924453,0.0,15.8645651179,7.9282461551,7.9363189627,0.0,15.8645651179,0.256475722725,49.55,-0.44585,"Mild temperate, fully humid, and  Warm summer",Temperate Broadleaf and Mixed Forests,213.1778084,10.2546126842,11.0327835083,11.5795805454,683.375015259,636.999992371,757.325012207,10.28829956,754020352.0,508447104.0,499742592.0,HIC,MDR,27.695482254,132.9718211230713,1.0,1
3047.0,HUN,Hungary,Europe,Eastern Europe,Sopron,Sopron,GISCO OSM,0.0,1.0,HUN,47.6816201371,16.5857468498,14.0,25493.5707703,35741.5074463,42375.5020142,50279.828125,6.37487316132,6.37487316132,7.18546390533,7.58045482635,250.05807224,178.360500628,169.566460898,150.765328941,0.0,0.0,0.0,0.0,0.0,0.0,0.339310718025625,0.428337440200092,0.453139527245781,2.1032970071,11.9086536174,0.0,14.0119506245,6.028610489,7.9833401355,0.0,14.0119506245,6.6887983414,7.3231522831,0.0,14.0119506245,0.28405726556,47.78,0.50751,"Mild temperate, fully humid, and  Warm summer",Temperate Broadleaf and Mixed Forests,227.00162638,10.5849204063,11.2774233818,11.8932628632,628.825027466,611.0,679.200027466,9.150690079,601114496.0,416896192.0,625567808.0,HIC,MDR,15.008921555,124.64052770083904,1.0,1
1656.0,IRL,Ireland,Europe,Northern Europe,Dublin,Dublin,GISCO OSM,0.0,1.0,IRL,53.3273311679,-6.26172818801,300.0,814078.561417,866103.972173,885236.493084,1004262.74495,146.822738647,159.825973511,166.872528076,174.92791748,180.354508282,184.534396153,188.506155564,174.185409506,1.0,1.0,1.0,251.0,265.0,269.0,0.436969424449624,0.453620571800385,0.463536912821344,141.927245441,133.496872287,25.350510789,300.774628518,168.369424997,107.092604264,25.3125992576,300.774628518,178.947831384,96.5604095576,25.2663875762,300.774628518,0.44505010799899997,59.65,0.61004,"Mild temperate, fully humid, and  Warm summer",Temperate Broadleaf and Mixed Forests,45.7486627451,9.635695695879999,9.68204021454,9.6403837204,881.750030518,1036.90002441,1057.42501831,9.541290283,11140504576.0,20216268800.0,31257759744.0,HIC,MDR,31.84990645,0.0,1.0,1
1593.0,IRL,Ireland,Europe,Northern Europe,Cork,Cork,GISCO OSM,0.0,1.0,IRL,51.8918596719,-8.45899701501,51.0,144888.465823,141713.056832,136740.073664,138513.921345,17.2515792847,19.01055336,19.9362373352,20.7395973206,119.067996108,134.148213192,145.796596426,149.729334923,1.0,1.0,1.0,40.0,44.0,47.0,0.451946992433164,0.455703802054666,0.458478894573494,31.0043837206,19.2622104208,0.744068261,51.0106624025,31.8764358676,19.1342265348,0.0,51.0106624025,33.1703457235,17.7142648554,0.1260518235,51.0106624025,0.5685907424709999,65.04,-3.8124,"Mild temperate, fully humid, and  Warm summer",Temperate Broadleaf and Mixed Forests,36.1367267465,10.5817639828,10.6513783932,10.6311948299,983.025039673,1080.85002136,1058.82502747,17.90029907,1219066112.0,2903301632.0,3656160256.0,HIC,MDR,24.65452916,142.1135773902133,1.0,1
1659.0,IRL,Ireland,Europe,Northern Europe,Blanchardstown,Blanchardstown,GISCO OSM,0.0,1.0,IRL,53.3918466623,-6.3991573256,27.0,63629.137416,68651.9500451,74379.1211395,94539.5377655,4.26818561554,6.92542123795,8.19452190399,9.41567993164,67.0791054047,100.877269086,110.172341088,99.5951551508,1.0,1.0,1.0,12.0,18.0,21.0,0.528971925039787,0.516775094864066,0.515728960182225,23.8472079848,2.8098339968,0.0,26.6570419816,18.619923913,8.0371180686,0.0,26.6570419816,22.9245659985,3.7324759831,0.0,26.6570419816,0.6086275684219999,84.91,0.96002,"Mild temperate, fully humid, and  Warm summer",Temperate Broadleaf and Mixed Forests,63.3451604542,9.635695695879999,9.68204021454,9.6403837204,881.750030518,1036.90002441,1057.42501831,9.541290283,856037952.0,1553419520.0,2644076032.0,HIC,MDR,23.877046303,0.6656115356769725,1.0,1
1584.0,IRL,Ireland,Europe,Northern Europe,Galway,Galway,GISCO OSM,0.0,1.0,IRL,53.2768779932,-9.05355827388,29.0,64602.6112976,62038.072876,60796.2763672,65711.0933228,6.43809366226,8.02536773682,9.43672943115,9.9248456955,99.6568642187,129.361976683,155.218871862,151.037597971,1.0,1.0,1.0,17.0,21.0,24.0,0.458246686731204,0.466914327777638,0.471321513461944,21.7660102181,6.9923571603,0.2420980667,29.0004654451,21.3904191434,7.4243980637,0.18564823800000002,29.0004654451,22.9994526814,5.1995422591,0.8014705047,29.0004654451,0.622257353552,79.31,3.6932,"Mild temperate, fully humid, and  Warm summer",Temperate Broadleaf and Mixed Forests,20.9080577672,9.74287724495,9.81864976883,9.77090978622,1209.65002441,1277.27502441,1271.3999939,7.184649944,338767488.0,660346624.0,881350592.0,HIC,MDR,23.483224343,118.12379939915024,1.0,1
1663.0,IRL,Ireland,Europe,Northern Europe,Swords,Swords; Malahide,GISCO OSM,0.0,1.0,IRL,53.4510798389,-6.18703025313,25.0,40433.9701538,46945.6333923,50717.5237427,61781.3439331,7.11587762833,7.58466815948,8.62640762329,9.49049568176,175.987606492,161.562803852,170.087318676,153.614264074,0.0,0.0,0.0,0.0,0.0,0.0,0.530705679673059,0.520350181270925,0.526717189536432,16.8585310978,6.6661913047,1.7828867172,25.3076091196,18.9459372243,4.426486748,1.9351851473,25.3076091196,18.7891270319,4.3610723118,2.157409776,25.3076091196,0.692318474592,75.16,0.81629,"Mild temperate, fully humid, and  Warm summer",Temperate Broadleaf and Mixed Forests,19.8007882264,9.635695695879999,9.68204021454,9.6403837204,881.750030518,1036.90002441,1057.42501831,8.438079834,526502432.0,955423808.0,1448272512.0,HIC,MDR,17.237810917,1.3131476538439706,1.0,1
2980.0,ITA,Italy,Europe,Southern Europe,Naples,Naples; Giugliano in Campania,GISCO OSM,0.0,1.0,ITA,40.8651878637,14.33619261,899.0,3372590.18998,3307149.1789,3198348.86639,3167668.46665,546.250427246,546.303833008,561.717163086,574.565612793,161.967626209,165.18874821,175.627233473,181.384390078,1.0,1.0,1.0,807.0,812.0,861.0,0.243263768078215,0.424898677753171,0.443926987801181,26.3455344914,375.124005893,199.097225169,555.324242579,369.238815258,473.409597669,54.6192629225,897.26767585,402.573362688,439.997759231,54.6965539299,897.26767585,0.161906870052,44.78,-1.1705,"Mild temperate with dry summer, and  Hot summer","Mediterranean Forests, Woodlands, and Scrub",58.6657498497,16.2023818493,16.8383979797,17.0894060135,663.650024414,624.275001526,616.700027466,6.033500195,41259900928.0,44371378176.0,41376641024.0,HIC,MDR,29.858429982,110.122946791487,1.0,1
2559.0,ITA,Italy,Europe,Southern Europe,Milan,Milan; Monza,GISCO OSM,0.0,1.0,ITA,45.5446340718,9.18994120034,754.0,2916071.57513,2971510.12516,2944441.26916,3011029.84068,420.926452637,448.511657715,466.765960693,474.108978271,144.347092241,150.93728065,158.52445949,157.45741602,1.0,1.0,1.0,617.0,708.0,721.0,0.196808952130471,0.42379531016181,0.433224476841664,2.5700448762,524.435575545,227.539565397,754.545185818,372.487190552,381.35684214,0.701153125,754.545185818,385.656332439,366.785394004,2.103459375,754.545185818,0.226456974451,51.15,4.201,"Mild temperate, fully humid, and  Hot summer",Temperate Broadleaf and Mixed Forests,162.145755737,11.8205542564,12.1785235405,12.5656611919,1163.37503052,1460.6499939,1332.80001831,21.24259949,67648303104.0,79953059840.0,72971788288.0,HIC,MDR,35.557355174,327.86297649488756,1.0,1
2897.0,ITA,Italy,Europe,Southern Europe,Rome,Rome,GISCO OSM,0.0,1.0,ITA,41.8971539916,12.5323129794,482.0,2194133.19852,2276508.88785,2275676.04173,2342859.75911,218.389938354,228.425369263,246.870910645,253.342590332,99.5335827841,100.340205339,108.482449223,108.133911706,1.0,1.0,1.0,427.0,443.0,447.0,0.294891822181253,0.394474354288544,0.402500892233596,102.523550963,200.191013145,29.7538829375,332.468447045,241.044187538,238.047295659,2.2312245,481.322707697,243.551750956,234.795887679,2.9750690625000002,481.322707697,0.165457147315,50.53,3.6038,"Mild temperate with dry summer, and  Hot summer","Mediterranean Forests, Woodlands, and Scrub",59.8159330816,15.285520792,15.9906201363,16.2862620354,758.275009155,784.200012207,699.675003052,19.00799942,39503904768.0,47846817792.0,46180835328.0,HIC,MDR,45.434569634,0.0,1.0,1
2405.0,ITA,Italy,Europe,Southern Europe,Turin,Turin,GISCO OSM,0.0,1.0,ITA,45.071255884,7.65076507734,207.0,1239611.65258,1242018.35883,1212598.53907,1205384.99981,112.565391541,116.977416992,120.700790405,123.59236145,90.8069808046,94.1833235884,99.5389541686,102.533515407,1.0,1.0,1.0,176.0,186.0,206.0,0.220323951860244,0.346125943068907,0.373853834140671,1.3744941858,4.7024533846,9.1961188713,9.3383942873,76.9167803748,124.072997417,5.651101125,206.640878917,83.3320022728,118.364423519,4.944453125,206.640878917,0.141595774899,40.29,-1.8373,"Mild temperate, fully humid, and  Hot summer",Temperate Broadleaf and Mixed Forests,261.412132032,12.2767591476,12.6661419868,13.0071048737,950.775039673,1113.72499084,1014.87503052,15.85589981,22155730944.0,25268733952.0,22715860992.0,HIC,MDR,51.674448336,366.4642511661999,1.0,1
2959.0,ITA,Italy,Europe,Southern Europe,Palermo,Palermo,GISCO OSM,0.0,1.0,ITA,38.1362474884,13.3378680225,158.0,841134.560953,794304.887407,746586.24143,703529.492525,78.5737915039,82.0733642578,83.1610412598,84.9843826294,93.4140566224,103.327280946,111.388392452,120.797185523,1.0,1.0,1.0,138.0,155.0,155.0,0.259380745679887,0.388438776264224,0.403872199555248,7.0616991422,104.914693755,46.677362139,153.619171633,60.0992921716,84.1774483289,14.377014536,158.653755037,67.2691609064,76.4807888397,14.9038052904,158.653755037,0.158466000622,46.22,-0.2872,"Mild temperate with dry summer, and  Hot summer","Mediterranean Forests, Woodlands, and Scrub",90.6009662705,17.1438102722,17.7660450935,17.8884763718,542.425010681,455.574996948,506.125007629,7.148970127,9642223616.0,10801802240.0,9763624960.0,HIC,MDR,30.859001816,531.0644703964157,1.0,1
2535.0,ITA,Italy,Europe,Southern Europe,Genoa,Genoa,GISCO OSM,0.0,1.0,ITA,44.4184187958,8.91725652168,107.0,676833.446009,631741.427243,587915.407926,542961.281874,47.4940185547,49.3574523926,50.5457229614,51.5359230042,70.1709096008,78.1292001191,85.974482519,94.9163867196,1.0,1.0,1.0,104.0,106.0,106.0,0.151931653753829,0.328654995688655,0.335424851988846,0.0,50.1001991738,57.4710744838,93.479097737,47.2187169863,38.3641551392,21.9884015321,107.582474422,50.598470051,33.668653702,23.3041499047,107.582474422,0.287936815974,51.83,-0.28519,"Mild temperate with dry summer, and  Hot summer","Mediterranean Forests, Woodlands, and Scrub",70.2126568524,12.9567992687,13.4610207081,13.849830389000001,844.575012207,1129.17500305,1046.17501831,40.32460022,11056814080.0,11513416704.0,10435302400.0,HIC,MDR,41.448074149,271.1671040407334,1.0,1
3051.0,ITA,Italy,Europe,Southern Europe,Catania,Catania,GISCO OSM,0.0,1.0,ITA,37.5344813077,15.0715296104,109.0,528485.171206,499569.595537,471484.568619,448664.811462,46.2513923645,49.4747390747,53.1357727051,55.1891021729,87.5169160546,99.0347281274,112.698858545,123.007422831,1.0,1.0,1.0,98.0,100.0,105.0,,0.32783842115943,0.350603755090019,0.0,0.0,0.0,0.0,23.5548816728,71.4355317561,13.4902318983,108.480645327,28.1735465071,69.0564543015,11.2506445186,108.480645327,0.12243099954999999,49.37,-1.0171,"Mild temperate with dry summer, and  Hot summer","Mediterranean Forests, Woodlands, and Scrub",194.82325226,16.5612306595,17.1516623497,17.3034038544,640.275009155,577.675018311,654.224990845,8.665599823,4643921920.0,5202404864.0,4744953344.0,HIC,MDR,26.252435325,451.66522492141723,1.0,1
2802.0,ITA,Italy,Europe,Southern Europe,Bologna,Bologna,GISCO OSM,0.0,1.0,ITA,44.493707695,11.3290030258,96.0,428458.680607,430887.817429,421812.298374,421341.956505,29.6933937073,35.3598709106,39.0067138672,40.3481025696,69.302817404,82.0628235016,92.4741028593,95.7609417877,1.0,1.0,1.0,77.0,77.0,89.0,,0.358357337223043,0.380084967864628,0.0,0.0,0.0,0.0,35.7058266806,59.6991955838,0.0,95.4050222645,49.3567692706,45.3351789939,0.713074,95.4050222645,0.183885602452,57.97,-5.8906,"Mild temperate, fully humid, and  Hot summer",Temperate Broadleaf and Mixed Forests,68.2331545093,10.5389330387,11.175306797,11.56609869,816.025024414,833.225006104,788.450027466,15.73830032,7421722624.0,8999675904.0,7692119552.0,HIC,MDR,30.5736979,201.41725862768155,1.0,1
2801.0,ITA,Italy,Europe,Southern Europe,Florence,Florence,GISCO OSM,0.0,1.0,ITA,43.7839754993,11.2137571796,91.0,422344.656109,426410.451513,419035.774586,421019.045366,35.7868156433,40.1573524475,44.1683959961,45.4162330627,84.7336769287,94.1753474967,105.40483337,107.87215819,1.0,1.0,1.0,69.0,76.0,76.0,,0.354127746608538,0.38395852025561,0.0,0.0,0.0,0.0,31.9623919995,57.8489528272,0.7219013125,90.5332461392,44.1664961625,46.3667499767,0.0,90.5332461392,0.228620286539,50.09,-9.6716,"Mild temperate with dry summer, and  Hot summer","Mediterranean Forests, Woodlands, and Scrub",52.9682506138,12.7290706635,13.3716714382,13.7995865345,796.325027466,806.950012207,731.375007629,17.78619957,7546100224.0,9086369792.0,8598651904.0,HIC,MDR,46.248911072,149.55151872499795,1.0,1
2631.0,ITA,Italy,Europe,Southern Europe,Bergamo,Bergamo,GISCO OSM,0.0,1.0,ITA,45.6909293715,9.63672115663,139.0,264416.2365,295333.073478,311897.078068,353586.001842,63.7825088501,67.0374832153,72.4496078491,73.5748062134,241.220091831,226.989420541,232.286907905,208.081784431,1.0,1.0,1.0,95.0,118.0,124.0,0.253176413132238,0.460645483725465,0.458272527266789,0.0,131.373497413,7.6859351875,139.0594326,91.2698376517,47.7895949485,0.0,139.0594326,85.1076649645,53.9517676358,0.0,139.0594326,0.295922552801,61.23,0.51688,"Mild temperate, fully humid, and  Hot summer",Temperate Coniferous Forests,246.31260551,10.2451663017,10.6114797592,11.0145828724,1115.32501221,1400.92504883,1267.17498779,21.76609993,6293440512.0,7438174720.0,7519394816.0,HIC,MDR,27.331875979,335.38349599873396,1.0,1
3135.0,ITA,Italy,Europe,Southern Europe,Bari,Bari,GISCO OSM,0.0,1.0,ITA,41.1068390771,16.8562509401,80.0,325390.024777,324067.444684,314780.998854,310238.877441,33.1643791199,38.940700531,42.4233551025,43.8276138306,101.92192936000001,120.162334014,134.771016221,141.270540276,1.0,1.0,1.0,51.0,67.0,80.0,,0.287382916096917,0.305946722024349,0.0,0.0,0.0,0.0,2.8108045132,59.9729356458,17.8998903912,80.6836305502,8.1498683267,53.8806249574,18.6531372662,80.6836305502,0.0306352884377,45.21,-2.711,"Mild temperate with dry summer, and  Hot summer","Mediterranean Forests, Woodlands, and Scrub",27.8805871176,15.8617172241,16.6539525986,16.9941644669,607.25,675.375,781.425003052,5.809390068,3151543296.0,3497773056.0,3111006464.0,HIC,MDR,58.461256385,248.56453821359435,1.0,1
2529.0,ITA,Italy,Europe,Southern Europe,Busto Arsizio,Busto Arsizio; Legnano; Parabiago; Nerviano; Castellanza; Cerro Maggiore; Rescaldina; Olgiate Olona; Fagnano Olona,GISCO OSM,0.0,1.0,ITA,45.6063345116,8.90245263919,99.0,232269.190855,253361.511604,261982.604774,284566.812847,53.2545700073,54.9825935364,57.0562210083,59.5149345398,229.279526102,217.012415138,217.786295611,209.142218463,1.0,1.0,1.0,82.0,95.0,94.0,0.27330840925371,0.39023692240795,0.405426437868193,3.4753888586,91.4381509686,3.4982545625,98.4117943897,33.3477991314,65.0639952583,0.0,98.4117943897,41.6596810515,56.7521133382,0.0,98.4117943897,0.153348643236,42.08,0.68196,"Mild temperate, fully humid, and  Hot summer",Temperate Coniferous Forests,217.772587033,11.7907378674,12.1250305176,12.5122938156,1234.47503662,1540.95004272,1349.95001221,21.24259949,5394384896.0,6375586816.0,6092654592.0,HIC,MDR,24.222657165,348.75608499469763,1.0,1
2653.0,ITA,Italy,Europe,Southern Europe,Cagliari,Cagliari,GISCO OSM,0.0,1.0,ITA,39.2326866233,9.14329592565,64.0,319253.746539,293715.183801,272020.477197,251634.631025,33.0679550171,35.3926620483,36.0282821655,36.2214851379,103.578909803,120.499940079,132.446948615,143.944754306,1.0,1.0,1.0,62.0,64.0,64.0,0.140817412753894,0.323959966759833,0.307810105438083,0.0,5.4149489375,59.0365279392,64.4514768767,1.5469473125,54.6964290172,8.2081005471,64.4514768767,4.5533254968,47.5824461321,12.3157052478,64.4514768767,0.0319034957163,43.41,-0.1497,"Mild temperate with dry summer, and  Hot summer","Mediterranean Forests, Woodlands, and Scrub",15.0974039717,16.6198999882,17.2443909645,17.408853054,489.425003052,479.500007629,523.650009155,40.4695015,3059608576.0,3772141312.0,3343840000.0,HIC,MDR,37.495107643,723.3836549478068,1.0,1
2991.0,ITA,Italy,Europe,Southern Europe,Caserta,Caserta,GISCO OSM,0.0,1.0,ITA,41.0638615383,14.307270544,67.0,221444.59067,231498.532112,233375.652227,245375.158286,37.3099975586,37.3099975586,39.5439720154,41.0687904358,168.484574158,161.167318074,169.443434386,167.371427176,1.0,1.0,1.0,66.0,66.0,66.0,0.137969806770241,0.399222876354688,0.413145054195765,0.0,7.8529842618,37.4945541591,45.3475384208,28.6150323787,39.5158471929,0.0,68.1308795716,29.2153202819,38.9155592897,0.0,68.1308795716,0.202732646929,43.6,1.6488,"Mild temperate with dry summer, and  Hot summer","Mediterranean Forests, Woodlands, and Scrub",56.281389879,14.2001891136,14.8615307808,15.1436061859,663.775024414,635.675018311,706.475006104,6.033500195,2261573120.0,2432124416.0,2403839232.0,HIC,MDR,32.004947563,106.41809423861633,1.0,1
2794.0,ITA,Italy,Europe,Southern Europe,Prato,Prato,GISCO OSM,0.0,1.0,ITA,43.8690437558,11.1069281125,71.0,192506.002861,210306.60318,217409.570923,235551.434811,30.945936203,34.6376724243,37.337726593,38.783290863,160.75309727,164.700831551,171.739111735,164.64892644,1.0,2.0,2.0,43.0,65.0,66.0,,0.372280378588767,0.381204578904414,0.0,0.0,0.0,0.0,19.4600906868,51.1252593527,0.0,70.5853500395,25.0227335733,45.5626164662,0.0,70.5853500395,0.257165213274,45.38,0.99722,"Mild temperate with dry summer, and  Hot summer","Mediterranean Forests, Woodlands, and Scrub",60.3210871737,12.7290706635,13.3716714382,13.7995865345,796.325027466,806.950012207,731.375007629,17.78619957,3689914624.0,4443079680.0,4510480896.0,HIC,MDR,36.213620925,159.08682076468165,1.0,1
2845.0,ITA,Italy,Europe,Southern Europe,Padua,Padua,GISCO OSM,0.0,1.0,ITA,45.4112133799,11.9085744456,81.0,206815.607645,212461.325413,211389.549802,217448.483315,34.8205566406,40.6036720276,44.9059333801,47.79296875,168.365226576,191.110885469,212.432134995,219.789846411,1.0,1.0,1.0,55.0,70.0,81.0,0.172675777153211,0.392378552517584,0.406329433614815,0.0,20.3339926824,54.9360030419,75.2699957243,33.3604128748,48.0739498105,0.0,81.4343626853,35.9599905676,45.4743721176,0.0,81.4343626853,0.304429646834,44.4,7.0261,"Mild temperate, fully humid, and  Hot summer",Temperate Broadleaf and Mixed Forests,10.288223673,12.7720618248,13.4061305523,13.8169548512,719.649993896,749.300003052,792.225006104,17.87719917,4102173696.0,5040738304.0,4479285248.0,HIC,MDR,36.677100629,271.5373913096963,1.0,1
2976.0,ITA,Italy,Europe,Southern Europe,Pescara,Pescara,GISCO OSM,0.0,1.0,ITA,42.4694648946,14.1973692541,81.0,174735.580912,187815.628887,193943.410137,212409.571415,31.0673503876,33.3311195374,37.5953559875,38.5021781921,177.796360795,177.467230682,193.847040026,181.263857065,1.0,1.0,1.0,59.0,64.0,74.0,0.238002334190626,0.358888089002154,0.358103307140744,0.0,54.2637820267,26.8209141843,67.1176429755,17.8408245586,45.0507344627,18.1931371897,81.084696211,23.7481003167,38.4066655797,18.9299303147,81.084696211,0.13234233892,52.47,1.172,"Mild temperate, fully humid, and  Hot summer","Mediterranean Forests, Woodlands, and Scrub",22.7753762716,13.3707308769,14.1875090599,14.5324513912,676.449996948,694.825012207,736.200012207,10.93739986,3230944512.0,3709716224.0,3595833600.0,HIC,MDR,48.308824402,102.57337648265677,1.0,1
2773.0,ITA,Italy,Europe,Southern Europe,Verona,Verona,GISCO OSM,0.0,1.0,ITA,45.4342786732,10.9884546981,48.0,215642.955688,212713.365341,205472.148041,200722.478088,25.8721923828,28.7943267822,29.970500946,30.6420669556,119.976988352,135.366796233,145.861622764,152.65887133,1.0,1.0,1.0,47.0,47.0,48.0,0.174721081787013,0.356327300748256,0.374098916833412,0.0,29.4873383892,18.6851028941,48.1724412833,17.4760951679,29.2922756779,1.4040704375,48.1724412833,22.7487046429,24.0196662029,1.4040704375,48.1724412833,0.198151797092,47.39,-1.0719,"Mild temperate, fully humid, and  Hot summer",Temperate Broadleaf and Mixed Forests,67.5980043597,12.774002552,13.307328701,13.7156591415,748.324996948,820.850021362,828.850021362,15.53120041,2741206016.0,3368386048.0,2890211072.0,HIC,MDR,44.98438704,282.4810696408762,1.0,1
3083.0,ITA,Italy,Europe,Southern Europe,Messina,Messina,GISCO OSM,0.0,1.0,ITA,38.1992719969,15.5585876935,62.0,243224.958646,228631.831583,213446.968718,198553.053416,22.0718097687,22.7967453003,23.9432315826,24.195230484,90.7464837964,99.7094111631,112.174146705,121.857760774,1.0,1.0,1.0,48.0,56.0,61.0,,0.310664102422354,0.316553461453524,0.0,0.0,0.0,0.0,17.7231975424,30.7465034243,13.5820678804,62.0517688471,18.5068446674,27.7326150931,15.8123090865,62.0517688471,0.171768084818,60.97,-0.42208,"Mild temperate with dry summer, and  Hot summer","Mediterranean Forests, Woodlands, and Scrub",60.9770211054,16.5480384827,17.1303143501,17.2462005615,707.350006104,673.850006104,739.775009155,8.564049721,2261226496.0,2538314752.0,2288382720.0,HIC,MDR,22.688742876,394.5833722795864,1.0,1
2706.0,ITA,Italy,Europe,Southern Europe,Brescia,Brescia,GISCO OSM,0.0,1.0,ITA,45.547336028,10.2151626096,57.0,188028.472729,191290.127903,188777.033638,190608.77702,25.2492923737,29.318862915,31.9347763062,33.34375,134.284409203,153.269085219,169.166639028,174.932920306,1.0,1.0,1.0,51.0,55.0,56.0,0.20082285757224,0.380584444652814,0.382840847281019,0.0,39.6103006875,16.9432142456,56.5535149331,20.5717449446,35.9817699885,0.0,56.5535149331,16.4500285549,40.1034863782,0.0,56.5535149331,0.153657851795,41.51,-36.0513,"Mild temperate, fully humid, and  Hot summer",Temperate Coniferous Forests,156.427639834,7.99816262722,8.48185634613,8.84236431122,1116.60002136,1348.80001831,1270.40002441,24.0576992,3454522368.0,4082877184.0,3716237568.0,HIC,MDR,32.659753197,304.75640743007557,1.0,1
2933.0,ITA,Italy,Europe,Southern Europe,Triest,Triest,GISCO OSM,0.0,1.0,ITA,45.634896993,13.7854164901,50.0,236235.197852,219670.678185,203881.136964,187629.607836,26.6323471069,27.3084411621,27.5093021393,27.8271789551,112.736575028,124.31536784,134.928137781,148.309103643,1.0,1.0,1.0,50.0,50.0,50.0,0.299925836282405,0.371350752742738,0.39548213802647,9.7948494071,24.5213501142,15.7739931924,47.5899588775,14.7339602088,24.2694692983,11.0867632066,50.0901927137,16.1343906463,22.759307438,11.1964946294,50.0901927137,0.24211856499599999,44.34,-0.11935,"Mild temperate, fully humid, and  Hot summer","Mediterranean Forests, Woodlands, and Scrub",52.1540904168,12.1440346241,12.9293210506,13.3224134445,1344.0,1466.35003662,1592.40002441,19.06389999,3814302208.0,4253211648.0,3643808000.0,HIC,MDR,42.398563643,370.69859723488753,1.0,1
3021.0,ITA,Italy,Europe,Southern Europe,Salerno,Salerno,GISCO OSM,0.0,1.0,ITA,40.6813028463,14.7924482836,55.0,188007.4195,181782.777532,173539.606949,167663.595256,19.9630126953,19.9736766815,21.0504550934,21.8757591248,106.182047221,109.876617316,121.300580677,130.474114499,1.0,1.0,1.0,43.0,43.0,43.0,,0.361654943246526,0.359153486066,0.0,0.0,0.0,0.0,23.4549906625,21.7851893176,9.6732584752,54.9134384554,23.8080250311,20.1301138708,10.9752995534,54.9134384554,0.189412114726,60.22,-1.1251,"Mild temperate with dry summer, and  Hot summer","Mediterranean Forests, Woodlands, and Scrub",83.1881986402,13.9905307293,14.6510000229,14.9022650719,642.700012207,615.800003052,594.424987793,5.896719933,1559772800.0,1677399296.0,1501649152.0,HIC,MDR,50.725719686,145.77981577114733,1.0,1
2860.0,ITA,Italy,Europe,Southern Europe,Mestre,Mestre,GISCO OSM,0.0,1.0,ITA,45.4743410163,12.2343213421,64.0,181829.987005,173723.072845,164461.233598,156228.158697,37.3420524597,37.6375961304,39.0153083801,40.9102058411,205.36795429,216.652834387,237.231033275,261.861921578,1.0,1.0,1.0,49.0,55.0,57.0,0.202542281485097,0.356165521317808,0.375071868699083,0.0,38.8910331507,25.1793913716,61.1813965228,19.3251588843,36.4746692569,8.2705963811,64.0704245223,21.8257314664,34.6765731748,7.5681198811,64.0704245223,0.23009904424299998,36.08,-0.78549,"Mild temperate, fully humid, and  Hot summer",Temperate Broadleaf and Mixed Forests,2.42939712642,13.3295788765,13.9997320175,14.4133417606,748.325012207,767.800003052,816.800018311,17.87719917,3331091456.0,4093234688.0,3264036352.0,HIC,MDR,35.986020448,277.6804348803562,1.0,1
2738.0,ITA,Italy,Europe,Southern Europe,Livorno,Livorno,GISCO OSM,0.0,1.0,ITA,43.5456017619,10.3204227983,44.0,154244.381311,154348.260632,150410.895577,148915.722605,24.2047519684,24.2809410095,24.786857605,25.2372951508,156.924691601,157.312696043,164.794295719,169.473677522,1.0,1.0,1.0,38.0,41.0,42.0,0.120014277056909,0.3085097390234,0.309125104301676,0.0,4.5343965723,39.2890800583,32.1402184941,3.9822121836,25.2959174275,14.5453470196,43.8234766306,4.6267861821,25.3758053039,13.8208851446,43.8234766306,0.0538935640279,42.64,-1.0781,"Mild temperate with dry summer, and  Hot summer","Mediterranean Forests, Woodlands, and Scrub",8.33943340269,14.2478499413,14.7574136257,15.1315624714,891.425018311,894.900024414,846.5,33.58710098,2119590912.0,2552230400.0,2419577344.0,HIC,MDR,54.576873121,182.69672293600902,1.0,1
2776.0,ITA,Italy,Europe,Southern Europe,Modena,Modena,GISCO OSM,0.0,1.0,ITA,44.6429748018,10.926605526,31.0,139320.781845,142958.138336,141224.115601,142870.850403,15.899020195,18.6818599701,20.0228271484,20.7940979004,114.118080479,130.680632719,141.780510101,145.544719876,1.0,1.0,1.0,29.0,31.0,31.0,0.179318438534424,0.374791715672517,0.39093283347406,0.0,16.0764270909,14.7604496301,30.8368767211,10.9906819458,19.8461947752,0.0,30.8368767211,10.0923622326,20.7445144885,0.0,30.8368767211,0.21355412013,32.94,-175.3788,"Mild temperate, fully humid, and  Hot summer",Temperate Broadleaf and Mixed Forests,36.9426910491,13.1563484669,13.7216947079,14.10202384,738.650009155,805.400009155,804.600021362,18.20800018,2362802944.0,2865164800.0,2448237568.0,HIC,MDR,40.985472833,224.35941882403637,1.0,1
2725.0,ITA,Italy,Europe,Southern Europe,Parma,Parma,GISCO OSM,0.0,1.0,ITA,44.7975432298,10.3320096291,30.0,108221.835052,119696.06955,124649.930481,136468.585968,11.2132396698,13.4080247879,16.1667900085,17.1973724365,103.613468247,112.017252015,129.697545327,126.017077956,1.0,1.0,1.0,27.0,27.0,30.0,0.198540964695437,0.409319728660073,0.410585865668351,0.0,18.0451985279,11.6836027125,29.7288012404,11.7625043409,17.9662968995,0.0,29.7288012404,9.6141249444,20.1146762961,0.0,29.7288012404,0.22506357812799999,42.67,1.898,"Mild temperate, fully humid, and  Hot summer",Temperate Broadleaf and Mixed Forests,59.0706839194,12.1402702332,12.6461594105,13.0276515484,810.600006104,926.475021362,909.199981689,19.11919975,1998340480.0,2423212800.0,2149349120.0,HIC,MDR,52.119886907,256.07857535996635,1.0,1
3093.0,ITA,Italy,Europe,Southern Europe,Reggio Calabria,Reggio Calabria,GISCO OSM,0.0,1.0,ITA,38.1062569563,15.6503575843,48.0,142367.809547,141699.678655,137420.584784,135275.282712,18.0547103882,19.3516330719,21.1239566803,21.5515193939,126.817364443,136.567939007,153.71755777,159.316018136,1.0,1.0,1.0,40.0,40.0,48.0,,0.356479227319431,0.383699013982673,0.0,0.0,0.0,0.0,7.0461647169,26.4160293676,14.3450398167,47.8072339012,10.7356994377,22.7264946468,14.3450398167,47.8072339012,0.143642240773,55.1,-2.3206,"Mild temperate with dry summer, and  Hot summer","Mediterranean Forests, Woodlands, and Scrub",34.7526912073,16.5480384827,17.1303143501,17.2462005615,707.350006104,673.850006104,739.775009155,8.564049721,967224960.0,1247774208.0,1243555200.0,HIC,MDR,25.560384586,389.5177064230115,1.0,1
3167.0,ITA,Italy,Europe,Southern Europe,Taranto,Taranto,GISCO OSM,0.0,1.0,ITA,40.4870624207,17.2171455561,56.0,145621.145758,142682.150902,136896.127536,132440.583395,21.5394153595,30.7713890076,31.0598430634,31.2034835815,147.914063218,215.663899185,226.886206516,235.603640377,1.0,1.0,1.0,47.0,56.0,56.0,,0.217557252800243,0.227353976572127,0.0,0.0,0.0,0.0,1.019127577,31.8350865618,23.0478270799,55.9020412186,3.095574777,30.3522425958,22.4542238458,55.9020412186,0.0301325458005,44.29,-0.18721,"Mild temperate with dry summer, and  Hot summer","Mediterranean Forests, Woodlands, and Scrub",13.195800516,16.7424249649,17.3630833626,17.6281223297,657.850021362,678.0,790.475006104,5.959000111,1585939840.0,1760171264.0,1548065152.0,HIC,MDR,66.15685096,287.37911409575963,1.0,1
3049.0,ITA,Italy,Europe,Southern Europe,Foggia,Foggia,GISCO OSM,0.0,1.0,ITA,41.4581313396,15.5477714857,18.0,172374.714966,158097.079956,144997.934082,131270.479828,5.46029281616,10.2038211823,11.2479639053,11.9191551208,31.6768779994,64.5414904885,77.5732701058,90.7984425476,1.0,1.0,1.0,16.0,18.0,18.0,,0.285380267738979,0.317665027668507,0.0,0.0,0.0,0.0,4.6513729951,13.7515974608,0.0,18.4029704559,6.4633714931,11.9395989627,0.0,18.4029704559,0.020353885089,35.91,-0.83563,"Steppe (semi-arid), and  Cold arid","Mediterranean Forests, Woodlands, and Scrub",70.3995917445,15.2549936771,16.0506868362,16.3481879234,482.900001526,512.225013733,568.700019836,6.6809501650000005,902164608.0,1001276672.0,697603840.0,HIC,MDR,80.760356267,179.92083572639322,1.0,1
2519.0,ITA,Italy,Europe,Southern Europe,Gallarate,Gallarate; Cassano Magnago; Samarate; Cardano al Campo; Lonate Pozzolo,GISCO OSM,0.0,1.0,ITA,45.6753432658,8.80129889073,53.0,100574.849213,111938.660156,117287.616241,129787.332214,24.6397686005,26.2272396088,27.3918056488,28.4844913483,244.98936656,234.30010304,233.543885762,219.470505035,1.0,1.0,1.0,36.0,43.0,50.0,0.328584527134102,0.434152698454023,0.446940199678909,9.9635131458,43.1684652235,0.0,53.1319783694,26.8169685005,26.3150098689,0.0,53.1319783694,27.5730730113,25.5589053581,0.0,53.1319783694,0.279320201837,52.02,0.55805,"Mild temperate, fully humid, and  Hot summer",Temperate Coniferous Forests,271.367720913,11.7907378674,12.1250305176,12.5122938156,1234.47503662,1540.95004272,1349.95001221,21.24259949,2143645568.0,2533560576.0,2519630848.0,HIC,MDR,22.809961544,359.4375140396448,1.0,1
2895.0,ITA,Italy,Europe,Southern Europe,Acilia,Acilia,GISCO OSM,0.0,1.0,ITA,41.7687269293,12.354495653,40.0,114797.910072,118722.527405,118537.209991,121114.99485,15.4265108109,16.5345039368,19.4913215637,19.9657669067,134.379718247,139.270147782,164.432093223,164.849669782,1.0,1.0,1.0,31.0,31.0,40.0,,0.430013924349367,0.416093478993787,0.0,0.0,0.0,0.0,15.2141300576,24.4746058865,0.0,39.6887359441,15.7117840895,23.9769518547,0.0,39.6887359441,0.140142075975,50.08,9.4515,"Mild temperate with dry summer, and  Hot summer","Mediterranean Forests, Woodlands, and Scrub",17.4479379503,16.0365319252,16.7037887573,16.9870157242,656.550018311,692.600006104,601.800010681,19.00799942,3195577600.0,3870456320.0,3867079424.0,HIC,MDR,42.146516562,1.1091995583201273,1.0,1
2710.0,ITA,Italy,Europe,Southern Europe,Massa,Massa; Carrara,GISCO OSM,0.0,1.0,ITA,44.0401897835,10.0866415905,64.0,120344.882812,121570.940197,119394.425595,119351.436572,25.1578845978,26.3100967407,28.3649635315,28.9796524048,209.048228806,216.417646339,237.573600192,242.809414258,1.0,1.0,1.0,32.0,34.0,63.0,0.207784736518081,0.411990230604172,0.419446472917521,0.0,44.2774635475,19.8086989284,57.742199373,31.0274352931,26.4357586806,6.6229685022,64.086162476,31.690082561,25.7731114127,6.6229685022,64.086162476,0.405824558642,54.72,-5.2449,"Mild temperate with dry summer, and  Hot summer","Mediterranean Forests, Woodlands, and Scrub",46.0462333294,8.63998389244,9.15546631813,9.53197193146,925.700027466,964.525009155,937.725006104,,2103653120.0,2533039872.0,2493052928.0,HIC,MDR,21.119560685,207.22356751393878,1.0,1
2889.0,ITA,Italy,Europe,Southern Europe,Rimini,Rimini,GISCO OSM,0.0,1.0,ITA,44.0632682386,12.5615014114,38.0,89536.7077191,100340.05298,105459.105775,116867.147345,13.824048996,17.0753040314,19.7406978607,20.9373435974,154.395323975,170.174357341,187.188177974,179.155083983,1.0,1.0,1.0,22.0,23.0,31.0,0.231011525295975,0.340509544329043,0.387257810756903,0.0,24.6246858556,13.439284365,33.8282367824,5.4462351025,26.2830815228,6.3346535953,38.0639702206,9.158492623,23.2890799397,5.6163976578,38.0639702206,0.156631734374,44.89,1.3373,"Mild temperate, fully humid, and  Hot summer","Mediterranean Forests, Woodlands, and Scrub",5.40522573691,14.2013533115,14.9537270069,15.4009776115,901.475021362,964.499969482,907.800018311,12.49699974,2099606016.0,2546008832.0,2386536704.0,HIC,MDR,40.996514007,167.73754017514048,1.0,1
3056.0,ITA,Italy,Europe,Southern Europe,Acireale,Acireale; Aci Catena; Aci Castello; Aci Sant'Antonio; Pedara; Trecastagni,GISCO OSM,0.0,1.0,ITA,37.5988045697,15.1308429736,36.0,83611.9564433,92147.4981289,95851.8508434,106710.408665,8.40268325806,10.8238611221,12.7305908203,13.9252119064,100.496192357,117.46234398,132.815284299,130.49534793,1.0,1.0,1.0,14.0,14.0,17.0,,0.402063369108881,0.406320528782995,0.0,0.0,0.0,0.0,18.4273868422,17.2166844777,0.6424328713,36.2865041912,16.1668671419,19.5392238498,0.5804131995,36.2865041912,0.17973806295,61.31,1.7171,"Mild temperate with dry summer, and  Hot summer","Mediterranean Forests, Woodlands, and Scrub",262.695224042,16.5612306595,17.1516623497,17.3034038544,640.275009155,577.675018311,654.224990845,8.665599823,978675200.0,1096371584.0,1177407232.0,HIC,MDR,25.611165921,447.9821286672624,1.0,1
2750.0,ITA,Italy,Europe,Southern Europe,Reggio nell'Emilia,Reggio nell'Emilia,GISCO OSM,0.0,1.0,ITA,44.6923274059,10.6262216698,24.0,66143.8291016,79862.3591309,88317.1815186,105553.315918,9.51018714905,12.6160011292,13.6550006866,14.2659435272,143.780414261,157.971806323,154.613184568,135.153911586,1.0,1.0,1.0,18.0,19.0,19.0,0.225691084035024,0.414991103247365,0.433645112633454,0.0,20.143467236,3.9969522853,24.1404195213,10.6437301164,13.4966894049,0.0,24.1404195213,11.5666297672,12.5737897542,0.0,24.1404195213,0.305351304122,48.19,0.44067,"Mild temperate, fully humid, and  Hot summer",Temperate Broadleaf and Mixed Forests,58.1077706634,13.1563484669,13.7216947079,14.10202384,738.650009155,805.400009155,804.600021362,19.33510017,1500118784.0,1819063296.0,1830511872.0,HIC,MDR,35.210710605,238.78371433997637,1.0,1
2791.0,ITA,Italy,Europe,Southern Europe,Bolzano - Bozen,Bolzano - Bozen,GISCO OSM,0.0,1.0,ITA,46.487720212,11.3365110803,17.0,79199.7475891,88233.2160339,92002.6879883,101551.033813,7.14138555527,8.61442375183,9.16263389587,9.62812042236,90.1692969063,97.6324352557,99.5909369196,94.8106588461,1.0,1.0,1.0,16.0,17.0,17.0,0.213963954092645,0.372417248261106,0.401680590074081,0.7778300314000001,11.5490520547,4.7024911674,17.0293732534,10.7683921466,6.2609811069,0.0,17.0293732534,8.7025617716,8.3268114819,0.0,17.0293732534,0.320021698053,51.19,0.79138,"Mild temperate, fully humid, and  Warm summer",Temperate Coniferous Forests,273.938332533,5.40765333176,5.95638167858,6.35265493393,1221.05001831,1418.57504272,1351.07504272,15.89710045,1488067968.0,1910363392.0,1995605888.0,HIC,MDR,37.717427983,364.52724694113164,1.0,1
3107.0,ITA,Italy,Europe,Southern Europe,Andria,Andria,GISCO OSM,0.0,1.0,ITA,41.2285205778,16.2962939569,12.0,85899.7476807,91050.4112549,92204.7072754,96741.6877441,6.15553092957,6.59721660614,7.5067367553699995,7.6806602478,71.6594762589,72.4567469297,81.4138125611,79.3934903029,1.0,1.0,1.0,11.0,11.0,12.0,,0.248500615137702,0.261237679587874,0.0,0.0,0.0,0.0,0.0,9.1022124789,2.8289515956,11.9311640745,1.2052579751999999,9.2230668493,1.50283925,11.9311640745,0.00305467666929,36.0,2.5079,"Mild temperate with dry summer, and  Hot summer","Mediterranean Forests, Woodlands, and Scrub",151.180651313,15.4934642315,16.2884616852,16.6386561394,488.475006104,534.125007629,597.575019836,5.6040802,667539072.0,740875008.0,690231232.0,HIC,MDR,75.039491177,220.34539103122168,1.0,1
2908.0,ITA,Italy,Europe,Southern Europe,Udine,Udine,GISCO OSM,0.0,1.0,ITA,46.0753971745,13.2295322236,35.0,84549.6043396,89168.3822327,90383.9317017,95029.8561096,16.637462616,19.66938591,20.9925937653,21.9571838379,196.777533685,220.586999759,232.260241063,231.055635953,1.0,1.0,1.0,23.0,24.0,35.0,0.253671258080696,0.44002807710074,0.442090116495319,0.0,28.5098617618,6.3361881637,34.8460499255,17.6776077721,17.1684421534,0.0,34.8460499255,16.4016055559,18.4444443696,0.0,34.8460499255,0.2372972264,46.86,1.7283,"Mild temperate, fully humid, and  Hot summer",Temperate Broadleaf and Mixed Forests,114.863872847,8.372694492339999,9.12141752243,9.49588513374,1801.85003662,2013.80001831,2164.92501831,12.94250011,1502222720.0,1674989824.0,1642198784.0,HIC,MDR,25.433550753,346.54973662453534,1.0,1
2560.0,ITA,Italy,Europe,Southern Europe,Como,Como,GISCO OSM,0.0,1.0,ITA,45.783141327,9.0730052973,41.0,78798.0618896,85067.8009796,87578.6253052,94749.3885345,13.7861680984,15.0528469086,16.5739364624,18.1388893127,174.955674897,176.951169952,189.246364677,191.440700497,1.0,1.0,1.0,24.0,23.0,34.0,0.318518353590606,0.437933465870737,0.448198220343377,8.9809982843,29.7621948328,2.4386711873,41.1818643044,31.0073951748,10.1744691297,0.0,41.1818643044,30.1700558206,11.0118084838,0.0,41.1818643044,0.471160819827,73.59,1.7302,"Mild temperate, fully humid, and  Hot summer",Temperate Coniferous Forests,320.002579733,11.8205542564,12.1785235405,12.5656611919,1163.37503052,1460.6499939,1332.80001831,10.61330032,1763313152.0,2084047616.0,2027512960.0,HIC,MDR,23.116444995,357.289891797609,1.0,1
2812.0,ITA,Italy,Europe,Southern Europe,Vicenza,Vicenza,GISCO OSM,0.0,1.0,ITA,45.5452597814,11.531671942,29.0,84927.4244442,89565.2034931,90472.7410049,94715.2671165,15.4822435379,16.0519351959,17.0059204102,17.2851314545,182.299694583,179.220663493,187.967339347,182.495726198,1.0,1.0,1.0,26.0,27.0,27.0,0.218389087477906,0.389408788817145,0.405078811653194,0.0,14.5826644576,13.4286147723,28.0112792299,12.5492333069,16.4482894453,0.0,28.9975227522,13.806739799,15.1907829532,0.0,28.9975227522,0.214960340818,47.61,1.3239,"Mild temperate, fully humid, and  Hot summer",Temperate Broadleaf and Mixed Forests,36.8084330906,10.19029212,10.7829918861,11.2480094433,919.400024414,950.325042725,1012.25,17.38470078,1346829696.0,1654980224.0,1535873152.0,HIC,MDR,35.063919265,288.53250286088166,1.0,1
3074.0,ITA,Italy,Europe,Southern Europe,Syracuse,Syracuse,GISCO OSM,0.0,1.0,ITA,37.0820619349,15.2777038012,24.0,119088.789207,110639.556267,102584.94051,94275.3315125,11.3878116608,11.6077413559,12.4089183807,12.6215934753,95.6245481758,104.914930497,120.962378289,133.880128267,1.0,1.0,1.0,24.0,24.0,24.0,,0.304619937104667,0.297709338376387,0.0,0.0,0.0,0.0,1.3178724162,18.9041857466,3.5450998645,23.7671580272,1.0679431515,18.7793182738,3.919896602,23.7671580272,0.00943263729476,47.42,-0.52317,"Mild temperate with dry summer, and  Hot summer","Mediterranean Forests, Woodlands, and Scrub",38.7694208826,17.9068198204,18.5141978264,18.6241474152,579.275009155,491.525016785,562.575027466,8.987050056,905763328.0,1014691136.0,880779712.0,HIC,MDR,47.147660096,493.4328281509568,1.0,1
3102.0,ITA,Italy,Europe,Southern Europe,Barletta,Barletta,GISCO OSM,0.0,1.0,ITA,41.3163729425,16.2825024412,14.0,87967.5439682,90308.9517822,89464.2863235,90810.1845322,6.22484731674,6.66667509079,7.44027376175,7.5545578002900005,70.7630000332,73.820755963,83.1647360919,83.1906447411,1.0,1.0,1.0,10.0,12.0,14.0,,0.227648005793805,0.23488362016521,0.0,0.0,0.0,0.0,0.0,7.4899825392,6.4324163463,13.9223988855,0.0,8.2404863517,5.6819125338,13.9223988855,0.000311943635132,46.07,22.5895,"Mild temperate with dry summer, and  Hot summer",,14.7098556544,15.4934642315,16.2884616852,16.6386561394,488.475006104,534.125007629,597.575019836,6.884389877,684696896.0,759917760.0,646320768.0,HIC,MDR,55.452766759,218.9720696279924,1.0,1
2827.0,ITA,Italy,Europe,Southern Europe,Ferrara,Ferrara,GISCO OSM,0.0,1.0,ITA,44.8457270444,11.6142152664,30.0,88056.8638611,89905.3803787,88715.176712,89851.3784409,7.34084510803,11.9972476959,14.2524080276,14.8134527206,83.3648257064,133.443044736,160.653549436,164.866170978,1.0,1.0,1.0,27.0,29.0,29.0,,0.361262512765619,0.389376809438461,0.0,0.0,0.0,0.0,5.9106086184,24.1609859245,0.0,30.0715945429,7.959233626,22.1123609169,0.0,30.0715945429,0.183480865804,50.63,-350.9433,"Mild temperate, fully humid, and  Hot summer",Temperate Broadleaf and Mixed Forests,7.75768520492,13.603209734,14.2103257179,14.6205229759,666.400009155,683.150024414,687.200012207,19.573699949999998,1455149184.0,1764532224.0,1293312896.0,HIC,MDR,38.92794164,230.19714281595725,1.0,1
2556.0,ITA,Italy,Europe,Southern Europe,Sassari,Sassari,GISCO OSM,0.0,1.0,ITA,40.7282518256,8.55687632934,22.0,85862.3905144,88282.5965042,88039.5733414,89552.0535431,7.83810377121,8.96020030975,9.92967987061,10.0819692612,91.2868104912,101.494526266,112.786551476,112.58222299,1.0,1.0,1.0,20.0,22.0,22.0,,0.323079663195457,0.323077812395046,0.0,0.0,0.0,0.0,8.2949324338,13.6504566853,0.0,21.9453891191,8.2949324338,13.6504566853,0.0,21.9453891191,0.0980575053566,54.18,8.2619,"Mild temperate with dry summer, and  Hot summer","Mediterranean Forests, Woodlands, and Scrub",200.235987428,15.6255795956,16.195962429,16.4827971458,562.575019836,566.050003052,591.075012207,9.712320328,1097785088.0,1353441280.0,1254867840.0,HIC,MDR,37.341698647,616.131388433324,1.0,1
2905.0,ITA,Italy,Europe,Southern Europe,Terni,Terni,GISCO OSM,0.0,1.0,ITA,42.5669238334,12.6327045962,28.0,79821.9536591,84803.0464249,85360.6527824,88803.3570709,6.93620586395,8.89691162109,11.8874988556,12.8682308197,86.8959671619,104.912641658,139.2620425,144.907031042,1.0,1.0,1.0,21.0,26.0,26.0,0.396677890390157,0.374887564692685,0.399129123263303,0.0,0.0,0.0,0.0,11.6577252022,16.2314591164,0.0,27.8891843186,16.3488340037,11.1275777657,0.4127725493,27.8891843186,0.167151618245,58.39,8.0068,"Mild temperate with dry summer, and  Hot summer","Mediterranean Forests, Woodlands, and Scrub",145.106107725,12.4072260857,13.1942617893,13.6352989674,773.950012207,807.525009155,691.175018311,11.72579956,1092194432.0,1294262912.0,1197886720.0,HIC,MDR,39.049311842,41.720617134723504,1.0,1
2656.0,ITA,Italy,Europe,Southern Europe,Piacenza,Piacenza,GISCO OSM,0.0,1.0,ITA,45.0436369185,9.69530553279,23.0,77300.1075706,82346.5936852,83693.6375351,88247.9849625,12.2215948105,13.8697738647,14.5568714142,15.2255487442,158.105793052,168.431664797,173.930442539,172.531403983,1.0,1.0,1.0,18.0,21.0,22.0,0.191447947999659,0.365087453706304,0.380424448154996,0.0,15.20674216,8.0349498799,23.24169204,6.3842103522,16.8574816877,0.0,23.24169204,7.1545532375,16.0871388025,0.0,23.24169204,0.132725588068,33.78,1.3475,"Mild temperate, fully humid, and  Hot summer",Temperate Broadleaf and Mixed Forests,56.5913314395,13.0966849327,13.5664732456,13.9036998749,833.400009155,1028.70002747,986.125015259,24.22750092,1324960512.0,1606664064.0,1372011648.0,HIC,MDR,42.715943046,294.5737843662642,1.0,1
2504.0,ITA,Italy,Europe,Southern Europe,Novara,Novara,GISCO OSM,0.0,1.0,ITA,45.4445243815,8.6240104253,20.0,89169.9359131,89780.8294678,87847.3419189,87562.6811523,10.905251503,11.6374492645,12.1992349625,12.5114107132,122.297402048,129.620647676,138.868572412,142.885194338,1.0,1.0,1.0,20.0,20.0,20.0,0.276731733250631,0.364902992032759,0.400857062789538,5.0856276735,13.4547251542,1.403188625,19.9435414527,8.8081153657,11.135426087,0.0,19.9435414527,8.4585840669,11.4849573858,0.0,19.9435414527,0.186228964616,42.29,-2.8946,"Mild temperate, fully humid, and  Hot summer",Temperate Broadleaf and Mixed Forests,151.689072675,12.9919769764,13.3295786381,13.7386307716,973.650009155,1208.20001221,1111.07502747,21.05929947,1163499008.0,1326977152.0,1160578432.0,HIC,MDR,29.127232671,361.52258763034297,1.0,1
3118.0,ITA,Italy,Europe,Southern Europe,Cosenza,Cosenza,GISCO OSM,0.0,1.0,ITA,39.3136778447,16.2416356689,24.0,108142.415573,100945.503387,93784.1274872,86801.3023682,6.6729888916,7.70334815979,8.37835597992,8.68121337891,61.7055653532,76.3119495301,89.3366095565,100.012478408,1.0,1.0,1.0,24.0,24.0,24.0,,0.369040063685396,0.361996101141049,0.0,0.0,0.0,0.0,12.4288635953,11.6203290669,0.0,24.0491926623,12.5179767507,11.5312159115,0.0,24.0491926623,0.154844701557,63.83,-0.79165,"Mild temperate with dry summer, and  Hot summer","Mediterranean Forests, Woodlands, and Scrub",250.394668238,14.0901386738,14.6409714222,14.8148758411,754.125015259,719.400024414,713.400024414,,771740928.0,995588800.0,892401920.0,HIC,MDR,54.669889728,298.5505579514514,1.0,1
2521.0,ITA,Italy,Europe,Southern Europe,Varese,Varese,GISCO OSM,0.0,1.0,ITA,45.8274817181,8.83021616198,33.0,91126.474411,90127.8375702,87264.9124146,85788.8024902,11.1364879608,12.833366394,13.8153944016,14.5907392502,122.209138813,142.390705691,158.315570592,170.07743233,1.0,1.0,1.0,29.0,29.0,33.0,0.343076745294305,0.458415452729552,0.488895929484497,11.9243040444,21.1763533069,0.0,33.1006573512,22.4631481789,10.6375091723,0.0,33.1006573512,24.1709306973,8.9297266539,0.0,33.1006573512,0.523652869442,73.25,-2.6011,"Mild temperate, fully humid, and  Hot summer",Temperate Coniferous Forests,399.681359238,11.7907378674,12.1250305176,12.5122938156,1234.47503662,1540.95004272,1349.95001221,10.61330032,1780075264.0,2103859200.0,1859701760.0,HIC,MDR,16.74043818,366.21036572819355,1.0,1
2684.0,ITA,Italy,Europe,Southern Europe,La Spezia,La Spezia,GISCO OSM,0.0,1.0,ITA,44.1096770008,9.83666744354,25.0,85893.1882344,86692.4912235,85168.8262279,85010.5125318,9.60761260986,9.95545101166,11.1175727844,11.5471372604,111.855349736,114.836370153,130.535705103,135.831874395,1.0,1.0,1.0,25.0,25.0,25.0,0.165220007940955,0.33127742187455,0.346832870467252,0.0,12.1602913689,12.9417912306,21.064419301,8.5933701409,11.753008285,4.7557041735,25.1020825995,10.7806476078,9.5657308181,4.7557041735,25.1020825995,0.245689993837,53.8,-7.5702,"Mild temperate with dry summer, and  Hot summer","Mediterranean Forests, Woodlands, and Scrub",30.1391033048,12.5257499218,13.0238068104,13.3965842724,948.850021362,994.575027466,960.875015259,,1607477760.0,1673860096.0,1613708800.0,HIC,MDR,39.135703316,224.02016968800274,1.0,1
2779.0,ITA,Italy,Europe,Southern Europe,Trento,Trento,GISCO OSM,0.0,1.0,ITA,46.0750103639,11.1212996853,24.0,62565.3811951,70501.3907166,74290.8048706,82643.4221191,10.2899198532,11.756114006,12.692050933800001,13.1034221649,164.466669213,166.750100765,170.842824438,158.553721868,1.0,1.0,1.0,16.0,16.0,20.0,0.217482651307511,0.433794857977104,0.427042016828938,0.0,19.5828761463,4.4224883618,24.0053645081,16.0271604074,7.9782041007,0.0,24.0053645081,15.8316208676,8.1737436404,0.0,24.0053645081,0.373052806375,65.97,0.68281,"Mild temperate, fully humid, and  Warm summer",Temperate Coniferous Forests,247.18850968,5.40765333176,5.95638167858,6.35265493393,1221.05001831,1418.57504272,1351.07504272,24.85180092,1412260992.0,1813043200.0,1838346240.0,HIC,MDR,27.048914929,331.3870006443717,1.0,1
2910.0,ITA,Italy,Europe,Southern Europe,Anzio,Anzio; Nettuno,GISCO OSM,0.0,1.0,ITA,41.4748279054,12.6263958817,41.0,29951.6675949,44375.9484482,56160.2770844,82390.8590012,19.961763382,20.5962238312,20.9731636047,21.3733291626,666.465842635,464.13033527,373.451925339,259.413840585,0.0,0.0,1.0,0.0,0.0,38.0,0.327922561569502,0.43396427884218,0.423325295383063,1.9954931667,30.5451628784,9.0765029074,34.4931639091,15.2990547375,17.87300319,8.445101025,41.6171589525,11.4884164238,22.4320025662,7.6967399625,41.6171589525,0.183483124746,47.88,0.059854,"Mild temperate with dry summer, and  Hot summer","Mediterranean Forests, Woodlands, and Scrub",32.0429057871,16.4810166359,17.1247959137,17.4075450897,495.475006104,485.575004578,467.275009155,,916088064.0,1109558144.0,1562299648.0,HIC,MDR,21.475045483,17.769668157779364,1.0,1
2868.0,ITA,Italy,Europe,Southern Europe,Ravenna,Ravenna,GISCO OSM,0.0,1.0,ITA,44.4126919913,12.1987089142,22.0,50931.2227783,61583.5071411,68138.9949951,81563.6513062,9.91352176666,10.0976839066,11.1640033722,11.5411243439,194.645273093,163.967340857,163.84162069,141.498377758,0.0,1.0,1.0,0.0,15.0,19.0,0.208333460695061,0.39395586109169,0.413151322205137,0.0,12.7887070809,9.0883025125,21.8770095934,6.7611159605,15.1158936328,0.0,21.8770095934,8.422176735,13.4548328583,0.0,21.8770095934,0.150801501319,47.55,0.4755,"Mild temperate, fully humid, and  Hot summer",Temperate Broadleaf and Mixed Forests,1.04634317858,13.3629596233,14.1069078445,14.564507246,667.25,695.375030518,654.525009155,12.46010017,727477504.0,882148480.0,839995840.0,HIC,MDR,44.220452222,192.11799884777375,1.0,1
2863.0,ITA,Italy,Europe,Southern Europe,Forlì,Forlì,GISCO OSM,0.0,1.0,ITA,44.2152976405,12.0520441313,25.0,64299.7158051,70990.7512283,73809.5141983,80637.8089294,11.8678512573,12.4749336243,13.3784313202,13.9341726303,184.570819773,175.726181346,181.256189876,172.79949462,1.0,1.0,1.0,22.0,25.0,25.0,0.27291877694845,0.41782786582929,0.418713874436641,0.6830883721000001,22.1548589444,2.1045397532,24.9424870696,9.0915399047,15.850947165000001,0.0,24.9424870696,13.0192018373,11.9232852324,0.0,24.9424870696,0.262645510601,52.08,0.86819,"Mild temperate, fully humid, and  Hot summer",Temperate Broadleaf and Mixed Forests,27.4291628069,13.3629596233,14.1069078445,14.564507246,667.25,695.375030518,654.525009155,14.93959999,1103422976.0,1338024448.0,1172711040.0,HIC,MDR,27.381515388,180.7218402468804,1.0,1
2862.0,ITA,Italy,Europe,Southern Europe,Treviso,Treviso,GISCO OSM,0.0,1.0,ITA,45.6674823268,12.2404182858,30.0,76009.3014526,78011.362854,77568.6916504,79474.2976074,15.2085762024,16.4189968109,17.7027797699,18.6594657898,200.088356448,210.469298449,228.220682768,234.786168001,1.0,1.0,1.0,21.0,26.0,28.0,0.26443926050396,0.468928849157887,0.476769539162671,0.0,27.9728637012,2.096828625,30.0696923262,16.748958548,13.3207337782,0.0,30.0696923262,17.2509443299,12.8187479963,0.0,30.0696923262,0.320181448293,57.5,6.8848,"Mild temperate, fully humid, and  Hot summer",Temperate Broadleaf and Mixed Forests,15.7258427147,11.7651093006,12.4115877151,12.8576557636,968.950012207,986.825012207,1093.9750061,17.87719917,1232307456.0,1514255488.0,1288778752.0,HIC,MDR,24.688827642,289.4542702572438,1.0,1
3218.0,ITA,Italy,Europe,Southern Europe,Lecce,Lecce,GISCO OSM,0.0,1.0,ITA,40.353140542,18.1751667018,18.0,61518.414917,68594.6777344,71775.2362061,79157.782959,9.76071071625,11.6996068954,11.8847112656,12.0155715942,158.663234893,170.56143832,165.582335827,151.792674644,1.0,1.0,1.0,18.0,18.0,18.0,0.10058496843738,0.298724510155037,0.298808836560039,0.0,0.0,0.23582049900000002,0.23582049900000002,0.9580342078,16.2903936184,0.76119275,18.0096205762,2.5462300745,14.7021977517,0.76119275,18.0096205762,0.057977014735,33.22,0.18605,"Mild temperate with dry summer, and  Hot summer","Mediterranean Forests, Woodlands, and Scrub",46.6095604278,16.4658288956,17.1674346924,17.4742994308,604.375030518,667.825012207,752.375015259,9.205280304,495927776.0,550410560.0,534342784.0,HIC,MDR,65.604435391,345.42285801123006,1.0,1
2892.0,ITA,Italy,Europe,Southern Europe,Lido di Ostia,Lido di Ostia,GISCO OSM,0.0,1.0,ITA,41.7333919741,12.2788045794,14.0,74987.5191956,77460.6410675,77122.775238,78813.7113037,5.91955947876,5.98631763458,6.28720331192,6.31829357147,78.9405962787,77.2820564365,81.5220055621,80.1674412606,1.0,1.0,1.0,13.0,13.0,14.0,,0.281752279781454,0.281407176196065,0.0,0.0,0.0,0.0,2.8215067056,6.9739388390000006,4.0855586174,13.881004162,2.9500941301,6.2166106914,4.7142993404,13.881004162,0.118867362747,54.86,3.1167,"Mild temperate with dry summer, and  Hot summer","Mediterranean Forests, Woodlands, and Scrub",4.97389373181,16.0365319252,16.7037887573,16.9870157242,656.550018311,692.600006104,601.800010681,,1095170304.0,1326460928.0,1187333760.0,HIC,MDR,47.717075144,8.635327432243653,1.0,1
2926.0,ITA,Italy,Europe,Southern Europe,Trapani,Trapani,GISCO OSM,0.0,1.0,ITA,38.0190716699,12.5341088877,20.0,85017.6879719,83384.6138739,80386.1797407,78383.4390652,10.1287155151,10.880792617800001,11.1392307281,11.4777193069,119.136567422,130.489212725,138.571465444,146.430412391,1.0,1.0,1.0,18.0,18.0,18.0,0.159310977837649,0.271344434713349,0.281978955713092,0.0,4.6115601804,15.4677393324,16.7481076338,0.0,10.8634920174,9.2158074953,20.0792995127,0.7217176108000001,9.626745448,9.7308364539,20.0792995127,0.0254984556028,42.6,-0.8635,"Mild temperate with dry summer, and  Hot summer","Mediterranean Forests, Woodlands, and Scrub",13.7687346871,17.5226459503,18.1366901398,18.2716960907,529.950004578,448.325012207,495.775016785,26.79750061,674813312.0,755966912.0,674398912.0,HIC,MDR,33.606360292,588.290854442191,1.0,1
2935.0,ITA,Italy,Europe,Southern Europe,Ancona,Ancona,GISCO OSM,0.0,1.0,ITA,43.6023538157,13.5097760087,25.0,80069.0391893,79379.5626268,77021.313848,75558.2137427,10.7277965546,11.3169136047,12.0477523804,12.3932876587,133.981831969,142.567094479,156.421018786,164.023036607,1.0,1.0,1.0,19.0,22.0,25.0,0.211481410233905,0.330668123339043,0.35464657065487,0.0,14.437461226,10.7254977103,19.5043267885,4.8264982902,14.4166846042,5.9197760419000005,25.1629589363,8.8956238154,9.884986848,6.3823482728,25.1629589363,0.265020088725,50.44,-1.8415,"Mild temperate, fully humid, and  Hot summer","Mediterranean Forests, Woodlands, and Scrub",47.6476001118,14.2221126556,15.0437488556,15.4940652847,844.050003052,976.624984741,930.150009155,13.95400047,971718016.0,1116049024.0,1009107072.0,HIC,MDR,50.916354637,149.07927378717977,1.0,1
2501.0,ITA,Italy,Europe,Southern Europe,Savona,Savona,GISCO OSM,0.0,1.0,ITA,44.2997636673,8.47252061083,28.0,77994.6679415,78042.6605154,76047.4799144,75347.6618855,9.35129261017,9.64111804962,10.1623630524,10.3776025772,119.896562893,123.536511774,133.631818751,137.729589977,1.0,1.0,1.0,24.0,28.0,28.0,,0.291219181188898,0.28783895294685,0.0,0.0,0.0,0.0,5.5180960917,11.3427228446,11.3295115083,28.1903304446,5.136578125,10.0039031047,13.049849215,28.1903304446,0.133808802127,62.93,-2.0947,"Mild temperate with dry summer, and  Hot summer","Mediterranean Forests, Woodlands, and Scrub",18.9311366749,12.6928851604,13.1990008354,13.5400533676,868.125015259,1036.67503357,1023.4750061,28.21730042,1426536448.0,1485446784.0,1401924224.0,HIC,MDR,34.771656207,302.5309800738436,1.0,1
2865.0,ITA,Italy,Europe,Southern Europe,Venice,Venice,GISCO OSM,0.0,1.0,ITA,45.4241363596,12.3453046286,36.0,92480.0285416,86814.0311995,81079.0538294,75301.6438468,9.85859680176,10.4886951447,10.7774543762,11.0922431946,106.602441167,120.81797147,132.925260806,147.304130799,1.0,1.0,1.0,34.0,35.0,35.0,0.163630726288807,0.252371056734416,0.268784194063955,0.0,3.6956689191,32.3466583613,19.2352593792,0.0,12.1025118417,23.9398154387,36.0423272804,1.7205350993000001,11.2680261252,23.0537660559,36.0423272804,0.0422637226815,69.19,-0.39326,"Mild temperate, fully humid, and  Hot summer",Temperate Broadleaf and Mixed Forests,0.860164570392,13.3295788765,13.9997320175,14.4133417606,748.325012207,767.800003052,816.800018311,19.28989983,709997632.0,872443072.0,654952512.0,HIC,MDR,11.806802995,284.6585872467379,1.0,1
2912.0,ITA,Italy,Europe,Southern Europe,Tivoli,Tivoli; Villanova,GISCO OSM,0.0,1.0,ITA,41.9595206321,12.7559493426,22.0,51525.5264206,59554.4087648,64155.1408358,74302.6780205,10.987821579,11.5401477814,12.1842594147,12.4899234772,213.250059578,193.774869413,189.918676133,168.095199391,0.0,1.0,1.0,0.0,19.0,19.0,0.313740575668071,0.388733094897791,0.393361407503359,5.7142477711,14.6283875022,1.4862454999999999,21.8288807733,8.5232310069,13.3056497664,0.0,21.8288807733,9.26635371,12.5625270632,0.0,21.8288807733,0.194431680457,43.23,0.35746,"Mild temperate with dry summer, and  Hot summer","Mediterranean Forests, Woodlands, and Scrub",98.166143414,15.285520792,15.9906201363,16.2862620354,758.275009155,784.200012207,699.675003052,14.69859982,832679680.0,1008534528.0,1152100608.0,HIC,MDR,20.759206425,1.9366393324198874,1.0,1
3208.0,ITA,Italy,Europe,Southern Europe,Brindisi,Brindisi,GISCO OSM,0.0,1.0,ITA,40.6359403027,17.9495355289,21.0,77564.3073312,76565.4416875,73915.5854045,72165.0759104,10.3219356537,10.5040206909,10.6212310791,10.7341337204,133.075843888,137.190101166,143.694066968,148.744161701,1.0,1.0,1.0,13.0,19.0,19.0,,0.318080345886193,0.303053024834513,0.0,0.0,0.0,0.0,2.6164845125,14.0054245885,4.3931899208,21.0150990218,1.7395267022,14.6921926262,4.5833796934,21.0150990218,0.0674689885318,48.9,-0.36612,"Mild temperate with dry summer, and  Hot summer","Mediterranean Forests, Woodlands, and Scrub",11.9292062563,16.4585108757,17.1677536964,17.4771866798,564.575027466,613.175018311,706.000015259,9.205280304,409718944.0,454730816.0,403595840.0,HIC,MDR,55.552817299,325.5203158569856,1.0,1
2925.0,ITA,Italy,Europe,Southern Europe,Latina,Latina,GISCO OSM,0.0,1.0,ITA,41.4615389709,12.8963737516,15.0,53577.6640625,60657.0869141,64173.991333,71829.8757324,9.17082977295,9.25420284271,9.50702190399,9.60124588013,171.168899082,152.565896477,148.144469535,133.66646931,1.0,1.0,1.0,13.0,14.0,14.0,0.253825251775445,0.375122438649621,0.400629487706378,0.36107277060000004,14.408799952,0.7486676875,15.51854041,2.6016193149999998,12.9169210951,0.0,15.51854041,5.4617189596,10.0568214505,0.0,15.51854041,0.0995870703807,36.41,0.21776,"Mild temperate with dry summer, and  Hot summer","Mediterranean Forests, Woodlands, and Scrub",23.7591394583,16.4810166359,17.1247959137,17.4075450897,495.475006104,485.575004578,467.275009155,23.27449989,500953824.0,606750976.0,626616256.0,HIC,MDR,59.645010503,28.337746851425305,1.0,1
3014.0,ITA,Italy,Europe,Southern Europe,Gela,Gela,GISCO OSM,0.0,1.0,ITA,37.0666092336,14.2472309897,22.0,65215.5160151,68558.8469384,69037.4840438,71781.33797,10.5404653549,11.0107116699,11.5329685211,11.7416419983,161.625116214,160.602346183,167.053719887,163.575134295,1.0,1.0,1.0,19.0,22.0,22.0,0.0531843634587229,0.275537054418548,0.305113509780526,0.0,0.0,15.893818323,15.893818323,0.0,14.4165613775,7.3439780066,21.7605393841,0.8618486676,13.8265053245,7.0721853919,21.7605393841,0.0317157058699,46.64,1.3993,"Mild temperate with dry summer, and  Hot summer","Mediterranean Forests, Woodlands, and Scrub",14.010828097,17.3560771942,17.9538769722,18.0697450638,545.75,450.625015259,509.800003052,,492529280.0,551761280.0,549728384.0,HIC,MDR,32.515774944,515.1633352090669,1.0,1
2437.0,ITA,Italy,Europe,Southern Europe,Sanremo,Sanremo,GISCO OSM,0.0,1.0,ITA,43.8235735432,7.80231000685,44.0,57363.9130743,62763.5936511,64937.1887248,70399.8671546,20.2370681763,20.6919078827,22.1347503662,22.2648143768,352.783955831,329.68010082,340.864007218,316.262164642,1.0,1.0,1.0,38.0,40.0,43.0,,0.399182645668086,0.42152758945031,0.0,0.0,0.0,0.0,7.8367105478,25.3994393941,10.6308001015,43.8669500434,11.5392588262,19.962482038,12.3652091792,43.8669500434,0.215905050312,49.41,0.63811,"Mild temperate with dry summer, and  Hot summer","Mediterranean Forests, Woodlands, and Scrub",67.1976715855,14.1760816574,14.5927453041,14.9822001457,728.550003052,879.800018311,871.975021362,41.89559937,1318554368.0,1373005440.0,1459528320.0,HIC,MDR,21.371984233,351.61866407742565,1.0,1
2881.0,ITA,Italy,Europe,Southern Europe,Pordenone,Pordenone,GISCO OSM,0.0,1.0,ITA,45.9611583529,12.6594516516,29.0,59200.3919525,62784.0898361,63647.4725494,67177.8708267,14.4467277527,15.0218725204,16.532787323,17.3898544312,244.030947705,239.262408035,259.755598467,258.862840056,1.0,1.0,1.0,18.0,19.0,20.0,0.297579391193707,0.464954925772447,0.461594032154877,0.0,28.2751543718,0.5206953990000001,28.7958497708,17.5987153593,11.1971344115,0.0,28.7958497708,15.1768553975,13.6189943733,0.0,28.7958497708,0.287815029891,52.33,2.164,"Mild temperate, fully humid, and  Hot summer",Temperate Broadleaf and Mixed Forests,29.948647126,13.4348065853,14.1106967926,14.5612738132,1061.30001831,1110.17500305,1226.52502441,14.07549953,1016364160.0,1133253760.0,1063141440.0,HIC,MDR,24.601031336,320.65758240871065,1.0,1
3124.0,ITA,Italy,Europe,Southern Europe,Altamura,Altamura,GISCO OSM,0.0,1.0,ITA,40.8248650895,16.548954657,9.0,51921.1938934,57479.3717041,60366.4677048,66935.977272,3.26457548141,4.18136739731,4.80715084076,5.537981987,62.8755857986,72.745530672,79.6327998562,82.7355065646,1.0,1.0,1.0,7.0,7.0,7.0,,0.272433456014069,0.281964720194058,0.0,0.0,0.0,0.0,0.5900330078,7.6395562047,0.7559756875,8.9855649,0.20155555490000002,8.7840093451,0.0,8.9855649,0.00025505151722200005,38.44,1.8449,"Mild temperate with dry summer, and  Hot summer","Mediterranean Forests, Woodlands, and Scrub",444.729651434,14.7859592438,15.5037066936,15.8763639927,513.050010681,561.425018311,639.675003052,5.6040802,490585408.0,544481280.0,502623776.0,HIC,MDR,71.258772956,240.71530679432385,1.0,1
3019.0,ITA,Italy,Europe,Southern Europe,Avellino,Avellino,GISCO OSM,0.0,1.0,ITA,40.9141763171,14.7782826007,17.0,60876.2105713,63025.7904968,62392.0622864,63796.2015686,6.09778594971,6.34763002396,7.47313976288,8.02746772766,100.166976434,100.714802209,119.777091653,125.829869652,1.0,1.0,1.0,13.0,17.0,17.0,,0.441201769244532,0.453831019365241,0.0,0.0,0.0,0.0,11.4488063743,5.4948426691,0.0,16.9436490434,10.1281783397,6.8154707037,0.0,16.9436490434,0.415682709753,59.58,19.3247,"Mild temperate with dry summer, and  Hot summer","Mediterranean Forests, Woodlands, and Scrub",392.918158151,13.9905307293,14.6510000229,14.9022650719,642.700012207,615.800003052,594.424987793,6.126959801,537022720.0,577520896.0,536947328.0,HIC,MDR,23.44701537,139.11829003417418,1.0,1
2909.0,ITA,Italy,Europe,Southern Europe,Pesaro,Pesaro,GISCO OSM,0.0,1.0,ITA,43.9043822065,12.9083726813,15.0,59027.2149169,61595.2464163,61727.0281903,63727.4552064,8.2270154953,8.28049850464,8.50062179565,8.6404914856,139.376650362,134.434051106,137.713122515,135.585070165,1.0,1.0,1.0,15.0,15.0,15.0,0.210696139194904,0.341011350851926,0.372961464964366,0.35884223530000003,9.647049701,4.809615737,12.4689403706,2.6584562772,9.3840027071,2.773048689,14.8155076733,5.2912466216,8.0107289206,1.5135321311,14.8155076733,0.174158334176,42.4,1.2505,"Mild temperate, fully humid, and  Hot summer","Mediterranean Forests, Woodlands, and Scrub",12.2859230221,12.2449491024,13.0100455284,13.4313035011,777.550018311,849.475021362,752.850006104,14.49330044,787171904.0,904091904.0,857369024.0,HIC,MDR,35.445802752,150.59227662576757,1.0,1
2507.0,ITA,Italy,Europe,Southern Europe,Alessandria,Alessandria,GISCO OSM,0.0,1.0,ITA,44.9082261137,8.61191652285,14.0,56445.7775879,59843.9072266,60582.9388428,63533.6766357,6.07370424271,6.70023965836,7.30038833618,7.7820072174099995,107.602454998,111.961935122,120.502380301,122.486335271,1.0,1.0,1.0,13.0,13.0,13.0,,0.345203024573865,0.357139108395552,0.0,0.0,0.0,0.0,2.8105665716,11.3175318051,0.0,14.1280983767,5.3765498304,8.7515485463,0.0,14.1280983767,0.0870826152203,44.43,2.5016,"Mild temperate, fully humid, and  Hot summer",Temperate Broadleaf and Mixed Forests,94.4902160982,12.4732954502,12.8402693272,13.2446825504,958.600021362,1162.50001526,1104.65002441,22.52449989,492649920.0,561870016.0,478756800.0,HIC,MDR,31.166240079,319.81187721082534,1.0,1
2744.0,ITA,Italy,Europe,Southern Europe,Pisa,Pisa,GISCO OSM,0.0,1.0,ITA,43.7128171684,10.4010581511,19.0,79240.521677,73753.2517061,68422.4473639,62939.9391794,12.1515741348,12.3126516342,12.6280994415,12.8924875259,153.350506504,166.94384789,184.560768111,204.837940647,1.0,1.0,1.0,19.0,19.0,19.0,0.229975531889556,0.395617298046542,0.407993755775177,0.0793262647,11.2062393353,7.3598129135,18.6453785135,4.491195039,14.1541834745,0.0,18.6453785135,6.7354084821,11.9099700314,0.0,18.6453785135,0.24253306944699998,35.45,-0.29025,"Mild temperate with dry summer, and  Hot summer","Mediterranean Forests, Woodlands, and Scrub",3.74257089227,14.2478499413,14.7574136257,15.1315624714,891.425018311,894.900024414,846.5,33.58710098,767422656.0,924064832.0,790359040.0,HIC,MDR,42.724214755,181.0162107791287,1.0,1
2807.0,ITA,Italy,Europe,Southern Europe,Grosseto,Grosseto,GISCO OSM,0.0,1.0,ITA,42.7684050203,11.1091959897,14.0,42971.5144196,49536.6782532,52848.7089081,60055.8513184,5.48164701462,6.25403165817,7.50223636627,7.91925144196,127.564669029,126.250525443,141.95685233,131.864777005,0.0,0.0,1.0,0.0,0.0,13.0,,0.363343842518512,0.3861518382745,0.0,0.0,0.0,0.0,4.1060796402,9.9551863907,0.0,14.0612660309,4.64135405,9.4199119809,0.0,14.0612660309,0.116436787648,43.43,1.2259,"Mild temperate with dry summer, and  Hot summer","Mediterranean Forests, Woodlands, and Scrub",9.92558969366,14.9090206623,15.5438864231,15.9565908909,668.475006104,698.400009155,565.650009155,35.604599,520041088.0,626189120.0,578254144.0,HIC,MDR,39.357614381,102.9982195239367,1.0,1
3026.0,ITA,Italy,Europe,Southern Europe,Battipaglia,Battipaglia; Bellizzi,GISCO OSM,0.0,1.0,ITA,40.611973653,14.9715857739,16.0,59500.0666809,60261.7072601,59360.4635925,59948.6116943,7.28101348877,7.31524181366,7.53012418747,7.65761709213,122.369837463,121.391214193,126.854201125,127.736354116,1.0,1.0,1.0,13.0,13.0,14.0,,0.368434321418483,0.355244340697638,0.0,0.0,0.0,0.0,3.3068147613,12.6600819576,0.0,15.9668967189,3.256257373,12.7106393458,0.0,15.9668967189,0.0579101562468,52.12,-8.7809,"Mild temperate with dry summer, and  Hot summer","Mediterranean Forests, Woodlands, and Scrub",68.6578186048,13.9905307293,14.6510000229,14.9022650719,642.700012207,615.800003052,594.424987793,5.896719933,249411632.0,268220384.0,251686816.0,HIC,MDR,42.208452225,160.07356067024145,1.0,1
2605.0,ITA,Italy,Europe,Southern Europe,Lecco,Lecco,GISCO OSM,0.0,1.0,ITA,45.848787734,9.39189904383,21.0,55629.0244446,57791.3831024,57789.0046539,59482.0952454,9.70657157898,10.7143955231,11.0843830109,11.2515277863,174.48753912,185.3978041,191.807820142,189.158228873,1.0,1.0,1.0,21.0,21.0,21.0,0.190511137222631,0.411759056983025,0.41903564571941,0.0,10.8567415596,9.9480323728,20.6735629088,10.4007790944,10.1554387093,0.24855612870000002,20.8047739324,11.0536844493,9.1964021583,0.5546873248,20.8047739324,0.268738804241,52.64,1.6964,"Mild temperate, fully humid, and  Warm summer",Temperate Coniferous Forests,269.440084382,11.8205542564,12.1785235405,12.5656611919,1163.37503052,1460.6499939,1332.80001831,19.10210037,1222742912.0,1445151744.0,1366915456.0,HIC,MDR,21.258291472,354.84708414792203,1.0,1
3003.0,ITA,Italy,Europe,Southern Europe,San Giuseppe Vesuviano,San Giuseppe Vesuviano; Ottaviano; Terzigno; San Gennaro Vesuviano,GISCO OSM,0.0,1.0,ITA,40.836270792,14.4945379086,19.0,46111.2740479,51270.2484131,53665.1972656,59331.4750977,12.6583786011,12.6583786011,12.7324476242,13.0640907288,274.518083971,246.895207121,237.257072981,220.188200399,0.0,0.0,1.0,0.0,0.0,19.0,,0.413486006757238,0.460581357584346,0.0,0.0,0.0,0.0,5.5308095139999995,13.4331992343,0.0,18.9640087483,8.6080640944,10.3559446539,0.0,18.9640087483,0.277016638689,45.31,0.21604,"Mild temperate with dry summer, and  Hot summer","Mediterranean Forests, Woodlands, and Scrub",131.911542296,16.2023818493,16.8383979797,17.0894060135,663.650024414,624.275001526,616.700027466,6.033500195,366255616.0,393875840.0,407600608.0,HIC,MDR,18.64236144,129.85128257122264,1.0,1
2586.0,ITA,Italy,Europe,Southern Europe,Pavia,Pavia,GISCO OSM,0.0,1.0,ITA,45.1914339269,9.163734603,20.0,74881.1953735,69483.7831421,64531.9622192,59300.7425385,8.98665523529,10.1244649887,10.4083518982,10.7590312958,120.012176495,145.709754577,161.289871565,181.43164546,1.0,1.0,1.0,20.0,20.0,20.0,0.161978687171352,0.422275933830684,0.455965430631818,0.0,9.5290151919,10.0521292752,19.5811444672,10.0899106664,9.4912338007,0.0,19.5811444672,12.6992148532,6.881929614,0.0,19.5811444672,0.37339030528399997,63.5,-0.38361,"Mild temperate, fully humid, and  Hot summer",Temperate Broadleaf and Mixed Forests,73.0700475453,13.0846529007,13.4640872478,13.8941953182,869.975021362,1094.3500061,1018.52502441,25.58009911,1079463040.0,1275810176.0,1007936064.0,HIC,MDR,23.41242466,326.85412756030894,1.0,1
2888.0,ITA,Italy,Europe,Southern Europe,Perugia,Perugia,GISCO OSM,0.0,1.0,ITA,43.1030489281,12.3745217745,17.0,43655.9146729,49519.0265503,52295.4092102,58188.5062866,4.66396617889,5.5041503906199996,6.53162813187,6.7661190033,106.834691561,111.152233274,124.898690545,116.279303854,0.0,0.0,1.0,0.0,0.0,17.0,,0.400473532960483,0.404187080528829,0.0,0.0,0.0,0.0,6.6653832953,10.5689881358,0.0,17.2343714311,8.5565577324,8.6778136988,0.0,17.2343714311,0.256762795842,60.18,1.2795,"Mild temperate with dry summer, and  Hot summer","Mediterranean Forests, Woodlands, and Scrub",338.533387602,11.941033601800001,12.6426069736,13.1073539257,754.800003052,811.475006104,679.200019836,12.34500027,637846528.0,755855552.0,720570304.0,HIC,MDR,28.017687545,84.52177051584717,1.0,1
2727.0,ITA,Italy,Europe,Southern Europe,Viareggio,Viareggio,GISCO OSM,0.0,1.0,ITA,43.8759213982,10.2479138741,28.0,56805.519974,57868.3622153,57115.1516929,57630.9900365,14.506357193,14.8699045181,15.0559806824,15.3858165741,255.368795139,256.960866852,263.607470805,266.971234823,1.0,1.0,1.0,25.0,26.0,26.0,0.235935256065615,0.394244295345456,0.405913984928961,0.0,18.5721725037,9.4819081402,23.3537369338,5.9825805005,16.7750584199,5.2964417235,28.0653844419,9.2316720169,13.5259669034,5.2964417235,28.0653844419,0.17516877766,45.04,-8.2977,"Mild temperate with dry summer, and  Hot summer","Mediterranean Forests, Woodlands, and Scrub",2.5317466511299997,14.2478499413,14.7574136257,15.1315624714,891.425018311,894.900024414,846.5,,1060660480.0,1277156864.0,1215066752.0,HIC,MDR,34.314911536,194.3046298779605,1.0,1
3123.0,ITA,Italy,Europe,Southern Europe,Molfetta,Molfetta,GISCO OSM,0.0,1.0,ITA,41.1997466385,16.5961150407,9.0,69066.9230957,65129.6379395,60856.2744141,56527.6688232,2.442060709,2.93036484718,3.48656630516,3.60762214661,35.3578905725,44.9928011255,57.2918131898,63.8204656535,1.0,1.0,1.0,9.0,9.0,9.0,,0.240430589247845,0.245202485244343,0.0,0.0,0.0,0.0,0.0,4.4783649586,4.4893554833,8.9677204419,0.6192346176,3.8591303409,4.4893554833,8.9677204419,0.001778492271,59.89,-1.4679,"Mild temperate with dry summer, and  Hot summer","Mediterranean Forests, Woodlands, and Scrub",20.080931707,15.8617172241,16.6539525986,16.9941644669,607.25,675.375,781.425003052,5.6040802,435760256.0,483632928.0,323499520.0,HIC,MDR,54.759804832,236.98675107544784,1.0,1
2854.0,ITA,Italy,Europe,Southern Europe,Arezzo,Arezzo,GISCO OSM,0.0,1.0,ITA,43.4613491347,11.8712825679,14.0,45291.0357971,49849.7088318,51752.8357544,56287.9538879,5.75746679306,6.93805980682,7.59293651581,7.79490041733,127.121552681,139.179545265,146.715371344,138.482568275,0.0,0.0,1.0,0.0,0.0,13.0,,0.387588289965849,0.413864605152576,0.0,0.0,0.0,0.0,5.0193799672,8.7350574725,0.0,13.7544374397,7.0452723699,6.7091650699,0.0,13.7544374397,0.288620474859,50.32,0.95867,"Mild temperate with dry summer, and  Hot summer","Mediterranean Forests, Woodlands, and Scrub",258.4993807,12.6188774109,13.2804903984,13.7305803299,730.150024414,771.650009155,643.050003052,14.92570019,773309376.0,931153152.0,928195264.0,HIC,MDR,49.103355135,116.61280356169995,1.0,1
2695.0,ITA,Italy,Europe,Southern Europe,Cremona,Cremona,GISCO OSM,0.0,1.0,ITA,45.139262188000004,10.0223453361,13.0,63696.8946533,61430.4970703,58395.2424316,55710.7805176,6.65832328796,7.08830595016,8.29093647003,8.43653583527,104.531364114,115.387409971,141.979656643,151.434529491,1.0,1.0,1.0,12.0,12.0,13.0,0.174807859213545,0.371070610107812,0.377534833586567,0.0,5.1701463397,8.066446401,13.2365927407,6.1549927934,7.0815999473,0.0,13.2365927407,3.8895980804,9.3469946603,0.0,13.2365927407,0.06345985653320001,35.08,-1.7816,"Mild temperate, fully humid, and  Hot summer",Temperate Broadleaf and Mixed Forests,44.9468711733,13.0694365501,13.574898243,13.934036731700001,784.925018311,909.525024414,893.050018311,20.92169952,910676480.0,1078107264.0,874433344.0,HIC,MDR,36.244680698,295.26946957060113,1.0,1
2974.0,ITA,Italy,Europe,Southern Europe,Bagheria,Bagheria; Casteldaccia; Santa Flavia,GISCO OSM,0.0,1.0,ITA,38.0819385613,13.5190517504,10.0,43785.0166016,48441.7999268,50499.1848145,55355.1306152,5.20136928558,5.30610275269,5.31986618042,5.38267374039,118.793361047,109.535623381,105.34558528,97.2389312528,0.0,0.0,0.0,0.0,0.0,0.0,0.187979247321352,0.390216720612012,0.399880136370002,0.0,6.1113171453,3.753444915,8.5798322689,6.8971523328,2.9676097275,0.0,9.8647620603,5.772149264,4.0926127963,0.0,9.8647620603,0.179746803637,57.72,0.1074,"Mild temperate with dry summer, and  Hot summer","Mediterranean Forests, Woodlands, and Scrub",66.5317209578,17.9640045166,18.5715079308,18.7083239555,521.325004578,440.550003052,486.825012207,7.148970127,494935936.0,554457344.0,571169600.0,HIC,MDR,34.789834595,528.0110128955005,1.0,1
3110.0,ITA,Italy,Europe,Southern Europe,Trani,Trani,GISCO OSM,0.0,1.0,ITA,41.2790968457,16.410004531,11.0,47017.2679651,50282.0550942,51113.9262424,54002.0921469,3.9691042900099998,4.18493843079,4.61259174347,4.66885900497,84.4180119729,83.2292638585,90.241389824,86.4570023005,0.0,1.0,1.0,0.0,10.0,10.0,,0.227464624415742,0.244677667213838,0.0,0.0,0.0,0.0,0.0,5.1768450956,5.6911498632,10.8679949588,0.4682785772,4.7085665184,5.6911498632,10.8679949588,0.00869667663287,57.55,1.5331,"Mild temperate with dry summer, and  Hot summer",,9.60666715864,15.4934642315,16.2884616852,16.6386561394,488.475006104,534.125007629,597.575019836,6.884389877,402105088.0,446280384.0,397958528.0,HIC,MDR,50.633929513,227.05595813901468,1.0,1
2469.0,ITA,Italy,Europe,Southern Europe,Asti,Asti,GISCO OSM,0.0,1.0,ITA,44.9009880865,8.20823531826,10.0,49414.0882568,51766.3165283,51943.3978271,53752.7458496,4.76999378204,6.04103660583,6.44025087357,6.74134731293,96.5310491464,116.698212486,123.985937443,125.414008278,0.0,1.0,1.0,0.0,10.0,10.0,,0.344486155218105,0.368746716273536,0.0,0.0,0.0,0.0,0.6305099696,9.4800758689,0.0,10.1105858385,2.7081513211,7.4024345174,0.0,10.1105858385,0.180535796816,32.6,2.9129,"Mild temperate, fully humid, and  Hot summer","Mediterranean Forests, Woodlands, and Scrub",128.28423173,12.7113718987,13.2013816833,13.5227241516,905.950012207,1084.15002441,1052.1000061,18.62080002,548638016.0,625724736.0,567555520.0,HIC,MDR,49.778285217,338.9109614667193,1.0,1
3040.0,ITA,Italy,Europe,Southern Europe,San Severo,San Severo,GISCO OSM,0.0,1.0,ITA,41.6896770311,15.378501461,8.0,60693.8442383,58685.8383789,55869.2329102,53402.1386719,2.04688882828,2.2479763031,2.78753304482,2.8403697013900002,33.7248176313,38.3052600968,49.893884337,53.1883136523,1.0,1.0,1.0,8.0,8.0,8.0,,0.246945041482168,0.252653639713648,0.0,0.0,0.0,0.0,0.0,6.750503988,1.49242,8.242923988,0.8132913848000001,5.9372126032,1.49242,8.242923988,0.0109712439328,64.5,-2.4792,"Steppe (semi-arid), and  Cold arid","Mediterranean Forests, Woodlands, and Scrub",87.0957331752,15.3463127613,16.1329538822,16.4313397408,497.100006104,523.150016785,621.974990845,6.6809501650000005,270748000.0,300492448.0,211690912.0,HIC,MDR,39.438843131,189.78544036294136,1.0,1
3115.0,ITA,Italy,Europe,Southern Europe,Bisceglie,Bisceglie,GISCO OSM,0.0,1.0,ITA,41.2415830058,16.4988611774,10.0,45169.1194,48651.800766,49843.2875366,53170.8878632,2.72198581696,3.07369494438,4.10356616974,4.31154680252,60.2620961646,63.1774137029,82.329364144,81.0884861208,0.0,0.0,0.0,0.0,0.0,0.0,,0.254124925451589,0.26441439190168,0.0,0.0,0.0,0.0,0.0,5.8630543338,4.1007053748,9.9637597086,0.0,5.8630543338,4.1007053748,9.9637597086,4.0178966965900004e-05,56.9,3.81,"Mild temperate with dry summer, and  Hot summer",,17.915409673,15.4934642315,16.2884616852,16.6386561394,488.475006104,534.125007629,597.575019836,5.6040802,415911872.0,461604032.0,424855168.0,HIC,MDR,42.996936607,232.11393439033003,1.0,1
3038.0,ITA,Italy,Europe,Southern Europe,Ragusa,Ragusa,GISCO OSM,0.0,1.0,ITA,36.9200841994,14.7147407218,11.0,53675.3426514,54286.6017456,53080.5507812,53085.4613647,4.61578559875,5.73985767365,6.65919399261,7.29034137726,85.9945250603,105.732491795,125.454500652,137.332165716,1.0,1.0,1.0,11.0,11.0,11.0,,0.336637481479776,0.345171623286048,0.0,0.0,0.0,0.0,3.9049768939,6.9567505566,0.0,10.8617274505,2.9348447346,7.9268827159,0.0,10.8617274505,0.0632085572723,33.73,-10.6871,"Mild temperate with dry summer, and  Hot summer","Mediterranean Forests, Woodlands, and Scrub",574.627593139,18.0406098366,18.6156978607,18.7333464622,543.950012207,428.250015259,498.275001526,7.20980978,251304464.0,281526560.0,277974912.0,HIC,MDR,63.234101729,515.7967371661084,1.0,1
2538.0,ITA,Italy,Europe,Southern Europe,Vigevano,Vigevano,GISCO OSM,0.0,1.0,ITA,45.3153095446,8.85617903386,12.0,47037.4276123,49802.3635254,50459.5930176,52867.0705566,9.03124809265,9.37390422821,9.51365661621,9.86552047729,192.00131791,188.222075513,188.540098072,186.609932675,0.0,0.0,1.0,0.0,0.0,12.0,0.270379113556081,0.393566474714049,0.406654138668749,0.3528916078,10.0358130816,1.406492625,11.7951973145,2.3606779748,9.4345193397,0.0,11.7951973145,1.9855804953,9.8096168191,0.0,11.7951973145,0.122413361207,17.75,0.85596,"Mild temperate, fully humid, and  Hot summer",Temperate Broadleaf and Mixed Forests,108.781976133,12.9919769764,13.3295786381,13.7386307716,973.650009155,1208.20001221,1111.07502747,21.24259949,643872000.0,760988032.0,717819520.0,HIC,MDR,29.33724467,346.8732876239248,1.0,1
2786.0,ITA,Italy,Europe,Southern Europe,Pistoia,Pistoia,GISCO OSM,0.0,1.0,ITA,43.9329583563,10.9179935875,17.0,43738.1903687,47141.2011566,48257.978363,51458.6533203,7.82931900024,8.82493400574,9.35951805115,9.75113105774,179.004182255,187.202145665,193.94757859,189.494485933,0.0,0.0,0.0,0.0,0.0,0.0,0.241908117845743,0.430158511696851,0.439079324162333,0.0,8.8984773728,0.7199740625000001,9.6184514353,8.0519557091,9.0886804007,0.0,17.1406361098,7.3205757032,9.8200604066,0.0,17.1406361098,0.331570721328,43.06,1.1389,"Mild temperate, fully humid, and  Hot summer","Mediterranean Forests, Woodlands, and Scrub",70.390577908,13.2820792198,13.8894002438,14.2532465458,852.950012207,853.000015259,791.500015259,17.78619957,609673792.0,734117120.0,736225728.0,HIC,MDR,31.973768571,172.24178202249735,1.0,1
3077.0,ITA,Italy,Europe,Southern Europe,Cerignola,Cerignola,GISCO OSM,0.0,1.0,ITA,41.2634309714,15.8961400254,8.0,57351.8557129,55149.6743164,52648.6188965,50777.6762695,3.20721268654,4.14104604721,4.60983610153,4.86032342911,55.9216898333,75.0874071069,87.5585380615,95.7177205847,1.0,1.0,1.0,8.0,8.0,8.0,,0.283051728078992,0.303395652222648,0.0,0.0,0.0,0.0,0.4181826912,6.7944852186,0.7510128125000001,7.9636807223,1.4962289853000001,6.467451737,0.0,7.9636807223,0.0176822666389,39.25,-1.9391,"Steppe (semi-arid), and  Cold arid","Mediterranean Forests, Woodlands, and Scrub",116.895980575,15.2549936771,16.0506868362,16.3481879234,482.900001526,512.225013733,568.700019836,6.226280212,212047056.0,235342592.0,168574944.0,HIC,MDR,82.181347847,196.96821286908997,1.0,1
3339.0,LTU,Lithuania,Europe,Northern Europe,Vilnius,Vilnius,GISCO OSM,0.0,1.0,LTU,54.6917481433,25.2584859604,101.0,296947.594906,381727.891289,384132.156929,355430.063961,35.3355255127,41.7124671936,44.9847946167,47.2242202759,118.995829968,109.27277819,117.107599052,132.865013583,1.0,1.0,1.0,76.0,96.0,97.0,0.385112923861694,0.440861460161163,0.466964699281155,49.6288654627,51.897047463,0.0,101.525912926,66.8200187037,34.7058942221,0.0,101.525912926,69.3802759672,32.1456369586,0.0,101.525912926,0.45957645360599997,68.69,-1.7387,"Snow, fully humid, and  Warm summer",Temperate Broadleaf and Mixed Forests,146.168545351,7.5289798975,7.77474272251,7.77318966389,653.625015259,607.75,649.650009155,9.957630157,3515032064.0,3385618432.0,7592316416.0,HIC,MDR,23.732111803,0.0,1.0,1
3294.0,LTU,Lithuania,Europe,Northern Europe,Kaunas,Kaunas,GISCO OSM,0.0,1.0,LTU,54.8973303281,23.9299201687,106.0,397716.985413,415933.851715,370527.816803,276334.502396,40.5443382263,51.0048217773,53.0402984619,55.3606796265,101.942687171,122.627243652,143.147952884,200.339368217,1.0,1.0,1.0,92.0,97.0,106.0,0.40341106338778,0.49187707751871,0.499449906524014,38.6390940221,68.0668471733,0.045210122500000005,106.751151318,79.0756347142,27.6303064811,0.045210122500000005,106.751151318,80.4134228152,26.2925183801,0.045210122500000005,106.751151318,0.556971930272,75.86,-0.20041,"Snow, fully humid, and  Warm summer",Temperate Broadleaf and Mixed Forests,57.2722599337,7.72709727287,7.9699318409,7.9705133438099995,611.874984741,599.575012207,619.900009155,8.499230385,2352465920.0,2008155904.0,3445873408.0,HIC,MDR,17.944426649,54.339456044435025,1.0,1
3181.0,LTU,Lithuania,Europe,Northern Europe,Klaipėda,Klaipėda,GISCO OSM,0.0,1.0,LTU,55.6929642756,21.1514669489,42.0,167415.141296,177066.062714,153829.457947,111198.592957,20.6623077393,21.0477752686,21.5982608795,22.3376674652,123.419587854,118.869618186,140.403932821,200.880846343,1.0,1.0,1.0,41.0,42.0,42.0,0.346760956302357,0.400606985212283,0.415852028325427,6.2542874652,29.8299446554,5.9382970632,41.1237707564,14.8950233446,23.3789745728,3.7485312664,42.0225291838,18.9638688534,18.3208813034,4.737779027,42.0225291838,0.31885460091999995,46.81,-0.12786,"Mild temperate, fully humid, and  Warm summer",Temperate Broadleaf and Mixed Forests,5.89832035263,8.28497552872,8.41418254375,8.40814995766,782.800018311,752.075012207,750.200012207,16.91189957,1168578432.0,1032668672.0,1685327488.0,HIC,MDR,39.949465422,199.41762866580322,1.0,1
3303.0,LTU,Lithuania,Europe,Northern Europe,Panevėžys,Panevėžys,GISCO OSM,0.0,1.0,LTU,55.7331758988,24.3489853272,28.0,139078.284058,140844.303162,119227.982178,85619.9190674,11.7802381516,13.7380895615,14.8145914078,15.3392429352,84.7022109265,97.5409672459,124.254316287,179.155073986,1.0,1.0,1.0,24.0,27.0,28.0,0.403170200633086,0.464988356277415,0.470444192460411,10.1492099975,17.8968743564,0.0,28.0460843539,14.662333901,13.3837504529,0.0,28.0460843539,16.3998955855,11.6461887684,0.0,28.0460843539,0.373910785933,58.57,-0.22149,"Snow, fully humid, and  Warm summer",Temperate Broadleaf and Mixed Forests,52.0556259667,7.60717701912,7.78089523315,7.75645649433,617.100006104,596.550018311,613.350013733,7.945280075,751740736.0,551503296.0,741202176.0,HIC,MDR,14.3283219,78.04677979389808,1.0,1
3259.0,LTU,Lithuania,Europe,Northern Europe,Šiauliai,Šiauliai,GISCO OSM,0.0,1.0,LTU,55.9301423249,23.2994527709,32.0,124770.669022,128487.99485,108753.449059,78428.8686218,10.2118244171,14.029800415,14.9065265656,15.3672895432,81.8447516327,109.191527437,137.067161498,195.939197048,1.0,1.0,1.0,31.0,32.0,32.0,0.390152012165867,0.467700253815973,0.479248686082784,9.5558592179,22.7017001152,0.0,32.2575593331,21.5893919498,10.6681673833,0.0,32.2575593331,20.6246238424,11.6329354907,0.0,32.2575593331,0.472315535477,64.45,-0.18446,"Snow, fully humid, and  Warm summer",Temperate Broadleaf and Mixed Forests,119.950614597,7.60519170761,7.78035354614,7.76212513447,640.475006104,633.200012207,632.750015259,8.622429848,664455168.0,474738752.0,737505792.0,HIC,MDR,19.996563032,127.70460418644913,1.0,1
3309.0,LTU,Lithuania,Europe,Northern Europe,Alytus,Alytus,GISCO OSM,0.0,1.0,LTU,54.4018162855,24.0333684477,19.0,79056.3449097,80958.0600586,71601.5234375,53209.4794312,5.99793624878,8.13875198364,8.52746963501,8.87808132172,75.8691317646,100.530471923,119.096203902,166.851497452,1.0,1.0,1.0,17.0,19.0,19.0,0.384899147495908,0.472186138830777,0.491798413982009,7.9516837483,10.7838799267,0.0,18.735563675,11.8661292262,6.8694344488,0.0,18.735563675,13.2963990828,5.4391645922,0.0,18.735563675,0.521432496364,69.98,-0.20717,"Snow, fully humid, and  Warm summer",Temperate Broadleaf and Mixed Forests,93.4224955675,7.67897450924,7.9281800985299995,7.9603074789,598.199996948,585.0,614.525009155,9.415590286,394193664.0,321957696.0,451568224.0,HIC,MDR,13.735303628,70.05067071366,1.0,1
2253.0,LUX,Luxembourg,Europe,Western Europe,Luxembourg,Luxembourg,GISCO OSM,0.0,1.0,LUX,49.6143229313,6.12223011015,42.0,63137.7642059,71521.8470154,85424.8689575,119160.479431,19.7519779205,23.4645023346,25.5577201843,27.3778629303,312.839362764,328.074613755,299.183604215,229.756233451,0.0,1.0,1.0,0.0,25.0,34.0,0.44696757203899,0.493341708928346,0.505246655794172,27.3329584449,14.0480712225,0.648802875,42.0298325424,32.9474196674,9.082412875,0.0,42.0298325424,30.3523264174,11.677506125,0.0,42.0298325424,0.526940433437,72.27,0.30217,"Mild temperate, fully humid, and  Warm summer",Temperate Broadleaf and Mixed Forests,295.907083099,9.8068857193,10.3193068504,10.3384370804,823.700012207,970.700027466,810.125,15.92940044,2281393408.0,3263476736.0,5419212288.0,HIC,MDR,33.490975471,0.0,1.0,1
3269.0,LVA,Latvia,Europe,Northern Europe,Riga,Riga,GISCO OSM,0.0,1.0,LVA,56.9625422094,24.1236561634,165.0,735891.78334,786520.79081,691363.668823,556671.506302,65.4070129395,70.4841156006,72.3767471313,75.1604537964,88.8812926305,89.615069842,104.686940311,135.017605438,1.0,1.0,1.0,158.0,164.0,165.0,0.372722640272357,0.430384194700174,0.44509165962557,48.0837817047,111.410300098,5.2838217723,164.777903575,85.8058506797,76.6937035154,2.2783493801,164.777903575,91.6195462051,69.2408345525,3.9175228176,164.777903575,0.41442627903199997,55.53,-0.18585,"Mild temperate, fully humid, and  Warm summer",Temperate Broadleaf and Mixed Forests,9.71639727841,7.51189804077,7.6103067398099995,7.61883354187,671.900009155,651.200027466,646.525009155,7.55366993,6607557632.0,7630268416.0,13209229312.0,HIC,MDR,25.198379657,0.0,1.0,1
3362.0,LVA,Latvia,Europe,Northern Europe,Daugavpils,Daugavpils,GISCO OSM,0.0,1.0,LVA,55.8789954686,26.5408685176,20.0,77093.8952637,86259.8001709,77862.4946289,66456.3494873,10.4583082199,11.1495704651,11.4820041656,11.6888637543,135.65676224,129.255695504,147.46514635,175.887839829,1.0,1.0,1.0,19.0,20.0,20.0,0.380055887352906,0.438355453860174,0.446574954877042,2.2168672669,17.7293058971,0.0,19.946173164,7.5141869615,12.4319862025,0.0,19.946173164,8.2176767407,11.7284964233,0.0,19.946173164,0.206248760513,41.55,-0.18111,"Snow, fully humid, and  Warm summer",Temperate Broadleaf and Mixed Forests,102.794634918,6.86770653725,7.03259027004,7.04340136051,699.300003052,598.125,657.350006104,5.529689789,491759904.0,331128928.0,597120704.0,HIC,MDR,16.952704406,146.52231187735572,1.0,1
3162.0,LVA,Latvia,Europe,Northern Europe,Liepaja,Liepaja,GISCO OSM,0.0,1.0,LVA,56.5183854359,21.0187977338,26.0,79103.2841797,85944.4685211,75477.1987762,61689.0441437,12.6193342209,12.9896335602,13.8026008606,14.3875522614,159.529839396,151.139843945,182.871133063,233.227025334,1.0,1.0,1.0,26.0,26.0,26.0,0.33644922401559,0.411478084725383,0.429197218993776,1.3497377025000001,22.121716727,2.5726093701,24.7385346809,7.7137611365000005,16.5864859221,1.7438167409,26.0440637995,11.4866895998,12.8135574588,1.7438167409,26.0440637995,0.291264493224,44.65,-0.30824,"Mild temperate, fully humid, and  Warm summer",Temperate Broadleaf and Mixed Forests,2.66607770742,8.05773305893,8.15010046959,8.14148533344,768.475006104,711.175018311,706.675003052,16.46360016,421827616.0,436772736.0,696407168.0,HIC,MDR,16.493839704,131.4989973994375,1.0,1
3034.0,MLT,Malta,Europe,Southern Europe,Valletta,Valletta,GISCO OSM,0.0,1.0,MLT,35.8874740727,14.49190279,88.0,225125.925995,253410.11618,270606.28685,279473.348785,13.904128074599999,23.4726047516,41.9835357666,42.9319839478,61.7615586175,92.6269444385,155.146195069,153.617452735,1.0,1.0,1.0,67.0,72.0,79.0,,0.267162170249948,0.283543020145965,0.0,0.0,0.0,0.0,0.0,72.6903007645,15.4029849167,88.0932856811,6.5527271321,67.0974045691,14.4431539799,88.0932856811,0.0567450898589,51.22,6.1675,,"Mediterranean Forests, Woodlands, and Scrub",49.748968977,19.1095957756,19.7189173698,19.855755806,455.150009155,335.525001526,402.050010681,26.96389961,2914100224.0,4537335808.0,5340196352.0,HIC,MDR,32.223531711,0.0,1.0,1
2123.0,NLD,Netherlands,Europe,Western Europe,Rotterdam [The Hague],Rotterdam; The Hague; Delft,GISCO OSM,0.0,1.0,NLD,51.9100263328,4.47658680113,658.0,1571189.04949,1697113.03214,1796292.4824,1913888.19769,320.531219482,357.721679688,402.523040771,419.47668457,204.00550754,210.782471711,224.085467548,219.175124793,2.0,1.0,1.0,494.0,572.0,615.0,0.38315753738944,0.41497812462016,0.430684506343391,224.946703758,361.634560184,72.3633983632,658.944662305,266.449966249,343.1561318,49.3385642564,658.944662305,288.085892792,304.610873519,66.2478959946,658.944662305,0.357765979499,43.78,1.3248,"Mild temperate, fully humid, and  Warm summer",Temperate Broadleaf and Mixed Forests,1.6912940400299998,10.6255354881,11.0182108879,10.9338052273,759.800003052,950.850021362,842.000015259,3.413609982,30945021952.0,39323697152.0,45743812608.0,HIC,MDR,82.469856588,18.594672830019825,1.0,1
2167.0,NLD,Netherlands,Europe,Western Europe,Amsterdam,Amsterdam,GISCO OSM,0.0,1.0,NLD,52.3557120806,4.85057771804,345.0,826550.395709,942834.682136,1024902.935,1128715.32819,151.393173218,175.099563599,203.044677734,215.318954468,183.162664979,185.716082486,198.111129163,190.764623365,1.0,1.0,1.0,218.0,243.0,327.0,0.388697353453459,0.43198942148755,0.454758642014636,139.701982737,180.507262148,25.1665710069,345.375815891,168.443101964,163.609746948,13.3229669797,345.375815891,196.03800029,131.641798265,17.6960173358,345.375815891,0.380926152293,56.82,1.1491,"Mild temperate, fully humid, and  Warm summer",Temperate Broadleaf and Mixed Forests,1.3309470778499999,10.35359025,10.7548384666,10.6785719395,760.575012207,953.150009155,826.575012207,3.374160051,19451715584.0,25250979840.0,30453368832.0,HIC,MDR,30.372416767,0.0,1.0,1
2181.0,NLD,Netherlands,Europe,Western Europe,Utrecht,Utrecht,GISCO OSM,0.0,1.0,NLD,52.0754851595,5.08187745505,124.0,254120.37991,311617.165466,362103.615341,445244.784637,45.6713409424,56.1711997986,66.4118118286,73.8557815552,179.723251471,180.257078311,183.405547514,165.876803285,1.0,1.0,1.0,53.0,87.0,120.0,0.393545536743287,0.440450839568492,0.468656414016911,64.1471404657,57.9242567123,1.8460879375,123.917485115,69.6460882248,54.2713968907,0.0,123.917485115,72.900804238,50.40123644,0.6154444375,123.917485115,0.42265810222399997,58.79,0.76702,"Mild temperate, fully humid, and  Warm summer",Temperate Broadleaf and Mixed Forests,2.84791708678,10.2661116123,10.6670863628,10.5890390873,756.0,946.025009155,818.725006104,3.571409941,6098155008.0,9136242688.0,11671360512.0,HIC,MDR,20.7399435,11.150655440081302,1.0,1
2138.0,NLD,Netherlands,Europe,Western Europe,Leiden,Leiden,GISCO OSM,0.0,1.0,NLD,52.1851282767,4.48415406535,97.0,256375.690067,276223.933029,289399.815491,302156.70163,43.942401886,52.1088523865,59.5300750732,62.4850387573,171.398473367,188.647130663,205.701841835,206.796799212,1.0,1.0,1.0,61.0,66.0,68.0,0.419504037920974,0.464478770337069,0.487090340229483,45.1154060314,49.8559847549,2.177360798,97.1487515843,54.5140177208,42.3001473154,0.33458654800000004,97.1487515843,62.7696747853,33.430641501,0.948435298,97.1487515843,0.48415267777,64.71,2.0237,"Mild temperate, fully humid, and  Warm summer",Temperate Broadleaf and Mixed Forests,1.84661130333,10.6609816551,11.0603177547,10.9757015705,729.950012207,929.075012207,816.500015259,3.413609982,4691677696.0,5961995264.0,6691308544.0,HIC,MDR,20.624684523,7.701761059714885,1.0,1
2205.0,NLD,Netherlands,Europe,Western Europe,Eindhoven,Eindhoven,GISCO OSM,0.0,1.0,NLD,51.4443304534,5.46513385073,104.0,225079.469711,249322.173294,264322.837097,280210.701935,45.0070800781,52.6999092102,62.8410797119,66.9858551025,199.960841101,211.372733175,237.743663779,239.055306025,1.0,1.0,1.0,53.0,62.0,79.0,0.414501742831778,0.445075175131807,0.460080058468928,51.5429534907,52.4208856213,0.0,103.963839112,61.6011802963,42.3626588157,0.0,103.963839112,60.8643640461,43.0994750659,0.0,103.963839112,0.37873438797,58.52,2.0537,"Mild temperate, fully humid, and  Warm summer",Temperate Broadleaf and Mixed Forests,21.1888868745,10.8197865486,11.2181992531,11.1317491531,762.900024414,942.800018311,815.175003052,4.599979877,3947470592.0,5407453184.0,6408087040.0,HIC,MDR,22.557503384,60.14016575265558,1.0,1
2235.0,NLD,Netherlands,Europe,Western Europe,Heerlen,Heerlen,GISCO OSM,1.0,2.0,NLD; DEU,50.890966019,6.03765458004,129.0,304485.972549,290757.144872,283869.275569,262203.554283,49.72813797,57.699886322,66.6228179932,70.5217971802,163.318321543,198.447010984,234.695416965,268.958204525,1.0,1.0,1.0,101.0,101.0,107.0,0.386913015824961,0.475507110780944,0.510940346663945,33.2210277917,95.60801649,0.0,128.829044282,91.1435367574,37.6855075243,0.0,128.829044282,101.781708793,27.0473354885,0.0,128.829044282,0.568582522489,78.9,-1.9413,"Mild temperate, fully humid, and  Warm summer",Temperate Broadleaf and Mixed Forests,131.208279217,9.87488293648,10.3100891113,10.2721135616,901.850021362,1111.72503662,933.374984741,8.221170425,4311724032.0,5205508608.0,5391618560.0,HIC,MDR,9.4647465159,105.82750487399474,1.0,1
2163.0,NLD,Netherlands,Europe,Western Europe,Dordrecht,Dordrecht,GISCO OSM,0.0,1.0,NLD,51.816074268,4.67673392956,88.0,212333.451645,225466.550453,232849.297867,240822.687912,43.3263778687,47.4420928955,54.5770492554,56.710018158,204.048761667,210.41743354,234.387862688,235.484532831,1.0,1.0,1.0,61.0,84.0,87.0,0.379644600548961,0.428438377194359,0.448956701435823,27.5230279123,55.7353117664,4.9530549375,88.2113946162,39.1772422517,48.4150357395,0.6191166250000001,88.2113946162,40.2812079821,46.6912205091,1.238966125,88.2113946162,0.371748551211,45.77,2.7082,"Mild temperate, fully humid, and  Warm summer",Temperate Broadleaf and Mixed Forests,1.54220555652,10.4368937016,10.8317606449,10.7578914165,763.525009155,953.100021362,840.950012207,3.413609982,3627642624.0,4636457472.0,4919416832.0,HIC,MDR,18.236335679,31.681660490338597,1.0,1
2226.0,NLD,Netherlands,Europe,Western Europe,Arnhem,Arnhem,GISCO OSM,0.0,1.0,NLD,51.9652412626,5.93003350959,87.0,164927.462027,180370.13216,190601.447896,199884.00399,30.224023819,34.6024513245,40.3078079224,42.8479118347,183.256465888,191.841359265,211.476924059,214.363885951,1.0,1.0,1.0,46.0,48.0,67.0,0.446100841807592,0.473628069665873,0.497750498181673,60.6073625238,26.689825214,0.0,87.2971877377,64.2129032194,23.0842845184,0.0,87.2971877377,67.2792756265,20.0179121113,0.0,87.2971877377,0.521659024328,77.33,2.0806,"Mild temperate, fully humid, and  Warm summer",Temperate Broadleaf and Mixed Forests,17.9223529991,10.4188964367,10.826680660200001,10.7483813763,693.149993896,860.450027466,739.725006104,4.856579781,2357735936.0,3034429440.0,3468891136.0,HIC,MDR,12.774016489000001,45.20882237432784,1.0,1
2183.0,NLD,Netherlands,Europe,Western Europe,Tilburg,Tilburg,GISCO OSM,0.0,1.0,NLD,51.5649451058,5.06196206433,63.0,160042.948555,175867.815895,187239.233177,196360.526093,22.336063385,26.9471569061,33.1991157532,36.1715698242,139.562933492,153.223924281,177.308543673,184.209986315,1.0,1.0,1.0,31.0,51.0,60.0,0.356069622313883,0.410188878176926,0.427461941092407,25.1841461875,36.9818387934,0.622652875,62.7886378559,27.338061411,35.4505764449,0.0,62.7886378559,30.5819655409,32.206672315,0.0,62.7886378559,0.272261349589,48.54,2.671,"Mild temperate, fully humid, and  Warm summer",Temperate Broadleaf and Mixed Forests,14.5994304109,10.3731715679,10.7806875706,10.7064981461,719.900009155,901.500015259,783.650009155,3.832479954,2644560640.0,3622659072.0,3940231168.0,HIC,MDR,17.533767511,54.76680473331121,1.0,1
2155.0,NLD,Netherlands,Europe,Western Europe,Haarlem,Haarlem,GISCO OSM,0.0,1.0,NLD,52.3811271856,4.64289013131,52.0,170266.330505,182112.54464,191292.099335,195554.149384,28.2049064636,30.5713825226,33.6470832825,34.9437103271,165.651696257,167.870821766,175.893742604,178.690712712,1.0,1.0,1.0,38.0,41.0,46.0,0.403800981436042,0.447167586478458,0.480652129595526,29.2984313233,21.6764454588,1.2227773125,52.1976540946,32.9013118218,19.2963422728,0.0,52.1976540946,36.4543575907,15.7432965039,0.0,52.1976540946,0.444737886893,70.1,1.8771,"Mild temperate, fully humid, and  Warm summer",Temperate Broadleaf and Mixed Forests,3.3653015311,10.35359025,10.7548384666,10.6785719395,760.575012207,953.150009155,826.575012207,2.859230042,3445261824.0,4472812032.0,5054187520.0,HIC,MDR,14.824540076,2.723340514021894,1.0,1
2219.0,NLD,Netherlands,Europe,Western Europe,Nijmegen,Nijmegen,GISCO OSM,0.0,1.0,NLD,51.8286025356,5.81390013841,60.0,137568.24987,155836.424278,166935.991631,180485.924728,29.1548843384,31.6290817261,35.554725647,37.5437965393,211.930328153,202.963343599,212.984182139,208.015093675,1.0,1.0,1.0,35.0,40.0,52.0,0.424646134142604,0.459875288785514,0.471007972694669,27.1831133284,33.0550605505,0.0,60.2381738789,34.4274675436,25.8107063353,0.0,60.2381738789,33.8879101762,26.3502637027,0.0,60.2381738789,0.358487804339,56.48,1.1674,"Mild temperate, fully humid, and  Warm summer",Temperate Broadleaf and Mixed Forests,16.5254550437,10.4188964367,10.826680660200001,10.7483813763,693.149993896,860.450027466,739.725006104,4.856579781,1915695104.0,2465518592.0,2929159424.0,HIC,MDR,16.434610204,51.85017742664927,1.0,1
2144.0,NLD,Netherlands,Europe,Western Europe,Zoetermeer,Zoetermeer,GISCO OSM,0.0,1.0,NLD,52.0344937343,4.5041450399,60.0,89797.1832466,114656.886627,134541.149376,166121.407806,23.8833618164,29.4164524078,37.1317672729,40.1838264465,265.970055551,256.560711469,275.98818239,241.894328835,1.0,1.0,1.0,19.0,23.0,57.0,0.448560934441527,0.483717800709007,0.484584001292813,30.5345209578,29.4692565539,0.0,60.0037775118,35.5167868748,24.486990637,0.0,60.0037775118,26.9001088745,33.1036686373,0.0,60.0037775118,0.423040284801,44.83,0.84124,"Mild temperate, fully humid, and  Warm summer",Temperate Broadleaf and Mixed Forests,-2.9807710086299997,10.35359025,10.7548384666,10.6785719395,760.575012207,953.150009155,826.575012207,3.413609982,2292762880.0,2913549568.0,3737129728.0,HIC,MDR,118.48736401,16.57695815755566,1.0,1
2269.0,NLD,Netherlands,Europe,Western Europe,Groningen,Groningen,GISCO OSM,0.0,1.0,NLD,53.2199810416,6.57569742319,44.0,114979.667351,134778.380802,147216.716721,163386.021927,21.2326583862,24.1310253143,26.7194595337,27.995798111,184.664461774,179.04225567,181.497455784,171.347571725,1.0,1.0,1.0,32.0,39.0,40.0,0.417568609493905,0.444528976299734,0.467609277928493,21.4845907184,22.7974361319,0.0,44.2820268502,24.419021737,19.8630051132,0.0,44.2820268502,27.3905446566,16.8914821936,0.0,44.2820268502,0.457679719404,62.25,0.77178,"Mild temperate, fully humid, and  Warm summer",Temperate Broadleaf and Mixed Forests,1.43136066352,9.63416147232,9.985067129139999,9.93666100502,742.650024414,877.000015259,770.525009155,3.188879967,2112378752.0,3103080448.0,4725554176.0,HIC,MDR,18.59818179,99.86102718259474,1.0,1
2187.0,NLD,Netherlands,Europe,Western Europe,Almere,Almere,GISCO OSM,0.0,1.0,NLD,52.3819961774,5.2352299766,56.0,58473.0640097,83051.5422173,115437.829163,162856.910734,6.0453915596,11.2538967133,22.2511558533,26.2302303314,103.387630903,135.504969719,192.754455058,161.06304739,0.0,0.0,1.0,0.0,0.0,24.0,0.400237373688118,0.439015151624318,0.479820342095053,28.8976284816,27.3538862838,0.0,56.2515147654,33.6904834789,22.5610312865,0.0,56.2515147654,37.5032771985,18.7482375669,0.0,56.2515147654,0.392869062919,66.97,1.2566,"Mild temperate, fully humid, and  Warm summer",Temperate Broadleaf and Mixed Forests,-3.3169736952199997,10.2661116123,10.6670863628,10.5890390873,756.0,946.025009155,818.725006104,3.374160051,1169261440.0,1381383808.0,1936677888.0,HIC,MDR,31.806499821,6.575659935195305,1.0,1
2166.0,NLD,Netherlands,Europe,Western Europe,Alkmaar,Alkmaar,GISCO OSM,0.0,1.0,NLD,52.6547792301,4.7862274332,59.0,118986.011391,132883.98114,143133.339035,154295.548645,28.928445816,31.6794452667,34.6146697998,36.4214248657,243.124762969,238.399278791,241.835131027,236.049744698,1.0,1.0,1.0,25.0,48.0,55.0,0.449975191033062,0.476953207538365,0.495945217911535,29.1759190654,30.1498754836,0.0,59.325794549,31.8104058556,27.5153886934,0.0,59.325794549,39.1973624189,20.1284321301,0.0,59.325794549,0.461805192539,66.44,0.9337,"Mild temperate, fully humid, and  Warm summer",Temperate Broadleaf and Mixed Forests,0.163358151447,10.2614612579,10.6626923084,10.5610671043,726.774993896,922.600006104,794.725006104,3.374160051,2560465664.0,3324125952.0,3823541248.0,HIC,MDR,23.557032735,6.717665464279823,1.0,1
2199.0,NLD,Netherlands,Europe,Western Europe,Amersfoort,Amersfoort,GISCO OSM,0.0,1.0,NLD,52.1705159966,5.39275488683,41.0,79895.4273529,101017.820595,118666.759766,142166.978943,12.3079814911,14.8481502533,19.1065235138,21.3786411285,154.051137829,146.985454308,161.009903292,150.376981262,1.0,1.0,1.0,16.0,27.0,32.0,0.439476134188231,0.456182260425852,0.451691880158456,25.6676887358,15.4074354201,0.0,41.0751241559,26.4090409904,14.6660831654,0.0,41.0751241559,22.9167248949,18.158399261,0.0,41.0751241559,0.29020933311499997,55.89,1.0668,"Mild temperate, fully humid, and  Warm summer",Temperate Broadleaf and Mixed Forests,7.04220554796,10.2661116123,10.6670863628,10.5890390873,756.0,946.025009155,818.725006104,4.898330212,1922997120.0,2846842624.0,3464681728.0,HIC,MDR,17.57121542,17.39691436130703,1.0,1
2169.0,NLD,Netherlands,Europe,Western Europe,Breda,Breda,GISCO OSM,0.0,1.0,NLD,51.589893714,4.77160236382,48.0,103740.144949,117559.582275,125599.048584,135820.764587,21.7426891327,26.156414032,30.0137252808,32.1836051941,209.587996464,222.494955543,238.964591047,236.956442499,1.0,1.0,1.0,30.0,43.0,45.0,0.387750286318786,0.449950436205033,0.473127680298804,12.9762492066,35.1688833395,0.0,48.1451325461,23.1159363297,25.0291962164,0.0,48.1451325461,24.3774543978,23.7676781483,0.0,48.1451325461,0.394071784992,50.79,1.4361,"Mild temperate, fully humid, and  Warm summer",Temperate Broadleaf and Mixed Forests,4.21183314065,10.4368937016,10.8317606449,10.7578914165,763.525009155,953.100021362,840.950012207,3.832479954,1755114496.0,2404248576.0,2674210560.0,HIC,MDR,19.526094834,48.37764587231501,1.0,1
2298.0,NLD,Netherlands,Europe,Western Europe,Enschede,Enschede,GISCO OSM,0.0,1.0,NLD,52.2157853544,6.89241423268,43.0,112558.926044,120238.747437,126063.506592,131600.677795,16.8517036438,19.6716499329,23.4838943481,24.6202163696,149.714502759,163.604913992,186.286221787,187.08274746,1.0,1.0,1.0,27.0,29.0,31.0,0.409581514623867,0.421311689938943,0.434396782595035,24.2718733257,18.8701093189,0.0,43.1419826446,25.4900587328,17.6519239118,0.0,43.1419826446,26.1708056157,16.9711770289,0.0,43.1419826446,0.27683791163,60.86,2.4851,"Mild temperate, fully humid, and  Warm summer",Temperate Broadleaf and Mixed Forests,41.8077170458,10.238594532,10.6067042351,10.5384562016,666.575012207,812.300018311,695.049987793,7.100930214,1726414208.0,2199776256.0,2507995904.0,HIC,MDR,16.124301744,86.2184920817191,1.0,1
2152.0,NLD,Netherlands,Europe,Western Europe,Heemskerk,Heemskerk; Beverwijk; IJmuiden,GISCO OSM,0.0,1.0,NLD,52.4864304333,4.64572680038,54.0,100314.209457,112297.866714,116848.470673,126174.60495,24.7980880737,30.208322525,35.5442581177,37.0854873657,247.204141944,269.001748732,304.191042579,293.9219614,1.0,1.0,1.0,39.0,41.0,54.0,0.356103660851456,0.412294963454061,0.428796184728476,15.5170029578,32.1630293816,6.2981089292,53.9781412686,21.2680888039,29.1563889863,3.5536634784,53.9781412686,22.7730702848,27.6514075054,3.5536634784,53.9781412686,0.341773852172,42.17,1.7604,"Mild temperate, fully humid, and  Warm summer",Temperate Broadleaf and Mixed Forests,5.01826583863,10.35359025,10.7548384666,10.6785719395,760.575012207,953.150009155,826.575012207,2.859230042,1817322752.0,2359340288.0,2726196992.0,HIC,MDR,24.976384056,2.9738482793568313,1.0,1
2194.0,NLD,Netherlands,Europe,Western Europe,'s-Hertogenbosch,'s-Hertogenbosch,GISCO OSM,0.0,1.0,NLD,51.7088473898,5.31597488622,45.0,88723.8295975,103771.638077,110537.28833,121267.390137,16.8213844299,21.5878429413,25.6185646057,28.2652988434,189.592632625,208.032207464,231.764004643,233.082437179,1.0,1.0,1.0,30.0,40.0,42.0,0.402231840250119,0.441396236628634,0.454633247215586,24.2196045561,19.7413847745,1.241407,45.2023963306,30.7714084637,14.4309878669,0.0,45.2023963306,27.2129871858,17.9894091449,0.0,45.2023963306,0.389640066688,60.47,1.7298,"Mild temperate, fully humid, and  Warm summer",Temperate Broadleaf and Mixed Forests,5.30534511436,10.3731715679,10.7806875706,10.7064981461,719.900009155,901.500015259,783.650009155,4.599979877,1570655104.0,2151566592.0,2554182656.0,HIC,MDR,20.086471049,42.22415631320426,1.0,1
2220.0,NLD,Netherlands,Europe,Western Europe,Maastricht,Maastricht,GISCO OSM,1.0,2.0,NLD; BEL,50.8524872968,5.70336476875,41.0,120145.797409,120212.469055,119596.559814,113652.635864,21.7683811188,24.3486690521,26.6778907776,27.3584327698,181.183042505,202.546950774,223.065703721,240.719738365,1.0,1.0,1.0,40.0,40.0,40.0,0.377301825789089,0.458790788175804,0.470460341218199,10.327475924,30.0715911093,0.632097625,41.0311646583,23.9395160701,17.0916485882,0.0,41.0311646583,23.5227131439,17.5084515145,0.0,41.0311646583,0.489725408362,57.37,-2.077,"Mild temperate, fully humid, and  Warm summer",Temperate Broadleaf and Mixed Forests,58.3721433167,10.4769432545,10.923022747000001,10.8662345409,832.974990845,1021.0249939,862.5,7.900320053,1689794432.0,2076046336.0,2173732352.0,HIC,MDR,19.07292601,108.36063965764703,1.0,1
2229.0,NLD,Netherlands,Europe,Western Europe,Apeldoorn,Apeldoorn,GISCO OSM,0.0,1.0,NLD,52.2083091812,5.97288371277,39.0,105666.172455,107937.647217,109652.876099,107443.926025,13.1956367493,22.4397335052,25.6261692047,26.9762878418,124.880427129,207.895336649,233.7026635,251.073176863,1.0,1.0,1.0,31.0,35.0,37.0,0.43766743823704,0.478938232581063,0.502564890064577,18.8692681679,20.2263371051,0.0,39.095605273,23.6945377493,15.4010675238,0.0,39.095605273,26.7639041243,12.3317011488,0.0,39.095605273,0.476665379929,68.63,-40.1614,"Mild temperate, fully humid, and  Warm summer",Temperate Broadleaf and Mixed Forests,18.5541049787,10.2205917835,10.6153798103,10.5327773094,726.825012207,904.825027466,780.575027466,4.856579781,1419450752.0,1826846976.0,1972982656.0,HIC,MDR,13.772984175,43.76924242175139,1.0,1
2233.0,NLD,Netherlands,Europe,Western Europe,Zwolle,Zwolle,GISCO OSM,0.0,1.0,NLD,52.5123196313,6.09227480419,36.0,68020.4811277,81229.2315407,88897.3508606,101499.348969,8.36541461945,16.0267734528,19.8614311218,21.960357666,122.983761372,197.303029326,223.419831182,216.359591359,1.0,1.0,1.0,19.0,26.0,27.0,0.464584130615805,0.472313803330084,0.492603690385394,24.8698573615,11.1347416463,0.0,36.0045990078,24.448584213,11.5560147949,0.0,36.0045990078,22.3746695716,13.6299294363,0.0,36.0045990078,0.476250938467,62.15,1.4139,"Mild temperate, fully humid, and  Warm summer",Temperate Broadleaf and Mixed Forests,3.13130451376,9.93585538864,10.3228230476,10.2399699688,749.399993896,920.450027466,788.850021362,4.2202901839999996,1109643520.0,1413979136.0,1888809088.0,HIC,MDR,16.275479496,50.45147158263262,1.0,1
2292.0,NLD,Netherlands,Europe,Western Europe,Hengelo,Hengelo; Borne,GISCO OSM,0.0,1.0,NLD,52.2752267183,6.78933911091,35.0,85456.734787,86339.3213806,86704.0811768,86881.9123535,11.8957042694,15.1299123764,18.427696228,19.9376125336,139.20148364,175.237795879,212.535511338,229.479439316,1.0,1.0,1.0,16.0,17.0,22.0,0.433532823257624,0.435580450547163,0.495330579038794,18.218293512,16.6611104444,0.0,34.8794039564,15.9304545346,18.948949421800002,0.0,34.8794039564,22.6022374,12.2771665564,0.0,34.8794039564,0.453522680528,64.58,44.0456,"Mild temperate, fully humid, and  Warm summer",Temperate Broadleaf and Mixed Forests,19.5094379395,10.238594532,10.6067042351,10.5384562016,666.575012207,812.300018311,695.049987793,6.534150124,1106593024.0,1410007552.0,1629358976.0,HIC,MDR,12.871662535,80.87227737564247,1.0,1
2164.0,NLD,Netherlands,Europe,Western Europe,Gouda,Gouda; Waddinxveen; Boskoop,GISCO OSM,0.0,1.0,NLD,52.0265739841,4.69459021007,29.0,88944.2058411,88310.0529175,87386.8444214,84968.7846985,15.0252857208,16.7742538452,18.5810852051,19.2055015564,168.929336979,189.947274303,212.630234312,226.03008416,1.0,1.0,1.0,19.0,21.0,21.0,0.424122137185807,0.471115111490622,0.477367675878738,11.9774729721,16.9782727113,0.0,28.9557456833,15.6508011956,13.3049444877,0.0,28.9557456833,14.9591628571,13.996582826200001,0.0,28.9557456833,0.424323401211,51.58,-3.5092,"Mild temperate, fully humid, and  Warm summer",Temperate Broadleaf and Mixed Forests,-0.0431674941392,10.35359025,10.7548384666,10.6785719395,760.575012207,953.150009155,826.575012207,3.413609982,1192881664.0,1515865728.0,1552978688.0,HIC,MDR,23.418729059,15.209616167655797,1.0,1
2217.0,NLD,Netherlands,Europe,Western Europe,Leeuwarden,Leeuwarden,GISCO OSM,0.0,1.0,NLD,53.1990425727,5.8093604124,24.0,63846.368515,72113.6951599,77419.5444336,80951.9794922,12.3780422211,13.1599464417,14.5769605637,15.2639541626,193.872298597,182.488865845,188.285279516,188.555662979,1.0,1.0,1.0,20.0,21.0,22.0,0.385813511988344,0.408031669332113,0.406242523107941,9.8762079983,13.793891076,0.0,23.6700990743,8.9011227564,14.7689763179,0.0,23.6700990743,9.1558193368,14.5142797375,0.0,23.6700990743,0.224650950898,38.15,1.2829,"Mild temperate, fully humid, and  Warm summer",Temperate Broadleaf and Mixed Forests,1.94366493827,9.88910317421,10.2804486752,10.2054100037,729.000030518,895.925018311,766.175018311,2.737169981,943071552.0,1143317248.0,1254812416.0,HIC,MDR,19.401886324,74.90033017905344,1.0,1
2176.0,NLD,Netherlands,Europe,Western Europe,Purmerend,Purmerend,GISCO OSM,0.0,1.0,NLD,52.5049350331,4.96382418479,21.0,53139.7313538,63381.4788055,70546.9935303,80440.5205078,5.42604207993,9.29189300537,12.1966609955,13.5924606323,102.108948271,146.602653969,172.887041462,168.975294373,0.0,1.0,1.0,0.0,14.0,18.0,0.426024201490307,0.466579264455512,0.48465070341007,11.6425812485,9.478258098,0.0,21.1208393466,12.9474854868,8.1733538598,0.0,21.1208393466,13.5571483618,7.5636909848,0.0,21.1208393466,0.447068297209,64.56,1.5959,"Mild temperate, fully humid, and  Warm summer",Temperate Broadleaf and Mixed Forests,0.195588742255,10.2614612579,10.6626923084,10.5610671043,726.774993896,922.600006104,794.725006104,3.374160051,1154114048.0,1498329344.0,1756811264.0,HIC,MDR,13.519086361,4.984563926828701,1.0,1
2244.0,NLD,Netherlands,Europe,Western Europe,Deventer,Deventer,GISCO OSM,0.0,1.0,NLD,52.2571895796,6.18279036293,27.0,56500.873354,63270.0654411,70344.3859253,78463.2365723,7.55407714844,10.965842247,13.720534324599999,15.1196279526,133.698413848,173.318016515,195.048036089,192.696970111,1.0,1.0,1.0,15.0,19.0,23.0,0.45015340062465,0.476302568885701,0.499524401865308,18.9822056407,7.9404143243,0.0,26.922619965,18.7416545836,8.1809653814,0.0,26.922619965,18.4075717127,8.5150482522,0.0,26.922619965,0.520097930225,68.18,1.4925,"Mild temperate, fully humid, and  Warm summer",Temperate Broadleaf and Mixed Forests,8.20682634617,10.2286686897,10.6319835186,10.549067258800001,703.225006104,869.525024414,741.850006104,4.2202901839999996,906604032.0,1161083904.0,1444506368.0,HIC,MDR,15.521064387,53.89613787424148,1.0,1
2188.0,NLD,Netherlands,Europe,Western Europe,Hilversum,Hilversum; Laren,GISCO OSM,0.0,1.0,NLD,52.2243615345,5.1688596936,17.0,61013.7554932,66000.3153076,68842.055542,69775.9744873,8.20081329346,8.52697181702,9.27608013153,9.79984378815,134.409252916,129.195925463,134.744380575,140.447250793,1.0,1.0,1.0,16.0,16.0,17.0,0.351793394602734,0.414912256605535,0.454046222164712,5.0553009502,12.0552475216,0.0,17.1105484718,9.4799154586,7.6306330132,0.0,17.1105484718,10.5533340478,6.557214424,0.0,17.1105484718,0.363347323578,62.08,2.501,"Mild temperate, fully humid, and  Warm summer",Temperate Broadleaf and Mixed Forests,8.94236301999,10.2661116123,10.6670863628,10.5890390873,756.0,946.025009155,818.725006104,3.571409941,1018027328.0,1321654528.0,1396273280.0,HIC,MDR,16.107625064,7.639906728703026,1.0,1
2218.0,NLD,Netherlands,Europe,Western Europe,Helmond,Helmond; Mierlo,GISCO OSM,0.0,1.0,NLD,51.473886194,5.67016481709,23.0,51998.9242096,60555.250946,64640.661377,69690.4599609,10.343788147,12.4514837265,15.063498497,15.6418485641,198.923118203,205.62186651,233.034411718,224.447486398,0.0,1.0,1.0,0.0,19.0,23.0,0.400323306884794,0.442423655268272,0.436763603652448,9.0832662343,13.9554471532,0.0,23.0387133875,11.8101718076,11.2285415799,0.0,23.0387133875,13.1652144765,9.873498911,0.0,23.0387133875,0.286932868304,57.24,1.6235,"Mild temperate, fully humid, and  Warm summer",Temperate Broadleaf and Mixed Forests,19.6997729155,10.7553114891,11.1448204517,11.07568717,671.775009155,837.150009155,711.949996948,4.599979877,849345984.0,1163479296.0,1309151232.0,HIC,MDR,17.119435186,67.25421654596079,1.0,1
2279.0,NLD,Netherlands,Europe,Western Europe,Almelo,Almelo; Wierden; Vriezenveen,GISCO OSM,0.0,1.0,NLD,52.3579427599,6.64244493999,34.0,67400.3642426,69765.4803009,70422.1111908,69655.2129059,9.80411434174,13.9344062805,18.1001472473,19.5175228119,145.460851019,199.732105626,257.023638475,280.201897283,1.0,0.0,1.0,17.0,0.0,30.0,0.475388591991522,0.47881824922482,0.496109170240628,25.9197851838,7.9235736978,0.0,33.8433588816,25.4604280275,8.3829308542,0.0,33.8433588816,26.1488480473,7.6945108343,0.0,33.8433588816,0.519800882511,76.91,-213.0186,"Mild temperate, fully humid, and  Warm summer",Temperate Broadleaf and Mixed Forests,11.9562711507,10.238594532,10.6067042351,10.5384562016,666.575012207,812.300018311,695.049987793,3.696019888,895307136.0,1140789632.0,1252459776.0,HIC,MDR,10.963769765,76.62259613431793,1.0,1
2179.0,NLD,Netherlands,Europe,Western Europe,Hoorn,Hoorn,GISCO OSM,0.0,1.0,NLD,52.6516113866,5.0675360225,25.0,48651.3073921,55912.4493484,61711.2015076,68684.7908325,9.45772647858,11.1796445847,12.3373250961,13.1520700455,194.398197819,199.94911178,199.920351488,191.484459457,0.0,1.0,1.0,0.0,21.0,24.0,0.415894046983765,0.459336640829258,0.481265578122436,8.4038370395,13.2628265743,3.72892585,25.3955894637,13.0363080777,8.630355536,3.72892585,25.3955894637,12.6394221471,9.6351755292,3.1209917875,25.3955894637,0.441447800051,50.56,0.78975,"Mild temperate, fully humid, and  Warm summer",Temperate Broadleaf and Mixed Forests,0.524883116394,,,,,,,3.374160051,1117827712.0,1451220480.0,1742857344.0,HIC,MDR,12.50781209,14.688660935547286,1.0,1
2209.0,NLD,Netherlands,Europe,Western Europe,Veenendaal,Veenendaal,GISCO OSM,0.0,1.0,NLD,52.0231719963,5.55664060786,18.0,51353.4360657,55716.6498413,58252.1083984,60119.6728516,7.87099504471,9.25610542297,11.4652299881,12.2679109573,153.271049568,166.128176215,196.820858563,204.058178886,0.0,1.0,1.0,0.0,14.0,18.0,0.455004849052599,0.442469447201398,0.459408716514454,10.5575952816,7.3958755,0.0,17.9534707816,10.0954825779,7.8579882037,0.0,17.9534707816,10.0959111814,7.8575596002,0.0,17.9534707816,0.313506337543,56.09,3.7038,"Mild temperate, fully humid, and  Warm summer",Temperate Broadleaf and Mixed Forests,8.54555375014,10.2205917835,10.6153798103,10.5327773094,726.825012207,904.825027466,780.575027466,4.898330212,1003137344.0,1492999168.0,1569174144.0,HIC,MDR,15.71247273,32.04625694219338,1.0,1
2162.0,NLD,Netherlands,Europe,Western Europe,Alphen aan den Rijn,Alphen aan den Rijn,GISCO OSM,0.0,1.0,NLD,52.1365987798,4.6564040460000005,20.0,49300.9265699,52546.458725,55524.8947334,57508.4842911,8.10140037537,10.2244987488,12.2356185913,12.8800086975,164.3255196,194.580167663,220.3627517,223.967104268,0.0,1.0,1.0,0.0,17.0,17.0,0.411486745263075,0.460156546726545,0.477368838815693,8.8625350515,10.9093877419,0.0,19.7719227934,9.6887658863,10.0831569071,0.0,19.7719227934,9.3053703245,10.4665524689,0.0,19.7719227934,0.475579301683,46.53,2.5588,"Mild temperate, fully humid, and  Warm summer",Temperate Broadleaf and Mixed Forests,0.938912363022,10.35359025,10.7548384666,10.6785719395,760.575012207,953.150009155,826.575012207,3.413609982,829302592.0,1053844224.0,1103512704.0,HIC,MDR,18.438166618,7.96907857592881,1.0,1
2227.0,NLD,Netherlands,Europe,Western Europe,Sittard,Sittard; Geleen; Stein,GISCO OSM,0.0,1.0,NLD,50.9686942677,5.7991514019,29.0,71261.3740234,64890.258606,61438.8209229,57397.8790283,14.2319259644,17.1941928864,20.0567474365,21.1901359558,199.714447825,264.973406729,326.450721795,369.179773095,1.0,1.0,1.0,26.0,28.0,29.0,0.393753356498888,0.463291207584404,0.49097835516314,8.4029587375,20.792810161,0.0,29.1957688985,15.4845806554,13.7111882431,0.0,29.1957688985,21.2834718164,7.9122970821,0.0,29.1957688985,0.445197975824,73.39,-1.7032,"Mild temperate, fully humid, and  Warm summer",Temperate Broadleaf and Mixed Forests,66.0682049929,10.4769432545,10.923022747000001,10.8662345409,832.974990845,1021.0249939,862.5,8.221170425,817166272.0,1013085056.0,1079452800.0,HIC,MDR,27.378914241,101.07483523884778,1.0,1
2247.0,NLD,Netherlands,Europe,Western Europe,Venlo,Venlo,GISCO OSM,0.0,1.0,NLD,51.367088291900004,6.15528514427,32.0,62889.8487854,62136.2305298,58105.0889587,54995.7462769,15.5282411575,18.6612854004,21.1235160828,22.2696113586,246.911726732,300.328572256,363.539863053,404.933342418,0.0,0.0,1.0,0.0,0.0,30.0,0.406755578272179,0.445722689349323,0.461746349340882,10.3521726015,21.7973352309,0.0,32.1495078324,18.4873515404,13.6621562919,0.0,32.1495078324,15.2434427279,16.9060651044,0.0,32.1495078324,0.365132278029,47.64,-1.4481,"Mild temperate, fully humid, and  Warm summer",Temperate Broadleaf and Mixed Forests,24.786488443,10.8696725369,11.276219368,11.2255277634,688.450012207,851.450027466,719.600006104,6.675330162,783030144.0,970764608.0,1014985728.0,HIC,MDR,16.455654442,86.25403180298349,1.0,1
2145.0,NLD,Netherlands,Europe,Western Europe,Roosendaal,Roosendaal,GISCO OSM,0.0,1.0,NLD,51.5339433368,4.464835549,20.0,54111.0470276,52917.7850037,52111.4072266,50555.8717041,10.7787761688,12.6335220337,14.8401918411,15.336107254,199.197331431,238.738677985,284.77818257,303.349675064,1.0,1.0,1.0,17.0,18.0,20.0,0.393867550953657,0.444727107492364,0.458391275156543,7.0844899292,12.8216261868,0.0,19.9061161159,10.097201502,9.808914614,0.0,19.9061161159,10.5372689483,9.3688471676,0.0,19.9061161159,0.38998363721999996,52.69,-4.2456,"Mild temperate, fully humid, and  Warm summer",Temperate Broadleaf and Mixed Forests,6.02423691454,10.6255354881,11.0182108879,10.9338052273,759.800003052,950.850021362,842.000015259,3.873749971,546958528.0,749252736.0,749723008.0,HIC,MDR,18.066392088,54.60487250762034,1.0,1
3216.0,POL,Poland,Europe,Eastern Europe,Warsaw,Warsaw,GISCO OSM,0.0,1.0,POL,52.2252992338,20.9957125137,425.0,1680993.29654,1801502.63126,1785840.96976,1789293.61729,145.513671875,214.342773438,230.011001587,247.439559937,86.5641000319,118.979994655,128.797023633,138.288963614,1.0,1.0,1.0,280.0,344.0,374.0,0.342552851438728,0.456307044493297,0.479128226818845,53.4191345703,362.767601144,9.8149441875,426.001679901,237.695031121,188.306648781,0.0,426.001679901,273.117320521,152.88435938,0.0,426.001679901,0.43764073253999997,64.26,-21.1155,"Mild temperate, fully humid, and  Warm summer",Temperate Broadleaf and Mixed Forests,95.7618760365,8.93780493736,9.30443668365,9.53281402588,447.550010681,522.325004578,503.500007629,12.77169991,10963614720.0,20556494848.0,37901852672.0,HIC,MDR,40.116141275,0.0,1.0,1
3134.0,POL,Poland,Europe,Eastern Europe,Katowice,Katowice; Sosnowiec; Gliwice; Zabrze; Bytom; Ruda Śląska; Dąbrowa Górnicza; Chorzów; Mysłowice; Siemianowice Śląskie; Piekary Śląskie; Świętochłowice,GISCO OSM,0.0,1.0,POL,50.2990353893,18.9624967673,589.0,1802427.51996,1824784.70846,1714308.39733,1526062.23812,260.777709961,294.116088867,309.901550293,323.627960205,144.681385006,161.178514651,180.773512382,212.067340454,1.0,1.0,1.0,544.0,587.0,588.0,0.307527723700684,0.500795388105619,0.520044192226463,8.1304727404,569.077396472,10.8514144216,588.059283634,462.643321208,125.415962426,0.0,588.059283634,464.134663327,123.284488119,0.6401321875,588.059283634,0.635974784288,78.8,-0.53487,"Mild temperate, fully humid, and  Warm summer",Temperate Broadleaf and Mixed Forests,270.244464568,8.84207510948,9.35886621475,9.82310223579,633.400009155,793.525009155,681.775009155,11.28369999,10547561472.0,13784232960.0,20767987712.0,HIC,MDR,24.744006446,156.59443140315017,1.0,1
3205.0,POL,Poland,Europe,Eastern Europe,Krakow,Krakow,GISCO OSM,0.0,1.0,POL,50.0536912194,19.9855245206,182.0,637244.964314,697602.382317,693506.3955,664581.049362,58.6949157715,73.6875991821,88.3599014282,96.948348999,92.1073041899,105.62979865,127.410362762,145.87889482,1.0,1.0,1.0,158.0,166.0,172.0,0.23712158666029,0.472898731517655,0.488989646277233,0.0,155.148030206,26.989496312500002,182.137526518,132.373656682,49.763869836,0.0,182.137526518,133.173535043,48.9639914752,0.0,182.137526518,0.5027722134429999,73.17,-5.6575,"Mild temperate, fully humid, and  Warm summer",Temperate Broadleaf and Mixed Forests,216.396732843,8.3120123148,8.80638360977,9.24167513847,660.225021362,810.950012207,696.424987793,7.695270061,3047791360.0,4381269504.0,6997965312.0,HIC,MDR,32.094679244,156.2100596045658,1.0,1
3153.0,POL,Poland,Europe,Eastern Europe,Lodz,Lodz,GISCO OSM,0.0,1.0,POL,51.7651834126,19.4501538086,143.0,818337.388763,793386.918884,717957.125595,606990.564453,64.5794525146,77.0602645874,81.2326126099,84.4991607666,78.9154368374,97.1282267872,113.144099716,139.210007066,1.0,1.0,1.0,135.0,140.0,140.0,0.388377820102664,0.47425983663874,0.475326474600943,43.1002462912,99.2870743098,1.239576625,143.626897226,94.9928192652,48.6340779608,0.0,143.626897226,91.6459810961,51.3611888799,0.6197272500000001,143.626897226,0.439708314314,64.09,-0.34412,"Mild temperate, fully humid, and  Warm summer",Temperate Broadleaf and Mixed Forests,205.5816514,8.9045176506,9.3326048851,9.61344313622,464.925003052,604.475006104,541.75,13.72239971,2973469184.0,3484630784.0,4896250880.0,HIC,MDR,41.334823827,66.78095541927941,1.0,1
3060.0,POL,Poland,Europe,Eastern Europe,Gdansk,Gdansk; Gdynia; Sopot,GISCO OSM,0.0,1.0,POL,54.4204967295,18.5868244958,206.0,614992.422793,662039.416525,639800.776885,603019.642987,69.0495910645,79.4147033691,87.0249710083,94.3525543213,112.277141157,119.954645278,136.018857983,156.466800739,1.0,1.0,1.0,170.0,178.0,191.0,0.359777461571545,0.429181266003826,0.446280514383944,71.7039339279,106.833600061,28.4224864164,206.960020405,112.678938925,73.3975195005,20.8835619794,206.960020405,118.874005831,68.3676336569,19.7183809169,206.960020405,0.380231911956,57.71,-1.8458,"Mild temperate, fully humid, and  Warm summer",Temperate Broadleaf and Mixed Forests,37.4703108288,8.91416549683,9.08696389198,9.19824051857,542.800018311,590.275009155,569.299995422,15.39389992,3421491200.0,4623404032.0,6769872896.0,HIC,MDR,35.441730552,195.1695269302517,1.0,1
3031.0,POL,Poland,Europe,Eastern Europe,Wroclaw,Wroclaw,GISCO OSM,0.0,1.0,POL,51.1077627503,17.0290623765,152.0,533552.711581,577829.544758,564958.197586,529208.864029,49.7471199036,54.6473884583,62.2588272095,66.0949325562,93.2374980461,94.5735450082,110.200767907,124.893850139,1.0,1.0,1.0,127.0,145.0,146.0,0.301594624546829,0.422752753083847,0.468305426560448,11.9930746287,134.701692064,5.030230875,151.724997568,94.1991116311,57.525885937,0.0,151.724997568,107.567333781,44.1576637868,0.0,151.724997568,0.42883207732399997,70.77,-2.1638,"Mild temperate, fully humid, and  Warm summer",Temperate Broadleaf and Mixed Forests,120.869539174,9.27809524536,9.70642352104,10.0690705776,478.675010681,615.150009155,561.400016785,11.27929974,3030507264.0,4578693120.0,8004137984.0,HIC,MDR,32.341893734,194.24909408425808,1.0,1
3012.0,POL,Poland,Europe,Eastern Europe,Poznan,Poznan,GISCO OSM,0.0,1.0,POL,52.4009705724,16.9182823657,181.0,540724.921417,577242.019404,559221.292503,527670.385445,62.8625030518,74.6653747559,84.5603713989,89.3432922363,116.255975195,129.348474723,151.210929434,169.316479948,1.0,1.0,1.0,138.0,153.0,167.0,0.363333967449605,0.436783791932524,0.483655709788643,48.2508197559,131.342961488,1.8337965,181.427577744,98.2053543953,83.2222233483,0.0,181.427577744,129.99660388,51.430973864,0.0,181.427577744,0.456593296395,71.82,-1.9988,"Mild temperate, fully humid, and  Warm summer",Temperate Broadleaf and Mixed Forests,78.6275357559,9.49987602234,9.78444218636,10.0778779984,447.550003052,562.599998474,524.55002594,13.17660046,2712274176.0,4573458432.0,7240400896.0,HIC,MDR,30.843749331,181.22802323154392,1.0,1
3054.0,POL,Poland,Europe,Eastern Europe,Bydgoszcz,Bydgoszcz,GISCO OSM,0.0,1.0,POL,53.129645753,18.0335633532,90.0,338739.02993,361996.550552,348498.751633,324027.064344,33.4191017151,35.57837677,40.0407600403,42.3545379639,98.657369722,98.2837452891,114.89498844,130.712963899,1.0,1.0,1.0,74.0,86.0,89.0,0.325277667536734,0.400989474722315,0.428823022506038,8.3360922581,80.2150898725,1.2018521875000001,89.7530343181,32.673321275,57.0797130431,0.0,89.7530343181,48.1906332042,41.562401114,0.0,89.7530343181,0.22193702,53.55,-1.5733,"Mild temperate, fully humid, and  Warm summer",Temperate Broadleaf and Mixed Forests,54.7865967939,9.00178980827,9.2387573719,9.4442949295,492.675010681,603.075012207,547.55002594,14.21920013,1651098880.0,2317393920.0,3398412544.0,HIC,MDR,25.524640979,148.07368113643713,1.0,1
3289.0,POL,Poland,Europe,Eastern Europe,Lublin,Lublin,GISCO OSM,0.0,1.0,POL,51.2385045097,22.560718371,86.0,328451.484219,352724.416138,342528.595093,320313.226318,29.6765899658,41.4183654785,44.9769287109,48.5351142883,90.3530396169,117.424152068,131.308537025,151.523915657,1.0,1.0,1.0,64.0,73.0,83.0,0.377001526565238,0.488068882846133,0.503455702854379,24.4233932157,61.9365006574,0.0,86.359893873,60.421186923,25.93870695,0.0,86.359893873,63.8187096252,22.5411842478,0.0,86.359893873,0.575975814426,74.21,-1.6451,"Mild temperate, fully humid, and  Warm summer",Temperate Broadleaf and Mixed Forests,193.252067534,8.47812378407,8.92574286461,9.15676856041,501.300010681,547.575012207,524.950012207,9.059249878,1817629184.0,2290774272.0,3458863360.0,HIC,MDR,41.651622329,93.65554094059353,1.0,1
3288.0,POL,Poland,Europe,Eastern Europe,Białystok,Białystok,GISCO OSM,0.0,1.0,POL,53.1337155984,23.1463983148,73.0,252890.909698,287762.672791,291096.867981,289225.977966,18.9941558838,34.7479248047,38.0944976807,40.4648170471,75.1081005894,120.752022727,130.86536432,139.907270196,1.0,1.0,1.0,60.0,63.0,70.0,0.407900136669043,0.458073191717085,0.455964900162387,32.7913938941,40.0029894934,0.0,72.7943833875,42.396184186,30.3981992015,0.0,72.7943833875,45.360868664,27.4335147235,0.0,72.7943833875,0.344589308681,62.14,30.0288,"Snow, fully humid, and  Warm summer",Temperate Broadleaf and Mixed Forests,138.494460239,8.00342702866,8.30908799171,8.34038174152,548.400001526,546.575012207,570.699996948,12.39939976,1038635456.0,1621089536.0,2673418240.0,HIC,MDR,26.721788811,110.84562795255314,1.0,1
2907.0,POL,Poland,Europe,Eastern Europe,Szczecin,Szczecin,GISCO OSM,0.0,1.0,POL,53.4322797384,14.5353798046,78.0,262728.082398,286567.415565,282207.24009,269836.28812,35.5050964355,37.1353797913,38.9925498962,41.9883575439,135.14008899,129.586888719,138.169913301,155.606786013,1.0,1.0,1.0,65.0,67.0,71.0,0.357208961989654,0.416403255362671,0.453999144835033,30.645075361499998,45.1591761054,2.368772988,78.1730244549,45.5725795169,32.0036972505,0.5967476875000001,78.1730244549,48.1383975848,29.4378791826,0.5967476875000001,78.1730244549,0.44169419476599997,61.72,-2.0416,"Mild temperate, fully humid, and  Warm summer",Temperate Broadleaf and Mixed Forests,25.5089271349,9.63915872574,9.82428812981,10.00928545,514.000015259,587.225006104,559.950019836,10.54139996,74609856.0,100819008.0,153039168.0,HIC,MDR,31.429172063,315.0175417483318,1.0,1
3004.0,POL,Poland,Europe,Eastern Europe,Wałbrzych,Wałbrzych,GISCO OSM,0.0,1.0,POL,50.7876860914,16.2833846302,48.0,4971.56049383,12753.3587847,33354.2415352,182731.871063,8.81739234924,10.7810287476,12.4574337006,13.850112915,1773.56634002,845.348188629,373.488741677,75.7947304674,0.0,0.0,0.0,0.0,0.0,0.0,0.402087408487667,0.528032040934678,0.552684582906977,29.3034721015,19.2289773439,0.0,48.5324494453,45.9994846328,2.5329648125,0.0,48.5324494453,45.3687103203,3.163739125,0.0,48.5324494453,0.730615400166,94.52,0.094096,"Mild temperate, fully humid, and  Warm summer",Temperate Broadleaf and Mixed Forests,444.876883053,7.98211336136,8.35392379761,8.79347217083,635.050003052,800.325012207,763.375,9.419320107,175836608.0,265665776.0,2640974080.0,HIC,MDR,13.563557111,242.76172883833658,1.0,1
3280.0,POL,Poland,Europe,Eastern Europe,Rzeszów,Rzeszów,GISCO OSM,0.0,1.0,POL,50.0352184328,22.0043091794,47.0,108106.54631,141367.021271,156940.423889,180695.596008,15.7940654755,20.2517433167,22.4915218353,24.990940094,146.09721626,143.256490337,143.31248303,138.30409067,1.0,1.0,1.0,32.0,42.0,41.0,0.319525130288846,0.50506500746579,0.478458504627275,4.0661070446,42.2115913966,0.6429924375,46.9206908787,38.5610755037,8.359615375,0.0,46.9206908787,33.4157083162,13.5049825625,0.0,46.9206908787,0.46855953781,71.1,0.85667,"Mild temperate, fully humid, and  Warm summer",Temperate Broadleaf and Mixed Forests,209.962201241,8.66314077377,9.20636510849,9.56440067291,576.900009155,650.175003052,582.875015259,14.1953001,702194880.0,790841408.0,1487334528.0,HIC,MDR,33.193676543,162.9322213032907,1.0,1
3150.0,POL,Poland,Europe,Eastern Europe,Częstochowa,Częstochowa,GISCO OSM,0.0,1.0,POL,50.8122099082,19.1181665297,71.0,212205.629828,216130.882454,201108.203941,177137.826721,22.0055370331,32.9206733704,38.4921951294,40.9082794189,103.699119816,152.318229568,191.400422136,230.940393569,1.0,1.0,1.0,49.0,65.0,70.0,0.296758185965155,0.488504578644881,0.497419273236002,0.0,69.177420338,1.8985806875,71.0760010255,53.8444405348,17.2315604907,0.0,71.0760010255,57.1539594005,13.922041625,0.0,71.0760010255,0.599214216211,80.5,-1.0919,"Mild temperate, fully humid, and  Warm summer",Temperate Broadleaf and Mixed Forests,258.723656485,8.60089838505,9.08645200729,9.52161169052,556.400024414,712.925003052,607.725013733,14.87409973,1210173312.0,1581532032.0,2384536576.0,HIC,MDR,22.94079516,122.11454394041158,1.0,1
3096.0,POL,Poland,Europe,Eastern Europe,Toruń,Toruń,GISCO OSM,0.0,1.0,POL,53.0243614422,18.6296981498,57.0,179459.7687,192420.827301,185647.253113,171535.220184,20.3013286591,23.8658561707,25.0524349213,26.4411010742,113.124678618,124.029485297,134.94643471,154.143860636,1.0,1.0,1.0,45.0,55.0,55.0,0.355441079525356,0.423639536052343,0.431113731969171,13.15456849,43.8138597542,0.0,56.9684282441,26.4452812743,30.5231469699,0.0,56.9684282441,31.5993462348,25.3690820093,0.0,56.9684282441,0.230344704239,55.44,-0.89186,"Mild temperate, fully humid, and  Warm summer",Temperate Broadleaf and Mixed Forests,58.3969726527,9.064661026,9.30582356453,9.5341796875,483.650016785,591.325012207,538.000015259,13.61419964,811878208.0,1139508736.0,1668234880.0,HIC,MDR,29.938803447,121.67707917229542,1.0,1
3235.0,POL,Poland,Europe,Eastern Europe,Radom,Radom,GISCO OSM,0.0,1.0,POL,51.3972552955,21.1552478479,48.0,185873.240967,192522.86322,182420.323181,163741.848816,16.7546138763,24.5530128479,26.0974693298,27.4931907654,90.1399996535,127.532971603,143.062290839,167.905706233,1.0,1.0,1.0,45.0,48.0,48.0,0.366345176169617,0.457554036267636,0.478733504617573,4.3179336422,43.4217823551,0.0,47.7397159973,27.327750429399998,20.4119655679,0.0,47.7397159973,29.5227988605,18.2169171368,0.0,47.7397159973,0.395868428314,61.51,-0.6985,"Mild temperate, fully humid, and  Warm summer",Temperate Broadleaf and Mixed Forests,165.912817747,8.69526493549,9.14460229874,9.38662695885,494.650016785,580.975006104,546.099998474,14.1218996,1047944128.0,1964867840.0,3263755776.0,HIC,MDR,32.903475662,50.96363311007033,1.0,1
3223.0,POL,Poland,Europe,Eastern Europe,Kielce,Kielce,GISCO OSM,0.0,1.0,POL,50.8763634585,20.6245600103,46.0,185962.199936,181090.760349,171536.77166,153301.125359,17.5090675354,24.3145275116,26.1666793823,27.8735847473,94.1539062314,134.267079473,152.542683001,181.822440521,1.0,1.0,1.0,41.0,44.0,46.0,0.367381551245029,0.471311319051047,0.489797752929867,7.319706323,38.7654514983,0.0,46.0851578213,29.1057203934,16.9794374279,0.0,46.0851578213,32.3446115279,13.7405462934,0.0,46.0851578213,0.470946577275,70.31,-0.81999,"Mild temperate, fully humid, and  Warm summer",Temperate Broadleaf and Mixed Forests,279.764222607,8.47062420845,8.95300960541,9.32006335258,572.800018311,690.5,617.950012207,13.76159954,655226560.0,947636544.0,1462067200.0,HIC,MDR,37.034407046,96.15653761347129,1.0,1
3179.0,POL,Poland,Europe,Eastern Europe,Olsztyn,Olsztyn,GISCO OSM,0.0,1.0,POL,53.7658650991,20.4850394579,38.0,135354.065121,150512.237335,150416.565674,146686.60083,11.3211231232,15.968047142,17.1463871002,18.3303890228,83.6408061559,106.091354595,113.992677757,124.962940849,1.0,1.0,1.0,24.0,31.0,32.0,0.404811881186046,0.455844346589141,0.452369490442059,17.0021082527,21.2561120779,0.0,38.2582203306,27.6666043495,10.5916159811,0.0,38.2582203306,23.9554344882,14.3027858424,0.0,38.2582203306,0.38722887017999996,63.04,-5.3589,"Mild temperate, fully humid, and  Warm summer",Temperate Broadleaf and Mixed Forests,129.407102824,8.35472917557,8.61079502106,8.7312169075,592.375015259,657.700012207,625.175018311,11.86439991,719495040.0,832764672.0,1336175616.0,HIC,MDR,26.365648119,114.03907027267044,1.0,1
3161.0,POL,Poland,Europe,Eastern Europe,Bielsko-Biała,Bielsko-Biała,GISCO OSM,0.0,1.0,POL,49.8229937615,19.040159913,52.0,147177.789734,156817.865417,149305.084045,136717.118469,19.8880996704,24.8307151794,26.9896831512,28.5042533875,135.12976181,158.341111922,180.76868128,208.490741369,1.0,1.0,1.0,44.0,45.0,51.0,0.393110397321096,0.533070205055241,0.535038863829882,11.7246628733,40.4230984169,0.0,52.1477612902,44.60037805,7.5473832402,0.0,52.1477612902,46.0340550652,6.113706225,0.0,52.1477612902,0.702979064261,88.53,-1.0058,"Snow, fully humid, and  Warm summer",Temperate Coniferous Forests,341.570558413,7.12799346447,7.75456762314,8.24806213379,902.400009155,1067.42501831,939.400024414,8.760370255,923679296.0,1207123328.0,1899698816.0,HIC,MDR,27.316265996,198.27729896869732,1.0,1
3156.0,POL,Poland,Europe,Eastern Europe,Tychy,Tychy,GISCO OSM,0.0,1.0,POL,50.1175634022,19.0014916157,36.0,109235.203064,117449.417908,114124.537048,106186.012329,11.0334424973,15.941660881,18.7060699463,20.2676734924,101.00628907,135.732140397,163.909273414,190.869522717,1.0,1.0,1.0,25.0,36.0,36.0,0.371311397555877,0.491569750131444,0.485691025869006,3.977639386,31.7584527833,0.0,35.7360921694,26.9613037252,8.7747884441,0.0,35.7360921694,28.2258333047,7.5102588647,0.0,35.7360921694,0.550694872398,78.41,-2.3815,"Mild temperate, fully humid, and  Warm summer",Temperate Broadleaf and Mixed Forests,256.020197414,8.70009386539,9.21690821648,9.6586265564,653.199996948,809.950012207,693.150009155,8.760370255,629315264.0,822429760.0,1263808896.0,HIC,MDR,29.59325501,177.36003866939845,1.0,1
2966.0,POL,Poland,Europe,Eastern Europe,Koszalin,Koszalin,GISCO OSM,0.0,1.0,POL,54.1948312711,16.1865047853,26.0,90938.473526,99738.3465729,99554.2803345,96166.4920654,12.1123437881,13.5647706985,13.9895792007,14.879945755,133.192732608,136.003564974,140.522126761,154.731086009,1.0,1.0,1.0,21.0,24.0,24.0,0.370850040936161,0.451106565942244,0.46284866930014,7.1718089088,19.1362395127,0.0,26.3080484216,16.9274084216,9.38064,0.0,26.3080484216,16.186793125,10.1212552966,0.0,26.3080484216,0.386147228753,62.26,-2.5374,"Mild temperate, fully humid, and  Warm summer",Temperate Broadleaf and Mixed Forests,38.6111819591,9.16073012352,9.33627915382,9.42259216309,658.025024414,734.275024414,701.100006104,11.90699959,20216568.0,27318310.0,41362324.0,HIC,MDR,22.746026333,263.89290617729654,1.0,1
2937.0,POL,Poland,Europe,Eastern Europe,Gorzów Wielkopolski,Gorzów Wielkopolski,GISCO OSM,0.0,1.0,POL,52.7384129062,15.2333079443,29.0,95534.9466438,104927.182716,100241.063782,93118.4011536,11.3926858902,14.1916675568,14.7976522446,15.8561306,119.251502099,135.252535991,147.620662494,170.279240231,1.0,1.0,1.0,23.0,29.0,29.0,0.349109207048767,0.450645223571388,0.48943004025189,6.5944085963,22.6593210757,0.0,29.2537296721,19.5613669708,9.6923627012,0.0,29.2537296721,19.2477516627,10.0059780093,0.0,29.2537296721,0.501176411019,66.37,-0.92886,"Mild temperate, fully humid, and  Warm summer",Temperate Broadleaf and Mixed Forests,48.2245763792,9.6920800209,9.92205142975,10.1761565208,496.050010681,588.500007629,563.800018311,8.211449623,472546528.0,598482176.0,971773056.0,HIC,MDR,25.704681544,271.87091281553245,1.0,1
3130.0,POL,Poland,Europe,Eastern Europe,Rybnik,Rybnik,GISCO OSM,0.0,1.0,POL,50.0754893445,18.525978297,40.0,82037.1470947,89543.2975464,86651.7784424,81861.4581909,20.4271430969,20.914691925,21.9177036285,22.825428009,248.998701446,233.570713813,252.94003219,278.829970947,1.0,1.0,1.0,35.0,39.0,40.0,0.384172054705502,0.520355380861254,0.52956798302899,3.4021266039,36.4948439228,0.0,39.8969705267,34.7571969642,5.1397735625,0.0,39.8969705267,32.8399703784,7.0570001483,0.0,39.8969705267,0.6644487792179999,82.1,-0.97468,"Mild temperate, fully humid, and  Warm summer",Temperate Broadleaf and Mixed Forests,252.720817906,8.84207510948,9.35886621475,9.82310223579,633.400009155,793.525009155,681.775009155,8.251059532,471094432.0,615656512.0,1003205504.0,HIC,MDR,17.104671645,182.8537602879497,1.0,1
3092.0,POL,Poland,Europe,Eastern Europe,Opole,Opole,GISCO OSM,0.0,1.0,POL,50.6672447417,17.9314617527,36.0,100883.877029,101218.630692,93166.334259,81173.5990601,17.3342533112,19.4896144867,20.7474040985,21.6082725525,171.823821819,192.549675426,222.692072877,266.198281248,1.0,1.0,1.0,34.0,35.0,36.0,0.291962266879467,0.469951761551047,0.486906245185404,0.0,34.8055791892,1.2694877500000001,36.0750669392,18.7737695988,17.3012973404,0.0,36.0750669392,23.1461778265,12.9288891127,0.0,36.0750669392,0.465824129001,64.29,-0.46759,"Mild temperate, fully humid, and  Warm summer",Temperate Broadleaf and Mixed Forests,161.09080161,9.19839835167,9.67261052132,10.1333580017,507.800018311,653.275009155,586.475006104,13.91499996,386095872.0,539414144.0,757490176.0,HIC,MDR,20.019219385,180.58360469942855,1.0,1
3085.0,POL,Poland,Europe,Eastern Europe,Kalisz,Kalisz,GISCO OSM,0.0,1.0,POL,51.7512685121,18.0809799872,26.0,85796.8089752,89441.7192078,84763.3769226,78652.3044434,10.6663856506,12.1749334335,13.1226978302,13.8728256226,124.321472768,136.121415614,154.81565632,176.381680368,1.0,1.0,1.0,21.0,25.0,25.0,0.396710440380514,0.451563814076209,0.457462189389601,7.2184023022,18.7841623777,0.0,26.0025646799,13.4407508895,12.5618137904,0.0,26.0025646799,14.098315288,11.9042493919,0.0,26.0025646799,0.299269584491,54.22,-1.0156,"Mild temperate, fully humid, and  Warm summer",Temperate Broadleaf and Mixed Forests,120.839535689,9.08709144592,9.45197081566,9.76832342148,436.225006104,572.800018311,504.224998474,13.634300230000001,366518784.0,618026752.0,965049408.0,HIC,MDR,29.156758914,133.53889942777175,1.0,1
3159.0,POL,Poland,Europe,Eastern Europe,Płock,Płock,GISCO OSM,0.0,1.0,POL,52.5414758503,19.717444745,28.0,73365.7517595,79618.2403564,77266.0423279,72120.6942749,9.42406749725,12.4691066742,13.4432353973,14.8513059616,128.453226079,156.611181287,173.986333353,205.922947788,1.0,1.0,1.0,18.0,21.0,24.0,0.393877716329487,0.449794229357984,0.452407196011767,11.0124025392,16.183425102,0.8553492865000001,28.0511769277,17.2695088547,10.781668073,0.0,28.0511769277,17.6017003895,10.4494765382,0.0,28.0511769277,0.338705361001,62.86,-1.7677,"Mild temperate, fully humid, and  Warm summer",Temperate Broadleaf and Mixed Forests,89.5879347892,8.83142948151,9.15250730515,9.3405828476,476.925010681,593.850006104,543.474990845,13.15709972,417019904.0,781901504.0,1344920064.0,HIC,MDR,33.961113044,58.87064766172361,1.0,1
2996.0,POL,Poland,Europe,Eastern Europe,Lubin,Lubin,GISCO OSM,0.0,1.0,POL,51.4026861338,16.1969153017,16.0,77291.984726,79851.0233154,76073.9525146,70275.8952637,4.27494192123,5.8081035614,6.7121706008899995,7.5339884758,55.308994023,72.7367455074,88.2321790707,107.205869773,1.0,1.0,1.0,14.0,15.0,16.0,0.315423615378797,0.438977378803078,0.43531453117818,0.8575944703,15.0848608711,0.0,15.9424553414,10.6819672338,5.2604881076,0.0,15.9424553414,11.6274864826,4.3149688588,0.0,15.9424553414,0.312299934959,72.67,-2.0368,"Mild temperate, fully humid, and  Warm summer",Temperate Broadleaf and Mixed Forests,137.887721402,9.65937447548,10.015745163,10.395270586,461.500007629,587.225021362,554.700027466,11.06270027,318233696.0,480808768.0,784143360.0,HIC,MDR,25.273699403,234.578681444933,1.0,1
2998.0,POL,Poland,Europe,Eastern Europe,Legnica,Legnica,GISCO OSM,0.0,1.0,POL,51.2062405424,16.1767224427,20.0,73452.0663109,77071.1456909,72732.458374,66979.7004395,8.54063892365,10.0006599426,10.7405090332,11.356880188,116.27499882,129.758807307,147.67146984,169.55704659,1.0,1.0,1.0,16.0,19.0,20.0,0.301018029608278,0.45815697861442,0.506279405222809,1.7539959446000002,17.5332394407,0.6273874375,19.9146228228,13.0128767603,6.9017460625,0.0,19.9146228228,15.5227896978,4.391833125,0.0,19.9146228228,0.563860776208,77.61,-0.90618,"Mild temperate, fully humid, and  Warm summer",Temperate Broadleaf and Mixed Forests,121.848617543,9.65937447548,10.015745163,10.395270586,461.500007629,587.225021362,554.700027466,10.19999981,329969728.0,498540480.0,830227648.0,HIC,MDR,32.843444538,242.210518604683,1.0,1
3236.0,POL,Poland,Europe,Eastern Europe,Nowy Sącz,Nowy Sącz,GISCO OSM,0.0,1.0,POL,49.6110668302,20.6956842951,22.0,64868.9398804,71467.1572876,68904.3253784,65507.2197876,9.74779891968,11.6205768585,12.1488580704,12.5909128189,150.269126298,162.600239041,176.314883045,192.206490517,1.0,1.0,1.0,21.0,21.0,22.0,0.32090962259273,0.511037871681209,0.490951853977763,0.07122255,22.1253964613,0.0,22.1966190113,16.3592843238,5.8373346875,0.0,22.1966190113,16.3590479488,5.8375710625,0.0,22.1966190113,0.513541871248,74.36,-0.92099,"Mild temperate, fully humid, and  Warm summer",Temperate Coniferous Forests,299.185934977,7.65120184422,8.2671816349,8.68116021156,695.350021362,807.675003052,717.450012207,15.36769962,253141808.0,363897120.0,586554304.0,HIC,MDR,29.11787601,188.90513518494208,1.0,1
3080.0,POL,Poland,Europe,Eastern Europe,Inowrocław,Inowrocław,GISCO OSM,0.0,1.0,POL,52.7803200342,18.2532678046,19.0,65621.8572388,70584.9224854,68841.3897705,64551.9719238,8.30550193787,9.24192142487,9.92288970947,10.2170028687,126.566090741,130.933365079,144.141333325,158.275612102,1.0,1.0,1.0,17.0,19.0,19.0,0.363623721159359,0.443970764543259,0.463799014516893,6.2779493409,11.7739759348,1.1746080157,19.2265332914,11.6341871826,7.5923461088,0.0,19.2265332914,12.165168214,7.0613650775,0.0,19.2265332914,0.375083274583,64.03,-1.1226,"Mild temperate, fully humid, and  Warm summer",Temperate Broadleaf and Mixed Forests,87.7011563394,9.03501391411,9.29832911491,9.57298064232,457.450012207,578.75,523.625015259,13.61419964,253984848.0,356479520.0,526839232.0,HIC,MDR,22.861246109,129.4098742817122,1.0,1
3154.0,POL,Poland,Europe,Eastern Europe,Pabianice,Pabianice,GISCO OSM,0.0,1.0,POL,51.6630420656,19.3599886389,19.0,72704.0078125,74399.8099365,69781.8397217,62387.2670898,7.80484962463,9.72640800476,10.1901607513,10.61282444,107.351023134,130.731624356,146.028834894,170.112026621,1.0,1.0,1.0,17.0,19.0,19.0,0.400633434632232,0.482536100909277,0.490554558010741,7.4742876044,11.6841941966,0.0,19.158481801,12.3246471135,6.8338346875,0.0,19.158481801,11.7033339885,7.4551478125,0.0,19.158481801,0.340941590844,61.6,-0.4953,"Mild temperate, fully humid, and  Warm summer",Temperate Broadleaf and Mixed Forests,185.144502629,8.9045176506,9.3326048851,9.61344313622,464.925003052,604.475006104,541.75,13.15200043,244945920.0,287053952.0,430036832.0,HIC,MDR,22.018564375,77.20947070899742,1.0,1
3043.0,POL,Poland,Europe,Eastern Europe,Gniezno,Gniezno,GISCO OSM,0.0,1.0,POL,52.5293246,17.5992062634,23.0,57706.4598389,64239.5604248,63015.4929199,61312.1051025,8.03292655945,9.14885902405,10.3733358383,11.1045188904,139.203246601,142.417833552,164.61564224400001,181.114624458,1.0,1.0,1.0,17.0,18.0,20.0,0.365329046186933,0.474991611568995,0.509354253887833,2.8466925559,20.2366268316,0.0,23.0833193875,13.7542599483,9.3290594392,0.0,23.0833193875,18.8279476723,4.2553717152,0.0,23.0833193875,0.518011604672,81.86,-4.1534,"Mild temperate, fully humid, and  Warm summer",Temperate Broadleaf and Mixed Forests,118.247529874,9.17696022987,9.41278171539,9.71054363251,465.625007629,589.025024414,532.550010681,13.21560001,236745856.0,399202720.0,649635136.0,HIC,MDR,16.22902128,157.50921302892363,1.0,1
3122.0,POL,Poland,Europe,Eastern Europe,Kruszyn,Kruszyn; Dobra Wola; Kruszynek; Gróbce; Kolonia Dębice; Sykuła; Świętosław; Dębice; Ludwinowo; Nowa Wieś; Smólsk; Poddębice; Markowo; Skibice; Wichrowice; Łagiewniki; Szatki; Koszanowo,GISCO OSM,0.0,1.0,POL,52.5746390636,18.9965532109,15.0,64441.4065552,70293.4701147,67776.6651211,59734.1285706,0.439946055412,0.58262604475,0.779084920883,0.939902901649,6.82707096152,8.28848033536,11.4948842569,15.7347721335,1.0,1.0,1.0,9.0,11.0,13.0,0.490249785195283,0.516256803413029,0.491371879500561,12.2930983583,2.6995752686000003,0.0,14.992673627,14.5655808115,0.4270928154,0.0,14.992673627,14.2600500961,0.7326235309,0.0,14.992673627,0.626603179551,,-2.938,"Mild temperate, fully humid, and  Warm summer",Temperate Broadleaf and Mixed Forests,80.090667651,9.06531691551,9.36459636688,9.56635951996,453.525001526,582.449996948,521.400001526,13.95600033,237807888.0,333774368.0,408814496.0,HIC,MDR,1.8575281138,89.32469537595419,2.0,1
3248.0,POL,Poland,Europe,Eastern Europe,Ostrowiec Świętokrzyski,Ostrowiec Świętokrzyski,GISCO OSM,0.0,1.0,POL,50.9411042722,21.3970744272,24.0,61032.184082,64997.4656982,62780.6164551,58310.4147339,8.78062438965,10.9746351242,11.5308017731,12.2272644043,143.868755833,168.847123596,183.668183337,209.692633127,1.0,0.0,0.0,22.0,0.0,0.0,0.361805892604478,0.475982650771612,0.505962328391883,4.1975239299,19.6507595199,0.0,23.8482834498,15.8440391225,8.0042443272,0.0,23.8482834498,20.7331666544,3.1151167953,0.0,23.8482834498,0.549280358512,86.39,-0.99552,"Mild temperate, fully humid, and  Warm summer",Temperate Broadleaf and Mixed Forests,186.142826196,8.38542473316,8.85959625244,9.23889327049,558.575012207,657.025009155,601.875015259,10.90289974,227175216.0,328557440.0,531026784.0,HIC,MDR,13.222471913,90.96657836193316,1.0,1
3091.0,POL,Poland,Europe,Eastern Europe,Tczew,Tczew,GISCO OSM,0.0,1.0,POL,54.08806479,18.7830162019,17.0,49803.3137817,57137.8018188,57821.8302002,58301.8803711,5.73003578186,6.92163181305,7.44157266617,7.84429740906,115.053303621,121.139273698,128.698324498,134.546216333,0.0,1.0,1.0,0.0,17.0,17.0,0.408036363386269,0.470486278023283,0.472623635892204,9.754462377,7.1982479931,0.0,16.9527103701,12.0046904034,4.9480199667,0.0,16.9527103701,12.8387451201,4.11396525,0.0,16.9527103701,0.382798740932,75.52,6.2045,"Mild temperate, fully humid, and  Warm summer",Temperate Broadleaf and Mixed Forests,23.6693793209,8.91416549683,9.08696389198,9.19824051857,542.800018311,590.275009155,569.299995422,16.68729973,181050576.0,244650560.0,399103168.0,HIC,MDR,22.795413242,179.11029236913987,1.0,1
2979.0,POL,Poland,Europe,Eastern Europe,Jelenia Góra,Jelenia Góra,GISCO OSM,0.0,1.0,POL,50.8939437401,15.727875517,19.0,72786.4560394,72820.8583984,66887.7585449,58041.6292725,5.94447898865,7.1998367309599995,8.69314956665,8.95885181427,81.6701253517,98.8705281605,129.966226343,154.352176646,1.0,1.0,1.0,13.0,13.0,19.0,0.406983709766445,0.499358131611059,0.523220040228749,9.2717750355,9.8747502206,0.0,19.1465252561,15.3579161936,3.7886090625,0.0,19.1465252561,17.2520398811,1.894485375,0.0,19.1465252561,0.638075111333,90.8,-0.96359,"Mild temperate, fully humid, and  Warm summer",Temperate Broadleaf and Mixed Forests,344.045379257,7.58415687084,7.94762253761,8.383409500119999,754.525009155,938.950012207,894.700012207,7.516620159,279537600.0,422344224.0,702198848.0,HIC,MDR,21.640831696,265.60765004884814,1.0,1
3252.0,POL,Poland,Europe,Eastern Europe,Elk,Elk,GISCO OSM,0.0,1.0,POL,53.8211777032,22.3661933314,16.0,40622.0871849,49469.2527466,53146.2456055,57843.3789062,4.45171165466,6.0813908577,7.15580892563,7.5774974823,109.588452075,122.932741452,134.643733421,131.000256651,0.0,0.0,1.0,0.0,0.0,15.0,0.37495971555394,0.433388375425827,0.451723873252467,2.1338363292,13.9826956593,0.0,16.1165319885,6.4715408245,9.644991164,0.0,16.1165319885,6.6454921664,9.4710398221,0.0,16.1165319885,0.27309382436999996,52.62,1.4064,"Mild temperate, fully humid, and  Warm summer",Temperate Broadleaf and Mixed Forests,127.953073662,7.9692727327299995,8.23617732525,8.26242661476,598.324996948,594.600006104,610.75,10.90750027,225661200.0,261186944.0,466081312.0,HIC,MDR,21.700209498,127.82213840683937,1.0,1
3066.0,POL,Poland,Europe,Eastern Europe,Ostrów Wielkopolski,Ostrów Wielkopolski,GISCO OSM,0.0,1.0,POL,51.6473781601,17.8093856138,21.0,57990.5020752,62596.2271729,60546.7297363,57837.0887451,10.9697475433,11.742184639,12.348900795,12.7164382935,189.164555415,187.586140081,203.956528268,219.866500361,1.0,1.0,1.0,21.0,21.0,21.0,0.396038719382061,0.440978426170415,0.451396902070742,4.1572688493,17.0302594123,0.0,21.1875282615,9.0926590539,12.0948692076,0.0,21.1875282615,11.0517645444,10.1357637172,0.0,21.1875282615,0.277817611132,52.63,-1.008,"Mild temperate, fully humid, and  Warm summer",Temperate Broadleaf and Mixed Forests,135.326619885,9.20392346382,9.56203389168,9.87653112411,443.075004578,574.125007629,510.975006104,13.56980038,241724752.0,407598048.0,648439296.0,HIC,MDR,19.299907049,148.61772833246025,1.0,1
3045.0,POL,Poland,Europe,Eastern Europe,Wejherowo,Wejherowo,GISCO OSM,0.0,1.0,POL,54.6086362883,18.2289625028,17.0,32399.9607849,43218.9276123,48926.5296631,56929.9108887,5.68166446686,6.50242614746,7.4590177536,8.14475059509,175.360226655,150.453204341,152.453439984,143.066280413,0.0,0.0,0.0,0.0,0.0,0.0,0.418243779149625,0.45671172534282,0.480020537863648,9.3367873551,7.7984064574000005,0.0,17.1351938125,11.4943681463,5.6408256662,0.0,17.1351938125,10.4063449544,6.7288488581,0.0,17.1351938125,0.30756432193,61.21,0.81729,"Mild temperate, fully humid, and  Warm summer",Temperate Broadleaf and Mixed Forests,33.1298864058,8.7693271637,8.87631750107,8.94254159927,591.800018311,629.600006104,620.800003052,12.59160042,207312336.0,280137568.0,483574304.0,HIC,MDR,21.397528312,222.40236804224935,1.0,1
3001.0,POL,Poland,Europe,Eastern Europe,Piła,Piła,GISCO OSM,0.0,1.0,POL,53.1525013342,16.7470369519,21.0,56562.4378204,60636.9546814,59702.7389221,56832.6663208,9.87121105194,10.7827320099,11.11439991,11.5259075165,174.518840282,177.82443176,186.162311992,202.804271955,1.0,1.0,1.0,18.0,18.0,20.0,0.362931965543153,0.432420192590921,0.441341914328964,3.5736330537,17.534565099799998,0.0,21.1081981534,9.9470645706,11.1611335828,0.0,21.1081981534,12.1591135728,8.9490845806,0.0,21.1081981534,0.28304855273199997,57.9,-1.0287,"Mild temperate, fully humid, and  Warm summer",Temperate Broadleaf and Mixed Forests,65.9020222096,8.95242834091,9.18777489662,9.40825629234,541.724990845,649.225021362,599.675003052,13.99260044,243218320.0,410116576.0,667031424.0,HIC,MDR,22.55386298,207.85930010209975,1.0,1
3006.0,POL,Poland,Europe,Eastern Europe,Leszno,Leszno,GISCO OSM,0.0,1.0,POL,51.8437820253,16.5776663369,18.0,49705.9446136,56988.1229103,57031.115582,56598.2011814,7.90639734268,8.91170215607,10.0452041626,10.3841438293,159.063415938,156.378236393,176.135501824,183.471269627,0.0,1.0,1.0,0.0,17.0,17.0,0.245758070167423,0.400773800724025,0.415831881680235,0.0,17.238289935,0.6187500625,17.8570399975,7.4268150892,10.4302249083,0.0,17.8570399975,8.2959324966,9.561107501,0.0,17.8570399975,0.131860897276,46.09,-22.2724,"Mild temperate, fully humid, and  Warm summer",Temperate Broadleaf and Mixed Forests,93.333411959,9.69730758667,10.0085122585,10.3480100632,438.550003052,559.475021362,516.150009155,12.57730007,215953504.0,364142496.0,615945024.0,HIC,MDR,22.718378041,202.28897563308036,1.0,1
2914.0,POL,Poland,Europe,Eastern Europe,Zdroje,Zdroje; Słoneczne; Dąbie; Majowe; Bukowe-Klęskowo; Kijewo; Podjuchy,GISCO OSM,0.0,1.0,POL,53.3831978796,14.6572612834,19.0,53254.44067,58293.626297,59596.1185989,56039.1411819,7.03979110718,7.39848423004,8.021692276,8.50162887573,132.191626062,126.917549997,134.600918056,151.70876456,0.0,1.0,1.0,0.0,15.0,17.0,0.382290957106,0.430085173813784,0.441771182142937,10.2627408733,8.5184746953,0.0,18.7812155686,13.6560168502,5.1251987184,0.0,18.7812155686,13.2088229314,5.5723926373,0.0,18.7812155686,0.403702438204,69.52,-3.5237,"Mild temperate, fully humid, and  Warm summer",Temperate Broadleaf and Mixed Forests,12.160663501,9.63915872574,9.82428812981,10.00928545,514.000015259,587.225006104,559.950019836,10.54139996,2269579.5,3066844.0,4703337.0,HIC,MDR,24.896319465,310.7269092250441,1.0,1
3219.0,POL,Poland,Europe,Eastern Europe,Legionowo,Legionowo,GISCO OSM,0.0,1.0,POL,52.4030276964,20.9308544457,16.0,37200.5744171,46316.3394165,50036.6253052,55727.8679199,5.2885594368,8.24419593811,8.85709762573,9.57618808746,142.163381068,177.997571526,177.012289932,171.838407693,0.0,0.0,0.0,0.0,0.0,0.0,0.394753475014467,0.453568580750723,0.47816250977347,1.4745077363,14.5637580125,0.0,16.0382657488,5.6805603441,10.3577054047,0.0,16.0382657488,8.5448028189,7.4934629299,0.0,16.0382657488,0.391428488909,53.41,0.80963,"Mild temperate, fully humid, and  Warm summer",Temperate Broadleaf and Mixed Forests,78.5271341055,8.93780493736,9.30443668365,9.53281402588,447.550010681,522.325004578,503.500007629,12.63000011,259103216.0,485811744.0,1019518528.0,HIC,MDR,18.90089196,1.8606480712340376,1.0,1
3015.0,POL,Poland,Europe,Eastern Europe,Świdnica,Świdnica,GISCO OSM,0.0,1.0,POL,50.8427029738,16.4947677866,15.0,54097.6749268,58344.5334473,55939.2121582,52881.5864258,6.4273519516,7.43610715866,7.89815950394,8.43706226349,118.810132973,127.451651754,141.191825898,159.546315339,1.0,1.0,1.0,13.0,15.0,15.0,0.372785812283152,0.484085459957441,0.493289599213223,5.6534632539,9.0802613772,0.0,14.7337246311,11.701220465,3.0325041662,0.0,14.7337246311,10.0423071532,4.6914174779,0.0,14.7337246311,0.510057730546,66.95,-1.2846,"Mild temperate, fully humid, and  Warm summer",Temperate Broadleaf and Mixed Forests,230.739654814,7.98211336136,8.35392379761,8.79347217083,635.050003052,800.325012207,763.375,9.419320107,232495632.0,351270016.0,627757504.0,HIC,MDR,21.997208754,231.26626515653908,1.0,1
3328.0,POL,Poland,Europe,Eastern Europe,Chełm,Chełm,GISCO OSM,0.0,1.0,POL,51.1358895549,23.4868470347,20.0,57054.802124,60529.5777588,57692.1580811,52421.2386475,9.36181735992,10.2968235016,10.9370250702,11.4251565933,164.084652149,170.112263836,189.575592836,217.94900098,1.0,1.0,1.0,20.0,20.0,20.0,0.373259628107827,0.471086432497693,0.477692675795857,3.0331770088,16.7662551051,0.0,19.799432114,10.3267476368,9.4726844772,0.0,19.799432114,12.5250015301,7.2744305838,0.0,19.799432114,0.404151874443,62.63,-0.723,"Mild temperate, fully humid, and  Warm summer",Temperate Broadleaf and Mixed Forests,190.897162508,8.48710179329,8.92357420921,9.1366481781,500.575019836,540.550003052,519.525001526,10.65019989,246440800.0,310591488.0,462990464.0,HIC,MDR,21.573886538,140.2744510767334,1.0,1
3126.0,POL,Poland,Europe,Eastern Europe,Gronowo Górne,Gronowo Górne; Nowina; Przezmark; Sierpin; Czechowo; Janów; Nowe Pole,GISCO OSM,0.0,1.0,POL,54.1323418639,19.4645261112,5.0,59335.2702789,61728.015625,56306.8742676,51299.3183594,0.46089893579499996,0.760342955589,0.945559024811,1.14237594604,7.76770601412,12.3176315955,16.7929588902,22.2688328535,1.0,1.0,1.0,4.0,4.0,5.0,0.513460183400646,0.554526381676688,0.534212435642641,4.310238976,0.5872048750000001,0.0,4.897443851,4.897443851,0.0,0.0,4.897443851,4.310238976,0.5872048750000001,0.0,4.897443851,0.685750048052,86.2,-2.1998,"Mild temperate, fully humid, and  Warm summer",Temperate Broadleaf and Mixed Forests,18.6229545725,9.03721928596,9.21472072601,9.32884025574,569.000015259,621.000015259,595.800003052,15.53709984,243330256.0,281637664.0,342417664.0,HIC,MDR,5.402828908,157.61388452152585,1.0,1
3194.0,POL,Poland,Europe,Eastern Europe,Tomaszów Mazowiecki,Tomaszów Mazowiecki,GISCO OSM,0.0,1.0,POL,51.5378632004,20.0170521919,18.0,51673.6467285,56856.3306885,53959.8834229,50451.5268555,6.28194904327,8.93851566315,9.6830663681,10.1214504242,121.569686697,157.212320157,179.449356705,200.617326274,1.0,1.0,1.0,18.0,18.0,18.0,0.394468802928005,0.449362117605252,0.475415690073155,4.0522495691,13.9761200473,0.0,18.0283696164,7.9589751311,10.0693944853,0.0,18.0283696164,9.47543159,8.5529380265,0.0,18.0283696164,0.426322023149,52.64,-1.0399,"Mild temperate, fully humid, and  Warm summer",Temperate Broadleaf and Mixed Forests,165.063146759,8.83579564095,9.22049260139,9.49292325974,483.000007629,597.300003052,545.625,13.30160046,190189872.0,222884960.0,351673376.0,HIC,MDR,22.59891457,56.30069804536869,1.0,1
1551.0,PRT,Portugal,Europe,Southern Europe,Lisbon,Lisbon,GISCO OSM,0.0,1.0,PRT,38.7419397891,-9.22688200993,444.0,1583205.9938,1773500.95084,1886879.3009,1958520.77435,155.012695312,186.85647583,223.158584595,228.645126343,97.9106293934,105.360234367,118.268605993,116.743784052,2.0,1.0,1.0,356.0,411.0,430.0,0.107916584507233,0.334055394193403,0.357911642331311,0.0,25.8475434417,324.685419831,327.312243226,95.3922295718,309.366770225,37.8966068762,442.655606673,124.129677368,280.665297117,37.8606321873,442.655606673,0.09754828914870001,48.5,2.0339,"Mild temperate with dry summer, and  Hot summer","Mediterranean Forests, Woodlands, and Scrub",85.9633874691,17.3109955788,17.1031107903,17.5023298264,822.150024414,837.725006104,876.92502594,2.644360065,33536323584.0,45111402496.0,47507738624.0,HIC,MDR,59.557013094,0.0,1.0,1
1569.0,PRT,Portugal,Europe,Southern Europe,Porto,Porto,GISCO OSM,0.0,1.0,PRT,41.1646538654,-8.60914900985,343.0,946689.635113,992028.857283,1014251.34938,998283.490438,169.772247314,181.889190674,203.915420532,209.941360474,179.332529921,183.350705313,201.050184115,210.302346462,1.0,1.0,1.0,262.0,306.0,331.0,0.209203620472739,0.419079916603538,0.459607641905883,7.029999623,120.958851694,111.660288906,237.274937691,121.972530097,204.683981869,16.1293409814,342.785852948,157.626258167,169.138060124,16.0215346571,342.785852948,0.304612737977,45.96,22.8207,"Mild temperate with dry summer, and  Warm summer",Temperate Broadleaf and Mixed Forests,82.7764535413,15.5682976246,15.3531813622,15.7321207523,1112.17501831,1354.17501831,1174.15003967,2.144279957,11745309696.0,13906655232.0,13829995520.0,HIC,MDR,44.163411389,158.95017129914197,1.0,1
1573.0,PRT,Portugal,Europe,Southern Europe,Braga,Braga,GISCO OSM,0.0,1.0,PRT,41.5430413986,-8.42435909111,30.0,70650.5529785,89955.9202271,103453.422546,119656.565247,13.3143444061,14.3031511307,18.8425312042,19.8634090424,188.45350595,159.001776588,182.135406838,166.003503455,1.0,1.0,1.0,15.0,17.0,23.0,0.347720703811821,0.389056486933116,0.425348117225578,2.9970047439,12.2813918453,3.1760593125,18.4544559017,9.0918442495,20.707225112,0.0,29.7990693615,9.0329972196,20.7660721419,0.0,29.7990693615,0.19398907216,33.8,1.151,"Mild temperate with dry summer, and  Warm summer",Temperate Broadleaf and Mixed Forests,175.848486772,11.9923071861,11.8045372963,12.1646976471,1216.17501831,1512.67501831,1254.10005188,4.22028017,841272320.0,995388224.0,1165348352.0,HIC,MDR,36.16456426,196.4573915872246,1.0,1
1483.0,PRT,Portugal,Europe,Southern Europe,Funchal,Funchal,GISCO OSM,0.0,1.0,PRT,32.6559183184,-16.9363934958,37.0,80439.2544556,97412.675415,108485.204498,119440.390442,8.75235748291,8.75235748291,8.75235748291,8.91550540924,108.807043802,89.8482404432,80.677890809,74.6439740883,1.0,1.0,1.0,22.0,36.0,36.0,0.490232515821807,0.427111698179447,0.41403929963,16.5759870615,16.8244159873,3.5334170137000003,35.9920348203,11.1071721228,22.9354114206,2.8912365191,36.6209893002,12.8785984512,23.1134363691,0.9417852422,36.9338200625,0.239424920617,75.89,0.090595,,Temperate Broadleaf and Mixed Forests,,15.8720626831,16.1929807663,16.3571195602,802.400009155,677.300003052,592.950012207,,1419830144.0,1830465152.0,2041170048.0,HIC,MDR,34.525675284,3042.952667145859,1.0,1
1556.0,PRT,Portugal,Europe,Southern Europe,Barreiro,Barreiro; Moita,GISCO OSM,0.0,1.0,PRT,38.6556180463,-9.04883265815,24.0,101048.280882,109011.26267,112396.22686,110189.19249,10.8382053375,11.7295646667,13.0528020859,13.2023239136,107.25769149999999,107.599567049,116.132030857,119.815052776,1.0,1.0,1.0,23.0,24.0,24.0,0.119551706021224,0.276296634212539,0.301128825584561,0.0,6.2086397088,18.0002185471,20.9984688272,0.8165334544,19.0599844556,4.3323403458,24.2088582559,3.6759698586000003,16.7754681007,3.7574202966,24.2088582559,0.0369907188162,45.0,11.0053,"Mild temperate with dry summer, and  Hot summer","Mediterranean Forests, Woodlands, and Scrub",13.3879625011,17.3109955788,17.1031107903,17.5023298264,822.150024414,837.725006104,876.92502594,2.644360065,1055135936.0,1419315840.0,1488801024.0,HIC,MDR,52.839715958,9.801604791107756,1.0,1
1554.0,PRT,Portugal,Europe,Southern Europe,Amora,Amora; Seixal,GISCO OSM,0.0,1.0,PRT,38.6069197069,-9.09741920621,35.0,71973.3323601,85278.506132,93524.7864722,100681.192142,10.285033226,14.6719236374,17.8227615356,18.3697185516,142.900611779,172.047146495,190.567251826,182.454321019,1.0,1.0,1.0,16.0,21.0,33.0,0.172858109278991,0.330616103811452,0.366545426224996,0.0,17.5578766593,17.5297847002,33.7602114326,1.56039875,31.8357942792,1.6914683304,35.0876613596,6.3335217265,26.9403323223,1.8138073108000001,35.0876613596,0.109959853717,47.51,1.3537,"Mild temperate with dry summer, and  Hot summer","Mediterranean Forests, Woodlands, and Scrub",31.5045134902,17.3109955788,17.1031107903,17.5023298264,822.150024414,837.725006104,876.92502594,2.644360065,1313293184.0,1766576000.0,1911750912.0,HIC,MDR,35.193035453,1.5763914639001555,1.0,1
1566.0,PRT,Portugal,Europe,Southern Europe,Póvoa de Varzim,Póvoa de Varzim; Vila do Conde,GISCO OSM,0.0,1.0,PRT,41.4009454307,-8.75649472596,59.0,71749.4232635,80525.8790054,85281.8159521,87009.4466932,29.7027683258,31.305847168,32.6944961548,33.1042442322,413.97919279,388.767531067,383.370074732,380.46724224,1.0,1.0,1.0,23.0,26.0,54.0,0.286517057739642,0.465454345440484,0.468123039771592,0.0,39.6683454887,19.2270173319,57.0956777855,28.5769323326,21.5259905039,8.7924399841,58.8953628206,24.2801177152,25.6140399233,9.0012051821,58.8953628206,0.25709378671099997,43.9,0.72131,"Mild temperate with dry summer, and  Warm summer",Temperate Broadleaf and Mixed Forests,17.671372649,15.5682976246,15.3531813622,15.7321207523,1112.17501831,1354.17501831,1174.15003967,,859738560.0,1017237568.0,1049725120.0,HIC,MDR,29.722598361,183.06318948407645,1.0,1
1559.0,PRT,Portugal,Europe,Southern Europe,Setúbal,Setúbal,GISCO OSM,0.0,1.0,PRT,38.5276079002,-8.87964221384,15.0,59527.462368,71558.8050966,79273.3959694,86536.7935915,6.22583770752,7.02746391296,8.57012748718,8.6999206543,104.587655174,98.2054396168,108.108494437,100.534354154,1.0,1.0,1.0,13.0,14.0,15.0,0.104961261675743,0.294368783185174,0.311278385160931,0.0,0.8056903985,8.5925290625,8.6874153316,3.0141687625,11.4318101145,0.7108041294,15.1567830064,3.8532402681,10.3966588598,0.9068838784000001,15.1567830064,0.0732354266084,42.0,1.1233,"Mild temperate with dry summer, and  Hot summer","Mediterranean Forests, Woodlands, and Scrub",30.0698062556,17.3873767853,17.1877851486,17.5789327621,762.825027466,788.425018311,804.425018311,2.644360065,1262232704.0,1697891968.0,1851724928.0,HIC,MDR,73.303509776,19.023996689295934,1.0,1
1572.0,PRT,Portugal,Europe,Southern Europe,Coimbra,Coimbra,GISCO OSM,0.0,1.0,PRT,40.2125845745,-8.41632481765,17.0,53964.5753174,56128.993042,56338.2034912,53192.6025391,6.65899372101,7.33271980286,8.95282363892,9.32387733459,123.395647642,130.640501556,158.912125061,175.285225568,1.0,1.0,1.0,17.0,17.0,17.0,0.165739838237535,0.355737215904709,0.381585569318265,0.0,4.4036518118,12.57505136,16.9787031718,3.7479742169,13.2307289549,0.0,16.9787031718,4.6269717772,12.3517313946,0.0,16.9787031718,0.23935183319199999,45.18,-4.4708,"Mild temperate with dry summer, and  Hot summer","Mediterranean Forests, Woodlands, and Scrub",75.4740334713,15.7798535824,15.5474026203,15.9396522045,880.325012207,1015.75004578,934.300033569,4.109620094,519094496.0,696284672.0,676619136.0,HIC,MDR,55.700420715999996,102.6560213253822,1.0,1
3444.0,ROU,Romania,Europe,Eastern Europe,Bucharest,Bucharest,GISCO OSM,0.0,1.0,ROU,44.435246966,26.1049624748,252.0,1662047.69083,1999360.53727,2005019.94922,1774128.26778,96.5684356689,150.979980469,158.547042847,167.219360352,58.1020846766,75.5141344715,79.075045068,94.25438024339999,1.0,1.0,1.0,213.0,233.0,239.0,0.325945514056006,0.380700496674068,0.396838329956413,53.3794167576,190.620125962,8.2205458926,252.220088612,84.3204646054,165.74703644,2.1525875667,252.220088612,91.973922477,158.807302568,1.4388635667,252.220088612,0.16839647912,36.5,-0.85476,"Mild temperate, fully humid, and  Hot summer",Temperate Broadleaf and Mixed Forests,80.3390967886,11.530395031,12.3928117752,12.8989796638,537.350006104,552.625015259,691.225021362,12.68640041,19768981504.0,26038636544.0,50953719808.0,UMIC,MDR,38.410678287,0.0,1.0,1
3482.0,ROU,Romania,Europe,Eastern Europe,Călărași,Călărași,GISCO OSM,0.0,1.0,ROU,44.2046510648,27.3410824573,46.0,0.00951729123426,7.87378861662,613.703516513,369758.990021,7.04996013641,12.7999954224,13.5446825027,14.418715477,740752800.654,1625646.31153,22070.4006712,38.9949017228,0.0,0.0,0.0,0.0,0.0,0.0,0.338036672378538,0.411979349295713,0.448026908052663,14.6906985816,30.6136355657,0.7164254375,46.0207595848,27.6783402809,18.3424193039,0.0,46.0207595848,34.598606111,11.4221534738,0.0,46.0207595848,0.281993351924,75.21,0.01107,"Mild temperate, fully humid, and  Hot summer","Temperate Grasslands, Savannas, and Shrublands",14.3148472918,11.6743001938,12.4905695915,12.8754756451,470.000007629,487.300003052,616.600021362,12.4843998,3079085.0,1938228.25,2394661376.0,UMIC,MDR,11.991327097,85.27243108745756,1.0,1
3300.0,ROU,Romania,Europe,Eastern Europe,Timișoara,Timișoara,GISCO OSM,0.0,1.0,ROU,45.7490647411,21.2283226492,63.0,251709.202972,314975.144753,320140.000526,288522.818329,13.8405590057,27.6339855194,32.3533363342,34.5782775879,54.9863049992,87.7338608452,101.059962145,119.845902616,1.0,1.0,1.0,60.0,55.0,61.0,0.190890171888766,0.386239510752262,0.42066287152697,0.0,45.9908668355,17.6285909189,63.6194577544,18.7582688515,44.8611889029,0.0,63.6194577544,27.1803007902,36.4391569642,0.0,63.6194577544,0.186848126648,45.11,-2.5556,"Mild temperate, fully humid, and  Hot summer",Temperate Broadleaf and Mixed Forests,87.2257499816,11.5682234764,12.36404109,13.061655283,549.375007629,570.700012207,598.525009155,9.164070129,2252572928.0,2184207872.0,4252315136.0,UMIC,MDR,32.851648505,319.060305602709,1.0,1
3367.0,ROU,Romania,Europe,Eastern Europe,Cluj-Napoca,Cluj-Napoca,GISCO OSM,0.0,1.0,ROU,46.7722354405,23.6041048376,61.0,276235.341064,326682.270363,322844.684601,278492.811638,28.2986011505,31.8219051361,34.1565742493,36.5334014893,102.443811286,97.4093424194,105.798781515,131.182565447,1.0,1.0,1.0,49.0,49.0,58.0,0.386584884327431,0.445463008638685,0.459529766614747,30.8199666277,30.3264041728,0.0,61.1463708005,37.3280347716,23.8183360289,0.0,61.1463708005,31.9246533931,29.2217174074,0.0,61.1463708005,0.299559901813,52.34,-0.86514,"Mild temperate, fully humid, and  Warm summer",Temperate Broadleaf and Mixed Forests,364.972194022,8.98704314232,9.73123288155,10.5125081539,556.150001526,580.875,579.850013733,12.22719955,2180408576.0,2331586816.0,3612321536.0,UMIC,MDR,27.104068397,256.33363171882604,1.0,1
3533.0,ROU,Romania,Europe,Eastern Europe,Constanța,Constanța,GISCO OSM,0.0,1.0,ROU,44.188575118,28.6257615759,72.0,265959.087175,307344.35075,298564.03141,249829.142578,12.313536644,27.3532772064,30.3986492157,31.4771881104,46.2986122217,88.998796105,101.816180175,125.99486107,1.0,1.0,1.0,59.0,70.0,72.0,0.26734959214732,0.3283298987109,0.329546821885726,1.8467918289,47.2125221725,23.2489065056,62.6811993346,5.930212537,45.4423191875,20.9356887826,72.3082205071,6.2241294581,44.7921872336,21.2919038154,72.3082205071,0.0505565749842,56.28,-0.67776,"Mild temperate, fully humid, and  Hot summer","Temperate Grasslands, Savannas, and Shrublands",21.2140541998,11.9889752865,12.8387486935,13.1829881668,494.675010681,523.450019836,697.275024414,13.55420017,2705006592.0,2482936832.0,3889937408.0,UMIC,MDR,30.387089738,133.02528300753204,1.0,1
3461.0,ROU,Romania,Europe,Eastern Europe,Iași,Iași,GISCO OSM,0.0,1.0,ROU,47.1543765798,27.5879643338,50.0,283305.790344,312526.931488,295453.596497,237902.612,16.551109314,25.9094028473,27.9190635681,29.225358963,58.4213591041,82.9029444724,94.4955955831,122.845893609,1.0,1.0,1.0,42.0,45.0,50.0,0.337100407357591,0.417197399931998,0.449329692011886,14.5970234458,34.6068324157,1.36088125,50.5647371115,26.6049501809,23.9597869306,0.0,50.5647371115,30.2201226407,20.3446144708,0.0,50.5647371115,0.27450052128999997,60.44,-0.44141,"Mild temperate, fully humid, and  Hot summer",Temperate Broadleaf and Mixed Forests,61.7015286071,10.1018443108,10.6474807262,11.0485472679,591.675003052,554.975013733,555.425010681,13.43050003,1490675072.0,1241734016.0,1782967552.0,UMIC,MDR,28.489043984,249.56522474706114,1.0,1
3386.0,ROU,Romania,Europe,Eastern Europe,Craiova,Craiova,GISCO OSM,0.0,1.0,ROU,44.3189524599,23.7989762608,53.0,314772.361949,330628.373486,301223.162975,228225.68222,17.4014434814,26.6036949158,28.0480804443,30.328125,55.2826282895,80.4640407455,93.1139563349,132.886556434,1.0,1.0,1.0,46.0,48.0,49.0,0.293179615182478,0.348273412620384,0.388317331129698,6.4298303824,42.9333648525,3.5432732978,52.9064685326,11.0107248039,41.8957437287,0.0,52.9064685326,18.817469063,34.0889994696,0.0,52.9064685326,0.117583486393,42.77,-0.35349,"Mild temperate, fully humid, and  Hot summer",Temperate Broadleaf and Mixed Forests,103.025508211,11.5615496635,12.4053966999,13.0540366173,528.750015259,540.150009155,621.050018311,11.92179966,1520894208.0,1370372608.0,2167989248.0,UMIC,MDR,28.308395602,138.9561895882745,1.0,1
3423.0,ROU,Romania,Europe,Eastern Europe,Brasov,Brasov,GISCO OSM,0.0,1.0,ROU,45.6510884933,25.6087603478,48.0,250694.329941,276403.845036,252576.382889,200224.722778,16.9388179779,21.955739975,23.1442298889,23.9899082184,67.567615039,79.4335548123,91.6325969365,119.814915389,1.0,1.0,1.0,44.0,48.0,48.0,0.317166294170696,0.358314001994504,0.408244314194139,21.3582161539,26.5546031157,0.0,47.9128192696,22.0196317179,25.8931875517,0.0,47.9128192696,25.9036556064,22.0091636632,0.0,47.9128192696,0.200828385087,53.97,-0.27481,"Snow, fully humid, and  Warm summer",Temperate Broadleaf and Mixed Forests,597.418685702,8.0021212101,8.72087287903,9.33606910706,617.275024414,627.900009155,683.275024414,12.7414999,1911162624.0,1899956096.0,2822526720.0,UMIC,MDR,39.400083522,90.84875425957951,1.0,1
3490.0,ROU,Romania,Europe,Eastern Europe,Galați,Galați,GISCO OSM,0.0,1.0,ROU,45.4370604387,28.0197543157,54.0,318067.353638,311886.036011,273384.800903,196601.44812,19.547044754,34.242149353,35.2827568054,35.641040802,61.4556776433,109.790581813,129.058955322,181.285749127,1.0,1.0,1.0,53.0,54.0,54.0,0.237947060674912,0.350444745245026,0.412598343947509,0.0,42.0794913279,11.9084351355,53.9879264635,8.9037270208,43.3366527975,1.7475466451,53.9879264635,22.552498376,30.3869989176,1.0484291699,53.9879264635,0.184665068173,41.76,-0.086769,"Mild temperate, fully humid, and  Hot summer",Temperate Broadleaf and Mixed Forests,36.4440006457,11.0970504284,11.8616585732,12.2747597694,441.550010681,458.275009155,551.675003052,15.38939953,1504066816.0,1154641024.0,1451729920.0,UMIC,MDR,27.919785155,145.62111607290424,1.0,1
3442.0,ROU,Romania,Europe,Eastern Europe,Ploiești,Ploiești,GISCO OSM,0.0,1.0,ROU,44.9383004574,26.0297443235,40.0,226310.591064,242888.812439,224859.205688,175454.070007,15.6386013031,23.950302124,24.9001541138,25.7205734253,69.1023837176,98.606032462,110.736645349,146.594339044,1.0,1.0,1.0,36.0,37.0,40.0,0.346540455302778,0.387512717672719,0.420359048336646,13.5901799799,26.376605661,0.0,39.9667856409,11.4780539887,28.4887316522,0.0,39.9667856409,19.3512201353,20.6155655056,0.0,39.9667856409,0.246888317371,48.38,-0.21926,"Mild temperate, fully humid, and  Hot summer",Temperate Broadleaf and Mixed Forests,154.758440416,11.2128279209,12.0017106533,12.564750433,537.275016785,548.950004578,662.75,12.75459957,1325400448.0,1008038272.0,1697771136.0,UMIC,MDR,33.536781013,32.47124226126048,1.0,1
3314.0,ROU,Romania,Europe,Eastern Europe,Oradea,Oradea,GISCO OSM,0.0,1.0,ROU,47.0647091286,21.9245502747,43.0,167577.894196,197424.30542,189203.82959,156340.628662,10.9998722076,21.2930927277,22.9300251007,24.1143093109,65.6403534634,107.854464436,121.192182793,154.242115548,1.0,1.0,1.0,38.0,40.0,43.0,0.306042167547683,0.394995034185105,0.400180393191328,4.6676375088,35.4071652456,3.1716148882,43.2464176426,16.3795832066,26.866834436,0.0,43.2464176426,18.1731972064,25.0732204363,0.0,43.2464176426,0.185515951088,43.93,-0.53327,"Mild temperate, fully humid, and  Warm summer",Temperate Broadleaf and Mixed Forests,129.143231966,10.5858108997,11.3739616871,12.0595560074,543.5,562.25,530.525001526,14.91940022,1029890240.0,926884736.0,1379130880.0,UMIC,MDR,35.210256466,332.4264446999365,1.0,1
3492.0,ROU,Romania,Europe,Eastern Europe,Brăila,Brăila,GISCO OSM,0.0,1.0,ROU,45.2761578638,27.9583043537,31.0,226354.15918,222344.030273,194224.779785,138887.720825,11.1107845306,19.3826160431,20.1817016602,20.4126014709,49.0858421639,87.1739889722,103.908994941,146.971966634,1.0,1.0,1.0,31.0,31.0,31.0,0.283650106517337,0.361800897350681,0.390293929926561,0.9324250914000001,27.4809946635,2.5944365571,31.007856312,7.8322309088,23.1756254032,0.0,31.007856312,10.0860599809,20.9217963311,0.0,31.007856312,0.154507913965,34.16,-0.11003,"Mild temperate, fully humid, and  Hot summer","Temperate Grasslands, Savannas, and Shrublands",16.7126797386,11.5078439713,12.2811677456,12.7181792259,437.400016785,451.775009155,539.650009155,15.38939953,887694272.0,715644992.0,1103462912.0,UMIC,MDR,27.909794146,128.95698812801098,1.0,1
3411.0,ROU,Romania,Europe,Eastern Europe,Pitești,Pitești,GISCO OSM,0.0,1.0,ROU,44.8629172542,24.8637786156,30.0,154731.480957,174738.19458,164544.211548,132099.906677,7.2402806282,12.5521087646,15.0220098495,16.3664093018,46.7925504456,71.8338013896,91.2946721628,123.894177622,1.0,1.0,1.0,27.0,27.0,27.0,0.347896476812987,0.412451505193857,0.438735866850912,5.6284724939,24.2228156544,0.0,29.8512881483,14.549687090399999,15.3016010578,0.0,29.8512881483,13.221790664,16.6294974843,0.0,29.8512881483,0.27065249256699997,45.43,-0.94856,"Mild temperate, fully humid, and  Warm summer",Temperate Broadleaf and Mixed Forests,288.921775966,10.7614581585,11.5823042393,12.2662174702,562.550010681,573.425010681,664.900009155,11.61460018,1108850176.0,963069568.0,1693878912.0,UMIC,MDR,35.127731991,65.60635879891105,1.0,1
3392.0,ROU,Romania,Europe,Eastern Europe,Târgu Mureș,Târgu Mureș,GISCO OSM,0.0,1.0,ROU,46.5387985095,24.5500912111,31.0,131158.138931,149029.388046,143007.959122,118254.931335,12.4150676727,12.863193512,13.546453476,14.2565317154,94.6572418143,86.3131338094,94.7251716558,120.557608502,1.0,1.0,1.0,29.0,31.0,31.0,0.316732801586758,0.385507979680361,0.408867208346148,6.351695437,24.4831499292,0.0,30.8348453662,15.5476358422,15.287209524,0.0,30.8348453662,16.4084368971,14.4264084691,0.0,30.8348453662,0.189742852637,54.0,-0.44464,"Mild temperate, fully humid, and  Warm summer",Temperate Broadleaf and Mixed Forests,324.519726282,7.76823496819,8.46776866913,9.18641734123,625.525009155,652.350006104,648.950012207,14.46889973,681570880.0,625361600.0,811368064.0,UMIC,MDR,23.594017352,190.66134771947242,1.0,1
3385.0,ROU,Romania,Europe,Eastern Europe,Sibiu,Sibiu,GISCO OSM,0.0,1.0,ROU,45.7926796892,24.1424631694,29.0,141997.769577,157802.078995,146512.563721,117695.007111,13.1275577545,14.1340065002,16.0853843689,16.8890781403,92.4490419365,89.5679359251,109.788430155,143.498679807,1.0,1.0,1.0,25.0,25.0,27.0,0.313236331795245,0.395366840810975,0.39451190940444,2.8797319652,25.3761094434,0.6972805625,28.9531219711,13.0915485279,15.8615734431,0.0,28.9531219711,11.2779988414,17.6751231297,0.0,28.9531219711,0.11256800339499999,41.76,-0.60729,"Mild temperate, fully humid, and  Warm summer",Temperate Broadleaf and Mixed Forests,421.578890218,8.48255586624,9.24380779266,10.0020570755,644.300018311,667.775016785,704.725006104,13.5163002,701525952.0,637913408.0,1128222848.0,UMIC,MDR,39.573201574,151.87136873603157,1.0,1
3453.0,ROU,Romania,Europe,Eastern Europe,Bacău,Bacău,GISCO OSM,0.0,1.0,ROU,46.5608881463,26.9155917205,38.0,183597.068794,185018.24596,161842.952012,117406.89731,9.23330974579,18.3791275024,20.18409729,20.7382488251,50.2911609996,99.3368378727,124.714094986,176.635694326,1.0,1.0,1.0,38.0,38.0,38.0,0.405316551645489,0.441977060694961,0.472567871814368,11.309617249,26.6202082466,0.0,37.9298254956,21.9289850446,16.000840451,0.0,37.9298254956,23.4008036314,14.5290218642,0.0,37.9298254956,0.407744603398,61.58,-0.26553,"Mild temperate, fully humid, and  Warm summer",Temperate Broadleaf and Mixed Forests,164.70620949,9.1638314724,9.77588891983,10.3321626186,552.100021362,518.575012207,529.825012207,16.2031002,930741056.0,757081856.0,996417728.0,UMIC,MDR,20.952979182,169.70171636980106,1.0,1
3301.0,ROU,Romania,Europe,Eastern Europe,Arad,Arad,GISCO OSM,0.0,1.0,ROU,46.180801929,21.3212379664,40.0,134759.736229,157763.471634,145858.972839,112052.391144,7.26201295853,15.7171554565,18.0786247253,18.8367271423,53.8885958206,99.6248072749,123.945921004,168.106427271,1.0,1.0,1.0,34.0,40.0,40.0,0.178193986090968,0.36874708826755,0.404831416977677,0.0,23.7664972525,16.021818698,39.7883159505,10.5222250752,29.2660908752,0.0,39.7883159505,12.3419986757,27.4463172748,0.0,39.7883159505,0.142880980286,52.9,-0.5292,"Mild temperate, fully humid, and  Hot summer",Temperate Broadleaf and Mixed Forests,107.72106828,11.1048851013,11.9131507874,12.6269640923,536.975006104,563.224998474,575.075012207,10.84029961,842494080.0,837754048.0,1146982912.0,UMIC,MDR,26.140017104000002,320.99765261372386,1.0,1
3464.0,ROU,Romania,Europe,Eastern Europe,Oltenița,Oltenița,GISCO OSM,0.0,1.0,ROU,44.0955018065,26.6401834748,9.0,0.0028933874728,2.34775544517,180.543830633,108928.147827,2.35040712357,3.31110239029,3.46719312668,3.61065006256,812337492.183,1410326.78557,19204.1628591,33.1470802964,0.0,0.0,0.0,0.0,0.0,0.0,0.374715602771989,0.407864712337944,0.44478965226896,4.1471129025,4.9223832365,0.0,9.069496139,4.0235147194,5.0459814196,0.0,9.069496139,6.2310202971,2.8384758419000002,0.0,9.069496139,0.223664016014,69.23,0.0080602,"Mild temperate, fully humid, and  Hot summer",Temperate Broadleaf and Mixed Forests,16.5729659477,11.6382558346,12.4936971664,12.934350729,500.500007629,513.975013733,650.475021362,12.34969997,659749.125,444672.6875,435776768.0,UMIC,MDR,4.8881531126,63.651280984016,1.0,1
3357.0,ROU,Romania,Europe,Eastern Europe,Baia Mare,Baia Mare,GISCO OSM,0.0,1.0,ROU,47.6544234831,23.5698375852,23.0,118492.585571,127401.778931,119327.112427,95439.6473389,9.80104446411,11.2070264816,12.4761638641,12.9502906799,82.7144113436,87.966012529,104.554309665,135.690889908,1.0,1.0,1.0,20.0,22.0,23.0,0.309364414437202,0.384468737352682,0.398218908149817,5.1614033375,17.3396123002,1.1789333348,23.6799489725,8.327726602,15.3522223706,0.0,23.6799489725,9.2978102566,14.3821387159,0.0,23.6799489725,0.16651380503899998,43.7,-0.50052,"Mild temperate, fully humid, and  Warm summer",Temperate Broadleaf and Mixed Forests,227.254976471,6.89620363712,7.59651267529,8.27918994427,815.399993896,849.500015259,796.200012207,11.93039989,437096320.0,358842880.0,501728928.0,UMIC,MDR,34.866701561,340.38359962051857,1.0,1
3458.0,ROU,Romania,Europe,Eastern Europe,Buzău,Buzău,GISCO OSM,0.0,1.0,ROU,45.1507103654,26.8157097942,23.0,122064.611023,129743.883545,119206.695435,90487.9931641,11.4626264572,13.4117689133,14.1738004684,14.7788009644,93.9062219685,103.371107345,118.901043408,163.323336584,1.0,1.0,1.0,22.0,22.0,23.0,0.323441329328606,0.360164971023351,0.397545614454715,9.6493833127,13.5686980022,0.0,23.218081315,8.1308062191,15.0872750958,0.0,23.218081315,10.6503467576,12.5677345574,0.0,23.218081315,0.151569104258,46.31,-0.26936,"Mild temperate, fully humid, and  Hot summer",Temperate Broadleaf and Mixed Forests,96.1375486907,9.78346133232,10.5343308449,11.0575070381,571.525001526,573.200012207,676.775024414,15.94659996,492257344.0,415630016.0,555434432.0,UMIC,MDR,24.196474552,61.34064802877863,1.0,1
3438.0,ROU,Romania,Europe,Eastern Europe,Botoșani,Botoșani,GISCO OSM,0.0,1.0,ROU,47.7445874146,26.6637791075,18.0,117571.360718,124351.312378,114335.554199,88831.4152832,4.35175085068,7.19428157806,8.23026561737,8.55354690552,37.0136980988,57.8544885493,71.9834322317,96.28966147,1.0,1.0,1.0,16.0,17.0,17.0,0.390654265398585,0.417727099546537,0.436159836100375,10.5838237228,7.229665411,0.0,17.8134891338,10.2986467507,7.5148423830999995,0.0,17.8134891338,10.8027252779,7.0107638559,0.0,17.8134891338,0.264501686764,60.02,-0.51449,"Mild temperate, fully humid, and  Warm summer",Temperate Broadleaf and Mixed Forests,152.048663904,9.69379663467,10.2372360229,10.7715902328,538.349998474,514.825004578,493.775001526,13.24769974,403509440.0,314908000.0,435979296.0,UMIC,MDR,18.800695697000002,268.4113193272016,1.0,1
3356.0,ROU,Romania,Europe,Eastern Europe,Drobeta-Turnu Severin,Drobeta-Turnu Severin,GISCO OSM,1.0,2.0,ROU; SRB,44.6279446479,22.6412765727,24.0,122394.764011,120970.699986,105909.330246,76462.6237335,9.27298259735,10.3287572861,10.469086647,10.9200744629,75.7629027046,85.3823056931,98.8495217817,142.815848184,1.0,1.0,1.0,24.0,24.0,24.0,0.239582089329067,0.359660199474944,0.361065559476987,0.2454811549,15.5764307657,8.593128676,23.1255756098,4.55086459,17.3298078355,2.5343681711,24.4150405966,6.640671712,13.8165653385,3.9578035461,24.4150405966,0.0934590180152,54.5,-0.12135,"Mild temperate, fully humid, and  Hot summer",Temperate Broadleaf and Mixed Forests,61.2017076303,10.4995982647,11.3145246506,12.0954110622,615.325012207,634.725006104,698.975036621,9.372610092,385779776.0,329797792.0,451410720.0,UMIC,MDR,30.68105034,210.11145659837766,1.0,1
3335.0,ROU,Romania,Europe,Eastern Europe,Satu Mare,Satu Mare,GISCO OSM,0.0,1.0,ROU,47.7896839013,22.8762653869,19.0,91933.5251465,98923.1972656,90264.6103516,70336.1912842,9.42716503143,12.1654748917,12.7312431335,13.0848827362,102.543278052,122.978990044,141.043572713,186.033427419,1.0,1.0,1.0,19.0,19.0,19.0,0.366352686284055,0.435671248371245,0.455610543881354,3.287596473,15.847441398499999,0.0,19.1350378716,5.5544908091,13.580547062499999,0.0,19.1350378716,9.1457379414,9.9892999301,0.0,19.1350378716,0.237527623617,48.14,-0.21362,"Mild temperate, fully humid, and  Warm summer",Temperate Broadleaf and Mixed Forests,124.247194708,10.2558059692,10.9470319748,11.6746077538,590.450012207,620.125007629,571.600021362,11.20079994,374141760.0,328547744.0,421922880.0,UMIC,MDR,32.978372273,361.0827424564331,1.0,1
3426.0,ROU,Romania,Europe,Eastern Europe,Suceava,Suceava,GISCO OSM,0.0,1.0,ROU,47.6631153478,26.2569854533,20.0,90728.5604248,95611.0855713,87069.6520996,66471.069519,5.35781478882,8.05208873749,10.3612670898,11.0976428986,59.0532326726,84.2171040039,118.999752956,166.954480782,1.0,1.0,1.0,12.0,18.0,19.0,0.399086640636871,0.453850967259923,0.46088790846447,10.276855252,9.5568730336,0.0,19.8337282855,11.8545158674,7.9792124181,0.0,19.8337282855,10.9300034885,8.9037247971,0.0,19.8337282855,0.40838992642099997,54.65,-0.88248,"Mild temperate, fully humid, and  Warm summer",Temperate Broadleaf and Mixed Forests,320.152831984,8.917176961900001,9.4755821228,10.0338232517,563.625015259,547.875,524.25,13.24769974,253440736.0,219297904.0,293058208.0,UMIC,MDR,17.243757224,267.31224637182,1.0,1
3429.0,ROU,Romania,Europe,Eastern Europe,Târgoviște,Târgoviște,GISCO OSM,0.0,1.0,ROU,44.9204966989,25.4593303194,17.0,69181.2086182,78925.5863037,76148.5775146,63742.6256104,4.02405405045,7.77504014969,8.75989627838,9.20953845978,58.1668654079,98.5110217588,115.03689976,144.480061365,1.0,1.0,1.0,17.0,17.0,17.0,0.299758469321594,0.368167437695931,0.389015907103867,0.7496237632,15.6051626662,0.70817825,17.0629646794,6.82266211,10.2403025694,0.0,17.0629646794,7.2082659311,9.8546987483,0.0,17.0629646794,0.162712918721,45.82,-0.79251,"Mild temperate, fully humid, and  Warm summer",Temperate Broadleaf and Mixed Forests,279.452800557,10.7712981701,11.5815336704,12.1951158047,564.000007629,580.975013733,675.500015259,12.04360008,369805280.0,283198272.0,445006784.0,UMIC,MDR,20.475732691,77.37289032263443,1.0,1
3437.0,ROU,Romania,Europe,Eastern Europe,Piatra Neamț,Piatra Neamț,GISCO OSM,0.0,1.0,ROU,46.9296286028,26.3773726693,20.0,105182.812622,105739.563965,90213.7312622,62592.7879028,3.58577775955,6.63043212891,7.23192977905,7.48067426682,34.0909096283,62.705309917,80.1644015591,119.513357968,1.0,1.0,1.0,20.0,20.0,20.0,0.38733250320416,0.40197571067373,0.41065682351169,10.5869138461,9.7318406527,0.0,20.3187544988,13.1592695324,7.1594849664,0.0,20.3187544988,13.4138648988,6.9048896,0.0,20.3187544988,0.262949587827,67.07,-0.23011,"Snow, fully humid, and  Warm summer",Temperate Broadleaf and Mixed Forests,347.887460141,5.82766187191,6.45672810078,7.03731143475,702.175018311,677.400001526,698.350021362,14.22319984,377766688.0,294748064.0,324243168.0,UMIC,MDR,18.694475627,246.01238895117208,1.0,1
3467.0,ROU,Romania,Europe,Eastern Europe,Focșani,Focșani,GISCO OSM,0.0,1.0,ROU,45.6946421551,27.1836760302,15.0,97238.1273193,97354.0551758,85846.1235352,62144.2073975,5.78749608994,7.0677690506,7.9789171218899995,8.22406673431,59.5187942167,72.5986096608,92.944407893,132.33842829,1.0,1.0,1.0,15.0,15.0,15.0,0.298787072124327,0.373748709892355,0.405981718127275,0.0657411706,14.960640988,0.0,15.0263821586,6.4928530887,8.5335290699,0.0,15.0263821586,6.6569571534000005,8.3694250051,0.0,15.0263821586,0.129122996978,45.2,-0.33754,"Mild temperate, fully humid, and  Hot summer",Temperate Broadleaf and Mixed Forests,54.8389180483,10.5491628647,11.2911510468,11.7701368332,507.875,496.525009155,569.725006104,15.70829964,390214464.0,276965888.0,284029024.0,UMIC,MDR,20.365485128,107.9854865562758,1.0,1
3404.0,ROU,Romania,Europe,Eastern Europe,Slatina,Slatina,GISCO OSM,0.0,1.0,ROU,44.4294771373,24.3746462629,19.0,79973.9103699,80507.1506958,72092.7954407,54154.5601807,5.7035684585599995,9.48741436005,10.4127025604,11.0094203949,71.3178639406,117.845610956,144.434717738,203.296275663,1.0,1.0,1.0,18.0,19.0,19.0,0.274757061879803,0.394704243430515,0.433487622950493,0.46756782550000003,17.080308964,1.6070121539,19.1548889434,9.0665817007,10.0883072426,0.0,19.1548889434,10.469195562,8.6856933814,0.0,19.1548889434,0.31983973856,55.1,-0.37524,"Mild temperate, fully humid, and  Hot summer",Temperate Broadleaf and Mixed Forests,161.344062336,11.5431592464,12.3897116184,13.0588710308,537.850006104,541.175010681,631.475021362,10.90340042,353741568.0,330688448.0,374858720.0,UMIC,MDR,24.303342719,106.26065812147185,1.0,1
3526.0,ROU,Romania,Europe,Eastern Europe,Tulcea,Tulcea,GISCO OSM,0.0,1.0,ROU,45.1794364031,28.7905292226,15.0,102580.659119,94196.1199951,77363.3973999,51360.0761108,7.96882581711,8.57978820801,9.12208557129,9.31257152557,77.6835115467,91.0843058977,117.912163605,181.319270351,1.0,1.0,1.0,15.0,15.0,15.0,0.287967906964804,0.376426806671523,0.40915945213837,0.6937036637,11.5165812235,2.8608963752000003,15.0711812625,2.2002729284,12.8709083341,0.0,15.0711812625,4.4090638248000005,10.6621174377,0.0,15.0711812625,0.0868972339793,37.93,-0.13513,"Mild temperate, fully humid, and  Hot summer","Temperate Grasslands, Savannas, and Shrublands",26.2510805239,11.0902757645,11.8588676453,12.2451708317,425.875007629,433.625007629,529.150016785,13.91059971,310122240.0,245236096.0,343957120.0,UMIC,MDR,27.5674956,187.04037257941172,1.0,1
3069.0,SVK,Slovakia,Europe,Eastern Europe,Bratislava,Bratislava,GISCO OSM,0.0,1.0,SVK,48.1523784416,17.1324937347,117.0,388674.6464,399253.167873,384516.250671,352001.955162,61.2618522644,67.4415588379,70.1450271606,72.5400161743,157.617310086,168.919282963,182.424090108,206.078446754,1.0,1.0,1.0,97.0,116.0,116.0,0.345220695523583,0.445138423440818,0.475255512106217,21.6768227941,93.4035814132,2.003648375,117.084052582,59.6556341061,57.4284184762,0.0,117.084052582,70.9297995419,46.1542530404,0.0,117.084052582,0.447906971788,60.62,-0.57858,"Mild temperate, fully humid, and  Warm summer",Temperate Broadleaf and Mixed Forests,155.052837194,9.89595937729,10.4427192211,11.1052827835,612.550018311,626.0,663.125,10.85159969,5895668224.0,6652035584.0,11530872832.0,HIC,MDR,36.741415668,0.0,1.0,1
3267.0,SVK,Slovakia,Europe,Eastern Europe,Košice,Košice,GISCO OSM,0.0,1.0,SVK,48.7145717474,21.2595083042,54.0,187312.917046,211409.319702,217206.460999,220296.508652,28.6307220459,30.7422161102,31.288061142,31.9482097626,152.849693964,145.41561438,144.047561929,145.023677216,1.0,1.0,1.0,45.0,46.0,52.0,0.28843607648927,0.442859020963345,0.469530094162696,6.8784379868,45.0427040206,1.9804469999999998,53.9015890074,27.4869655699,26.4146234375,0.0,53.9015890074,34.9987687515,18.9028202559,0.0,53.9015890074,0.428949338818,64.81,0.93446,"Mild temperate, fully humid, and  Warm summer",Temperate Broadleaf and Mixed Forests,235.976925114,7.60346066952,8.27537727356,8.81114912033,702.75,747.050018311,692.775009155,14.638799670000001,1308315136.0,1492748928.0,2435705600.0,HIC,MDR,21.373228762,231.07116933222247,1.0,1
3265.0,SVK,Slovakia,Europe,Eastern Europe,Prešov,Prešov,GISCO OSM,0.0,1.0,SVK,48.9914483685,21.2468707584,20.0,62607.5700684,68145.907959,68289.4350586,66394.822998,9.08723640442,10.6454296112,10.8840866089,11.2707185745,145.145968682,156.215243586,159.381705231,169.752972681,1.0,1.0,1.0,20.0,20.0,20.0,0.346366247348083,0.466553484586714,0.488257347875859,2.6037064424,17.6376418179,0.0,20.2413482603,14.3920026265,5.8493456338000005,0.0,20.2413482603,14.3815585127,5.8597897475,0.0,20.2413482603,0.470780296695,71.91,-2.1926,"Mild temperate, fully humid, and  Warm summer",Temperate Broadleaf and Mixed Forests,257.096258832,7.60346066952,8.27537727356,8.81114912033,702.75,747.050018311,692.775009155,13.23680019,292437120.0,305037792.0,515068096.0,HIC,MDR,15.901581454,232.71549335643343,1.0,1
3155.0,SVK,Slovakia,Europe,Eastern Europe,Žilina,Žilina,GISCO OSM,0.0,1.0,SVK,49.213229533,18.7407793111,21.0,65222.0037231,70176.081543,66738.9690552,61025.2744751,9.16909694672,12.6709003448,13.3941898346,13.8874816895,140.582877301,180.558675638,200.695186399,227.56934416,1.0,1.0,1.0,18.0,20.0,20.0,0.324588846998259,0.437950275368178,0.436971686714012,4.2302143529,16.5758674721,0.0,20.806081825,12.1754122461,8.6306695789,0.0,20.806081825,10.182294263,10.623787562,0.0,20.806081825,0.310485066769,48.49,-0.65617,"Mild temperate, fully humid, and  Warm summer",Temperate Coniferous Forests,353.906940511,6.13878047466,6.77980709076,7.37580239773,983.425003052,1144.625,1049.52500916,11.38860035,326543424.0,368089440.0,655545472.0,HIC,MDR,26.218360401,120.06594100667068,1.0,1
3182.0,SVK,Slovakia,Europe,Eastern Europe,Banská Bystrica,Banská Bystrica,GISCO OSM,0.0,1.0,SVK,48.7332808738,19.1503321636,22.0,62595.37146,66230.8446045,63903.9170532,59149.8408203,7.72551250458,8.12239074707,9.33114719391,9.61659908295,123.419868345,122.637583675,146.018391739,162.580303676,1.0,1.0,1.0,22.0,22.0,22.0,0.182665892810976,0.453015283912889,0.484498738149109,0.0,8.7108326904,7.1762750485,15.887107739,15.2885392221,6.8891845569,0.0,22.1777237789,14.6905922684,7.4871315105,0.0,22.1777237789,0.459088111031,66.78,-1.4934,"Snow, fully humid, and  Warm summer",Temperate Broadleaf and Mixed Forests,379.112184882,5.86075615883,6.5267084837,7.10968446732,900.300018311,1022.60002136,973.775024414,12.98709965,297787840.0,328255296.0,494005440.0,HIC,MDR,18.711521279,117.05348130421692,1.0,1
3104.0,SVK,Slovakia,Europe,Eastern Europe,Trnava,Trnava,GISCO OSM,0.0,1.0,SVK,48.3714277079,17.588212098,16.0,59866.1364746,61119.6234131,58600.1843262,52550.0980225,8.78450393677,9.66933250427,10.0632801056,10.350771904,146.735775082,158.203404477,171.727789278,196.969602218,1.0,1.0,1.0,14.0,16.0,16.0,0.335984009444918,0.382101927480578,0.393915032805223,3.6106200618,12.4621632311,0.0,16.0727832929,2.9176402836,13.1551430093,0.0,16.0727832929,3.6736347306,12.3991485623,0.0,16.0727832929,0.103318081836,35.31,-0.45081,"Mild temperate, fully humid, and  Warm summer",Temperate Broadleaf and Mixed Forests,146.890115349,10.2403094769,10.7979540825,11.397087574,546.450019836,561.600013733,589.825012207,11.49549961,396362656.0,422070304.0,628896384.0,HIC,MDR,31.721949607,23.69242751799494,1.0,1
2965.0,SVN,Slovenia,Europe,Southern Europe,Ljubljana,Ljubljana,GISCO OSM,0.0,1.0,SVN,46.0653999312,14.514803707,91.0,160598.828766,207684.741497,220350.372975,250334.989896,41.9415092468,43.765007019,44.8317375183,45.8687858582,261.157005746,210.728080954,203.456599201,183.229623143,1.0,1.0,1.0,50.0,65.0,72.0,0.386486801256434,0.456110861809071,0.467747598523506,42.6591994848,47.434899699,0.6940554375,90.7881546213,62.1937734985,28.5943811228,0.0,90.7881546213,61.6743589914,29.1137956299,0.0,90.7881546213,0.36378625260499997,67.77,0.25137,"Mild temperate, fully humid, and  Warm summer",Temperate Broadleaf and Mixed Forests,301.589335952,8.92992067337,9.77334141731,10.1462318897,1270.07504272,1278.7250061,1452.32498169,7.906020164,2793773824.0,3602232320.0,5529303040.0,HIC,MDR,18.266396237,0.0,1.0,1
3016.0,SVN,Slovenia,Europe,Southern Europe,Maribor,Maribor,GISCO OSM,0.0,1.0,SVN,46.5447545663,15.6538932874,23.0,81001.8464966,88049.9844971,82869.9897461,78466.6337891,14.3362865448,14.6733341217,14.86444664,15.170586586,176.987157267,166.647776323,179.370682747,193.338057891,1.0,1.0,1.0,22.0,23.0,23.0,0.335786316833073,0.417776203254228,0.437673550219987,2.2636020887,20.6541978324,0.0,22.9177999211,10.600757939,12.3170419821,0.0,22.9177999211,12.6221268931,10.2956730279,0.0,22.9177999211,0.29727905497699997,54.88,-0.28922,"Mild temperate, fully humid, and  Warm summer",Temperate Broadleaf and Mixed Forests,272.657720344,10.3572843075,11.2063393593,11.616904974,934.300018311,818.550003052,991.900024414,9.161849976,568481152.0,764873600.0,947751104.0,HIC,MDR,22.886243406,70.96159956474453,1.0,1
2973.0,SWE,Sweden,Europe,Northern Europe,Stockholm,Stockholm,GISCO OSM,0.0,1.0,SWE,59.3315727547,18.0005502921,361.0,712248.102902,885134.744796,1018323.93651,1305076.21013,122.727783203,138.129806519,148.293991089,157.850662231,172.310438881,156.055117405,145.625557616,120.951298481,1.0,1.0,1.0,218.0,282.0,295.0,0.424714681002047,0.475770091194214,0.498513335953395,178.927027708,172.873980023,10.3026043123,362.103612043,275.702404461,81.774637231,4.6265703517,362.103612043,273.473650182,80.822237005,7.8077248559,362.103612043,0.558579003771,75.75,0.34371,"Mild temperate, fully humid, and  Warm summer",Temperate Broadleaf and Mixed Forests,29.8730692815,7.30124461651,7.53107273579,7.52941131592,471.950004578,488.875,500.400001526,8.309679985,16232479744.0,22491887616.0,34861359104.0,HIC,MDR,44.869550994,0.0,1.0,1
2682.0,SWE,Sweden,Europe,Northern Europe,Gothenburg,Gothenburg,GISCO OSM,0.0,1.0,SWE,57.7105741368,11.9588253061,186.0,359194.718045,401828.004439,431822.294553,496225.929421,82.42212677,85.8454589844,89.2689361572,93.1526412964,229.463638047,213.637322526,206.726093773,187.722236532,1.0,1.0,1.0,149.0,164.0,172.0,0.391036935642323,0.453972302253664,0.454088780770189,85.5783973184,83.8347534694,17.1051904074,186.518341195,129.195142304,46.1394407917,11.1837580998,186.518341195,123.951274896,47.6309711365,14.9360951623,186.518341195,0.547572481988,66.64,0.38715,"Mild temperate, fully humid, and  Warm summer",Temperate Broadleaf and Mixed Forests,34.2284643698,8.54625821114,8.32887399197,8.68122220039,750.375030518,905.250015259,871.500030518,9.408209801,5721976320.0,6905962496.0,9631808512.0,HIC,MDR,33.468105606,284.55727426289707,1.0,1
2798.0,SWE,Sweden,Europe,Northern Europe,Malmö,Malmö,GISCO OSM,0.0,1.0,SWE,55.5955008333,13.0077469122,90.0,153940.412797,195628.60611,227914.280027,297225.778667,42.797996521,54.5137214661,57.6969985962,60.6574287415,278.016641267,278.659254135,253.152187696,204.078626738,1.0,1.0,1.0,54.0,79.0,86.0,0.35984444213764,0.410079438995741,0.417671014352777,17.0992002076,52.4344343635,20.0536559868,89.5872905578,25.1860861485,54.9141823978,9.4870220115,89.5872905578,26.7201183431,48.1908825507,14.676289664,89.5872905578,0.276508184245,32.6,0.25531,"Mild temperate, fully humid, and  Warm summer",Temperate Broadleaf and Mixed Forests,9.36402553722,8.84626841545,8.87773323059,8.97514748573,651.450012207,729.125015259,712.050003052,20.36249924,2966764288.0,3419784704.0,5302289408.0,HIC,MDR,35.98372179,358.2776441122621,1.0,1
2960.0,SWE,Sweden,Europe,Northern Europe,Uppsala,Uppsala,GISCO OSM,0.0,1.0,SWE,59.8592271714,17.6398428925,35.0,72463.9562073,85408.6226349,93247.22332,109541.987106,14.4664335251,15.8624706268,17.2129325867,17.8082504272,199.636264458,185.724463613,184.594586024,162.570087486,1.0,1.0,1.0,22.0,27.0,29.0,0.410039263156993,0.459466055328176,0.463716238936615,17.1014555482,17.2051913055,1.007863375,35.3145102287,25.686951065,9.627559163699999,0.0,35.3145102287,24.8709812129,10.4435290158,0.0,35.3145102287,0.480158650299,71.06,0.46494,"Mild temperate, fully humid, and  Warm summer",Temperate Broadleaf and Mixed Forests,20.5045992086,6.86126804352,7.07091259956,7.07350981236,525.850021362,547.624992371,555.974998474,5.95758009,914076224.0,1087351168.0,1623058304.0,HIC,MDR,44.609171459,30.080740255476513,1.0,1
2774.0,SWE,Sweden,Europe,Northern Europe,Helsingborg,Helsingborg,GISCO OSM,0.0,1.0,SWE,56.0395266459,12.721351399,48.0,69116.8780708,77628.1090012,82923.4012756,95358.0596008,19.0835494995,24.6466827393,25.3952178955,26.8812408447,276.105490181,317.496884265,306.249110683,281.897942945,1.0,1.0,1.0,31.0,38.0,42.0,0.398904753707287,0.440994754650445,0.45269136530065,18.6189199118,21.4364180137,7.6144042593,47.6697421848,25.9068854083,14.987742213,6.7751145635,47.6697421848,24.8044369549,14.8221710074,8.0431342225,47.6697421848,0.451039172777,51.68,0.42189,"Mild temperate, fully humid, and  Warm summer",Temperate Broadleaf and Mixed Forests,27.1122296077,8.66167473793,8.60012471676,8.78316712379,721.75,802.850006104,803.075027466,13.43280029,1144798464.0,1319608320.0,1765568384.0,HIC,MDR,32.295348242,336.93051474732613,1.0,1
2988.0,SWE,Sweden,Europe,Northern Europe,Västerhaninge,Västerhaninge; Handen; Jordbro; Älta,GISCO OSM,0.0,1.0,SWE,59.2363377289,18.2174929245,39.0,66839.6222076,76243.6955414,80145.930191,93560.8912506,13.6361999512,16.7980575562,18.0400161743,18.8356609344,204.013719719,220.320610601,225.089610056,201.319810903,0.0,0.0,0.0,0.0,0.0,0.0,0.442266285556767,0.49525486010544,0.514461192503966,25.735702645499998,13.3919602528,0.0,39.1276628983,32.6725764336,6.4550864647,0.0,39.1276628983,32.9380430581,6.1896198402,0.0,39.1276628983,0.687075990841,84.46,0.55936,"Mild temperate, fully humid, and  Warm summer",Temperate Broadleaf and Mixed Forests,45.0653881567,7.30124461651,7.53107273579,7.52941131592,471.950004578,488.875,500.400001526,13.78559971,1050647680.0,1455787904.0,2200278272.0,HIC,MDR,34.728600086,0.912117112110757,1.0,1
2875.0,SWE,Sweden,Europe,Northern Europe,Örebro,Örebro,GISCO OSM,0.0,1.0,SWE,59.2781963267,15.2006169187,32.0,65221.8179321,72410.0828857,77681.4233398,88745.8287354,16.8131389618,17.432800293,18.6426410675,19.4118442535,257.783967005,240.751005913,239.988407343,218.735286268,1.0,1.0,1.0,23.0,25.0,28.0,0.441694511878879,0.483494370387835,0.479063966175311,17.4855924522,14.365415967,0.0,31.8510084192,22.7368977103,9.1141107089,0.0,31.8510084192,22.8892953819,8.9617130374,0.0,31.8510084192,0.579065242415,71.53,0.52858,"Mild temperate, fully humid, and  Warm summer",Temperate Broadleaf and Mixed Forests,34.4412641425,6.35231363773,6.38004541397,6.48980045319,619.900009155,710.450012207,699.275009155,7.8288698199999995,856645504.0,970624512.0,1452285696.0,HIC,MDR,45.839255631,109.55003759242628,1.0,1
2924.0,SWE,Sweden,Europe,Northern Europe,Västerås,Västerås,GISCO OSM,0.0,1.0,SWE,59.6116886108,16.542552002,36.0,78812.2935944,79537.0123291,81094.1964722,87593.0826416,16.2145748138,18.4482307434,19.5133666992,19.8265323639,205.736618925,231.945231574,240.625933151,226.348151771,1.0,1.0,1.0,34.0,34.0,35.0,0.408989472540042,0.451169560660359,0.442017029111405,6.924540629,27.5192948842,1.8319863735,36.2758218868,17.0561940527,17.3876414605,1.8319863735,36.2758218868,18.8651775212,15.1346611387,2.2759832268,36.2758218868,0.470374020613,52.4,0.74682,"Mild temperate, fully humid, and  Warm summer",Temperate Broadleaf and Mixed Forests,22.0102718733,6.370013237,6.4878821373,6.56397306919,531.400001526,578.425018311,587.500007629,6.566800117,996377344.0,1106882816.0,1389046272.0,HIC,MDR,47.223911974,49.83207569779757,1.0,1
2902.0,SWE,Sweden,Europe,Northern Europe,Linköping,Linköping,GISCO OSM,0.0,1.0,SWE,58.4025618599,15.6190686132,33.0,62474.2922363,70225.2718506,75405.3809204,87198.177124,11.1204814911,12.0873155594,12.9038572311,13.2990074158,178.000919947,172.122018767,171.126477628,152.514741184,1.0,1.0,1.0,23.0,24.0,29.0,0.422147074763897,0.443409812276325,0.452135241346401,15.6795523868,17.3586375429,0.0,33.0381899297,22.7381785551,10.3000113745,0.0,33.0381899297,22.559978265,10.4782116647,0.0,33.0381899297,0.621528500681,68.36,0.44131,"Mild temperate, fully humid, and  Warm summer",Temperate Broadleaf and Mixed Forests,64.6293607609,7.21189641953,7.28000152111,7.38827013969,554.074996948,619.875015259,615.975013733,6.094150066,818472576.0,898849408.0,1264233088.0,HIC,MDR,41.536186681,114.6200839947186,1.0,1
2809.0,SWE,Sweden,Europe,Northern Europe,Lund,Lund,GISCO OSM,0.0,1.0,SWE,55.7101448404,13.1978784787,24.0,50082.3669434,58579.2590942,64325.3516846,76621.2790527,11.7140474319,14.6779088974,15.6309223175,16.753742218,233.895643255,250.564946098,242.997852451,218.65651977,0.0,1.0,1.0,0.0,24.0,24.0,0.463494743967351,0.495783937370714,0.507094704690341,11.3762465843,12.2014897196,0.0,23.5777363039,15.600380640200001,7.9773556637,0.0,23.5777363039,15.600123140200001,7.9776131637,0.0,23.5777363039,0.6065864916979999,65.0,0.49267,"Mild temperate, fully humid, and  Warm summer",Temperate Broadleaf and Mixed Forests,48.3714129513,8.84626841545,8.87773323059,8.97514748573,651.450012207,729.125015259,712.050003052,20.36249924,728167488.0,839358080.0,1216584704.0,HIC,MDR,28.748470108,351.57277295745587,1.0,1
2923.0,SWE,Sweden,Europe,Northern Europe,Norrköping,Norrköping,GISCO OSM,0.0,1.0,SWE,58.5890824913,16.186872354,25.0,58596.854126,59668.2780762,59275.7856445,62792.2197266,11.8652229309,12.1975317001,13.0546779633,13.3765563965,202.489077407,204.422384781,220.236270533,213.028882475,1.0,1.0,1.0,22.0,23.0,23.0,0.408728555092913,0.447833949756532,0.447304501451114,9.8877203957,14.7843932763,0.0,24.6721136721,15.722500861,8.949612811,0.0,24.6721136721,19.0725569342,5.5995567379,0.0,24.6721136721,0.533730674213,76.29,1.8081,"Mild temperate, fully humid, and  Warm summer",Temperate Broadleaf and Mixed Forests,23.4062246017,7.06786096096,7.1762958765,7.28222584724,543.375,600.074996948,597.724998474,6.805500031,632000640.0,694065472.0,894464832.0,HIC,MDR,39.337181625,89.00844507994859,1.0,1
2968.0,SWE,Sweden,Europe,Northern Europe,Södertälje,Södertälje,GISCO OSM,0.0,1.0,SWE,59.1887664293,17.625289105,24.0,38195.7147827,43079.092041,45258.1557617,51781.2910156,9.57434654236,10.2140655518,11.3337574005,11.8743190765,250.665463307,237.100297797,250.424640814,229.316783024,0.0,0.0,0.0,0.0,0.0,0.0,0.383097608662323,0.435539358792949,0.458662068002946,7.953206655,16.2211808373,0.0,24.1743874923,14.0816671044,10.0927203879,0.0,24.1743874923,15.6227789513,8.5516085409,0.0,24.1743874923,0.524303452608,65.09,0.81858,"Mild temperate, fully humid, and  Warm summer",Temperate Broadleaf and Mixed Forests,40.0382922091,7.15319144726,7.3518487215,7.3612493276599995,499.675003052,527.550003052,534.300010681,13.86340046,642693632.0,890522560.0,1237084288.0,HIC,MDR,44.741562208,9.645451832938516,1.0,1
