pid,fid,gender_male,birth_year,father_edu,provcode,family_internet_2018,year,age,urban,education,marital,health,family_internet,internet_use,income,ln_income
1,1,1,1992,6.0,5,1,2018,26,0,9.62839870802359,0,5.0,1,1,42462.0,10.656375559154316
1,1,1,1992,6.0,5,1,2020,28,0,6.589159712257057,1,4.0,1,0,44898.0,10.712157887732415
2,1,1,1975,12.0,10,1,2018,43,1,11.567258128541305,1,5.0,1,1,99849.0,11.511417246361365
2,1,1,1975,12.0,10,1,2020,45,1,15.528773100730408,1,4.0,1,1,105309.0,11.564654481295383
3,1,0,1972,6.0,26,1,2018,46,1,12.290672971905652,1,5.0,1,1,76574.0,11.246014838811103
3,1,0,1972,6.0,26,1,2020,48,0,10.343345220481218,1,5.0,1,1,36772.0,10.51250390937858
4,2,0,1983,6.0,20,1,2018,35,1,8.489629918233165,1,4.0,1,1,113156.0,11.636523120951253
4,2,0,1983,6.0,20,1,2020,37,1,11.45303622827862,1,5.0,1,1,114181.0,11.645543852229594
5,2,1,1993,12.0,6,1,2018,25,1,14.022905174166892,1,5.0,1,1,103343.0,11.545812956468922
5,2,1,1993,12.0,6,1,2020,27,0,12.691591796294437,1,5.0,1,1,66992.0,11.112326039508435
6,3,0,1988,9.0,10,0,2018,30,1,10.582162382234445,1,3.0,0,1,67774.0,11.123932874785615
6,3,0,1988,9.0,10,0,2020,32,1,14.38017381018376,0,5.0,0,1,98316.0,11.495946019305318
7,4,1,1981,6.0,11,1,2018,37,1,11.338808408197412,1,4.0,1,1,98233.0,11.495101539483029
7,4,1,1981,6.0,11,1,2020,39,0,8.456098360166692,1,3.0,1,1,20174.0,9.912165589721852
8,4,1,1968,6.0,5,1,2018,50,1,5.56430148176942,1,5.0,1,1,69014.0,11.142066775525286
8,4,1,1968,6.0,5,1,2020,52,1,7.885174655503346,1,2.0,1,1,30594.0,10.328572480671896
9,4,0,1973,6.0,1,1,2018,45,0,7.1874114680757595,1,5.0,1,1,52416.0,10.866973631685331
9,4,0,1973,6.0,1,1,2020,47,0,9.445822775054156,1,5.0,1,1,31993.0,10.373266995621114
10,5,0,1975,9.0,10,1,2018,43,1,12.036574925930214,1,5.0,1,1,49710.0,10.813953555846417
10,5,0,1975,9.0,10,1,2020,45,0,13.989709539918831,1,4.0,1,1,33631.0,10.423195505696977
11,6,1,1966,12.0,17,1,2018,52,0,13.826128073268752,1,4.0,1,1,105278.0,11.564356133250104
11,6,1,1966,12.0,17,1,2020,54,0,13.837818060811227,1,4.0,1,1,66497.0,11.104915881983827
12,6,0,1989,9.0,20,1,2018,29,0,11.049034325311725,1,4.0,1,1,72880.0,11.196569362319153
12,6,0,1989,9.0,20,1,2020,31,0,9.383950714717503,1,5.0,1,0,15419.0,9.643366809798357
13,7,1,1975,6.0,14,1,2018,43,1,5.5562352291504515,1,3.0,1,1,33130.0,10.408183028886386
13,7,1,1975,6.0,14,1,2020,45,0,11.154447527904873,1,4.0,1,1,83423.0,11.331683901556264
14,8,1,1972,9.0,19,1,2018,46,1,12.700268769403982,1,4.0,1,1,96384.0,11.476095865788764
14,8,1,1972,9.0,19,1,2020,48,0,13.630763903534525,1,3.0,1,1,90022.0,11.407805558224945
15,9,1,1976,6.0,13,1,2018,42,1,11.54704821023139,1,4.0,1,1,72911.0,11.19699165690966
15,9,1,1976,6.0,13,1,2020,44,1,11.052196258937048,1,4.0,1,1,220301.0,12.30274879055235
16,9,1,1988,12.0,11,1,2018,30,1,14.903628761343647,1,4.0,1,1,92016.0,11.429718123535848
16,9,1,1988,12.0,11,1,2020,32,1,12.518703964975437,0,4.0,1,1,41293.0,10.628451296959874
17,10,0,1990,12.0,14,1,2018,28,0,10.88594117958765,1,4.0,1,1,,
17,10,0,1990,12.0,14,1,2020,30,1,14.969684251378034,1,5.0,1,1,31643.0,10.362257004352083
18,11,0,1989,9.0,26,1,2018,29,1,10.936594502810909,0,4.0,1,1,42098.0,10.6477558655398
18,11,0,1989,9.0,26,1,2020,31,0,,1,4.0,1,1,101525.0,11.528065208852945
19,12,1,1990,6.0,27,1,2018,28,1,9.272181363975113,1,4.0,1,1,72169.0,11.186769470799568
19,12,1,1990,6.0,27,1,2020,30,0,10.090465987306183,1,3.0,1,1,38884.0,10.568336355091649
20,12,1,1992,6.0,8,0,2018,26,1,7.4637445891740555,0,5.0,0,1,25439.0,10.144019841468621
20,12,1,1992,6.0,8,0,2020,28,1,5.256069945872884,1,5.0,0,1,59097.0,10.98693310911477
21,12,0,1966,9.0,10,1,2018,52,1,9.942740629248414,1,3.0,1,0,34382.0,10.445299230206599
21,12,0,1966,9.0,10,1,2020,54,0,10.05434778421387,1,3.0,1,1,25599.0,10.150308237861015
22,13,0,1972,9.0,18,1,2018,46,1,,1,4.0,1,1,44447.0,10.702059862262248
22,13,0,1972,9.0,18,1,2020,48,0,14.301008327477426,1,5.0,1,0,54330.0,10.902823153263824
23,14,1,1989,6.0,26,1,2018,29,0,6.641403759668258,0,4.0,1,0,14798.0,9.602274788916684
23,14,1,1989,6.0,26,1,2020,31,1,8.49045056474385,1,4.0,1,0,34635.0,10.452606860212986
24,14,0,1964,9.0,12,1,2018,54,0,11.068528134697706,1,4.0,1,1,43975.0,10.691378401039637
24,14,0,1964,9.0,12,1,2020,56,1,14.583195404971974,1,4.0,1,0,35919.0,10.489013737741276
25,14,1,1986,13.0,4,1,2018,32,1,13.877082482205068,1,5.0,1,1,65589.0,11.091157325544165
25,14,1,1986,13.0,4,1,2020,34,0,16.768582437855926,1,3.0,1,1,46571.0,10.74873505586896
26,15,1,1983,9.0,28,1,2018,35,0,13.728006733848156,1,4.0,1,0,32060.0,10.375356139268245
26,15,1,1983,9.0,28,1,2020,37,0,14.026649471743166,1,5.0,1,1,50220.0,10.824164152543105
27,16,0,1987,12.0,23,1,2018,31,0,17.15086171955279,1,3.0,1,1,22849.0,10.036657487269169
27,16,0,1987,12.0,23,1,2020,33,0,10.987656829107925,0,4.0,1,0,59277.0,10.989979495271658
28,16,1,1991,9.0,25,0,2018,27,0,10.717654471615088,0,4.0,0,0,,
28,16,1,1991,9.0,25,0,2020,29,1,8.64228238349653,1,4.0,1,1,,
29,16,0,1972,6.0,11,1,2018,46,0,7.625939572555992,1,3.0,1,1,14578.0,9.587270019250008
29,16,0,1972,6.0,11,1,2020,48,1,9.492595551409835,1,4.0,1,1,24875.0,10.121632610343454
30,17,1,1972,6.0,4,1,2018,46,1,10.590011252514358,1,3.0,1,1,145920.0,11.890812159762604
30,17,1,1972,6.0,4,1,2020,48,1,9.4853275932642,1,4.0,1,1,49344.0,10.806579195843684
31,17,1,1980,12.0,23,1,2018,38,0,14.348360272059928,1,4.0,1,1,61857.0,11.032576483845624
31,17,1,1980,12.0,23,1,2020,40,1,19.21552539025008,1,3.0,1,1,153318.0,11.940271465241569
32,17,0,1963,6.0,3,1,2018,55,0,7.054988194032509,1,4.0,1,1,28418.0,10.254789460584568
32,17,0,1963,6.0,3,1,2020,57,1,7.2574683697179605,1,4.0,1,0,97824.0,11.490930151805621
33,18,1,1963,6.0,2,1,2018,55,1,8.490431697781212,1,4.0,1,1,71421.0,11.176351680182744
33,18,1,1963,6.0,2,1,2020,57,0,7.4246777053702715,1,4.0,1,0,38014.0,10.545720373496042
34,18,0,1976,9.0,5,0,2018,42,1,12.288611862371974,1,5.0,0,1,87382.0,11.378046483484306
34,18,0,1976,9.0,5,0,2020,44,1,10.26338758156604,1,,0,1,58398.0,10.975033983014958
35,18,0,1987,6.0,1,1,2018,31,0,9.512486830002732,0,4.0,1,0,13382.0,9.501676559388532
35,18,0,1987,6.0,1,1,2020,33,1,9.439505462704224,1,3.0,1,0,,
36,19,1,1964,9.0,25,1,2018,54,0,12.726176886320253,1,5.0,1,0,64205.0,11.069835156758225
36,19,1,1964,9.0,25,1,2020,56,1,12.284534975495037,1,3.0,1,1,,
37,20,1,1992,6.0,13,1,2018,26,0,9.305897019193264,0,4.0,1,1,52475.0,10.868090056230141
37,20,1,1992,6.0,13,1,2020,28,1,6.807374519125865,1,5.0,1,0,30368.0,10.321142617840927
38,21,0,1989,9.0,15,1,2018,29,0,13.481077946300172,0,4.0,1,1,40615.0,10.611899148075194
38,21,0,1989,9.0,15,1,2020,31,0,10.96073345352908,1,4.0,1,1,50143.0,10.822633700878702
39,21,1,1985,12.0,21,1,2018,33,1,14.783564283811156,0,4.0,1,1,,
39,21,1,1985,12.0,21,1,2020,35,1,17.091624993495717,1,4.0,1,0,119768.0,11.693314212298985
40,22,1,1987,9.0,17,1,2018,31,1,12.264558178336367,1,3.0,1,0,101883.0,11.53157798693063
40,22,1,1987,9.0,17,1,2020,33,1,8.30861207658674,1,4.0,1,1,43493.0,10.680361743533032
41,22,0,1978,6.0,18,1,2018,40,1,7.864796515251168,1,4.0,1,1,34474.0,10.44797148985375
41,22,0,1978,6.0,18,1,2020,42,1,11.772440522687246,1,3.0,1,1,36570.0,10.50697732263144
42,22,0,1977,9.0,22,1,2018,41,0,13.075365947892402,1,4.0,1,1,32926.0,10.40202471053556
42,22,0,1977,9.0,22,1,2020,43,0,12.444132323833998,1,4.0,1,1,43365.0,10.6774162276656
43,23,1,1991,9.0,4,1,2018,27,0,10.109357861432304,0,5.0,1,1,28237.0,10.248402976906965
43,23,1,1991,9.0,4,1,2020,29,0,12.783110429068957,1,4.0,1,1,63225.0,11.054454272105309
44,24,1,1993,12.0,24,1,2018,25,1,14.841455525763092,1,4.0,1,1,104639.0,11.55827352916176
44,24,1,1993,12.0,24,1,2020,27,1,15.374195931970727,1,5.0,1,1,261686.0,12.474900063204146
45,24,1,1966,13.0,21,1,2018,52,1,17.781312026840038,1,4.0,1,1,196905.0,12.190478384181592
45,24,1,1966,13.0,21,1,2020,54,0,18.385798000930194,1,3.0,1,1,,
46,25,1,1978,9.0,16,0,2018,40,1,12.818315591849485,1,4.0,0,1,155097.0,11.951806541526649
46,25,1,1978,9.0,16,0,2020,42,0,14.428907072513898,1,4.0,0,1,62972.0,11.05044649071652
47,26,1,1982,6.0,25,1,2018,36,0,7.927434104405303,1,5.0,1,0,36805.0,10.513398287914775
47,26,1,1982,6.0,25,1,2020,38,1,9.102410789771396,0,5.0,1,1,30581.0,10.328139664045779
48,26,0,1979,12.0,10,1,2018,39,0,13.251622707898976,1,2.0,1,1,64815.0,11.079291384936615
48,26,0,1979,12.0,10,1,2020,41,0,14.265162611324865,1,4.0,1,1,155478.0,11.954258531637407
49,27,0,1978,9.0,24,1,2018,40,0,12.336339379817858,0,4.0,1,1,,
49,27,0,1978,9.0,24,1,2020,42,1,5.97567898421358,1,4.0,1,1,48763.0,10.794722276040366
50,27,1,1969,12.0,23,1,2018,49,0,16.33559429159005,1,3.0,1,0,101634.0,11.529130475989314
50,27,1,1969,12.0,23,1,2020,51,1,15.734283099953823,1,5.0,1,1,67318.0,11.117190107204163
51,28,0,1974,6.0,9,1,2018,44,0,9.352238300259774,1,4.0,1,1,37106.0,10.521535745521913
51,28,0,1974,6.0,9,1,2020,46,0,10.44042619338106,1,4.0,1,1,37774.0,10.539386261151455
52,28,1,1986,12.0,26,1,2018,32,1,13.535110645696497,1,4.0,1,1,78589.0,11.271984889986287
52,28,1,1986,12.0,26,1,2020,34,0,12.888019600260836,0,4.0,1,1,78172.0,11.266672006553586
53,28,0,1973,9.0,13,1,2018,45,0,8.744617039054795,1,3.0,1,1,43650.0,10.6839611507107
53,28,0,1973,9.0,13,1,2020,47,0,11.607299795189459,1,4.0,1,0,29002.0,10.275126172532666
54,29,1,1969,6.0,26,0,2018,49,0,7.193345202032483,1,4.0,0,1,,
54,29,1,1969,6.0,26,0,2020,51,0,8.604719830140137,1,5.0,0,0,60848.0,11.016139226638435
55,29,0,1984,9.0,8,1,2018,34,0,12.126394566442288,1,3.0,1,1,60753.0,11.014568386155531
55,29,0,1984,9.0,8,1,2020,36,1,10.617230368301023,0,4.0,1,1,,
56,30,1,1970,6.0,12,1,2018,48,1,5.799275611191678,1,4.0,1,0,38642.0,10.562095026058243
56,30,1,1970,6.0,12,1,2020,50,0,9.024868026990694,1,4.0,1,1,47945.0,10.77781426593211
57,30,0,1975,9.0,24,1,2018,43,1,13.08835377715211,1,3.0,1,1,51244.0,10.844354893303654
57,30,0,1975,9.0,24,1,2020,45,0,13.03332931585234,1,4.0,1,1,65220.0,11.085518677617344
58,30,1,1976,6.0,25,0,2018,42,0,9.255812075570118,1,5.0,0,1,103189.0,11.544313753096322
58,30,1,1976,6.0,25,0,2020,44,1,7.201353128152832,1,4.0,0,1,80127.0,11.291362380638656
59,31,1,1963,9.0,9,1,2018,55,1,12.483535926109464,1,4.0,1,1,93221.0,11.442727163831512
59,31,1,1963,9.0,9,1,2020,57,0,11.46221474223448,1,4.0,1,0,26047.0,10.167666601952318
60,32,0,1972,9.0,12,1,2018,46,1,12.178286762782939,1,4.0,1,1,51619.0,10.851636929211557
60,32,0,1972,9.0,12,1,2020,48,0,11.902319706250715,1,4.0,1,0,29529.0,10.29311155992934
61,33,0,1968,6.0,24,1,2018,50,0,5.734583737703336,1,3.0,1,0,,
61,33,0,1968,6.0,24,1,2020,52,1,9.732425987601594,1,4.0,1,1,74365.0,11.21674452147946
62,33,0,1968,6.0,18,1,2018,50,0,6.54253705831942,1,5.0,1,1,49720.0,10.814161467625022
62,33,0,1968,6.0,18,1,2020,52,1,4.876715986132165,1,3.0,1,0,20197.0,9.913265059590076
63,34,1,1969,9.0,4,1,2018,49,1,13.732335764541832,1,3.0,1,1,47161.0,10.761328907491496
63,34,1,1969,9.0,4,1,2020,51,1,13.086254210834403,1,4.0,1,1,86991.0,11.37355733196277
64,34,1,1977,12.0,6,1,2018,41,0,18.951719403839135,1,4.0,1,0,59113.0,10.987201764137781
64,34,1,1977,12.0,6,1,2020,43,1,11.329189969545322,1,3.0,1,1,81650.0,11.31019293782549
65,35,1,1982,9.0,16,1,2018,36,1,11.684519216770997,0,4.0,1,0,60187.0,11.00520756719855
65,35,1,1982,9.0,16,1,2020,38,0,11.077586175392913,0,4.0,1,1,61233.0,11.022439494650145
66,35,1,1986,9.0,10,1,2018,32,0,14.181515608252157,0,3.0,1,1,62697.0,11.046061912940187
66,35,1,1986,9.0,10,1,2020,34,1,14.797820395458524,1,5.0,1,1,86997.0,11.373624777332873
67,36,1,1981,12.0,7,0,2018,37,1,15.397776903835908,0,5.0,0,1,92723.0,11.437373798594042
67,36,1,1981,12.0,7,0,2020,39,0,15.088919534401963,1,4.0,0,1,122801.0,11.718317907723687
68,36,1,1975,12.0,5,1,2018,43,0,15.5721910061378,1,4.0,1,1,130949.0,11.782560806708739
68,36,1,1975,12.0,5,1,2020,45,0,14.438477828559892,1,4.0,1,1,82233.0,11.317313926078375
69,36,1,1979,9.0,17,0,2018,39,0,6.240752440363884,1,3.0,0,0,73873.0,11.210098164442435
69,36,1,1979,9.0,17,0,2020,41,0,12.53808689480071,1,4.0,0,1,68712.0,11.137679670125577
70,37,0,1963,9.0,11,1,2018,55,1,13.673443608579596,1,5.0,1,1,31458.0,10.356410662119101
70,37,0,1963,9.0,11,1,2020,57,0,10.417382309116803,1,3.0,1,0,21473.0,9.974570004930156
71,37,1,1974,9.0,9,1,2018,44,0,10.243937014200098,1,5.0,1,1,91566.0,11.424817010666501
71,37,1,1974,9.0,9,1,2020,46,1,6.7207029676610315,1,3.0,1,0,25482.0,10.145729771474112
72,37,1,1985,6.0,13,1,2018,33,1,5.340355400853627,0,4.0,1,1,38538.0,10.559388954847991
72,37,1,1985,6.0,13,1,2020,35,0,7.6801660033650805,0,5.0,1,0,35009.0,10.463361078499828
73,38,0,1980,9.0,4,1,2018,38,1,15.946984579957022,1,4.0,1,1,,
73,38,0,1980,9.0,4,1,2020,40,0,12.978335682340918,1,2.0,1,1,115108.0,11.653622333744073
74,38,0,1990,9.0,24,1,2018,28,1,8.233867227828362,1,5.0,1,1,72771.0,11.19507601788862
74,38,0,1990,9.0,24,1,2020,30,1,8.691657694568686,1,4.0,1,1,61298.0,11.02350009195646
75,38,0,1971,12.0,9,1,2018,47,1,17.539008819662705,1,4.0,1,1,226334.0,12.329768227948707
75,38,0,1971,12.0,9,1,2020,49,0,11.636927610268746,1,4.0,1,0,62472.0,11.042469653926918
76,39,1,1988,12.0,13,1,2018,30,0,15.05122664633427,1,4.0,1,1,74593.0,11.219802208559106
76,39,1,1988,12.0,13,1,2020,32,0,11.058803945811455,0,4.0,1,1,66999.0,11.112432733060958
77,39,0,1986,9.0,11,0,2018,32,1,13.177481826972594,1,4.0,0,1,110253.0,11.610529132591045
77,39,0,1986,9.0,11,0,2020,34,0,17.137357629891767,1,2.0,0,1,79725.0,11.286341930223166
78,40,1,1978,9.0,13,0,2018,40,0,12.342424635269442,1,5.0,0,1,54747.0,10.910472692474222
78,40,1,1978,9.0,13,0,2020,42,0,12.797148260137236,1,4.0,1,1,110990.0,11.61719510714634
79,40,1,1992,6.0,8,1,2018,26,1,7.9967177825011895,1,4.0,1,0,30138.0,10.313554532093065
79,40,1,1992,6.0,8,1,2020,28,1,7.590208147079261,1,4.0,1,1,52196.0,10.86275375920857
80,40,0,1964,6.0,20,1,2018,54,1,8.065694488944883,1,3.0,1,0,37033.0,10.519572181791485
80,40,0,1964,6.0,20,1,2020,56,1,7.664244376314572,1,4.0,1,1,20483.0,9.927374545831228
81,41,1,1965,6.0,7,1,2018,53,1,8.765283977873088,1,4.0,1,0,36227.0,10.497568948938474
81,41,1,1965,6.0,7,1,2020,55,0,6.9868209428835515,1,4.0,1,1,,
82,41,0,1983,9.0,11,1,2018,35,1,10.299630048967387,1,4.0,1,1,68562.0,11.13549109004521
82,41,0,1983,9.0,11,1,2020,37,1,,1,4.0,1,1,42761.0,10.663392278971486
83,42,1,1989,9.0,3,1,2018,29,1,,0,3.0,1,1,63848.0,11.064257792608258
83,42,1,1989,9.0,3,1,2020,31,0,8.274936981313964,0,,1,0,71984.0,11.184205766901337
84,42,0,1972,6.0,12,1,2018,46,1,7.541803390806655,1,4.0,1,1,31735.0,10.365169007017414
84,42,0,1972,6.0,12,1,2020,48,0,9.10761174058099,1,4.0,1,1,46147.0,10.739582462013775
85,42,0,1971,9.0,25,0,2018,47,0,10.228221482140418,1,4.0,0,0,45827.0,10.73263009664428
85,42,0,1971,9.0,25,0,2020,49,0,12.059727250576202,1,3.0,1,0,40401.0,10.606600500558605
86,43,1,1965,9.0,15,1,2018,53,0,14.73513022529167,1,3.0,1,1,75008.0,11.225347711563206
86,43,1,1965,9.0,15,1,2020,55,1,12.46994784984691,1,4.0,1,0,53544.0,10.88825175400429
87,44,1,1976,12.0,17,1,2018,42,0,16.42675760495822,1,4.0,1,1,84324.0,11.342416854354338
87,44,1,1976,12.0,17,1,2020,44,1,16.616090570715972,1,,1,1,117620.0,11.675211799939094
88,45,0,1989,6.0,22,1,2018,29,0,6.132416913921179,0,3.0,1,1,44821.0,10.710427715460995
88,45,0,1989,6.0,22,1,2020,31,0,8.878961006353562,1,4.0,1,1,46130.0,10.739218835302188
89,45,1,1972,15.0,1,1,2018,46,0,19.991246829453736,1,5.0,1,1,181883.0,12.11111819101927
89,45,1,1972,15.0,1,1,2020,48,1,18.89597353235148,1,4.0,1,1,87025.0,11.373955725391333
90,45,0,1991,9.0,15,1,2018,27,1,13.953086932316602,0,4.0,1,1,93731.0,11.44817915601795
90,45,0,1991,9.0,15,1,2020,29,1,8.81371296922391,0,3.0,1,0,18143.0,9.806018238504413
91,46,1,1977,9.0,11,1,2018,41,1,11.536960081817726,1,3.0,1,1,56622.0,10.944156896967256
91,46,1,1977,9.0,11,1,2020,43,0,9.351489182815858,1,5.0,1,1,46319.0,10.743299014649372
92,47,0,1970,6.0,3,1,2018,48,0,10.659353100562864,1,4.0,1,0,32637.0,10.393215271901779
92,47,0,1970,6.0,3,1,2020,50,1,,1,4.0,1,1,43023.0,10.669489492833774
93,47,1,1972,12.0,15,1,2018,46,1,12.180315533906883,1,4.0,1,1,99444.0,11.507349867845104
93,47,1,1972,12.0,15,1,2020,48,1,14.269331480313767,1,4.0,1,1,214089.0,12.274145026022126
94,47,0,1966,12.0,8,1,2018,52,1,17.68616846742773,1,4.0,1,1,88065.0,11.385832820112636
94,47,0,1966,12.0,8,1,2020,54,0,17.314072926761455,1,4.0,1,1,54440.0,10.904858898861164
95,48,1,1968,9.0,16,0,2018,50,0,10.65281697581681,1,5.0,0,1,18008.0,9.798571223953719
95,48,1,1968,9.0,16,0,2020,52,1,11.874646577780961,1,3.0,0,0,91899.0,11.428446400668822
96,48,1,1990,9.0,3,1,2018,28,1,13.575090538489182,0,5.0,1,1,89316.0,11.399931195109309
96,48,1,1990,9.0,3,1,2020,30,0,9.70149073843075,1,4.0,1,1,81161.0,11.304190706160657
97,49,0,1987,6.0,18,1,2018,31,1,9.192789125851261,1,4.0,1,1,18480.0,9.824468229374821
97,49,0,1987,6.0,18,1,2020,33,0,11.63290109939437,0,5.0,1,1,62908.0,11.049426748979412
98,49,0,1975,9.0,10,1,2018,43,0,10.457074696591782,1,4.0,1,0,29683.0,10.298322662918775
98,49,0,1975,9.0,10,1,2020,45,0,13.121466501828344,1,5.0,1,1,54900.0,10.913265256422424
99,50,0,1992,9.0,11,1,2018,26,1,10.220146879405785,1,5.0,1,1,43724.0,10.685647055490742
99,50,0,1992,9.0,11,1,2020,28,0,15.72582630600036,0,4.0,1,1,53950.0,10.895817133829677
100,50,0,1988,9.0,20,1,2018,30,1,11.898933634608673,1,5.0,1,1,38055.0,10.546793004313756
100,50,0,1988,9.0,20,1,2020,32,1,14.573103951450179,1,4.0,1,1,68760.0,11.138380395129348
101,51,0,1970,9.0,10,1,2018,48,0,12.229837388840414,1,5.0,1,1,87456.0,11.378891089049029
101,51,0,1970,9.0,10,1,2020,50,1,5.794503273715753,1,4.0,1,1,47947.0,10.777857958368985
102,51,0,1983,12.0,18,1,2018,35,1,11.655895195505096,0,3.0,1,0,81055.0,11.30287919192427
102,51,0,1983,12.0,18,1,2020,37,1,15.467943761042953,1,4.0,1,1,55118.0,10.917222864823605
103,52,0,1968,6.0,6,1,2018,50,0,5.436099774353813,1,4.0,1,1,17823.0,9.78823746232415
103,52,0,1968,6.0,6,1,2020,52,1,10.1247844472766,1,4.0,1,1,73553.0,11.205755903251768
104,53,1,1992,6.0,24,0,2018,26,1,,0,5.0,0,1,40910.0,10.619123685817865
104,53,1,1992,6.0,24,0,2020,28,0,8.821957067162655,0,5.0,0,1,54575.0,10.907336526020375
105,54,1,1963,9.0,20,0,2018,55,1,12.881293511870043,1,3.0,0,0,127392.0,11.755026546472216
105,54,1,1963,9.0,20,0,2020,57,0,11.087154313019706,1,4.0,0,0,22064.0,10.001712204957155
106,54,0,1993,6.0,9,0,2018,25,1,10.114316225870322,0,5.0,0,1,52073.0,10.860393440085
106,54,0,1993,6.0,9,0,2020,27,0,12.83489441238491,0,5.0,0,0,28072.0,10.24252493577546
107,54,1,1981,9.0,9,1,2018,37,0,12.909934115715899,1,4.0,1,1,75567.0,11.232780411477288
107,54,1,1981,9.0,9,1,2020,39,0,10.160810088960206,1,5.0,1,1,72148.0,11.186468551614455
108,55,1,1974,9.0,15,1,2018,44,1,12.310829722626199,1,4.0,1,1,88337.0,11.38891739612498
108,55,1,1974,9.0,15,1,2020,46,0,9.701472725262548,1,4.0,1,0,40736.0,10.61486348038121
109,55,1,1988,6.0,25,1,2018,30,1,9.927006606251272,1,4.0,1,1,65030.0,11.082606772266269
109,55,1,1988,6.0,25,1,2020,32,0,11.566700010880776,0,5.0,1,1,81580.0,11.309333688259295
110,56,1,1983,6.0,11,1,2018,35,1,10.213654982652205,1,4.0,1,1,60899.0,11.016974157769623
110,56,1,1983,6.0,11,1,2020,37,1,7.166783412953308,1,3.0,1,1,28081.0,10.242848218228517
111,57,0,1983,12.0,21,1,2018,35,0,20.642856765715926,1,4.0,1,1,136155.0,11.821546681501115
111,57,0,1983,12.0,21,1,2020,37,0,13.629780218471119,1,5.0,1,1,69954.0,11.155589788593671
112,57,0,1970,12.0,6,1,2018,48,0,14.811515109453042,1,4.0,1,1,45600.0,10.727670320657907
112,57,0,1970,12.0,6,1,2020,50,0,13.993063979250849,1,4.0,1,1,68373.0,11.132737605970467
113,58,0,1988,12.0,8,1,2018,30,1,15.0686517155764,1,4.0,1,1,57050.0,10.951687551180704
113,58,0,1988,12.0,8,1,2020,32,1,16.691364627151025,0,5.0,1,1,40872.0,10.618188291205033
114,59,1,1963,12.0,10,1,2018,55,1,17.242305327060418,1,4.0,1,1,173543.0,12.064178476682201
114,59,1,1963,12.0,10,1,2020,57,0,14.62766800595062,1,3.0,1,1,37322.0,10.527325255531773
115,59,1,1967,6.0,16,1,2018,51,0,,1,4.0,1,0,78875.0,11.275620006126738
115,59,1,1967,6.0,16,1,2020,53,1,7.38033573886652,1,4.0,1,0,65146.0,11.08438872635312
116,60,0,1976,6.0,1,1,2018,42,0,6.574182641149447,1,4.0,1,0,,
116,60,0,1976,6.0,1,1,2020,44,0,8.753646295509784,1,4.0,1,0,29465.0,10.290944288459524
117,60,0,1983,12.0,27,1,2018,35,1,14.84152388423589,1,3.0,1,0,67111.0,11.114110465441458
117,60,0,1983,12.0,27,1,2020,37,1,15.795545119507464,1,5.0,1,1,101907.0,11.531819406078107
118,61,1,1981,12.0,10,0,2018,37,1,13.548866767281687,1,4.0,0,0,43862.0,10.688799568608555
118,61,1,1981,12.0,10,0,2020,39,0,11.931821671543599,1,4.0,0,1,42814.0,10.664619925201192
119,61,1,1964,9.0,11,1,2018,54,1,13.402940246788107,1,4.0,1,1,111140.0,11.618547375246758
119,61,1,1964,9.0,11,1,2020,56,0,9.15980715830207,1,5.0,1,0,63236.0,11.054621553951943
120,62,0,1982,9.0,5,1,2018,36,0,12.206419586603516,1,4.0,1,1,44744.0,10.708709108632176
120,62,0,1982,9.0,5,1,2020,38,1,12.019816940967546,1,4.0,1,1,109195.0,11.600887269160019
121,63,1,1974,9.0,4,1,2018,44,1,9.64507053316078,1,4.0,1,1,60210.0,11.005591246530592
121,63,1,1974,9.0,4,1,2020,46,1,10.417222427338457,1,4.0,1,0,58722.0,10.980573709065157
122,64,1,1983,12.0,27,1,2018,35,1,11.104147714178357,1,3.0,1,1,113571.0,11.640184799891875
122,64,1,1983,12.0,27,1,2020,37,1,17.685064806411404,1,4.0,1,1,226043.0,12.328480722245718
123,64,1,1988,6.0,1,0,2018,30,0,8.567322510994657,1,4.0,0,1,50516.0,10.830053078997471
123,64,1,1988,6.0,1,0,2020,32,1,11.245396774757472,0,3.0,0,1,54690.0,10.909437666437098
124,64,0,1983,6.0,5,1,2018,35,1,9.350922477165998,1,5.0,1,1,88510.0,11.390866871019899
124,64,0,1983,6.0,5,1,2020,37,0,9.322862618880986,1,4.0,1,1,25693.0,10.153980015354383
125,65,0,1983,6.0,3,1,2018,35,0,9.295244212518186,1,4.0,1,0,27584.0,10.224986135883466
125,65,0,1983,6.0,3,1,2020,37,1,10.204725050093401,1,4.0,1,1,75737.0,11.235023253046283
126,65,1,1966,9.0,4,1,2018,52,0,13.844535923666687,1,3.0,1,0,43373.0,10.677584160740993
126,65,1,1966,9.0,4,1,2020,54,1,12.792810765550106,1,4.0,1,1,117535.0,11.674493447305654
127,66,0,1988,6.0,4,1,2018,30,1,8.04941615899315,1,4.0,1,0,30904.0,10.338645696656153
127,66,0,1988,6.0,4,1,2020,32,0,7.111086659172789,0,4.0,1,0,12600.0,9.441468386768157
128,66,1,1992,9.0,26,1,2018,26,0,14.569296354567289,0,3.0,1,1,37345.0,10.527957421409184
128,66,1,1992,9.0,26,1,2020,28,0,13.049638144606972,1,4.0,1,1,29709.0,10.299210526417252
129,67,0,1963,6.0,4,1,2018,55,1,7.818109550964214,1,4.0,1,1,25146.0,10.132467232096493
129,67,0,1963,6.0,4,1,2020,57,1,7.392897091715805,1,3.0,1,0,21211.0,9.962282164495276
130,67,1,1977,12.0,23,1,2018,41,1,18.047344926669968,1,5.0,1,1,85762.0,11.359332367481471
130,67,1,1977,12.0,23,1,2020,43,0,14.202620626639355,1,4.0,1,1,49985.0,10.819482048484474
131,68,1,1972,12.0,22,1,2018,46,1,16.40676709391334,1,4.0,1,1,125155.0,11.73730491833812
131,68,1,1972,12.0,22,1,2020,48,0,14.295426513933995,1,3.0,1,1,69144.0,11.143941143528044
132,68,1,1968,6.0,11,1,2018,50,0,11.015101560614267,1,5.0,1,1,51088.0,10.841312153584843
132,68,1,1968,6.0,11,1,2020,52,0,5.962857080901549,1,3.0,1,0,20085.0,9.907750908843404
133,68,1,1970,13.0,15,1,2018,48,1,17.388227802912727,1,5.0,1,1,221375.0,12.307612581923664
133,68,1,1970,13.0,15,1,2020,50,0,16.716590191335165,1,4.0,1,1,51272.0,10.844897573751142
134,69,1,1983,9.0,21,1,2018,35,0,10.5556805831947,1,4.0,1,1,89967.0,11.407199484122462
134,69,1,1983,9.0,21,1,2020,37,0,10.395011372609735,1,4.0,1,1,37045.0,10.519886271809785
135,69,1,1971,9.0,6,1,2018,47,0,14.385851761413472,1,4.0,1,1,66039.0,11.098000543787295
135,69,1,1971,9.0,6,1,2020,49,0,11.905364490748548,1,5.0,1,1,64219.0,11.070057732215332
136,69,0,1968,9.0,23,1,2018,50,1,11.119235003812785,1,4.0,1,1,43947.0,10.690737807551633
136,69,0,1968,9.0,23,1,2020,52,0,11.375568585936492,1,3.0,1,0,24835.0,10.120012498909166
137,70,1,1992,12.0,9,1,2018,26,0,15.489331381577047,1,4.0,1,0,101808.0,11.530842323217417
137,70,1,1992,12.0,9,1,2020,28,1,14.873471985200466,0,4.0,1,1,115133.0,11.653847084298928
138,71,1,1980,9.0,20,1,2018,38,1,13.28267733200383,1,5.0,1,1,141043.0,11.85682045623647
138,71,1,1980,9.0,20,1,2020,40,1,11.584826465374984,1,4.0,1,1,52469.0,10.867973873946111
139,71,0,1977,9.0,27,0,2018,41,0,12.320492456930488,1,3.0,0,1,44282.0,10.698342076631855
139,71,0,1977,9.0,27,0,2020,43,0,9.878277378369939,1,4.0,0,1,45873.0,10.733631795416201
140,71,0,1974,12.0,26,1,2018,44,1,17.76186807927192,0,4.0,1,1,157000.0,11.96400097392923
140,71,0,1974,12.0,26,1,2020,46,0,13.275741017054916,1,5.0,1,1,90940.0,11.417955679619958
141,72,1,1984,9.0,4,1,2018,34,0,11.821317539355165,1,5.0,1,1,69479.0,11.148785733210023
141,72,1,1984,9.0,4,1,2020,36,1,12.01284981026523,0,,1,0,73957.0,11.211238352898738
142,73,0,1974,9.0,1,1,2018,44,0,7.499013702254823,1,4.0,1,0,10907.0,9.297173941515176
142,73,0,1974,9.0,1,1,2020,46,1,9.955353661152891,1,4.0,1,1,48539.0,10.790123453398602
143,73,1,1970,6.0,8,1,2018,48,0,7.892612913764242,1,4.0,1,1,68582.0,11.135786747997386
143,73,1,1970,6.0,8,1,2020,50,1,7.001465087133953,1,4.0,1,1,76012.0,11.238646293177615
144,74,1,1964,6.0,8,1,2018,54,1,8.566803801380088,1,5.0,1,1,78008.0,11.26456217646054
144,74,1,1964,6.0,8,1,2020,56,1,9.864194085597315,1,5.0,1,0,91828.0,11.427670680818082
145,75,0,1970,6.0,25,1,2018,48,0,13.425813173764391,1,4.0,1,1,24207.0,10.094411606832104
145,75,0,1970,6.0,25,1,2020,50,1,9.504593163026515,1,3.0,1,0,27298.0,10.214581512701184
146,75,1,1979,6.0,28,1,2018,39,1,10.353520721416897,1,4.0,1,1,45791.0,10.73183658963814
146,75,1,1979,6.0,28,1,2020,41,1,8.364101821072365,1,4.0,1,1,41696.0,10.638161204881147
147,76,0,1986,9.0,2,0,2018,32,0,11.736216053653237,1,3.0,0,1,,
147,76,0,1986,9.0,2,0,2020,34,0,,0,5.0,0,0,31998.0,10.373414302208479
148,76,0,1985,6.0,24,1,2018,33,1,10.53196530324886,1,4.0,1,1,32189.0,10.379380740549827
148,76,0,1985,6.0,24,1,2020,35,1,9.566206811540066,1,4.0,1,1,60923.0,11.017361502520338
149,76,1,1966,9.0,11,0,2018,52,1,11.573875259231599,1,3.0,0,0,80105.0,11.291094210818056
149,76,1,1966,9.0,11,0,2020,54,1,8.523392140977407,1,4.0,0,1,39001.0,10.571344517439455
150,77,0,1990,6.0,3,1,2018,28,0,8.43765529683999,0,4.0,1,0,20217.0,9.914289401419472
150,77,0,1990,6.0,3,1,2020,30,0,9.264753188280451,0,5.0,1,1,56103.0,10.93494814172852
151,77,0,1992,9.0,8,1,2018,26,0,14.493504101688636,1,3.0,1,1,46426.0,10.745625283593695
151,77,0,1992,9.0,8,1,2020,28,1,13.770684860352159,0,5.0,1,1,30957.0,10.340343666375496
152,77,0,1981,9.0,22,1,2018,37,1,11.173379774395453,1,5.0,1,1,59687.0,10.996877227227102
152,77,0,1981,9.0,22,1,2020,39,1,11.344694119562329,1,,1,1,73381.0,11.203422581635825
153,78,1,1974,6.0,24,1,2018,44,1,11.100830697955898,1,3.0,1,1,41493.0,10.633284031493023
153,78,1,1974,6.0,24,1,2020,46,0,10.580409300790144,1,3.0,1,0,69253.0,11.145516745866713
154,78,1,1963,9.0,20,1,2018,55,1,12.486139019466998,1,4.0,1,1,64443.0,11.073529936150226
154,78,1,1963,9.0,20,1,2020,57,1,13.399440109722898,1,5.0,1,1,16425.0,9.706557415360516
155,79,0,1983,9.0,4,1,2018,35,1,12.141522031149966,1,4.0,1,1,34681.0,10.45394461930565
155,79,0,1983,9.0,4,1,2020,37,1,8.888950203278444,0,4.0,1,1,53202.0,10.881855307250639
156,79,0,1976,9.0,10,0,2018,42,0,11.691724924061075,1,4.0,0,1,59553.0,10.994614144504435
156,79,0,1976,9.0,10,0,2020,44,0,13.838344127168007,1,5.0,0,1,42965.0,10.668146923713012
157,79,0,1974,9.0,4,1,2018,44,0,12.63636321009183,1,4.0,1,1,27037.0,10.204945203112505
157,79,0,1974,9.0,4,1,2020,46,0,15.56274188054666,1,4.0,1,1,38972.0,10.57059823572751
158,80,1,1965,12.0,25,1,2018,53,0,13.910507134694262,1,5.0,1,1,97223.0,11.484762330276116
158,80,1,1965,12.0,25,1,2020,55,0,16.071130322084887,1,4.0,1,0,107108.0,11.581591186294837
159,81,1,1963,9.0,2,1,2018,55,0,13.43467261208294,1,4.0,1,1,122091.0,11.712520537931972
159,81,1,1963,9.0,2,1,2020,57,1,11.273680885874944,1,5.0,1,1,88320.0,11.388723803305961
160,81,1,1993,6.0,7,1,2018,25,1,8.38433605104296,0,4.0,1,1,39482.0,10.583600352187686
160,81,1,1993,6.0,7,1,2020,27,0,8.345476528701036,0,4.0,1,1,57183.0,10.954015710032646
161,81,1,1993,9.0,23,1,2018,25,1,11.19937855472658,1,5.0,1,1,55805.0,10.929614190477743
161,81,1,1993,9.0,23,1,2020,27,0,9.495810447042652,0,4.0,1,0,19175.0,9.861357484974286
162,82,0,1966,9.0,27,1,2018,52,0,15.606395181886263,1,4.0,1,1,69901.0,11.154833943170525
162,82,0,1966,9.0,27,1,2020,54,0,10.388455727725923,1,4.0,1,1,103338.0,11.545759373382458
163,82,0,1985,9.0,18,1,2018,33,1,10.767818202940015,1,3.0,1,1,30188.0,10.315196586611245
163,82,0,1985,9.0,18,1,2020,35,1,11.515208613748117,1,4.0,1,1,58832.0,10.982441354864537
164,83,0,1979,9.0,13,1,2018,39,0,,0,4.0,1,1,51282.0,10.845090477171055
164,83,0,1979,9.0,13,1,2020,41,0,15.555362841618582,1,3.0,1,1,,
165,83,0,1985,9.0,18,1,2018,33,1,9.773892764502072,1,4.0,1,1,38727.0,10.564290574247849
165,83,0,1985,9.0,18,1,2020,35,1,13.446990826162912,1,3.0,1,1,47576.0,10.770091349930249
166,83,1,1982,6.0,16,1,2018,36,1,10.536450772383757,1,4.0,1,1,56470.0,10.9414637009006
166,83,1,1982,6.0,16,1,2020,38,0,9.19551665338425,1,3.0,1,0,40393.0,10.606408590595285
167,84,1,1990,6.0,13,1,2018,28,0,7.084346669926439,0,,1,1,29357.0,10.287280156196529
167,84,1,1990,6.0,13,1,2020,30,1,9.703540759500015,0,4.0,1,1,70096.0,11.157627432936506
168,84,0,1977,12.0,6,1,2018,41,0,12.551381741331364,1,3.0,1,1,63980.0,11.066319501511616
168,84,0,1977,12.0,6,1,2020,43,0,14.446417687630202,1,3.0,1,0,54932.0,10.913854335137255
169,84,0,1964,12.0,26,1,2018,54,0,11.280328104440478,1,3.0,1,1,121009.0,11.703621366580437
169,84,0,1964,12.0,26,1,2020,56,1,13.84000262031127,1,4.0,1,1,153550.0,11.941781334407603
170,85,1,1978,6.0,12,1,2018,40,0,6.034511114921397,0,5.0,1,1,50550.0,10.830727219387938
170,85,1,1978,6.0,12,1,2020,42,1,6.102035940319666,1,5.0,1,1,35578.0,10.479475969885032
171,85,1,1970,9.0,22,1,2018,48,0,10.738018856598861,1,4.0,1,1,43859.0,10.688736129503257
171,85,1,1970,9.0,22,1,2020,50,1,12.720105997269544,1,4.0,1,1,44046.0,10.692993106210016
172,86,0,1966,9.0,19,1,2018,52,1,10.646010251092887,1,3.0,1,1,53389.0,10.885363359323954
172,86,0,1966,9.0,19,1,2020,54,0,8.018312879511624,1,3.0,1,0,15481.0,9.647392061889622
173,86,0,1976,6.0,10,1,2018,42,0,7.290909020765018,1,5.0,1,0,38499.0,10.558385501118249
173,86,0,1976,6.0,10,1,2020,44,1,9.780229581487607,0,5.0,1,1,96210.0,11.474286452788713
174,86,1,1970,12.0,25,1,2018,48,1,13.54829568109881,1,4.0,1,1,110739.0,11.614935055472742
174,86,1,1970,12.0,25,1,2020,50,1,14.47018572611968,1,4.0,1,1,,
175,87,0,1987,6.0,26,1,2018,31,1,9.63104227422923,0,3.0,1,1,30384.0,10.32166742682341
175,87,0,1987,6.0,26,1,2020,33,1,13.653007307157697,1,4.0,1,1,38578.0,10.560425094813473
176,87,0,1968,6.0,4,1,2018,50,0,6.461229167516304,1,5.0,1,0,12367.0,9.422779158812057
176,87,0,1968,6.0,4,1,2020,52,0,6.649480039944701,1,3.0,1,1,26808.0,10.19644124363142
177,87,1,1978,6.0,9,1,2018,40,1,7.893448044944058,1,3.0,1,0,103302.0,11.545409701644019
177,87,1,1978,6.0,9,1,2020,42,0,5.903532711930106,1,,1,0,16791.0,9.728586103140238
178,88,1,1971,6.0,2,1,2018,47,0,5.130762302629924,0,3.0,1,0,32353.0,10.384462041872395
178,88,1,1971,6.0,2,1,2020,49,0,7.944367497994925,1,3.0,1,1,36425.0,10.503004018981809
179,89,1,1977,6.0,17,1,2018,41,1,8.06903071497872,1,5.0,1,0,34502.0,10.448776927088682
179,89,1,1977,6.0,17,1,2020,43,0,4.658430458134052,1,4.0,1,0,69368.0,11.147187113517237
180,89,1,1968,12.0,12,1,2018,50,1,14.562453770724487,1,5.0,1,1,77671.0,11.260243509713673
180,89,1,1968,12.0,12,1,2020,52,1,16.22746995334613,1,2.0,1,1,143937.0,11.877130208327019
181,90,1,1978,12.0,12,1,2018,40,1,12.676199060773147,1,3.0,1,1,57840.0,10.96542741714652
181,90,1,1978,12.0,12,1,2020,42,0,16.010701489958343,1,3.0,1,1,83432.0,11.331792783658162
182,90,1,1966,12.0,9,1,2018,52,0,18.928564500794188,1,4.0,1,0,97682.0,11.489472759710404
182,90,1,1966,12.0,9,1,2020,54,1,17.05997211381698,1,4.0,1,1,68358.0,11.132520011131424
183,90,1,1987,9.0,4,1,2018,31,0,9.224199765161453,1,4.0,1,0,35917.0,10.488963502286438
183,90,1,1987,9.0,4,1,2020,33,0,13.845603227848835,1,4.0,1,1,120029.0,11.695490097110103
184,91,0,1991,12.0,23,1,2018,27,1,17.4598758530726,1,4.0,1,1,,
184,91,0,1991,12.0,23,1,2020,29,0,13.433845941425307,0,4.0,1,1,62915.0,11.049535259236416
185,91,1,1983,6.0,24,0,2018,35,0,9.17047796063999,0,5.0,0,1,18486.0,9.824749324876299
185,91,1,1983,6.0,24,0,2020,37,0,12.324233961376233,1,4.0,0,0,46373.0,10.744477525006305
186,92,1,1984,6.0,14,1,2018,34,0,7.206480632054362,1,5.0,1,1,25845.0,10.159863891234453
186,92,1,1984,6.0,14,1,2020,36,0,12.948038972181438,1,4.0,1,0,97210.0,11.484630453418191
187,92,1,1963,16.0,14,1,2018,55,0,17.24297368126217,1,4.0,1,1,174146.0,12.067648331690583
187,92,1,1963,16.0,14,1,2020,57,1,18.71520120984108,1,4.0,1,1,128583.0,11.764332571579502
188,92,0,1963,12.0,11,1,2018,55,0,12.142429727873383,1,3.0,1,1,19562.0,9.881319933003168
188,92,0,1963,12.0,11,1,2020,57,1,14.31928841052718,1,3.0,1,0,93011.0,11.440474113074888
189,93,1,1967,12.0,17,1,2018,51,0,14.777611820143843,1,,1,1,87287.0,11.376952388551562
189,93,1,1967,12.0,17,1,2020,53,1,16.321609543481735,1,4.0,1,1,93092.0,11.441344622965696
190,93,1,1987,6.0,12,1,2018,31,1,9.05840722606562,1,4.0,1,1,20465.0,9.926484102069264
190,93,1,1987,6.0,12,1,2020,33,1,5.614644143456106,0,5.0,1,1,27819.0,10.233456711559837
191,94,1,1984,9.0,26,1,2018,34,1,11.446021018452516,1,4.0,1,1,77224.0,11.254459305793883
191,94,1,1984,9.0,26,1,2020,36,0,9.39091938302634,1,,1,0,25520.0,10.147217943064291
192,95,0,1976,6.0,27,1,2018,42,0,8.08529784222877,1,4.0,1,1,,
192,95,0,1976,6.0,27,1,2020,44,0,10.887733644322582,0,3.0,1,1,27947.0,10.23805521984913
193,95,0,1963,9.0,2,1,2018,55,1,11.263056070014137,1,4.0,1,1,137869.0,11.834059734024905
193,95,0,1963,9.0,2,1,2020,57,1,14.886548049684201,1,5.0,1,1,59283.0,10.990077714058796
194,96,1,1992,9.0,11,0,2018,26,0,10.924516723376719,1,4.0,0,1,38030.0,10.546128749138953
194,96,1,1992,9.0,11,0,2020,28,1,11.830354319484833,1,3.0,0,0,109996.0,11.608195811866153
195,97,0,1981,6.0,9,1,2018,37,1,11.037722329703174,1,5.0,1,1,74197.0,11.214481035487374
195,97,0,1981,6.0,9,1,2020,39,0,6.679347275413787,1,4.0,1,1,36024.0,10.491933601316337
196,97,0,1972,12.0,21,1,2018,46,0,13.890897829050669,1,4.0,1,1,67116.0,11.11417875540256
196,97,0,1972,12.0,21,1,2020,48,1,16.26698258214516,1,4.0,1,1,137729.0,11.833045267421394
197,98,0,1982,9.0,25,1,2018,36,0,15.28823753454455,1,4.0,1,1,43392.0,10.678035964739813
197,98,0,1982,9.0,25,1,2020,38,1,15.29318405580314,1,4.0,1,1,54515.0,10.906224308436686
198,99,1,1979,9.0,12,1,2018,39,1,12.892154700011323,1,5.0,1,1,85539.0,11.356728487425421
198,99,1,1979,9.0,12,1,2020,41,0,12.21086297147631,1,4.0,1,1,22345.0,10.014374271275162
199,99,1,1980,12.0,7,1,2018,38,0,14.943070417174926,0,4.0,1,1,112718.0,11.632645026094378
199,99,1,1980,12.0,7,1,2020,40,1,11.745596060529348,1,3.0,1,1,72259.0,11.188013569213812
200,99,1,1993,9.0,7,1,2018,25,0,13.179234823095781,0,5.0,1,1,30531.0,10.326506428906738
200,99,1,1993,9.0,7,1,2020,27,1,10.57701073993659,0,4.0,1,0,96604.0,11.478370700356255
201,100,1,1981,12.0,17,1,2018,37,0,14.805999024010735,1,3.0,1,1,130729.0,11.780881843346508
201,100,1,1981,12.0,17,1,2020,39,1,16.0641941393177,0,4.0,1,1,86780.0,11.371136753123452
202,100,1,1991,6.0,13,0,2018,27,0,9.399211079895627,0,5.0,0,1,101471.0,11.527526507062216
202,100,1,1991,6.0,13,0,2020,29,1,8.120915698293727,1,5.0,1,0,30434.0,10.3233311845568
203,100,1,1966,12.0,26,1,2018,52,0,13.270261836758555,1,3.0,1,1,,
203,100,1,1966,12.0,26,1,2020,54,1,13.878810493738875,1,3.0,1,0,156382.0,11.960056159267914
204,101,1,1973,12.0,24,1,2018,45,0,14.067653252809889,1,3.0,1,1,85004.0,11.35045516782474
204,101,1,1973,12.0,24,1,2020,47,1,,1,4.0,1,1,224113.0,12.319907441149555
205,102,1,1986,6.0,11,0,2018,32,0,5.579618052847127,1,4.0,0,1,56440.0,10.94092841774376
205,102,1,1986,6.0,11,0,2020,34,1,10.542164215353255,0,5.0,0,1,39593.0,10.586412252830037
206,103,0,1979,6.0,3,1,2018,39,1,9.590012493966423,1,3.0,1,0,40542.0,10.610103514859128
206,103,0,1979,6.0,3,1,2020,41,0,6.557428224939874,1,3.0,1,1,33836.0,10.429282195083793
207,103,1,1964,9.0,8,1,2018,54,0,13.732408311315107,1,4.0,1,1,113599.0,11.640426213439614
207,103,1,1964,9.0,8,1,2020,56,1,11.559229308011385,1,4.0,1,1,195588.0,12.183765140503974
208,103,1,1972,6.0,3,1,2018,46,0,4.664762509219025,1,5.0,1,1,17199.0,9.752600532601775
208,103,1,1972,6.0,3,1,2020,48,1,7.61562802843546,1,5.0,1,1,71798.0,11.181618010499887
209,104,1,1965,9.0,24,1,2018,53,1,7.26095866208098,1,4.0,1,1,79806.0,11.287349844916564
209,104,1,1965,9.0,24,1,2020,55,0,13.13023975685968,1,4.0,1,1,83729.0,11.335345329772524
210,105,0,1989,6.0,27,1,2018,29,0,9.28015894093163,0,3.0,1,1,46793.0,10.75348070366249
210,105,0,1989,6.0,27,1,2020,31,1,5.644097885719064,1,5.0,1,0,70512.0,11.163537633176139
211,105,1,1967,9.0,6,1,2018,51,0,13.364478984859929,1,4.0,1,1,63588.0,11.060176601702159
211,105,1,1967,9.0,6,1,2020,53,1,9.415304992402858,1,4.0,1,1,99524.0,11.508154274293185
212,106,0,1980,9.0,22,1,2018,38,1,13.062866449398141,1,5.0,1,1,206184.0,12.236526514539669
212,106,0,1980,9.0,22,1,2020,40,0,11.382509723596378,1,4.0,1,0,63878.0,11.064725617029632
213,106,1,1983,6.0,25,1,2018,35,1,7.9262781112763,1,5.0,1,1,55888.0,10.931103057703746
213,106,1,1983,6.0,25,1,2020,37,0,7.989494503426018,1,5.0,1,1,24415.0,10.102966330713327
214,106,1,1963,9.0,18,1,2018,55,1,10.042246445186418,1,4.0,1,0,85293.0,11.353850406935209
214,106,1,1963,9.0,18,1,2020,57,0,13.581578755418896,1,4.0,1,0,,
215,107,1,1967,6.0,3,1,2018,51,0,9.833534249895703,0,3.0,1,1,56844.0,10.948074229059063
215,107,1,1967,6.0,3,1,2020,53,0,8.253895020058689,1,5.0,1,1,108845.0,11.59767931426894
216,107,0,1986,12.0,26,1,2018,32,0,12.115454437537851,1,5.0,1,1,54385.0,10.903849549929818
216,107,0,1986,12.0,26,1,2020,34,0,11.135883250451077,1,5.0,1,1,39855.0,10.59300202277113
217,107,0,1972,9.0,12,1,2018,46,0,12.496881223155388,1,5.0,1,1,31955.0,10.372091481850315
217,107,0,1972,9.0,12,1,2020,48,1,8.747753673909243,1,3.0,1,0,23975.0,10.08477233833649
218,108,0,1966,9.0,17,1,2018,52,1,11.870783795409665,1,4.0,1,1,85679.0,11.358360147928236
218,108,0,1966,9.0,17,1,2020,54,1,14.17086305621409,1,,1,1,106136.0,11.572475537383461
219,108,0,1985,9.0,1,1,2018,33,0,12.104581155371468,0,3.0,1,1,60145.0,11.00450559294327
219,108,0,1985,9.0,1,1,2020,35,0,12.642706140370372,1,4.0,1,1,40553.0,10.610372777636165
220,109,0,1972,12.0,13,1,2018,46,0,16.22590844018261,0,5.0,1,1,,
220,109,0,1972,12.0,13,1,2020,48,1,12.938117642269239,1,4.0,1,1,53291.0,10.883524847419478
221,109,0,1970,6.0,15,1,2018,48,1,11.058290755663053,1,4.0,1,1,67046.0,11.11312848642393
221,109,0,1970,6.0,15,1,2020,50,1,9.229319706531262,1,4.0,1,1,21990.0,9.998321477102746
222,109,0,1987,6.0,8,1,2018,31,1,8.7735673584535,1,3.0,1,1,29949.0,10.307244662990149
222,109,0,1987,6.0,8,1,2020,33,0,9.038732207702756,1,2.0,1,0,29125.0,10.279345948437571
223,110,1,1963,9.0,23,1,2018,55,1,13.336950181944083,1,4.0,1,1,74299.0,11.215855895677949
223,110,1,1963,9.0,23,1,2020,57,0,10.100869826623086,1,4.0,1,1,88432.0,11.389994118899908
224,110,1,1968,6.0,8,1,2018,50,0,7.000439382697987,1,4.0,1,0,32006.0,10.3736723226738
224,110,1,1968,6.0,8,1,2020,52,0,6.843443656845233,1,4.0,1,1,39300.0,10.578992287956355
225,111,1,1993,9.0,3,1,2018,25,0,12.052509926511025,0,5.0,1,1,40599.0,10.611500297667103
225,111,1,1993,9.0,3,1,2020,27,0,11.182825396806004,0,4.0,1,1,24503.0,10.106560454747296
226,111,0,1989,6.0,3,1,2018,29,0,7.434715037524817,1,5.0,1,0,,
226,111,0,1989,6.0,3,1,2020,31,0,12.454560375527302,0,4.0,1,1,58416.0,10.975348252211687
227,112,1,1991,6.0,2,1,2018,27,0,11.04812549347314,1,4.0,1,1,,
227,112,1,1991,6.0,2,1,2020,29,0,9.484414817052341,1,4.0,1,1,23451.0,10.062679324139701
228,113,0,1988,12.0,7,1,2018,30,1,16.06768507367891,0,4.0,1,1,65616.0,11.09156811408099
228,113,0,1988,12.0,7,1,2020,32,0,17.33257999827019,0,3.0,1,1,65552.0,11.090591942898659
229,113,1,1979,12.0,11,1,2018,39,1,13.530219262339397,1,4.0,1,0,85601.0,11.357455724116159
229,113,1,1979,12.0,11,1,2020,41,0,15.642652980728695,1,4.0,1,1,101701.0,11.529796901742962
230,114,1,1980,9.0,16,1,2018,38,1,8.068616365259395,1,3.0,1,0,55725.0,10.928180938447595
230,114,1,1980,9.0,16,1,2020,40,0,14.519636829184604,1,3.0,1,1,74446.0,11.21782666224261
231,115,1,1964,12.0,27,1,2018,54,1,17.070999656891633,1,4.0,1,1,222295.0,12.311759587830915
231,115,1,1964,12.0,27,1,2020,56,0,14.670611531130556,1,4.0,1,1,72064.0,11.185314820674833
232,115,1,1973,9.0,26,1,2018,45,0,11.818258460893107,1,4.0,1,1,97034.0,11.48281902653119
232,115,1,1973,9.0,26,1,2020,47,1,13.076022381643932,1,2.0,1,1,184918.0,12.127668972195583
233,115,1,1987,9.0,4,1,2018,31,1,13.340466754113935,1,5.0,1,1,24435.0,10.103789043540427
233,115,1,1987,9.0,4,1,2020,33,0,11.500118031735779,0,4.0,1,0,42290.0,10.652313590262574
234,116,0,1967,6.0,26,1,2018,51,1,10.774932049959858,1,4.0,1,1,80487.0,11.29584586449171
234,116,0,1967,6.0,26,1,2020,53,1,7.142813786273468,1,5.0,1,1,40559.0,10.610524758333712
235,116,1,1973,6.0,15,1,2018,45,0,8.673669888433222,1,5.0,1,0,58352.0,10.974248954731824
235,116,1,1973,6.0,15,1,2020,47,0,9.087710707005936,1,4.0,1,0,42524.0,10.65782180594861
236,117,1,1992,9.0,12,1,2018,26,0,14.448757131798665,1,4.0,1,1,33974.0,10.433355799309943
236,117,1,1992,9.0,12,1,2020,28,1,12.619024489451679,0,4.0,1,1,67660.0,11.12225700408269
237,118,0,1968,6.0,15,1,2018,50,0,8.760755221607262,1,5.0,1,1,36927.0,10.516692713326247
237,118,0,1968,6.0,15,1,2020,52,1,11.429224918421351,1,3.0,1,0,8786.0,9.08088365816792
238,118,1,1984,12.0,9,1,2018,34,1,15.533464832588164,1,5.0,1,1,152732.0,11.936441460618576
238,118,1,1984,12.0,9,1,2020,36,0,15.226668183930158,1,4.0,1,1,74823.0,11.22288316485652
239,118,0,1965,9.0,19,1,2018,53,1,10.453644886240621,1,3.0,1,1,48324.0,10.785680348746332
239,118,0,1965,9.0,19,1,2020,55,0,10.703283192222962,1,4.0,1,1,39164.0,10.57550051946768
240,119,0,1974,12.0,8,1,2018,44,0,15.754705313150772,1,4.0,1,1,37105.0,10.521500830623497
240,119,0,1974,12.0,8,1,2020,46,1,12.740771982702254,1,,1,1,77311.0,11.25558605005657
241,119,0,1989,12.0,13,1,2018,29,1,12.001177652401132,1,4.0,1,1,47340.0,10.765119609358907
241,119,0,1989,12.0,13,1,2020,31,1,17.009694446219154,1,5.0,1,1,120104.0,11.696114248455936
242,120,1,1965,12.0,18,1,2018,53,0,14.758100267907206,1,3.0,1,1,134504.0,11.809347696654804
242,120,1,1965,12.0,18,1,2020,55,0,18.08376539233699,1,4.0,1,1,120749.0,11.701467751802085
243,120,0,1964,12.0,4,1,2018,54,0,15.13959500590667,1,5.0,1,1,58097.0,10.969872724097923
243,120,0,1964,12.0,4,1,2020,56,0,16.66551200990508,1,5.0,1,1,57499.0,10.959526743127643
244,120,1,1976,9.0,8,1,2018,42,0,,1,5.0,1,1,82151.0,11.316313142282116
244,120,1,1976,9.0,8,1,2020,44,0,9.756387494456526,1,4.0,1,1,83076.0,11.327509014416695
245,121,0,1966,9.0,24,1,2018,52,1,,1,4.0,1,1,35000.0,10.463095776306922
245,121,0,1966,9.0,24,1,2020,54,1,9.529135096368925,1,3.0,1,0,83285.0,11.330020866691862
246,121,1,1968,6.0,9,1,2018,50,1,8.169419827345184,1,4.0,1,0,43252.0,10.6748028054843
246,121,1,1968,6.0,9,1,2020,52,0,8.321359444468639,1,5.0,1,1,32466.0,10.387959574818392
247,121,1,1978,6.0,21,0,2018,40,0,10.606305313308011,1,4.0,0,0,34907.0,10.460455453770653
247,121,1,1978,6.0,21,0,2020,42,1,10.078687794522322,1,4.0,0,1,81356.0,11.30658545755661
248,122,0,1981,6.0,16,1,2018,37,0,11.556467338498228,0,5.0,1,1,34143.0,10.438311664734067
248,122,0,1981,6.0,16,1,2020,39,1,12.675444183737621,1,5.0,1,1,61455.0,11.026058309262881
249,122,0,1973,9.0,18,1,2018,45,0,12.91783694979588,1,5.0,1,1,119627.0,11.692134314847735
249,122,0,1973,9.0,18,1,2020,47,0,13.293452023682164,1,4.0,1,1,44196.0,10.696392335109682
250,122,1,1965,12.0,2,0,2018,53,0,13.66858710789059,1,3.0,0,0,120598.0,11.70021505867032
250,122,1,1965,12.0,2,0,2020,55,0,14.654013097655021,1,,0,0,55367.0,10.921747486958791
251,123,1,1990,9.0,23,1,2018,28,1,9.882060809351259,1,3.0,1,1,66796.0,11.109405545028853
251,123,1,1990,9.0,23,1,2020,30,0,10.828388225300909,1,,1,1,27974.0,10.239046175623528
252,123,1,1972,9.0,24,1,2018,46,1,10.60261865353793,1,5.0,1,1,123132.0,11.721014030517253
252,123,1,1972,9.0,24,1,2020,48,0,12.395489968931436,1,3.0,1,0,77842.0,11.26243216029987
253,124,1,1993,9.0,5,1,2018,25,0,12.738987767588224,0,5.0,1,1,59050.0,10.986140200671754
253,124,1,1993,9.0,5,1,2020,27,1,13.936416326645496,0,4.0,1,1,57845.0,10.965516653085457
254,124,1,1973,12.0,19,1,2018,45,1,14.896965625444446,1,4.0,1,1,350658.0,12.76756717327455
254,124,1,1973,12.0,19,1,2020,47,1,14.555182073345557,1,3.0,1,1,46225.0,10.741265617696529
255,124,0,1992,6.0,3,1,2018,26,0,8.238713091064568,0,3.0,1,0,20849.0,9.945050874171086
255,124,0,1992,6.0,3,1,2020,28,0,9.631119779007369,1,4.0,1,1,40147.0,10.600296315157353
256,125,0,1972,12.0,10,1,2018,46,0,11.604212516107493,1,4.0,1,1,29054.0,10.276909324003961
256,125,0,1972,12.0,10,1,2020,48,1,12.240206910426565,1,5.0,1,1,61803.0,11.031706694256105
257,126,0,1970,9.0,11,1,2018,48,0,12.69281487672391,1,4.0,1,1,111054.0,11.617769309088244
257,126,0,1970,9.0,11,1,2020,50,0,16.292119160669596,1,5.0,1,0,49432.0,10.808346343748807
258,126,1,1966,9.0,27,1,2018,52,1,11.131780552861416,1,5.0,1,1,55884.0,10.931041177242209
258,126,1,1966,9.0,27,1,2020,54,0,9.65316570257564,1,4.0,1,0,57153.0,10.953484305102199
259,126,0,1965,6.0,1,1,2018,53,1,8.57433951314072,1,5.0,1,1,62873.0,11.048874478096447
259,126,0,1965,6.0,1,1,2020,55,0,11.586843847535283,1,4.0,1,1,18154.0,9.806620808306107
260,127,1,1991,6.0,24,1,2018,27,1,,0,5.0,1,1,58162.0,10.970989305975216
260,127,1,1991,6.0,24,1,2020,29,1,8.279379519099725,1,4.0,1,1,32755.0,10.39679947393408
261,128,1,1965,9.0,1,1,2018,53,1,13.212549171588106,1,4.0,1,1,87523.0,11.379655014136324
261,128,1,1965,9.0,1,1,2020,55,0,10.81125070278585,1,3.0,1,1,95643.0,11.468377188026789
262,128,0,1978,9.0,28,1,2018,40,0,12.123795997773717,1,3.0,1,1,84340.0,11.342611674870708
262,128,0,1978,9.0,28,1,2020,42,0,12.226439646328627,1,4.0,1,1,37494.0,10.531938509194
263,129,1,1971,9.0,28,1,2018,47,0,10.32828135487464,1,4.0,1,1,,
263,129,1,1971,9.0,28,1,2020,49,0,9.55128162273116,1,4.0,1,0,63594.0,11.06028110858736
264,129,0,1969,12.0,22,1,2018,49,0,16.530430115256795,1,3.0,1,1,162195.0,11.99655763861242
264,129,0,1969,12.0,22,1,2020,51,1,12.975791822028054,1,4.0,1,1,112762.0,11.633030456820178
265,130,1,1966,6.0,14,0,2018,52,1,12.346907939799397,1,4.0,0,1,102581.0,11.53840618825299
265,130,1,1966,6.0,14,0,2020,54,0,5.884342797502902,1,,0,0,50773.0,10.835112207412323
266,130,1,1965,9.0,24,1,2018,53,1,12.567163019007312,1,3.0,1,1,106872.0,11.579391016333993
266,130,1,1965,9.0,24,1,2020,55,1,10.37681654906645,1,4.0,1,1,89010.0,11.396499712903202
267,130,0,1966,9.0,1,1,2018,52,1,11.218914832093748,1,3.0,1,1,66715.0,11.108191809000013
267,130,0,1966,9.0,1,1,2020,54,1,7.6289698812177855,1,3.0,1,1,51129.0,10.842108913972186
268,131,0,1981,9.0,14,1,2018,37,0,11.849456188580392,0,4.0,1,1,68533.0,11.135073659283787
268,131,0,1981,9.0,14,1,2020,39,0,14.663143483867023,1,5.0,1,1,65575.0,11.090956587077219
269,131,1,1972,12.0,5,1,2018,46,1,16.165407338918182,1,3.0,1,1,128775.0,11.765819292504691
269,131,1,1972,12.0,5,1,2020,48,0,10.898263783117573,1,5.0,1,1,84801.0,11.348068265155309
270,131,1,1964,12.0,19,1,2018,54,1,14.531450818091624,1,5.0,1,1,166618.0,12.02345708541008
270,131,1,1964,12.0,19,1,2020,56,1,16.935985057001222,1,4.0,1,1,147168.0,11.899333374382584
271,132,0,1966,12.0,19,1,2018,52,1,11.836348921807229,1,4.0,1,1,107580.0,11.585991948082945
271,132,0,1966,12.0,19,1,2020,54,0,12.515678071047294,1,4.0,1,1,87788.0,11.382679711749754
272,132,1,1978,6.0,25,1,2018,40,0,10.439504734281515,0,4.0,1,1,17439.0,9.766471133446938
272,132,1,1978,6.0,25,1,2020,42,1,8.970740638480164,1,4.0,1,1,71233.0,11.173706021525124
273,132,0,1964,9.0,22,1,2018,54,1,10.836524301158317,1,4.0,1,1,162101.0,11.995973915420603
273,132,0,1964,9.0,22,1,2020,56,0,13.108950835012557,1,3.0,1,1,38613.0,10.56135344925536
274,133,0,1981,9.0,5,0,2018,37,0,11.651644759263744,1,4.0,0,1,67864.0,11.125258877292936
274,133,0,1981,9.0,5,0,2020,39,1,9.502190904780601,1,,0,0,76799.0,11.248946826110995
275,133,1,1985,9.0,17,1,2018,33,0,10.644329608118746,1,4.0,1,1,59753.0,10.997978274473056
275,133,1,1985,9.0,17,1,2020,35,1,12.886827977384744,1,3.0,1,1,41768.0,10.63988475373356
276,133,1,1971,9.0,11,1,2018,47,1,14.246099840872077,1,4.0,1,1,68613.0,11.136241162646918
276,133,1,1971,9.0,11,1,2020,49,1,9.44003611405227,1,3.0,1,1,27651.0,10.22743272079087
277,134,0,1975,6.0,7,1,2018,43,0,,1,5.0,1,0,31934.0,10.371432924966628
277,134,0,1975,6.0,7,1,2020,45,0,9.129602328732188,1,4.0,1,0,34399.0,10.445770444867831
278,135,0,1971,6.0,26,1,2018,47,0,7.944934670360985,1,3.0,1,0,45795.0,10.73193357300153
278,135,0,1971,6.0,26,1,2020,49,0,10.459032348993224,1,5.0,1,0,23406.0,10.060727929421143
279,136,1,1971,9.0,24,1,2018,47,1,8.321050198548278,1,3.0,1,1,,
279,136,1,1971,9.0,24,1,2020,49,0,10.094275391651744,1,4.0,1,0,57288.0,10.955843424901442
280,136,1,1993,6.0,9,1,2018,25,0,10.450731568210848,1,4.0,1,1,51907.0,10.857210797946236
280,136,1,1993,6.0,9,1,2020,27,0,8.199820372198564,0,5.0,1,0,15830.0,9.669678954891506
281,137,1,1978,6.0,4,1,2018,40,0,9.899965617463224,1,4.0,1,0,23698.0,10.073138985555588
281,137,1,1978,6.0,4,1,2020,42,1,10.025248395659949,1,5.0,1,1,57509.0,10.959696360456634
282,137,0,1978,6.0,23,1,2018,40,1,11.139717382065125,1,4.0,1,1,133684.0,11.80323583095945
282,137,0,1978,6.0,23,1,2020,42,0,7.451123339644642,1,4.0,1,0,36994.0,10.518497855335745
283,137,1,1970,12.0,12,1,2018,48,0,19.326420043459557,1,4.0,1,1,103653.0,11.548800496878913
283,137,1,1970,12.0,12,1,2020,50,1,14.389384709159874,1,4.0,1,1,74068.0,11.212738462563786
284,138,0,1972,12.0,27,1,2018,46,0,15.770146918252257,0,5.0,1,1,,
284,138,0,1972,12.0,27,1,2020,48,1,13.767529895490092,1,3.0,1,0,78773.0,11.274324079694267
285,138,0,1967,9.0,19,1,2018,51,1,13.101932076583486,1,4.0,1,1,70042.0,11.156848310165675
285,138,0,1967,9.0,19,1,2020,53,0,12.810864639303713,1,3.0,1,1,43311.0,10.6761580601985
286,139,1,1978,6.0,20,1,2018,40,1,10.401890808121392,1,3.0,1,1,141217.0,11.858050762151793
286,139,1,1978,6.0,20,1,2020,42,0,11.955595342480311,1,4.0,1,1,49374.0,10.807169632272878
287,139,1,1982,6.0,18,0,2018,36,0,9.699675006764698,1,4.0,0,0,,
287,139,1,1982,6.0,18,0,2020,38,1,9.94461491233875,0,4.0,1,0,35302.0,10.47170717055972
288,139,0,1965,6.0,17,1,2018,53,1,8.154519730844688,1,3.0,1,1,55654.0,10.926917916575386
288,139,0,1965,6.0,17,1,2020,55,0,11.278101318037917,1,4.0,1,1,44410.0,10.701220480347725
289,140,1,1979,9.0,17,1,2018,39,0,15.094802959939326,1,5.0,1,1,73512.0,11.205209072855636
289,140,1,1979,9.0,17,1,2020,41,1,12.776463605883118,1,4.0,1,0,72848.0,11.196125464880728
290,140,1,1968,6.0,2,0,2018,50,1,7.738838580065046,1,4.0,0,1,85286.0,11.353761409344894
290,140,1,1968,6.0,2,0,2020,52,0,13.865120342876958,1,3.0,0,0,29221.0,10.282634662583888
291,141,1,1977,9.0,8,1,2018,41,0,9.859559486623285,1,4.0,1,1,66530.0,11.105410118290244
291,141,1,1977,9.0,8,1,2020,43,0,13.759181434738915,1,5.0,1,1,138431.0,11.838127036437758
292,141,1,1988,6.0,3,1,2018,30,1,8.390016162756256,1,4.0,1,1,73624.0,11.206726028714673
292,141,1,1988,6.0,3,1,2020,32,1,8.310128875073227,1,5.0,1,1,89497.0,11.401963358627242
293,141,1,1974,12.0,28,0,2018,44,0,15.711296636125144,1,5.0,0,1,33846.0,10.429570644407812
293,141,1,1974,12.0,28,0,2020,46,0,14.125793674451046,1,3.0,0,1,59139.0,10.98764724972045
294,142,1,1992,6.0,10,1,2018,26,0,,0,4.0,1,1,21522.0,9.976836782938214
294,142,1,1992,6.0,10,1,2020,28,1,8.436063128904125,0,4.0,1,1,70207.0,11.159208079193355
295,142,1,1983,6.0,14,1,2018,35,0,6.946645223718055,1,4.0,1,1,35332.0,10.47254426546386
295,142,1,1983,6.0,14,1,2020,37,1,9.140623614190751,1,4.0,1,0,42203.0,10.65025040097599
296,143,0,1965,9.0,8,1,2018,53,1,9.858987610686553,1,4.0,1,0,24999.0,10.126611022388165
296,143,0,1965,9.0,8,1,2020,55,1,14.275530022307787,1,3.0,1,1,62154.0,11.037375362359068
297,144,0,1970,6.0,27,1,2018,48,0,7.007384912876656,1,4.0,1,1,16972.0,9.739302417344305
297,144,0,1970,6.0,27,1,2020,50,0,7.535942338142591,1,5.0,1,1,66835.0,11.10997511464322
298,145,0,1983,12.0,12,1,2018,35,0,14.69677665238445,1,5.0,1,1,71034.0,11.1709170594755
298,145,0,1983,12.0,12,1,2020,37,1,14.366889759988227,1,4.0,1,1,63400.0,11.057219632604955
299,145,0,1977,6.0,8,1,2018,41,1,11.505402765857031,1,4.0,1,1,37911.0,10.542999549078411
299,145,0,1977,6.0,8,1,2020,43,1,6.021365083056101,1,3.0,1,1,60739.0,11.014335030316632
300,146,1,1978,6.0,19,1,2018,40,1,10.712497892310374,1,4.0,1,1,70574.0,11.164421409955606
300,146,1,1978,6.0,19,1,2020,42,0,8.422083296483207,1,3.0,1,1,25927.0,10.163037551718944
301,147,1,1981,6.0,8,0,2018,37,1,11.735622386687801,1,4.0,0,0,67573.0,11.120957701503345
301,147,1,1981,6.0,8,0,2020,39,1,6.480726229510607,0,3.0,0,0,,
302,147,0,1983,12.0,6,1,2018,35,1,13.2067764507402,1,4.0,1,1,37169.0,10.523222035655605
302,147,0,1983,12.0,6,1,2020,37,1,18.306443084091296,1,4.0,1,1,94387.0,11.455154706196875
303,148,1,1972,12.0,12,1,2018,46,1,11.627638147911115,1,5.0,1,1,27875.0,10.235490536954217
303,148,1,1972,12.0,12,1,2020,48,1,12.45458412055601,1,5.0,1,1,60077.0,11.003379044079914
304,148,0,1984,6.0,6,1,2018,34,1,6.239785444171742,0,2.0,1,1,53094.0,10.879827872285079
304,148,0,1984,6.0,6,1,2020,36,0,12.179361348414098,1,4.0,1,0,72335.0,11.189066990343186
305,149,1,1992,6.0,13,1,2018,26,0,8.919404487026407,1,4.0,1,1,29653.0,10.297327934330779
305,149,1,1992,6.0,13,1,2020,28,1,9.422465588660605,1,4.0,1,1,110536.0,11.613094080491495
306,150,0,1984,12.0,22,1,2018,34,0,13.836981021862425,1,4.0,1,1,69251.0,11.145496693072023
306,150,0,1984,12.0,22,1,2020,36,0,15.01277411255169,1,3.0,1,1,32741.0,10.396387953586068
307,150,1,1988,9.0,22,1,2018,30,0,10.655474450657682,0,5.0,1,1,39666.0,10.58824419980229
307,150,1,1988,9.0,22,1,2020,32,1,10.705022661438642,0,5.0,1,1,76414.0,11.24391606947328
308,151,0,1980,9.0,26,1,2018,38,1,11.44988263038648,1,5.0,1,1,102546.0,11.538063569688385
308,151,0,1980,9.0,26,1,2020,40,0,11.159513764567668,1,4.0,1,1,45525.0,10.72601183739469
309,151,0,1966,6.0,23,1,2018,52,1,7.961531759270116,1,4.0,1,1,42523.0,10.657790963700208
309,151,0,1966,6.0,23,1,2020,54,0,9.363315151855478,1,4.0,1,1,37213.0,10.524424724908071
310,151,0,1974,12.0,15,1,2018,44,1,15.416252378234553,1,5.0,1,1,120105.0,11.696124630493397
310,151,0,1974,12.0,15,1,2020,46,0,15.050299006823066,1,4.0,1,1,66793.0,11.109348984711927
311,152,1,1984,9.0,18,1,2018,34,0,11.711971523656816,1,4.0,1,1,29585.0,10.29502391529757
311,152,1,1984,9.0,18,1,2020,36,1,9.154168607818587,1,4.0,1,1,115304.0,11.655329923405619
312,152,1,1984,6.0,17,1,2018,34,1,8.456623969253743,1,5.0,1,1,64283.0,11.071046276278427
312,152,1,1984,6.0,17,1,2020,36,0,10.63971135650043,0,5.0,1,1,,
313,153,0,1989,12.0,28,1,2018,29,0,17.574662319297246,0,4.0,1,1,44400.0,10.70100235176911
313,153,0,1989,12.0,28,1,2020,31,0,13.680945678127685,1,5.0,1,1,64285.0,11.071077875928278
314,153,1,1963,12.0,7,1,2018,55,0,15.082437736266986,1,4.0,1,1,65540.0,11.090416950734173
314,153,1,1963,12.0,7,1,2020,57,0,14.21064015660486,1,4.0,1,1,48160.0,10.782290310231797
315,153,0,1988,9.0,3,0,2018,30,1,14.554551619473127,0,5.0,0,1,45595.0,10.72755946905382
315,153,0,1988,9.0,3,0,2020,32,0,11.119963480954148,0,5.0,0,0,85372.0,11.354771999005496
316,154,0,1989,12.0,6,0,2018,29,0,17.393359538497027,0,4.0,0,1,51974.0,10.858501459209856
316,154,0,1989,12.0,6,0,2020,31,0,15.553635675377407,0,4.0,0,1,121860.0,11.710627106953064
317,154,0,1984,9.0,8,1,2018,34,1,13.348963514674223,0,3.0,1,1,35505.0,10.477429204341766
317,154,0,1984,9.0,8,1,2020,36,0,11.974802315879067,1,3.0,1,1,63321.0,11.055973080466462
318,155,0,1988,6.0,3,1,2018,30,0,8.001989957821678,1,3.0,1,0,39467.0,10.583211291565183
318,155,0,1988,6.0,3,1,2020,32,0,8.788407976865438,0,4.0,1,1,43455.0,10.679471199737751
319,155,1,1976,6.0,24,1,2018,42,1,12.629685703063098,1,3.0,1,0,99417.0,11.507078456344452
319,155,1,1976,6.0,24,1,2020,44,1,7.440924741551912,0,3.0,1,1,,
320,155,1,1964,9.0,1,1,2018,54,0,15.37689677194889,1,4.0,1,1,144765.0,11.882865025164472
320,155,1,1964,9.0,1,1,2020,56,0,10.118623805440821,1,4.0,1,1,23206.0,10.052163304343056
321,156,0,1981,6.0,23,1,2018,37,1,8.323896854986215,1,4.0,1,1,42249.0,10.651336558300926
321,156,0,1981,6.0,23,1,2020,39,1,11.384321621263428,1,3.0,1,1,50305.0,10.825861715571902
322,156,0,1965,12.0,27,1,2018,53,1,12.860485004693924,1,3.0,1,1,45942.0,10.73513240472867
322,156,0,1965,12.0,27,1,2020,55,0,13.642026301256418,1,4.0,1,1,59726.0,10.997527411914618
323,157,0,1982,9.0,13,1,2018,36,1,10.318191489021597,1,3.0,1,1,49275.0,10.805176983972443
323,157,0,1982,9.0,13,1,2020,38,1,10.675602964212443,1,5.0,1,1,38905.0,10.568872712875192
324,157,0,1991,12.0,28,1,2018,27,0,16.988352276819022,1,4.0,1,1,95413.0,11.46596818198962
324,157,0,1991,12.0,28,1,2020,29,0,14.750117520996724,0,4.0,1,1,94855.0,11.46010199347782
325,157,0,1982,9.0,24,1,2018,36,0,13.537249133887546,1,4.0,1,1,34312.0,10.44324123610855
325,157,0,1982,9.0,24,1,2020,38,0,13.603323297344387,1,4.0,1,1,27357.0,10.216733027548269
326,158,1,1989,6.0,12,1,2018,29,0,8.273616363029808,0,3.0,1,1,,
326,158,1,1989,6.0,12,1,2020,31,1,11.385687548582492,1,5.0,1,1,65239.0,11.085812599842901
327,158,0,1990,6.0,11,1,2018,28,1,10.700740727766409,1,4.0,1,1,45056.0,10.71566938625164
327,158,0,1990,6.0,11,1,2020,30,0,10.327911555490124,0,4.0,1,1,51330.0,10.84603241232228
328,158,0,1970,9.0,23,1,2018,48,0,6.62089276300207,0,3.0,1,0,26118.0,10.170385185528707
328,158,0,1970,9.0,23,1,2020,50,1,14.032984109616004,1,3.0,1,1,61731.0,11.030535278372934
329,159,1,1992,12.0,16,1,2018,26,0,15.578461472765088,1,4.0,1,0,77682.0,11.260382690697092
329,159,1,1992,12.0,16,1,2020,28,0,17.367268523391814,0,4.0,1,1,70222.0,11.15940998246918
330,159,0,1985,9.0,25,0,2018,33,1,12.073410055843748,1,4.0,0,1,118466.0,11.682378830833857
330,159,0,1985,9.0,25,0,2020,35,0,12.841912561113777,1,4.0,0,0,52781.0,10.87390858808823
331,160,0,1983,6.0,16,1,2018,35,1,9.880872632932862,0,4.0,1,0,76422.0,11.244031612917823
331,160,0,1983,6.0,16,1,2020,37,0,7.566372415001197,1,4.0,1,1,,
332,161,0,1974,9.0,17,1,2018,44,0,13.558180404783178,1,5.0,1,0,64884.0,11.080357072497112
332,161,0,1974,9.0,17,1,2020,46,0,12.136979992684015,1,4.0,1,1,67446.0,11.119078513498136
333,161,1,1987,6.0,18,0,2018,31,0,7.647553294830027,0,5.0,0,0,23381.0,10.059690705733097
333,161,1,1987,6.0,18,0,2020,33,1,9.955736889986724,1,5.0,0,0,,
334,162,0,1981,15.0,28,1,2018,37,0,19.311929164943752,1,3.0,1,1,53160.0,10.881053440677881
334,162,0,1981,15.0,28,1,2020,39,0,18.53643091370218,1,4.0,1,1,65204.0,11.085268942246849
335,163,1,1980,6.0,21,1,2018,38,0,7.559899610551074,1,5.0,1,1,70550.0,11.164073193544679
335,163,1,1980,6.0,21,1,2020,40,1,9.482155498978354,0,4.0,1,1,45932.0,10.734915880254134
336,163,1,1964,6.0,7,1,2018,54,0,7.988313749161583,1,3.0,1,1,23305.0,10.056436259034477
336,163,1,1964,6.0,7,1,2020,56,0,7.945331239211263,1,4.0,1,0,35068.0,10.465052189147096
337,163,0,1964,6.0,27,1,2018,54,1,11.47804378184301,1,5.0,1,1,173594.0,12.064473954972907
337,163,0,1964,6.0,27,1,2020,56,0,4.987021381504012,1,4.0,1,0,16684.0,9.722234259002823
338,164,1,1964,9.0,2,1,2018,54,1,9.078323320598795,1,4.0,1,0,28080.0,10.242804606317339
338,164,1,1964,9.0,2,1,2020,56,0,11.41474502991171,1,5.0,1,1,38242.0,10.55170063033721
339,165,1,1990,12.0,8,1,2018,28,0,14.790674094832193,0,5.0,1,1,61833.0,11.032198653279478
339,165,1,1990,12.0,8,1,2020,30,1,17.37647784942742,1,3.0,1,1,104487.0,11.556819329662131
340,166,1,1989,6.0,14,0,2018,29,0,9.664308449834653,0,5.0,0,0,22887.0,10.038333752338099
340,166,1,1989,6.0,14,0,2020,31,0,9.803871884552876,0,3.0,0,0,47996.0,10.7788822818292
341,167,1,1972,6.0,11,0,2018,46,0,10.097664486097882,1,3.0,0,0,23217.0,10.052634941840079
341,167,1,1972,6.0,11,0,2020,48,1,8.627521045465684,1,3.0,0,0,72417.0,11.190194034284518
342,168,0,1964,9.0,15,1,2018,54,1,6.656028540107048,1,4.0,1,0,41769.0,10.639919680779467
342,168,0,1964,9.0,15,1,2020,56,0,12.493482567433293,1,5.0,1,1,67328.0,11.117326931824433
343,169,1,1970,9.0,20,1,2018,48,0,12.175765071787135,1,4.0,1,1,56289.0,10.938247413088382
343,169,1,1970,9.0,20,1,2020,50,0,9.754545986565097,1,3.0,1,0,,
344,169,1,1978,12.0,3,1,2018,40,0,14.770797216625057,0,4.0,1,1,53795.0,10.892933397582404
344,169,1,1978,12.0,3,1,2020,42,0,13.982012650091221,1,4.0,1,1,56718.0,10.945841543346493
345,170,1,1990,6.0,6,0,2018,28,1,8.616573119614285,0,3.0,0,1,55663.0,10.927065010077632
345,170,1,1990,6.0,6,0,2020,30,0,8.52861122446923,1,5.0,0,0,50241.0,10.824584816529814
346,170,0,1990,12.0,18,1,2018,28,0,13.134600870765892,0,5.0,1,1,65513.0,11.089996895688325
346,170,0,1990,12.0,18,1,2020,30,1,11.37836863093986,1,3.0,1,1,,
347,171,1,1963,9.0,16,1,2018,55,0,13.981922700308322,1,5.0,1,1,52135.0,10.86159608877391
347,171,1,1963,9.0,16,1,2020,57,0,10.340913934792706,1,4.0,1,0,77781.0,11.261647782106206
348,172,1,1974,9.0,8,1,2018,44,1,12.90968887197512,1,4.0,1,1,72355.0,11.18934475025742
348,172,1,1974,9.0,8,1,2020,46,0,8.705147765243204,1,3.0,1,0,42928.0,10.667276277515933
349,172,1,1993,9.0,26,1,2018,25,0,12.265967062440861,1,4.0,1,0,53336.0,10.884367093139971
349,172,1,1993,9.0,26,1,2020,27,0,15.503978269472224,0,4.0,1,1,100561.0,11.518521086481487
350,172,1,1986,9.0,16,1,2018,32,0,10.572905567890913,0,4.0,1,1,50482.0,10.829379413332646
350,172,1,1986,9.0,16,1,2020,34,0,13.436287736421399,1,4.0,1,1,40842.0,10.617455334045308
351,173,0,1971,12.0,2,1,2018,47,0,12.069418907943483,1,4.0,1,1,38384.0,10.555392238824695
351,173,0,1971,12.0,2,1,2020,49,1,13.778818432264833,1,4.0,1,1,30035.0,10.310109536018645
352,174,0,1993,9.0,8,1,2018,25,0,11.494075307978294,1,5.0,1,0,12219.0,9.410749808359638
352,174,0,1993,9.0,8,1,2020,27,0,10.70745108401633,0,4.0,1,1,44163.0,10.69564299510755
353,174,1,1967,6.0,15,1,2018,51,1,7.85631763747618,1,4.0,1,1,58372.0,10.974592549568003
353,174,1,1967,6.0,15,1,2020,53,1,8.298021702136563,1,5.0,1,0,55256.0,10.919732138524303
354,175,0,1992,6.0,12,1,2018,26,1,7.551198687759809,1,4.0,1,1,41784.0,10.640268396745855
354,175,0,1992,6.0,12,1,2020,28,0,7.193397030907887,1,4.0,1,1,39465.0,10.5831794028225
355,175,0,1965,12.0,14,1,2018,53,0,17.200511247827745,1,4.0,1,0,68658.0,11.136890272323393
355,175,0,1965,12.0,14,1,2020,55,1,16.277583090648356,1,4.0,1,1,67888.0,11.125615845550653
356,175,1,1992,9.0,13,0,2018,26,0,11.11620973229629,0,5.0,0,0,34134.0,10.438049988263531
356,175,1,1992,9.0,13,0,2020,28,0,12.863210335419023,1,3.0,0,1,24687.0,10.114027902903608
357,176,0,1977,9.0,1,1,2018,41,0,11.305705636492192,1,4.0,1,1,94727.0,11.458751198625437
357,176,0,1977,9.0,1,1,2020,43,1,14.794956064819306,1,4.0,1,1,78316.0,11.268506249812518
358,177,1,1986,6.0,27,1,2018,32,1,9.805881434066093,0,5.0,1,1,131766.0,11.788785025772745
358,177,1,1986,6.0,27,1,2020,34,0,6.5376880470982766,0,5.0,1,1,,
359,177,0,1968,6.0,25,1,2018,50,1,7.4412629831222645,1,4.0,1,1,30100.0,10.312275995252039
359,177,0,1968,6.0,25,1,2020,52,1,5.012379314609974,1,4.0,1,1,19507.0,9.878551484037693
360,177,0,1966,9.0,5,1,2018,52,0,9.636412560601027,1,4.0,1,1,65610.0,11.091488310397967
360,177,0,1966,9.0,5,1,2020,54,1,8.811241899231039,1,4.0,1,1,37275.0,10.526078586183726
361,178,1,1977,9.0,21,1,2018,41,0,9.450171086473338,1,2.0,1,1,57704.0,10.963084978415113
361,178,1,1977,9.0,21,1,2020,43,1,12.504311424640674,1,4.0,1,1,128528.0,11.763905487276627
362,178,0,1992,9.0,7,1,2018,26,0,10.343356376132839,0,5.0,1,1,26886.0,10.199360888454823
362,178,0,1992,9.0,7,1,2020,28,1,12.786803456346185,0,5.0,1,1,79536.0,11.283966286391383
363,179,1,1976,9.0,21,1,2018,42,1,13.39176207019138,1,4.0,1,1,,
363,179,1,1976,9.0,21,1,2020,44,1,9.752518593853939,1,5.0,1,1,42755.0,10.663244869649583
364,180,1,1990,9.0,7,1,2018,28,1,13.65362470746039,0,4.0,1,1,49109.0,10.801797700862398
364,180,1,1990,9.0,7,1,2020,30,0,10.739935977809312,0,5.0,1,1,54380.0,10.903743195523157
365,181,0,1966,12.0,10,1,2018,52,0,13.045923963139,1,5.0,1,1,,
365,181,0,1966,12.0,10,1,2020,54,0,12.66151019927892,1,5.0,1,1,88938.0,11.395697177113174
366,181,0,1986,9.0,23,1,2018,32,0,11.813651824991945,1,4.0,1,1,,
366,181,0,1986,9.0,23,1,2020,34,1,8.36929348187832,1,3.0,1,1,45760.0,10.731175676358921
367,182,0,1980,9.0,19,1,2018,38,0,13.942476256606946,1,3.0,1,1,90787.0,11.416274657887984
367,182,0,1980,9.0,19,1,2020,40,0,13.623953981094182,1,5.0,1,1,144292.0,11.879597328261527
368,182,1,1969,9.0,1,1,2018,49,1,12.448453534985411,1,3.0,1,1,87832.0,11.383178292995488
368,182,1,1969,9.0,1,1,2020,51,0,9.89971866825633,1,3.0,1,1,98785.0,11.500705744595521
369,182,1,1972,9.0,2,1,2018,46,0,11.927673264730824,0,4.0,1,1,72856.0,11.196241829940197
369,182,1,1972,9.0,2,1,2020,48,0,12.432541471556306,1,5.0,1,1,43009.0,10.669160032605772
370,183,0,1980,6.0,25,1,2018,38,0,8.993406996232206,1,4.0,1,0,19903.0,9.898600692730385
370,183,0,1980,6.0,25,1,2020,40,0,7.3697093763816035,1,4.0,1,0,50915.0,10.837916654315341
371,183,0,1984,9.0,26,1,2018,34,0,10.495773098994025,1,4.0,1,1,81545.0,11.30890779793102
371,183,0,1984,9.0,26,1,2020,36,0,11.416952344913435,0,4.0,1,0,52681.0,10.872018094975235
372,184,0,1964,6.0,25,1,2018,54,1,6.9443664972728065,1,4.0,1,1,76118.0,11.240045320741824
372,184,0,1964,6.0,25,1,2020,56,0,7.485452867414624,1,3.0,1,1,81282.0,11.305682860657765
373,184,0,1985,12.0,24,1,2018,33,0,13.421851394436402,0,5.0,1,1,94748.0,11.458978479347644
373,184,0,1985,12.0,24,1,2020,35,1,15.87244272325471,1,3.0,1,1,77585.0,11.259130930770889
374,185,1,1987,9.0,8,1,2018,31,1,11.261993955212748,0,4.0,1,1,34249.0,10.4414260938673
374,185,1,1987,9.0,8,1,2020,33,0,13.237221283280325,0,4.0,1,1,71389.0,11.175899490866778
375,185,0,1987,12.0,27,1,2018,31,0,14.752270899886746,1,4.0,1,1,31602.0,10.360982710278618
375,185,0,1987,12.0,27,1,2020,33,1,15.086055012488647,1,4.0,1,1,50721.0,10.83408862770087
376,186,0,1991,6.0,3,1,2018,27,0,7.597400676758064,1,4.0,1,1,14487.0,9.581032231777156
376,186,0,1991,6.0,3,1,2020,29,0,8.256687329260481,0,4.0,1,0,22609.0,10.026084768939247
377,186,0,1987,6.0,4,1,2018,31,0,9.236347469985546,1,4.0,1,1,21093.0,9.9566875517564
377,186,0,1987,6.0,4,1,2020,33,0,11.003701277696226,1,5.0,1,1,100018.0,11.513101980275312
378,187,1,1968,9.0,17,1,2018,50,0,13.880047449758582,1,4.0,1,1,50872.0,10.837061516781068
378,187,1,1968,9.0,17,1,2020,52,0,9.796743223740197,1,4.0,1,0,,
379,187,0,1964,9.0,10,0,2018,54,0,13.11614303096509,1,4.0,0,1,50817.0,10.835981233650871
379,187,0,1964,9.0,10,0,2020,56,0,8.813505365104332,1,4.0,0,1,106955.0,11.580161569032706
380,188,0,1992,9.0,12,1,2018,26,0,10.981360116207052,1,5.0,1,1,40341.0,10.605123235632105
380,188,0,1992,9.0,12,1,2020,28,0,11.427015543605613,1,4.0,1,1,27425.0,10.219199254530343
381,188,1,1991,9.0,13,1,2018,27,1,8.011471049777498,0,5.0,1,1,43216.0,10.673961868150725
381,188,1,1991,9.0,13,1,2020,29,0,10.915583591506987,0,4.0,1,1,73646.0,11.207028739447958
382,189,1,1986,12.0,6,1,2018,32,0,13.803455397391772,1,5.0,1,1,45827.0,10.732632836398034
382,189,1,1986,12.0,6,1,2020,34,0,14.573808808008623,1,4.0,1,1,49311.0,10.805900360202664
383,189,1,1988,12.0,9,1,2018,30,1,13.379793841256657,1,3.0,1,1,105159.0,11.563225666918695
383,189,1,1988,12.0,9,1,2020,32,1,17.085292354738858,1,5.0,1,1,189522.0,12.152258206380498
384,190,1,1975,6.0,12,1,2018,43,0,6.688774834579982,1,3.0,1,0,31919.0,10.37095886212814
384,190,1,1975,6.0,12,1,2020,45,1,10.044323137531727,1,4.0,1,1,31592.0,10.360646104187696
385,191,0,1984,15.0,15,1,2018,34,1,,1,4.0,1,1,125300.0,11.738466873466413
385,191,0,1984,15.0,15,1,2020,36,0,18.937810982728358,1,4.0,1,1,88869.0,11.394921402238312
386,191,0,1991,16.0,6,1,2018,27,1,20.894912894199656,1,4.0,1,1,97125.0,11.483751199072277
386,191,0,1991,16.0,6,1,2020,29,1,15.005913693490196,1,5.0,1,1,100584.0,11.51875098766474
387,191,1,1969,9.0,26,1,2018,49,1,11.896747268350055,1,4.0,1,1,96421.0,11.476482814057347
387,191,1,1969,9.0,26,1,2020,51,1,12.174379610909558,1,3.0,1,1,82368.0,11.318957513399376
388,192,0,1968,12.0,28,1,2018,50,0,13.883591155296221,1,4.0,1,1,46394.0,10.74492018212854
388,192,0,1968,12.0,28,1,2020,52,1,13.759953365044566,1,4.0,1,1,51974.0,10.8584929589007
389,192,0,1968,12.0,18,1,2018,50,0,14.171233658505052,1,4.0,1,1,76238.0,11.241617944304037
389,192,0,1968,12.0,18,1,2020,52,1,14.23743785970284,1,3.0,1,1,39055.0,10.572719143976299
390,192,0,1976,9.0,5,1,2018,42,1,9.575342116823505,1,3.0,1,1,56590.0,10.943592336630363
390,192,0,1976,9.0,5,1,2020,44,0,13.229715094117683,1,5.0,1,1,120685.0,11.700936373676939
391,193,1,1971,9.0,11,1,2018,47,0,12.869155601882682,1,4.0,1,1,73982.0,11.2115719095739
391,193,1,1971,9.0,11,1,2020,49,1,6.38644564051615,1,4.0,1,1,31346.0,10.352852129440059
392,194,1,1973,6.0,4,1,2018,45,1,6.983867400152006,1,4.0,1,0,32575.0,10.391293877482703
392,194,1,1973,6.0,4,1,2020,47,0,4.397829413733231,1,4.0,1,1,23190.0,10.051485368169848
393,194,0,1981,9.0,5,1,2018,37,0,16.667163874438018,1,2.0,1,1,35994.0,10.49112107531286
393,194,0,1981,9.0,5,1,2020,39,1,8.648532897365408,1,5.0,1,1,31304.0,10.351514521734485
394,194,0,1978,9.0,7,1,2018,40,0,12.90462374654168,1,5.0,1,1,76460.0,11.244522964661687
394,194,0,1978,9.0,7,1,2020,42,0,15.539702090309857,1,5.0,1,1,79514.0,11.283682574761864
395,195,0,1971,6.0,4,1,2018,47,1,8.873898529804642,1,3.0,1,1,59187.0,10.988450252713703
395,195,0,1971,6.0,4,1,2020,49,1,7.214947702668109,1,4.0,1,0,36224.0,10.497472899870477
396,196,1,1993,12.0,16,1,2018,25,1,10.437228071010352,1,5.0,1,0,71496.0,11.17740211367657
396,196,1,1993,12.0,16,1,2020,27,1,13.853175497777222,0,5.0,1,1,30270.0,10.31792645348363
397,196,1,1993,6.0,22,1,2018,25,0,11.839504293244696,1,3.0,1,1,40506.0,10.609201171949275
397,196,1,1993,6.0,22,1,2020,27,0,10.529904691209554,1,4.0,1,1,70714.0,11.166397368837883
398,197,0,1977,12.0,16,1,2018,41,0,12.808179212914398,1,3.0,1,1,117686.0,11.675773715932763
398,197,0,1977,12.0,16,1,2020,43,1,17.344840774679383,1,4.0,1,1,107919.0,11.589137450218121
399,197,0,1976,9.0,2,1,2018,42,0,12.736720972738237,1,,1,1,83550.0,11.3331976781593
399,197,0,1976,9.0,2,1,2020,44,0,12.826781872758144,1,4.0,1,1,26049.0,10.167746079772147
400,197,1,1967,6.0,20,1,2018,51,1,10.992744154062482,1,4.0,1,1,98228.0,11.49504501588858
400,197,1,1967,6.0,20,1,2020,53,0,7.248553408524968,1,3.0,1,0,17924.0,9.793889296465641
401,198,0,1968,12.0,17,0,2018,50,1,13.89182907612192,1,4.0,0,1,39059.0,10.572823462261741
401,198,0,1968,12.0,17,0,2020,52,1,15.801731963633959,1,4.0,1,0,100178.0,11.514703256602836
402,199,1,1979,9.0,20,1,2018,39,1,14.371241860636623,1,4.0,1,1,168489.0,12.034625728357227
402,199,1,1979,9.0,20,1,2020,41,0,13.407550295416222,1,4.0,1,1,68582.0,11.135783333967792
403,199,1,1964,9.0,10,1,2018,54,0,,1,3.0,1,1,20218.0,9.914305440919904
403,199,1,1964,9.0,10,1,2020,56,0,14.086535637460019,1,3.0,1,1,137330.0,11.830141322397363
404,200,0,1964,9.0,8,1,2018,54,1,9.468213553284647,1,3.0,1,0,36520.0,10.505608264635104
404,200,0,1964,9.0,8,1,2020,56,1,12.214813369082773,1,4.0,1,1,66267.0,11.101450089275648
405,200,0,1968,12.0,16,1,2018,50,0,15.311481649117008,1,4.0,1,1,63747.0,11.062678061013637
405,200,0,1968,12.0,16,1,2020,52,1,15.212772184027306,1,4.0,1,1,77327.0,11.255795091389038
406,200,1,1974,9.0,12,1,2018,44,0,12.141060506441725,1,,1,1,65357.0,11.087620571421409
406,200,1,1974,9.0,12,1,2020,46,1,13.013580398122905,1,3.0,1,1,36850.0,10.514621283177743
407,201,0,1974,9.0,10,1,2018,44,1,10.496641526721628,1,5.0,1,1,58686.0,10.979963182429854
407,201,0,1974,9.0,10,1,2020,46,0,13.287355986353731,1,4.0,1,1,93343.0,11.444031892624185
408,201,1,1977,6.0,2,1,2018,41,0,9.626646925859253,1,3.0,1,1,39606.0,10.586726376413012
408,201,1,1977,6.0,2,1,2020,43,1,9.573793676650102,1,4.0,1,1,66636.0,11.107001790753031
409,201,1,1992,6.0,23,0,2018,26,1,10.667843266793636,1,5.0,0,1,97854.0,11.491235010700496
409,201,1,1992,6.0,23,0,2020,28,1,9.029911251274092,0,4.0,0,1,56962.0,10.950148068520388
410,202,0,1986,6.0,13,1,2018,32,0,9.860575878450746,0,4.0,1,1,55555.0,10.925137409189771
410,202,0,1986,6.0,13,1,2020,34,0,8.971864112432367,0,4.0,1,1,34813.0,10.457732347921443
411,203,1,1965,6.0,19,1,2018,53,0,11.809076662572394,1,4.0,1,0,53666.0,10.89052884563923
411,203,1,1965,6.0,19,1,2020,55,1,8.96883112085198,1,4.0,1,1,85655.0,11.35808773695238
412,203,1,1972,9.0,16,1,2018,46,0,11.52986684345053,1,4.0,1,1,87912.0,11.384094620218157
412,203,1,1972,9.0,16,1,2020,48,0,11.570228184649995,1,4.0,1,1,62910.0,11.049459717839367
413,204,0,1970,9.0,10,1,2018,48,0,11.156441965865609,1,5.0,1,1,106932.0,11.579953031539532
413,204,0,1970,9.0,10,1,2020,50,1,10.905780323555934,0,3.0,1,1,53848.0,10.893918383016542
414,204,0,1989,15.0,11,0,2018,29,1,17.005761571529124,0,3.0,0,1,65682.0,11.092578720296363
414,204,0,1989,15.0,11,0,2020,31,0,17.31049951793382,1,3.0,0,1,69917.0,11.155067701606162
415,205,1,1966,6.0,1,1,2018,52,0,5.667192929268564,1,3.0,1,1,28641.0,10.262610610196317
415,205,1,1966,6.0,1,1,2020,54,0,8.927648570063864,1,2.0,1,0,39383.0,10.581079431945497
416,205,1,1992,6.0,15,1,2018,26,1,9.154402949407574,0,2.0,1,1,34117.0,10.437539934919858
416,205,1,1992,6.0,15,1,2020,28,0,8.819643656390078,0,4.0,1,1,41936.0,10.64389358357464
417,206,0,1986,9.0,26,1,2018,32,0,13.370583282721409,1,3.0,1,1,52322.0,10.865173011670818
417,206,0,1986,9.0,26,1,2020,34,0,13.152487505355401,0,,1,1,,
418,207,0,1993,12.0,13,1,2018,25,1,14.738829508751294,1,5.0,1,1,49213.0,10.803908809708538
418,207,0,1993,12.0,13,1,2020,27,0,15.018287609160955,0,4.0,1,0,58679.0,10.979837891401402
419,207,1,1983,6.0,23,1,2018,35,0,10.98038556062456,1,3.0,1,1,82389.0,11.319201165151222
419,207,1,1983,6.0,23,1,2020,37,1,10.248856643080542,1,4.0,1,1,72449.0,11.190642872707965
420,208,1,1990,9.0,1,1,2018,28,1,10.520622512853976,1,,1,1,44675.0,10.707178847922918
420,208,1,1990,9.0,1,1,2020,30,1,14.4395310917056,0,4.0,1,1,44090.0,10.693979033203881
421,208,0,1989,9.0,5,1,2018,29,0,13.03322755956837,0,4.0,1,1,44252.0,10.69765965747419
421,208,0,1989,9.0,5,1,2020,31,0,15.42437863816818,1,3.0,1,1,108648.0,11.595869677154086
422,209,1,1993,6.0,27,1,2018,25,1,10.930889569565196,0,4.0,1,1,24996.0,10.126489561121131
422,209,1,1993,6.0,27,1,2020,27,0,7.28295429812411,0,5.0,1,1,55793.0,10.92940726442838
423,209,0,1990,12.0,15,1,2018,28,1,12.9545294135374,1,4.0,1,1,89064.0,11.397111169898029
423,209,0,1990,12.0,15,1,2020,30,0,17.82328202934452,1,3.0,1,1,55715.0,10.928009893491089
424,209,0,1974,12.0,8,1,2018,44,1,15.480849089563046,1,4.0,1,1,100479.0,11.517708497830007
424,209,0,1974,12.0,8,1,2020,46,1,13.93402635249484,1,4.0,1,1,,
425,210,0,1989,6.0,9,1,2018,29,0,10.225411060088092,1,3.0,1,0,30344.0,10.320365666094148
425,210,0,1989,6.0,9,1,2020,31,0,8.492209654551077,1,4.0,1,0,19006.0,9.852496268015996
426,210,1,1982,6.0,27,1,2018,36,0,7.846088628470393,1,5.0,1,1,36886.0,10.515596110888728
426,210,1,1982,6.0,27,1,2020,38,1,9.262828626683778,0,2.0,1,1,,
427,211,1,1981,6.0,7,1,2018,37,0,9.237226192978644,1,4.0,1,1,42009.0,10.64563614390781
427,211,1,1981,6.0,7,1,2020,39,1,6.1457863613707335,1,4.0,1,1,29585.0,10.295039128134869
428,211,1,1977,9.0,8,1,2018,41,0,14.270681458658608,1,4.0,1,1,58233.0,10.972215615069729
428,211,1,1977,9.0,8,1,2020,43,0,11.899413271843473,1,4.0,1,1,103273.0,11.545129692458445
429,212,0,1980,12.0,12,1,2018,38,0,14.485893912837716,1,4.0,1,1,36874.0,10.515266639968491
429,212,0,1980,12.0,12,1,2020,40,1,14.840774827364115,1,5.0,1,1,56086.0,10.934645564002073
430,212,1,1963,6.0,28,1,2018,55,1,8.232126784347406,1,5.0,1,1,37509.0,10.532339510389757
430,212,1,1963,6.0,28,1,2020,57,1,7.871026622686047,1,3.0,1,1,50187.0,10.823505479278891
431,213,0,1992,12.0,20,0,2018,26,0,12.01571373945668,1,,0,0,39753.0,10.5904376486129
431,213,0,1992,12.0,20,0,2020,28,1,13.82445848018308,0,5.0,0,1,41139.0,10.62471876704072
432,214,1,1991,6.0,22,1,2018,27,0,11.167119018580435,1,,1,1,35720.0,10.483479614351568
432,214,1,1991,6.0,22,1,2020,29,1,8.94570344490106,1,3.0,1,1,83426.0,11.331717442723251
433,215,0,1975,9.0,24,1,2018,43,0,10.19310080681789,1,4.0,1,1,48922.0,10.79797624167225
433,215,0,1975,9.0,24,1,2020,45,1,9.380842306599027,1,5.0,1,1,31091.0,10.344658608906869
434,215,0,1981,9.0,15,1,2018,37,0,12.923593426638307,1,4.0,1,1,26829.0,10.19724515066087
434,215,0,1981,9.0,15,1,2020,39,1,10.966812701804685,1,5.0,1,0,55139.0,10.91761930165217
435,216,0,1989,12.0,15,1,2018,29,0,14.150745980083713,1,5.0,1,1,85331.0,11.354288319424219
435,216,0,1989,12.0,15,1,2020,31,1,12.608436430930194,1,4.0,1,1,35563.0,10.479062990639331
436,216,1,1978,13.0,5,1,2018,40,0,12.33208797010615,1,4.0,1,1,108701.0,11.596359366017742
436,216,1,1978,13.0,5,1,2020,42,0,17.973254782989407,1,4.0,1,1,50264.0,10.825052737077772
437,217,0,1970,9.0,13,0,2018,48,0,14.905044979156902,1,4.0,0,1,97253.0,11.485070036196102
437,217,0,1970,9.0,13,0,2020,50,1,12.881920560150558,1,4.0,0,1,61134.0,11.020822590565638
438,217,1,1989,6.0,17,0,2018,29,0,,1,4.0,0,1,49343.0,10.806547716503642
438,217,1,1989,6.0,17,0,2020,31,1,7.024560508930014,1,5.0,0,0,12575.0,9.439467828761344
439,218,1,1990,6.0,14,1,2018,28,0,10.963106238873008,0,4.0,1,1,51412.0,10.847634705766248
439,218,1,1990,6.0,14,1,2020,30,0,7.4029515720324675,0,4.0,1,0,23343.0,10.058036611656867
440,218,1,1984,9.0,19,1,2018,34,1,13.997545656845361,1,4.0,1,1,41723.0,10.638817664177019
440,218,1,1984,9.0,19,1,2020,36,0,14.012741953373144,1,4.0,1,1,83689.0,11.334868141450595
441,219,1,1990,6.0,25,1,2018,28,1,10.13280802705232,0,4.0,1,0,45798.0,10.731993829668884
441,219,1,1990,6.0,25,1,2020,30,0,9.447811186775875,1,4.0,1,0,41987.0,10.645113474942487
442,219,1,1982,6.0,16,1,2018,36,1,11.5807703141772,0,4.0,1,1,121786.0,11.710020388655506
442,219,1,1982,6.0,16,1,2020,38,0,9.388391720774633,1,4.0,1,0,72033.0,11.184872899345448
443,220,1,1982,9.0,14,1,2018,36,1,12.269742872761931,1,4.0,1,1,119386.0,11.690117162607715
443,220,1,1982,9.0,14,1,2020,38,1,11.989151455366871,1,5.0,1,1,41799.0,10.640619707236517
444,221,0,1968,9.0,20,1,2018,50,1,9.565596945277774,1,3.0,1,1,95377.0,11.46559760693735
444,221,0,1968,9.0,20,1,2020,52,1,13.832341599639177,1,5.0,1,1,80454.0,11.295446463700063
445,222,1,1971,9.0,6,1,2018,47,1,11.490436845171457,0,3.0,1,1,85147.0,11.352135578256247
445,222,1,1971,9.0,6,1,2020,49,1,9.350805535196677,0,5.0,1,1,88170.0,11.387022676520063
446,222,1,1970,9.0,10,1,2018,48,0,9.365186689200641,1,4.0,1,1,56967.0,10.950231105056925
446,222,1,1970,9.0,10,1,2020,50,1,12.448619049414747,1,4.0,1,1,61713.0,11.030252552087468
447,223,1,1969,6.0,20,1,2018,49,1,8.544097049418653,1,5.0,1,0,50726.0,10.834190124748558
447,223,1,1969,6.0,20,1,2020,51,0,5.023090767957999,1,3.0,1,1,35379.0,10.47387473520419
448,223,0,1982,6.0,1,1,2018,36,1,8.859892115921964,1,4.0,1,0,45460.0,10.724580644366055
448,223,0,1982,6.0,1,1,2020,38,0,10.344066002384437,1,4.0,1,0,50163.0,10.823037704666678
449,223,1,1973,9.0,25,1,2018,45,0,9.67052240824796,1,4.0,1,0,52228.0,10.863365319547759
449,223,1,1973,9.0,25,1,2020,47,0,11.299220993525179,1,4.0,1,1,60362.0,11.008122124107839
450,224,0,1971,9.0,22,1,2018,47,1,10.223032330478622,1,4.0,1,0,41369.0,10.630295833576206
450,224,0,1971,9.0,22,1,2020,49,0,15.664292346248132,1,4.0,1,1,46302.0,10.742944117244411
451,225,0,1985,9.0,5,1,2018,33,0,12.472218820627166,0,3.0,1,1,27439.0,10.219710103567731
451,225,0,1985,9.0,5,1,2020,35,0,10.144593168057597,0,2.0,1,1,37172.0,10.523319135817315
452,225,0,1985,9.0,7,1,2018,33,1,14.80412119604792,1,4.0,1,1,76555.0,11.245762532272769
452,225,0,1985,9.0,7,1,2020,35,0,11.380921351736335,1,4.0,1,1,37244.0,10.525243134773646
453,225,1,1993,12.0,20,1,2018,25,0,15.744365655743287,0,5.0,1,1,141409.0,11.859415099793033
453,225,1,1993,12.0,20,1,2020,27,0,17.261170651784983,0,5.0,1,1,125857.0,11.74290462013344
454,226,0,1985,13.0,25,1,2018,33,1,15.680914702583673,1,4.0,1,1,86688.0,11.370073915772622
454,226,0,1985,13.0,25,1,2020,35,0,12.18344876688537,1,4.0,1,1,38975.0,10.57066446195778
455,226,1,1991,9.0,18,1,2018,27,0,15.080658265596858,0,3.0,1,1,64686.0,11.077302759664919
455,226,1,1991,9.0,18,1,2020,29,0,12.748990886134065,1,5.0,1,1,33933.0,10.43213211131248
456,227,1,1965,9.0,19,1,2018,53,0,9.821208468448289,1,4.0,1,1,25541.0,10.148058248580671
456,227,1,1965,9.0,19,1,2020,55,0,12.721716966148183,0,3.0,1,1,78669.0,11.273009141137711
457,227,1,1966,9.0,20,1,2018,52,0,12.572918522756817,1,4.0,1,1,106649.0,11.577298333067436
457,227,1,1966,9.0,20,1,2020,54,1,10.183974564500716,1,3.0,1,1,46395.0,10.744953935626386
458,227,0,1976,9.0,24,1,2018,42,0,14.304704986603017,1,4.0,1,1,82391.0,11.319226343739972
458,227,0,1976,9.0,24,1,2020,44,0,13.328022514052495,1,3.0,1,1,65598.0,11.091303633639413
459,228,0,1981,12.0,10,1,2018,37,1,14.471734634884172,1,4.0,1,1,90287.0,11.410753568304994
459,228,0,1981,12.0,10,1,2020,39,1,13.58592048440905,1,3.0,1,1,75320.0,11.229507185895658
460,228,1,1993,9.0,11,0,2018,25,1,11.019633181646311,0,5.0,0,1,59270.0,10.989850325620965
460,228,1,1993,9.0,11,0,2020,27,0,11.138952435878378,0,3.0,0,1,28621.0,10.261912562695105
461,229,0,1979,6.0,10,1,2018,39,1,9.62859182541384,1,4.0,1,1,53832.0,10.893614316698963
461,229,0,1979,6.0,10,1,2020,41,1,10.089022707051592,1,5.0,1,1,62415.0,11.041561936567955
462,229,1,1993,6.0,22,1,2018,25,0,8.432627895309082,1,5.0,1,1,55166.0,10.91810723875424
462,229,1,1993,6.0,22,1,2020,27,0,9.572894816559705,1,3.0,1,1,58115.0,10.97018180733355
463,230,1,1993,9.0,7,0,2018,25,0,15.154648531197282,0,4.0,0,1,,
463,230,1,1993,9.0,7,0,2020,27,1,11.300119338100131,1,4.0,0,0,26004.0,10.165986484242142
464,231,1,1986,9.0,23,1,2018,32,1,14.273498481356064,1,3.0,1,1,150168.0,11.919511520666601
464,231,1,1986,9.0,23,1,2020,34,0,12.89581553347078,1,4.0,1,1,51492.0,10.849187778078672
465,232,1,1968,12.0,13,1,2018,50,0,12.541094318217638,1,3.0,1,0,40266.0,10.603262744513835
465,232,1,1968,12.0,13,1,2020,52,1,15.247203749763262,1,4.0,1,1,85982.0,11.361895119088066
466,232,0,1986,9.0,17,1,2018,32,1,13.342871328990443,1,3.0,1,0,48107.0,10.781184621677633
466,232,0,1986,9.0,17,1,2020,34,0,14.871840797369991,0,4.0,1,1,51132.0,10.842161995800865
467,232,0,1984,6.0,2,1,2018,34,0,5.938111763001221,1,4.0,1,1,33814.0,10.428630087069507
467,232,0,1984,6.0,2,1,2020,36,0,9.100225622714248,1,3.0,1,1,49316.0,10.806001656968183
468,233,1,1966,9.0,9,1,2018,52,1,7.819416413450066,1,4.0,1,0,63248.0,11.054811837000031
468,233,1,1966,9.0,9,1,2020,54,1,8.595550501946082,1,5.0,1,1,118387.0,11.681710643470721
469,233,1,1968,9.0,15,1,2018,50,0,14.655614108730463,1,4.0,1,1,60924.0,11.017375395414405
469,233,1,1968,9.0,15,1,2020,52,0,10.957311802051825,1,5.0,1,0,67288.0,11.116738928275181
470,234,0,1968,9.0,1,1,2018,50,1,,1,3.0,1,1,42006.0,10.645571206396692
470,234,0,1968,9.0,1,1,2020,52,1,9.09948533477925,1,3.0,1,1,42381.0,10.654455840861699
471,234,0,1989,6.0,28,1,2018,29,0,7.412778353960667,0,4.0,1,0,16774.0,9.727578660585413
471,234,0,1989,6.0,28,1,2020,31,1,9.931416129018778,1,4.0,1,1,70749.0,11.16689635963299
472,235,1,1990,6.0,10,1,2018,28,1,9.02275219717161,1,4.0,1,1,45515.0,10.725803309495738
472,235,1,1990,6.0,10,1,2020,30,0,11.07370223691783,1,4.0,1,1,47943.0,10.777759132726588
473,235,0,1988,9.0,25,1,2018,30,1,7.660589446961212,1,4.0,1,1,42648.0,10.660745269540461
473,235,0,1988,9.0,25,1,2020,32,1,13.486303278467942,1,5.0,1,1,41493.0,10.633276690267865
474,235,1,1971,9.0,14,1,2018,47,1,12.252685903011029,1,4.0,1,1,33908.0,10.4314146868529
474,235,1,1971,9.0,14,1,2020,49,0,9.764524496481506,1,5.0,1,1,37346.0,10.527990129125026
475,236,1,1970,9.0,18,1,2018,48,1,13.171782059281664,1,3.0,1,1,88636.0,11.392297053874673
475,236,1,1970,9.0,18,1,2020,50,1,8.967613966119774,1,3.0,1,1,40901.0,10.618904768063445
476,237,1,1979,9.0,17,1,2018,39,1,9.552327467103813,1,4.0,1,1,113862.0,11.642743596006742
476,237,1,1979,9.0,17,1,2020,41,0,13.097503384427338,1,5.0,1,1,126405.0,11.747246364361615
477,238,1,1990,12.0,23,1,2018,28,1,11.859745978944705,0,4.0,1,1,51683.0,10.85288508056395
477,238,1,1990,12.0,23,1,2020,30,1,16.30116802668177,1,4.0,1,1,48076.0,10.780535932694148
478,238,0,1963,9.0,18,1,2018,55,0,10.091524555001195,1,4.0,1,1,47209.0,10.762334392010567
478,238,0,1963,9.0,18,1,2020,57,1,10.835005348560228,1,4.0,1,1,36303.0,10.499641990452272
479,239,0,1987,12.0,12,1,2018,31,0,15.0166790530015,1,5.0,1,1,38219.0,10.551084434605789
479,239,0,1987,12.0,12,1,2020,33,1,15.741837075831452,1,4.0,1,1,163189.0,12.002666361935544
480,239,1,1984,9.0,16,1,2018,34,1,15.479613777734395,1,4.0,1,1,166506.0,12.02278948541547
480,239,1,1984,9.0,16,1,2020,36,0,9.573798335931627,1,4.0,1,1,40863.0,10.617977076504308
481,239,1,1966,9.0,25,1,2018,52,1,12.711421023898136,1,4.0,1,1,,
481,239,1,1966,9.0,25,1,2020,54,0,9.130446442275547,1,4.0,1,1,47136.0,10.760784790267236
482,240,0,1971,6.0,5,0,2018,47,0,11.054765605119671,1,5.0,0,0,39521.0,10.584589277908886
482,240,0,1971,6.0,5,0,2020,49,0,9.2826319219536,1,4.0,0,0,23862.0,10.080022542865018
483,241,1,1974,9.0,20,0,2018,44,1,13.125467349962786,1,3.0,0,1,125084.0,11.736743562342175
483,241,1,1974,9.0,20,0,2020,46,0,10.244068936765187,1,3.0,0,0,37636.0,10.535720555927819
484,242,0,1963,6.0,19,1,2018,55,1,6.779595478230141,1,4.0,1,0,27793.0,10.23253371179003
484,242,0,1963,6.0,19,1,2020,57,1,8.088601400885532,1,4.0,1,1,88122.0,11.386475713007385
485,242,0,1971,12.0,9,1,2018,47,0,15.4020084275836,1,4.0,1,1,57371.0,10.957300354339509
485,242,0,1971,12.0,9,1,2020,49,1,16.318514198245353,1,3.0,1,1,71980.0,11.184150091126195
486,243,1,1991,9.0,16,0,2018,27,0,10.573963595713657,1,3.0,0,1,49172.0,10.803071330993932
486,243,1,1991,9.0,16,0,2020,29,0,,0,2.0,0,0,45823.0,10.732551683251584
487,244,1,1967,9.0,27,0,2018,51,0,,1,4.0,0,1,29486.0,10.29168505107971
487,244,1,1967,9.0,27,0,2020,53,1,12.891278498112623,1,5.0,0,1,103072.0,11.543185239834546
488,244,1,1976,9.0,15,1,2018,42,0,14.533961910318773,1,4.0,1,1,58688.0,10.979988411258956
488,244,1,1976,9.0,15,1,2020,44,1,11.25037458124464,1,4.0,1,1,57534.0,10.960125532218179
489,245,1,1968,9.0,10,0,2018,50,0,15.461479819579127,1,4.0,0,1,87543.0,11.379884483268567
489,245,1,1968,9.0,10,0,2020,52,0,12.27184059913236,1,4.0,0,1,75895.0,11.237099781774674
490,245,0,1983,9.0,19,1,2018,35,1,9.378919444884026,1,5.0,1,1,40330.0,10.60485136127383
490,245,0,1983,9.0,19,1,2020,37,0,13.983290049097137,1,3.0,1,1,72153.0,11.186543725922313
491,246,0,1983,6.0,10,1,2018,35,1,10.753074187348783,1,3.0,1,1,20266.0,9.91672284929976
491,246,0,1983,6.0,10,1,2020,37,0,10.549417532187931,1,4.0,1,1,,
492,246,1,1971,12.0,3,1,2018,47,0,18.318105885434345,1,5.0,1,1,50388.0,10.827507384467719
492,246,1,1971,12.0,3,1,2020,49,0,13.25011390709416,1,4.0,1,1,138409.0,11.837966214124876
493,246,0,1987,6.0,9,0,2018,31,1,10.876189939861241,0,3.0,0,1,69286.0,11.146000416117982
493,246,0,1987,6.0,9,0,2020,33,0,13.328580247845425,0,3.0,0,0,,
494,247,0,1971,6.0,9,1,2018,47,0,12.606587218771807,1,5.0,1,1,34955.0,10.461815532326918
494,247,0,1971,6.0,9,1,2020,49,1,6.902215830117328,1,4.0,1,0,42660.0,10.661018797240228
495,248,0,1986,9.0,1,0,2018,32,1,9.602882557706542,0,3.0,0,1,37462.0,10.53108741342815
495,248,0,1986,9.0,1,0,2020,34,0,12.00727119177093,0,4.0,0,0,31649.0,10.362460192060178
496,248,0,1978,9.0,13,1,2018,40,0,10.11823687420291,1,3.0,1,0,38574.0,10.56033369324619
496,248,0,1978,9.0,13,1,2020,42,1,13.925093702102405,1,4.0,1,1,33187.0,10.409914021990598
497,248,1,1989,9.0,16,1,2018,29,0,14.19684020179036,1,4.0,1,1,125097.0,11.736846910945728
497,248,1,1989,9.0,16,1,2020,31,0,13.544508996973196,1,4.0,1,1,66813.0,11.109657422897593
498,249,1,1964,6.0,23,1,2018,54,1,10.550326398291695,1,4.0,1,1,88464.0,11.390353427078676
498,249,1,1964,6.0,23,1,2020,56,0,10.595988307809172,1,5.0,1,1,22471.0,10.01999195607398
499,249,0,1990,9.0,15,0,2018,28,1,12.611606056505787,0,5.0,0,1,69021.0,11.142167498772825
499,249,0,1990,9.0,15,0,2020,30,1,12.097996553253033,0,4.0,0,0,21352.0,9.968898007404144
500,249,1,1967,6.0,19,1,2018,51,0,7.590207269948223,1,4.0,1,1,106578.0,11.57663572193209
500,249,1,1967,6.0,19,1,2020,53,0,8.87480165561576,1,4.0,1,1,74986.0,11.225061610802483
501,250,1,1983,9.0,3,1,2018,35,0,12.524719346244279,0,4.0,1,1,71102.0,11.171869802137183
501,250,1,1983,9.0,3,1,2020,37,1,11.044456294921549,1,4.0,1,1,97659.0,11.489238676039317
502,250,0,1988,6.0,9,1,2018,30,0,9.867088380186399,1,3.0,1,0,45427.0,10.723857574220935
502,250,0,1988,6.0,9,1,2020,32,1,10.47818049441944,1,4.0,1,0,71056.0,11.171222657371972
503,250,0,1993,12.0,10,1,2018,25,1,15.974515482707607,1,4.0,1,1,99212.0,11.505012939764107
503,250,0,1993,12.0,10,1,2020,27,0,14.795132477124866,0,4.0,1,1,86206.0,11.364497036204186
504,251,1,1965,6.0,6,1,2018,53,1,5.066037098406878,1,3.0,1,0,39747.0,10.590289400043195
504,251,1,1965,6.0,6,1,2020,55,1,7.1627981248102355,1,4.0,1,1,18755.0,9.839193655861898
505,251,1,1980,12.0,5,1,2018,38,0,14.920164056300901,1,4.0,1,1,91621.0,11.425417415709664
505,251,1,1980,12.0,5,1,2020,40,0,16.989461786003595,1,3.0,1,1,55944.0,10.932103036277464
506,251,0,1973,6.0,18,1,2018,45,0,7.842451019590666,1,4.0,1,1,68926.0,11.140792309647116
506,251,0,1973,6.0,18,1,2020,47,1,8.94568998771816,1,4.0,1,1,90566.0,11.413839128752889
507,252,1,1965,12.0,11,1,2018,53,1,12.84144082406137,1,4.0,1,1,177738.0,12.088064447763726
507,252,1,1965,12.0,11,1,2020,55,0,10.862018389020896,0,4.0,1,1,22531.0,10.022648863835716
508,252,0,1986,9.0,16,0,2018,32,0,12.25722911037908,1,4.0,0,1,77598.0,11.25930294311873
508,252,0,1986,9.0,16,0,2020,34,1,9.815569462812201,1,3.0,1,1,32538.0,10.390176420923229
509,253,0,1989,9.0,4,1,2018,29,1,,1,4.0,1,1,43655.0,10.684061729573735
509,253,0,1989,9.0,4,1,2020,31,0,12.627127764218539,1,,1,1,57190.0,10.954142640859498
510,253,0,1976,12.0,5,1,2018,42,0,13.330254792087931,1,3.0,1,1,65503.0,11.089852524127867
510,253,0,1976,12.0,5,1,2020,44,0,17.202520240175918,1,3.0,1,1,62625.0,11.044912982183897
511,254,0,1974,12.0,12,1,2018,44,1,15.174775438823644,1,4.0,1,1,53788.0,10.892799893852668
511,254,0,1974,12.0,12,1,2020,46,0,17.623057627263478,1,3.0,1,1,70124.0,11.158024854240034
512,254,1,1980,14.0,5,1,2018,38,1,16.939019061876042,1,4.0,1,1,136698.0,11.825531076642198
512,254,1,1980,14.0,5,1,2020,40,1,15.293054734683533,1,4.0,1,1,59163.0,10.988052743791803
513,255,0,1979,6.0,13,1,2018,39,1,6.488479236392511,1,5.0,1,1,44777.0,10.709445389292167
513,255,0,1979,6.0,13,1,2020,41,0,8.631773375701615,1,5.0,1,1,,
514,255,1,1980,6.0,27,0,2018,38,1,6.751789476853322,0,4.0,0,1,54412.0,10.904343012023261
514,255,1,1980,6.0,27,0,2020,40,0,7.2505027550791095,1,4.0,0,0,49901.0,10.817804545060135
515,256,0,1963,6.0,28,1,2018,55,0,10.741813899387179,1,4.0,1,1,14755.0,9.599308624955983
515,256,0,1963,6.0,28,1,2020,57,0,7.689536874855083,1,4.0,1,0,,
516,256,0,1968,9.0,7,1,2018,50,0,11.214147065907069,1,4.0,1,1,66545.0,11.105632348816721
516,256,0,1968,9.0,7,1,2020,52,0,10.589701060592507,1,4.0,1,1,54409.0,10.904280400358356
517,256,0,1968,14.0,22,1,2018,50,1,14.072973017980836,1,3.0,1,1,118176.0,11.679933101677612
517,256,0,1968,14.0,22,1,2020,52,0,17.79280025161618,1,5.0,1,1,39518.0,10.584523088857134
518,257,1,1972,6.0,16,0,2018,46,0,7.4990261083520835,0,3.0,0,0,78802.0,11.274699404337591
518,257,1,1972,6.0,16,0,2020,48,1,11.284023766278679,1,4.0,0,0,82529.0,11.320909636868555
519,257,0,1990,12.0,17,1,2018,28,0,17.890561007972334,1,3.0,1,1,57646.0,10.962077665350298
519,257,0,1990,12.0,17,1,2020,30,1,12.739811855831324,0,3.0,1,1,75790.0,11.235728146989322
520,257,0,1993,9.0,28,1,2018,25,0,14.67276808086395,0,4.0,1,1,46200.0,10.740738354559372
520,257,0,1993,9.0,28,1,2020,27,0,10.948625227797681,0,3.0,1,1,28854.0,10.27001547303619
521,258,1,1964,6.0,8,1,2018,54,0,8.074367474035574,1,3.0,1,0,55894.0,10.931220727109288
521,258,1,1964,6.0,8,1,2020,56,0,7.839061213098366,1,4.0,1,0,19439.0,9.875053113956907
522,258,1,1985,9.0,1,1,2018,33,0,9.508452888991421,1,4.0,1,1,49359.0,10.806878725466941
522,258,1,1985,9.0,1,1,2020,35,1,11.719802199997485,1,4.0,1,1,110674.0,11.614343165670958
523,258,1,1987,9.0,2,0,2018,31,0,11.046985223216733,1,4.0,0,0,55073.0,10.916409627778831
523,258,1,1987,9.0,2,0,2020,33,0,14.380614541984551,0,3.0,0,1,26447.0,10.182886587269486
524,259,1,1981,9.0,18,1,2018,37,0,12.918559420326504,1,4.0,1,1,24300.0,10.098237241360112
524,259,1,1981,9.0,18,1,2020,39,1,11.948365216298479,1,4.0,1,1,70053.0,11.157009535628895
525,260,1,1984,9.0,12,1,2018,34,0,11.415735744297676,0,4.0,1,1,58011.0,10.968395137566292
525,260,1,1984,9.0,12,1,2020,36,0,9.066222906059705,1,5.0,1,1,69945.0,11.15547041654476
526,260,1,1963,9.0,3,1,2018,55,1,11.589280832865258,1,5.0,1,1,54229.0,10.900970875243287
526,260,1,1963,9.0,3,1,2020,57,1,11.16408883351534,1,4.0,1,1,32469.0,10.388050318630478
527,260,1,1972,12.0,19,1,2018,46,0,13.925517600538877,1,3.0,1,1,109427.0,11.60300960694208
527,260,1,1972,12.0,19,1,2020,48,0,14.300120805700626,1,3.0,1,1,60835.0,11.015914256502686
528,261,1,1973,9.0,23,1,2018,45,0,,1,4.0,1,1,212996.0,12.269030078550026
528,261,1,1973,9.0,23,1,2020,47,0,8.251103819356754,1,3.0,1,1,38050.0,10.546648251289643
529,261,1,1988,6.0,18,1,2018,30,0,9.737020006669974,1,5.0,1,1,,
529,261,1,1988,6.0,18,1,2020,32,0,12.120285072375982,0,4.0,1,1,29879.0,10.304916403925908
530,262,0,1975,9.0,3,1,2018,43,0,8.946370663434838,1,4.0,1,1,63595.0,11.060295866802955
530,262,0,1975,9.0,3,1,2020,45,0,11.137816349610912,1,,1,0,35003.0,10.463189737041242
531,262,1,1964,6.0,10,1,2018,54,1,8.631337132820963,1,4.0,1,1,,
531,262,1,1964,6.0,10,1,2020,56,1,9.000153860090435,1,4.0,1,1,89666.0,11.403844967684718
532,262,0,1971,6.0,8,1,2018,47,0,14.34033373728554,1,4.0,1,1,35795.0,10.48556235215536
532,262,0,1971,6.0,8,1,2020,49,0,6.557782618767479,1,5.0,1,0,55496.0,10.924073990144787
533,263,1,1969,9.0,15,1,2018,49,0,11.888485217472041,1,5.0,1,1,90786.0,11.416257457252005
533,263,1,1969,9.0,15,1,2020,51,1,12.873409610423295,1,5.0,1,1,115869.0,11.66021281000395
534,264,1,1982,6.0,7,1,2018,36,0,11.553661570539447,1,4.0,1,0,28303.0,10.25072560377101
534,264,1,1982,6.0,7,1,2020,38,1,11.96687502233182,0,4.0,1,1,60821.0,11.01568999953639
535,265,1,1982,12.0,17,1,2018,36,0,14.568584658673783,1,5.0,1,1,65528.0,11.09023428244417
535,265,1,1982,12.0,17,1,2020,38,0,15.782427328747348,1,4.0,1,1,83691.0,11.33489235242892
536,266,0,1963,6.0,8,1,2018,55,1,6.227070849664017,1,,1,0,24720.0,10.115383389761595
536,266,0,1963,6.0,8,1,2020,57,1,7.969780189519852,1,,1,1,74847.0,11.223205634426403
537,267,1,1976,9.0,27,1,2018,42,1,12.877220618426591,1,4.0,1,1,90145.0,11.409178918850543
537,267,1,1976,9.0,27,1,2020,44,0,10.858217607373074,1,4.0,1,1,125653.0,11.741282750401696
538,267,1,1988,12.0,1,1,2018,30,0,16.405073895692684,0,4.0,1,1,86119.0,11.363486384540687
538,267,1,1988,12.0,1,1,2020,32,1,15.23330184841811,1,5.0,1,1,56831.0,10.947839177669266
539,267,0,1993,6.0,13,1,2018,25,1,10.175320367883607,0,4.0,1,1,65853.0,11.095187072241181
539,267,0,1993,6.0,13,1,2020,27,0,9.366904231803439,1,,1,1,47289.0,10.764027197365152
540,268,1,1976,16.0,9,1,2018,42,0,20.213041170424834,1,3.0,1,1,38566.0,10.560117093469513
540,268,1,1976,16.0,9,1,2020,44,1,17.968880971086225,1,4.0,1,1,63709.0,11.062082896763634
541,268,0,1973,6.0,21,1,2018,45,0,5.622432349925425,0,3.0,1,1,26663.0,10.191023202621405
541,268,0,1973,6.0,21,1,2020,47,1,9.061187803257294,1,4.0,1,1,53758.0,10.892256424879456
542,269,0,1981,9.0,3,1,2018,37,0,13.137773163803152,1,5.0,1,1,41119.0,10.624215422600313
542,269,0,1981,9.0,3,1,2020,39,1,12.37152352209631,1,5.0,1,1,120425.0,11.698782801642443
543,270,0,1989,9.0,2,1,2018,29,1,11.85256667182311,0,4.0,1,1,60365.0,11.008170280028356
543,270,0,1989,9.0,2,1,2020,31,0,9.200043145530193,0,3.0,1,1,26163.0,10.172096549664047
544,271,1,1965,6.0,8,1,2018,53,0,9.274588337994695,1,3.0,1,0,61537.0,11.027396410467933
544,271,1,1965,6.0,8,1,2020,55,1,10.623175156778576,1,4.0,1,1,30690.0,10.331689087618999
545,271,0,1981,6.0,16,1,2018,37,0,11.0898285432532,1,5.0,1,1,37889.0,10.542406228486046
545,271,0,1981,6.0,16,1,2020,39,0,5.519267651998162,0,4.0,1,0,50291.0,10.825587760998983
546,272,0,1971,6.0,26,1,2018,47,0,11.333740675789397,1,5.0,1,1,,
546,272,0,1971,6.0,26,1,2020,49,1,7.905253924969255,1,4.0,1,0,40274.0,10.603468554237548
547,272,1,1966,9.0,7,1,2018,52,1,10.879403811688187,1,5.0,1,0,33339.0,10.41447591156454
547,272,1,1966,9.0,7,1,2020,54,0,10.750765907218307,1,4.0,1,1,32109.0,10.37690351702775
548,273,0,1984,9.0,7,1,2018,34,0,8.6710694185692,0,4.0,1,1,64748.0,11.078250660871154
548,273,0,1984,9.0,7,1,2020,36,0,14.171567718042441,1,4.0,1,1,103350.0,11.54587645863082
549,273,0,1987,6.0,15,1,2018,31,1,4.146700152019076,1,3.0,1,1,47817.0,10.775133749066983
549,273,0,1987,6.0,15,1,2020,33,1,9.87365709357782,1,4.0,1,0,25144.0,10.132375174750484
550,273,0,1989,9.0,2,1,2018,29,0,14.070247093591643,1,4.0,1,1,48291.0,10.784990904315613
550,273,0,1989,9.0,2,1,2020,31,1,15.19891356550979,1,5.0,1,1,63491.0,11.058647055870187
551,274,0,1985,6.0,12,1,2018,33,1,8.424483530022837,1,3.0,1,1,38379.0,10.555271158959957
551,274,0,1985,6.0,12,1,2020,35,0,9.66858852547221,1,4.0,1,1,65999.0,11.097399393475802
552,275,0,1975,6.0,14,1,2018,43,0,7.645440322163459,1,5.0,1,1,43429.0,10.678879944829804
552,275,0,1975,6.0,14,1,2020,45,1,4.9249311257877295,1,4.0,1,0,26480.0,10.184134034030318
553,276,1,1977,9.0,15,1,2018,41,0,12.918807993945238,1,3.0,1,1,46558.0,10.748463343402753
553,276,1,1977,9.0,15,1,2020,43,1,10.775547110857993,1,3.0,1,1,,
554,277,0,1986,12.0,21,1,2018,32,0,15.548630717476659,1,5.0,1,1,61577.0,11.028037521107288
554,277,0,1986,12.0,21,1,2020,34,0,14.767493166530338,0,5.0,1,1,124463.0,11.731765951161668
555,277,1,1982,12.0,19,0,2018,36,1,12.555870707387744,0,,0,1,35296.0,10.47153886642156
555,277,1,1982,12.0,19,0,2020,38,0,15.170366782305631,1,4.0,0,1,109312.0,11.601963325571404
556,278,0,1985,9.0,22,1,2018,33,1,12.60037313068963,1,5.0,1,1,66406.0,11.10354902794719
556,278,0,1985,9.0,22,1,2020,35,1,10.053269426974666,1,4.0,1,1,76643.0,11.246915697645285
557,278,0,1966,12.0,17,1,2018,52,1,10.447224060947734,1,,1,0,44540.0,10.704147861147895
557,278,0,1966,12.0,17,1,2020,54,1,16.272538141500696,1,3.0,1,1,134641.0,11.810367761615158
558,279,1,1965,9.0,3,1,2018,53,1,11.315653568301812,1,5.0,1,1,55509.0,10.92430841806898
558,279,1,1965,9.0,3,1,2020,55,0,13.789873042541476,1,4.0,1,1,34950.0,10.461664391634825
559,279,0,1970,6.0,12,1,2018,48,1,9.583327140113257,1,3.0,1,0,52799.0,10.874238366963711
559,279,0,1970,6.0,12,1,2020,50,0,10.210024121719899,1,5.0,1,1,34715.0,10.454921154015384
560,279,1,1975,9.0,20,1,2018,43,0,11.171305255329926,1,4.0,1,1,38416.0,10.556225039856766
560,279,1,1975,9.0,20,1,2020,45,1,11.087906600813497,1,5.0,1,1,80595.0,11.297196324338332
561,280,1,1988,6.0,24,0,2018,30,0,7.37313760009245,1,4.0,0,1,39969.0,10.595861743940095
561,280,1,1988,6.0,24,0,2020,32,1,6.99377900779878,1,,0,0,73721.0,11.208045928906111
562,280,1,1966,9.0,18,1,2018,52,1,8.036129353169656,1,5.0,1,1,107860.0,11.588588772003753
562,280,1,1966,9.0,18,1,2020,54,0,10.026009465658182,1,5.0,1,1,35474.0,10.476561081933927
563,281,1,1970,9.0,12,0,2018,48,0,13.09972825299713,1,4.0,0,1,84968.0,11.350032301627998
563,281,1,1970,9.0,12,0,2020,50,1,11.37988839675533,1,4.0,0,1,67040.0,11.113049930937056
564,281,0,1984,9.0,17,0,2018,34,1,11.834148560674816,0,4.0,0,0,71139.0,11.17239517678799
564,281,0,1984,9.0,17,0,2020,36,1,11.449992664280735,1,,0,0,36582.0,10.507319291538648
565,281,0,1986,9.0,15,1,2018,32,0,10.553736978958453,0,4.0,1,1,91391.0,11.42289888667834
565,281,0,1986,9.0,15,1,2020,34,1,12.196482463575782,0,4.0,1,1,56295.0,10.938354023275771
566,282,0,1987,12.0,24,1,2018,31,1,17.10488944698514,0,4.0,1,1,108872.0,11.597932003861242
566,282,0,1987,12.0,24,1,2020,33,0,15.132503343070319,1,4.0,1,1,101426.0,11.527081385580955
567,282,1,1981,12.0,26,1,2018,37,0,14.624638856461903,1,5.0,1,1,81504.0,11.308408167106789
567,282,1,1981,12.0,26,1,2020,39,0,15.633009287350951,1,4.0,1,1,142233.0,11.865219748746908
568,282,0,1993,9.0,2,1,2018,25,0,11.733985533328763,0,5.0,1,1,76066.0,11.239352911288185
568,282,0,1993,9.0,2,1,2020,27,0,10.971940901022618,0,5.0,1,1,48172.0,10.782525603419952
569,283,0,1964,6.0,28,1,2018,54,0,,1,4.0,1,1,38414.0,10.556180456670182
569,283,0,1964,6.0,28,1,2020,56,1,7.4554111302696215,1,4.0,1,1,45516.0,10.725827661548115
570,283,1,1967,15.0,7,1,2018,51,1,16.53509743195308,1,4.0,1,1,141492.0,11.859995710081702
570,283,1,1967,15.0,7,1,2020,53,0,18.262199038045758,1,5.0,1,1,107808.0,11.588108699388492
571,284,1,1985,6.0,10,1,2018,33,1,7.487643830791958,1,5.0,1,1,86939.0,11.372966283335236
571,284,1,1985,6.0,10,1,2020,35,1,8.444816489778114,1,3.0,1,1,,
572,284,1,1963,9.0,11,1,2018,55,0,10.978758707342925,1,4.0,1,1,80237.0,11.292742767932525
572,284,1,1963,9.0,11,1,2020,57,0,13.318342958094993,1,3.0,1,1,71107.0,11.17193472582084
573,285,1,1977,9.0,14,1,2018,41,0,10.032061315054278,1,4.0,1,1,101409.0,11.526913205121202
573,285,1,1977,9.0,14,1,2020,43,0,10.519992133416096,1,4.0,1,0,74430.0,11.217609880857932
574,285,0,1989,6.0,1,1,2018,29,0,9.230322843845272,0,5.0,1,1,40816.0,10.616823227309169
574,285,0,1989,6.0,1,1,2020,31,1,9.808233246182606,1,5.0,1,1,62868.0,11.04878584321304
575,285,0,1992,9.0,20,0,2018,26,1,10.427996671593059,0,5.0,0,0,40837.0,10.61733276941499
575,285,0,1992,9.0,20,0,2020,28,0,9.803446859382923,1,3.0,0,1,28512.0,10.258075201192398
576,286,1,1973,6.0,1,1,2018,45,1,10.451510311016165,1,3.0,1,1,,
576,286,1,1973,6.0,1,1,2020,47,1,8.963209174727492,1,5.0,1,1,78686.0,11.273217666030225
577,287,1,1970,9.0,11,1,2018,48,1,11.374913848276272,1,,1,1,69991.0,11.156127572788591
577,287,1,1970,9.0,11,1,2020,50,1,9.768368755197555,1,3.0,1,1,45373.0,10.722667837570203
578,287,1,1990,9.0,21,1,2018,28,0,11.188819877655092,0,4.0,1,1,41433.0,10.631838592891675
578,287,1,1990,9.0,21,1,2020,30,0,9.823170143361924,0,3.0,1,1,50267.0,10.825110400133175
579,288,1,1993,12.0,26,1,2018,25,0,14.933017248729348,1,4.0,1,1,51034.0,10.84025198042921
579,288,1,1993,12.0,26,1,2020,27,1,18.544682093788616,0,5.0,1,1,71151.0,11.172563134511444
580,288,0,1990,9.0,3,1,2018,28,1,12.802627785572273,0,,1,1,32463.0,10.387849260593368
580,288,0,1990,9.0,3,1,2020,30,1,11.606859214838606,0,4.0,1,1,91041.0,11.419063346187217
581,288,1,1964,6.0,17,1,2018,54,1,7.5466760053071,1,3.0,1,0,34843.0,10.4586213604433
581,288,1,1964,6.0,17,1,2020,56,0,7.109053618130856,1,3.0,1,1,116649.0,11.666922612407362
582,289,0,1991,9.0,3,1,2018,27,1,14.356276610325864,1,4.0,1,1,49089.0,10.801382156399233
582,289,0,1991,9.0,3,1,2020,29,0,13.18264899481853,1,5.0,1,1,58901.0,10.983606304842349
583,289,0,1982,9.0,28,1,2018,36,1,11.20624372518517,1,5.0,1,1,78972.0,11.276853366777205
583,289,0,1982,9.0,28,1,2020,38,1,11.171587873863835,1,4.0,1,1,143550.0,11.874440846836748
584,289,1,1967,6.0,7,1,2018,51,1,12.184325654760883,1,4.0,1,1,95916.0,11.471223099689135
584,289,1,1967,6.0,7,1,2020,53,1,8.539687101641377,1,4.0,1,1,74266.0,11.215409845083567
585,290,0,1966,9.0,3,1,2018,52,0,11.113168352142596,1,4.0,1,1,91592.0,11.425101816140996
585,290,0,1966,9.0,3,1,2020,54,1,12.620303864327859,1,5.0,1,1,79956.0,11.28922919980596
586,290,0,1966,6.0,22,1,2018,52,0,4.8250269811227815,1,4.0,1,0,23461.0,10.063089095673341
586,290,0,1966,6.0,22,1,2020,54,0,10.752346285009015,1,5.0,1,0,,
587,290,0,1976,9.0,2,1,2018,42,0,9.97219098779003,1,3.0,1,0,29623.0,10.296293650421937
587,290,0,1976,9.0,2,1,2020,44,1,11.275667245846583,0,3.0,1,1,51270.0,10.844861161657201
588,291,1,1974,6.0,5,1,2018,44,1,10.16622005943597,1,4.0,1,1,52142.0,10.861720729524471
588,291,1,1974,6.0,5,1,2020,46,1,8.43236811531088,1,4.0,1,1,39082.0,10.573415927816386
589,291,1,1993,12.0,1,1,2018,25,1,17.204329042356385,1,4.0,1,1,212194.0,12.265253925045863
589,291,1,1993,12.0,1,1,2020,27,0,16.403404516665372,1,,1,1,54999.0,10.915064539606762
590,292,1,1967,6.0,27,1,2018,51,0,10.531720355508149,1,4.0,1,1,42734.0,10.662746833117028
590,292,1,1967,6.0,27,1,2020,53,0,11.828983596045479,1,4.0,1,1,156274.0,11.95936592021848
591,292,1,1967,9.0,5,0,2018,51,0,10.771094979316546,1,3.0,0,1,22111.0,10.003815105034725
591,292,1,1967,9.0,5,0,2020,53,0,14.469880818164809,1,5.0,0,1,52212.0,10.863068045919741
592,292,0,1985,6.0,21,1,2018,33,1,9.153027886582139,1,4.0,1,1,27104.0,10.207434574584292
592,292,0,1985,6.0,21,1,2020,35,0,8.357509527116488,0,4.0,1,0,55360.0,10.921618871475312
593,293,0,1983,9.0,8,1,2018,35,0,11.267171487438045,1,3.0,1,1,26823.0,10.197016850504138
593,293,0,1983,9.0,8,1,2020,37,0,11.843696394290895,1,4.0,1,1,39064.0,10.572963310010707
594,293,0,1969,12.0,13,1,2018,49,0,14.727371119794519,1,5.0,1,1,74257.0,11.215290824115314
594,293,0,1969,12.0,13,1,2020,51,1,18.938141966883634,1,5.0,1,1,159112.0,11.977366489889844
595,294,0,1983,9.0,1,1,2018,35,1,10.836408360387713,1,4.0,1,1,63711.0,11.062106951634554
595,294,0,1983,9.0,1,1,2020,37,0,12.710763743254704,1,3.0,1,1,75654.0,11.233919149138226
596,295,0,1965,6.0,11,1,2018,53,0,4.004974595023237,1,,1,0,15166.0,9.626798784751461
596,295,0,1965,6.0,11,1,2020,55,0,8.346573683355812,1,3.0,1,1,47195.0,10.76203901834599
597,295,1,1977,6.0,1,1,2018,41,0,10.057624807145405,1,4.0,1,1,52871.0,10.875613022028533
597,295,1,1977,6.0,1,1,2020,43,0,12.041584035443385,1,4.0,1,1,48869.0,10.796899920370036
598,296,0,1987,6.0,20,1,2018,31,0,8.180743405616951,1,4.0,1,0,30199.0,10.315567345653081
598,296,0,1987,6.0,20,1,2020,33,1,7.818169419144228,1,5.0,1,1,24698.0,10.114467324086883
599,296,1,1992,6.0,24,1,2018,26,0,8.374187272901908,1,4.0,1,1,34598.0,10.45154787221801
599,296,1,1992,6.0,24,1,2020,28,0,6.553099295917,0,5.0,1,0,24704.0,10.114700882212006
600,296,0,1979,6.0,24,0,2018,39,0,11.261634475641808,1,5.0,0,0,,
600,296,0,1979,6.0,24,0,2020,41,0,10.333879850536228,1,4.0,0,0,31548.0,10.359276952194096
601,297,1,1972,6.0,7,1,2018,46,1,9.691573488673795,1,4.0,1,1,91198.0,11.420791415657774
601,297,1,1972,6.0,7,1,2020,48,1,13.274924840082484,1,4.0,1,1,78343.0,11.268851059118706
602,297,1,1990,6.0,18,1,2018,28,0,11.979642995821617,1,5.0,1,0,45758.0,10.731112680670634
602,297,1,1990,6.0,18,1,2020,30,1,7.795800691746208,1,4.0,1,0,,
603,298,0,1972,9.0,1,1,2018,46,0,13.526955264689377,1,3.0,1,0,38543.0,10.559523391094261
603,298,0,1972,9.0,1,1,2020,48,1,10.20988765071458,1,4.0,1,1,80585.0,11.297070840864105
604,299,0,1971,9.0,11,1,2018,47,1,8.794311448882892,1,3.0,1,0,16171.0,9.690961577696797
604,299,0,1971,9.0,11,1,2020,49,0,12.438195655306966,1,4.0,1,1,60531.0,11.010911569223639
605,299,0,1991,9.0,13,1,2018,27,0,12.78303708111882,0,4.0,1,1,31231.0,10.349153552533625
605,299,0,1991,9.0,13,1,2020,29,0,8.910913048938125,1,3.0,1,1,26508.0,10.185204888084483
606,300,1,1968,12.0,8,1,2018,50,1,14.473271473285804,1,3.0,1,1,47156.0,10.761210496147509
606,300,1,1968,12.0,8,1,2020,52,1,13.956315970346816,1,2.0,1,1,97781.0,11.490482450669052
607,301,0,1973,9.0,4,1,2018,45,0,13.544387923213424,1,4.0,1,1,51678.0,10.852792312917616
607,301,0,1973,9.0,4,1,2020,47,0,13.559601922230437,1,4.0,1,1,142139.0,11.864563962820952
608,301,1,1978,9.0,22,1,2018,40,0,13.140399047948733,1,4.0,1,1,75257.0,11.228663174777497
608,301,1,1978,9.0,22,1,2020,42,0,10.813661668162542,1,3.0,1,1,83238.0,11.329463971666726
609,302,0,1976,9.0,14,1,2018,42,0,12.300184672863796,1,3.0,1,0,45368.0,10.722559838321525
609,302,0,1976,9.0,14,1,2020,44,1,13.098909136358282,1,4.0,1,1,290073.0,12.577888647489997
610,303,1,1988,9.0,4,1,2018,30,1,12.380959984352481,1,5.0,1,1,59259.0,10.9896650845251
610,303,1,1988,9.0,4,1,2020,32,1,12.237988899976829,1,5.0,1,1,60544.0,11.011131052230287
611,304,0,1983,12.0,20,0,2018,35,0,14.134564238081566,1,3.0,0,0,,
611,304,0,1983,12.0,20,0,2020,37,0,15.049364591067366,1,5.0,0,1,44300.0,10.698729258183
612,305,1,1992,9.0,20,1,2018,26,1,15.086741170663405,1,4.0,1,1,121484.0,11.707534152017885
612,305,1,1992,9.0,20,1,2020,28,1,14.245239359049036,1,5.0,1,1,43317.0,10.67629984250803
613,306,1,1978,9.0,24,1,2018,40,1,12.238125589585145,1,4.0,1,1,219010.0,12.296871855647723
613,306,1,1978,9.0,24,1,2020,42,1,13.60171323286793,1,4.0,1,1,30895.0,10.338342440282581
614,306,0,1967,6.0,9,1,2018,51,1,5.514098625977388,1,4.0,1,1,60855.0,11.016241618392929
614,306,0,1967,6.0,9,1,2020,53,0,7.2561966830762366,1,4.0,1,1,18705.0,9.836565863471318
615,306,1,1964,6.0,10,1,2018,54,0,9.07233893806633,1,5.0,1,1,27864.0,10.235091792790527
615,306,1,1964,6.0,10,1,2020,56,0,9.030999248126532,1,5.0,1,1,38097.0,10.547879639643254
616,307,0,1983,9.0,4,1,2018,35,1,10.194432591680934,1,,1,1,,
616,307,0,1983,9.0,4,1,2020,37,0,10.957425621942818,1,5.0,1,1,68667.0,11.137017442038244
617,307,0,1979,6.0,11,1,2018,39,0,6.502728167371221,1,3.0,1,1,63714.0,11.062167406176034
617,307,0,1979,6.0,11,1,2020,41,1,9.630878637030383,1,5.0,1,1,65304.0,11.086811988222196
618,308,1,1992,6.0,3,0,2018,26,1,6.585478055335142,1,3.0,0,1,37566.0,10.533846520022658
618,308,1,1992,6.0,3,0,2020,28,0,7.157646017071423,1,5.0,0,1,29516.0,10.292674410768564
619,308,1,1964,6.0,7,1,2018,54,1,8.122662257725343,1,3.0,1,1,66979.0,11.112138012756514
619,308,1,1964,6.0,7,1,2020,56,0,7.969997499065135,1,4.0,1,1,37387.0,10.529067768544468
620,308,1,1991,6.0,23,1,2018,27,0,11.299404136597568,0,4.0,1,1,,
620,308,1,1991,6.0,23,1,2020,29,1,12.030962454705437,0,,1,1,39573.0,10.585912943776975
621,309,1,1964,9.0,3,1,2018,54,1,9.411427797200009,1,3.0,1,0,42724.0,10.662517270740395
621,309,1,1964,9.0,3,1,2020,56,0,12.641507354281654,1,2.0,1,1,,
622,310,0,1992,9.0,5,0,2018,26,0,15.452309673195991,1,4.0,0,1,127981.0,11.759636193844994
622,310,0,1992,9.0,5,0,2020,28,0,10.21473731878952,1,5.0,0,0,20978.0,9.951221809363025
623,311,0,1983,9.0,11,1,2018,35,0,,1,5.0,1,1,42458.0,10.65627916360315
623,311,0,1983,9.0,11,1,2020,37,0,11.898887478840415,1,4.0,1,1,25020.0,10.127426050257995
624,311,0,1976,9.0,14,1,2018,42,0,10.687488522514192,1,3.0,1,1,59276.0,10.98996595437845
624,311,0,1976,9.0,14,1,2020,44,0,12.553482891011262,1,4.0,1,1,57026.0,10.951267853961218
625,311,1,1978,12.0,12,1,2018,40,1,10.506212536122876,1,4.0,1,1,49052.0,10.800629566822902
625,311,1,1978,12.0,12,1,2020,42,0,12.485810628420005,1,4.0,1,1,46729.0,10.752123296479287
626,312,0,1975,6.0,25,1,2018,43,0,5.598198214169699,1,3.0,1,0,26498.0,10.184824001738514
626,312,0,1975,6.0,25,1,2020,45,1,9.852934234950903,1,3.0,1,1,96262.0,11.474825962826806
627,313,1,1968,6.0,18,1,2018,50,0,6.0503755729721185,1,5.0,1,0,48306.0,10.785306785581223
627,313,1,1968,6.0,18,1,2020,52,0,9.503056629638536,1,4.0,1,1,34175.0,10.43923881466574
628,314,1,1964,9.0,27,1,2018,54,1,8.409065043669697,1,5.0,1,0,75610.0,11.233346279098505
628,314,1,1964,9.0,27,1,2020,56,0,8.283681964075754,1,4.0,1,1,,
629,314,0,1964,9.0,17,1,2018,54,1,10.335603130277908,1,4.0,1,0,136090.0,11.821074547904042
629,314,0,1964,9.0,17,1,2020,56,0,9.691971304932636,1,3.0,1,1,34648.0,10.452992813728171
630,314,0,1987,12.0,7,1,2018,31,0,13.373808372049027,1,5.0,1,1,91700.0,11.426274073367141
630,314,0,1987,12.0,7,1,2020,33,1,14.56607330084768,1,,1,1,75554.0,11.232608073816872
631,315,1,1983,9.0,1,1,2018,35,1,10.660840976307094,1,4.0,1,0,36813.0,10.51360545257979
631,315,1,1983,9.0,1,1,2020,37,0,10.833565797835654,1,5.0,1,1,57282.0,10.955740506269144
632,315,0,1988,12.0,11,0,2018,30,1,18.211643790097337,0,5.0,0,1,145380.0,11.887106548815675
632,315,0,1988,12.0,11,0,2020,32,0,14.419729083282926,1,4.0,0,1,41730.0,10.63897995703489
633,315,0,1987,9.0,23,1,2018,31,0,14.793653082532291,1,4.0,1,1,37763.0,10.539092157715263
633,315,0,1987,9.0,23,1,2020,33,0,8.869557907176317,1,3.0,1,1,68642.0,11.136664695425274
634,316,0,1979,6.0,23,1,2018,39,0,9.819232538259703,1,4.0,1,1,49148.0,10.802593614246195
634,316,0,1979,6.0,23,1,2020,41,0,10.045018076142558,1,5.0,1,0,30612.0,10.329131867353968
635,317,0,1990,6.0,10,1,2018,28,1,6.05200913943869,0,3.0,1,1,,
635,317,0,1990,6.0,10,1,2020,30,1,10.496230325577017,0,5.0,1,1,108691.0,11.596262182696357
636,317,1,1986,6.0,3,0,2018,32,1,12.848436894967632,1,5.0,0,1,147115.0,11.898969693458438
636,317,1,1986,6.0,3,0,2020,34,1,13.47942600181461,0,3.0,0,1,49265.0,10.804976532879385
637,318,0,1963,12.0,9,1,2018,55,1,14.101004268751208,1,4.0,1,1,94179.0,11.452948116249507
637,318,0,1963,12.0,9,1,2020,57,0,14.069447440956646,1,4.0,1,1,31046.0,10.343239814642534
638,318,1,1964,6.0,14,1,2018,54,0,8.778264206097097,1,4.0,1,1,36911.0,10.516262933513334
638,318,1,1964,6.0,14,1,2020,56,1,11.980434295773113,1,4.0,1,1,76219.0,11.241366121093183
639,319,0,1977,6.0,18,1,2018,41,0,6.840720118887983,1,3.0,1,0,24534.0,10.107819467205648
639,319,0,1977,6.0,18,1,2020,43,1,9.980641260732334,1,3.0,1,1,50426.0,10.828261102620209
640,320,0,1966,6.0,4,1,2018,52,0,7.155365203763086,1,5.0,1,1,,
640,320,0,1966,6.0,4,1,2020,54,0,12.21314960890852,1,2.0,1,1,39257.0,10.577888336580031
641,320,0,1971,9.0,6,0,2018,47,0,11.186117655742127,1,3.0,0,0,29690.0,10.298556470345767
641,320,0,1971,9.0,6,0,2020,49,1,10.906547166831421,1,5.0,1,1,138314.0,11.837282018038016
642,321,1,1971,9.0,26,1,2018,47,0,9.737235881234051,0,3.0,1,1,42106.0,10.647954304027284
642,321,1,1971,9.0,26,1,2020,49,1,9.72585318007985,1,4.0,1,1,31989.0,10.373145725985555
643,321,1,1966,12.0,2,1,2018,52,0,13.780642892511763,1,4.0,1,1,85022.0,11.350669795083771
643,321,1,1966,12.0,2,1,2020,54,0,14.164746389739635,1,3.0,1,1,54141.0,10.899349275668715
644,321,0,1986,6.0,16,1,2018,32,0,7.608831487358607,1,4.0,1,1,19083.0,9.856547943234053
644,321,0,1986,6.0,16,1,2020,34,0,3.3096335593003983,1,4.0,1,0,16371.0,9.70325112085256
645,322,0,1991,9.0,19,0,2018,27,0,8.78649394383793,0,4.0,0,1,15320.0,9.63690273976774
645,322,0,1991,9.0,19,0,2020,29,1,16.174408482085745,1,4.0,0,1,100803.0,11.520918629765918
646,322,0,1969,9.0,4,1,2018,49,0,9.957711156576808,1,4.0,1,1,28592.0,10.260869791498974
646,322,0,1969,9.0,4,1,2020,51,0,12.640936449085816,1,4.0,1,1,119807.0,11.693638948711637
647,322,0,1989,12.0,25,1,2018,29,1,13.257358061395554,1,5.0,1,1,87334.0,11.37749392186472
647,322,0,1989,12.0,25,1,2020,31,0,17.838613492383335,1,4.0,1,1,90708.0,11.41539567229227
648,323,0,1974,6.0,7,1,2018,44,0,4.312706572707048,1,5.0,1,0,15985.0,9.67937908292227
648,323,0,1974,6.0,7,1,2020,46,0,9.712369799361324,1,4.0,1,1,53512.0,10.88766620165319
649,323,0,1965,9.0,6,1,2018,53,1,14.599031195978325,1,5.0,1,1,83390.0,11.331280396808312
649,323,0,1965,9.0,6,1,2020,55,0,11.441814307828333,1,5.0,1,1,29256.0,10.283855244952488
650,324,1,1966,6.0,17,1,2018,52,1,7.861302107177919,1,4.0,1,1,110595.0,11.61362658896807
650,324,1,1966,6.0,17,1,2020,54,1,8.39283691406677,1,3.0,1,1,58864.0,10.982986003750232
651,324,1,1986,9.0,3,1,2018,32,1,10.680162196019587,0,5.0,1,1,66571.0,11.106028276754854
651,324,1,1986,9.0,3,1,2020,34,0,9.909225160749397,1,3.0,1,1,37393.0,10.529225778190607
652,325,0,1972,6.0,9,1,2018,46,1,9.76803754965806,1,4.0,1,1,46512.0,10.74746554788314
652,325,0,1972,6.0,9,1,2020,48,1,9.733222955367383,0,4.0,1,1,52543.0,10.869393279812611
653,325,1,1976,9.0,25,1,2018,42,0,9.494854420202266,1,4.0,1,1,65815.0,11.094596632506079
653,325,1,1976,9.0,25,1,2020,44,1,14.425969326895355,1,3.0,1,0,,
654,326,1,1975,9.0,20,1,2018,43,1,13.354735134801572,0,4.0,1,1,27977.0,10.239150817339901
654,326,1,1975,9.0,20,1,2020,45,1,9.97023043485309,1,4.0,1,1,88806.0,11.394212553134992
655,326,0,1970,9.0,21,1,2018,48,0,11.360674426608108,1,4.0,1,1,52985.0,10.877760074381953
655,326,0,1970,9.0,21,1,2020,50,0,12.222481101904428,1,4.0,1,1,42611.0,10.659872126275857
656,327,1,1968,12.0,19,1,2018,50,0,17.608735106060525,1,3.0,1,1,126890.0,11.75107800196918
656,327,1,1968,12.0,19,1,2020,52,1,15.528572701624839,1,4.0,1,1,184523.0,12.125531098378223
657,327,0,1987,9.0,10,1,2018,31,1,14.1170224301697,1,5.0,1,1,51341.0,10.846247462445167
657,327,0,1987,9.0,10,1,2020,33,1,13.938014305546941,0,4.0,1,1,59299.0,10.990353978545954
658,327,0,1972,12.0,15,0,2018,46,1,13.69166228517313,1,5.0,0,1,186302.0,12.13512351094299
658,327,0,1972,12.0,15,0,2020,48,0,15.031582598176787,1,5.0,0,1,55020.0,10.915457191179204
659,328,0,1986,9.0,9,1,2018,32,1,9.262519697559714,1,3.0,1,1,45889.0,10.733987956367336
659,328,0,1986,9.0,9,1,2020,34,0,14.027274850485998,1,4.0,1,1,48792.0,10.795320655464172
660,329,1,1986,9.0,11,1,2018,32,1,15.003724567179779,0,4.0,1,1,70241.0,11.159689619972944
660,329,1,1986,9.0,11,1,2020,34,0,14.365152957946217,1,4.0,1,1,46995.0,10.757806003112874
661,329,1,1982,6.0,18,1,2018,36,0,8.496041606436934,1,5.0,1,0,47075.0,10.759494629646502
661,329,1,1982,6.0,18,1,2020,38,0,7.955098322467236,1,3.0,1,1,57837.0,10.965381594130486
662,330,0,1984,9.0,8,1,2018,34,1,10.288122686011457,1,3.0,1,1,39802.0,10.591672662527888
662,330,0,1984,9.0,8,1,2020,36,1,10.982953493212484,1,3.0,1,1,38660.0,10.562550769694225
663,330,0,1973,6.0,19,1,2018,45,1,10.966440803130286,1,4.0,1,1,72575.0,11.192377058623302
663,330,0,1973,6.0,19,1,2020,47,1,8.239164759693853,1,4.0,1,1,54904.0,10.9133347795529
664,330,0,1978,12.0,5,1,2018,40,0,14.73332536251197,1,4.0,1,1,70855.0,11.168389994685235
664,330,0,1978,12.0,5,1,2020,42,0,12.704953275115644,1,4.0,1,1,69134.0,11.1437986295096
665,331,1,1965,12.0,17,1,2018,53,0,17.290300430205782,1,4.0,1,1,141057.0,11.85691820373995
665,331,1,1965,12.0,17,1,2020,55,0,12.332503864221453,1,5.0,1,1,96318.0,11.475407575508514
666,332,0,1966,9.0,6,1,2018,52,0,8.819921281279317,1,4.0,1,1,72660.0,11.193539597387826
666,332,0,1966,9.0,6,1,2020,54,1,10.958289879503823,1,3.0,1,1,39168.0,10.575605528057585
667,332,0,1989,6.0,10,1,2018,29,1,10.3377326600259,1,4.0,1,1,23106.0,10.04784723131
667,332,0,1989,6.0,10,1,2020,31,0,8.567449812229405,0,4.0,1,1,15100.0,9.6224780272946
668,333,0,1986,12.0,3,1,2018,32,1,17.08325714786488,1,5.0,1,1,85245.0,11.35328299803468
668,333,0,1986,12.0,3,1,2020,34,1,14.70944750102109,1,5.0,1,1,132163.0,11.791794552472895
669,334,1,1993,6.0,14,1,2018,25,0,8.201758910151682,1,3.0,1,1,15975.0,9.678789859154916
669,334,1,1993,6.0,14,1,2020,27,1,7.43259203500191,0,3.0,1,0,23343.0,10.058051942124568
670,334,1,1981,6.0,13,0,2018,37,0,7.610567448482534,0,4.0,0,0,84505.0,11.344564388518508
670,334,1,1981,6.0,13,0,2020,39,0,11.406069436305952,1,4.0,0,0,95414.0,11.465982222924438
671,334,1,1974,9.0,6,1,2018,44,1,9.1003725781735,1,4.0,1,1,122264.0,11.71394176496362
671,334,1,1974,9.0,6,1,2020,46,1,12.36909839533545,1,3.0,1,1,124434.0,11.731529018531024
672,335,0,1963,9.0,8,1,2018,55,0,10.182592181611069,1,4.0,1,1,30361.0,10.320918899157608
672,335,0,1963,9.0,8,1,2020,57,0,13.298191093464595,1,3.0,1,1,34746.0,10.455820060770318
673,335,0,1978,9.0,19,0,2018,40,0,13.889372989152934,1,4.0,0,1,141733.0,11.861702504356897
673,335,0,1978,9.0,19,0,2020,42,1,9.520724891798244,1,5.0,0,0,52749.0,10.873301501012053
674,336,1,1973,6.0,25,0,2018,45,0,10.188692944861861,1,,0,1,17815.0,9.787769860713226
674,336,1,1973,6.0,25,0,2020,47,0,9.266948362108025,1,3.0,0,1,24910.0,10.123030242159547
675,336,0,1989,12.0,4,1,2018,29,0,16.667126851703294,1,3.0,1,1,83662.0,11.334541500709982
675,336,0,1989,12.0,4,1,2020,31,1,15.299967597743938,1,4.0,1,1,69264.0,11.145686813062218
676,336,0,1987,12.0,21,1,2018,31,1,13.266434660951528,0,4.0,1,1,95702.0,11.468999067707779
676,336,0,1987,12.0,21,1,2020,33,1,13.402619856559278,0,4.0,1,1,122112.0,11.71269640471167
677,337,0,1972,6.0,16,1,2018,46,0,8.121876323383024,1,4.0,1,0,,
677,337,0,1972,6.0,16,1,2020,48,0,9.851566007390016,1,5.0,1,0,,
678,337,1,1989,9.0,24,1,2018,29,0,14.637794918153173,0,5.0,1,1,45948.0,10.735265024148392
678,337,1,1989,9.0,24,1,2020,31,0,13.198024658526688,0,4.0,1,1,37857.0,10.541581386700773
679,338,0,1984,9.0,17,1,2018,34,1,15.923229960980944,1,4.0,1,1,122100.0,11.71259295036652
679,338,0,1984,9.0,17,1,2020,36,1,12.10431294010614,1,5.0,1,1,74450.0,11.21788813961119
680,339,1,1978,6.0,5,1,2018,40,1,9.868304564434883,1,4.0,1,0,22821.0,10.035454886937137
680,339,1,1978,6.0,5,1,2020,42,1,9.542889385241022,1,4.0,1,1,76777.0,11.248656112244408
681,340,1,1978,6.0,8,1,2018,40,0,11.091301144541037,1,5.0,1,1,34237.0,10.44105009241965
681,340,1,1978,6.0,8,1,2020,42,0,7.482313328777063,1,5.0,1,0,41855.0,10.641966988754055
682,340,0,1972,6.0,13,0,2018,46,1,8.254241929742799,1,4.0,0,0,41918.0,10.64346561994368
682,340,0,1972,6.0,13,0,2020,48,1,10.346964862273392,1,5.0,0,1,61343.0,11.02423888404542
683,341,0,1971,6.0,23,1,2018,47,0,10.577016129921748,1,3.0,1,0,52606.0,10.870589510523851
683,341,0,1971,6.0,23,1,2020,49,1,6.042683590186082,1,4.0,1,0,36105.0,10.49417992081157
684,342,1,1970,12.0,1,1,2018,48,0,17.345438118388778,1,5.0,1,0,99245.0,11.50534608939354
684,342,1,1970,12.0,1,1,2020,50,1,13.478680298888495,1,4.0,1,1,100744.0,11.520338458995413
685,342,1,1979,12.0,21,1,2018,39,0,12.274364263982315,1,4.0,1,0,100196.0,11.514882252801872
685,342,1,1979,12.0,21,1,2020,41,1,16.523213152708962,1,5.0,1,1,329578.0,12.705567540340652
686,342,1,1971,9.0,5,1,2018,47,0,11.688411623284198,1,3.0,1,0,51708.0,10.853371079923688
686,342,1,1971,9.0,5,1,2020,49,0,14.201265671349875,1,4.0,1,1,55804.0,10.929604936796824
687,343,1,1971,6.0,6,1,2018,47,0,8.658631445277862,1,4.0,1,0,37524.0,10.532727218410324
687,343,1,1971,6.0,6,1,2020,49,0,9.366131227182668,1,3.0,1,0,35868.0,10.487600198677642
688,343,0,1993,6.0,12,0,2018,25,1,9.960849595011306,0,5.0,0,1,62060.0,11.035856427455013
688,343,0,1993,6.0,12,0,2020,27,1,10.157647643938448,0,4.0,0,1,53022.0,10.878465780552242
689,344,1,1968,6.0,23,1,2018,50,0,7.478739474882543,1,4.0,1,1,68005.0,11.127339678898805
689,344,1,1968,6.0,23,1,2020,52,1,7.192378234562154,1,3.0,1,0,44894.0,10.712066826928869
690,344,0,1976,9.0,11,1,2018,42,1,9.846338547155089,1,3.0,1,1,43638.0,10.683677503297968
690,344,0,1976,9.0,11,1,2020,44,1,10.931625050360383,1,4.0,1,1,,
691,344,1,1993,6.0,11,0,2018,25,1,7.051255738698125,0,5.0,0,1,57106.0,10.9526667000504
691,344,1,1993,6.0,11,0,2020,27,1,6.045026777554753,0,5.0,0,1,37244.0,10.525242365808337
692,345,0,1970,6.0,11,1,2018,48,1,9.363959302680353,0,4.0,1,1,15229.0,9.630985007742368
692,345,0,1970,6.0,11,1,2020,50,1,9.528075291489033,1,4.0,1,0,37183.0,10.52359410942391
693,345,1,1976,12.0,10,1,2018,42,0,15.773017011385633,1,5.0,1,1,83538.0,11.333059766345794
693,345,1,1976,12.0,10,1,2020,44,0,17.37324771161344,1,3.0,1,1,49542.0,10.810570517587422
694,346,0,1984,14.0,10,1,2018,34,1,20.124278268525064,0,3.0,1,1,122460.0,11.715536133646753
694,346,0,1984,14.0,10,1,2020,36,0,17.34409608563587,1,4.0,1,1,84902.0,11.34925720470023
695,346,1,1963,9.0,28,1,2018,55,1,12.78355224897031,1,3.0,1,1,219909.0,12.300968324090642
695,346,1,1963,9.0,28,1,2020,57,0,10.596292905838036,1,4.0,1,1,,
696,346,1,1993,9.0,22,1,2018,25,1,11.303330343037903,1,4.0,1,0,,
696,346,1,1993,9.0,22,1,2020,27,1,12.44930542403707,1,4.0,1,1,97704.0,11.489698315180643
697,347,1,1992,9.0,19,1,2018,26,1,14.697774914952193,0,4.0,1,0,85253.0,11.353377030239793
697,347,1,1992,9.0,19,1,2020,28,1,10.555523918238222,0,4.0,1,1,45524.0,10.725995104619681
698,347,1,1963,9.0,22,1,2018,55,0,12.433917837209618,1,3.0,1,1,40400.0,10.606596017404536
698,347,1,1963,9.0,22,1,2020,57,1,12.202865408088067,1,3.0,1,0,,
699,348,0,1978,6.0,25,1,2018,40,0,7.385278550388769,1,3.0,1,1,31870.0,10.36941241587509
699,348,0,1978,6.0,25,1,2020,42,0,8.388005490178333,1,3.0,1,1,52518.0,10.8689031357085
700,348,1,1975,9.0,3,1,2018,43,1,10.593208370893556,1,3.0,1,1,27691.0,10.228851333898596
700,348,1,1975,9.0,3,1,2020,45,0,15.293827969509572,1,4.0,1,1,151656.0,11.929370415180147
701,349,0,1993,12.0,9,1,2018,25,0,12.87826569502866,0,4.0,1,1,50805.0,10.83574774534609
701,349,0,1993,12.0,9,1,2020,27,1,17.36333499764733,1,4.0,1,1,47541.0,10.769356497439283
702,349,1,1988,9.0,25,1,2018,30,0,13.29417413784827,1,5.0,1,1,34908.0,10.460462012955615
702,349,1,1988,9.0,25,1,2020,32,0,9.22902184084712,1,4.0,1,1,29044.0,10.276572483507547
703,349,1,1968,9.0,2,1,2018,50,1,10.274939981851823,1,3.0,1,1,66985.0,11.112219726265124
703,349,1,1968,9.0,2,1,2020,52,0,14.039210506282377,1,3.0,1,1,31929.0,10.371257823910156
704,350,0,1983,9.0,14,1,2018,35,0,10.262682037130464,1,4.0,1,1,,
704,350,0,1983,9.0,14,1,2020,37,0,11.306926906754375,1,4.0,1,1,94776.0,11.459274214162795
705,350,1,1972,6.0,19,1,2018,46,0,7.586428187559005,1,5.0,1,1,45093.0,10.71647323401116
705,350,1,1972,6.0,19,1,2020,48,1,8.678934809483328,1,4.0,1,0,28949.0,10.273303504794704
706,351,1,1969,12.0,5,1,2018,49,0,13.812054644115477,1,5.0,1,0,108945.0,11.598597548513752
706,351,1,1969,12.0,5,1,2020,51,0,12.669783144590816,1,3.0,1,1,35025.0,10.463822362330372
707,351,1,1985,6.0,14,1,2018,33,1,11.328400905244314,1,4.0,1,1,44904.0,10.712280083088075
707,351,1,1985,6.0,14,1,2020,35,0,6.835633726957461,1,3.0,1,1,,
708,352,1,1967,6.0,28,1,2018,51,1,8.799434432093888,1,5.0,1,1,35057.0,10.464727038743515
708,352,1,1967,6.0,28,1,2020,53,0,6.755023570073835,1,4.0,1,0,33039.0,10.405447863413443
709,353,0,1966,9.0,6,1,2018,52,0,11.07789739188698,1,3.0,1,1,60809.0,11.01549423854081
709,353,0,1966,9.0,6,1,2020,54,1,9.420459034116718,1,4.0,1,1,41738.0,10.639172538524116
710,354,0,1985,9.0,23,1,2018,33,1,13.547413678375852,1,4.0,1,1,100121.0,11.51413228715976
710,354,0,1985,9.0,23,1,2020,35,1,11.463719262883318,0,4.0,1,1,46178.0,10.740265944501836
711,354,1,1965,9.0,26,1,2018,53,0,10.408443719150895,1,4.0,1,0,46648.0,10.750380252343293
711,354,1,1965,9.0,26,1,2020,55,0,8.969314882974535,1,3.0,1,1,46056.0,10.737609413668007
712,355,1,1988,6.0,2,1,2018,30,1,8.422406824441335,1,3.0,1,1,48995.0,10.799476805752441
712,355,1,1988,6.0,2,1,2020,32,0,10.277346343204604,1,4.0,1,1,32005.0,10.37363982951158
713,355,1,1964,6.0,9,1,2018,54,0,11.159054565692646,1,4.0,1,0,19829.0,9.894899059050152
713,355,1,1964,6.0,9,1,2020,56,1,,1,2.0,1,0,37092.0,10.521154040203188
714,355,1,1987,9.0,22,1,2018,31,1,12.246884174217373,1,4.0,1,1,66883.0,11.110707432116357
714,355,1,1987,9.0,22,1,2020,33,0,14.599897711861605,1,4.0,1,1,82971.0,11.32624547057807
715,356,0,1972,9.0,5,1,2018,46,1,13.383744962510502,1,4.0,1,1,150408.0,11.921109546402965
715,356,0,1972,9.0,5,1,2020,48,1,12.629909214348611,1,3.0,1,1,125311.0,11.738550681108128
716,356,0,1987,12.0,14,1,2018,31,0,13.746071325530774,1,5.0,1,1,79686.0,11.28585158269205
716,356,0,1987,12.0,14,1,2020,33,0,14.473071997993452,1,5.0,1,1,77294.0,11.255373823637996
717,357,0,1970,9.0,11,1,2018,48,0,12.48284305074651,1,4.0,1,1,57893.0,10.966348258759453
717,357,0,1970,9.0,11,1,2020,50,0,7.657466826245304,1,3.0,1,0,17995.0,9.79783973835258
718,357,1,1982,12.0,10,1,2018,36,0,17.61604405286831,1,4.0,1,1,96858.0,11.48100636083553
718,357,1,1982,12.0,10,1,2020,38,0,13.036326259371505,1,3.0,1,1,49425.0,10.808217943958175
719,357,1,1989,13.0,7,1,2018,29,1,13.924175900265134,1,4.0,1,1,37235.0,10.525002496027433
719,357,1,1989,13.0,7,1,2020,31,0,13.060488127748076,1,4.0,1,0,109833.0,11.60671327159087
720,358,1,1976,9.0,2,1,2018,42,1,13.134589478693037,1,4.0,1,1,87885.0,11.383784172993355
720,358,1,1976,9.0,2,1,2020,44,1,11.565984857798961,1,4.0,1,1,32018.0,10.37406519687587
721,358,1,1988,9.0,6,0,2018,30,0,13.944189250449053,1,4.0,0,1,81463.0,11.307909997988078
721,358,1,1988,9.0,6,0,2020,32,1,15.09327265160152,0,5.0,0,1,121131.0,11.704631662034256
722,358,1,1977,6.0,21,1,2018,41,1,9.506610706903219,1,4.0,1,1,53801.0,10.893053572339651
722,358,1,1977,6.0,21,1,2020,43,0,7.883507031348627,1,4.0,1,0,56678.0,10.94513686585382
723,359,0,1979,9.0,28,1,2018,39,0,12.22521177872902,1,4.0,1,1,62300.0,11.039716605539342
723,359,0,1979,9.0,28,1,2020,41,0,16.24170385667204,1,3.0,1,1,42300.0,10.652536470211727
724,360,0,1987,6.0,12,1,2018,31,1,8.98974089147487,1,4.0,1,1,36776.0,10.512599270126355
724,360,0,1987,6.0,12,1,2020,33,0,6.480296505820275,1,4.0,1,0,38641.0,10.56205828724982
725,361,0,1973,6.0,3,1,2018,45,0,10.220036549844053,1,4.0,1,1,40440.0,10.607575607362175
725,361,0,1973,6.0,3,1,2020,47,1,7.856637037918828,1,4.0,1,1,,
726,362,1,1985,6.0,11,1,2018,33,0,8.318680718468325,1,4.0,1,1,28314.0,10.251120531549955
726,362,1,1985,6.0,11,1,2020,35,0,9.734939165468404,1,3.0,1,0,19028.0,9.85364900308053
727,363,1,1974,12.0,24,1,2018,44,0,15.204888350107199,1,4.0,1,1,132431.0,11.793819093271352
727,363,1,1974,12.0,24,1,2020,46,1,13.07939483130866,1,3.0,1,1,142300.0,11.865690635756472
728,363,1,1985,9.0,10,1,2018,33,0,12.39752050260486,1,4.0,1,0,61714.0,11.030259830858146
728,363,1,1985,9.0,10,1,2020,35,0,12.400649105819513,1,4.0,1,1,61778.0,11.031302249853388
729,364,0,1983,9.0,7,1,2018,35,0,11.381952521904793,1,4.0,1,1,90198.0,11.40976020030722
729,364,0,1983,9.0,7,1,2020,37,0,14.334400349054725,1,4.0,1,1,71869.0,11.182594566569632
730,364,1,1971,6.0,25,0,2018,47,1,10.12189883059102,1,4.0,0,0,57100.0,10.952566728806005
730,364,1,1971,6.0,25,0,2020,49,1,6.073781294516133,1,4.0,0,1,101141.0,11.524275619061743
731,364,1,1992,9.0,5,1,2018,26,1,14.62883368376848,0,4.0,1,1,62233.0,11.038646606710767
731,364,1,1992,9.0,5,1,2020,28,1,9.453756268253722,1,3.0,1,1,31084.0,10.344443444436662
732,365,0,1986,9.0,4,1,2018,32,0,15.879600819059709,1,4.0,1,1,25229.0,10.135762672312016
732,365,0,1986,9.0,4,1,2020,34,0,13.55708462175458,1,4.0,1,0,61731.0,11.030535114408353
733,366,1,1973,12.0,14,1,2018,45,1,17.73253696918249,1,4.0,1,1,130356.0,11.778026517999107
733,366,1,1973,12.0,14,1,2020,47,0,,1,3.0,1,0,36510.0,10.505336061757854
734,366,0,1972,6.0,19,0,2018,46,0,10.507693552973251,1,4.0,0,0,67229.0,11.115853208111593
734,366,0,1972,6.0,19,0,2020,48,0,7.37729493547249,1,4.0,0,0,58146.0,10.970705863629297
735,367,1,1990,9.0,18,1,2018,28,0,12.014039531076415,1,5.0,1,1,46493.0,10.747052652478414
735,367,1,1990,9.0,18,1,2020,30,0,11.072546225672774,0,4.0,1,1,86258.0,11.365100048963283
736,368,1,1980,9.0,13,0,2018,38,1,10.875879720091397,1,4.0,0,1,91854.0,11.427956269622177
736,368,1,1980,9.0,13,0,2020,40,0,7.5010891544812015,1,5.0,1,1,84649.0,11.346264467097585
737,368,1,1965,9.0,5,1,2018,53,1,13.483710672173777,1,4.0,1,1,104302.0,11.555050022453635
737,368,1,1965,9.0,5,1,2020,55,0,9.37052974999407,1,4.0,1,0,36168.0,10.495926338424082
738,369,1,1976,6.0,21,1,2018,42,0,10.361060256935033,1,4.0,1,1,106139.0,11.572504174254528
738,369,1,1976,6.0,21,1,2020,44,1,5.646241648425089,1,5.0,1,1,57677.0,10.962621019434062
739,370,0,1971,9.0,4,1,2018,47,1,10.188036331395804,1,2.0,1,1,34372.0,10.444992257799486
739,370,0,1971,9.0,4,1,2020,49,1,11.664567288377269,1,4.0,1,0,26189.0,10.17308071629987
740,371,0,1979,12.0,10,1,2018,39,0,13.756267139392527,1,5.0,1,0,26369.0,10.179930454126398
740,371,0,1979,12.0,10,1,2020,41,1,14.121648830366471,1,5.0,1,1,101818.0,11.530945156171782
741,371,1,1984,6.0,28,1,2018,34,1,9.344067361745784,1,5.0,1,1,94472.0,11.456058713070119
741,371,1,1984,6.0,28,1,2020,36,1,9.714777672545742,1,4.0,1,0,65701.0,11.092875160407509
742,371,1,1969,9.0,26,1,2018,49,1,11.846435835323225,1,3.0,1,1,67493.0,11.119779593108605
742,371,1,1969,9.0,26,1,2020,51,1,8.697870708450957,1,5.0,1,1,109295.0,11.601808720719536
743,372,1,1963,9.0,12,1,2018,55,0,13.345745015708204,1,4.0,1,1,45673.0,10.729254243848487
743,372,1,1963,9.0,12,1,2020,57,0,15.481278904733855,0,4.0,1,1,81681.0,11.310575502868812
744,372,0,1972,6.0,23,1,2018,46,1,13.546133111392976,1,4.0,1,1,39779.0,10.591087160638446
744,372,0,1972,6.0,23,1,2020,48,0,9.63601040844663,1,4.0,1,1,18958.0,9.84997476376244
745,372,1,1973,12.0,17,1,2018,45,1,13.897905751012921,1,3.0,1,1,38884.0,10.568350059682741
745,372,1,1973,12.0,17,1,2020,47,0,14.957911530245125,1,4.0,1,1,75839.0,11.236362970324182
746,373,1,1985,9.0,11,1,2018,33,0,12.415186986240823,0,5.0,1,0,48385.0,10.786946729065768
746,373,1,1985,9.0,11,1,2020,35,0,13.633902120882052,1,4.0,1,0,78821.0,11.27493035478059
747,373,0,1968,12.0,6,0,2018,50,0,16.821306987416705,1,4.0,0,1,75489.0,11.231747767785464
747,373,0,1968,12.0,6,0,2020,52,0,14.198155787402891,1,3.0,0,1,53039.0,10.878778807052282
748,374,0,1966,12.0,5,1,2018,52,1,14.670184576937274,1,4.0,1,1,74631.0,11.220317930155511
748,374,0,1966,12.0,5,1,2020,54,1,15.437938705962184,1,4.0,1,1,143178.0,11.871840475771817
749,375,1,1984,12.0,25,1,2018,34,1,15.589186556409217,0,,1,1,,
749,375,1,1984,12.0,25,1,2020,36,1,13.44233049655589,1,3.0,1,1,39278.0,10.578427670896149
750,375,0,1969,9.0,4,1,2018,49,1,11.75022333136819,1,3.0,1,1,58938.0,10.984237424586114
750,375,0,1969,9.0,4,1,2020,51,0,10.330512864592064,1,4.0,1,0,17581.0,9.774595389439886
751,376,0,1972,9.0,9,1,2018,46,1,12.078399857152663,1,4.0,1,0,94982.0,11.461443978883377
751,376,0,1972,9.0,9,1,2020,48,1,11.914320949868571,1,4.0,1,1,76373.0,11.243389123136051
752,376,1,1973,9.0,8,1,2018,45,0,10.078981403539386,1,4.0,1,0,48764.0,10.794742310901253
752,376,1,1973,9.0,8,1,2020,47,1,12.113563306236944,1,3.0,1,1,86788.0,11.371221938371377
753,377,0,1993,6.0,10,1,2018,25,1,,0,5.0,1,1,37369.0,10.528593299045893
753,377,0,1993,6.0,10,1,2020,27,0,8.993486210050431,0,4.0,1,1,30404.0,10.322322305394653
754,377,0,1988,9.0,12,1,2018,30,1,14.000568630029267,0,4.0,1,1,53678.0,10.890758116961887
754,377,0,1988,9.0,12,1,2020,32,1,14.146057158245476,0,5.0,1,1,69316.0,11.14643149592496
755,377,0,1964,6.0,14,1,2018,54,0,9.729906065871974,1,5.0,1,1,94840.0,11.459947240158636
755,377,0,1964,6.0,14,1,2020,56,1,4.6486101797681485,1,5.0,1,0,,
756,378,0,1984,9.0,21,1,2018,34,1,17.158990247199068,1,4.0,1,1,112964.0,11.634820573559427
756,378,0,1984,9.0,21,1,2020,36,0,15.01752116407809,1,5.0,1,1,58458.0,10.97606386933968
757,378,1,1970,6.0,8,1,2018,48,1,7.370747866229552,1,4.0,1,1,41759.0,10.639676612149287
757,378,1,1970,6.0,8,1,2020,50,1,6.493765992697869,1,5.0,1,1,56750.0,10.946405017582533
758,379,0,1974,12.0,9,1,2018,44,0,12.931453241138666,1,3.0,1,1,83075.0,11.327504058265289
758,379,0,1974,12.0,9,1,2020,46,0,15.830153595624619,1,5.0,1,1,32609.0,10.392333308434534
759,380,1,1967,12.0,27,1,2018,51,1,15.825029744201695,1,5.0,1,1,130158.0,11.776507321040704
759,380,1,1967,12.0,27,1,2020,53,1,13.838758822588286,1,4.0,1,1,40948.0,10.620058419755823
760,380,0,1965,6.0,4,1,2018,53,0,10.097389886795668,1,5.0,1,1,23667.0,10.071832956199277
760,380,0,1965,6.0,4,1,2020,55,0,10.857883655540931,1,4.0,1,1,46424.0,10.745566537531934
761,380,0,1983,9.0,12,1,2018,35,1,10.720117218451502,0,4.0,1,0,84256.0,11.341614599235875
761,380,0,1983,9.0,12,1,2020,37,0,11.814626245494317,1,3.0,1,1,67472.0,11.119468326616856
762,381,1,1975,6.0,22,1,2018,43,0,9.410232869024822,0,4.0,1,1,90689.0,11.415186837184827
762,381,1,1975,6.0,22,1,2020,45,1,8.100190305953621,1,3.0,1,1,20432.0,9.924851070751693
763,381,0,1982,6.0,21,1,2018,36,1,7.598123963070303,1,3.0,1,1,58613.0,10.978713197629414
763,381,0,1982,6.0,21,1,2020,38,1,8.981479186229075,1,4.0,1,1,84838.0,11.348495599682229
764,381,0,1979,6.0,6,0,2018,39,0,10.775550218091219,0,3.0,0,0,59210.0,10.988840413248745
764,381,0,1979,6.0,6,0,2020,41,1,10.592090559127609,1,3.0,0,1,69451.0,11.148379502295107
765,382,1,1974,9.0,27,1,2018,44,0,11.157942192743977,1,3.0,1,1,72250.0,11.187882121018804
765,382,1,1974,9.0,27,1,2020,46,0,11.230413321872787,1,3.0,1,1,72338.0,11.189099007229627
766,382,1,1990,9.0,25,1,2018,28,1,11.525751044610429,0,5.0,1,1,47722.0,10.773140519763343
766,382,1,1990,9.0,25,1,2020,30,0,7.501019646833814,0,4.0,1,1,52264.0,10.86405751257072
767,383,1,1967,9.0,16,1,2018,51,0,10.827747562699098,0,4.0,1,1,43016.0,10.669332272818718
767,383,1,1967,9.0,16,1,2020,53,0,11.675064174761632,1,3.0,1,1,64827.0,11.079476201298343
768,383,0,1963,9.0,2,1,2018,55,0,14.674796509556703,1,3.0,1,1,71121.0,11.172132701700274
768,383,0,1963,9.0,2,1,2020,57,1,13.382240485386328,1,4.0,1,1,40377.0,10.606025484212255
769,383,0,1967,12.0,27,1,2018,51,0,15.12510793597665,1,3.0,1,1,36501.0,10.50508822049273
769,383,0,1967,12.0,27,1,2020,53,0,17.483038470321937,1,4.0,1,0,179842.0,12.099832326407224
770,384,0,1974,12.0,26,1,2018,44,1,13.171493622527585,1,4.0,1,1,103266.0,11.545061836866248
770,384,0,1974,12.0,26,1,2020,46,1,14.65456232809722,1,4.0,1,1,165590.0,12.017267359900762
771,384,1,1968,12.0,19,1,2018,50,0,11.578213344582517,1,4.0,1,1,58446.0,10.975853900931392
771,384,1,1968,12.0,19,1,2020,52,0,12.392832963928246,1,5.0,1,1,89775.0,11.405057880619792
772,385,0,1966,9.0,5,1,2018,52,0,13.425232418583985,1,4.0,1,1,63737.0,11.062522625456712
772,385,0,1966,9.0,5,1,2020,54,0,12.59585064203679,1,4.0,1,0,43125.0,10.671865532935385
773,385,1,1967,12.0,1,1,2018,51,0,17.409363210990527,1,2.0,1,1,80374.0,11.294441662514018
773,385,1,1967,12.0,1,1,2020,53,1,14.063972580100426,1,3.0,1,1,81881.0,11.3130184591837
774,386,1,1990,9.0,19,1,2018,28,0,10.70760276891214,1,5.0,1,1,40791.0,10.6162131827544
774,386,1,1990,9.0,19,1,2020,30,0,16.062179887159633,1,4.0,1,1,57688.0,10.962804283660123
775,387,0,1966,9.0,14,1,2018,52,1,13.068211145227789,1,4.0,1,1,,
775,387,0,1966,9.0,14,1,2020,54,0,9.464813698055261,1,4.0,1,1,79952.0,11.289181322535558
776,387,0,1973,12.0,15,1,2018,45,0,15.285190512208871,1,,1,1,78418.0,11.269805834233814
776,387,0,1973,12.0,15,1,2020,47,0,15.757116455070218,0,3.0,1,1,,
777,387,1,1965,9.0,26,1,2018,53,0,10.873370001121271,1,4.0,1,0,110541.0,11.613137827776542
777,387,1,1965,9.0,26,1,2020,55,0,,1,4.0,1,1,63276.0,11.055267026802673
778,388,1,1966,9.0,4,1,2018,52,0,16.407174705218683,1,3.0,1,1,38333.0,10.554066210048287
778,388,1,1966,9.0,4,1,2020,54,0,9.961358784209654,1,3.0,1,1,38697.0,10.563515465680991
779,388,1,1990,12.0,21,1,2018,28,0,14.564383766873416,0,3.0,1,1,,
779,388,1,1990,12.0,21,1,2020,30,1,11.562116759496751,1,5.0,1,1,47014.0,10.758195440593653
780,389,1,1981,9.0,8,0,2018,37,1,9.432294678925976,1,4.0,0,0,,
780,389,1,1981,9.0,8,0,2020,39,0,12.453709766272278,0,5.0,0,1,43367.0,10.67745536549933
781,390,0,1971,6.0,26,0,2018,47,1,7.375909499621793,1,4.0,0,1,89746.0,11.404742792257057
781,390,0,1971,6.0,26,0,2020,49,0,10.569286288922688,1,5.0,0,0,31790.0,10.366908128543058
782,390,0,1965,6.0,16,1,2018,53,0,9.982041738298284,1,4.0,1,0,48356.0,10.786345953673708
782,390,0,1965,6.0,16,1,2020,55,1,6.207252664737339,1,4.0,1,0,76302.0,11.242458784968651
783,390,0,1968,9.0,5,1,2018,50,1,9.863246857755088,1,4.0,1,1,,
783,390,0,1968,9.0,5,1,2020,52,1,10.434258338506492,1,2.0,1,1,59716.0,10.997360862145861
784,391,1,1965,9.0,13,1,2018,53,0,14.242575242482843,1,4.0,1,1,105766.0,11.568981169611963
784,391,1,1965,9.0,13,1,2020,55,1,12.185162035905595,1,4.0,1,1,79127.0,11.278814791596858
785,391,1,1990,6.0,3,1,2018,28,0,8.639202361244667,1,5.0,1,1,29280.0,10.284667728675096
785,391,1,1990,6.0,3,1,2020,30,0,6.260871569549007,1,5.0,1,1,25857.0,10.160348818649096
786,391,1,1974,12.0,23,1,2018,44,0,14.20514759697185,1,3.0,1,1,114998.0,11.652672827685734
786,391,1,1974,12.0,23,1,2020,46,0,11.918400796060602,1,3.0,1,1,77931.0,11.263583211300098
787,392,0,1993,6.0,16,1,2018,25,0,9.600969607776996,0,5.0,1,1,29099.0,10.278453207696273
787,392,0,1993,6.0,16,1,2020,27,1,10.019027971941453,1,4.0,1,0,40388.0,10.606277699827693
788,392,0,1967,9.0,18,1,2018,51,0,11.831597481344822,1,4.0,1,1,59661.0,10.996441913937629
788,392,0,1967,9.0,18,1,2020,53,0,12.234834087583286,1,4.0,1,1,39604.0,10.586694017983596
789,392,0,1982,16.0,28,1,2018,36,1,15.322967472777293,1,4.0,1,1,208825.0,12.249249960506182
789,392,0,1982,16.0,28,1,2020,38,0,18.61261672088726,1,4.0,1,1,,
790,393,0,1981,6.0,2,1,2018,37,1,10.074864103353649,0,4.0,1,1,63327.0,11.05605958243615
790,393,0,1981,6.0,2,1,2020,39,1,8.106254949297448,1,4.0,1,1,60174.0,11.004996296395609
791,393,1,1988,9.0,23,1,2018,30,0,10.144412668924113,1,4.0,1,1,36241.0,10.497948194377818
791,393,1,1988,9.0,23,1,2020,32,1,9.2177629422525,1,5.0,1,1,44235.0,10.6972677166611
792,393,0,1970,6.0,28,1,2018,48,0,6.527588662015059,0,3.0,1,0,26021.0,10.166671059448452
792,393,0,1970,6.0,28,1,2020,50,1,10.479468988724626,1,3.0,1,1,27868.0,10.235224545117093
793,394,0,1967,9.0,15,1,2018,51,0,9.99422687319469,1,3.0,1,1,62998.0,11.05085245047395
793,394,0,1967,9.0,15,1,2020,53,1,16.845761512455105,1,4.0,1,1,108275.0,11.59243006634973
794,394,0,1964,6.0,27,1,2018,54,0,9.291124924542853,1,4.0,1,1,31703.0,10.364156559281756
794,394,0,1964,6.0,27,1,2020,56,1,8.25239882628905,1,4.0,1,1,85969.0,11.361742328032797
795,395,1,1992,9.0,1,1,2018,26,0,10.575974716989549,0,5.0,1,1,28951.0,10.273355279854059
795,395,1,1992,9.0,1,1,2020,28,1,11.899487788197343,1,2.0,1,0,50316.0,10.82608566099265
796,396,1,1985,9.0,21,1,2018,33,0,,0,4.0,1,1,32120.0,10.377246629727852
796,396,1,1985,9.0,21,1,2020,35,0,11.902112073361938,1,3.0,1,1,23440.0,10.062194042762808
797,396,1,1981,12.0,2,1,2018,37,0,15.282106315894676,1,3.0,1,1,51789.0,10.854941657855992
797,396,1,1981,12.0,2,1,2020,39,0,14.498074626002019,1,3.0,1,1,66072.0,11.098506181413311
798,397,0,1968,12.0,9,1,2018,50,0,16.42455163694366,1,4.0,1,1,145826.0,11.890167379247991
798,397,0,1968,12.0,9,1,2020,52,1,15.683665043319984,1,3.0,1,1,,
799,398,0,1989,9.0,28,0,2018,29,0,8.252127014658164,1,3.0,0,1,19292.0,9.867422465291021
799,398,0,1989,9.0,28,0,2020,31,1,11.246837567236849,1,4.0,0,0,35313.0,10.472001019608383
800,399,1,1963,6.0,9,1,2018,55,0,6.670808591977514,1,4.0,1,1,36657.0,10.509346770768467
800,399,1,1963,6.0,9,1,2020,57,1,4.0647654503519375,1,4.0,1,0,22131.0,10.004718225027961
801,400,0,1969,6.0,5,1,2018,49,1,9.186274937975503,1,4.0,1,0,34697.0,10.454420138848327
801,400,0,1969,6.0,5,1,2020,51,0,7.900855064282887,1,5.0,1,1,42396.0,10.6548060962656
802,401,0,1975,9.0,3,1,2018,43,1,11.289780086425486,1,5.0,1,1,95129.0,11.462991342479683
802,401,0,1975,9.0,3,1,2020,45,1,13.98540440679187,1,5.0,1,1,75772.0,11.235483275731477
803,402,0,1977,6.0,19,1,2018,41,1,11.354461659133856,0,5.0,1,1,24019.0,10.086611984276205
803,402,0,1977,6.0,19,1,2020,43,0,9.045333492664636,1,4.0,1,1,74325.0,11.216207590270841
804,403,0,1970,6.0,12,1,2018,48,0,9.11158380545528,1,5.0,1,1,35212.0,10.469132813505563
804,403,0,1970,6.0,12,1,2020,50,0,8.104065794661613,0,4.0,1,0,17870.0,9.790901735511612
805,404,0,1965,9.0,23,1,2018,53,0,13.331244353468785,1,,1,1,40961.0,10.620365486683234
805,404,0,1965,9.0,23,1,2020,55,1,11.33801028456793,1,3.0,1,1,84755.0,11.34751769613038
806,404,1,1967,9.0,23,1,2018,51,1,11.786248472714403,1,4.0,1,1,,
806,404,1,1967,9.0,23,1,2020,53,0,11.706131113770525,1,5.0,1,1,69121.0,11.143616728478634
807,404,0,1983,9.0,13,1,2018,35,0,13.899843685878878,1,4.0,1,0,23617.0,10.06971442989757
807,404,0,1983,9.0,13,1,2020,37,1,7.694178666180097,1,4.0,1,1,57662.0,10.962346449459305
808,405,1,1991,6.0,24,1,2018,27,1,8.041611656781269,1,4.0,1,1,33608.0,10.422509212621073
808,405,1,1991,6.0,24,1,2020,29,0,10.09297918573163,0,5.0,1,0,22834.0,10.036025613358627
809,406,1,1967,6.0,15,1,2018,51,0,8.966532278180644,1,,1,1,28954.0,10.273468956834193
809,406,1,1967,6.0,15,1,2020,53,0,8.676687554364104,1,3.0,1,1,18573.0,9.829440134896132
810,406,0,1971,12.0,8,1,2018,47,1,16.552226160395065,1,4.0,1,1,81413.0,11.307285328578411
810,406,0,1971,12.0,8,1,2020,49,0,10.503572242292385,0,3.0,1,1,66311.0,11.102103693712458
811,407,1,1989,13.0,20,0,2018,29,0,15.641478427127167,1,4.0,0,1,125430.0,11.739501027104
811,407,1,1989,13.0,20,0,2020,31,1,11.860518921160292,0,,0,0,55298.0,10.920491926492229
812,407,0,1984,9.0,7,1,2018,34,0,11.414371926178996,1,5.0,1,1,39040.0,10.572343983127421
812,407,0,1984,9.0,7,1,2020,36,1,12.686199599761508,1,5.0,1,1,39092.0,10.573676754050359
813,408,1,1987,12.0,6,1,2018,31,0,15.51072962397721,1,5.0,1,1,30079.0,10.311577848964896
813,408,1,1987,12.0,6,1,2020,33,0,15.337372286282239,1,4.0,1,1,69248.0,11.14545103183008
814,408,1,1965,6.0,28,1,2018,53,0,9.240471827915947,1,5.0,1,1,45317.0,10.721430361439602
814,408,1,1965,6.0,28,1,2020,55,0,5.929379554875261,1,3.0,1,0,39048.0,10.572552977686
815,409,1,1966,9.0,16,1,2018,52,0,10.577838817097183,1,3.0,1,1,107320.0,11.583567468353882
815,409,1,1966,9.0,16,1,2020,54,1,12.924938539485167,1,4.0,1,1,132352.0,11.793218851338883
816,410,0,1992,6.0,2,1,2018,26,0,10.122455101272076,0,4.0,1,1,48242.0,10.783978676715291
816,410,0,1992,6.0,2,1,2020,28,1,10.761333739956267,0,4.0,1,1,17503.0,9.770139114825913
817,410,1,1964,6.0,28,1,2018,54,1,7.254490910394761,1,3.0,1,1,31973.0,10.37265950485047
817,410,1,1964,6.0,28,1,2020,56,1,10.460334422878153,1,4.0,1,0,96147.0,11.47363252423695
818,411,1,1982,9.0,5,1,2018,36,1,11.857932121607297,1,4.0,1,1,60473.0,11.009955294053716
818,411,1,1982,9.0,5,1,2020,38,1,11.56472545021609,0,2.0,1,1,32700.0,10.395141169347529
819,411,0,1965,9.0,15,1,2018,53,1,14.423541295124611,1,4.0,1,1,149315.0,11.913816089291114
819,411,0,1965,9.0,15,1,2020,55,0,13.29950433187535,1,3.0,1,1,43729.0,10.685760775367665
820,411,1,1980,6.0,14,1,2018,38,1,8.854589404185141,0,4.0,1,0,30817.0,10.335827025333627
820,411,1,1980,6.0,14,1,2020,40,0,8.515295670689413,1,4.0,1,1,32732.0,10.396106946735303
821,412,1,1963,6.0,21,1,2018,55,1,10.53260700282895,1,3.0,1,1,82793.0,11.324092774899494
821,412,1,1963,6.0,21,1,2020,57,1,9.06931484349623,1,5.0,1,1,83007.0,11.326674848289104
822,412,0,1980,12.0,3,1,2018,38,0,13.79734464015684,1,4.0,1,1,40626.0,10.612175840740441
822,412,0,1980,12.0,3,1,2020,40,1,15.195894070687615,0,4.0,1,1,150232.0,11.919938061372115
823,413,1,1986,9.0,13,1,2018,32,1,6.501532168358278,1,3.0,1,0,34676.0,10.453806796933572
823,413,1,1986,9.0,13,1,2020,34,1,10.20943823644335,0,5.0,1,0,65053.0,11.08295336869656
824,413,0,1982,9.0,10,1,2018,36,0,14.452072429058951,1,5.0,1,1,46824.0,10.754141957568915
824,413,0,1982,9.0,10,1,2020,38,1,13.592702682006653,0,5.0,1,1,68621.0,11.13635754631469
825,413,0,1982,6.0,17,0,2018,36,0,8.768404948532256,1,5.0,0,0,52573.0,10.869952933154911
825,413,0,1982,6.0,17,0,2020,38,0,9.110035139086634,1,4.0,0,1,87973.0,11.384788363152792
826,414,1,1989,6.0,26,1,2018,29,0,8.26411640463049,0,4.0,1,1,48091.0,10.780858195440794
826,414,1,1989,6.0,26,1,2020,31,0,9.506750641589269,1,5.0,1,1,25620.0,10.151115477757793
827,415,1,1979,6.0,25,1,2018,39,0,5.578404910837351,1,5.0,1,1,25111.0,10.13104620055365
827,415,1,1979,6.0,25,1,2020,41,0,10.012151538883398,1,5.0,1,1,47071.0,10.759421789895148
828,415,1,1989,9.0,16,0,2018,29,0,12.889004079657228,0,3.0,0,1,56980.0,10.950462578025776
828,415,1,1989,9.0,16,0,2020,31,1,12.947348762275418,1,4.0,0,1,107593.0,11.586114595112361
829,415,0,1991,9.0,7,1,2018,27,0,15.037726765855638,1,5.0,1,1,116615.0,11.666630005344132
829,415,0,1991,9.0,7,1,2020,29,0,8.823125007884245,1,5.0,1,0,,
830,416,0,1986,12.0,21,1,2018,32,1,14.83829855590869,0,2.0,1,1,71996.0,11.184367988499561
830,416,0,1986,12.0,21,1,2020,34,0,15.560435687220592,0,4.0,1,1,128070.0,11.760335992941831
831,417,1,1975,6.0,1,1,2018,43,0,11.656890666892,1,4.0,1,1,47110.0,10.760248399844798
831,417,1,1975,6.0,1,1,2020,45,1,12.134401971874132,1,4.0,1,1,28443.0,10.255667342909794
832,418,0,1975,6.0,3,1,2018,43,1,6.3461751749132045,1,4.0,1,1,18519.0,9.826576065523122
832,418,0,1975,6.0,3,1,2020,45,1,9.266022562715989,1,5.0,1,1,64593.0,11.075860248510761
833,419,1,1981,12.0,8,1,2018,37,0,14.507560079182536,1,3.0,1,1,46864.0,10.75501102453895
833,419,1,1981,12.0,8,1,2020,39,0,15.659595777204817,1,3.0,1,1,90417.0,11.412186680666087
834,419,0,1963,9.0,15,1,2018,55,1,10.9485239975108,1,5.0,1,1,103665.0,11.548919007400842
834,419,0,1963,9.0,15,1,2020,57,0,14.324853354429816,1,3.0,1,1,44770.0,10.709290681160331
835,419,1,1986,9.0,27,1,2018,32,0,10.09691139407233,1,4.0,1,1,50513.0,10.82998965696096
835,419,1,1986,9.0,27,1,2020,34,1,12.730531608205327,1,4.0,1,1,206820.0,12.23960311803518
836,420,0,1985,6.0,27,1,2018,33,0,7.197720713277262,1,,1,0,23007.0,10.043558274683992
836,420,0,1985,6.0,27,1,2020,35,1,11.284544992747938,1,4.0,1,1,95356.0,11.465376133956022
837,421,1,1992,9.0,14,0,2018,26,0,9.643399708857077,1,3.0,0,1,24354.0,10.100436639716719
837,421,1,1992,9.0,14,0,2020,28,1,11.207805629011515,1,4.0,0,1,168920.0,12.037178418225821
838,422,0,1984,9.0,16,1,2018,34,0,11.475165992493618,0,5.0,1,1,88275.0,11.388210112653507
838,422,0,1984,9.0,16,1,2020,36,0,9.42138141500532,1,4.0,1,0,36937.0,10.516955560145115
839,423,1,1964,6.0,25,1,2018,54,0,,1,3.0,1,1,10291.0,9.23899237326251
839,423,1,1964,6.0,25,1,2020,56,0,8.005828454497534,1,4.0,1,0,,
840,423,1,1984,9.0,26,1,2018,34,1,11.478201991078285,1,4.0,1,1,93952.0,11.45053428540062
840,423,1,1984,9.0,26,1,2020,36,0,10.396696530968793,1,5.0,1,1,57439.0,10.958476754639664
841,423,1,1977,12.0,3,1,2018,41,0,16.48783902768217,1,4.0,1,1,92729.0,11.437438009591837
841,423,1,1977,12.0,3,1,2020,43,0,13.714912619515468,1,4.0,1,1,33785.0,10.427761420087391
842,424,1,1992,9.0,9,1,2018,26,0,8.33722336763893,0,5.0,1,0,21217.0,9.962561725988584
842,424,1,1992,9.0,9,1,2020,28,1,10.284165375418873,1,5.0,1,1,63887.0,11.064867238996545
843,425,0,1992,12.0,15,1,2018,26,1,13.175832485186444,1,4.0,1,1,90380.0,11.411776453397778
843,425,0,1992,12.0,15,1,2020,28,0,13.738009964174985,0,5.0,1,1,47996.0,10.77886883308711
844,426,0,1973,6.0,12,1,2018,45,0,10.755211010306969,1,5.0,1,1,34248.0,10.441371189538252
844,426,0,1973,6.0,12,1,2020,47,0,7.381913714671476,1,3.0,1,1,55395.0,10.922236253413224
845,426,1,1963,9.0,26,1,2018,55,0,13.4877587007481,1,4.0,1,1,90312.0,11.411025122717147
845,426,1,1963,9.0,26,1,2020,57,1,11.393678258154498,1,3.0,1,0,49459.0,10.80888928482664
846,426,0,1969,12.0,17,1,2018,49,1,10.992309287492974,1,3.0,1,1,27064.0,10.205953064832963
846,426,0,1969,12.0,17,1,2020,51,0,11.795296550933568,1,5.0,1,0,86648.0,11.369613452532684
847,427,1,1981,12.0,1,1,2018,37,1,15.326293556718324,1,5.0,1,1,137461.0,11.831097146845256
847,427,1,1981,12.0,1,1,2020,39,0,13.888525362936733,0,4.0,1,1,127389.0,11.754997251233668
848,427,0,1989,6.0,21,1,2018,29,0,10.738970823293506,1,4.0,1,1,40954.0,10.620200956172857
848,427,0,1989,6.0,21,1,2020,31,0,11.569669841218612,1,5.0,1,1,76512.0,11.245202888738218
849,428,0,1979,6.0,13,1,2018,39,1,9.817411595183227,1,4.0,1,1,44425.0,10.70155096743052
849,428,0,1979,6.0,13,1,2020,41,1,8.889282120260512,1,4.0,1,1,62034.0,11.035432471775843
850,429,1,1984,6.0,14,1,2018,34,0,7.836134921294411,0,4.0,1,1,50884.0,10.837306853917788
850,429,1,1984,6.0,14,1,2020,36,0,8.045302665667812,1,5.0,1,0,,
851,430,1,1987,6.0,17,1,2018,31,0,7.038982606829723,1,4.0,1,0,23598.0,10.068903577576185
851,430,1,1987,6.0,17,1,2020,33,0,,1,4.0,1,1,18322.0,9.815836547355575
852,431,1,1992,6.0,25,1,2018,26,1,7.8571398281954385,0,4.0,1,1,81289.0,11.305764876911239
852,431,1,1992,6.0,25,1,2020,28,1,9.9863999966951,1,3.0,1,1,67584.0,11.121122975953032
853,431,1,1964,9.0,16,1,2018,54,1,11.481377322137131,1,,1,1,106369.0,11.574670761611648
853,431,1,1964,9.0,16,1,2020,56,0,11.776141764943038,1,3.0,1,1,70084.0,11.15744763176369
854,432,1,1982,9.0,26,1,2018,36,0,14.013082625182905,1,4.0,1,1,112876.0,11.634045887741863
854,432,1,1982,9.0,26,1,2020,38,0,12.19449609771776,1,5.0,1,1,114936.0,11.65212640535858
855,432,0,1979,9.0,2,0,2018,39,1,12.911399526245901,1,5.0,0,1,66415.0,11.103673044450353
855,432,0,1979,9.0,2,0,2020,41,1,11.58524300920443,1,4.0,0,0,50871.0,10.83704086173358
856,432,0,1969,6.0,11,1,2018,49,1,6.631589724553299,1,3.0,1,0,59441.0,10.992742529060948
856,432,0,1969,6.0,11,1,2020,51,1,8.260691664328942,1,3.0,1,0,40720.0,10.614483905285413
857,433,1,1976,9.0,2,1,2018,42,1,13.751506129610569,1,4.0,1,1,195939.0,12.185559436325743
857,433,1,1976,9.0,2,1,2020,44,0,11.235927743362371,1,4.0,1,1,45905.0,10.73433803128586
858,433,0,1986,9.0,22,1,2018,32,0,13.852511011330217,1,4.0,1,1,36608.0,10.508011031590163
858,433,0,1986,9.0,22,1,2020,34,1,15.040202549821599,1,3.0,1,1,91570.0,11.424857765116702
859,433,0,1987,9.0,25,1,2018,31,0,13.355107200514006,0,3.0,1,0,25156.0,10.132840043939101
859,433,0,1987,9.0,25,1,2020,33,1,10.27240916284687,1,5.0,1,1,85989.0,11.361970288514101
860,434,0,1993,9.0,27,1,2018,25,0,14.544067907437011,0,3.0,1,0,67647.0,11.122057104104787
860,434,0,1993,9.0,27,1,2020,27,1,10.53764414447395,1,4.0,1,1,74453.0,11.21792392533989
861,434,0,1987,6.0,14,1,2018,31,1,5.496189744600485,1,3.0,1,1,20147.0,9.910789138068722
861,434,0,1987,6.0,14,1,2020,33,1,11.060696002464962,0,4.0,1,1,53188.0,10.881596416959189
862,434,1,1990,12.0,7,1,2018,28,0,15.400693396355532,1,4.0,1,1,38347.0,10.554428760324557
862,434,1,1990,12.0,7,1,2020,30,0,13.22928706024162,0,5.0,1,1,58057.0,10.96918539204409
863,435,0,1992,6.0,14,1,2018,26,0,11.359963504223787,1,5.0,1,1,17063.0,9.744693779166202
863,435,0,1992,6.0,14,1,2020,28,1,6.877133540000614,1,4.0,1,1,56225.0,10.937112968360303
864,436,0,1993,9.0,18,0,2018,25,1,13.522668534155496,1,4.0,0,1,92690.0,11.437012765586122
864,436,0,1993,9.0,18,0,2020,27,1,12.551110582861387,1,4.0,0,1,40550.0,10.610293478600651
865,436,0,1988,6.0,18,1,2018,30,1,9.70242788106817,0,4.0,1,1,68429.0,11.133551382458958
865,436,0,1988,6.0,18,1,2020,32,0,10.483769269572072,1,5.0,1,1,22135.0,10.004916261886928
866,437,0,1990,12.0,8,0,2018,28,1,13.542221078806914,0,5.0,0,1,29018.0,10.27568204592534
866,437,0,1990,12.0,8,0,2020,30,0,18.18200905521476,1,4.0,0,1,117589.0,11.674952947995083
867,438,0,1969,12.0,20,1,2018,49,0,12.957957474716714,1,5.0,1,1,40248.0,10.602827739832424
867,438,0,1969,12.0,20,1,2020,51,1,13.870594281945936,1,3.0,1,1,46239.0,10.741568077709037
868,439,1,1974,9.0,5,1,2018,44,1,10.76954220942351,1,5.0,1,1,91291.0,11.421807943812228
868,439,1,1974,9.0,5,1,2020,46,0,12.906627004828842,1,4.0,1,1,81139.0,11.30392007036531
869,439,1,1978,9.0,21,1,2018,40,0,13.164176481498584,1,4.0,1,1,40699.0,10.613962913618431
869,439,1,1978,9.0,21,1,2020,42,0,8.829409354088082,1,5.0,1,1,78294.0,11.268223802759058
870,440,0,1981,9.0,27,0,2018,37,1,12.632272435474691,1,3.0,0,1,41914.0,10.643376337487869
870,440,0,1981,9.0,27,0,2020,39,0,13.45720381112751,1,3.0,0,1,55789.0,10.929327153022044
871,440,0,1973,9.0,14,1,2018,45,0,8.688932449417893,1,4.0,1,1,17750.0,9.78411963075112
871,440,0,1973,9.0,14,1,2020,47,1,11.305062181881736,1,4.0,1,1,67047.0,11.1131559753849
872,440,1,1967,6.0,3,1,2018,51,1,10.34156811848193,1,,1,0,105018.0,11.56188423593261
872,440,1,1967,6.0,3,1,2020,53,1,8.02098897100604,1,3.0,1,1,36452.0,10.503746675837206
873,441,0,1985,12.0,10,1,2018,33,0,15.379208199257624,1,4.0,1,1,82633.0,11.322168870127122
873,441,0,1985,12.0,10,1,2020,35,0,13.233315052500753,1,5.0,1,1,113957.0,11.643580190515317
874,441,1,1979,9.0,5,1,2018,39,1,11.602338129637987,1,,1,1,54505.0,10.906050155594198
874,441,1,1979,9.0,5,1,2020,41,1,7.668830103270508,1,5.0,1,1,104835.0,11.560143170238403
875,441,1,1986,9.0,15,1,2018,32,1,11.33534471021443,1,5.0,1,1,52236.0,10.863528919107262
875,441,1,1986,9.0,15,1,2020,34,1,10.568842930834235,1,4.0,1,1,28428.0,10.255129317316865
876,442,1,1983,12.0,24,1,2018,35,0,15.231634628907916,1,5.0,1,1,66810.0,11.109605057169277
876,442,1,1983,12.0,24,1,2020,37,0,15.243866675119714,0,4.0,1,1,92481.0,11.434758878482771
877,443,1,1964,6.0,3,0,2018,54,0,6.359358933143763,1,4.0,0,0,21958.0,9.996883508656184
877,443,1,1964,6.0,3,0,2020,56,1,6.964979208381367,1,3.0,0,0,65178.0,11.084882439489613
878,443,0,1965,14.0,27,1,2018,53,0,17.705136493374628,1,4.0,1,1,121907.0,11.711013503992504
878,443,0,1965,14.0,27,1,2020,55,0,17.484983551978214,1,4.0,1,1,110853.0,11.615964725317856
879,444,1,1990,6.0,19,1,2018,28,0,9.223882739869628,0,5.0,1,1,16360.0,9.702624443120609
879,444,1,1990,6.0,19,1,2020,30,0,7.849163034354566,0,5.0,1,1,71583.0,11.178617149735368
880,445,0,1977,9.0,26,1,2018,41,0,10.608873532744486,1,3.0,1,1,63488.0,11.058599243647532
880,445,0,1977,9.0,26,1,2020,43,0,12.040608946340946,1,4.0,1,1,41600.0,10.635862557464895
881,445,0,1992,12.0,17,1,2018,26,0,15.220468604499834,0,5.0,1,1,36679.0,10.509968329484991
881,445,0,1992,12.0,17,1,2020,28,0,10.51971312030937,1,4.0,1,1,23601.0,10.06906456791371
882,445,1,1977,6.0,16,1,2018,41,1,4.744627579596136,1,4.0,1,0,75563.0,11.23272263057393
882,445,1,1977,6.0,16,1,2020,43,0,8.197044510214992,1,3.0,1,1,77158.0,11.253615277949432
883,446,0,1988,9.0,24,1,2018,30,0,,1,4.0,1,1,19917.0,9.899340410965735
883,446,0,1988,9.0,24,1,2020,32,0,12.05003991931379,1,4.0,1,0,28279.0,10.249864570114342
884,446,1,1974,6.0,26,1,2018,44,0,10.18603335182588,1,3.0,1,1,48621.0,10.791804549277984
884,446,1,1974,6.0,26,1,2020,46,1,4.583476880152108,1,5.0,1,0,15400.0,9.642144457698773
885,446,0,1967,12.0,24,1,2018,51,0,16.465432764497464,1,4.0,1,0,68401.0,11.133148631597964
885,446,0,1967,12.0,24,1,2020,53,0,14.200122787414955,1,4.0,1,1,94692.0,11.4583848122976
886,447,1,1970,6.0,18,1,2018,48,0,7.610746951097427,1,5.0,1,1,67998.0,11.127229217885304
886,447,1,1970,6.0,18,1,2020,50,0,7.937309936653635,1,4.0,1,1,55361.0,10.921633281241698
887,447,1,1990,9.0,4,0,2018,28,1,11.3077501222384,1,4.0,0,1,102359.0,11.536236651123355
887,447,1,1990,9.0,4,0,2020,30,1,12.695782401160884,1,5.0,0,1,326045.0,12.69479217271456
888,448,0,1967,12.0,7,1,2018,51,0,15.308255367664849,1,4.0,1,1,95171.0,11.463428177899571
888,448,0,1967,12.0,7,1,2020,53,1,10.923104602846575,1,5.0,1,1,102913.0,11.541640472712889
889,448,0,1984,9.0,4,1,2018,34,0,12.394857897569933,0,5.0,1,1,35193.0,10.468611786051413
889,448,0,1984,9.0,4,1,2020,36,0,9.971557081005367,0,4.0,1,0,47564.0,10.76982129413342
890,448,1,1975,6.0,28,1,2018,43,1,6.859297677647732,1,3.0,1,0,34235.0,10.44099901132917
890,448,1,1975,6.0,28,1,2020,45,0,8.907238902454269,1,4.0,1,1,46077.0,10.738074718727013
891,449,1,1993,12.0,11,1,2018,25,0,17.761614516069578,0,4.0,1,1,80934.0,11.301394769918769
891,449,1,1993,12.0,11,1,2020,27,1,17.792659938784336,0,4.0,1,1,85534.0,11.356672912621393
892,449,1,1968,9.0,12,1,2018,50,1,11.42220442615449,1,4.0,1,1,59711.0,10.997263788141847
892,449,1,1968,9.0,12,1,2020,52,1,14.749544501583157,1,4.0,1,1,129877.0,11.77434497378427
893,449,1,1990,9.0,23,0,2018,28,0,11.492924077680525,1,4.0,0,0,29316.0,10.285883267375905
893,449,1,1990,9.0,23,0,2020,30,0,8.796449634776879,0,4.0,0,1,36177.0,10.496178708147063
894,450,1,1991,12.0,21,1,2018,27,1,16.722379818380485,0,3.0,1,1,,
894,450,1,1991,12.0,21,1,2020,29,1,18.02000259541442,0,5.0,1,1,155585.0,11.95494497592247
895,450,0,1992,6.0,1,0,2018,26,1,8.570180228236277,0,4.0,0,1,41315.0,10.628969752983028
895,450,0,1992,6.0,1,0,2020,28,1,7.626802956859698,1,3.0,0,0,18340.0,9.816866190861841
896,451,1,1987,6.0,27,1,2018,31,0,10.917126924009859,1,5.0,1,0,60065.0,11.00317598899983
896,451,1,1987,6.0,27,1,2020,33,1,7.531221676753285,1,5.0,1,1,54085.0,10.898311233504138
897,451,1,1967,12.0,21,1,2018,51,0,15.362742159598907,1,4.0,1,1,95201.0,11.4637442878981
897,451,1,1967,12.0,21,1,2020,53,1,15.775750512100721,1,4.0,1,1,162739.0,11.999905346857267
898,452,0,1984,9.0,13,1,2018,34,0,,1,4.0,1,1,52376.0,10.866209806365879
898,452,0,1984,9.0,13,1,2020,36,1,13.676471692643549,1,,1,1,52349.0,10.865688660936943
899,453,0,1963,9.0,27,1,2018,55,1,10.85940906056022,1,4.0,1,1,97383.0,11.486402270411181
899,453,0,1963,9.0,27,1,2020,57,1,13.04625642335213,1,4.0,1,1,148128.0,11.90582960243957
900,453,0,1980,9.0,21,1,2018,38,0,8.374628602335447,1,5.0,1,0,21231.0,9.963236901462686
900,453,0,1980,9.0,21,1,2020,40,0,10.790846737852993,1,5.0,1,1,103887.0,11.551060993940421
901,454,0,1964,9.0,11,1,2018,54,1,13.647623654105669,1,5.0,1,1,49466.0,10.809043636925589
901,454,0,1964,9.0,11,1,2020,56,0,8.854218578418509,1,3.0,1,1,34384.0,10.445358320958961
902,454,1,1985,9.0,1,1,2018,33,1,11.230555464328102,1,3.0,1,1,85838.0,11.3602182456046
902,454,1,1985,9.0,1,1,2020,35,1,12.049033110969665,1,4.0,1,1,68811.0,11.139124880578747
903,454,1,1968,6.0,17,1,2018,50,0,8.722430081696148,1,4.0,1,1,92845.0,11.438684528533635
903,454,1,1968,6.0,17,1,2020,52,0,7.3797152202315015,1,4.0,1,0,51222.0,10.843931811157342
904,455,0,1964,6.0,24,1,2018,54,1,12.00733808124953,1,4.0,1,1,38798.0,10.566123449320449
904,455,0,1964,6.0,24,1,2020,56,1,5.075838205455992,1,4.0,1,0,23755.0,10.075553783851872
905,456,1,1972,14.0,14,1,2018,46,0,13.78016488164056,1,3.0,1,1,70157.0,11.158484279430704
905,456,1,1972,14.0,14,1,2020,48,0,15.881826871253795,1,5.0,1,1,80954.0,11.301631214323406
906,456,1,1980,12.0,19,0,2018,38,1,15.10692165561827,1,4.0,0,1,114952.0,11.652267149686628
906,456,1,1980,12.0,19,0,2020,40,1,11.487891162276716,1,4.0,0,1,157335.0,11.966135398991657
907,456,0,1983,9.0,4,1,2018,35,0,14.669883486665302,1,4.0,1,1,40638.0,10.61246299669111
907,456,0,1983,9.0,4,1,2020,37,0,14.457227919466124,1,3.0,1,1,121185.0,11.705070653682569
908,457,1,1978,12.0,19,1,2018,40,1,14.907190650674163,1,3.0,1,1,165065.0,12.014095630004675
908,457,1,1978,12.0,19,1,2020,42,1,12.440949274523046,1,4.0,1,1,75256.0,11.22864446817196
909,457,1,1992,6.0,27,1,2018,26,1,8.634893648678842,0,3.0,1,1,21759.0,9.987797820256375
909,457,1,1992,6.0,27,1,2020,28,0,8.823638608826421,0,4.0,1,0,13615.0,9.518957204863222
910,457,1,1966,12.0,26,1,2018,52,1,15.40113894335411,1,4.0,1,1,114297.0,11.646555740725585
910,457,1,1966,12.0,26,1,2020,54,1,15.622798312927758,1,5.0,1,1,61623.0,11.028792002459191
911,458,0,1967,6.0,13,1,2018,51,1,11.246902215947959,1,5.0,1,1,71335.0,11.1751382421035
911,458,0,1967,6.0,13,1,2020,53,0,8.06706272172682,1,4.0,1,1,18955.0,9.849827235348913
912,458,0,1981,15.0,1,1,2018,37,0,13.64009713105697,1,4.0,1,1,89274.0,11.39947057782101
912,458,0,1981,15.0,1,1,2020,39,1,21.93184606227416,1,5.0,1,1,152160.0,11.932690881267376
913,459,0,1986,12.0,18,1,2018,32,0,16.214046096555236,1,4.0,1,1,76681.0,11.2474116910015
913,459,0,1986,12.0,18,1,2020,34,1,15.445228150021983,1,4.0,1,1,61172.0,11.021444151597322
914,459,1,1967,6.0,2,1,2018,51,1,11.00579036753442,1,4.0,1,1,144596.0,11.881699711607835
914,459,1,1967,6.0,2,1,2020,53,1,7.323595669889626,1,4.0,1,0,39218.0,10.57689835496325
915,460,1,1983,9.0,24,1,2018,35,1,13.814324854902525,1,4.0,1,1,113091.0,11.635943859449364
915,460,1,1983,9.0,24,1,2020,37,0,11.14521563704961,1,4.0,1,1,39982.0,10.59617381507506
916,461,0,1979,12.0,18,1,2018,39,0,13.905430392255802,1,5.0,1,1,83219.0,11.329228212089605
916,461,0,1979,12.0,18,1,2020,41,1,13.178647015759278,1,4.0,1,1,40859.0,10.617894004504219
917,461,0,1973,6.0,19,1,2018,45,0,8.333028984895604,1,3.0,1,1,55567.0,10.925337592951912
917,461,0,1973,6.0,19,1,2020,47,1,6.087519745714914,1,4.0,1,1,26981.0,10.202875896514163
918,462,1,1973,6.0,15,1,2018,45,1,6.530150808083755,1,4.0,1,1,109202.0,11.600950864901392
918,462,1,1973,6.0,15,1,2020,47,0,3.6300688337114657,1,4.0,1,1,25733.0,10.155516934107741
919,463,1,1987,12.0,2,1,2018,31,0,17.75787193824662,1,4.0,1,1,145722.0,11.889456704126843
919,463,1,1987,12.0,2,1,2020,33,1,12.671852476168505,1,4.0,1,1,29612.0,10.295945224154055
920,463,0,1979,12.0,26,1,2018,39,1,13.174112351686976,1,5.0,1,1,92923.0,11.439529011542925
920,463,0,1979,12.0,26,1,2020,41,0,13.425148151621194,1,4.0,1,0,56652.0,10.94469068272374
921,463,0,1980,6.0,15,1,2018,38,1,8.586496274545448,1,3.0,1,1,117397.0,11.673320198019024
921,463,0,1980,6.0,15,1,2020,40,0,6.312165206030746,1,5.0,1,1,31100.0,10.344947942449501
922,464,0,1967,9.0,9,1,2018,51,1,12.391456127505318,1,5.0,1,1,54081.0,10.89823193786486
922,464,0,1967,9.0,9,1,2020,53,1,15.183046249004834,1,4.0,1,1,89556.0,11.402618945581679
923,464,1,1992,9.0,17,1,2018,26,1,11.699520296117461,1,3.0,1,1,45472.0,10.724851327430677
923,464,1,1992,9.0,17,1,2020,28,1,13.801592245901857,0,5.0,1,1,69952.0,11.155564684943318
924,465,1,1968,12.0,28,1,2018,50,0,13.208746729148302,1,4.0,1,1,66549.0,11.1056897853866
924,465,1,1968,12.0,28,1,2020,52,1,16.918758753023926,1,3.0,1,1,114414.0,11.647578506883635
925,465,0,1972,6.0,16,1,2018,46,0,8.852650176764548,1,4.0,1,0,33769.0,10.427295768019098
925,465,0,1972,6.0,16,1,2020,48,1,6.394810777669562,1,4.0,1,1,98645.0,11.4992852030701
926,466,0,1974,6.0,9,1,2018,44,0,7.340503284609634,1,4.0,1,0,23497.0,10.064638652787185
926,466,0,1974,6.0,9,1,2020,46,0,7.883953322846775,1,5.0,1,1,58966.0,10.984719140803705
927,466,1,1977,6.0,20,1,2018,41,0,7.792571361224022,1,5.0,1,1,53992.0,10.896588338548778
927,466,1,1977,6.0,20,1,2020,43,0,7.007506796674248,1,4.0,1,1,31203.0,10.348269094860301
928,467,0,1973,9.0,13,1,2018,45,1,13.756827593064589,1,4.0,1,1,94423.0,11.455540268377305
928,467,0,1973,9.0,13,1,2020,47,0,14.612917378585369,1,5.0,1,1,,
929,468,0,1963,12.0,15,1,2018,55,0,15.03603260325431,1,4.0,1,1,30501.0,10.325506838752183
929,468,0,1963,12.0,15,1,2020,57,1,15.400468156023322,1,4.0,1,1,95909.0,11.47115350748035
930,468,0,1992,12.0,8,1,2018,26,1,17.752414385520563,1,4.0,1,1,67456.0,11.119231550622015
930,468,0,1992,12.0,8,1,2020,28,1,15.678016952344839,0,4.0,1,1,44389.0,10.700738003658788
931,469,1,1988,9.0,1,1,2018,30,1,13.90249924109188,1,5.0,1,1,81095.0,11.303373815642725
931,469,1,1988,9.0,1,1,2020,32,0,11.490810813352367,1,5.0,1,1,54088.0,10.898363800669598
932,469,0,1970,9.0,14,1,2018,48,0,11.517964584000419,1,4.0,1,1,,
932,469,0,1970,9.0,14,1,2020,50,0,15.360079051561634,1,4.0,1,1,71762.0,11.18111696946954
933,469,0,1990,6.0,1,1,2018,28,0,9.636896603526244,1,5.0,1,0,23494.0,10.064488674712278
933,469,0,1990,6.0,1,1,2020,30,0,10.805855235197352,0,5.0,1,1,20309.0,9.918796984730633
934,470,1,1971,12.0,7,1,2018,47,0,14.103378408972905,1,3.0,1,1,54169.0,10.899855699376333
934,470,1,1971,12.0,7,1,2020,49,0,12.500955196447926,1,5.0,1,1,81193.0,11.304583105046373
935,470,1,1988,9.0,7,1,2018,30,1,16.868432270419607,0,5.0,1,1,91285.0,11.421745467209048
935,470,1,1988,9.0,7,1,2020,32,1,,0,5.0,1,1,77078.0,11.252569923513361
936,470,1,1976,6.0,12,1,2018,42,1,9.084148566820165,1,4.0,1,1,41357.0,10.630005228549422
936,470,1,1976,6.0,12,1,2020,44,0,4.547885825720779,1,4.0,1,1,43339.0,10.676818397027356
937,471,0,1992,12.0,1,1,2018,26,0,14.701154318191024,1,5.0,1,1,106721.0,11.577975089263845
937,471,0,1992,12.0,1,1,2020,28,0,14.525573377064902,0,5.0,1,1,57636.0,10.961907858816009
938,471,1,1983,6.0,13,0,2018,35,1,11.977821658033793,1,4.0,0,0,175329.0,12.07441956846076
938,471,1,1983,6.0,13,0,2020,37,0,8.592342516842066,1,,0,1,89347.0,11.400279752989853
939,472,0,1986,6.0,17,1,2018,32,1,8.5856375941579,1,4.0,1,1,17431.0,9.766008969315179
939,472,0,1986,6.0,17,1,2020,34,1,7.471684783150965,0,4.0,1,1,223955.0,12.319201880291574
940,472,1,1989,9.0,13,1,2018,29,0,10.871392042211045,0,3.0,1,1,41498.0,10.633399909277228
940,472,1,1989,9.0,13,1,2020,31,0,12.032542523204754,1,,1,1,66966.0,11.111932978419823
941,473,1,1980,6.0,17,1,2018,38,1,8.681055778365373,1,5.0,1,1,46893.0,10.755618781779278
941,473,1,1980,6.0,17,1,2020,40,0,11.917505296984338,1,5.0,1,1,53472.0,10.886913588925164
942,474,0,1976,9.0,14,1,2018,42,1,11.894761609917115,1,4.0,1,1,62804.0,11.047778260975962
942,474,0,1976,9.0,14,1,2020,44,0,12.102990600643489,1,5.0,1,1,32367.0,10.384881701199726
943,474,1,1978,9.0,25,1,2018,40,0,11.376872577102947,1,4.0,1,1,63677.0,11.061577306461828
943,474,1,1978,9.0,25,1,2020,42,0,9.130797279508172,1,3.0,1,1,84021.0,11.338817794978487
944,475,1,1973,9.0,16,1,2018,45,1,13.615623665447075,1,5.0,1,1,137629.0,11.832317365848985
944,475,1,1973,9.0,16,1,2020,47,1,12.600105918911309,1,4.0,1,1,28385.0,10.253601409977803
945,476,0,1968,6.0,9,0,2018,50,1,7.092709883924673,1,4.0,0,1,105337.0,11.564917385530618
945,476,0,1968,6.0,9,0,2020,52,0,8.779136812720699,1,4.0,0,0,14421.0,9.576427751224488
946,476,1,1989,6.0,15,1,2018,29,1,10.735654154840025,0,5.0,1,1,28676.0,10.26380471348637
946,476,1,1989,6.0,15,1,2020,31,1,8.946916227433427,0,4.0,1,1,25077.0,10.129690798358174
947,477,1,1975,6.0,14,1,2018,43,0,9.956069430367576,1,4.0,1,1,39643.0,10.58767233313942
947,477,1,1975,6.0,14,1,2020,45,0,9.463460296084193,1,4.0,1,0,39099.0,10.573847154651654
948,477,0,1975,15.0,2,1,2018,43,0,16.00023173006237,1,4.0,1,1,81649.0,11.310184014825357
948,477,0,1975,15.0,2,1,2020,45,0,15.437782825986172,1,5.0,1,1,161473.0,11.992095092513573
949,477,0,1963,9.0,14,1,2018,55,1,11.046236731720645,1,4.0,1,0,45902.0,10.734258675277667
949,477,0,1963,9.0,14,1,2020,57,0,11.81011882447735,1,4.0,1,1,59521.0,10.994082996777285
950,478,0,1988,12.0,13,1,2018,30,0,16.41422653820607,0,2.0,1,1,,
950,478,0,1988,12.0,13,1,2020,32,1,13.938423505705792,0,3.0,1,1,73614.0,11.20658776659686
951,479,0,1986,12.0,21,1,2018,32,0,17.13082256773277,0,4.0,1,1,73348.0,11.20296942274442
951,479,0,1986,12.0,21,1,2020,34,0,13.730515664748031,1,5.0,1,1,48331.0,10.785826772783905
952,480,0,1989,9.0,17,1,2018,29,0,,0,4.0,1,1,33235.0,10.411372303939253
952,480,0,1989,9.0,17,1,2020,31,0,11.22326045631621,0,5.0,1,0,46128.0,10.73918377775022
953,481,0,1978,13.0,9,1,2018,40,1,20.71368080299264,1,4.0,1,1,119810.0,11.693661728211655
953,481,0,1978,13.0,9,1,2020,42,1,17.18838172668051,1,4.0,1,1,216781.0,12.286643228552908
954,482,0,1967,13.0,11,1,2018,51,1,17.72360430770791,1,5.0,1,1,61666.0,11.029492745229735
954,482,0,1967,13.0,11,1,2020,53,1,16.0719137075745,1,3.0,1,1,78075.0,11.265427591299211
955,483,0,1979,6.0,3,1,2018,39,1,7.898202388390793,1,4.0,1,1,35967.0,10.49036711177266
955,483,0,1979,6.0,3,1,2020,41,1,12.0843937726269,1,5.0,1,1,,
956,484,0,1992,9.0,18,0,2018,26,0,13.583337322845866,0,5.0,0,1,86731.0,11.37056708446981
956,484,0,1992,9.0,18,0,2020,28,1,10.162163457204874,0,4.0,0,1,53008.0,10.87820359751267
957,485,0,1977,9.0,19,1,2018,41,0,13.06461274638496,1,4.0,1,1,59952.0,11.001305191993838
957,485,0,1977,9.0,19,1,2020,43,0,12.477257689376426,1,3.0,1,1,76411.0,11.243878208439302
958,486,0,1977,9.0,22,1,2018,41,1,13.252183614281018,1,3.0,1,1,55657.0,10.926958863625885
958,486,0,1977,9.0,22,1,2020,43,1,8.986584464427935,1,4.0,1,0,109070.0,11.599744548611664
959,486,1,1977,6.0,7,1,2018,41,1,9.81243605372691,1,5.0,1,0,27535.0,10.223203196766134
959,486,1,1977,6.0,7,1,2020,43,1,8.79850113455899,1,4.0,1,1,75493.0,11.231798077094775
960,486,1,1974,9.0,4,1,2018,44,1,10.630028196224941,1,3.0,1,1,48512.0,10.789560962903238
960,486,1,1974,9.0,4,1,2020,46,1,11.71271345720931,1,4.0,1,0,46033.0,10.737121956098251
961,487,0,1976,6.0,18,1,2018,42,1,8.168367666261704,1,3.0,1,1,47184.0,10.761800873134906
961,487,0,1976,6.0,18,1,2020,44,0,8.788790008072473,1,4.0,1,1,53919.0,10.895244172928175
962,488,1,1977,9.0,19,1,2018,41,0,15.85343389886647,1,3.0,1,1,115672.0,11.658517211353956
962,488,1,1977,9.0,19,1,2020,43,0,14.327302368704006,1,3.0,1,1,59218.0,10.988981073191448
963,488,0,1965,12.0,17,1,2018,53,1,10.583343280021264,1,4.0,1,1,69915.0,11.155030102196969
963,488,0,1965,12.0,17,1,2020,55,0,16.020016943960186,1,3.0,1,1,35139.0,10.46706888391762
964,489,1,1979,9.0,26,1,2018,39,0,10.63414588954486,1,3.0,1,0,59914.0,11.000662694222095
964,489,1,1979,9.0,26,1,2020,41,1,8.461490796587823,1,4.0,1,1,86285.0,11.365413349413187
965,489,0,1986,12.0,13,0,2018,32,1,13.74250642242787,0,4.0,0,1,98497.0,11.497784034532236
965,489,0,1986,12.0,13,0,2020,34,1,12.384807264648622,0,5.0,0,0,44139.0,10.695103807305092
966,490,0,1988,6.0,7,1,2018,30,0,7.342293212956931,1,4.0,1,1,31647.0,10.362396744394614
966,490,0,1988,6.0,7,1,2020,32,0,8.27173980965127,1,3.0,1,0,53839.0,10.893754576267783
967,490,0,1981,6.0,22,1,2018,37,0,9.974526007039408,0,4.0,1,1,60366.0,11.008182052956387
967,490,0,1981,6.0,22,1,2020,39,0,10.159793561231288,1,5.0,1,1,60351.0,11.007941008070583
968,490,0,1975,9.0,3,1,2018,43,1,12.54411581384484,1,4.0,1,0,94256.0,11.4537695086393
968,490,0,1975,9.0,3,1,2020,45,1,12.993321825301512,1,4.0,1,1,105210.0,11.56371355246121
969,491,1,1977,6.0,16,1,2018,41,0,4.783796001272703,1,4.0,1,1,64401.0,11.072880776584968
969,491,1,1977,6.0,16,1,2020,43,1,7.514204010472158,1,3.0,1,0,62579.0,11.04418886832275
970,491,1,1977,9.0,14,1,2018,41,0,11.360775973255961,1,4.0,1,1,50537.0,10.830469203094005
970,491,1,1977,9.0,14,1,2020,43,1,12.557474978937476,1,,1,1,36279.0,10.498998495828564
971,492,1,1968,12.0,12,1,2018,50,0,15.000778212978814,1,3.0,1,1,64444.0,11.07355028807865
971,492,1,1968,12.0,12,1,2020,52,0,14.541522726325201,1,4.0,1,1,66318.0,11.102222957720628
972,493,1,1976,6.0,20,1,2018,42,0,13.050940426231119,1,4.0,1,1,103881.0,11.55100392027198
972,493,1,1976,6.0,20,1,2020,44,1,7.398779881157974,1,4.0,1,0,64531.0,11.074906406533579
973,494,1,1976,6.0,22,1,2018,42,1,6.49666979554547,1,3.0,1,1,74813.0,11.222741606737166
973,494,1,1976,6.0,22,1,2020,44,0,10.255201531821674,1,4.0,1,1,31785.0,10.366759104597119
974,495,0,1991,12.0,27,1,2018,27,0,18.250992721558035,0,3.0,1,1,94419.0,11.455502360773458
974,495,0,1991,12.0,27,1,2020,29,0,11.603136770031108,1,3.0,1,1,60260.0,11.0064242948851
975,496,1,1992,9.0,2,1,2018,26,0,13.233213287225123,0,3.0,1,1,47696.0,10.772608788049164
975,496,1,1992,9.0,2,1,2020,28,1,12.969452167149122,1,4.0,1,1,81686.0,11.310632405342872
976,496,0,1988,9.0,7,1,2018,30,1,10.238529292838718,1,4.0,1,1,54096.0,10.898515912508127
976,496,0,1988,9.0,7,1,2020,32,1,15.459138610640945,1,4.0,1,1,25918.0,10.162685572850908
977,496,0,1967,6.0,4,1,2018,51,0,10.616911456282411,1,3.0,1,1,41787.0,10.640330892005169
977,496,0,1967,6.0,4,1,2020,53,0,8.693322421830068,1,3.0,1,1,43075.0,10.670707872077724
978,497,0,1970,9.0,1,1,2018,48,0,14.866046490477263,1,5.0,1,1,178776.0,12.093888273793057
978,497,0,1970,9.0,1,1,2020,50,1,,1,3.0,1,1,49119.0,10.802001942225862
979,498,0,1970,6.0,20,1,2018,48,0,10.144087611692706,1,5.0,1,1,45789.0,10.7317894184772
979,498,0,1970,6.0,20,1,2020,50,1,11.6452267917905,1,4.0,1,1,31865.0,10.369278028179108
980,498,0,1969,15.0,28,1,2018,49,0,18.01542875300203,1,4.0,1,1,51260.0,10.844671041646523
980,498,0,1969,15.0,28,1,2020,51,1,13.909246906976112,1,4.0,1,1,40363.0,10.605663074097658
981,498,1,1992,9.0,26,1,2018,26,0,12.387895317572973,1,4.0,1,1,91499.0,11.424083429418548
981,498,1,1992,9.0,26,1,2020,28,0,11.42355904134489,0,4.0,1,1,51833.0,10.855790880244951
982,499,0,1966,9.0,21,1,2018,52,0,7.3858120676804395,1,4.0,1,0,82605.0,11.321825800161536
982,499,0,1966,9.0,21,1,2020,54,0,13.478891648774884,1,4.0,1,1,52742.0,10.873172888963271
983,500,1,1991,9.0,3,1,2018,27,0,16.252555135502853,0,4.0,1,1,140038.0,11.849667203255857
983,500,1,1991,9.0,3,1,2020,29,1,14.326585869213112,0,5.0,1,1,46325.0,10.743428678563996
984,501,1,1968,9.0,23,1,2018,50,1,10.722367201563086,1,,1,1,58171.0,10.971142812856113
984,501,1,1968,9.0,23,1,2020,52,0,12.275559820179833,1,4.0,1,1,53241.0,10.882583866482602
985,501,1,1982,9.0,19,1,2018,36,1,10.100293071324824,0,4.0,1,1,83278.0,11.329945679649285
985,501,1,1982,9.0,19,1,2020,38,1,10.497233302208675,1,4.0,1,1,66359.0,11.102841436362407
986,502,0,1978,6.0,3,1,2018,40,0,6.199083642073388,1,4.0,1,0,36522.0,10.505677832428352
986,502,0,1978,6.0,3,1,2020,42,0,6.604793322763602,1,5.0,1,0,25874.0,10.160986511612084
987,502,1,1988,6.0,26,1,2018,30,1,7.882220271678744,1,4.0,1,1,70790.0,11.167477008767788
987,502,1,1988,6.0,26,1,2020,32,0,7.38244207111066,0,4.0,1,0,47978.0,10.778492405935268
988,502,0,1987,12.0,12,1,2018,31,0,14.474067215100758,1,4.0,1,1,79634.0,11.285194188622244
988,502,0,1987,12.0,12,1,2020,33,0,15.642770913393806,0,3.0,1,1,21676.0,9.983953583996724
989,503,1,1986,6.0,16,1,2018,32,0,10.922736661596954,1,3.0,1,1,145942.0,11.890966572403467
989,503,1,1986,6.0,16,1,2020,34,1,10.430765955573557,1,,1,1,111921.0,11.625549429932176
990,503,0,1988,9.0,21,1,2018,30,1,12.25444388154167,0,5.0,1,1,94038.0,11.451457246293796
990,503,0,1988,9.0,21,1,2020,32,1,13.417318608877789,0,3.0,1,1,53946.0,10.895739906529036
991,503,1,1993,9.0,6,0,2018,25,1,12.827184435562522,1,5.0,0,1,76101.0,11.23981567499046
991,503,1,1993,9.0,6,0,2020,27,0,8.164148096041195,0,5.0,0,0,31452.0,10.356225994625706
992,504,0,1977,12.0,11,1,2018,41,1,14.004306690550136,1,5.0,1,1,88714.0,11.39317361436125
992,504,0,1977,12.0,11,1,2020,43,1,14.619584069998735,1,4.0,1,1,70695.0,11.166126434030295
993,504,1,1965,6.0,20,1,2018,53,0,9.772087277132727,1,4.0,1,1,72381.0,11.189700123507771
993,504,1,1965,6.0,20,1,2020,55,1,9.948655536830492,1,3.0,1,1,85148.0,11.352144429030911
994,504,1,1977,9.0,1,1,2018,41,0,15.227426832520145,1,4.0,1,1,148107.0,11.905693337586724
994,504,1,1977,9.0,1,1,2020,43,0,11.4837794389061,1,3.0,1,1,,
995,505,1,1983,9.0,17,1,2018,35,1,14.333964967541817,0,4.0,1,1,32106.0,10.376796039730282
995,505,1,1983,9.0,17,1,2020,37,0,12.9561723801827,0,5.0,1,1,63435.0,11.057777849304548
996,506,0,1965,6.0,14,1,2018,53,0,9.08224251394919,1,3.0,1,1,16341.0,9.701462498787425
996,506,0,1965,6.0,14,1,2020,55,1,7.951664571782021,0,5.0,1,1,56207.0,10.936801883022731
997,506,0,1992,6.0,21,1,2018,26,0,,0,5.0,1,1,22747.0,10.032198377931884
997,506,0,1992,6.0,21,1,2020,28,0,10.430773299543123,0,4.0,1,1,43315.0,10.676254950290643
998,506,0,1978,6.0,11,1,2018,40,1,5.744468939132634,0,3.0,1,1,58553.0,10.977693242191053
998,506,0,1978,6.0,11,1,2020,42,0,8.369561851019645,1,4.0,1,1,37519.0,10.532600100132019
999,507,0,1993,6.0,12,1,2018,25,0,10.56639197855935,0,5.0,1,1,63665.0,11.061392001626198
999,507,0,1993,6.0,12,1,2020,27,0,6.3238006098825466,0,5.0,1,0,25674.0,10.153236158866415
1000,507,1,1990,9.0,9,1,2018,28,0,12.94384006827585,1,3.0,1,1,,
1000,507,1,1990,9.0,9,1,2020,30,0,13.199197935696706,0,4.0,1,1,25340.0,10.140129931410868
1001,507,0,1992,12.0,3,0,2018,26,0,,1,5.0,0,1,50113.0,10.822040650985112
1001,507,0,1992,12.0,3,0,2020,28,0,13.375465605656807,0,3.0,0,1,94856.0,11.460113962913386
1002,508,1,1965,9.0,15,1,2018,53,0,11.273136316804202,1,3.0,1,1,37968.0,10.54450069421566
1002,508,1,1965,9.0,15,1,2020,55,0,14.520355443182313,1,5.0,1,1,147912.0,11.904370901200878
1003,508,1,1992,6.0,13,1,2018,26,0,7.166386477386154,1,4.0,1,1,60077.0,11.003390550185577
1003,508,1,1992,6.0,13,1,2020,28,0,6.425137047098511,0,5.0,1,1,33288.0,10.412952771897483
1004,508,1,1993,12.0,10,1,2018,25,1,16.88357022031802,0,4.0,1,1,28427.0,10.255093066440654
1004,508,1,1993,12.0,10,1,2020,27,0,17.43767270874458,0,5.0,1,1,132110.0,11.791393186702928
1005,509,0,1973,9.0,4,1,2018,45,0,7.974620480836414,1,4.0,1,1,29626.0,10.296399333168857
1005,509,0,1973,9.0,4,1,2020,47,0,12.633870897500099,1,5.0,1,1,64108.0,11.068320950366793
1006,510,0,1993,9.0,21,1,2018,25,0,11.75554666111306,1,4.0,1,0,37147.0,10.522641726531734
1006,510,0,1993,9.0,21,1,2020,27,0,14.120337695050294,1,4.0,1,1,77356.0,11.256178540244834
1007,511,1,1987,9.0,12,1,2018,31,0,10.731779383434379,1,4.0,1,1,43848.0,10.688490374318476
1007,511,1,1987,9.0,12,1,2020,33,1,13.664094145478904,1,3.0,1,1,74973.0,11.224883408238279
1008,512,1,1987,9.0,13,1,2018,31,1,9.650578731697795,0,4.0,1,1,90597.0,11.414171543933316
1008,512,1,1987,9.0,13,1,2020,33,0,9.267659711481258,1,5.0,1,1,61733.0,11.030567270647243
1009,512,0,1977,6.0,2,1,2018,41,1,8.633587327555396,0,5.0,1,0,84181.0,11.340722531862667
1009,512,0,1977,6.0,2,1,2020,43,0,8.341266804155117,1,4.0,1,1,28688.0,10.26421882477654
1010,512,1,1964,6.0,19,1,2018,54,1,8.968659912310684,1,5.0,1,1,48468.0,10.788653728834552
1010,512,1,1964,6.0,19,1,2020,56,1,9.673208281950542,1,3.0,1,1,81336.0,11.306342361189053
1011,513,1,1975,9.0,11,1,2018,43,0,13.799476230636653,1,4.0,1,1,94928.0,11.460875255329258
1011,513,1,1975,9.0,11,1,2020,45,1,14.150271966939012,1,3.0,1,1,113962.0,11.64361980519256
1012,513,1,1989,6.0,13,1,2018,29,1,8.203175022156362,0,3.0,1,1,72050.0,11.185121064586312
1012,513,1,1989,6.0,13,1,2020,31,0,9.093330538275495,0,5.0,1,0,50795.0,10.835552926996497
1013,514,0,1993,9.0,2,1,2018,25,0,9.660497367065156,1,,1,1,21379.0,9.970142286531159
1013,514,0,1993,9.0,2,1,2020,27,1,10.605667683375554,0,2.0,1,1,74865.0,11.223442260293925
1014,514,1,1975,9.0,18,1,2018,43,0,11.597542140875243,1,5.0,1,0,48929.0,10.798125931869878
1014,514,1,1975,9.0,18,1,2020,45,1,9.866358120899939,1,5.0,1,1,57726.0,10.963468877649216
1015,515,0,1973,12.0,9,1,2018,45,1,17.285882573413527,1,4.0,1,1,78891.0,11.27582200636962
1015,515,0,1973,12.0,9,1,2020,47,1,13.279166505134599,1,4.0,1,1,,
1016,515,1,1966,9.0,18,1,2018,52,0,10.00999435017564,1,3.0,1,1,106762.0,11.578358151758627
1016,515,1,1966,9.0,18,1,2020,54,1,12.152085972054872,1,5.0,1,0,,
1017,515,1,1975,12.0,27,1,2018,43,1,13.564770522668638,1,5.0,1,1,334236.0,12.71960174687263
1017,515,1,1975,12.0,27,1,2020,45,0,,1,4.0,1,1,108672.0,11.596091526044008
1018,516,1,1973,9.0,8,1,2018,45,1,6.618322064309589,1,4.0,1,0,33885.0,10.430726750494792
1018,516,1,1973,9.0,8,1,2020,47,0,12.200159663718516,1,4.0,1,1,53505.0,10.887524182261915
1019,516,1,1973,6.0,22,1,2018,45,1,5.101939559878488,1,4.0,1,0,22522.0,10.022261601958668
1019,516,1,1973,6.0,22,1,2020,47,1,7.271903319265727,1,3.0,1,1,39889.0,10.593861751417133
1020,517,1,1973,9.0,23,1,2018,45,0,16.609693913275223,1,4.0,1,1,105058.0,11.562266560977742
1020,517,1,1973,9.0,23,1,2020,47,1,10.951447043987109,1,5.0,1,1,64088.0,11.068011341843851
1021,517,1,1986,12.0,18,1,2018,32,1,14.981409352589338,1,4.0,1,0,50892.0,10.837468284206366
1021,517,1,1986,12.0,18,1,2020,34,0,13.042099252027354,0,4.0,1,1,99640.0,11.509319938589597
1022,518,0,1980,9.0,5,1,2018,38,0,11.001148362181505,0,4.0,1,1,40952.0,10.62016501809657
1022,518,0,1980,9.0,5,1,2020,40,0,12.113066095418732,1,3.0,1,1,90179.0,11.409551131730113
1023,518,0,1967,12.0,8,1,2018,51,0,12.203908426106194,1,4.0,1,1,68482.0,11.134329863305238
1023,518,0,1967,12.0,8,1,2020,53,0,14.585638371894769,1,4.0,1,1,70605.0,11.164852806748486
1024,519,0,1972,9.0,15,1,2018,46,0,9.009542354812979,0,5.0,1,0,40961.0,10.620382831392451
1024,519,0,1972,9.0,15,1,2020,48,1,9.935988605897508,1,4.0,1,1,54446.0,10.904969560096363
1025,520,1,1968,6.0,4,1,2018,50,1,10.819704760629643,1,5.0,1,1,92687.0,11.436986709760195
1025,520,1,1968,6.0,4,1,2020,52,1,9.583593042330637,1,4.0,1,0,118922.0,11.686220721247622
1026,521,1,1967,6.0,23,1,2018,51,0,8.302267021753359,1,3.0,1,1,197735.0,12.194684000126063
1026,521,1,1967,6.0,23,1,2020,53,1,8.577078988010411,1,4.0,1,1,115032.0,11.65296804046468
1027,521,1,1980,12.0,13,1,2018,38,0,14.486036784598975,1,5.0,1,1,72746.0,11.194730850948378
1027,521,1,1980,12.0,13,1,2020,40,0,12.248268312602349,1,4.0,1,1,23328.0,10.057406178605635
1028,521,0,1976,9.0,25,1,2018,42,0,11.00143643301495,1,3.0,1,0,32952.0,10.402802363946691
1028,521,0,1976,9.0,25,1,2020,44,1,9.838117023200873,1,4.0,1,1,45969.0,10.735729006952184
1029,522,1,1974,6.0,25,1,2018,44,1,7.153286524575887,0,4.0,1,1,90922.0,11.417756367259539
1029,522,1,1974,6.0,25,1,2020,46,1,7.2474642021758555,1,3.0,1,1,118963.0,11.686564164451724
1030,523,0,1985,12.0,2,1,2018,33,1,14.156214789744125,1,3.0,1,1,114540.0,11.648675158383302
1030,523,0,1985,12.0,2,1,2020,35,1,12.564868503167707,1,4.0,1,1,46000.0,10.736405907639815
1031,523,0,1989,9.0,18,1,2018,29,0,13.362197271527476,0,4.0,1,1,92824.0,11.438464966637282
1031,523,0,1989,9.0,18,1,2020,31,1,10.447202849136566,0,4.0,1,1,46858.0,10.754873598226933
1032,523,0,1985,9.0,28,1,2018,33,1,10.661555700013652,1,5.0,1,1,38767.0,10.565323492571473
1032,523,0,1985,9.0,28,1,2020,35,0,11.755456534722127,1,4.0,1,1,33541.0,10.420520559625425
1033,524,1,1978,9.0,1,1,2018,40,1,12.490785797751714,1,5.0,1,0,111144.0,11.618579325102987
1033,524,1,1978,9.0,1,1,2020,42,0,13.102505800775507,0,4.0,1,1,40202.0,10.60167087629544
1034,525,1,1964,6.0,16,1,2018,54,0,7.0684273095423205,1,3.0,1,0,25659.0,10.152643284483293
1034,525,1,1964,6.0,16,1,2020,56,0,10.052908172791648,1,4.0,1,1,64549.0,11.075174103138002
1035,526,1,1981,9.0,28,1,2018,37,1,9.523535570164308,1,3.0,1,1,78433.0,11.269994104684564
1035,526,1,1981,9.0,28,1,2020,39,0,13.140150507944497,1,5.0,1,1,181962.0,12.111554285492668
1036,527,1,1976,6.0,4,1,2018,42,1,,1,4.0,1,1,82450.0,11.319951472608308
1036,527,1,1976,6.0,4,1,2020,44,1,8.909277611813101,1,4.0,1,0,63419.0,11.057522368295087
1037,528,0,1991,6.0,9,1,2018,27,1,4.696589392813659,0,5.0,1,1,31203.0,10.348269369752725
1037,528,0,1991,6.0,9,1,2020,29,0,5.683589561019384,0,4.0,1,0,12316.0,9.418678256762066
1038,528,1,1992,6.0,11,1,2018,26,0,9.629950309736541,0,4.0,1,1,31516.0,10.358264890118303
1038,528,1,1992,6.0,11,1,2020,28,1,8.316168093274994,1,4.0,1,1,101084.0,11.523706945926854
1039,529,0,1984,9.0,18,1,2018,34,1,14.172675109063478,1,5.0,1,1,98609.0,11.49891745489348
1039,529,0,1984,9.0,18,1,2020,36,1,10.301113572312461,1,3.0,1,1,54236.0,10.901104734070335
1040,529,0,1989,9.0,27,1,2018,29,1,11.755463065300013,0,5.0,1,1,31171.0,10.34724316496506
1040,529,0,1989,9.0,27,1,2020,31,1,12.158423496522136,1,5.0,1,1,41070.0,10.62302936954159
1041,530,0,1972,6.0,9,0,2018,46,1,9.89027102640169,1,4.0,0,1,74814.0,11.22275507084397
1041,530,0,1972,6.0,9,0,2020,48,1,11.254813291507157,1,3.0,0,1,86601.0,11.369069643913601
1042,530,1,1987,6.0,20,1,2018,31,0,11.401074731288498,1,5.0,1,0,37628.0,10.535491829053758
1042,530,1,1987,6.0,20,1,2020,33,0,7.556198757606341,1,5.0,1,1,22220.0,10.008747714899805
1043,531,1,1964,6.0,5,1,2018,54,1,4.649226737358045,1,3.0,1,1,28572.0,10.260172387724285
1043,531,1,1964,6.0,5,1,2020,56,0,8.24825666942639,1,4.0,1,0,48519.0,10.789707482566177
1044,532,1,1977,12.0,26,1,2018,41,0,14.772853245040755,1,5.0,1,1,77124.0,11.253175933531985
1044,532,1,1977,12.0,26,1,2020,43,1,15.325524468930965,1,4.0,1,1,201757.0,12.214820300329384
1045,532,0,1969,12.0,5,1,2018,49,0,12.644617277236762,1,3.0,1,1,,
1045,532,0,1969,12.0,5,1,2020,51,1,14.63247444078518,1,3.0,1,1,91904.0,11.42850162546712
1046,533,1,1974,12.0,9,1,2018,44,1,14.84652736876857,1,4.0,1,1,236652.0,12.374347856752776
1046,533,1,1974,12.0,9,1,2020,46,0,14.163317073934456,1,4.0,1,1,,
1047,534,1,1963,9.0,21,1,2018,55,1,14.838963870326372,1,3.0,1,1,93040.0,11.440783878999541
1047,534,1,1963,9.0,21,1,2020,57,0,17.08446081717416,1,4.0,1,1,102676.0,11.539328810183225
1048,535,1,1970,12.0,20,1,2018,48,0,17.878595482471376,1,4.0,1,1,79610.0,11.284897865322304
1048,535,1,1970,12.0,20,1,2020,50,1,14.588704980941557,1,5.0,1,1,59606.0,10.995519667695453
1049,536,1,1986,6.0,4,0,2018,32,1,8.770876514988855,0,5.0,0,1,72586.0,11.192525261060553
1049,536,1,1986,6.0,4,0,2020,34,0,10.285202225186202,0,4.0,0,1,,
1050,536,0,1989,12.0,6,1,2018,29,1,15.407691323654628,0,5.0,1,1,96894.0,11.48137548499502
1050,536,0,1989,12.0,6,1,2020,31,1,13.063999044275565,0,4.0,1,1,44656.0,10.706754344844493
1051,537,1,1983,6.0,26,1,2018,35,0,7.240722785718922,1,4.0,1,1,25547.0,10.148289563102939
1051,537,1,1983,6.0,26,1,2020,37,0,10.216996877581801,1,4.0,1,1,31467.0,10.356692491041953
1052,537,0,1969,6.0,25,1,2018,49,0,11.052609415049645,1,3.0,1,1,52994.0,10.877939773970402
1052,537,0,1969,6.0,25,1,2020,51,1,5.381474372214896,1,3.0,1,1,29836.0,10.303480275261718
1053,537,1,1991,6.0,17,1,2018,27,0,12.325221936480439,0,,1,1,38360.0,10.554778049066003
1053,537,1,1991,6.0,17,1,2020,29,1,10.951761979222397,0,4.0,1,1,75406.0,11.230644821888227
1054,538,0,1991,12.0,10,1,2018,27,1,14.54914142671696,0,3.0,1,1,92959.0,11.439915411708942
1054,538,0,1991,12.0,10,1,2020,29,0,16.145735519271625,1,4.0,1,1,62194.0,11.038012447837083
1055,538,0,1974,6.0,4,1,2018,44,1,7.849260427040266,1,4.0,1,1,29182.0,10.28132211460651
1055,538,0,1974,6.0,4,1,2020,46,0,8.239716327926585,1,4.0,1,1,,
1056,538,0,1964,9.0,16,1,2018,54,1,12.062866712243991,1,4.0,1,0,87837.0,11.383238558307243
1056,538,0,1964,9.0,16,1,2020,56,1,11.593552900843948,1,4.0,1,1,50901.0,10.837632010827523
1057,539,0,1987,9.0,9,1,2018,31,0,11.257559857720581,1,4.0,1,1,34775.0,10.456662600661824
1057,539,0,1987,9.0,9,1,2020,33,1,10.571277710436966,0,4.0,1,1,36662.0,10.509499348694096
1058,540,0,1970,6.0,15,1,2018,48,0,9.418258761392412,1,4.0,1,1,77424.0,11.257048701065296
1058,540,0,1970,6.0,15,1,2020,50,0,9.038840345240082,1,3.0,1,0,31775.0,10.366442881344025
1059,540,0,1985,9.0,20,1,2018,33,0,13.645751251514596,1,5.0,1,1,63715.0,11.062181685382084
1059,540,0,1985,9.0,20,1,2020,35,1,10.112473450294226,1,4.0,1,0,,
1060,541,1,1977,16.0,6,1,2018,41,0,16.173751208957086,1,3.0,1,1,48473.0,10.788765669697614
1060,541,1,1977,16.0,6,1,2020,43,1,19.524082992533078,1,4.0,1,1,48946.0,10.798480251374217
1061,541,0,1969,6.0,8,1,2018,49,0,10.49253461598816,1,4.0,1,1,42959.0,10.667992099353313
1061,541,0,1969,6.0,8,1,2020,51,1,6.436363635467127,1,5.0,1,1,46357.0,10.744124602514002
1062,541,1,1973,12.0,16,1,2018,45,0,17.126481248339978,1,4.0,1,1,117440.0,11.67368003026651
1062,541,1,1973,12.0,16,1,2020,47,1,15.2645535262093,1,4.0,1,1,117273.0,11.672256388537773
1063,542,1,1969,9.0,28,1,2018,49,0,11.101963614640322,1,3.0,1,1,,
1063,542,1,1969,9.0,28,1,2020,51,0,11.174129120095849,1,2.0,1,1,38481.0,10.557907750821357
1064,542,0,1990,9.0,12,1,2018,28,1,9.598037825778293,1,4.0,1,1,72991.0,11.198088517020164
1064,542,0,1990,9.0,12,1,2020,30,0,11.194146189273587,0,5.0,1,1,43354.0,10.677153134022275
1065,543,0,1964,6.0,14,1,2018,54,1,7.955126901213075,1,4.0,1,1,,
1065,543,0,1964,6.0,14,1,2020,56,0,10.944469579446578,1,4.0,1,1,44389.0,10.700753671019573
1066,543,1,1989,9.0,23,1,2018,29,1,9.120268586731482,1,5.0,1,1,44273.0,10.69812568574801
1066,543,1,1989,9.0,23,1,2020,31,0,12.891516644124188,0,4.0,1,1,29679.0,10.29821169121365
1067,544,0,1974,6.0,20,1,2018,44,1,5.077327787155099,1,4.0,1,1,68052.0,11.12803442687089
1067,544,0,1974,6.0,20,1,2020,46,1,8.123900472101713,1,5.0,1,1,36657.0,10.509349745161096
1068,545,1,1973,6.0,25,1,2018,45,0,7.942303648438312,1,4.0,1,0,13919.0,9.54099535770067
1068,545,1,1973,6.0,25,1,2020,47,0,9.172726541154075,1,4.0,1,1,62269.0,11.039224233881267
1069,546,0,1990,6.0,19,1,2018,28,0,10.082476533268734,0,5.0,1,1,28306.0,10.250842910441143
1069,546,0,1990,6.0,19,1,2020,30,1,10.046189133722603,1,4.0,1,1,48162.0,10.78231835509542
1070,546,0,1974,14.0,18,0,2018,44,1,19.51429703159165,1,4.0,0,1,,
1070,546,0,1974,14.0,18,0,2020,46,0,19.903337738557347,1,3.0,0,1,43921.0,10.690137848990283
1071,546,1,1974,6.0,11,1,2018,44,0,11.081551105948714,1,4.0,1,1,89361.0,11.400442477698514
1071,546,1,1974,6.0,11,1,2020,46,1,8.158598822200972,1,3.0,1,1,36641.0,10.508913758327138
1072,547,1,1977,9.0,12,1,2018,41,0,14.473912827550757,1,3.0,1,1,74485.0,11.2183495703982
1072,547,1,1977,9.0,12,1,2020,43,0,9.855394942921736,1,5.0,1,1,93381.0,11.44444068278481
1073,548,1,1985,9.0,27,1,2018,33,0,13.000968373276205,1,4.0,1,1,159266.0,11.978332070365312
1073,548,1,1985,9.0,27,1,2020,35,0,11.321440881367629,1,5.0,1,0,69093.0,11.143210673390014
1074,548,0,1989,12.0,26,1,2018,29,1,14.34854184369583,1,4.0,1,1,76643.0,11.246908390204073
1074,548,0,1989,12.0,26,1,2020,31,0,14.263888751514301,1,4.0,1,1,99992.0,11.512841316877413
1075,548,1,1972,6.0,28,1,2018,46,0,5.625956650021387,1,4.0,1,0,13767.0,9.530046606357052
1075,548,1,1972,6.0,28,1,2020,48,0,7.439067921976917,1,5.0,1,1,44541.0,10.704156279724913
1076,549,1,1992,9.0,22,1,2018,26,1,10.749116655305533,1,5.0,1,1,24304.0,10.098392174891888
1076,549,1,1992,9.0,22,1,2020,28,0,14.223576166425481,1,5.0,1,1,52999.0,10.87802986496184
1077,550,1,1993,6.0,11,1,2018,25,0,8.39331591183569,0,5.0,1,0,26137.0,10.171097548932192
1077,550,1,1993,6.0,11,1,2020,27,0,6.507948734437969,0,5.0,1,1,20035.0,9.905235191775626
1078,550,0,1984,12.0,25,1,2018,34,1,15.521561441531858,0,3.0,1,1,82532.0,11.320946692158884
1078,550,0,1984,12.0,25,1,2020,36,0,13.999538278367524,1,4.0,1,0,27690.0,10.228825140304595
1079,551,0,1979,9.0,26,1,2018,39,0,11.504347795954828,0,4.0,1,1,39871.0,10.593398765536973
1079,551,0,1979,9.0,26,1,2020,41,0,13.28240576473698,0,3.0,1,1,28933.0,10.272751287928076
1080,551,0,1986,9.0,27,1,2018,32,1,13.6054489652765,1,5.0,1,1,54530.0,10.90651411307285
1080,551,0,1986,9.0,27,1,2020,34,0,10.06354319528399,0,4.0,1,0,52747.0,10.87326096111039
1081,551,0,1978,6.0,21,1,2018,40,0,8.728713319152888,1,4.0,1,0,29569.0,10.294486466711346
1081,551,0,1978,6.0,21,1,2020,42,0,8.025372872150395,1,3.0,1,0,45484.0,10.725111082622858
1082,552,1,1985,9.0,6,0,2018,33,1,9.614237725062143,1,4.0,0,1,62932.0,11.049810462227311
1082,552,1,1985,9.0,6,0,2020,35,1,11.763797122795593,1,4.0,0,1,57364.0,10.95717474091421
1083,553,0,1981,6.0,4,1,2018,37,0,9.429898959251998,1,4.0,1,1,57106.0,10.952656529876219
1083,553,0,1981,6.0,4,1,2020,39,1,6.128264763781608,1,4.0,1,1,39368.0,10.580700596036845
1084,553,1,1988,9.0,18,1,2018,30,0,,1,5.0,1,1,190048.0,12.155034563996823
1084,553,1,1988,9.0,18,1,2020,32,1,13.486972930787088,0,3.0,1,1,53912.0,10.895102290036325
1085,553,1,1989,6.0,19,1,2018,29,0,11.08408054649708,0,5.0,1,1,43686.0,10.684791774220775
1085,553,1,1989,6.0,19,1,2020,31,0,10.250338827668148,0,3.0,1,1,59597.0,10.995367457159077
1086,554,0,1982,9.0,4,1,2018,36,1,8.965459366864618,0,4.0,1,1,35828.0,10.486497895057285
1086,554,0,1982,9.0,4,1,2020,38,0,11.127520035908837,1,4.0,1,1,71176.0,11.172915123400132
1087,555,0,1977,6.0,28,1,2018,41,0,7.346644034305988,1,4.0,1,1,42972.0,10.668306254070936
1087,555,0,1977,6.0,28,1,2020,43,1,9.390330557400933,1,5.0,1,1,77693.0,11.260521581932482
1088,556,0,1965,6.0,5,1,2018,53,1,8.173847295225254,1,4.0,1,1,44510.0,10.703470124718939
1088,556,0,1965,6.0,5,1,2020,55,1,9.342434320615409,1,3.0,1,1,42674.0,10.661350304307602
1089,556,1,1972,12.0,4,1,2018,46,0,16.989704248374025,1,,1,1,63422.0,11.057572513108534
1089,556,1,1972,12.0,4,1,2020,48,0,12.283845710830695,1,3.0,1,0,93908.0,11.45007238361368
1090,557,1,1992,9.0,16,1,2018,26,0,12.998855923760967,1,5.0,1,1,131402.0,11.78601415357125
1090,557,1,1992,9.0,16,1,2020,28,1,14.513188586973248,0,4.0,1,1,49985.0,10.819483765526313
1091,557,0,1988,9.0,14,1,2018,30,0,12.379720281647755,1,3.0,1,1,23403.0,10.060617784220922
1091,557,0,1988,9.0,14,1,2020,32,0,9.872012863631326,1,4.0,1,0,,
1092,557,0,1978,6.0,23,1,2018,40,1,8.471949374781135,1,5.0,1,1,60119.0,11.004076239413092
1092,557,0,1978,6.0,23,1,2020,42,1,11.857302765881137,0,3.0,1,0,116256.0,11.66354633196259
1093,558,0,1985,9.0,9,1,2018,33,0,17.008605475230933,1,4.0,1,1,94322.0,11.454470379485386
1093,558,0,1985,9.0,9,1,2020,35,0,9.018028441549918,0,3.0,1,1,25692.0,10.153922587251353
1094,559,1,1981,6.0,1,1,2018,37,1,9.733126541747382,1,3.0,1,1,69725.0,11.152314191130591
1094,559,1,1981,6.0,1,1,2020,39,0,8.874416312886602,1,5.0,1,0,,
1095,559,1,1975,9.0,21,1,2018,43,1,12.20149277866658,1,3.0,1,1,105384.0,11.565361407976939
1095,559,1,1975,9.0,21,1,2020,45,0,11.954852626091148,1,4.0,1,1,60181.0,11.00511702810852
1096,559,0,1990,14.0,27,1,2018,28,1,15.806413374279002,0,,1,1,178138.0,12.090314914669056
1096,559,0,1990,14.0,27,1,2020,30,0,17.48489527301894,0,3.0,1,1,117787.0,11.676634671277133
1097,560,1,1969,6.0,8,1,2018,49,1,8.573816935334111,1,4.0,1,1,27694.0,10.228962284231766
1097,560,1,1969,6.0,8,1,2020,51,1,6.662033469667447,1,4.0,1,1,26580.0,10.187906970242112
1098,561,0,1970,6.0,7,1,2018,48,0,7.596076314616985,1,,1,1,37157.0,10.522895920850882
1098,561,0,1970,6.0,7,1,2020,50,1,12.882887559184638,1,4.0,1,0,94331.0,11.454559887049559
1099,561,0,1993,6.0,25,1,2018,25,0,8.402625979028992,1,3.0,1,1,14166.0,9.558573433584494
1099,561,0,1993,6.0,25,1,2020,27,1,7.700979013449409,1,4.0,1,0,15336.0,9.637954279488046
1100,561,0,1965,6.0,8,1,2018,53,0,6.312926431020907,1,4.0,1,0,20092.0,9.908065839533188
1100,561,0,1965,6.0,8,1,2020,55,0,13.838862079570998,1,3.0,1,1,52750.0,10.873324684446912
1101,562,1,1973,9.0,7,1,2018,45,0,9.804099513365353,1,5.0,1,0,36776.0,10.512594428929642
1101,562,1,1973,9.0,7,1,2020,47,1,12.312969979472232,1,3.0,1,1,69478.0,11.148768551512585
1102,562,0,1963,6.0,6,0,2018,55,1,8.802188534863786,1,3.0,0,0,51818.0,10.85548482850696
1102,562,0,1963,6.0,6,0,2020,57,1,8.402435829669145,1,4.0,0,0,44974.0,10.713848213877002
1103,562,0,1982,12.0,5,1,2018,36,1,13.581119923373315,1,5.0,1,1,108568.0,11.59512919403651
1103,562,0,1982,12.0,5,1,2020,38,1,15.314616842811285,1,5.0,1,1,82808.0,11.324284850053733
1104,563,1,1972,6.0,24,1,2018,46,0,6.613582843964631,1,,1,0,42836.0,10.665123029083787
1104,563,1,1972,6.0,24,1,2020,48,0,5.734794361291312,1,5.0,1,0,38500.0,10.558415975316223
1105,563,1,1981,9.0,26,1,2018,37,0,8.822046599233376,1,5.0,1,1,132850.0,11.796978114208398
1105,563,1,1981,9.0,26,1,2020,39,0,13.268538159673534,1,4.0,1,1,67457.0,11.119241807443386
1106,564,1,1973,9.0,19,1,2018,45,1,11.49307832194391,1,3.0,1,0,73484.0,11.204827672599139
1106,564,1,1973,9.0,19,1,2020,47,1,12.020465212946037,1,4.0,1,1,95324.0,11.465037013903697
1107,564,1,1982,12.0,27,1,2018,36,0,14.44863892242177,0,4.0,1,1,137156.0,11.82887345353695
1107,564,1,1982,12.0,27,1,2020,38,0,14.035802213134152,1,5.0,1,1,116321.0,11.664107222673714
1108,565,0,1985,6.0,1,0,2018,33,1,9.220535952434377,1,4.0,0,0,31423.0,10.35528438214862
1108,565,0,1985,6.0,1,0,2020,35,0,,1,4.0,0,0,38248.0,10.551833570640087
1109,566,1,1969,6.0,25,0,2018,49,0,9.168919685674345,1,3.0,0,1,38225.0,10.551250362998672
1109,566,1,1969,6.0,25,0,2020,51,0,9.884971417796937,1,3.0,0,0,23062.0,10.045956038970017
1110,566,1,1981,9.0,12,1,2018,37,0,11.000264672811085,1,5.0,1,1,73700.0,11.20776386068633
1110,566,1,1981,9.0,12,1,2020,39,0,8.491604371297356,1,4.0,1,1,46829.0,10.754250317026946
1111,567,0,1990,6.0,6,1,2018,28,0,9.443706460237165,0,4.0,1,0,73711.0,11.207906417058759
1111,567,0,1990,6.0,6,1,2020,30,0,6.50483617543294,0,4.0,1,1,38654.0,10.562394552734142
1112,567,0,1975,9.0,5,1,2018,43,1,13.41678545968911,1,4.0,1,1,52002.0,10.859029623864247
1112,567,0,1975,9.0,5,1,2020,45,0,13.729920385663597,1,5.0,1,1,81148.0,11.304024494394813
1113,567,0,1976,12.0,20,1,2018,42,1,16.280754028933103,1,4.0,1,1,130260.0,11.777287339773823
1113,567,0,1976,12.0,20,1,2020,44,1,13.837624306456966,1,4.0,1,1,52075.0,10.860432862100339
1114,568,0,1968,6.0,27,1,2018,50,1,8.886677367651266,1,5.0,1,1,24509.0,10.10678801844182
1114,568,0,1968,6.0,27,1,2020,52,0,11.809494335134906,1,4.0,1,1,58827.0,10.982357691357821
1115,568,1,1966,6.0,12,1,2018,52,1,9.222635446674149,1,2.0,1,1,85904.0,11.36098102343008
1115,568,1,1966,6.0,12,1,2020,54,1,9.104912451805694,1,4.0,1,0,31182.0,10.347593235079655
1116,568,0,1987,6.0,4,1,2018,31,0,12.376665443390205,0,5.0,1,0,29168.0,10.28081126510284
1116,568,0,1987,6.0,4,1,2020,33,0,8.838412583040029,1,3.0,1,1,104646.0,11.558334036054067
1117,569,0,1979,12.0,28,1,2018,39,1,13.34483401681939,1,4.0,1,0,48055.0,10.78010104425493
1117,569,0,1979,12.0,28,1,2020,41,0,19.51673455306608,1,5.0,1,1,105469.0,11.566168698172415
1118,569,0,1989,6.0,20,1,2018,29,0,9.265213031423233,1,5.0,1,1,58347.0,10.974165999522654
1118,569,0,1989,6.0,20,1,2020,31,1,6.5593717397407225,1,4.0,1,0,15728.0,9.663198993101336
1119,569,0,1975,9.0,25,1,2018,43,0,14.532505491291392,1,5.0,1,1,138600.0,11.839344512659093
1119,569,0,1975,9.0,25,1,2020,45,0,9.33072818952537,1,4.0,1,0,29260.0,10.283969139794353
1120,570,1,1983,6.0,19,1,2018,35,1,9.882124275166735,1,3.0,1,1,43110.0,10.671502854373681
1120,570,1,1983,6.0,19,1,2020,37,1,6.666344593247913,1,5.0,1,1,52868.0,10.875549332697096
1121,570,1,1973,9.0,23,1,2018,45,0,11.14706264651719,1,5.0,1,1,79853.0,11.2879380386537
1121,570,1,1973,9.0,23,1,2020,47,0,14.361782629830318,1,4.0,1,1,54321.0,10.90266271569789
1122,571,1,1976,9.0,26,1,2018,42,1,11.016813466630165,1,4.0,1,1,178411.0,12.091844528978703
1122,571,1,1976,9.0,26,1,2020,44,0,,1,3.0,1,1,75452.0,11.231253548894278
1123,571,0,1988,9.0,12,1,2018,30,1,10.99583627726176,1,5.0,1,1,47785.0,10.774465869456034
1123,571,0,1988,9.0,12,1,2020,32,1,10.719180418186033,1,4.0,1,1,72293.0,11.188480421600982
1124,571,1,1983,6.0,23,1,2018,35,1,7.741335510372069,1,4.0,1,0,52263.0,10.864051446503495
1124,571,1,1983,6.0,23,1,2020,37,0,9.131106514605035,1,4.0,1,0,35811.0,10.485996899154902
1125,572,0,1993,9.0,1,1,2018,25,1,14.774920059330356,1,5.0,1,1,95361.0,11.46542240060456
1125,572,0,1993,9.0,1,1,2020,27,0,12.681568258127113,0,4.0,1,1,47005.0,10.758003176302982
1126,572,0,1965,9.0,6,1,2018,53,1,9.895256861464372,1,3.0,1,0,36809.0,10.513509339316052
1126,572,0,1965,9.0,6,1,2020,55,0,8.215415328831543,1,5.0,1,1,52172.0,10.862293825362958
1127,572,1,1974,12.0,16,1,2018,44,1,13.974043851020584,1,5.0,1,1,131005.0,11.7829937744774
1127,572,1,1974,12.0,16,1,2020,46,1,18.049524975669,1,5.0,1,1,173977.0,12.066678754355797
1128,573,1,1968,12.0,18,1,2018,50,1,14.371743559937299,1,3.0,1,1,66112.0,11.099104141838772
1128,573,1,1968,12.0,18,1,2020,52,1,15.360346898330167,1,4.0,1,1,114991.0,11.65261312508553
1129,574,0,1974,9.0,9,1,2018,44,1,11.588775403602074,1,3.0,1,1,63267.0,11.055118670163848
1129,574,0,1974,9.0,9,1,2020,46,1,12.616184825182845,1,4.0,1,1,62860.0,11.048668915260476
1130,574,1,1986,9.0,19,1,2018,32,1,14.93699377784605,1,3.0,1,1,50273.0,10.825232385357177
1130,574,1,1986,9.0,19,1,2020,34,0,11.72543932425011,1,4.0,1,1,57140.0,10.953258483869904
1131,575,1,1985,9.0,23,1,2018,33,1,12.092530339829166,1,5.0,1,1,111447.0,11.621302416983143
1131,575,1,1985,9.0,23,1,2020,35,1,,1,4.0,1,1,43998.0,10.69188867548043
1132,575,1,1988,6.0,14,0,2018,30,1,6.7675750738238545,1,3.0,0,0,32655.0,10.393743885124714
1132,575,1,1988,6.0,14,0,2020,32,1,9.082431136057869,1,3.0,0,1,37405.0,10.529564608562264
1133,576,0,1966,9.0,28,1,2018,52,0,14.362877986842651,1,4.0,1,1,24583.0,10.10982020676654
1133,576,0,1966,9.0,28,1,2020,54,1,9.695511107687667,1,5.0,1,0,37782.0,10.539596899840001
1134,576,1,1975,9.0,27,1,2018,43,1,12.869797181534596,1,4.0,1,1,58519.0,10.977106114482506
1134,576,1,1975,9.0,27,1,2020,45,0,10.758024520514363,1,3.0,1,1,30208.0,10.315875428673634
1135,577,0,1968,6.0,24,1,2018,50,1,8.49503326413207,1,4.0,1,0,16254.0,9.696090727287395
1135,577,0,1968,6.0,24,1,2020,52,0,7.209104874795598,1,3.0,1,0,20940.0,9.949427326458268
1136,577,1,1966,6.0,14,1,2018,52,0,6.422431188785159,1,3.0,1,0,46039.0,10.737240434906989
1136,577,1,1966,6.0,14,1,2020,54,1,8.595135445861,1,3.0,1,0,73881.0,11.210216642293531
1137,577,0,1963,9.0,13,1,2018,55,1,8.56161230232868,1,4.0,1,1,38495.0,10.558272375830317
1137,577,0,1963,9.0,13,1,2020,57,1,9.78638730499732,1,3.0,1,1,161470.0,11.992072309465586
1138,578,1,1989,12.0,13,1,2018,29,1,13.730560388740363,0,4.0,1,1,85125.0,11.35187541717269
1138,578,1,1989,12.0,13,1,2020,31,0,16.890022745080106,1,3.0,1,1,,
1139,578,1,1966,9.0,9,1,2018,52,1,10.247437261425748,1,3.0,1,1,26843.0,10.19775465097538
1139,578,1,1966,9.0,9,1,2020,54,0,12.838091912008393,1,4.0,1,0,29629.0,10.296518623837947
1140,578,0,1989,12.0,7,1,2018,29,0,16.40492272682134,0,4.0,1,1,86905.0,11.372574087881144
1140,578,0,1989,12.0,7,1,2020,31,0,15.934884812983356,0,4.0,1,1,25137.0,10.132113260536203
1141,579,0,1992,12.0,6,1,2018,26,1,15.450774543683117,0,3.0,1,1,41877.0,10.642482687495894
1141,579,0,1992,12.0,6,1,2020,28,1,15.412776223744906,0,4.0,1,1,63861.0,11.064461722484637
1142,579,0,1966,6.0,25,1,2018,52,1,10.725901342445326,1,3.0,1,1,46615.0,10.749686644070469
1142,579,0,1966,6.0,25,1,2020,54,0,7.53628785198261,1,4.0,1,1,42061.0,10.646887809432194
1143,580,0,1992,6.0,2,1,2018,26,0,12.39434341824718,0,3.0,1,1,63269.0,11.055158399234976
1143,580,0,1992,6.0,2,1,2020,28,0,9.959197848969477,0,4.0,1,1,29128.0,10.27946921917797
1144,580,1,1967,12.0,13,1,2018,51,1,16.535312136551195,1,4.0,1,1,117412.0,11.673442112578066
1144,580,1,1967,12.0,13,1,2020,53,1,15.077029231227538,1,2.0,1,1,40112.0,10.599421137789326
1145,580,1,1973,6.0,21,1,2018,45,0,8.268592767862152,1,4.0,1,1,30524.0,10.326260077335347
1145,580,1,1973,6.0,21,1,2020,47,0,10.672544237939478,1,3.0,1,1,63555.0,11.059658344170716
1146,581,1,1992,6.0,14,0,2018,26,0,7.285226876995789,0,,0,1,17703.0,9.781511143454065
1146,581,1,1992,6.0,14,0,2020,28,0,11.340452606304977,0,4.0,1,1,54991.0,10.914922399910713
1147,581,0,1980,6.0,8,1,2018,38,0,8.31289095698585,1,3.0,1,0,21864.0,9.992614350312408
1147,581,0,1980,6.0,8,1,2020,40,0,11.6660447355964,1,4.0,1,1,44979.0,10.713954053088933
1148,582,0,1965,9.0,15,1,2018,53,1,13.007923524723056,1,4.0,1,1,58180.0,10.971301551331853
1148,582,0,1965,9.0,15,1,2020,55,1,12.157150975317586,1,4.0,1,1,,
1149,583,1,1965,6.0,19,1,2018,53,0,9.679645759993582,1,4.0,1,1,73285.0,11.202107787470359
1149,583,1,1965,6.0,19,1,2020,55,0,11.259535329018988,1,5.0,1,1,137474.0,11.831191625910426
1150,583,0,1968,12.0,25,1,2018,50,0,13.543029698141417,1,4.0,1,0,42598.0,10.659570888983751
1150,583,0,1968,12.0,25,1,2020,52,1,13.983322908839325,1,4.0,1,1,121855.0,11.710587392908907
1151,583,1,1974,12.0,25,1,2018,44,0,14.428611693192547,1,3.0,1,1,66907.0,11.111060115566039
1151,583,1,1974,12.0,25,1,2020,46,1,15.944648365762244,1,4.0,1,1,237982.0,12.37994836840703
1152,584,1,1967,9.0,5,1,2018,51,1,14.070263089971423,1,5.0,1,1,97985.0,11.492567969185325
1152,584,1,1967,9.0,5,1,2020,53,1,11.416063456050834,1,4.0,1,1,39357.0,10.58043006201212
1153,584,0,1967,6.0,21,1,2018,51,0,8.999627519557897,1,4.0,1,1,35365.0,10.473474806767488
1153,584,0,1967,6.0,21,1,2020,53,1,8.806239458399578,1,5.0,1,1,49191.0,10.803464554547853
1154,585,1,1982,9.0,9,1,2018,36,0,11.650633569706903,1,5.0,1,1,86669.0,11.369847880199465
1154,585,1,1982,9.0,9,1,2020,38,0,8.834821195358813,1,5.0,1,1,59303.0,10.990421925080291
1155,585,0,1985,9.0,18,1,2018,33,0,16.607283365134673,1,4.0,1,1,81530.0,11.308730878501898
1155,585,0,1985,9.0,18,1,2020,35,0,11.734222939199087,0,3.0,1,1,37091.0,10.521130862060154
1156,585,1,1967,9.0,27,1,2018,51,0,11.620607726776518,1,4.0,1,1,69865.0,11.154317797118107
1156,585,1,1967,9.0,27,1,2020,53,1,10.793211808433126,1,5.0,1,1,49833.0,10.816425142828544
1157,586,0,1963,9.0,26,1,2018,55,0,13.407198317994522,1,5.0,1,1,115127.0,11.65379153062895
1157,586,0,1963,9.0,26,1,2020,57,0,12.802865613241302,1,4.0,1,1,119714.0,11.692861591269082
1158,586,0,1973,9.0,2,1,2018,45,0,10.755014918051751,1,3.0,1,1,56720.0,10.945883558767948
1158,586,0,1973,9.0,2,1,2020,47,1,10.146300399895782,1,5.0,1,1,23404.0,10.06068094918783
1159,586,0,1967,12.0,23,1,2018,51,0,14.952408640416605,1,4.0,1,0,47200.0,10.762138672566032
1159,586,0,1967,12.0,23,1,2020,53,0,15.35437646876715,1,3.0,1,1,,
1160,587,0,1991,9.0,3,1,2018,27,0,11.067722442496596,1,4.0,1,1,25231.0,10.135810410733304
1160,587,0,1991,9.0,3,1,2020,29,1,14.232246405009244,1,4.0,1,1,46938.0,10.75659046108995
1161,588,1,1969,9.0,23,1,2018,49,1,12.646708547045751,1,4.0,1,0,49924.0,10.818253662286885
1161,588,1,1969,9.0,23,1,2020,51,1,10.742628464911242,1,3.0,1,0,85195.0,11.352698289993382
1162,589,0,1976,9.0,1,1,2018,42,0,12.224183272989514,0,5.0,1,1,63435.0,11.057769194004411
1162,589,0,1976,9.0,1,1,2020,44,1,14.657302889023363,1,4.0,1,1,53930.0,10.895445851685812
1163,590,1,1975,12.0,2,1,2018,43,0,12.547197954311514,1,3.0,1,0,59309.0,10.990523294491627
1163,590,1,1975,12.0,2,1,2020,45,0,12.806412585441176,1,4.0,1,1,31005.0,10.341910493582548
1164,590,0,1972,9.0,2,1,2018,46,1,15.055360650904143,1,4.0,1,1,34126.0,10.437809407323057
1164,590,0,1972,9.0,2,1,2020,48,1,9.222986276788934,1,3.0,1,1,56498.0,10.941952693376667
1165,590,1,1989,12.0,23,0,2018,29,1,18.211791675682125,0,4.0,0,1,142200.0,11.864990467425375
1165,590,1,1989,12.0,23,0,2020,31,0,15.205299461698804,1,5.0,0,1,84259.0,11.34164923129945
1166,591,0,1970,12.0,10,1,2018,48,0,15.333033139732056,1,4.0,1,1,86286.0,11.365428241675218
1166,591,0,1970,12.0,10,1,2020,50,1,14.70014564095389,1,4.0,1,1,154111.0,11.945429739728588
1167,591,0,1986,9.0,6,1,2018,32,0,11.160813700666843,0,3.0,1,1,48026.0,10.779494439205143
1167,591,0,1986,9.0,6,1,2020,34,1,9.808854199949138,1,4.0,1,0,86129.0,11.363598224070214
1168,592,0,1969,9.0,1,1,2018,49,0,14.23056085499347,1,3.0,1,1,111993.0,11.626191206234108
1168,592,0,1969,9.0,1,1,2020,51,1,14.461014919884114,1,3.0,1,1,59117.0,10.987272864758735
1169,592,0,1975,9.0,23,0,2018,43,0,12.421387441019194,1,4.0,0,1,51834.0,10.855794015381386
1169,592,0,1975,9.0,23,0,2020,45,0,8.75409028014452,1,4.0,0,0,29340.0,10.286718449218684
1170,592,1,1967,12.0,25,1,2018,51,0,15.167439124406478,1,3.0,1,0,48629.0,10.791975417107436
1170,592,1,1967,12.0,25,1,2020,53,0,14.237519334930214,1,3.0,1,1,,
1171,593,0,1991,6.0,23,0,2018,27,1,11.43351927282605,0,4.0,0,1,35534.0,10.478232898328514
1171,593,0,1991,6.0,23,0,2020,29,0,7.748207091773039,1,4.0,1,0,17099.0,9.746784673191788
1172,593,1,1971,9.0,5,1,2018,47,0,10.206324200369021,1,3.0,1,1,50631.0,10.832318184419366
1172,593,1,1971,9.0,5,1,2020,49,1,11.893818505367292,1,3.0,1,1,146040.0,11.891633558154686
1173,593,0,1979,6.0,14,1,2018,39,1,8.730067463786192,1,4.0,1,1,35392.0,10.474231630656579
1173,593,0,1979,6.0,14,1,2020,41,1,11.523405952641902,1,4.0,1,1,47741.0,10.773544283036625
1174,594,0,1981,9.0,12,1,2018,37,0,8.91725793559778,0,3.0,1,1,31010.0,10.342054201323046
1174,594,0,1981,9.0,12,1,2020,39,1,15.870694733254423,1,4.0,1,1,,
1175,595,0,1986,12.0,5,1,2018,32,0,16.00773461964915,1,3.0,1,1,35678.0,10.482281368368637
1175,595,0,1986,12.0,5,1,2020,34,1,14.142070176854391,1,5.0,1,1,73784.0,11.208893478422889
1176,595,1,1966,9.0,26,1,2018,52,1,9.706058619299213,1,,1,1,83465.0,11.332181588618127
1176,595,1,1966,9.0,26,1,2020,54,1,13.504133970180092,1,3.0,1,1,,
1177,595,0,1984,6.0,22,1,2018,34,0,6.994340512410952,0,4.0,1,1,41826.0,10.641272003048071
1177,595,0,1984,6.0,22,1,2020,36,0,7.416177978874102,0,3.0,1,0,53592.0,10.889162637554533
1178,596,0,1970,12.0,12,1,2018,48,0,14.252085807537231,1,4.0,1,1,57430.0,10.958328938757898
1178,596,0,1970,12.0,12,1,2020,50,1,15.895686167814212,1,4.0,1,1,112326.0,11.629165030308231
1179,596,0,1980,6.0,22,0,2018,38,0,9.42127124266322,1,5.0,0,0,29014.0,10.275547253357772
1179,596,0,1980,6.0,22,0,2020,40,1,8.828315881334795,1,4.0,0,1,78618.0,11.272354543596673
1180,596,0,1980,12.0,2,1,2018,38,0,12.746655970002873,1,3.0,1,0,14829.0,9.604368136467125
1180,596,0,1980,12.0,2,1,2020,40,0,12.704908730985338,1,3.0,1,1,51478.0,10.848918459396243
1181,597,1,1965,9.0,17,1,2018,53,1,15.52033769785867,1,4.0,1,1,95113.0,11.462818548379623
1181,597,1,1965,9.0,17,1,2020,55,1,13.223785462563349,1,4.0,1,1,94358.0,11.454852477510844
1182,597,1,1974,6.0,12,1,2018,44,1,12.02552998003278,1,3.0,1,1,38527.0,10.559116845216863
1182,597,1,1974,6.0,12,1,2020,46,1,7.235824268099183,1,4.0,1,0,30958.0,10.340395058176032
1183,597,1,1966,6.0,12,1,2018,52,0,9.060490618244046,1,4.0,1,0,14681.0,9.594320800854446
1183,597,1,1966,6.0,12,1,2020,54,0,6.823278149609049,1,4.0,1,0,78416.0,11.269782481982407
1184,598,1,1963,12.0,20,1,2018,55,0,,1,4.0,1,1,90772.0,11.416104945058175
1184,598,1,1963,12.0,20,1,2020,57,0,13.572920784108534,1,3.0,1,1,45926.0,10.734783792243986
1185,598,0,1975,14.0,4,1,2018,43,1,18.502395892743237,1,4.0,1,1,68121.0,11.129045145383655
1185,598,0,1975,14.0,4,1,2020,45,0,15.386934477491721,1,4.0,1,1,38785.0,10.565793862927421
1186,598,1,1973,9.0,4,1,2018,45,0,11.862939987075725,1,4.0,1,1,44887.0,10.711906311803073
1186,598,1,1973,9.0,4,1,2020,47,1,8.783115102189555,1,4.0,1,1,53051.0,10.879014922440206
1187,599,0,1974,9.0,16,1,2018,44,0,11.574240033515428,1,4.0,1,1,41296.0,10.628532530177331
1187,599,0,1974,9.0,16,1,2020,46,1,11.449746475478097,1,4.0,1,1,40177.0,10.601050504318044
1188,599,0,1991,6.0,9,1,2018,27,0,10.390477164269118,0,4.0,1,1,36047.0,10.492579925466218
1188,599,0,1991,6.0,9,1,2020,29,0,9.006968384779258,1,4.0,1,1,27104.0,10.207441325217836
1189,600,1,1987,9.0,16,1,2018,31,0,13.82677187247222,0,4.0,1,1,56313.0,10.938677837875678
1189,600,1,1987,9.0,16,1,2020,33,0,12.272181349233959,1,4.0,1,1,104254.0,11.55458979417291
1190,600,1,1982,9.0,24,1,2018,36,1,10.545589926160147,1,5.0,1,0,121716.0,11.70944191270697
1190,600,1,1982,9.0,24,1,2020,38,0,8.220208148535697,1,4.0,1,1,55890.0,10.93114734612217
1191,600,1,1987,9.0,10,1,2018,31,0,11.355145364992088,1,3.0,1,1,64586.0,11.075755853109756
1191,600,1,1987,9.0,10,1,2020,33,0,12.49175391316014,0,4.0,1,1,74030.0,11.212223202114236
1192,601,1,1978,12.0,5,1,2018,40,0,14.211486971868812,1,3.0,1,1,59764.0,10.99816454407335
1192,601,1,1978,12.0,5,1,2020,42,1,11.82627813107728,1,4.0,1,1,88589.0,11.391765037256373
1193,602,0,1986,9.0,14,0,2018,32,0,14.236659428221806,1,4.0,0,1,53025.0,10.878524801814757
1193,602,0,1986,9.0,14,0,2020,34,1,10.712864936005154,0,4.0,0,1,56906.0,10.94915223380282
1194,602,1,1974,12.0,7,1,2018,44,1,14.385137814761363,1,4.0,1,1,168091.0,12.03225989482928
1194,602,1,1974,12.0,7,1,2020,46,0,14.240834163312051,1,5.0,1,1,86678.0,11.369958115130737
1195,602,1,1988,9.0,12,1,2018,30,0,10.825093258268728,0,4.0,1,0,41864.0,10.642182245535542
1195,602,1,1988,9.0,12,1,2020,32,1,12.317935000824322,0,5.0,1,1,54615.0,10.908062387054382
1196,603,1,1988,6.0,6,1,2018,30,1,8.759196785472618,1,3.0,1,1,56831.0,10.947833527142325
1196,603,1,1988,6.0,6,1,2020,32,0,13.591720322468884,0,4.0,1,1,128525.0,11.76387857322971
1197,604,1,1992,6.0,27,1,2018,26,0,8.57851585520153,0,5.0,1,1,22948.0,10.04098782390725
1197,604,1,1992,6.0,27,1,2020,28,0,7.470696114970099,0,4.0,1,1,27542.0,10.223459257610847
1198,604,1,1969,12.0,27,1,2018,49,1,15.867153349493538,1,3.0,1,1,104218.0,11.554243372513463
1198,604,1,1969,12.0,27,1,2020,51,0,16.043594616832088,1,3.0,1,0,74917.0,11.224131478579691
1199,605,0,1976,6.0,23,1,2018,42,0,9.34328506929678,1,4.0,1,1,40987.0,10.621012655973955
1199,605,0,1976,6.0,23,1,2020,44,1,9.161305624766605,1,5.0,1,1,130687.0,11.78055883061624
1200,606,1,1968,9.0,26,1,2018,50,1,10.207860038965192,1,5.0,1,1,111166.0,11.618777429069736
1200,606,1,1968,9.0,26,1,2020,52,0,13.639609528449498,1,2.0,1,1,72464.0,11.190846023911348
1201,607,1,1984,6.0,22,1,2018,34,0,7.641746558354923,1,5.0,1,0,28453.0,10.256022953105308
1201,607,1,1984,6.0,22,1,2020,36,0,8.307892695351981,1,3.0,1,0,121206.0,11.705248464947076
1202,608,1,1967,6.0,28,0,2018,51,1,11.188380114932743,1,2.0,0,1,50942.0,10.838444998987297
1202,608,1,1967,6.0,28,0,2020,53,0,8.608284048043314,1,4.0,0,0,90600.0,11.41421031851187
1203,609,1,1975,6.0,17,1,2018,43,0,5.226129481632118,1,4.0,1,0,60036.0,11.002697366156093
1203,609,1,1975,6.0,17,1,2020,45,0,5.696815279906489,1,3.0,1,1,59081.0,10.986663913987769
1204,609,1,1979,6.0,17,1,2018,39,1,7.496336145286497,1,5.0,1,0,110367.0,11.611565944500459
1204,609,1,1979,6.0,17,1,2020,41,1,7.82345633767355,1,4.0,1,1,12646.0,9.44506324085296
1205,609,0,1964,12.0,3,1,2018,54,0,13.600142979224913,1,3.0,1,1,32457.0,10.387657256789689
1205,609,0,1964,12.0,3,1,2020,56,1,13.120029520203087,1,5.0,1,1,108142.0,11.59120175495186
1206,610,0,1982,9.0,27,0,2018,36,0,11.740659245898595,1,4.0,0,0,41868.0,10.642279259732355
1206,610,0,1982,9.0,27,0,2020,38,0,10.20628997084093,1,,1,0,51449.0,10.848352279050763
1207,610,1,1987,9.0,1,0,2018,31,1,14.151495168157947,0,5.0,0,1,53358.0,10.884774919679021
1207,610,1,1987,9.0,1,0,2020,33,0,14.857742829435782,1,5.0,0,1,71551.0,11.178171646423545
1208,610,0,1969,9.0,15,1,2018,49,1,8.512744346690171,1,3.0,1,1,67881.0,11.125513408959625
1208,610,0,1969,9.0,15,1,2020,51,0,14.14010252101123,1,4.0,1,1,58353.0,10.974266047760956
1209,611,0,1963,9.0,9,1,2018,55,1,10.08789589159133,1,3.0,1,1,91394.0,11.422936289998969
1209,611,0,1963,9.0,9,1,2020,57,0,16.26700392120225,1,3.0,1,0,24320.0,10.099038944199275
1210,612,1,1987,9.0,18,0,2018,31,0,12.39192391458429,1,4.0,0,0,52367.0,10.866034266146787
1210,612,1,1987,9.0,18,0,2020,33,0,10.815226929437841,1,5.0,0,1,49085.0,10.80131605730923
1211,612,1,1989,9.0,1,0,2018,29,1,12.39882481769789,0,4.0,0,0,77443.0,11.257297870411831
1211,612,1,1989,9.0,1,0,2020,31,0,10.784289555704875,0,4.0,0,1,65026.0,11.082535164639848
1212,613,1,1969,6.0,12,1,2018,49,0,7.76915734819397,1,4.0,1,0,37350.0,10.528083939291939
1212,613,1,1969,6.0,12,1,2020,51,0,5.667394394822553,1,3.0,1,1,34763.0,10.456313290847064
1213,613,0,1988,9.0,9,1,2018,30,1,11.234073968954254,1,4.0,1,1,88999.0,11.396383238027784
1213,613,0,1988,9.0,9,1,2020,32,0,12.427606637910896,0,5.0,1,1,50826.0,10.836164360348917
1214,614,1,1986,6.0,15,1,2018,32,1,8.043440361430262,1,4.0,1,0,57956.0,10.967444752501969
1214,614,1,1986,6.0,15,1,2020,34,0,12.717463489285135,1,4.0,1,1,26296.0,10.17717856672176
1215,614,1,1970,9.0,19,1,2018,48,1,12.159459020614046,1,3.0,1,1,43419.0,10.678656178069721
1215,614,1,1970,9.0,19,1,2020,50,0,9.948814259536746,1,4.0,1,1,53563.0,10.888610128974626
1216,614,0,1980,14.0,7,1,2018,38,0,15.767764143016825,1,5.0,1,1,71217.0,11.173488813341544
1216,614,0,1980,14.0,7,1,2020,40,0,15.525576747461052,1,5.0,1,1,111616.0,11.622817522101991
1217,615,1,1989,9.0,20,1,2018,29,0,12.204489982506818,1,4.0,1,0,,
1217,615,1,1989,9.0,20,1,2020,31,0,13.207076616997451,1,5.0,1,1,56105.0,10.934987299718784
1218,615,0,1982,9.0,18,1,2018,36,0,12.033032868555129,1,4.0,1,1,74368.0,11.216777594703592
1218,615,0,1982,9.0,18,1,2020,38,0,,1,5.0,1,1,93274.0,11.443296199599686
1219,616,1,1978,6.0,21,1,2018,40,0,6.014592526707951,0,5.0,1,1,39337.0,10.57991283916819
1219,616,1,1978,6.0,21,1,2020,42,0,9.319130556690936,1,4.0,1,1,44392.0,10.700815902477006
1220,617,1,1975,9.0,19,0,2018,43,0,11.398521777256041,1,3.0,0,1,60137.0,11.004378854673611
1220,617,1,1975,9.0,19,0,2020,45,0,12.449009972262445,1,3.0,0,1,39582.0,10.586135179228494
1221,618,1,1981,9.0,1,1,2018,37,1,10.522166733961368,1,5.0,1,1,136761.0,11.82598741692437
1221,618,1,1981,9.0,1,1,2020,39,1,11.518814576116563,1,5.0,1,1,153021.0,11.938331136658816
1222,618,1,1968,6.0,17,1,2018,50,1,11.519754830707106,1,5.0,1,1,,
1222,618,1,1968,6.0,17,1,2020,52,1,6.957014225835028,1,3.0,1,1,22758.0,10.032668002113665
1223,618,1,1992,6.0,21,0,2018,26,0,10.29523937627741,0,4.0,0,0,24373.0,10.10124090493943
1223,618,1,1992,6.0,21,0,2020,28,1,7.2718412943092785,0,5.0,0,1,35847.0,10.487003905200341
1224,619,0,1970,9.0,3,1,2018,48,0,14.841956008582663,0,5.0,1,1,61016.0,11.018895323726113
1224,619,0,1970,9.0,3,1,2020,50,0,10.800365878398974,1,5.0,1,1,92111.0,11.430751404179228
1225,619,1,1969,6.0,2,1,2018,49,0,8.285843858155516,1,4.0,1,1,77351.0,11.256104253218368
1225,619,1,1969,6.0,2,1,2020,51,1,6.899681706995715,1,4.0,1,1,34382.0,10.445293892684647
1226,620,1,1976,6.0,28,1,2018,42,1,8.746813417126022,1,3.0,1,0,55983.0,10.93279794256149
1226,620,1,1976,6.0,28,1,2020,44,1,10.555319311174559,1,4.0,1,1,213821.0,12.272895052517512
1227,620,1,1971,9.0,26,0,2018,47,1,13.013706458082739,1,3.0,0,1,44628.0,10.706107624792136
1227,620,1,1971,9.0,26,0,2020,49,0,11.44711839437612,1,4.0,0,1,71889.0,11.182873120567965
1228,621,1,1981,6.0,9,1,2018,37,1,10.600146106469573,1,5.0,1,0,79066.0,11.278038125718178
1228,621,1,1981,6.0,9,1,2020,39,0,11.758870943510312,1,5.0,1,0,48358.0,10.7863940667706
1229,622,1,1967,9.0,15,1,2018,51,0,10.56523254410443,1,4.0,1,1,49964.0,10.819066924875342
1229,622,1,1967,9.0,15,1,2020,53,0,11.523787817988907,1,4.0,1,1,63796.0,11.063441095221165
1230,622,0,1971,9.0,15,1,2018,47,1,7.235290241593763,1,5.0,1,1,48882.0,10.79715602416829
1230,622,0,1971,9.0,15,1,2020,49,0,11.47273767381655,1,4.0,1,1,19024.0,9.853469635228382
1231,622,0,1980,12.0,17,0,2018,38,0,15.889365232441975,1,5.0,0,1,133311.0,11.800440792791019
1231,622,0,1980,12.0,17,0,2020,40,0,14.15790332513221,1,4.0,0,0,49124.0,10.80209973966777
1232,623,1,1984,12.0,6,1,2018,34,1,14.470917040471576,1,5.0,1,1,109935.0,11.607647529519692
1232,623,1,1984,12.0,6,1,2020,36,1,11.231921534502943,1,4.0,1,0,84344.0,11.342655673719952
1233,624,1,1992,12.0,19,1,2018,26,1,15.179111928319166,1,4.0,1,1,128092.0,11.760501924859794
1233,624,1,1992,12.0,19,1,2020,28,1,17.422180262686886,1,5.0,1,1,154589.0,11.948527589020198
1234,625,1,1964,6.0,6,1,2018,54,1,7.979380167253228,1,4.0,1,1,28913.0,10.272030522958648
1234,625,1,1964,6.0,6,1,2020,56,0,6.900418888521733,1,3.0,1,0,36017.0,10.49174771683499
1235,626,0,1979,9.0,4,1,2018,39,0,11.795321490692443,1,3.0,1,1,37080.0,10.520820975808851
1235,626,0,1979,9.0,4,1,2020,41,0,12.411756363348365,1,5.0,1,1,67517.0,11.120128170438672
1236,627,0,1991,9.0,4,1,2018,27,0,7.402444053959056,1,4.0,1,0,21512.0,9.976371229323881
1236,627,0,1991,9.0,4,1,2020,29,0,12.338411766738524,0,5.0,1,1,25597.0,10.15024276009392
1237,628,0,1993,12.0,26,1,2018,25,0,14.113808088261848,0,4.0,1,1,54225.0,10.900902752327353
1237,628,0,1993,12.0,26,1,2020,27,0,,1,4.0,1,1,123217.0,11.721703148332354
1238,628,1,1986,6.0,23,1,2018,32,1,8.64281315750479,1,3.0,1,0,77962.0,11.263975198417139
1238,628,1,1986,6.0,23,1,2020,34,1,5.05950085450019,0,3.0,1,1,60707.0,11.013821757832693
1239,628,1,1980,12.0,21,0,2018,38,0,14.504954483020967,1,4.0,0,1,26247.0,10.175294865911642
1239,628,1,1980,12.0,21,0,2020,40,0,16.42855465595974,1,4.0,0,1,139201.0,11.843670723329161
1240,629,1,1981,6.0,23,1,2018,37,0,9.70089226224034,1,4.0,1,1,44179.0,10.696015328527036
1240,629,1,1981,6.0,23,1,2020,39,0,5.305885747770886,0,4.0,1,0,13214.0,9.489002808738006
1241,629,0,1965,6.0,4,1,2018,53,1,13.190600946641938,1,3.0,1,1,48951.0,10.798571707918795
1241,629,0,1965,6.0,4,1,2020,55,1,7.697465953762977,1,4.0,1,1,48215.0,10.783435762189663
1242,630,0,1987,9.0,8,1,2018,31,0,8.779084886631345,1,5.0,1,1,21751.0,9.987430371314417
1242,630,0,1987,9.0,8,1,2020,33,0,12.346983336193608,1,4.0,1,1,50315.0,10.82606532925879
1243,630,0,1991,9.0,5,1,2018,27,0,12.27933212162544,0,3.0,1,1,28678.0,10.263871102743249
1243,630,0,1991,9.0,5,1,2020,29,0,13.642872591135585,1,5.0,1,1,29302.0,10.285423024844885
1244,630,0,1988,6.0,12,1,2018,30,1,8.994715519947025,1,4.0,1,1,47490.0,10.768269443309071
1244,630,0,1988,6.0,12,1,2020,32,0,11.105656316878498,0,4.0,1,0,34458.0,10.44749846912387
1245,631,0,1970,12.0,10,1,2018,48,1,12.818114851679981,1,4.0,1,1,82641.0,11.3222605802028
1245,631,0,1970,12.0,10,1,2020,50,1,13.383132199684741,1,4.0,1,0,138116.0,11.835849859892425
1246,632,0,1989,6.0,13,1,2018,29,1,7.838769430181227,0,5.0,1,1,53779.0,10.892629339553668
1246,632,0,1989,6.0,13,1,2020,31,0,7.380308248618529,1,4.0,1,0,32738.0,10.396284689348578
1247,632,1,1970,12.0,4,1,2018,48,1,19.518204229913117,1,5.0,1,1,124143.0,11.729190990864145
1247,632,1,1970,12.0,4,1,2020,50,0,18.068094055905963,1,4.0,1,1,172858.0,12.060224663815266
1248,633,0,1967,6.0,15,0,2018,51,0,7.9276462496338125,1,3.0,0,0,66798.0,11.10943372130247
1248,633,0,1967,6.0,15,0,2020,53,0,5.498760028259321,1,4.0,0,0,57165.0,10.953691471186302
1249,633,0,1965,6.0,8,1,2018,53,1,8.235975407780277,1,4.0,1,1,46849.0,10.754682237759356
1249,633,0,1965,6.0,8,1,2020,55,0,,1,4.0,1,1,,
1250,634,1,1968,6.0,8,1,2018,50,0,11.107350899462615,1,3.0,1,1,43576.0,10.682252512988962
1250,634,1,1968,6.0,8,1,2020,52,0,11.05582866740015,1,4.0,1,1,29108.0,10.278779364155195
1251,635,0,1988,9.0,14,0,2018,30,0,14.373697343282288,1,5.0,0,1,96976.0,11.482214886768755
1251,635,0,1988,9.0,14,0,2020,32,0,11.895762683617992,1,4.0,0,1,39024.0,10.571929498494972
1252,635,1,1982,9.0,28,1,2018,36,0,13.236624255410604,1,4.0,1,1,80216.0,11.292482324049248
1252,635,1,1982,9.0,28,1,2020,38,0,12.10315311630703,1,4.0,1,1,70729.0,11.166611067747441
1253,635,1,1965,9.0,8,1,2018,53,1,13.962796983719246,1,3.0,1,0,28265.0,10.249377937578387
1253,635,1,1965,9.0,8,1,2020,55,1,11.215830730602008,1,3.0,1,1,102115.0,11.533855391092054
1254,636,1,1993,6.0,16,1,2018,25,1,9.440255689341281,1,5.0,1,1,37131.0,10.5222111969113
1254,636,1,1993,6.0,16,1,2020,27,0,10.14912123263877,0,4.0,1,0,40139.0,10.60010677910954
1255,636,0,1978,9.0,17,0,2018,40,0,9.234302052743118,1,4.0,0,0,38928.0,10.569471631696747
1255,636,0,1978,9.0,17,0,2020,42,1,11.683375422947838,1,4.0,0,1,,
1256,637,1,1978,6.0,16,1,2018,40,1,8.761372022871697,1,3.0,1,1,,
1256,637,1,1978,6.0,16,1,2020,42,0,8.62021833830369,1,4.0,1,1,,
1257,637,0,1970,9.0,26,0,2018,48,1,10.679918020424461,1,3.0,0,1,54993.0,10.914970181404444
1257,637,0,1970,9.0,26,0,2020,50,1,13.91546583568441,1,3.0,1,1,153542.0,11.941732288711066
1258,637,1,1967,9.0,15,1,2018,51,0,9.866168865490607,1,3.0,1,1,101040.0,11.523273288137533
1258,637,1,1967,9.0,15,1,2020,53,0,9.433308704570445,1,5.0,1,0,23696.0,10.073071096031637
1259,638,0,1978,6.0,20,1,2018,40,0,8.972757481849776,0,4.0,1,0,39707.0,10.589272186698016
1259,638,0,1978,6.0,20,1,2020,42,1,6.524104406662379,1,5.0,1,0,25401.0,10.142546470544925
1260,638,0,1990,6.0,2,1,2018,28,0,10.103656974438925,0,4.0,1,0,41352.0,10.629871630303608
1260,638,0,1990,6.0,2,1,2020,30,1,10.17636407885433,1,3.0,1,1,21861.0,9.992481674418393
1261,638,1,1987,12.0,5,1,2018,31,0,14.10612971790231,0,3.0,1,1,98670.0,11.499536028075251
1261,638,1,1987,12.0,5,1,2020,33,0,15.40948931598523,1,4.0,1,1,101351.0,11.526346013113871
1262,639,0,1983,9.0,3,0,2018,35,1,11.264465258477433,1,4.0,0,1,78643.0,11.272676915829898
1262,639,0,1983,9.0,3,0,2020,37,1,13.468386483816268,1,5.0,0,0,,
1263,639,0,1965,9.0,26,1,2018,53,1,16.237707915222607,1,5.0,1,1,126912.0,11.7512495545758
1263,639,0,1965,9.0,26,1,2020,55,0,13.168599919645906,1,4.0,1,1,71504.0,11.177514290380248
1264,639,0,1973,9.0,16,1,2018,45,1,14.814260188146331,1,4.0,1,1,128053.0,11.76020017834603
1264,639,0,1973,9.0,16,1,2020,47,1,12.870040699122557,1,3.0,1,1,55247.0,10.919577935062808
1265,640,1,1972,9.0,1,1,2018,46,1,13.13704926107623,1,4.0,1,0,66772.0,11.109032559339214
1265,640,1,1972,9.0,1,1,2020,48,1,11.257869832673913,1,5.0,1,1,106763.0,11.578366475444637
1266,640,0,1972,12.0,6,1,2018,46,0,15.99105322854668,0,5.0,1,1,36777.0,10.512631681712024
1266,640,0,1972,12.0,6,1,2020,48,0,15.178316350363477,1,4.0,1,0,,
1267,641,0,1966,9.0,12,1,2018,52,0,12.705789268253646,1,3.0,1,1,104796.0,11.559771666597113
1267,641,0,1966,9.0,12,1,2020,54,0,15.907870930611086,1,5.0,1,1,106785.0,11.578573743035326
1268,642,1,1979,14.0,7,1,2018,39,1,16.30212008277642,1,5.0,1,1,50927.0,10.838144382200626
1268,642,1,1979,14.0,7,1,2020,41,1,13.080524866114786,1,4.0,1,1,59002.0,10.98533013472078
1269,643,1,1977,9.0,16,1,2018,41,0,12.29845467762398,1,3.0,1,1,120517.0,11.69954564525462
1269,643,1,1977,9.0,16,1,2020,43,1,13.554321636707861,1,3.0,1,1,75078.0,11.226284251177807
1270,643,0,1966,9.0,24,1,2018,52,0,11.476494412038074,1,3.0,1,1,60004.0,11.002165209302769
1270,643,0,1966,9.0,24,1,2020,54,0,10.618969563987823,1,3.0,1,0,,
1271,644,1,1988,6.0,12,1,2018,30,0,6.7382079823861325,1,2.0,1,1,42637.0,10.660476848024151
1271,644,1,1988,6.0,12,1,2020,32,0,8.115457030144832,1,5.0,1,1,21355.0,9.96903149485243
1272,644,1,1977,9.0,13,1,2018,41,0,8.281621231667671,1,4.0,1,1,47970.0,10.77832840237454
1272,644,1,1977,9.0,13,1,2020,43,0,7.082167278065821,1,4.0,1,0,25812.0,10.158578815026692
1273,644,1,1991,12.0,19,1,2018,27,1,15.127121351540632,0,4.0,1,1,58399.0,10.975055526010603
1273,644,1,1991,12.0,19,1,2020,29,1,14.731164722452856,1,5.0,1,1,110379.0,11.611674127703166
1274,645,0,1981,9.0,20,0,2018,37,0,10.203305298070466,1,4.0,0,0,68917.0,11.140652256149572
1274,645,0,1981,9.0,20,0,2020,39,0,11.573829715935016,1,3.0,0,1,23467.0,10.063357822776481
1275,646,0,1963,6.0,6,1,2018,55,1,,1,2.0,1,1,59268.0,10.98983037709229
1275,646,0,1963,6.0,6,1,2020,57,1,8.936778295516556,1,3.0,1,1,93106.0,11.441494053959643
1276,646,1,1969,9.0,7,1,2018,49,0,11.163051103158692,1,4.0,1,1,35088.0,10.465607769255774
1276,646,1,1969,9.0,7,1,2020,51,0,12.266474794892588,1,4.0,1,1,63067.0,11.051956132248083
1277,646,1,1972,9.0,3,1,2018,46,0,11.595860184576605,1,5.0,1,0,67008.0,11.112560414647197
1277,646,1,1972,9.0,3,1,2020,48,0,15.347133592836315,1,4.0,1,1,213243.0,12.27018745611978
1278,647,1,1993,9.0,16,0,2018,25,0,12.358103006054664,1,4.0,0,1,83636.0,11.334235158532824
1278,647,1,1993,9.0,16,0,2020,27,1,12.441035122131355,1,5.0,0,1,82093.0,11.31560256046379
1279,647,1,1976,9.0,27,1,2018,42,0,15.48686063505776,1,4.0,1,1,104103.0,11.553133184130786
1279,647,1,1976,9.0,27,1,2020,44,0,14.664303797290641,1,5.0,1,0,136520.0,11.824228398721166
1280,647,0,1978,9.0,3,0,2018,40,0,11.149997755787254,1,4.0,0,1,24733.0,10.115891260860394
1280,647,0,1978,9.0,3,0,2020,42,0,13.510368930405185,1,3.0,0,1,91525.0,11.424363141758375
1281,648,1,1985,6.0,24,1,2018,33,1,8.561561692089334,1,4.0,1,1,32395.0,10.385752988932886
1281,648,1,1985,6.0,24,1,2020,35,1,6.671397372912562,0,3.0,1,1,49924.0,10.818266892830009
1282,648,1,1966,12.0,21,1,2018,52,0,15.049625885661024,1,4.0,1,1,74692.0,11.221123425687086
1282,648,1,1966,12.0,21,1,2020,54,1,17.413796619691823,1,3.0,1,1,89215.0,11.39880156415419
1283,648,0,1965,6.0,25,0,2018,53,0,8.177578065238928,1,4.0,0,1,86527.0,11.368207829108808
1283,648,0,1965,6.0,25,0,2020,55,1,10.977786577470635,1,3.0,1,0,56802.0,10.947329491092317
1284,649,0,1974,12.0,14,1,2018,44,0,15.664806720988999,1,3.0,1,1,72893.0,11.196741523756787
1284,649,0,1974,12.0,14,1,2020,46,0,15.011603750971672,1,5.0,1,1,,
1285,650,0,1965,9.0,13,1,2018,53,1,9.632871923908237,1,3.0,1,0,,
1285,650,0,1965,9.0,13,1,2020,55,1,12.069921094123385,1,4.0,1,0,39049.0,10.572564634349309
1286,650,0,1989,6.0,16,1,2018,29,1,8.68606840729317,0,3.0,1,0,55589.0,10.925741352735225
1286,650,0,1989,6.0,16,1,2020,31,0,9.993519273198379,0,4.0,1,0,24941.0,10.124285319655229
1287,650,1,1979,9.0,11,1,2018,39,1,12.498249726313503,1,4.0,1,1,,
1287,650,1,1979,9.0,11,1,2020,41,1,11.617572159753372,1,4.0,1,1,106272.0,11.573755271415825
1288,651,1,1989,9.0,17,1,2018,29,1,9.831169073890141,1,5.0,1,0,91799.0,11.427360819481532
1288,651,1,1989,9.0,17,1,2020,31,1,11.651196683771852,1,4.0,1,1,61146.0,11.021027553429073
1289,651,0,1991,6.0,24,0,2018,27,0,9.840501318732837,1,4.0,0,0,27363.0,10.216954621649123
1289,651,0,1991,6.0,24,0,2020,29,1,8.085312896845664,1,5.0,0,0,70486.0,11.163163273705372
1290,652,1,1980,6.0,16,1,2018,38,1,9.637487232224357,1,4.0,1,1,97716.0,11.489820257030711
1290,652,1,1980,6.0,16,1,2020,40,1,7.284845413471433,1,4.0,1,1,29069.0,10.27743838493642
1291,652,1,1984,9.0,3,1,2018,34,0,10.599642017160242,1,3.0,1,0,32137.0,10.377765613798454
1291,652,1,1984,9.0,3,1,2020,36,0,16.074721097218802,1,3.0,1,1,93146.0,11.44191833798974
1292,652,1,1989,9.0,11,1,2018,29,0,11.30118706743255,0,3.0,1,1,48652.0,10.792450786612534
1292,652,1,1989,9.0,11,1,2020,31,1,11.645827346064458,1,5.0,1,0,112157.0,11.627651591288133
1293,653,1,1980,9.0,11,1,2018,38,1,11.340819907238414,0,4.0,1,0,63208.0,11.054181800918622
1293,653,1,1980,9.0,11,1,2020,40,0,13.238432893064463,1,3.0,1,1,41975.0,10.644822787901417
1294,653,1,1992,12.0,23,1,2018,26,0,13.731167172261685,0,4.0,1,1,63322.0,11.05599103644475
1294,653,1,1992,12.0,23,1,2020,28,0,13.42692353050951,1,4.0,1,1,81784.0,11.311840399193207
1295,654,1,1970,9.0,27,1,2018,48,0,13.559660943683028,1,4.0,1,1,56655.0,10.944737929381278
1295,654,1,1970,9.0,27,1,2020,50,1,12.30987802120055,1,3.0,1,1,165332.0,12.015708233717161
1296,655,0,1991,12.0,1,1,2018,27,0,15.59146406406078,0,4.0,1,1,,
1296,655,0,1991,12.0,1,1,2020,29,1,14.834705402782522,1,4.0,1,1,54289.0,10.902073050166917
1297,655,0,1969,6.0,14,1,2018,49,1,8.994742095359129,1,,1,0,76469.0,11.244644089957367
1297,655,0,1969,6.0,14,1,2020,51,0,6.059277468865307,0,4.0,1,0,20485.0,9.927470047514566
1298,655,0,1967,9.0,16,1,2018,51,1,12.758866832173066,1,3.0,1,1,46582.0,10.748977495160746
1298,655,0,1967,9.0,16,1,2020,53,1,14.042717698927365,1,4.0,1,1,160244.0,11.984455538885184
1299,656,0,1991,6.0,9,1,2018,27,1,11.160375199476654,1,3.0,1,0,24743.0,10.116299977696208
1299,656,0,1991,6.0,9,1,2020,29,0,10.626163040089633,1,5.0,1,1,21072.0,9.955701077134403
1300,656,0,1981,9.0,23,1,2018,37,1,10.396905670712227,0,4.0,1,1,130952.0,11.782588595539972
1300,656,0,1981,9.0,23,1,2020,39,1,12.698408662330367,1,3.0,1,0,42358.0,10.653916204361147
1301,656,1,1964,9.0,8,1,2018,54,1,11.680953892942956,1,4.0,1,1,124750.0,11.734069835321915
1301,656,1,1964,9.0,8,1,2020,56,0,7.074461008914691,1,5.0,1,1,24907.0,10.12288629142029
1302,657,0,1988,9.0,10,1,2018,30,0,13.657746037492775,1,3.0,1,1,48985.0,10.799278550938004
1302,657,0,1988,9.0,10,1,2020,32,0,10.651152998978032,1,5.0,1,1,19817.0,9.894277884111185
1303,658,1,1978,9.0,28,1,2018,40,0,11.72527302866453,1,4.0,1,0,31605.0,10.361071800571873
1303,658,1,1978,9.0,28,1,2020,42,1,11.428355127829875,1,3.0,1,1,88396.0,11.389580365451152
1304,658,1,1973,9.0,23,1,2018,45,0,11.293116364147371,1,3.0,1,1,45964.0,10.735618088758692
1304,658,1,1973,9.0,23,1,2020,47,0,13.819019362300466,1,4.0,1,1,110497.0,11.612739365523899
1305,658,0,1986,9.0,19,1,2018,32,0,11.340237021460204,1,4.0,1,1,84410.0,11.343442209242438
1305,658,0,1986,9.0,19,1,2020,34,1,11.41711724098704,0,4.0,1,1,78042.0,11.265007036043468
1306,659,1,1982,6.0,18,0,2018,36,0,9.02167983133812,1,4.0,0,0,29465.0,10.290974153889234
1306,659,1,1982,6.0,18,0,2020,38,0,8.984050346734934,0,4.0,0,0,26995.0,10.203396954328632
1307,660,1,1970,9.0,2,1,2018,48,0,9.882318148641318,1,3.0,1,0,32017.0,10.374024763100959
1307,660,1,1970,9.0,2,1,2020,50,0,12.384849027683936,1,4.0,1,1,48876.0,10.797041167730919
1308,660,0,1991,9.0,25,1,2018,27,0,11.908359213610456,0,3.0,1,0,16982.0,9.739894498618423
1308,660,0,1991,9.0,25,1,2020,29,1,13.393128122233282,0,4.0,1,0,63623.0,11.0607270222268
1309,660,1,1970,9.0,14,1,2018,48,0,8.636425418857126,1,5.0,1,0,50096.0,10.821701840853587
1309,660,1,1970,9.0,14,1,2020,50,0,11.010202465662715,1,4.0,1,1,110362.0,11.611525198309982
1310,661,1,1965,9.0,5,1,2018,53,0,13.262567888339571,1,3.0,1,1,104156.0,11.553643895485223
1310,661,1,1965,9.0,5,1,2020,55,0,12.363100775985588,1,5.0,1,1,36696.0,10.510419397192388
1311,661,1,1988,9.0,15,1,2018,30,0,13.489036574637751,1,5.0,1,1,78052.0,11.26513494763351
1311,661,1,1988,9.0,15,1,2020,32,1,13.790664699802472,1,5.0,1,1,58212.0,10.97184478848249
1312,662,1,1980,6.0,24,1,2018,38,0,8.61911908772586,1,4.0,1,0,38841.0,10.567242005920475
1312,662,1,1980,6.0,24,1,2020,40,0,8.443975081283495,1,4.0,1,1,61378.0,11.024801071629616
1313,662,0,1973,6.0,5,0,2018,45,0,,1,5.0,0,0,41361.0,10.630103672696144
1313,662,0,1973,6.0,5,0,2020,47,0,12.1995991027691,1,5.0,0,1,54854.0,10.912422659391437
1314,662,0,1988,12.0,23,1,2018,30,1,13.208337048418903,0,5.0,1,1,78034.0,11.264897541705961
1314,662,0,1988,12.0,23,1,2020,32,0,19.152172292195747,1,4.0,1,1,109455.0,11.603265978824025
1315,663,1,1968,12.0,3,0,2018,50,0,15.3565141735023,1,4.0,0,1,61718.0,11.030332108951292
1315,663,1,1968,12.0,3,0,2020,52,0,16.48167042772185,1,5.0,0,1,118229.0,11.680375830797345
1316,664,1,1969,6.0,9,1,2018,49,0,8.860046313178206,1,3.0,1,1,55164.0,10.918073701782204
1316,664,1,1969,6.0,9,1,2020,51,1,6.884720705613722,1,4.0,1,0,24285.0,10.097615542878502
1317,664,1,1992,6.0,3,1,2018,26,1,7.334484475818125,0,3.0,1,0,31122.0,10.345683758663824
1317,664,1,1992,6.0,3,1,2020,28,1,7.959508187518132,1,5.0,1,1,72359.0,11.189396043920967
1318,664,0,1975,9.0,4,1,2018,43,1,13.891693930477487,1,4.0,1,0,64938.0,11.08119050475316
1318,664,0,1975,9.0,4,1,2020,45,1,10.86206319064942,1,3.0,1,1,69695.0,11.151883729413528
1319,665,1,1967,6.0,1,1,2018,51,1,10.654821028963958,1,4.0,1,1,55642.0,10.926701143670805
1319,665,1,1967,6.0,1,1,2020,53,1,5.502383232614798,1,4.0,1,0,36717.0,10.510993860901536
1320,666,0,1986,12.0,24,1,2018,32,0,16.050111081973157,1,3.0,1,1,96652.0,11.478868007555821
1320,666,0,1986,12.0,24,1,2020,34,0,13.506465425521041,0,5.0,1,1,98818.0,11.501031886023291
1321,666,1,1965,9.0,9,1,2018,53,0,10.857857587147608,1,4.0,1,1,116880.0,11.668899936096654
1321,666,1,1965,9.0,9,1,2020,55,1,11.04381239157349,1,3.0,1,1,80266.0,11.29310014542459
1322,666,0,1986,12.0,3,1,2018,32,0,16.10517460445297,1,5.0,1,1,81414.0,11.30730658781622
1322,666,0,1986,12.0,3,1,2020,34,0,14.530462921268022,1,4.0,1,1,46199.0,10.740722495820885
1323,667,0,1970,6.0,2,1,2018,48,1,6.714250794680978,1,4.0,1,0,25887.0,10.161482122481303
1323,667,0,1970,6.0,2,1,2020,50,0,9.035996667570421,1,4.0,1,0,,
1324,667,0,1986,9.0,22,1,2018,32,0,10.384361286113684,1,5.0,1,1,92225.0,11.431991684252855
1324,667,0,1986,9.0,22,1,2020,34,0,14.554329921244053,1,3.0,1,1,35401.0,10.474494339937689
1325,667,0,1974,6.0,3,0,2018,44,1,,1,4.0,0,1,60391.0,11.008593593580008
1325,667,0,1974,6.0,3,0,2020,46,0,9.999105872596182,1,3.0,0,0,42362.0,10.65400509617314
1326,668,1,1982,6.0,19,0,2018,36,1,8.443043741405784,0,4.0,0,1,38435.0,10.556712339849751
1326,668,1,1982,6.0,19,0,2020,38,0,8.06558679970207,1,4.0,0,1,34479.0,10.448105337175146
1327,668,0,1973,12.0,28,1,2018,45,0,16.378124854754187,1,4.0,1,1,60939.0,11.0176281903457
1327,668,0,1973,12.0,28,1,2020,47,0,13.1373557095356,1,5.0,1,1,39338.0,10.579940984022155
1328,669,1,1965,9.0,2,1,2018,53,0,14.11667810277987,1,4.0,1,1,66473.0,11.104553137748873
1328,669,1,1965,9.0,2,1,2020,55,0,13.122101168362477,1,4.0,1,1,52469.0,10.867973467323063
1329,670,1,1991,6.0,5,1,2018,27,0,11.154908104952945,0,4.0,1,1,,
1329,670,1,1991,6.0,5,1,2020,29,0,11.691691615925206,1,4.0,1,1,35996.0,10.491161249904001
1330,670,0,1981,12.0,5,1,2018,37,0,15.806155194648042,1,3.0,1,1,29190.0,10.281589379047485
1330,670,0,1981,12.0,5,1,2020,39,1,14.787801168247286,0,2.0,1,1,58189.0,10.971448108484205
1331,671,1,1977,6.0,19,1,2018,41,0,5.7071607489251654,0,2.0,1,1,,
1331,671,1,1977,6.0,19,1,2020,43,0,10.060582152319832,0,4.0,1,1,64281.0,11.071016778012098
1332,671,1,1969,9.0,12,1,2018,49,0,12.928764689673255,1,4.0,1,1,,
1332,671,1,1969,9.0,12,1,2020,51,0,11.914596196636955,1,5.0,1,1,136979.0,11.827581828390079
1333,672,1,1993,6.0,20,1,2018,25,1,12.142538206735392,0,5.0,1,0,73311.0,11.20246872079344
1333,672,1,1993,6.0,20,1,2020,27,0,11.087531773157309,0,4.0,1,0,29865.0,10.304427133577889
1334,672,1,1973,6.0,22,1,2018,45,0,10.80913481870594,1,4.0,1,1,89335.0,11.400151347175731
1334,672,1,1973,6.0,22,1,2020,47,1,12.279352179603384,0,5.0,1,1,59692.0,10.99695771607956
1335,672,1,1984,9.0,8,0,2018,34,1,12.814077798713244,1,3.0,0,1,84033.0,11.33896013950096
1335,672,1,1984,9.0,8,0,2020,36,0,10.97903586573114,1,4.0,1,0,32863.0,10.400103550097608
1336,673,1,1971,6.0,21,1,2018,47,1,11.62248543354519,1,4.0,1,1,96828.0,11.480692230293963
1336,673,1,1971,6.0,21,1,2020,49,0,9.999809472393375,1,3.0,1,1,,
1337,673,1,1970,6.0,23,1,2018,48,0,7.276138490049785,1,4.0,1,1,45944.0,10.735176280942389
1337,673,1,1970,6.0,23,1,2020,50,1,12.82085983579172,1,4.0,1,1,52080.0,10.860536171912695
1338,674,0,1987,6.0,1,1,2018,31,0,11.363893946429236,1,4.0,1,1,41770.0,10.639931796195613
1338,674,0,1987,6.0,1,1,2020,33,0,9.594718952789483,1,5.0,1,1,114625.0,11.649420642847586
1339,674,0,1963,12.0,12,1,2018,55,0,16.057519656488207,1,4.0,1,1,,
1339,674,0,1963,12.0,12,1,2020,57,0,13.611308899290592,1,3.0,1,1,31404.0,10.354680295660238
1340,674,1,1986,6.0,2,1,2018,32,1,8.51054306469078,1,4.0,1,1,116411.0,11.664884094722721
1340,674,1,1986,6.0,2,1,2020,34,0,9.76128687568134,1,5.0,1,1,25452.0,10.144550351665382
1341,675,1,1981,6.0,14,1,2018,37,1,6.8991068132916045,1,4.0,1,1,87205.0,11.376019862759735
1341,675,1,1981,6.0,14,1,2020,39,0,7.399810013822135,1,3.0,1,1,37408.0,10.529638911054423
1342,675,0,1978,9.0,19,1,2018,40,0,14.6278574011825,1,4.0,1,1,38458.0,10.557312077500931
1342,675,0,1978,9.0,19,1,2020,42,0,11.476279250725314,1,4.0,1,1,54923.0,10.913691487348235
1343,675,0,1977,12.0,15,1,2018,41,0,17.136484336796887,1,3.0,1,1,191640.0,12.163371631053591
1343,675,0,1977,12.0,15,1,2020,43,0,19.91566601201396,1,4.0,1,1,174928.0,12.072132503924148
1344,676,0,1980,9.0,22,1,2018,38,0,9.620899801873671,0,5.0,1,1,40975.0,10.620712298613356
1344,676,0,1980,9.0,22,1,2020,40,0,13.653747196839669,1,4.0,1,1,78237.0,11.267504314380025
1345,676,1,1986,12.0,7,1,2018,32,0,14.845634129228042,1,3.0,1,1,72172.0,11.186806970604106
1345,676,1,1986,12.0,7,1,2020,34,0,15.815279329838548,1,4.0,1,1,273789.0,12.520114341787188
1346,677,0,1969,6.0,27,1,2018,49,0,7.886938329436944,1,4.0,1,1,28248.0,10.248781096933167
1346,677,0,1969,6.0,27,1,2020,51,0,12.984903664622239,1,3.0,1,1,66158.0,11.099803746181994
1347,677,1,1987,9.0,8,1,2018,31,1,10.698398172193373,1,5.0,1,1,85359.0,11.35461924480314
1347,677,1,1987,9.0,8,1,2020,33,1,12.634147561331165,0,4.0,1,1,66895.0,11.110880579681826
1348,678,0,1978,12.0,24,0,2018,40,0,14.459279014569601,1,4.0,0,1,47600.0,10.770582268743427
1348,678,0,1978,12.0,24,0,2020,42,0,15.187217495533902,0,5.0,0,1,115288.0,11.65518599696778
1349,678,0,1980,9.0,19,1,2018,38,1,13.648644196971953,1,4.0,1,1,47795.0,10.774669027512767
1349,678,0,1980,9.0,19,1,2020,40,0,8.723284992808837,1,4.0,1,1,22528.0,10.022508836827411
1350,678,0,1963,6.0,25,1,2018,55,1,8.680441829871388,1,3.0,1,1,16695.0,9.722890898855486
1350,678,0,1963,6.0,25,1,2020,57,1,7.148729911477917,1,,1,1,39269.0,10.578189583146813
1351,679,0,1991,6.0,7,1,2018,27,1,9.581723280922075,0,4.0,1,1,17525.0,9.771394786622569
1351,679,0,1991,6.0,7,1,2020,29,0,9.410618525799265,0,5.0,1,1,45909.0,10.73440708444433
1352,679,0,1982,12.0,12,1,2018,36,1,16.31230575521544,1,3.0,1,1,,
1352,679,0,1982,12.0,12,1,2020,38,1,14.393499367806001,1,4.0,1,1,80936.0,11.301417631676973
1353,679,1,1990,12.0,1,1,2018,28,1,14.373729423268685,0,3.0,1,1,82733.0,11.323370733681932
1353,679,1,1990,12.0,1,1,2020,30,1,15.440794093363005,1,4.0,1,1,133858.0,11.804536442536545
1354,680,0,1963,6.0,24,1,2018,55,1,10.988153445391418,1,,1,1,107184.0,11.582304706950392
1354,680,0,1963,6.0,24,1,2020,57,1,8.734764761023936,1,4.0,1,1,257671.0,12.459440401577929
1355,680,1,1968,6.0,21,1,2018,50,1,8.647169564595849,1,5.0,1,1,88906.0,11.39533965729116
1355,680,1,1968,6.0,21,1,2020,52,0,11.57173259137205,1,5.0,1,0,46095.0,10.73846590550798
1356,681,0,1992,12.0,26,1,2018,26,0,13.992820806331741,0,5.0,1,1,44950.0,10.713314425359902
1356,681,0,1992,12.0,26,1,2020,28,0,12.547992244672102,0,5.0,1,1,59006.0,10.985401659810957
1357,682,1,1984,9.0,15,1,2018,34,1,15.060049532742896,1,5.0,1,1,115330.0,11.655549673898467
1357,682,1,1984,9.0,15,1,2020,36,1,14.425259360030186,1,4.0,1,1,64929.0,11.08105086500327
1358,683,1,1988,12.0,24,1,2018,30,0,16.697799448791013,0,5.0,1,1,36682.0,10.510038955329582
1358,683,1,1988,12.0,24,1,2020,32,1,15.638717997781791,1,3.0,1,1,117519.0,11.674355778032247
1359,683,0,1966,9.0,13,1,2018,52,1,13.11313502018831,1,4.0,1,1,168273.0,12.033343550841892
1359,683,0,1966,9.0,13,1,2020,54,0,9.430085903330724,1,4.0,1,1,,
1360,684,1,1969,12.0,13,1,2018,49,1,14.607186766569075,1,5.0,1,1,83997.0,11.338531132245718
1360,684,1,1969,12.0,13,1,2020,51,1,15.265290247428489,1,3.0,1,1,73587.0,11.20622331566697
1361,684,1,1972,9.0,6,1,2018,46,0,11.426618268366624,1,4.0,1,1,74151.0,11.21385944689611
1361,684,1,1972,9.0,6,1,2020,48,0,10.9757172092485,1,4.0,1,1,64973.0,11.081729771461507
1362,685,1,1970,9.0,28,1,2018,48,1,9.927012072040224,1,4.0,1,1,114211.0,11.645806859426786
1362,685,1,1970,9.0,28,1,2020,50,1,11.881259931701559,1,4.0,1,1,109444.0,11.603164304701066
1363,686,0,1984,12.0,22,1,2018,34,0,15.524911677405102,0,3.0,1,1,65780.0,11.094064795387958
1363,686,0,1984,12.0,22,1,2020,36,1,16.92248340179212,1,5.0,1,1,,
1364,687,0,1983,6.0,3,1,2018,35,0,8.652101869607119,1,5.0,1,0,27059.0,10.205785878687855
1364,687,0,1983,6.0,3,1,2020,37,0,11.88733002720337,1,5.0,1,1,71498.0,11.177422875898205
1365,688,0,1965,9.0,26,1,2018,53,1,12.721701184278274,1,,1,1,63269.0,11.055146133009282
1365,688,0,1965,9.0,26,1,2020,55,1,6.665151865547763,1,4.0,1,0,52203.0,10.86290001032015
1366,689,1,1979,9.0,11,1,2018,39,0,11.343591919254132,1,4.0,1,1,48985.0,10.799272618307524
1366,689,1,1979,9.0,11,1,2020,41,1,12.060942864835308,1,4.0,1,1,73059.0,11.199021620568015
1367,690,0,1972,9.0,20,1,2018,46,0,11.617760693930459,1,4.0,1,1,119688.0,11.692647052168892
1367,690,0,1972,9.0,20,1,2020,48,0,12.14344190996649,1,3.0,1,1,37345.0,10.527958349381523
1368,691,0,1970,12.0,24,1,2018,48,0,16.948297861103807,1,4.0,1,1,71012.0,11.170605086281313
1368,691,0,1970,12.0,24,1,2020,50,0,12.637748962074582,1,3.0,1,0,40933.0,10.619691962810947
1369,692,0,1991,9.0,19,0,2018,27,0,13.501861584639553,1,4.0,0,1,9479.0,9.156820049903166
1369,692,0,1991,9.0,19,0,2020,29,0,9.061251234943576,1,4.0,0,1,54765.0,10.910809122407962
1370,692,0,1979,9.0,15,1,2018,39,1,9.754333903816612,1,5.0,1,1,180668.0,12.104416696849027
1370,692,0,1979,9.0,15,1,2020,41,1,10.124731539766492,0,3.0,1,1,18946.0,9.849356217317682
1371,693,0,1985,6.0,20,1,2018,33,0,9.988453913242166,1,4.0,1,1,60568.0,11.011516015364334
1371,693,0,1985,6.0,20,1,2020,35,0,11.000133637066684,1,5.0,1,1,51608.0,10.851432760342288
1372,694,1,1969,9.0,11,1,2018,49,0,10.846954835772321,1,,1,1,53199.0,10.881799232572556
1372,694,1,1969,9.0,11,1,2020,51,0,12.251541963675084,1,4.0,1,0,43259.0,10.674970061808764
1373,694,1,1989,6.0,25,1,2018,29,0,9.642409423682022,1,4.0,1,1,60539.0,11.011045729486733
1373,694,1,1989,6.0,25,1,2020,31,0,11.361739322931172,1,3.0,1,1,58389.0,10.974879282092862
1374,695,0,1975,9.0,24,1,2018,43,0,13.889061125767284,1,5.0,1,1,87160.0,11.375498757336802
1374,695,0,1975,9.0,24,1,2020,45,1,9.460328299397634,1,5.0,1,0,91533.0,11.42445026488163
1375,696,0,1964,12.0,25,1,2018,54,0,,1,4.0,1,1,43504.0,10.68059977276136
1375,696,0,1964,12.0,25,1,2020,56,1,15.567313643564107,1,4.0,1,1,105802.0,11.569327825874113
1376,697,1,1990,12.0,8,1,2018,28,1,14.842789812221577,0,4.0,1,1,53805.0,10.893121637952065
1376,697,1,1990,12.0,8,1,2020,30,1,16.901778991899413,0,4.0,1,1,155699.0,11.955677803824992
1377,698,1,1980,6.0,5,1,2018,38,1,7.447798758114899,1,4.0,1,0,45403.0,10.723339194594224
1377,698,1,1980,6.0,5,1,2020,40,1,4.542233467638509,1,4.0,1,1,46296.0,10.742820804818056
1378,699,0,1988,9.0,18,1,2018,30,1,10.999817011662625,1,,1,1,108348.0,11.593105118006282
1378,699,0,1988,9.0,18,1,2020,32,0,14.828132588252476,1,4.0,1,1,112151.0,11.627603286058568
1379,700,1,1986,9.0,5,0,2018,32,0,14.871071045058041,0,5.0,0,1,46897.0,10.755702052317242
1379,700,1,1986,9.0,5,0,2020,34,0,11.639220985649075,1,5.0,0,1,40129.0,10.599866754582692
1380,700,0,1975,9.0,13,1,2018,43,0,14.167330398629304,1,4.0,1,1,126959.0,11.751619986153413
1380,700,0,1975,9.0,13,1,2020,45,0,13.511134207051882,1,5.0,1,1,102363.0,11.536284310003639
1381,701,1,1968,12.0,20,1,2018,50,0,13.268709216453082,1,5.0,1,1,39616.0,10.58697843488081
1381,701,1,1968,12.0,20,1,2020,52,0,16.378643297955684,1,3.0,1,1,58543.0,10.977513374241095
1382,701,1,1974,12.0,22,1,2018,44,0,13.620263859343556,1,4.0,1,1,,
1382,701,1,1974,12.0,22,1,2020,46,0,15.026359439165411,1,4.0,1,1,72248.0,11.187855184227866
1383,702,1,1980,12.0,3,1,2018,38,1,15.77990028381355,1,5.0,1,1,48707.0,10.793569033886627
1383,702,1,1980,12.0,3,1,2020,40,1,14.8472716680111,1,4.0,1,1,86472.0,11.367571434898533
1384,702,1,1965,12.0,28,1,2018,53,0,14.197004460387028,1,4.0,1,1,86593.0,11.368971156071703
1384,702,1,1965,12.0,28,1,2020,55,1,15.82085874366365,1,4.0,1,1,103863.0,11.550831133502072
1385,702,0,1993,12.0,22,1,2018,25,1,12.041147698621078,1,4.0,1,1,123909.0,11.727300994591463
1385,702,0,1993,12.0,22,1,2020,27,0,17.032278932245486,0,4.0,1,1,60854.0,11.016230895814829
1386,703,0,1973,6.0,23,1,2018,45,1,8.391777853106243,1,,1,1,72105.0,11.185879207791304
1386,703,0,1973,6.0,23,1,2020,47,0,10.31318463047784,1,3.0,1,0,33472.0,10.418466478330684
1387,704,1,1967,9.0,3,0,2018,51,1,11.58001480993169,1,3.0,0,1,39928.0,10.594841210581198
1387,704,1,1967,9.0,3,0,2020,53,1,11.29298752567165,1,5.0,0,0,67452.0,11.11917198845236
1388,704,1,1976,9.0,19,1,2018,42,0,7.289276920155742,1,5.0,1,1,58019.0,10.96853291256908
1388,704,1,1976,9.0,19,1,2020,44,1,10.456522831177503,1,5.0,1,0,51863.0,10.856358622795035
1389,705,0,1969,9.0,22,1,2018,49,1,8.334365839244876,0,2.0,1,1,35871.0,10.48769157555037
1389,705,0,1969,9.0,22,1,2020,51,1,7.361448585050815,1,4.0,1,1,36855.0,10.514747714787418
1390,705,0,1966,12.0,22,1,2018,52,1,13.104920370401166,1,3.0,1,1,107509.0,11.585333767936275
1390,705,0,1966,12.0,22,1,2020,54,0,11.440337035208838,1,4.0,1,1,34557.0,10.45035932722555
1391,705,0,1965,12.0,25,1,2018,53,1,15.78142305785739,1,,1,1,185058.0,12.128422336689628
1391,705,0,1965,12.0,25,1,2020,55,1,14.335340317144112,1,4.0,1,1,66988.0,11.112262840412003
1392,706,1,1968,9.0,4,1,2018,50,1,,1,5.0,1,1,79392.0,11.282147192410001
1392,706,1,1968,9.0,4,1,2020,52,1,8.658303756005813,1,4.0,1,0,,
1393,706,1,1981,6.0,17,0,2018,37,1,7.474923113301607,1,4.0,0,0,,
1393,706,1,1981,6.0,17,0,2020,39,1,9.41825337317685,1,4.0,1,1,124931.0,11.735515975507374
1394,707,0,1969,9.0,5,1,2018,49,1,13.185572630459827,1,4.0,1,1,68491.0,11.13445431620243
1394,707,0,1969,9.0,5,1,2020,51,0,13.871280901467495,1,4.0,1,0,47605.0,10.77069848851603
1395,707,0,1988,9.0,14,1,2018,30,0,10.999233467671424,1,,1,1,67899.0,11.125778739644478
1395,707,0,1988,9.0,14,1,2020,32,0,12.976984713686203,1,3.0,1,1,109195.0,11.600887834131298
1396,708,0,1981,12.0,19,1,2018,37,1,12.957145065940148,1,5.0,1,1,104462.0,11.556579795277072
1396,708,0,1981,12.0,19,1,2020,39,1,12.859760979839315,1,4.0,1,1,,
1397,709,1,1980,9.0,10,0,2018,38,1,8.457160235144926,1,3.0,0,1,48122.0,10.781502459366584
1397,709,1,1980,9.0,10,0,2020,40,0,11.493635368475315,1,3.0,1,1,64314.0,11.071535704700361
1398,709,0,1965,12.0,7,1,2018,53,1,11.98323232023896,1,4.0,1,1,,
1398,709,0,1965,12.0,7,1,2020,55,1,14.617579907369109,1,4.0,1,1,89785.0,11.405175301380172
1399,710,0,1965,9.0,5,1,2018,53,0,8.511058103702355,1,3.0,1,0,14901.0,9.609206492603258
1399,710,0,1965,9.0,5,1,2020,55,0,9.616152875168867,1,3.0,1,1,20901.0,9.947539496064964
1400,711,1,1966,9.0,12,1,2018,52,0,,1,3.0,1,1,27952.0,10.238238234253748
1400,711,1,1966,9.0,12,1,2020,54,0,10.851374992259409,1,4.0,1,1,136636.0,11.82507912319741
1401,711,1,1972,12.0,12,1,2018,46,0,12.412441375950081,1,4.0,1,1,73127.0,11.199948115977763
1401,711,1,1972,12.0,12,1,2020,48,1,11.885903365791975,1,3.0,1,1,77355.0,11.256155881020609
1402,712,0,1965,6.0,7,1,2018,53,0,7.452743199160194,1,3.0,1,1,14869.0,9.607018587025374
1402,712,0,1965,6.0,7,1,2020,55,1,9.888668654566795,1,4.0,1,1,85577.0,11.357167395047439
1403,712,1,1984,6.0,7,1,2018,34,1,7.7136645330388625,1,5.0,1,1,33202.0,10.410355281792464
1403,712,1,1984,6.0,7,1,2020,36,1,10.241613109477399,1,,1,1,54589.0,10.907592954626953
1404,712,0,1963,6.0,14,1,2018,55,0,8.387613471938446,1,3.0,1,0,21269.0,9.965022883866114
1404,712,0,1963,6.0,14,1,2020,57,0,7.7769925743968065,1,4.0,1,0,44056.0,10.693226156624492
1405,713,0,1967,9.0,22,1,2018,51,0,15.009873580357652,1,2.0,1,1,133504.0,11.801884978103432
1405,713,0,1967,9.0,22,1,2020,53,0,12.368555802788539,1,4.0,1,1,75457.0,11.231313558643071
1406,713,1,1977,12.0,14,1,2018,41,0,18.460892499793427,1,4.0,1,1,44201.0,10.696492669286576
1406,713,1,1977,12.0,14,1,2020,43,1,14.589646768547993,0,4.0,1,1,73397.0,11.203637798560742
1407,714,1,1974,9.0,14,1,2018,44,1,10.799763362142722,1,,1,1,91013.0,11.418761932042843
1407,714,1,1974,9.0,14,1,2020,46,1,12.476992706624761,1,4.0,1,1,175597.0,12.075949092237172
1408,714,0,1969,9.0,3,1,2018,49,1,14.503905445955574,1,4.0,1,1,46312.0,10.74316394918936
1408,714,0,1969,9.0,3,1,2020,51,0,10.37231662694732,1,2.0,1,1,38102.0,10.548015702725493
1409,715,1,1981,9.0,7,1,2018,37,0,11.535533442307527,0,4.0,1,1,38006.0,10.545500094283552
1409,715,1,1981,9.0,7,1,2020,39,1,10.249402748209905,1,4.0,1,1,111376.0,11.620666490446608
1410,715,0,1984,9.0,4,0,2018,34,1,11.032442215952676,1,5.0,0,1,119071.0,11.687478288478905
1410,715,0,1984,9.0,4,0,2020,36,0,12.240199107682383,1,5.0,0,0,68899.0,11.14039644258475
1411,715,0,1988,6.0,20,1,2018,30,1,9.377371007067936,1,5.0,1,1,37952.0,10.544087135651296
1411,715,0,1988,6.0,20,1,2020,32,1,7.363233386782576,1,4.0,1,1,28435.0,10.255367879881375
1412,716,1,1965,6.0,6,1,2018,53,0,5.573593238054962,1,3.0,1,0,13394.0,9.502532858822942
1412,716,1,1965,6.0,6,1,2020,55,1,5.069865589273585,1,4.0,1,1,101230.0,11.525150827833656
1413,716,1,1974,6.0,13,1,2018,44,0,6.116344624724378,1,4.0,1,1,20431.0,9.924822393022666
1413,716,1,1974,6.0,13,1,2020,46,0,9.725966557366421,1,3.0,1,0,24341.0,10.099924081155502
1414,716,1,1989,12.0,26,1,2018,29,0,12.459324084706486,1,4.0,1,1,92868.0,11.43893547393418
1414,716,1,1989,12.0,26,1,2020,31,1,13.701193561222624,1,4.0,1,1,77236.0,11.254615608712772
1415,717,0,1967,16.0,8,1,2018,51,0,19.59467843391789,1,4.0,1,1,147052.0,11.898542236164694
1415,717,0,1967,16.0,8,1,2020,53,1,17.161566245090032,1,,1,1,116182.0,11.662909578356567
1416,717,0,1975,9.0,2,1,2018,43,0,9.719890571625843,1,5.0,1,1,83210.0,11.329123696266981
1416,717,0,1975,9.0,2,1,2020,45,0,12.24350304566459,1,4.0,1,1,59294.0,10.990257724858246
1417,717,1,1982,6.0,25,0,2018,36,0,10.874541351803874,1,3.0,0,1,36387.0,10.501969425769062
1417,717,1,1982,6.0,25,0,2020,38,1,5.9758290999622785,1,4.0,0,0,27280.0,10.21390800339984
1418,718,1,1976,9.0,20,1,2018,42,0,10.617458110769046,0,4.0,1,1,105150.0,11.56314156553253
1418,718,1,1976,9.0,20,1,2020,44,0,12.53026675604532,1,4.0,1,0,,
1419,719,0,1963,9.0,11,1,2018,55,0,13.550951018580951,1,5.0,1,0,83309.0,11.3303154281181
1419,719,0,1963,9.0,11,1,2020,57,0,9.988710660965607,1,5.0,1,0,53206.0,10.881926857339963
1420,720,0,1987,6.0,3,1,2018,31,0,9.406963177546169,1,4.0,1,1,18745.0,9.838672740029855
1420,720,0,1987,6.0,3,1,2020,33,0,8.292479080989487,1,5.0,1,0,30180.0,10.314923203107632
1421,720,1,1973,12.0,19,1,2018,45,0,17.46444373268426,1,3.0,1,1,195679.0,12.184232438609357
1421,720,1,1973,12.0,19,1,2020,47,0,16.123418251133174,1,4.0,1,1,99697.0,11.50989426461614
1422,720,1,1991,9.0,24,0,2018,27,0,10.329883718570693,0,3.0,0,0,30852.0,10.336950454665864
1422,720,1,1991,9.0,24,0,2020,29,0,12.559227430664077,1,4.0,0,1,93579.0,11.446560021546691
1423,721,1,1982,6.0,19,1,2018,36,1,10.821422693811133,1,4.0,1,1,70351.0,11.16125012718276
1423,721,1,1982,6.0,19,1,2020,38,0,9.018563761750134,1,3.0,1,1,40763.0,10.615520202076942
1424,722,1,1965,6.0,23,1,2018,53,1,5.029564791442497,1,4.0,1,0,36510.0,10.505348076301987
1424,722,1,1965,6.0,23,1,2020,55,0,6.530273768178676,1,5.0,1,1,59647.0,10.996205516007096
1425,722,0,1978,12.0,7,1,2018,40,1,16.04046664988473,0,5.0,1,1,86347.0,11.366128333298143
1425,722,0,1978,12.0,7,1,2020,42,1,15.14540806810579,1,4.0,1,1,186506.0,12.13621744277261
1426,722,1,1964,9.0,11,1,2018,54,1,13.351440901248074,1,5.0,1,1,155793.0,11.956281695694186
1426,722,1,1964,9.0,11,1,2020,56,0,10.665348344587942,1,4.0,1,0,43862.0,10.68879633209991
1427,723,0,1980,6.0,22,1,2018,38,0,7.154150005526918,1,4.0,1,1,44253.0,10.697687667426594
1427,723,0,1980,6.0,22,1,2020,40,1,7.418355566911486,1,5.0,1,1,57631.0,10.961816161210121
1428,723,0,1975,9.0,22,1,2018,43,0,11.311527982775221,1,4.0,1,1,60853.0,11.016215318999773
1428,723,0,1975,9.0,22,1,2020,45,1,10.032884159543912,1,4.0,1,1,89461.0,11.401561088401454
1429,723,1,1993,12.0,2,1,2018,25,0,16.705111083245,0,4.0,1,1,207975.0,12.24517098153532
1429,723,1,1993,12.0,2,1,2020,27,0,18.68869365902642,1,,1,1,86528.0,11.368219436637988
1430,724,0,1984,9.0,25,0,2018,34,0,14.626095338873197,1,4.0,0,1,56316.0,10.938732900566606
1430,724,0,1984,9.0,25,0,2020,36,0,11.902954394557963,0,3.0,0,0,26598.0,10.18858061577958
1431,724,1,1979,12.0,18,0,2018,39,1,12.750781741085286,0,4.0,0,1,86930.0,11.372852742550263
1431,724,1,1979,12.0,18,0,2020,41,1,16.274207498373645,1,3.0,0,1,73561.0,11.205867031112763
1432,724,1,1976,9.0,21,1,2018,42,0,12.793091641942294,1,4.0,1,1,84229.0,11.34129396098189
1432,724,1,1976,9.0,21,1,2020,44,1,11.257291826639804,1,4.0,1,1,85446.0,11.355634950528339
1433,725,1,1964,6.0,2,1,2018,54,1,7.502020178725198,1,3.0,1,1,,
1433,725,1,1964,6.0,2,1,2020,56,0,8.667280582323794,1,5.0,1,0,51791.0,10.854976485944425
1434,725,1,1970,6.0,28,1,2018,48,0,5.756162905079975,1,4.0,1,0,20067.0,9.906845023015554
1434,725,1,1970,6.0,28,1,2020,50,1,12.544583457557934,1,3.0,1,1,,
1435,725,0,1983,9.0,22,1,2018,35,0,12.669353342722967,1,,1,1,71665.0,11.179762204703255
1435,725,0,1983,9.0,22,1,2020,37,0,12.590720658271474,1,4.0,1,1,92499.0,11.434948897758003
1436,726,0,1967,9.0,26,1,2018,51,0,12.170633268868853,1,4.0,1,1,75265.0,11.228771991074105
1436,726,0,1967,9.0,26,1,2020,53,0,11.922981188421648,1,4.0,1,1,73932.0,11.210900686745376
1437,726,0,1986,9.0,26,1,2018,32,1,12.33562277003741,0,,1,1,73022.0,11.198515151111577
1437,726,0,1986,9.0,26,1,2020,34,0,12.30049252854643,1,5.0,1,1,134308.0,11.807892438268082
1438,726,1,1983,6.0,19,1,2018,35,1,,1,5.0,1,0,28427.0,10.25508324492765
1438,726,1,1983,6.0,19,1,2020,37,1,7.937162780423971,1,5.0,1,0,41195.0,10.626079415809876
1439,727,0,1963,9.0,23,0,2018,55,1,10.052230938768833,1,,0,0,91585.0,11.425022939119351
1439,727,0,1963,9.0,23,0,2020,57,1,8.358836945332133,1,4.0,0,0,76903.0,11.250296459047636
1440,727,1,1984,15.0,14,1,2018,34,1,15.86222093214147,0,5.0,1,1,58707.0,10.980320594403302
1440,727,1,1984,15.0,14,1,2020,36,0,15.199359784134282,1,4.0,1,1,119658.0,11.692396609559548
1441,728,0,1980,9.0,18,1,2018,38,0,11.23595842678942,0,5.0,1,1,51559.0,10.85048805220967
1441,728,0,1980,9.0,18,1,2020,40,0,8.663651524687351,1,5.0,1,0,27811.0,10.233169975801959
1442,728,1,1969,9.0,19,1,2018,49,1,10.589427851635875,1,4.0,1,1,148986.0,11.911610502932804
1442,728,1,1969,9.0,19,1,2020,51,0,8.404579734985557,1,5.0,1,1,138645.0,11.839675498685702
1443,728,0,1978,12.0,18,1,2018,40,0,15.23895123441896,1,3.0,1,1,55129.0,10.917431258041491
1443,728,0,1978,12.0,18,1,2020,42,0,15.944438408086093,1,3.0,1,1,34194.0,10.439805334798178
1444,729,1,1968,6.0,3,1,2018,50,0,12.527110211260034,1,4.0,1,0,24074.0,10.088868645790198
1444,729,1,1968,6.0,3,1,2020,52,1,8.197834285657263,1,2.0,1,1,82516.0,11.320743769659389
1445,730,0,1977,9.0,22,1,2018,41,0,8.98723077233674,1,3.0,1,1,35791.0,10.485439633763558
1445,730,0,1977,9.0,22,1,2020,43,0,14.06319136738775,1,4.0,1,1,27473.0,10.220964266095098
1446,730,0,1976,6.0,27,1,2018,42,1,8.461888423184645,1,2.0,1,1,36250.0,10.498191576608685
1446,730,0,1976,6.0,27,1,2020,44,1,9.828021276665977,1,3.0,1,1,42137.0,10.648672882467475
1447,731,1,1968,9.0,24,1,2018,50,0,10.533071955830264,1,4.0,1,0,34286.0,10.442504460080443
1447,731,1,1968,9.0,24,1,2020,52,0,12.057544773199684,1,3.0,1,1,86035.0,11.362513338133507
1448,732,0,1968,9.0,27,1,2018,50,0,13.278643410756505,1,4.0,1,1,41202.0,10.626250204097214
1448,732,0,1968,9.0,27,1,2020,52,1,12.40717286854859,1,4.0,1,1,71051.0,11.171159164140759
1449,732,1,1967,12.0,26,1,2018,51,1,17.051240287506953,1,5.0,1,1,110414.0,11.611989047187139
1449,732,1,1967,12.0,26,1,2020,53,0,14.554091996101892,1,3.0,1,1,168236.0,12.033122245679975
1450,733,1,1975,12.0,12,1,2018,43,0,17.86824564487169,1,3.0,1,1,58881.0,10.98326861970234
1450,733,1,1975,12.0,12,1,2020,45,0,10.871754234735786,0,4.0,1,0,63420.0,11.057537687833438
1451,734,1,1986,12.0,6,1,2018,32,0,16.89169060297781,1,4.0,1,1,54709.0,10.909785590244422
1451,734,1,1986,12.0,6,1,2020,34,0,15.933911007542147,1,3.0,1,1,61899.0,11.03326301596994
1452,734,0,1990,9.0,17,1,2018,28,1,9.914602609667536,1,4.0,1,1,40223.0,10.60219634212098
1452,734,0,1990,9.0,17,1,2020,30,0,10.593926305578007,0,5.0,1,1,42195.0,10.65005466158055
1453,735,1,1991,9.0,22,0,2018,27,0,6.55748458117249,0,5.0,0,0,46340.0,10.74376954159125
1453,735,1,1991,9.0,22,0,2020,29,1,12.75161379449184,0,4.0,1,1,62587.0,11.044305528063827
1454,735,1,1980,12.0,26,1,2018,38,0,14.227494205582502,1,3.0,1,1,42700.0,10.6619450568522
1454,735,1,1980,12.0,26,1,2020,40,1,15.212340159401442,1,4.0,1,1,169333.0,12.039621606919626
1455,736,1,1974,6.0,3,0,2018,44,1,8.8537948192874,1,5.0,0,1,93354.0,11.444158628178547
1455,736,1,1974,6.0,3,0,2020,46,0,7.3229224003144004,1,5.0,0,0,33430.0,10.41721466893108
1456,736,0,1987,6.0,16,1,2018,31,0,8.193835317402076,0,4.0,1,1,37405.0,10.529548336715205
1456,736,0,1987,6.0,16,1,2020,33,0,7.861870305791325,1,4.0,1,1,27602.0,10.225629000094855
1457,737,1,1984,9.0,1,1,2018,34,0,12.998606137034145,1,5.0,1,1,60708.0,11.01382800689068
1457,737,1,1984,9.0,1,1,2020,36,0,10.460157876457082,1,4.0,1,1,52893.0,10.87602026582864
1458,737,0,1977,9.0,15,1,2018,41,0,12.2524453460199,1,4.0,1,1,58550.0,10.977636781068991
1458,737,0,1977,9.0,15,1,2020,43,0,14.284497618300048,1,3.0,1,1,29859.0,10.304246171958225
1459,738,1,1988,12.0,6,1,2018,30,1,13.301144251551738,1,4.0,1,1,38513.0,10.55876291457646
1459,738,1,1988,12.0,6,1,2020,32,1,14.221573077481182,0,4.0,1,1,136511.0,11.824162768064012
1460,738,1,1983,12.0,24,0,2018,35,0,13.710511348721026,1,5.0,0,1,94578.0,11.45718377804268
1460,738,1,1983,12.0,24,0,2020,37,0,15.422712646689188,1,4.0,0,1,60245.0,11.006170527342091
1461,739,0,1964,6.0,10,1,2018,54,1,10.001593601864064,1,2.0,1,1,43624.0,10.683362008383353
1461,739,0,1964,6.0,10,1,2020,56,0,8.67927629879346,1,4.0,1,1,45380.0,10.722834926220907
1462,739,1,1965,6.0,28,1,2018,53,1,9.11815733511498,1,4.0,1,0,37299.0,10.526718010299799
1462,739,1,1965,6.0,28,1,2020,55,1,8.918725108660535,1,4.0,1,1,82708.0,11.323070203844077
1463,740,1,1967,9.0,9,1,2018,51,1,9.862940726236612,1,4.0,1,1,75658.0,11.233977746994055
1463,740,1,1967,9.0,9,1,2020,53,0,10.87670912875664,1,4.0,1,1,97015.0,11.482623707908337
1464,741,0,1993,6.0,6,1,2018,25,0,10.371133391900496,0,3.0,1,1,32959.0,10.403005871309606
1464,741,0,1993,6.0,6,1,2020,27,1,11.779856735925089,1,4.0,1,1,32707.0,10.395341002123907
1465,741,1,1982,9.0,27,0,2018,36,0,12.948393396366491,1,3.0,0,1,99533.0,11.508248908934751
1465,741,1,1982,9.0,27,0,2020,38,1,11.436412369817477,0,4.0,0,1,96773.0,11.480125458635221
1466,742,1,1970,9.0,11,1,2018,48,1,16.196730612424602,1,4.0,1,0,93408.0,11.444734352991045
1466,742,1,1970,9.0,11,1,2020,50,0,12.63099372581324,1,4.0,1,1,110560.0,11.613316735000819
1467,743,0,1976,16.0,22,1,2018,42,0,19.729082766165366,1,4.0,1,1,183409.0,12.119471510634783
1467,743,0,1976,16.0,22,1,2020,44,0,19.667350868574612,1,4.0,1,1,159516.0,11.979901355255057
1468,744,1,1968,6.0,4,1,2018,50,0,9.857623886415636,1,3.0,1,0,23595.0,10.06878017218455
1468,744,1,1968,6.0,4,1,2020,52,0,5.637373513941343,1,4.0,1,0,29671.0,10.297941831521998
1469,744,0,1977,9.0,9,1,2018,41,1,10.669818300585373,1,3.0,1,1,39695.0,10.588978830069404
1469,744,0,1977,9.0,9,1,2020,43,1,7.861895743138628,1,5.0,1,1,60511.0,11.010583787543604
1470,744,1,1986,6.0,24,1,2018,32,1,10.586589651571952,1,5.0,1,1,48388.0,10.787010694156132
1470,744,1,1986,6.0,24,1,2020,34,1,6.386169910267462,0,5.0,1,0,33935.0,10.432196608633724
1471,745,1,1981,12.0,25,1,2018,37,1,12.823837883791711,1,4.0,1,1,61607.0,11.02852595133134
1471,745,1,1981,12.0,25,1,2020,39,1,14.612489030354434,1,3.0,1,1,197340.0,12.19268591537624
1472,745,0,1972,9.0,7,1,2018,46,1,10.326083796246301,1,5.0,1,1,54767.0,10.910844474725
1472,745,0,1972,9.0,7,1,2020,48,1,10.126653778418339,1,4.0,1,0,55021.0,10.91547230855444
1473,745,0,1972,6.0,1,1,2018,46,0,3.779085793131873,1,4.0,1,0,18238.0,9.81125699415054
1473,745,0,1972,6.0,1,1,2020,48,0,9.293118664572404,1,4.0,1,0,77462.0,11.257546654943829
1474,746,0,1975,6.0,23,0,2018,43,1,10.084665077568356,1,4.0,0,1,61599.0,11.028406172432234
1474,746,0,1975,6.0,23,0,2020,45,0,6.435598320883241,1,4.0,0,0,14157.0,9.557971723291226
1475,747,1,1973,12.0,20,0,2018,45,0,14.478695303385917,1,3.0,0,1,37308.0,10.526966696754938
1475,747,1,1973,12.0,20,0,2020,47,0,15.709674035312764,1,4.0,0,1,32318.0,10.383377956941997
1476,747,1,1970,6.0,6,1,2018,48,1,11.306308781584091,1,4.0,1,1,37539.0,10.533130243671998
1476,747,1,1970,6.0,6,1,2020,50,1,8.543991776964841,1,5.0,1,1,58368.0,10.97452944626865
1477,748,0,1993,13.0,25,1,2018,25,1,16.068400092730915,1,5.0,1,1,73079.0,11.199297267349712
1477,748,0,1993,13.0,25,1,2020,27,0,13.402996601591612,0,4.0,1,1,52222.0,10.863252265213895
1478,748,0,1970,6.0,24,1,2018,48,1,6.7835293342769685,1,4.0,1,1,,
1478,748,0,1970,6.0,24,1,2020,50,1,8.328846474716027,1,4.0,1,1,63838.0,11.064098430100255
1479,748,0,1965,12.0,28,1,2018,53,1,14.688404857876652,1,4.0,1,1,43968.0,10.691225542401543
1479,748,0,1965,12.0,28,1,2020,55,1,16.270418318032796,1,3.0,1,1,,
1480,749,1,1992,9.0,27,0,2018,26,1,14.228173781895286,1,4.0,0,1,54481.0,10.905615218848375
1480,749,1,1992,9.0,27,0,2020,28,0,14.041659168641425,0,3.0,0,1,101529.0,11.5280950673335
1481,749,1,1993,9.0,4,1,2018,25,0,12.167184571581215,0,5.0,1,1,109708.0,11.605575761275867
1481,749,1,1993,9.0,4,1,2020,27,1,10.738490110454464,1,4.0,1,1,37154.0,10.522830077975422
1482,749,0,1980,6.0,17,1,2018,38,1,8.02007413077981,1,4.0,1,1,29158.0,10.280492943971932
1482,749,0,1980,6.0,17,1,2020,40,0,6.06326253726559,1,5.0,1,1,26830.0,10.197276982972012
1483,750,0,1963,12.0,2,1,2018,55,1,12.267887341678922,1,3.0,1,1,59397.0,10.991992629622148
1483,750,0,1963,12.0,2,1,2020,57,1,14.076444472997196,1,3.0,1,1,40916.0,10.619267401571785
1484,751,0,1980,6.0,24,0,2018,38,0,10.469104310484465,1,5.0,0,1,71193.0,11.173155040376916
1484,751,0,1980,6.0,24,0,2020,40,0,9.303846131213485,1,3.0,0,0,,
1485,751,0,1991,6.0,19,1,2018,27,0,8.103481828346178,0,5.0,1,0,43601.0,10.682839142673311
1485,751,0,1991,6.0,19,1,2020,29,1,7.496788893606566,1,5.0,1,1,37353.0,10.528179330144594
1486,752,0,1974,12.0,12,1,2018,44,0,13.363710300392807,1,4.0,1,1,63917.0,11.06534247399188
1486,752,0,1974,12.0,12,1,2020,46,0,16.413270705652423,1,4.0,1,1,71048.0,11.17110501853175
1487,752,0,1989,9.0,17,1,2018,29,0,14.169716000294674,0,,1,1,,
1487,752,0,1989,9.0,17,1,2020,31,1,11.488262327999715,1,4.0,1,1,58527.0,10.977240236551237
1488,753,1,1973,6.0,28,1,2018,45,0,9.606153464358526,1,4.0,1,0,130248.0,11.777192813911663
1488,753,1,1973,6.0,28,1,2020,47,0,9.065944470801199,1,4.0,1,1,87377.0,11.377989003953967
1489,753,1,1975,6.0,16,1,2018,43,1,6.098691693137695,1,4.0,1,0,61692.0,11.02991024152558
1489,753,1,1975,6.0,16,1,2020,45,0,6.740881766052046,1,4.0,1,1,79641.0,11.285287831739462
1490,753,0,1983,9.0,2,1,2018,35,0,9.39334794674314,1,4.0,1,1,42979.0,10.668455732993747
1490,753,0,1983,9.0,2,1,2020,37,0,12.83808797524982,1,4.0,1,1,22215.0,10.008501785336144
1491,754,0,1970,6.0,5,1,2018,48,0,7.027013616845746,1,4.0,1,0,14699.0,9.595504630187534
1491,754,0,1970,6.0,5,1,2020,50,0,,1,5.0,1,1,,
1492,754,0,1973,6.0,4,1,2018,45,0,7.574667927508693,1,4.0,1,1,55717.0,10.92804724522428
1492,754,0,1973,6.0,4,1,2020,47,1,10.52070655360966,1,4.0,1,1,112877.0,11.634051367545524
1493,754,1,1982,12.0,12,1,2018,36,0,12.019417257924193,0,4.0,1,1,26870.0,10.198775231541926
1493,754,1,1982,12.0,12,1,2020,38,0,16.94006019669093,1,4.0,1,1,119080.0,11.687548882008576
1494,755,1,1983,9.0,24,0,2018,35,0,13.095020816024604,1,3.0,0,0,47094.0,10.759897099547569
1494,755,1,1983,9.0,24,0,2020,37,0,11.600778431796305,1,4.0,0,0,33286.0,10.412902564220161
1495,755,1,1985,6.0,6,0,2018,33,0,8.481295814636567,0,4.0,0,0,16579.0,9.71590964290613
1495,755,1,1985,6.0,6,0,2020,35,0,4.477757752161407,1,4.0,1,0,24859.0,10.120985638979304
1496,755,0,1982,12.0,1,1,2018,36,1,14.147447443070709,1,5.0,1,1,84293.0,11.342056672562128
1496,755,0,1982,12.0,1,1,2020,38,0,15.953385307194353,1,4.0,1,1,46444.0,10.746006985303442
1497,756,1,1975,9.0,5,1,2018,43,1,12.216525519054938,1,3.0,1,1,55539.0,10.924836891912518
1497,756,1,1975,9.0,5,1,2020,45,0,10.93634751220705,1,4.0,1,1,142690.0,11.868427363976867
1498,756,0,1967,9.0,3,1,2018,51,0,10.379123234971177,1,4.0,1,1,72319.0,11.188843845283278
1498,756,0,1967,9.0,3,1,2020,53,0,9.539718134866987,1,,1,0,26742.0,10.194001099725455
1499,756,1,1975,6.0,17,1,2018,43,0,12.664829239616287,1,5.0,1,1,80980.0,11.301957010021246
1499,756,1,1975,6.0,17,1,2020,45,1,9.995455984286313,1,4.0,1,1,109954.0,11.607817391066153
1500,757,0,1978,6.0,8,1,2018,40,1,5.199187567875445,1,5.0,1,1,24033.0,10.087178331019267
1500,757,0,1978,6.0,8,1,2020,42,1,2.6880736378233747,1,4.0,1,0,14387.0,9.574053211377082
1501,758,0,1970,6.0,24,0,2018,48,1,11.355687555121518,1,5.0,0,1,77213.0,11.254317614615836
1501,758,0,1970,6.0,24,0,2020,50,1,6.422499463089449,1,3.0,1,0,66484.0,11.104723845702223
1502,758,0,1970,6.0,17,1,2018,48,0,6.358376412284442,1,4.0,1,1,19925.0,9.89975333792223
1502,758,0,1970,6.0,17,1,2020,50,0,6.586901961963955,1,3.0,1,1,43728.0,10.685738885123646
1503,759,0,1976,9.0,21,1,2018,42,0,12.692605523249034,1,4.0,1,1,148160.0,11.906050744395742
1503,759,0,1976,9.0,21,1,2020,44,0,16.152824364469666,1,3.0,1,1,75192.0,11.227794388363776
1504,759,0,1978,6.0,10,0,2018,40,1,5.46353586612478,1,3.0,0,0,33266.0,10.412293724093738
1504,759,0,1978,6.0,10,0,2020,42,1,10.480332998672488,1,4.0,0,0,27457.0,10.22037741047427
1505,759,0,1984,6.0,9,1,2018,34,0,8.783925458490335,1,4.0,1,1,26636.0,10.190013277933906
1505,759,0,1984,6.0,9,1,2020,36,0,7.523043102993563,1,5.0,1,0,20473.0,9.926880905296532
1506,760,1,1974,9.0,5,1,2018,44,0,10.151079623566144,1,5.0,1,1,34275.0,10.442168114620046
1506,760,1,1974,9.0,5,1,2020,46,1,15.090613818111734,0,3.0,1,1,37551.0,10.533451265136796
1507,761,0,1976,6.0,26,1,2018,42,1,10.30283786332412,1,4.0,1,1,52248.0,10.863765553796847
1507,761,0,1976,6.0,26,1,2020,44,0,,1,3.0,1,0,37611.0,10.535052302315297
1508,761,1,1971,6.0,2,0,2018,47,1,9.04682800357164,1,3.0,0,0,73362.0,11.203164352814301
1508,761,1,1971,6.0,2,0,2020,49,1,9.303670056849842,1,4.0,0,1,69237.0,11.14529477857487
1509,761,0,1968,9.0,27,1,2018,50,1,12.899748550692564,1,4.0,1,1,88369.0,11.389276760553713
1509,761,0,1968,9.0,27,1,2020,52,0,10.109755634602951,1,,1,1,29345.0,10.286883745840457
1510,762,0,1975,9.0,2,1,2018,43,0,11.904062210072318,1,2.0,1,1,51285.0,10.845154105425014
1510,762,0,1975,9.0,2,1,2020,45,1,12.141404631002247,1,4.0,1,1,73799.0,11.20909379697791
1511,763,0,1964,9.0,2,1,2018,54,0,10.488258610200083,1,4.0,1,1,,
1511,763,0,1964,9.0,2,1,2020,56,1,13.073741338684181,1,4.0,1,1,81523.0,11.308637544183242
1512,764,0,1978,12.0,7,1,2018,40,0,15.339745026413029,1,,1,1,103506.0,11.547387957012482
1512,764,0,1978,12.0,7,1,2020,42,1,16.079844127849015,1,5.0,1,1,255969.0,12.452809785074708
1513,764,0,1975,12.0,25,1,2018,43,1,10.602636548421838,1,4.0,1,1,30611.0,10.32912747108715
1513,764,0,1975,12.0,25,1,2020,45,1,9.592592836824679,1,5.0,1,1,38656.0,10.56245944347715
1514,765,1,1984,6.0,7,0,2018,34,0,8.054022214403213,1,4.0,0,1,67567.0,11.120873609829044
1514,765,1,1984,6.0,7,0,2020,36,0,9.59572383436804,1,4.0,0,1,59194.0,10.988570282359992
1515,765,1,1981,6.0,26,0,2018,37,0,13.560585900183867,1,4.0,0,1,64089.0,11.068034668930215
1515,765,1,1981,6.0,26,0,2020,39,1,8.473473571483138,1,4.0,1,1,36434.0,10.503263422682299
1516,765,0,1965,12.0,5,1,2018,53,1,13.444158533095335,1,5.0,1,1,48735.0,10.794142863190089
1516,765,0,1965,12.0,5,1,2020,55,0,16.112170261432716,1,4.0,1,1,81245.0,11.305228827253977
1517,766,0,1984,9.0,21,1,2018,34,1,11.999935401867326,0,,1,1,,
1517,766,0,1984,9.0,21,1,2020,36,1,12.535047751450605,1,5.0,1,0,41414.0,10.631379620414906
1518,766,1,1983,9.0,18,1,2018,35,0,11.151488396458781,1,4.0,1,1,138701.0,11.84007654204601
1518,766,1,1983,9.0,18,1,2020,37,0,12.99800458628379,1,3.0,1,1,25095.0,10.130439828793337
1519,766,1,1965,9.0,3,1,2018,53,0,9.421367269179761,1,4.0,1,0,48451.0,10.788304338906798
1519,766,1,1965,9.0,3,1,2020,55,0,11.213071229092133,1,5.0,1,0,46809.0,10.753830833761564
1520,767,1,1970,6.0,22,1,2018,48,1,8.859194423859794,1,5.0,1,1,185806.0,12.132458877088387
1520,767,1,1970,6.0,22,1,2020,50,1,7.353975239580047,1,4.0,1,1,33072.0,10.406438500831834
1521,768,1,1968,12.0,25,1,2018,50,0,16.31614369174681,1,4.0,1,1,93330.0,11.443901878414554
1521,768,1,1968,12.0,25,1,2020,52,0,18.955244133236448,1,2.0,1,1,129441.0,11.770980499931206
1522,768,1,1977,9.0,16,1,2018,41,0,11.272657597395707,1,4.0,1,0,40218.0,10.602058099254135
1522,768,1,1977,9.0,16,1,2020,43,0,9.49675559934926,1,,1,1,42017.0,10.645825107181864
1523,768,0,1993,14.0,11,1,2018,25,1,16.98463821047388,0,4.0,1,1,83377.0,11.33112716737752
1523,768,0,1993,14.0,11,1,2020,27,0,19.19247329877947,0,4.0,1,1,157793.0,11.969040721984847
1524,769,1,1968,6.0,23,1,2018,50,0,12.691969150439249,1,4.0,1,1,46671.0,10.750873013104428
1524,769,1,1968,6.0,23,1,2020,52,1,4.873509349486515,1,3.0,1,0,31791.0,10.366940305831315
1525,769,1,1976,6.0,12,1,2018,42,0,7.048774516220986,1,3.0,1,0,12661.0,9.44629972588342
1525,769,1,1976,6.0,12,1,2020,44,1,8.292812332847447,0,3.0,1,1,46900.0,10.755762414098022
1526,770,0,1977,6.0,27,1,2018,41,0,6.645563335874551,1,4.0,1,1,58858.0,10.982880717768122
1526,770,0,1977,6.0,27,1,2020,43,0,11.949351586111213,1,3.0,1,1,62852.0,11.048539147309755
1527,770,0,1964,6.0,9,1,2018,54,1,6.736902955217854,1,4.0,1,0,62643.0,11.045214005672694
1527,770,0,1964,6.0,9,1,2020,56,0,5.804335119416458,1,4.0,1,0,11697.0,9.36704583509216
1528,770,0,1991,9.0,17,1,2018,27,0,,1,5.0,1,1,14197.0,9.560772273709128
1528,770,0,1991,9.0,17,1,2020,29,0,10.005781142018545,0,3.0,1,1,97666.0,11.489313419669312
1529,771,1,1969,6.0,24,0,2018,49,0,8.152823556862957,1,3.0,0,1,45007.0,10.714575150372264
1529,771,1,1969,6.0,24,0,2020,51,0,10.609626816771357,1,4.0,0,0,49872.0,10.817210086374459
1530,771,1,1965,9.0,17,1,2018,53,0,12.449014211795486,1,4.0,1,0,23952.0,10.083798657616065
1530,771,1,1965,9.0,17,1,2020,55,0,12.338405884480249,1,4.0,1,1,78041.0,11.264995610819547
1531,771,1,1969,6.0,23,1,2018,49,0,8.73082910854865,1,4.0,1,1,39472.0,10.583343334755403
1531,771,1,1969,6.0,23,1,2020,51,1,10.475333670728006,1,4.0,1,1,66580.0,11.106160581756816
1532,772,0,1968,6.0,11,0,2018,50,1,10.437689003040703,1,5.0,0,1,49217.0,10.803991771236484
1532,772,0,1968,6.0,11,0,2020,52,0,9.329436734876186,1,4.0,0,0,28012.0,10.240394368076451
1533,772,0,1966,9.0,15,1,2018,52,1,13.479345455628724,1,4.0,1,1,56771.0,10.946776918006114
1533,772,0,1966,9.0,15,1,2020,54,0,9.670056279923957,1,4.0,1,1,33037.0,10.405370698517403
1534,773,0,1969,9.0,4,1,2018,49,1,11.459735562218333,1,4.0,1,1,24018.0,10.086544624811822
1534,773,0,1969,9.0,4,1,2020,51,1,11.679775266209045,1,4.0,1,1,77712.0,11.26076347327381
1535,773,1,1986,12.0,13,0,2018,32,1,16.194459816985006,1,4.0,0,1,68556.0,11.135410994811886
1535,773,1,1986,12.0,13,0,2020,34,1,14.437739519192712,0,5.0,0,1,89051.0,11.396965018395111
1536,773,0,1978,6.0,6,1,2018,40,1,10.945590772290695,1,5.0,1,1,50162.0,10.82301962675272
1536,773,0,1978,6.0,6,1,2020,42,1,7.487317233041996,1,3.0,1,1,27633.0,10.226765540399695
1537,774,1,1969,9.0,16,1,2018,49,1,12.677485483321806,1,5.0,1,1,190752.0,12.15872748816611
1537,774,1,1969,9.0,16,1,2020,51,0,8.96280605733372,1,4.0,1,1,85775.0,11.359488239116613
1538,774,0,1968,6.0,1,1,2018,50,0,6.4004337530626305,1,4.0,1,1,25924.0,10.162920738847562
1538,774,0,1968,6.0,1,1,2020,52,0,8.739158289899734,1,3.0,1,0,61147.0,11.021043330868832
1539,774,0,1969,13.0,12,1,2018,49,0,15.388406577791768,1,4.0,1,1,81338.0,11.306362808490336
1539,774,0,1969,13.0,12,1,2020,51,0,13.236237229620212,1,4.0,1,1,53358.0,10.884785977098192
1540,775,0,1973,9.0,28,1,2018,45,1,13.947694566619903,1,4.0,1,1,75575.0,11.232877500029272
1540,775,0,1973,9.0,28,1,2020,47,0,16.20247344771485,1,4.0,1,1,52100.0,10.860923594314434
1541,775,1,1964,9.0,1,1,2018,54,0,8.747670333903624,1,4.0,1,1,80750.0,11.29910720432271
1541,775,1,1964,9.0,1,1,2020,56,1,12.429281604980602,1,4.0,1,1,22005.0,9.999003054502236
1542,776,0,1993,12.0,28,1,2018,25,0,15.646002308826526,0,5.0,1,1,87247.0,11.376493915606245
1542,776,0,1993,12.0,28,1,2020,27,0,15.367052167177532,1,4.0,1,1,103625.0,11.548532160622988
1543,776,0,1973,6.0,13,1,2018,45,0,5.221622430789713,1,4.0,1,1,98044.0,11.493168905236029
1543,776,0,1973,6.0,13,1,2020,47,1,8.155154710600309,1,4.0,1,1,50074.0,10.821255039991744
1544,777,0,1977,9.0,7,1,2018,41,1,8.901297336474764,1,4.0,1,0,34744.0,10.455758597642214
1544,777,0,1977,9.0,7,1,2020,43,1,11.927968441660992,1,4.0,1,1,125907.0,11.743298428160617
1545,777,1,1992,6.0,22,1,2018,26,1,6.8670608495659105,1,4.0,1,0,58324.0,10.973765548097997
1545,777,1,1992,6.0,22,1,2020,28,0,12.47367439952065,0,3.0,1,1,51073.0,10.841010366508922
1546,777,1,1976,12.0,2,1,2018,42,0,14.54457187933849,1,5.0,1,1,129768.0,11.773503114459796
1546,777,1,1976,12.0,2,1,2020,44,1,12.60318836947226,1,4.0,1,1,,
1547,778,1,1972,9.0,5,1,2018,46,1,13.884460862454889,1,5.0,1,1,100133.0,11.51425411405322
1547,778,1,1972,9.0,5,1,2020,48,0,10.143575160191805,1,4.0,1,1,54889.0,10.913067659784446
1548,778,0,1972,9.0,22,1,2018,46,0,11.506883220386875,1,4.0,1,1,41220.0,10.626684480728853
1548,778,0,1972,9.0,22,1,2020,48,0,10.68231648238099,1,2.0,1,0,30824.0,10.336061775991675
1549,779,0,1969,9.0,21,1,2018,49,1,9.95277838264552,1,3.0,1,0,72908.0,11.196960180281522
1549,779,0,1969,9.0,21,1,2020,51,0,12.31565016815117,1,4.0,1,1,51947.0,10.85797470248174
1550,780,0,1972,6.0,15,1,2018,46,1,10.182790694919431,1,5.0,1,0,47000.0,10.757910346238113
1550,780,0,1972,6.0,15,1,2020,48,1,8.91475412172882,1,3.0,1,1,51471.0,10.848766824346447
1551,781,0,1965,9.0,19,1,2018,53,0,13.3552939437588,1,3.0,1,1,59315.0,10.990617819494643
1551,781,0,1965,9.0,19,1,2020,55,1,10.791335188830303,1,5.0,1,1,56121.0,10.935266140607588
1552,781,1,1980,9.0,4,1,2018,38,1,12.494695690143423,1,5.0,1,1,54652.0,10.908740392100121
1552,781,1,1980,9.0,4,1,2020,40,1,11.38238724165049,1,5.0,1,1,101898.0,11.531729425425933
1553,781,1,1989,6.0,1,1,2018,29,1,7.184023807833387,1,5.0,1,0,70542.0,11.163965566681924
1553,781,1,1989,6.0,1,1,2020,31,0,10.040138898151532,0,4.0,1,0,40097.0,10.599052287913857
1554,782,0,1964,9.0,26,1,2018,54,1,12.520828051346387,1,3.0,1,1,79928.0,11.288876420864629
1554,782,0,1964,9.0,26,1,2020,56,0,11.195570614604941,1,4.0,1,1,47103.0,10.760094253645955
1555,783,1,1974,9.0,6,1,2018,44,0,8.304296972786318,1,3.0,1,1,34933.0,10.461195231384453
1555,783,1,1974,9.0,6,1,2020,46,0,11.003333573146366,1,5.0,1,1,49178.0,10.80319175709362
1556,783,0,1987,9.0,11,1,2018,31,1,13.22986933818329,0,4.0,1,1,143338.0,11.872963342119384
1556,783,0,1987,9.0,11,1,2020,33,1,11.487037721773172,1,5.0,1,1,73104.0,11.199636811475171
1557,784,1,1988,9.0,4,1,2018,30,0,14.98420398309438,0,5.0,1,1,36602.0,10.507851729708836
1557,784,1,1988,9.0,4,1,2020,32,0,13.207172582211445,1,3.0,1,1,78324.0,11.26860444860922
1558,784,1,1974,9.0,7,0,2018,44,0,13.12492686124779,1,5.0,0,1,65311.0,11.08691209412494
1558,784,1,1974,9.0,7,0,2020,46,1,10.39672352254697,1,3.0,0,1,57537.0,10.960186641899229
1559,785,0,1968,9.0,19,1,2018,50,1,13.701526606207164,1,4.0,1,1,130558.0,11.779569055177536
1559,785,0,1968,9.0,19,1,2020,52,1,10.363470010410179,1,3.0,1,1,59323.0,10.990743942602698
1560,785,1,1972,9.0,8,1,2018,46,1,9.477354913716933,1,4.0,1,1,81225.0,11.304979149521284
1560,785,1,1972,9.0,8,1,2020,48,0,11.658770224044096,1,4.0,1,1,147199.0,11.899540680429377
1561,786,1,1990,9.0,13,1,2018,28,1,9.533838017634237,0,4.0,1,1,80919.0,11.30120036292845
1561,786,1,1990,9.0,13,1,2020,30,1,11.516559454311512,1,3.0,1,0,57055.0,10.951769393940685
1562,786,0,1971,12.0,26,1,2018,47,0,13.565692502432636,1,4.0,1,1,77873.0,11.262839539502059
1562,786,0,1971,12.0,26,1,2020,49,0,15.910120080366514,1,4.0,1,1,53311.0,10.883896857803851
1563,786,1,1989,6.0,14,1,2018,29,0,6.00885121591925,0,3.0,1,0,35808.0,10.485914736827066
1563,786,1,1989,6.0,14,1,2020,31,1,9.735886812704365,1,4.0,1,1,41598.0,10.635800396659672
1564,787,0,1970,6.0,8,1,2018,48,1,11.652558407386506,1,3.0,1,1,79630.0,11.285151570327832
1564,787,0,1970,6.0,8,1,2020,50,0,5.979991193103185,1,4.0,1,0,13532.0,9.51282794746183
1565,787,1,1986,12.0,6,1,2018,32,0,15.58094709306576,0,3.0,1,1,30748.0,10.333572849389755
1565,787,1,1986,12.0,6,1,2020,34,1,15.284536633067132,1,,1,1,131015.0,11.783065395643193
1566,787,0,1981,12.0,14,1,2018,37,0,17.7537466248392,1,4.0,1,1,98169.0,11.494443588610494
1566,787,0,1981,12.0,14,1,2020,39,0,15.63914501001459,1,4.0,1,1,68358.0,11.132506662896139
1567,788,1,1989,9.0,17,1,2018,29,0,13.035108907887727,1,3.0,1,1,30232.0,10.3166603499277
1567,788,1,1989,9.0,17,1,2020,31,1,14.248076470055384,1,3.0,1,1,63983.0,11.066367684295816
1568,788,0,1978,12.0,26,1,2018,40,1,13.504731869692135,0,3.0,1,1,110757.0,11.615095365321757
1568,788,0,1978,12.0,26,1,2020,42,0,15.093717543802704,0,3.0,1,1,56001.0,10.933119934980772
1569,788,0,1988,6.0,12,1,2018,30,0,8.201341231303376,0,4.0,1,0,12629.0,9.443773394083735
1569,788,0,1988,6.0,12,1,2020,32,1,6.986192057972571,1,4.0,1,1,79370.0,11.281876966425463
1570,789,1,1986,6.0,9,1,2018,32,0,8.376836071582435,1,4.0,1,0,21568.0,9.978952144949256
1570,789,1,1986,6.0,9,1,2020,34,0,8.71502797860914,1,4.0,1,1,39883.0,10.593699277771936
1571,789,0,1977,9.0,18,1,2018,41,1,12.400683800033741,1,5.0,1,1,183808.0,12.121647631681384
1571,789,0,1977,9.0,18,1,2020,43,1,11.624849918009954,1,4.0,1,1,41294.0,10.628467056559087
1572,789,0,1977,9.0,15,1,2018,41,1,13.96881613069865,1,3.0,1,1,70605.0,11.16485583495915
1572,789,0,1977,9.0,15,1,2020,43,1,8.09990328090499,1,5.0,1,1,62535.0,11.043486433331825
1573,790,1,1989,9.0,25,1,2018,29,1,12.6272471286491,0,5.0,1,1,56302.0,10.938486776586872
1573,790,1,1989,9.0,25,1,2020,31,1,10.663775353702004,1,3.0,1,1,34329.0,10.443743845431756
1574,790,1,1990,6.0,13,1,2018,28,0,7.012746893008011,1,3.0,1,0,21012.0,9.95283920989461
1574,790,1,1990,6.0,13,1,2020,30,1,8.505549300881931,1,5.0,1,0,25185.0,10.134011081226088
1575,791,1,1967,9.0,28,0,2018,51,0,10.94361509182816,1,4.0,0,0,34255.0,10.441578658766142
1575,791,1,1967,9.0,28,0,2020,53,0,7.969233496444696,1,4.0,0,0,32914.0,10.401648351364353
1576,791,1,1964,9.0,23,1,2018,54,0,9.431508529373389,1,2.0,1,1,48030.0,10.77957471503679
1576,791,1,1964,9.0,23,1,2020,56,0,10.555795199486791,1,4.0,1,1,62755.0,11.046992094750111
1577,792,0,1973,6.0,3,1,2018,45,0,8.739840501607683,1,4.0,1,1,86318.0,11.36579157826094
1577,792,0,1973,6.0,3,1,2020,47,0,4.2967925354237835,1,,1,0,27232.0,10.2121493749932
1578,793,0,1976,9.0,24,1,2018,42,0,13.139274396600586,0,5.0,1,1,96588.0,11.478209243797785
1578,793,0,1976,9.0,24,1,2020,44,1,10.221144566795397,1,3.0,1,1,,
1579,794,0,1993,6.0,4,1,2018,25,0,7.081410013699839,0,4.0,1,0,18072.0,9.80214595338465
1579,794,0,1993,6.0,4,1,2020,27,1,9.350329448506173,0,2.0,1,1,42041.0,10.646397798149357
1580,794,0,1969,6.0,1,1,2018,49,0,11.16148580102257,1,4.0,1,0,48893.0,10.797396830445122
1580,794,0,1969,6.0,1,1,2020,51,1,8.526389273835457,1,4.0,1,1,47711.0,10.77291199260762
1581,795,1,1973,6.0,12,1,2018,45,1,10.128157350555295,1,5.0,1,1,44322.0,10.699234800671553
1581,795,1,1973,6.0,12,1,2020,47,0,8.410724964053951,1,4.0,1,0,66530.0,11.105415560134315
1582,795,1,1990,9.0,13,1,2018,28,0,13.17883173835204,0,,1,1,52873.0,10.875649680848541
1582,795,1,1990,9.0,13,1,2020,30,0,8.834612354718352,1,4.0,1,1,35625.0,10.480803796308718
1583,796,0,1983,9.0,14,0,2018,35,1,10.454341594986841,1,4.0,0,1,99034.0,11.503222093072004
1583,796,0,1983,9.0,14,0,2020,37,0,9.470843607673556,1,5.0,0,0,38774.0,10.565515841716708
1584,797,1,1967,12.0,25,1,2018,51,0,14.82216230921768,1,4.0,1,1,41089.0,10.623488910778596
1584,797,1,1967,12.0,25,1,2020,53,0,13.94304769928595,1,3.0,1,1,40580.0,10.611023884731484
1585,797,1,1989,9.0,6,1,2018,29,1,13.069640602485972,1,5.0,1,1,30042.0,10.310340307214002
1585,797,1,1989,9.0,6,1,2020,31,1,13.402594708091694,1,4.0,1,1,78068.0,11.265329571700207
1586,797,1,1992,6.0,11,0,2018,26,1,8.986193599964745,0,3.0,0,0,37210.0,10.52433276015083
1586,797,1,1992,6.0,11,0,2020,28,0,,0,3.0,0,1,58130.0,10.970438015450346
1587,798,0,1993,12.0,25,1,2018,25,1,15.586023961465463,0,4.0,1,1,55011.0,10.915288406187889
1587,798,0,1993,12.0,25,1,2020,27,0,12.953253625738531,1,4.0,1,1,37453.0,10.53085146763333
1588,799,0,1990,9.0,9,1,2018,28,0,12.739250122784853,1,3.0,1,1,53822.0,10.893429693277005
1588,799,0,1990,9.0,9,1,2020,30,1,10.675164915497952,0,4.0,1,1,39016.0,10.571736561773118
1589,799,0,1975,12.0,12,1,2018,43,0,,1,4.0,1,1,56140.0,10.935610429878054
1589,799,0,1975,12.0,12,1,2020,45,0,12.915842996856261,0,4.0,1,1,62698.0,11.046088087585181
1590,799,1,1988,6.0,7,1,2018,30,1,9.196890891146085,1,5.0,1,1,52017.0,10.859325183621575
1590,799,1,1988,6.0,7,1,2020,32,0,7.297510697763858,1,4.0,1,0,34579.0,10.451015234205428
1591,800,1,1972,12.0,16,1,2018,46,1,13.432067742426822,1,5.0,1,1,150932.0,11.92458465754123
1591,800,1,1972,12.0,16,1,2020,48,0,13.405688525441294,1,4.0,1,1,59238.0,10.98932155177085
1592,800,1,1976,6.0,5,1,2018,42,1,7.605379393392059,1,5.0,1,1,62974.0,11.050471960931944
1592,800,1,1976,6.0,5,1,2020,44,1,9.255586689926693,1,5.0,1,0,31234.0,10.349274557078276
1593,800,0,1982,9.0,26,1,2018,36,0,12.051620777249854,0,5.0,1,1,60728.0,11.014167945585772
1593,800,0,1982,9.0,26,1,2020,38,1,14.11476008802422,1,5.0,1,1,158316.0,11.972350569193182
1594,801,1,1978,9.0,28,1,2018,40,0,13.799666405532587,1,4.0,1,1,69532.0,11.149544260670059
1594,801,1,1978,9.0,28,1,2020,42,1,11.982740125176203,0,4.0,1,1,,
1595,801,0,1963,6.0,6,1,2018,55,1,5.7865970468164285,1,2.0,1,1,27473.0,10.22094761140514
1595,801,0,1963,6.0,6,1,2020,57,0,9.119827645267542,1,3.0,1,1,,
1596,802,0,1986,13.0,7,1,2018,32,0,17.463974364041352,1,5.0,1,1,73401.0,11.203693884727905
1596,802,0,1986,13.0,7,1,2020,34,1,15.788367693496118,1,3.0,1,1,133398.0,11.801092620988468
1597,802,1,1976,9.0,4,1,2018,42,1,12.108564579054036,1,5.0,1,0,43578.0,10.682308457448977
1597,802,1,1976,9.0,4,1,2020,44,0,14.966863473233825,1,3.0,1,1,72092.0,11.18570011625237
1598,802,1,1967,6.0,4,1,2018,51,0,8.290891426256616,1,4.0,1,1,37054.0,10.52013062520608
1598,802,1,1967,6.0,4,1,2020,53,0,6.740934969813148,1,,1,0,30394.0,10.322003409222111
1599,803,0,1983,6.0,22,1,2018,35,1,13.189336202932019,1,5.0,1,1,70041.0,11.1568431423863
1599,803,0,1983,6.0,22,1,2020,37,1,8.73417935341565,0,3.0,1,1,72925.0,11.19718022495801
1600,804,1,1966,9.0,17,1,2018,52,1,11.670850831111691,1,5.0,1,0,44855.0,10.711194612138355
1600,804,1,1966,9.0,17,1,2020,54,0,8.457870390609154,1,3.0,1,0,26812.0,10.196604356603949
1601,805,1,1993,6.0,1,1,2018,25,1,7.872621083475458,0,5.0,1,1,142946.0,11.870223287173559
1601,805,1,1993,6.0,1,1,2020,27,0,9.99289757322538,1,4.0,1,1,31008.0,10.341992971043155
1602,806,1,1982,12.0,21,1,2018,36,0,16.733669322889618,0,5.0,1,1,52366.0,10.866017099745706
1602,806,1,1982,12.0,21,1,2020,38,1,13.602337747334552,1,4.0,1,1,159844.0,11.981956476099434
1603,806,1,1977,6.0,22,1,2018,41,0,10.09324613444267,1,2.0,1,0,43409.0,10.678413714150818
1603,806,1,1977,6.0,22,1,2020,43,0,9.33943817423367,1,4.0,1,1,116432.0,11.665060511407507
1604,806,1,1978,6.0,3,1,2018,40,0,6.060564499484659,1,3.0,1,1,35426.0,10.475199935602996
1604,806,1,1978,6.0,3,1,2020,42,0,6.693955112210258,1,4.0,1,0,45675.0,10.729302785057296
1605,807,0,1969,12.0,10,1,2018,49,1,,1,4.0,1,1,113894.0,11.643022563719875
1605,807,0,1969,12.0,10,1,2020,51,0,20.034254214984905,1,4.0,1,1,49135.0,10.802325576334049
1606,807,1,1990,12.0,1,1,2018,28,1,15.741507153560176,1,4.0,1,1,100481.0,11.517722773407412
1606,807,1,1990,12.0,1,1,2020,30,1,15.043281172132724,1,4.0,1,1,60618.0,11.012355003828578
1607,808,1,1988,6.0,14,1,2018,30,0,8.983799440964587,1,5.0,1,1,55518.0,10.924454257160717
1607,808,1,1988,6.0,14,1,2020,32,1,7.13246101902868,1,4.0,1,1,44464.0,10.702435985961891
1608,809,0,1966,6.0,19,1,2018,52,1,7.150068167119102,1,3.0,1,1,33900.0,10.431167825654681
1608,809,0,1966,6.0,19,1,2020,54,0,12.308904982930407,1,3.0,1,1,80674.0,11.29817053296415
1609,809,0,1991,6.0,25,0,2018,27,1,13.34827499299627,1,3.0,0,0,63319.0,11.055946922912218
1609,809,0,1991,6.0,25,0,2020,29,0,8.553039109840157,1,4.0,0,1,42325.0,10.653139693038263
1610,810,0,1973,9.0,10,1,2018,45,0,10.722312950841966,1,4.0,1,1,29119.0,10.279151380465304
1610,810,0,1973,9.0,10,1,2020,47,0,11.749121612814967,1,3.0,1,1,115468.0,11.656747984369781
1611,810,0,1986,12.0,11,1,2018,32,1,15.3261225709375,1,3.0,1,1,121080.0,11.704202753335144
1611,810,0,1986,12.0,11,1,2020,34,1,14.677108332991768,0,,1,1,91348.0,11.422428204921738
1612,811,0,1982,9.0,8,1,2018,36,0,10.995332484594076,1,5.0,1,1,28068.0,10.242384967446274
1612,811,0,1982,9.0,8,1,2020,38,0,9.549368354303365,0,3.0,1,1,75804.0,11.235912049239142
1613,811,1,1991,9.0,5,1,2018,27,0,11.384185941581462,0,4.0,1,1,58207.0,10.971755419968867
1613,811,1,1991,9.0,5,1,2020,29,1,10.018995989780747,1,4.0,1,1,26530.0,10.186023842680783
1614,811,1,1985,6.0,28,1,2018,33,1,13.709395533758885,1,4.0,1,1,86107.0,11.363347051658728
1614,811,1,1985,6.0,28,1,2020,35,0,8.456536300914637,0,4.0,1,0,77191.0,11.254034179570112
1615,812,0,1966,9.0,15,1,2018,52,0,11.486951018571338,1,5.0,1,1,133478.0,11.801693515059172
1615,812,0,1966,9.0,15,1,2020,54,0,11.046400857411715,0,4.0,1,1,24479.0,10.105563541527093
1616,813,1,1991,12.0,5,1,2018,27,0,16.60551538657363,0,3.0,1,1,166449.0,12.022447233913562
1616,813,1,1991,12.0,5,1,2020,29,0,11.824844599553467,0,3.0,1,0,45913.0,10.734497258402374
1617,813,1,1976,12.0,1,1,2018,42,0,17.73419678003893,1,4.0,1,1,96625.0,11.478593895500143
1617,813,1,1976,12.0,1,1,2020,44,0,16.25903356341757,1,4.0,1,1,112975.0,11.634923160055243
1618,814,1,1963,9.0,9,1,2018,55,0,9.027268315500876,1,3.0,1,1,72955.0,11.197597224176654
1618,814,1,1963,9.0,9,1,2020,57,1,12.943615047754356,1,3.0,1,1,52094.0,10.860800650870766
1619,815,1,1988,6.0,3,0,2018,30,0,9.02722360960035,1,5.0,0,0,38330.0,10.553978147759118
1619,815,1,1988,6.0,3,0,2020,32,1,4.443736506408239,1,4.0,0,0,28546.0,10.259255542948292
1620,815,0,1964,9.0,6,1,2018,54,0,13.117695105858253,1,4.0,1,1,37792.0,10.539850754229311
1620,815,0,1964,9.0,6,1,2020,56,0,11.503095210164528,1,4.0,1,1,77692.0,11.26050870510279
1621,815,0,1984,9.0,9,1,2018,34,0,12.25291537989486,1,5.0,1,1,72906.0,11.1969197331347
1621,815,0,1984,9.0,9,1,2020,36,0,13.971839669817925,1,3.0,1,1,62604.0,11.044579625341184
1622,816,0,1980,9.0,14,1,2018,38,0,11.93343021041633,1,4.0,1,1,40755.0,10.615345766158741
1622,816,0,1980,9.0,14,1,2020,40,0,11.037961195637676,0,4.0,1,0,48153.0,10.782144118077207
1623,816,1,1984,12.0,10,1,2018,34,0,13.425802866089164,1,4.0,1,1,29432.0,10.289832892025634
1623,816,1,1984,12.0,10,1,2020,36,1,12.285496246151736,0,3.0,1,1,138070.0,11.835518784170674
1624,817,0,1982,6.0,7,1,2018,36,1,8.322266502857687,1,4.0,1,1,35086.0,10.465543854856584
1624,817,0,1982,6.0,7,1,2020,38,0,9.321015936492117,1,3.0,1,0,,
1625,817,1,1965,6.0,22,1,2018,53,0,6.081627958386077,1,3.0,1,1,117661.0,11.67556126220502
1625,817,1,1965,6.0,22,1,2020,55,0,7.3745012989165915,1,3.0,1,1,42615.0,10.659950689160182
1626,817,1,1971,12.0,9,1,2018,47,1,15.211637172066018,1,4.0,1,1,50179.0,10.823354137826325
1626,817,1,1971,12.0,9,1,2020,49,1,12.489208016255667,1,5.0,1,1,93523.0,11.445959306783095
1627,818,0,1968,9.0,22,1,2018,50,1,15.211549500267427,1,5.0,1,1,78663.0,11.272926462248469
1627,818,0,1968,9.0,22,1,2020,52,0,10.785656963293135,1,5.0,1,1,49634.0,10.81242281485034
1628,819,0,1966,6.0,28,1,2018,52,0,11.91676532847293,1,3.0,1,1,35668.0,10.482012902039477
1628,819,0,1966,6.0,28,1,2020,54,1,8.023486469888681,1,2.0,1,1,74216.0,11.21473090975636
1629,819,0,1978,9.0,13,0,2018,40,0,9.879353763800744,0,4.0,0,0,23799.0,10.077409582775184
1629,819,0,1978,9.0,13,0,2020,42,1,13.750614522901373,1,4.0,0,1,36602.0,10.507851567254633
1630,820,0,1978,6.0,10,1,2018,40,1,5.340665547832204,1,3.0,1,0,28784.0,10.267563996490434
1630,820,0,1978,6.0,10,1,2020,42,0,6.894003998892208,1,5.0,1,1,57849.0,10.965588329530972
1631,820,0,1978,6.0,23,1,2018,40,1,8.2032724582666,1,4.0,1,1,12004.0,9.393025882575607
1631,820,0,1978,6.0,23,1,2020,42,0,6.92763052863117,1,3.0,1,0,50140.0,10.82257088191484
1632,821,1,1979,9.0,22,1,2018,39,0,11.147165418725173,1,3.0,1,1,34619.0,10.45215933095208
1632,821,1,1979,9.0,22,1,2020,41,1,11.44847430541067,1,4.0,1,1,88033.0,11.385463987422046
1633,822,1,1980,12.0,18,1,2018,38,1,16.323406175893993,0,2.0,1,1,74223.0,11.214828476744884
1633,822,1,1980,12.0,18,1,2020,40,1,14.440627915099817,0,5.0,1,1,42469.0,10.656525627139997
1634,822,0,1971,12.0,14,1,2018,47,1,12.732660112187077,1,3.0,1,1,,
1634,822,0,1971,12.0,14,1,2020,49,0,16.785946605282394,1,4.0,1,1,56343.0,10.939209999194398
1635,822,1,1964,6.0,16,1,2018,54,0,6.1761609778747495,1,5.0,1,0,18037.0,9.80020171397887
1635,822,1,1964,6.0,16,1,2020,56,1,12.855599752263487,1,4.0,1,0,57469.0,10.959000813937052
1636,823,1,1966,12.0,19,1,2018,52,1,15.067781373447094,1,4.0,1,1,63711.0,11.062105536951513
1636,823,1,1966,12.0,19,1,2020,54,0,13.594999678985888,1,4.0,1,1,,
1637,824,1,1978,9.0,13,1,2018,40,1,15.634811895294675,1,5.0,1,1,173418.0,12.063458934702298
1637,824,1,1978,9.0,13,1,2020,42,0,11.247538999668983,1,5.0,1,0,61237.0,11.022506000522887
1638,825,1,1983,9.0,9,1,2018,35,0,13.647682552066962,1,3.0,1,1,54363.0,10.903430394769936
1638,825,1,1983,9.0,9,1,2020,37,0,12.632561342986731,1,4.0,1,1,83789.0,11.336059947212972
1639,825,0,1970,9.0,6,1,2018,48,1,10.95449928057705,1,3.0,1,1,63824.0,11.063883406460985
1639,825,0,1970,9.0,6,1,2020,50,1,12.456558951270095,1,4.0,1,1,,
1640,826,1,1990,12.0,3,0,2018,28,0,12.598408777325625,1,5.0,0,0,69472.0,11.148673003365985
1640,826,1,1990,12.0,3,0,2020,30,0,14.814998325852534,1,5.0,0,0,59435.0,10.992633400324221
1641,827,0,1966,12.0,26,1,2018,52,1,14.064245685957598,1,4.0,1,1,94458.0,11.455913706810355
1641,827,0,1966,12.0,26,1,2020,54,1,14.533925793888613,1,3.0,1,1,50415.0,10.82803745569721
1642,828,0,1971,6.0,16,1,2018,47,1,8.277067406746502,1,3.0,1,0,49652.0,10.81279099409909
1642,828,0,1971,6.0,16,1,2020,49,1,6.087762620778839,0,4.0,1,0,31455.0,10.356312497509633
1643,828,0,1975,6.0,22,1,2018,43,1,6.980213796410668,1,5.0,1,1,25760.0,10.156572029193104
1643,828,0,1975,6.0,22,1,2020,45,0,9.260440532367804,0,3.0,1,0,52833.0,10.874898321327969
1644,828,1,1982,6.0,27,1,2018,36,0,11.087812829320958,1,5.0,1,1,77869.0,11.262786590898695
1644,828,1,1982,6.0,27,1,2020,38,1,7.265900351325184,1,3.0,1,1,41236.0,10.627077296817282
1645,829,1,1978,13.0,17,1,2018,40,0,15.43682015148879,1,4.0,1,1,114553.0,11.648793655466234
1645,829,1,1978,13.0,17,1,2020,42,0,17.573535675228737,1,5.0,1,1,151707.0,11.929707936763032
1646,829,1,1970,16.0,11,1,2018,48,1,18.453841427616656,1,4.0,1,1,145600.0,11.888619900140295
1646,829,1,1970,16.0,11,1,2020,50,0,16.008880211629645,1,4.0,1,1,111002.0,11.617305395400448
1647,829,0,1979,9.0,16,1,2018,39,1,11.362122101911416,1,4.0,1,1,56719.0,10.94585928836418
1647,829,0,1979,9.0,16,1,2020,41,1,11.758183246979211,1,4.0,1,1,35716.0,10.483347488469276
1648,830,1,1988,9.0,23,1,2018,30,0,12.355873784027555,0,5.0,1,1,72057.0,11.185214376470231
1648,830,1,1988,9.0,23,1,2020,32,1,12.602345954887667,1,5.0,1,1,75950.0,11.237830591264514
1649,831,0,1988,6.0,10,1,2018,30,1,8.646297428698777,1,4.0,1,1,17228.0,9.754294028829813
1649,831,0,1988,6.0,10,1,2020,32,0,7.417924136638329,1,5.0,1,1,28572.0,10.260193690550913
1650,831,1,1982,12.0,7,1,2018,36,1,16.76412881099258,1,4.0,1,1,54895.0,10.913169137347893
1650,831,1,1982,12.0,7,1,2020,38,0,17.113428946043776,1,5.0,1,1,118826.0,11.68541538057853
1651,831,0,1985,9.0,3,0,2018,33,0,9.430426106341356,1,4.0,0,0,26372.0,10.180062401944602
1651,831,0,1985,9.0,3,0,2020,35,1,15.434355748266158,1,4.0,0,1,,
1652,832,0,1989,6.0,27,1,2018,29,0,,1,4.0,1,0,,
1652,832,0,1989,6.0,27,1,2020,31,0,10.311624756906777,1,4.0,1,1,55914.0,10.931573564224362
1653,832,0,1991,6.0,8,1,2018,27,0,11.45398385974309,1,5.0,1,1,,
1653,832,0,1991,6.0,8,1,2020,29,0,9.196285910882601,1,3.0,1,1,45105.0,10.716739784776864
1654,833,0,1986,9.0,20,0,2018,32,0,12.44142557786992,0,4.0,0,1,,
1654,833,0,1986,9.0,20,0,2020,34,1,10.713931788510125,1,4.0,0,1,34442.0,10.44704337949988
1655,833,1,1980,6.0,23,1,2018,38,0,9.187390924123923,1,4.0,1,0,40133.0,10.599946454031565
1655,833,1,1980,6.0,23,1,2020,40,1,7.519280142055945,0,,1,0,32693.0,10.394921716186374
1656,834,0,1966,12.0,20,1,2018,52,1,13.429536773491169,1,4.0,1,1,46943.0,10.756694398480988
1656,834,0,1966,12.0,20,1,2020,54,1,14.015549831413392,1,3.0,1,1,66683.0,11.10770695648463
1657,834,0,1969,6.0,6,0,2018,49,0,5.823709642358652,1,4.0,0,0,31423.0,10.355284504744498
1657,834,0,1969,6.0,6,0,2020,51,0,8.627138993810659,1,5.0,0,0,13779.0,9.530921636006056
1658,835,1,1964,12.0,13,1,2018,54,1,11.31008984229177,1,4.0,1,1,98560.0,11.498419294399307
1658,835,1,1964,12.0,13,1,2020,56,1,13.172014037393275,1,3.0,1,1,85242.0,11.353249290790679
1659,836,0,1989,9.0,22,0,2018,29,0,11.583797229415564,1,4.0,0,0,,
1659,836,0,1989,9.0,22,0,2020,31,1,10.800408552656421,0,4.0,0,1,63096.0,11.05241556171616
1660,836,0,1987,6.0,9,1,2018,31,0,9.84237873070044,1,4.0,1,1,18554.0,9.828428982426482
1660,836,0,1987,6.0,9,1,2020,33,0,9.844239966898956,1,5.0,1,1,30916.0,10.339013285064603
1661,836,1,1966,9.0,2,1,2018,52,1,9.638574661038666,1,4.0,1,1,116505.0,11.665686600279749
1661,836,1,1966,9.0,2,1,2020,54,0,8.039740047302569,1,3.0,1,1,26521.0,10.185709494653894
1662,837,0,1986,9.0,3,0,2018,32,1,13.829140407303207,1,5.0,0,1,85639.0,11.35789923662138
1662,837,0,1986,9.0,3,0,2020,34,0,13.461753047248683,0,3.0,0,1,72275.0,11.188235928793294
1663,837,1,1980,6.0,26,1,2018,38,1,7.606369091262236,0,4.0,1,1,73531.0,11.205466543442869
1663,837,1,1980,6.0,26,1,2020,40,1,7.200645084705237,1,,1,0,46300.0,10.742897286940659
1664,837,0,1974,9.0,17,1,2018,44,1,13.571002429034293,1,4.0,1,1,159087.0,11.977206540353745
1664,837,0,1974,9.0,17,1,2020,46,0,12.470368353960561,1,4.0,1,0,36916.0,10.516395994071491
1665,838,1,1964,6.0,11,1,2018,54,0,5.1602066360807815,1,4.0,1,1,20356.0,9.921115341540359
1665,838,1,1964,6.0,11,1,2020,56,1,9.620780056991947,1,4.0,1,1,29650.0,10.29721818064146
1666,838,1,1987,6.0,18,1,2018,31,1,10.553454940020702,0,4.0,1,1,56731.0,10.946075065023454
1666,838,1,1987,6.0,18,1,2020,33,0,11.5953209465,0,3.0,1,1,24590.0,10.1101073458275
1667,838,0,1986,6.0,13,1,2018,32,0,8.77329822877755,0,4.0,1,1,17674.0,9.779822842757369
1667,838,0,1986,6.0,13,1,2020,34,1,9.147273771554945,1,4.0,1,1,25444.0,10.144239866489126
1668,839,1,1985,6.0,1,1,2018,33,1,9.249368449489836,1,3.0,1,1,30388.0,10.321809012595962
1668,839,1,1985,6.0,1,1,2020,35,0,9.896082647184862,1,4.0,1,1,63681.0,11.061649176945034
1669,840,1,1993,9.0,5,1,2018,25,1,11.872074426566915,0,3.0,1,1,48496.0,10.789239725999485
1669,840,1,1993,9.0,5,1,2020,27,0,14.700619058615263,0,4.0,1,1,,
1670,840,1,1964,9.0,27,1,2018,54,0,12.617536630442396,1,4.0,1,1,47841.0,10.775642240380499
1670,840,1,1964,9.0,27,1,2020,56,0,9.969378095020096,1,4.0,1,1,,
1671,840,0,1986,12.0,4,1,2018,32,0,13.994595897108693,0,4.0,1,1,33216.0,10.410776175458121
1671,840,0,1986,12.0,4,1,2020,34,1,14.359319198835236,0,5.0,1,1,88544.0,11.391256177494531
1672,841,0,1993,9.0,21,1,2018,25,1,9.755192713792265,0,5.0,1,1,17324.0,9.759841071282402
1672,841,0,1993,9.0,21,1,2020,27,0,12.403820631922116,1,3.0,1,1,43341.0,10.676865355856695
1673,842,0,1993,6.0,11,1,2018,25,0,14.291041170199403,1,4.0,1,1,29065.0,10.277272860161327
1673,842,0,1993,6.0,11,1,2020,27,0,12.85163299980017,1,4.0,1,1,17365.0,9.762209335028128
1674,842,0,1983,6.0,9,1,2018,35,0,7.570839805685367,1,4.0,1,1,26651.0,10.190598947894165
1674,842,0,1983,6.0,9,1,2020,37,0,5.780567340003366,1,3.0,1,1,22116.0,10.004049533221327
1675,843,1,1978,6.0,12,1,2018,40,0,9.136579917855586,1,3.0,1,0,91730.0,11.426605184563485
1675,843,1,1978,6.0,12,1,2020,42,1,8.417672796865974,0,4.0,1,1,40544.0,10.610145182286102
1676,843,0,1993,6.0,14,0,2018,25,1,9.1983123220161,0,4.0,0,1,27249.0,10.212777084392417
1676,843,0,1993,6.0,14,0,2020,27,1,7.590318948525051,0,4.0,1,1,86506.0,11.367967309002022
1677,844,0,1974,9.0,5,1,2018,44,1,13.031876943288932,1,4.0,1,1,81679.0,11.310548684580267
1677,844,0,1974,9.0,5,1,2020,46,1,12.442351311526632,1,4.0,1,1,36502.0,10.50511607240341
1678,844,1,1992,12.0,19,0,2018,26,1,16.91053339604894,0,5.0,0,1,91619.0,11.425398993935232
1678,844,1,1992,12.0,19,0,2020,28,0,13.26890271797177,1,4.0,0,1,92955.0,11.439874780598608
1679,844,0,1980,9.0,21,1,2018,38,0,7.673761937150611,1,5.0,1,0,20880.0,9.946536242834409
1679,844,0,1980,9.0,21,1,2020,40,1,12.030699399315772,1,5.0,1,1,215966.0,12.28287546645896
1680,845,0,1966,6.0,18,1,2018,52,1,7.706585569235186,1,3.0,1,1,31452.0,10.356202359898097
1680,845,0,1966,6.0,18,1,2020,54,1,6.491143777536048,1,4.0,1,1,74181.0,11.2142602965994
1681,846,1,1964,9.0,10,1,2018,54,0,9.524430707748797,1,4.0,1,1,,
1681,846,1,1964,9.0,10,1,2020,56,0,12.354950337772832,1,3.0,1,1,73947.0,11.211101560781843
1682,847,1,1970,12.0,28,0,2018,48,0,18.053006443208048,1,3.0,0,1,51881.0,10.8567059664424
1682,847,1,1970,12.0,28,0,2020,50,0,16.949098516281403,1,4.0,0,0,85165.0,11.352342205291263
1683,847,0,1990,9.0,17,1,2018,28,0,12.712405595911363,1,5.0,1,1,61799.0,11.03164221222069
1683,847,0,1990,9.0,17,1,2020,30,0,13.331173387393209,1,4.0,1,1,68659.0,11.136903956650219
1684,847,1,1977,6.0,16,1,2018,41,1,9.171368771123884,1,4.0,1,0,121678.0,11.709129824191459
1684,847,1,1977,6.0,16,1,2020,43,1,7.035270841950801,1,4.0,1,1,43736.0,10.685922489848629
1685,848,0,1990,12.0,6,1,2018,28,0,13.748465430364423,0,5.0,1,1,51229.0,10.844063054851784
1685,848,0,1990,12.0,6,1,2020,30,0,15.695951620970938,0,5.0,1,1,32977.0,10.403559457507193
1686,848,1,1979,12.0,7,1,2018,39,1,15.680812564567056,1,4.0,1,1,107572.0,11.58591279955996
1686,848,1,1979,12.0,7,1,2020,41,0,16.74019408990908,1,3.0,1,1,177507.0,12.086765290971249
1687,848,0,1964,6.0,9,1,2018,54,1,8.128204821548358,1,5.0,1,1,45430.0,10.723921807470354
1687,848,0,1964,6.0,9,1,2020,56,0,11.155202373629038,1,4.0,1,1,17528.0,9.771533105832992
1688,849,0,1975,12.0,13,0,2018,43,0,,1,,0,1,36915.0,10.516376425239832
1688,849,0,1975,12.0,13,0,2020,45,0,14.630829328838775,1,4.0,0,1,80229.0,11.29263620369102
1689,850,0,1974,6.0,16,0,2018,44,0,8.101595714186598,1,3.0,0,0,28264.0,10.249346450202273
1689,850,0,1974,6.0,16,0,2020,46,0,6.077031795889708,1,5.0,1,0,44553.0,10.704441635189633
1690,850,0,1984,9.0,14,0,2018,34,1,13.25984963944102,0,3.0,0,1,39472.0,10.583349323234488
1690,850,0,1984,9.0,14,0,2020,36,0,10.40587398117647,0,4.0,0,1,,
1691,850,0,1986,6.0,5,0,2018,32,1,7.971760606169619,0,5.0,0,1,58986.0,10.985053844754692
1691,850,0,1986,6.0,5,0,2020,34,1,8.603827982225651,1,4.0,0,1,23368.0,10.059135934803638
1692,851,0,1964,9.0,20,1,2018,54,0,12.979071911069804,1,4.0,1,1,34985.0,10.462672502390621
1692,851,0,1964,9.0,20,1,2020,56,0,12.948570119749913,1,4.0,1,1,56232.0,10.937243453309886
1693,852,1,1982,9.0,16,1,2018,36,1,13.264070235196463,1,5.0,1,1,98909.0,11.501956033439207
1693,852,1,1982,9.0,16,1,2020,38,1,12.251531073174018,1,5.0,1,1,70254.0,11.159866330372013
1694,852,0,1992,6.0,15,1,2018,26,0,9.698988825498343,1,4.0,1,1,,
1694,852,0,1992,6.0,15,1,2020,28,0,7.324849032872792,0,4.0,1,0,,
1695,853,1,1973,9.0,8,1,2018,45,0,14.274212750273373,1,4.0,1,1,56893.0,10.948922346981888
1695,853,1,1973,9.0,8,1,2020,47,1,10.443730334641735,1,4.0,1,1,44960.0,10.713522016824252
1696,854,1,1991,9.0,20,1,2018,27,0,14.084953185014692,1,4.0,1,1,81953.0,11.313897418276282
1696,854,1,1991,9.0,20,1,2020,29,1,11.232997579153869,0,4.0,1,1,20794.0,9.94243478638601
1697,854,1,1991,6.0,22,0,2018,27,1,8.868171332304966,1,4.0,0,0,28666.0,10.263484092595707
1697,854,1,1991,6.0,22,0,2020,29,1,9.466961218508578,0,4.0,0,0,65069.0,11.08319830868651
1698,854,0,1968,9.0,17,1,2018,50,1,11.712734319655773,1,5.0,1,1,32766.0,10.397158856291327
1698,854,0,1968,9.0,17,1,2020,52,0,13.836677772732134,1,3.0,1,1,35177.0,10.468152539342094
1699,855,1,1990,12.0,15,1,2018,28,1,12.921758958533596,1,3.0,1,1,67570.0,11.120921372261504
1699,855,1,1990,12.0,15,1,2020,30,1,14.082819830134572,0,5.0,1,0,80959.0,11.301702320807339
1700,856,1,1986,12.0,8,1,2018,32,0,18.21296842424917,1,4.0,1,1,86118.0,11.363471482870638
1700,856,1,1986,12.0,8,1,2020,34,0,12.65860655442505,1,4.0,1,1,72981.0,11.197949869705077
1701,856,0,1965,6.0,23,1,2018,53,0,7.685586861661803,1,5.0,1,1,,
1701,856,0,1965,6.0,23,1,2020,55,0,7.075320020075196,1,3.0,1,1,36754.0,10.512002934172928
1702,857,0,1990,6.0,2,1,2018,28,0,9.838864494771778,1,4.0,1,1,117764.0,11.676437854461104
1702,857,0,1990,6.0,2,1,2020,30,0,10.919565961884,1,4.0,1,1,37351.0,10.52810171721017
1703,857,0,1968,9.0,20,1,2018,50,1,13.529546157051438,1,5.0,1,1,65665.0,11.092321615224414
1703,857,0,1968,9.0,20,1,2020,52,1,11.900250890989605,1,4.0,1,1,50355.0,10.826848526702706
1704,857,1,1976,9.0,11,1,2018,42,1,10.319452590688327,1,3.0,1,1,,
1704,857,1,1976,9.0,11,1,2020,44,1,11.7111569373786,0,5.0,1,1,74930.0,11.22431088541005
1705,858,1,1988,6.0,1,0,2018,30,0,12.849025994814745,0,3.0,0,1,61356.0,11.024453332680913
1705,858,1,1988,6.0,1,0,2020,32,0,11.980844326703812,0,4.0,1,1,15875.0,9.672507205441724
1706,859,1,1966,9.0,25,1,2018,52,0,10.969201281789793,1,4.0,1,0,56175.0,10.936226075317036
1706,859,1,1966,9.0,25,1,2020,54,0,12.756881772719526,1,3.0,1,0,109341.0,11.602228419494846
1707,860,1,1991,6.0,3,1,2018,27,1,8.237612714004511,1,4.0,1,1,29116.0,10.279034451717084
1707,860,1,1991,6.0,3,1,2020,29,1,10.809697898090949,0,4.0,1,1,55937.0,10.931972940875905
1708,861,0,1978,9.0,11,1,2018,40,0,11.994891135076216,1,3.0,1,0,30461.0,10.324218457776986
1708,861,0,1978,9.0,11,1,2020,42,1,11.374386486442068,1,4.0,1,1,84708.0,11.346961654762946
1709,861,0,1979,9.0,14,1,2018,39,1,10.933376340144443,1,5.0,1,1,38553.0,10.559789561548472
1709,861,0,1979,9.0,14,1,2020,41,1,,1,4.0,1,1,53085.0,10.879641051701535
1710,862,1,1964,6.0,2,1,2018,54,1,9.502993751208834,1,3.0,1,1,97452.0,11.487110283161215
1710,862,1,1964,6.0,2,1,2020,56,0,6.283018503515164,1,2.0,1,0,,
1711,862,1,1964,6.0,8,1,2018,54,1,9.523488346396281,1,3.0,1,1,34976.0,10.462404827075902
1711,862,1,1964,6.0,8,1,2020,56,0,6.769454679150126,1,4.0,1,1,37139.0,10.522426614258759
1712,863,1,1965,12.0,20,1,2018,53,0,15.990591230000087,1,4.0,1,1,100859.0,11.521478016515399
1712,863,1,1965,12.0,20,1,2020,55,1,14.532952345591962,1,4.0,1,1,27748.0,10.23091731594828
1713,864,0,1992,9.0,11,1,2018,26,0,18.13870817374283,0,3.0,1,1,27199.0,10.210927016005703
1713,864,0,1992,9.0,11,1,2020,28,0,11.201934249185854,0,4.0,1,1,49328.0,10.806239054871758
1714,864,0,1966,9.0,4,1,2018,52,0,11.347247011937863,1,3.0,1,1,57046.0,10.95161002410138
1714,864,0,1966,9.0,4,1,2020,54,0,11.987006026277736,1,5.0,1,1,81120.0,11.303686311209653
1715,865,1,1975,9.0,6,1,2018,43,1,10.050777768022964,1,4.0,1,1,108311.0,11.592764042178096
1715,865,1,1975,9.0,6,1,2020,45,1,13.170376654055186,1,4.0,1,1,77037.0,11.252044255782296
1716,865,1,1980,9.0,1,1,2018,38,0,12.927150263678275,1,3.0,1,1,112122.0,11.627342130207804
1716,865,1,1980,9.0,1,1,2020,40,1,12.640634705246725,1,3.0,1,1,39704.0,10.589219130442757
1717,865,1,1991,12.0,28,1,2018,27,1,15.672111547479116,0,4.0,1,1,76008.0,11.23859779648086
1717,865,1,1991,12.0,28,1,2020,29,1,17.088645740503544,0,4.0,1,1,73375.0,11.203344639029266
1718,866,0,1979,6.0,28,1,2018,39,0,6.321796276131346,1,3.0,1,0,28200.0,10.247076955600864
1718,866,0,1979,6.0,28,1,2020,41,1,6.072400400929155,1,,1,1,65291.0,11.086602750552586
1719,867,0,1971,6.0,15,1,2018,47,1,8.31341546470066,1,3.0,1,1,109649.0,11.605041390046964
1719,867,0,1971,6.0,15,1,2020,49,1,10.473529423078052,1,3.0,1,1,35658.0,10.48174258090846
1720,868,1,1975,9.0,15,1,2018,43,0,12.056337536594407,1,5.0,1,1,116340.0,11.664269650043693
1720,868,1,1975,9.0,15,1,2020,45,1,10.93255018395546,1,5.0,1,1,91823.0,11.427618699195191
1721,868,1,1989,6.0,13,0,2018,29,1,6.379620122127843,0,5.0,0,1,83509.0,11.3327103776613
1721,868,1,1989,6.0,13,0,2020,31,0,9.926569070618413,1,4.0,0,1,,
1722,869,0,1988,12.0,13,1,2018,30,0,16.889660449698404,1,4.0,1,1,206748.0,12.23925768726914
1722,869,0,1988,12.0,13,1,2020,32,0,15.656063392366873,0,5.0,1,1,164396.0,12.010035699821955
1723,870,0,1990,9.0,6,1,2018,28,1,10.162278406287815,1,5.0,1,1,49652.0,10.812800216107608
1723,870,0,1990,9.0,6,1,2020,30,0,12.357740299608976,1,5.0,1,1,65262.0,11.08616695348806
1724,871,0,1985,6.0,6,0,2018,33,1,9.408993661074508,1,3.0,0,1,24641.0,10.112170902271442
1724,871,0,1985,6.0,6,0,2020,35,0,9.742315725902099,1,4.0,0,1,50853.0,10.836689803659239
1725,871,0,1968,6.0,28,1,2018,50,1,10.769302368863091,1,4.0,1,1,,
1725,871,0,1968,6.0,28,1,2020,52,0,6.493697259800687,1,5.0,1,1,63624.0,11.06075133639911
1726,872,0,1979,9.0,5,1,2018,39,1,11.126218884214861,1,4.0,1,1,70453.0,11.162699762486792
1726,872,0,1979,9.0,5,1,2020,41,1,12.14515678213619,1,4.0,1,1,48202.0,10.783165832385146
1727,873,0,1991,6.0,12,1,2018,27,1,9.114634135149668,1,5.0,1,1,37026.0,10.519363106505024
1727,873,0,1991,6.0,12,1,2020,29,1,6.903132023468122,1,4.0,1,0,35220.0,10.46937325839314
1728,874,0,1964,6.0,27,1,2018,54,1,10.110453829910181,1,4.0,1,0,88910.0,11.395384507425483
1728,874,0,1964,6.0,27,1,2020,56,0,10.544914566948503,1,5.0,1,0,51742.0,10.854032173092676
1729,874,0,1980,12.0,12,1,2018,38,1,15.110235490094155,1,4.0,1,1,85808.0,11.359862039765455
1729,874,0,1980,12.0,12,1,2020,40,0,12.732770803604158,1,4.0,1,1,63458.0,11.058134579949762
1730,874,0,1987,12.0,27,0,2018,31,1,16.229761066068264,1,4.0,0,1,75666.0,11.234083950066564
1730,874,0,1987,12.0,27,0,2020,33,0,13.513140016319731,1,3.0,0,0,52783.0,10.873945484165557
1731,875,1,1968,9.0,6,1,2018,50,1,10.776243979363835,1,5.0,1,1,97707.0,11.489729424763542
1731,875,1,1968,9.0,6,1,2020,52,0,10.05693025187939,1,4.0,1,1,66324.0,11.102302977569943
1732,875,1,1969,9.0,19,1,2018,49,0,8.943728476566877,1,5.0,1,1,41015.0,10.621692302841272
1732,875,1,1969,9.0,19,1,2020,51,1,11.450834645825893,1,3.0,1,1,30718.0,10.33261147454232
1733,876,0,1966,6.0,4,1,2018,52,0,7.278013131555864,1,3.0,1,0,64726.0,11.077915294044857
1733,876,0,1966,6.0,4,1,2020,54,0,8.309928430846963,1,4.0,1,0,20232.0,9.915013627350108
1734,876,0,1988,9.0,16,1,2018,30,1,13.354458178417833,1,4.0,1,1,,
1734,876,0,1988,9.0,16,1,2020,32,0,11.783504891408837,0,3.0,1,0,25621.0,10.151168870319603
1735,877,0,1991,9.0,10,0,2018,27,1,10.970581657456748,1,3.0,0,0,18170.0,9.807524238827106
1735,877,0,1991,9.0,10,0,2020,29,0,13.211924854844085,1,5.0,0,0,25885.0,10.16141897967074
1736,878,1,1984,6.0,26,0,2018,34,0,8.792413065500554,1,4.0,0,0,31395.0,10.354394020117757
1736,878,1,1984,6.0,26,0,2020,36,0,11.247351606813991,1,4.0,0,0,60582.0,11.011756577837476
1737,878,0,1967,12.0,8,1,2018,51,1,12.557393449214379,1,4.0,1,1,106097.0,11.572110259470874
1737,878,0,1967,12.0,8,1,2020,53,0,14.271038724178442,1,5.0,1,1,148232.0,11.906534459014111
1738,879,1,1969,6.0,5,1,2018,49,0,7.420281679027331,1,4.0,1,0,,
1738,879,1,1969,6.0,5,1,2020,51,0,8.026368477422182,1,5.0,1,1,72102.0,11.185835048430729
1739,879,0,1973,9.0,23,1,2018,45,1,11.581284234551513,1,4.0,1,0,71005.0,11.170505581267909
1739,879,0,1973,9.0,23,1,2020,47,0,8.525803169815804,1,2.0,1,1,43454.0,10.679463694110256
1740,879,1,1967,12.0,23,1,2018,51,0,15.080084425182967,1,4.0,1,1,106959.0,11.580199522889444
1740,879,1,1967,12.0,23,1,2020,53,0,13.351606414120365,1,4.0,1,1,69641.0,11.151106157760031
1741,880,1,1967,9.0,14,1,2018,51,0,10.907744960217055,1,3.0,1,1,44449.0,10.70209712409168
1741,880,1,1967,9.0,14,1,2020,53,1,12.982616434670069,1,5.0,1,1,65009.0,11.082288421491727
1742,880,0,1965,6.0,1,1,2018,53,0,7.922216691573565,1,4.0,1,1,,
1742,880,0,1965,6.0,1,1,2020,55,0,10.318652127393749,1,,1,0,56774.0,10.94683532626695
1743,881,0,1971,6.0,8,1,2018,47,1,5.1093840747865915,1,4.0,1,0,16451.0,9.708117955364186
1743,881,0,1971,6.0,8,1,2020,49,0,6.965543796621999,1,4.0,1,0,41028.0,10.62200933596922
1744,881,0,1986,9.0,14,0,2018,32,1,10.032691939955196,1,4.0,0,1,33108.0,10.407533074030033
1744,881,0,1986,9.0,14,0,2020,34,0,13.029935867063283,1,3.0,0,1,55767.0,10.928942362827586
1745,881,1,1966,12.0,19,1,2018,52,0,16.344452376859007,1,3.0,1,0,121009.0,11.70362347068443
1745,881,1,1966,12.0,19,1,2020,54,0,15.062120864559404,1,4.0,1,1,,
1746,882,0,1969,14.0,19,1,2018,49,0,14.203746134656658,1,3.0,1,1,27471.0,10.220871226761913
1746,882,0,1969,14.0,19,1,2020,51,0,14.844200825038042,1,5.0,1,1,167616.0,12.029429388646754
1747,882,1,1993,6.0,27,0,2018,25,1,9.934031153674649,0,4.0,0,0,57493.0,10.959421534095805
1747,882,1,1993,6.0,27,0,2020,27,1,10.317666558724817,0,4.0,0,1,70244.0,11.159730275436953
1748,883,1,1991,12.0,18,1,2018,27,1,15.07807946731533,1,5.0,1,1,,
1748,883,1,1991,12.0,18,1,2020,29,0,17.094563239366323,0,5.0,1,1,91743.0,11.426751550195117
1749,883,0,1992,6.0,18,1,2018,26,1,5.659602130630191,1,4.0,1,0,21468.0,9.97431070294892
1749,883,0,1992,6.0,18,1,2020,28,1,9.147054863897836,0,4.0,1,1,22308.0,10.012684021213342
1750,884,1,1967,9.0,10,1,2018,51,0,13.389289780290635,1,3.0,1,1,68307.0,11.13176860246959
1750,884,1,1967,9.0,10,1,2020,53,0,11.720560008544435,1,4.0,1,0,30241.0,10.316961520688414
1751,884,1,1979,6.0,13,1,2018,39,1,8.86036206939717,1,5.0,1,1,39243.0,10.577539182822845
1751,884,1,1979,6.0,13,1,2020,41,1,6.96655986146362,0,4.0,1,1,69707.0,11.152051450593996
1752,885,0,1973,9.0,6,1,2018,45,0,15.546222960208585,1,5.0,1,1,93706.0,11.447914302137805
1752,885,0,1973,9.0,6,1,2020,47,0,11.489544327483584,1,4.0,1,1,51909.0,10.857247304666481
1753,885,1,1990,9.0,21,1,2018,28,0,10.439862290911906,0,4.0,1,1,54208.0,10.900588463262782
1753,885,1,1990,9.0,21,1,2020,30,0,9.871420955569478,1,4.0,1,1,106146.0,11.572569181702914
1754,885,0,1963,6.0,22,0,2018,55,1,11.659244040676677,1,5.0,0,1,61068.0,11.019738596291972
1754,885,0,1963,6.0,22,0,2020,57,0,8.049997144481358,1,5.0,0,1,44867.0,10.711448419398995
1755,886,1,1982,12.0,11,1,2018,36,1,18.547921011493333,1,4.0,1,1,232562.0,12.356913457725813
1755,886,1,1982,12.0,11,1,2020,38,1,12.487522766512406,1,4.0,1,1,80240.0,11.292776180641365
1756,887,0,1982,9.0,1,1,2018,36,0,15.106052526335672,0,4.0,1,1,66972.0,11.112024323129404
1756,887,0,1982,9.0,1,1,2020,38,0,14.32991002668725,1,4.0,1,1,21748.0,9.987261820800697
1757,887,0,1980,12.0,25,1,2018,38,1,19.89655542970537,1,4.0,1,1,63414.0,11.057440927090692
1757,887,0,1980,12.0,25,1,2020,40,1,14.662699083618259,0,5.0,1,1,78395.0,11.269516089903501
1758,887,1,1985,12.0,28,1,2018,33,0,13.057071323034542,1,5.0,1,1,79515.0,11.283699222579315
1758,887,1,1985,12.0,28,1,2020,35,1,13.120688927844359,1,4.0,1,1,111281.0,11.619813237000765
1759,888,0,1974,12.0,6,1,2018,44,0,14.678419175717899,1,4.0,1,1,61928.0,11.033728502824596
1759,888,0,1974,12.0,6,1,2020,46,0,15.157248135026006,1,4.0,1,0,103955.0,11.551717224640468
1760,888,1,1970,6.0,12,1,2018,48,1,10.479180953685637,1,3.0,1,1,26277.0,10.176463721682504
1760,888,1,1970,6.0,12,1,2020,50,0,4.2131583134908706,1,,1,0,25342.0,10.140207717609297
1761,889,1,1987,9.0,19,1,2018,31,1,14.604823298038099,1,3.0,1,1,33576.0,10.421570387831805
1761,889,1,1987,9.0,19,1,2020,33,1,11.42764413697911,1,4.0,1,1,77592.0,11.259219959653226
1762,890,1,1990,6.0,1,0,2018,28,0,7.379833640378321,0,5.0,0,1,40806.0,10.616586489548876
1762,890,1,1990,6.0,1,0,2020,30,1,9.615350712377388,1,4.0,0,0,48618.0,10.791747373467913
1763,890,1,1970,6.0,19,1,2018,48,0,7.89369474506762,1,4.0,1,1,43899.0,10.689656905449741
1763,890,1,1970,6.0,19,1,2020,50,1,9.940403580218172,1,5.0,1,0,122347.0,11.714619193135947
1764,890,0,1985,9.0,12,1,2018,33,1,13.220211882176251,1,4.0,1,1,126716.0,11.74970623788678
1764,890,0,1985,9.0,12,1,2020,35,0,15.027634562539816,1,4.0,1,1,61502.0,11.026821244028927
1765,891,1,1987,6.0,20,1,2018,31,1,7.082188867751415,0,4.0,1,1,46944.0,10.756717524678372
1765,891,1,1987,6.0,20,1,2020,33,1,10.64601139059215,0,5.0,1,1,,
1766,891,0,1987,9.0,10,1,2018,31,1,12.024385256652272,1,4.0,1,1,47514.0,10.76877356016476
1766,891,0,1987,9.0,10,1,2020,33,0,13.928598317671566,0,4.0,1,1,133182.0,11.799472657378834
1767,892,0,1974,6.0,3,1,2018,44,0,10.045223141207885,1,4.0,1,1,50812.0,10.835887013310213
1767,892,0,1974,6.0,3,1,2020,46,1,10.768532018402166,1,4.0,1,1,50971.0,10.839008047544487
1768,892,1,1982,6.0,27,1,2018,36,0,11.818476372631977,1,4.0,1,1,50057.0,10.820910589709003
1768,892,1,1982,6.0,27,1,2020,38,1,14.766400508887623,1,3.0,1,1,68534.0,11.135087383424437
1769,893,0,1989,9.0,11,1,2018,29,0,9.131048338085613,1,5.0,1,1,33058.0,10.40602780504664
1769,893,0,1989,9.0,11,1,2020,31,1,10.171327828269561,1,3.0,1,1,77649.0,11.259953517287654
1770,893,0,1985,12.0,21,1,2018,33,1,12.805412133744003,1,5.0,1,1,117434.0,11.673628194673011
1770,893,0,1985,12.0,21,1,2020,35,0,13.568244236437375,1,5.0,1,1,65559.0,11.090711559280411
1771,893,1,1993,9.0,25,1,2018,25,1,11.80827948138015,0,4.0,1,1,70761.0,11.16706073312799
1771,893,1,1993,9.0,25,1,2020,27,1,13.570317259567798,1,5.0,1,1,79289.0,11.280855758178927
1772,894,0,1977,9.0,28,1,2018,41,1,14.999891014601017,1,4.0,1,1,40758.0,10.61541062522706
1772,894,0,1977,9.0,28,1,2020,43,0,11.878363548036788,1,3.0,1,0,28311.0,10.25099901887017
1773,895,1,1984,9.0,23,0,2018,34,0,12.228748454069805,0,4.0,0,1,47984.0,10.778632645024638
1773,895,1,1984,9.0,23,0,2020,36,1,12.828065216115982,1,3.0,0,1,91073.0,11.419416515664466
1774,896,0,1971,9.0,8,1,2018,47,0,11.90135802785785,1,4.0,1,1,49657.0,10.81290469162719
1774,896,0,1971,9.0,8,1,2020,49,0,9.817033859920716,1,3.0,1,1,20446.0,9.925538213996882
1775,896,0,1989,6.0,27,1,2018,29,1,10.065098256357286,1,4.0,1,1,29149.0,10.280180222085738
1775,896,0,1989,6.0,27,1,2020,31,1,9.369095395367724,0,5.0,1,1,47479.0,10.768046413253074
1776,896,0,1975,6.0,8,1,2018,43,1,8.963076804396966,1,5.0,1,0,41225.0,10.626800033822105
1776,896,0,1975,6.0,8,1,2020,45,0,8.540515949616465,1,5.0,1,1,84924.0,11.34951599439164
1777,897,1,1978,9.0,9,1,2018,40,1,10.84358606452539,1,5.0,1,1,105974.0,11.57095263113843
1777,897,1,1978,9.0,9,1,2020,42,1,14.314200294698775,1,4.0,1,1,94897.0,11.460543667092482
1778,897,0,1974,12.0,22,1,2018,44,1,14.421583056192901,1,3.0,1,1,60941.0,11.01766355834495
1778,897,0,1974,12.0,22,1,2020,46,1,10.438832848393398,1,4.0,1,1,98434.0,11.497138145432466
1779,898,1,1983,6.0,9,1,2018,35,1,7.259274881886025,1,4.0,1,1,46308.0,10.743060155657624
1779,898,1,1983,6.0,9,1,2020,37,1,10.519599193125014,0,3.0,1,1,27593.0,10.225323707183954
1780,898,0,1985,9.0,14,1,2018,33,1,15.598716723400306,1,4.0,1,1,71912.0,11.183193132480362
1780,898,0,1985,9.0,14,1,2020,35,0,15.098136390755355,1,4.0,1,1,42843.0,10.665290712701708
1781,898,1,1964,12.0,16,1,2018,54,0,17.097336839490207,1,3.0,1,1,77193.0,11.254061341840833
1781,898,1,1964,12.0,16,1,2020,56,1,14.528590290706848,1,3.0,1,1,113645.0,11.640831318392399
1782,899,1,1970,16.0,18,1,2018,48,1,18.327300449040656,1,3.0,1,1,165077.0,12.014168188261198
1782,899,1,1970,16.0,18,1,2020,50,0,18.559399250513028,1,5.0,1,1,92169.0,11.431382869872277
1783,899,0,1973,6.0,21,1,2018,45,0,9.356188268368076,1,3.0,1,1,39996.0,10.596531509979206
1783,899,0,1973,6.0,21,1,2020,47,0,11.252817909715139,1,4.0,1,1,58187.0,10.971424009074665
1784,900,1,1974,9.0,28,1,2018,44,1,11.082667111665005,1,4.0,1,1,34228.0,10.440790155029198
1784,900,1,1974,9.0,28,1,2020,46,1,12.083466028346235,1,2.0,1,1,146579.0,11.895316413252473
1785,900,1,1978,6.0,6,1,2018,40,1,11.151880195542251,1,3.0,1,1,34972.0,10.4622973546358
1785,900,1,1978,6.0,6,1,2020,42,1,8.781865608364933,1,4.0,1,1,61648.0,11.029201419026533
1786,900,1,1989,6.0,19,1,2018,29,0,7.366077246491808,0,5.0,1,1,32618.0,10.392621573163334
1786,900,1,1989,6.0,19,1,2020,31,1,10.989690197357852,0,4.0,1,1,66183.0,11.100185639342929
1787,901,0,1987,9.0,10,1,2018,31,0,12.490950886342643,1,5.0,1,1,43706.0,10.685248990048787
1787,901,0,1987,9.0,10,1,2020,33,1,,1,,1,1,44776.0,10.709425749429082
1788,902,1,1973,6.0,17,1,2018,45,0,,1,3.0,1,0,41997.0,10.645345362608142
1788,902,1,1973,6.0,17,1,2020,47,0,11.408909354665,1,3.0,1,1,83702.0,11.335013035931722
1789,902,0,1993,12.0,25,1,2018,25,1,13.42089030528475,0,5.0,1,1,195423.0,12.182921250170507
1789,902,0,1993,12.0,25,1,2020,27,0,15.71815738777723,0,5.0,1,1,28515.0,10.258183978241288
1790,902,0,1966,12.0,26,1,2018,52,1,11.887314031577727,1,4.0,1,1,97718.0,11.489844635366678
1790,902,0,1966,12.0,26,1,2020,54,0,14.964440489675656,1,3.0,1,1,169988.0,12.043481476803395
1791,903,0,1979,9.0,19,1,2018,39,1,9.660411177379558,1,3.0,1,0,37984.0,10.544912127382915
1791,903,0,1979,9.0,19,1,2020,41,0,10.147146792346007,1,4.0,1,1,85858.0,11.360448413079771
1792,904,0,1978,6.0,8,1,2018,40,0,9.85514746611986,1,5.0,1,1,44626.0,10.706072914225134
1792,904,0,1978,6.0,8,1,2020,42,0,8.747687217285904,1,3.0,1,1,26815.0,10.196732650309327
1793,904,0,1963,9.0,26,1,2018,55,0,9.465459918309477,1,4.0,1,1,37848.0,10.541335814124265
1793,904,0,1963,9.0,26,1,2020,57,0,10.777960164106595,1,4.0,1,1,54092.0,10.898446564578924
1794,904,1,1966,6.0,6,1,2018,52,1,6.580174233072362,1,3.0,1,0,,
1794,904,1,1966,6.0,6,1,2020,54,0,11.250249808047576,1,4.0,1,1,48621.0,10.791806942329446
1795,905,0,1967,9.0,10,1,2018,51,1,10.436200606082592,1,4.0,1,0,35927.0,10.489257079539229
1795,905,0,1967,9.0,10,1,2020,53,0,8.44822741497796,1,4.0,1,1,58933.0,10.984161416868385
1796,905,1,1969,6.0,25,1,2018,49,1,6.372039789471442,1,5.0,1,0,41789.0,10.640382881941813
1796,905,1,1969,6.0,25,1,2020,51,1,11.567487357908487,1,4.0,1,0,39896.0,10.594021999482797
1797,905,1,1983,9.0,6,1,2018,35,0,11.21035938200054,1,5.0,1,1,52061.0,10.860180965537827
1797,905,1,1983,9.0,6,1,2020,37,0,11.92918514670669,1,4.0,1,1,56447.0,10.941053265015222
1798,906,1,1969,9.0,21,1,2018,49,0,11.743449462251208,1,5.0,1,1,87037.0,11.374085187670913
1798,906,1,1969,9.0,21,1,2020,51,0,14.029415288922193,1,5.0,1,1,110309.0,11.611045264489107
1799,906,1,1976,12.0,15,1,2018,42,0,15.790957740043082,1,5.0,1,1,89662.0,11.403797208419414
1799,906,1,1976,12.0,15,1,2020,44,0,13.99829683965339,1,,1,0,69079.0,11.14300389081572
1800,906,0,1988,12.0,23,1,2018,30,0,14.416780682346008,1,4.0,1,1,51241.0,10.844291814230921
1800,906,0,1988,12.0,23,1,2020,32,1,12.856626967520283,1,5.0,1,0,96148.0,11.473647726808775
1801,907,0,1966,6.0,5,1,2018,52,1,11.054992634447427,1,3.0,1,0,44309.0,10.698953224192351
1801,907,0,1966,6.0,5,1,2020,54,1,7.174363058460039,1,3.0,1,0,58631.0,10.979015713450567
1802,907,1,1969,6.0,23,1,2018,49,0,9.115763111922707,1,,1,1,59129.0,10.987471786541954
1802,907,1,1969,6.0,23,1,2020,51,0,6.347532254046151,1,4.0,1,1,45794.0,10.731910726479745
1803,907,0,1980,9.0,2,1,2018,38,1,11.286167745723102,1,4.0,1,1,115796.0,11.659588539883815
1803,907,0,1980,9.0,2,1,2020,40,0,16.137518768438856,0,4.0,1,1,123776.0,11.726228038670037
1804,908,0,1988,12.0,28,1,2018,30,0,11.844296033736034,1,4.0,1,1,41643.0,10.636894722307582
1804,908,0,1988,12.0,28,1,2020,32,0,15.852887578646957,1,4.0,1,1,33895.0,10.431026147484129
1805,908,0,1988,12.0,21,1,2018,30,0,14.238977455626571,0,,1,1,88678.0,11.392772175841596
1805,908,0,1988,12.0,21,1,2020,32,1,18.021086362391046,0,4.0,1,1,147166.0,11.899318613819238
1806,909,1,1963,6.0,28,1,2018,55,1,9.149875458793359,1,4.0,1,1,38894.0,10.56860435085338
1806,909,1,1963,6.0,28,1,2020,57,0,10.781903738552895,1,4.0,1,1,18824.0,9.842881139975965
1807,910,0,1963,12.0,13,1,2018,55,0,11.320880040451724,1,2.0,1,1,98923.0,11.502098232618541
1807,910,0,1963,12.0,13,1,2020,57,0,19.87938017058515,1,4.0,1,1,100826.0,11.521146625795266
1808,911,0,1974,9.0,15,0,2018,44,0,9.643762711510332,1,3.0,0,0,53384.0,10.885267969896093
1808,911,0,1974,9.0,15,0,2020,46,0,15.472188765674563,1,5.0,0,1,52012.0,10.859221212919568
1809,911,1,1979,6.0,6,1,2018,39,0,6.8829498179991795,1,3.0,1,1,56276.0,10.938018602745377
1809,911,1,1979,6.0,6,1,2020,41,1,8.762567416993054,1,3.0,1,1,66871.0,11.11052478151493
1810,911,1,1991,12.0,24,1,2018,27,1,13.442208429366463,1,4.0,1,1,166347.0,12.021833230457776
1810,911,1,1991,12.0,24,1,2020,29,0,16.697658113549338,1,3.0,1,1,108987.0,11.59898788314293
1811,912,0,1987,6.0,8,1,2018,31,0,8.892794595996966,1,4.0,1,1,20562.0,9.931217402745688
1811,912,0,1987,6.0,8,1,2020,33,1,11.807347621063181,1,3.0,1,1,46961.0,10.75706710452636
1812,912,1,1989,9.0,20,1,2018,29,0,13.408587201137166,0,4.0,1,0,49625.0,10.81225520266651
1812,912,1,1989,9.0,20,1,2020,31,1,10.927708652174367,1,5.0,1,1,45151.0,10.717761324629013
1813,912,0,1982,9.0,11,1,2018,36,0,11.915728453560325,0,3.0,1,0,44274.0,10.698144496057015
1813,912,0,1982,9.0,11,1,2020,38,0,8.082081419178508,1,5.0,1,1,70274.0,11.160153928271004
1814,913,0,1976,12.0,27,1,2018,42,1,15.553427751285476,1,4.0,1,1,,
1814,913,0,1976,12.0,27,1,2020,44,1,18.86383661447234,1,3.0,1,1,137450.0,11.831016889032869
1815,913,1,1985,9.0,4,1,2018,33,0,10.653406637279506,0,4.0,1,1,37927.0,10.543418347336358
1815,913,1,1985,9.0,4,1,2020,35,0,11.869868638108404,0,4.0,1,1,38910.0,10.568997183034394
1816,914,0,1969,6.0,7,1,2018,49,0,7.129526624160109,1,4.0,1,1,103327.0,11.54565786463125
1816,914,0,1969,6.0,7,1,2020,51,0,7.968180610111958,1,4.0,1,0,37865.0,10.541783143522796
1817,914,0,1978,12.0,3,1,2018,40,1,14.982297569988727,1,5.0,1,1,53180.0,10.881435262969207
1817,914,0,1978,12.0,3,1,2020,42,1,14.358731296914232,1,5.0,1,1,108883.0,11.598026116104904
1818,914,1,1986,12.0,24,1,2018,32,1,14.059679284663003,1,4.0,1,1,152918.0,11.937657486992869
1818,914,1,1986,12.0,24,1,2020,34,0,14.694923423689849,1,3.0,1,1,106560.0,11.576464105237372
1819,915,0,1987,12.0,22,1,2018,31,0,16.85425770983598,0,5.0,1,1,44070.0,10.693545793615858
1819,915,0,1987,12.0,22,1,2020,33,0,14.949447942407028,0,4.0,1,1,119097.0,11.687695289330119
1820,916,1,1976,9.0,17,1,2018,42,1,10.485881572040299,1,5.0,1,1,51613.0,10.851537140063183
1820,916,1,1976,9.0,17,1,2020,44,0,11.025981077222948,1,4.0,1,0,66045.0,11.09809375401947
1821,916,1,1966,9.0,5,1,2018,52,1,12.763227012387764,1,3.0,1,1,57076.0,10.952131696649502
1821,916,1,1966,9.0,5,1,2020,54,1,7.601047203712173,1,4.0,1,1,72519.0,11.191608405518508
1822,917,1,1964,12.0,13,1,2018,54,1,14.930957192197594,1,5.0,1,1,208753.0,12.248905438931063
1822,917,1,1964,12.0,13,1,2020,56,1,16.2860681495041,1,3.0,1,1,109197.0,11.600909325611955
1823,918,0,1973,6.0,12,1,2018,45,0,11.008773309582926,1,5.0,1,1,61256.0,11.022824552107764
1823,918,0,1973,6.0,12,1,2020,47,1,8.351648020707344,1,5.0,1,1,19688.0,9.887751770415615
1824,918,1,1986,9.0,23,1,2018,32,1,10.975816835064633,1,4.0,1,1,70916.0,11.169255913108904
1824,918,1,1986,9.0,23,1,2020,34,0,10.925215029040682,0,4.0,1,1,46963.0,10.757116199613609
1825,918,1,1966,9.0,23,1,2018,52,0,11.145551012050849,1,3.0,1,0,71535.0,11.177938798188304
1825,918,1,1966,9.0,23,1,2020,54,1,10.119240233938488,1,3.0,1,1,82921.0,11.325649286386149
1826,919,1,1986,6.0,11,1,2018,32,0,6.750590061384925,1,4.0,1,0,15981.0,9.679184840660842
1826,919,1,1986,6.0,11,1,2020,34,1,7.627612655432881,1,3.0,1,0,38973.0,10.570624680257875
1827,919,1,1982,9.0,1,1,2018,36,1,9.733422520478983,1,3.0,1,1,67712.0,11.123015586585957
1827,919,1,1982,9.0,1,1,2020,38,0,9.185950867133014,1,5.0,1,1,58158.0,10.970919276147509
1828,919,1,1965,9.0,10,1,2018,53,1,11.946239368928927,1,3.0,1,1,129855.0,11.774175616548806
1828,919,1,1965,9.0,10,1,2020,55,0,8.729738587739192,1,3.0,1,1,50810.0,10.835838972177188
1829,920,0,1987,12.0,14,1,2018,31,0,15.325547263425001,1,3.0,1,1,55870.0,10.930777896016762
1829,920,0,1987,12.0,14,1,2020,33,0,15.423173771070886,0,3.0,1,1,34698.0,10.454427931978438
1830,920,0,1971,6.0,2,1,2018,47,0,8.235466923082743,1,3.0,1,1,35579.0,10.479504422689907
1830,920,0,1971,6.0,2,1,2020,49,0,9.830149590505858,1,5.0,1,0,29231.0,10.282984245366723
1831,920,0,1967,6.0,12,1,2018,51,1,8.172321020522702,1,,1,1,70777.0,11.167292361185794
1831,920,0,1967,6.0,12,1,2020,53,1,10.335666922197978,1,3.0,1,1,132370.0,11.793354618056537
1832,921,0,1977,6.0,17,1,2018,41,0,8.702842598231578,1,5.0,1,1,57379.0,10.957442044317196
1832,921,0,1977,6.0,17,1,2020,43,1,7.604054141521148,0,5.0,1,1,40963.0,10.620425279549872
1833,921,1,1976,15.0,26,1,2018,42,0,17.60009405618658,1,4.0,1,1,130794.0,11.78138258080029
1833,921,1,1976,15.0,26,1,2020,44,1,15.758348217385485,1,4.0,1,0,89934.0,11.406833431501337
1834,922,1,1977,6.0,15,1,2018,41,1,9.75388859875932,1,5.0,1,1,100911.0,11.521989719293762
1834,922,1,1977,6.0,15,1,2020,43,0,9.327524285542683,1,5.0,1,0,33022.0,10.404932586068972
1835,922,1,1985,9.0,23,1,2018,33,0,13.411081929352417,0,5.0,1,1,124251.0,11.73005713917516
1835,922,1,1985,9.0,23,1,2020,35,0,14.970899618125637,1,3.0,1,1,79590.0,11.284648690158349
1836,922,1,1963,6.0,6,1,2018,55,1,10.748704116627998,1,4.0,1,1,162292.0,11.997153992505346
1836,922,1,1963,6.0,6,1,2020,57,1,7.005063303153689,1,5.0,1,0,41858.0,10.642027135702822
1837,923,0,1970,9.0,9,1,2018,48,0,13.737027286244167,1,5.0,1,1,41181.0,10.625730857318503
1837,923,0,1970,9.0,9,1,2020,50,0,12.278232035330392,1,3.0,1,1,63018.0,11.051170816740736
1838,923,1,1964,12.0,4,1,2018,54,0,16.864102729941287,0,3.0,1,1,38363.0,10.554857706185816
1838,923,1,1964,12.0,4,1,2020,56,0,12.508223206497263,1,3.0,1,1,57163.0,10.953670703387102
1839,923,1,1984,16.0,19,1,2018,34,0,18.89238280083264,1,5.0,1,1,190420.0,12.156986242871756
1839,923,1,1984,16.0,19,1,2020,36,1,18.625671813435016,0,5.0,1,1,150024.0,11.918551920767424
1840,924,0,1972,9.0,27,1,2018,46,1,14.20226354100453,1,3.0,1,1,56325.0,10.938887466277563
1840,924,0,1972,9.0,27,1,2020,48,0,13.037266907414457,1,5.0,1,1,88084.0,11.386041857253007
1841,924,1,1964,6.0,16,1,2018,54,0,10.948134627695792,1,3.0,1,1,60637.0,11.012652646829729
1841,924,1,1964,6.0,16,1,2020,56,0,9.486716805081553,1,3.0,1,0,11511.0,9.351060916398364
1842,924,1,1971,9.0,21,1,2018,47,0,11.202179087506229,1,3.0,1,1,70543.0,11.163984643851247
1842,924,1,1971,9.0,21,1,2020,49,0,9.98086014024355,1,4.0,1,1,138004.0,11.83503729929933
1843,925,1,1973,6.0,23,1,2018,45,0,9.133748789175867,1,4.0,1,0,67671.0,11.12241451567974
1843,925,1,1973,6.0,23,1,2020,47,0,7.455811362587238,1,4.0,1,0,28793.0,10.26789277615493
1844,926,0,1989,9.0,5,1,2018,29,0,13.989213843485569,1,3.0,1,1,58429.0,10.975571157883008
1844,926,0,1989,9.0,5,1,2020,31,1,10.794790691918635,1,4.0,1,1,23841.0,10.079165833883977
1845,927,1,1969,9.0,3,1,2018,49,0,12.491977157359761,1,4.0,1,1,82969.0,11.326227879471451
1845,927,1,1969,9.0,3,1,2020,51,0,9.967882505190072,1,3.0,1,0,50761.0,10.834878173862705
1846,928,0,1981,6.0,8,1,2018,37,0,7.372854031628795,1,4.0,1,0,25645.0,10.152096233688575
1846,928,0,1981,6.0,8,1,2020,39,1,8.452049607067131,1,4.0,1,1,26768.0,10.194966810035234
1847,929,0,1970,9.0,2,1,2018,48,1,12.372182853023267,1,3.0,1,1,61807.0,11.031766394708999
1847,929,0,1970,9.0,2,1,2020,50,0,11.342987930738468,1,5.0,1,1,30141.0,10.313632733838013
1848,930,1,1963,12.0,23,1,2018,55,1,11.157891600953384,1,5.0,1,1,77998.0,11.264439785319594
1848,930,1,1963,12.0,23,1,2020,57,0,13.575217249911812,1,,1,1,74371.0,11.216820311628512
1849,930,1,1965,12.0,21,1,2018,53,1,14.238073597170672,1,4.0,1,1,141633.0,11.860996183246433
1849,930,1,1965,12.0,21,1,2020,55,0,12.610844773930689,1,5.0,1,0,138076.0,11.835558523305567
1850,930,0,1986,6.0,6,1,2018,32,0,8.900950380808215,1,3.0,1,1,13994.0,9.546383815458778
1850,930,0,1986,6.0,6,1,2020,34,0,14.21883797316275,0,5.0,1,1,48073.0,10.780469002805962
1851,931,1,1979,6.0,27,1,2018,39,1,9.202835423276104,0,4.0,1,1,21503.0,9.9759337743505
1851,931,1,1979,6.0,27,1,2020,41,0,7.34472250398623,0,5.0,1,1,75734.0,11.234984669214654
1852,932,0,1985,9.0,16,1,2018,33,0,10.775802774356274,0,3.0,1,1,33333.0,10.414288284565934
1852,932,0,1985,9.0,16,1,2020,35,0,10.381186206682576,1,4.0,1,0,41356.0,10.629983779181904
1853,932,0,1966,9.0,22,1,2018,52,0,11.922648733861113,1,4.0,1,1,74490.0,11.218425586462468
1853,932,0,1966,9.0,22,1,2020,54,1,13.042334840816098,1,4.0,1,1,34707.0,10.454698069733606
1854,932,0,1963,12.0,15,1,2018,55,0,13.881468627046301,1,4.0,1,1,217953.0,12.292035828198857
1854,932,0,1963,12.0,15,1,2020,57,0,14.400090091286266,1,5.0,1,1,67214.0,11.115640485151978
1855,933,1,1976,6.0,7,1,2018,42,1,8.78831565826423,1,2.0,1,0,62499.0,11.042902667356516
1855,933,1,1976,6.0,7,1,2020,44,0,,0,5.0,1,0,42919.0,10.667065306530002
1856,933,1,1984,6.0,6,0,2018,34,1,9.389065696170029,1,5.0,0,0,22985.0,10.042598257044652
1856,933,1,1984,6.0,6,0,2020,36,1,7.451334619636885,1,3.0,1,0,31990.0,10.373171600648762
1857,934,1,1972,9.0,14,1,2018,46,1,,1,4.0,1,1,75616.0,11.23342041147949
1857,934,1,1972,9.0,14,1,2020,48,1,9.282534128104189,1,5.0,1,0,173577.0,12.064379051605275
1858,934,1,1975,6.0,28,1,2018,43,1,8.976794069027704,1,3.0,1,0,117045.0,11.670312004324494
1858,934,1,1975,6.0,28,1,2020,45,0,9.696082184025435,1,4.0,1,0,45566.0,10.726923957503557
1859,935,1,1973,9.0,16,1,2018,45,0,15.823188922324395,1,4.0,1,1,62103.0,11.036553655941605
1859,935,1,1973,9.0,16,1,2020,47,0,9.507280321456177,1,3.0,1,1,60271.0,11.00661117596766
1860,935,0,1989,6.0,11,1,2018,29,1,10.729288197352954,1,3.0,1,0,17173.0,9.751114143736892
1860,935,0,1989,6.0,11,1,2020,31,1,7.633627173335755,1,4.0,1,1,53797.0,10.892969038765324
1861,935,0,1978,6.0,22,1,2018,40,1,7.070967088459606,1,3.0,1,1,49480.0,10.80932810753056
1861,935,0,1978,6.0,22,1,2020,42,0,7.283121867616902,1,4.0,1,0,29675.0,10.298069571762099
1862,936,1,1984,6.0,25,1,2018,34,1,13.416530406405517,1,3.0,1,1,32901.0,10.401262513138057
1862,936,1,1984,6.0,25,1,2020,36,0,6.763195454448531,1,5.0,1,1,22581.0,10.024873285203851
1863,936,1,1965,9.0,18,1,2018,53,0,10.413503113927465,1,5.0,1,1,87953.0,11.384552340473059
1863,936,1,1965,9.0,18,1,2020,55,0,13.907177108357109,1,4.0,1,1,40672.0,10.613296701375734
1864,936,1,1973,9.0,18,1,2018,45,0,12.95461316888496,1,4.0,1,1,,
1864,936,1,1973,9.0,18,1,2020,47,1,7.813171858246928,1,4.0,1,1,36226.0,10.497538017172497
1865,937,1,1963,6.0,28,1,2018,55,0,7.484487962297167,1,4.0,1,1,59570.0,10.994909617652715
1865,937,1,1963,6.0,28,1,2020,57,0,10.786359999103055,1,3.0,1,1,,
1866,938,0,1984,9.0,14,1,2018,34,1,14.609493189416396,1,4.0,1,1,39956.0,10.59554205365094
1866,938,0,1984,9.0,14,1,2020,36,1,8.860441383129746,0,4.0,1,1,94227.0,11.453460672293595
1867,938,1,1982,9.0,20,1,2018,36,0,11.905172289256438,0,4.0,1,0,133751.0,11.803733594485822
1867,938,1,1982,9.0,20,1,2020,38,0,12.200608349999321,1,4.0,1,1,58139.0,10.970589603546514
1868,939,1,1988,9.0,5,0,2018,30,0,18.038994512001594,0,3.0,0,1,56218.0,10.93699806487397
1868,939,1,1988,9.0,5,0,2020,32,1,12.959944519823331,0,5.0,0,1,74284.0,11.21564794780617
1869,939,1,1977,6.0,11,1,2018,41,0,8.510702364123608,1,4.0,1,1,,
1869,939,1,1977,6.0,11,1,2020,43,0,7.608428096594935,1,4.0,1,1,33011.0,10.404592109273333
1870,939,0,1991,6.0,6,0,2018,27,0,6.633096833947301,1,5.0,0,0,19973.0,9.902124183702803
1870,939,0,1991,6.0,6,0,2020,29,0,8.8473620986726,1,5.0,0,0,61769.0,11.031159301855768
1871,940,1,1993,9.0,10,0,2018,25,1,13.382843213091636,0,4.0,0,1,68469.0,11.134136107843043
1871,940,1,1993,9.0,10,0,2020,27,1,6.4123655554725625,1,4.0,0,0,143093.0,11.87125110558084
1872,940,1,1986,9.0,21,1,2018,32,0,9.032675077817032,1,4.0,1,1,42174.0,10.649568801444323
1872,940,1,1986,9.0,21,1,2020,34,0,13.172903050324372,0,3.0,1,1,52638.0,10.871185427903587
1873,940,0,1988,6.0,8,1,2018,30,1,10.056833834273935,1,5.0,1,1,78354.0,11.26899380856146
1873,940,0,1988,6.0,8,1,2020,32,1,7.593353409034306,1,3.0,1,0,45030.0,10.715078810718973
1874,941,0,1965,9.0,17,1,2018,53,0,13.825868093543138,1,5.0,1,1,88906.0,11.395337261880435
1874,941,0,1965,9.0,17,1,2020,55,0,13.184816332940892,1,3.0,1,1,162801.0,12.000284067658407
1875,942,1,1979,6.0,15,1,2018,39,0,8.867412632127937,1,3.0,1,0,74535.0,11.219023373152812
1875,942,1,1979,6.0,15,1,2020,41,1,9.002398150050249,1,4.0,1,1,77731.0,11.261006284328609
1876,942,0,1984,9.0,11,1,2018,34,1,15.374599152244942,1,4.0,1,1,90233.0,11.41015557188799
1876,942,0,1984,9.0,11,1,2020,36,1,7.122490623324244,1,5.0,1,1,42382.0,10.654482317611468
1877,942,1,1965,12.0,12,1,2018,53,0,16.190500741733103,1,3.0,1,1,54392.0,10.90398064323693
1877,942,1,1965,12.0,12,1,2020,55,1,15.95317457658707,1,4.0,1,1,112931.0,11.634533535172869
1878,943,1,1983,6.0,13,1,2018,35,1,8.738587530008305,1,3.0,1,0,38069.0,10.547154316769461
1878,943,1,1983,6.0,13,1,2020,37,0,10.069047259470231,1,3.0,1,1,18573.0,9.829470983470928
1879,944,0,1977,6.0,24,1,2018,41,1,8.899839580050394,1,4.0,1,0,25987.0,10.165356990258255
1879,944,0,1977,6.0,24,1,2020,43,0,7.136361989699369,1,3.0,1,1,29486.0,10.291678205351028
1880,944,0,1981,9.0,2,1,2018,37,0,10.596393262541946,0,4.0,1,1,61512.0,11.026988839592509
1880,944,0,1981,9.0,2,1,2020,39,1,11.888132942656252,1,5.0,1,1,70122.0,11.15799112414135
1881,945,1,1988,9.0,17,1,2018,30,0,14.091548082360749,0,4.0,1,1,52459.0,10.867778903207025
1881,945,1,1988,9.0,17,1,2020,32,0,12.569669215746854,1,4.0,1,1,47700.0,10.772687567392882
1882,945,0,1980,6.0,27,1,2018,38,0,8.57103086074885,1,4.0,1,0,57939.0,10.967137855378127
1882,945,0,1980,6.0,27,1,2020,40,0,6.037466586978606,1,4.0,1,1,17903.0,9.792734522555664
1883,945,0,1964,6.0,27,1,2018,54,1,7.187382439708277,1,4.0,1,1,36263.0,10.498557252407117
1883,945,0,1964,6.0,27,1,2020,56,0,6.657026810590604,1,3.0,1,1,26921.0,10.20066988859239
1884,946,1,1981,12.0,10,1,2018,37,0,12.755328328768996,1,4.0,1,1,24787.0,10.118056868367844
1884,946,1,1981,12.0,10,1,2020,39,1,14.89723535112136,1,4.0,1,1,94044.0,11.451513073387062
1885,947,0,1974,9.0,12,1,2018,44,1,13.295676728568322,1,4.0,1,1,79201.0,11.279746929509349
1885,947,0,1974,9.0,12,1,2020,46,0,10.414911534615573,1,3.0,1,0,34551.0,10.450182821971161
1886,947,1,1972,9.0,20,1,2018,46,0,10.403170769260115,1,3.0,1,1,43529.0,10.681193177237404
1886,947,1,1972,9.0,20,1,2020,48,0,12.042810858730288,1,3.0,1,1,54775.0,10.91098323874723
1887,947,1,1980,6.0,24,1,2018,38,0,9.622996337631276,1,4.0,1,1,32986.0,10.40383714261904
1887,947,1,1980,6.0,24,1,2020,40,0,8.763055567280386,1,3.0,1,1,43095.0,10.67116933314723
1888,948,1,1969,9.0,18,1,2018,49,0,10.61078190597215,1,5.0,1,1,40113.0,10.599454932233174
1888,948,1,1969,9.0,18,1,2020,51,1,13.248902813834713,1,3.0,1,1,23625.0,10.070060757692403
1889,948,1,1986,6.0,23,1,2018,32,1,9.130578178282633,1,5.0,1,1,180963.0,12.106045938405384
1889,948,1,1986,6.0,23,1,2020,34,0,12.780455383562987,0,5.0,1,0,38217.0,10.551022676570984
1890,949,1,1988,9.0,21,1,2018,30,0,7.149033543830565,0,4.0,1,1,51888.0,10.856843435888445
1890,949,1,1988,9.0,21,1,2020,32,1,12.255113994866445,1,4.0,1,1,107273.0,11.58313080784789
1891,950,0,1964,12.0,13,1,2018,54,0,12.715329616247537,1,3.0,1,1,58661.0,10.979536763518531
1891,950,0,1964,12.0,13,1,2020,56,0,15.53172578736651,1,4.0,1,1,114412.0,11.647561548645124
1892,951,1,1989,9.0,16,1,2018,29,0,11.521165062441904,1,4.0,1,1,37481.0,10.531596018175309
1892,951,1,1989,9.0,16,1,2020,31,0,11.199099577706042,1,5.0,1,1,46361.0,10.74420491088446
1893,951,1,1993,9.0,11,1,2018,25,1,12.237666472728586,0,4.0,1,1,52815.0,10.874557971865032
1893,951,1,1993,9.0,11,1,2020,27,0,10.543358515912654,0,4.0,1,1,60614.0,11.012286625987642
1894,952,0,1991,12.0,16,0,2018,27,1,,1,,0,1,56481.0,10.941660932576596
1894,952,0,1991,12.0,16,0,2020,29,0,13.581408860134863,0,5.0,0,0,83958.0,11.338076780573218
1895,952,0,1985,6.0,18,1,2018,33,0,9.33998072434024,1,5.0,1,0,21237.0,9.96347945888622
1895,952,0,1985,6.0,18,1,2020,35,0,10.947273150855933,1,5.0,1,1,90041.0,11.408018514317789
1896,952,0,1964,9.0,26,1,2018,54,1,12.805045682674843,1,4.0,1,1,63780.0,11.06319220561702
1896,952,0,1964,9.0,26,1,2020,56,1,10.664403462053501,1,2.0,1,1,83290.0,11.330079432446379
1897,953,1,1981,9.0,24,1,2018,37,0,13.37326476775234,1,5.0,1,1,61364.0,11.024584153340141
1897,953,1,1981,9.0,24,1,2020,39,0,14.939814944106468,1,3.0,1,1,71057.0,11.171231521335665
1898,953,1,1969,9.0,20,0,2018,49,1,11.893001052590485,1,5.0,0,0,106636.0,11.577173018613495
1898,953,1,1969,9.0,20,0,2020,51,1,9.96978029287428,1,5.0,0,1,61447.0,11.025930676067611
1899,954,1,1993,6.0,20,1,2018,25,1,7.913710145294548,0,4.0,1,0,55721.0,10.928118260373935
1899,954,1,1993,6.0,20,1,2020,27,0,10.59634007552913,1,4.0,1,1,15837.0,9.670073510331301
1900,954,1,1981,9.0,6,0,2018,37,1,10.27377664702151,1,4.0,0,1,52969.0,10.877461601200238
1900,954,1,1981,9.0,6,0,2020,39,1,10.054846870046235,0,4.0,0,0,30502.0,10.32553742341917
1901,955,0,1968,6.0,6,1,2018,50,0,8.78336152420852,1,4.0,1,0,39316.0,10.579388684729011
1901,955,0,1968,6.0,6,1,2020,52,0,11.03293888600958,1,3.0,1,1,72062.0,11.185275964190438
1902,955,0,1964,6.0,26,1,2018,54,0,7.750540318437115,1,5.0,1,0,42356.0,10.653868444898501
1902,955,0,1964,6.0,26,1,2020,56,1,9.503843025009692,1,4.0,1,1,134524.0,11.809500510173988
1903,956,0,1969,9.0,6,1,2018,49,0,9.892282476022716,1,3.0,1,0,141513.0,11.86014402525129
1903,956,0,1969,9.0,6,1,2020,51,1,12.328632127659723,1,4.0,1,1,71308.0,11.174766481308936
1904,956,1,1973,9.0,26,0,2018,45,1,13.740535780071646,1,4.0,0,1,107515.0,11.58538665758571
1904,956,1,1973,9.0,26,0,2020,47,0,10.567952422708196,1,3.0,0,1,35734.0,10.483855630890242
1905,956,0,1988,6.0,22,0,2018,30,0,8.064770785992785,0,3.0,0,0,18763.0,9.839644049596933
1905,956,0,1988,6.0,22,0,2020,32,0,8.824344557867242,0,4.0,0,0,22782.0,10.033734563122788
1906,957,1,1971,12.0,4,1,2018,47,1,14.633466131949998,1,4.0,1,1,81372.0,11.306782569430037
1906,957,1,1971,12.0,4,1,2020,49,0,12.183722570155666,1,3.0,1,1,85218.0,11.352968339928223
1907,957,1,1964,6.0,26,1,2018,54,1,10.545112566855018,1,3.0,1,0,98189.0,11.494646173333354
1907,957,1,1964,6.0,26,1,2020,56,0,9.717528415144455,1,4.0,1,1,49566.0,10.811064841899968
1908,958,0,1979,12.0,8,1,2018,39,0,16.83658089666133,1,4.0,1,1,88742.0,11.393485869107725
1908,958,0,1979,12.0,8,1,2020,41,0,15.777149221064402,1,4.0,1,1,96749.0,11.479873539856161
1909,958,0,1978,12.0,27,1,2018,40,0,16.230557445795657,1,4.0,1,1,50240.0,10.82456570237925
1909,958,0,1978,12.0,27,1,2020,42,0,15.55466301681677,1,4.0,1,1,116571.0,11.666253170274668
1910,959,0,1968,9.0,7,1,2018,50,1,9.76856972964801,1,4.0,1,1,46320.0,10.743324852350217
1910,959,0,1968,9.0,7,1,2020,52,0,14.977674504863714,1,,1,1,63946.0,11.06579029357027
1911,959,0,1992,12.0,22,1,2018,26,0,16.359652829708608,0,4.0,1,1,52251.0,10.863821591547962
1911,959,0,1992,12.0,22,1,2020,28,1,15.300917107885795,0,4.0,1,1,37862.0,10.541693377837454
1912,959,0,1974,6.0,2,1,2018,44,1,8.978180451707715,1,4.0,1,1,73895.0,11.210396880911691
1912,959,0,1974,6.0,2,1,2020,46,0,11.286393953368057,1,5.0,1,1,135934.0,11.819925853303536
1913,960,0,1989,12.0,4,0,2018,29,1,13.771422780220448,1,5.0,0,1,20202.0,9.913515192339664
1913,960,0,1989,12.0,4,0,2020,31,1,17.627386755913054,1,4.0,0,1,94158.0,11.452730776226622
1914,960,1,1964,6.0,22,1,2018,54,1,10.557564659945687,1,3.0,1,1,40803.0,10.616503704967165
1914,960,1,1964,6.0,22,1,2020,56,0,6.269349796188541,1,4.0,1,0,61829.0,11.032126018100538
1915,961,1,1978,12.0,5,0,2018,40,0,13.52864782688413,1,5.0,0,0,26199.0,10.173471382988753
1915,961,1,1978,12.0,5,0,2020,42,1,16.646542339129102,1,4.0,1,1,76165.0,11.240654074423386
1916,962,0,1985,9.0,20,1,2018,33,0,12.47802498935629,0,3.0,1,1,79745.0,11.286585289939207
1916,962,0,1985,9.0,20,1,2020,35,1,13.695277796582333,0,3.0,1,1,54116.0,10.898891434005797
1917,962,0,1977,6.0,16,1,2018,41,0,11.646353911659132,1,5.0,1,1,60997.0,11.018580673705161
1917,962,0,1977,6.0,16,1,2020,43,1,8.185862671553037,1,4.0,1,1,51893.0,10.856932715015565
1918,963,0,1980,9.0,16,0,2018,38,1,11.63774751300376,1,3.0,0,0,65102.0,11.083710185481484
1918,963,0,1980,9.0,16,0,2020,40,1,13.03274010456187,1,4.0,0,1,48945.0,10.798446330499683
1919,963,1,1978,6.0,22,1,2018,40,0,11.48753232901317,1,5.0,1,1,110606.0,11.61372582584875
1919,963,1,1978,6.0,22,1,2020,42,1,9.312520814916603,1,4.0,1,0,40283.0,10.603672706234288
1920,963,1,1987,12.0,14,1,2018,31,1,14.918618337313566,0,5.0,1,0,174922.0,12.072096346000759
1920,963,1,1987,12.0,14,1,2020,33,0,13.323986020077832,0,5.0,1,1,40265.0,10.603233492297779
1921,964,0,1971,9.0,11,1,2018,47,0,12.72429633329295,1,4.0,1,1,34659.0,10.453318789151682
1921,964,0,1971,9.0,11,1,2020,49,0,13.967380867311904,1,3.0,1,1,,
1922,965,0,1977,6.0,9,1,2018,41,1,9.839948244697638,1,5.0,1,0,78748.0,11.274009179021188
1922,965,0,1977,6.0,9,1,2020,43,0,7.060103607770385,1,5.0,1,1,47248.0,10.763155617252584
1923,966,0,1965,12.0,25,1,2018,53,1,,1,3.0,1,0,46476.0,10.74669105903481
1923,966,0,1965,12.0,25,1,2020,55,1,15.456398984264151,1,3.0,1,1,62298.0,11.039678711554782
1924,967,1,1970,6.0,1,0,2018,48,0,8.231702757477363,1,3.0,0,0,71703.0,11.180288029709645
1924,967,1,1970,6.0,1,0,2020,50,0,9.105269223146237,1,4.0,1,1,38743.0,10.564707575909337
1925,968,0,1985,13.0,7,1,2018,33,0,12.89978618140534,1,5.0,1,1,49003.0,10.799631566247077
1925,968,0,1985,13.0,7,1,2020,35,1,15.899331893873121,1,3.0,1,1,85237.0,11.353191684120953
1926,969,0,1966,9.0,23,0,2018,52,0,11.884937611786963,1,4.0,0,1,60231.0,11.005934348089793
1926,969,0,1966,9.0,23,0,2020,54,1,12.222844149736993,1,4.0,0,1,36256.0,10.498371664371499
1927,969,0,1966,6.0,3,1,2018,52,0,8.430068668346841,1,3.0,1,1,18853.0,9.844401919783966
1927,969,0,1966,6.0,3,1,2020,54,0,7.103220579855087,1,5.0,1,0,29451.0,10.29049074236167
1928,969,1,1991,6.0,24,0,2018,27,0,6.008156200889035,1,5.0,0,0,20430.0,9.92474468273266
1928,969,1,1991,6.0,24,0,2020,29,1,11.018650152607231,1,4.0,0,0,43400.0,10.678210888120383
1929,970,1,1977,6.0,7,1,2018,41,0,5.598278798033704,1,4.0,1,1,52624.0,10.870933275128376
1929,970,1,1977,6.0,7,1,2020,43,1,,1,3.0,1,0,41214.0,10.626539218342714
1930,971,0,1974,9.0,25,1,2018,44,1,13.440625304595146,1,4.0,1,1,,
1930,971,0,1974,9.0,25,1,2020,46,0,10.947068752436971,1,5.0,1,1,42450.0,10.656075315059343
1931,971,0,1979,9.0,27,1,2018,39,0,11.235533160730302,1,4.0,1,1,20499.0,9.928154034629468
1931,971,0,1979,9.0,27,1,2020,41,0,10.053282988936576,0,5.0,1,0,43754.0,10.686347922377886
1932,971,1,1973,6.0,3,1,2018,45,1,6.843608805833362,1,4.0,1,1,22986.0,10.042639770115843
1932,971,1,1973,6.0,3,1,2020,47,1,10.794877851046321,1,4.0,1,1,188438.0,12.146523284904772
1933,972,0,1967,6.0,8,1,2018,51,0,10.727009902499482,1,4.0,1,1,47111.0,10.760270397826995
1933,972,0,1967,6.0,8,1,2020,53,0,10.825333905808856,1,4.0,1,1,65602.0,11.091362718502026
1934,973,0,1990,9.0,14,1,2018,28,1,15.024660982913835,0,5.0,1,1,65558.0,11.090695616213013
1934,973,0,1990,9.0,14,1,2020,30,0,11.128483814609389,0,5.0,1,1,75682.0,11.234293982485832
1935,973,1,1972,6.0,17,1,2018,46,0,6.122152248893758,1,3.0,1,1,26481.0,10.184191397690688
1935,973,1,1972,6.0,17,1,2020,48,0,8.300969570589698,1,5.0,1,1,45629.0,10.72830540526305
1936,973,1,1989,12.0,22,1,2018,29,1,15.752005954521893,1,4.0,1,1,,
1936,973,1,1989,12.0,22,1,2020,31,0,11.593871159940997,1,4.0,1,1,109448.0,11.603205654156861
1937,974,0,1992,9.0,27,1,2018,26,0,11.1786874315486,1,4.0,1,1,26272.0,10.176254377296443
1937,974,0,1992,9.0,27,1,2020,28,0,11.848730036044097,0,5.0,1,1,98279.0,11.495568572466718
1938,974,1,1965,9.0,24,1,2018,53,0,9.213155260689739,1,2.0,1,0,30796.0,10.335131310377044
1938,974,1,1965,9.0,24,1,2020,55,1,13.06134075193248,1,4.0,1,1,162676.0,11.999513740764941
1939,975,1,1972,12.0,20,1,2018,46,1,16.3396913795511,1,4.0,1,1,342631.0,12.744408836466802
1939,975,1,1972,12.0,20,1,2020,48,0,15.694509774956812,1,4.0,1,1,113287.0,11.637679707617004
1940,975,0,1980,9.0,14,1,2018,38,0,11.855136920949931,1,4.0,1,1,71597.0,11.178802100213279
1940,975,0,1980,9.0,14,1,2020,40,1,11.042125001558041,1,4.0,1,1,52302.0,10.864793974916516
1941,975,1,1986,9.0,25,1,2018,32,1,10.942342170540698,1,3.0,1,1,,
1941,975,1,1986,9.0,25,1,2020,34,1,9.431570993182076,1,5.0,1,1,54507.0,10.906092248606924
1942,976,0,1979,9.0,20,0,2018,39,0,14.462950533952544,0,,0,1,60179.0,11.005084702537754
1942,976,0,1979,9.0,20,0,2020,41,1,9.389258457797958,1,5.0,1,0,22475.0,10.020155948941333
1943,977,1,1963,9.0,13,1,2018,55,0,11.482759871190485,1,,1,0,58391.0,10.974910755129544
1943,977,1,1963,9.0,13,1,2020,57,1,11.091967160799639,1,5.0,1,0,84075.0,11.339465074600229
1944,977,1,1984,9.0,26,1,2018,34,1,12.16445686597601,1,4.0,1,1,81952.0,11.313883240517137
1944,977,1,1984,9.0,26,1,2020,36,0,14.612684493350875,1,4.0,1,1,105041.0,11.56210355996235
1945,977,1,1972,6.0,18,1,2018,46,1,8.513265173726484,1,5.0,1,0,25999.0,10.165819339871168
1945,977,1,1972,6.0,18,1,2020,48,0,8.49821335128323,1,5.0,1,1,30342.0,10.320294048965376
1946,978,1,1963,12.0,10,1,2018,55,0,13.839698490385674,1,5.0,1,1,83736.0,11.335426357193908
1946,978,1,1963,12.0,10,1,2020,57,0,13.58446700065317,1,4.0,1,1,94385.0,11.455139793228408
1947,978,1,1987,6.0,11,1,2018,31,0,8.589886980538179,0,5.0,1,1,49051.0,10.800619231456801
1947,978,1,1987,6.0,11,1,2020,33,0,8.550206723459171,0,4.0,1,1,30008.0,10.309229294838966
1948,979,1,1985,9.0,19,1,2018,33,1,5.730505401181966,1,5.0,1,0,103616.0,11.548450837740623
1948,979,1,1985,9.0,19,1,2020,35,1,12.12023280517665,0,3.0,1,1,59918.0,11.000728656974822
1949,979,1,1985,9.0,14,0,2018,33,1,11.19288786838568,1,4.0,0,1,32106.0,10.376811979165694
1949,979,1,1985,9.0,14,0,2020,35,1,11.495108337991098,1,4.0,0,1,79549.0,11.284131147748537
1950,979,1,1980,6.0,11,1,2018,38,0,4.99021830659389,0,4.0,1,1,22638.0,10.027379386849667
1950,979,1,1980,6.0,11,1,2020,40,0,11.224155635759445,1,5.0,1,1,59080.0,10.986652998038236
1951,980,1,1970,9.0,12,1,2018,48,0,12.413379557983776,1,5.0,1,1,65587.0,11.09113826520339
1951,980,1,1970,9.0,12,1,2020,50,0,13.06829508311138,1,5.0,1,1,38171.0,10.549833958900203
1952,980,0,1976,9.0,10,1,2018,42,0,12.03306085489375,1,4.0,1,1,33902.0,10.431238111443646
1952,980,0,1976,9.0,10,1,2020,44,0,17.211922120275332,1,5.0,1,1,107143.0,11.581915299880977
1953,981,1,1973,9.0,14,1,2018,45,0,13.686974795260475,1,3.0,1,0,27404.0,10.218444712698117
1953,981,1,1973,9.0,14,1,2020,47,1,7.41815225875045,1,4.0,1,1,119031.0,11.687135050167791
1954,981,1,1981,9.0,15,1,2018,37,0,13.101243086134282,1,4.0,1,1,42474.0,10.656639986619535
1954,981,1,1981,9.0,15,1,2020,39,0,11.38684201152006,1,5.0,1,1,28314.0,10.251111158432634
1955,981,0,1987,12.0,8,1,2018,31,0,13.481568274864237,1,4.0,1,1,27300.0,10.214636430109516
1955,981,0,1987,12.0,8,1,2020,33,1,16.493551380407652,1,5.0,1,1,98394.0,11.496738838124628
1956,982,1,1966,9.0,19,1,2018,52,0,12.313621772742296,1,4.0,1,0,36422.0,10.502937627736626
1956,982,1,1966,9.0,19,1,2020,54,0,13.524407709870616,1,4.0,1,0,82166.0,11.316496362143207
1957,983,0,1973,12.0,5,1,2018,45,0,14.770303516832453,1,3.0,1,0,70015.0,11.156470448636801
1957,983,0,1973,12.0,5,1,2020,47,1,15.733121107017235,1,3.0,1,1,61729.0,11.030507821610565
1958,983,0,1975,12.0,7,1,2018,43,0,15.680313692721308,1,4.0,1,1,78218.0,11.2672610981522
1958,983,0,1975,12.0,7,1,2020,45,0,14.98447043359095,1,5.0,1,1,,
1959,984,0,1971,9.0,14,1,2018,47,0,10.264564634313018,1,2.0,1,1,19671.0,9.886881907745181
1959,984,0,1971,9.0,14,1,2020,49,1,10.691422393037193,1,4.0,1,1,93780.0,11.448705664089784
1960,984,1,1982,12.0,10,1,2018,36,0,16.073952056140012,1,4.0,1,1,102904.0,11.541549102760456
1960,984,1,1982,12.0,10,1,2020,38,1,17.167517259672543,1,5.0,1,1,99384.0,11.506742291183933
1961,984,1,1993,9.0,15,1,2018,25,0,13.929285466007691,0,4.0,1,1,120731.0,11.701321078772892
1961,984,1,1993,9.0,15,1,2020,27,0,14.514903562175675,1,3.0,1,1,29572.0,10.294592956285273
1962,985,1,1972,6.0,11,1,2018,46,0,9.057579524684192,1,3.0,1,1,80478.0,11.295738433590493
1962,985,1,1972,6.0,11,1,2020,48,0,10.61779725431107,1,4.0,1,1,37804.0,10.540161919641251
1963,985,0,1989,9.0,18,1,2018,29,1,10.333085466332108,1,4.0,1,1,92183.0,11.43152976896698
1963,985,0,1989,9.0,18,1,2020,31,0,13.951413278686273,0,4.0,1,1,47720.0,10.773110780693548
1964,985,0,1979,9.0,22,1,2018,39,1,12.82323691379208,1,4.0,1,1,173834.0,12.065856655986565
1964,985,0,1979,9.0,22,1,2020,41,1,14.499571442791595,1,,1,1,94107.0,11.452182404484754
1965,986,1,1990,9.0,24,0,2018,28,1,17.695534818988627,1,4.0,0,1,93025.0,11.440625640852048
1965,986,1,1990,9.0,24,0,2020,30,0,11.991187253296552,0,4.0,0,0,77062.0,11.252371989618904
1966,986,1,1991,9.0,17,1,2018,27,1,14.45665603754403,0,4.0,1,1,75376.0,11.230245300338737
1966,986,1,1991,9.0,17,1,2020,29,0,10.894702026660298,1,3.0,1,1,56865.0,10.948443154000719
1967,986,1,1975,14.0,9,1,2018,43,0,16.55990704093389,1,4.0,1,1,124409.0,11.731331153569375
1967,986,1,1975,14.0,9,1,2020,45,0,18.16274421963322,1,3.0,1,1,73699.0,11.207744110400311
1968,987,0,1970,9.0,6,1,2018,48,0,11.954707659373128,1,4.0,1,1,63873.0,11.0646451730932
1968,987,0,1970,9.0,6,1,2020,50,1,11.208107661840952,1,3.0,1,0,27387.0,10.217828187415682
1969,987,0,1981,9.0,11,1,2018,37,1,12.97622621574459,1,5.0,1,1,41864.0,10.642181113624126
1969,987,0,1981,9.0,11,1,2020,39,0,9.304569961321643,0,5.0,1,1,35515.0,10.477716229508172
1970,988,0,1993,6.0,11,0,2018,25,0,8.173139586301007,0,5.0,0,1,42029.0,10.646105460546472
1970,988,0,1993,6.0,11,0,2020,27,1,11.206055444528511,0,3.0,1,1,35819.0,10.486229692741299
1971,988,0,1993,6.0,10,1,2018,25,0,12.298068405957729,0,4.0,1,1,54100.0,10.898596370108919
1971,988,0,1993,6.0,10,1,2020,27,1,,1,4.0,1,1,131390.0,11.78592714781734
1972,989,1,1978,12.0,11,1,2018,40,1,15.067962409259618,1,4.0,1,1,156057.0,11.95797542969611
1972,989,1,1978,12.0,11,1,2020,42,0,14.256043668706841,1,4.0,1,1,93443.0,11.445109403287056
1973,989,0,1987,9.0,18,1,2018,31,0,12.173596323703164,1,4.0,1,1,29857.0,10.30417885880226
1973,989,0,1987,9.0,18,1,2020,33,1,16.507417701221193,0,4.0,1,1,,
1974,989,0,1975,9.0,11,1,2018,43,1,9.430682388144385,1,4.0,1,1,61653.0,11.029282266995443
1974,989,0,1975,9.0,11,1,2020,45,0,10.994602111590003,1,3.0,1,1,14467.0,9.579592507206936
1975,990,0,1975,12.0,28,1,2018,43,0,14.68394039176768,1,3.0,1,0,48498.0,10.789272180261898
1975,990,0,1975,12.0,28,1,2020,45,1,16.159433079379276,1,4.0,1,0,155401.0,11.95376648820771
1976,990,0,1975,12.0,27,1,2018,43,1,15.064744995351852,1,4.0,1,1,,
1976,990,0,1975,12.0,27,1,2020,45,1,15.426583208794446,1,3.0,1,1,79360.0,11.281748031494516
1977,991,0,1992,9.0,28,0,2018,26,1,14.197813925604756,0,,0,0,39255.0,10.577833596843693
1977,991,0,1992,9.0,28,0,2020,28,1,11.547221047053238,0,5.0,0,1,110407.0,11.611931749809292
1978,991,1,1992,12.0,23,1,2018,26,1,12.275481451998585,1,5.0,1,1,61222.0,11.022267505296703
1978,991,1,1992,12.0,23,1,2020,28,1,14.079142198890386,1,4.0,1,1,47643.0,10.771487880466381
1979,992,1,1974,16.0,20,1,2018,44,0,17.504345788327363,1,5.0,1,1,109262.0,11.60150142738193
1979,992,1,1974,16.0,20,1,2020,46,1,19.631767951864248,1,4.0,1,1,193094.0,12.170934059264365
1980,992,1,1971,6.0,15,1,2018,47,1,7.121309100936081,1,2.0,1,1,65797.0,11.094323472233766
1980,992,1,1971,6.0,15,1,2020,49,0,8.228005637885229,1,5.0,1,1,27400.0,10.218297931059897
1981,992,1,1965,9.0,26,1,2018,53,0,10.664635763051557,1,3.0,1,0,34499.0,10.448683104765617
1981,992,1,1965,9.0,26,1,2020,55,0,11.983371081984668,1,5.0,1,1,97018.0,11.482649854281213
1982,993,0,1985,9.0,6,1,2018,33,1,10.457890705232716,1,5.0,1,1,48658.0,10.79256686467649
1982,993,0,1985,9.0,6,1,2020,35,1,12.004601984901882,0,5.0,1,1,71460.0,11.176896397281855
1983,993,0,1965,9.0,16,1,2018,53,0,11.628768847793305,1,4.0,1,1,74961.0,11.224723418790255
1983,993,0,1965,9.0,16,1,2020,55,0,12.789934995874638,1,3.0,1,1,42364.0,10.654061232296836
1984,994,1,1963,12.0,22,1,2018,55,0,16.508805836007387,1,4.0,1,1,59034.0,10.985865014684848
1984,994,1,1963,12.0,22,1,2020,57,0,15.059649314906924,1,4.0,1,1,126456.0,11.74765292875683
1985,994,1,1971,12.0,6,1,2018,47,0,16.385118120686894,1,3.0,1,1,179288.0,12.096749231318851
1985,994,1,1971,12.0,6,1,2020,49,1,12.326078291478737,1,5.0,1,1,267491.0,12.496839900528066
1986,994,1,1986,9.0,7,1,2018,32,0,13.250240946836776,1,4.0,1,1,51003.0,10.839630670115543
1986,994,1,1986,9.0,7,1,2020,34,0,15.246226451388177,0,4.0,1,1,38907.0,10.568939621590395
1987,995,0,1979,6.0,8,1,2018,39,0,7.7450163120085325,1,5.0,1,1,18855.0,9.844541707873756
1987,995,0,1979,6.0,8,1,2020,41,0,7.611822402365535,1,4.0,1,0,20580.0,9.932056279910359
1988,995,1,1982,6.0,2,1,2018,36,1,5.536553564159734,1,3.0,1,1,37063.0,10.520375680678539
1988,995,1,1982,6.0,2,1,2020,38,0,5.786087242732903,1,3.0,1,1,98180.0,11.494559120743235
1989,995,1,1982,6.0,18,1,2018,36,0,7.817641632910235,1,5.0,1,0,25209.0,10.134945383142568
1989,995,1,1982,6.0,18,1,2020,38,0,11.379365166445437,0,4.0,1,1,37157.0,10.522905914828256
1990,996,0,1992,9.0,4,1,2018,26,0,9.629348700642641,1,5.0,1,1,30855.0,10.33703937443546
1990,996,0,1992,9.0,4,1,2020,28,0,13.736913657712421,0,4.0,1,1,48781.0,10.795106169994995
1991,997,1,1974,9.0,25,1,2018,44,1,12.32941836441728,1,4.0,1,0,53682.0,10.890839242139625
1991,997,1,1974,9.0,25,1,2020,46,0,17.059004998803204,1,5.0,1,1,79384.0,11.282057596369029
1992,997,1,1974,12.0,23,1,2018,44,1,15.413973678413463,1,4.0,1,1,,
1992,997,1,1974,12.0,23,1,2020,46,0,15.083961026274816,1,4.0,1,1,53732.0,10.891760862093122
1993,997,0,1987,12.0,3,1,2018,31,0,15.120137364755928,0,3.0,1,0,67103.0,11.113984855503823
1993,997,0,1987,12.0,3,1,2020,33,1,15.351233094514045,1,2.0,1,1,60792.0,11.015214921563263
1994,998,1,1969,9.0,23,1,2018,49,1,11.791845246014047,1,4.0,1,1,84799.0,11.348037397229616
1994,998,1,1969,9.0,23,1,2020,51,0,11.949542821821655,1,5.0,1,1,51052.0,10.840592005874829
1995,999,1,1965,6.0,19,1,2018,53,1,10.01654642448911,1,4.0,1,0,42290.0,10.652301992472715
1995,999,1,1965,6.0,19,1,2020,55,0,11.222821312154203,0,4.0,1,1,129082.0,11.768203107561915
1996,999,0,1966,9.0,9,1,2018,52,0,10.862976961038397,1,4.0,1,1,49620.0,10.812150565838385
1996,999,0,1966,9.0,9,1,2020,54,0,8.845826903185642,1,4.0,1,0,,
1997,999,1,1987,9.0,9,1,2018,31,1,12.851630485319314,1,5.0,1,1,73744.0,11.208350304774491
1997,999,1,1987,9.0,9,1,2020,33,0,13.718498698456532,0,4.0,1,1,45930.0,10.734883231435736
1998,1000,1,1990,6.0,22,1,2018,28,0,9.975105789745019,0,3.0,1,1,30155.0,10.314117273840635
1998,1000,1,1990,6.0,22,1,2020,30,1,9.121516977423392,0,,1,1,63578.0,11.06002347718648
1999,1001,1,1964,6.0,2,1,2018,54,1,8.167155377601508,1,3.0,1,1,,
1999,1001,1,1964,6.0,2,1,2020,56,0,10.78274942275632,1,4.0,1,1,116691.0,11.66728818042565
2000,1001,1,1978,9.0,11,1,2018,40,0,9.920271346622052,1,4.0,1,1,57335.0,10.956671985982204
2000,1001,1,1978,9.0,11,1,2020,42,1,10.557396422737927,1,4.0,1,1,97469.0,11.487285141512093
