prov,region,year,dev,numi,d_goods,d_labor,d_capital,d_land,d_tech,d_inst,seg,lnpgdp,urban,indstr,digital,transport,fiscaldec,openness,humancap,finance,miscap,mislab,mismean,ace,tfp,lntfp,innov,entry,flow
北京,东部,2006,0.97,0.5347535878937069,0.597016649708581,0.4896859103187646,0.5635493213334029,0.46615039259744584,0.5284740148109718,0.5415717271287489,0.021956261287818586,11.300301687289709,0.714258089163078,0.5199825838426664,0.4496939865733754,0.6569293592931321,0.5463896543322017,0.5834831353878946,0.742351464992508,2.4822275683136903,0.41963035183724523,0.36390882117291096,0.3917695865050781,0.5915206574229052,1.141088370333906,0.13198251777910255,4.4173257610519965,0.11520742416843575,0.3416249568908972
北京,东部,2007,0.97,0.5515515844049429,0.600713039713718,0.5421667367071773,0.5710593466287044,0.4866616444103682,0.49846767416769666,0.587503334127564,0.022790752262345133,11.43799173587523,0.7238135444369244,0.48480852833534044,0.44327128466369026,0.6351795773000027,0.5261381559199614,0.5836595185670185,0.7342558858165381,2.4647222050071624,0.4056975283401174,0.383200683400704,0.3944491058704107,0.575087954480213,1.153020286183371,0.1423848353935246,4.28614409975002,0.12339928090281897,0.4005155581501493
北京,东部,2008,0.97,0.5574969032867529,0.6145333891363188,0.5200479495390576,0.5570654096061362,0.5178462302931508,0.5473991896079613,0.5740098008741267,0.022899540650035233,11.489633824277984,0.7364004523092993,0.47430967602689034,0.4885502077855535,0.7098180123662994,0.5958515027631066,0.5808433697658955,0.7820419253241119,2.4890314429422493,0.4102728661477955,0.35904623583367323,0.38465955099073434,0.6169307150269071,1.1794619701621114,0.16505837700761283,4.450697068928307,0.12095466505695078,0.4475455624091351
北京,东部,2009,0.97,0.5737155030425618,0.657696613642622,0.5532121734993805,0.5672435490788212,0.49018805220947836,0.5459610227681508,0.5998244635027433,0.01900860599839636,11.634653218628506,0.7467360962836042,0.4825196132035393,0.49897227639899233,0.6778481097614454,0.5020940353999841,0.596871037872002,0.7501705773051727,2.566744838265537,0.3974000513826725,0.3799369994178677,0.3886685254002701,0.6106156539892066,1.2257169054660557,0.2035259017688924,4.6871386381682525,0.13493113987310437,0.4156576527276812
北京,东部,2010,0.97,0.6005996415810672,0.6393497912706884,0.6030890505189658,0.5994529666937582,0.540137662334718,0.5564807317810581,0.6478715848974658,0.0175245696246481,11.641398969090302,0.7469436669212857,0.4587012782810025,0.4722870386225213,0.6869569702112376,0.6403180836736996,0.5839325503140617,0.7940251642568702,2.5860052879561675,0.3844994350296283,0.33296474539420795,0.3587320902119181,0.6278054413640486,1.2518277450189685,0.2246046793617165,4.812405447255345,0.12610172579166753,0.46243417313237595
北京,东部,2011,0.97,0.6012309002163247,0.6675393037604153,0.5764284065897352,0.6266718081632573,0.5315904349912178,0.5331675504347178,0.6451147156314998,0.01982626047084175,11.777485753872924,0.7734611883076816,0.4603517802283355,0.523736369699628,0.7149727832743172,0.5453983498319739,0.627543727012499,0.7895530771298702,2.557978740135827,0.4141783525712862,0.321886488134508,0.36803242035289707,0.6251596499332944,1.324051793577254,0.2806965757657406,4.924981025203178,0.13010355110137423,0.45124588227570556
北京,东部,2012,0.97,0.6251004347067995,0.6910596055323167,0.5991064822611277,0.6129490776562699,0.5649196952096289,0.6276021960631218,0.6365961738425884,0.019814241632871966,11.797169157910625,0.7718711596338442,0.47728631111587566,0.5217663813180345,0.750958644765266,0.5484701698603501,0.5810424844358428,0.8047397031203597,2.6884120005048024,0.39535281404214373,0.29329868815391746,0.3443257510980306,0.6277064598536152,1.3255508641976346,0.281828119603781,4.9115577114233275,0.11778900082753632,0.45390200561030936
北京,东部,2013,0.97,0.6296033170979117,0.6887078585932833,0.5941951371859283,0.6540848844050777,0.5357907391996032,0.610617870944323,0.6704530490885403,0.019774598883032204,11.893367200205466,0.7610446786041363,0.43124030971051314,0.5637707808799974,0.7832745957361521,0.5610232083262687,0.5562164282618074,0.8107154979739565,2.690040925163703,0.35814722595458326,0.3581117552669728,0.35812949061077803,0.6644531869675153,1.3986510114387518,0.3355082088376786,5.3254727667643005,0.12749222485647865,0.4577544826855667
北京,东部,2014,0.97,0.6652667296785493,0.7184638309890808,0.6377889882731126,0.6916218619883138,0.5543552401708164,0.6679817948463718,0.6964867172187083,0.020843841185842357,11.859502007487581,0.8045063248667023,0.44183463648432436,0.5404614171264853,0.7830480968432939,0.6143338879864644,0.6498024831434277,0.8088636818158454,2.6742888679465064,0.333836591856916,0.30946395102901036,0.3216502714429632,0.6764847893983135,1.3932029742352028,0.3316053943302862,5.350190699504736,0.1344045638880578,0.47682183342615303
北京,东部,2015,0.97,0.6904455070866865,0.7263451839218644,0.6622281402387479,0.6957789417101427,0.6049951751958302,0.7072250906219786,0.7330140495386688,0.018395374743737584,11.998781844485096,0.8210592025225913,0.47419027506831446,0.5875213728901406,0.8197652110896863,0.5678740189285749,0.6422458206465265,0.8138172068988149,2.8404512742502823,0.3806962647673162,0.2841788664843586,0.3324375656258374,0.6898825589516271,1.529954960039522,0.4252382970883757,5.277896742343314,0.14551261231416032,0.48488075081315185
北京,东部,2016,0.97,0.6969104262758802,0.7425203153605576,0.6410208728715983,0.7169220017816366,0.621489973185178,0.7001010369438192,0.7463526265245906,0.018552603473383267,12.051812096914835,0.8315140117784005,0.4438135155609154,0.5861528130610764,0.8404343530091374,0.5394250151583947,0.6335831387567179,0.8083285079009608,2.749627380352742,0.31985939673338826,0.30169924782175317,0.3107793222775707,0.6983575483582809,1.5511677925056289,0.43900806177667046,5.657248477373592,0.15312079976219065,0.4750470329239341
北京,东部,2017,0.97,0.7287899455861617,0.7893430456751732,0.6827324931160004,0.7262340870473036,0.6272601632070283,0.7229630520522761,0.8069764757660464,0.017291349630201864,12.182223719268208,0.8202470497264608,0.44783401258587113,0.5863293817883073,0.8534312913694254,0.5585167430186322,0.6405291300664071,0.8515886518923848,2.823804036783868,0.3243710987374216,0.2991544222431854,0.3117627604903035,0.7340207806334471,1.5716820164778271,0.4521463939514808,5.718775249312669,0.14197607778291665,0.5283847622235673
北京,东部,2018,0.97,0.7419930859915459,0.8019943012453769,0.6821480023679569,0.7128046243932082,0.6379794685085379,0.7949651057745866,0.8129390764538506,0.015953999850679038,12.205200810216299,0.8539627387917472,0.4471188675816377,0.671059984275628,0.861297905029323,0.5246707702635922,0.5782960000694547,0.8275843665308363,2.7430452692548224,0.28615944166951657,0.2632123088653799,0.27468587526744825,0.6993743643191117,1.5870876378182255,0.4619006623372984,5.934769696043093,0.15614852791538125,0.5593332810080202
北京,东部,2019,0.97,0.7797216116082094,0.822541880618021,0.7588222730757334,0.8026004315233506,0.6619427185724779,0.8050342347390311,0.8048668856384563,0.014395046103585128,12.318802468589885,0.8581544960871227,0.46179281829042973,0.6466007506158676,0.8848274528737109,0.5412454224007802,0.5916377560353813,0.8888463616957425,2.8422975160532395,0.2810397954626253,0.26523590955567516,0.27313785250915024,0.7652518309941185,1.6797686060949164,0.518656049461593,6.053117680664,0.1494038324527723,0.5411991046657537
北京,东部,2020,0.97,0.8023049201020582,0.8460442622100041,0.7416744312912987,0.8248093928021589,0.6764297131955213,0.8537115849659336,0.8558138782064799,0.015737762520948807,12.342061595921137,0.857323371833386,0.38280587327072907,0.6399575269527291,0.9123109806092331,0.5433894662970213,0.6480704119582507,0.8554711168895351,2.857099494875236,0.3003016782060162,0.25265318279939153,0.2764774305027039,0.7837904716151338,1.7490122656711515,0.5590512089742251,6.156510968263503,0.1328670960190751,0.5743621410396196
北京,东部,2021,0.97,0.8243055525062726,0.8672813393300023,0.7820864573304227,0.8195810500703176,0.689152898186658,0.8771880003926247,0.896596850020754,0.015298003255784808,12.482723125043817,0.8674479380187186,0.42281664374564,0.6876493838895906,0.9291758084708406,0.5416776845972365,0.6241409193395945,0.9248936503030336,2.9101084521367095,0.28342062601942275,0.3053009154581965,0.2943607707388096,0.8049493494888387,1.791467058776403,0.5830348700841361,6.205050824298118,0.14146840115627232,0.5912156841990994
北京,东部,2022,0.97,0.8454177723841731,0.8998019644603714,0.8073984779026604,0.8416764130004339,0.6959694892143465,0.9039093642196786,0.9040117733772108,0.014171761941493772,12.485914917001338,0.8921932796859023,0.4050957607826735,0.6938932401256402,0.95,0.5040167688244244,0.5648654148622633,0.8983120130819076,2.8739047832179647,0.264026081581078,0.21829301831908887,0.24115954995008343,0.8015428795811892,1.8462520202336317,0.6131576490990795,6.598074578907952,0.14839765225095247,0.6091323001590222
北京,东部,2023,0.97,0.8562458545075646,0.8941082752164371,0.8091949917434369,0.8795691362586511,0.6673557533611421,0.9222443508596506,0.9445346554959598,0.013314878464770667,12.636071007391656,0.896266057421099,0.43091915381663665,0.6892924666873715,0.95,0.5182760174073705,0.6363628257050845,0.901021680801492,2.9060102525395277,0.27670017874202946,0.20977631961282145,0.24323824917742545,0.815681372938782,1.9382523230890327,0.6617867026659526,6.471888607381525,0.15678246038617724,0.5909006543580759
天津,东部,2006,0.85,0.44883927288201564,0.498116025121128,0.39478263721042717,0.4537271548257258,0.4140358762437558,0.3955724236679112,0.5278894604464662,0.026047068190928925,11.012212594709705,0.6660305273096785,0.48124944849826234,0.3970383781834633,0.5553055866634439,0.5704210563131764,0.5202186086038166,0.6904059994061253,2.25892574315347,0.43937535478558065,0.37981764300861787,0.40959649889709926,0.5191315670673218,1.0275296561248488,0.0271575293803533,3.755836099117333,0.09816607719139879,0.34255061834963196
天津,东部,2007,0.85,0.4605563748280086,0.5151191390887747,0.4328077089326577,0.4858186186207771,0.42439473306118464,0.4142088747488434,0.4708880947316206,0.02437428288858506,11.195149148458794,0.6765382656978367,0.47051201105243573,0.3884768594861048,0.621783647309522,0.4938795489477675,0.4726490889788852,0.6804930233374328,2.2508227178665288,0.4459392407409183,0.37760347270349964,0.411771356722209,0.49895907211009377,1.0443566043003096,0.04340100613728399,3.832119523016079,0.11173079231150122,0.3350530453898252
天津,东部,2008,0.85,0.46810531406715156,0.5294185162655326,0.4543259259816864,0.45893825393831095,0.3911937046486961,0.45295771856159067,0.5008218799559297,0.026035163085037703,11.225419932035251,0.6954179773125372,0.5186014751190178,0.4646989560250863,0.6203350599946382,0.5626714250581223,0.5057767083194682,0.6746241613303056,2.288448702380877,0.43033749347463074,0.3562139755379045,0.3932757345062676,0.5474556369844887,1.128337277297832,0.12074511307953109,4.034005537513371,0.11763313271343018,0.35832228633567637
天津,东部,2009,0.85,0.46508443372778774,0.5204911235293427,0.4425406917066317,0.5048663058630101,0.40349627666327437,0.4033811760118476,0.48970862883165384,0.025292809979569994,11.249723058297532,0.6847264354587045,0.49833511800130326,0.4365477244245772,0.6587998366627318,0.5230341154530063,0.5320468460147687,0.743915101693068,2.373604830725523,0.4210139962062293,0.3676781203936672,0.3943460582999483,0.5191451736858641,1.0990556153015867,0.09445127951103637,4.071653847196474,0.1088307102418397,0.36552688890101415
天津,东部,2010,0.85,0.49198433163075456,0.5370587674894826,0.4718441409409499,0.4988828154526304,0.432902499760209,0.483210504470943,0.5116920022996193,0.020157729447873446,11.367846502649167,0.7059076325981821,0.46573202902163696,0.4696264767566798,0.6641610484159696,0.5227235117184031,0.5619107768614341,0.711374228053448,2.363819440735907,0.4065954697425844,0.38727490940147596,0.3969351895720302,0.5583709021750795,1.140540924398794,0.1315026449558694,4.203735577794078,0.09877540036107377,0.3683076722082344
天津,东部,2011,0.85,0.5025570475836445,0.5375324824291209,0.4774172541724107,0.5196044978414167,0.43784522812211957,0.49317345899812043,0.535415232990111,0.022512000501385066,11.444959657485748,0.7017881693990838,0.48461701574429394,0.4777280816595314,0.6615937349195526,0.5561421767544406,0.5539731625384667,0.702233060674178,2.461490326284109,0.39635728144329313,0.3530668764892114,0.37471207896625225,0.5523380932440451,1.2016320044930104,0.18368063657067582,4.37241244795195,0.11497084105712951,0.3463149778060048
天津,东部,2012,0.85,0.5170016925627708,0.5570131915365023,0.492390500449136,0.52841226629212,0.4080132133310168,0.5263718216692894,0.5718462208353902,0.022697924754014654,11.606623770337878,0.7264456367298104,0.4677466229323461,0.49548447543348517,0.7147578439065286,0.5451290510749648,0.5610011950076622,0.7407143914366351,2.4195705285847917,0.40304620841348004,0.3025355904949506,0.3527908994542153,0.6037800079645634,1.2618883583798943,0.23260929616455917,4.5444333532308905,0.10995002813342052,0.3931130838709516
天津,东部,2013,0.85,0.5236590890781975,0.5847737688170433,0.48841703503442924,0.5447492032726928,0.43262990968852694,0.49545708759448864,0.5723177461595979,0.02116438134941722,11.62381060283218,0.7304834450630832,0.46405023257352823,0.4872148720887287,0.709318060696505,0.5066602589575325,0.530802462199421,0.7414509224205986,2.4479291588383445,0.38651190885866704,0.3254122219246545,0.35596206539166075,0.5722556080424688,1.2788837916378355,0.24598765970244565,4.604995584967141,0.12492288489588332,0.38116199344341706
天津,东部,2014,0.85,0.5445630382037006,0.5990105725367576,0.5158476305919684,0.5432876533806568,0.43760286801382775,0.568173259670418,0.5841745473918523,0.02276505432512219,11.743782021832908,0.7478069542662931,0.4600990161370607,0.5193111654555388,0.7429792271607054,0.558424037433038,0.5349061347136054,0.7483676997239894,2.3815242033514252,0.3953670368810622,0.32547175193658523,0.3604193944088237,0.6002396075789346,1.2905220489000422,0.255046825578845,4.855469330805158,0.12432756935412127,0.3994779017000482
天津,东部,2015,0.85,0.5452222578544497,0.5890265717525478,0.5451662493545427,0.5487107577242692,0.4793734180459577,0.5214476873622376,0.5679310039932287,0.021335180038882236,11.76393072021911,0.7641861854187181,0.460343631358968,0.531178950096471,0.7581944439306897,0.5202597251279906,0.5929015995924802,0.7806867868577138,2.6105640243588626,0.3820437938509058,0.3303044944138385,0.35617414413237214,0.6147244252608067,1.374313494902163,0.3179543300037633,4.835643364968805,0.11881083006993703,0.37288925244561244
天津,东部,2016,0.85,0.5763231464206722,0.6410105735996711,0.5471097957022578,0.582913832833056,0.48156534954009544,0.53794341432918,0.6440407831959405,0.018477445380224354,11.94504658358328,0.785928404743089,0.4309147947506721,0.5416565726424246,0.7782160542619301,0.5925685837891208,0.5208046688210968,0.7882307357434829,2.5452174366655878,0.3683120622126173,0.33369908113137225,0.35100557167199475,0.62903154583187,1.4136514760255854,0.3461760562058357,5.197480173368523,0.1218854575826837,0.4415671080232899
天津,东部,2017,0.85,0.5863538725186931,0.6339468922505381,0.5460518611629424,0.5979692124667895,0.483348594460923,0.5737956685373053,0.6660169820673912,0.02107216719940314,11.926699376622226,0.7667406747225599,0.45235159970209027,0.5567860106091291,0.7957470340218978,0.5464214001882357,0.6150126835049647,0.7869832450365617,2.5782502414686967,0.3398217622032163,0.28368326262760235,0.31175251241540936,0.619953983893312,1.3789489727306832,0.32132159503058205,5.227849953594103,0.12835782542089705,0.43787018680754064
天津,东部,2018,0.85,0.6115934461038173,0.6693999051197598,0.5666360948281849,0.6100496936447135,0.5137876383869914,0.5982601488367219,0.6949382097003768,0.019626060479023287,11.97473837228586,0.7847107769415409,0.47714269891813854,0.5877132514041832,0.8272391881532434,0.5289786049578212,0.558301721061684,0.805031674246757,2.682815812213156,0.38315595453836937,0.30118520372059665,0.342170579129483,0.6301247194775504,1.4789217300592363,0.3913132614758617,5.297302910696631,0.12449072287719724,0.44053414326747625
天津,东部,2019,0.85,0.6262655012995824,0.6826024781614259,0.6149360742405292,0.6526678153730724,0.48142874464102753,0.6253404116262287,0.6691681302878048,0.020211407778665112,12.04005316205991,0.8050016299984524,0.4501635446556018,0.6083014802624128,0.8430527800197483,0.5528171077433223,0.584710845185296,0.794845904001325,2.7251471438840302,0.3299611248122242,0.28565802896033293,0.3078095768862786,0.6580790682631191,1.5028344360257826,0.4073529490317872,5.571486473271885,0.1354755991730901,0.4814005675624722
天津,东部,2020,0.85,0.6494773472953975,0.7062748481805795,0.6371053804894871,0.6269049003848559,0.5376115612909333,0.6649358923944342,0.7046301644133601,0.01754427179367677,12.191381236398003,0.7979296630291023,0.428316053057041,0.6329218895654609,0.8615613571485095,0.5832820787350266,0.6416848331747176,0.7425279952410698,2.6646634205566837,0.32390488730038425,0.3030856331792178,0.313495260239801,0.6736921920460627,1.5623188903540137,0.446171185736885,5.435785066195265,0.12490593140070311,0.4592167527930144
天津,东部,2021,0.85,0.650297952099127,0.7281729555563571,0.604121277159871,0.6516309246671544,0.544917717566679,0.6472221305387442,0.7017077641256282,0.021534784035321275,12.292322859037693,0.8307600086212125,0.43904452857422144,0.648942926522421,0.8818737954954566,0.5541805684503677,0.5596354033884523,0.8242944832308832,2.7504710548106504,0.3682880354093459,0.30159541942002094,0.3349417274146834,0.6792321703152124,1.6140300410734227,0.478734182483353,5.648020982598519,0.13171298225135308,0.46332859187996644
天津,东部,2022,0.85,0.68516766722243,0.7314686185056148,0.6284652683122565,0.7069718185435867,0.5496016226843554,0.7158979534128079,0.7611089846634957,0.015368076125125642,12.340560012627654,0.8213926302112157,0.44736229394257404,0.6637368967537105,0.8831559580754962,0.5729594159781428,0.5437054656362394,0.8449495937569727,2.726222845053035,0.325963327106199,0.28814100300717416,0.3070521650566866,0.7018826846395928,1.6256931489944693,0.48593427806110046,5.842227825176672,0.14417508505921436,0.4917628198010222
天津,东部,2023,0.85,0.6839386381256856,0.7493218626842766,0.6647334252018083,0.657908369232249,0.5859619604743195,0.6846761644457053,0.7417509563829298,0.0196066972088254,12.363403862438496,0.8381069261836427,0.4287962405459751,0.6472629958561054,0.9066931728559227,0.5446146375649029,0.5590624390817341,0.8175416975321264,2.8189702682890174,0.34183015732635097,0.28999502761021806,0.3159125924682845,0.6922545954489365,1.7102911050233411,0.5366635928816743,6.006441873192045,0.1465940211193408,0.49025014280938195
河北,东部,2006,0.52,0.30970504395397813,0.34422609188578346,0.30800410828185426,0.31598334177405624,0.22465566860174083,0.27643538482007757,0.3708332215966813,0.028316167739299933,10.512010615881449,0.5379846395233844,0.5593454087895492,0.28471015315439674,0.43974032293302917,0.46975013271179744,0.32545848825018825,0.5334830416242468,1.70757416759169,0.6155231177943535,0.5019952967351408,0.5587592072647471,0.46896801442016445,1.080846964855033,0.0777449605086541,2.298000521018845,0.0877006917227842,0.24437410807773002
河北,东部,2007,0.52,0.3122536637826607,0.35804536657681874,0.28901815161760586,0.3480285903681733,0.2601186309020713,0.24033628934688606,0.35672750121022534,0.0300810626297798,10.542029482498984,0.5314433798522071,0.5556585978426704,0.32874417032324343,0.4372770865330101,0.4507740165740097,0.40814500961394673,0.5281653893862728,1.7720972793419358,0.5804959303369991,0.4669935633775948,0.5237447468572969,0.4884424311140394,1.0977123761224987,0.09322835624218175,2.617809175049534,0.07800321271272735,0.25680923450649906
河北,东部,2008,0.52,0.3358326767226828,0.3746007395031955,0.31587283400061317,0.3316699530780262,0.28781373191319093,0.3181263799872722,0.3756129845463403,0.029019618991164536,10.632902928904008,0.5455415055340603,0.5130479934641116,0.310533559822108,0.4596337613111856,0.5255044364668519,0.346933256689983,0.5524406038424625,1.78154233260588,0.588136434186186,0.5369748390755131,0.5625556366308495,0.49872399101858694,1.1327754887101888,0.12467080593207103,2.717875125008957,0.09572181221602388,0.258923476583194
河北,东部,2009,0.52,0.3450957822560406,0.3947092053555088,0.31801039550422294,0.3306936175189973,0.2550347901380223,0.35224928355552465,0.40563303792071576,0.02672257426571641,10.736035742431262,0.5596564173487761,0.5321737444917793,0.33903835582866837,0.48847589897488347,0.5071493867886379,0.37708202620135467,0.528245298118467,1.8257255534326398,0.5637481895630008,0.4905055051261527,0.5271268473445767,0.520561416485361,1.1842649302570345,0.16912227009461395,2.887563527204487,0.10010742602792655,0.3069954442667201
河北,东部,2010,0.52,0.3340431909437036,0.3806763894532527,0.2943183372392634,0.33198991519113963,0.29835893747744513,0.3119988381194952,0.3773490043387592,0.029526530978651426,10.791042260860484,0.5615246239780474,0.5620348521831195,0.3457468915114279,0.5102236128501418,0.4661555857269444,0.3423997705041808,0.5571512694866155,1.969687660912814,0.5634133168975877,0.5163031254756347,0.5398582211866112,0.5246482216708328,1.192350540859091,0.17592660331264948,3.050587391728885,0.08615380558739832,0.29057397783838895
河北,东部,2011,0.52,0.35526101570762936,0.40821946765602196,0.3358888515135039,0.3758346997579004,0.28100598104835606,0.32197078331582146,0.3858028540228608,0.0267572068900882,10.941981950123672,0.5640611295527194,0.5298219353557605,0.4109640449283408,0.5639635735967146,0.5252764005119402,0.33341268908713134,0.5773923438333313,1.9522353247059987,0.548010161277766,0.4970407635947952,0.5225254624362806,0.5362877011218168,1.2237266615312274,0.20190084340899983,2.904448494948808,0.10137604687198448,0.27972253736230757
河北,东部,2012,0.52,0.37753263034279017,0.4320311251902051,0.3714777367186152,0.39619326093446766,0.3023985532538834,0.3324120221841667,0.4049868329601702,0.026484944201594075,10.945860811527538,0.5697746356463972,0.49851237475898585,0.3914413943457686,0.5774754149184642,0.48857583291477336,0.4014783815209605,0.5622554712825211,1.9120766008396715,0.5534243881065248,0.5015084056624759,0.5274663968845004,0.5587007767751565,1.2790057156688908,0.24608299144433624,3.3403020429481,0.0880828505388719,0.2721657091232981
河北,东部,2013,0.52,0.3796298827207556,0.4544400528606828,0.3412759612084625,0.3813993245077005,0.31473633053342026,0.3364965215458476,0.42748504142102495,0.024234139146390554,11.009376193691283,0.5815770881955525,0.5224820597519203,0.38918448871218697,0.5712522453741082,0.48901780274334683,0.3470999187127799,0.6368520052915254,1.9403611055254715,0.547585089656242,0.4775688256165609,0.5125769576364014,0.5598600108779729,1.3092106684670852,0.26942441245608423,3.3807657026884113,0.08889986632458743,0.30392012335242236
河北,东部,2014,0.52,0.402008333259277,0.45659738310718895,0.36721635969864597,0.40805609999473436,0.3364935705895237,0.38455793195316273,0.44231349478348675,0.025832200976256218,11.105119724569445,0.5969405183643487,0.4868990077440736,0.4537068297765062,0.5836758533307826,0.4756315392325477,0.3890725736674979,0.5912480954099261,2.052780313226198,0.5230967929542495,0.4924063956492214,0.5077515943017354,0.5679181194587393,1.356260039607987,0.3047309407551695,3.546502762445921,0.0953462524643439,0.29857495358676883
河北,东部,2015,0.52,0.4200664373606351,0.47747048604529385,0.36731765562237534,0.463146509265407,0.298232553286209,0.43209757871917054,0.45681064135887073,0.02431543965297567,11.104908862048772,0.6116502610038242,0.5121535818528723,0.44170687014141646,0.6393875215379765,0.4690640688781336,0.4072061900049245,0.6241760420746206,2.0348453122698906,0.5312635710290079,0.4860508981265867,0.5086572345777973,0.5768525833604088,1.4061567516677902,0.340860274846866,3.5891798275763716,0.10774617438792798,0.3452893628276158
河北,东部,2016,0.52,0.43562957963202065,0.48391559568567705,0.4228153246671958,0.43820547419965317,0.3613612391347038,0.4211297052723546,0.46735124952760504,0.022719809684376126,11.285821283490145,0.6323549194395981,0.5008333955466817,0.4227968299849354,0.6311015684576391,0.5014975283515142,0.38454941770373874,0.6365708043986228,2.0720910176259943,0.561478421268143,0.4553785531511586,0.5084284872096507,0.6023159956369105,1.423022189109653,0.3527829121763417,3.613999485763533,0.10778975756958203,0.3373902830502969
河北,东部,2017,0.52,0.4653364468868979,0.5115841810570945,0.41134305644242375,0.49229664915092125,0.3735217496221912,0.47214076580704273,0.515002025670091,0.023263049942299427,11.337864821411353,0.6445433477040049,0.4983591248422319,0.45136025266982405,0.6578254963670694,0.5057044503820858,0.36362783480592836,0.6182323042362178,2.0944974797989095,0.5129097998305285,0.4432126979498986,0.47806124889021356,0.6247462040250202,1.5311074487084764,0.42599129625632254,3.8470873100427365,0.12590396580005514,0.3669945377057875
河北,东部,2018,0.52,0.46539794939065415,0.5191050887741676,0.41813408168347627,0.47860603986561995,0.3563489991232026,0.4648285076389076,0.5370038248926582,0.023585966765802328,11.443536264957098,0.6420806275614037,0.5118426726876336,0.48773803438147467,0.6866460448424779,0.4428456494827441,0.3590281161931522,0.621686021082714,2.1072855544482105,0.5097687234938811,0.42735251468991986,0.4685606190919005,0.6384174821515763,1.537646553290233,0.43025303536910803,4.010690766791082,0.10516527199821173,0.3796198711794665
河北,东部,2019,0.52,0.5037495473423098,0.5476778824982151,0.45061718651199095,0.5146621643411502,0.39034235390688726,0.55711784302635,0.5483205445878973,0.023243794946582335,11.518121599071234,0.6834073120366042,0.46895756132349053,0.5325583918839785,0.6583362182550502,0.49394535437163745,0.45118759679155873,0.6759309919101104,2.1954069673529304,0.5168784242666862,0.45814131496060684,0.4875098696136465,0.6738663731643673,1.6560070325638983,0.5044093026713805,4.1836479234354025,0.09920365050613414,0.3674466395472183
河北,东部,2020,0.52,0.5197636859137087,0.5743490683409374,0.4926696073043701,0.5421871271551868,0.39334796289405355,0.5233893208839038,0.5669503140336526,0.0224390499626337,11.48828293916302,0.6742882432357129,0.5022657945221374,0.5259819048400248,0.7054182131482951,0.5114377773924603,0.4350751343009947,0.6592589193141666,2.1599415119563665,0.5046857572655655,0.41052878570660933,0.45760727148608743,0.6673207755310736,1.6664080529026795,0.5106704434677587,4.536545933787486,0.11202933511284131,0.34841628126371654
河北,东部,2021,0.52,0.515648654004302,0.5785032445518604,0.46521301922007297,0.5155628196976646,0.39391078833343646,0.5407779023953859,0.5809610557516548,0.020568371006867547,11.611202487126103,0.702798493835876,0.4545804968981801,0.5468941714186206,0.7638143587808437,0.5144738149777631,0.3630821647397922,0.6996624096180807,2.1113702998058916,0.5016821543594925,0.41975484353803305,0.46071849894876277,0.7015993504097796,1.6924881054976673,0.5261996980086482,4.583085812207863,0.11468623511748817,0.40783136470111725
河北,东部,2022,0.52,0.5788208962023077,0.6155593663237908,0.567006172052778,0.5785298742359063,0.45113747192059217,0.5966039953464565,0.6457512615649004,0.024049679194934236,11.847637388577583,0.694119185389461,0.49739089716962176,0.5651548213161599,0.7586682146604377,0.5296060529190562,0.40897418132535346,0.6891331840872287,2.224036186281167,0.5081000341759172,0.40846032784151093,0.45828018100871404,0.7123060023300525,1.7329396418612193,0.5498191814259659,4.662794937699441,0.136831588664044,0.46049804516506226
河北,东部,2023,0.52,0.621218310003107,0.6802748486143666,0.5787220820262703,0.6292000713785156,0.5125449749046475,0.6364620290284158,0.6700783455097281,0.01803933295236039,11.76891209204875,0.7169884691954049,0.4710919863003064,0.565815356316314,0.7469474354598038,0.5676026911292156,0.42217584483935316,0.6795719801500717,2.205436144573013,0.4223208112364278,0.4061330253144084,0.41422691827541813,0.7688696395958208,1.8516532160966317,0.6160788703628781,4.775024289320699,0.12706879680735603,0.3991712272770166
山西,中部,2006,0.45,0.3194389586145318,0.3719801424354604,0.28296172139200293,0.34490909291152155,0.26165922086976745,0.29250958236503327,0.3434497018418858,0.02799887760797894,10.38517556729393,0.47737959105697503,0.582899416899119,0.2568973402136218,0.3881662116989359,0.5339132323293647,0.2725689345895447,0.5594258172959857,1.58639583817548,0.499993065381648,0.4531586873850119,0.47657587638333,0.40804480692143946,1.0010328655249248,0.0010323324863350228,2.197383729701452,0.07302400610512974,0.2566700272937831
山西,中部,2007,0.45,0.3460240813765074,0.390242560848231,0.3014954571341937,0.39545830349645583,0.2797052815664974,0.3100949832197444,0.379006035940487,0.024863795945717117,10.480031658407523,0.49647980748575,0.551924010393491,0.27483063709921984,0.4155263928332841,0.4724430116553216,0.33733677469594125,0.5547774815909378,1.6416215570799886,0.5005030036554142,0.39086069567729403,0.44568184966635416,0.44277764922396184,0.997708773861194,-0.002293855013747827,2.5271118555413583,0.08842080855947283,0.2677038667738997
山西,中部,2008,0.45,0.3440766242887848,0.40541757931170325,0.3042533935733058,0.31402409645911566,0.319630802322309,0.3275456086261211,0.38548671067711254,0.02501625166236088,10.489812010063016,0.5192052559408656,0.5574483430357203,0.28207923606932844,0.427485009313659,0.5255902537674126,0.26824067388627304,0.5048298518711702,1.6616894457112268,0.4737559362743646,0.4273224310454363,0.4505391836599004,0.46203085081906403,1.0391134478326425,0.03836789560067109,2.578156128274367,0.08679463770422247,0.25623818571146545
山西,中部,2009,0.45,0.37242433389047525,0.43508147307517275,0.35459917976467487,0.4027898606262776,0.3059973050256597,0.3661991818326476,0.34205674684386517,0.02903220711180545,10.635420057798607,0.5353361448713965,0.49964951251472495,0.3107517371814281,0.41800190046945196,0.5056971565619599,0.26872864963838466,0.522398869718335,1.7441026639496118,0.46726264777030124,0.4081403373292826,0.43770149254979196,0.4632018969061732,1.0607556896583046,0.05898156889293967,2.5865332731311574,0.0961079000233935,0.2811174786254362
山西,中部,2010,0.45,0.4044339422977937,0.4703641828544428,0.3611824749927469,0.37639755324630453,0.3461837845677173,0.4052299445286813,0.45564319416728843,0.024299186582176006,10.665307583520121,0.5364149940799254,0.5323139352102612,0.3544539668300963,0.4668546559558907,0.5179628478170265,0.2696588008022738,0.5378408559883804,1.704373197622924,0.515781762260444,0.42486689476685596,0.47032432851365,0.5029184737446615,1.1620366836802551,0.1501742273636488,2.8411705440174395,0.10197688284426279,0.2788502042711364
山西,中部,2011,0.45,0.39242210258637156,0.4481323350722985,0.38154321687734494,0.37909858786677786,0.33929197495832053,0.362414701289681,0.4267801935356848,0.024905325362623035,10.795593858613488,0.5476425443893214,0.5468725687486289,0.3435555608507208,0.5187423989196827,0.5006873482370103,0.3109178873488033,0.5769754551772086,1.7172310889011915,0.4846910379941479,0.400010969894691,0.44235100394441945,0.5072049085514723,1.1677907621896246,0.15511372639725982,2.8129145684753545,0.097622863701137,0.2713765189035007
山西,中部,2012,0.45,0.42635658528881715,0.4824106436863075,0.3798157810970532,0.4262311907218313,0.3587026142079375,0.43023867363539553,0.4668788972649057,0.024264558369358247,10.851326863323267,0.5674097890562331,0.5201952415679741,0.359531682703831,0.5193430461484617,0.4533769153573787,0.37224199483574866,0.5725658125888252,1.7382648623101227,0.45408048269843676,0.4025890223696702,0.4283347525340535,0.5205710887213136,1.1662883435520892,0.15382635028276503,3.1455335370028354,0.11370471260068478,0.31633378456472944
山西,中部,2013,0.45,0.44449017218523873,0.5170289489567641,0.4095041383741913,0.44891630146896344,0.3420363163030623,0.4739667503276567,0.4505907092702722,0.023990988535102075,10.982953607427794,0.5681750125223383,0.4993267336807834,0.4166806703580354,0.5139716496991054,0.48929641700892296,0.2763024574906796,0.5790572122334661,1.8034295385676893,0.47724305428038827,0.39036198064809813,0.4338025174642432,0.542012053901738,1.2180266418513044,0.19723204248962165,3.2971830041769064,0.08668099594732137,0.2975543901047217
山西,中部,2014,0.45,0.4593565581123341,0.5280337487361697,0.38311424548013884,0.485661846291891,0.3730260704801098,0.45536838742142877,0.5122746924380339,0.025695413338879713,10.995741070002422,0.568327290722918,0.5027070655036706,0.4084341703109995,0.5886042162857555,0.5448702185393727,0.33701985608328927,0.5829849435047766,1.865901045744245,0.416223727264256,0.4124627501335134,0.4143432386988847,0.5554607055419991,1.2629195226792764,0.23342612216106443,3.2311118781747723,0.10199224727362463,0.30868074005180474
山西,中部,2015,0.45,0.4885259632886148,0.5303889484407307,0.44786997741580425,0.5000543928775811,0.391109500363416,0.5084507869377267,0.5386589257074802,0.024816130974935704,11.00102091198862,0.5736153077588868,0.49070379283206067,0.41372251405791843,0.6079528418300795,0.46997437764005523,0.3144599148159839,0.5519744812727988,2.0421667536309993,0.4347238489929667,0.3549065670731594,0.394815208033063,0.5775546357018447,1.2876330161433127,0.2528056617286502,3.58021154915041,0.11221283735745068,0.35853598271672404
山西,中部,2016,0.45,0.5211732147784657,0.5603488586609496,0.5043675019011125,0.5235353990250683,0.40921870251434556,0.5090235390156678,0.6029118111680315,0.023323028363088038,11.147897230842181,0.5933982958012326,0.5189186536242049,0.42414574752230805,0.5927663320292091,0.49538059978526705,0.3530998886696972,0.588514076602624,1.8740521075630738,0.46492383129506265,0.36397399605411546,0.414448913674589,0.5814650277974408,1.3450142506275484,0.2964046082597908,3.686776952523207,0.12070617026584991,0.3651601144463094
山西,中部,2017,0.45,0.5522100336978442,0.5969327847505975,0.5023443734639341,0.5538688380382815,0.42925939282752046,0.5858843283551479,0.631507562854672,0.02271296361717321,11.22362229888639,0.6091177415306296,0.5134307013826425,0.46225796095870053,0.6320470555311813,0.5381176831875755,0.3328571432251105,0.61335436207443,1.9477262445919923,0.4028509561294495,0.3579611271328536,0.38040604163115155,0.6159317890576314,1.3780698918215664,0.3206838910596659,3.7928089506798837,0.1225483075603139,0.3609774244306583
山西,中部,2018,0.45,0.5701030114489488,0.6278416565386808,0.504463879631423,0.5825789322210034,0.47565141114213744,0.5833859447824413,0.6317858982034028,0.01953726538942846,11.275515572333797,0.6097291351591343,0.5162530604324713,0.4672261093409896,0.6774296479723487,0.5188386034377709,0.3614270428914461,0.5961597515220305,1.9613082852214747,0.39826065671960514,0.3510764417933211,0.3746685492564631,0.6193486448609948,1.443525128945522,0.3670881283139929,3.996492675768868,0.12308978295277909,0.43849915933931083
山西,中部,2019,0.45,0.5833420788357557,0.6339749435804073,0.5718065721673736,0.5683079231692837,0.46127055319877347,0.5967895005010948,0.64820118957389,0.01937312783819534,11.268564484485536,0.6321652027006863,0.5163840632605956,0.4890214357284644,0.6723969161114739,0.4992674990333571,0.345406338792586,0.5998529971323797,1.981763989973311,0.3606024725980655,0.34670883025806093,0.3536556514280632,0.6547605219160997,1.5254325638268185,0.4222780182497984,4.0694263737284135,0.13646058889455726,0.4203928224791414
山西,中部,2020,0.45,0.6097692545101943,0.6512851306511727,0.5609576414946718,0.6473692205732238,0.4576093884164606,0.6326405317708212,0.687013327092073,0.020522309507338077,11.406798277096996,0.6468022177566932,0.49162552242267005,0.4800212245391814,0.6841721413098543,0.4579372742325996,0.35414598714411644,0.6202882700862241,1.9716611724525923,0.3838511749791091,0.3320145204340284,0.35793284770656875,0.6618709701857516,1.5930427397485087,0.46564586029085636,4.116253105013172,0.12761712081856944,0.4244981409454974
山西,中部,2021,0.45,0.649044342262858,0.6773213551915852,0.6197648322437126,0.6376258160302536,0.5077748977873318,0.6973836542326305,0.743691471400707,0.01680504625008229,11.600219373342476,0.6516503355370512,0.5057386656325636,0.5208455271297995,0.6956881356796815,0.4888583637286176,0.3355008745474134,0.69653402055413,2.0232015843203115,0.36623228362516236,0.3469645992679593,0.35659844144656083,0.6955601328197611,1.6405354760370843,0.4950226983220993,4.270410024774098,0.13892026606121693,0.4883698821281959
山西,中部,2022,0.45,0.6894653436175641,0.7442997942938074,0.6276223513553393,0.6743454953958116,0.5100428114367567,0.7940183568061919,0.7716161681434712,0.018840239854523017,11.569015792415415,0.661454365584129,0.5005929831739669,0.5235081950451269,0.7020102025136327,0.528128311875887,0.38207621917223494,0.632601881758053,2.1807283616497903,0.343185653477845,0.33628431538466597,0.3397349844312555,0.7388520910128601,1.6390692425891893,0.49412854572056375,4.674526841073859,0.13041329773300744,0.5160519788841401
山西,中部,2023,0.45,0.7613671585140904,0.8151798962683082,0.6986367889128465,0.7720138374762101,0.5962815093484041,0.8121626687279807,0.8554016992828334,0.016519745201604027,11.628510721836202,0.6639843556770864,0.4969416840201286,0.519153976734594,0.7707418064682573,0.48932456068029107,0.39468874452949765,0.6468617125504393,2.106586967433074,0.2951653057987513,0.25974415184953925,0.27745472882414524,0.8114475979865008,1.7703613886887033,0.5711837001453789,4.625592492918148,0.13840902507440933,0.5456516684262606
内蒙古,西部,2006,0.55,0.3560543811290889,0.424063740268678,0.34359466619008566,0.35362331572627664,0.27710627080037453,0.31191995151600543,0.40106350460636536,0.028746153146066655,10.534976310796903,0.5318175874175938,0.5811875746552355,0.29955086765143335,0.4754749164272084,0.5232614212340414,0.3802751532062117,0.5683732622858595,1.8276838720522695,0.5373353543481248,0.47700336502867086,0.5071693596883978,0.481697866035986,1.076681417165783,0.07388354862658728,2.571622040985593,0.09417072674895799,0.2796548705734855
内蒙古,西部,2007,0.55,0.36856779274492085,0.4055483468600782,0.36418383754301104,0.37532667270270437,0.32217501301655543,0.3569081042049334,0.3713700938374575,0.025381147462614405,10.615113584969027,0.5393228172639877,0.542193385828295,0.31156647370667573,0.4749900378359098,0.4767934328294706,0.3932120383070732,0.556766222457587,1.8553417057413903,0.5012582036404901,0.5257107667369668,0.5134844851887285,0.5084160930187628,1.1232144983985253,0.11619466232444572,2.6441244263525476,0.11499968819825826,0.3051983686203755
内蒙古,西部,2008,0.55,0.3917301346609596,0.45168750050846196,0.3753723863592364,0.39056924096810747,0.33189834692425024,0.3380127849416699,0.4423697021979984,0.026050937641942908,10.741098153054738,0.5579206628331885,0.4925873188371173,0.33767707626727167,0.4652594229561423,0.5946964118893608,0.3512385010327409,0.5628925798880927,1.7838356886217595,0.508708119337234,0.4720200051475919,0.49036406224241297,0.528141677766939,1.1395490486610345,0.13063261279744917,2.988819372402557,0.1071300254574773,0.3060392656751372
内蒙古,西部,2009,0.55,0.41713195748526294,0.47590743881081526,0.3665082519965356,0.4123056517643363,0.36269751280859347,0.4018232856371854,0.47141881604908037,0.023257330407900734,10.756714553148958,0.5645757035704904,0.5014731047301852,0.3548209133734372,0.5208378910413102,0.5406838302444156,0.35597764112256075,0.5788942724068049,1.8385146047227487,0.481165554098514,0.44987510490116156,0.4655203294998378,0.5505718899688292,1.1909406406684608,0.17474344922218055,3.2187340791702317,0.10548200258861808,0.3173605688853401
内蒙古,西部,2010,0.55,0.44196545069965254,0.4812479100410188,0.4085949429346853,0.4565203938892295,0.3918185588184581,0.4187105076420395,0.48222622454836017,0.023695682779548543,10.889985621323985,0.574410085689582,0.49305344721197863,0.36200425315117435,0.5026719732401299,0.4514756961861416,0.3956017292081305,0.5869456067845953,1.9332661015977661,0.5240493414852616,0.4507858974819047,0.48741761948358314,0.553297575761408,1.2400794761847225,0.21517547126038908,3.176719861330438,0.0984633706514999,0.3144732956257738
内蒙古,西部,2011,0.55,0.44583857887441214,0.4873913318750894,0.41007928856667236,0.45754729282028267,0.37139192637098273,0.4045933361189604,0.5300243849330715,0.025661417766531955,10.912130644277106,0.5776589638889448,0.5004328161815778,0.38946022014966175,0.5819308853049416,0.5298941661307512,0.4003672273377398,0.6057853545255345,1.9471166248520893,0.48863325405623587,0.4334115616406882,0.46102240784846205,0.5991702421504073,1.2701795338682256,0.23915825572994578,3.27652931841505,0.10515311870590903,0.3206786527368366
内蒙古,西部,2012,0.55,0.4680085190343618,0.5091999640237678,0.45164747100133934,0.4575717762489479,0.3807235646177176,0.4613821152904504,0.5333363025633899,0.022408867881958006,10.952590746005988,0.5971143183562232,0.5459998335737226,0.3958121761787813,0.5842150319562626,0.4775136717629658,0.33932422601719314,0.613276314872141,1.9705314705103252,0.46098516492066294,0.41027570704831984,0.43563043598449136,0.581288059755329,1.2845733904475836,0.25042667135609736,3.689359313688289,0.1102924194287269,0.3775542844908451
内蒙古,西部,2013,0.55,0.4700195978564428,0.5118287868041569,0.457356127333294,0.4700868868491971,0.3883197434343885,0.46224093366635965,0.5134212920799648,0.02335747018565234,11.007572674927085,0.5954290219248564,0.48007809765078546,0.3995313504403967,0.6037355239477239,0.4933958988529287,0.35164528954803054,0.6155896383064073,1.9885475809631847,0.4824942851646314,0.40664006231182476,0.44456717373822807,0.6054164272280264,1.3038792440663278,0.2653438549728099,3.6149247833962264,0.11791003693995582,0.39642426001646036
内蒙古,西部,2014,0.55,0.48524513021483034,0.5297768848701524,0.4249555070442404,0.5191724687675612,0.44235422000661195,0.48463177520136125,0.4981490700903045,0.02325999118966116,11.177576339377653,0.6157555508010872,0.5085463017255263,0.4225231317391072,0.6004125672859857,0.5200508497686198,0.3758023685469329,0.6126486634686801,2.076448889849563,0.48261137645377955,0.42861914190025474,0.4556152591770172,0.5923964659994204,1.4272066728004198,0.35571915828140266,3.665349473306272,0.10194927830957709,0.3678294554489097
内蒙古,西部,2015,0.55,0.5276446590729769,0.5637059138490934,0.4943660957122704,0.5265778512288894,0.4451799140631646,0.5522207116184268,0.573168474280949,0.021904184456636434,11.212626540999347,0.6473983436455616,0.532150400585367,0.426824176285977,0.614727940692932,0.5328708095181847,0.40152922503449295,0.6151175696499089,2.025835950044638,0.5056062144844885,0.36984264412150897,0.4377244293029987,0.6627423565375216,1.4672846201336038,0.38341349543001607,3.959217217931628,0.10785014038623235,0.3729745941679658
内蒙古,西部,2016,0.55,0.5469754743287188,0.5957765097481963,0.5058639086453599,0.5497105186618578,0.4350521900218899,0.5606520203976276,0.618744438673811,0.018793286950443182,11.278053386009894,0.6309014133422094,0.5365067570570576,0.46414791021794244,0.6512715156576294,0.5172365544334734,0.38158055629014354,0.5982783825675753,2.0833857419507087,0.42935913769288814,0.4049630719393759,0.417161104816132,0.6752673753656218,1.4967934656810986,0.4033251304424914,3.8809187655892257,0.12248942900236806,0.403327385418067
内蒙古,西部,2017,0.55,0.5829119362318862,0.633453647492261,0.5625614764030464,0.5692469510470223,0.45874329538241404,0.6045793803719705,0.6505648092205877,0.019499205048294364,11.287138226543034,0.6263960371596625,0.4930446205436003,0.4868611111432784,0.6811381413232661,0.5050795208262949,0.39573594862474193,0.6191608054278706,2.0897076708707414,0.4567811454920848,0.3837873159452411,0.42028423071866294,0.7103833869371056,1.5142009338220928,0.41488786339675404,4.216333328508001,0.11592639403598583,0.4106734051469635
内蒙古,西部,2018,0.55,0.6066998455724391,0.6580048383327722,0.5601791049157323,0.6289414701256317,0.4787678752018789,0.6664911878828533,0.6270399579183198,0.019629438500799932,11.47373281109251,0.6616451864422284,0.47450208568522,0.5024478491030724,0.6926648358972692,0.5436345476145926,0.44541436010025803,0.6359364639803524,2.0701911822808934,0.38829414105262255,0.39198741812136145,0.390140779586992,0.7202113500743834,1.636143496587388,0.49234194618457755,4.19183541525585,0.12440367125848813,0.4658493687727403
内蒙古,西部,2019,0.55,0.6220088834633628,0.6780830072367359,0.5746410811785349,0.6181910759119109,0.5228553702735661,0.6549934869752633,0.6682247923676443,0.020745706472585446,11.433721040175147,0.6772359519187992,0.4828045018119912,0.4969262071738623,0.7256876307498248,0.5010764445381146,0.4610687086813122,0.6462010358195631,2.162167220857662,0.396643585296697,0.30962769348862007,0.3531356393926586,0.7395600767676305,1.6756421397588632,0.5161964588308863,4.630278401908119,0.11532454802019015,0.4276006738222949
内蒙古,西部,2020,0.55,0.6621579108402214,0.6813271222130389,0.659153993863304,0.6682821195261641,0.5444646993743787,0.689203169436866,0.7156563510637761,0.01805423645124545,11.513715090460781,0.6919049515597908,0.4616833064902387,0.5371952130771487,0.7056564060542683,0.48610679528530426,0.39201455932602924,0.6333288183518426,2.237570509143463,0.38395348480850017,0.36589089454948287,0.3749221896789915,0.7515838091488777,1.6951254543975605,0.5277567524873245,4.750816305477261,0.12718272672061176,0.4724685299763008
内蒙古,西部,2021,0.55,0.659751375438056,0.7210837819986728,0.6135865655255578,0.6735326668306472,0.5213596452408317,0.6907774022246743,0.714974643645246,0.016708843978225044,11.61429466391918,0.6932924963026471,0.4767453428801984,0.5366044910268051,0.7276817602307192,0.4778469170915119,0.39572948410043235,0.7046184787376759,2.170161096978358,0.4073891414830433,0.3188569145350926,0.3631230280090679,0.7631055913585924,1.7764913478723854,0.5746402661447573,4.809293407304317,0.13177312348547982,0.459838473614658
内蒙古,西部,2022,0.55,0.7235702773475735,0.7714296826639783,0.6905962026248387,0.7088181945216112,0.5618091230478687,0.7984467862190439,0.793129694459058,0.018448173900608968,11.780244500383915,0.7093308391954708,0.4380800620573683,0.5827501867090853,0.7839028732487305,0.5127862569533562,0.4149459734486703,0.680074501393734,2.3662551588634395,0.3908269081380288,0.32579764703968794,0.35831227758885836,0.8055289731864972,1.8114904071929698,0.5941499358341267,4.776802648217221,0.13600396242810037,0.5357511284782747
内蒙古,西部,2023,0.55,0.7706509797415613,0.8259908522393612,0.6842251879870946,0.8054100347734413,0.614967843676074,0.8126232583839158,0.8621965488303662,0.01737854063041716,11.809027460285838,0.7271920781624506,0.49017178179637644,0.5877184107706943,0.7798986350271163,0.5572905628935052,0.4298379352229659,0.7068866465386223,2.2585769026149327,0.3430000590220601,0.3107842301842766,0.32689214460316834,0.8420001608481914,1.9844337101756364,0.6853335888914975,5.169791604035078,0.1348498460959654,0.5475788761594116
辽宁,东北,2006,0.6,0.42393160426786425,0.479354029603677,0.38793948065178846,0.4303801368523286,0.379939103573588,0.4027779528325266,0.44770066514137646,0.024617736322712427,10.723626192647156,0.5373094811967918,0.5058156864349215,0.30910561670591724,0.48092627859203496,0.5287793444312215,0.4233082927445645,0.5584797015742029,1.8317167661866085,0.46994622078789605,0.36625045836312103,0.41809833957550857,0.5200083258883282,1.0989513901357675,0.094356443447603,3.0088048644785697,0.08857061877424251,0.3244302285431691
辽宁,东北,2007,0.6,0.4497408900899431,0.5070340728242965,0.414744091646605,0.45503676185239683,0.40944971607664815,0.4430039516762183,0.45333312595400027,0.024940077458033734,10.729709362284323,0.5725394549556423,0.5433138379388444,0.31219132595972116,0.5354893054211612,0.5334902310866005,0.3880830582795078,0.5616959829283446,1.9479690434046435,0.4821068714983934,0.3967691384002219,0.4394380049493076,0.5197305278299099,1.0560681961130451,0.054552762851398616,3.0570066764421244,0.10485863732364142,0.32397605843733857
辽宁,东北,2008,0.6,0.459910482577909,0.5169582734007078,0.47679706681324435,0.4611988954629733,0.3994712041666545,0.41711090825653,0.4612463324415813,0.022496739904233905,10.71388445573096,0.567165770472035,0.5327595803473597,0.33612308954710174,0.4653228131936501,0.5345200858664737,0.3442285785538822,0.5928466144870603,1.9205282944892816,0.4804226252345306,0.3795316759870551,0.4299771506107929,0.5550560304496526,1.1529183864435086,0.1422964551246664,3.1948934593789904,0.09906938437929573,0.32645811068705527
辽宁,东北,2009,0.6,0.47781288998650306,0.5504191726263574,0.45147703076163137,0.4996456411222154,0.4224071787048882,0.464903325506926,0.45102980451610597,0.022805296796695417,10.793955784840417,0.5934708217879879,0.5224425629498131,0.3760850820179019,0.5155967634664272,0.5252028976297837,0.3491730579050836,0.5888398177634847,2.025121395293432,0.44416252459301797,0.35678692078981455,0.40047472269141626,0.5437454305718209,1.146292396475397,0.1365327310150194,3.4017834034388725,0.09888943611482286,0.3729036340560484
辽宁,东北,2010,0.6,0.4999811711634377,0.5535009962338483,0.4591203227207623,0.5035005699731323,0.4592431685942042,0.515539302979644,0.4958951478775457,0.02305329552091871,11.010453200698521,0.5853438258632836,0.5291189772057273,0.4139868685946942,0.5641868891519758,0.5541042513207222,0.346451735697747,0.6004721729884392,2.0068415834179385,0.44231058671275514,0.37714953362505316,0.4097300601689041,0.5603563782762595,1.2072500091803928,0.18834505337589838,3.416598249850056,0.10126084013816253,0.3778642135332799
辽宁,东北,2011,0.6,0.5124650244861848,0.5809193014805836,0.4629906292310426,0.5395300955650174,0.44231609718796217,0.48885011933232486,0.5371710814707588,0.02284027600410733,10.969849844275666,0.6206831628350266,0.5197248020402091,0.37947712182864834,0.5878892303539921,0.45984416182929927,0.48305062070403776,0.597225171930274,1.8717316890833646,0.42325471802804754,0.3586781650131797,0.3909664415206136,0.5705516603117229,1.2006127346247635,0.18283203866321404,3.6110775491912426,0.11308195274786423,0.38823916419862753
辽宁,东北,2012,0.6,0.5365032713974585,0.5850231928007599,0.5312412951034566,0.5227093037860004,0.43136166717077745,0.5686632766761518,0.5606493342124842,0.020665676155968486,11.053974202714965,0.6233308885779948,0.488749476733633,0.3842175745200243,0.5997660909353238,0.5279960360326752,0.46224521333538793,0.6207732466298587,2.0594936217810615,0.4202207345252885,0.37892673083252176,0.39957373267890517,0.6017064756388376,1.2644683441277833,0.2346517525146249,3.7371338489884858,0.10727987441061992,0.40835932272501235
辽宁,东北,2013,0.6,0.5569234725641076,0.5882451768386613,0.506558889013501,0.5754012617447285,0.47841176467611446,0.5745490207023036,0.6090773993326164,0.02112589758300481,11.13058560817921,0.625101448048176,0.5017229043711174,0.4392895160863713,0.6066189904893686,0.5421560603376581,0.3456701532704559,0.6162421286680557,2.0807439343620833,0.41173468808490127,0.37486514127231374,0.3932999146786075,0.6072133383038631,1.3292556556709003,0.2846191281767088,3.84728109326821,0.12615055464610297,0.39232304982442556
辽宁,东北,2014,0.6,0.5740622700832259,0.6155438360743777,0.5236316344772614,0.590550127545723,0.5081341975703478,0.5790857897195654,0.6159941972428646,0.02272215734031638,11.199891141446422,0.6274260712856877,0.5441313662683488,0.4261751068021422,0.6145485161743033,0.5290811053913825,0.40747627818568677,0.6387733557577752,2.1022506587892336,0.362283918912109,0.3445960471430682,0.3534399830275886,0.6179857293205129,1.354631702456086,0.30352961108016396,4.0459278552979185,0.12859053621485267,0.3866247983202717
辽宁,东北,2015,0.6,0.6029112504502738,0.6579248665821701,0.5899903043827323,0.6020275423192426,0.5511451117510633,0.5961774055847081,0.6011742549641949,0.01769074845285902,11.31280947278246,0.641341229739221,0.4767008227238927,0.471458304981615,0.6405559189115301,0.522368869849839,0.4718797673081269,0.6329778237298919,2.2220157678511887,0.386123873986905,0.3813839877278259,0.3837539308573654,0.6369697214042057,1.3834499632958406,0.3245803528368104,4.082049736594848,0.11335997025110195,0.4521795453047138
辽宁,东北,2016,0.6,0.6249687970216901,0.6723370511985135,0.581423324031523,0.6261022252947063,0.5297667829384857,0.6333291657741887,0.6932004228383323,0.02276926179577246,11.41313571607991,0.6750495323115369,0.48653615883823964,0.49157743927699094,0.7059214486660561,0.448382072354011,0.505822587082654,0.6257190102870098,2.163056590058937,0.3642605866755232,0.32967760609564156,0.3469690963855824,0.6685530680093555,1.4948634491871875,0.40203486433472047,4.277198340603323,0.11996050627982412,0.3976964546247876
辽宁,东北,2017,0.6,0.6498482220915726,0.7080191757159874,0.6053856510410478,0.6627097439286822,0.5322453953253299,0.6566044807701372,0.7132145892850462,0.019730743747425165,11.473066345418237,0.6794038862156382,0.48764252578258505,0.5132607672843396,0.6909730930193713,0.5291403823449922,0.41938518934473495,0.6409653395159945,2.1943741494858187,0.3334059682306383,0.353472427273939,0.34343919775228865,0.691955885783418,1.5167066204560673,0.41654128710562105,4.3918523703172685,0.12256217045666679,0.48706361158137346
辽宁,东北,2018,0.6,0.6752196637846466,0.7355925897189126,0.6373530707407237,0.6658176560117735,0.535491292404955,0.7191935853655296,0.7378839752259427,0.01983376287983251,11.593538804635683,0.6890506255818176,0.46339151731166717,0.48738430629639806,0.687232063417213,0.5505687650568526,0.40792640848819484,0.6838147971276464,2.286385452884981,0.38780186397491384,0.2745507288913444,0.3311762964331291,0.7257172333818342,1.5175632537607977,0.4171059259564817,4.489207673715959,0.12682569508740127,0.4766674627305478
辽宁,东北,2019,0.6,0.7220686218830127,0.7633832201880776,0.6995941565472473,0.7305092970671525,0.5647641255432616,0.7600140394922519,0.7926951512994053,0.015204567187956826,11.634585241872104,0.6875617298424583,0.5029017500463692,0.5168888311134145,0.7103217728779303,0.4689617144873862,0.42012616488224064,0.6873669120271512,2.2888603300185277,0.33999852823438637,0.31918132840544633,0.32958992831991635,0.740110422491177,1.6238190969453445,0.48478084202820754,4.840445028743207,0.12747109285800584,0.4887170436047511
辽宁,东北,2020,0.6,0.7337439002000101,0.7836036422875142,0.6928920504918491,0.7320834622235158,0.5813779162466185,0.796145637677253,0.7980855035175134,0.015395450691789872,11.707206609671072,0.7172074116063785,0.476014863202371,0.5376869942449009,0.7617487439789906,0.5181389194480427,0.4218299789576286,0.7040777329336138,2.261103369677909,0.29391838228711853,0.3192310158586952,0.30657469907290685,0.750715897229043,1.7581621925211004,0.5642690546894047,4.825756637501826,0.14128791670353988,0.5222779227585415
辽宁,东北,2021,0.6,0.7862410054124443,0.8226779307130165,0.728547681502679,0.7945054097658611,0.6239668014428099,0.8578392071763081,0.876830863753761,0.01587514001377252,11.745767786307708,0.730624660326582,0.4409952800715193,0.5672276748366165,0.7855709825101708,0.4534963223360787,0.45130556777431785,0.7247801221143206,2.3383315696682154,0.3204426509374137,0.26903483469780726,0.2947387428176105,0.767866022034902,1.7336834246681212,0.5502482922949821,4.9092429379775595,0.14442755335341947,0.5700902482279894
辽宁,东北,2022,0.6,0.8064449690687526,0.8612469006589808,0.74644670363093,0.8241032176781206,0.6261801122189876,0.852279392902609,0.906596523035185,0.01397383942920345,11.833025628389084,0.7325636103937804,0.49468572752114154,0.5588855000294631,0.8019901613914471,0.5040634576018181,0.4156626097614061,0.7178127971157233,2.3122150082804813,0.30809524956715906,0.2556147437825851,0.28185499667487207,0.8157630390800588,1.8148789520257347,0.5960187723939617,5.170199843353396,0.16196863698125932,0.5810657703394877
辽宁,东北,2023,0.6,0.8509662314550415,0.8993901972797996,0.7815263775923222,0.8554156475832381,0.6757053955001264,0.9451928379574421,0.9337396426923116,0.012392143099182178,11.945662568890445,0.734760425932702,0.4585959783051269,0.5807951446134042,0.7885813522377941,0.5362560015348735,0.4149942756982262,0.7509308974106,2.433297740663615,0.285313452303249,0.20375489404107572,0.24453417317216236,0.8147025748523611,1.849369043829972,0.6148445235277303,5.227286055955036,0.14736966229902848,0.5763576591508204
吉林,东北,2006,0.48,0.35227255279052966,0.395529425215557,0.3825253977005359,0.35046312951389047,0.29167928238158575,0.31758340399986423,0.3517074847694661,0.02546513869878787,10.377077304009353,0.5068006323207888,0.5736094704315845,0.2922803199376592,0.4162244967234024,0.4564676206150525,0.27007891843772686,0.5393168091674232,1.6331212056495004,0.5500830337265981,0.4703103773410302,0.5101967055338141,0.48748594157262715,1.0895811576046832,0.08579336331634238,2.5107419367542803,0.1054302241356935,0.2798070687485045
吉林,东北,2007,0.48,0.36536449552662303,0.4163378067707002,0.3347261948266629,0.37349706735384586,0.303342101499633,0.3308826288514542,0.41677638961549834,0.028585957932369222,10.483280263896807,0.5432236470640214,0.5621630774364028,0.2980794551555055,0.4461267365466504,0.49725217873099997,0.2844432919235518,0.5147479980702481,1.6630414638787223,0.536045256739946,0.459298305799959,0.4976717812699525,0.5286206829224641,1.1137441165734452,0.10772741725105747,2.502082567105303,0.0950261929317209,0.3003628193131572
吉林,东北,2008,0.48,0.38151858299107033,0.42667937556625196,0.3623741235531081,0.38113661767083606,0.3214722186607271,0.3634872635557494,0.41881049541097193,0.028469328983577336,10.579839751298982,0.5414132185881968,0.5459979217133492,0.32665042692265867,0.48261096708621276,0.48005429666114624,0.31328157384192495,0.5384789214417244,1.66516361246972,0.5298132659371076,0.4564830569314228,0.4931481614342652,0.5387096604272625,1.1459260847055637,0.13621311770070482,2.877010142658885,0.09758992533818743,0.26839009410664133
吉林,东北,2009,0.48,0.3887179048843062,0.43256575895922644,0.3642869847009813,0.3951610656654025,0.3298236630337581,0.3459862266449012,0.44953904803366984,0.02524763854148921,10.629482715733795,0.5335014633986456,0.5206454115566,0.340943798697104,0.4582762569373415,0.463849080716028,0.3610688535750505,0.5098134442382509,1.741759773352234,0.4933665801559532,0.4714046039405723,0.48238559204826276,0.5499916537920293,1.1783617717286752,0.1641251448123997,2.7269695857069514,0.09099406246536074,0.28681398967335997
吉林,东北,2010,0.48,0.4157543983965437,0.4437083679285766,0.4067462779631065,0.4446329169886718,0.36353379395842894,0.40000759236013933,0.419123998075382,0.023968090610383977,10.78587493288364,0.5405763504022957,0.560471739807171,0.3440346178856454,0.5038091827877463,0.49599434767732453,0.32467339824119296,0.5605274950992765,1.7770999891093269,0.5226997634952659,0.45286182181992796,0.48778079265759694,0.5688979916217746,1.2078650869873688,0.18885441031814118,3.07120120173739,0.09934756787273545,0.3283140328205382
吉林,东北,2011,0.48,0.42752171597201594,0.45609407792478407,0.3893101323523003,0.43882140003822884,0.367308225952364,0.43244704959784336,0.47299343655837633,0.023672098646191776,10.78289409912886,0.5560335692403179,0.5243476763423904,0.37980805044943156,0.5365829502561523,0.4722492931820095,0.32373193912777826,0.5598967108672326,1.847163853799429,0.47722866827796256,0.45673958640600654,0.4669841273419846,0.5649358555755284,1.2943354958038629,0.257997432801526,3.1655442689520457,0.10983985800123104,0.3246007675986876
吉林,东北,2012,0.48,0.4334309285193009,0.4874675726343691,0.3808202049060827,0.46599885215126835,0.3635948907676931,0.407990006271938,0.4760546538255745,0.02409759951786957,10.904980001695002,0.5651694659118963,0.5302083107354153,0.3722322780324633,0.5283679365809244,0.5058594687972473,0.3325394308762622,0.5933345020021834,1.7606045152155858,0.5082794874289498,0.42315594468965684,0.46571771605930334,0.5839092998602134,1.2855955725960468,0.2512220915927084,3.217337938102324,0.12013449124180511,0.34220583413749617
吉林,东北,2013,0.48,0.4487506299648557,0.4968404131366906,0.40620627907932827,0.4535524815353635,0.370388429652565,0.45134301694521495,0.5004675848915446,0.024080092539369817,10.903197824316909,0.6053182023993332,0.5190285807079632,0.3829290157750423,0.5490527883241791,0.520788558845929,0.33874910221811494,0.6060416710074635,1.9280881013294204,0.47667745460385674,0.46767564877823764,0.4721765516910472,0.61750957730017,1.3917709348727771,0.3305769900899775,3.1845246545546657,0.11684491072726673,0.34794461411822036
吉林,东北,2014,0.48,0.45869104480090445,0.5280231287262369,0.4314210692990884,0.4877784078298875,0.3894743002925276,0.4210714741539456,0.4662892667226377,0.02558144513263244,11.009357411821718,0.5841071546149196,0.5356987549176709,0.4240638365265234,0.5781328359364315,0.514830193569713,0.3430770222044857,0.5804860842709995,1.9530684796307556,0.4944056769046916,0.44868750302785143,0.4715465899662715,0.5918246398309114,1.3596912605456455,0.30725765967164054,3.314261994579829,0.10561868357227777,0.365291699533935
吉林,东北,2015,0.48,0.485719866937124,0.5562388824265125,0.4332403519141225,0.4955375208360875,0.39563032043765245,0.48747633729671896,0.5252158526733635,0.023547029621157702,11.08855462034851,0.6042797830198524,0.5335254442599454,0.41740857837442186,0.598766685738773,0.47154816436294156,0.36599200746948873,0.5849653258594221,1.9664359070259017,0.49265111693704355,0.44431255764877264,0.4684818372929081,0.6089552425308065,1.41447067512007,0.3467553799221498,3.5295419580203693,0.10044553166715318,0.38085018628921974
吉林,东北,2016,0.48,0.5258452534408571,0.5858842008400308,0.48566677844850153,0.5539860460322856,0.4214464243174639,0.5297098717140909,0.5538128313650037,0.022298764399243515,11.109538042549968,0.5845930484717293,0.5332456162912074,0.4568809984301245,0.5973293602507234,0.48452146798568807,0.3183154627153461,0.6241984459716672,1.999578326372615,0.4789043662406777,0.43543643342509336,0.45717039983288554,0.6764047402901083,1.5309597727198236,0.4258948411636755,3.755292273660407,0.12466888441530287,0.3967612811281767
吉林,东北,2017,0.48,0.5568240564698298,0.6074642371004669,0.5466205318872505,0.5494502012033353,0.45744003796822474,0.5672771443482455,0.5927020008376177,0.019690968079049995,11.204289298377388,0.6196694770912704,0.5443970292338012,0.45342514876602324,0.6574715139024768,0.4785116912896901,0.33672442197188396,0.6242719233387788,2.0967717505296366,0.4436523774382384,0.41132030883606957,0.42748634313715395,0.6640796115354728,1.5132131493437304,0.4142353034982534,3.8347257266430184,0.11785482127260656,0.3945967408651901
吉林,东北,2018,0.48,0.5620321541146808,0.6040860908085868,0.5025961276720503,0.5478100203479245,0.4521109175168381,0.6187355527277191,0.640239786319018,0.021358431712632128,11.34219288583862,0.6414403938015917,0.5105450185906278,0.477019251067087,0.6709057782130855,0.4819134904254989,0.32204998628939224,0.5946572558505276,1.9929540836538944,0.46254648879014326,0.4006281436329237,0.43158731621153346,0.6629475703879192,1.5440551497913704,0.4344121697414784,4.183319069773394,0.12997440006314212,0.40325652708662346
吉林,东北,2019,0.48,0.5895334344104015,0.6355296739959176,0.5500344492934871,0.6007645523487836,0.479690912739728,0.6256630548609476,0.6285166220193676,0.02211071238984988,11.411508830250193,0.6552218296445376,0.5129412409516234,0.4977523988237023,0.6833228587525396,0.5043702513184822,0.39407981440892675,0.6518303167462599,2.0295248992805206,0.45141621240651736,0.39402229129002736,0.42271925184827236,0.707809383258045,1.6161792468279188,0.4800648740145093,4.101755197348485,0.11569202520175988,0.38486063026558914
吉林,东北,2020,0.48,0.6065925380571181,0.6623755763274605,0.5488824940207276,0.6295291039207064,0.48790161008955296,0.6142385570504003,0.6770755079471366,0.01794979022600618,11.46353862035374,0.6771319871626748,0.4930939385815582,0.4940570665642582,0.6640712425082947,0.5300232304844832,0.37506806407149135,0.629802105131859,2.1487630267047515,0.43770328940440417,0.411374711314947,0.4245390003596756,0.6999795423313806,1.6441105390796398,0.4971995322566156,4.3868426650612795,0.12374942432072353,0.4381099600899827
吉林,东北,2021,0.48,0.6151046324358742,0.663687286846484,0.5927049203811838,0.6206771094733943,0.4608311215781167,0.6422748331570899,0.6873388513216896,0.01878119380896462,11.58783450985164,0.6722225391594979,0.45009736645602694,0.5272821211459949,0.7018778686602214,0.5456682339307426,0.4242986163299553,0.6208155789727778,2.1738743398716247,0.43480808335879884,0.3630568806707584,0.3989324820147786,0.7090579540847879,1.6759897791953635,0.5164039037091744,4.560652058042702,0.11892219441634777,0.4748079601940258
吉林,东北,2022,0.48,0.6867471665713253,0.7379756604090459,0.6727775952324261,0.6598379571377545,0.5285333837111953,0.7110530346527104,0.7908573743027315,0.017338932409635337,11.67487574952288,0.6572425039982575,0.49953247729295075,0.5532194987821888,0.7131852223194244,0.5551529643976102,0.38878301158957523,0.6586105915268312,2.1717289258132055,0.4117911851532445,0.3398283026891739,0.3758097439212092,0.7846209237174951,1.7634270143170818,0.5672590830028537,4.637213083675291,0.13764894506718856,0.46307937456325005
吉林,东北,2023,0.48,0.7278647497066382,0.7750113497320833,0.6953938256856311,0.738059759159384,0.557863604374002,0.7449400808214249,0.8333261183502989,0.017488137543028696,11.662933909479438,0.7097371539152199,0.4574882218780494,0.5651556414575274,0.7360803636833223,0.4848418523582292,0.32952932725389406,0.6837098213750479,2.2281429763536447,0.3580805713736822,0.38117299994949405,0.36962678566158813,0.8191644870160742,1.9574667060727824,0.6716511403462393,4.8839405723438505,0.1473172850417164,0.48452643997488415
黑龙江,东北,2006,0.45,0.3664963847956776,0.40774201138240984,0.34511411444179474,0.37790942080270035,0.31521146931085187,0.3183958382526925,0.4194317648917556,0.025211210402060792,10.359937895183313,0.49392469304893133,0.5452413927920771,0.2886903119722069,0.39397858196673446,0.4865399900672591,0.30780911459160737,0.5092261517694736,1.6519653042300404,0.48364414359423147,0.44048775974566995,0.4620659516699507,0.4526534532512154,0.9706551093705171,-0.029784064959652853,2.435516335237032,0.07931502656045844,0.29901258780650736
黑龙江,东北,2007,0.45,0.3796694101803769,0.42421707043403334,0.3991619175433686,0.36583384161983257,0.3252638432410207,0.3280459940403454,0.41588614856266226,0.023335168366731884,10.451506039471004,0.5035969235957959,0.569388142894927,0.2663525754588685,0.3938272208965423,0.5094192993954433,0.2977214490112609,0.5070517030888039,1.6196484205376651,0.46845755173302306,0.43220694540773047,0.4503322485703768,0.4842903455166203,1.0407897187396224,0.03997976993871976,2.57893801518562,0.08648122387081272,0.31645254970811576
黑龙江,东北,2008,0.45,0.4030995781985653,0.4465250300018636,0.3972637531944251,0.41306966294297326,0.3647408304462635,0.349758640506242,0.4293802997003178,0.02637376129278127,10.4641847552984,0.5049081764820134,0.5488526176133702,0.30739629138264546,0.4652240870177699,0.43974862224954614,0.27951428371682685,0.5388444585403771,1.7183300660549066,0.45355857129799393,0.37909323642355947,0.4163259038607767,0.4784443190583057,1.0753349985094296,0.07263223955456674,2.5837007563536605,0.09404394665263223,0.3100498693469183
黑龙江,东北,2009,0.45,0.40845866179719637,0.4833732051426855,0.3938334227622259,0.4264273957607463,0.34063749469352633,0.3507539774693129,0.42556485038022474,0.024127610095098742,10.530893908689123,0.5094638749245075,0.5320819849073276,0.3340683502668815,0.4763845907544984,0.512428364187132,0.31537100954432146,0.5331102708971217,1.6283339012938396,0.49678899261684717,0.41284208745592504,0.45481554003638613,0.5032516847989197,1.0859707213915994,0.08247426110374743,2.706494334010824,0.0980940085830184,0.32320351833566446
黑龙江,东北,2010,0.45,0.43406825300853863,0.5067015390332774,0.40730073876912254,0.4567022063910185,0.3424677342030584,0.39449344608135245,0.4672527691495113,0.025663505951898133,10.663092006599333,0.525305615865492,0.542476571720345,0.3263345746353655,0.47273004196811363,0.510292198632146,0.3229804078673536,0.5505643765896681,1.724465493624504,0.4556458592808718,0.36630281754460287,0.41097433841273734,0.49855172985151064,1.141207610412489,0.13208700911563157,2.817314023433966,0.10281439556891352,0.32748646100494944
黑龙江,东北,2011,0.45,0.43622808761130716,0.4854320463759401,0.368276000137711,0.47181140919751763,0.36155259303881504,0.41750901731318735,0.4978815268891051,0.023400547045255595,10.678220885421485,0.5512024331010839,0.5599716774940057,0.3440391181364825,0.5325928936059959,0.49844157433694836,0.2443709019758273,0.5551424862338182,1.7944629448003147,0.4436364446266534,0.38953261840329473,0.4165845315149741,0.5097331666221869,1.1350142257573028,0.1266451845616945,2.938414464898382,0.09048563974238467,0.2924521230899122
黑龙江,东北,2012,0.45,0.4647254574042377,0.5163079337420726,0.4414095692598082,0.4922167170378985,0.3911436427203201,0.448384445004089,0.47595574927185236,0.023038691043447634,10.818156918281174,0.5371362351198881,0.545709790084555,0.38501418346268573,0.4895557345105826,0.4692326087347352,0.29739281063308387,0.5619140134939389,1.8881125474097233,0.4580527680657443,0.38575459447902943,0.42190368127238687,0.540167011103743,1.2464070478439249,0.22026505067863328,3.118613853685447,0.10468776626715025,0.3578719264839616
黑龙江,东北,2013,0.45,0.46643814035722286,0.5256444275104848,0.4402827299300123,0.48711541864491287,0.3939904139958396,0.4545321653501116,0.47359403566470043,0.025759788090179935,10.89994021248602,0.5612478573693025,0.5322201228802419,0.40788734199284515,0.5644509501847714,0.4783453386233934,0.3378189427662967,0.5640220225154703,1.8168206975637482,0.4365134119663402,0.3775706519246585,0.40704203194549937,0.5749610152702536,1.2736694671217608,0.2419020785289343,3.442445946674794,0.11888569445995911,0.3643666327429282
黑龙江,东北,2014,0.45,0.5044352326255452,0.5641419323552133,0.47097178095534137,0.5219776616640964,0.42175595981461983,0.49335659755836037,0.53217748316802,0.023498080572863837,10.889109520181162,0.5866937504084685,0.4902054518284136,0.3910760795334128,0.5790674268978204,0.47320379777339083,0.3067364910827341,0.5796560911097404,1.875407471664536,0.4046466575219356,0.3749844230965033,0.3898155403092195,0.5655037296273511,1.2815492526459769,0.248069699673743,3.3770872696926424,0.10424653435190034,0.39360402969002095
黑龙江,东北,2015,0.45,0.5320528585514769,0.5725800309632842,0.5282315872918558,0.5347903253967347,0.45590022384528833,0.5274077373443816,0.555038107565841,0.018762218088321757,10.969216161655552,0.589761954207443,0.5225380039578125,0.4098089396320411,0.5639101857791449,0.5009464211842501,0.33242022001870036,0.619763325355504,1.8139991616461861,0.3824037334356135,0.3290538622983859,0.35572879786699974,0.5757313226203776,1.3029449018155097,0.26462701161204494,3.547369389336265,0.11363939850580394,0.35040084704694735
黑龙江,东北,2016,0.45,0.5469524891311393,0.5994450226553494,0.523666039673122,0.5987032325827689,0.45236853311701375,0.5113958546524048,0.5666402850651092,0.018216759555142525,11.095523576424544,0.5970600268512107,0.464108275388006,0.4534495458856618,0.5980952095718648,0.47415603940195733,0.3827037816027828,0.6063691920925078,1.9152598519104953,0.39520305881364576,0.3686196982981607,0.38191137855590324,0.6187331321711668,1.360550173007313,0.3078891569200957,3.686900136337285,0.1290913766083157,0.41124481427900006
黑龙江,东北,2017,0.45,0.5738701163897415,0.6290356281457201,0.554365424250006,0.5942226001461787,0.4566221242032668,0.5662924551929971,0.6163078713458486,0.020462903334123275,11.158995958724164,0.621197491455047,0.4991379137558434,0.46678142258773325,0.6312562308745479,0.5619710528618239,0.32893360608821726,0.6086703439759532,2.0206834572686274,0.40079730684821185,0.3710074196215259,0.3859023632348689,0.6527905331387408,1.4570371251963015,0.3764050074624321,3.877503919139226,0.12570063324276057,0.39654147496768244
黑龙江,东北,2018,0.45,0.5934694839818577,0.6600829703662611,0.5551756697689234,0.6037813011586877,0.4653375812789523,0.6162837091335197,0.635005449283695,0.023132341021204733,11.21751203883787,0.6222062389983307,0.4965761678134541,0.45470867114588187,0.6160459547361753,0.47952902272704373,0.2997453392135302,0.6039438616145659,1.94720421683711,0.37221336732416466,0.35673068261248525,0.364472024968325,0.6527269935539162,1.4683538992723877,0.3841419769368521,3.9835035245090933,0.12925589965768988,0.4044175965278319
黑龙江,东北,2019,0.45,0.625654715238836,0.6709967215370234,0.5755906734472496,0.657105412320222,0.49913170305994337,0.6527349226206144,0.6785426578120153,0.0189847964497927,11.46287623610112,0.6374597984744178,0.4861940029939608,0.5024819992324072,0.6743056132098425,0.533926680826603,0.37557299046177706,0.6109679504665002,2.0260261566642845,0.35532018978825036,0.3276040278705414,0.34146210882939587,0.6847084169989114,1.5393281519401076,0.43134605626033123,4.169169428097091,0.1381147970844822,0.448924641667076
黑龙江,东北,2020,0.45,0.6469320048802228,0.7072333305976701,0.6365047257200663,0.6370625720494565,0.5065663931130233,0.666447031672079,0.7023791691702639,0.01918722931390055,11.29212842819801,0.6525695449643243,0.477470874894345,0.5143954661686921,0.7232554862097955,0.5297521248109434,0.33148446365332673,0.6378381594848394,2.0341889768485615,0.36660554280451907,0.3179454025151544,0.3422754726598367,0.6677263333337764,1.5516734372657253,0.4393339854879586,4.293750215365935,0.1021655713145707,0.4766426496795509
黑龙江,东北,2021,0.45,0.6641032185305958,0.7161125433015968,0.6196621102225381,0.6855722112916142,0.5098334193333762,0.6895759822532833,0.7408363730204257,0.01691545623764746,11.402926275508744,0.6466972825905634,0.5105297710782445,0.5171341538620431,0.6844639846295473,0.5020111488781603,0.35108133507166384,0.6531003043152225,1.9805580278236412,0.303006347558828,0.36344970046284236,0.3332280240108352,0.7236838647953374,1.6614440751831578,0.5076871490122974,4.378887661509428,0.1295849178426646,0.49175542026170765
黑龙江,东北,2022,0.45,0.7219198240540476,0.792944717473559,0.690109402617075,0.7106788303471269,0.57229242144554,0.7755330637351746,0.7649206670875183,0.018449229745173802,11.516116513725448,0.6724138741433432,0.47570933652134506,0.5310255323511367,0.709119080757856,0.49757773166635655,0.3760489730112285,0.6521282918917709,2.137202327150004,0.2901190238117363,0.2727301815190207,0.2814246026653785,0.7539433722365663,1.7291974519509927,0.5476574002681494,4.603324299285987,0.13292831204225666,0.49515171284864173
黑龙江,东北,2023,0.45,0.7727004988898166,0.8241607284179324,0.7197110508375998,0.7513827082859144,0.6284007441791872,0.8126363281979744,0.8879994876614349,0.01496553933777774,11.582872631013556,0.6684341349705762,0.49762754530961606,0.5500249793027102,0.7517194822184866,0.5300469818041751,0.37188002915448,0.6763189497654787,2.2153435876666387,0.3291178549632228,0.2510794716688467,0.29009866331603473,0.8346076146695194,1.8625856580160611,0.6219656610951361,4.777327450780037,0.14156541810545917,0.5517465104697565
上海,东部,2006,0.98,0.5015378111551452,0.5579273799564555,0.5002385938751991,0.4968144792463639,0.4471124262962612,0.47114181492652246,0.5147718005434517,0.024174808095055376,11.342358696645611,0.7171187736396721,0.4673228932230183,0.41457961183988457,0.6120546428750591,0.5788825878019841,0.5506408035167784,0.7677841661022982,2.441028655138623,0.41054113951831855,0.3547773502564627,0.3826592448873906,0.5511297340894413,1.0788038529323556,0.07585288377535038,4.286075874673218,0.10914355547858116,0.38923888769487947
上海,东部,2007,0.98,0.5132541249337398,0.54987077343819,0.4997046803593382,0.5230739116096192,0.4687952957458404,0.47215985677302186,0.5514966918087896,0.01879912457571297,11.442663048928832,0.7032249005555825,0.47237684431294685,0.42912949826093105,0.6480290242556829,0.5358387521348434,0.5985859031356893,0.7262309284448911,2.493652533121883,0.3830637464020567,0.3557619455764611,0.36941284598925894,0.545960995911239,1.1139710325150634,0.1079311380386957,4.409968174482951,0.12599441825733404,0.4024288462812897
上海,东部,2008,0.98,0.5179253803106916,0.5634631108702234,0.5016575044640033,0.5464434916036891,0.46950094282096416,0.45906419502931745,0.5465654506341979,0.022726389817182332,11.52733656932822,0.7167956736263377,0.5096822986248284,0.4861424596409452,0.7053105134254049,0.5239632052310402,0.6089902066691948,0.7456318680731998,2.5642181111112676,0.42393537743928644,0.34974428041215744,0.38683982892572194,0.5641920359238871,1.1260086408537888,0.11867920362569961,4.4157171635383365,0.09497697891903957,0.38867989002462866
上海,东部,2009,0.98,0.5245980746065342,0.5793138831617655,0.5064635876797268,0.4900983038762739,0.4565245940364008,0.5579204389843962,0.5450176565423024,0.021205673377248425,11.575380209033176,0.7413358181431817,0.4934238755537141,0.5074507770438939,0.7390101845321418,0.539495260433102,0.5412595676702073,0.7834208475429401,2.5264444959947086,0.41137249004729687,0.3492456112969372,0.38030905067211707,0.5844756371908123,1.2046546105730658,0.18619289562650182,4.646838865423032,0.1094336287698461,0.40888497311536776
上海,东部,2010,0.98,0.5327506792740736,0.5894724776360974,0.5033312428915965,0.5453006782721656,0.44804907623748036,0.5221330935177059,0.5670373549098252,0.02106098970502823,11.704057381385251,0.7500182590515689,0.47516569815236814,0.5114318492330602,0.7226239395422739,0.49689918011614365,0.6255804771132264,0.7633487842527633,2.5397578941688357,0.39418488353199804,0.3505017292462049,0.37234330638910146,0.5899074254528369,1.2073727519321389,0.18844671956891915,4.678380319979907,0.1326119990878239,0.37882909041928636
上海,东部,2011,0.98,0.5471091010990236,0.6090601600661032,0.5118338289133157,0.5549643848555623,0.48685707305767045,0.5035212413630344,0.5972347611658386,0.021527715521332296,11.70730610890927,0.771575245342014,0.46368307026219285,0.5107688060430875,0.7341247817685017,0.5138884847945062,0.6272110838871612,0.77319148969714,2.6425601955689415,0.39789660235811475,0.3546918712874645,0.3762942368227896,0.6135815130132615,1.2099769365398687,0.19060129871613976,4.855521030845596,0.10057274288335208,0.3925427390567345
上海,东部,2012,0.98,0.5669531288901597,0.6042618582873794,0.5182960920996502,0.5834696921958927,0.5012181634462637,0.5872319337075598,0.5968505541391678,0.022561269696534943,11.753349267936379,0.7664912034765082,0.45401245135127416,0.5354577695442002,0.7548043423208571,0.5539623128569261,0.5405078041532728,0.7920212198798859,2.6898734299915654,0.36010435551282444,0.29866555826209834,0.3293849568874614,0.6078252365881514,1.310770142313003,0.27061485936597784,4.945524797428145,0.11550482053745637,0.4581577725618566
上海,东部,2013,0.98,0.58053840446783,0.6215424008227841,0.5669944461147667,0.5967129580739642,0.5349693686235758,0.5194121038522108,0.6263670957611291,0.021768950977942937,11.931804435467974,0.7690567236767248,0.48356325181315946,0.5566487086222329,0.7776883909368474,0.4955723075957981,0.5962043642914445,0.7880059173360893,2.6735940428507567,0.36832222461475345,0.33049597575145523,0.34940910018310434,0.6059428258697523,1.3193346971334612,0.2771275922157178,5.140505041120397,0.11314886512341303,0.4351019330325603
上海,东部,2014,0.98,0.5912174409705059,0.6636225522659134,0.5761888196354901,0.5997819829864031,0.5061859960192839,0.576717780814612,0.5962965298699395,0.022583500445297,11.996865013121448,0.792586847962422,0.45961043398920326,0.5407096846969407,0.8132282102184819,0.48054472250502966,0.6085252909812899,0.8336549833836691,2.7084245538017817,0.3480607033858824,0.3128762516006016,0.33046847749324204,0.6251708988866299,1.3348291413937086,0.28880329968681495,5.133757103149749,0.12175012073214132,0.46478667556027187
上海,东部,2015,0.98,0.6061932519664512,0.6527305734777893,0.5762206477604984,0.6368362894514032,0.5378521389501679,0.6048111118207018,0.6085061489774826,0.019999062084362328,12.021712614245802,0.8203508997861577,0.44669145657963155,0.5796455835146375,0.8256939460862354,0.5347312273599629,0.5946019588537415,0.8136794058574885,2.697348931045935,0.3937106975158733,0.30451680983581186,0.3491137536758426,0.6277854456586635,1.4470788528348686,0.3695469401762597,5.535850770927015,0.12820136983146582,0.47581588162210936
上海,东部,2016,0.98,0.6179404839883695,0.678109385408758,0.5930950409337057,0.6241364129301419,0.5594641792454308,0.6021540210108774,0.6304590464342232,0.017734083095841194,12.092614081271474,0.8261042276606321,0.43929411912608113,0.5831778211960474,0.8417261199531308,0.5764499093629312,0.6300060924193724,0.8004624137715801,2.8146628618680856,0.36345877916649244,0.30933853073436296,0.3363986549504277,0.6589680223759005,1.4424226316039133,0.36632408302508435,5.700648574636606,0.11666237242744884,0.46024037544494756
上海,东部,2017,0.98,0.6487795346339551,0.702501476152067,0.5981474952482827,0.6643934540950779,0.5605918999211426,0.664015798378927,0.6862442185062517,0.013272503747589945,12.08715166552205,0.8196470096906668,0.4215030782137192,0.6260919500021295,0.8465308860089059,0.5212509808156034,0.6601871920424709,0.8165495984966782,2.804770629779639,0.3308045843573215,0.29309447979240205,0.31194953207486176,0.6679049048793145,1.4690973678283716,0.38464817670274176,5.701619957483674,0.11255145238668746,0.4504389032521913
上海,东部,2018,0.98,0.6704988757318876,0.7134289257881883,0.6160049108188967,0.7038681174748358,0.5307034267706109,0.6775550683358409,0.7620280365541101,0.017243105627162095,12.314291948305508,0.846280033494933,0.42145199375392095,0.6078807871834081,0.8692187939683843,0.564691417842649,0.6157042325346969,0.8703632449508028,2.899303177116723,0.35489254588499064,0.31062536029099175,0.3327589530879912,0.6640489563494537,1.5730946813935789,0.45304481386900836,5.742915492993621,0.1354747512949344,0.5309699814557742
上海,东部,2019,0.98,0.6812923787379157,0.707036353512146,0.6388122376403372,0.6617729897965355,0.580858486757699,0.7142797946983577,0.7821173983067861,0.022925134332659663,12.383649653977645,0.8674729158013758,0.4092330643112025,0.663734216883761,0.8905598002355033,0.489298968300211,0.6319584017854596,0.8861934881950307,2.8033661703922905,0.30011117305470225,0.26948801262608757,0.2847995928403949,0.6873360645595352,1.5739205255200948,0.4535696566747621,5.9454838963785175,0.15192125479792637,0.4934919041726732
上海,东部,2020,0.98,0.7058851198557385,0.7399546469760475,0.659374174691132,0.7312430173687959,0.6003524214823963,0.7296065618537072,0.76061848402767,0.01957297707006104,12.513760807132607,0.8720830035251779,0.41871109874922385,0.6403717424930362,0.9118117278756351,0.513111014990197,0.6261838219395178,0.8904942254059611,3.0108104045751154,0.35266943227870806,0.28851150200375497,0.3205904671412315,0.6940201484156018,1.5878337890366834,0.4623706904935127,5.977264454149507,0.13367722130759885,0.5607717278002275
上海,东部,2021,0.98,0.715379292903454,0.755503409657321,0.6805636727638104,0.722284072393113,0.5821457287084633,0.7641965215028507,0.7709075773275411,0.01771612469080859,12.46104471489364,0.9005849247884535,0.4363061922811521,0.6815578281432513,0.9427990611777705,0.5664767590452755,0.6767988239424731,0.9015134335785008,2.9638067215336186,0.29988916759853074,0.283789493545893,0.2918393305722119,0.7300334742642062,1.708701679282878,0.5357338302555241,6.28668492214788,0.13732685067908798,0.5211423323841351
上海,东部,2022,0.98,0.7196042010452045,0.7895682097132632,0.7047489750984393,0.7015345336312453,0.5787668682954141,0.7484912817242124,0.7683898247414588,0.017228794226898516,12.556429402422783,0.8622465014723634,0.42424136223982956,0.672339408736454,0.95,0.5695039020581398,0.6303417968227415,0.8647285061850839,2.9662155728549235,0.30217020878564493,0.23732608245811856,0.26974814562188176,0.7144091674389839,1.7103189126109029,0.5366798517287331,6.353905233825347,0.13396030930956948,0.5280940625406655
上海,东部,2023,0.98,0.721604638301861,0.7804694588139945,0.6845798244311334,0.7469351317114887,0.6342084759943929,0.7133556831319723,0.7469701021625277,0.017292583761822772,12.745402093682364,0.8952557901011418,0.3595992491563115,0.7077682956139113,0.95,0.5382929435248599,0.6087505846466391,0.8623112917226502,3.0136905446900992,0.28658644921863685,0.2777438823829209,0.2821651658007789,0.691678370761902,1.7337057669118077,0.5502611793650237,6.454760791417947,0.13332063286464274,0.5522725242764216
江苏,东部,2006,0.86,0.46892436625947786,0.5293017723354343,0.48017329021469435,0.4677758908957945,0.39281002554192246,0.4595424982704828,0.4567225391737432,0.02258759811049267,11.098459484662673,0.6685805470450846,0.46771067641781305,0.42218985804979076,0.5911158260563849,0.5755853538417446,0.46899953296802516,0.7368088366947022,2.3184282215850955,0.51972332381482,0.47399886175067185,0.49686109278274593,0.6203920879803462,1.2183348379017935,0.1974850394727822,3.8428597238632856,0.139125490222723,0.3356937843329268
江苏,东部,2007,0.86,0.47044054596948276,0.5179683674433245,0.4431058865081425,0.47861234589704416,0.3731601897759145,0.45973284513551527,0.5315682487261927,0.022644633119217848,11.245786567994267,0.678700646728047,0.5008743701613925,0.40857640634486697,0.6235596749128881,0.5767878728923441,0.5287817593308387,0.6839947080321414,2.3958678185888007,0.5130359141772535,0.45171022740170774,0.4823730707894806,0.5963654301506908,1.2254936085736627,0.20334370861026185,4.016040491616597,0.1257789140495738,0.34651161487930693
江苏,东部,2008,0.86,0.47321059474728006,0.5308054618995188,0.45495435088755054,0.48135610494636133,0.45051741685991364,0.41251931315408236,0.49042189989181223,0.023914812362610886,11.245656541345705,0.6868624802255396,0.4861466338802208,0.43031736945134613,0.6293893159295114,0.5685142671375057,0.500174858634241,0.6810830221539969,2.27360336388491,0.49807464229437737,0.4283962015087208,0.4632354219015491,0.6055571813251426,1.2593342304948725,0.23058319282085837,4.072141145216423,0.10978107563177647,0.39437289071894016
江苏,东部,2009,0.86,0.49702015686693096,0.5541993212886511,0.4973177393164699,0.5246044383388411,0.429992494711405,0.4309653995708334,0.5159369429068205,0.021486597520267964,11.485221554141683,0.6964986738448959,0.4654904753248266,0.46331416920508545,0.6560858977047141,0.5564931898848989,0.5161529765559786,0.7035658725345384,2.4212142617588297,0.5001897607780823,0.48300346663703486,0.4915966137075586,0.6397641868513443,1.2899513385040497,0.2546044955722009,4.256850009605105,0.14194857076865997,0.3918284910340245
江苏,东部,2010,0.86,0.4985002469920229,0.5569704024717419,0.5069373698719886,0.5132702966666689,0.4018582850375027,0.47204884982980033,0.5093419942733047,0.02414381629804025,11.460552679010236,0.697101998463346,0.491521846389276,0.45400737387915735,0.6624323198946707,0.5602068690747128,0.5430000841841421,0.7607863873294032,2.446892535231281,0.4990327621997991,0.43095000834216934,0.4649913852709842,0.6351235375701287,1.3285134187811618,0.2840605868676316,4.164886057671335,0.08692855558407901,0.3779180220625692
江苏,东部,2011,0.86,0.5234033156098079,0.5751780688712389,0.49326566614128137,0.527328682148981,0.4645388717991897,0.5146430964281266,0.5495254175147164,0.020193478687479418,11.591717543980248,0.7162765993070019,0.4745274623118381,0.4770843961251733,0.7144042707412641,0.5420498608494971,0.5399616477340603,0.7319528323185752,2.3225816669370376,0.485560370341213,0.4722668451451087,0.47891360774316083,0.638708091830571,1.3280498442134692,0.2837115836431607,4.3944715546553645,0.1119878209958288,0.42930686943306606
江苏,东部,2012,0.86,0.5342898179732801,0.6000444709539433,0.48934366882512,0.541731409031212,0.47146726616100176,0.5279015576165158,0.5566450590888943,0.021422242096470274,11.623937855879397,0.7287761095641272,0.46636046824071875,0.5034296340955321,0.694935202087871,0.5187566980522157,0.5360069839981964,0.7517634953517564,2.5458772529842624,0.48340995077844484,0.42461474881639816,0.4540123497974215,0.6555837187220662,1.4222771802036431,0.35225923517344304,4.735529939314925,0.11045522741731113,0.40912378067004695
江苏,东部,2013,0.86,0.5466181130462362,0.5916641203839758,0.5502720559718732,0.5861828911869925,0.4942454743604505,0.4964062672961187,0.5337872798397625,0.021555013505559405,11.643088625810819,0.7376110618591346,0.4420743184112519,0.5017817984959982,0.7387400303186291,0.4901477241198906,0.5982012069922179,0.7627741627808583,2.544139865948547,0.43979184213247907,0.39788120687276757,0.4188365245026233,0.6768695253185545,1.403969541446958,0.3393036112422001,4.683222602431361,0.10946310545650101,0.4261571890415044
江苏,东部,2014,0.86,0.5505125555146467,0.5870408927603697,0.5152220868986628,0.5547878861952208,0.4889122820146113,0.5732788553218384,0.5737535601690161,0.019082173620367848,11.76207043455301,0.7555999777806202,0.48488893102261116,0.5346310774138107,0.7195188752666146,0.47480056423396566,0.551988604757564,0.7423654006042589,2.519689121481949,0.46586621358310354,0.41445184599756807,0.44015902979033583,0.6668184654641065,1.4610922079174435,0.3791842436568666,4.654806085577858,0.12743818268517992,0.38081998865732575
江苏,东部,2015,0.86,0.56806171646621,0.6334120074740938,0.552937805116307,0.5449976167241244,0.45637044792959686,0.5460091896409279,0.6530513192255382,0.0226481870641674,11.873670673540436,0.7536189048467055,0.4499634619476104,0.5273948617828185,0.7686401826302823,0.5942704019021015,0.5626656623133482,0.785281308558287,2.5263271250082147,0.46973936994758336,0.4138763414782084,0.4418078557128959,0.7181135034931939,1.5279316407167658,0.423914951992758,4.904979194706177,0.11483184419157462,0.432852334234913
江苏,东部,2016,0.86,0.5862255281682438,0.6458933395876291,0.5522211637262386,0.6162243861854018,0.48375839078254446,0.5697413337914067,0.6235952432557035,0.020042487271360175,11.869241414165156,0.7742926666446706,0.45682579589834105,0.5559412101152298,0.8047893214028852,0.5207221327921581,0.6212173698158221,0.7899520897471514,2.5975293034800067,0.476679209574871,0.3774881236033534,0.4270836665891122,0.698263503818014,1.5851961532808345,0.4607081556852451,5.136515202959741,0.13262584009947428,0.3813954887568443
江苏,东部,2017,0.86,0.6030977271934685,0.6360336889422015,0.5691421295995076,0.6371892876529872,0.4754515636770043,0.6235614506883262,0.657692651876998,0.02034111012785186,12.004814948482577,0.7768689787778759,0.4843446584531138,0.5715515701349914,0.8025647794127593,0.516613987423066,0.5783391184732374,0.783411083074959,2.687246208096088,0.46083395703609475,0.3810219115256147,0.42092793428085473,0.697125003647083,1.6256232983438101,0.48589131044979517,5.279352956439892,0.12036113303740772,0.46419828454344647
江苏,东部,2018,0.86,0.6337153805382901,0.6645194377642913,0.6243592190181916,0.6528389295389592,0.5169734360510962,0.6395242672747632,0.6840727007118449,0.017870881119305855,12.049653208621692,0.7920919816033054,0.4455331663940395,0.5896515758399298,0.8202802179220456,0.5408171023022833,0.5651039559817697,0.8256006443127067,2.6671609801536014,0.42244157703501056,0.3694281423957433,0.3959348597153769,0.7559875936424183,1.6744519294608717,0.5154859054413539,5.293151037097037,0.12403263474975569,0.49937397175663034
江苏,东部,2019,0.86,0.6406647480316541,0.7179131913899968,0.6005197069531291,0.6327104537353725,0.5356864880918202,0.6378539469141274,0.696176536398336,0.021053046257376577,12.158178261605824,0.8033823950771481,0.45715222301597985,0.59752586038115,0.8407388142489202,0.53575717478356,0.5383058872662791,0.8196484104013332,2.640192359795193,0.42836236001765826,0.40271203951087386,0.41553719976426606,0.742205101056591,1.7599632988117688,0.565292955884776,5.364483392288861,0.15028845062170193,0.4741960614042392
江苏,东部,2020,0.86,0.6804983049120119,0.7080254787786938,0.6280885706202907,0.6724383758459618,0.5774823875553811,0.7503736813969542,0.7426318155003414,0.01782443801234203,12.24057125552577,0.8166240385363387,0.4401890554690694,0.6111938513656878,0.8954208814166136,0.5188570082420595,0.5716428917011386,0.8302094514579627,2.739900989540961,0.4055570299344134,0.3602189526053551,0.38288799126988426,0.7753301563538326,1.8152405030008194,0.5962179674787293,5.551888113966604,0.14998904620965123,0.47457173587312945
江苏,东部,2021,0.86,0.6833833063733219,0.74900245743753,0.65088620531272,0.6823723957486719,0.5609744273869334,0.6980833977367855,0.7356489146671785,0.019535892315991198,12.32849441228647,0.8425543645974577,0.41123430935746386,0.6234382469562726,0.8569117483648271,0.5703988982301927,0.5513669887609831,0.8398007410042592,2.7387905256201246,0.40679426443764233,0.3871355234737332,0.3969648939556878,0.7719639946885533,1.835333213073714,0.6072260525276293,5.876317191898352,0.13226583538178244,0.4760153376165798
江苏,东部,2022,0.86,0.6926414782377774,0.7478000732701106,0.6614237184888204,0.6860536620421864,0.5658324295027842,0.7429804331033628,0.7324795332818658,0.020422213331233816,12.428655692972477,0.8115702541756863,0.4277335987442078,0.6353299580687564,0.921480580616553,0.5296811577582248,0.5555622833988623,0.8117126870727955,2.831092854571697,0.40914352674900306,0.34872921581979577,0.3789363712843994,0.7749148775414715,1.9517512520533322,0.6687270475209817,5.91386032024775,0.14414358396572508,0.5500771492554886
江苏,东部,2023,0.86,0.7181514759274074,0.7632440213118193,0.6860049792085723,0.7174248175672115,0.5690850365073374,0.7629637624213329,0.7917922584745017,0.01675494809387879,12.369399744787929,0.8334843434083059,0.41969495520327715,0.6680658051733396,0.9474244623351344,0.5681048367281172,0.5873385613241062,0.8453524866175711,2.714296214131713,0.39574199777206664,0.3640666585211077,0.37990432814658714,0.7820461438433547,1.9717782956939143,0.6789358237414491,5.921913356514844,0.1417983274439879,0.49807880135914223
浙江,东部,2006,0.84,0.444497007162861,0.46558583841633017,0.4471695545657324,0.452427494757016,0.3867813795776449,0.4383871125666212,0.4636327371709117,0.025331927590115197,11.05907496904537,0.6606059387378048,0.4986602976988074,0.39232540267622595,0.586681214079877,0.5059367338952255,0.4988881786632194,0.6729720431501343,2.195398184230503,0.4701510947445006,0.38216841411351027,0.42615975442900544,0.4938403837300142,1.0360846532696737,0.03544885214934045,3.6810969012203683,0.09157001215476371,0.3443921389043916
浙江,东部,2007,0.84,0.4474404558423654,0.5063930351008715,0.4129952114124946,0.43330528806214696,0.38666270989694185,0.4533917457795601,0.47790811776166514,0.023946399109134524,11.19033701666757,0.6471986925524514,0.4857190080313355,0.41526377593314473,0.5868291819633833,0.5617683258466023,0.5433403889969864,0.6903327274636919,2.2734978926305613,0.39326182294302947,0.3781202647780566,0.38569104386054304,0.5220294302068241,1.0800307118389447,0.07698947761971947,3.9462799936147506,0.1025523563532063,0.35890331591119673
浙江,东部,2008,0.84,0.4656240090603416,0.5413518042612978,0.41970642690302234,0.49052343204501436,0.3981641780482257,0.419608975786514,0.4988529486847116,0.0237355177084348,11.167195170375978,0.6687555918038236,0.4841698057986309,0.42981580294962163,0.6423636738801869,0.5022109478370157,0.4692713062692093,0.6862905437900575,2.276686793518128,0.43850086393585763,0.3777920909653365,0.40814647745059707,0.5302122437252366,1.1346546767829786,0.12632835510967225,3.994031411754948,0.12850284351247498,0.35062395942512975
浙江,东部,2009,0.84,0.47923850084062747,0.5186749804780681,0.4680671874061983,0.4991202392040009,0.4188290359027869,0.4471108708538985,0.5047138153380201,0.02119718022618229,11.389309941576183,0.7000451901713393,0.5008600792832716,0.4422290189182642,0.6361785554322812,0.5058253171306377,0.4787520439475158,0.7059632814649117,2.2810479362041445,0.4300903901537749,0.3323285002779222,0.38120944521584854,0.5515527989477413,1.163035071414579,0.15103302907030466,4.139461523399791,0.10654438228529226,0.3518592056944207
浙江,东部,2010,0.84,0.4983890978082762,0.5402918400980268,0.4777534090254397,0.48782426724546946,0.43873670358371425,0.523656613313145,0.5103674504081034,0.02296350068476093,11.488814994104894,0.6990929400054158,0.45023920309356996,0.4287910576384541,0.6553340045851933,0.5637903690596363,0.525688243415789,0.7304844083789739,2.3128453448841713,0.4086588249077478,0.3505344772230488,0.3795966510653983,0.5679815936965177,1.169735383978371,0.15677755569007598,4.247653062042583,0.11396886853778991,0.36890691592343094
浙江,东部,2011,0.84,0.5124623301203544,0.5413443308986626,0.48461811136876476,0.5191942883628891,0.4350459000349671,0.5276490797890326,0.5563562934378256,0.02388097077515282,11.46327384430914,0.7141390658738768,0.43471491771733656,0.4895182915320599,0.6720017053441012,0.5611090696067119,0.48928270936159834,0.727415224669566,2.462590420829515,0.4129841048742417,0.3272100104131082,0.37009705764367495,0.5828867232087239,1.175318586008568,0.16153924787368953,4.453997737758677,0.13451790513685602,0.37869714125383497
浙江,东部,2012,0.84,0.5134186899239999,0.5687790151330119,0.4804635260510408,0.5011469753035677,0.4142719130298529,0.5519769135263644,0.5478559453362253,0.021551261442818225,11.474932825269477,0.7053479537798839,0.48111919769077727,0.492416461317628,0.7036696350292498,0.5190950140187982,0.4986886138422096,0.7304742623498197,2.4701972741192946,0.4393355590708294,0.3478932755476817,0.3936144173092555,0.5834947994417127,1.2656818413704458,0.23561098200437203,4.441406266126881,0.11887332838409931,0.4353589469545891
浙江,东部,2013,0.84,0.54093570977219,0.5948179432592127,0.5093131755433972,0.5503160781504582,0.47331850067103143,0.5043608823340113,0.5954675534093816,0.019658527714252222,11.539214562144242,0.7163097694246102,0.43159859537507467,0.4927250104846049,0.6887057438610927,0.5077353244535417,0.5154545907975061,0.7662885003358232,2.4429422547740134,0.3776391039541648,0.3258239549935315,0.3517315294738481,0.597457304724919,1.2780865570759545,0.2453640822033044,4.3870758377346615,0.14782989831591692,0.38920433077614297
浙江,东部,2014,0.84,0.5719050949918579,0.6154684437889117,0.5496252080773173,0.6054326325346526,0.4841430745296359,0.5535854065639726,0.6005543567011733,0.022571805772680233,11.663207315479895,0.7533779861585297,0.4474833952257269,0.5185588219189201,0.7245738655971541,0.5292234079590856,0.5452402312940278,0.7477152654496803,2.6016258536303933,0.3554415691524565,0.3109768399950903,0.3332092045737734,0.63334452390075,1.352798238113252,0.3021752162013646,4.7385087239865555,0.12624371165591144,0.40503808191917734
浙江,东部,2015,0.84,0.5782863052089621,0.6329132748876556,0.5548435384758112,0.5892065999764379,0.4859978384093707,0.5869122714483481,0.5979872481030796,0.01945847055217935,11.786923988562856,0.7649489312715384,0.4430331889996003,0.5288692259582215,0.7767350358096723,0.5661009255694153,0.5367013143480075,0.7552225766536541,2.5239171458677254,0.368618910077227,0.29473422502912705,0.33167656755317704,0.5845997091558811,1.3592260407390544,0.30691545006422705,4.866321372646619,0.1460614126422793,0.4309401390184787
浙江,东部,2016,0.84,0.619028466084234,0.6660992779890585,0.5857878772462796,0.6602994938022956,0.5061653029203216,0.6001932557364688,0.6708050195224221,0.02120315780152444,11.810275716679731,0.7740478618749375,0.47569710021052136,0.5564334146461779,0.7841672005280624,0.5524500855306507,0.557567785181541,0.7528858132004942,2.6399915227323385,0.37460311120181167,0.34699394647582876,0.36079852883882024,0.6365626841086889,1.3714953699459072,0.3159016554845415,4.914451665823864,0.141136267203086,0.4650661060390103
浙江,东部,2017,0.84,0.6313313229944469,0.678906070696851,0.597882662318255,0.6334223745989562,0.5246219683177893,0.6098886630537561,0.7265655145828314,0.020100045255448236,11.909222574930181,0.7780235742656818,0.442809942397568,0.5541994592359799,0.8133993578541834,0.6106150663694087,0.4906153394870094,0.7901163255504884,2.5179822013038615,0.354210063400663,0.3070521707425719,0.33063111707161746,0.6427389154670111,1.4701692265171997,0.3853775142445648,5.161101400902823,0.12758419852286712,0.4712320518910196
浙江,东部,2018,0.84,0.6455483186313213,0.7014778266956122,0.5979038502719619,0.6577874232724705,0.5451986423995726,0.6444370024411051,0.7082330916806336,0.020858147477858975,12.063211035178954,0.7939792161614413,0.4618845205573788,0.5791879367347422,0.8289888755449936,0.5151183559958882,0.5223953716754821,0.7798050943869118,2.58607069869973,0.3310843147809722,0.2783344126115165,0.30470936369624435,0.6664288812301258,1.46197850116028,0.3797906561307381,5.471801537719022,0.1589853352753784,0.4621978145460114
浙江,东部,2019,0.84,0.6740363140675387,0.7279332993974766,0.6481956889457032,0.6565148737437848,0.5641615523462729,0.7018887309235438,0.728905506246171,0.01744966329684776,12.203466047818575,0.8131982652418691,0.44222812963026337,0.582572788681643,0.8322681879377444,0.5451878134650726,0.6316548154612929,0.800262011959796,2.579037420538764,0.34138581374424903,0.3024963769437328,0.32194109534399096,0.7148129980396603,1.59740176174622,0.4683784103841166,5.684725349458165,0.14409753170299353,0.4702592169999658
浙江,东部,2020,0.84,0.6947758673050747,0.733818870890743,0.6789475099539174,0.6902793824562499,0.5561602279015286,0.7309677792602858,0.7602910246522604,0.020513525023666258,12.144273869943905,0.8153525297363008,0.4766406223991308,0.6057554121259922,0.8723931609973017,0.5092570602772549,0.618630063739352,0.82993774723544,2.7020873161538987,0.32336226837778764,0.27190195760683933,0.2976321129923135,0.6931152282132489,1.5915774779543381,0.4647256489014902,5.552140343862785,0.1332278476175657,0.535058628454699
浙江,东部,2021,0.84,0.7152121102884197,0.7603689468267965,0.68099458144877,0.7146403152635136,0.5853677111395347,0.7683609475147195,0.7647894521873778,0.018505505853589656,12.225324213694828,0.8123251766568902,0.41072043813800396,0.619509862532158,0.8796346850027185,0.5214829969408528,0.5840326727543153,0.8322919893751983,2.7758305888797805,0.3208504838700214,0.258961682741037,0.2899060833055292,0.7072239145899174,1.6481262510548513,0.49963903720277564,5.805332346527219,0.15336226443120565,0.545486016948307
浙江,东部,2022,0.84,0.7246887155848772,0.793372798235169,0.6500536729677994,0.7265219109321075,0.5854868386714612,0.7744658990657363,0.8006167237466354,0.019381959551763882,12.294602159027106,0.8369678196015542,0.4373308282331562,0.642336475161717,0.8849765761921867,0.5097559123954012,0.6395414130262216,0.8291686973319715,2.698071627506415,0.3189124135911498,0.282245320319346,0.30057886695524794,0.7399066982329551,1.7235355065802842,0.5443777082016736,5.866271120498211,0.15689963632695525,0.5116907276585839
浙江,东部,2023,0.84,0.7531280902483567,0.82784650761216,0.7003891897031472,0.7473256832144266,0.6420668655174187,0.7620363149712158,0.8185020212176027,0.015913959605861335,12.325092141088314,0.8338283139294861,0.4480767696885468,0.6678864629063954,0.9248364528413203,0.5302855286353603,0.5551671336856675,0.8297216696648626,2.766885774097682,0.2661185958370693,0.2766293041565194,0.2713739499967943,0.752207943302407,1.7448758303890481,0.5566833957524118,5.959885390781998,0.13864313478426482,0.5407814920508208
安徽,中部,2006,0.5,0.33514427834688093,0.4046822575130627,0.31014727976962647,0.33242231620844115,0.2737744233090409,0.3094848967020925,0.3586276386642441,0.027516737159703833,10.432279096831733,0.49749329851662466,0.5189293554709868,0.3270448450752168,0.4105945042691673,0.5083699123021304,0.26130594662794726,0.5376544786145443,1.6438173614320741,0.5894261270768689,0.48682720658174905,0.538126666829309,0.5071442371011615,1.0986251078381568,0.09405949606005215,2.5126109276841038,0.09707343268860738,0.25888627384993346
安徽,中部,2007,0.5,0.35745795780714834,0.39693926940276886,0.35699402004233605,0.36820563077662183,0.2796056052594789,0.33974847000672703,0.3828474102789737,0.02894730309422836,10.515519131452036,0.5419157653048435,0.5365422539984369,0.30404613780712786,0.4498260504363275,0.4805751985992379,0.34460812017673237,0.5373125880738957,1.7832960213555906,0.5460409414183612,0.4790551846812833,0.5125480630498223,0.5133219902760698,1.1227465086237953,0.1157779233160304,2.500195107975247,0.09692513313128667,0.2970673408612427
安徽,中部,2008,0.5,0.35381111881939753,0.37507889367498365,0.346508276256205,0.3541196883287094,0.3127459020235403,0.33409235850944047,0.3918935093293632,0.0280361889422079,10.575661445112887,0.5211347764507164,0.5573464462461895,0.3212159886793581,0.4755401011948881,0.46771364418890216,0.30641226267185184,0.536444523055008,1.6945290061716978,0.5486474731366121,0.49488843447110503,0.5217679538038585,0.500006916660481,1.17838573665595,0.1641454821011338,2.809697940280674,0.10016230940157358,0.2716076403903994
安徽,中部,2009,0.5,0.3586904651223553,0.40616352292152885,0.3307102813374744,0.36781079660932275,0.28818860209546177,0.3270066913008775,0.41551039012753177,0.027833768934401072,10.644868568006505,0.535856100107377,0.5245207756240535,0.3495576809051684,0.4554286061017214,0.5117746866188646,0.39955205816631223,0.5541745730161537,1.8105227185674273,0.526402113054002,0.492008980581747,0.5092055468178744,0.5318381005292694,1.1939590314226212,0.17727470234038298,2.8011875379836164,0.09835261627702789,0.28410171180791516
安徽,中部,2010,0.5,0.3839003252087816,0.404157888732928,0.35382796924281124,0.4055753400650457,0.32989213696654396,0.37426394791399914,0.4270110694957713,0.027590351616074576,10.746156324625513,0.5392963472249118,0.5221673574689571,0.34133997576270425,0.5125925556701907,0.47838138297211674,0.31918012928492745,0.5482571374252846,1.7917006347985815,0.5617913336239759,0.47038052202171643,0.5160859278228462,0.545543066159992,1.2126340000047626,0.19279485319096226,3.0232167682053,0.1016218518608093,0.2752919286978498
安徽,中部,2011,0.5,0.38034969623195514,0.45003906383172254,0.36049694266799337,0.3946985985006832,0.3200534692723413,0.33448851802849006,0.39617281768565077,0.024955818049155365,10.760052811736472,0.5808643432996049,0.5430212386003475,0.36779125020340936,0.5137772122762909,0.5343060894406291,0.3669360736892786,0.6070146862629878,1.851501484260967,0.5251930153750902,0.4450139544741214,0.4851034849246058,0.5396000640056298,1.2685506229655619,0.23787500699883507,2.986261898216192,0.09493273456477297,0.27821516323100837
安徽,中部,2012,0.5,0.395276141358204,0.44509585365984616,0.35359134838243544,0.4115824626676545,0.3074309598458457,0.3925522521267108,0.4440167495986237,0.025133135774330954,10.78949535853202,0.5763065140444739,0.5088660577166979,0.3714826002461959,0.572152268214598,0.5515067240562795,0.3841146936603206,0.5938508351398943,1.8804335276898565,0.538947986331321,0.5011798256008531,0.520063905966087,0.5628837000586177,1.292165859615054,0.25631977143619017,3.2449269298016388,0.11013470124167118,0.32039070486118654
安徽,中部,2013,0.5,0.41687115639075256,0.4661221086557423,0.38799847460267045,0.4364213948250385,0.30914013962445847,0.4277323842543196,0.45207787318029596,0.024913544650450342,11.067892012042128,0.5683218564132917,0.5321864305745609,0.38752396807224787,0.5654197898426487,0.5308279621636994,0.3608726949383204,0.6175681691980641,1.9163863129282395,0.516330093777554,0.4930017875817408,0.5046659406796474,0.5739365242159136,1.27858724711513,0.24575575520027068,3.2620547088664926,0.07853851658127203,0.27518802579399476
安徽,中部,2014,0.5,0.4337503417406104,0.4973974246852344,0.40864303517315703,0.43342542944632106,0.3490560483495778,0.44113736379359764,0.45106721222717977,0.024869298164930557,11.052798149527838,0.6106247248981322,0.49910356187234717,0.4184259686585926,0.5981915773510726,0.48528546476851997,0.36080437343231114,0.6052758197194039,1.9124836227368365,0.5297357928998118,0.43768139737183126,0.48370859513582154,0.5962290496421011,1.4358860494215306,0.36178211470691296,3.4662529154349078,0.1094825617152197,0.3105897997461956
安徽,中部,2015,0.5,0.4473275792765856,0.5081615216826969,0.44759651821791946,0.4550035802206533,0.3515894313692833,0.4389247793265078,0.4544401328695152,0.024241464921403024,11.113719047364485,0.603820272896897,0.4990794680361305,0.4228185369438445,0.6012884390257576,0.478058193776854,0.40740607697379677,0.5970594996814842,2.0126084613116615,0.5208429358759067,0.45011461294546806,0.4854787744106874,0.6057693191860013,1.3877658251948368,0.32769513401425954,3.430959431932383,0.10657004680903163,0.35845355868920215
安徽,中部,2016,0.5,0.47067940107676176,0.5185879562361406,0.4125098318879424,0.4915695558817861,0.40584957565266283,0.47572969704666,0.5069941658840716,0.025033520592602086,11.18038728235325,0.6191159581325766,0.5233107728528815,0.447342500448845,0.5847682856702573,0.46861866700094473,0.3266061930601648,0.6198786604977149,1.9369595871721017,0.4927526301444252,0.4361223320771802,0.46443748111080274,0.6398462766034955,1.45017412117733,0.37168363279360067,3.763953515288269,0.11845249060546402,0.33159074458359594
安徽,中部,2017,0.5,0.4851454825217116,0.5477346000067305,0.4620854813630039,0.44012022415135893,0.38959298094205896,0.5048045267197425,0.5529189279195368,0.021306969717177472,11.261996326224082,0.6272353780737983,0.4901888163933619,0.4751796255267095,0.6459292921607264,0.5239709775432966,0.4081178154371415,0.6302696345811567,1.9578827190650097,0.4942764489749476,0.43721823310425234,0.46574734103959997,0.6089157133553806,1.494321488945883,0.4016722502720512,3.764569317922104,0.10660247170160578,0.36754191328114316
安徽,中部,2018,0.5,0.510187302814104,0.544605497928022,0.49564159502166766,0.5087965545036738,0.3882489016635334,0.5449792061929907,0.5624373943472989,0.023025815076437084,11.263227661303114,0.6265417195787863,0.5160268095385369,0.4874262731281201,0.6718413907827974,0.4917226628348868,0.3509444303040599,0.6357875729721814,2.0278662588114824,0.4681157841670955,0.44115424206305903,0.45463501311507726,0.643911327655558,1.5413041838413795,0.4326289306555179,4.077464765810868,0.11214019675117154,0.37943311660055223
安徽,中部,2019,0.5,0.5222524519397838,0.5830899023217262,0.4877711596152755,0.5195339794479025,0.3853476583540466,0.5509685249205649,0.5848373035761014,0.020357666282021222,11.549467956687765,0.6506540681999434,0.4705903520978663,0.5017131278766122,0.6909731705196346,0.5335640015102406,0.36639699548163457,0.6573893580096829,2.184780540223896,0.49304711929922984,0.4062589570967666,0.44965303819799823,0.6607193958155334,1.5984441262336715,0.4690307350336468,4.21501044628467,0.11657408135215537,0.3902838892388997
安徽,中部,2020,0.5,0.5401255373150752,0.5896993854765253,0.4790427820072852,0.5644733164754137,0.4482181614816267,0.5424205896993505,0.6015942095370268,0.019741323093928488,11.583714599799775,0.6773387677836477,0.48434238652069295,0.5490084118270214,0.7359361513379322,0.5763746443069104,0.4136282985203964,0.6311558063563109,2.018788406857282,0.45294464372940674,0.40894322844376,0.4309439360865834,0.6844814870073512,1.6586658365877978,0.5060135663191646,4.363552781551813,0.12683200021826369,0.39592266808031296
安徽,中部,2021,0.5,0.551469429078741,0.6072904248892829,0.5326036585656314,0.5355322602891706,0.4350602353720488,0.5559517823328123,0.6229711893667422,0.022544615840443524,11.609973125072079,0.6794018938889076,0.4585905993644438,0.544970425001917,0.7471921143218375,0.47748085371292814,0.37402234519994765,0.6664028414467293,2.0787261937381323,0.48623926210387247,0.39033489942297217,0.4382870807634223,0.6876078223826485,1.6933864671582644,0.5267303506730635,4.525430466144794,0.12405349590478451,0.4410034138611799
安徽,中部,2022,0.5,0.6025617272975796,0.6567788234077391,0.5292993602846867,0.623463077696296,0.47305877073187125,0.6543072723857244,0.6622293667942285,0.020867536607672568,11.661605301389212,0.6985791879649701,0.4374710771350443,0.553801101607478,0.7324386832385833,0.5523278336402632,0.38780242824481564,0.6529676849118247,2.2249154738863965,0.46263118048990126,0.3702749008445221,0.41645304066721167,0.744640589243965,1.7619609299206167,0.5664273535568062,4.654751170471489,0.13847707612824467,0.46414685072927037
安徽,中部,2023,0.5,0.6534834389613604,0.6929368479118635,0.6172537150849321,0.6631870330434669,0.5266266669354072,0.6757677220093807,0.7288256202900785,0.0199634587985664,11.823290561576961,0.7013940274657791,0.4860011147172938,0.5750340419632495,0.7693359421068025,0.44341214843944937,0.3940796375018991,0.6687042014650684,2.1612445352354452,0.4284998450710167,0.37826264647887875,0.4033812457749477,0.7845841530901237,1.8058522905499352,0.5910326634716278,4.907021663431217,0.1338392718724058,0.45284231932211205
福建,东部,2006,0.78,0.3968538771813506,0.46135046104579036,0.3902940231761168,0.40604181472640577,0.36639732046000784,0.3184942327442551,0.4144904958246611,0.024901236882680634,10.955265028699545,0.6269175976950156,0.510602262205526,0.3689208032154673,0.5429441032831334,0.5187734591965749,0.42818902704977085,0.644362024303967,2.122141477384269,0.5068784502586287,0.45282423847036246,0.47985134436449556,0.5078765355014189,1.0870386166982633,0.08345713344940565,3.373962837552395,0.0887508384858751,0.3216166173544232
福建,东部,2007,0.78,0.417894373954253,0.46195933349149665,0.4082800765386879,0.43629570947213464,0.35425859822534916,0.3955769954512267,0.43030741803181843,0.023884592480677987,11.131330671579219,0.6546475534867932,0.489254069019248,0.4191408855284956,0.594717185664578,0.49998315580244435,0.5003373368285317,0.6678534013160584,2.1606711443689703,0.5133033021336597,0.4221057059984311,0.4677045040660454,0.5596340019443375,1.1387672359104255,0.12994630529344664,3.562799831296026,0.09685257115103786,0.30518288399484234
福建,东部,2008,0.78,0.4305911090032425,0.4907956121968041,0.4313494264042555,0.4313735218877478,0.35903530894259966,0.38476263412479034,0.46108345000425693,0.02435758529459511,11.25613735241651,0.6427296157406627,0.5076972465175137,0.390780671433661,0.5776869278822941,0.5492701123115041,0.49713662477775494,0.6736686215687032,2.1195546244571886,0.4572729100002469,0.42156765824900194,0.4394202841246244,0.5319406253049132,1.1330964801478602,0.12495413300811976,3.739585111153831,0.09957744819289535,0.3365450351989918
福建,东部,2009,0.78,0.4571617753899384,0.5095240955795725,0.4162706104971904,0.4811136949926122,0.39510997879562315,0.4332924358107909,0.4894567925523571,0.023269681625944956,11.125366990031191,0.6665832446402137,0.4979456609438248,0.4266318638027473,0.6124969827071995,0.5384893583501835,0.49266569355790674,0.6987575999365144,2.2583462166028005,0.4801175915957186,0.4025680607649174,0.441342826180318,0.5817218511269158,1.2026653390614217,0.18454020964703105,3.918364049831189,0.10271131075136351,0.35015211500909044
福建,东部,2010,0.78,0.47637710898001795,0.5145004270080538,0.5027573108851442,0.48336792240045656,0.37359708944642117,0.46021076191427157,0.49759516518239566,0.02313270963849187,11.206742189035378,0.6733298195481277,0.47678702157333847,0.433528365478674,0.6546334001077531,0.5286832334489715,0.4684009168881809,0.6878798931179534,2.2743428228832827,0.45516008576965156,0.3952528878817063,0.42520648682567896,0.5620349072402729,1.217437952303028,0.19674861147514147,3.999404472644846,0.12100361076692118,0.32229886056864926
福建,东部,2011,0.78,0.48019922764837375,0.5164457258759604,0.4387984837873883,0.5148186683874356,0.4078530278599018,0.4658617330618404,0.5218687414803406,0.024775932606580075,11.290834707279563,0.6912117620687003,0.4535494567140608,0.4566450988329369,0.6439896383972337,0.5197478562113977,0.4622898860460125,0.6942236818711086,2.3005613584672893,0.4697073792191754,0.4030322989194009,0.43636983906928817,0.5816813634515483,1.241423890421395,0.21625901955317128,4.136638892513609,0.08536532122450768,0.370981098329575
福建,东部,2012,0.78,0.5069336331122906,0.5452296607680831,0.44934930731297346,0.5325874705106168,0.45232611538427187,0.5259555409658245,0.5261339576783731,0.023691888386284707,11.463653695585245,0.6855793092239792,0.46083358585960266,0.43119878557033503,0.6915292108442417,0.4985523598833949,0.5100759414789878,0.7023589512436469,2.358218256138275,0.4497325146935012,0.35905906693684553,0.40439579081517335,0.597250013732946,1.2898278525245606,0.25450876181327076,4.202904505136967,0.10575777971023102,0.4043415251557516
福建,东部,2013,0.78,0.5230303899551282,0.5787063953294626,0.49579236952528394,0.5379652045966035,0.4270564911811255,0.4948804811672944,0.5812851107122954,0.02241330672758507,11.530471677267434,0.7133645427000738,0.45692151168860506,0.5040020256882425,0.6725403150362697,0.5355436271386632,0.4707811546687446,0.7158688518559341,2.330388478923878,0.4718364418320845,0.40079465820069204,0.4363155500163883,0.6470905648345995,1.3731344855573764,0.3170960721400701,4.4622849157323685,0.1256109346627724,0.3753077772220709
福建,东部,2014,0.78,0.5473956538435513,0.6000730525472754,0.5331630245481632,0.5126983687736761,0.4712730774536299,0.5730893102759196,0.58122910100846,0.022110018731956334,11.600154307861219,0.6986305057412265,0.4517226266621453,0.49168885494328424,0.7387248786553072,0.5444043924711759,0.5099522812470204,0.7138099365274644,2.4676727579861626,0.4153684726565978,0.3735697148424985,0.3944690937495482,0.6550908313016538,1.4441055457747687,0.3674901304413041,4.376918518444434,0.1237168022255004,0.3934403107991595
福建,东部,2015,0.78,0.5704987875516465,0.6354886181592547,0.5072481690059463,0.5845233758327741,0.4611048748425144,0.5758710508667798,0.6396456382723792,0.021485381979000035,11.695993179353996,0.7355176438339891,0.4601789280223436,0.5018408786262483,0.7376413161093934,0.45296907927797797,0.4648285073322504,0.6991947522503462,2.411336600091195,0.41697190393899414,0.3726232573835516,0.3947975806612729,0.6500672827557881,1.4304872503682582,0.35801512075824876,4.744964816705576,0.12598032295007125,0.42192477443930626
福建,东部,2016,0.78,0.6010296388917872,0.677764627981652,0.5804353942736146,0.5791527771658694,0.5086645199655696,0.5984027857059022,0.6385159452352305,0.021460302743033177,11.676948105980049,0.7465829860600077,0.48630775272583393,0.5319768451197584,0.7866898201574859,0.5367748056565217,0.5332251194957844,0.7099402702766372,2.4475264383972815,0.3965506753973308,0.38147591910324186,0.3890132972502863,0.6766033067421794,1.507072547671611,0.41016905894457595,4.689870539731996,0.12277605071056967,0.4497686253517171
福建,东部,2017,0.78,0.6166176365973643,0.684302789013326,0.5723548220762609,0.6021999923290091,0.5185648495116016,0.646026901552567,0.6588939869149423,0.019823129238335308,11.697930086985899,0.7489413826830137,0.47296751019042743,0.5248086373996074,0.7356792327727826,0.45331380589307163,0.4954241379988393,0.7544265217103636,2.406411446993381,0.3913840523863052,0.3644068876025366,0.3778954699944209,0.6930951991634585,1.5583753419635475,0.44364383111895933,4.950564030955593,0.10881158480597274,0.45158220595576687
福建,东部,2018,0.78,0.6599610997333013,0.7024672704297383,0.6312103937840424,0.7063327097771277,0.5036692010983965,0.6645588632026151,0.7234157958145014,0.01937327613224721,11.874230055612424,0.7708281034703124,0.44800029989023404,0.5665079085961066,0.8003927296176417,0.509049742705394,0.5328260646884355,0.7776483216508625,2.616092771844478,0.40663280747191727,0.27787657588792036,0.34225469167991884,0.7297056605412414,1.594729854877902,0.46670435190958615,5.207175710490276,0.14387164995011956,0.48195220917270276
福建,东部,2019,0.78,0.6821879854944755,0.7320265889119874,0.6821245188443872,0.6704380311929717,0.5210666049724476,0.7273417748651951,0.7351387851962101,0.017255835042580575,11.97436188511748,0.7665134065256275,0.45324258606855194,0.5669696442814579,0.822929672869494,0.5194163998944789,0.5466200003724535,0.7686737197422924,2.4713739453932604,0.39971462307036243,0.2950243651329376,0.34736949410165,0.7473854842244637,1.6391780738763162,0.49419494174054696,5.264785393713277,0.12695236743995342,0.5282820319864682
福建,东部,2020,0.78,0.7131974090417331,0.7569025772996155,0.6795008265848457,0.6673870098899936,0.5825305891046916,0.764534781375187,0.8209505555693603,0.016976530716876877,12.046339563178702,0.7756657374357283,0.43049272651089693,0.6121351860408001,0.866349822264953,0.5219569880149634,0.485303750958576,0.7592062821858229,2.5749140500883994,0.34491140982049406,0.2987181292940478,0.32181476955727095,0.7407832333563695,1.73761867751869,0.5525155997321041,5.448079051035585,0.1488565738942124,0.5017902481805512
福建,东部,2021,0.78,0.7246503300255348,0.8045040055275897,0.6506238573480106,0.7357874409771971,0.5700191082107151,0.7518587740007624,0.8107600264791002,0.016959995444655648,12.057399061963068,0.7739994033265848,0.44803636369170396,0.6152428308754802,0.8459936497618328,0.5441678083227243,0.5241358897588679,0.8085570442523825,2.62303835025687,0.34703306856459587,0.30887665177474066,0.32795486016966824,0.7852638754149429,1.8317218661738426,0.6052564349520466,5.627946064632937,0.16594935044814518,0.5333968614979875
福建,东部,2022,0.78,0.7747840665151445,0.8023142057750419,0.7310398908287963,0.7678463096270017,0.611589454475083,0.8507240036207331,0.8752705673898061,0.017507362885814753,12.237098060278388,0.7978304124555072,0.4241068167808071,0.6666717290587932,0.8648233914665139,0.529845683167137,0.5505168760478617,0.7917868155032871,2.6495925037028782,0.37324803856576466,0.29269856530155647,0.3329733019336606,0.8036775833840148,1.8591053186367927,0.620095360516379,5.64682917253366,0.13443561209406307,0.5290472570975829
福建,东部,2023,0.78,0.7945971343826141,0.8571479710397779,0.7529744583373568,0.7939202186318709,0.5931979965205547,0.8752456282700397,0.8692795637787593,0.013796181762406427,12.279205575578027,0.8184127640409009,0.43580673201668324,0.6134133300516513,0.9037061014181433,0.513471945323609,0.5880089326337856,0.7714540295440545,2.731068013857168,0.32990924102824437,0.3007701170835828,0.3153396790559136,0.8150146521176762,1.8834228093914633,0.6330907647731,5.992231947935125,0.1523857416633272,0.567605214410424
江西,中部,2006,0.48,0.28469378604118256,0.31460438880983876,0.2192929423752391,0.3187334451914733,0.23944346973388336,0.299410130649067,0.30996368771401916,0.028690908302085177,10.359632087303046,0.5037896943009006,0.5315348122192469,0.27299477915450787,0.39396007183144643,0.5139548814259282,0.33043738340122314,0.49472052571012837,1.6066750677653678,0.43643453646642216,0.3483107236299321,0.39237263004817713,0.32340092454761393,0.8737975081417908,-0.13490661421779113,2.0825820284793455,0.08776925913236513,0.21865802613673405
江西,中部,2007,0.48,0.29231682879279913,0.3376236464818537,0.2974865897104714,0.3175598092953066,0.2310893559872196,0.22844558758112038,0.31642933133339696,0.030172427520371484,10.414310621331989,0.508557768481783,0.5453165103490085,0.30318426592551,0.42680486448468147,0.49833798351164865,0.2860310078556233,0.5415905623095112,1.6444190011385997,0.42719658939737404,0.37909465376954915,0.40314562158346157,0.320239236936486,0.9202801625596728,-0.08307713077584838,2.5025692921313767,0.07485109190340783,0.23450184588850237
江西,中部,2008,0.48,0.32642553175940137,0.3750673122085902,0.3032630199038173,0.3507582375945836,0.26565588200678275,0.29057137688386725,0.35273808636294335,0.02839246438274457,10.574311683976998,0.526370304117563,0.5069799073054128,0.2938604521685053,0.47132253562762966,0.5059588276184889,0.339874239955951,0.5603678207521602,1.7857157485973871,0.42745349681104433,0.3248144667477873,0.3761339817794158,0.3379656950586678,0.9322489787851196,-0.07015535535408887,2.6448757607473534,0.10570440216417877,0.2753991944449835
江西,中部,2009,0.48,0.33478596652520715,0.4121752400329998,0.30922929299713336,0.33390760200415787,0.2621353176101532,0.29601624812623833,0.36989930489345035,0.02554162373598727,10.631018395557524,0.5392008224155584,0.5025504931050918,0.3122552597848114,0.4668233536041303,0.47794061749453437,0.2673694875696937,0.5155477578337685,1.7639836347634121,0.4379613576597641,0.3649865865511254,0.4014739721054448,0.3639567116734274,0.9299211201679812,-0.07265551345567868,2.626835065491755,0.09367257233728016,0.2389626125965272
江西,中部,2010,0.48,0.3541158870470525,0.4062519738214557,0.35243104283844656,0.3477952316993298,0.2535352718341967,0.35359255398840317,0.3886062780727574,0.0253521028484699,10.745624138954387,0.5358582672020076,0.4927387970684943,0.3651501551241041,0.4848972912656293,0.46342880995980545,0.33945030347349303,0.5512284703089708,1.733079996211326,0.4093920327342632,0.32085402659618745,0.36512302966522536,0.40959716755844316,0.9862585736199982,-0.013836713709016221,2.856336056299046,0.10900532219830114,0.27121973974762786
江西,中部,2011,0.48,0.3779347684511843,0.4280481954864702,0.35777597474178296,0.39940793154964355,0.25482818509046573,0.35799616855099525,0.4443777001741268,0.02620024946769177,10.731862263596012,0.5507404904021137,0.5051001888207599,0.3582732470759387,0.4963857651818733,0.4481115139858297,0.35262029127927463,0.568164928260017,1.9360998335663546,0.4172594245062643,0.3343239248361259,0.3757916746711951,0.4012864971189023,0.9845250713667759,-0.015595915136022865,3.047027598591385,0.0960565167782304,0.305310064542738
江西,中部,2012,0.48,0.40124155293141806,0.4579217117583814,0.36903188980273827,0.40257822720744835,0.34826766819923866,0.39433065468288203,0.41906878511721646,0.025746721794826923,10.802170674419752,0.5748817308759137,0.5053114177864627,0.41147832260044587,0.5257476538695782,0.4475777351333558,0.26102677554751497,0.5509233639156756,1.8630852623237215,0.3674706762967242,0.33781142591067476,0.3526410511036995,0.41489555707565584,1.0439189767710988,0.04298187799195295,3.0840663329707025,0.10912192785421945,0.28972876032294365
江西,中部,2013,0.48,0.4154729606533771,0.48385132657712776,0.35954175944367883,0.4253067612285846,0.33056097484190927,0.4119654362799978,0.46237739798051447,0.02353681259153056,10.910328168063577,0.5682957556517254,0.5369674717756397,0.3818426079493582,0.5671161060679966,0.48213185274452336,0.4135111348128968,0.6063924227495365,1.9626347540318168,0.3654072543207098,0.341088888052894,0.3532480711868019,0.4317937991095551,1.1040219439054988,0.09895982438335935,3.1037335614529806,0.12159981217332605,0.326363666362838
江西,中部,2014,0.48,0.4407361941164251,0.48916770040345386,0.43921720219201543,0.45152754077947793,0.33539954101214337,0.41884965949995556,0.4852347708944807,0.024027126267007228,11.11015515670402,0.5884538612298404,0.5467385721576161,0.40244868083970137,0.5499176296437471,0.49596726568621724,0.3764687547151846,0.6195107803022831,1.9287905340906102,0.3891910899141837,0.3110971035913191,0.3501440967527514,0.4469203012802709,1.0970699268528077,0.092642922974227,3.2003660586170004,0.11425054289661493,0.3370836927375154
江西,中部,2015,0.48,0.48050873027902175,0.527516891397643,0.45022428015783433,0.5110012607310765,0.33221101352635213,0.5110510391240569,0.525450379181276,0.022422957518379662,11.093753974212884,0.6100790411677108,0.5028981873189432,0.39776312191102225,0.6031332880325222,0.47042654985615295,0.3729944473597457,0.5734558375954707,1.8375166524004827,0.33423843242644596,0.3125092844393431,0.32337385843289457,0.4804723993745839,1.1642428441117993,0.15207095651127758,3.5817989263581236,0.09273593785974137,0.3918914708506012
江西,中部,2016,0.48,0.5060837470754782,0.563751262139169,0.4787514105720363,0.5141488313142486,0.3394068317074672,0.5461814284659502,0.5677818693278341,0.020213904548088184,11.123297127096201,0.6296528797312957,0.49430501516783715,0.44757948763005084,0.5986258389072325,0.5328004189015666,0.3650476733097614,0.609095585833259,1.935593928082539,0.34827011732030805,0.31260143053122635,0.3304357739257672,0.5249240351616876,1.2042836960275356,0.18588494706057543,3.7468838561879227,0.10894150604819301,0.35758870901918904
江西,中部,2017,0.48,0.5330114823318067,0.5773791706487581,0.4793680501848868,0.5614982719126177,0.42405113361778135,0.5538265926266042,0.5849237508268289,0.021273569134057018,11.204694240017142,0.6218078767038697,0.5362135760013658,0.4541087479490575,0.636076263117578,0.4912340127872021,0.33549356504003536,0.595355279984551,2.0239682719096694,0.3333009356428517,0.27245062876846793,0.3028757822056598,0.5169815837686378,1.2397867890406522,0.21493942051077117,3.82552878452786,0.12358008788310865,0.39062715729386827
江西,中部,2018,0.48,0.5615785977669249,0.6089932558367948,0.5068380918068952,0.5861436728628702,0.4069577812709411,0.5994211185430932,0.6410398119974166,0.02014173023036649,11.31309971063709,0.630568926839401,0.48845246541629367,0.4695604959694541,0.6470185009059624,0.5614424548792125,0.360073866377707,0.6345779806106904,1.985164262191604,0.33439531689555724,0.29623095647986664,0.31531313668771194,0.5475325701298609,1.3006779788588194,0.2628856507211445,4.171414974979967,0.10993225136307681,0.4010711384573619
江西,中部,2019,0.48,0.5868827886560791,0.629374569499991,0.5430925749207354,0.5899460532907481,0.44083924018643417,0.6639566187562368,0.6383329015898503,0.021984924288736402,11.403531483082682,0.642185348691385,0.5045352624065871,0.486925190459288,0.6719337747780524,0.5396441937665886,0.31597055091551657,0.6212276691829285,2.000505690340513,0.30303297315990935,0.2312814533825979,0.26715721327125364,0.5770338874323977,1.3294822751334605,0.2847895996327206,4.0983981776333,0.12139577754673796,0.40275375673233305
江西,中部,2020,0.48,0.628976473995834,0.6758586396623393,0.562172472341763,0.661322399477115,0.45897784792593915,0.6731483762302445,0.7223100932786665,0.018658309383489623,11.452215236288447,0.6471638713097543,0.5037376501250556,0.49640525368447336,0.679462285478381,0.48203034892535834,0.3786055600845212,0.654823099405368,2.1975096867298998,0.26137216818090686,0.23064768535026145,0.24600992676558414,0.5868474772296038,1.3753843571564988,0.3187332245340645,4.428638652802409,0.1307926373792838,0.4491427933027699
江西,中部,2021,0.48,0.6495761234898383,0.7090454381842651,0.5996720803114871,0.6556933089514482,0.4616894412022171,0.6867353280942395,0.7610296320214043,0.01854346499830013,11.580364111089684,0.6788735914890259,0.4684915940804157,0.5028055803853582,0.712162503977719,0.49631541609566315,0.33166715965491594,0.6565447817812687,2.092121978715886,0.2562526142297568,0.24968711481829617,0.2529698645240265,0.6404032939002816,1.4823300276827467,0.39361519282608554,4.365042676276823,0.13445670713315624,0.47686495067735146
江西,中部,2022,0.48,0.7014829500613924,0.7777748952305535,0.682729845610962,0.6864943384208742,0.4974194087301748,0.752450002552292,0.7797426685632196,0.01811676206106442,11.50472057556398,0.6651715463503431,0.45967965328039634,0.5572776293506959,0.7211420375751565,0.4829060021945252,0.3985534779904502,0.6403664069852416,2.1373339167180134,0.24679570653861838,0.17214664052903084,0.2094711735338246,0.6776173365438652,1.4953784314333038,0.40237930620381834,4.828987784696041,0.1319185981804502,0.46100264151686254
江西,中部,2023,0.48,0.7803822762053343,0.8162636755627626,0.7451178247854565,0.7735227817509179,0.614367479706654,0.8301785396989795,0.8882400253497058,0.012064086880497626,11.676429747098563,0.6929458702343471,0.5230704790887206,0.5722171484821824,0.7483494093849387,0.4797681787743709,0.3976576596740522,0.705199954930664,2.297075276949201,0.17641100137559418,0.17812920918013722,0.17727010527786569,0.7396094101134625,1.5967408536398682,0.46796458533284935,4.838845141021991,0.1355926507012253,0.5244516892535257
山东,东部,2006,0.74,0.4599878730039365,0.5099074554793448,0.4192245348576197,0.4776082896565095,0.4094985325731707,0.42572274192119974,0.5025884509806702,0.023187839454740886,10.901690754216059,0.601762567476128,0.538560783479381,0.383885086801566,0.5298007263996364,0.5150461299565681,0.43564166013739974,0.6228311846667142,2.0253554373384923,0.3950717375205679,0.36876380829772337,0.38191777290914564,0.512591892904956,1.0250631213692842,0.024754192517980778,3.263125362960327,0.09848876140971402,0.38566459761143373
山东,东部,2007,0.74,0.4722490490382075,0.5347812979651186,0.4334720374826214,0.46643736826351034,0.4120817327348843,0.4708608995809419,0.49992345927236653,0.021148475733865257,11.03499665771426,0.6251269065847092,0.5100791544380262,0.36514278172372083,0.5763549091234267,0.5056570060555211,0.4670699693015555,0.6006291682855948,2.0581743705524005,0.4361313881240383,0.3360721739096438,0.386101781016841,0.5013116133208061,1.0411621449066213,0.0403375362996759,3.3940742370950057,0.1186094128975467,0.3678306466121172
山东,东部,2008,0.74,0.49786975152657054,0.5297802209106538,0.4906043604924356,0.5270773370661772,0.4220874898777666,0.5017364855292253,0.49585520247745557,0.024623513171471018,11.081182111060615,0.6287292854450117,0.5084425555710528,0.42427833466327003,0.5629111341489197,0.5140721773198942,0.4316434544497227,0.660696608222426,2.0941683950581904,0.39793954201485093,0.33482954477591614,0.3663845433953835,0.5432762300770346,1.0723822623316062,0.06988258708212204,3.636113888164005,0.09569106287441792,0.3290139136726493
山东,东部,2009,0.74,0.5163270506987696,0.5494394098549501,0.49021514020734624,0.5277039277897764,0.46436809209213903,0.49419704865298614,0.5604843086496679,0.024997062688339518,11.121778008828041,0.6582686504319277,0.48203158295665083,0.41493191699237514,0.584092138792696,0.46853001131108546,0.4691518090205255,0.662793911987518,2.1718844935090718,0.39128224380509663,0.3268715886474736,0.3590769162262851,0.5471155259869729,1.143558198581963,0.13414462831629212,3.8453558132160164,0.11884758370953717,0.394920024476914
山东,东部,2010,0.74,0.5272081525073782,0.5675542230911934,0.5437109304169961,0.5500925824879769,0.4420617129650871,0.5066364351189372,0.5261904698886107,0.019078320609622543,11.24296726618797,0.6586025337804803,0.49380205635758356,0.42933481518993794,0.6139102612598835,0.5583149329462694,0.47147365272041253,0.6860351409459813,2.11672873070767,0.3925444033877638,0.40119446936875797,0.3968694363782609,0.5345195502661643,1.1958138031834822,0.17882696045163585,3.989094505501192,0.09082709374303227,0.3566225321984938
山东,东部,2011,0.74,0.5321396858028481,0.590737061972157,0.48948027067413613,0.5454145989557656,0.4761937788089771,0.4988382324294708,0.574788886515713,0.022414736331782023,11.279947246244733,0.6560658415167553,0.5034326466211345,0.465548075390037,0.6277389806934586,0.5191807769919744,0.482140198198973,0.6418695218149999,2.2797542318486945,0.3608535052442249,0.38542592514059876,0.37313971519241185,0.5265570682818579,1.1970477223416165,0.17985829406985257,4.1188007466168175,0.09950318163083093,0.3859105830699556
山东,东部,2012,0.74,0.5715266981333366,0.6111839447913183,0.5652469437630159,0.5994314596916783,0.49675303267149706,0.5706942073062301,0.5633216058885592,0.022991941846178005,11.394011753112547,0.6812019790594515,0.49130863312173856,0.4821161826056999,0.648585243241464,0.5355817505131913,0.49623837406043997,0.6647212586836689,2.2151785529015524,0.40088829726812164,0.31813858639406384,0.35951344183109274,0.6104599543986305,1.239394156946359,0.21462267711355246,4.147170221334781,0.1368366433222969,0.41435655873894117
山东,东部,2013,0.74,0.5758608051326095,0.6102991179301439,0.5580705281276448,0.5821992290721368,0.4908207480001863,0.5963538024041944,0.6025630011330987,0.02218072027109185,11.430718657871905,0.7027394157196413,0.47554260857160374,0.4656221993786243,0.6694120120146704,0.54188537076537,0.47484405792880346,0.7137052976001096,2.2322924002704885,0.3744421757874667,0.30886221474217845,0.3416521952648226,0.5921135829812249,1.2517332283994553,0.22452917361565186,4.365848062708655,0.13480330349431463,0.41884531457687535
山东,东部,2014,0.74,0.5926659801014023,0.6408103700591494,0.564109749717102,0.6054850172941066,0.47529522285745585,0.6303480122615829,0.6192220999218241,0.020451921626511965,11.450957910121456,0.6996934845053145,0.47620185466091125,0.47975221062714146,0.6811257776274201,0.534391220639208,0.511644183021772,0.7131891082279831,2.344205267325643,0.3540656950788452,0.3221941284044463,0.33812991174164575,0.611047113747201,1.338745148557011,0.291732718912946,4.548155704756169,0.14292494811669285,0.39285040503912466
山东,东部,2015,0.74,0.6120269759367021,0.6848216982684717,0.6027609847182459,0.5948052889040029,0.5160045237020771,0.5883808772403742,0.6600196141777074,0.019615112894028796,11.56462715654639,0.7049634309995567,0.47214647521616687,0.49028404249548374,0.6941203561426013,0.530020653139998,0.4915946527939416,0.751031255269096,2.4117906896447634,0.3570889551615692,0.30237932806460094,0.32973414161308506,0.6089474871542527,1.358188172658828,0.3061515855598209,4.465342536532001,0.10628399917452443,0.4777086753970051
山东,东部,2016,0.74,0.6599370705011566,0.7036711649118808,0.619248794547677,0.6522283287169098,0.534383916183231,0.7263476240629174,0.7104737563737658,0.01618929336120735,11.612109049793922,0.7268182954287497,0.4819192623178721,0.49905833246847986,0.7425527748167932,0.541329228897334,0.4955054993864432,0.7102222468219337,2.3781710717581133,0.31144010970859837,0.2739061750072031,0.29267314235790076,0.6598325048242616,1.3848937803566992,0.3256234438150026,4.758914246327751,0.12430112699304388,0.47777173162731496
山东,东部,2017,0.74,0.6710654086275963,0.7250306363841428,0.6475493515006578,0.6728953818722978,0.5547321876163609,0.6922960901106353,0.7124820637383327,0.01667474063224035,11.772304812352179,0.7407283264292187,0.4475899953091915,0.560441680813266,0.7574629600074901,0.5588884453875712,0.47570130763596774,0.7737642157457435,2.4029797399300676,0.3407720518513444,0.26660083980547633,0.30368644582841037,0.6782660674900779,1.479316687450973,0.39158028349257645,4.7970417251077295,0.12235304208539804,0.45804747399755946
山东,东部,2018,0.74,0.714890065000332,0.7748833387889097,0.6810052675909146,0.7146851016754675,0.5832264371806269,0.7507666568803902,0.7628162069150332,0.01854215332726636,11.761380040339521,0.7428749111836395,0.46998646080314244,0.5442372995339071,0.8005774183356852,0.5458126130218565,0.5246533094853181,0.7680949660865822,2.3701144199709354,0.2878091941659965,0.26817503009353666,0.2779921121297666,0.7129357697730617,1.4983581271939297,0.4043699267452128,4.899930203456491,0.13067404959299067,0.4978231155148453
山东,东部,2019,0.74,0.7339312713289557,0.787048341473663,0.7085868451892418,0.7597424816193686,0.5685002827780482,0.7651174692393694,0.7857644282256074,0.015849214646398244,11.901600886456324,0.7598155996194581,0.47230340974109786,0.563020607861047,0.7939570533853805,0.5044327655748129,0.5542163942193628,0.7801921275755762,2.546610501519502,0.26834990007748555,0.26195701838196794,0.2651534592297268,0.7088174644389396,1.6149939364059032,0.47933120212014313,5.1649197032307175,0.14750816053293875,0.5075121898352197
山东,东部,2020,0.74,0.7447730835296037,0.8012518797609887,0.687887215104932,0.7363662767374448,0.6066176039536174,0.8207400398941973,0.8007973900542803,0.017189595317499168,11.888214862474504,0.7785596602960659,0.4325638905113917,0.5940272499304609,0.8044358237206722,0.480479724328031,0.5138241125998162,0.754377477773405,2.4228296667412557,0.2855456583878078,0.24060861636447498,0.2630771373761414,0.7241572475123664,1.6570752025978328,0.5050541222050519,5.449341249174186,0.14562262261964914,0.5291441081502645
山东,东部,2021,0.74,0.7909270523703427,0.8551942537590181,0.7288099931188361,0.8186031264503544,0.641255178842365,0.829454374924939,0.8477330587960856,0.020269836740056012,11.980491688195366,0.759793575093263,0.426489981896548,0.6091477149452479,0.7960649347119518,0.5172293222006691,0.5494487787563138,0.7777375326099021,2.5605369278594483,0.25411728684658663,0.23143246095706607,0.24277487390182634,0.7471468402430852,1.6820871645917057,0.5200353822007339,5.571567139025672,0.1413338814458011,0.5350250811428013
山东,东部,2022,0.74,0.8198379150198971,0.8658884068107683,0.8056514560536524,0.8188977832679164,0.6625029640242389,0.865649326501659,0.8776237109414587,0.013809909227230502,12.218860854941997,0.7853867955964157,0.442883175085281,0.6440774324571623,0.8544691789365675,0.5040314149397798,0.49284131442321866,0.7813976002293177,2.5921346150656452,0.2615110724989914,0.2566318499081299,0.25907146120356067,0.7865856248531587,1.7605409504335774,0.5656211200261012,5.761116670625182,0.1495785311082947,0.5713241672822136
山东,东部,2023,0.74,0.8567400947765659,0.9064774745712743,0.8163567036491495,0.8689679061669836,0.6845499865700158,0.8996105741988049,0.9420505723052274,0.013134609777882942,12.178445093307873,0.7972492038379456,0.44264934502583764,0.6197092895501096,0.8776646964441194,0.5583079713572943,0.5322026771271235,0.8076483954668328,2.5465891031535275,0.2667901367387726,0.21661269021276716,0.2417014134757699,0.7896766033482607,1.9600401723521121,0.6729649691304002,5.9361515761087364,0.15800704305466526,0.6054149340420092
河南,中部,2006,0.49,0.33174277899691074,0.36933545078794733,0.3240304428657255,0.3552667171365455,0.3019116595687836,0.28794341734397016,0.33428703398458154,0.02688665123499567,10.352180987642658,0.5064425985342618,0.5533178187774328,0.2907868896406074,0.4109172637253123,0.4715980618137754,0.3565133155291674,0.5038561846486392,1.677638217223338,0.5430517764601553,0.46813966386447936,0.5055957201623174,0.4748182507623701,1.069116592874357,0.06683269333064246,2.5650703676691946,0.0868528566687338,0.25729293387445734
河南,中部,2007,0.49,0.3249278956305205,0.396369355138866,0.2924182440323184,0.33511453638217203,0.25191720228180803,0.27684774254386985,0.3726836961807028,0.027546763826853535,10.433794825494154,0.522383913559579,0.5468536545503099,0.2886480469314252,0.45277037437974776,0.5097734249759633,0.386973273085321,0.523302383943991,1.6951454769383947,0.5558614925670735,0.46014324620207026,0.5080023693845719,0.49939784608455823,1.08334292670031,0.0800515630499983,2.392784525684747,0.09154930283750821,0.27578530949401364
河南,中部,2008,0.49,0.35822841870401023,0.4228961626054644,0.31785991430558014,0.33518236725102374,0.34071736673777553,0.3342003418689804,0.3884739525272865,0.027324044010608037,10.497722310394815,0.5244141531912324,0.5515449559778919,0.29892630334679665,0.44785896362526884,0.4905280053947041,0.3192260287947763,0.5297959746203025,1.7134998429221728,0.5697660523072521,0.45215314774116916,0.5109596000242106,0.48807350764601304,1.1226173242755326,0.11566285568510803,2.608168148979413,0.10061306095552323,0.30086011595805523
河南,中部,2009,0.49,0.3681566885576397,0.4343392796794805,0.3551370902909969,0.35947543095442097,0.3048296507087395,0.3300733662961695,0.40314281835946325,0.026132385993695727,10.658732788312626,0.5446444498794858,0.5270190775293541,0.32676741223576367,0.48045925207653006,0.488155235001791,0.3189861825850173,0.537789467739497,1.7619355829947838,0.5386189593554287,0.4506986001344411,0.4946587797449349,0.5083319415868327,1.1171682861090202,0.11079716774452508,2.755224603033078,0.08604352074652921,0.2654809023280661
河南,中部,2010,0.49,0.3691089920025134,0.443833185209407,0.3537415991004373,0.36224960295351777,0.29242984251481624,0.35780077641797436,0.3790242945076646,0.024472977650543588,10.683028157492412,0.561570863868353,0.5382233448855794,0.33337568076320473,0.4788702146160267,0.48717830498641357,0.33284553998514094,0.5383908439933334,1.7822201595633638,0.5191928507359511,0.48339488200246417,0.5012938663692077,0.50098757914342,1.1544858911817597,0.1436551290203377,2.998036968897438,0.0779192888082769,0.29901269695632154
河南,中部,2011,0.49,0.4086580544840562,0.4532168067503965,0.40360569241171823,0.4200846415050523,0.33534378065122145,0.3927769322829842,0.4259050926355971,0.02522980986877593,10.728675784389639,0.5521078606926675,0.5231978868746345,0.37371047674482083,0.530537705571274,0.5237252514000106,0.32925608224808167,0.5382906911445066,1.8101068441299786,0.5008309288632823,0.45337591438219843,0.47710342162274033,0.5664597999423626,1.2094819525835203,0.19019212957052672,3.0458335215229493,0.09085670371039908,0.3256193923937763
河南,中部,2012,0.49,0.4095555403489852,0.45555881808541526,0.36359330775446264,0.4275437237189393,0.3600195743042024,0.3893294700676452,0.44824633435969824,0.02612774460969548,10.875125587742241,0.5742949121745574,0.5060854195429492,0.3673540911924613,0.5654675323819043,0.521311473935665,0.3120728468118784,0.5436756523686668,1.8253090520819097,0.5253204229281158,0.4178107509060313,0.4715655869170735,0.5393207492360805,1.263025440571269,0.2335099861356131,3.2447292794151936,0.10614413977013372,0.2991756037084008
河南,中部,2013,0.49,0.4222711811175165,0.47586616967592626,0.4034611208350143,0.4445239802761803,0.3254975988137449,0.4316561289779187,0.4276169720113612,0.027874965188659163,10.986520207302686,0.5806135947978389,0.5422361167392894,0.3816475200974504,0.5357689084610702,0.490424632501971,0.37934998123051844,0.6089222753879909,1.9365247346057566,0.524978286317167,0.4211690897497979,0.4730736880334825,0.5647095352070881,1.2997810478679506,0.26219582556549453,3.208882558985894,0.11556762116993569,0.364829746639213
河南,中部,2014,0.49,0.4352004023844336,0.4819063831589016,0.39823654110565243,0.44821643147146556,0.3553645118896479,0.44828252541165653,0.4630945347498185,0.02478270659232899,10.94756263298821,0.6133129482823788,0.5374770132290178,0.4078705836947819,0.5762970308132552,0.5281417220772698,0.36134496159253504,0.6081831538528025,1.9516836731664486,0.4951247981778901,0.4421638456067882,0.4686443218923392,0.5630263956982735,1.2799537712026061,0.24682396103135443,3.4872563889223778,0.1179157442217341,0.3596976496501959
河南,中部,2015,0.49,0.4592287428696346,0.5095768290686118,0.4264864331386935,0.47333067893736397,0.3624701747841707,0.43814356633701085,0.5258595830792423,0.022870681628703825,11.087493670894425,0.6042818193585622,0.5063776940642253,0.4277255501320104,0.5646592991433794,0.5131720387443167,0.3324117315415168,0.5776784746259795,1.8415575791846348,0.5066411913934703,0.4068130493525625,0.45672712037301644,0.5918486636281524,1.3952031470691235,0.33304002981017433,3.4097655012780366,0.1106089670662549,0.32478060573953543
河南,中部,2016,0.49,0.4697384002213218,0.5403002067644516,0.4210407214668211,0.5060777334385484,0.34192396313907497,0.4844493506487508,0.4950685303245454,0.02557932255000727,11.203827810428207,0.6175599578836137,0.5327255853555573,0.4579737767352388,0.5930771312958816,0.4427224839822897,0.3670940338156794,0.5931176171631721,1.9122968750561309,0.47380056373591206,0.40772877655059,0.44076467014325105,0.5980742046503634,1.4133886375445384,0.3459901101483018,3.857664569487988,0.10845667647233558,0.34937762510409276
河南,中部,2017,0.49,0.4978543841122729,0.5406599506704841,0.43698412321144536,0.5289258913071698,0.3954694699379823,0.5304607881284931,0.5394916490282253,0.024801325851910378,11.271727753320947,0.6232611955590899,0.5070916258981419,0.5221391150569523,0.6498715054658573,0.47775353942078375,0.40898775249746977,0.6601295901251408,1.9606492538082698,0.4725088099674661,0.3890909364460353,0.4307998732067507,0.6180631625691213,1.4543189149742888,0.3745376913565735,3.6034567463326037,0.10434020800020366,0.3645953585331207
河南,中部,2018,0.49,0.5231203335654191,0.5790330971837726,0.4838952329804853,0.4916156525196547,0.44497794401519164,0.5545343285480766,0.5749646219620073,0.02125007964016009,11.358155842949348,0.6371407781033822,0.4969481627442622,0.5069634419361909,0.7137069953844157,0.4896950295168579,0.3325136548573807,0.60933780158419,2.079351672113433,0.4666396707940935,0.3771816529669231,0.4219106618805083,0.6376256843040385,1.4867954495366473,0.39662309886097874,3.934808579320765,0.1237717891924393,0.41772067810132896
河南,中部,2019,0.49,0.5427017114349147,0.6026222623113188,0.48244153850829075,0.5835839982640115,0.4140339993053558,0.5745671222541422,0.5742855607517696,0.022233459396039205,11.377344485019188,0.652512649875109,0.5125894858898509,0.48911647126924257,0.6767168118990816,0.535535346194743,0.42205918211743837,0.6694856284177526,2.0456846862613736,0.45152023503389893,0.3684832677931778,0.41000175141353834,0.6729213595883066,1.5890569185695267,0.4631407072840496,4.319181619871722,0.10389440268948913,0.3964512602759125
河南,中部,2020,0.49,0.5611235823724995,0.6266099934397443,0.5120640348093718,0.5549079016625491,0.43691458040206876,0.5822602334394039,0.6349303923160309,0.02355838826099336,11.374677184386192,0.6592475449008893,0.45497163223410547,0.49971922505325034,0.7145108739099153,0.4650076948315553,0.4118824991436188,0.6607666835127106,2.0851186193550464,0.4522693952854388,0.39987258124274694,0.42607098826409284,0.6775646648637047,1.5596280615014368,0.44444737071991125,4.4073596792158,0.12482852163512306,0.39221771879243905
河南,中部,2021,0.49,0.5765067245631438,0.6432249433744791,0.5408330045795693,0.6125293355192619,0.45479978001990434,0.543209099283986,0.6340212038338258,0.021084879706937273,11.543628455029044,0.6797591858402527,0.5196514133470872,0.5362216351010423,0.7220432045620276,0.4444182560928425,0.3880212351571622,0.6888154239023471,2.0601918290230117,0.4197773717647491,0.3413461383980599,0.3805617550814045,0.6766633648708145,1.6632752343281045,0.5087886912236161,4.37105117535936,0.12323259953504444,0.4547612266438614
河南,中部,2022,0.49,0.6400993629147239,0.6774907492798762,0.5866108027523014,0.6158773607182408,0.5355397525149069,0.6953855163229424,0.7257996722234856,0.019572599437084566,11.662785510382069,0.696077076667236,0.4839720950474043,0.5252724179948988,0.726284523945001,0.49932319399781244,0.38723360744652274,0.6442333489156525,2.25339265269795,0.40588148319471057,0.30474186976127804,0.35531167647799433,0.7496568834712077,1.7570253849911037,0.563622257018122,4.634022425516025,0.13282932155977337,0.4353383855406341
河南,中部,2023,0.49,0.686368255985767,0.72376805675087,0.6137553744078643,0.6775632043757395,0.5713058737761084,0.7677827174759622,0.7601804700299662,0.01604334334605072,11.696185089895069,0.6871707361685117,0.4492949246138187,0.5592149629716948,0.7547480081304289,0.5264476117227234,0.3869716166711933,0.6844821282855372,2.2758092741740157,0.3820023981099893,0.33604590177329874,0.359024149941644,0.7816051545311183,1.8841622196680636,0.6334832763052302,4.805371598830392,0.1386007983740051,0.46927521368547215
湖北,中部,2006,0.58,0.40630354384975537,0.47181836167424906,0.37587190956671496,0.4406492055829536,0.32362084474270847,0.3801187167653363,0.4176089667279038,0.025054639926310233,10.62454812867678,0.5527646444895716,0.5094685294584907,0.33148488500664286,0.46760333529283177,0.48219526874712515,0.3816621800112646,0.5478937020411847,1.837675596512948,0.517569195000785,0.4143540220454329,0.46596160852310897,0.504078449519977,1.0842492010986489,0.08088776690913246,2.8650245806110335,0.10145001247581958,0.3122034150420246
湖北,中部,2007,0.58,0.4161550381780079,0.4684634115487794,0.36565415540966045,0.43432734262451034,0.3592681097967041,0.3973037002352108,0.45715063876854073,0.02534938785093408,10.73333539136161,0.5578650232548108,0.5318246746245366,0.3233366088168207,0.5065705624822261,0.4766022421994822,0.38805878766946383,0.5885361666890033,1.9584881256352868,0.5004360952542376,0.42373423219946443,0.46208516372685104,0.5067464216479269,1.0674679673604268,0.06528945851391,2.9932349905577693,0.12341415821490236,0.32231328938588405
湖北,中部,2008,0.58,0.436516934651546,0.4949564639973135,0.39730843573654756,0.4637401490337049,0.382868498172996,0.40461856304055377,0.4549501492875689,0.02262445711178592,10.793315426551935,0.5739314874873186,0.5227557652472078,0.34869416243437795,0.49203108614999486,0.473504697462783,0.38147202635340866,0.6006001382581623,1.861509959303702,0.5062353252418885,0.42883870316026124,0.46753701420107485,0.5468887693746372,1.1162159803233551,0.10994437599015287,3.128610729565117,0.10221910855489846,0.34841755833588517
湖北,中部,2009,0.58,0.4435042477056963,0.49540190274951657,0.4504828880382658,0.4690251094437563,0.3771967075215525,0.37326668001714036,0.4674325770229376,0.02699860856473595,10.795824214946181,0.5863768186351772,0.5526011359328108,0.377637700558268,0.5138250129030469,0.46980463389089105,0.33362129507353044,0.6125009654626381,1.9795722894570784,0.44624603921260336,0.453939077075456,0.4500925581440297,0.5542402403910002,1.1694634369635988,0.15654504273430425,3.201569575423125,0.09204878231024786,0.30150506322009435
湖北,中部,2010,0.58,0.4573997558486229,0.4962257608764071,0.44106893489378407,0.49345504236359067,0.38098327447277186,0.4338630460737993,0.4768211495317077,0.022373776482770523,10.872826485574752,0.5823902168009478,0.48602061990168355,0.39268070189923737,0.5634923894174098,0.4651179299569786,0.3915834418137157,0.5937912522241053,1.930410853722064,0.4651563418363399,0.42547515869035496,0.44531575026334747,0.5580217089870422,1.194057443811089,0.17735712420768926,3.3110389598727923,0.09386077355628288,0.3353393165340881
湖北,中部,2011,0.58,0.46616791067729074,0.5037934244976178,0.44028615423733797,0.4901756149432069,0.3881846417343182,0.4609689011138074,0.4962328154359564,0.020635821551763064,10.893123624481651,0.600309808427171,0.48998783498567533,0.38824625090512127,0.552717376561316,0.4924915162772465,0.3789679235287606,0.6030285814343883,1.9840104628283273,0.4609728525164899,0.41524231434210024,0.43810758342929507,0.5417344674615707,1.1554791716517177,0.1445151251710658,3.4938221617044096,0.10764595556724493,0.4024662247043336
湖北,中部,2012,0.58,0.4686206057427505,0.5155618201275876,0.4457514208778848,0.49747456007977126,0.385234175960305,0.453465484542185,0.4918330521938963,0.025784007456123057,11.072012029273202,0.6056150963084174,0.5045070174618858,0.39880715313951554,0.5831850958035484,0.4997563703862615,0.3386659409935525,0.6174732447870436,2.0088711344240164,0.4528253133660484,0.4166758141151809,0.43475056374061466,0.5855908519997579,1.2582402411445184,0.22971411074878004,3.5098860348254544,0.10636884034036587,0.3703448470976634
湖北,中部,2013,0.58,0.498121053722334,0.5385670787419609,0.48842416376505654,0.5086964312803426,0.4292169586354362,0.5143488920273123,0.4912214856847471,0.022248738521612823,11.118636663259352,0.6351482552084867,0.5125938321612683,0.4256973597542492,0.5946424844027532,0.5102300283412959,0.3455520068805818,0.6537498878295619,1.969157931981985,0.4785998371260477,0.37807657324794974,0.4283382051869987,0.5833256092247187,1.284830931570738,0.2506271389289195,3.7654566290533498,0.12549302306795457,0.3130200947898604
湖北,中部,2014,0.58,0.5232039649947876,0.5915778069551262,0.49935996778847536,0.4931486835249234,0.4399981561132255,0.5780105197982298,0.5195701769450966,0.021177780613423094,11.153825103387067,0.6357398124048707,0.4677960608511863,0.4368700277201236,0.622793497632372,0.5123237387332295,0.37252060287099137,0.661607745429482,2.0577277002082908,0.4621372422831164,0.3788953481462066,0.4205162952146615,0.6154765870017584,1.349716086229354,0.29989426383605094,3.857165528789239,0.1202129353638087,0.38500556575223077
湖北,中部,2015,0.58,0.5246126122823805,0.5866556606606972,0.4673412225929444,0.5099538513884511,0.44240696565517396,0.5476963081486635,0.5818463027971064,0.020103324863684602,11.252293668484855,0.6442102274785761,0.5388429923105278,0.47010868067936834,0.6175259457714614,0.525507132089139,0.3601694641995064,0.6443192039501271,2.108324627165307,0.4449280211379441,0.32100650086120414,0.3829672609995741,0.6034706878502711,1.338732373010026,0.2917231759405908,4.0787091791027255,0.1199567440307612,0.38555117234381353
湖北,中部,2016,0.58,0.5733775747995173,0.6224050047106529,0.549673837635659,0.5820995825686763,0.5012756559431576,0.5632530208042411,0.6034054217861874,0.020964817279219023,11.395131185789678,0.6575912763203938,0.4790946321905517,0.4913129710077369,0.6664546768184734,0.5697635096720467,0.40002236421994064,0.6547785418744932,2.0354129306977935,0.4166805094713955,0.3896698058518672,0.40317515766163137,0.6562320009444448,1.4507289957152436,0.372066185758882,4.198967831186942,0.13303806841601148,0.42885948898799436
湖北,中部,2017,0.58,0.5517968623680553,0.6014996093262964,0.4999107070198492,0.5680938320846111,0.4533377887178508,0.5747742622678124,0.597151291355481,0.023233533161954072,11.402917255182624,0.6747940144899478,0.5218569759030097,0.504377338836221,0.6870249811145637,0.4567471695147438,0.3519540847912883,0.6533191828871261,2.186521133087312,0.4292079278870426,0.36207170455781806,0.39563981622243033,0.6696647020287253,1.471370108637337,0.38619401339689735,4.3413766014380535,0.1448310088308753,0.3962294332502182
湖北,中部,2018,0.58,0.5923246772587943,0.6306581753200795,0.567845947348239,0.6070609251930623,0.48248230893156907,0.5923502075617967,0.6553983383510336,0.020714942998834224,11.440493836197744,0.6637520949038102,0.48714999727052927,0.4881894407530549,0.7077223930193585,0.5631339074997215,0.4465026853601355,0.6400618186615512,2.221370074865291,0.39386864547412287,0.3638577426355343,0.3788631940548286,0.6538920325449502,1.5058653248736453,0.4093676996642733,4.421400539013966,0.1102471409035227,0.4683551149991292
湖北,中部,2019,0.58,0.6068049412173482,0.6416872626147527,0.5860426826874241,0.6377784632735879,0.5010616895100658,0.6180673728449944,0.6354729330883802,0.020084862751477785,11.534445959320363,0.6999969150801136,0.48334045727001435,0.5403719965015567,0.7010659919740554,0.5163510453318327,0.41555031663010245,0.6949452664473096,2.0726535315959063,0.40912478485306536,0.3535272807115649,0.38132603278231514,0.7014126804408529,1.5895775834321662,0.4634683101380224,4.45690120473469,0.11586575283017662,0.42245929183446346
湖北,中部,2020,0.58,0.6395273213219966,0.6782631975574477,0.6071288838264601,0.6330211006984258,0.5482821022507403,0.6689015877456918,0.6903530141271348,0.019436819009646215,11.69973838901978,0.7070594099130181,0.46616000957189946,0.5461070117977501,0.7368963165020325,0.550848854737464,0.4441725650931281,0.6755636162033075,2.2024713718327655,0.37952565426000784,0.3441426593694069,0.3618341568147074,0.6956184377662887,1.5929993277563936,0.46561860892932505,4.63161552173952,0.13230831312481306,0.4717010951626951
湖北,中部,2021,0.58,0.65492395514434,0.7107986731839092,0.6048282455973866,0.6548436488809066,0.5388187626901646,0.7025922316338002,0.7013321198651488,0.02027223246243258,11.702046219150859,0.7210460025760288,0.4751291364778566,0.5607684719332335,0.7957647221780496,0.514372744672839,0.4314867963475608,0.6747352222609324,2.239018417578504,0.40247266174441976,0.32914049227059744,0.3658065770075086,0.7086757164685078,1.6537869572104356,0.503067783716864,4.807611914094003,0.13524543738239583,0.48141928564196207
湖北,中部,2022,0.58,0.6815317431440834,0.7314876576810346,0.6732523529505061,0.6400615571051703,0.5533957528497515,0.7185831474435268,0.7571655352157359,0.018083276674968642,11.835707882318196,0.7210891388271826,0.5176045816368152,0.6011858700919772,0.7739608911772834,0.5452342536315946,0.46202640794587824,0.7016261515948949,2.252703947976098,0.3283300889292086,0.3113072502552152,0.31981866959221195,0.7586410688408073,1.8038474759853806,0.5899218703861311,5.138130060121522,0.14557431010560432,0.47505255142566843
湖北,中部,2023,0.58,0.7180082535511059,0.7983035029728371,0.66193941083954,0.6970420555785716,0.5761900919463835,0.7733924956777533,0.7803693451808106,0.01851411227757253,11.933808660729095,0.7317174420770207,0.41740234627513906,0.5955449241696423,0.7864957047655345,0.4904419822754148,0.42347764591234055,0.7154863743085641,2.3387019933610356,0.37051944917442653,0.30612572454733145,0.338322586860879,0.7797606425355583,1.8296634971922008,0.6041320686293504,5.234001025653502,0.13217258700586998,0.5137250914412794
湖南,中部,2006,0.53,0.3778786025477504,0.4395256071070052,0.35074148772186303,0.386028850800728,0.3222679579937474,0.3435059954318604,0.40474271172252846,0.02647244803847805,10.582667250840053,0.5177096079923876,0.531103148339707,0.2966274484296698,0.4526648844206264,0.48016870604063777,0.39551383287479125,0.5209650849712111,1.8652792197262837,0.5670553540293181,0.4678876609055764,0.5174715074674472,0.520886033240883,1.0870915718695446,0.08350584734112224,2.772538602770173,0.09615226720335975,0.288872998008899
湖南,中部,2007,0.53,0.3832851765914362,0.4418826238964118,0.3631618019361531,0.38347519254157064,0.3123915551537758,0.3790014055845662,0.3995264283129999,0.023546414152326965,10.529873255423716,0.5366000955116809,0.5381534232869939,0.31203299033249215,0.508778647802197,0.5054471816758082,0.379631706074806,0.5382906367606065,1.7908572236529592,0.5424286811926957,0.49434792972700253,0.5183883054598492,0.5435182290544534,1.1490199943032793,0.13890940019761605,2.7743317114625934,0.09213637446904395,0.3323685443933007
湖南,中部,2008,0.53,0.40191402252560215,0.47536597386908547,0.3852650798072527,0.4159407575405471,0.3017680894404385,0.367814942649504,0.43469335406729404,0.025079608039509607,10.63368848200721,0.5441933091871319,0.5503660915853195,0.3510369513120573,0.4713580518582999,0.5127334272652715,0.36208169344831964,0.5498050947184453,1.8754134910962341,0.553177135866758,0.47246680543154457,0.5128219706491512,0.5783951634005979,1.2062437749652584,0.1875112130071794,2.7469383834684997,0.09234534857962926,0.30511806411993353
湖南,中部,2009,0.53,0.40326204638974766,0.4514325888149686,0.4051309268331002,0.382592441572644,0.3715624052968466,0.34144671337413773,0.4529971904402719,0.023860271308061964,10.654875511782642,0.5487176205575491,0.5417828042159907,0.34371261183531115,0.4866932593493516,0.5063321792754902,0.41600580007824095,0.5618204421986629,1.936547490218381,0.5029343920936737,0.4758857671127099,0.4894100796031918,0.5520876680986997,1.2220016061970973,0.20049017514878303,2.8446015064741608,0.10976812177520542,0.33015651876763435
湖南,中部,2010,0.53,0.42554451058947435,0.45702689655102696,0.4069828281008131,0.4481629926847535,0.33934166915705666,0.4063821407091674,0.47831819166335937,0.0265367264768629,10.801011270412083,0.5505833428407856,0.5021989031184488,0.3602469154120262,0.491418765487189,0.5439810990105568,0.4096090244508457,0.5917818871675253,1.8435493584330374,0.5333826925338917,0.4730643625000738,0.5032235275169827,0.5819794375514332,1.2643071209437045,0.23452424164106242,3.1254516216392956,0.09334539300679977,0.2929105079926153
湖南,中部,2011,0.53,0.44987238499301385,0.5097129378378791,0.4066233797685152,0.4715003052157942,0.3816415611169698,0.4539102742729077,0.45567449620633604,0.025256081537389147,10.8343754329225,0.5790601222248606,0.5025895518570943,0.37100984149314675,0.5211408843451172,0.49656892140238323,0.3971161208778279,0.6077148712409762,1.9591618721474884,0.4852297572559909,0.45734986563909225,0.47128981144754156,0.6015242397361427,1.3210812166756831,0.27845050485823203,3.3136961110975145,0.10303756751119604,0.3321785686071838
湖南,中部,2012,0.53,0.4658963372730171,0.502720197401949,0.4529093380253136,0.46486880817077486,0.4138313908387152,0.46792346272554325,0.48018211567386543,0.022961931049621846,10.95387240440427,0.5976984580902052,0.49371717263315634,0.4026071456995097,0.5835435265950367,0.4952578521057407,0.4168686851216911,0.5722199621552997,1.8957360783924004,0.5125294256205016,0.496339593355842,0.5044345094881718,0.6224402504955372,1.3880914987119728,0.3279297811741301,3.4014289246655904,0.12340315713102225,0.3974680464559258
湖南,中部,2013,0.53,0.4860082701168942,0.5392173550174651,0.4478793677135122,0.491951540132343,0.39989086375568705,0.5050011589454135,0.5150689395569262,0.02650448384061755,11.03193247769634,0.6217713259764641,0.48808596517472336,0.4255284673310954,0.5781124028432708,0.4796610346910079,0.3803464524723177,0.6058312838251962,1.9230316707427937,0.5031485906664809,0.44981057720692835,0.47647958393670464,0.6316327504174604,1.3257798139004007,0.28200082510990776,3.5977578958992504,0.09372661187331119,0.39109092895102143
湖南,中部,2014,0.53,0.5178863082691386,0.5686194753627446,0.4902784720321876,0.545290581959826,0.44195669216467526,0.49992344501050157,0.5393168654893159,0.023755561366157286,11.139827721662611,0.6126899861702126,0.4947027194805637,0.4038647144772218,0.5896280192014692,0.5085091700755257,0.37792380791648844,0.581318994336185,1.9356249110490455,0.5189217644974056,0.4207872269938657,0.46985449574563565,0.6429339705665739,1.442015199908239,0.3660415796589636,3.754892675758031,0.12584943838367046,0.3786499941973837
湖南,中部,2015,0.53,0.5166203288910862,0.5962517199594392,0.48325505677837194,0.5211494036454066,0.420781529875863,0.49518464894437797,0.5559338033242716,0.022769082638909022,11.150760915531981,0.6073347015367304,0.462089436888288,0.40701370491008615,0.609027745078015,0.5011312702913627,0.379837086361769,0.5892524993054095,1.9988571936768902,0.5041284282583807,0.41078568012098243,0.4574570541896815,0.6376062219298587,1.415610934677979,0.3475611938715867,3.855984617942337,0.12062672861749796,0.39342166644583537
湖南,中部,2016,0.53,0.5411112567818528,0.588997636232316,0.5388955660457558,0.5694398988461882,0.4235500435511594,0.5254507202178177,0.5713115448333645,0.023184177710440793,11.22467616712659,0.6391238586119039,0.4663840395499467,0.44644401373092035,0.6662730266422803,0.5475111987247991,0.4250244086374466,0.6169584842397744,2.1223854130164805,0.49621111205424695,0.4403556364616206,0.46828337425793376,0.673134329568925,1.5640026712799484,0.4472483501011674,3.9129429265359117,0.12226199794559571,0.3847231720443545
湖南,中部,2017,0.53,0.5692227941483282,0.6387199917696547,0.5238455641805577,0.6161920526876272,0.43940667301621417,0.557568411309697,0.6074655255959965,0.022134108292573368,11.360608405769776,0.6369918085535835,0.4912720087732302,0.46054320985528446,0.6913590897781327,0.517956813648575,0.3865815756711534,0.6632617723632513,2.0466578008730862,0.46998943365059564,0.4421758934750037,0.4560826635627997,0.6976513283476685,1.548567452319398,0.43733027926246465,3.999916174285662,0.12714266394128804,0.3900938693166687
湖南,中部,2018,0.53,0.6008691140556982,0.6458933209415735,0.5773651544298564,0.58102742328843,0.47910367612260946,0.6567173362716001,0.6506511385345775,0.022871474358199508,11.450076539450302,0.6617699353650293,0.5088692816060825,0.4801546832978645,0.6918302648806264,0.5170540504715883,0.37815048479736846,0.6454548011441938,2.1530906560069862,0.4420247196386056,0.4207128246934691,0.43136877216603736,0.7329705267211573,1.6762597342188654,0.5165649627371526,4.139451292037388,0.12469355374711998,0.4151647702067141
湖南,中部,2019,0.53,0.625636650055778,0.6376838930844761,0.626743979042449,0.6311419112213631,0.5151128518665139,0.6431600666294381,0.6872706795711261,0.01892181579242735,11.519697378611886,0.6703269642370631,0.4650116353598802,0.5132497960689997,0.7110174831698497,0.5014648996691258,0.43267601295336555,0.6650658434052279,2.126346914342106,0.4661283075681305,0.40133947057271124,0.4337338890704209,0.742767404103105,1.728750434248946,0.5473988551892482,4.280421609730394,0.1430490167722333,0.4230789764404476
湖南,中部,2020,0.53,0.6432861319494019,0.703186075780194,0.600813596455922,0.649218498305745,0.5216228114201124,0.6728167765624092,0.6912895310205724,0.019943218054187615,11.565893775135262,0.6816507620781063,0.4776056963812506,0.5343387235774131,0.7328337433515922,0.5560581204210242,0.41513101244909595,0.6167691348675282,2.1840726140761015,0.42450101525418693,0.43472171278017474,0.4296113640171808,0.7656909488304151,1.7804522475438993,0.5768674036871331,4.630344063729449,0.12668292153643432,0.4803798338367721
湖南,中部,2021,0.53,0.659467088835552,0.7209656658415792,0.6332995630564967,0.6523916876099424,0.5224591446196912,0.677317338399388,0.7273843302707482,0.01814720408681124,11.614988900660489,0.6924480479880898,0.5149637282903812,0.5407085187192525,0.6990339638328643,0.4820955135727147,0.4063562660276426,0.6760684800560709,2.1799896723828684,0.4235202507088244,0.3649883800921474,0.3942543154004859,0.7648735514437331,1.7798027449946003,0.5765025407445261,4.878352095169594,0.13801613955047917,0.4666724066518216
湖南,中部,2022,0.53,0.7206794588349679,0.7508345692879536,0.6784264448613939,0.6956906521297647,0.6323555070692692,0.771829775365382,0.792448201496424,0.01995781566651114,11.80076260403118,0.6840788846272661,0.43819565473040273,0.5566330410473835,0.7667185926070185,0.539577924460481,0.42298364362965024,0.6898758213962953,2.2537590936184375,0.38581454057341563,0.3797926674968475,0.3828036040351316,0.8413203366498442,1.9352685469172657,0.6602461007887169,4.7416818416248745,0.12084965099452911,0.515794569164877
湖南,中部,2023,0.53,0.7619107289246652,0.826949365499426,0.7294933095442061,0.7578927193882677,0.589486612158031,0.8144716175502645,0.8272833485484706,0.01626383265357151,11.787640736133874,0.7020971266823982,0.48584794807695486,0.5680978679383637,0.748241985476578,0.5463717565243879,0.40021574258868625,0.7104069300444485,2.2603307283449863,0.3956299009030331,0.3485859059581069,0.37210790343057,0.8602810734918004,1.9757588869127245,0.6809525710873778,4.928088420925896,0.14262766916719297,0.49184183507742985
广东,东部,2006,0.85,0.46519352495501126,0.5446861488854158,0.45806020403765424,0.4618921625998066,0.38955881595602626,0.4218140928179606,0.4856968068443158,0.021315862528776132,11.118419354808474,0.6643753822666607,0.49152779448478545,0.3870070667973722,0.5858584647677018,0.5389393985262338,0.5148331400655204,0.6796776658569307,2.2163525728997477,0.4475938708361554,0.3673688697067956,0.4074813702714755,0.5591003900455216,1.1408646422544286,0.13178643304031948,3.8939457353457168,0.10234611956240461,0.3657499591697654
广东,东部,2007,0.85,0.4855696086021916,0.5483801848165755,0.4427619078236051,0.5216708186801403,0.4212927074258705,0.4419654450790453,0.5134659004448248,0.02453037736845381,11.193802047358558,0.6699232120549922,0.46066442569119737,0.4299772337432002,0.5888478581483164,0.5978595281924383,0.5183234045589205,0.7147114862602467,2.281643415182743,0.45056059790876635,0.42671605159646103,0.43863832475261366,0.578739888447419,1.1653446922414323,0.15301691642444112,3.853724152840168,0.11222536793551298,0.37474124202608833
广东,东部,2008,0.85,0.4876067576858285,0.5335193416299008,0.5046994145286756,0.46522867798271933,0.43371637838384103,0.46373712866895667,0.5068998028914398,0.0241324439570001,11.319415444809822,0.6838660176047302,0.4972210018593224,0.4170511208767766,0.6231656946425417,0.5162217220192038,0.5649015158752131,0.6893040103473403,2.311261338554492,0.4539748915120897,0.37361702981804423,0.41379596066506696,0.5702428461189912,1.167664827779699,0.15500588070703258,3.98701805245227,0.11290962957781608,0.4059336837823542
广东,东部,2009,0.85,0.5281743334781753,0.56344154356109,0.49794024331426545,0.5316634084492808,0.4918398830272029,0.5062443087081828,0.5690875834565545,0.02138355368442401,11.412211348377197,0.685964037318324,0.49876454917249924,0.4326056288094025,0.6434031345180027,0.5436681367200736,0.5499887647142249,0.684672040251124,2.294112570406296,0.46683853607109255,0.36094012959488775,0.4138893328329901,0.5886189690692093,1.2099544406927645,0.19058270657975396,4.138101243948758,0.11077702827006618,0.3931576005151697
广东,东部,2010,0.85,0.5393478579031007,0.5794493699824523,0.5373387549592578,0.5360956625096172,0.4681824574993029,0.559012745614663,0.5389488858007391,0.02356240789630291,11.435178611088771,0.7145042480336629,0.44743314759668384,0.45691222214963156,0.6670838058667907,0.5088361143141805,0.5340131832878502,0.684649478193754,2.3521491638344365,0.39142930018763633,0.41410923915738523,0.4027692696725108,0.6138800420303469,1.2850031810050733,0.2507611938344485,4.394406949862465,0.1295710577343351,0.4009277151478738
广东,东部,2011,0.85,0.5441695682392333,0.6075911518976699,0.5021908806326075,0.5336355705827446,0.4863486521001397,0.524667828264632,0.596090607381478,0.021039915356606303,11.506960467470154,0.7139704135601335,0.45326014673462167,0.4619270849472729,0.675955333573715,0.5442991493998632,0.508225754429274,0.7380630168564595,2.5139238226070453,0.42460049830701124,0.35157508123344255,0.3880877897702269,0.618492932480569,1.2989512838623878,0.26155723418489757,4.5550690247603525,0.1223810071760288,0.3921054672069745
广东,东部,2012,0.85,0.584476800875462,0.6334416578486495,0.5648588365290733,0.6306884151322883,0.48675317745674246,0.5626028292039716,0.6003606318809822,0.020723664523494306,11.505137992741192,0.7269300901131726,0.4828860887348949,0.4823688557853908,0.7309789915863575,0.5723209052135468,0.5341845989690734,0.7202846341356735,2.438645173375545,0.4167607806579322,0.3498217827332065,0.38329128169556936,0.6557607506474836,1.3506585363570403,0.3005922782212172,4.6016084038220955,0.14172714537777598,0.4193686215692862
广东,东部,2013,0.85,0.5819988450709261,0.6288251264101182,0.5678055009999236,0.5667581641532943,0.5263562326874196,0.5593517224275967,0.6294648608063003,0.019575691717137963,11.625413996505733,0.7378679989226429,0.4316649559626654,0.4780912542291458,0.7418606488547276,0.5468562426895456,0.5156677255700978,0.7352665010620372,2.5072501869562522,0.39369544544695934,0.35409772431438036,0.37389658488066985,0.62670017431391,1.3227715748574176,0.2797292132776058,4.744227894158659,0.11361037198434101,0.4357604844999639
广东,东部,2014,0.85,0.6139671002561495,0.6682649058836312,0.5609391845673826,0.6241154088430134,0.5126466264870773,0.6302699584334573,0.6712884719489507,0.021588018011189623,11.745505525585397,0.7598240865741609,0.4305289247854394,0.5288606123767922,0.7440982623958713,0.5257730205964382,0.5481465224356177,0.7513128243872176,2.457688454312187,0.4252368175434521,0.37155040567214404,0.39839361160779807,0.6808937958608039,1.416123226197436,0.34792301563587785,4.858911401901828,0.1143592190631868,0.44500765514875024
广东,东部,2015,0.85,0.629409896795212,0.6745556131820353,0.6087676324137625,0.6503232211987297,0.5350246147694392,0.64734048707561,0.6390526758632891,0.016960951125849923,11.734060140694867,0.7532495985253383,0.43725472884161976,0.5464180982653489,0.7646780348594705,0.5408994398609599,0.6000072318486358,0.7371585355537322,2.5614553851620596,0.38477869039137946,0.3371280431331543,0.36095336676226686,0.6777864609592332,1.4971939314622391,0.4035926437820003,4.925741580421036,0.14218518132942287,0.4655197150728141
广东,东部,2016,0.85,0.6605808521697176,0.7174215423387512,0.6393923648885108,0.6963034881247825,0.569380585303424,0.6150560508619732,0.6979973372519948,0.017614747830869026,11.834505301867862,0.7701173863416749,0.4534977326847341,0.5543788997891543,0.8045748961263594,0.5610455877447581,0.5808746078067788,0.7623628368142682,2.5257155833082674,0.3404204087763691,0.32789700646528197,0.33415870762082556,0.6847131565085522,1.49288318948637,0.40070927670613243,5.182023079134504,0.142569144147035,0.5016212335618321
广东,东部,2017,0.85,0.6841356932377002,0.7266851990592667,0.6380737094712868,0.6742798026150537,0.5977792764113942,0.7041566315775407,0.7550828521071953,0.017692208092776426,11.969599666096473,0.7733750948821235,0.4415082199778411,0.5546156670762193,0.8333592112090582,0.5047460670976368,0.5673543135084108,0.7863151299059684,2.5635235937137915,0.3973584615839327,0.35560355318114684,0.37648100738253976,0.7208717103049899,1.5816191798054202,0.4584491196377539,5.387923823673035,0.12115797157545108,0.4875278265701232
广东,东部,2018,0.85,0.7032651363640855,0.75971218772402,0.6959817028248452,0.6846507961629608,0.6160236587760206,0.6985338506913036,0.7452363944609198,0.015944451147693915,12.07813808602488,0.795286735740577,0.46921397371534596,0.5916639147042879,0.839036462171871,0.5164143480326241,0.5300420884986052,0.7483253412797914,2.614148324227838,0.3483311919962971,0.3042070521111449,0.326269122053721,0.7327394674917461,1.6536647717361252,0.5029938987538295,5.719062199025108,0.12645180643919132,0.47330831805207596
广东,东部,2019,0.85,0.7262802300802444,0.7602271271096593,0.6572375741718708,0.7536572483708289,0.5867372167065543,0.7941442018213745,0.7933926399233532,0.016357363914080512,12.07035819287231,0.8060915510981324,0.42800772143447446,0.5889930713095247,0.8526504441863101,0.5294700784039056,0.5887269975555921,0.7807896981970838,2.6657257239906778,0.35139472540739564,0.2829341911850317,0.31716445829621365,0.7548139773125339,1.6623637762952768,0.5082405511201729,5.480612745070921,0.13633018145206197,0.5080379868194761
广东,东部,2020,0.85,0.749531625052537,0.8120890995705315,0.7153610939150001,0.7339009637453896,0.6248699667888928,0.7952617547607872,0.796503841299983,0.016549317335240524,12.181817579895675,0.823077122221631,0.4176056325816735,0.6322671740296231,0.8445616595099266,0.519876588680258,0.5725926865277772,0.7846056009281167,2.5794992408856032,0.32245127601552165,0.27399910806344063,0.29822519203948117,0.7559464732540356,1.7228416584322037,0.5439750545603375,5.602465345833597,0.13320606645931143,0.5395824610486868
广东,东部,2021,0.85,0.7723528112781669,0.8200314613503344,0.7548832627402005,0.7758942412614326,0.6306671869217064,0.8227534285486534,0.8073343189097946,0.01794915354967618,12.232870236714806,0.829681927076885,0.40836588076360314,0.6294764523538382,0.9146024371120902,0.5574865110907885,0.5911548040920159,0.8128937588453674,2.650360042765205,0.30509520570502413,0.28038315826065413,0.2927391819828391,0.7748699643286354,1.8453064109871284,0.612645340119117,5.826194157688421,0.14475794182801544,0.5499877659056077
广东,东部,2022,0.85,0.8003346104016418,0.8443785673288849,0.7404482102875976,0.8083485941432408,0.648674856857471,0.8510033775806723,0.8947365702744478,0.014111221933128247,12.203255157705675,0.8409074942733438,0.41517557860551835,0.6746066930757547,0.9056095761544326,0.5290456653554095,0.6209345145484996,0.8267112432582768,2.768109986032085,0.31379652449867823,0.29551200482626294,0.3046542646624706,0.8127258247347431,1.8291200384599902,0.6038349979057551,6.00266560021658,0.158846553823322,0.5931569476572659
广东,东部,2023,0.85,0.8323359601729968,0.8873955331829971,0.7767849120088453,0.8339962866337547,0.6879345025489134,0.8748940177765101,0.9158086983827003,0.01274212756857578,12.462677347261279,0.8455174591892652,0.4209256227600334,0.6676259050791696,0.9356247990541279,0.5314902028587637,0.5934172330196614,0.853782635687607,2.8267357232447083,0.28108614124051157,0.24670956716813167,0.2638978542043216,0.8168949229281056,1.8634837268870965,0.6224477073458389,6.159310245332979,0.15902445483670188,0.5704536228691219
广西,西部,2006,0.44,0.3327282838275938,0.39508302119778954,0.31106741443276503,0.3413770252697425,0.2677479880939206,0.3113356525267315,0.3472440948628392,0.027153008582958924,10.307338601475879,0.48054739691711884,0.5461696659732271,0.2749790255310459,0.40697724828732706,0.47535217964754517,0.243131411771106,0.4485628280044855,1.529517275286689,0.45516686265017364,0.3794425118871828,0.4173046872686782,0.4007298232149983,0.9513132983543614,-0.0499118297290314,2.1357161060355643,0.10463352253532794,0.24449265984497098
广西,西部,2007,0.44,0.35548138987525146,0.40830961831708257,0.312301897013561,0.3727302854417723,0.2782579784929012,0.34195740799353347,0.40175963454559205,0.02643061108980036,10.5037557233886,0.491964643163052,0.5435411099076556,0.28500947210006683,0.4176839833650543,0.4617195657748142,0.30890000053257,0.5435185764914771,1.6350147566685762,0.4533455752076868,0.3561646068237423,0.40475509101571455,0.440235300491623,1.027401539465011,0.02703283745852266,2.417777513271525,0.08170517629106086,0.2721860782210191
广西,西部,2008,0.44,0.36571951981069417,0.39740792555335275,0.3539182334779601,0.39212919884544584,0.29363251832714704,0.3416407088657596,0.3972982532409739,0.027026441009649425,10.45738142047784,0.4979184345600091,0.5243878279919095,0.3259589465300132,0.456827615605566,0.5182157533286573,0.2954350865047533,0.4959744183362901,1.6784104155484656,0.4721306443515147,0.4106680945078882,0.4413993694297015,0.4310621965297228,0.9954522682310919,-0.0045581041602114954,2.574336518632407,0.10470412214314617,0.32495080081556693
广西,西部,2009,0.44,0.37908626489272357,0.43072418720892497,0.3801746175072357,0.3901276730135816,0.31795212592358935,0.30644752518341256,0.42537725833584694,0.02363387975690894,10.584912322905112,0.5087942847341473,0.5014450175560058,0.3401839139922509,0.45570693999046924,0.40271896582472383,0.3095621152560729,0.5171251856295949,1.719352221537927,0.46831716377304017,0.3676145847676695,0.4179658742703548,0.44294425645402236,1.0465653375359287,0.04551369529413302,2.647160956043353,0.11244990182648797,0.30263428275347215
广西,西部,2010,0.44,0.39723785143744034,0.4372914455335853,0.3846131594969817,0.3722722616318371,0.3347086409569846,0.4254192976861902,0.4191205476041968,0.024881125079499643,10.595178887972358,0.5410199586440643,0.5530370484559199,0.35799491210005535,0.4681277420791096,0.48043974514608345,0.26018256119739136,0.5081072656338079,1.7617081743259844,0.4146330156131348,0.396525243554278,0.4055791295837064,0.47440223933200953,1.0555539030361378,0.054065655724338774,2.670028815756934,0.10287498457070302,0.29300480613484675
广西,西部,2011,0.44,0.40152871230752996,0.46549858132265914,0.38529832122254937,0.41104096258765194,0.3228750072253355,0.3503137201915316,0.44892243944590143,0.026041548545404462,10.608912122503373,0.5320936008370583,0.5332779481870107,0.3513289857664258,0.4938923255481911,0.47219068926545027,0.34872645866230545,0.5239892812040063,1.8281069345865542,0.4371914145924054,0.3496667440099687,0.3934290793011871,0.47962384093474103,1.1034609702006837,0.0984515769914488,3.020775682474625,0.11484975242434105,0.2747630252885904
广西,西部,2012,0.44,0.4178676404176928,0.47785194514435725,0.3828504597292445,0.447830544096848,0.34694017271636984,0.3923143141690133,0.4357059959632064,0.024054601331386594,10.768048172267237,0.5516557680794211,0.5278517703297219,0.34762455466171566,0.5080014001138192,0.49334723438607564,0.3352473973706177,0.5532511582439561,1.8143040143508384,0.43047470418636263,0.3540172673242599,0.3922459857553113,0.49678575520736856,1.122212071985235,0.11530180170445815,2.866728576993035,0.11133715510954321,0.3351038793157301
广西,西部,2013,0.44,0.4427386981428688,0.501186942813166,0.4328509946848393,0.44655311278660725,0.33652840704555576,0.46115995424809053,0.4528040007452263,0.024973054564399987,10.947002579746602,0.5585430276767417,0.5349459354680293,0.4008342395566611,0.546741244831836,0.4321839849175816,0.32908827555845827,0.5887492813352377,1.8718739739958852,0.4185019740260193,0.378642071389803,0.39857202270791114,0.5113052422425374,1.1636063832993397,0.1515241334431644,3.0527566742175027,0.12101586844894371,0.3427504626045012
广西,西部,2014,0.44,0.46047331645347755,0.49897373541190826,0.44578431159736964,0.4699335869642546,0.35082394070586864,0.4829366647680784,0.49528997477313447,0.02365451076100804,10.899997685615137,0.5763208134410798,0.5337557205938004,0.39976178599813605,0.5575137990888684,0.4874902817641446,0.3481421308287866,0.577246417696191,1.9191706019119381,0.41078283074090743,0.35342162355851153,0.3821022271497095,0.5164571957914147,1.200173534987704,0.1824661588283299,3.4097190469855154,0.1072070727830947,0.3638484968633094
广西,西部,2015,0.44,0.47587033966423997,0.5371415800084529,0.411305542458938,0.4679393539076665,0.3894320796193952,0.5084260574106634,0.5292902837216387,0.02305670079809403,11.01616009077718,0.5829999972453358,0.5165000763241074,0.4325230004126343,0.5968244952514817,0.4818505804823292,0.28703445507042874,0.589354037595297,1.7949161875735553,0.41956840357644287,0.331952687461938,0.37576054551919047,0.5195962196265784,1.2318044885240051,0.20848015813817664,3.6427775056222536,0.10111455580000712,0.3378090736382552
广西,西部,2016,0.44,0.5021265372707122,0.5456164480682271,0.46505688129044837,0.5394978164336305,0.38656928632227777,0.5254450308186631,0.5283129823920946,0.02587455886322617,11.096624357728691,0.5911101636840606,0.5070204780976051,0.45804213156943896,0.585359016413787,0.5204897983410757,0.3489791265447283,0.553693176456125,1.9356773951745476,0.3994693168946696,0.30762887230515823,0.3535490945999139,0.5548154268416859,1.2900980331980048,0.25471821021326324,3.939081068223636,0.13601681447687403,0.4138249774859595
广西,西部,2017,0.44,0.5105980201360558,0.5553929737505626,0.47337256052114296,0.5279841377407334,0.37226522178361615,0.5670816683054689,0.5473055893551936,0.020932646208313456,11.161564224247591,0.6069763940453086,0.5252270485331567,0.441558579954733,0.6359836610355012,0.5008352971433235,0.31003517976470213,0.5792778994706685,1.9706404315417374,0.3837552809729427,0.3437470126049932,0.3637511467889679,0.574088298076751,1.293065010518916,0.25701537734938373,3.6586304437211705,0.10676486337113361,0.38966838892167455
广西,西部,2018,0.44,0.5439935856010302,0.5933634892254304,0.5216581618402031,0.550068845258128,0.4260124856797672,0.5493256428245723,0.6024628803959418,0.02057312404633014,11.266184821735374,0.6037507598109656,0.5215179412358839,0.4846343093244716,0.6204196523832789,0.48294840791990185,0.33856383723966693,0.6137040151855062,1.9656491675499057,0.4062661995351605,0.3203072319709041,0.3632867157530323,0.6016977814179743,1.3980801148346946,0.33509994891835815,3.965421902441953,0.1465984385499235,0.400706490320007
广西,西部,2019,0.44,0.5716503642176914,0.6326860217429534,0.5277753107797137,0.5479354773812696,0.42427310401460355,0.5900218641999697,0.6905580253872254,0.02261326822448671,11.24147270274278,0.6255245713341582,0.47408548977419135,0.515830326997092,0.6388251402682227,0.4884687183328039,0.3512467240237213,0.6064967927126923,1.9589475544056274,0.34495517886023114,0.3133894287001327,0.3291723037801819,0.5968115197432777,1.5215103750333363,0.4197035092822387,4.059155380925251,0.11974809434918175,0.40652144294411907
广西,西部,2020,0.44,0.5975232927960319,0.645305219494718,0.5827591348234293,0.6106370627323136,0.4441248223575111,0.6237336758175278,0.6527560455624923,0.01876585086911506,11.35789460271336,0.6273900242343332,0.48622054387637365,0.48461672430219,0.6903296692390569,0.43445727194119144,0.33747496217075645,0.6355112385252675,2.0032540671764423,0.3360530168728335,0.2733230102729097,0.3046880135728716,0.6248581270489107,1.4588103608432847,0.3776212822326815,4.216175500834685,0.1260934500255209,0.4232318102752807
广西,西部,2021,0.44,0.6075534036319645,0.6647010716959587,0.5697787777640758,0.5640503043317162,0.484134809228438,0.6821292773351343,0.6695045974885254,0.01908845125031925,11.443276726849376,0.6579445491044674,0.5232617416854004,0.5292547606640732,0.7054467067546457,0.4761297100107138,0.3601920755733308,0.6402003524658947,2.0037007132344185,0.33718181500380423,0.3061149988164459,0.3216484069101251,0.6411158191792161,1.5154496061011848,0.41571216463766675,4.4347139407097504,0.138871379662296,0.4809618393902721
广西,西部,2022,0.44,0.6717711868144048,0.7304492105186746,0.6291080285135173,0.6883426817943825,0.543872462991719,0.684990116198194,0.7309970307111875,0.01683495516566115,11.519297698105623,0.680564233519699,0.49925888239926697,0.5357899990478859,0.663290892239615,0.482472016640463,0.29392779352441817,0.6637566809493688,2.114981801094802,0.28155322284611345,0.2937350949201075,0.28764415888311046,0.7125822041796298,1.6491037168464133,0.5002319384136173,4.407919999486841,0.1389259193364004,0.4900708836663216
广西,西部,2023,0.44,0.7269237417119769,0.772421855826533,0.6677161496012688,0.7262286853736212,0.5986100044386462,0.7849121910185118,0.799913806513353,0.015791337331445676,11.6127471024493,0.6940917916190751,0.4980636965813212,0.5418467612202869,0.711544311287053,0.4874433305860074,0.3532506659937317,0.6603943679642216,2.147049818686351,0.30196700924264036,0.26395971714815347,0.28296336319539694,0.7235234326328533,1.6967743257713173,0.5287289931845764,4.540169193229908,0.1431359407211129,0.538666229145485
海南,东部,2006,0.55,0.2768966439988875,0.3231215895731701,0.24881907541989606,0.2812177158367728,0.24850770412636128,0.2213779937356349,0.3257861734667819,0.027088955650615337,10.531720112736263,0.5505870793283343,0.5194752838986997,0.308212017172104,0.4150249283492638,0.45542128706088136,0.3739598641160026,0.553794116893878,1.7992411243526578,0.5933216471100895,0.4928352700014635,0.5430784585557765,0.4527601312879033,1.0791603019304625,0.07618324051510018,2.460915588805618,0.07049103323694832,0.2569729297546803
海南,东部,2007,0.55,0.29629419119391015,0.3424633531989002,0.29247970477956886,0.30310437065985507,0.2508008162625322,0.24747525942636636,0.3224198918954956,0.028477359536006892,10.546197725469348,0.5562274224521289,0.5452107184578155,0.27212086182663736,0.46485331062156915,0.5348283159277051,0.3593352396083598,0.5600513291367085,1.8549216543360103,0.567980621978438,0.503162332765762,0.5355714773721001,0.47793900666016537,1.0665000924388934,0.06438234560427002,2.6980104556675966,0.08920157257526398,0.2544157966815859
海南,东部,2008,0.55,0.3071295376586571,0.34852222480685974,0.25894681544781656,0.32185555185878384,0.24645326027231956,0.3022218183952345,0.3536262492312477,0.02809148638283425,10.664426134350888,0.5414455581784798,0.505583883523875,0.3479989419876421,0.47609235893132623,0.503675643000985,0.3833672501065154,0.5570046787805806,1.8297436284206083,0.5800757198552796,0.49926051866143706,0.5396681192583583,0.4890880203093034,1.1194307246730408,0.11282027454622419,2.6627062847780345,0.07139529250726409,0.263696167053173
海南,东部,2009,0.55,0.3200920254114353,0.3946478535075163,0.2755840831783934,0.36068710561530193,0.2515864550906502,0.26796866752628207,0.3414415792362235,0.030013981956861047,10.800223507464903,0.5788337204925847,0.5316219546245685,0.34460720996118116,0.5134774451292652,0.5177169668808241,0.37959213949523296,0.5631509081732582,1.781756742177333,0.5828471924799782,0.47059946920913337,0.5267233308445558,0.4957242089735824,1.152676838538527,0.14208692319707739,2.735923797006582,0.0733926971863446,0.27624086079760135
海南,东部,2010,0.55,0.3385621494396826,0.3908190128460524,0.30578426519472696,0.32595555769947493,0.2756883378252888,0.3407607829926897,0.3798312933671462,0.028897158610309736,10.835599913119557,0.586463016463732,0.4997290034036502,0.38891136555063427,0.6070569372825273,0.5030562078530436,0.37166725283274965,0.5991443144886881,1.9354371731455273,0.5860267149826988,0.46605715510145423,0.5260419350420765,0.5273975581801652,1.1627662658139803,0.15080187811386417,3.1284519983598096,0.12633392071954824,0.2660138661882124
海南,东部,2011,0.55,0.3401679492656052,0.39701669052205085,0.32906767419988464,0.3562826814883979,0.28307214450550905,0.2832167076712048,0.36859293837234786,0.02743951756651793,10.777480553555474,0.5898365483011988,0.5187057172083667,0.4005590411143289,0.5425381592349605,0.4860776512962085,0.39650354604973953,0.5717115394938592,1.87509166486199,0.5609031712056941,0.4742122903127779,0.5175577307592361,0.5251321594529611,1.1977854949456603,0.18047443102841645,3.1009857619808034,0.0972438190053476,0.27792105844029896
海南,东部,2012,0.55,0.3593175709689686,0.43128584834938466,0.3416311118278482,0.40153215003610476,0.26347532285516595,0.32956723855038933,0.35312922120865675,0.021805520020083905,11.050570549079527,0.5894386984629784,0.5279699215786109,0.40394219128652314,0.5775939406249861,0.45415817818457677,0.3916562309410021,0.6051410362479864,2.0130221496843292,0.534093682973714,0.49853549213544635,0.5163145875545802,0.5446713643936153,1.2515085882318762,0.22434969421682616,3.2746556180079693,0.08946137825032624,0.29305509869364926
海南,东部,2013,0.55,0.35577957706558694,0.44657669347133055,0.3279876705144315,0.3594584171133682,0.24338317742877186,0.34102824065244214,0.38330707773615047,0.027782217793584137,11.03561345993816,0.6321035356470116,0.529805895731058,0.43621278986691936,0.6123806474561219,0.5086459600632218,0.33195046983358883,0.6011757840251755,2.025521482625148,0.5609235036423954,0.4870465259803902,0.5239850148113928,0.5484083106852482,1.298699822449278,0.2613636274197056,3.3483984434372087,0.09377532274231545,0.2974517550874302
海南,东部,2014,0.55,0.38826340394155784,0.4290311739343052,0.35801378488454805,0.39880295793774506,0.30289261147958757,0.3943644053061179,0.4311368602908273,0.025247184091530116,11.149049284827075,0.6262485629664272,0.5001352394850681,0.4206779471561014,0.6026807123733933,0.5260994044059264,0.3886103347052228,0.6318095287654191,2.0089256802376005,0.5497808946719109,0.4743370455283419,0.5120589701001264,0.5692647204367443,1.346712645909611,0.29766654572427637,3.522711075962171,0.07985528295686295,0.3112699100169312
海南,东部,2015,0.55,0.41344505878601456,0.46633334169177615,0.4069873719900697,0.42944342273726077,0.3267135317856377,0.4163000374637305,0.40957298218127347,0.02480747728113139,11.208797804035752,0.6245439715935297,0.4839663230313513,0.4401096921729399,0.6304288798830868,0.5142173171292821,0.3565765753197559,0.6190504276177726,2.079753676924047,0.5360393458049787,0.44629455850307204,0.4911669521540254,0.6037903252643092,1.3442818871514293,0.29585995757299194,3.610098644835291,0.11117183715876724,0.3265595420898801
海南,东部,2016,0.55,0.4207547493993895,0.4792041574297952,0.3510687106467732,0.4152154567748718,0.3431804281688562,0.4592963239063218,0.4669537283196413,0.027798894256294043,11.24362721448319,0.6490867881800486,0.47611401573567824,0.46578494882656846,0.6806109325530532,0.48383359837272105,0.420464904775623,0.6256654153836486,2.1335073396672666,0.5426081967527815,0.4467335234267325,0.494670860089757,0.5936560538135646,1.3972233850854046,0.33448697091712115,3.905390369462204,0.1058498313322451,0.3020329533605834
海南,东部,2017,0.55,0.43199012733072684,0.49467237649018153,0.4135682508830035,0.4418457429708867,0.3502388765301839,0.39083768806394875,0.4761469147678157,0.02296761168535348,11.317141243249496,0.6354818360122378,0.532013116709402,0.46338449038601814,0.6369440579965111,0.5218999122007177,0.42151380943322425,0.6571494745503338,2.0331631810255497,0.5520701561539195,0.49002701325593556,0.5210485847049275,0.6169291147207716,1.4536516129520936,0.3740787444535703,3.621522926204136,0.10433251957447091,0.32149932822617117
海南,东部,2018,0.55,0.47767985215491615,0.5153034274443415,0.4816537366137766,0.4657851495672512,0.36998122289411833,0.4962703866479462,0.5189482530072957,0.021343883051705512,11.44074412759285,0.6618061971299236,0.4637393097603748,0.5017145691051605,0.7209866336466166,0.5100262255044742,0.41694731947158137,0.6473147369403285,2.1386804865489717,0.5078726748717225,0.44689419126290636,0.47738343306731446,0.6276781758709654,1.528702812149747,0.4244195405925628,4.148992768589998,0.09707212808337724,0.3358821913435965
海南,东部,2019,0.55,0.48603320911624137,0.539659300292361,0.4559517385477181,0.4643685685956031,0.3842937049375223,0.5192554524835061,0.5383617147212819,0.026782035329529507,11.569899023004849,0.6882012115066422,0.48190145352037245,0.5113916095843172,0.7131230713689183,0.5452959198032897,0.4538545282949431,0.6701665819699807,2.185183987157322,0.4703461796221896,0.44403513189942695,0.4571906557608083,0.6624880757220452,1.6312209957311432,0.4893288115360919,4.078589531719077,0.09328287417338806,0.3673176978128487
海南,东部,2020,0.55,0.5082025147949206,0.5663744752126422,0.46509478012028277,0.5182417559529775,0.3688879330285304,0.550174078094599,0.5583774728068087,0.02417548674256929,11.540633889208339,0.70570282684926,0.4819807423043012,0.535437179641339,0.7363678678395199,0.5126069200040532,0.41410666474199026,0.6850826163084357,2.2103585976941167,0.48370236591424887,0.4645123556141551,0.474107360764202,0.6818119377739527,1.5766077537942313,0.4552755476794216,4.40324042244962,0.121094694522228,0.38376435840724715
海南,东部,2021,0.55,0.5251433620748881,0.5749852620389689,0.4525752807166638,0.5592775047811716,0.42451082818494773,0.519660334899871,0.6042149473107373,0.02297538810460916,11.689167818962495,0.711668516647733,0.4687784863630657,0.5433775886102346,0.7760680846502135,0.48362193072615334,0.45681459129621227,0.6761889591193906,2.269666315048238,0.4705251358785965,0.41146187022957487,0.4409935030540857,0.6851258085475505,1.7070088675652633,0.5347426386232178,4.611897174745819,0.10986744127651096,0.3876337561776632
海南,东部,2022,0.55,0.5681724383656068,0.6031984333725832,0.535090177661798,0.5900473887622247,0.43153706455082935,0.6016112377251696,0.6290074335924971,0.021024594683866724,11.805433612416719,0.7011570980039811,0.44962980655343104,0.561741831194335,0.7861915398579212,0.5322906510282706,0.4201763859681373,0.6761850212752597,2.276388247753602,0.4663702797988789,0.376028919840354,0.42119959981961647,0.6993403413044617,1.7847491192107052,0.5792778558918115,4.767323755673191,0.13823331101516204,0.41818874415224805
海南,东部,2023,0.55,0.5987283025757028,0.6799289149092016,0.5729753627645718,0.595043812869072,0.4154367143430644,0.6398815763711877,0.655704610107329,0.01962108284281054,11.831795297100255,0.7228228554542703,0.47317231466872933,0.5660785819450765,0.8207592332040334,0.5198007203488108,0.4203689395288385,0.6926650528678826,2.2490978706712097,0.4245950838466859,0.3995708610827595,0.4120829724647227,0.7347869197013261,1.7718438952936792,0.5720207530955513,4.784570859947167,0.13005878556770203,0.44613264982877116
重庆,西部,2006,0.6,0.38052455127844664,0.43134666991569526,0.3698172632532684,0.37550986825704613,0.3415003092363079,0.3674046524324497,0.38117061643666955,0.025719634295157605,10.575978269387267,0.5533426946844346,0.5597856896853344,0.31631320684806596,0.4492691588107718,0.5558226298419617,0.3441601681543042,0.5458611191652009,1.8740709249134109,0.454638777298493,0.38806739938147483,0.4213530883399839,0.4489607257839104,0.9635237981762844,-0.037158091716833604,2.9528512527526747,0.11903511841293672,0.2705833524012032
重庆,西部,2007,0.6,0.3866943444995368,0.43505964839790484,0.3532285998198475,0.43013136456613305,0.33271740976224135,0.3544213676844604,0.3928931914073099,0.026379560377556472,10.721430455979101,0.5645239217918122,0.5413747190133128,0.32630099414459446,0.5238086747612906,0.500947129650449,0.37093801809280197,0.5797099068681474,1.8904810289276757,0.4277955197810629,0.371185249724847,0.39949038475295495,0.43301287728113386,0.9644044143742376,-0.03624455535851526,2.921556293307678,0.10838166736043953,0.3068775959027414
重庆,西部,2008,0.6,0.41282846906516146,0.45631531442356915,0.3836326598918416,0.43127438829732195,0.33165647648800944,0.4003097813314771,0.4560250906557022,0.025061453698388577,10.793599027936725,0.5710615531498522,0.49939177934803664,0.35055401353867394,0.49728858426325906,0.47439259232934844,0.36651086224950424,0.5870861935573295,1.8463263145578066,0.419346099997373,0.3359217147771337,0.37763390738725333,0.46449171994678967,1.005986864977448,0.005969014909850924,3.1287927521043946,0.10681974985459051,0.3263776326846823
重庆,西部,2009,0.6,0.40591996297778543,0.4642754304114986,0.39244560468457607,0.39774568643325875,0.31349390571048824,0.38734550712983057,0.45892981083554996,0.028813293754373036,10.939837790246258,0.5888687551798827,0.5179479637821962,0.3624317827940933,0.554855310338876,0.49218443996680794,0.3977241752861777,0.5933211696571051,1.9626707830931331,0.39988476549238305,0.3603218361022444,0.3801033007973137,0.44167407531737307,1.0572398465776085,0.055661593708936585,2.9550576718918844,0.09497960833317018,0.30443895088967876
重庆,西部,2010,0.6,0.4306747546358334,0.4873607918513668,0.3728626251922252,0.45058357441829106,0.34204362914845515,0.4386145076584532,0.4753599740407691,0.022595719395378175,10.835320708065398,0.589066493258559,0.5247037607577046,0.4062170637833588,0.5422335139049435,0.5340605459326841,0.3623843340614323,0.62447053999924,1.9186639403997596,0.43784673148958364,0.3084732325596537,0.37315998202461864,0.47402181814498484,1.0908145794659185,0.0869247377469843,3.406844182517707,0.09379866791313399,0.3370766275631656
重庆,西部,2011,0.6,0.45299955331947117,0.49806766945033565,0.4049584535763873,0.4862748530923332,0.39219104804931954,0.43072351999279657,0.4896583300214008,0.022805817656544186,10.924115570642428,0.6096120357389376,0.4993139064625524,0.4058421471258093,0.5656384912527671,0.46392592519469794,0.3814028871244804,0.5868008571532594,2.067983653141285,0.42203253487629805,0.31807380141572883,0.3700531681460134,0.4859929124336374,1.145580532907883,0.1359115241572746,3.6864023370518746,0.10702646646016939,0.3364596878714664
重庆,西部,2012,0.6,0.4650401859116888,0.5050685227582192,0.4559647305253106,0.44675971612382487,0.39491428344212154,0.4792564506863718,0.49573075785565207,0.02344813017898808,11.049107646118921,0.6064186846632648,0.5109089598980077,0.39875658858697244,0.602824334326401,0.5639921713703838,0.41122941031300403,0.6242401991852469,2.07122196914435,0.40604911472793903,0.32994699096778485,0.3679980528478619,0.5085268006198964,1.104188682000393,0.0991108408609136,3.6092173078568055,0.11406500436216631,0.33997653673191425
重庆,西部,2013,0.6,0.5097610457294895,0.5667297221995226,0.46883956818312444,0.5220164036152696,0.4028892676224813,0.5125818259473969,0.5651283667107815,0.022941133166271735,11.229171452966023,0.6361203105786268,0.5473189509165259,0.4394962360582734,0.6218641281308075,0.45548030572728543,0.35894662424400403,0.6386554213466467,2.0162051790232467,0.3718606203714038,0.32067663801756313,0.3462686291944835,0.5445510320990471,1.205659939786884,0.18702708490023487,3.728526288425439,0.1147729246161493,0.40059302374195843
重庆,西部,2014,0.6,0.5246534692286168,0.5779266475772759,0.47970033437138354,0.5732200073037573,0.4500954509686015,0.49262644921040527,0.5509009846298085,0.022789662199058664,11.256232117368388,0.6434741080813359,0.4855737086291675,0.4575127741539063,0.6375150063805923,0.5237311998984754,0.4273083677933576,0.6796177487079431,2.1059177963595554,0.3352478936474676,0.302705592347601,0.3189767429975343,0.5738868317608763,1.2301412597109,0.20712900808352497,3.993474935112254,0.11561759011710149,0.3581480687329736
重庆,西部,2015,0.6,0.5361477328362141,0.5838167489681246,0.5339782764880384,0.5052368984649551,0.4223678551427177,0.5531924068585603,0.6014352720152385,0.0228646012774065,11.311600037849093,0.6640675266681029,0.4826175283262176,0.45757496831596056,0.6784462191035365,0.4657634025148497,0.41047762891736944,0.6559794952733833,2.17674216826034,0.3442149569547464,0.32998488854144375,0.3370999227480951,0.5473228429855954,1.287124002200763,0.25241027377898784,4.0805483656636685,0.09861506425461218,0.39225856993752595
重庆,西部,2016,0.6,0.5714095780451091,0.630662641837227,0.5457279933340557,0.5662717447619072,0.46472797487444867,0.608861417480105,0.591506451439678,0.02286434805120199,11.377783529749458,0.6678459677132061,0.4928499466444957,0.4447498875519753,0.6781516250410171,0.4734873563927381,0.39890543375074644,0.6441106805609194,2.058103650667408,0.2952811207902872,0.2907017680668543,0.2929914444285707,0.5798965324033255,1.3193865561009575,0.27716689835117214,4.2670383840552795,0.11773094145938812,0.4606411128081928
重庆,西部,2017,0.6,0.5846773611613093,0.6445472396354027,0.5057555506803185,0.6195863492420343,0.4487055662934908,0.613828253053829,0.6554223600602811,0.021751941125872518,11.509415526967874,0.6707536767922283,0.4895733755380182,0.48913048044528634,0.6651816247000413,0.4413373029674618,0.38631522946429375,0.6845058166074818,2.264691418513546,0.3249672537280347,0.32817278853991,0.3265700211339724,0.6125712889629229,1.370474380159781,0.31515694279522516,4.351306889913808,0.09870877613798035,0.4253611414168071
重庆,西部,2018,0.6,0.6228031765825685,0.6956654783193607,0.5745482223283903,0.6324835451387076,0.4972206095222454,0.6490914229697234,0.6628650933069723,0.02039963605861314,11.479650325369766,0.6737305949736137,0.4883780722935349,0.5122527312728814,0.7067887770679782,0.5211138276378113,0.38729676864580864,0.666399109179043,2.1817936259257005,0.3298245953942518,0.2946400275686132,0.3122323114814325,0.6475727566288413,1.4451644499637697,0.36822312129226165,4.561099695924916,0.12268329615885876,0.4620880554154652
重庆,西部,2019,0.6,0.6299010622482575,0.6904508921428069,0.5424700920417695,0.6508847238231507,0.5001085164440487,0.6840243508126598,0.6959211469329645,0.016291469052913163,11.603124467138807,0.7007363853726597,0.49583787132580065,0.5482825371523165,0.754162221814549,0.49019288946732215,0.4147961017552504,0.6733535293053352,2.227046361870069,0.31968453632637067,0.293563870732298,0.30662420352933434,0.6243497505532286,1.4236611397571715,0.35323182101826955,4.5328833368707055,0.14646172738617103,0.4821864550763424
重庆,西部,2020,0.6,0.6553860471192203,0.7252318911928622,0.615264607800591,0.6297821077857839,0.5062249832103416,0.7107910326502207,0.7249407168541301,0.016489186494649997,11.657093707486242,0.7014964365037825,0.47858406094286815,0.5500014998122861,0.7480449474691553,0.5283753816924778,0.39648985352215627,0.7329878231322257,2.3426092089802686,0.3164095049663326,0.29787856163482457,0.3071440333005786,0.6480739554669322,1.5089917671079718,0.4114417239113003,4.730538116713358,0.13466892947062115,0.4598732611586981
重庆,西部,2021,0.6,0.6952486911766442,0.7549854989053921,0.6378440847159755,0.7266630288434294,0.5046142909542046,0.7579946607216305,0.7619674074202649,0.01655145669206853,11.765937955829997,0.7126180096289246,0.45991934979610977,0.5686686389870161,0.763878768281485,0.5061392389098864,0.5368213223251429,0.7130866050800401,2.311595550061318,0.28358148193111127,0.209175731035534,0.24637860648332263,0.6876005720049625,1.5751910468401413,0.4543765645024392,5.047067509081842,0.12276846406977673,0.49555943583269507
重庆,西部,2022,0.6,0.7429379652031535,0.7753246901742494,0.708568820985238,0.7484657924777922,0.6061517092985774,0.8162500185687435,0.7887203643856384,0.0159681158911065,11.762087015865792,0.7125748392686363,0.4691789986594947,0.5723976709668024,0.8040715021214714,0.45303479525360685,0.4179184422801762,0.7020992599810875,2.279821662697721,0.25627865508260705,0.19879493740125137,0.2275367962419292,0.7364979870375539,1.6430674341432037,0.4965648815136713,5.208235586119753,0.15084130856094632,0.5144783173614093
重庆,西部,2023,0.6,0.7933634361983328,0.8279773971382475,0.7557927893064452,0.7944495069946012,0.6495194987515495,0.830803304717123,0.8878074526913976,0.0168736280243457,11.880135421005125,0.7532857577537155,0.4349371953950496,0.6033991266563944,0.8443436608779554,0.4859967070265294,0.4756312188240775,0.7143084470878464,2.4219110657244003,0.25043500157034976,0.21593801654758465,0.2331865090589672,0.7524071225578876,1.7319793296784516,0.5492648757032382,5.395074126818596,0.13586717444408478,0.5660132142743278
四川,西部,2006,0.5,0.31752555530321447,0.3672213635074398,0.3100409405312122,0.30343429287205953,0.269624599709882,0.2781159269781631,0.3612727172201974,0.026759685063659524,10.434831732251878,0.5173688656151063,0.5098286824985917,0.2657953756441875,0.4146503792081302,0.5590159764098859,0.32257112371749214,0.5429175482138674,1.676261052794157,0.5277344437915485,0.5030376315484821,0.5153860376700153,0.48835219976379957,1.0529006427394858,0.051548872327237844,2.4488855080387424,0.1047558293979059,0.23688993425602736
四川,西部,2007,0.5,0.3399562865730641,0.401177447652803,0.3106277292991633,0.33231687737171234,0.3245764344201127,0.29484753499244476,0.36215291182708886,0.030406621473032212,10.584226453362385,0.528497579263766,0.541858058737743,0.30872743183276197,0.43920922563062526,0.5068123072340619,0.2941326401433401,0.5036232492935572,1.7327640094764436,0.524050895192105,0.46315276147238404,0.49360182833224453,0.490598761233468,1.0792085892887542,0.07622798482039123,2.527032369987566,0.09128693892903073,0.27855031293026455
四川,西部,2008,0.5,0.35821367007657,0.3974003004770296,0.3310910966785351,0.3655146081271028,0.25445317707132925,0.3577335421479281,0.42707404669315946,0.02570535989604007,10.548971742042692,0.5254262040055903,0.5463216594154918,0.3277788826295619,0.48239405420038123,0.4550972923174192,0.3956480700565534,0.5303625694536378,1.6402917688115422,0.5072225237051503,0.44227587731461365,0.474749200509882,0.475744825955164,1.0678678783520057,0.06566402347712874,2.7900316297615557,0.11141799551895003,0.2696133846100048
四川,西部,2009,0.5,0.3729976274729676,0.43281172703922993,0.33765283393054524,0.37817549451734456,0.3039707129666443,0.34881702132815323,0.41805153286632185,0.02615734782785141,10.73008964663606,0.5523033884369529,0.5457478367829033,0.3288638564528415,0.4832895338498552,0.5693032123555996,0.31237834585230334,0.577041404371789,1.7951918701030598,0.5245155843149159,0.4688446575739697,0.4966801209444428,0.5156349055092432,1.1253506366827521,0.11809466414651655,2.7673766194509417,0.09957336301350754,0.3146976131360643
四川,西部,2010,0.5,0.40398763910962115,0.4497282973385366,0.376688074861341,0.41556487416884885,0.3262994225110186,0.38144742753804123,0.45691610356153917,0.02581490002980615,10.89057409427778,0.5505307323476443,0.5241046891008591,0.3563765991634841,0.5207259213849574,0.4936978869404813,0.33962329553371257,0.575809175827594,1.7905847594080069,0.5132994886063186,0.4519624619434131,0.48263097527486587,0.5309932357070387,1.1779028697046254,0.16373562826847468,2.9008112747905637,0.1062569907021616,0.32755765158727695
四川,西部,2011,0.5,0.41362460087140396,0.46353413389212056,0.3859033613599254,0.4330684609806476,0.33486775733420243,0.384291111407248,0.4598512888920082,0.027434308411612048,10.821879791403273,0.564655691398863,0.5519539252209034,0.3704696447739227,0.5270966595976112,0.4739699847838748,0.31063812836789984,0.5451742378727078,1.790134733851716,0.5194668182717038,0.4308224809622047,0.47514464961695424,0.5440963546369179,1.17506136378787,0.1613203707327854,3.1833697618643404,0.10837992261217168,0.33300268874836814
四川,西部,2012,0.5,0.43615361247967627,0.4798737958011868,0.4302461249279419,0.46647000050065646,0.36356381603122784,0.4103701118937769,0.4421033314256854,0.02549953878817991,10.888858761679893,0.5681477788627592,0.5747731200179771,0.3841579290397111,0.5381793221718467,0.4587532676496695,0.3284773542456756,0.585915614600164,1.878929646805873,0.4802173257129221,0.4678766046508982,0.47404696518191014,0.5485000060097159,1.2956495611797345,0.2590121610410448,3.4569155398847236,0.0855274791036153,0.31025185965056606
四川,西部,2013,0.5,0.43970134009841283,0.5070763397086582,0.4245905802928852,0.43380869166228103,0.3412639438075281,0.4248865287341651,0.4817618117438171,0.023262951771138407,11.010463667886357,0.6038280268215576,0.5096479734633389,0.4059770211053432,0.5542388671164766,0.580765002622478,0.3169998913821469,0.588490812121884,1.9277290472584148,0.4801046974179093,0.41097744643518785,0.44554107192654857,0.5862378817947429,1.2974648053507694,0.26041221071951265,3.269842799409709,0.10331103296420997,0.28481378834066606
四川,西部,2014,0.5,0.4798410856057374,0.5423264240604342,0.45555359436123083,0.4639593709719576,0.38750523329001063,0.4960440545232891,0.5147075079638785,0.023572130672614405,11.00792681254533,0.5989161161217801,0.4980160118077887,0.4216464130042876,0.5687823849694458,0.43933029024519515,0.3370393332956298,0.5874092501806462,1.961904036155312,0.4734836898169772,0.4422852029407087,0.45788444637884296,0.586065677728813,1.3282589857472582,0.2838690514284289,3.5810623379161597,0.11701548005985192,0.3347037039449932
四川,西部,2015,0.5,0.500875938034892,0.5681087384632848,0.4602043806732315,0.5238356357497499,0.3922049383632457,0.5102405709075641,0.5245480691940629,0.023193347029630326,11.047948386385197,0.6049687251875293,0.5011388710889771,0.46725695060333494,0.6039312966791653,0.4996218744975216,0.38556092868330577,0.5971158707475234,1.9657172161105163,0.4276546866676485,0.4006119904797543,0.4141333385737014,0.6275358015842847,1.4684110180924612,0.38418087608042534,3.7670923760217203,0.1190226010853627,0.3794979679888465
四川,西部,2016,0.5,0.5101501153130926,0.5879395408235202,0.4646024282079005,0.5293716572175526,0.3822583803174051,0.5057827810448275,0.5617552091376413,0.02264184696634601,11.200358540697158,0.6298888190199898,0.5019717868761134,0.45901361984976424,0.6155231766091197,0.5125154052167622,0.36019777269277703,0.6167263506375992,2.0503763168741798,0.4609196851038177,0.42677803910029705,0.4438488621020574,0.6130690980993576,1.4235387037172795,0.35314581648982174,3.9449212012322543,0.10630256802900169,0.4013649514255859
四川,西部,2017,0.5,0.5617737325660968,0.6250952249774635,0.5711708684787357,0.5247019254193773,0.46300494945125864,0.5676425688354295,0.5968700428030201,0.021189087584698424,11.250694604534042,0.628139380710674,0.48270189253273116,0.46179657691877585,0.6588506839598653,0.4968562551320967,0.3388121882725897,0.6275501245148106,2.050914394682163,0.4107748621157946,0.38698472405135637,0.39887979308357546,0.6636952602737153,1.5427451607018983,0.4335634014141831,3.9956522692561465,0.12058869994797042,0.4234247797579396
四川,西部,2018,0.5,0.576106008211668,0.606341125010217,0.5489060599076238,0.5703808959659444,0.4483204996186054,0.6338366287980561,0.6368384459071286,0.02089510475324324,11.361190449558116,0.6299484278714119,0.48544041634269824,0.48769515571561306,0.6634172112027198,0.4959173735944795,0.4111235408486475,0.6642972803532341,2.0321654128906395,0.4266502858818215,0.3841112506793472,0.40538076828058434,0.6817919015886789,1.5486023558455586,0.4373528182437437,4.123678231969797,0.11520536343079463,0.36356283328849454
四川,西部,2019,0.5,0.5978932577120186,0.6610667356469675,0.5649997635406316,0.5720486052798648,0.523127578308548,0.599690425306271,0.6521318629053229,0.02010428796191834,11.41849507842911,0.6575647758379707,0.4924791339979733,0.49386709088549235,0.6988328295416276,0.4817811749744092,0.3653876025999688,0.6393578482344107,2.12125563094487,0.44935395599500555,0.34820649689804084,0.3987802264465232,0.6929605391041553,1.5544749126697366,0.4411378118658501,4.324182558191984,0.11693763143240031,0.4315911110073798
四川,西部,2020,0.5,0.6240118049984446,0.6819027599888675,0.593316328399612,0.6163748925238366,0.46096619791742693,0.697748934353792,0.6712615024862785,0.020414619067766766,11.537147084805836,0.6759116548810539,0.46266418107351653,0.5066189965543018,0.7176447208602528,0.5059361878050027,0.3396493421938651,0.6266840461724775,2.1834110995588576,0.42085561585911124,0.3663435957643004,0.39359960581170583,0.7171689583201816,1.589506381166522,0.46342351593538483,4.4705685621831535,0.13516703526392207,0.485609674748104
四川,西部,2021,0.5,0.6577587299894516,0.7170540535971469,0.6014026998652527,0.6371387485868686,0.4787825235853448,0.7541057103635295,0.741766991281085,0.016193604715814998,11.54733452361294,0.6846632259248332,0.48577485051884317,0.5113623804930667,0.7114202887281118,0.4593047500500559,0.33005021924356315,0.6672705416618875,2.2231486647078245,0.3920274794342881,0.31992004037466043,0.3559737599044743,0.7313984510996812,1.72534331129571,0.5454260517222543,4.502224620910689,0.1346024742262511,0.45753436216108195
四川,西部,2022,0.5,0.6968533418781062,0.7576786971855943,0.6720495051265142,0.6784072643603773,0.5160787333476762,0.7577422741226375,0.7754868009751772,0.017088366314855715,11.675013980615358,0.6889327358398101,0.47365121615169925,0.5320043468063258,0.7369182611189606,0.5229585398372547,0.33416103626171,0.6468587783437326,2.1591072331828705,0.3859636326928786,0.3614751741609472,0.3737194034269129,0.7755059210676876,1.7723943210056883,0.5723313562112803,4.864979275033571,0.1323694764601413,0.5105375112991589
四川,西部,2023,0.5,0.7693569864304463,0.8094260286321339,0.7531218263707774,0.7659464591786163,0.5938374995044048,0.8339938162835642,0.8386877795465159,0.014316371566553758,11.650262996786415,0.6985493201263593,0.4796691439438981,0.5889825646008804,0.8117326509347528,0.5364794766667258,0.4274752221575988,0.6731286477868894,2.3523475417803206,0.3315777516758023,0.30598750623353155,0.3187826289546669,0.8313475473662908,1.8558872747679656,0.6183628969419241,5.0480931168864585,0.14530546755939713,0.5276428731377975
贵州,西部,2006,0.38,0.34174752717605006,0.3802658364299828,0.3139585722790314,0.34742322114983176,0.32619375998132283,0.30743612542537574,0.36575394574444364,0.0256531182777564,10.283873982971931,0.46719110963830646,0.567877671257765,0.2562611090961578,0.3600991165666455,0.5064621226694221,0.20857263041835916,0.5131667046537728,1.4586342065754658,0.5412987415380629,0.49550866745177974,0.5184037044949213,0.4951739588019305,1.077776008494827,0.07489966656903241,1.9999519133811414,0.09235619940617527,0.27226795405035853
贵州,西部,2007,0.38,0.3528635368532636,0.40319332412084613,0.3411214480448906,0.36880623947753305,0.2847728722658067,0.301898483133819,0.395232757918482,0.024890618201136715,10.248352287853498,0.4720568708794284,0.5454515466395656,0.25772159529127475,0.3548245320775705,0.4467240884859184,0.2806860247632675,0.4830204287975281,1.5134739697641222,0.5587852091920054,0.49533940334718757,0.5270623062695965,0.49099141196744617,1.1188718921098237,0.11232093851307265,2.279808804343837,0.09403303388556244,0.26052892322385673
贵州,西部,2008,0.38,0.36703051788653607,0.4032711504603524,0.3686523769584409,0.38819427962622305,0.2963638658035019,0.32599587742350694,0.39835711188806533,0.02590781810255761,10.400805837071433,0.4774001937227751,0.5412728542331644,0.28223064338082743,0.3867010711610541,0.46882965062254006,0.2575733097483786,0.5031761024221978,1.620994247476805,0.5284099264981368,0.5135541935439113,0.520982060021024,0.5176902555169532,1.1155311505550245,0.10933065969555095,2.448121380129978,0.08952256739063609,0.25782612738868815
贵州,西部,2009,0.38,0.38267681936988907,0.4379689212717869,0.33076837145247007,0.42700862152266716,0.3080806430016247,0.3537609834082486,0.4165849256569485,0.02750610678149488,10.41994503291924,0.4709955976571297,0.5590218950575728,0.29301636760099004,0.4448838468659073,0.48089817244594246,0.28719044747658434,0.5211010291972292,1.5397774347667323,0.5099538029183207,0.48615516779611545,0.4980544853572181,0.5186468773519209,1.1851861561340633,0.1698998560331778,2.434461952954346,0.10084825140451854,0.31389849573384415
贵州,西部,2010,0.38,0.4109025507375549,0.4481202628599248,0.39291614826838306,0.42892547509572565,0.34090911196224377,0.3687473626648864,0.4687175059038886,0.028082431230666054,10.53852117285656,0.4855575486114818,0.545824513948499,0.3274031486032496,0.43997742033855974,0.5038705968819666,0.2566794717829193,0.5138282266877225,1.56918393989062,0.5226389351819918,0.47051966034112136,0.49657929776155657,0.561302545460279,1.1986319901129339,0.18118089825105876,2.6813497565617332,0.10324790003537516,0.3214003470638757
贵州,西部,2011,0.38,0.414366260170835,0.4578299772384113,0.3800834718804192,0.42677365138381107,0.3191921808210713,0.41405368161243267,0.4718068331918429,0.0267801023130164,10.626528469075975,0.5133246214279996,0.5207391008250021,0.32721103651745215,0.49827826000645425,0.5026139312115259,0.26393391869908117,0.5331399029518514,1.7330886755350206,0.5369647952796812,0.43723852836686444,0.48710166182327286,0.574077071771922,1.3129214849529238,0.2722547953246962,2.748664961001974,0.10924815814906688,0.2868843988431875
贵州,西部,2012,0.38,0.42406547539552214,0.4981577154761105,0.3956298407440558,0.4103195534804013,0.3301737996447329,0.41248373730431004,0.4751076586265912,0.02663421511316306,10.708382893699092,0.5390973126538099,0.5760959750525054,0.3485305112756064,0.5089851088741977,0.47943594429698766,0.28091488839054085,0.51590184594522,1.7379848101829278,0.529315199483447,0.4561631667614637,0.49273918312245535,0.5437042927351844,1.2708284438024275,0.23966900575828953,2.688426230454473,0.09954882644634826,0.31764689139377666
贵州,西部,2013,0.38,0.45579148407839387,0.5152153678683504,0.389847917344069,0.45322714547035486,0.39229654327715974,0.4814421448474774,0.49238040941469036,0.02284563804193525,10.772085421865228,0.5230066407280574,0.5299245006347822,0.37513753344662315,0.5182613201587782,0.44292155133862204,0.26417973997063027,0.5370379053952251,1.7134115659130753,0.49545183921047126,0.4795099523299213,0.48748089577019627,0.6064514338182837,1.3430087171445193,0.2949124083201242,2.9335159176121186,0.1300881930419932,0.32872928270257046
贵州,西部,2014,0.38,0.4816023876732796,0.5232851110535853,0.4514482790836215,0.49638658249646267,0.3948978279281695,0.4626340519951138,0.5443619111262441,0.022770429280488485,10.787076289076092,0.5339734162458329,0.5306862540189164,0.38880125707835833,0.5067747696307476,0.47570044408637735,0.3055599724349553,0.5164688775037943,1.7454072266507674,0.49214467781735227,0.41793679065033074,0.4550407342338415,0.6183615797422263,1.360707524108255,0.3080048027858173,3.257293907350916,0.10589807804517466,0.3636452137803773
贵州,西部,2015,0.38,0.5119993876867953,0.5707310747169885,0.5189701245115119,0.503884993134478,0.38439489672543836,0.5244885101739037,0.5416712633298161,0.020652895878763556,10.918184670113908,0.5673655686280991,0.5380668298505645,0.41179152660340723,0.5276717351029503,0.514344408155529,0.30769616531530175,0.5336890105860524,1.7328586374906652,0.4702437221108754,0.42599134309382747,0.44811753260235143,0.6411047264624707,1.4745556893980742,0.3883567168869294,3.4613759251377214,0.10106273990110641,0.340749944024967
贵州,西部,2016,0.38,0.5329363866263274,0.5822305162941022,0.5094440905619548,0.5370197298053178,0.39487205322502544,0.5375551253945025,0.6147429296047928,0.02229710852362857,10.962553756874764,0.5745788372061845,0.5044613167181867,0.3997629690551809,0.5706758630964321,0.4455549917998983,0.3270879314105227,0.5412076496939264,1.8972491461476,0.46166491758171063,0.4292921445944854,0.445478531088098,0.6695806219006741,1.4880961653253866,0.39749756155745314,3.338526904128118,0.1131214789886291,0.3717090881664191
贵州,西部,2017,0.38,0.555648158600509,0.6081075941063032,0.5287989708076932,0.5775666169568073,0.44181839816862717,0.5601031881045708,0.5934052001489656,0.02278146061595526,11.02823417543249,0.5786562954305644,0.526844796660409,0.44678335602066555,0.5739240643623468,0.4745264443744347,0.34341968863724914,0.6003943036162043,1.8653376265051724,0.4550864671294491,0.4034748679792998,0.42928066755437444,0.6610219267753416,1.5024793690665936,0.4071166562624668,3.7745421559857184,0.11647753957681838,0.42002745468517527
贵州,西部,2018,0.38,0.5730244813212723,0.6473064196521949,0.5518865262788599,0.5752583069306472,0.4313474586620331,0.585842141633835,0.6160810797024142,0.02112659635357528,11.127129214361995,0.5938830622484664,0.5239961276158349,0.4553612308886195,0.6182962874305339,0.5187679492619831,0.25539514652516115,0.5848742815405835,1.8951137343517097,0.44664316206508503,0.4139567446075488,0.4302999533363169,0.6863423660706607,1.5594282214529116,0.4443192293651747,3.7067201598372983,0.11717638582592739,0.4068101355725938
贵州,西部,2019,0.38,0.6026300451422122,0.6560381166981442,0.546767156373028,0.6420806091778269,0.47325767652436146,0.6522500578308154,0.6222416041026437,0.019583713117290947,11.29493073443269,0.600558283370703,0.5177592479766461,0.4485222173434557,0.6025494249205376,0.5260609530961106,0.3470894311030616,0.6004110036786592,1.8736519655478667,0.4473914686335573,0.38115007661587363,0.41427077262471546,0.6859309630798825,1.609148284585208,0.4757050232325666,3.9963084156860633,0.13676868720311156,0.4233658379270599
贵州,西部,2020,0.38,0.6415361096796246,0.6627256652373484,0.628350806441607,0.6237692086510568,0.5110967524365959,0.6937392408724643,0.7199662829565494,0.0169134428895481,11.262803324547303,0.6376744804638667,0.5263804486923817,0.499343132252536,0.6757474902425635,0.48057146252174776,0.2660067624984426,0.6277312893320444,1.875904970328341,0.418472150639915,0.3335543674551357,0.37601325904752536,0.7562464072108511,1.706836911655552,0.5346418983314897,4.2634864995100195,0.15261181874508956,0.49002424692167923
贵州,西部,2021,0.38,0.6683792365057225,0.7181131956674718,0.6456381098704324,0.6509609114258345,0.5022874169052143,0.7326478391974285,0.7410090619503721,0.01737422809605266,11.352369252373611,0.60805902763561,0.4937135112424224,0.49698524571609864,0.6700679505557096,0.4770714747497241,0.3629694556825842,0.5912918647876075,1.9083842161242537,0.41912775168029426,0.3530250962704592,0.3860764239753767,0.7478699196416697,1.7197619060396747,0.5421858545223794,4.254459552365044,0.15248250743890038,0.4475259596178763
贵州,西部,2022,0.38,0.7197498583624875,0.7657019538962884,0.6822896414325197,0.714524599862792,0.5509749947984912,0.809931684207848,0.7770443483140518,0.016750450613487358,11.421435280140184,0.6329650320964985,0.4834397342784302,0.49287333934487887,0.7134960345966935,0.5203659295595148,0.32960331962923956,0.6325326489909309,2.0705738114988175,0.41578384869665064,0.333501894793225,0.3746428717449378,0.8124445487892853,1.8318688720432073,0.6053366872945969,4.654230635455133,0.15595185707081444,0.5565966174095806
贵州,西部,2023,0.38,0.7831687674870753,0.8283825180863642,0.7199708401330239,0.7887948944045232,0.6242222156972319,0.8333942471375398,0.8900945625653368,0.014110685041521465,11.431918786806888,0.6472289917260625,0.5089268682915971,0.5033347881792606,0.6494438493808042,0.5122159323930172,0.2965361532347421,0.6582581448106744,1.9287259113291324,0.3337569685846622,0.34922115276628785,0.341489060675475,0.8788752235113372,1.9437071595624733,0.664597056606044,4.587679054892667,0.12224440420377411,0.5610424674783014
云南,西部,2006,0.4,0.3306417259835437,0.39592932313528334,0.31116836417583016,0.32663048000571887,0.2699088450377249,0.28836367920135697,0.3707351947888212,0.027419803982134026,10.222102157145011,0.47241365776487576,0.554750101646925,0.2655135182690895,0.36632115636156964,0.5419641149230798,0.30877243939513976,0.4623112346725465,1.6422488494946537,0.5955640177155005,0.5446039683193644,0.5700839930174324,0.5271135387437365,1.0943007161369822,0.0901155438667763,2.0585009288164424,0.0925658817620338,0.2944779863868821
云南,西部,2007,0.4,0.3324940997963714,0.38468660536701366,0.3022718784282372,0.37070003545015845,0.2776979802409424,0.29326465622879766,0.343696123712039,0.026854506651907677,10.4043787131764,0.47183771843050026,0.560905400219646,0.2647394743231241,0.42383869684510544,0.43435979724157375,0.2256521710310863,0.49487114408268473,1.5641465428179957,0.5928739121574986,0.5195574843654758,0.5562156982614872,0.49578696436993147,1.087450001264462,0.08383550707500971,2.199331112353899,0.08714568638203772,0.23719412399289197
云南,西部,2008,0.4,0.35029328344273103,0.40602785381283185,0.33639814499740883,0.34063821511487224,0.2837440817320127,0.33933939107226785,0.37730725171088064,0.02593417253639038,10.368892157881275,0.4821658096346247,0.5584243932569002,0.2928190269476354,0.4405682968445827,0.4769143662896106,0.2522413904536502,0.4825258543121046,1.6184270316330807,0.5752226776301484,0.5185113505685371,0.5468670140993428,0.556269521937519,1.145632055861697,0.13595649855561306,2.4333445991417695,0.08550678872395766,0.2544107864680261
云南,西部,2009,0.4,0.35492363067692,0.4017618695513712,0.3208994356788495,0.3916640383984538,0.30661410502305053,0.3029942313149065,0.3862314802151208,0.025966059542085276,10.414160556603296,0.49568558187742784,0.5411433448215901,0.2825097898247196,0.4850368538499013,0.5083815021024117,0.2865730070856556,0.49231620745875715,1.6621635001180157,0.5757403122484466,0.5224188214055833,0.549079566827015,0.512544759961348,1.1997050455972438,0.1820757312457001,2.633837357802645,0.10632516005286011,0.3155283231051801
云南,西部,2010,0.4,0.3906197312651612,0.43752504060630326,0.3512158170256885,0.4079129353917609,0.31583017238575417,0.3870309834162045,0.4280045070821558,0.0262949409092389,10.545369599590304,0.49884760708560794,0.5792686219709013,0.33935562562468385,0.4521104898720565,0.5010040839039008,0.24168863725187326,0.522177007275471,1.672447907103834,0.5536525577862675,0.4816612638064467,0.5176569107963571,0.5615128132685396,1.2344073491172447,0.21059097564374854,2.4767453373151755,0.11408698016907876,0.31137607374075915
云南,西部,2011,0.4,0.41289111092867126,0.45572418680769966,0.3719661759607965,0.42970425954090624,0.3516907232726907,0.44188796294048766,0.41283799651716657,0.0251211544994848,10.702287837596293,0.5266493856993044,0.5487485798520642,0.32542972642402257,0.5015301026945531,0.4387027242880756,0.27142511997861724,0.5453925686732926,1.687645306207177,0.5736653938684663,0.5256480921155472,0.5496567429920067,0.5716012285332881,1.289290525353173,0.25409208673253725,2.90904393260071,0.09447537384670841,0.3346015066731216
云南,西部,2012,0.4,0.41659884418893356,0.48823074297970137,0.39247154189900213,0.4085462275312953,0.34542929792085125,0.4082849813726286,0.43444432120484194,0.027290904881924514,10.713615347671404,0.5544674788432937,0.5543950825706394,0.36226999716199176,0.5092747690192482,0.44586900142747893,0.30443460393264943,0.5564917143566025,1.7060795570298677,0.5175654649716733,0.495364420387494,0.5064649426795836,0.6022668666296833,1.2969263879955304,0.25999714813037844,2.868791437685207,0.09680444844319012,0.30373163853130963
云南,西部,2013,0.4,0.4263957512779102,0.4774434685305052,0.3803194614994353,0.4619516795465602,0.3266127907042825,0.422567409976387,0.4679156665898159,0.02187201158508869,10.792956370344129,0.5456480605294753,0.5370608957659818,0.3960223950974362,0.47763161258100006,0.4352542689137396,0.28829132623580095,0.5970913782445226,1.7136118448296946,0.5483562463283751,0.4739093696056631,0.5111328079670191,0.6037484734443973,1.3590485753984627,0.306784878016951,2.9934153125054035,0.10050076145669345,0.294398158564363
云南,西部,2014,0.4,0.4507467013060337,0.4855013669889923,0.4200649189435159,0.4542898581512619,0.3575372108044263,0.4615424780502414,0.5131732454067953,0.024323569857282217,10.849525447537674,0.5565492312385121,0.5443051108555004,0.374911947174483,0.5332276942317425,0.4625984411655032,0.24911720839019152,0.5471697948578831,1.838362879461758,0.5439684906003833,0.4789904420958122,0.5114794663480977,0.6203864686119174,1.4300991933523763,0.3577438078467903,3.283729482758772,0.11476096099193778,0.36054483571532286
云南,西部,2015,0.4,0.4668803208315947,0.5483521660153389,0.44570886691701506,0.4822151724192091,0.35172303788047066,0.44423772965823216,0.4953778386400389,0.02204408228017104,10.82776103135156,0.5789301541867912,0.5382171813987771,0.41221796648107534,0.5267203462028762,0.44240825527713273,0.28384556847444437,0.6001205721682595,1.7173081849835437,0.5088469760009766,0.45621700284538236,0.4825319894231795,0.6357126221649395,1.4670733910930698,0.3832695259211213,3.248607384881781,0.10530643050614084,0.3545809486420684
云南,西部,2016,0.4,0.48038070407663314,0.52592040755375,0.4569923634179203,0.49101091628167803,0.3715774112712665,0.4834815961004723,0.5334197015127152,0.023670689733741427,11.035489626968864,0.5618086259083219,0.5258553097297578,0.42610425306963534,0.5853779584992702,0.5289760809232082,0.27457599791101284,0.577664713236963,1.796859159125808,0.5395489994151722,0.47644040004571814,0.5079946997304452,0.674113826935433,1.52419482028023,0.42146628392382623,3.3013931991976526,0.11928769165251699,0.3359412795022047
云南,西部,2017,0.4,0.5171992128109282,0.559053292711768,0.4913120150803333,0.49851880942958876,0.4171577606652092,0.5505722567824963,0.5748738723085659,0.02181077309255137,11.060832483327912,0.5923908212485584,0.4932279930244148,0.4250633703968404,0.6020980638390346,0.5303997458995412,0.3090764760829936,0.5846605281863713,1.8863771892471903,0.4946138832161295,0.42906102660278306,0.46183745490945627,0.6757595970043072,1.5938008423593786,0.46612163050400784,3.73042876720183,0.1060455017796922,0.3702599893198993
云南,西部,2018,0.4,0.5330979420429947,0.5939333279816054,0.5084768229528314,0.5206849822104497,0.42583310677550446,0.5712862786204757,0.5583504985042738,0.02134179293743949,11.16573434806793,0.6111439986247489,0.5297470011743224,0.46873796466326867,0.6439180094348463,0.49262227842596024,0.30048967502110047,0.5890087546605053,1.8327626058808948,0.47333503841821367,0.44901262612147325,0.46117383226984343,0.6881975506743695,1.6311929296568806,0.4893116058258999,3.6745034159807526,0.11804533972097771,0.42556398316137006
云南,西部,2019,0.4,0.5673177433106835,0.6134761299735939,0.5111410553780998,0.6001128823949047,0.4241896006802736,0.6012934318664499,0.6334416642774546,0.021085107220710504,11.275237461456395,0.6234680482730404,0.5150123448420105,0.46883467851568184,0.660875237326918,0.490703062261807,0.30140624556202716,0.5882659789357653,1.8643027111959714,0.44405132609057724,0.4422772577574483,0.44316429192401274,0.723836202517895,1.650738338588096,0.5012226657562758,3.7476603020662043,0.13103723036073422,0.44776149454380443
云南,西部,2020,0.4,0.5889098984355703,0.651811349323656,0.5088876270428355,0.5580832710182458,0.46946258507369465,0.6942215417271749,0.6442324916696736,0.018507614730736137,11.31160604789233,0.637729948581407,0.5283973141675314,0.4953055466655347,0.6452382308522474,0.47900115337080784,0.279779091009967,0.6017804296955489,1.9703551205000305,0.4593645049031552,0.44202443517139345,0.45069447003727436,0.7016275858744033,1.6966616596235367,0.5286625907839966,4.0730258170068545,0.12604259774641036,0.4340307129251975
云南,西部,2021,0.4,0.619423983919843,0.6885464773068144,0.5819087855115371,0.5930517045548516,0.4683370808452027,0.6767982978978646,0.6875657616234804,0.019870819492936023,11.330930614374681,0.6235420246058664,0.5119172683913199,0.49744020710465126,0.697353128503103,0.4661493706922248,0.32642743873880314,0.6317665916974411,1.977476985003507,0.4576400816414379,0.4281053597676167,0.4428727207045273,0.7753752047816775,1.8012263034166636,0.5884677126123945,4.216716289468426,0.12537992841764029,0.4408730595382451
云南,西部,2022,0.4,0.6614641702573513,0.7158194401127493,0.6234049147209015,0.6594553097973519,0.5222551313890541,0.6553298760131832,0.7731349468338053,0.020856243578115805,11.566514196323903,0.6441911567288168,0.49377357678480666,0.4969224268112594,0.6850891918339702,0.4766362289096498,0.3014819227547453,0.6867465712893621,2.0183028914495122,0.44419103777228514,0.42053239025522027,0.4323617140137527,0.8119901076355444,1.9198196830173946,0.6522312665342845,4.4691841197484425,0.12303489642776312,0.48338628175104975
云南,西部,2023,0.4,0.7326674695502419,0.7844138093213588,0.7030489724302282,0.7287901897900205,0.5548448744429767,0.7735981941362063,0.8289043129591843,0.017108874442792375,11.533347051289024,0.6393335960862968,0.46957399386292326,0.5418078750845834,0.7113187748262638,0.4747927132659038,0.2908504852484504,0.6567602342984226,1.9360002799080134,0.4021205292076274,0.35467942758512233,0.37839997839637485,0.8809006608401393,1.9991782425866251,0.6927362174194732,4.652801628401229,0.13334337751227338,0.5010942779995715
西藏,西部,2006,0.3,0.31446920424336255,0.360628473741295,0.32712180746229436,0.3314790384813986,0.2506081251934842,0.22153129543350542,0.3698701692208346,0.02720786206655145,10.05604537395204,0.4275743073722745,0.5947865752570604,0.23061712248512853,0.3633314959121259,0.43015846765402854,0.21108939749097066,0.4203876169731793,1.4291090727461484,0.4808869303745957,0.4109598947088876,0.4459234125417416,0.3392669352651185,0.8816255346954199,-0.12598787696548208,2.0065833402263653,0.09882851956821814,0.22990090797695795
西藏,西部,2007,0.3,0.33419222662154313,0.3957676329999894,0.2876747333125711,0.36323539872869526,0.2824091826052859,0.31051289965050494,0.34507103827867697,0.026840845912193878,10.193722782687889,0.4403156399720458,0.5788140705143436,0.24877709726574113,0.34014694449358407,0.5018829550307419,0.2735110193316131,0.3776542603700287,1.4179036907380247,0.44541725433900603,0.3677699073539748,0.40659358084649044,0.3813893410482094,0.9339142781359322,-0.06837062426298902,1.9922761980284207,0.09048584085134846,0.24629093331613658
西藏,西部,2008,0.3,0.3331617593818941,0.39108497144455273,0.319505268084779,0.34686511935153697,0.29963318413547324,0.2828587311277738,0.3374709327087623,0.027194425750286185,10.263318676938749,0.45415526049825533,0.5625300447043483,0.25961420956693626,0.3893977812208433,0.5155370412259078,0.20592452058308697,0.476636013283324,1.489506589026749,0.4111667588181878,0.3578359195578122,0.384501339188,0.3857630257427356,0.9519943174991018,-0.0491962132221349,2.135113556282491,0.11352465973869888,0.2702246234268263
西藏,西部,2009,0.3,0.3468528510170095,0.3929483634801741,0.3326359358945485,0.3655463556185617,0.27655877582187127,0.2930550526428483,0.3994258622475039,0.026722021201365274,10.280922275134168,0.47418022239965374,0.5613789304468843,0.2942983633997532,0.38558874679044053,0.4989528216761642,0.26376398384921107,0.46188401399108225,1.4490407057888783,0.4669938269576142,0.3841235920638549,0.42555870951073455,0.3975623605799754,0.9657029374278525,-0.034899010253662675,2.0215613429515518,0.08763922574143612,0.23872589558188478
西藏,西部,2010,0.3,0.3727192504438879,0.419487012173639,0.347693058749684,0.39353003458818336,0.2920037499651054,0.33432527207624574,0.4291491693452822,0.02616902729446545,10.407491848359756,0.4850023074655167,0.5904574652893784,0.2692768412558686,0.4123851430330291,0.4593636785492192,0.250799113064404,0.464170432828386,1.4486636492371092,0.39656999035268503,0.38285545540009785,0.38971272287639147,0.4271379078941505,0.9870094763207532,-0.013075638459231183,2.2182569517565107,0.10531805065163509,0.2858658658669982
西藏,西部,2011,0.3,0.3784728938253001,0.44152330595680656,0.38448476308893775,0.3891650568323504,0.2950812579189769,0.3255932420050004,0.4050726842580003,0.025934687708357777,10.389130530047854,0.4882244363172378,0.5528082178277203,0.33425016863890195,0.4226947286042466,0.5079914176000309,0.23586731946393016,0.49095198593861644,1.5454028133902948,0.46546965653459116,0.34294946425179607,0.4042095603931936,0.44830396847857157,1.0425393099173286,0.04165938133466666,2.1986070260657904,0.0900562529857858,0.2714626756055164
西藏,西部,2012,0.3,0.40013390307381536,0.45894093960349475,0.39548830477865393,0.39741147609604477,0.3004790066296535,0.3945673520944951,0.4291439390222991,0.02464377710958839,10.59961822357991,0.4900701512474503,0.5614929569015207,0.3276470292917782,0.45317223499640147,0.4888405791508135,0.2661797536654667,0.4577864842537178,1.4971462684378487,0.45269359984716706,0.329037604530979,0.39086560218907307,0.42594823372502505,1.0890553039275126,0.08531062680048271,2.6280086107141867,0.11897343337424596,0.28569387739102764
西藏,西部,2013,0.3,0.4094759029087407,0.46135771806151493,0.37118875648441096,0.4459384568696763,0.32075531390559636,0.4070904621023608,0.42768098420376255,0.023901601781168354,10.513675141390472,0.49179344544319664,0.5604894747321232,0.351489582044509,0.4720793598352082,0.48386954021439793,0.273986411449522,0.4851638057095241,1.559357080348754,0.4179426916835366,0.2753211953358159,0.34663194350967624,0.4536922879694355,1.1146902771950313,0.10857658802412364,2.8440083198645536,0.08983183416849826,0.29621891426798713
西藏,西部,2014,0.3,0.44466421295925496,0.48824165866522756,0.4095370910338471,0.4505099180184909,0.3285165499897727,0.5070952885196822,0.4676720621351204,0.021914876813780137,10.656521471646442,0.5157616134057407,0.5710852536687757,0.35162602452545955,0.4674512850232613,0.5235739652703328,0.2266257701447434,0.49231578348999216,1.6518097830370848,0.4038422241769591,0.3482960882862469,0.376069156231603,0.4747050945845279,1.1243734964134258,0.11722598845744242,2.690164487260287,0.09900390510299588,0.36362454802154703
西藏,西部,2015,0.3,0.459396369928364,0.5097738498357114,0.4399070927418463,0.44804545135415996,0.3679085271208797,0.45708471624033065,0.5169349386064527,0.02500874431752438,10.7293881436494,0.5243905669976926,0.5714905363762534,0.37467752976681,0.5124331952174802,0.5183378040750556,0.25677615264978876,0.5484492140582639,1.7258670683248316,0.3550409684031863,0.3614607794219622,0.35825087391257426,0.49404231442584046,1.219491466249034,0.19843394090358396,2.9374321336348777,0.09789360320452248,0.3177984783568139
西藏,西部,2016,0.3,0.49342453530808494,0.544764573918125,0.4573882505065112,0.5126770717212742,0.37691313139959576,0.5137566192349999,0.5335235416151011,0.021373873190946763,10.80288172160161,0.5184799876230791,0.572676002569927,0.42356092597002415,0.5569085141298106,0.4188328246215804,0.23376407495717977,0.49300734815323716,1.6382683977588361,0.33597240597831174,0.33802582828453914,0.33699911713142544,0.5264949516291646,1.2346409749487417,0.21078021927249171,3.0885217695254927,0.10498533870511378,0.3577593065707196
西藏,西部,2017,0.3,0.5210851977999542,0.5594618857217174,0.4906319849962576,0.5509328934405573,0.3838460688127061,0.5392961716334418,0.5805217810545923,0.0207702518961235,11.002133379322025,0.5514306520014799,0.5497957533332883,0.41220070183550916,0.5595897204133101,0.44761946364202665,0.31264116731063696,0.5781858730903735,1.7846018365109626,0.3068312112405311,0.27547348826539536,0.2911523497529632,0.5578776266094531,1.3352218803460443,0.28909748054850665,3.271464833810326,0.09217347043218248,0.3970163398116661
西藏,西部,2018,0.3,0.5462279866664232,0.6018861396747667,0.5147028578740058,0.5604631802198355,0.4233928373207991,0.5377237583979471,0.6159154059331637,0.021895777454953944,11.02473901598253,0.5614630056457476,0.5006334707858837,0.41142355186034096,0.5981235628463104,0.4738319615060455,0.26402977676592715,0.5483964781053268,1.7561040548361295,0.3374173329292275,0.31912401008896535,0.3282706715090964,0.5623450241634599,1.3474071208981395,0.29818209444817995,3.2217773224769513,0.12478492960211207,0.4254434218873917
西藏,西部,2019,0.3,0.5744307655182198,0.6180826681612471,0.5256961220318285,0.5526608262267432,0.4605760859022092,0.6476133524263092,0.633915508727812,0.021101790088938983,11.071940134945967,0.5611412219930354,0.5283592035023165,0.4193219688666962,0.5788271739784208,0.5082844860762785,0.2620312067705389,0.5575985592942968,1.8621199337345817,0.3242547540592727,0.27419691903563564,0.29922583654745416,0.5795208953111042,1.3552964025642862,0.3040201776898825,3.440161463683772,0.11702365329485986,0.41589044494655353
西藏,西部,2020,0.3,0.5861691096417246,0.6372315227727281,0.5488645140210602,0.5947960734881986,0.44301473311053813,0.5945919169097581,0.677686994423823,0.018105776211411365,11.157129909822203,0.5828645272403679,0.5324054808289859,0.45720916329708605,0.6214129536799502,0.439516485121001,0.25998086319026664,0.5717781709008491,1.8443070147654936,0.3561776710856897,0.2549809382101587,0.3055793046479242,0.6014945076587989,1.4123773688008436,0.3452743617214354,3.5221597528336157,0.1129876220415258,0.41410630373913354
西藏,西部,2021,0.3,0.6069531121778635,0.6702832806936452,0.5759692549992568,0.6024525220233848,0.47327454879079933,0.638215668846696,0.6585983267822849,0.016932836145828564,11.135969845116607,0.5877643074660461,0.46708990234744646,0.4608128000065704,0.6410738991300646,0.5059590626970684,0.24989816489476607,0.5586555400522271,1.8294944271944587,0.3054227544913222,0.2579139271853327,0.2816683408383275,0.6273285473164596,1.471681922338657,0.38640591158911747,3.975723863951383,0.14312534859375764,0.44410178343430423
西藏,西部,2022,0.3,0.6802178441279237,0.7219082473551591,0.629664667217539,0.6804836730023974,0.5146498570143657,0.7411821903521724,0.7785412325497753,0.01771984153703475,11.32364097182034,0.5878508472055075,0.5009614456028083,0.4849808112479782,0.6275911490223632,0.48709569538656405,0.2902150681066833,0.5799578913974146,1.904927878628526,0.28011083740293113,0.2240358305382692,0.25207333397060017,0.708126918875622,1.5213338019186249,0.4195874513412853,4.126508627109782,0.13205739006894227,0.44608840597898175
西藏,西部,2023,0.3,0.7466102284061934,0.8019135341280034,0.7149662273850991,0.7292822031787646,0.6087388109993308,0.7601247435873886,0.8468043933405514,0.014093649158240431,11.314376818832988,0.6221760081298042,0.5156707911769741,0.5106493427815084,0.6834466744033771,0.48808491533551046,0.29640302977897226,0.6060419160173044,1.9618030611962536,0.2327239306971932,0.21103554902741783,0.22187973986230553,0.7543625310095878,1.6605007369005411,0.507119205616885,4.268592962667303,0.1449044702188442,0.527722544976842
陕西,西部,2006,0.55,0.3681016792850788,0.3958213541240857,0.33750098036499204,0.3783969798409911,0.32915124207274404,0.36361656767427974,0.3963474438790571,0.029083474080645648,10.595119002800393,0.522121990710898,0.5293645049300137,0.3257983656329757,0.4386298642078515,0.5280238490032744,0.3882305298293395,0.5502876413118429,1.8286492636596052,0.5510702418509514,0.43582092282419826,0.49344558233757485,0.516870322962753,1.0495806856408578,0.0483907374004731,2.8637126487113247,0.09028737913705388,0.2893336022802775
陕西,西部,2007,0.55,0.38119566958147977,0.4356969803098796,0.3862900213827183,0.37518468726398163,0.3215139151723161,0.3163659835352252,0.43015986872459927,0.026818382842489552,10.663219981302339,0.5295415096620336,0.5047296124623967,0.33554602398242056,0.46685209582345966,0.4985286843708582,0.338553232491797,0.5963355529738344,1.8511517509681974,0.512945792023753,0.44735340357879655,0.48014959780127475,0.5260573912740988,1.1447960363184329,0.13522648691870914,2.785501518686864,0.09628238543806802,0.25742116972045476
陕西,西部,2008,0.55,0.4099003130216483,0.4632870609107537,0.34860018184228336,0.45619771331980286,0.3557731347324424,0.3936417564748215,0.42349851584371306,0.025591842858659654,10.651659994215745,0.5634154203209223,0.5354328935952823,0.3379309066035959,0.4990020730863152,0.47916861088164153,0.3287722957149696,0.5730571084996013,1.7665713799371163,0.5166340219436131,0.4434531826998204,0.4800436023217167,0.5436434553504393,1.135703750560272,0.12725250333166424,2.8972804000903256,0.11016959114664204,0.2739815084424857
陕西,西部,2009,0.55,0.4270884807405621,0.47067138026470323,0.38835332831160707,0.4693958018816348,0.3643411497242229,0.40418708651193713,0.4461569154310408,0.02731439505960417,10.797425041907335,0.5623847850199616,0.5224339841674228,0.3493446924665089,0.4822492438364047,0.5189427153995049,0.41545956803123496,0.5305523618516286,1.8323880768340586,0.5461787744294392,0.4431548429268161,0.4946668086781276,0.5362901008638964,1.180032260353499,0.16554177738648826,2.9232443922695945,0.1011156050134544,0.30216556957324
陕西,西部,2010,0.55,0.4362190319802013,0.4945996980165648,0.4159235184848447,0.44929290466699545,0.381541325947331,0.3872701675970084,0.46702550291586326,0.025805099946165245,10.916674098291216,0.5649759976428798,0.5434482326000024,0.3759756496819246,0.5376816264383207,0.5494182120786015,0.3242632932931448,0.5888798684433114,2.0133343905062913,0.5079513141407788,0.4147760173018601,0.4613636657213194,0.5784784743066129,1.219090522053793,0.19810510701505615,3.2713971434055016,0.10653883772014952,0.3280840948194212
陕西,西部,2011,0.55,0.43287968412872346,0.5161633787116119,0.4038893981721719,0.4305610548363693,0.37323954106574075,0.40199654358698855,0.44595273038407807,0.024911839443149935,10.889943021771979,0.5810162848931362,0.5256978588540993,0.3818099336348162,0.5515267066659358,0.4712138285667266,0.39450636349079177,0.5549287013799888,1.9328835965435938,0.5237373571470874,0.43494345885015123,0.4793404079986193,0.5540885369381103,1.2419541684925146,0.2166860814556276,3.353987142458199,0.1004212845528207,0.32515308310147123
陕西,西部,2012,0.55,0.4770463630048247,0.51555142180281,0.44360438240741923,0.4718289643455995,0.390309332662737,0.49433597289311043,0.5357624914797974,0.02412769460912282,10.965187196175192,0.5994001792408534,0.49880208495033285,0.3881615965731226,0.5638527102005265,0.5067115933281837,0.3732187176937489,0.6260083482510925,1.9056071817553886,0.4692194063952653,0.40935959726461946,0.4392895018299424,0.5823411963662304,1.3085845130148686,0.26894602860956535,3.5502219981731327,0.11005252900174399,0.3662292366489357
陕西,西部,2013,0.55,0.49477359129965753,0.5616718278853767,0.4585802810451559,0.48745771001756977,0.4024260109237363,0.5119597814403031,0.5267918572394865,0.02449054855316363,11.008889543740406,0.6008793612883774,0.46664617071454445,0.41663927380009935,0.5849297496597144,0.5149492425292623,0.4099286325388513,0.5750815092469056,1.9750120734712382,0.4303192717854008,0.39568056237514465,0.4129999170802727,0.6194938562926138,1.345962094470885,0.2971090692144637,3.4038275091382277,0.12691763169067094,0.36387571898935284
陕西,西部,2014,0.55,0.49934190138681356,0.5596527857955771,0.46050908927939693,0.47782797172738095,0.4061048862400473,0.5127055175919686,0.5650010768938415,0.02626957593678339,11.127344420064025,0.6228439929774223,0.5353641244230688,0.4281934612721807,0.5733548400705338,0.4640046473796076,0.42654473800751014,0.6507670494205359,1.9984154462595047,0.47001094855615344,0.4068622099302196,0.4384365792431865,0.6228928398461483,1.392658323224358,0.3312143834653298,3.5058104824473375,0.1091923446433899,0.357464829675532
陕西,西部,2015,0.55,0.5284042422337247,0.572975676486598,0.4778890091105362,0.531522009141671,0.4413193343818534,0.5544892246098264,0.5810468876404962,0.0238439639399027,11.17321615927022,0.638531636030738,0.5038810591439583,0.45332249983948925,0.6255677729275629,0.5183310057699332,0.3904270661243242,0.60889028229303,2.0460768034576517,0.4433102218870177,0.41002095893422263,0.42666559041062013,0.628915410524672,1.39319945920252,0.33160287134032573,3.8359852125625458,0.1124488875706875,0.41767507482203153
陕西,西部,2016,0.55,0.5294814139561187,0.5981927159285335,0.5094547652259861,0.5254300758652553,0.43526645126962343,0.5464053606723994,0.5377699473025424,0.020920819621091605,11.338579578720102,0.6505977374812055,0.5019471823933044,0.46687654166552206,0.6210634808155912,0.5137261250249232,0.4018732168311118,0.6663478089731011,2.0702241216711834,0.46720474916050014,0.40469313082073516,0.4359489399906177,0.6635118159106246,1.4633388605896154,0.38072071558013887,3.8659658245122315,0.12612706028939896,0.41435657586632235
陕西,西部,2017,0.55,0.5671463841305306,0.6150216651735543,0.517733502386088,0.5876884981968928,0.4584331282488179,0.5827418071095228,0.6238278797974689,0.023146967493963114,11.375780239857269,0.6471428549692778,0.527158875104497,0.4831316191205416,0.6744511365418184,0.45163851886454565,0.4146595078090355,0.6390718814566296,2.1309177995546493,0.41069124509998645,0.3535878516395586,0.3821395483697725,0.6762121584025318,1.5691695476315082,0.4505465288633423,4.1279717403499765,0.11867940962655614,0.4004185513065038
陕西,西部,2018,0.55,0.5850206528505343,0.6468143187514952,0.5454157969053027,0.5686166146807357,0.47459314138540937,0.6128959428927856,0.6450301585791541,0.021280824387693013,11.422934100146298,0.6676582015796653,0.48554643258507313,0.5047602661280651,0.6637135914423685,0.4973469203421035,0.4530548868899543,0.6987545961374221,2.03330005005934,0.42740173467320763,0.37719977823097645,0.40230075645209207,0.7035833987891907,1.545028777273334,0.4350425362431286,4.187077193331923,0.11996231589600555,0.4271746822082209
陕西,西部,2019,0.55,0.6280491117741523,0.6765747750983795,0.6185685779286018,0.627557783010516,0.49583960788951087,0.6684994289949431,0.658259682211082,0.020410322876213596,11.537952731065232,0.6725635451853899,0.48501290379252726,0.5126623822291475,0.7005369004278665,0.47861936331913013,0.4091252322924954,0.6717894195769745,2.2066390269614926,0.3938171407254037,0.33936946909303917,0.36659330490922143,0.7184123132638235,1.6589471411871373,0.5061831488484699,4.42771847542772,0.14247147823997108,0.4561662718039795
陕西,西部,2020,0.55,0.6330716839305525,0.6866280072416682,0.5862864319680368,0.6656940297491516,0.4990957164985004,0.6491241482174964,0.6876505122047358,0.017328710873914133,11.604770364457451,0.6937051559538444,0.485775528220902,0.5167830807780229,0.6986280761619746,0.5070392026231063,0.4087528697391512,0.6624403787967134,2.2107750807178568,0.39285904426682705,0.34838992232424676,0.3706244832955369,0.7220563552145278,1.7295835655114005,0.5478806659562993,4.737860003064388,0.13979631658128958,0.45618390347357723
陕西,西部,2021,0.55,0.6694518177301001,0.7233942997028615,0.6391055281857501,0.6711936547747954,0.5387312044399378,0.7088828935368796,0.7144286813633755,0.019139483295758243,11.6343772988165,0.6733941258134702,0.45708020537456534,0.5668515988526162,0.7427078688411747,0.4213207436309956,0.42208923529379805,0.6837985894653553,2.1817512660648606,0.4120644317988668,0.3535203279594632,0.38279237987916503,0.7601397441761307,1.7710061316742165,0.5715478210613412,4.782680983631879,0.15223429979028308,0.4918926986071088
陕西,西部,2022,0.55,0.7074339542659034,0.7687837012568788,0.668453852025793,0.7174897849893085,0.5808210262193509,0.7287833862032359,0.7571660516707667,0.018439360422857643,11.708467574870872,0.7081871318409814,0.4925893572490793,0.579784440855637,0.7813651128272963,0.5055408839936247,0.4299114357063858,0.6722655206795235,2.329401731896647,0.38171009323907074,0.34153410933975265,0.3616221012894117,0.7822171534506638,1.770034666369338,0.5709991319133441,4.871872739778635,0.14048591759391804,0.5185791142999823
陕西,西部,2023,0.55,0.7624649762682734,0.8246860182271699,0.7237247746721023,0.7531670232972534,0.5754758025460373,0.8075906060103943,0.8665469715356738,0.01672734431823216,11.75741451102266,0.7170664245376054,0.4459377980121285,0.5697540707820182,0.7967472911920737,0.4813145295826382,0.43188106422092143,0.6937165644407983,2.268286065968577,0.3296493268470667,0.30404702168720427,0.3168481742671355,0.8321645537176608,1.9869310827328996,0.6865912788881026,5.073511031628578,0.14399897671099166,0.5242343248867416
甘肃,西部,2006,0.35,0.3425881770190898,0.39098438695413956,0.3082578625821372,0.3813288585770592,0.2688738253140238,0.3038512398441914,0.38030445532676266,0.029774845191970458,10.10589150237673,0.45602166432290225,0.5711847516744656,0.23961283392436536,0.3490789034447953,0.49355744801673956,0.3167096637644968,0.45555002678672235,1.515700281291962,0.5424669458708076,0.4551771305097794,0.49882203819029347,0.4767696739987449,1.070800830975533,0.0684068086961958,1.9688999033610455,0.07697082638856774,0.24737031319682753
甘肃,西部,2007,0.35,0.36589936269424056,0.42192548722995454,0.33214654010048,0.373688559520708,0.31205847817590726,0.35013206754830534,0.3883730015970868,0.027335107437862907,10.200537822350611,0.4639295839648246,0.5617296738795977,0.29124197307868754,0.3401010232390091,0.46936675035701036,0.290219273548116,0.4576404970092105,1.4862266224907954,0.558405470191054,0.449628804671838,0.504017137431446,0.48207584388392644,1.1035503132019036,0.09853253987726689,2.011980979172409,0.09373602180517424,0.29096786723725926
甘肃,西部,2008,0.35,0.38759536602173994,0.42374376349413295,0.3737490154651665,0.417081868241934,0.3263401249539625,0.3547543508280324,0.41064189425250447,0.02743048911516712,10.312961795197385,0.46778175589829163,0.5561778362513136,0.2866896585174931,0.4244925643588406,0.5465212310590126,0.2516062329060704,0.4857497643561003,1.5031830022251425,0.5183877292129715,0.44528272635905947,0.4818352277860155,0.5199642159847682,1.1071830345842668,0.10181898295341994,2.33793848441764,0.10344926411099731,0.31035262925871515
甘肃,西部,2009,0.35,0.3910338763711474,0.44790357240330375,0.3544149952932709,0.41993613057929835,0.29937863837809253,0.35369654923249055,0.4473497831707841,0.025958008068579008,10.41480541370887,0.48367518259281966,0.5526839107896885,0.2929339356947051,0.42578196941389834,0.5179515456076063,0.2262787493786922,0.49805007565231113,1.5804215784786828,0.5251233958351169,0.4584362590028172,0.4917798274189671,0.5029678440813646,1.0885994710271496,0.08489198109753368,2.3529560021550044,0.10223673770114564,0.319091068807918
甘肃,西部,2010,0.35,0.4113345434323664,0.4686497979864168,0.3739211598458393,0.4265672016789652,0.3280969691766734,0.4091188762888589,0.4414351442170345,0.025712471420320588,10.510735341661492,0.4947709027938014,0.5492937546337242,0.289026595704281,0.4576968854762378,0.5098484539222007,0.28029254746626747,0.5066645501323013,1.6091313651091346,0.49319828321563053,0.43410355582915305,0.4636509195223918,0.5261040841978001,1.1556604561082104,0.14467200401532695,2.5395102171190334,0.10390761755159329,0.3038318976301436
甘肃,西部,2011,0.35,0.41930889938786736,0.4762091253374807,0.39656080872346444,0.4094914036998781,0.35434578754476925,0.40585509770937933,0.4566066744766332,0.02563266538757121,10.548604041061694,0.5110953580891854,0.5567189801860007,0.31657367544592746,0.4387150919997243,0.5164792083074962,0.29470718331550044,0.5192304431045685,1.6204209180554636,0.5104005253918209,0.4422865468330723,0.4763435361124466,0.5424167509442381,1.2533464690659923,0.2258171493165318,2.812517782602697,0.092664715532891,0.3254968075300771
甘肃,西部,2012,0.35,0.44093000231998347,0.48114205010782735,0.39797740657183567,0.4926592647532393,0.3629676400081782,0.44833805671572274,0.44213875567600763,0.02263929612635789,10.687691865207613,0.513043291787917,0.5251320616043712,0.35617441164520247,0.4992596596063679,0.46975443080925405,0.26963948054962694,0.5167309593351481,1.6559446480856763,0.4642348824748036,0.42712457513386654,0.44567972880433504,0.5722619640108532,1.2654137474575728,0.2353991417917314,2.644382232767475,0.08875434082004476,0.32061799912427136
甘肃,西部,2013,0.35,0.4578516526325284,0.508457301476951,0.4158950712985698,0.48837969023571515,0.3227014604989472,0.5101204630471188,0.4779630755603105,0.025051625461466984,10.700726950656996,0.5430549601332347,0.5451431411905008,0.4011909400725748,0.4862804297542287,0.5339971233173364,0.23134394031867564,0.5363342738017061,1.7366738894503804,0.49598449615766976,0.4329097990980145,0.4644471476278421,0.5795286475308383,1.2692277875366245,0.23840867422867018,2.956280854427574,0.10933991684504595,0.33273157759866967
甘肃,西部,2014,0.35,0.4831882096393077,0.5211560764749104,0.45667707870301666,0.515556295188709,0.39565790898931347,0.4833662895580163,0.5070529090107242,0.02438785780366453,10.756375510973907,0.5229600021875042,0.5263248732503514,0.3581034956484976,0.5567185575870265,0.45943341700349277,0.2867476673503757,0.552205811360002,1.6903710908153882,0.41675020116171735,0.4301730625955114,0.4234616318786144,0.6068019680728778,1.3505862891795508,0.30053878645562554,3.1224452864592744,0.11642657313527231,0.3616153226656684
甘肃,西部,2015,0.35,0.49949470795925405,0.558697112175914,0.46659946919440803,0.4670044792498278,0.4280862382707064,0.49567211648244014,0.5694912264922926,0.02388864549929843,10.888950084939191,0.5550486513606039,0.5477974576214616,0.40034022410381315,0.5372617185488789,0.4682493892827922,0.3038987356719267,0.5484884375674172,1.7826890215038897,0.45323278034601966,0.3920597689846766,0.4226462746653481,0.6024230934293715,1.3957710192793733,0.33344696458222145,3.2336215488071285,0.10872288677037603,0.3648808706590855
甘肃,西部,2016,0.35,0.5224101979323463,0.5829919668319961,0.4899685882031223,0.5283532614818746,0.4006067429786484,0.5461580613773487,0.5633681226602304,0.02310559842017245,10.95780497895607,0.5526663950042063,0.5268223349492213,0.40167911004894236,0.5564878973847857,0.5053757641969044,0.29699892699485003,0.5864828852127901,1.7220204839743296,0.4480617890682306,0.4065794088805046,0.4273205989743676,0.6576000278407681,1.4556152813690508,0.3754286850306939,3.440458672363738,0.11696632835666612,0.36161200552978806
甘肃,西部,2017,0.35,0.5582744315939159,0.5940032197219395,0.5257595909051842,0.5404354908568094,0.4266350028842726,0.6350562735154357,0.6171422100083707,0.020708989504596043,11.017776465084575,0.5754621085561386,0.4966165984481546,0.43992562752736664,0.5831954775934471,0.5678001954124355,0.2781635588412978,0.5232097002031958,1.831890753465226,0.4806470837924542,0.347473333055838,0.4140602084241461,0.6379594236751582,1.4761620021707746,0.3894454777236351,3.6780740371879617,0.11719036868358584,0.4115564449257245
甘肃,西部,2018,0.35,0.5680762746962795,0.6292220184192876,0.5427190524757202,0.588813443130435,0.44565076588506125,0.5479096907613505,0.6265230731013529,0.02108171146391029,11.054160761206708,0.5820508420090575,0.5207613011657841,0.4081574981363904,0.596899473243458,0.517408661005624,0.2345334932260494,0.5449093359462496,1.7987194255237027,0.4371628218613704,0.3928920268597363,0.41502742436055334,0.6592742631422476,1.5186637106516994,0.41783081046082676,3.6003431204045917,0.11397230439207584,0.38575687979129897
甘肃,西部,2019,0.35,0.5994334288316278,0.6455811277831965,0.5581383176376542,0.5938740174223798,0.49803027085681084,0.6365192663971836,0.6516857005643416,0.022348490377746118,11.121544663322569,0.5725012750860901,0.5435367445031175,0.4458747316835258,0.6329321432993452,0.43245431894611736,0.28724846233797585,0.5162578176496511,1.8026149038054302,0.4308597441668291,0.38474353124644,0.4078016377066346,0.7001298134962308,1.6270326208897705,0.48675787775303786,3.805561378352105,0.11433543268883183,0.4315033384390924
甘肃,西部,2020,0.35,0.6185981445711958,0.6875782052084914,0.6072184279429508,0.5855142706530472,0.49092957129938736,0.6418363004994718,0.6759002181692189,0.0185991756521547,11.183248719894355,0.5880245621136702,0.49586550743192126,0.44355262820176994,0.6654549433237957,0.5136049632191542,0.2598010150467402,0.5703197224686601,1.9301279626566206,0.40411525050070957,0.38265085893021855,0.3933830547154641,0.7118640282017985,1.6429721159025157,0.49650686745798933,3.7635129071820375,0.1278949958917744,0.4442209936057243
甘肃,西部,2021,0.35,0.6517095046631166,0.7117295541275236,0.6024963515971178,0.6507840591631486,0.5087181112561536,0.688088596849345,0.7289286319833383,0.018963687234691374,11.252641237379647,0.6010955863986956,0.4846365968776197,0.490693717145975,0.6712249127015948,0.4794441239116446,0.2941504315516652,0.612232501175695,1.824246130880772,0.380874846026677,0.3522249766647251,0.36654991134570103,0.7361310298617086,1.733776287612897,0.5503018548176953,4.057710474403149,0.1389673036573216,0.4824374253696913
甘肃,西部,2022,0.35,0.7213709899356605,0.7499970681305722,0.6982908137596214,0.7239900226499876,0.5737494936702879,0.7644358134342988,0.8024714975122094,0.016561772296661243,11.326940350661616,0.6167020566460316,0.4545979949404104,0.5283483057736426,0.6906124827119643,0.5310173062592219,0.3106475484895232,0.5925295967192842,1.9340519106301037,0.3894359114526695,0.3261338336090255,0.35778487253084745,0.8064338907196297,1.8495542555668847,0.6149446671220016,4.4679124486280575,0.14699670097218256,0.4945479210440718
甘肃,西部,2023,0.35,0.781609229503319,0.8442592653963807,0.776917125158469,0.7646580224480222,0.5848674357680733,0.8237664287370194,0.8655162969119421,0.015033874116854553,11.381284921454073,0.6222216518587155,0.5194455305436368,0.5475842462186435,0.6850199743736853,0.47932070609889466,0.28060299034661357,0.5940129525522271,1.9794694774034949,0.3480739339680729,0.30237949249809326,0.32522671323308305,0.8728899683929444,1.9871095104644498,0.6866810755207668,4.52647300073715,0.13100349796103147,0.5259890546121188
青海,西部,2006,0.37,0.2948490032709084,0.3443441096734459,0.299491559383232,0.3218611147917245,0.24127492464310268,0.21615408271521996,0.31956732084939776,0.026533589486308615,10.207779144740195,0.4699289132597357,0.5485908752703532,0.25867760533817935,0.3579890327265986,0.43694526388672256,0.2291634896645299,0.47054305361429793,1.4161265725623366,0.5010728623617839,0.4547010137757208,0.4778869380687524,0.3865576045860935,0.9409335551963305,-0.06088275273325239,2.0336080385358595,0.06994953041558442,0.2563471177146122
青海,西部,2007,0.37,0.29578124767968106,0.3292206690316456,0.2819807773278227,0.31643022032095475,0.2452905212395133,0.24591741200763673,0.3399656634792975,0.027581905645941842,10.295279177876441,0.4909928735677154,0.5566213721823223,0.26039040332072627,0.36975030340641674,0.4910404391785324,0.2776645012147618,0.5166448188511086,1.4896420634728273,0.46418282632907054,0.422499568210565,0.4433411972698178,0.3946149831168482,0.9524741344624822,-0.04869232776996232,2.0742144003573553,0.08477509680509669,0.2617113708804194
青海,西部,2008,0.37,0.3180023695828205,0.3625465488111844,0.2836603159861402,0.30011823837849577,0.290531505488803,0.2939090376833349,0.3710143574267767,0.029050692132106627,10.428838914120792,0.493731974697879,0.5506053520570837,0.2735689774355122,0.40275606382323254,0.47829482033621606,0.2614102439260889,0.5220758808630263,1.451470448981337,0.49602369868331214,0.41504476445984556,0.45553423157157885,0.42234491146354713,1.0286956829888516,0.028291672576440836,2.2802749596390144,0.12362297269741995,0.24049277237167452
青海,西部,2009,0.37,0.3152381081905582,0.36875453707013667,0.2752665907442403,0.3405996879770225,0.25766142203838355,0.26296702491692286,0.3674241185586095,0.02738331926779872,10.380636505643379,0.48352678179755587,0.5234996956813747,0.3136516527466662,0.4105206666031882,0.5222601566805195,0.2639646102616311,0.5117643607460274,1.59352902263237,0.5141213877358145,0.427511089159157,0.47081623844748577,0.4152713985398598,1.0639477988438937,0.06198632847896876,2.4289415533190715,0.10142158180461615,0.24275766789594075
青海,西部,2010,0.37,0.33679400988452485,0.3638694290033094,0.2997882672607592,0.3690758224984086,0.2564421404688617,0.32469924808456707,0.3934520069925803,0.024149948026804265,10.434956779102514,0.4940125188766952,0.559847912304981,0.3280382395875393,0.4697639129690798,0.5116756237128187,0.3124940570224661,0.5001008160077625,1.6145030203001711,0.4786130648404618,0.3832928708859356,0.4309529678631987,0.4339279308733009,1.0701356961373798,0.0677854592529692,2.5388313607074178,0.08874913049412733,0.2441222073921252
青海,西部,2011,0.37,0.3394112018122766,0.3769097468629045,0.3485205949216021,0.34494722877635975,0.2598802439222614,0.28043745187445157,0.40504128162518804,0.028420289239245028,10.582265075932913,0.5307075420398945,0.5077921398021715,0.3563468751450333,0.4507508811621289,0.4910569936168463,0.2945864620802377,0.5011397797285075,1.6333535018923184,0.4829630901308588,0.41233796564678604,0.4476505278888224,0.4593469584627217,1.0863331722595375,0.08280796291440186,2.371239368057913,0.10936100206958298,0.29276016310420605
青海,西部,2012,0.37,0.34503657018826533,0.4062839961879384,0.29334443610370653,0.33552100445559313,0.3345366060406669,0.3072492181500778,0.3844098938786578,0.02601042050709708,10.703243861046387,0.5105303367931805,0.5836200386551207,0.35279719758352635,0.45752055894788274,0.5627889904918555,0.25221244725571496,0.5255024922959006,1.643630651770183,0.44211268683152105,0.4411988934880575,0.4416557901597893,0.44237490883465674,1.1261851226333957,0.1188359235161719,2.808676554844661,0.10435727764804341,0.26798440461572404
青海,西部,2013,0.37,0.37304914689055885,0.4219699538482211,0.33118180506705724,0.39114867785876783,0.2944595971567974,0.3682118863209169,0.4145302842945132,0.026363765442814942,10.665634946678551,0.519292023594799,0.5406067692745649,0.35429011571203767,0.4927842964655807,0.4563818009882991,0.28281112670451086,0.530095204826791,1.6284573786200076,0.46922792657472273,0.4251665284055968,0.4471972274901598,0.47681796802349996,1.1486915107016924,0.1386234777890724,2.7800482578302206,0.10158076212546314,0.30560444812587223
青海,西部,2014,0.37,0.3858233163766853,0.4365877883103216,0.37559142257584766,0.3917365940677802,0.2872280909850797,0.40394587030107326,0.39721934957130584,0.02461369501424059,10.858377043482035,0.5399030623267475,0.5050002837676155,0.36060373129412543,0.5230122737798154,0.4738640396701594,0.35480077771981083,0.5066466330044347,1.7467892418580082,0.47991654535647454,0.38780893654566617,0.43386274095107036,0.48343627169760467,1.2108500004295992,0.19132259267916507,3.1159859857762364,0.10604518702039496,0.2986313844292183
青海,西部,2015,0.37,0.401534416737015,0.4555724757694288,0.3851344103378204,0.41457648351048265,0.27653365335887253,0.4216730787582672,0.43004191604301645,0.02608210594121956,10.775657798205449,0.5617822775995468,0.535847417114531,0.37941650540202126,0.5324216057041137,0.462559874350876,0.28492989925567946,0.570042018055463,1.7238016346410552,0.4407914874390535,0.39131457197328723,0.41605302970617036,0.5053944615122301,1.1896776508844784,0.17368238881870596,3.215404485580765,0.07698241470224991,0.28366718532850865
青海,西部,2016,0.37,0.427088916804951,0.4768592884053408,0.4198983260839834,0.44072732623307975,0.3192924267161358,0.4138417141036679,0.4668482990066815,0.023695298022113464,10.972185615015954,0.5639854091993552,0.5012912658150838,0.4016144378802216,0.5616052937641892,0.46707892026889075,0.278554789719117,0.5558564979241651,1.7627285034988671,0.44749961483342027,0.380087639428226,0.4137936271308231,0.5018353393108084,1.2869003381705066,0.252236488296612,3.418015290026355,0.09324733265210394,0.30550875797585975
青海,西部,2017,0.37,0.446678726338909,0.49247401277094743,0.4164925276296873,0.46295892101615005,0.3418427570939607,0.4675683358524342,0.4792628443829945,0.023824765119315795,11.01871908826915,0.5614078390327643,0.5412619650788726,0.42474269340950843,0.5575151565673535,0.46781356603524604,0.30855921015688853,0.5354372619144571,1.9527456716030303,0.42969437665244786,0.34725944743969783,0.3884769120460728,0.5488514174508599,1.3162449506466434,0.27478294829279715,3.406338059078762,0.10769871099919302,0.30496474121951717
青海,西部,2018,0.37,0.4583223565805196,0.5279847389992396,0.4185254226320484,0.4447090203139162,0.3768808529158165,0.468926479263338,0.4949394516845541,0.025787427444004602,11.114811556426611,0.5980280545427161,0.4867693255432326,0.44134233591581107,0.5991270085466699,0.4498145204615875,0.2955363092446288,0.5692800374148588,1.7931253961052518,0.44691013228691845,0.3707836779226717,0.40884690510479504,0.5567200152485591,1.3324584488271238,0.2870256937027166,3.589582218046397,0.11591293965422138,0.320938796948304
青海,西部,2019,0.37,0.47797477924364523,0.5255021715580919,0.4504756728892426,0.4816396423170984,0.3895320446522157,0.4911871628076828,0.5125401834828193,0.023337743340123594,11.1327964261505,0.5844248313827289,0.5224057032559473,0.4425446189694839,0.6554009767101131,0.44236165401292277,0.3232260676964637,0.5698547992138985,1.932736173115117,0.40911278043144944,0.3554347714615634,0.3822737759465064,0.5679262689622151,1.4071636613682332,0.34157609074808487,3.7090579629874045,0.0976530111682537,0.34098609684144204
青海,西部,2020,0.37,0.49205438552390013,0.5272302125998478,0.47422623797571495,0.4821244008779867,0.3945208834415029,0.5277509410728555,0.5337977544501702,0.022477502218004465,11.250060318113572,0.618316002004836,0.47296402059464926,0.4863319068677053,0.6311954123553012,0.4722457546016519,0.30362384630706596,0.5836638994727512,1.8414040462320886,0.44770281616316865,0.36832428673021206,0.4080135514466904,0.5642774770148791,1.4683070260466076,0.38411005413270405,3.8810555661784365,0.10700057046070023,0.36267070726699174
青海,西部,2021,0.37,0.5140789412327506,0.5669422184767091,0.4910129044700047,0.497877063148392,0.4007132204151048,0.5570112640150824,0.5535917527048021,0.022720454467168506,11.415430367591691,0.6252713860536194,0.497519491386649,0.49100853839835185,0.6478984955641438,0.5055617818416869,0.3544586537189802,0.574425828159527,2.001249321128774,0.40670050399206636,0.32572743458346165,0.366213969287764,0.6216348797558873,1.4954769790338809,0.4024452054781649,3.730872727251836,0.1140936131327302,0.3898115187093566
青海,西部,2022,0.37,0.5712663505470634,0.6243394147031847,0.530079037426443,0.5603181450581217,0.4518259693026279,0.5891207801584897,0.6566881468870893,0.02194156405715706,11.376902411636225,0.6268477820847924,0.5030421677116165,0.5118037021811731,0.6744846075221455,0.43671807599851187,0.30366710852421297,0.6103746983500147,1.9223753675242476,0.3840481960832184,0.3294647713717486,0.3567564837274835,0.6531248258224278,1.570287762272091,0.4512588906364059,4.213296089395159,0.09872074838986725,0.4046740920394349
青海,西部,2023,0.37,0.6312780000447756,0.6630503375739262,0.5868652990312331,0.6551129113025369,0.5075893325627049,0.6766009174666179,0.6837280699409365,0.02122573913239189,11.494131854730941,0.6369391851394371,0.4888503637918952,0.5328176383635562,0.7008290272274794,0.48652681388421365,0.31619643380546203,0.6097730432033376,1.917611280831477,0.309439974588722,0.30859142786017435,0.3090157012244482,0.7190999172607405,1.6403342038310833,0.4949000038990391,4.20372053859987,0.14131778000124542,0.4711277634673144
宁夏,西部,2006,0.42,0.3050769638604824,0.34325089142149884,0.33233805991666915,0.33476119103631996,0.23350905493895346,0.23948456092683784,0.31823312382776964,0.02792591456536322,10.250725937046203,0.49298408807487326,0.5689121622001001,0.257214997770775,0.38787010038946795,0.4752450887252171,0.2876177813795607,0.5160824656214398,1.4735482099986674,0.5252397083425471,0.41950502591187855,0.4723723671272128,0.4233373886196109,0.9835113155428129,-0.01662613583760023,1.9961203564440027,0.09300207461897958,0.2439912969859432
宁夏,西部,2007,0.42,0.3056333095235737,0.34984152561886317,0.26557794558656594,0.30732748451277847,0.24626266063540522,0.2845229661033626,0.3692453971830528,0.025517361948120005,10.457824135519774,0.493390425462589,0.5940476676093349,0.3041703416230954,0.41865048824510975,0.49314670064267757,0.3211427544174504,0.507464075309863,1.5611384823846648,0.5208001232762426,0.45732778344573705,0.48906395336098984,0.45018591397567387,1.0144887855028912,0.014384826011585576,2.325742324313226,0.09029477038533763,0.26878907157984416
宁夏,西部,2008,0.42,0.3259057022969161,0.37026908115501683,0.3360122650166504,0.3360231963411698,0.27593828689657124,0.2764845574118764,0.3385430616280247,0.029776299315607248,10.47500982729665,0.5053573407177898,0.5462097087012198,0.30185081061935143,0.4566344419872658,0.5150736375422674,0.30325572842549614,0.5062141446674977,1.673873436385548,0.5150205019734089,0.43784165885357956,0.47643108041349425,0.47798115169073063,1.0472020144515504,0.04612185926673572,2.3778715967441095,0.09574694513305486,0.25414378896194756
宁夏,西部,2009,0.42,0.3422399680401574,0.4056388823586869,0.323245073521077,0.37079974127229265,0.24307445172947584,0.3259514272060461,0.35507325055053274,0.027798004790581,10.510694535711629,0.5139109881710333,0.5779049182288951,0.2879968561914635,0.4887817127299496,0.5162066970209507,0.3154954943078893,0.49108682392171277,1.6905097653480559,0.504795575233302,0.4509568421538512,0.4778762086935766,0.45911824068030044,1.1162827819913752,0.11000422074273922,2.5283530353294448,0.09941364725386481,0.2816845982771413
宁夏,西部,2010,0.42,0.3602273260178446,0.41589250432633984,0.3229694136587775,0.3807826588745796,0.2955716721836419,0.32824718411590253,0.39837560248984727,0.027448150490758126,10.618730592051882,0.5090970843390785,0.5688790250025823,0.33092937700854247,0.4788600190339352,0.4706035004057895,0.33928411314233664,0.5659759157087202,1.6401941042643609,0.4849858646999393,0.47555270449334264,0.480269284596641,0.5061932070069732,1.1332145614014202,0.12505833869877914,2.723712563174584,0.09194549036642047,0.25110054677909055
宁夏,西部,2011,0.42,0.3758824182755537,0.4392621729336346,0.3369499357658755,0.37000206497234667,0.2895186431220359,0.4086389043118662,0.39300118581387844,0.02317305923897449,10.668904100675626,0.5367575216110667,0.5585723105628794,0.3529736875214237,0.5176534757606255,0.47988986825451124,0.3043076822415403,0.5392315105751108,1.767300263527476,0.46755021951899567,0.40874540568674145,0.43814781260286856,0.524973653512199,1.1694976227851828,0.15657427436382965,2.6911602925495433,0.10906867641320224,0.2966010554622976
宁夏,西部,2012,0.42,0.39656378055826813,0.4523877763728283,0.3491832911908195,0.42531510531856964,0.29034413362649386,0.3988646782968506,0.4413242230651716,0.02509186451145277,10.794710871876195,0.5420952312902528,0.4957336740829973,0.39822704028160977,0.5010429033695064,0.5372628031340224,0.2964752032054242,0.55149302749798,1.7122558400679648,0.43509072472018584,0.41408035549709676,0.4245855401086413,0.5146705309177779,1.2202345597280913,0.19904310233738756,2.8279091212210927,0.08896264702363682,0.27723025663028283
宁夏,西部,2013,0.42,0.404794716186676,0.45529973807618784,0.3499974172706871,0.3887455476321619,0.33944331446557824,0.4749598833580049,0.4132999224002927,0.026923466629090374,10.772973599808259,0.568615290491902,0.5637090961654726,0.38553929189196934,0.5146131359086351,0.49954570148395644,0.3532789242727006,0.5618274289337354,1.8418541727871869,0.4895079833163982,0.445866706712203,0.46768734501430065,0.5262777351952902,1.231887080444861,0.20854720542764016,3.2079308331729948,0.0951319963253195,0.326383575658453
宁夏,西部,2014,0.42,0.44445319382005655,0.4784932250842901,0.4274278966993432,0.4597848200668472,0.3638298693216561,0.4608533098341778,0.459947210700838,0.022092690099776942,10.888372389927481,0.5544503919654692,0.5210213633100311,0.421480695675729,0.5425614420163767,0.5087973954688668,0.36400234440095725,0.5689381563744593,1.863449153264996,0.44575050722151865,0.4113045176026385,0.42852751241207854,0.5490810394848682,1.264796064242575,0.23491089514561372,3.0759897738667625,0.11528850860877887,0.3317465596158005
宁夏,西部,2015,0.42,0.4497639651849613,0.5228463781904066,0.43099218640134457,0.44484184544826627,0.3472369164335312,0.4254956909320788,0.5007136124896259,0.023448280977355438,11.016236356594334,0.5716377448072725,0.5219594911094403,0.4347355147741088,0.5402580990112444,0.501551412319048,0.2982309022465295,0.598529357295723,1.875232974423953,0.44754860679560093,0.3764616750370664,0.41200514091633367,0.5846139495305568,1.3332659729086673,0.28763155085708714,3.4779074694832883,0.12207466748536167,0.33675916426261804
宁夏,西部,2016,0.42,0.4798623155276134,0.5502388302251083,0.43714223805432123,0.5170673859587672,0.35420728597236595,0.4746755184712422,0.5151097956894548,0.02336492697925562,11.056794706868212,0.5758331920607422,0.5369357723822465,0.4297210542539293,0.5829035541524473,0.5027940806034024,0.3068047139066885,0.5959463468594162,1.909398850518121,0.4633855346248762,0.354945784109216,0.4091656593670461,0.5828873904464502,1.3255356899968866,0.2818166720705241,3.6335208030250348,0.11156812457036078,0.34578460155088775
宁夏,西部,2017,0.42,0.5123361527325759,0.5609309005265412,0.4782532654148591,0.49812102574266987,0.411925526537513,0.5317534095952745,0.5798001004291301,0.021703451794835966,11.097425357758818,0.5971981088170216,0.5164631411388361,0.4234531561821432,0.6103664305747073,0.5102200711411597,0.34615289601542165,0.6051918848043452,1.889762834839193,0.43288920821582727,0.3663849446849894,0.39963707645040836,0.608394621337386,1.4116033954848486,0.34472621823181787,3.4773607775600563,0.12426982174366237,0.3987505999597928
宁夏,西部,2018,0.42,0.5405407922002134,0.6004051861398718,0.5021924392118183,0.5579121505699326,0.4370642073218388,0.5304773558532615,0.5925355760565152,0.020600460364981813,11.285460695750329,0.5944621369327319,0.46972806040984144,0.4598259692992053,0.6353952149007187,0.5119293501534313,0.3624312795336745,0.5955799127715571,1.9171070939882056,0.421173950419807,0.3533952899589088,0.3872846201893579,0.6371014110107006,1.4773942682129508,0.3902799064602952,3.7355756171657486,0.11136600772972634,0.40549969202318226
宁夏,西部,2019,0.42,0.5743130105055182,0.6213176849599186,0.5132037751012047,0.5911029600897879,0.4681407583004999,0.6154964013159101,0.6227339654646623,0.01645727330103594,11.314968889344616,0.6041847430190777,0.4860961678523052,0.47450462186480286,0.6307170214908653,0.4504443617389109,0.351031690724157,0.6355210164718189,1.9611645473239074,0.39668187567907376,0.33019855332448006,0.3634402145017769,0.6387786291752868,1.5420284008524585,0.43309869316378075,3.9969942253383626,0.12585335390997848,0.3974297293206176
宁夏,西部,2020,0.42,0.5953733469250605,0.6432139227288756,0.5316102929878194,0.6113174222104838,0.4466655705561185,0.657257481947013,0.6658784764912151,0.018829703027763208,11.269055399641726,0.6335575112039865,0.49446543360625556,0.5076202823692613,0.6727766763401274,0.5176638245229018,0.3528942848225693,0.5940812577621866,1.9072481865602526,0.4077082590026671,0.3180816767386925,0.36289496787067976,0.6980936452654786,1.577776542100924,0.45601660409521827,4.064336535240954,0.14388830380269432,0.40718642594075055
宁夏,西部,2021,0.42,0.6044510417673593,0.6803223808377411,0.5416271667985598,0.6023454068807443,0.4458622547360052,0.6661879854661846,0.6674839256971195,0.017610572338863147,11.386829065870112,0.6534381355429707,0.47148473006899955,0.49713121150900097,0.6791007342411359,0.514220587985576,0.35602910579647035,0.6300740007237154,1.9989963780868227,0.3843839445952113,0.372654228379797,0.37851908648750415,0.6964659709747437,1.6372141614343532,0.492996115387581,4.061118152241112,0.11961326927955616,0.4426257373338438
宁夏,西部,2022,0.42,0.6741803325880861,0.7220161851508478,0.6209591818498162,0.6593068403173449,0.5030474592826703,0.7746327113540722,0.7513844037676185,0.019566128517448607,11.485615109298557,0.6544738217935394,0.4977604129298206,0.5222220256966531,0.6979923280104555,0.5369752143669699,0.3069036173731348,0.6529733117624591,2.0699196434008362,0.31509903666212,0.3047272306630441,0.30991313366258205,0.7322940275299177,1.7387279456662208,0.5531537801585211,4.644083311916652,0.12293818141424827,0.49090561888280215
宁夏,西部,2023,0.42,0.7376079935016836,0.7745073455582036,0.7071536660576446,0.7086911603664321,0.6073281968424794,0.7973101748895369,0.8215465456155426,0.01766760695503979,11.612194350328837,0.6829150518785553,0.49771766049863764,0.5385319819870175,0.6892010606827593,0.5187458992276721,0.3151232007958762,0.6439013628761187,2.105016765782361,0.3180780492989066,0.2834435678169989,0.30076080855795273,0.808850389262988,1.855918462188618,0.6183797013885269,4.671426204508378,0.13863549817371718,0.5098907609030531
新疆,西部,2006,0.46,0.3643214487562399,0.43206914541322117,0.31285065948429636,0.37719629749931666,0.3361120997855791,0.32711025369395774,0.38384623594980394,0.026688685648692898,10.441946418264074,0.4834877395794589,0.5683613727910263,0.26344645929030086,0.4068605322697599,0.4805525016147507,0.2421009679108733,0.5351379209679009,1.6298661091367725,0.5993436966170548,0.512440391843005,0.5558920442300299,0.5479498197533574,1.1267274170879815,0.11931733986545152,2.385183402397009,0.09053356661903736,0.30803110037042125
新疆,西部,2007,0.46,0.3685442033704557,0.42257971190856436,0.31972209931449125,0.36875543405914474,0.29795103223205277,0.3870151212740687,0.40224594851927103,0.026363749241110842,10.446676282553488,0.47813943341136744,0.5341220999268843,0.286158372421917,0.42381293890603317,0.5248817792656175,0.34185704520485294,0.529700823904909,1.519520129081524,0.5869345051255244,0.5045326771927036,0.5457335911591139,0.581705330394613,1.1936853948077206,0.17704549181548873,2.3447385380417423,0.08256816114292029,0.3116573998043835
新疆,西部,2008,0.46,0.39584718898371113,0.4324678977438607,0.3737364180346966,0.4204549811849278,0.32545911776007325,0.39223411003774344,0.41333176388889886,0.02636147788423763,10.564139624179468,0.4997584820123333,0.5563980384835718,0.29597542047894976,0.440899483796056,0.5032897902716184,0.3731858674172813,0.53364308235227,1.7118861038143491,0.5827589418517032,0.5446039640193869,0.5636814529355451,0.6003656562148658,1.297706795440163,0.2605987032736246,2.6189740718566616,0.10028875921989405,0.2884054981302033
新疆,西部,2009,0.46,0.40136462514082427,0.440141904024536,0.3690651754928327,0.40760972043541044,0.3606125829277498,0.376461459333447,0.44386521705954196,0.025526425583604403,10.544816992289485,0.5142220511009793,0.5455104193923425,0.3361153344205794,0.46284810064034676,0.49466441515562853,0.3003318493839453,0.5433642125711309,1.8087466930068525,0.5862531678200271,0.523125552595173,0.5546893602076001,0.618013426823923,1.3442727392643514,0.2958531525135091,2.827700879717673,0.10334067571391911,0.2802589480452956
新疆,西部,2010,0.46,0.40316721470398786,0.458935917910689,0.38196748914823714,0.40561603608331304,0.3472797826175126,0.39039110683687955,0.41624773992124875,0.023306986885161328,10.73154293048386,0.5497066367364248,0.5342474403198311,0.34608352963080535,0.5201104069824086,0.4736982582756091,0.35906716071738765,0.5254300386497446,1.6999241305903308,0.5979512089551092,0.5115566407983162,0.5547539248767127,0.5922027065681783,1.2999235085372207,0.26230542314962135,2.710550568269219,0.09796430169285009,0.29563401611658585
新疆,西部,2011,0.46,0.43041072111348827,0.4773903886802356,0.40526952284891193,0.4403297086051179,0.3629730635559564,0.4220454151621372,0.45734493695707557,0.024937978476536768,10.761636033308793,0.5390854597667067,0.5215270999494733,0.3648044566631428,0.5056369827669942,0.47563327514476916,0.2915700318788863,0.5550441252500222,1.7617843944256535,0.5803733548808171,0.4824401211608958,0.5314067380208565,0.617279598282044,1.3643242078090076,0.3106592201872495,3.0775525945109266,0.09030334273987686,0.33421095374512344
新疆,西部,2012,0.46,0.4269073458951659,0.4813990769639141,0.39488162206917754,0.4364732333839791,0.35852634016073415,0.4322689069443471,0.4396642190443999,0.028081099192615113,10.73313769382809,0.5551611040106834,0.5494072931219854,0.3826312773430539,0.5215795970103196,0.47663499054020586,0.30663116857187167,0.5593252635069423,1.9211963334638524,0.5600544088921565,0.47129392355780947,0.515674166224983,0.6327955264389628,1.4199869043744229,0.35064764929911074,3.1209224243164986,0.0978613630552398,0.2994630895297305
新疆,西部,2013,0.46,0.4463909491973558,0.48152247547373067,0.424943134080985,0.4527608016277512,0.38409934586427885,0.44861291445077506,0.47355933390947885,0.022990774758272943,10.903076030702294,0.5671759114014944,0.5127999317338449,0.3679082896816921,0.5597283903149639,0.5172197061210502,0.34096485141403926,0.537728167943631,1.7915894904878114,0.5865748196160882,0.5193508068998749,0.5529628132579816,0.6273601983299023,1.4130840482581994,0.3457745840694205,3.14904413067768,0.11378146792800123,0.31674904609812815
新疆,西部,2014,0.46,0.481892575700758,0.5305773945339949,0.46680392115013525,0.46953761835214175,0.43012613000752964,0.47235778987255705,0.5077619533440761,0.023880921869947756,10.997856082025223,0.5957824750909759,0.4908236914416893,0.38980612719470226,0.5483500406892592,0.45863983484951687,0.317277869557655,0.5892731884073494,1.807592744815984,0.56767237952721,0.5113227458197933,0.5394975626735017,0.6777740060810811,1.4440020847127109,0.36741848417645584,3.382543222066599,0.1052038818194521,0.36489425246317664
新疆,西部,2015,0.46,0.4866884945393585,0.5377984873127342,0.4496196196577737,0.5096892679459532,0.38700538404171986,0.4911389451287374,0.5240106784865963,0.023263014097179933,11.00376028266109,0.6076943138429416,0.5481418239214395,0.4255393416465435,0.5626714628084413,0.4714669350798636,0.29971999542548,0.6214979502132815,1.9790035357726856,0.5705879249921312,0.4803268757117518,0.5254574003519414,0.6849785147725553,1.475906769693967,0.3892725600193619,3.3945284366784216,0.1191708410314934,0.3544145276901882
新疆,西部,2016,0.46,0.5135903830021754,0.5645960401867642,0.45758991732694215,0.5668376787110175,0.3830513547875327,0.5226799677545659,0.5616334856303361,0.022173388520546455,11.136272582601203,0.6003246438355718,0.5162646267279274,0.419863353347015,0.6202436536971584,0.5340110151475979,0.3164156156362863,0.5889659816414197,1.8638718955414555,0.5163243283484547,0.4486670841697118,0.4824957062590832,0.6872639291733283,1.5455444140855523,0.4353762198578344,3.6264362870176465,0.12192340324493539,0.3710084871345717
新疆,西部,2017,0.46,0.53226263495943,0.5802899580304269,0.45360336710840726,0.5689862384385609,0.44278608564195016,0.5706069079635936,0.5637161744698559,0.02239449665995999,11.16746732049052,0.6121031861419837,0.5129254237394556,0.4613956127808559,0.6134000365398624,0.45768215538958884,0.39283890411803757,0.5995352377396644,1.9232925534423615,0.4941055161829618,0.4445877909728477,0.4693466535779047,0.711418975296494,1.6342479080429009,0.49118270343822945,3.8441263089045843,0.11469825590387846,0.3902782696020344
新疆,西部,2018,0.46,0.552963078014624,0.624054410614903,0.5009907105121997,0.5656899438569304,0.4298877013157586,0.5681486066997476,0.6049540594402111,0.02037027929581851,11.325550373778546,0.6203489939762886,0.4782041838000451,0.5003207301408649,0.6669065018892437,0.4843475472461452,0.3490702377672812,0.685740356532721,2.0287729974309516,0.5141977577618945,0.4761860656449199,0.49519191170340715,0.7307137586722164,1.7096464385652321,0.5362865880635873,4.010819048103456,0.11810953820309937,0.40978153745497303
新疆,西部,2019,0.46,0.5768535166384986,0.6431072173842196,0.5312542119942395,0.5976346780347123,0.4160962837460416,0.6169856571730141,0.6282049643736359,0.022195157954742285,11.452994383434987,0.6569664466119449,0.4779513278638833,0.49486889188904376,0.6681168255795733,0.48884713714427286,0.35251241145426954,0.6280098433472666,2.0669758197213506,0.5026643110652582,0.4638990157959354,0.4832816634305968,0.7286581055465676,1.7068744848812394,0.5346639114552277,4.062552071202247,0.12391094171642378,0.42711983213975246
新疆,西部,2020,0.46,0.589781967648685,0.6395883472483394,0.5295928172590476,0.6123260147768929,0.4164440245618552,0.6460335094268491,0.6740781238657383,0.01813182605565563,11.41811096012402,0.6546783865543058,0.4652703028919707,0.5225129370862799,0.673029887420254,0.4842441816446007,0.3253483366948874,0.6349832786187154,2.047042762627671,0.5049658563967812,0.43442303669920207,0.46969444654799164,0.7677899040341458,1.846971646388216,0.6135473499288426,4.165972643679291,0.11613093374523768,0.44884426575848796
新疆,西部,2021,0.46,0.6091308246606424,0.681199269794502,0.5640424153915987,0.6058780183916201,0.4802666746739267,0.6513758666971686,0.6490771877455835,0.020881688191794166,11.471743106516595,0.6659633812970317,0.4705970796514229,0.5268695399777209,0.6869356435264359,0.4690074100034395,0.3107876497618175,0.6513776461868745,2.088042479085491,0.4982190028826883,0.4474565184616363,0.4728377606721623,0.7667542891589132,1.8922526723075073,0.6377680094442227,4.453556977803708,0.13256205130066284,0.4089872599922658
新疆,西部,2022,0.46,0.6659287773212149,0.715822079827123,0.6191736475318449,0.6502146384799783,0.5411011648526071,0.6909667327533812,0.7658353125419328,0.017325172549730244,11.63510420802756,0.6666637415806103,0.5055526333693368,0.5258083425088569,0.7390290758497274,0.48318382673886046,0.38140410213780396,0.6670469938736375,1.9894259683284785,0.4527563384764174,0.39360787092732114,0.42318210470186923,0.8114068667773091,1.9066049592846586,0.6453241521883282,4.604504944983225,0.13933791481143687,0.4559119542978255
新疆,西部,2023,0.46,0.7152193272292815,0.7715965170816892,0.6873224851259835,0.7201305081790136,0.54952289791904,0.732189861194638,0.8053120008678858,0.014493766575439125,11.591317876211113,0.6631651516010836,0.4691110756868193,0.5465062924875539,0.7288550043954651,0.5413474067125672,0.2566338708577384,0.6318013179216435,2.1757149694958806,0.44959229760742914,0.38633913850968243,0.41796571805855576,0.8687443863833594,2.039637662961212,0.7127721758850163,4.723541147320823,0.13368261367549125,0.5219182015291786
