study,algo,problem,dim,run,value
ablation,SBOA,F1,10,0,1.8528063850e+03
ablation,SBOA,F3,10,0,9.4113349671e+02
ablation,SBOA,F4,10,0,7.5221385340e+00
ablation,SBOA,F5,10,0,7.9699644639e+00
ablation,SBOA,F10,10,0,5.5734433546e+02
ablation,SBOA,F11,10,0,4.0037734392e+00
ablation,SBOA,F12,10,0,5.6794897930e+03
ablation,SBOA,F13,10,0,4.2892560573e+04
ablation,SBOA,F6,10,0,5.1346395205e-01
ablation,SBOA,F7,10,0,2.8948646718e+01
ablation,SBOA,F8,10,0,1.3942327265e+01
ablation,SBOA,F9,10,0,1.5426948700e-03
ablation,SBOA,F14,10,0,1.6417071556e+02
ablation,SBOA,F15,10,0,2.1435780509e+03
ablation,SBOA,F16,10,0,1.2794344458e+01
ablation,SBOA,F17,10,0,3.4948539367e+01
ablation,SBOA,F18,10,0,1.9499719236e+04
ablation,SBOA,F19,10,0,3.0861331505e+01
ablation,SBOA,F20,10,0,7.5463252944e+00
ablation,SBOA,F21,10,0,2.1654179207e+02
ablation,SBOA,F30,10,0,1.0158735441e+04
ablation,SBOA-GPSI,F1,10,0,5.1405279336e+03
ablation,SBOA-GPSI,F3,10,0,3.1825413069e+02
ablation,SBOA-GPSI,F4,10,0,5.3096013331e+00
ablation,SBOA-GPSI,F5,10,0,8.5031368967e+00
ablation,SBOA-GPSI,F6,10,0,2.4277123047e-01
ablation,SBOA-GPSI,F7,10,0,2.3693068645e+01
ablation,SBOA-GPSI,F8,10,0,6.9698955242e+00
ablation,SBOA,F22,10,0,1.0083142054e+02
ablation,SBOA,F23,10,0,3.2562542613e+02
ablation,SBOA,F24,10,0,3.4076529376e+02
ablation,SBOA,F25,10,0,4.4673222343e+02
ablation,SBOA-GPSI,F9,10,0,4.5105397026e-03
ablation,SBOA-GPSI,F10,10,0,8.6340182419e+02
ablation,SBOA-GPSI,F11,10,0,5.4815279988e+00
ablation,SBOA-GPSI,F12,10,0,1.5364963591e+05
ablation,SBOA,F26,10,0,3.0008463052e+02
ablation,SBOA,F27,10,0,3.8983311006e+02
ablation,SBOA,F28,10,0,3.7653756899e+02
ablation,SBOA,F29,10,0,3.0757274318e+02
ablation,SBOA-GPSI,F13,10,0,1.0756935020e+04
ablation,SBOA-GPSI,F14,10,0,1.9098289579e+02
ablation,SBOA-GPSI,F15,10,0,2.6242120230e+03
ablation,SBOA-GPSI,F16,10,0,7.6175231210e+00
ablation,SBOA-GPSI,F17,10,0,2.7251018819e+01
ablation,SBOA-GPSI,F18,10,0,2.1498609182e+04
ablation,SBOA-GPSI,F19,10,0,3.2377395170e+02
ablation,SBOA-GPSI,F20,10,0,3.1305564156e+01
ablation,SBOA-GPSI,F21,10,0,1.0149695342e+02
ablation,SBOA-GPSI,F22,10,0,1.0041168396e+02
ablation,SBOA-GPSI,F23,10,0,3.2552005369e+02
ablation,SBOA-GPSI,F24,10,0,1.0266655145e+02
ablation,SBOA-LOBL,F4,10,0,7.5060237235e+00
ablation,SBOA-LOBL,F5,10,0,1.7943462204e+01
ablation,SBOA-LOBL,F6,10,0,2.0828313019e-01
ablation,SBOA-LOBL,F7,10,0,2.3611573866e+01
ablation,SBOA-LOBL,F8,10,0,1.0080966349e+01
ablation,SBOA-LOBL,F9,10,0,4.1816405577e-03
ablation,SBOA-LOBL,F10,10,0,1.1362958582e+03
ablation,SBOA-LOBL,F11,10,0,1.0329281705e+01
ablation,SBOA-GPSI,F29,10,0,2.7744160011e+02
ablation,SBOA-GPSI,F30,10,0,2.6680025571e+05
ablation,SBOA-LOBL,F1,10,0,1.0464438516e+03
ablation,SBOA-LOBL,F3,10,0,1.8223515215e+02
ablation,SBOA-GPSI,F25,10,0,3.9918166890e+02
ablation,SBOA-GPSI,F26,10,0,3.0002185873e+02
ablation,SBOA-GPSI,F27,10,0,3.8970808745e+02
ablation,SBOA-GPSI,F28,10,0,6.1182167438e+02
ablation,SBOA-LOBL,F12,10,0,2.4373021876e+06
ablation,SBOA-LOBL,F13,10,0,9.3620969261e+02
ablation,SBOA-LOBL,F14,10,0,1.8127932090e+02
ablation,SBOA-LOBL,F15,10,0,1.2912650692e+03
ablation,SBOA-LOBL,F16,10,0,2.4104792430e+02
ablation,SBOA-LOBL,F17,10,0,4.4186203118e+01
ablation,SBOA-LOBL,F18,10,0,2.1012729104e+03
ablation,SBOA-LOBL,F19,10,0,3.2148403471e+02
ablation,SBOA-ACGM,F3,10,0,1.6522401223e+02
ablation,SBOA-ACGM,F4,10,0,6.4158352280e+00
ablation,SBOA-ACGM,F5,10,0,7.1204103880e+00
ablation,SBOA-ACGM,F6,10,0,6.9122581902e-01
ablation,SBOA-LOBL,F20,10,0,3.4597581143e+01
ablation,SBOA-LOBL,F21,10,0,1.0449544698e+02
ablation,SBOA-LOBL,F22,10,0,1.0081902825e+02
ablation,SBOA-LOBL,F23,10,0,3.0675683249e+02
ablation,SBOA-ACGM,F7,10,0,1.7873750619e+01
ablation,SBOA-ACGM,F8,10,0,1.0956183047e+01
ablation,SBOA-ACGM,F9,10,0,9.7436923879e-02
ablation,SBOA-ACGM,F10,10,0,9.1427067998e+02
ablation,SBOA-LOBL,F24,10,0,1.0550491725e+02
ablation,SBOA-LOBL,F25,10,0,4.4369046627e+02
ablation,SBOA-LOBL,F26,10,0,3.0016698265e+02
ablation,SBOA-LOBL,F27,10,0,3.9063447080e+02
ablation,SBOA-LOBL,F28,10,0,3.7069649728e+02
ablation,SBOA-LOBL,F29,10,0,2.7698811481e+02
ablation,SBOA-LOBL,F30,10,0,1.7506468593e+06
ablation,SBOA-ACGM,F1,10,0,1.1874818719e+03
ablation,SBOA-ACGM,F11,10,0,6.5103745469e+00
ablation,SBOA-ACGM,F12,10,0,6.8091006253e+05
ablation,SBOA-ACGM,F13,10,0,6.0541724875e+03
ablation,SBOA-ACGM,F14,10,0,1.5504020447e+02
ablation,SBOA-ACGM,F15,10,0,8.8386205524e+02
ablation,SBOA-ACGM,F16,10,0,1.2119771577e+02
ablation,SBOA-ACGM,F17,10,0,5.2562793820e+01
ablation,SBOA-ACGM,F18,10,0,2.2726159042e+04
ablation,SBOA-GPSI-LOBL,F1,10,0,4.0186136755e+03
ablation,SBOA-GPSI-LOBL,F3,10,0,1.0048791263e+02
ablation,SBOA-GPSI-LOBL,F4,10,0,7.1001329222e+00
ablation,SBOA-GPSI-LOBL,F5,10,0,1.0296750127e+01
ablation,SBOA-ACGM,F19,10,0,4.5562585178e+03
ablation,SBOA-ACGM,F20,10,0,6.8145635486e+01
ablation,SBOA-ACGM,F21,10,0,1.0460782551e+02
ablation,SBOA-ACGM,F22,10,0,1.0088530036e+02
ablation,SBOA-GPSI-LOBL,F6,10,0,8.4696707657e-01
ablation,SBOA-GPSI-LOBL,F7,10,0,2.4208812301e+01
ablation,SBOA-GPSI-LOBL,F8,10,0,1.3214369728e+01
ablation,SBOA-GPSI-LOBL,F9,10,0,9.5665256647e-02
ablation,SBOA-ACGM,F23,10,0,3.0899971156e+02
ablation,SBOA-ACGM,F24,10,0,3.4068552506e+02
ablation,SBOA-ACGM,F25,10,0,3.9906908470e+02
ablation,SBOA-ACGM,F26,10,0,3.0003990453e+02
ablation,SBOA-GPSI-LOBL,F10,10,0,4.8741249150e+02
ablation,SBOA-GPSI-LOBL,F11,10,0,8.2455782379e+00
ablation,SBOA-GPSI-LOBL,F12,10,0,8.9888533969e+05
ablation,SBOA-GPSI-LOBL,F13,10,0,6.2895234327e+02
ablation,SBOA-ACGM,F27,10,0,3.9745813913e+02
ablation,SBOA-ACGM,F28,10,0,4.9032615507e+02
ablation,SBOA-ACGM,F29,10,0,3.1336037990e+02
ablation,SBOA-ACGM,F30,10,0,7.8628530695e+05
ablation,SBOA-GPSI-LOBL,F14,10,0,1.8041516605e+02
ablation,SBOA-GPSI-LOBL,F15,10,0,7.9739461100e+02
ablation,SBOA-GPSI-LOBL,F16,10,0,3.9833465947e+01
ablation,SBOA-GPSI-LOBL,F17,10,0,2.3786662896e+01
ablation,SBOA-GPSI-LOBL,F18,10,0,1.0608904623e+04
ablation,SBOA-GPSI-LOBL,F19,10,0,1.5506499170e+02
ablation,SBOA-GPSI-LOBL,F20,10,0,2.4448826291e+01
ablation,SBOA-GPSI-LOBL,F21,10,0,2.1325074419e+02
ablation,SBOA-GPSI-ACGM,F5,10,0,1.0035870527e+01
ablation,SBOA-GPSI-ACGM,F6,10,0,8.7038639669e-02
ablation,SBOA-GPSI-ACGM,F7,10,0,1.9036708465e+01
ablation,SBOA-GPSI-ACGM,F8,10,0,1.0946905052e+01
ablation,SBOA-GPSI-LOBL,F30,10,0,2.2429681877e+06
ablation,SBOA-GPSI-ACGM,F1,10,0,1.5173947712e+05
ablation,SBOA-GPSI-ACGM,F3,10,0,3.7169969994e+01
ablation,SBOA-GPSI-ACGM,F4,10,0,6.1771463107e+00
ablation,SBOA-GPSI-LOBL,F22,10,0,2.3750407011e+01
ablation,SBOA-GPSI-LOBL,F23,10,0,3.2556367152e+02
ablation,SBOA-GPSI-LOBL,F24,10,0,1.1365042452e+02
ablation,SBOA-GPSI-LOBL,F25,10,0,4.4453939839e+02
ablation,SBOA-GPSI-ACGM,F9,10,0,1.3274163793e-02
ablation,SBOA-GPSI-ACGM,F10,10,0,1.1153273483e+03
ablation,SBOA-GPSI-ACGM,F11,10,0,6.2436930004e+00
ablation,SBOA-GPSI-ACGM,F12,10,0,1.3027377893e+06
ablation,SBOA-GPSI-ACGM,F13,10,0,3.9598619558e+03
ablation,SBOA-GPSI-ACGM,F14,10,0,1.4448188982e+02
ablation,SBOA-GPSI-ACGM,F15,10,0,3.8646191943e+03
ablation,SBOA-GPSI-ACGM,F16,10,0,5.3781297479e+00
ablation,SBOA-GPSI-ACGM,F17,10,0,4.0873886098e+01
ablation,SBOA-GPSI-ACGM,F18,10,0,1.4118048792e+04
ablation,SBOA-GPSI-ACGM,F19,10,0,4.5512048262e+02
ablation,SBOA-GPSI-ACGM,F20,10,0,2.6702179574e+01
ablation,SBOA-GPSI-LOBL,F26,10,0,3.8981244229e+02
ablation,SBOA-GPSI-LOBL,F27,10,0,3.9066720569e+02
ablation,SBOA-GPSI-LOBL,F28,10,0,4.1839520318e+02
ablation,SBOA-GPSI-LOBL,F29,10,0,3.0041163513e+02
ablation,SBOA-GPSI-ACGM,F21,10,0,2.1062549532e+02
ablation,SBOA-GPSI-ACGM,F22,10,0,1.0045933128e+02
ablation,SBOA-GPSI-ACGM,F23,10,0,3.2137777722e+02
ablation,SBOA-GPSI-ACGM,F24,10,0,3.5392634412e+02
ablation,SBOA-LOBL-ACGM,F4,10,0,7.1758193735e+00
ablation,SBOA-LOBL-ACGM,F5,10,0,2.0064750836e+01
ablation,SBOA-LOBL-ACGM,F6,10,0,2.8396368109e-01
ablation,SBOA-LOBL-ACGM,F7,10,0,1.3470263990e+01
ablation,SBOA-LOBL-ACGM,F8,10,0,1.4925795111e+01
ablation,SBOA-LOBL-ACGM,F9,10,0,1.0797765378e-01
ablation,SBOA-LOBL-ACGM,F10,10,0,4.9590355587e+02
ablation,SBOA-LOBL-ACGM,F11,10,0,5.2189497967e+00
ablation,SBOA-GPSI-ACGM,F25,10,0,4.2042743721e+02
ablation,SBOA-GPSI-ACGM,F26,10,0,3.0025716702e+02
ablation,SBOA-GPSI-ACGM,F27,10,0,3.9008790730e+02
ablation,SBOA-GPSI-ACGM,F28,10,0,3.7100161166e+02
ablation,SBOA-GPSI-ACGM,F29,10,0,2.5143248184e+02
ablation,SBOA-GPSI-ACGM,F30,10,0,1.1667701272e+06
ablation,SBOA-LOBL-ACGM,F1,10,0,7.2840968582e+03
ablation,SBOA-LOBL-ACGM,F3,10,0,1.2654128701e+02
ablation,SBOA-LOBL-ACGM,F12,10,0,1.4952535746e+06
ablation,SBOA-LOBL-ACGM,F13,10,0,2.9982124056e+04
ablation,SBOA-LOBL-ACGM,F14,10,0,2.9486419556e+02
ablation,SBOA-LOBL-ACGM,F15,10,0,1.5742403783e+03
ablation,SBOA-LOBL-ACGM,F16,10,0,3.9858556645e+01
ablation,SBOA-LOBL-ACGM,F17,10,0,2.8197062058e+01
ablation,SBOA-LOBL-ACGM,F18,10,0,6.3056759258e+03
ablation,SBOA-LOBL-ACGM,F19,10,0,4.6779253555e+03
ablation,SBOA-LOBL-ACGM,F20,10,0,3.8626679639e+01
ablation,SBOA-LOBL-ACGM,F21,10,0,2.1310113962e+02
ablation,SBOA-LOBL-ACGM,F22,10,0,1.0088747717e+02
ablation,SBOA-LOBL-ACGM,F23,10,0,3.1236510324e+02
ablation,MSSBOA,F3,10,0,2.0000696439e+01
ablation,MSSBOA,F4,10,0,6.3316943700e+00
ablation,MSSBOA,F5,10,0,3.9902796284e+00
ablation,MSSBOA,F6,10,0,1.6339824217e-02
ablation,SBOA-LOBL-ACGM,F24,10,0,3.3764627433e+02
ablation,SBOA-LOBL-ACGM,F25,10,0,4.4638183479e+02
ablation,SBOA-LOBL-ACGM,F26,10,0,3.0010391845e+02
ablation,SBOA-LOBL-ACGM,F27,10,0,3.9836090186e+02
ablation,MSSBOA,F7,10,0,1.9228369574e+01
ablation,MSSBOA,F8,10,0,1.3252431062e+01
ablation,MSSBOA,F9,10,0,9.0595146568e-02
ablation,MSSBOA,F10,10,0,9.4817026917e+02
ablation,MSSBOA,F11,10,0,9.9435085263e+00
ablation,MSSBOA,F12,10,0,9.3972922955e+05
ablation,MSSBOA,F13,10,0,8.5214391763e+03
ablation,MSSBOA,F14,10,0,1.1357572515e+02
ablation,SBOA-LOBL-ACGM,F28,10,0,4.1855204307e+02
ablation,SBOA-LOBL-ACGM,F29,10,0,2.5862019372e+02
ablation,SBOA-LOBL-ACGM,F30,10,0,7.7593590559e+05
ablation,MSSBOA,F1,10,0,3.5582543313e+04
ablation,MSSBOA,F15,10,0,7.8682704476e+02
ablation,MSSBOA,F16,10,0,3.4648165079e+00
ablation,MSSBOA,F17,10,0,3.8778856785e+01
ablation,MSSBOA,F18,10,0,1.0179028577e+04
ablation,SBOA,F1,10,1,3.8612612731e+03
ablation,SBOA,F3,10,1,2.6192659937e+02
ablation,SBOA,F4,10,1,7.2821794001e+00
ablation,SBOA,F5,10,1,8.1239746940e+00
ablation,MSSBOA,F19,10,0,5.1814955760e+02
ablation,MSSBOA,F20,10,0,1.0503450824e+01
ablation,MSSBOA,F21,10,0,2.0610108554e+02
ablation,MSSBOA,F22,10,0,1.0079401610e+02
ablation,SBOA,F6,10,1,7.3615643566e-01
ablation,SBOA,F7,10,1,1.7759566412e+01
ablation,SBOA,F8,10,1,9.9525731635e+00
ablation,SBOA,F9,10,1,5.4465318515e-01
ablation,SBOA,F10,10,1,4.9129468224e+02
ablation,SBOA,F11,10,1,1.2232727091e+01
ablation,SBOA,F12,10,1,9.1727271953e+04
ablation,SBOA,F13,10,1,1.1302847677e+02
ablation,MSSBOA,F23,10,0,3.2157308101e+02
ablation,MSSBOA,F24,10,0,3.4066626402e+02
ablation,MSSBOA,F25,10,0,4.4623370097e+02
ablation,MSSBOA,F26,10,0,3.0016629894e+02
ablation,SBOA,F14,10,1,4.0707687255e+02
ablation,SBOA,F15,10,1,1.1284484343e+03
ablation,SBOA,F16,10,1,1.4218547092e+01
ablation,SBOA,F17,10,1,2.0548709444e+01
ablation,SBOA,F18,10,1,2.2398154082e+04
ablation,SBOA,F19,10,1,1.6295359471e+03
ablation,SBOA,F20,10,1,5.5041488053e+00
ablation,SBOA,F21,10,1,2.1079375572e+02
ablation,MSSBOA,F27,10,0,3.8977636143e+02
ablation,MSSBOA,F28,10,0,6.1182167038e+02
ablation,MSSBOA,F29,10,0,2.4439252559e+02
ablation,MSSBOA,F30,10,0,2.2470455798e+06
ablation,SBOA-GPSI,F5,10,1,1.1978127112e+01
ablation,SBOA-GPSI,F6,10,1,1.6588356883e-01
ablation,SBOA-GPSI,F7,10,1,1.5206645713e+01
ablation,SBOA-GPSI,F8,10,1,1.2739130906e+01
ablation,SBOA,F22,10,1,1.0011472959e+02
ablation,SBOA,F23,10,1,3.1463526220e+02
ablation,SBOA,F24,10,1,3.3947066640e+02
ablation,SBOA,F25,10,1,4.0004442586e+02
ablation,SBOA,F30,10,1,2.6743138556e+03
ablation,SBOA-GPSI,F1,10,1,6.1710752407e+04
ablation,SBOA-GPSI,F3,10,1,2.9937078845e+02
ablation,SBOA-GPSI,F4,10,1,6.3363311749e+00
ablation,SBOA-GPSI,F9,10,1,1.9851415678e-03
ablation,SBOA-GPSI,F10,10,1,4.7745356592e+02
ablation,SBOA-GPSI,F11,10,1,3.8639785266e+00
ablation,SBOA-GPSI,F12,10,1,2.1960248907e+05
ablation,SBOA-GPSI,F13,10,1,4.0835047371e+03
ablation,SBOA-GPSI,F14,10,1,1.5991340577e+02
ablation,SBOA-GPSI,F15,10,1,1.4858429774e+03
ablation,SBOA-GPSI,F16,10,1,1.2119170593e+02
ablation,SBOA,F26,10,1,3.0008843684e+02
ablation,SBOA,F27,10,1,3.9397918068e+02
ablation,SBOA,F28,10,1,3.9329111765e+02
ablation,SBOA,F29,10,1,2.6469734057e+02
ablation,SBOA-GPSI,F17,10,1,3.8296584744e+01
ablation,SBOA-GPSI,F18,10,1,9.2268246534e+03
ablation,SBOA-GPSI,F19,10,1,9.6304816384e+02
ablation,SBOA-GPSI,F20,10,1,2.5818531220e+01
ablation,SBOA-LOBL,F4,10,1,7.4290645683e+00
ablation,SBOA-LOBL,F5,10,1,6.9813771751e+00
ablation,SBOA-LOBL,F6,10,1,4.1028803489e-01
ablation,SBOA-LOBL,F7,10,1,2.8953337174e+01
ablation,SBOA-GPSI,F21,10,1,1.0271703449e+02
ablation,SBOA-GPSI,F22,10,1,1.0004980992e+02
ablation,SBOA-GPSI,F23,10,1,3.1126018635e+02
ablation,SBOA-GPSI,F24,10,1,3.3731528590e+02
ablation,SBOA-LOBL,F8,10,1,1.9119453308e+01
ablation,SBOA-LOBL,F9,10,1,4.6440100346e-04
ablation,SBOA-LOBL,F10,10,1,9.1914083340e+02
ablation,SBOA-LOBL,F11,10,1,1.3936411213e+01
ablation,SBOA-GPSI,F29,10,1,2.5677885010e+02
ablation,SBOA-GPSI,F30,10,1,2.7149724326e+05
ablation,SBOA-LOBL,F1,10,1,1.5198911646e+05
ablation,SBOA-LOBL,F3,10,1,4.6758106849e+02
ablation,SBOA-GPSI,F25,10,1,4.4537036214e+02
ablation,SBOA-GPSI,F26,10,1,3.0016974932e+02
ablation,SBOA-GPSI,F27,10,1,3.8956691913e+02
ablation,SBOA-GPSI,F28,10,1,3.6530216926e+02
ablation,SBOA-LOBL,F12,10,1,7.3750315483e+05
ablation,SBOA-LOBL,F13,10,1,2.7743316592e+04
ablation,SBOA-LOBL,F14,10,1,3.1521821707e+02
ablation,SBOA-LOBL,F15,10,1,1.4409450868e+03
ablation,SBOA-LOBL,F16,10,1,1.3783447527e+02
ablation,SBOA-LOBL,F17,10,1,4.3329440096e+01
ablation,SBOA-LOBL,F18,10,1,1.7782832337e+04
ablation,SBOA-LOBL,F19,10,1,4.7137956544e+02
ablation,SBOA-ACGM,F3,10,1,2.2539148676e+02
ablation,SBOA-ACGM,F4,10,1,6.1709710120e+00
ablation,SBOA-ACGM,F5,10,1,1.3633547714e+01
ablation,SBOA-ACGM,F6,10,1,4.7901272969e-02
ablation,SBOA-LOBL,F20,10,1,3.2583213627e+01
ablation,SBOA-LOBL,F21,10,1,2.0682745742e+02
ablation,SBOA-LOBL,F22,10,1,1.0078034565e+02
ablation,SBOA-LOBL,F23,10,1,3.2064865049e+02
ablation,SBOA-ACGM,F7,10,1,2.8709876938e+01
ablation,SBOA-ACGM,F8,10,1,9.4615215684e+00
ablation,SBOA-ACGM,F9,10,1,1.5576204104e-02
ablation,SBOA-ACGM,F10,10,1,8.6938038998e+02
ablation,SBOA-LOBL,F24,10,1,3.4298140860e+02
ablation,SBOA-LOBL,F25,10,1,3.9854880261e+02
ablation,SBOA-LOBL,F26,10,1,3.0013360604e+02
ablation,SBOA-LOBL,F27,10,1,3.9596794576e+02
ablation,SBOA-ACGM,F11,10,1,4.6621167469e+00
ablation,SBOA-ACGM,F12,10,1,2.7305245505e+06
ablation,SBOA-ACGM,F13,10,1,9.7991391831e+03
ablation,SBOA-ACGM,F14,10,1,2.7154652356e+02
ablation,SBOA-LOBL,F28,10,1,3.7176824515e+02
ablation,SBOA-LOBL,F29,10,1,2.7863093807e+02
ablation,SBOA-LOBL,F30,10,1,7.6635286739e+05
ablation,SBOA-ACGM,F1,10,1,1.6104710199e+03
ablation,SBOA-ACGM,F15,10,1,1.5829895544e+03
ablation,SBOA-ACGM,F16,10,1,3.8785447039e+01
ablation,SBOA-ACGM,F17,10,1,4.6355939859e+01
ablation,SBOA-ACGM,F18,10,1,2.3008986130e+04
ablation,SBOA-GPSI-LOBL,F1,10,1,1.3833437192e+04
ablation,SBOA-GPSI-LOBL,F3,10,1,1.5136741682e+02
ablation,SBOA-GPSI-LOBL,F4,10,1,7.3943509585e+00
ablation,SBOA-GPSI-LOBL,F5,10,1,2.0256322824e+01
ablation,SBOA-ACGM,F19,10,1,8.3128519580e+01
ablation,SBOA-ACGM,F20,10,1,2.7074364831e+01
ablation,SBOA-ACGM,F21,10,1,1.0347880458e+02
ablation,SBOA-ACGM,F22,10,1,1.0103158148e+02
ablation,SBOA-GPSI-LOBL,F6,10,1,3.7510967966e-01
ablation,SBOA-GPSI-LOBL,F7,10,1,2.3274480504e+01
ablation,SBOA-GPSI-LOBL,F8,10,1,1.9168591946e+01
ablation,SBOA-GPSI-LOBL,F9,10,1,3.1314565036e-02
ablation,SBOA-GPSI-LOBL,F10,10,1,7.3688066617e+02
ablation,SBOA-GPSI-LOBL,F11,10,1,1.5494604927e+00
ablation,SBOA-GPSI-LOBL,F12,10,1,2.6145958400e+06
ablation,SBOA-GPSI-LOBL,F13,10,1,9.5446807012e+03
ablation,SBOA-ACGM,F23,10,1,3.0492462882e+02
ablation,SBOA-ACGM,F24,10,1,3.4176341078e+02
ablation,SBOA-ACGM,F25,10,1,3.9987875365e+02
ablation,SBOA-ACGM,F26,10,1,3.0025174398e+02
ablation,SBOA-GPSI-LOBL,F14,10,1,2.6239782370e+02
ablation,SBOA-GPSI-LOBL,F15,10,1,5.0745747089e+03
ablation,SBOA-GPSI-LOBL,F16,10,1,1.4877215316e+01
ablation,SBOA-GPSI-LOBL,F17,10,1,4.4026945323e+01
ablation,SBOA-ACGM,F27,10,1,3.9089672279e+02
ablation,SBOA-ACGM,F28,10,1,3.6765244420e+02
ablation,SBOA-ACGM,F29,10,1,2.7039732866e+02
ablation,SBOA-ACGM,F30,10,1,8.7209738168e+05
ablation,SBOA-GPSI-LOBL,F18,10,1,1.2769666348e+04
ablation,SBOA-GPSI-LOBL,F19,10,1,4.3079103068e+02
ablation,SBOA-GPSI-LOBL,F20,10,1,4.4556196334e+01
ablation,SBOA-GPSI-LOBL,F21,10,1,2.0859588766e+02
ablation,SBOA-GPSI-ACGM,F5,10,1,7.9718272890e+00
ablation,SBOA-GPSI-ACGM,F6,10,1,1.7245031699e-01
ablation,SBOA-GPSI-ACGM,F7,10,1,1.8756088964e+01
ablation,SBOA-GPSI-ACGM,F8,10,1,7.2122786728e+00
ablation,SBOA-GPSI-LOBL,F30,10,1,3.3434498500e+06
ablation,SBOA-GPSI-ACGM,F1,10,1,2.0831360613e+03
ablation,SBOA-GPSI-ACGM,F3,10,1,2.3195553201e+02
ablation,SBOA-GPSI-ACGM,F4,10,1,7.2115187919e+00
ablation,SBOA-GPSI-LOBL,F22,10,1,1.0038574737e+02
ablation,SBOA-GPSI-LOBL,F23,10,1,3.2101526474e+02
ablation,SBOA-GPSI-LOBL,F24,10,1,1.0128594072e+02
ablation,SBOA-GPSI-LOBL,F25,10,1,4.0223165205e+02
ablation,SBOA-GPSI-ACGM,F9,10,1,9.0640764261e-02
ablation,SBOA-GPSI-ACGM,F10,10,1,1.0697783786e+03
ablation,SBOA-GPSI-ACGM,F11,10,1,8.1946042394e+00
ablation,SBOA-GPSI-ACGM,F12,10,1,3.2328510067e+06
ablation,SBOA-GPSI-ACGM,F13,10,1,1.2644048157e+04
ablation,SBOA-GPSI-ACGM,F14,10,1,1.3461206699e+02
ablation,SBOA-GPSI-ACGM,F15,10,1,5.0666960545e+03
ablation,SBOA-GPSI-ACGM,F16,10,1,3.9942419400e+01
ablation,SBOA-GPSI-ACGM,F17,10,1,2.1529426027e+01
ablation,SBOA-GPSI-ACGM,F18,10,1,1.1184205229e+04
ablation,SBOA-GPSI-ACGM,F19,10,1,2.1541615499e+02
ablation,SBOA-GPSI-ACGM,F20,10,1,4.9270348199e+00
ablation,SBOA-GPSI-LOBL,F26,10,1,3.4714948705e+02
ablation,SBOA-GPSI-LOBL,F27,10,1,3.8998639141e+02
ablation,SBOA-GPSI-LOBL,F28,10,1,6.1182171957e+02
ablation,SBOA-GPSI-LOBL,F29,10,1,2.5612600872e+02
ablation,SBOA-LOBL-ACGM,F4,10,1,5.5371863885e+00
ablation,SBOA-LOBL-ACGM,F5,10,1,1.5970664465e+01
ablation,SBOA-LOBL-ACGM,F6,10,1,4.6775747573e-01
ablation,SBOA-LOBL-ACGM,F7,10,1,2.4707586711e+01
ablation,SBOA-GPSI-ACGM,F21,10,1,2.0955657007e+02
ablation,SBOA-GPSI-ACGM,F22,10,1,1.0171436590e+02
ablation,SBOA-GPSI-ACGM,F23,10,1,3.1121398854e+02
ablation,SBOA-GPSI-ACGM,F24,10,1,1.0495601377e+02
ablation,SBOA-LOBL-ACGM,F8,10,1,1.2962385471e+01
ablation,SBOA-LOBL-ACGM,F9,10,1,8.5912647592e-04
ablation,SBOA-LOBL-ACGM,F10,10,1,1.1509695208e+03
ablation,SBOA-LOBL-ACGM,F11,10,1,4.2231255382e+00
ablation,SBOA-GPSI-ACGM,F29,10,1,2.6181138007e+02
ablation,SBOA-GPSI-ACGM,F30,10,1,1.0631923292e+06
ablation,SBOA-LOBL-ACGM,F1,10,1,3.3919743024e+03
ablation,SBOA-LOBL-ACGM,F3,10,1,6.9681559726e+01
ablation,SBOA-GPSI-ACGM,F25,10,1,3.9959885441e+02
ablation,SBOA-GPSI-ACGM,F26,10,1,3.0004138319e+02
ablation,SBOA-GPSI-ACGM,F27,10,1,3.9269879223e+02
ablation,SBOA-GPSI-ACGM,F28,10,1,4.1510910879e+02
ablation,SBOA-LOBL-ACGM,F12,10,1,3.9763562377e+06
ablation,SBOA-LOBL-ACGM,F13,10,1,6.4834891863e+02
ablation,SBOA-LOBL-ACGM,F14,10,1,1.3541806851e+02
ablation,SBOA-LOBL-ACGM,F15,10,1,3.2238634550e+03
ablation,SBOA-LOBL-ACGM,F16,10,1,1.2268771972e+01
ablation,SBOA-LOBL-ACGM,F17,10,1,8.4644515691e+01
ablation,SBOA-LOBL-ACGM,F18,10,1,1.5893946905e+04
ablation,SBOA-LOBL-ACGM,F19,10,1,2.8232002777e+03
ablation,MSSBOA,F3,10,1,4.7776034755e+01
ablation,MSSBOA,F4,10,1,5.7333872910e+00
ablation,MSSBOA,F5,10,1,9.9651719021e+00
ablation,MSSBOA,F6,10,1,3.5320224576e-01
ablation,SBOA-LOBL-ACGM,F20,10,1,1.4837657185e+02
ablation,SBOA-LOBL-ACGM,F21,10,1,1.0299262719e+02
ablation,SBOA-LOBL-ACGM,F22,10,1,1.0180465980e+02
ablation,SBOA-LOBL-ACGM,F23,10,1,3.2208729222e+02
ablation,MSSBOA,F7,10,1,2.5109753597e+01
ablation,MSSBOA,F8,10,1,8.5168231425e+00
ablation,MSSBOA,F9,10,1,2.2970202286e-01
ablation,MSSBOA,F10,10,1,1.0678104903e+03
ablation,SBOA-LOBL-ACGM,F24,10,1,3.5173106060e+02
ablation,SBOA-LOBL-ACGM,F25,10,1,4.4448176842e+02
ablation,SBOA-LOBL-ACGM,F26,10,1,3.4714947031e+02
ablation,SBOA-LOBL-ACGM,F27,10,1,3.8905651800e+02
ablation,MSSBOA,F11,10,1,6.8858111989e+00
ablation,MSSBOA,F12,10,1,6.2632495910e+05
ablation,MSSBOA,F13,10,1,1.7409021468e+04
ablation,MSSBOA,F14,10,1,1.5424496133e+02
ablation,SBOA-LOBL-ACGM,F28,10,1,3.6761628638e+02
ablation,SBOA-LOBL-ACGM,F29,10,1,2.7916171325e+02
ablation,SBOA-LOBL-ACGM,F30,10,1,1.4615192587e+06
ablation,MSSBOA,F1,10,1,1.5389988724e+04
ablation,MSSBOA,F15,10,1,1.1744480021e+03
ablation,MSSBOA,F16,10,1,1.2287249635e+02
ablation,MSSBOA,F17,10,1,4.5180125635e+01
ablation,MSSBOA,F18,10,1,4.7438326323e+03
ablation,SBOA,F1,10,2,4.6962985750e+03
ablation,SBOA,F3,10,2,4.1439439858e+02
ablation,SBOA,F4,10,2,7.3966534379e+00
ablation,SBOA,F5,10,2,7.0034652372e+00
ablation,MSSBOA,F19,10,1,4.8186841616e+02
ablation,MSSBOA,F20,10,1,3.0869807777e+01
ablation,MSSBOA,F21,10,1,2.1361495498e+02
ablation,MSSBOA,F22,10,1,1.0158182954e+02
ablation,SBOA,F6,10,2,5.0221005710e-01
ablation,SBOA,F7,10,2,1.9629209545e+01
ablation,SBOA,F8,10,2,3.6048548459e+00
ablation,SBOA,F9,10,2,7.6080321734e-03
ablation,SBOA,F10,10,2,4.0738988506e+02
ablation,SBOA,F11,10,2,7.0015216226e+00
ablation,SBOA,F12,10,2,3.6495454525e+04
ablation,SBOA,F13,10,2,8.0944873487e+03
ablation,MSSBOA,F23,10,1,3.0455712953e+02
ablation,MSSBOA,F24,10,1,3.3700443329e+02
ablation,MSSBOA,F25,10,1,4.4537136584e+02
ablation,MSSBOA,F26,10,1,3.0013060846e+02
ablation,SBOA,F14,10,2,6.3486975012e+02
ablation,SBOA,F15,10,2,2.2594916274e+03
ablation,SBOA,F16,10,2,1.3772617662e+02
ablation,SBOA,F17,10,2,4.3974168706e+00
ablation,SBOA,F18,10,2,1.2783161561e+04
ablation,SBOA,F19,10,2,1.3176294275e+02
ablation,SBOA,F20,10,2,1.0879881861e+01
ablation,SBOA,F21,10,2,1.0360995919e+02
ablation,MSSBOA,F27,10,1,3.8962475731e+02
ablation,MSSBOA,F28,10,1,6.1182167629e+02
ablation,MSSBOA,F29,10,1,2.6052370046e+02
ablation,MSSBOA,F30,10,1,1.3168565039e+05
ablation,SBOA-GPSI,F5,10,2,5.1999338162e+00
ablation,SBOA-GPSI,F6,10,2,1.5704214870e+00
ablation,SBOA-GPSI,F7,10,2,1.4359848480e+01
ablation,SBOA-GPSI,F8,10,2,1.4928929532e+01
ablation,SBOA,F22,10,2,1.0406464965e+02
ablation,SBOA,F23,10,2,3.0632919340e+02
ablation,SBOA,F24,10,2,1.1144652316e+02
ablation,SBOA,F25,10,2,3.9966364875e+02
ablation,SBOA,F30,10,2,1.4390138886e+05
ablation,SBOA-GPSI,F1,10,2,4.2303574438e+04
ablation,SBOA-GPSI,F3,10,2,3.3727482453e+01
ablation,SBOA-GPSI,F4,10,2,7.2604698939e+00
ablation,SBOA-GPSI,F9,10,2,1.8518547920e-03
ablation,SBOA-GPSI,F10,10,2,5.4691074961e+02
ablation,SBOA-GPSI,F11,10,2,4.5979406707e+00
ablation,SBOA-GPSI,F12,10,2,4.6842789664e+06
ablation,SBOA,F26,10,2,3.4715438749e+02
ablation,SBOA,F27,10,2,3.9751560334e+02
ablation,SBOA,F28,10,2,3.6976114417e+02
ablation,SBOA,F29,10,2,2.6847511457e+02
ablation,SBOA-GPSI,F13,10,2,6.8931491438e+03
ablation,SBOA-GPSI,F14,10,2,1.8252659927e+02
ablation,SBOA-GPSI,F15,10,2,3.6776892944e+03
ablation,SBOA-GPSI,F16,10,2,3.7142968638e+01
ablation,SBOA-GPSI,F17,10,2,2.7723240110e+01
ablation,SBOA-GPSI,F18,10,2,2.1668181835e+03
ablation,SBOA-GPSI,F19,10,2,8.7856126288e+02
ablation,SBOA-GPSI,F20,10,2,2.6533186200e+01
ablation,SBOA-LOBL,F4,10,2,6.6361686576e+00
ablation,SBOA-LOBL,F5,10,2,8.1279324103e+00
ablation,SBOA-LOBL,F6,10,2,8.2048269814e-02
ablation,SBOA-LOBL,F7,10,2,2.4336796286e+01
ablation,SBOA-GPSI,F21,10,2,2.1294091685e+02
ablation,SBOA-GPSI,F22,10,2,1.0424138846e+02
ablation,SBOA-GPSI,F23,10,2,3.1422046145e+02
ablation,SBOA-GPSI,F24,10,2,3.4506125406e+02
ablation,SBOA-GPSI,F29,10,2,2.5777738052e+02
ablation,SBOA-GPSI,F30,10,2,5.4190262538e+04
ablation,SBOA-LOBL,F1,10,2,8.9572586268e+03
ablation,SBOA-LOBL,F3,10,2,2.2080609194e+01
ablation,SBOA-LOBL,F8,10,2,8.0882742040e+00
ablation,SBOA-LOBL,F9,10,2,1.1118434098e-02
ablation,SBOA-LOBL,F10,10,2,9.7898731615e+02
ablation,SBOA-LOBL,F11,10,2,6.4393436897e+00
ablation,SBOA-GPSI,F25,10,2,4.4673282980e+02
ablation,SBOA-GPSI,F26,10,2,3.0012754304e+02
ablation,SBOA-GPSI,F27,10,2,3.9082484172e+02
ablation,SBOA-GPSI,F28,10,2,4.1866913820e+02
ablation,SBOA-LOBL,F12,10,2,3.4842863904e+05
ablation,SBOA-LOBL,F13,10,2,2.0061564607e+04
ablation,SBOA-LOBL,F14,10,2,2.2624807848e+02
ablation,SBOA-LOBL,F15,10,2,2.6971387167e+02
ablation,SBOA-LOBL,F16,10,2,1.3590573232e+02
ablation,SBOA-LOBL,F17,10,2,3.5519568357e+01
ablation,SBOA-LOBL,F18,10,2,2.0276163588e+04
ablation,SBOA-LOBL,F19,10,2,2.0268858996e+03
ablation,SBOA-ACGM,F3,10,2,3.1925791488e+01
ablation,SBOA-ACGM,F4,10,2,3.6756007224e+00
ablation,SBOA-ACGM,F5,10,2,1.0095744186e+01
ablation,SBOA-ACGM,F6,10,2,4.4226444011e-01
ablation,SBOA-LOBL,F20,10,2,3.6069179550e+01
ablation,SBOA-LOBL,F21,10,2,2.1168011066e+02
ablation,SBOA-LOBL,F22,10,2,1.0129100752e+02
ablation,SBOA-LOBL,F23,10,2,3.1457920564e+02
ablation,SBOA-ACGM,F7,10,2,3.3286370054e+01
ablation,SBOA-ACGM,F8,10,2,1.4953468777e+01
ablation,SBOA-ACGM,F9,10,2,1.0491496716e-03
ablation,SBOA-ACGM,F10,10,2,6.5026975994e+02
ablation,SBOA-LOBL,F24,10,2,3.3697156026e+02
ablation,SBOA-LOBL,F25,10,2,3.9913614163e+02
ablation,SBOA-LOBL,F26,10,2,3.0015116869e+02
ablation,SBOA-LOBL,F27,10,2,3.8958032138e+02
ablation,SBOA-ACGM,F11,10,2,8.5997506575e+00
ablation,SBOA-ACGM,F12,10,2,2.5806665784e+06
ablation,SBOA-ACGM,F13,10,2,1.7146385293e+03
ablation,SBOA-ACGM,F14,10,2,2.1539695932e+02
ablation,SBOA-LOBL,F28,10,2,4.1577291590e+02
ablation,SBOA-LOBL,F29,10,2,2.8253269269e+02
ablation,SBOA-LOBL,F30,10,2,3.3452909111e+05
ablation,SBOA-ACGM,F1,10,2,3.4127146838e+03
ablation,SBOA-ACGM,F15,10,2,1.4741044835e+03
ablation,SBOA-ACGM,F16,10,2,1.7381332307e+01
ablation,SBOA-ACGM,F17,10,2,4.0987835613e+01
ablation,SBOA-ACGM,F18,10,2,1.9761069984e+04
ablation,SBOA-GPSI-LOBL,F1,10,2,5.9819749130e+03
ablation,SBOA-GPSI-LOBL,F3,10,2,2.7255772064e+02
ablation,SBOA-GPSI-LOBL,F4,10,2,7.8130905602e+00
ablation,SBOA-GPSI-LOBL,F5,10,2,1.4933579726e+01
ablation,SBOA-ACGM,F19,10,2,2.6411078717e+04
ablation,SBOA-ACGM,F20,10,2,2.8071213230e+01
ablation,SBOA-ACGM,F21,10,2,2.1635559830e+02
ablation,SBOA-ACGM,F22,10,2,1.0076980735e+02
ablation,SBOA-GPSI-LOBL,F6,10,2,4.5414549248e-01
ablation,SBOA-GPSI-LOBL,F7,10,2,4.7542982186e+01
ablation,SBOA-GPSI-LOBL,F8,10,2,1.3933435884e+01
ablation,SBOA-GPSI-LOBL,F9,10,2,1.7221669701e-03
ablation,SBOA-ACGM,F23,10,2,3.2098523393e+02
ablation,SBOA-ACGM,F24,10,2,3.4037671619e+02
ablation,SBOA-ACGM,F25,10,2,4.0066596176e+02
ablation,SBOA-ACGM,F26,10,2,3.4715097860e+02
ablation,SBOA-GPSI-LOBL,F10,10,2,1.0223591870e+03
ablation,SBOA-GPSI-LOBL,F11,10,2,3.0725584528e+00
ablation,SBOA-GPSI-LOBL,F12,10,2,4.8166577765e+05
ablation,SBOA-GPSI-LOBL,F13,10,2,6.5269791460e+03
ablation,SBOA-GPSI-LOBL,F14,10,2,2.0876235029e+02
ablation,SBOA-GPSI-LOBL,F15,10,2,5.4197121583e+02
ablation,SBOA-GPSI-LOBL,F16,10,2,2.5258634601e+00
ablation,SBOA-GPSI-LOBL,F17,10,2,3.1011256515e+01
ablation,SBOA-ACGM,F27,10,2,3.9315217737e+02
ablation,SBOA-ACGM,F28,10,2,3.6290816872e+02
ablation,SBOA-ACGM,F29,10,2,2.6642953410e+02
ablation,SBOA-ACGM,F30,10,2,4.5142888996e+04
ablation,SBOA-GPSI-LOBL,F18,10,2,5.3621557723e+04
ablation,SBOA-GPSI-LOBL,F19,10,2,1.6968308191e+03
ablation,SBOA-GPSI-LOBL,F20,10,2,2.6594618194e+01
ablation,SBOA-GPSI-LOBL,F21,10,2,1.0440499794e+02
ablation,SBOA-GPSI-ACGM,F5,10,2,7.1144524152e+00
ablation,SBOA-GPSI-ACGM,F6,10,2,7.0978604512e-01
ablation,SBOA-GPSI-ACGM,F7,10,2,2.5660001213e+01
ablation,SBOA-GPSI-ACGM,F8,10,2,8.9588541105e+00
ablation,SBOA-GPSI-LOBL,F30,10,2,2.9747756442e+04
ablation,SBOA-GPSI-ACGM,F1,10,2,3.3473292611e+03
ablation,SBOA-GPSI-ACGM,F3,10,2,1.1321049051e+02
ablation,SBOA-GPSI-ACGM,F4,10,2,7.1725830791e+00
ablation,SBOA-GPSI-LOBL,F22,10,2,1.0079209048e+02
ablation,SBOA-GPSI-LOBL,F23,10,2,3.2064783115e+02
ablation,SBOA-GPSI-LOBL,F24,10,2,3.3984753715e+02
ablation,SBOA-GPSI-LOBL,F25,10,2,4.0033293167e+02
ablation,SBOA-GPSI-ACGM,F9,10,2,4.5476728606e-01
ablation,SBOA-GPSI-ACGM,F10,10,2,9.1366182887e+02
ablation,SBOA-GPSI-ACGM,F11,10,2,8.7842059568e+00
ablation,SBOA-GPSI-ACGM,F12,10,2,5.2914617401e+05
ablation,SBOA-GPSI-ACGM,F13,10,2,1.9577536519e+03
ablation,SBOA-GPSI-ACGM,F14,10,2,2.8120184694e+02
ablation,SBOA-GPSI-ACGM,F15,10,2,2.5250955536e+03
ablation,SBOA-GPSI-ACGM,F16,10,2,1.3306989099e+01
ablation,SBOA-GPSI-LOBL,F26,10,2,3.0027913857e+02
ablation,SBOA-GPSI-LOBL,F27,10,2,3.8996492251e+02
ablation,SBOA-GPSI-LOBL,F28,10,2,6.1182167394e+02
ablation,SBOA-GPSI-LOBL,F29,10,2,2.6927982591e+02
ablation,SBOA-GPSI-ACGM,F17,10,2,3.1277913111e+01
ablation,SBOA-GPSI-ACGM,F18,10,2,8.5497498685e+03
ablation,SBOA-GPSI-ACGM,F19,10,2,3.1067165092e+02
ablation,SBOA-GPSI-ACGM,F20,10,2,3.1383034953e+01
ablation,SBOA-LOBL-ACGM,F4,10,2,5.3645700908e+00
ablation,SBOA-LOBL-ACGM,F5,10,2,7.0108735566e+00
ablation,SBOA-LOBL-ACGM,F6,10,2,5.2763825086e-01
ablation,SBOA-LOBL-ACGM,F7,10,2,3.0545948436e+01
ablation,SBOA-GPSI-ACGM,F21,10,2,1.0366674154e+02
ablation,SBOA-GPSI-ACGM,F22,10,2,1.0074328756e+02
ablation,SBOA-GPSI-ACGM,F23,10,2,3.1632925719e+02
ablation,SBOA-GPSI-ACGM,F24,10,2,3.3628225116e+02
ablation,SBOA-LOBL-ACGM,F8,10,2,1.8912602111e+01
ablation,SBOA-LOBL-ACGM,F9,10,2,3.1362663044e-01
ablation,SBOA-LOBL-ACGM,F10,10,2,1.1360396707e+03
ablation,SBOA-LOBL-ACGM,F11,10,2,1.5999887613e+01
ablation,SBOA-GPSI-ACGM,F25,10,2,3.9869996493e+02
ablation,SBOA-GPSI-ACGM,F26,10,2,3.0003364449e+02
ablation,SBOA-GPSI-ACGM,F27,10,2,3.8933867430e+02
ablation,SBOA-GPSI-ACGM,F28,10,2,3.7160413839e+02
ablation,SBOA-GPSI-ACGM,F29,10,2,2.5153798177e+02
ablation,SBOA-GPSI-ACGM,F30,10,2,4.7435386953e+05
ablation,SBOA-LOBL-ACGM,F1,10,2,1.5090583867e+03
ablation,SBOA-LOBL-ACGM,F3,10,2,1.9628668407e+02
ablation,SBOA-LOBL-ACGM,F12,10,2,4.3016643303e+05
ablation,SBOA-LOBL-ACGM,F13,10,2,2.1490903129e+04
ablation,SBOA-LOBL-ACGM,F14,10,2,2.2085346168e+02
ablation,SBOA-LOBL-ACGM,F15,10,2,4.0583119987e+02
ablation,SBOA-LOBL-ACGM,F16,10,2,1.2614968196e+01
ablation,SBOA-LOBL-ACGM,F17,10,2,2.8160028100e+01
ablation,SBOA-LOBL-ACGM,F18,10,2,1.2406082591e+03
ablation,SBOA-LOBL-ACGM,F19,10,2,3.3075393556e+03
ablation,MSSBOA,F3,10,2,3.5345000247e+01
ablation,MSSBOA,F4,10,2,6.3263997311e+00
ablation,MSSBOA,F5,10,2,8.9717071206e+00
ablation,MSSBOA,F6,10,2,1.5945537392e-01
ablation,SBOA-LOBL-ACGM,F20,10,2,2.8146425812e+01
ablation,SBOA-LOBL-ACGM,F21,10,2,1.0323259657e+02
ablation,SBOA-LOBL-ACGM,F22,10,2,1.0093649839e+02
ablation,SBOA-LOBL-ACGM,F23,10,2,3.1303826790e+02
ablation,MSSBOA,F7,10,2,3.6455985192e+01
ablation,MSSBOA,F8,10,2,9.9511694495e+00
ablation,MSSBOA,F9,10,2,7.0948737175e-04
ablation,MSSBOA,F10,10,2,7.6055853148e+02
ablation,SBOA-LOBL-ACGM,F24,10,2,3.3874002055e+02
ablation,SBOA-LOBL-ACGM,F25,10,2,4.4371632466e+02
ablation,SBOA-LOBL-ACGM,F26,10,2,3.0014351934e+02
ablation,SBOA-LOBL-ACGM,F27,10,2,3.9597246923e+02
ablation,SBOA-LOBL-ACGM,F28,10,2,3.9855829029e+02
ablation,SBOA-LOBL-ACGM,F29,10,2,3.1946696124e+02
ablation,SBOA-LOBL-ACGM,F30,10,2,4.9704255647e+05
ablation,MSSBOA,F1,10,2,7.5522694504e+03
ablation,MSSBOA,F11,10,2,5.6568511851e+00
ablation,MSSBOA,F12,10,2,2.4625743171e+04
ablation,MSSBOA,F13,10,2,1.0951680279e+04
ablation,MSSBOA,F14,10,2,2.4317164244e+02
ablation,MSSBOA,F15,10,2,4.5575605747e+03
ablation,MSSBOA,F16,10,2,1.4471722240e+01
ablation,MSSBOA,F17,10,2,3.6499118438e+01
ablation,MSSBOA,F18,10,2,5.1830973164e+03
ablation,SBOA,F1,10,3,2.5072177479e+02
ablation,SBOA,F3,10,3,4.1315963075e+01
ablation,SBOA,F4,10,3,6.6174418888e+00
ablation,SBOA,F5,10,3,1.1950875575e+01
ablation,SBOA,F6,10,3,1.2456232784e-01
ablation,SBOA,F7,10,3,1.8205629937e+01
ablation,SBOA,F8,10,3,5.0046288726e+00
ablation,SBOA,F9,10,3,5.3137537441e-03
ablation,MSSBOA,F19,10,2,8.1698464829e+01
ablation,MSSBOA,F20,10,2,2.6529715014e+01
ablation,MSSBOA,F21,10,2,1.0272037829e+02
ablation,MSSBOA,F22,10,2,1.0066090605e+02
ablation,SBOA,F10,10,3,7.0308271878e+02
ablation,SBOA,F11,10,3,6.6974604375e+00
ablation,SBOA,F12,10,3,9.3138220547e+05
ablation,SBOA,F13,10,3,1.4175591145e+03
ablation,MSSBOA,F23,10,2,3.2244661289e+02
ablation,MSSBOA,F24,10,2,3.5685514164e+02
ablation,MSSBOA,F25,10,2,3.9964397025e+02
ablation,MSSBOA,F26,10,2,4.1610544607e+02
ablation,SBOA,F14,10,3,2.8965081555e+02
ablation,SBOA,F15,10,3,4.2150862128e+03
ablation,SBOA,F16,10,3,1.4417514928e+01
ablation,SBOA,F17,10,3,2.2806606803e+01
ablation,SBOA,F18,10,3,2.4824426992e+03
ablation,SBOA,F19,10,3,4.8290642919e+03
ablation,SBOA,F20,10,3,2.4417346345e+01
ablation,SBOA,F21,10,3,2.2144071094e+02
ablation,MSSBOA,F27,10,2,3.8997547230e+02
ablation,MSSBOA,F28,10,2,6.1182169088e+02
ablation,MSSBOA,F29,10,2,2.6323125529e+02
ablation,MSSBOA,F30,10,2,7.3260165307e+05
ablation,SBOA,F22,10,3,1.0161378573e+02
ablation,SBOA,F23,10,3,3.1011855372e+02
ablation,SBOA,F24,10,3,3.3277024721e+02
ablation,SBOA,F25,10,3,3.9871338211e+02
ablation,SBOA,F30,10,3,4.7547191270e+05
ablation,SBOA-GPSI,F1,10,3,2.6607052690e+04
ablation,SBOA-GPSI,F3,10,3,6.4412940544e+01
ablation,SBOA-GPSI,F4,10,3,4.1186552886e+00
ablation,SBOA-GPSI,F5,10,3,1.0979755574e+01
ablation,SBOA-GPSI,F6,10,3,6.5783504329e-01
ablation,SBOA-GPSI,F7,10,3,1.8234423459e+01
ablation,SBOA-GPSI,F8,10,3,2.3949866807e+01
ablation,SBOA-GPSI,F9,10,3,6.4432150771e-04
ablation,SBOA-GPSI,F10,10,3,4.3750752414e+02
ablation,SBOA-GPSI,F11,10,3,4.7202797281e+00
ablation,SBOA-GPSI,F12,10,3,1.8576412120e+06
ablation,SBOA-GPSI,F13,10,3,2.0595463751e+03
ablation,SBOA-GPSI,F14,10,3,1.4874478557e+02
ablation,SBOA-GPSI,F15,10,3,7.6610696537e+02
ablation,SBOA-GPSI,F16,10,3,4.1267630923e+00
ablation,SBOA,F26,10,3,3.0016425060e+02
ablation,SBOA,F27,10,3,3.9217352938e+02
ablation,SBOA,F28,10,3,3.6932625557e+02
ablation,SBOA,F29,10,3,2.6524220334e+02
ablation,SBOA-GPSI,F17,10,3,5.5633339137e+01
ablation,SBOA-GPSI,F18,10,3,1.2433657109e+04
ablation,SBOA-GPSI,F19,10,3,2.2383605456e+02
ablation,SBOA-GPSI,F20,10,3,3.4143318759e+01
ablation,SBOA-LOBL,F4,10,3,4.4287161934e+00
ablation,SBOA-LOBL,F5,10,3,8.9595736554e+00
ablation,SBOA-LOBL,F6,10,3,2.9998320888e-01
ablation,SBOA-LOBL,F7,10,3,1.8723477723e+01
ablation,SBOA-GPSI,F21,10,3,1.0416726937e+02
ablation,SBOA-GPSI,F22,10,3,1.9189916154e+01
ablation,SBOA-GPSI,F23,10,3,3.1339240429e+02
ablation,SBOA-GPSI,F24,10,3,3.3804273871e+02
ablation,SBOA-LOBL,F8,10,3,1.1958537499e+01
ablation,SBOA-LOBL,F9,10,3,2.2643524687e-03
ablation,SBOA-LOBL,F10,10,3,3.6998915677e+02
ablation,SBOA-LOBL,F11,10,3,5.2177854588e+00
ablation,SBOA-GPSI,F25,10,3,4.4448604556e+02
ablation,SBOA-GPSI,F26,10,3,3.0011627273e+02
ablation,SBOA-GPSI,F27,10,3,3.9726196617e+02
ablation,SBOA-GPSI,F28,10,3,3.8100294549e+02
ablation,SBOA-GPSI,F29,10,3,2.7008584238e+02
ablation,SBOA-GPSI,F30,10,3,3.8155575711e+03
ablation,SBOA-LOBL,F1,10,3,2.0669400595e+03
ablation,SBOA-LOBL,F3,10,3,1.1941739098e+02
ablation,SBOA-LOBL,F12,10,3,3.1292720862e+05
ablation,SBOA-LOBL,F13,10,3,1.5411897126e+03
ablation,SBOA-LOBL,F14,10,3,2.9646562210e+02
ablation,SBOA-LOBL,F15,10,3,1.6793134306e+03
ablation,SBOA-LOBL,F16,10,3,4.6909223979e+00
ablation,SBOA-LOBL,F17,10,3,1.5381646472e+01
ablation,SBOA-LOBL,F18,10,3,2.5361295994e+04
ablation,SBOA-LOBL,F19,10,3,3.3464819052e+02
ablation,SBOA-ACGM,F3,10,3,5.1814138734e+02
ablation,SBOA-ACGM,F4,10,3,7.4424890211e+00
ablation,SBOA-ACGM,F5,10,3,2.0092873663e+01
ablation,SBOA-ACGM,F6,10,3,2.8786971527e-02
ablation,SBOA-LOBL,F20,10,3,3.8068119043e+01
ablation,SBOA-LOBL,F21,10,3,1.0347454671e+02
ablation,SBOA-LOBL,F22,10,3,1.0080901334e+02
ablation,SBOA-LOBL,F23,10,3,3.2228376151e+02
ablation,SBOA-ACGM,F7,10,3,1.7120426350e+01
ablation,SBOA-ACGM,F8,10,3,9.9510885786e+00
ablation,SBOA-ACGM,F9,10,3,7.0721476504e-05
ablation,SBOA-ACGM,F10,10,3,6.3377671923e+02
ablation,SBOA-LOBL,F24,10,3,3.5267792964e+02
ablation,SBOA-LOBL,F25,10,3,3.9905210714e+02
ablation,SBOA-LOBL,F26,10,3,3.0008585842e+02
ablation,SBOA-LOBL,F27,10,3,3.8915129991e+02
ablation,SBOA-ACGM,F11,10,3,3.4105668746e+00
ablation,SBOA-ACGM,F12,10,3,2.5517030590e+05
ablation,SBOA-ACGM,F13,10,3,7.0304244877e+02
ablation,SBOA-ACGM,F14,10,3,2.3315144333e+02
ablation,SBOA-LOBL,F28,10,3,3.7635972888e+02
ablation,SBOA-LOBL,F29,10,3,2.6334884761e+02
ablation,SBOA-LOBL,F30,10,3,2.3213849981e+05
ablation,SBOA-ACGM,F1,10,3,1.5217635670e+03
ablation,SBOA-ACGM,F15,10,3,3.3664418317e+02
ablation,SBOA-ACGM,F16,10,3,1.4969483045e+02
ablation,SBOA-ACGM,F17,10,3,7.9590029874e+01
ablation,SBOA-ACGM,F18,10,3,1.7311629300e+04
ablation,SBOA-GPSI-LOBL,F1,10,3,1.7038591740e+04
ablation,SBOA-GPSI-LOBL,F3,10,3,1.9533049125e+02
ablation,SBOA-GPSI-LOBL,F4,10,3,6.1450730995e+00
ablation,SBOA-GPSI-LOBL,F5,10,3,1.2852202743e+01
ablation,SBOA-ACGM,F19,10,3,1.0132668954e+04
ablation,SBOA-ACGM,F20,10,3,4.2128239420e+01
ablation,SBOA-ACGM,F21,10,3,2.0781792959e+02
ablation,SBOA-ACGM,F22,10,3,1.0101578568e+02
ablation,SBOA-GPSI-LOBL,F6,10,3,3.4656475024e+00
ablation,SBOA-GPSI-LOBL,F7,10,3,1.4572272922e+01
ablation,SBOA-GPSI-LOBL,F8,10,3,1.1944364872e+01
ablation,SBOA-GPSI-LOBL,F9,10,3,6.2474227650e-03
ablation,SBOA-ACGM,F23,10,3,3.2314149853e+02
ablation,SBOA-ACGM,F24,10,3,3.4234451311e+02
ablation,SBOA-ACGM,F25,10,3,4.4649498278e+02
ablation,SBOA-ACGM,F26,10,3,3.5815610843e+02
ablation,SBOA-GPSI-LOBL,F10,10,3,7.0629986375e+02
ablation,SBOA-GPSI-LOBL,F11,10,3,4.5829665851e+00
ablation,SBOA-GPSI-LOBL,F12,10,3,8.3657995901e+06
ablation,SBOA-GPSI-LOBL,F13,10,3,5.2936200322e+03
ablation,SBOA-GPSI-LOBL,F14,10,3,1.4500294867e+02
ablation,SBOA-GPSI-LOBL,F15,10,3,5.5059503506e+03
ablation,SBOA-GPSI-LOBL,F16,10,3,4.9850541280e+00
ablation,SBOA-GPSI-LOBL,F17,10,3,3.9416173169e+01
ablation,SBOA-ACGM,F27,10,3,3.8998215636e+02
ablation,SBOA-ACGM,F28,10,3,3.1795566757e+00
ablation,SBOA-ACGM,F29,10,3,3.3852512559e+02
ablation,SBOA-ACGM,F30,10,3,8.3873678392e+05
ablation,SBOA-GPSI-LOBL,F18,10,3,3.1547436203e+03
ablation,SBOA-GPSI-LOBL,F19,10,3,5.2917476578e+02
ablation,SBOA-GPSI-LOBL,F20,10,3,1.2730404710e+01
ablation,SBOA-GPSI-LOBL,F21,10,3,2.2258209475e+02
ablation,SBOA-GPSI-ACGM,F5,10,3,7.9605486892e+00
ablation,SBOA-GPSI-ACGM,F6,10,3,1.9272350090e-01
ablation,SBOA-GPSI-ACGM,F7,10,3,2.8862003363e+01
ablation,SBOA-GPSI-ACGM,F8,10,3,1.3350817799e+01
ablation,SBOA-GPSI-LOBL,F30,10,3,2.3502270902e+06
ablation,SBOA-GPSI-ACGM,F1,10,3,9.5019467373e+02
ablation,SBOA-GPSI-ACGM,F3,10,3,1.1393065061e+02
ablation,SBOA-GPSI-ACGM,F4,10,3,3.9483476375e+00
ablation,SBOA-GPSI-LOBL,F22,10,3,1.0107702453e+02
ablation,SBOA-GPSI-LOBL,F23,10,3,3.3019411580e+02
ablation,SBOA-GPSI-LOBL,F24,10,3,1.0088851825e+02
ablation,SBOA-GPSI-LOBL,F25,10,3,4.4541243066e+02
ablation,SBOA-GPSI-ACGM,F9,10,3,1.1334835606e-01
ablation,SBOA-GPSI-ACGM,F10,10,3,7.8963443278e+02
ablation,SBOA-GPSI-ACGM,F11,10,3,6.7852751503e+00
ablation,SBOA-GPSI-ACGM,F12,10,3,3.3862201335e+05
ablation,SBOA-GPSI-ACGM,F13,10,3,1.3651466338e+03
ablation,SBOA-GPSI-ACGM,F14,10,3,1.6361246499e+02
ablation,SBOA-GPSI-ACGM,F15,10,3,1.8040053096e+03
ablation,SBOA-GPSI-ACGM,F16,10,3,1.5237839787e+01
ablation,SBOA-GPSI-ACGM,F17,10,3,4.8862792315e+01
ablation,SBOA-GPSI-ACGM,F18,10,3,4.1421154646e+03
ablation,SBOA-GPSI-ACGM,F19,10,3,2.6488248012e+02
ablation,SBOA-GPSI-ACGM,F20,10,3,2.2512046264e+01
ablation,SBOA-GPSI-LOBL,F26,10,3,3.0029377062e+02
ablation,SBOA-GPSI-LOBL,F27,10,3,3.9270214244e+02
ablation,SBOA-GPSI-LOBL,F28,10,3,3.7346195967e+02
ablation,SBOA-GPSI-LOBL,F29,10,3,2.8351817192e+02
ablation,SBOA-LOBL-ACGM,F4,10,3,5.4474788074e+00
ablation,SBOA-LOBL-ACGM,F5,10,3,1.0118866464e+01
ablation,SBOA-LOBL-ACGM,F6,10,3,5.9602555930e-01
ablation,SBOA-LOBL-ACGM,F7,10,3,1.6936877253e+01
ablation,SBOA-GPSI-ACGM,F21,10,3,2.2145541158e+02
ablation,SBOA-GPSI-ACGM,F22,10,3,1.0191779764e+02
ablation,SBOA-GPSI-ACGM,F23,10,3,3.0998609055e+02
ablation,SBOA-GPSI-ACGM,F24,10,3,3.3512653862e+02
ablation,SBOA-LOBL-ACGM,F8,10,3,1.3930330034e+01
ablation,SBOA-LOBL-ACGM,F9,10,3,5.8949185131e-04
ablation,SBOA-LOBL-ACGM,F10,10,3,7.1814443264e+02
ablation,SBOA-LOBL-ACGM,F11,10,3,1.5694180035e+01
ablation,SBOA-GPSI-ACGM,F25,10,3,3.9958843076e+02
ablation,SBOA-GPSI-ACGM,F26,10,3,3.0010197363e+02
ablation,SBOA-GPSI-ACGM,F27,10,3,3.8926356196e+02
ablation,SBOA-GPSI-ACGM,F28,10,3,6.1182167777e+02
ablation,SBOA-GPSI-ACGM,F29,10,3,2.6336784383e+02
ablation,SBOA-GPSI-ACGM,F30,10,3,1.2718814992e+05
ablation,SBOA-LOBL-ACGM,F1,10,3,1.0878538821e+03
ablation,SBOA-LOBL-ACGM,F3,10,3,2.9251662591e+02
ablation,SBOA-LOBL-ACGM,F12,10,3,1.3234526061e+06
ablation,SBOA-LOBL-ACGM,F13,10,3,1.2615251337e+04
ablation,SBOA-LOBL-ACGM,F14,10,3,3.1169125106e+02
ablation,SBOA-LOBL-ACGM,F15,10,3,9.7967383987e+02
ablation,SBOA-LOBL-ACGM,F16,10,3,2.2119086295e+00
ablation,SBOA-LOBL-ACGM,F17,10,3,5.1611521476e+01
ablation,SBOA-LOBL-ACGM,F18,10,3,5.6360240950e+03
ablation,SBOA-LOBL-ACGM,F19,10,3,1.1142632842e+02
ablation,MSSBOA,F3,10,3,1.0923589921e+02
ablation,MSSBOA,F4,10,3,4.9537732732e+00
ablation,MSSBOA,F5,10,3,1.0196687800e+01
ablation,MSSBOA,F6,10,3,6.0844151568e-01
ablation,SBOA-LOBL-ACGM,F20,10,3,2.4066693018e+01
ablation,SBOA-LOBL-ACGM,F21,10,3,2.1805588048e+02
ablation,SBOA-LOBL-ACGM,F22,10,3,1.0125213323e+02
ablation,SBOA-LOBL-ACGM,F23,10,3,3.1560729001e+02
ablation,SBOA-LOBL-ACGM,F24,10,3,3.4420743328e+02
ablation,SBOA-LOBL-ACGM,F25,10,3,3.9963074359e+02
ablation,SBOA-LOBL-ACGM,F26,10,3,3.0022001958e+02
ablation,SBOA-LOBL-ACGM,F27,10,3,3.9598576484e+02
ablation,MSSBOA,F7,10,3,1.7963404090e+01
ablation,MSSBOA,F8,10,3,1.3930123322e+01
ablation,MSSBOA,F9,10,3,2.2803086438e-01
ablation,MSSBOA,F10,10,3,6.7865908521e+02
ablation,SBOA-LOBL-ACGM,F28,10,3,3.7207523211e+02
ablation,SBOA-LOBL-ACGM,F29,10,3,3.5860537778e+02
ablation,SBOA-LOBL-ACGM,F30,10,3,1.4509472682e+05
ablation,MSSBOA,F1,10,3,6.8090770939e+03
ablation,MSSBOA,F11,10,3,3.8016210785e+00
ablation,MSSBOA,F12,10,3,1.4272584446e+05
ablation,MSSBOA,F13,10,3,1.3603845323e+04
ablation,MSSBOA,F14,10,3,1.6737185964e+02
ablation,MSSBOA,F15,10,3,5.6340520224e+03
ablation,MSSBOA,F16,10,3,1.3220924612e+02
ablation,MSSBOA,F17,10,3,5.1362878638e+01
ablation,MSSBOA,F18,10,3,5.3467579494e+02
ablation,SBOA,F1,10,4,1.2170868936e+04
ablation,SBOA,F3,10,4,1.7869812606e+02
ablation,SBOA,F4,10,4,7.0857956102e+00
ablation,SBOA,F5,10,4,1.7658321079e+01
ablation,MSSBOA,F19,10,3,8.6655934835e+01
ablation,MSSBOA,F20,10,3,3.6194106981e+01
ablation,MSSBOA,F21,10,3,1.0569227464e+02
ablation,MSSBOA,F22,10,3,1.0233690537e+02
ablation,SBOA,F6,10,4,7.4588315611e-01
ablation,SBOA,F7,10,4,2.9206517447e+01
ablation,SBOA,F8,10,4,1.0949922089e+01
ablation,SBOA,F9,10,4,2.7388826709e-04
ablation,SBOA,F10,10,4,3.6727308357e+02
ablation,SBOA,F11,10,4,6.6803780928e+00
ablation,SBOA,F12,10,4,4.6789237504e+05
ablation,SBOA,F13,10,4,3.8302839968e+02
ablation,MSSBOA,F23,10,3,3.0569004648e+02
ablation,MSSBOA,F24,10,3,3.3930987822e+02
ablation,MSSBOA,F25,10,3,4.4540240999e+02
ablation,MSSBOA,F26,10,3,3.0020578580e+02
ablation,SBOA,F14,10,4,1.4087491241e+02
ablation,SBOA,F15,10,4,7.5858930222e+02
ablation,SBOA,F16,10,4,2.4614744356e+00
ablation,SBOA,F17,10,4,5.2128706786e+01
ablation,SBOA,F18,10,4,8.8080208864e+03
ablation,SBOA,F19,10,4,9.6232616483e+02
ablation,SBOA,F20,10,4,3.3790413231e+01
ablation,SBOA,F21,10,4,2.3633911175e+02
ablation,MSSBOA,F27,10,3,3.9573394671e+02
ablation,MSSBOA,F28,10,3,6.1182166595e+02
ablation,MSSBOA,F29,10,3,2.4853615636e+02
ablation,MSSBOA,F30,10,3,4.3832646989e+05
ablation,SBOA,F30,10,4,3.2299251206e+06
ablation,SBOA-GPSI,F1,10,4,3.9411563247e+03
ablation,SBOA-GPSI,F3,10,4,3.6788398904e+00
ablation,SBOA-GPSI,F4,10,4,5.7818292425e+00
ablation,SBOA-GPSI,F5,10,4,1.7930971205e+01
ablation,SBOA-GPSI,F6,10,4,1.7099461768e-01
ablation,SBOA-GPSI,F7,10,4,1.2476041556e+01
ablation,SBOA-GPSI,F8,10,4,1.9048138902e+01
ablation,SBOA,F22,10,4,1.0107349216e+02
ablation,SBOA,F23,10,4,3.1813234822e+02
ablation,SBOA,F24,10,4,1.0073347914e+02
ablation,SBOA,F25,10,4,3.9996916833e+02
ablation,SBOA-GPSI,F9,10,4,9.4395768872e-04
ablation,SBOA-GPSI,F10,10,4,3.2460443601e+02
ablation,SBOA-GPSI,F11,10,4,1.6928350837e+01
ablation,SBOA-GPSI,F12,10,4,7.9359520129e+04
ablation,SBOA-GPSI,F13,10,4,7.3561037023e+03
ablation,SBOA-GPSI,F14,10,4,1.1434056113e+02
ablation,SBOA-GPSI,F15,10,4,2.0115282656e+03
ablation,SBOA-GPSI,F16,10,4,1.1997382468e+02
ablation,SBOA,F26,10,4,3.0003845803e+02
ablation,SBOA,F27,10,4,3.9269563577e+02
ablation,SBOA,F28,10,4,3.7745598239e+02
ablation,SBOA,F29,10,4,3.0217793511e+02
ablation,SBOA-GPSI,F17,10,4,3.5164507633e+01
ablation,SBOA-GPSI,F18,10,4,1.6635330486e+04
ablation,SBOA-GPSI,F19,10,4,1.5716881140e+02
ablation,SBOA-GPSI,F20,10,4,3.7964788325e+01
ablation,SBOA-LOBL,F4,10,4,6.8629047979e+00
ablation,SBOA-LOBL,F5,10,4,2.6557262495e+01
ablation,SBOA-LOBL,F6,10,4,6.1538983983e-01
ablation,SBOA-LOBL,F7,10,4,1.4206845823e+01
ablation,SBOA-GPSI,F21,10,4,2.2339296861e+02
ablation,SBOA-GPSI,F22,10,4,1.0108419061e+02
ablation,SBOA-GPSI,F23,10,4,3.1992235373e+02
ablation,SBOA-GPSI,F24,10,4,1.0363988834e+02
ablation,SBOA-GPSI,F29,10,4,2.5314230147e+02
ablation,SBOA-GPSI,F30,10,4,2.2056310118e+03
ablation,SBOA-LOBL,F1,10,4,2.3225376321e+03
ablation,SBOA-LOBL,F3,10,4,2.0771576678e+02
ablation,SBOA-LOBL,F8,10,4,1.3965464396e+01
ablation,SBOA-LOBL,F9,10,4,1.7593792807e-02
ablation,SBOA-LOBL,F10,10,4,8.2201940108e+02
ablation,SBOA-LOBL,F11,10,4,7.6902044694e+00
ablation,SBOA-GPSI,F25,10,4,3.9859478376e+02
ablation,SBOA-GPSI,F26,10,4,3.0020645688e+02
ablation,SBOA-GPSI,F27,10,4,3.8984730477e+02
ablation,SBOA-GPSI,F28,10,4,3.7082083452e+02
ablation,SBOA-LOBL,F12,10,4,5.8845808218e+03
ablation,SBOA-LOBL,F13,10,4,1.4452584321e+03
ablation,SBOA-LOBL,F14,10,4,3.2979639662e+02
ablation,SBOA-LOBL,F15,10,4,1.9419983285e+03
ablation,SBOA-LOBL,F16,10,4,4.3666725575e+01
ablation,SBOA-LOBL,F17,10,4,4.1142747388e+01
ablation,SBOA-LOBL,F18,10,4,4.0203610247e+04
ablation,SBOA-LOBL,F19,10,4,5.7779995183e+03
ablation,SBOA-ACGM,F3,10,4,1.1306486871e+02
ablation,SBOA-ACGM,F4,10,4,7.3262275993e+00
ablation,SBOA-ACGM,F5,10,4,1.3140283294e+01
ablation,SBOA-ACGM,F6,10,4,7.6804146859e-01
ablation,SBOA-LOBL,F20,10,4,2.6638867322e+01
ablation,SBOA-LOBL,F21,10,4,2.0835305904e+02
ablation,SBOA-LOBL,F22,10,4,1.0203002831e+02
ablation,SBOA-LOBL,F23,10,4,3.1287478218e+02
ablation,SBOA-ACGM,F7,10,4,2.7895299071e+01
ablation,SBOA-ACGM,F8,10,4,1.2936295033e+01
ablation,SBOA-ACGM,F9,10,4,5.8079312532e-04
ablation,SBOA-ACGM,F10,10,4,8.6567341472e+02
ablation,SBOA-LOBL,F24,10,4,1.0382015921e+02
ablation,SBOA-LOBL,F25,10,4,4.4392430971e+02
ablation,SBOA-LOBL,F26,10,4,3.0012848546e+02
ablation,SBOA-LOBL,F27,10,4,3.9472837365e+02
ablation,SBOA-ACGM,F11,10,4,4.9839740477e+00
ablation,SBOA-ACGM,F12,10,4,6.1274696128e+06
ablation,SBOA-ACGM,F13,10,4,2.9607380558e+04
ablation,SBOA-ACGM,F14,10,4,1.6281567098e+02
ablation,SBOA-LOBL,F28,10,4,3.6532509988e+02
ablation,SBOA-LOBL,F29,10,4,2.5995065018e+02
ablation,SBOA-LOBL,F30,10,4,9.0292753419e+05
ablation,SBOA-ACGM,F1,10,4,3.1902262189e+03
ablation,SBOA-ACGM,F15,10,4,4.8529341059e+02
ablation,SBOA-ACGM,F16,10,4,3.9318439138e+01
ablation,SBOA-ACGM,F17,10,4,2.3539965500e+01
ablation,SBOA-ACGM,F18,10,4,2.0108031458e+04
ablation,SBOA-GPSI-LOBL,F1,10,4,3.6053218115e+03
ablation,SBOA-GPSI-LOBL,F3,10,4,1.2048151514e+02
ablation,SBOA-GPSI-LOBL,F4,10,4,4.9663023984e+00
ablation,SBOA-GPSI-LOBL,F5,10,4,1.7932651761e+01
ablation,SBOA-ACGM,F19,10,4,3.9144662316e+02
ablation,SBOA-ACGM,F20,10,4,3.3418413181e+01
ablation,SBOA-ACGM,F21,10,4,2.0633730377e+02
ablation,SBOA-ACGM,F22,10,4,1.0398481592e+02
ablation,SBOA-GPSI-LOBL,F6,10,4,4.7975782412e-01
ablation,SBOA-GPSI-LOBL,F7,10,4,4.0445091980e+01
ablation,SBOA-GPSI-LOBL,F8,10,4,2.6874023596e+01
ablation,SBOA-GPSI-LOBL,F9,10,4,9.4666617246e-02
ablation,SBOA-GPSI-LOBL,F10,10,4,8.1946433440e+02
ablation,SBOA-GPSI-LOBL,F11,10,4,8.3413917409e+00
ablation,SBOA-GPSI-LOBL,F12,10,4,3.8656389967e+04
ablation,SBOA-GPSI-LOBL,F13,10,4,9.9555642843e+02
ablation,SBOA-ACGM,F23,10,4,3.1285734381e+02
ablation,SBOA-ACGM,F24,10,4,1.0570422215e+02
ablation,SBOA-ACGM,F25,10,4,4.4425852122e+02
ablation,SBOA-ACGM,F26,10,4,3.0005704498e+02
ablation,SBOA-GPSI-LOBL,F14,10,4,1.7208369013e+02
ablation,SBOA-GPSI-LOBL,F15,10,4,7.1240220176e+03
ablation,SBOA-GPSI-LOBL,F16,10,4,3.9013354192e+00
ablation,SBOA-GPSI-LOBL,F17,10,4,2.7191674435e+01
ablation,SBOA-ACGM,F27,10,4,3.9093609549e+02
ablation,SBOA-ACGM,F28,10,4,6.1182166588e+02
ablation,SBOA-ACGM,F29,10,4,2.3921973738e+02
ablation,SBOA-ACGM,F30,10,4,7.9987679132e+05
ablation,SBOA-GPSI-LOBL,F18,10,4,8.0464186108e+03
ablation,SBOA-GPSI-LOBL,F19,10,4,1.4538674598e+04
ablation,SBOA-GPSI-LOBL,F20,10,4,2.0648527646e+01
ablation,SBOA-GPSI-LOBL,F21,10,4,2.1096081756e+02
ablation,SBOA-GPSI-LOBL,F30,10,4,6.8663259155e+05
ablation,SBOA-GPSI-ACGM,F1,10,4,1.3916442761e+03
ablation,SBOA-GPSI-ACGM,F3,10,4,9.7640346509e+01
ablation,SBOA-GPSI-ACGM,F4,10,4,7.4744591536e+00
ablation,SBOA-GPSI-ACGM,F5,10,4,2.2338315106e+01
ablation,SBOA-GPSI-ACGM,F6,10,4,1.5842124834e+00
ablation,SBOA-GPSI-ACGM,F7,10,4,2.1838896828e+01
ablation,SBOA-GPSI-ACGM,F8,10,4,9.0364574422e+00
ablation,SBOA-GPSI-LOBL,F22,10,4,1.0054715635e+02
ablation,SBOA-GPSI-LOBL,F23,10,4,3.0473354417e+02
ablation,SBOA-GPSI-LOBL,F24,10,4,1.0217113876e+02
ablation,SBOA-GPSI-LOBL,F25,10,4,4.4370250789e+02
ablation,SBOA-GPSI-ACGM,F9,10,4,3.3970216135e-03
ablation,SBOA-GPSI-ACGM,F10,10,4,3.9580195146e+02
ablation,SBOA-GPSI-ACGM,F11,10,4,4.6661635610e+00
ablation,SBOA-GPSI-ACGM,F12,10,4,3.1274745641e+06
ablation,SBOA-GPSI-ACGM,F13,10,4,3.7173127680e+03
ablation,SBOA-GPSI-ACGM,F14,10,4,1.8369418877e+02
ablation,SBOA-GPSI-ACGM,F15,10,4,1.2572336248e+03
ablation,SBOA-GPSI-ACGM,F16,10,4,5.0105812395e+00
ablation,SBOA-GPSI-LOBL,F26,10,4,3.0019749920e+02
ablation,SBOA-GPSI-LOBL,F27,10,4,3.9164353534e+02
ablation,SBOA-GPSI-LOBL,F28,10,4,3.7253110988e+02
ablation,SBOA-GPSI-LOBL,F29,10,4,2.5795422568e+02
ablation,SBOA-GPSI-ACGM,F17,10,4,2.4476740446e+01
ablation,SBOA-GPSI-ACGM,F18,10,4,2.3209893465e+04
ablation,SBOA-GPSI-ACGM,F19,10,4,7.8043181866e+02
ablation,SBOA-GPSI-ACGM,F20,10,4,4.2061379359e+01
ablation,SBOA-LOBL-ACGM,F4,10,4,6.7224367770e+00
ablation,SBOA-LOBL-ACGM,F5,10,4,1.3563512915e+01
ablation,SBOA-LOBL-ACGM,F6,10,4,1.5837065036e+00
ablation,SBOA-LOBL-ACGM,F7,10,4,1.8864289548e+01
ablation,SBOA-GPSI-ACGM,F21,10,4,1.0654122019e+02
ablation,SBOA-GPSI-ACGM,F22,10,4,1.0249630838e+02
ablation,SBOA-GPSI-ACGM,F23,10,4,3.3300512303e+02
ablation,SBOA-GPSI-ACGM,F24,10,4,3.4258162060e+02
ablation,SBOA-LOBL-ACGM,F8,10,4,6.9734273760e+00
ablation,SBOA-LOBL-ACGM,F9,10,4,5.3064040333e-04
ablation,SBOA-LOBL-ACGM,F10,10,4,1.1241871562e+03
ablation,SBOA-LOBL-ACGM,F11,10,4,5.6729436267e+00
ablation,SBOA-GPSI-ACGM,F25,10,4,3.9973762066e+02
ablation,SBOA-GPSI-ACGM,F26,10,4,3.0007349298e+02
ablation,SBOA-GPSI-ACGM,F27,10,4,3.9281848254e+02
ablation,SBOA-GPSI-ACGM,F28,10,4,4.2108026633e+02
ablation,SBOA-GPSI-ACGM,F29,10,4,2.6931848704e+02
ablation,SBOA-GPSI-ACGM,F30,10,4,8.0139530429e+05
ablation,SBOA-LOBL-ACGM,F1,10,4,7.5845391192e+02
ablation,SBOA-LOBL-ACGM,F3,10,4,5.0524847022e+01
ablation,SBOA-LOBL-ACGM,F12,10,4,3.3344247953e+06
ablation,SBOA-LOBL-ACGM,F13,10,4,2.2049247322e+03
ablation,SBOA-LOBL-ACGM,F14,10,4,7.7872558614e+02
ablation,SBOA-LOBL-ACGM,F15,10,4,1.3565406145e+03
ablation,SBOA-LOBL-ACGM,F16,10,4,1.4996707847e+01
ablation,SBOA-LOBL-ACGM,F17,10,4,4.2643559665e+01
ablation,SBOA-LOBL-ACGM,F18,10,4,2.6277048029e+03
ablation,SBOA-LOBL-ACGM,F19,10,4,2.0502412140e+03
ablation,SBOA-LOBL-ACGM,F20,10,4,3.8448443851e+01
ablation,SBOA-LOBL-ACGM,F21,10,4,1.0341980723e+02
ablation,SBOA-LOBL-ACGM,F22,10,4,1.0127692448e+02
ablation,SBOA-LOBL-ACGM,F23,10,4,3.0854974982e+02
ablation,MSSBOA,F3,10,4,2.9786068804e+02
ablation,MSSBOA,F4,10,4,7.0297733087e+00
ablation,MSSBOA,F5,10,4,1.4926811325e+01
ablation,MSSBOA,F6,10,4,1.3844228384e+00
ablation,MSSBOA,F7,10,4,2.4877261602e+01
ablation,MSSBOA,F8,10,4,2.5870302831e+01
ablation,MSSBOA,F9,10,4,5.8116269531e-04
ablation,MSSBOA,F10,10,4,6.1977746116e+02
ablation,SBOA-LOBL-ACGM,F24,10,4,3.4590023115e+02
ablation,SBOA-LOBL-ACGM,F25,10,4,3.9963333707e+02
ablation,SBOA-LOBL-ACGM,F26,10,4,3.0019285274e+02
ablation,SBOA-LOBL-ACGM,F27,10,4,3.9773806177e+02
ablation,SBOA-LOBL-ACGM,F28,10,4,3.6824970007e+02
ablation,SBOA-LOBL-ACGM,F29,10,4,2.7347431755e+02
ablation,SBOA-LOBL-ACGM,F30,10,4,9.5491214568e+05
ablation,MSSBOA,F1,10,4,5.7404662371e+03
ablation,MSSBOA,F11,10,4,7.0480953788e+00
ablation,MSSBOA,F12,10,4,2.1826623855e+05
ablation,MSSBOA,F13,10,4,1.1345624604e+04
ablation,MSSBOA,F14,10,4,1.1429130650e+02
ablation,MSSBOA,F15,10,4,1.1239787711e+04
ablation,MSSBOA,F16,10,4,5.9901114286e+00
ablation,MSSBOA,F17,10,4,3.0496645787e+01
ablation,MSSBOA,F18,10,4,3.7096271873e+04
ablation,SBOA,F1,10,5,1.5461851909e+03
ablation,SBOA,F3,10,5,1.6007764119e+02
ablation,SBOA,F4,10,5,7.0253304253e+00
ablation,SBOA,F5,10,5,1.0964622058e+01
ablation,MSSBOA,F19,10,4,1.3912661213e+02
ablation,MSSBOA,F20,10,4,3.6609464743e+01
ablation,MSSBOA,F21,10,4,1.0190795649e+02
ablation,MSSBOA,F22,10,4,1.0221254309e+02
ablation,SBOA,F6,10,5,3.3829418779e-01
ablation,SBOA,F7,10,5,2.3281715048e+01
ablation,SBOA,F8,10,5,1.4924786944e+01
ablation,SBOA,F9,10,5,2.5516760255e-03
ablation,SBOA,F10,10,5,1.4093824728e+03
ablation,SBOA,F11,10,5,9.9614985742e+00
ablation,SBOA,F12,10,5,8.5488056550e+04
ablation,SBOA,F13,10,5,1.0100180143e+04
ablation,MSSBOA,F23,10,4,3.2542572052e+02
ablation,MSSBOA,F24,10,4,3.6179712089e+02
ablation,MSSBOA,F25,10,4,4.0037311218e+02
ablation,MSSBOA,F26,10,4,3.0029124670e+02
ablation,SBOA,F14,10,5,1.1338135611e+02
ablation,SBOA,F15,10,5,1.1541564365e+03
ablation,SBOA,F16,10,5,7.1077267243e+00
ablation,SBOA,F17,10,5,2.2979945581e+01
ablation,SBOA,F18,10,5,7.8721907324e+03
ablation,SBOA,F19,10,5,2.3819298824e+04
ablation,SBOA,F20,10,5,4.1887424602e+01
ablation,SBOA,F21,10,5,2.1281056732e+02
ablation,MSSBOA,F27,10,4,3.9224809420e+02
ablation,MSSBOA,F28,10,4,6.1182167068e+02
ablation,MSSBOA,F29,10,4,2.6904460462e+02
ablation,MSSBOA,F30,10,4,2.5868142474e+06
ablation,SBOA-GPSI,F5,10,5,1.4101429940e+01
ablation,SBOA-GPSI,F6,10,5,5.0828076901e-01
ablation,SBOA-GPSI,F7,10,5,2.9091501193e+01
ablation,SBOA-GPSI,F8,10,5,1.6916531873e+01
ablation,SBOA,F22,10,5,1.0112664754e+02
ablation,SBOA,F23,10,5,3.2064551798e+02
ablation,SBOA,F24,10,5,3.4531157245e+02
ablation,SBOA,F25,10,5,3.9893311245e+02
ablation,SBOA,F30,10,5,3.6346278240e+05
ablation,SBOA-GPSI,F1,10,5,4.4676529509e+03
ablation,SBOA-GPSI,F3,10,5,1.5680101801e+02
ablation,SBOA-GPSI,F4,10,5,5.5883719013e+00
ablation,SBOA-GPSI,F9,10,5,8.0459125002e-05
ablation,SBOA-GPSI,F10,10,5,7.3424267783e+02
ablation,SBOA-GPSI,F11,10,5,8.8807232150e+00
ablation,SBOA-GPSI,F12,10,5,7.3300208603e+05
ablation,SBOA-GPSI,F13,10,5,1.8323459011e+03
ablation,SBOA-GPSI,F14,10,5,1.1476692282e+02
ablation,SBOA-GPSI,F15,10,5,1.2429503943e+04
ablation,SBOA-GPSI,F16,10,5,4.2497885122e+00
ablation,SBOA,F26,10,5,3.0023950923e+02
ablation,SBOA,F27,10,5,3.9741627219e+02
ablation,SBOA,F28,10,5,6.1182167013e+02
ablation,SBOA,F29,10,5,3.7647506648e+02
ablation,SBOA-GPSI,F17,10,5,4.3477004196e+01
ablation,SBOA-GPSI,F18,10,5,4.2339080515e+04
ablation,SBOA-GPSI,F19,10,5,1.8535278282e+02
ablation,SBOA-GPSI,F20,10,5,6.0162683877e+00
ablation,SBOA-LOBL,F4,10,5,5.5321072085e+00
ablation,SBOA-LOBL,F5,10,5,8.1545745898e+00
ablation,SBOA-LOBL,F6,10,5,9.1851204693e-01
ablation,SBOA-LOBL,F7,10,5,3.0087768097e+01
ablation,SBOA-GPSI,F21,10,5,2.1448354905e+02
ablation,SBOA-GPSI,F22,10,5,1.0168812113e+02
ablation,SBOA-GPSI,F23,10,5,3.1689667248e+02
ablation,SBOA-GPSI,F24,10,5,1.0098173702e+02
ablation,SBOA-GPSI,F25,10,5,4.4345079723e+02
ablation,SBOA-GPSI,F26,10,5,3.1038435450e+02
ablation,SBOA-GPSI,F27,10,5,3.9574244694e+02
ablation,SBOA-GPSI,F28,10,5,3.0199481370e+02
ablation,SBOA-LOBL,F8,10,5,1.1957553478e+01
ablation,SBOA-LOBL,F9,10,5,8.3705056303e-03
ablation,SBOA-LOBL,F10,10,5,1.1767435530e+03
ablation,SBOA-LOBL,F11,10,5,4.7516326447e+00
ablation,SBOA-GPSI,F29,10,5,3.0183916381e+02
ablation,SBOA-GPSI,F30,10,5,8.3203359573e+05
ablation,SBOA-LOBL,F1,10,5,2.8935164072e+03
ablation,SBOA-LOBL,F3,10,5,9.0424143773e+01
ablation,SBOA-LOBL,F12,10,5,1.0739242483e+06
ablation,SBOA-LOBL,F13,10,5,1.6015769507e+03
ablation,SBOA-LOBL,F14,10,5,1.8144909116e+02
ablation,SBOA-LOBL,F15,10,5,6.0220146060e+03
ablation,SBOA-LOBL,F16,10,5,1.5684947423e+02
ablation,SBOA-LOBL,F17,10,5,3.0676366052e+01
ablation,SBOA-LOBL,F18,10,5,7.6907583108e+03
ablation,SBOA-LOBL,F19,10,5,6.2094527195e+03
ablation,SBOA-LOBL,F20,10,5,3.1855630227e+01
ablation,SBOA-LOBL,F21,10,5,1.0682377333e+02
ablation,SBOA-LOBL,F22,10,5,1.0105682031e+02
ablation,SBOA-LOBL,F23,10,5,3.0762487061e+02
ablation,SBOA-ACGM,F3,10,5,9.3821272120e+01
ablation,SBOA-ACGM,F4,10,5,7.1352999101e+00
ablation,SBOA-ACGM,F5,10,5,2.4892597747e+01
ablation,SBOA-ACGM,F6,10,5,1.2867275200e-01
ablation,SBOA-ACGM,F7,10,5,2.3071503735e+01
ablation,SBOA-ACGM,F8,10,5,5.9786807852e+00
ablation,SBOA-ACGM,F9,10,5,4.6539468653e-01
ablation,SBOA-ACGM,F10,10,5,5.3245514306e+02
ablation,SBOA-ACGM,F11,10,5,2.8884737259e+00
ablation,SBOA-ACGM,F12,10,5,1.3920573512e+06
ablation,SBOA-ACGM,F13,10,5,4.0879113238e+03
ablation,SBOA-ACGM,F14,10,5,2.5941787564e+02
ablation,SBOA-LOBL,F24,10,5,3.4008827984e+02
ablation,SBOA-LOBL,F25,10,5,4.4528452234e+02
ablation,SBOA-LOBL,F26,10,5,3.0012268108e+02
ablation,SBOA-LOBL,F27,10,5,3.9528361670e+02
ablation,SBOA-LOBL,F28,10,5,3.7606369559e+02
ablation,SBOA-LOBL,F29,10,5,2.7510204482e+02
ablation,SBOA-LOBL,F30,10,5,8.3729093318e+04
ablation,SBOA-ACGM,F1,10,5,8.9404969422e+03
ablation,SBOA-ACGM,F15,10,5,1.5628460754e+03
ablation,SBOA-ACGM,F16,10,5,4.6059029717e+00
ablation,SBOA-ACGM,F17,10,5,3.1856425784e+01
ablation,SBOA-ACGM,F18,10,5,1.4044276457e+04
ablation,SBOA-GPSI-LOBL,F1,10,5,2.5697864232e+03
ablation,SBOA-GPSI-LOBL,F3,10,5,3.6677526117e+02
ablation,SBOA-GPSI-LOBL,F4,10,5,6.5884570860e+00
ablation,SBOA-GPSI-LOBL,F5,10,5,1.6643065041e+01
ablation,SBOA-ACGM,F19,10,5,3.6387662140e+01
ablation,SBOA-ACGM,F20,10,5,2.2975990245e+01
ablation,SBOA-ACGM,F21,10,5,2.1250061135e+02
ablation,SBOA-ACGM,F22,10,5,1.0162277146e+02
ablation,SBOA-GPSI-LOBL,F6,10,5,3.0144494643e-01
ablation,SBOA-GPSI-LOBL,F7,10,5,2.8715643165e+01
ablation,SBOA-GPSI-LOBL,F8,10,5,1.4059251018e+01
ablation,SBOA-GPSI-LOBL,F9,10,5,3.0607577278e-03
ablation,SBOA-ACGM,F23,10,5,3.1410253965e+02
ablation,SBOA-ACGM,F24,10,5,3.4269986802e+02
ablation,SBOA-ACGM,F25,10,5,3.9920614080e+02
ablation,SBOA-ACGM,F26,10,5,3.0006278191e+02
ablation,SBOA-GPSI-LOBL,F10,10,5,7.2504959975e+02
ablation,SBOA-GPSI-LOBL,F11,10,5,4.7856839938e+00
ablation,SBOA-GPSI-LOBL,F12,10,5,1.4680401139e+05
ablation,SBOA-GPSI-LOBL,F13,10,5,3.0767223493e+03
ablation,SBOA-GPSI-LOBL,F14,10,5,1.0037171871e+02
ablation,SBOA-GPSI-LOBL,F15,10,5,1.9670660758e+03
ablation,SBOA-GPSI-LOBL,F16,10,5,2.1351872239e+00
ablation,SBOA-GPSI-LOBL,F17,10,5,3.0535524683e+01
ablation,SBOA-ACGM,F27,10,5,3.8962052565e+02
ablation,SBOA-ACGM,F28,10,5,3.7498237158e+02
ablation,SBOA-ACGM,F29,10,5,3.0273840971e+02
ablation,SBOA-ACGM,F30,10,5,1.2045958639e+06
ablation,SBOA-GPSI-LOBL,F18,10,5,1.3525285996e+04
ablation,SBOA-GPSI-LOBL,F19,10,5,2.4293085008e+02
ablation,SBOA-GPSI-LOBL,F20,10,5,2.7774208052e+01
ablation,SBOA-GPSI-LOBL,F21,10,5,1.0531869577e+02
ablation,SBOA-GPSI-ACGM,F5,10,5,1.2944407152e+01
ablation,SBOA-GPSI-ACGM,F6,10,5,1.4229761234e+00
ablation,SBOA-GPSI-ACGM,F7,10,5,1.8920949450e+01
ablation,SBOA-GPSI-ACGM,F8,10,5,5.8108983050e+00
ablation,SBOA-GPSI-LOBL,F22,10,5,1.0231366717e+02
ablation,SBOA-GPSI-LOBL,F23,10,5,3.1280531647e+02
ablation,SBOA-GPSI-LOBL,F24,10,5,3.3554927027e+02
ablation,SBOA-GPSI-LOBL,F25,10,5,4.4791177789e+02
ablation,SBOA-GPSI-LOBL,F30,10,5,7.0385673902e+05
ablation,SBOA-GPSI-ACGM,F1,10,5,1.4523085879e+03
ablation,SBOA-GPSI-ACGM,F3,10,5,1.4769400022e+02
ablation,SBOA-GPSI-ACGM,F4,10,5,6.4472589648e+00
ablation,SBOA-GPSI-ACGM,F9,10,5,4.6415453437e-03
ablation,SBOA-GPSI-ACGM,F10,10,5,4.6589382642e+02
ablation,SBOA-GPSI-ACGM,F11,10,5,9.0821324551e+00
ablation,SBOA-GPSI-ACGM,F12,10,5,1.3457637415e+05
ablation,SBOA-GPSI-ACGM,F13,10,5,7.9556290415e+03
ablation,SBOA-GPSI-ACGM,F14,10,5,1.8991268911e+02
ablation,SBOA-GPSI-ACGM,F15,10,5,6.0126672764e+02
ablation,SBOA-GPSI-ACGM,F16,10,5,4.3225795184e+00
ablation,SBOA-GPSI-ACGM,F17,10,5,2.1815508384e+01
ablation,SBOA-GPSI-ACGM,F18,10,5,4.2762536119e+03
ablation,SBOA-GPSI-ACGM,F19,10,5,1.0347338524e+02
ablation,SBOA-GPSI-ACGM,F20,10,5,2.3718657324e+01
ablation,SBOA-GPSI-LOBL,F26,10,5,3.0009026066e+02
ablation,SBOA-GPSI-LOBL,F27,10,5,3.9045496495e+02
ablation,SBOA-GPSI-LOBL,F28,10,5,4.1575442816e+02
ablation,SBOA-GPSI-LOBL,F29,10,5,2.7234607326e+02
ablation,SBOA-LOBL-ACGM,F4,10,5,6.7046711655e+00
ablation,SBOA-LOBL-ACGM,F5,10,5,1.0998220641e+01
ablation,SBOA-LOBL-ACGM,F6,10,5,4.8381156972e-01
ablation,SBOA-LOBL-ACGM,F7,10,5,1.5438807540e+01
ablation,SBOA-GPSI-ACGM,F21,10,5,1.0498864740e+02
ablation,SBOA-GPSI-ACGM,F22,10,5,1.0203258565e+02
ablation,SBOA-GPSI-ACGM,F23,10,5,3.2324684993e+02
ablation,SBOA-GPSI-ACGM,F24,10,5,3.3667844704e+02
ablation,SBOA-GPSI-ACGM,F25,10,5,4.4654321997e+02
ablation,SBOA-GPSI-ACGM,F26,10,5,3.0012420854e+02
ablation,SBOA-GPSI-ACGM,F27,10,5,3.9365381576e+02
ablation,SBOA-GPSI-ACGM,F28,10,5,3.7405491317e+02
ablation,SBOA-GPSI-ACGM,F29,10,5,2.8455239342e+02
ablation,SBOA-GPSI-ACGM,F30,10,5,1.7837342509e+06
ablation,SBOA-LOBL-ACGM,F1,10,5,5.7121076285e+02
ablation,SBOA-LOBL-ACGM,F3,10,5,3.1167330712e+02
ablation,SBOA-LOBL-ACGM,F8,10,5,8.9563384583e+00
ablation,SBOA-LOBL-ACGM,F9,10,5,3.5494337761e-03
ablation,SBOA-LOBL-ACGM,F10,10,5,7.2973421756e+02
ablation,SBOA-LOBL-ACGM,F11,10,5,7.1305659871e+00
ablation,SBOA-LOBL-ACGM,F12,10,5,8.8848154912e+05
ablation,SBOA-LOBL-ACGM,F13,10,5,2.6672108680e+03
ablation,SBOA-LOBL-ACGM,F14,10,5,2.9568262298e+02
ablation,SBOA-LOBL-ACGM,F15,10,5,3.8810953939e+02
ablation,SBOA-LOBL-ACGM,F16,10,5,4.2915103938e+00
ablation,SBOA-LOBL-ACGM,F17,10,5,4.7869080804e+01
ablation,SBOA-LOBL-ACGM,F18,10,5,8.6157391693e+03
ablation,SBOA-LOBL-ACGM,F19,10,5,2.2003809215e+02
ablation,MSSBOA,F3,10,5,5.0296284733e+02
ablation,MSSBOA,F4,10,5,7.2422514655e+00
ablation,MSSBOA,F5,10,5,1.6323294885e+01
ablation,MSSBOA,F6,10,5,6.0121628966e-01
ablation,SBOA-LOBL-ACGM,F20,10,5,2.3669160362e+01
ablation,SBOA-LOBL-ACGM,F21,10,5,2.0914213231e+02
ablation,SBOA-LOBL-ACGM,F22,10,5,1.0273513879e+02
ablation,SBOA-LOBL-ACGM,F23,10,5,3.0734358543e+02
ablation,MSSBOA,F7,10,5,2.3149534450e+01
ablation,MSSBOA,F8,10,5,2.0057152389e+01
ablation,MSSBOA,F9,10,5,3.8568104171e-03
ablation,MSSBOA,F10,10,5,7.4448925709e+02
ablation,SBOA-LOBL-ACGM,F24,10,5,1.0295056894e+02
ablation,SBOA-LOBL-ACGM,F25,10,5,3.9985376493e+02
ablation,SBOA-LOBL-ACGM,F26,10,5,3.0002782208e+02
ablation,SBOA-LOBL-ACGM,F27,10,5,3.9527839646e+02
ablation,SBOA-LOBL-ACGM,F28,10,5,6.1182167169e+02
ablation,SBOA-LOBL-ACGM,F29,10,5,2.4855963345e+02
ablation,SBOA-LOBL-ACGM,F30,10,5,1.0725443369e+04
ablation,MSSBOA,F1,10,5,4.2185520958e+03
ablation,MSSBOA,F11,10,5,8.7936310582e+00
ablation,MSSBOA,F12,10,5,2.7258528648e+05
ablation,MSSBOA,F13,10,5,7.6450139698e+03
ablation,MSSBOA,F14,10,5,1.4059932899e+02
ablation,MSSBOA,F15,10,5,3.8015935242e+02
ablation,MSSBOA,F16,10,5,2.0457690124e+01
ablation,MSSBOA,F17,10,5,2.2947176881e+01
ablation,MSSBOA,F18,10,5,5.1506213212e+03
ablation,SBOA,F1,10,6,1.7387453987e+03
ablation,SBOA,F3,10,6,1.1157303949e+02
ablation,SBOA,F4,10,6,7.0124523395e+00
ablation,SBOA,F5,10,6,1.7663644606e+01
ablation,MSSBOA,F19,10,5,7.3365681684e+02
ablation,MSSBOA,F20,10,5,2.8406406016e+01
ablation,MSSBOA,F21,10,5,2.0926815886e+02
ablation,MSSBOA,F22,10,5,4.1216014621e+01
ablation,SBOA,F6,10,6,6.4819405888e-01
ablation,SBOA,F7,10,6,3.3173714545e+01
ablation,SBOA,F8,10,6,8.9567017311e+00
ablation,SBOA,F9,10,6,9.0373978344e-02
ablation,SBOA,F10,10,6,1.3414007251e+02
ablation,SBOA,F11,10,6,4.7958102950e+00
ablation,SBOA,F12,10,6,2.4117311329e+04
ablation,SBOA,F13,10,6,3.0924694810e+03
ablation,MSSBOA,F23,10,5,3.0745116519e+02
ablation,MSSBOA,F24,10,5,3.4515613420e+02
ablation,MSSBOA,F25,10,5,4.4368483158e+02
ablation,MSSBOA,F26,10,5,3.0040701602e+02
ablation,SBOA,F14,10,6,3.1388163950e+02
ablation,SBOA,F15,10,6,3.8413333753e+03
ablation,SBOA,F16,10,6,2.5857979801e+00
ablation,SBOA,F17,10,6,2.0515524047e+01
ablation,SBOA,F18,10,6,2.2223155223e+04
ablation,SBOA,F19,10,6,1.7713640837e+03
ablation,SBOA,F20,10,6,2.9971130193e+01
ablation,SBOA,F21,10,6,2.1396916094e+02
ablation,MSSBOA,F27,10,5,3.8956839321e+02
ablation,MSSBOA,F28,10,5,6.1182166949e+02
ablation,MSSBOA,F29,10,5,2.4710092777e+02
ablation,MSSBOA,F30,10,5,3.2030452614e+05
ablation,SBOA-GPSI,F5,10,6,5.9751694175e+00
ablation,SBOA-GPSI,F6,10,6,4.4812754332e-01
ablation,SBOA-GPSI,F7,10,6,1.7012946165e+01
ablation,SBOA-GPSI,F8,10,6,1.1954363813e+01
ablation,SBOA,F30,10,6,7.8881688755e+05
ablation,SBOA-GPSI,F1,10,6,1.3827985980e+04
ablation,SBOA-GPSI,F3,10,6,3.0615990706e+02
ablation,SBOA-GPSI,F4,10,6,4.4716595491e+00
ablation,SBOA,F22,10,6,1.0113421859e+02
ablation,SBOA,F23,10,6,3.2089508732e+02
ablation,SBOA,F24,10,6,3.6401474230e+02
ablation,SBOA,F25,10,6,4.0073244998e+02
ablation,SBOA-GPSI,F9,10,6,9.0417923456e-03
ablation,SBOA-GPSI,F10,10,6,2.2945780894e+02
ablation,SBOA-GPSI,F11,10,6,6.1482611128e+00
ablation,SBOA-GPSI,F12,10,6,9.8592003942e+04
ablation,SBOA-GPSI,F13,10,6,1.3764166017e+03
ablation,SBOA-GPSI,F14,10,6,2.1027642581e+02
ablation,SBOA-GPSI,F15,10,6,1.4611447810e+03
ablation,SBOA-GPSI,F16,10,6,3.9892532822e+01
ablation,SBOA,F26,10,6,3.4715001862e+02
ablation,SBOA,F27,10,6,3.9437955065e+02
ablation,SBOA,F28,10,6,3.7183315949e+02
ablation,SBOA,F29,10,6,2.6681180129e+02
ablation,SBOA-GPSI,F17,10,6,2.9378782189e+01
ablation,SBOA-GPSI,F18,10,6,3.8368084198e+03
ablation,SBOA-GPSI,F19,10,6,3.4738455776e+02
ablation,SBOA-GPSI,F20,10,6,2.7345338266e+01
ablation,SBOA-GPSI,F21,10,6,2.1368565632e+02
ablation,SBOA-GPSI,F22,10,6,1.0001844195e+02
ablation,SBOA-GPSI,F23,10,6,3.2128417499e+02
ablation,SBOA-GPSI,F24,10,6,3.4384559892e+02
ablation,SBOA-LOBL,F4,10,6,6.8412929721e+00
ablation,SBOA-LOBL,F5,10,6,3.0846171327e+00
ablation,SBOA-LOBL,F6,10,6,1.6852167670e+00
ablation,SBOA-LOBL,F7,10,6,3.4272688108e+01
ablation,SBOA-GPSI,F29,10,6,2.5281137754e+02
ablation,SBOA-GPSI,F30,10,6,8.3533754443e+05
ablation,SBOA-LOBL,F1,10,6,2.0009086694e+04
ablation,SBOA-LOBL,F3,10,6,1.4312150014e+02
ablation,SBOA-LOBL,F8,10,6,1.0947662070e+01
ablation,SBOA-LOBL,F9,10,6,9.0558141810e-02
ablation,SBOA-LOBL,F10,10,6,3.6152540009e+02
ablation,SBOA-LOBL,F11,10,6,4.8900306050e+00
ablation,SBOA-GPSI,F25,10,6,3.9961977284e+02
ablation,SBOA-GPSI,F26,10,6,4.0667902663e+02
ablation,SBOA-GPSI,F27,10,6,3.8957630216e+02
ablation,SBOA-GPSI,F28,10,6,4.1452712622e+02
ablation,SBOA-LOBL,F12,10,6,1.3165316679e+06
ablation,SBOA-LOBL,F13,10,6,2.3400951809e+04
ablation,SBOA-LOBL,F14,10,6,2.0004166870e+02
ablation,SBOA-LOBL,F15,10,6,3.2859232629e+03
ablation,SBOA-LOBL,F16,10,6,1.2235828626e+02
ablation,SBOA-LOBL,F17,10,6,2.4631807215e+01
ablation,SBOA-LOBL,F18,10,6,3.0564051770e+03
ablation,SBOA-LOBL,F19,10,6,1.2394814733e+02
ablation,SBOA-ACGM,F3,10,6,2.2420395058e+01
ablation,SBOA-ACGM,F4,10,6,7.3097920860e+00
ablation,SBOA-ACGM,F5,10,6,1.3241705055e+01
ablation,SBOA-ACGM,F6,10,6,1.3082303889e+00
ablation,SBOA-LOBL,F20,10,6,2.2522741768e+01
ablation,SBOA-LOBL,F21,10,6,2.1946074470e+02
ablation,SBOA-LOBL,F22,10,6,1.0132856472e+02
ablation,SBOA-LOBL,F23,10,6,3.2193009356e+02
ablation,SBOA-ACGM,F7,10,6,2.6458854281e+01
ablation,SBOA-ACGM,F8,10,6,1.6214208519e+01
ablation,SBOA-ACGM,F9,10,6,1.8927270251e-03
ablation,SBOA-ACGM,F10,10,6,9.0420651182e+02
ablation,SBOA-ACGM,F11,10,6,5.5358793566e+00
ablation,SBOA-ACGM,F12,10,6,7.1960896043e+04
ablation,SBOA-ACGM,F13,10,6,1.2698503954e+04
ablation,SBOA-ACGM,F14,10,6,1.2235640208e+02
ablation,SBOA-LOBL,F24,10,6,3.3716437503e+02
ablation,SBOA-LOBL,F25,10,6,4.4485140647e+02
ablation,SBOA-LOBL,F26,10,6,3.0002678159e+02
ablation,SBOA-LOBL,F27,10,6,3.9748836941e+02
ablation,SBOA-LOBL,F28,10,6,4.1636988425e+02
ablation,SBOA-LOBL,F29,10,6,2.9713190812e+02
ablation,SBOA-LOBL,F30,10,6,5.2201737462e+03
ablation,SBOA-ACGM,F1,10,6,8.3297719580e+03
ablation,SBOA-ACGM,F15,10,6,3.5881799527e+03
ablation,SBOA-ACGM,F16,10,6,2.3039042506e+00
ablation,SBOA-ACGM,F17,10,6,3.8733352543e+01
ablation,SBOA-ACGM,F18,10,6,4.4899515693e+04
ablation,SBOA-GPSI-LOBL,F1,10,6,6.2119768722e+03
ablation,SBOA-GPSI-LOBL,F3,10,6,1.3935648898e+03
ablation,SBOA-GPSI-LOBL,F4,10,6,7.4739255792e+00
ablation,SBOA-GPSI-LOBL,F5,10,6,2.7866062981e+01
ablation,SBOA-ACGM,F19,10,6,8.3177606458e+03
ablation,SBOA-ACGM,F20,10,6,4.6378077876e+01
ablation,SBOA-ACGM,F21,10,6,1.0455347244e+02
ablation,SBOA-ACGM,F22,10,6,1.0045196317e+02
ablation,SBOA-GPSI-LOBL,F6,10,6,1.4674298390e+00
ablation,SBOA-GPSI-LOBL,F7,10,6,2.2862104176e+01
ablation,SBOA-GPSI-LOBL,F8,10,6,1.3030269022e+01
ablation,SBOA-GPSI-LOBL,F9,10,6,4.5994005385e-01
ablation,SBOA-ACGM,F23,10,6,3.1045677078e+02
ablation,SBOA-ACGM,F24,10,6,3.3811589160e+02
ablation,SBOA-ACGM,F25,10,6,3.9846194427e+02
ablation,SBOA-ACGM,F26,10,6,3.0010511247e+02
ablation,SBOA-GPSI-LOBL,F10,10,6,7.9914422739e+02
ablation,SBOA-GPSI-LOBL,F11,10,6,9.6472045710e+00
ablation,SBOA-GPSI-LOBL,F12,10,6,1.0366903501e+06
ablation,SBOA-GPSI-LOBL,F13,10,6,1.0261801898e+03
ablation,SBOA-GPSI-LOBL,F14,10,6,2.6142391181e+02
ablation,SBOA-GPSI-LOBL,F15,10,6,1.1816074851e+03
ablation,SBOA-GPSI-LOBL,F16,10,6,4.3173085023e+01
ablation,SBOA-GPSI-LOBL,F17,10,6,2.6615989175e+01
ablation,SBOA-ACGM,F27,10,6,3.9000314738e+02
ablation,SBOA-ACGM,F28,10,6,3.7488343223e+02
ablation,SBOA-ACGM,F29,10,6,2.7020271020e+02
ablation,SBOA-ACGM,F30,10,6,2.0243964998e+05
ablation,SBOA-GPSI-LOBL,F18,10,6,3.1998805930e+04
ablation,SBOA-GPSI-LOBL,F19,10,6,2.9586152092e+02
ablation,SBOA-GPSI-LOBL,F20,10,6,3.3903477330e+01
ablation,SBOA-GPSI-LOBL,F21,10,6,1.0513605309e+02
ablation,SBOA-GPSI-ACGM,F5,10,6,6.9742762910e+00
ablation,SBOA-GPSI-ACGM,F6,10,6,5.6958992931e-01
ablation,SBOA-GPSI-ACGM,F7,10,6,1.9205372061e+01
ablation,SBOA-GPSI-ACGM,F8,10,6,1.8186971103e+01
ablation,SBOA-GPSI-LOBL,F22,10,6,1.0059241471e+02
ablation,SBOA-GPSI-LOBL,F23,10,6,3.1207492719e+02
ablation,SBOA-GPSI-LOBL,F24,10,6,3.3612183687e+02
ablation,SBOA-GPSI-LOBL,F25,10,6,4.0100408030e+02
ablation,SBOA-GPSI-LOBL,F30,10,6,5.0948698751e+05
ablation,SBOA-GPSI-ACGM,F1,10,6,7.2431293780e+03
ablation,SBOA-GPSI-ACGM,F3,10,6,2.7824042426e+02
ablation,SBOA-GPSI-ACGM,F4,10,6,6.4081927372e+00
ablation,SBOA-GPSI-ACGM,F9,10,6,9.5463717651e-04
ablation,SBOA-GPSI-ACGM,F10,10,6,5.5893691158e+02
ablation,SBOA-GPSI-ACGM,F11,10,6,2.6086559837e+01
ablation,SBOA-GPSI-ACGM,F12,10,6,2.9363880313e+05
ablation,SBOA-GPSI-ACGM,F13,10,6,1.1588351309e+02
ablation,SBOA-GPSI-ACGM,F14,10,6,3.6336147386e+02
ablation,SBOA-GPSI-ACGM,F15,10,6,6.8705773298e+02
ablation,SBOA-GPSI-ACGM,F16,10,6,1.3159565085e+02
ablation,SBOA-GPSI-ACGM,F17,10,6,1.1196010859e+01
ablation,SBOA-GPSI-ACGM,F18,10,6,1.5493198554e+04
ablation,SBOA-GPSI-ACGM,F19,10,6,1.5169987351e+03
ablation,SBOA-GPSI-ACGM,F20,10,6,2.4225592224e+01
ablation,SBOA-GPSI-LOBL,F26,10,6,3.4715167309e+02
ablation,SBOA-GPSI-LOBL,F27,10,6,3.9177097197e+02
ablation,SBOA-GPSI-LOBL,F28,10,6,4.5469986597e+02
ablation,SBOA-GPSI-LOBL,F29,10,6,2.5914439700e+02
ablation,SBOA-LOBL-ACGM,F4,10,6,7.3316666272e+00
ablation,SBOA-LOBL-ACGM,F5,10,6,1.6928126467e+01
ablation,SBOA-LOBL-ACGM,F6,10,6,1.5436033013e-01
ablation,SBOA-LOBL-ACGM,F7,10,6,1.9133079833e+01
ablation,SBOA-GPSI-ACGM,F21,10,6,2.1496631710e+02
ablation,SBOA-GPSI-ACGM,F22,10,6,1.0315178654e+02
ablation,SBOA-GPSI-ACGM,F23,10,6,3.1601065995e+02
ablation,SBOA-GPSI-ACGM,F24,10,6,1.0288177626e+02
ablation,SBOA-GPSI-ACGM,F25,10,6,4.4688074385e+02
ablation,SBOA-GPSI-ACGM,F26,10,6,3.0006522014e+02
ablation,SBOA-GPSI-ACGM,F27,10,6,3.9507572450e+02
ablation,SBOA-GPSI-ACGM,F28,10,6,6.1182166596e+02
ablation,SBOA-LOBL-ACGM,F8,10,6,1.3937035467e+01
ablation,SBOA-LOBL-ACGM,F9,10,6,3.6048413440e-03
ablation,SBOA-LOBL-ACGM,F10,10,6,1.3825155847e+03
ablation,SBOA-LOBL-ACGM,F11,10,6,1.0703054307e+01
ablation,SBOA-LOBL-ACGM,F12,10,6,4.8212781030e+04
ablation,SBOA-LOBL-ACGM,F13,10,6,2.8951937458e+03
ablation,SBOA-LOBL-ACGM,F14,10,6,1.7131449081e+02
ablation,SBOA-LOBL-ACGM,F15,10,6,3.9038691026e+02
ablation,SBOA-GPSI-ACGM,F29,10,6,2.6200508111e+02
ablation,SBOA-GPSI-ACGM,F30,10,6,1.4145596234e+04
ablation,SBOA-LOBL-ACGM,F1,10,6,1.7720328831e+02
ablation,SBOA-LOBL-ACGM,F3,10,6,3.6037133487e+02
ablation,SBOA-LOBL-ACGM,F16,10,6,2.3751114822e+00
ablation,SBOA-LOBL-ACGM,F17,10,6,2.4636504523e+01
ablation,SBOA-LOBL-ACGM,F18,10,6,7.2569395159e+03
ablation,SBOA-LOBL-ACGM,F19,10,6,6.4472405258e+01
ablation,SBOA-LOBL-ACGM,F20,10,6,4.5825640849e+01
ablation,SBOA-LOBL-ACGM,F21,10,6,2.0624344321e+02
ablation,SBOA-LOBL-ACGM,F22,10,6,1.0050217429e+02
ablation,SBOA-LOBL-ACGM,F23,10,6,3.0421185658e+02
ablation,MSSBOA,F3,10,6,1.2874434276e+03
ablation,MSSBOA,F4,10,6,2.8902115177e+00
ablation,MSSBOA,F5,10,6,1.8094552048e+01
ablation,MSSBOA,F6,10,6,4.3054388355e-01
ablation,MSSBOA,F7,10,6,2.6387755002e+01
ablation,MSSBOA,F8,10,6,2.4881767862e+01
ablation,MSSBOA,F9,10,6,6.7730984284e-01
ablation,MSSBOA,F10,10,6,5.0199406733e+02
ablation,SBOA-LOBL-ACGM,F24,10,6,1.0743274408e+02
ablation,SBOA-LOBL-ACGM,F25,10,6,4.4458100168e+02
ablation,SBOA-LOBL-ACGM,F26,10,6,3.0904221154e+02
ablation,SBOA-LOBL-ACGM,F27,10,6,3.8954468415e+02
ablation,MSSBOA,F11,10,6,4.2164434032e+00
ablation,MSSBOA,F12,10,6,3.6980966687e+05
ablation,MSSBOA,F13,10,6,4.1634481899e+03
ablation,MSSBOA,F14,10,6,2.2556977329e+02
ablation,SBOA-LOBL-ACGM,F28,10,6,3.8894477626e+02
ablation,SBOA-LOBL-ACGM,F29,10,6,2.5461506990e+02
ablation,SBOA-LOBL-ACGM,F30,10,6,9.0252144740e+05
ablation,MSSBOA,F1,10,6,6.0262133717e+03
ablation,MSSBOA,F15,10,6,2.1437724373e+03
ablation,MSSBOA,F16,10,6,3.8961922918e+01
ablation,MSSBOA,F17,10,6,5.7684270138e+01
ablation,MSSBOA,F18,10,6,2.7072380487e+04
ablation,MSSBOA,F19,10,6,8.0880950579e+02
ablation,MSSBOA,F20,10,6,3.0810493518e+01
ablation,MSSBOA,F21,10,6,1.0412749095e+02
ablation,MSSBOA,F22,10,6,1.0008074280e+02
ablation,SBOA,F1,10,7,1.4673977902e+04
ablation,SBOA,F3,10,7,1.7130703742e+02
ablation,SBOA,F4,10,7,7.3088459030e+00
ablation,SBOA,F5,10,7,1.0993177564e+01
ablation,SBOA,F6,10,7,2.4882226928e-01
ablation,SBOA,F7,10,7,2.1567776525e+01
ablation,SBOA,F8,10,7,3.9860111761e+00
ablation,SBOA,F9,10,7,9.1088834700e-02
ablation,SBOA,F10,10,7,5.6491281861e+02
ablation,SBOA,F11,10,7,4.2354851436e+00
ablation,SBOA,F12,10,7,3.0609800073e+04
ablation,SBOA,F13,10,7,5.2754096047e+02
ablation,MSSBOA,F23,10,6,3.0646833747e+02
ablation,MSSBOA,F24,10,6,1.0274341048e+02
ablation,MSSBOA,F25,10,6,4.4552202430e+02
ablation,MSSBOA,F26,10,6,3.0002868878e+02
ablation,SBOA,F14,10,7,3.0560552850e+02
ablation,SBOA,F15,10,7,1.1686565228e+03
ablation,SBOA,F16,10,7,1.5390987165e+00
ablation,SBOA,F17,10,7,3.2174017267e+01
ablation,SBOA,F18,10,7,1.1875918590e+04
ablation,SBOA,F19,10,7,3.2263934005e+02
ablation,SBOA,F20,10,7,5.3219136775e+01
ablation,SBOA,F21,10,7,2.1513090255e+02
ablation,MSSBOA,F27,10,6,3.9111129968e+02
ablation,MSSBOA,F28,10,6,3.8297965388e+02
ablation,MSSBOA,F29,10,6,3.0917033865e+02
ablation,MSSBOA,F30,10,6,2.4463616991e+05
ablation,SBOA,F22,10,7,1.0415679658e+02
ablation,SBOA,F23,10,7,3.0666501285e+02
ablation,SBOA,F24,10,7,3.4291735721e+02
ablation,SBOA,F25,10,7,4.4535985798e+02
ablation,SBOA-GPSI,F5,10,7,1.4930352845e+01
ablation,SBOA-GPSI,F6,10,7,2.6893903208e-01
ablation,SBOA-GPSI,F7,10,7,2.3667320906e+01
ablation,SBOA-GPSI,F8,10,7,5.1488212519e+00
ablation,SBOA,F30,10,7,5.1472510495e+04
ablation,SBOA-GPSI,F1,10,7,8.0334714655e+03
ablation,SBOA-GPSI,F3,10,7,1.5049270007e+02
ablation,SBOA-GPSI,F4,10,7,5.9968448576e+00
ablation,SBOA-GPSI,F9,10,7,3.1371618211e-03
ablation,SBOA-GPSI,F10,10,7,1.0091768344e+03
ablation,SBOA-GPSI,F11,10,7,6.8721660679e+00
ablation,SBOA-GPSI,F12,10,7,2.8036201850e+06
ablation,SBOA,F26,10,7,3.0004353973e+02
ablation,SBOA,F27,10,7,3.9454690311e+02
ablation,SBOA,F28,10,7,3.0022749632e+02
ablation,SBOA,F29,10,7,3.0511726057e+02
ablation,SBOA-GPSI,F13,10,7,7.6247493218e+03
ablation,SBOA-GPSI,F14,10,7,1.6400643556e+02
ablation,SBOA-GPSI,F15,10,7,3.4253754953e+03
ablation,SBOA-GPSI,F16,10,7,2.5680655327e+00
ablation,SBOA-GPSI,F17,10,7,4.3614840762e+01
ablation,SBOA-GPSI,F18,10,7,9.2592771460e+03
ablation,SBOA-GPSI,F19,10,7,5.7040369939e+02
ablation,SBOA-GPSI,F20,10,7,2.6773832583e+01
ablation,SBOA-LOBL,F4,10,7,7.5483713575e+00
ablation,SBOA-LOBL,F5,10,7,8.2912070758e+00
ablation,SBOA-LOBL,F6,10,7,3.0686527770e-01
ablation,SBOA-LOBL,F7,10,7,3.2292594299e+01
ablation,SBOA-GPSI,F21,10,7,2.0751931551e+02
ablation,SBOA-GPSI,F22,10,7,1.0043499880e+02
ablation,SBOA-GPSI,F23,10,7,3.0911260367e+02
ablation,SBOA-GPSI,F24,10,7,3.5155471169e+02
ablation,SBOA-GPSI,F29,10,7,2.5768452564e+02
ablation,SBOA-GPSI,F30,10,7,1.8849235862e+04
ablation,SBOA-LOBL,F1,10,7,4.5517229184e+03
ablation,SBOA-LOBL,F3,10,7,1.3789814864e+02
ablation,SBOA-LOBL,F8,10,7,1.6012540029e+01
ablation,SBOA-LOBL,F9,10,7,1.7327549575e-02
ablation,SBOA-LOBL,F10,10,7,5.4711316935e+02
ablation,SBOA-LOBL,F11,10,7,1.2204407782e+01
ablation,SBOA-LOBL,F12,10,7,4.7713950439e+06
ablation,SBOA-LOBL,F13,10,7,5.4532907278e+03
ablation,SBOA-LOBL,F14,10,7,4.8726255888e+02
ablation,SBOA-LOBL,F15,10,7,1.9827325552e+03
ablation,SBOA-GPSI,F25,10,7,4.1201240049e+02
ablation,SBOA-GPSI,F26,10,7,3.0008030289e+02
ablation,SBOA-GPSI,F27,10,7,3.9079775656e+02
ablation,SBOA-GPSI,F28,10,7,4.1857602091e+02
ablation,SBOA-LOBL,F16,10,7,1.3547805753e+02
ablation,SBOA-LOBL,F17,10,7,2.6583975569e+01
ablation,SBOA-LOBL,F18,10,7,8.2501490079e+03
ablation,SBOA-LOBL,F19,10,7,7.7556076149e+02
ablation,SBOA-LOBL,F20,10,7,1.2205016277e+01
ablation,SBOA-LOBL,F21,10,7,2.1200818760e+02
ablation,SBOA-LOBL,F22,10,7,1.0061442598e+02
ablation,SBOA-LOBL,F23,10,7,3.1616765575e+02
ablation,SBOA-ACGM,F3,10,7,1.6688571705e+02
ablation,SBOA-ACGM,F4,10,7,7.1521770117e+00
ablation,SBOA-ACGM,F5,10,7,1.0817073088e+01
ablation,SBOA-ACGM,F6,10,7,5.7474360584e-01
ablation,SBOA-ACGM,F7,10,7,2.8671705232e+01
ablation,SBOA-ACGM,F8,10,7,9.9518787032e+00
ablation,SBOA-ACGM,F9,10,7,1.4185259866e-02
ablation,SBOA-ACGM,F10,10,7,5.3532066057e+02
ablation,SBOA-LOBL,F24,10,7,3.4884594908e+02
ablation,SBOA-LOBL,F25,10,7,4.4680495965e+02
ablation,SBOA-LOBL,F26,10,7,3.0028899639e+02
ablation,SBOA-LOBL,F27,10,7,3.9079367031e+02
ablation,SBOA-ACGM,F11,10,7,1.0669136283e+01
ablation,SBOA-ACGM,F12,10,7,2.4570547808e+06
ablation,SBOA-ACGM,F13,10,7,3.1347794900e+04
ablation,SBOA-ACGM,F14,10,7,3.2032261600e+02
ablation,SBOA-LOBL,F28,10,7,4.3423959118e+02
ablation,SBOA-LOBL,F29,10,7,2.8592860666e+02
ablation,SBOA-LOBL,F30,10,7,2.0916573329e+06
ablation,SBOA-ACGM,F1,10,7,1.9832967625e+03
ablation,SBOA-ACGM,F15,10,7,5.5490645373e+03
ablation,SBOA-ACGM,F16,10,7,4.9883361733e+00
ablation,SBOA-ACGM,F17,10,7,3.5361737981e+01
ablation,SBOA-ACGM,F18,10,7,4.8975070318e+03
ablation,SBOA-ACGM,F19,10,7,1.7242167479e+02
ablation,SBOA-ACGM,F20,10,7,3.2837549658e+01
ablation,SBOA-ACGM,F21,10,7,1.0365508572e+02
ablation,SBOA-ACGM,F22,10,7,1.0190065260e+02
ablation,SBOA-GPSI-LOBL,F1,10,7,1.4846887815e+03
ablation,SBOA-GPSI-LOBL,F3,10,7,2.3062861080e+02
ablation,SBOA-GPSI-LOBL,F4,10,7,7.0276275271e+00
ablation,SBOA-GPSI-LOBL,F5,10,7,6.9824293914e+00
ablation,SBOA-GPSI-LOBL,F6,10,7,1.5587180857e+00
ablation,SBOA-GPSI-LOBL,F7,10,7,1.4633051553e+01
ablation,SBOA-GPSI-LOBL,F8,10,7,9.9516190901e+00
ablation,SBOA-GPSI-LOBL,F9,10,7,3.6165512843e-01
ablation,SBOA-ACGM,F23,10,7,3.1214603763e+02
ablation,SBOA-ACGM,F24,10,7,3.3892758576e+02
ablation,SBOA-ACGM,F25,10,7,3.9854427514e+02
ablation,SBOA-ACGM,F26,10,7,3.0017574356e+02
ablation,SBOA-GPSI-LOBL,F10,10,7,7.9175035364e+02
ablation,SBOA-GPSI-LOBL,F11,10,7,7.7588202057e+00
ablation,SBOA-GPSI-LOBL,F12,10,7,2.5501882486e+06
ablation,SBOA-GPSI-LOBL,F13,10,7,1.5355944328e+03
ablation,SBOA-ACGM,F27,10,7,3.9080683967e+02
ablation,SBOA-ACGM,F28,10,7,3.6893763188e+02
ablation,SBOA-ACGM,F29,10,7,2.5464682624e+02
ablation,SBOA-ACGM,F30,10,7,1.4977777773e+05
ablation,SBOA-GPSI-LOBL,F14,10,7,2.1065737394e+02
ablation,SBOA-GPSI-LOBL,F15,10,7,2.9737088623e+03
ablation,SBOA-GPSI-LOBL,F16,10,7,1.2451074709e+01
ablation,SBOA-GPSI-LOBL,F17,10,7,2.5847251653e+01
ablation,SBOA-GPSI-LOBL,F18,10,7,1.9166012349e+04
ablation,SBOA-GPSI-LOBL,F19,10,7,3.2360813219e+02
ablation,SBOA-GPSI-LOBL,F20,10,7,2.8205135041e+01
ablation,SBOA-GPSI-LOBL,F21,10,7,2.0672759064e+02
ablation,SBOA-GPSI-ACGM,F5,10,7,1.1970409201e+01
ablation,SBOA-GPSI-ACGM,F6,10,7,5.6937434810e-01
ablation,SBOA-GPSI-ACGM,F7,10,7,2.2795248379e+01
ablation,SBOA-GPSI-ACGM,F8,10,7,2.0099841290e+01
ablation,SBOA-GPSI-LOBL,F30,10,7,8.8000296009e+05
ablation,SBOA-GPSI-ACGM,F1,10,7,4.2555127969e+03
ablation,SBOA-GPSI-ACGM,F3,10,7,3.0030228936e+02
ablation,SBOA-GPSI-ACGM,F4,10,7,6.8793833461e+00
ablation,SBOA-GPSI-LOBL,F22,10,7,1.0012591506e+02
ablation,SBOA-GPSI-LOBL,F23,10,7,3.1327242827e+02
ablation,SBOA-GPSI-LOBL,F24,10,7,3.3992427323e+02
ablation,SBOA-GPSI-LOBL,F25,10,7,4.0010463937e+02
ablation,SBOA-GPSI-ACGM,F9,10,7,1.0978232069e-03
ablation,SBOA-GPSI-ACGM,F10,10,7,9.2403112101e+02
ablation,SBOA-GPSI-ACGM,F11,10,7,4.5979302618e+00
ablation,SBOA-GPSI-ACGM,F12,10,7,2.2302705034e+06
ablation,SBOA-GPSI-ACGM,F13,10,7,4.0257723712e+04
ablation,SBOA-GPSI-ACGM,F14,10,7,2.7529238846e+02
ablation,SBOA-GPSI-ACGM,F15,10,7,1.4079359230e+03
ablation,SBOA-GPSI-ACGM,F16,10,7,2.6671167423e+00
ablation,SBOA-GPSI-ACGM,F17,10,7,3.0589916338e+01
ablation,SBOA-GPSI-ACGM,F18,10,7,1.8000175924e+03
ablation,SBOA-GPSI-ACGM,F19,10,7,1.6857813745e+03
ablation,SBOA-GPSI-ACGM,F20,10,7,3.1874320301e+01
ablation,SBOA-GPSI-LOBL,F26,10,7,3.0045406251e+02
ablation,SBOA-GPSI-LOBL,F27,10,7,3.9084132087e+02
ablation,SBOA-GPSI-LOBL,F28,10,7,4.1700865308e+02
ablation,SBOA-GPSI-LOBL,F29,10,7,2.5347248793e+02
ablation,SBOA-LOBL-ACGM,F4,10,7,7.5466250749e+00
ablation,SBOA-LOBL-ACGM,F5,10,7,3.7692910164e+00
ablation,SBOA-LOBL-ACGM,F6,10,7,4.8240886026e-02
ablation,SBOA-LOBL-ACGM,F7,10,7,2.6296915648e+01
ablation,SBOA-GPSI-ACGM,F21,10,7,1.0258426171e+02
ablation,SBOA-GPSI-ACGM,F22,10,7,1.0155658653e+02
ablation,SBOA-GPSI-ACGM,F23,10,7,3.0564446922e+02
ablation,SBOA-GPSI-ACGM,F24,10,7,3.3505764737e+02
ablation,SBOA-LOBL-ACGM,F8,10,7,9.9710498869e+00
ablation,SBOA-LOBL-ACGM,F9,10,7,8.0848773727e-03
ablation,SBOA-LOBL-ACGM,F10,10,7,6.0327795973e+02
ablation,SBOA-LOBL-ACGM,F11,10,7,1.1845171675e+01
ablation,SBOA-GPSI-ACGM,F25,10,7,4.4637978299e+02
ablation,SBOA-GPSI-ACGM,F26,10,7,3.0014670252e+02
ablation,SBOA-GPSI-ACGM,F27,10,7,3.9787186961e+02
ablation,SBOA-GPSI-ACGM,F28,10,7,3.7696398990e+02
ablation,SBOA-GPSI-ACGM,F29,10,7,2.5471585613e+02
ablation,SBOA-GPSI-ACGM,F30,10,7,1.2521915751e+04
ablation,SBOA-LOBL-ACGM,F1,10,7,2.1887349518e+04
ablation,SBOA-LOBL-ACGM,F3,10,7,2.4031491983e+02
ablation,SBOA-LOBL-ACGM,F12,10,7,2.4182987346e+06
ablation,SBOA-LOBL-ACGM,F13,10,7,1.8719728355e+04
ablation,SBOA-LOBL-ACGM,F14,10,7,1.7213044898e+02
ablation,SBOA-LOBL-ACGM,F15,10,7,3.6844157673e+02
ablation,SBOA-LOBL-ACGM,F16,10,7,1.5487326404e+00
ablation,SBOA-LOBL-ACGM,F17,10,7,2.7606384025e+01
ablation,SBOA-LOBL-ACGM,F18,10,7,9.1827083059e+03
ablation,SBOA-LOBL-ACGM,F19,10,7,1.3893234162e+04
ablation,MSSBOA,F3,10,7,2.4428761828e+01
ablation,MSSBOA,F4,10,7,2.2402001531e+00
ablation,MSSBOA,F5,10,7,8.0411661426e+00
ablation,MSSBOA,F6,10,7,2.5083400657e+00
ablation,SBOA-LOBL-ACGM,F20,10,7,4.2787869440e+01
ablation,SBOA-LOBL-ACGM,F21,10,7,2.2597883501e+02
ablation,SBOA-LOBL-ACGM,F22,10,7,1.0079487153e+02
ablation,SBOA-LOBL-ACGM,F23,10,7,3.2043367051e+02
ablation,MSSBOA,F7,10,7,2.0067489264e+01
ablation,MSSBOA,F8,10,7,1.0069313764e+01
ablation,MSSBOA,F9,10,7,6.9025493240e-02
ablation,MSSBOA,F10,10,7,3.8949348396e+02
ablation,SBOA-LOBL-ACGM,F24,10,7,3.4348713442e+02
ablation,SBOA-LOBL-ACGM,F25,10,7,4.4402251362e+02
ablation,SBOA-LOBL-ACGM,F26,10,7,3.4715127063e+02
ablation,SBOA-LOBL-ACGM,F27,10,7,3.8956709297e+02
ablation,MSSBOA,F11,10,7,4.7408975860e+00
ablation,MSSBOA,F12,10,7,1.3758210238e+05
ablation,MSSBOA,F13,10,7,6.3966076311e+03
ablation,MSSBOA,F14,10,7,5.4485189029e+02
ablation,SBOA-LOBL-ACGM,F28,10,7,3.7072892327e+02
ablation,SBOA-LOBL-ACGM,F29,10,7,3.2409585523e+02
ablation,SBOA-LOBL-ACGM,F30,10,7,6.5059509936e+05
ablation,MSSBOA,F1,10,7,5.3685130534e+02
ablation,MSSBOA,F15,10,7,2.5191332294e+03
ablation,MSSBOA,F16,10,7,3.9251414557e+01
ablation,MSSBOA,F17,10,7,4.3197038293e+01
ablation,MSSBOA,F18,10,7,3.3041703724e+03
ablation,SBOA,F1,10,8,6.0720088423e+03
ablation,SBOA,F3,10,8,3.0897027619e+02
ablation,SBOA,F4,10,8,4.3790359931e+00
ablation,SBOA,F5,10,8,5.9733362511e+00
ablation,MSSBOA,F19,10,7,9.7700421794e+01
ablation,MSSBOA,F20,10,7,2.7896511009e+01
ablation,MSSBOA,F21,10,7,2.0734853629e+02
ablation,MSSBOA,F22,10,7,2.8487052901e+01
ablation,SBOA,F6,10,8,9.0823362767e-01
ablation,SBOA,F7,10,8,1.5920920495e+01
ablation,SBOA,F8,10,8,9.9724586575e+00
ablation,SBOA,F9,10,8,1.5379266762e-03
ablation,SBOA,F10,10,8,7.0110804045e+02
ablation,SBOA,F11,10,8,7.0756011089e+00
ablation,SBOA,F12,10,8,4.1033557896e+05
ablation,SBOA,F13,10,8,4.4857218869e+03
ablation,MSSBOA,F23,10,7,3.1927173368e+02
ablation,MSSBOA,F24,10,7,3.4958655629e+02
ablation,MSSBOA,F25,10,7,4.4741651928e+02
ablation,MSSBOA,F26,10,7,3.0012806801e+02
ablation,SBOA,F14,10,8,2.2146031243e+02
ablation,SBOA,F15,10,8,1.1369918837e+03
ablation,SBOA,F16,10,8,1.2260538493e+02
ablation,SBOA,F17,10,8,5.4685470131e+01
ablation,SBOA,F18,10,8,3.2985946866e+02
ablation,SBOA,F19,10,8,1.0227940735e+03
ablation,SBOA,F20,10,8,2.1612199142e+01
ablation,SBOA,F21,10,8,1.0158964500e+02
ablation,MSSBOA,F27,10,7,3.8955917590e+02
ablation,MSSBOA,F28,10,7,3.7553343082e+02
ablation,MSSBOA,F29,10,7,3.4290636433e+02
ablation,MSSBOA,F30,10,7,3.7840545630e+05
ablation,SBOA,F22,10,8,1.0005978448e+02
ablation,SBOA,F23,10,8,3.1620071973e+02
ablation,SBOA,F24,10,8,3.4920006060e+02
ablation,SBOA,F25,10,8,3.9869921524e+02
ablation,SBOA,F30,10,8,9.2520358390e+05
ablation,SBOA-GPSI,F1,10,8,2.4603203021e+03
ablation,SBOA-GPSI,F3,10,8,1.9949367034e+02
ablation,SBOA-GPSI,F4,10,8,7.2540265324e+00
ablation,SBOA-GPSI,F5,10,8,1.5019462052e+01
ablation,SBOA-GPSI,F6,10,8,7.0926801045e-01
ablation,SBOA-GPSI,F7,10,8,2.1927425367e+01
ablation,SBOA-GPSI,F8,10,8,1.6917351333e+01
ablation,SBOA-GPSI,F9,10,8,1.5837957723e-03
ablation,SBOA-GPSI,F10,10,8,5.8029486613e+02
ablation,SBOA-GPSI,F11,10,8,6.7257469500e+00
ablation,SBOA-GPSI,F12,10,8,2.3827110466e+06
ablation,SBOA,F26,10,8,3.0015257542e+02
ablation,SBOA,F27,10,8,3.9237266636e+02
ablation,SBOA,F28,10,8,3.7450647181e+02
ablation,SBOA,F29,10,8,3.0580349193e+02
ablation,SBOA-GPSI,F13,10,8,1.4816597132e+04
ablation,SBOA-GPSI,F14,10,8,1.0910963784e+02
ablation,SBOA-GPSI,F15,10,8,2.0095859223e+02
ablation,SBOA-GPSI,F16,10,8,1.5256262880e+01
ablation,SBOA-GPSI,F17,10,8,4.0398971362e+01
ablation,SBOA-GPSI,F18,10,8,3.2745967875e+03
ablation,SBOA-GPSI,F19,10,8,2.2646383438e+03
ablation,SBOA-GPSI,F20,10,8,4.6430788900e+01
ablation,SBOA-GPSI,F21,10,8,1.0246399300e+02
ablation,SBOA-GPSI,F22,10,8,1.0016037734e+02
ablation,SBOA-GPSI,F23,10,8,3.1309143444e+02
ablation,SBOA-GPSI,F24,10,8,3.3794578329e+02
ablation,SBOA-LOBL,F4,10,8,6.7897588751e+00
ablation,SBOA-LOBL,F5,10,8,1.8913275810e+01
ablation,SBOA-LOBL,F6,10,8,2.4804887637e+00
ablation,SBOA-LOBL,F7,10,8,1.9731269911e+01
ablation,SBOA-LOBL,F8,10,8,1.3707072297e+01
ablation,SBOA-LOBL,F9,10,8,9.6504156123e-01
ablation,SBOA-LOBL,F10,10,8,5.6699012547e+02
ablation,SBOA-LOBL,F11,10,8,1.7830817626e+01
ablation,SBOA-GPSI,F25,10,8,4.0098333111e+02
ablation,SBOA-GPSI,F26,10,8,3.4715035462e+02
ablation,SBOA-GPSI,F27,10,8,3.9002226583e+02
ablation,SBOA-GPSI,F28,10,8,3.9678912659e+02
ablation,SBOA-GPSI,F29,10,8,2.7008865472e+02
ablation,SBOA-GPSI,F30,10,8,1.5985161969e+06
ablation,SBOA-LOBL,F1,10,8,2.8935781364e+03
ablation,SBOA-LOBL,F3,10,8,1.7538379195e+02
ablation,SBOA-LOBL,F12,10,8,5.5767720827e+05
ablation,SBOA-LOBL,F13,10,8,1.0482927312e+04
ablation,SBOA-LOBL,F14,10,8,8.4789988299e+01
ablation,SBOA-LOBL,F15,10,8,5.3112626915e+03
ablation,SBOA-LOBL,F16,10,8,5.6124647863e+00
ablation,SBOA-LOBL,F17,10,8,3.1086939806e+01
ablation,SBOA-LOBL,F18,10,8,3.1603788448e+03
ablation,SBOA-LOBL,F19,10,8,4.7631059777e+03
ablation,SBOA-LOBL,F20,10,8,4.9134371276e+01
ablation,SBOA-LOBL,F21,10,8,2.0753592043e+02
ablation,SBOA-LOBL,F22,10,8,1.0050893707e+02
ablation,SBOA-LOBL,F23,10,8,3.1417137587e+02
ablation,SBOA-ACGM,F3,10,8,9.4235729290e+01
ablation,SBOA-ACGM,F4,10,8,7.0381465458e+00
ablation,SBOA-ACGM,F5,10,8,1.9712326970e+01
ablation,SBOA-ACGM,F6,10,8,9.3823183025e-02
ablation,SBOA-LOBL,F24,10,8,1.0732409884e+02
ablation,SBOA-LOBL,F25,10,8,3.9964834288e+02
ablation,SBOA-LOBL,F26,10,8,3.0132946601e+02
ablation,SBOA-LOBL,F27,10,8,3.9077936996e+02
ablation,SBOA-ACGM,F7,10,8,1.7004925665e+01
ablation,SBOA-ACGM,F8,10,8,1.3187221587e+01
ablation,SBOA-ACGM,F9,10,8,4.5537901425e-01
ablation,SBOA-ACGM,F10,10,8,5.0512520704e+02
ablation,SBOA-ACGM,F11,10,8,1.2990409835e+01
ablation,SBOA-ACGM,F12,10,8,9.2519156558e+05
ablation,SBOA-ACGM,F13,10,8,5.3863924718e+02
ablation,SBOA-ACGM,F14,10,8,2.2829504601e+02
ablation,SBOA-LOBL,F28,10,8,3.6317311867e+02
ablation,SBOA-LOBL,F29,10,8,2.9478793538e+02
ablation,SBOA-LOBL,F30,10,8,8.4852611148e+05
ablation,SBOA-ACGM,F1,10,8,9.8582422984e+02
ablation,SBOA-ACGM,F15,10,8,4.4338332257e+02
ablation,SBOA-ACGM,F16,10,8,3.8614568604e+01
ablation,SBOA-ACGM,F17,10,8,4.2075376555e+01
ablation,SBOA-ACGM,F18,10,8,1.9341020096e+04
ablation,SBOA-ACGM,F19,10,8,1.8350980832e+03
ablation,SBOA-ACGM,F20,10,8,1.1932791085e+01
ablation,SBOA-ACGM,F21,10,8,2.2500822758e+02
ablation,SBOA-ACGM,F22,10,8,1.0275195059e+02
ablation,SBOA-GPSI-LOBL,F1,10,8,2.6714450192e+03
ablation,SBOA-GPSI-LOBL,F3,10,8,2.1539806571e+02
ablation,SBOA-GPSI-LOBL,F4,10,8,6.2334828035e+00
ablation,SBOA-GPSI-LOBL,F5,10,8,8.1304594717e+00
ablation,SBOA-GPSI-LOBL,F6,10,8,5.3879276816e-01
ablation,SBOA-GPSI-LOBL,F7,10,8,2.0240963527e+01
ablation,SBOA-GPSI-LOBL,F8,10,8,1.0094233304e+01
ablation,SBOA-GPSI-LOBL,F9,10,8,4.1099767651e-02
ablation,SBOA-GPSI-LOBL,F10,10,8,5.5713094752e+02
ablation,SBOA-GPSI-LOBL,F11,10,8,8.6421479184e+00
ablation,SBOA-GPSI-LOBL,F12,10,8,2.7919809735e+06
ablation,SBOA-GPSI-LOBL,F13,10,8,3.6949339727e+03
ablation,SBOA-ACGM,F23,10,8,3.0824411520e+02
ablation,SBOA-ACGM,F24,10,8,3.5411099447e+02
ablation,SBOA-ACGM,F25,10,8,4.4461484462e+02
ablation,SBOA-ACGM,F26,10,8,3.0018095861e+02
ablation,SBOA-GPSI-LOBL,F14,10,8,1.5256437215e+02
ablation,SBOA-GPSI-LOBL,F15,10,8,3.8873378015e+02
ablation,SBOA-GPSI-LOBL,F16,10,8,1.2390850513e+01
ablation,SBOA-GPSI-LOBL,F17,10,8,4.4138470256e+01
ablation,SBOA-ACGM,F27,10,8,3.8952563184e+02
ablation,SBOA-ACGM,F28,10,8,4.0417250432e+02
ablation,SBOA-ACGM,F29,10,8,3.5077505752e+02
ablation,SBOA-ACGM,F30,10,8,5.7836708269e+05
ablation,SBOA-GPSI-LOBL,F18,10,8,3.0090655469e+04
ablation,SBOA-GPSI-LOBL,F19,10,8,7.9447167745e+02
ablation,SBOA-GPSI-LOBL,F20,10,8,2.5198990390e+01
ablation,SBOA-GPSI-LOBL,F21,10,8,2.0562931282e+02
ablation,SBOA-GPSI-ACGM,F5,10,8,1.1999295515e+01
ablation,SBOA-GPSI-ACGM,F6,10,8,2.0510060856e-01
ablation,SBOA-GPSI-ACGM,F7,10,8,1.7229695469e+01
ablation,SBOA-GPSI-ACGM,F8,10,8,8.9732331784e+00
ablation,SBOA-GPSI-LOBL,F22,10,8,1.0536784731e+02
ablation,SBOA-GPSI-LOBL,F23,10,8,3.1515251017e+02
ablation,SBOA-GPSI-LOBL,F24,10,8,3.4955838330e+02
ablation,SBOA-GPSI-LOBL,F25,10,8,4.0047981349e+02
ablation,SBOA-GPSI-LOBL,F30,10,8,5.5924490786e+05
ablation,SBOA-GPSI-ACGM,F1,10,8,3.1715424243e+03
ablation,SBOA-GPSI-ACGM,F3,10,8,3.0181512498e+01
ablation,SBOA-GPSI-ACGM,F4,10,8,5.2152293716e+00
ablation,SBOA-GPSI-ACGM,F9,10,8,9.1312688470e-02
ablation,SBOA-GPSI-ACGM,F10,10,8,6.2389723682e+02
ablation,SBOA-GPSI-ACGM,F11,10,8,1.8149620284e+00
ablation,SBOA-GPSI-ACGM,F12,10,8,2.3067499021e+05
ablation,SBOA-GPSI-ACGM,F13,10,8,9.0021483932e+02
ablation,SBOA-GPSI-ACGM,F14,10,8,1.9198032131e+02
ablation,SBOA-GPSI-ACGM,F15,10,8,4.3985269444e+03
ablation,SBOA-GPSI-ACGM,F16,10,8,7.1813019373e-01
ablation,SBOA-GPSI-ACGM,F17,10,8,3.8229657945e+01
ablation,SBOA-GPSI-ACGM,F18,10,8,7.6039845087e+03
ablation,SBOA-GPSI-ACGM,F19,10,8,2.9751084215e+03
ablation,SBOA-GPSI-ACGM,F20,10,8,7.1589626982e+00
ablation,SBOA-GPSI-LOBL,F26,10,8,3.0013808184e+02
ablation,SBOA-GPSI-LOBL,F27,10,8,3.8998350249e+02
ablation,SBOA-GPSI-LOBL,F28,10,8,3.7248149182e+02
ablation,SBOA-GPSI-LOBL,F29,10,8,2.4424828817e+02
ablation,SBOA-GPSI-ACGM,F21,10,8,2.1837213810e+02
ablation,SBOA-GPSI-ACGM,F22,10,8,1.0052688154e+02
ablation,SBOA-GPSI-ACGM,F23,10,8,3.0756329074e+02
ablation,SBOA-GPSI-ACGM,F24,10,8,3.3553190093e+02
ablation,SBOA-LOBL-ACGM,F4,10,8,5.2807937546e+00
ablation,SBOA-LOBL-ACGM,F5,10,8,1.2151963826e+01
ablation,SBOA-LOBL-ACGM,F6,10,8,1.7430249401e+00
ablation,SBOA-LOBL-ACGM,F7,10,8,2.4646481301e+01
ablation,SBOA-LOBL-ACGM,F8,10,8,1.8925902190e+01
ablation,SBOA-LOBL-ACGM,F9,10,8,2.1039898005e-02
ablation,SBOA-LOBL-ACGM,F10,10,8,6.4421914392e+02
ablation,SBOA-LOBL-ACGM,F11,10,8,5.7507185198e+00
ablation,SBOA-GPSI-ACGM,F25,10,8,4.0060111385e+02
ablation,SBOA-GPSI-ACGM,F26,10,8,3.0009288306e+02
ablation,SBOA-GPSI-ACGM,F27,10,8,3.9216366329e+02
ablation,SBOA-GPSI-ACGM,F28,10,8,4.1892295051e+02
ablation,SBOA-LOBL-ACGM,F12,10,8,6.7237500973e+06
ablation,SBOA-LOBL-ACGM,F13,10,8,1.6063024669e+04
ablation,SBOA-LOBL-ACGM,F14,10,8,4.3873658548e+02
ablation,SBOA-LOBL-ACGM,F15,10,8,6.5564875788e+02
ablation,SBOA-GPSI-ACGM,F29,10,8,2.7545022739e+02
ablation,SBOA-GPSI-ACGM,F30,10,8,1.7960318418e+04
ablation,SBOA-LOBL-ACGM,F1,10,8,1.8846304038e+03
ablation,SBOA-LOBL-ACGM,F3,10,8,1.3306451167e+01
ablation,SBOA-LOBL-ACGM,F16,10,8,2.3540178870e+02
ablation,SBOA-LOBL-ACGM,F17,10,8,4.6364849524e+01
ablation,SBOA-LOBL-ACGM,F18,10,8,7.4469577961e+03
ablation,SBOA-LOBL-ACGM,F19,10,8,8.4440227381e+01
ablation,SBOA-LOBL-ACGM,F20,10,8,3.0967504575e+01
ablation,SBOA-LOBL-ACGM,F21,10,8,2.0619714322e+02
ablation,SBOA-LOBL-ACGM,F22,10,8,1.0131129349e+02
ablation,SBOA-LOBL-ACGM,F23,10,8,3.1183045735e+02
ablation,MSSBOA,F3,10,8,1.8895803069e+02
ablation,MSSBOA,F4,10,8,6.5329810252e+00
ablation,MSSBOA,F5,10,8,1.0901305905e+01
ablation,MSSBOA,F6,10,8,5.2475070599e-01
ablation,MSSBOA,F7,10,8,2.7210343779e+01
ablation,MSSBOA,F8,10,8,2.2019764357e+01
ablation,MSSBOA,F9,10,8,1.0741960875e-03
ablation,MSSBOA,F10,10,8,9.3087065294e+02
ablation,SBOA-LOBL-ACGM,F24,10,8,3.3671211887e+02
ablation,SBOA-LOBL-ACGM,F25,10,8,4.4646770895e+02
ablation,SBOA-LOBL-ACGM,F26,10,8,3.0039913031e+02
ablation,SBOA-LOBL-ACGM,F27,10,8,3.9368357415e+02
ablation,SBOA-LOBL-ACGM,F28,10,8,4.1917801678e+02
ablation,SBOA-LOBL-ACGM,F29,10,8,2.6056450187e+02
ablation,SBOA-LOBL-ACGM,F30,10,8,8.5083647991e+05
ablation,MSSBOA,F1,10,8,1.8214405335e+04
ablation,MSSBOA,F11,10,8,1.0804078324e+01
ablation,MSSBOA,F12,10,8,8.9642681668e+03
ablation,MSSBOA,F13,10,8,1.0633071164e+04
ablation,MSSBOA,F14,10,8,1.8501987640e+02
ablation,MSSBOA,F15,10,8,7.6082496127e+03
ablation,MSSBOA,F16,10,8,1.4270088110e+00
ablation,MSSBOA,F17,10,8,1.5385157601e+01
ablation,MSSBOA,F18,10,8,4.8931114066e+03
ablation,SBOA,F1,10,9,9.2309706161e+02
ablation,SBOA,F3,10,9,1.9529803740e+02
ablation,SBOA,F4,10,9,7.0038305643e+00
ablation,SBOA,F5,10,9,2.6006020296e+01
ablation,MSSBOA,F19,10,8,6.1737827503e+02
ablation,MSSBOA,F20,10,8,2.2976019899e+01
ablation,MSSBOA,F21,10,8,2.1154489781e+02
ablation,MSSBOA,F22,10,8,1.0104047109e+02
ablation,SBOA,F6,10,9,1.5608765059e-01
ablation,SBOA,F7,10,9,3.2809917382e+01
ablation,SBOA,F8,10,9,9.6855694840e+00
ablation,SBOA,F9,10,9,6.4264293299e-01
ablation,SBOA,F10,10,9,6.2062178937e+02
ablation,SBOA,F11,10,9,5.2895327831e+00
ablation,SBOA,F12,10,9,1.8170480124e+04
ablation,SBOA,F13,10,9,1.4568487488e+04
ablation,MSSBOA,F23,10,8,3.1399271053e+02
ablation,MSSBOA,F24,10,8,3.4058713303e+02
ablation,MSSBOA,F25,10,8,4.4635218848e+02
ablation,MSSBOA,F26,10,8,3.0006417751e+02
ablation,SBOA,F14,10,9,2.5553351247e+02
ablation,SBOA,F15,10,9,8.9895684979e+03
ablation,SBOA,F16,10,9,4.1417109289e+00
ablation,SBOA,F17,10,9,2.5424192946e+01
ablation,SBOA,F18,10,9,1.5295872628e+03
ablation,SBOA,F19,10,9,4.8576204597e+02
ablation,SBOA,F20,10,9,3.1342071938e+01
ablation,SBOA,F21,10,9,2.1812276308e+02
ablation,MSSBOA,F27,10,8,3.9230714505e+02
ablation,MSSBOA,F28,10,8,3.7893877293e+02
ablation,MSSBOA,F29,10,8,2.8185092150e+02
ablation,MSSBOA,F30,10,8,1.1892663797e+05
ablation,SBOA-GPSI,F5,10,9,4.9973695569e+00
ablation,SBOA-GPSI,F6,10,9,1.0809637794e+00
ablation,SBOA-GPSI,F7,10,9,2.1254158180e+01
ablation,SBOA-GPSI,F8,10,9,1.1971099414e+01
ablation,SBOA,F22,10,9,1.0177517879e+02
ablation,SBOA,F23,10,9,3.1972869222e+02
ablation,SBOA,F24,10,9,3.4083266718e+02
ablation,SBOA,F25,10,9,3.9968017140e+02
ablation,SBOA,F30,10,9,3.7043709166e+04
ablation,SBOA-GPSI,F1,10,9,6.4539905940e+02
ablation,SBOA-GPSI,F3,10,9,2.6891843403e+02
ablation,SBOA-GPSI,F4,10,9,6.7544598389e+00
ablation,SBOA-GPSI,F9,10,9,2.1507752856e-01
ablation,SBOA-GPSI,F10,10,9,8.3138672955e+02
ablation,SBOA-GPSI,F11,10,9,7.7404561374e+00
ablation,SBOA-GPSI,F12,10,9,2.6698146402e+05
ablation,SBOA-GPSI,F13,10,9,5.1335260794e+03
ablation,SBOA-GPSI,F14,10,9,1.7154219602e+02
ablation,SBOA-GPSI,F15,10,9,1.0074278728e+03
ablation,SBOA-GPSI,F16,10,9,3.9734120034e+01
ablation,SBOA,F26,10,9,3.0011380666e+02
ablation,SBOA,F27,10,9,3.9066810053e+02
ablation,SBOA,F28,10,9,4.5198562183e+02
ablation,SBOA,F29,10,9,3.1817313395e+02
ablation,SBOA-GPSI,F17,10,9,2.7076773528e+01
ablation,SBOA-GPSI,F18,10,9,2.2578082583e+04
ablation,SBOA-GPSI,F19,10,9,1.4404369375e+03
ablation,SBOA-GPSI,F20,10,9,2.9009796561e+01
ablation,SBOA-LOBL,F4,10,9,6.8216674183e+00
ablation,SBOA-LOBL,F5,10,9,2.9954149768e+00
ablation,SBOA-LOBL,F6,10,9,2.3602614015e-01
ablation,SBOA-LOBL,F7,10,9,3.4272718435e+01
ablation,SBOA-GPSI,F21,10,9,1.0336013180e+02
ablation,SBOA-GPSI,F22,10,9,1.0087959528e+02
ablation,SBOA-GPSI,F23,10,9,3.2587907377e+02
ablation,SBOA-GPSI,F24,10,9,1.0039701671e+02
ablation,SBOA-GPSI,F29,10,9,2.5433451070e+02
ablation,SBOA-GPSI,F30,10,9,3.6919061929e+05
ablation,SBOA-LOBL,F1,10,9,4.7910200095e+03
ablation,SBOA-LOBL,F3,10,9,3.9657423154e+02
ablation,SBOA-LOBL,F8,10,9,9.9811762194e+00
ablation,SBOA-LOBL,F9,10,9,2.1744426140e-01
ablation,SBOA-LOBL,F10,10,9,1.0014829406e+03
ablation,SBOA-LOBL,F11,10,9,4.1428384800e+00
ablation,SBOA-GPSI,F25,10,9,4.4427451565e+02
ablation,SBOA-GPSI,F26,10,9,3.0002789023e+02
ablation,SBOA-GPSI,F27,10,9,3.8977216297e+02
ablation,SBOA-GPSI,F28,10,9,4.1631267864e+02
ablation,SBOA-LOBL,F12,10,9,3.6718053279e+06
ablation,SBOA-LOBL,F13,10,9,1.0684858304e+04
ablation,SBOA-LOBL,F14,10,9,2.2111723714e+02
ablation,SBOA-LOBL,F15,10,9,4.2603115189e+02
ablation,SBOA-LOBL,F16,10,9,4.2263925714e+01
ablation,SBOA-LOBL,F17,10,9,3.9976216831e+01
ablation,SBOA-LOBL,F18,10,9,5.6765257296e+03
ablation,SBOA-LOBL,F19,10,9,2.4776775898e+02
ablation,SBOA-ACGM,F3,10,9,3.7116851089e+02
ablation,SBOA-ACGM,F4,10,9,7.2794885127e+00
ablation,SBOA-ACGM,F5,10,9,1.9541753903e+01
ablation,SBOA-ACGM,F6,10,9,2.7381932165e-01
ablation,SBOA-LOBL,F20,10,9,2.8228783227e+00
ablation,SBOA-LOBL,F21,10,9,1.0327325264e+02
ablation,SBOA-LOBL,F22,10,9,1.0097186762e+02
ablation,SBOA-LOBL,F23,10,9,3.1698675763e+02
ablation,SBOA-ACGM,F7,10,9,3.2011948912e+01
ablation,SBOA-ACGM,F8,10,9,1.0945161788e+01
ablation,SBOA-ACGM,F9,10,9,7.2873336637e-04
ablation,SBOA-ACGM,F10,10,9,7.5873791250e+02
ablation,SBOA-LOBL,F24,10,9,1.0144577832e+02
ablation,SBOA-LOBL,F25,10,9,4.0032557757e+02
ablation,SBOA-LOBL,F26,10,9,3.0016267265e+02
ablation,SBOA-LOBL,F27,10,9,3.9081160403e+02
ablation,SBOA-ACGM,F11,10,9,1.2306689557e+01
ablation,SBOA-ACGM,F12,10,9,3.3684414989e+05
ablation,SBOA-ACGM,F13,10,9,1.8758949314e+03
ablation,SBOA-ACGM,F14,10,9,1.9326576282e+02
ablation,SBOA-ACGM,F15,10,9,1.7102844625e+03
ablation,SBOA-ACGM,F16,10,9,2.3882864986e+00
ablation,SBOA-ACGM,F17,10,9,2.7321911030e+01
ablation,SBOA-ACGM,F18,10,9,1.8251420384e+04
ablation,SBOA-LOBL,F28,10,9,3.9438038633e+02
ablation,SBOA-LOBL,F29,10,9,2.8984636920e+02
ablation,SBOA-LOBL,F30,10,9,2.2970585431e+05
ablation,SBOA-ACGM,F1,10,9,7.8309551031e+03
ablation,SBOA-GPSI-LOBL,F1,10,9,5.2881286185e+04
ablation,SBOA-GPSI-LOBL,F3,10,9,3.3399859843e+02
ablation,SBOA-GPSI-LOBL,F4,10,9,7.3856561665e+00
ablation,SBOA-GPSI-LOBL,F5,10,9,1.3938835076e+01
ablation,SBOA-ACGM,F19,10,9,4.3101646289e+03
ablation,SBOA-ACGM,F20,10,9,2.2908282579e+01
ablation,SBOA-ACGM,F21,10,9,2.0996644746e+02
ablation,SBOA-ACGM,F22,10,9,1.0168484002e+02
ablation,SBOA-GPSI-LOBL,F6,10,9,3.6768829335e-01
ablation,SBOA-GPSI-LOBL,F7,10,9,2.2155327120e+01
ablation,SBOA-GPSI-LOBL,F8,10,9,2.2901669350e+01
ablation,SBOA-GPSI-LOBL,F9,10,9,2.1741296130e-01
ablation,SBOA-ACGM,F23,10,9,3.1520553759e+02
ablation,SBOA-ACGM,F24,10,9,3.4868775245e+02
ablation,SBOA-ACGM,F25,10,9,4.4640136994e+02
ablation,SBOA-ACGM,F26,10,9,3.0029563918e+02
ablation,SBOA-GPSI-LOBL,F10,10,9,5.5497050710e+02
ablation,SBOA-GPSI-LOBL,F11,10,9,4.9853366059e+00
ablation,SBOA-GPSI-LOBL,F12,10,9,3.0496444797e+05
ablation,SBOA-GPSI-LOBL,F13,10,9,2.4136621855e+04
ablation,SBOA-ACGM,F27,10,9,3.9277368379e+02
ablation,SBOA-ACGM,F28,10,9,3.7239038227e+02
ablation,SBOA-ACGM,F29,10,9,2.5682960705e+02
ablation,SBOA-ACGM,F30,10,9,8.7504043231e+05
ablation,SBOA-GPSI-LOBL,F14,10,9,2.5456708415e+02
ablation,SBOA-GPSI-LOBL,F15,10,9,2.6057571438e+03
ablation,SBOA-GPSI-LOBL,F16,10,9,3.9310132542e+00
ablation,SBOA-GPSI-LOBL,F17,10,9,4.5009319593e+01
ablation,SBOA-GPSI-LOBL,F18,10,9,1.0371828587e+04
ablation,SBOA-GPSI-LOBL,F19,10,9,2.3124650548e+02
ablation,SBOA-GPSI-LOBL,F20,10,9,2.3444371320e+01
ablation,SBOA-GPSI-LOBL,F21,10,9,1.0670976785e+02
ablation,SBOA-GPSI-ACGM,F5,10,9,2.0913815239e+01
ablation,SBOA-GPSI-ACGM,F6,10,9,1.4262190186e-01
ablation,SBOA-GPSI-ACGM,F7,10,9,1.9261065384e+01
ablation,SBOA-GPSI-ACGM,F8,10,9,7.9603067661e+00
ablation,SBOA-GPSI-LOBL,F30,10,9,2.7532438355e+03
ablation,SBOA-GPSI-ACGM,F1,10,9,3.0378317687e+03
ablation,SBOA-GPSI-ACGM,F3,10,9,1.7952164292e+03
ablation,SBOA-GPSI-ACGM,F4,10,9,7.0404163065e+00
ablation,SBOA-GPSI-LOBL,F22,10,9,1.0137276450e+02
ablation,SBOA-GPSI-LOBL,F23,10,9,3.0730075138e+02
ablation,SBOA-GPSI-LOBL,F24,10,9,1.0173180784e+02
ablation,SBOA-GPSI-LOBL,F25,10,9,3.9962286070e+02
ablation,SBOA-GPSI-ACGM,F9,10,9,4.1478885698e-03
ablation,SBOA-GPSI-ACGM,F10,10,9,2.9813269156e+02
ablation,SBOA-GPSI-ACGM,F11,10,9,6.6976276049e+00
ablation,SBOA-GPSI-ACGM,F12,10,9,1.0994390021e+04
ablation,SBOA-GPSI-ACGM,F13,10,9,3.7863533095e+03
ablation,SBOA-GPSI-ACGM,F14,10,9,2.6396576134e+02
ablation,SBOA-GPSI-ACGM,F15,10,9,9.7502711532e+02
ablation,SBOA-GPSI-ACGM,F16,10,9,1.6802999957e+01
ablation,SBOA-GPSI-LOBL,F26,10,9,3.0152770106e+02
ablation,SBOA-GPSI-LOBL,F27,10,9,3.9598718525e+02
ablation,SBOA-GPSI-LOBL,F28,10,9,6.1182168638e+02
ablation,SBOA-GPSI-LOBL,F29,10,9,2.4380703542e+02
ablation,SBOA-GPSI-ACGM,F17,10,9,4.0824915342e+01
ablation,SBOA-GPSI-ACGM,F18,10,9,1.2158125631e+04
ablation,SBOA-GPSI-ACGM,F19,10,9,8.2021739690e+02
ablation,SBOA-GPSI-ACGM,F20,10,9,2.6953002025e+01
ablation,SBOA-LOBL-ACGM,F4,10,9,7.0621238060e+00
ablation,SBOA-LOBL-ACGM,F5,10,9,1.1014048363e+01
ablation,SBOA-LOBL-ACGM,F6,10,9,1.8807960763e+00
ablation,SBOA-LOBL-ACGM,F7,10,9,1.7470889265e+01
ablation,SBOA-GPSI-ACGM,F21,10,9,2.1144528253e+02
ablation,SBOA-GPSI-ACGM,F22,10,9,1.0262036612e+02
ablation,SBOA-GPSI-ACGM,F23,10,9,3.0767998418e+02
ablation,SBOA-GPSI-ACGM,F24,10,9,3.3287304617e+02
ablation,SBOA-GPSI-ACGM,F29,10,9,2.8220645985e+02
ablation,SBOA-GPSI-ACGM,F30,10,9,5.7126486566e+05
ablation,SBOA-LOBL-ACGM,F1,10,9,2.7892438736e+03
ablation,SBOA-LOBL-ACGM,F3,10,9,6.6645763999e+01
ablation,SBOA-LOBL-ACGM,F8,10,9,9.9512565440e+00
ablation,SBOA-LOBL-ACGM,F9,10,9,2.9666719329e-02
ablation,SBOA-LOBL-ACGM,F10,10,9,6.0048434699e+02
ablation,SBOA-LOBL-ACGM,F11,10,9,5.9806813809e+00
ablation,SBOA-GPSI-ACGM,F25,10,9,3.9963276915e+02
ablation,SBOA-GPSI-ACGM,F26,10,9,3.0016946218e+02
ablation,SBOA-GPSI-ACGM,F27,10,9,3.9259566323e+02
ablation,SBOA-GPSI-ACGM,F28,10,9,3.6839868469e+02
ablation,SBOA-LOBL-ACGM,F12,10,9,2.7018733319e+05
ablation,SBOA-LOBL-ACGM,F13,10,9,3.5920640842e+03
ablation,SBOA-LOBL-ACGM,F14,10,9,1.9985323801e+02
ablation,SBOA-LOBL-ACGM,F15,10,9,1.2561830964e+03
ablation,SBOA-LOBL-ACGM,F16,10,9,4.0053557966e+00
ablation,SBOA-LOBL-ACGM,F17,10,9,3.9752591585e+01
ablation,SBOA-LOBL-ACGM,F18,10,9,2.1191619895e+04
ablation,SBOA-LOBL-ACGM,F19,10,9,2.9637392057e+03
ablation,MSSBOA,F3,10,9,3.4964930909e+02
ablation,MSSBOA,F4,10,9,7.0942718127e+00
ablation,MSSBOA,F5,10,9,1.7038675222e+01
ablation,MSSBOA,F6,10,9,1.0377408944e-01
ablation,SBOA-LOBL-ACGM,F20,10,9,3.5033058878e+01
ablation,SBOA-LOBL-ACGM,F21,10,9,2.1606134064e+02
ablation,SBOA-LOBL-ACGM,F22,10,9,1.0137792765e+02
ablation,SBOA-LOBL-ACGM,F23,10,9,3.2682927371e+02
ablation,MSSBOA,F7,10,9,2.2351400832e+01
ablation,MSSBOA,F8,10,9,1.2960381257e+01
ablation,MSSBOA,F9,10,9,2.1611642004e-02
ablation,MSSBOA,F10,10,9,7.4652990476e+02
ablation,MSSBOA,F11,10,9,5.6635357137e+00
ablation,MSSBOA,F12,10,9,2.3556570781e+06
ablation,MSSBOA,F13,10,9,2.5521034688e+04
ablation,MSSBOA,F14,10,9,2.7435582123e+02
ablation,SBOA-LOBL-ACGM,F28,10,9,3.7660403344e+02
ablation,SBOA-LOBL-ACGM,F29,10,9,2.7958718018e+02
ablation,SBOA-LOBL-ACGM,F30,10,9,1.2055750343e+06
ablation,MSSBOA,F1,10,9,4.9376238565e+03
ablation,SBOA-LOBL-ACGM,F24,10,9,3.3398240769e+02
ablation,SBOA-LOBL-ACGM,F25,10,9,3.9960644461e+02
ablation,SBOA-LOBL-ACGM,F26,10,9,3.4715554151e+02
ablation,SBOA-LOBL-ACGM,F27,10,9,3.8999055790e+02
ablation,MSSBOA,F15,10,9,6.2242894519e+02
ablation,MSSBOA,F16,10,9,1.2812548774e+02
ablation,MSSBOA,F17,10,9,4.4339973231e+01
ablation,MSSBOA,F18,10,9,8.3291799047e+03
ablation,SBOA,F1,10,10,5.4197945809e+03
ablation,SBOA,F3,10,10,4.8743615338e+02
ablation,SBOA,F4,10,10,7.1550928636e+00
ablation,SBOA,F5,10,10,4.0510785921e+00
ablation,SBOA,F6,10,10,1.5792492072e-01
ablation,SBOA,F7,10,10,2.8724611237e+01
ablation,SBOA,F8,10,10,2.0966904657e+01
ablation,SBOA,F9,10,10,3.5186452825e-03
ablation,MSSBOA,F19,10,9,6.3560960787e+02
ablation,MSSBOA,F20,10,9,3.3991328185e+01
ablation,MSSBOA,F21,10,9,2.1436458739e+02
ablation,MSSBOA,F22,10,9,1.0406829760e+02
ablation,SBOA,F10,10,10,1.0187997113e+03
ablation,SBOA,F11,10,10,3.2180285854e+00
ablation,SBOA,F12,10,10,8.8257828013e+05
ablation,SBOA,F13,10,10,5.7623855371e+02
ablation,SBOA,F14,10,10,1.7305506968e+02
ablation,SBOA,F15,10,10,6.3238001707e+03
ablation,SBOA,F16,10,10,1.3104239731e+01
ablation,SBOA,F17,10,10,2.2943637902e+01
ablation,MSSBOA,F23,10,9,3.1547933973e+02
ablation,MSSBOA,F24,10,9,3.4554417988e+02
ablation,MSSBOA,F25,10,9,4.4475031384e+02
ablation,MSSBOA,F26,10,9,3.0008440667e+02
ablation,SBOA,F18,10,10,7.7953445667e+03
ablation,SBOA,F19,10,10,3.5478728049e+03
ablation,SBOA,F20,10,10,7.4938114472e+01
ablation,SBOA,F21,10,10,1.0248429583e+02
ablation,MSSBOA,F27,10,9,3.8955353381e+02
ablation,MSSBOA,F28,10,9,4.1768763904e+02
ablation,MSSBOA,F29,10,9,3.0997156009e+02
ablation,MSSBOA,F30,10,9,3.3038016307e+05
ablation,SBOA,F22,10,10,1.0046639041e+02
ablation,SBOA,F23,10,10,3.0953422746e+02
ablation,SBOA,F24,10,10,3.4013994512e+02
ablation,SBOA,F25,10,10,3.9970780778e+02
ablation,SBOA-GPSI,F5,10,10,7.9839218774e+00
ablation,SBOA-GPSI,F6,10,10,1.7660211787e+00
ablation,SBOA-GPSI,F7,10,10,1.4860631119e+01
ablation,SBOA-GPSI,F8,10,10,1.1944742328e+01
ablation,SBOA,F30,10,10,8.4668708510e+05
ablation,SBOA-GPSI,F1,10,10,1.8292364889e+03
ablation,SBOA-GPSI,F3,10,10,1.1644570279e+02
ablation,SBOA-GPSI,F4,10,10,3.9170835725e+00
ablation,SBOA-GPSI,F9,10,10,8.9841712806e-02
ablation,SBOA-GPSI,F10,10,10,6.5791590563e+02
ablation,SBOA-GPSI,F11,10,10,1.2408487249e+01
ablation,SBOA-GPSI,F12,10,10,4.2458246085e+04
ablation,SBOA,F26,10,10,3.0026015064e+02
ablation,SBOA,F27,10,10,3.9306108548e+02
ablation,SBOA,F28,10,10,3.7199842067e+02
ablation,SBOA,F29,10,10,2.8614999861e+02
ablation,SBOA-GPSI,F13,10,10,2.4575278508e+03
ablation,SBOA-GPSI,F14,10,10,4.3164683597e+02
ablation,SBOA-GPSI,F15,10,10,6.6948691136e+02
ablation,SBOA-GPSI,F16,10,10,1.4373376927e+02
ablation,SBOA-GPSI,F17,10,10,2.2428421679e+01
ablation,SBOA-GPSI,F18,10,10,3.3338913694e+04
ablation,SBOA-GPSI,F19,10,10,3.5656289917e+02
ablation,SBOA-GPSI,F20,10,10,3.0331317799e+01
ablation,SBOA-LOBL,F4,10,10,7.6744147468e+00
ablation,SBOA-LOBL,F5,10,10,8.9752000284e+00
ablation,SBOA-LOBL,F6,10,10,3.5518444301e-01
ablation,SBOA-LOBL,F7,10,10,2.7105440650e+01
ablation,SBOA-GPSI,F21,10,10,1.0409504152e+02
ablation,SBOA-GPSI,F22,10,10,1.0102805703e+02
ablation,SBOA-GPSI,F23,10,10,3.0643413290e+02
ablation,SBOA-GPSI,F24,10,10,3.3947104908e+02
ablation,SBOA-GPSI,F29,10,10,2.8080245673e+02
ablation,SBOA-GPSI,F30,10,10,6.4819354606e+05
ablation,SBOA-LOBL,F1,10,10,5.3439917300e+03
ablation,SBOA-LOBL,F3,10,10,1.1784860271e+02
ablation,SBOA-LOBL,F8,10,10,5.9886190260e+00
ablation,SBOA-LOBL,F9,10,10,8.2238428445e-03
ablation,SBOA-LOBL,F10,10,10,3.7965112327e+02
ablation,SBOA-LOBL,F11,10,10,9.2976009641e+00
ablation,SBOA-GPSI,F25,10,10,4.4498887229e+02
ablation,SBOA-GPSI,F26,10,10,3.0009243487e+02
ablation,SBOA-GPSI,F27,10,10,3.8902239375e+02
ablation,SBOA-GPSI,F28,10,10,3.6842554892e+02
ablation,SBOA-LOBL,F12,10,10,5.1400646173e+04
ablation,SBOA-LOBL,F13,10,10,9.9828086161e+03
ablation,SBOA-LOBL,F14,10,10,1.6437432332e+02
ablation,SBOA-LOBL,F15,10,10,1.0869288668e+03
ablation,SBOA-LOBL,F16,10,10,1.3706705501e+02
ablation,SBOA-LOBL,F17,10,10,2.6891000831e+01
ablation,SBOA-LOBL,F18,10,10,8.9665820766e+03
ablation,SBOA-LOBL,F19,10,10,7.5500511763e+02
ablation,SBOA-ACGM,F3,10,10,7.3235214915e+01
ablation,SBOA-ACGM,F4,10,10,3.3193221784e+00
ablation,SBOA-ACGM,F5,10,10,7.9718581135e+00
ablation,SBOA-ACGM,F6,10,10,8.1921995769e-01
ablation,SBOA-LOBL,F20,10,10,3.4487198345e+01
ablation,SBOA-LOBL,F21,10,10,2.1040056141e+02
ablation,SBOA-LOBL,F22,10,10,1.0138072958e+02
ablation,SBOA-LOBL,F23,10,10,3.1329373639e+02
ablation,SBOA-ACGM,F7,10,10,1.7600825262e+01
ablation,SBOA-ACGM,F8,10,10,1.3948336897e+01
ablation,SBOA-ACGM,F9,10,10,5.7252891361e-04
ablation,SBOA-ACGM,F10,10,10,9.7111371598e+02
ablation,SBOA-LOBL,F24,10,10,3.4351558564e+02
ablation,SBOA-LOBL,F25,10,10,4.4366888970e+02
ablation,SBOA-LOBL,F26,10,10,3.0046767301e+02
ablation,SBOA-LOBL,F27,10,10,3.9202566309e+02
ablation,SBOA-ACGM,F11,10,10,2.7023324730e+00
ablation,SBOA-ACGM,F12,10,10,1.8243959930e+06
ablation,SBOA-ACGM,F13,10,10,1.1070621593e+04
ablation,SBOA-ACGM,F14,10,10,2.3188424025e+02
ablation,SBOA-LOBL,F28,10,10,4.0244855199e+02
ablation,SBOA-LOBL,F29,10,10,2.8219883679e+02
ablation,SBOA-LOBL,F30,10,10,1.4106407077e+06
ablation,SBOA-ACGM,F1,10,10,1.7700220887e+03
ablation,SBOA-ACGM,F15,10,10,1.0748211920e+04
ablation,SBOA-ACGM,F16,10,10,2.4023585381e+00
ablation,SBOA-ACGM,F17,10,10,2.5073413030e+01
ablation,SBOA-ACGM,F18,10,10,2.1466456225e+04
ablation,SBOA-GPSI-LOBL,F1,10,10,1.8980408280e+03
ablation,SBOA-GPSI-LOBL,F3,10,10,1.2033843463e+02
ablation,SBOA-GPSI-LOBL,F4,10,10,7.5255546108e+00
ablation,SBOA-GPSI-LOBL,F5,10,10,9.0377512086e+00
ablation,SBOA-ACGM,F19,10,10,1.0496830961e+02
ablation,SBOA-ACGM,F20,10,10,3.4340221228e+01
ablation,SBOA-ACGM,F21,10,10,1.0241024742e+02
ablation,SBOA-ACGM,F22,10,10,1.0173752712e+02
ablation,SBOA-GPSI-LOBL,F6,10,10,2.1597945264e-01
ablation,SBOA-GPSI-LOBL,F7,10,10,2.7816750631e+01
ablation,SBOA-GPSI-LOBL,F8,10,10,8.0600677890e+00
ablation,SBOA-GPSI-LOBL,F9,10,10,1.2212715728e-04
ablation,SBOA-ACGM,F23,10,10,3.0972534997e+02
ablation,SBOA-ACGM,F24,10,10,3.4594264123e+02
ablation,SBOA-ACGM,F25,10,10,4.0005700333e+02
ablation,SBOA-ACGM,F26,10,10,3.4714907146e+02
ablation,SBOA-GPSI-LOBL,F10,10,10,1.2201534419e+03
ablation,SBOA-GPSI-LOBL,F11,10,10,1.0295627359e+01
ablation,SBOA-GPSI-LOBL,F12,10,10,1.4789997117e+05
ablation,SBOA-GPSI-LOBL,F13,10,10,1.5141009618e+03
ablation,SBOA-GPSI-LOBL,F14,10,10,2.6593210341e+02
ablation,SBOA-GPSI-LOBL,F15,10,10,5.2737611602e+03
ablation,SBOA-GPSI-LOBL,F16,10,10,4.0197112853e+00
ablation,SBOA-GPSI-LOBL,F17,10,10,4.3018551888e+01
ablation,SBOA-GPSI-LOBL,F18,10,10,6.8324464718e+03
ablation,SBOA-GPSI-LOBL,F19,10,10,5.7925225573e+02
ablation,SBOA-GPSI-LOBL,F20,10,10,3.1358051632e+01
ablation,SBOA-GPSI-LOBL,F21,10,10,2.1005218196e+02
ablation,SBOA-ACGM,F27,10,10,3.9352479273e+02
ablation,SBOA-ACGM,F28,10,10,4.0531270285e+02
ablation,SBOA-ACGM,F29,10,10,2.8333716931e+02
ablation,SBOA-ACGM,F30,10,10,6.9620752740e+05
ablation,SBOA-GPSI-ACGM,F5,10,10,7.0158041202e+00
ablation,SBOA-GPSI-ACGM,F6,10,10,7.2527510661e-01
ablation,SBOA-GPSI-ACGM,F7,10,10,2.3029441122e+01
ablation,SBOA-GPSI-ACGM,F8,10,10,4.9858054386e+00
ablation,SBOA-GPSI-LOBL,F22,10,10,1.0234211542e+02
ablation,SBOA-GPSI-LOBL,F23,10,10,3.0553096778e+02
ablation,SBOA-GPSI-LOBL,F24,10,10,3.4251649285e+02
ablation,SBOA-GPSI-LOBL,F25,10,10,4.0019785162e+02
ablation,SBOA-GPSI-LOBL,F30,10,10,1.0061546063e+04
ablation,SBOA-GPSI-ACGM,F1,10,10,1.9023574986e+03
ablation,SBOA-GPSI-ACGM,F3,10,10,1.6540899210e+02
ablation,SBOA-GPSI-ACGM,F4,10,10,6.6140080890e+00
ablation,SBOA-GPSI-ACGM,F9,10,10,9.6251130357e-02
ablation,SBOA-GPSI-ACGM,F10,10,10,5.7332095390e+02
ablation,SBOA-GPSI-ACGM,F11,10,10,6.9346792094e+00
ablation,SBOA-GPSI-ACGM,F12,10,10,2.1085683041e+06
ablation,SBOA-GPSI-ACGM,F13,10,10,5.8047122714e+03
ablation,SBOA-GPSI-ACGM,F14,10,10,1.5457199954e+02
ablation,SBOA-GPSI-ACGM,F15,10,10,2.0926019936e+03
ablation,SBOA-GPSI-ACGM,F16,10,10,2.6526947606e+00
ablation,SBOA-GPSI-LOBL,F26,10,10,3.0003009889e+02
ablation,SBOA-GPSI-LOBL,F27,10,10,3.9102468841e+02
ablation,SBOA-GPSI-LOBL,F28,10,10,3.6456796092e+02
ablation,SBOA-GPSI-LOBL,F29,10,10,3.1551293429e+02
ablation,SBOA-GPSI-ACGM,F17,10,10,2.5762105860e+01
ablation,SBOA-GPSI-ACGM,F18,10,10,1.1221321334e+04
ablation,SBOA-GPSI-ACGM,F19,10,10,4.6463042073e+03
ablation,SBOA-GPSI-ACGM,F20,10,10,2.8723534238e+01
ablation,SBOA-GPSI-ACGM,F21,10,10,1.0914381766e+02
ablation,SBOA-GPSI-ACGM,F22,10,10,1.0164272772e+02
ablation,SBOA-GPSI-ACGM,F23,10,10,3.2110502155e+02
ablation,SBOA-GPSI-ACGM,F24,10,10,1.0074324966e+02
ablation,SBOA-LOBL-ACGM,F4,10,10,7.2413395254e+00
ablation,SBOA-LOBL-ACGM,F5,10,10,1.2936306629e+01
ablation,SBOA-LOBL-ACGM,F6,10,10,1.4006991532e-01
ablation,SBOA-LOBL-ACGM,F7,10,10,4.2277769639e+01
ablation,SBOA-LOBL-ACGM,F8,10,10,1.3202283403e+01
ablation,SBOA-LOBL-ACGM,F9,10,10,1.0196181965e-01
ablation,SBOA-LOBL-ACGM,F10,10,10,3.7586800901e+02
ablation,SBOA-LOBL-ACGM,F11,10,10,4.7420469826e+00
ablation,SBOA-GPSI-ACGM,F29,10,10,2.6089103306e+02
ablation,SBOA-GPSI-ACGM,F30,10,10,8.5685738601e+05
ablation,SBOA-LOBL-ACGM,F1,10,10,1.9648582414e+03
ablation,SBOA-LOBL-ACGM,F3,10,10,3.3319219421e+02
ablation,SBOA-GPSI-ACGM,F25,10,10,4.4449493481e+02
ablation,SBOA-GPSI-ACGM,F26,10,10,3.0019600569e+02
ablation,SBOA-GPSI-ACGM,F27,10,10,3.8917802418e+02
ablation,SBOA-GPSI-ACGM,F28,10,10,3.7491950652e+02
ablation,SBOA-LOBL-ACGM,F12,10,10,1.2790424440e+06
ablation,SBOA-LOBL-ACGM,F13,10,10,8.3614338469e+02
ablation,SBOA-LOBL-ACGM,F14,10,10,1.9582730539e+02
ablation,SBOA-LOBL-ACGM,F15,10,10,8.8300288406e+02
ablation,SBOA-LOBL-ACGM,F16,10,10,2.0020094333e+00
ablation,SBOA-LOBL-ACGM,F17,10,10,6.2785916749e+01
ablation,SBOA-LOBL-ACGM,F18,10,10,2.6469491850e+04
ablation,SBOA-LOBL-ACGM,F19,10,10,1.7568993759e+04
ablation,MSSBOA,F3,10,10,2.0230753223e+02
ablation,MSSBOA,F4,10,10,5.8455298892e+00
ablation,MSSBOA,F5,10,10,2.5269904700e+01
ablation,MSSBOA,F6,10,10,2.4259184082e-01
ablation,SBOA-LOBL-ACGM,F20,10,10,3.1714595607e+01
ablation,SBOA-LOBL-ACGM,F21,10,10,1.0403068340e+02
ablation,SBOA-LOBL-ACGM,F22,10,10,1.0091187952e+02
ablation,SBOA-LOBL-ACGM,F23,10,10,3.2627002720e+02
ablation,MSSBOA,F7,10,10,2.4841221275e+01
ablation,MSSBOA,F8,10,10,1.4436967188e+01
ablation,MSSBOA,F9,10,10,4.7521775866e-03
ablation,MSSBOA,F10,10,10,9.7012738791e+02
ablation,SBOA-LOBL-ACGM,F24,10,10,1.0619816286e+02
ablation,SBOA-LOBL-ACGM,F25,10,10,3.9995468456e+02
ablation,SBOA-LOBL-ACGM,F26,10,10,3.8808177655e+02
ablation,SBOA-LOBL-ACGM,F27,10,10,3.9609706858e+02
ablation,MSSBOA,F11,10,10,7.0176685956e+00
ablation,MSSBOA,F12,10,10,9.2891394731e+05
ablation,MSSBOA,F13,10,10,7.5917614020e+03
ablation,MSSBOA,F14,10,10,2.4753653935e+02
ablation,SBOA-LOBL-ACGM,F28,10,10,5.8373957390e+02
ablation,SBOA-LOBL-ACGM,F29,10,10,2.5246411781e+02
ablation,SBOA-LOBL-ACGM,F30,10,10,3.9743330158e+05
ablation,MSSBOA,F1,10,10,2.4149491809e+03
ablation,MSSBOA,F15,10,10,3.0896059073e+02
ablation,MSSBOA,F16,10,10,4.1301962431e+01
ablation,MSSBOA,F17,10,10,4.3627316454e+01
ablation,MSSBOA,F18,10,10,7.3055781092e+03
ablation,SBOA,F1,10,11,3.1644875136e+04
ablation,SBOA,F3,10,11,3.9061952549e+00
ablation,SBOA,F4,10,11,6.7097500495e+00
ablation,SBOA,F5,10,11,1.0948344407e+01
ablation,MSSBOA,F19,10,10,1.2102950281e+02
ablation,MSSBOA,F20,10,10,1.1032240071e+01
ablation,MSSBOA,F21,10,10,2.0532604706e+02
ablation,MSSBOA,F22,10,10,1.0096823730e+02
ablation,SBOA,F6,10,11,2.3689184308e-01
ablation,SBOA,F7,10,11,2.0729556230e+01
ablation,SBOA,F8,10,11,1.4941972859e+01
ablation,SBOA,F9,10,11,5.1708721717e-03
ablation,SBOA,F10,10,11,3.5067431095e+02
ablation,SBOA,F11,10,11,7.7654682356e+00
ablation,SBOA,F12,10,11,2.5504388150e+04
ablation,SBOA,F13,10,11,1.2613498372e+04
ablation,MSSBOA,F23,10,10,3.1157896298e+02
ablation,MSSBOA,F24,10,10,1.0444788942e+02
ablation,MSSBOA,F25,10,10,3.9966250881e+02
ablation,MSSBOA,F26,10,10,3.0032462444e+02
ablation,SBOA,F14,10,11,1.7320570231e+02
ablation,SBOA,F15,10,11,2.3541187330e+02
ablation,SBOA,F16,10,11,5.4970557934e+00
ablation,SBOA,F17,10,11,2.9926718251e+01
ablation,SBOA,F18,10,11,5.9191456994e+03
ablation,SBOA,F19,10,11,1.4706090058e+02
ablation,SBOA,F20,10,11,2.6027137284e+01
ablation,SBOA,F21,10,11,2.2717720103e+02
ablation,MSSBOA,F27,10,10,3.8924029075e+02
ablation,MSSBOA,F28,10,10,4.1587646150e+02
ablation,MSSBOA,F29,10,10,2.9948148164e+02
ablation,MSSBOA,F30,10,10,1.6981813158e+06
ablation,SBOA,F30,10,11,2.0719030796e+05
ablation,SBOA-GPSI,F1,10,11,1.1353067487e+04
ablation,SBOA-GPSI,F3,10,11,1.8769804161e+02
ablation,SBOA-GPSI,F4,10,11,4.9315886107e+00
ablation,SBOA,F22,10,11,1.0081815876e+02
ablation,SBOA,F23,10,11,3.0663685719e+02
ablation,SBOA,F24,10,11,3.3608792049e+02
ablation,SBOA,F25,10,11,3.9967015892e+02
ablation,SBOA-GPSI,F5,10,11,1.4964049606e+01
ablation,SBOA-GPSI,F6,10,11,4.4051720354e-01
ablation,SBOA-GPSI,F7,10,11,4.8391621976e+01
ablation,SBOA-GPSI,F8,10,11,1.0961975377e+01
ablation,SBOA-GPSI,F9,10,11,2.2924543272e-01
ablation,SBOA-GPSI,F10,10,11,5.7674404608e+02
ablation,SBOA-GPSI,F11,10,11,1.3678709328e+01
ablation,SBOA-GPSI,F12,10,11,1.4909785077e+06
ablation,SBOA-GPSI,F13,10,11,2.4147439218e+03
ablation,SBOA-GPSI,F14,10,11,3.7243825435e+02
ablation,SBOA-GPSI,F15,10,11,2.2424944694e+02
ablation,SBOA-GPSI,F16,10,11,1.9767624629e+00
ablation,SBOA,F26,10,11,1.0312484565e+00
ablation,SBOA,F27,10,11,3.9350963788e+02
ablation,SBOA,F28,10,11,3.6752400686e+02
ablation,SBOA,F29,10,11,2.3938876459e+02
ablation,SBOA-GPSI,F17,10,11,4.1169027731e+01
ablation,SBOA-GPSI,F18,10,11,5.6762389587e+03
ablation,SBOA-GPSI,F19,10,11,1.4166358205e+03
ablation,SBOA-GPSI,F20,10,11,5.0284252788e+01
ablation,SBOA-LOBL,F4,10,11,4.6105049348e+00
ablation,SBOA-LOBL,F5,10,11,9.0147915276e+00
ablation,SBOA-LOBL,F6,10,11,1.9411869112e-01
ablation,SBOA-LOBL,F7,10,11,2.2738102165e+01
ablation,SBOA-GPSI,F21,10,11,1.0219207644e+02
ablation,SBOA-GPSI,F22,10,11,1.0059328890e+02
ablation,SBOA-GPSI,F23,10,11,3.1528975699e+02
ablation,SBOA-GPSI,F24,10,11,3.4459087849e+02
ablation,SBOA-LOBL,F8,10,11,5.9707731065e+00
ablation,SBOA-LOBL,F9,10,11,1.4694548315e+00
ablation,SBOA-LOBL,F10,10,11,5.2848353598e+02
ablation,SBOA-LOBL,F11,10,11,8.2436542176e+00
ablation,SBOA-GPSI,F25,10,11,3.9790994605e+02
ablation,SBOA-GPSI,F26,10,11,3.0024481917e+02
ablation,SBOA-GPSI,F27,10,11,3.9265504649e+02
ablation,SBOA-GPSI,F28,10,11,3.6889203494e+02
ablation,SBOA-GPSI,F29,10,11,2.8619688769e+02
ablation,SBOA-GPSI,F30,10,11,1.8093514751e+06
ablation,SBOA-LOBL,F1,10,11,4.2698900387e+03
ablation,SBOA-LOBL,F3,10,11,6.0579941200e+01
ablation,SBOA-LOBL,F12,10,11,5.4550644616e+06
ablation,SBOA-LOBL,F13,10,11,1.8845993232e+03
ablation,SBOA-LOBL,F14,10,11,2.2765467108e+02
ablation,SBOA-LOBL,F15,10,11,1.2390661913e+03
ablation,SBOA-LOBL,F16,10,11,4.0749397184e+00
ablation,SBOA-LOBL,F17,10,11,2.9127925344e+01
ablation,SBOA-LOBL,F18,10,11,5.3352576000e+04
ablation,SBOA-LOBL,F19,10,11,4.7330228856e+02
ablation,SBOA-ACGM,F3,10,11,1.6235440908e+03
ablation,SBOA-ACGM,F4,10,11,5.2512244892e+00
ablation,SBOA-ACGM,F5,10,11,2.2910075133e+01
ablation,SBOA-ACGM,F6,10,11,9.2677381120e-02
ablation,SBOA-LOBL,F20,10,11,2.6516633061e+01
ablation,SBOA-LOBL,F21,10,11,2.1965018050e+02
ablation,SBOA-LOBL,F22,10,11,1.0056329282e+02
ablation,SBOA-LOBL,F23,10,11,3.1810987096e+02
ablation,SBOA-ACGM,F7,10,11,1.3635892245e+01
ablation,SBOA-ACGM,F8,10,11,4.9893197285e+00
ablation,SBOA-ACGM,F9,10,11,4.7349545980e-01
ablation,SBOA-ACGM,F10,10,11,9.5058169388e+02
ablation,SBOA-LOBL,F24,10,11,1.0268352376e+02
ablation,SBOA-LOBL,F25,10,11,3.9964621496e+02
ablation,SBOA-LOBL,F26,10,11,3.7574833624e+02
ablation,SBOA-LOBL,F27,10,11,3.9467138848e+02
ablation,SBOA-ACGM,F11,10,11,6.3332650051e+00
ablation,SBOA-ACGM,F12,10,11,7.0771993519e+05
ablation,SBOA-ACGM,F13,10,11,4.2515257444e+03
ablation,SBOA-ACGM,F14,10,11,3.7825840695e+02
ablation,SBOA-LOBL,F28,10,11,4.1700008933e+02
ablation,SBOA-LOBL,F29,10,11,3.1233780093e+02
ablation,SBOA-LOBL,F30,10,11,1.5926292006e+06
ablation,SBOA-ACGM,F1,10,11,3.4350182589e+03
ablation,SBOA-ACGM,F15,10,11,4.2590657210e+02
ablation,SBOA-ACGM,F16,10,11,1.3658931509e+02
ablation,SBOA-ACGM,F17,10,11,4.2353343171e+01
ablation,SBOA-ACGM,F18,10,11,3.5408355004e+04
ablation,SBOA-GPSI-LOBL,F1,10,11,5.3671482529e+03
ablation,SBOA-GPSI-LOBL,F3,10,11,1.4895026481e+02
ablation,SBOA-GPSI-LOBL,F4,10,11,4.2311791253e+00
ablation,SBOA-GPSI-LOBL,F5,10,11,1.5268747689e+01
ablation,SBOA-ACGM,F19,10,11,2.3214926005e+02
ablation,SBOA-ACGM,F20,10,11,6.5928786142e+00
ablation,SBOA-ACGM,F21,10,11,2.1678703765e+02
ablation,SBOA-ACGM,F22,10,11,1.0048692180e+02
ablation,SBOA-GPSI-LOBL,F6,10,11,1.2709035205e-01
ablation,SBOA-GPSI-LOBL,F7,10,11,1.9541128179e+01
ablation,SBOA-GPSI-LOBL,F8,10,11,1.6916745017e+01
ablation,SBOA-GPSI-LOBL,F9,10,11,1.0466905074e-01
ablation,SBOA-ACGM,F23,10,11,3.1112049855e+02
ablation,SBOA-ACGM,F24,10,11,1.0365236508e+02
ablation,SBOA-ACGM,F25,10,11,4.0064070053e+02
ablation,SBOA-ACGM,F26,10,11,3.3383245060e+00
ablation,SBOA-GPSI-LOBL,F10,10,11,4.8151265119e+02
ablation,SBOA-GPSI-LOBL,F11,10,11,7.7844324375e+00
ablation,SBOA-GPSI-LOBL,F12,10,11,2.4863252497e+06
ablation,SBOA-GPSI-LOBL,F13,10,11,1.3408386057e+03
ablation,SBOA-GPSI-LOBL,F14,10,11,1.9774386102e+02
ablation,SBOA-GPSI-LOBL,F15,10,11,3.0094011484e+02
ablation,SBOA-GPSI-LOBL,F16,10,11,1.7022394697e+01
ablation,SBOA-GPSI-LOBL,F17,10,11,2.6949379546e+01
ablation,SBOA-ACGM,F27,10,11,3.8998288997e+02
ablation,SBOA-ACGM,F28,10,11,3.6640620841e+02
ablation,SBOA-ACGM,F29,10,11,2.3571022876e+02
ablation,SBOA-ACGM,F30,10,11,1.1449637601e+06
ablation,SBOA-GPSI-LOBL,F18,10,11,3.3359093391e+04
ablation,SBOA-GPSI-LOBL,F19,10,11,2.1279926529e+03
ablation,SBOA-GPSI-LOBL,F20,10,11,2.3995693183e+01
ablation,SBOA-GPSI-LOBL,F21,10,11,1.1109316497e+02
ablation,SBOA-GPSI-ACGM,F5,10,11,7.9721873964e+00
ablation,SBOA-GPSI-ACGM,F6,10,11,2.0108704475e-01
ablation,SBOA-GPSI-ACGM,F7,10,11,2.1189580002e+01
ablation,SBOA-GPSI-ACGM,F8,10,11,1.0217830288e+01
ablation,SBOA-GPSI-LOBL,F30,10,11,3.3971626405e+05
ablation,SBOA-GPSI-ACGM,F1,10,11,1.5039392776e+02
ablation,SBOA-GPSI-ACGM,F3,10,11,1.8994290014e+02
ablation,SBOA-GPSI-ACGM,F4,10,11,5.9957514412e+00
ablation,SBOA-GPSI-LOBL,F22,10,11,1.0146659629e+02
ablation,SBOA-GPSI-LOBL,F23,10,11,3.1547197350e+02
ablation,SBOA-GPSI-LOBL,F24,10,11,3.3762415043e+02
ablation,SBOA-GPSI-LOBL,F25,10,11,4.4409177005e+02
ablation,SBOA-GPSI-ACGM,F9,10,11,7.8142672114e-03
ablation,SBOA-GPSI-ACGM,F10,10,11,7.7313471384e+02
ablation,SBOA-GPSI-ACGM,F11,10,11,1.0264837991e+01
ablation,SBOA-GPSI-ACGM,F12,10,11,1.3320606810e+06
ablation,SBOA-GPSI-ACGM,F13,10,11,1.3852444854e+04
ablation,SBOA-GPSI-ACGM,F14,10,11,7.3279840827e+01
ablation,SBOA-GPSI-ACGM,F15,10,11,7.0368601051e+03
ablation,SBOA-GPSI-ACGM,F16,10,11,1.3602608484e+02
ablation,SBOA-GPSI-LOBL,F26,10,11,3.0005620915e+02
ablation,SBOA-GPSI-LOBL,F27,10,11,3.9313337826e+02
ablation,SBOA-GPSI-LOBL,F28,10,11,6.1182167246e+02
ablation,SBOA-GPSI-LOBL,F29,10,11,2.6148812719e+02
ablation,SBOA-GPSI-ACGM,F17,10,11,2.4027536713e+01
ablation,SBOA-GPSI-ACGM,F18,10,11,5.1240970319e+03
ablation,SBOA-GPSI-ACGM,F19,10,11,4.3036130725e+02
ablation,SBOA-GPSI-ACGM,F20,10,11,3.1382895410e+01
ablation,SBOA-LOBL-ACGM,F4,10,11,7.0746740167e+00
ablation,SBOA-LOBL-ACGM,F5,10,11,1.6957040210e+01
ablation,SBOA-LOBL-ACGM,F6,10,11,2.8377374629e-01
ablation,SBOA-LOBL-ACGM,F7,10,11,2.3961463103e+01
ablation,SBOA-GPSI-ACGM,F21,10,11,1.0386049799e+02
ablation,SBOA-GPSI-ACGM,F22,10,11,1.0005521445e+02
ablation,SBOA-GPSI-ACGM,F23,10,11,3.2468486081e+02
ablation,SBOA-GPSI-ACGM,F24,10,11,3.3979611138e+02
ablation,SBOA-LOBL-ACGM,F8,10,11,1.2972584407e+01
ablation,SBOA-LOBL-ACGM,F9,10,11,1.4583624826e-02
ablation,SBOA-LOBL-ACGM,F10,10,11,4.4837505305e+02
ablation,SBOA-LOBL-ACGM,F11,10,11,9.1458281687e+00
ablation,SBOA-GPSI-ACGM,F25,10,11,4.4513868150e+02
ablation,SBOA-GPSI-ACGM,F26,10,11,3.0005231609e+02
ablation,SBOA-GPSI-ACGM,F27,10,11,3.9401628391e+02
ablation,SBOA-GPSI-ACGM,F28,10,11,3.6838513079e+02
ablation,SBOA-GPSI-ACGM,F29,10,11,2.4016751033e+02
ablation,SBOA-GPSI-ACGM,F30,10,11,1.2786878542e+05
ablation,SBOA-LOBL-ACGM,F1,10,11,1.5968979236e+03
ablation,SBOA-LOBL-ACGM,F3,10,11,2.2954760667e+02
ablation,SBOA-LOBL-ACGM,F12,10,11,6.4087758211e+05
ablation,SBOA-LOBL-ACGM,F13,10,11,9.6498132483e+03
ablation,SBOA-LOBL-ACGM,F14,10,11,2.2150173849e+02
ablation,SBOA-LOBL-ACGM,F15,10,11,2.7365477968e+03
ablation,SBOA-LOBL-ACGM,F16,10,11,5.8373479960e+00
ablation,SBOA-LOBL-ACGM,F17,10,11,4.7378589613e+01
ablation,SBOA-LOBL-ACGM,F18,10,11,8.0864427378e+03
ablation,SBOA-LOBL-ACGM,F19,10,11,1.7761800976e+03
ablation,MSSBOA,F3,10,11,1.3299801731e+02
ablation,MSSBOA,F4,10,11,4.4478978946e+00
ablation,MSSBOA,F5,10,11,2.1094277792e+01
ablation,MSSBOA,F6,10,11,8.5431360915e-01
ablation,SBOA-LOBL-ACGM,F20,10,11,2.3501274385e+01
ablation,SBOA-LOBL-ACGM,F21,10,11,2.1214010201e+02
ablation,SBOA-LOBL-ACGM,F22,10,11,1.0159566937e+02
ablation,SBOA-LOBL-ACGM,F23,10,11,3.1791009457e+02
ablation,MSSBOA,F7,10,11,2.3207479503e+01
ablation,MSSBOA,F8,10,11,7.9629476324e+00
ablation,MSSBOA,F9,10,11,1.8462373291e-02
ablation,MSSBOA,F10,10,11,8.2593763351e+02
ablation,SBOA-LOBL-ACGM,F24,10,11,3.3767862611e+02
ablation,SBOA-LOBL-ACGM,F25,10,11,3.9959066519e+02
ablation,SBOA-LOBL-ACGM,F26,10,11,3.0029340061e+02
ablation,SBOA-LOBL-ACGM,F27,10,11,3.9524610566e+02
ablation,MSSBOA,F11,10,11,8.8312866642e+00
ablation,MSSBOA,F12,10,11,1.9164118680e+06
ablation,MSSBOA,F13,10,11,1.2708657159e+04
ablation,MSSBOA,F14,10,11,1.5377713996e+02
ablation,SBOA-LOBL-ACGM,F28,10,11,4.1524295338e+02
ablation,SBOA-LOBL-ACGM,F29,10,11,2.9356349191e+02
ablation,SBOA-LOBL-ACGM,F30,10,11,2.5444448323e+06
ablation,MSSBOA,F1,10,11,1.4669291874e+03
ablation,MSSBOA,F15,10,11,1.7766756643e+03
ablation,MSSBOA,F16,10,11,4.1711898863e+01
ablation,MSSBOA,F17,10,11,4.6076290841e+01
ablation,MSSBOA,F18,10,11,8.6949559719e+03
ablation,SBOA,F1,10,12,4.8596665630e+03
ablation,SBOA,F3,10,12,2.0388524278e+02
ablation,SBOA,F4,10,12,4.9098468482e+00
ablation,SBOA,F5,10,12,7.0254322071e+00
ablation,MSSBOA,F19,10,11,4.8980276276e+02
ablation,MSSBOA,F20,10,11,3.3491040672e+01
ablation,MSSBOA,F21,10,11,2.1308362297e+02
ablation,MSSBOA,F22,10,11,1.0184300193e+02
ablation,SBOA,F6,10,12,8.3148393176e-01
ablation,SBOA,F7,10,12,1.6187010413e+01
ablation,SBOA,F8,10,12,6.9982444454e+00
ablation,SBOA,F9,10,12,4.5879425908e-01
ablation,SBOA,F10,10,12,5.0158102599e+02
ablation,SBOA,F11,10,12,9.6259021575e+00
ablation,SBOA,F12,10,12,6.8503472402e+05
ablation,SBOA,F13,10,12,6.7839892045e+03
ablation,MSSBOA,F23,10,11,3.0829564209e+02
ablation,MSSBOA,F24,10,11,1.0198885065e+02
ablation,MSSBOA,F25,10,11,3.9914100696e+02
ablation,MSSBOA,F26,10,11,3.0046540977e+02
ablation,SBOA,F14,10,12,2.7821013574e+02
ablation,SBOA,F15,10,12,2.7060251234e+03
ablation,SBOA,F16,10,12,1.3338444975e+02
ablation,SBOA,F17,10,12,4.6606102976e+01
ablation,SBOA,F18,10,12,6.1502893708e+03
ablation,SBOA,F19,10,12,9.9813971784e+02
ablation,SBOA,F20,10,12,2.6034933105e+01
ablation,SBOA,F21,10,12,2.0980830498e+02
ablation,MSSBOA,F27,10,11,3.8956362599e+02
ablation,MSSBOA,F28,10,11,4.1645346355e+02
ablation,MSSBOA,F29,10,11,2.8288759479e+02
ablation,MSSBOA,F30,10,11,2.6790114998e+06
ablation,SBOA,F22,10,12,1.0112793251e+02
ablation,SBOA,F23,10,12,3.2270454977e+02
ablation,SBOA,F24,10,12,3.3920476954e+02
ablation,SBOA,F25,10,12,4.4392436623e+02
ablation,SBOA-GPSI,F5,10,12,7.9917152871e+00
ablation,SBOA-GPSI,F6,10,12,1.4872506879e+00
ablation,SBOA-GPSI,F7,10,12,1.7505741911e+01
ablation,SBOA-GPSI,F8,10,12,7.9656786511e+00
ablation,SBOA,F30,10,12,1.2748809759e+05
ablation,SBOA-GPSI,F1,10,12,1.2080678784e+04
ablation,SBOA-GPSI,F3,10,12,2.6557591816e+02
ablation,SBOA-GPSI,F4,10,12,6.1400750811e+00
ablation,SBOA-GPSI,F9,10,12,9.2386359963e-02
ablation,SBOA-GPSI,F10,10,12,2.5382179926e+02
ablation,SBOA-GPSI,F11,10,12,3.7824476123e+00
ablation,SBOA-GPSI,F12,10,12,1.0481400686e+05
ablation,SBOA-GPSI,F13,10,12,1.3796406443e+03
ablation,SBOA-GPSI,F14,10,12,2.9764014249e+02
ablation,SBOA-GPSI,F15,10,12,1.0073824993e+04
ablation,SBOA-GPSI,F16,10,12,2.8593119841e+01
ablation,SBOA,F26,10,12,3.0007955678e+02
ablation,SBOA,F27,10,12,3.9317351465e+02
ablation,SBOA,F28,10,12,4.1706885144e+02
ablation,SBOA,F29,10,12,3.2347089945e+02
ablation,SBOA-GPSI,F17,10,12,3.6083972135e+01
ablation,SBOA-GPSI,F18,10,12,3.3738188024e+03
ablation,SBOA-GPSI,F19,10,12,6.4891959267e+01
ablation,SBOA-GPSI,F20,10,12,4.1214612330e+01
ablation,SBOA-LOBL,F4,10,12,7.0288273953e+00
ablation,SBOA-LOBL,F5,10,12,8.0005976960e+00
ablation,SBOA-LOBL,F6,10,12,9.3709845243e-01
ablation,SBOA-LOBL,F7,10,12,3.0875480557e+01
ablation,SBOA-GPSI,F21,10,12,1.0328176209e+02
ablation,SBOA-GPSI,F22,10,12,1.0038229693e+02
ablation,SBOA-GPSI,F23,10,12,3.1873553598e+02
ablation,SBOA-GPSI,F24,10,12,3.4338861927e+02
ablation,SBOA-LOBL,F8,10,12,3.0098249643e+00
ablation,SBOA-LOBL,F9,10,12,9.6297203286e-03
ablation,SBOA-LOBL,F10,10,12,7.4345748162e+02
ablation,SBOA-LOBL,F11,10,12,4.5989377148e+00
ablation,SBOA-GPSI,F29,10,12,2.5398831810e+02
ablation,SBOA-GPSI,F30,10,12,6.2808720339e+05
ablation,SBOA-LOBL,F1,10,12,7.5073874829e+02
ablation,SBOA-LOBL,F3,10,12,9.4414287322e+01
ablation,SBOA-GPSI,F25,10,12,4.4411553498e+02
ablation,SBOA-GPSI,F26,10,12,3.0003242335e+02
ablation,SBOA-GPSI,F27,10,12,3.9420340209e+02
ablation,SBOA-GPSI,F28,10,12,3.7454352801e+02
ablation,SBOA-LOBL,F12,10,12,7.1344331449e+06
ablation,SBOA-LOBL,F13,10,12,1.5887289137e+04
ablation,SBOA-LOBL,F14,10,12,1.2786134334e+02
ablation,SBOA-LOBL,F15,10,12,4.0841625729e+02
ablation,SBOA-LOBL,F16,10,12,3.6131577813e+00
ablation,SBOA-LOBL,F17,10,12,4.3578434175e+01
ablation,SBOA-LOBL,F18,10,12,2.0268824644e+04
ablation,SBOA-LOBL,F19,10,12,5.0857991429e+02
ablation,SBOA-ACGM,F3,10,12,1.3957108309e+01
ablation,SBOA-ACGM,F4,10,12,7.1906643624e+00
ablation,SBOA-ACGM,F5,10,12,1.2593799866e+01
ablation,SBOA-ACGM,F6,10,12,6.4417852025e-02
ablation,SBOA-LOBL,F20,10,12,2.2709108688e+01
ablation,SBOA-LOBL,F21,10,12,2.2423255739e+02
ablation,SBOA-LOBL,F22,10,12,1.0140171874e+02
ablation,SBOA-LOBL,F23,10,12,3.0607426456e+02
ablation,SBOA-ACGM,F7,10,12,2.8605475386e+01
ablation,SBOA-ACGM,F8,10,12,1.3936602794e+01
ablation,SBOA-ACGM,F9,10,12,3.1465248783e-03
ablation,SBOA-ACGM,F10,10,12,4.7650361332e+02
ablation,SBOA-LOBL,F24,10,12,1.0423461837e+02
ablation,SBOA-LOBL,F25,10,12,3.9877723685e+02
ablation,SBOA-LOBL,F26,10,12,3.0006601516e+02
ablation,SBOA-LOBL,F27,10,12,3.9468297109e+02
ablation,SBOA-ACGM,F11,10,12,6.7293870372e+00
ablation,SBOA-ACGM,F12,10,12,1.1090256026e+04
ablation,SBOA-ACGM,F13,10,12,5.5409768313e+03
ablation,SBOA-ACGM,F14,10,12,2.6266013209e+02
ablation,SBOA-LOBL,F28,10,12,3.5789084866e+02
ablation,SBOA-LOBL,F29,10,12,2.7914393196e+02
ablation,SBOA-LOBL,F30,10,12,7.1621388122e+05
ablation,SBOA-ACGM,F1,10,12,9.4941750017e+02
ablation,SBOA-ACGM,F15,10,12,6.3963851983e+03
ablation,SBOA-ACGM,F16,10,12,1.5537958995e+01
ablation,SBOA-ACGM,F17,10,12,2.3135644362e+01
ablation,SBOA-ACGM,F18,10,12,3.3134356737e+04
ablation,SBOA-GPSI-LOBL,F1,10,12,3.1556716469e+03
ablation,SBOA-GPSI-LOBL,F3,10,12,1.2323477313e+03
ablation,SBOA-GPSI-LOBL,F4,10,12,4.6549498861e+00
ablation,SBOA-GPSI-LOBL,F5,10,12,1.6060429223e+01
ablation,SBOA-ACGM,F19,10,12,6.5238716057e+03
ablation,SBOA-ACGM,F20,10,12,3.3829135280e+01
ablation,SBOA-ACGM,F21,10,12,2.1301387677e+02
ablation,SBOA-ACGM,F22,10,12,1.0012554905e+02
ablation,SBOA-GPSI-LOBL,F6,10,12,2.2093894623e-01
ablation,SBOA-GPSI-LOBL,F7,10,12,2.9752482893e+01
ablation,SBOA-GPSI-LOBL,F8,10,12,2.2338606973e+01
ablation,SBOA-GPSI-LOBL,F9,10,12,3.1631361339e-03
ablation,SBOA-ACGM,F23,10,12,3.1054917172e+02
ablation,SBOA-ACGM,F24,10,12,3.4126638928e+02
ablation,SBOA-ACGM,F25,10,12,3.9899995448e+02
ablation,SBOA-ACGM,F26,10,12,3.0002909611e+02
ablation,SBOA-GPSI-LOBL,F10,10,12,3.7618313098e+02
ablation,SBOA-GPSI-LOBL,F11,10,12,9.6563399517e+00
ablation,SBOA-GPSI-LOBL,F12,10,12,5.7203936708e+04
ablation,SBOA-GPSI-LOBL,F13,10,12,3.7671121405e+03
ablation,SBOA-GPSI-LOBL,F14,10,12,3.6652311202e+02
ablation,SBOA-GPSI-LOBL,F15,10,12,8.1481763659e+02
ablation,SBOA-GPSI-LOBL,F16,10,12,3.9662436696e+01
ablation,SBOA-GPSI-LOBL,F17,10,12,6.7821248642e+00
ablation,SBOA-ACGM,F27,10,12,3.9628489814e+02
ablation,SBOA-ACGM,F28,10,12,4.1951602178e+02
ablation,SBOA-ACGM,F29,10,12,2.5538654954e+02
ablation,SBOA-ACGM,F30,10,12,1.3880912617e+05
ablation,SBOA-GPSI-LOBL,F18,10,12,1.8608721906e+04
ablation,SBOA-GPSI-LOBL,F19,10,12,4.4077617911e+02
ablation,SBOA-GPSI-LOBL,F20,10,12,2.7487762127e+01
ablation,SBOA-GPSI-LOBL,F21,10,12,2.1373634531e+02
ablation,SBOA-GPSI-ACGM,F5,10,12,4.9827720735e+00
ablation,SBOA-GPSI-ACGM,F6,10,12,1.6307262978e+00
ablation,SBOA-GPSI-ACGM,F7,10,12,2.9472621506e+01
ablation,SBOA-GPSI-ACGM,F8,10,12,4.9870788494e+00
ablation,SBOA-GPSI-LOBL,F30,10,12,1.7958271034e+05
ablation,SBOA-GPSI-ACGM,F1,10,12,2.4333636562e+03
ablation,SBOA-GPSI-ACGM,F3,10,12,2.1278284304e+02
ablation,SBOA-GPSI-ACGM,F4,10,12,6.5408717134e+00
ablation,SBOA-GPSI-LOBL,F22,10,12,1.0051711581e+02
ablation,SBOA-GPSI-LOBL,F23,10,12,3.1181653260e+02
ablation,SBOA-GPSI-LOBL,F24,10,12,1.0098838562e+02
ablation,SBOA-GPSI-LOBL,F25,10,12,3.9930198956e+02
ablation,SBOA-GPSI-ACGM,F9,10,12,2.3055123651e-03
ablation,SBOA-GPSI-ACGM,F10,10,12,6.4702678887e+02
ablation,SBOA-GPSI-ACGM,F11,10,12,5.4243914815e+00
ablation,SBOA-GPSI-ACGM,F12,10,12,8.8871177024e+05
ablation,SBOA-GPSI-ACGM,F13,10,12,4.4119568835e+03
ablation,SBOA-GPSI-ACGM,F14,10,12,1.7723544464e+02
ablation,SBOA-GPSI-ACGM,F15,10,12,2.8094393574e+03
ablation,SBOA-GPSI-ACGM,F16,10,12,4.0276771877e+01
ablation,SBOA-GPSI-ACGM,F17,10,12,4.4468320814e+01
ablation,SBOA-GPSI-ACGM,F18,10,12,2.0768421101e+04
ablation,SBOA-GPSI-ACGM,F19,10,12,1.2302500530e+02
ablation,SBOA-GPSI-ACGM,F20,10,12,3.9125435860e+01
ablation,SBOA-GPSI-LOBL,F26,10,12,3.0017394544e+02
ablation,SBOA-GPSI-LOBL,F27,10,12,3.8962015331e+02
ablation,SBOA-GPSI-LOBL,F28,10,12,3.6922075994e+02
ablation,SBOA-GPSI-LOBL,F29,10,12,2.4814981582e+02
ablation,SBOA-LOBL-ACGM,F4,10,12,5.6037812966e+00
ablation,SBOA-LOBL-ACGM,F5,10,12,2.2237955555e+01
ablation,SBOA-LOBL-ACGM,F6,10,12,3.9337459758e-01
ablation,SBOA-LOBL-ACGM,F7,10,12,2.4228864295e+01
ablation,SBOA-GPSI-ACGM,F21,10,12,2.2075647131e+02
ablation,SBOA-GPSI-ACGM,F22,10,12,1.0025987498e+02
ablation,SBOA-GPSI-ACGM,F23,10,12,3.2266908728e+02
ablation,SBOA-GPSI-ACGM,F24,10,12,1.0315116024e+02
ablation,SBOA-LOBL-ACGM,F8,10,12,1.8020659169e+01
ablation,SBOA-LOBL-ACGM,F9,10,12,1.2481465219e-03
ablation,SBOA-LOBL-ACGM,F10,10,12,1.1882271563e+03
ablation,SBOA-LOBL-ACGM,F11,10,12,4.4220591209e+00
ablation,SBOA-GPSI-ACGM,F25,10,12,4.2458843792e+02
ablation,SBOA-GPSI-ACGM,F26,10,12,3.0003320679e+02
ablation,SBOA-GPSI-ACGM,F27,10,12,3.9004951164e+02
ablation,SBOA-GPSI-ACGM,F28,10,12,3.6813921306e+02
ablation,SBOA-GPSI-ACGM,F29,10,12,2.4897075204e+02
ablation,SBOA-GPSI-ACGM,F30,10,12,1.7597544248e+06
ablation,SBOA-LOBL-ACGM,F1,10,12,2.8014714400e+04
ablation,SBOA-LOBL-ACGM,F3,10,12,7.5027829085e+01
ablation,SBOA-LOBL-ACGM,F12,10,12,4.4199119896e+05
ablation,SBOA-LOBL-ACGM,F13,10,12,3.4437090809e+03
ablation,SBOA-LOBL-ACGM,F14,10,12,2.2737876644e+02
ablation,SBOA-LOBL-ACGM,F15,10,12,1.8585694770e+03
ablation,SBOA-LOBL-ACGM,F16,10,12,2.4080280474e+02
ablation,SBOA-LOBL-ACGM,F17,10,12,4.2046987028e+01
ablation,SBOA-LOBL-ACGM,F18,10,12,6.9113163222e+03
ablation,SBOA-LOBL-ACGM,F19,10,12,3.9740034183e+02
ablation,MSSBOA,F3,10,12,1.0211544938e+02
ablation,MSSBOA,F4,10,12,7.7236474824e+00
ablation,MSSBOA,F5,10,12,1.3958365717e+01
ablation,MSSBOA,F6,10,12,6.0779817855e-01
ablation,SBOA-LOBL-ACGM,F20,10,12,2.4790589698e+01
ablation,SBOA-LOBL-ACGM,F21,10,12,2.1335654633e+02
ablation,SBOA-LOBL-ACGM,F22,10,12,1.0197576544e+02
ablation,SBOA-LOBL-ACGM,F23,10,12,3.2044888001e+02
ablation,MSSBOA,F7,10,12,1.8566640840e+01
ablation,MSSBOA,F8,10,12,9.9747888485e+00
ablation,MSSBOA,F9,10,12,1.3805505128e-01
ablation,MSSBOA,F10,10,12,1.2894224072e+02
ablation,SBOA-LOBL-ACGM,F24,10,12,3.5483288642e+02
ablation,SBOA-LOBL-ACGM,F25,10,12,4.4600697184e+02
ablation,SBOA-LOBL-ACGM,F26,10,12,3.0009425580e+02
ablation,SBOA-LOBL-ACGM,F27,10,12,3.9093763432e+02
ablation,MSSBOA,F11,10,12,5.2054220795e+00
ablation,MSSBOA,F12,10,12,3.9417642224e+06
ablation,MSSBOA,F13,10,12,1.1093179571e+03
ablation,MSSBOA,F14,10,12,1.0522229017e+03
ablation,SBOA-LOBL-ACGM,F28,10,12,3.0029854981e+02
ablation,SBOA-LOBL-ACGM,F29,10,12,2.7581974010e+02
ablation,SBOA-LOBL-ACGM,F30,10,12,5.6157963655e+04
ablation,MSSBOA,F1,10,12,1.7365295288e+05
ablation,MSSBOA,F15,10,12,6.7021527946e+02
ablation,MSSBOA,F16,10,12,1.2078389605e+02
ablation,MSSBOA,F17,10,12,4.3076423510e+01
ablation,MSSBOA,F18,10,12,1.3478905617e+04
ablation,SBOA,F1,10,13,8.9030969903e+02
ablation,SBOA,F3,10,13,3.2349116749e+01
ablation,SBOA,F4,10,13,5.8169263448e+00
ablation,SBOA,F5,10,13,1.1568375611e+01
ablation,MSSBOA,F19,10,12,7.3376645480e+02
ablation,MSSBOA,F20,10,12,6.1727210813e+00
ablation,MSSBOA,F21,10,12,2.1717808352e+02
ablation,MSSBOA,F22,10,12,1.0062164456e+02
ablation,SBOA,F6,10,13,1.5817238383e-01
ablation,SBOA,F7,10,13,2.3862697546e+01
ablation,SBOA,F8,10,13,2.4173496608e+00
ablation,SBOA,F9,10,13,2.1780476311e-04
ablation,SBOA,F10,10,13,5.8651145009e+02
ablation,SBOA,F11,10,13,7.6858391674e+00
ablation,SBOA,F12,10,13,2.1976847966e+05
ablation,SBOA,F13,10,13,3.9056497662e+03
ablation,MSSBOA,F23,10,12,3.1826902513e+02
ablation,MSSBOA,F24,10,12,3.4144744021e+02
ablation,MSSBOA,F25,10,12,3.9963841255e+02
ablation,MSSBOA,F26,10,12,3.5540889989e+02
ablation,SBOA,F14,10,13,2.8737694026e+02
ablation,SBOA,F15,10,13,1.3161581694e+03
ablation,SBOA,F16,10,13,1.4524435215e+00
ablation,SBOA,F17,10,13,3.9453948671e+01
ablation,SBOA,F18,10,13,1.2516957174e+04
ablation,SBOA,F19,10,13,5.8121016405e+03
ablation,SBOA,F20,10,13,2.6893822660e+01
ablation,SBOA,F21,10,13,1.0422240908e+02
ablation,MSSBOA,F27,10,12,3.8916869986e+02
ablation,MSSBOA,F28,10,12,3.8685546861e+02
ablation,MSSBOA,F29,10,12,3.7702810050e+02
ablation,MSSBOA,F30,10,12,7.9857332551e+05
ablation,SBOA,F22,10,13,1.0040605850e+02
ablation,SBOA,F23,10,13,3.1811533131e+02
ablation,SBOA,F24,10,13,3.3810882377e+02
ablation,SBOA,F25,10,13,4.1493881628e+02
ablation,SBOA,F30,10,13,2.3989748034e+06
ablation,SBOA-GPSI,F1,10,13,2.7604208506e+03
ablation,SBOA-GPSI,F3,10,13,2.6651423646e+02
ablation,SBOA-GPSI,F4,10,13,6.2329649879e+00
ablation,SBOA-GPSI,F5,10,13,1.2134736755e+01
ablation,SBOA-GPSI,F6,10,13,1.4850623996e+00
ablation,SBOA-GPSI,F7,10,13,2.2177407800e+01
ablation,SBOA-GPSI,F8,10,13,9.9504192046e+00
ablation,SBOA-GPSI,F9,10,13,1.0116903948e-03
ablation,SBOA-GPSI,F10,10,13,7.5678939546e+02
ablation,SBOA-GPSI,F11,10,13,7.9001781531e+00
ablation,SBOA-GPSI,F12,10,13,3.8576476811e+04
ablation,SBOA,F26,10,13,3.0006844266e+02
ablation,SBOA,F27,10,13,3.9598557615e+02
ablation,SBOA,F28,10,13,4.1935175038e+02
ablation,SBOA,F29,10,13,2.6700865848e+02
ablation,SBOA-GPSI,F13,10,13,6.6954580547e+03
ablation,SBOA-GPSI,F14,10,13,1.7966107626e+02
ablation,SBOA-GPSI,F15,10,13,8.1254380018e+02
ablation,SBOA-GPSI,F16,10,13,1.2534522309e+01
ablation,SBOA-GPSI,F17,10,13,5.2512599547e+01
ablation,SBOA-GPSI,F18,10,13,6.2188135087e+03
ablation,SBOA-GPSI,F19,10,13,2.3810354596e+02
ablation,SBOA-GPSI,F20,10,13,2.4926039657e+01
ablation,SBOA-GPSI,F21,10,13,1.0436491195e+02
ablation,SBOA-GPSI,F22,10,13,1.0381486046e+02
ablation,SBOA-GPSI,F23,10,13,3.0559050127e+02
ablation,SBOA-GPSI,F24,10,13,3.3604133334e+02
ablation,SBOA-LOBL,F4,10,13,6.7512403505e+00
ablation,SBOA-LOBL,F5,10,13,1.2943051758e+01
ablation,SBOA-LOBL,F6,10,13,1.4129160188e-01
ablation,SBOA-LOBL,F7,10,13,3.3368641093e+01
ablation,SBOA-GPSI,F29,10,13,2.6569276443e+02
ablation,SBOA-GPSI,F30,10,13,2.4701605058e+05
ablation,SBOA-LOBL,F1,10,13,1.1287368920e+04
ablation,SBOA-LOBL,F3,10,13,1.5660664942e+02
ablation,SBOA-LOBL,F8,10,13,9.9521796001e+00
ablation,SBOA-LOBL,F9,10,13,4.0775582081e-03
ablation,SBOA-LOBL,F10,10,13,6.9493714430e+02
ablation,SBOA-LOBL,F11,10,13,1.2996368932e+01
ablation,SBOA-GPSI,F25,10,13,3.9923049332e+02
ablation,SBOA-GPSI,F26,10,13,3.0012871837e+02
ablation,SBOA-GPSI,F27,10,13,3.9077506110e+02
ablation,SBOA-GPSI,F28,10,13,3.6641597361e+02
ablation,SBOA-LOBL,F12,10,13,4.3085355499e+04
ablation,SBOA-LOBL,F13,10,13,4.8615461050e+03
ablation,SBOA-LOBL,F14,10,13,1.4058849126e+02
ablation,SBOA-LOBL,F15,10,13,9.3442245115e+02
ablation,SBOA-LOBL,F16,10,13,4.0104636314e+01
ablation,SBOA-LOBL,F17,10,13,3.9340354972e+01
ablation,SBOA-LOBL,F18,10,13,6.4087278010e+03
ablation,SBOA-LOBL,F19,10,13,5.0902812404e+03
ablation,SBOA-ACGM,F3,10,13,4.1263577950e+02
ablation,SBOA-ACGM,F4,10,13,6.8231419146e+00
ablation,SBOA-ACGM,F5,10,13,1.0103377103e+01
ablation,SBOA-ACGM,F6,10,13,1.1220132542e+00
ablation,SBOA-LOBL,F20,10,13,2.3486784671e+01
ablation,SBOA-LOBL,F21,10,13,2.1388789188e+02
ablation,SBOA-LOBL,F22,10,13,1.0054914849e+02
ablation,SBOA-LOBL,F23,10,13,3.2115594995e+02
ablation,SBOA-ACGM,F7,10,13,2.0813329122e+01
ablation,SBOA-ACGM,F8,10,13,1.0977889354e+01
ablation,SBOA-ACGM,F9,10,13,6.2468850001e-03
ablation,SBOA-ACGM,F10,10,13,8.2005167722e+02
ablation,SBOA-LOBL,F24,10,13,3.4281426184e+02
ablation,SBOA-LOBL,F25,10,13,4.0087202569e+02
ablation,SBOA-LOBL,F26,10,13,3.9301663443e+02
ablation,SBOA-LOBL,F27,10,13,3.9082581461e+02
ablation,SBOA-ACGM,F11,10,13,7.9821240408e+00
ablation,SBOA-ACGM,F12,10,13,1.3358412163e+06
ablation,SBOA-ACGM,F13,10,13,3.0237029596e+04
ablation,SBOA-ACGM,F14,10,13,2.7021296782e+02
ablation,SBOA-LOBL,F28,10,13,4.1860401282e+02
ablation,SBOA-LOBL,F29,10,13,3.1505823810e+02
ablation,SBOA-LOBL,F30,10,13,7.9954166377e+05
ablation,SBOA-ACGM,F1,10,13,4.3188882136e+04
ablation,SBOA-ACGM,F15,10,13,4.6874232222e+03
ablation,SBOA-ACGM,F16,10,13,3.8925496474e+01
ablation,SBOA-ACGM,F17,10,13,2.6630638694e+01
ablation,SBOA-ACGM,F18,10,13,1.7681222243e+04
ablation,SBOA-GPSI-LOBL,F1,10,13,5.6937837531e+03
ablation,SBOA-GPSI-LOBL,F3,10,13,1.3164595957e+01
ablation,SBOA-GPSI-LOBL,F4,10,13,6.1331464123e+00
ablation,SBOA-GPSI-LOBL,F5,10,13,1.5020440700e+01
ablation,SBOA-ACGM,F19,10,13,2.7501658118e+03
ablation,SBOA-ACGM,F20,10,13,2.3912607582e+01
ablation,SBOA-ACGM,F21,10,13,1.0337154498e+02
ablation,SBOA-ACGM,F22,10,13,1.0179703980e+02
ablation,SBOA-GPSI-LOBL,F6,10,13,1.9197760665e-01
ablation,SBOA-GPSI-LOBL,F7,10,13,3.1192622069e+01
ablation,SBOA-GPSI-LOBL,F8,10,13,1.2936088936e+01
ablation,SBOA-GPSI-LOBL,F9,10,13,7.7346056781e-02
ablation,SBOA-ACGM,F23,10,13,3.1290555761e+02
ablation,SBOA-ACGM,F24,10,13,3.4213707352e+02
ablation,SBOA-ACGM,F25,10,13,4.2341736981e+02
ablation,SBOA-ACGM,F26,10,13,3.0007217810e+02
ablation,SBOA-GPSI-LOBL,F10,10,13,6.6059384245e+02
ablation,SBOA-GPSI-LOBL,F11,10,13,6.0951708116e+00
ablation,SBOA-GPSI-LOBL,F12,10,13,2.4787212052e+05
ablation,SBOA-GPSI-LOBL,F13,10,13,3.6125986828e+03
ablation,SBOA-GPSI-LOBL,F14,10,13,1.6728637944e+02
ablation,SBOA-GPSI-LOBL,F15,10,13,4.8576844630e+03
ablation,SBOA-GPSI-LOBL,F16,10,13,2.5793357659e+00
ablation,SBOA-GPSI-LOBL,F17,10,13,2.3954354813e+01
ablation,SBOA-ACGM,F27,10,13,3.9744011987e+02
ablation,SBOA-ACGM,F28,10,13,5.8373834301e+02
ablation,SBOA-ACGM,F29,10,13,2.6407850397e+02
ablation,SBOA-ACGM,F30,10,13,1.7019993244e+06
ablation,SBOA-GPSI-LOBL,F18,10,13,2.4078576646e+03
ablation,SBOA-GPSI-LOBL,F19,10,13,2.7904993618e+02
ablation,SBOA-GPSI-LOBL,F20,10,13,1.6830380986e+01
ablation,SBOA-GPSI-LOBL,F21,10,13,1.0747521209e+02
ablation,SBOA-GPSI-ACGM,F5,10,13,7.9733435923e+00
ablation,SBOA-GPSI-ACGM,F6,10,13,4.9654440704e-01
ablation,SBOA-GPSI-ACGM,F7,10,13,2.1402831908e+01
ablation,SBOA-GPSI-ACGM,F8,10,13,9.9587499415e+00
ablation,SBOA-GPSI-LOBL,F22,10,13,1.0315198152e+02
ablation,SBOA-GPSI-LOBL,F23,10,13,3.1615908231e+02
ablation,SBOA-GPSI-LOBL,F24,10,13,3.5299473843e+02
ablation,SBOA-GPSI-LOBL,F25,10,13,4.0088076145e+02
ablation,SBOA-GPSI-LOBL,F30,10,13,1.7051182177e+06
ablation,SBOA-GPSI-ACGM,F1,10,13,5.9875950337e+03
ablation,SBOA-GPSI-ACGM,F3,10,13,1.8118059883e+02
ablation,SBOA-GPSI-ACGM,F4,10,13,6.0495096219e+00
ablation,SBOA-GPSI-ACGM,F9,10,13,4.8886733077e-03
ablation,SBOA-GPSI-ACGM,F10,10,13,4.6836160306e+02
ablation,SBOA-GPSI-ACGM,F11,10,13,4.6697145333e+00
ablation,SBOA-GPSI-ACGM,F12,10,13,4.1786139788e+06
ablation,SBOA-GPSI-ACGM,F13,10,13,9.4928434213e+03
ablation,SBOA-GPSI-ACGM,F14,10,13,9.9310273560e+01
ablation,SBOA-GPSI-ACGM,F15,10,13,1.2754426490e+03
ablation,SBOA-GPSI-ACGM,F16,10,13,7.4971504408e+00
ablation,SBOA-GPSI-ACGM,F17,10,13,2.3322266692e+01
ablation,SBOA-GPSI-ACGM,F18,10,13,9.4826063892e+03
ablation,SBOA-GPSI-ACGM,F19,10,13,1.5829011460e+03
ablation,SBOA-GPSI-ACGM,F20,10,13,4.6851211795e+01
ablation,SBOA-GPSI-LOBL,F26,10,13,3.0011819732e+02
ablation,SBOA-GPSI-LOBL,F27,10,13,3.9160486251e+02
ablation,SBOA-GPSI-LOBL,F28,10,13,4.1704527969e+02
ablation,SBOA-GPSI-LOBL,F29,10,13,2.6799772639e+02
ablation,SBOA-LOBL-ACGM,F4,10,13,6.3602799931e+00
ablation,SBOA-LOBL-ACGM,F5,10,13,6.4292931039e+00
ablation,SBOA-LOBL-ACGM,F6,10,13,3.8603536201e-01
ablation,SBOA-LOBL-ACGM,F7,10,13,2.8242422412e+01
ablation,SBOA-GPSI-ACGM,F21,10,13,2.0936730458e+02
ablation,SBOA-GPSI-ACGM,F22,10,13,1.0066090246e+02
ablation,SBOA-GPSI-ACGM,F23,10,13,3.2672973471e+02
ablation,SBOA-GPSI-ACGM,F24,10,13,3.3972885912e+02
ablation,SBOA-LOBL-ACGM,F8,10,13,1.5955000679e+01
ablation,SBOA-LOBL-ACGM,F9,10,13,1.1852305064e-02
ablation,SBOA-LOBL-ACGM,F10,10,13,1.2847438276e+03
ablation,SBOA-LOBL-ACGM,F11,10,13,4.0016704670e+00
ablation,SBOA-LOBL-ACGM,F12,10,13,1.4783006166e+05
ablation,SBOA-LOBL-ACGM,F13,10,13,2.3261699496e+04
ablation,SBOA-LOBL-ACGM,F14,10,13,2.1991256831e+02
ablation,SBOA-LOBL-ACGM,F15,10,13,1.4032068387e+04
ablation,SBOA-GPSI-ACGM,F29,10,13,2.5960904837e+02
ablation,SBOA-GPSI-ACGM,F30,10,13,7.2870183923e+05
ablation,SBOA-LOBL-ACGM,F1,10,13,3.2053045846e+03
ablation,SBOA-LOBL-ACGM,F3,10,13,1.3808437690e+02
ablation,SBOA-GPSI-ACGM,F25,10,13,3.9848644231e+02
ablation,SBOA-GPSI-ACGM,F26,10,13,3.0025101885e+02
ablation,SBOA-GPSI-ACGM,F27,10,13,3.9187170197e+02
ablation,SBOA-GPSI-ACGM,F28,10,13,3.7335630178e+02
ablation,SBOA-LOBL-ACGM,F16,10,13,1.3450313041e+02
ablation,SBOA-LOBL-ACGM,F17,10,13,2.0850996234e+01
ablation,SBOA-LOBL-ACGM,F18,10,13,6.0008514949e+03
ablation,SBOA-LOBL-ACGM,F19,10,13,6.9192825145e+03
ablation,MSSBOA,F3,10,13,2.2099167468e+02
ablation,MSSBOA,F4,10,13,6.8141453513e+00
ablation,MSSBOA,F5,10,13,2.6908841575e+01
ablation,MSSBOA,F6,10,13,2.9075294040e+00
ablation,SBOA-LOBL-ACGM,F20,10,13,2.5334466530e+01
ablation,SBOA-LOBL-ACGM,F21,10,13,2.2465861261e+02
ablation,SBOA-LOBL-ACGM,F22,10,13,1.0129504387e+02
ablation,SBOA-LOBL-ACGM,F23,10,13,3.1276432541e+02
ablation,MSSBOA,F7,10,13,3.6455785243e+01
ablation,MSSBOA,F8,10,13,9.9553861515e+00
ablation,MSSBOA,F9,10,13,7.3389795959e-03
ablation,MSSBOA,F10,10,13,8.9781933431e+02
ablation,SBOA-LOBL-ACGM,F24,10,13,3.3952257004e+02
ablation,SBOA-LOBL-ACGM,F25,10,13,4.4478443618e+02
ablation,SBOA-LOBL-ACGM,F26,10,13,3.5540646122e+02
ablation,SBOA-LOBL-ACGM,F27,10,13,3.9863362805e+02
ablation,MSSBOA,F11,10,13,4.8157773311e+00
ablation,MSSBOA,F12,10,13,3.6541738073e+04
ablation,MSSBOA,F13,10,13,2.9493108375e+04
ablation,MSSBOA,F14,10,13,3.3533023656e+02
ablation,SBOA-LOBL-ACGM,F28,10,13,4.1607271804e+02
ablation,SBOA-LOBL-ACGM,F29,10,13,2.4918497856e+02
ablation,SBOA-LOBL-ACGM,F30,10,13,2.2653103228e+05
ablation,MSSBOA,F1,10,13,7.9205096073e+02
ablation,MSSBOA,F15,10,13,5.1294719477e+03
ablation,MSSBOA,F16,10,13,1.2328752263e+02
ablation,MSSBOA,F17,10,13,4.3713937005e+01
ablation,MSSBOA,F18,10,13,2.0361754354e+03
ablation,SBOA,F1,10,14,3.2769185267e+02
ablation,SBOA,F3,10,14,2.9166634419e+02
ablation,SBOA,F4,10,14,7.6216801357e+00
ablation,SBOA,F5,10,14,1.5929146100e+01
ablation,MSSBOA,F19,10,13,1.5888318285e+02
ablation,MSSBOA,F20,10,13,5.1127197470e+01
ablation,MSSBOA,F21,10,13,1.0236141075e+02
ablation,MSSBOA,F22,10,13,1.0270225743e+02
ablation,SBOA,F6,10,14,6.5290499681e-01
ablation,SBOA,F7,10,14,2.1688827872e+01
ablation,SBOA,F8,10,14,7.9612707300e+00
ablation,SBOA,F9,10,14,5.6904248529e-03
ablation,SBOA,F10,10,14,2.6281043005e+02
ablation,SBOA,F11,10,14,5.2573019175e+00
ablation,SBOA,F12,10,14,3.1688876189e+04
ablation,SBOA,F13,10,14,1.9706938791e+04
ablation,SBOA,F14,10,14,5.5442818725e+02
ablation,SBOA,F15,10,14,3.2944080858e+03
ablation,SBOA,F16,10,14,1.2837280056e+01
ablation,SBOA,F17,10,14,3.6003009633e+01
ablation,MSSBOA,F23,10,13,3.0735786442e+02
ablation,MSSBOA,F24,10,13,1.0635197045e+02
ablation,MSSBOA,F25,10,13,3.9977674784e+02
ablation,MSSBOA,F26,10,13,3.0014685855e+02
ablation,SBOA,F18,10,14,4.2723386628e+04
ablation,SBOA,F19,10,14,7.5248136522e+02
ablation,SBOA,F20,10,14,3.2075171078e+01
ablation,SBOA,F21,10,14,1.0678450928e+02
ablation,MSSBOA,F27,10,13,3.9334224402e+02
ablation,MSSBOA,F28,10,13,4.1522842011e+02
ablation,MSSBOA,F29,10,13,2.7604429314e+02
ablation,MSSBOA,F30,10,13,1.6088988159e+06
ablation,SBOA-GPSI,F5,10,14,6.9705867450e+00
ablation,SBOA-GPSI,F6,10,14,1.1845592479e+00
ablation,SBOA-GPSI,F7,10,14,2.3026988020e+01
ablation,SBOA-GPSI,F8,10,14,7.0864365404e+00
ablation,SBOA,F22,10,14,1.0081205546e+02
ablation,SBOA,F23,10,14,3.0579159901e+02
ablation,SBOA,F24,10,14,3.4613447760e+02
ablation,SBOA,F25,10,14,4.4628129975e+02
ablation,SBOA,F30,10,14,3.0218530734e+06
ablation,SBOA-GPSI,F1,10,14,4.0390030292e+02
ablation,SBOA-GPSI,F3,10,14,2.3247215928e+02
ablation,SBOA-GPSI,F4,10,14,7.0401218999e+00
ablation,SBOA-GPSI,F9,10,14,9.1689199101e-02
ablation,SBOA-GPSI,F10,10,14,7.4883754187e+02
ablation,SBOA-GPSI,F11,10,14,1.0671715397e+01
ablation,SBOA-GPSI,F12,10,14,4.0302364268e+05
ablation,SBOA,F26,10,14,3.0007842263e+02
ablation,SBOA,F27,10,14,3.8958131398e+02
ablation,SBOA,F28,10,14,3.7302587875e+02
ablation,SBOA,F29,10,14,3.2606204699e+02
ablation,SBOA-GPSI,F13,10,14,1.0055710782e+04
ablation,SBOA-GPSI,F14,10,14,2.4567032690e+02
ablation,SBOA-GPSI,F15,10,14,1.7090815024e+03
ablation,SBOA-GPSI,F16,10,14,1.5996683537e+01
ablation,SBOA-GPSI,F17,10,14,4.3077430739e+01
ablation,SBOA-GPSI,F18,10,14,6.2223580936e+03
ablation,SBOA-GPSI,F19,10,14,6.7403026356e+02
ablation,SBOA-GPSI,F20,10,14,2.3629197608e+01
ablation,SBOA-LOBL,F4,10,14,7.7137688670e+00
ablation,SBOA-LOBL,F5,10,14,1.0993044608e+01
ablation,SBOA-LOBL,F6,10,14,1.1129831262e+00
ablation,SBOA-LOBL,F7,10,14,3.1257813328e+01
ablation,SBOA-GPSI,F21,10,14,1.0615379513e+02
ablation,SBOA-GPSI,F22,10,14,1.0050864190e+02
ablation,SBOA-GPSI,F23,10,14,3.2058225549e+02
ablation,SBOA-GPSI,F24,10,14,1.0420654438e+02
ablation,SBOA-GPSI,F29,10,14,3.0652179285e+02
ablation,SBOA-GPSI,F30,10,14,8.1895421118e+05
ablation,SBOA-LOBL,F1,10,14,7.1484657467e+03
ablation,SBOA-LOBL,F3,10,14,1.4064404662e+02
ablation,SBOA-GPSI,F25,10,14,3.9982239992e+02
ablation,SBOA-GPSI,F26,10,14,3.0008779344e+02
ablation,SBOA-GPSI,F27,10,14,3.8972157716e+02
ablation,SBOA-GPSI,F28,10,14,3.7471635243e+02
ablation,SBOA-LOBL,F8,10,14,6.9872161853e+00
ablation,SBOA-LOBL,F9,10,14,1.4308495722e-01
ablation,SBOA-LOBL,F10,10,14,6.3481298302e+02
ablation,SBOA-LOBL,F11,10,14,5.0180673940e+00
ablation,SBOA-LOBL,F12,10,14,1.0752475310e+05
ablation,SBOA-LOBL,F13,10,14,1.3770733033e+04
ablation,SBOA-LOBL,F14,10,14,5.1607481161e+02
ablation,SBOA-LOBL,F15,10,14,3.6326230958e+02
ablation,SBOA-LOBL,F16,10,14,3.9708410912e+01
ablation,SBOA-LOBL,F17,10,14,2.4665079484e+01
ablation,SBOA-LOBL,F18,10,14,4.5354467941e+04
ablation,SBOA-LOBL,F19,10,14,9.8774824208e+01
ablation,SBOA-ACGM,F3,10,14,1.1594595493e+02
ablation,SBOA-ACGM,F4,10,14,6.6795578614e+00
ablation,SBOA-ACGM,F5,10,14,1.1955864973e+01
ablation,SBOA-ACGM,F6,10,14,4.2850547576e-01
ablation,SBOA-LOBL,F20,10,14,2.7588379489e+01
ablation,SBOA-LOBL,F21,10,14,2.1185826674e+02
ablation,SBOA-LOBL,F22,10,14,1.0140104616e+02
ablation,SBOA-LOBL,F23,10,14,3.2689788586e+02
ablation,SBOA-ACGM,F7,10,14,2.8869789925e+01
ablation,SBOA-ACGM,F8,10,14,3.9832719335e+00
ablation,SBOA-ACGM,F9,10,14,4.5527325176e-01
ablation,SBOA-ACGM,F10,10,14,1.3371568083e+02
ablation,SBOA-LOBL,F24,10,14,3.3710158999e+02
ablation,SBOA-LOBL,F25,10,14,4.0099176315e+02
ablation,SBOA-LOBL,F26,10,14,3.0005065875e+02
ablation,SBOA-LOBL,F27,10,14,3.8952633605e+02
ablation,SBOA-ACGM,F11,10,14,7.6820070734e+00
ablation,SBOA-ACGM,F12,10,14,2.2311661590e+05
ablation,SBOA-ACGM,F13,10,14,1.2258210023e+04
ablation,SBOA-ACGM,F14,10,14,1.7706716625e+02
ablation,SBOA-LOBL,F28,10,14,4.1181181185e+02
ablation,SBOA-LOBL,F29,10,14,2.6915837466e+02
ablation,SBOA-LOBL,F30,10,14,1.6366561144e+04
ablation,SBOA-ACGM,F1,10,14,1.0867629350e+03
ablation,SBOA-ACGM,F15,10,14,4.4490071883e+03
ablation,SBOA-ACGM,F16,10,14,3.9063960598e+01
ablation,SBOA-ACGM,F17,10,14,6.3672651842e+01
ablation,SBOA-ACGM,F18,10,14,3.2461697750e+04
ablation,SBOA-GPSI-LOBL,F1,10,14,9.1599250943e+03
ablation,SBOA-GPSI-LOBL,F3,10,14,8.0271876763e+01
ablation,SBOA-GPSI-LOBL,F4,10,14,2.2194198184e+00
ablation,SBOA-GPSI-LOBL,F5,10,14,1.0401587715e+01
ablation,SBOA-ACGM,F19,10,14,8.2449688422e+02
ablation,SBOA-ACGM,F20,10,14,3.0365753011e+01
ablation,SBOA-ACGM,F21,10,14,2.0673119409e+02
ablation,SBOA-ACGM,F22,10,14,1.0090198332e+02
ablation,SBOA-GPSI-LOBL,F6,10,14,3.1450070068e-01
ablation,SBOA-GPSI-LOBL,F7,10,14,2.9231197111e+01
ablation,SBOA-GPSI-LOBL,F8,10,14,1.5022835052e+01
ablation,SBOA-GPSI-LOBL,F9,10,14,3.0754423601e-03
ablation,SBOA-GPSI-LOBL,F10,10,14,7.1539812026e+02
ablation,SBOA-GPSI-LOBL,F11,10,14,7.4387039403e+00
ablation,SBOA-GPSI-LOBL,F12,10,14,6.7290932449e+06
ablation,SBOA-GPSI-LOBL,F13,10,14,1.9112531720e+04
ablation,SBOA-ACGM,F23,10,14,3.1532672249e+02
ablation,SBOA-ACGM,F24,10,14,3.5073002486e+02
ablation,SBOA-ACGM,F25,10,14,4.4371805518e+02
ablation,SBOA-ACGM,F26,10,14,3.0044135681e+02
ablation,SBOA-GPSI-LOBL,F14,10,14,3.8868471107e+02
ablation,SBOA-GPSI-LOBL,F15,10,14,1.6064792487e+03
ablation,SBOA-GPSI-LOBL,F16,10,14,1.4749382272e+02
ablation,SBOA-GPSI-LOBL,F17,10,14,1.0733298761e+01
ablation,SBOA-ACGM,F27,10,14,3.9078808875e+02
ablation,SBOA-ACGM,F28,10,14,3.7151290865e+02
ablation,SBOA-ACGM,F29,10,14,2.3202944806e+02
ablation,SBOA-ACGM,F30,10,14,1.9777006358e+06
ablation,SBOA-GPSI-LOBL,F18,10,14,1.1806604739e+04
ablation,SBOA-GPSI-LOBL,F19,10,14,7.8844197301e+02
ablation,SBOA-GPSI-LOBL,F20,10,14,3.1535270649e+01
ablation,SBOA-GPSI-LOBL,F21,10,14,1.0295450987e+02
ablation,SBOA-GPSI-ACGM,F5,10,14,1.1981286156e+01
ablation,SBOA-GPSI-ACGM,F6,10,14,1.6375110556e-01
ablation,SBOA-GPSI-ACGM,F7,10,14,2.6196347926e+01
ablation,SBOA-GPSI-ACGM,F8,10,14,1.1974642052e+01
ablation,SBOA-GPSI-LOBL,F30,10,14,8.7266144625e+05
ablation,SBOA-GPSI-ACGM,F1,10,14,1.5359073404e+04
ablation,SBOA-GPSI-ACGM,F3,10,14,9.8814545561e+00
ablation,SBOA-GPSI-ACGM,F4,10,14,4.0030398347e+00
ablation,SBOA-GPSI-LOBL,F22,10,14,1.0095723715e+02
ablation,SBOA-GPSI-LOBL,F23,10,14,3.2226328239e+02
ablation,SBOA-GPSI-LOBL,F24,10,14,1.0191326745e+02
ablation,SBOA-GPSI-LOBL,F25,10,14,4.4378277826e+02
ablation,SBOA-GPSI-ACGM,F9,10,14,2.0643402419e-01
ablation,SBOA-GPSI-ACGM,F10,10,14,9.6041974928e+02
ablation,SBOA-GPSI-ACGM,F11,10,14,8.3508396760e+00
ablation,SBOA-GPSI-ACGM,F12,10,14,3.8615952817e+05
ablation,SBOA-GPSI-ACGM,F13,10,14,4.7461689815e+02
ablation,SBOA-GPSI-ACGM,F14,10,14,2.1176434257e+02
ablation,SBOA-GPSI-ACGM,F15,10,14,7.5737777846e+02
ablation,SBOA-GPSI-ACGM,F16,10,14,4.4853150116e+01
ablation,SBOA-GPSI-ACGM,F17,10,14,2.1301751962e+01
ablation,SBOA-GPSI-ACGM,F18,10,14,4.9338793503e+04
ablation,SBOA-GPSI-ACGM,F19,10,14,2.0499019533e+02
ablation,SBOA-GPSI-ACGM,F20,10,14,2.1317425189e+01
ablation,SBOA-GPSI-LOBL,F26,10,14,3.0014417376e+02
ablation,SBOA-GPSI-LOBL,F27,10,14,3.9527332579e+02
ablation,SBOA-GPSI-LOBL,F28,10,14,3.7020347463e+02
ablation,SBOA-GPSI-LOBL,F29,10,14,2.8802351141e+02
ablation,SBOA-GPSI-ACGM,F21,10,14,1.0560041181e+02
ablation,SBOA-GPSI-ACGM,F22,10,14,1.0052275276e+02
ablation,SBOA-GPSI-ACGM,F23,10,14,3.1316442607e+02
ablation,SBOA-GPSI-ACGM,F24,10,14,3.3646919421e+02
ablation,SBOA-LOBL-ACGM,F4,10,14,7.4401614103e+00
ablation,SBOA-LOBL-ACGM,F5,10,14,7.4248602762e+00
ablation,SBOA-LOBL-ACGM,F6,10,14,1.9397830029e-01
ablation,SBOA-LOBL-ACGM,F7,10,14,1.7484059611e+01
ablation,SBOA-GPSI-ACGM,F25,10,14,3.9975635675e+02
ablation,SBOA-GPSI-ACGM,F26,10,14,3.0002948997e+02
ablation,SBOA-GPSI-ACGM,F27,10,14,3.8691603934e+02
ablation,SBOA-GPSI-ACGM,F28,10,14,6.1182392257e+02
ablation,SBOA-LOBL-ACGM,F8,10,14,8.1872814159e+00
ablation,SBOA-LOBL-ACGM,F9,10,14,3.2291154212e-03
ablation,SBOA-LOBL-ACGM,F10,10,14,8.5286560417e+02
ablation,SBOA-LOBL-ACGM,F11,10,14,4.7170552204e+00
ablation,SBOA-GPSI-ACGM,F29,10,14,2.9987368273e+02
ablation,SBOA-GPSI-ACGM,F30,10,14,8.6532903232e+05
ablation,SBOA-LOBL-ACGM,F1,10,14,6.9925717606e+04
ablation,SBOA-LOBL-ACGM,F3,10,14,1.1713607645e+02
ablation,SBOA-LOBL-ACGM,F12,10,14,5.2258701459e+06
ablation,SBOA-LOBL-ACGM,F13,10,14,2.0274205277e+03
ablation,SBOA-LOBL-ACGM,F14,10,14,1.8159791749e+02
ablation,SBOA-LOBL-ACGM,F15,10,14,1.0361300428e+03
ablation,SBOA-LOBL-ACGM,F16,10,14,3.9160247539e+01
ablation,SBOA-LOBL-ACGM,F17,10,14,3.9416727584e+01
ablation,SBOA-LOBL-ACGM,F18,10,14,2.5589964859e+04
ablation,SBOA-LOBL-ACGM,F19,10,14,3.0161003922e+04
ablation,SBOA-LOBL-ACGM,F20,10,14,2.3266508509e+01
ablation,SBOA-LOBL-ACGM,F21,10,14,2.1569342811e+02
ablation,SBOA-LOBL-ACGM,F22,10,14,1.0081796225e+02
ablation,SBOA-LOBL-ACGM,F23,10,14,3.0883739700e+02
ablation,MSSBOA,F3,10,14,6.4911214850e+01
ablation,MSSBOA,F4,10,14,6.4007426804e+00
ablation,MSSBOA,F5,10,14,6.8197216110e+00
ablation,MSSBOA,F6,10,14,4.0045125854e-01
ablation,SBOA-LOBL-ACGM,F24,10,14,3.3084719376e+02
ablation,SBOA-LOBL-ACGM,F25,10,14,3.9887268827e+02
ablation,SBOA-LOBL-ACGM,F26,10,14,3.1717391711e+02
ablation,SBOA-LOBL-ACGM,F27,10,14,3.9061696012e+02
ablation,MSSBOA,F7,10,14,2.0216518900e+01
ablation,MSSBOA,F8,10,14,2.0894589638e+01
ablation,MSSBOA,F9,10,14,4.5921387803e-01
ablation,MSSBOA,F10,10,14,8.3885376418e+02
ablation,MSSBOA,F11,10,14,1.3229620450e+01
ablation,MSSBOA,F12,10,14,1.8553643489e+06
ablation,MSSBOA,F13,10,14,8.8066394272e+03
ablation,MSSBOA,F14,10,14,3.0196110376e+02
ablation,SBOA-LOBL-ACGM,F28,10,14,3.9728564688e+02
ablation,SBOA-LOBL-ACGM,F29,10,14,2.5355421089e+02
ablation,SBOA-LOBL-ACGM,F30,10,14,2.6931745672e+05
ablation,MSSBOA,F1,10,14,3.2538246216e+03
ablation,MSSBOA,F15,10,14,4.8487535528e+03
ablation,MSSBOA,F16,10,14,1.3309303229e+02
ablation,MSSBOA,F17,10,14,2.4996016524e+01
ablation,MSSBOA,F18,10,14,1.1640215827e+04
ablation,SBOA,F1,10,15,4.4007183673e+03
ablation,SBOA,F3,10,15,1.6668444935e+02
ablation,SBOA,F4,10,15,5.3867449094e+00
ablation,SBOA,F5,10,15,1.9186739117e+01
ablation,MSSBOA,F19,10,14,7.2636101420e+02
ablation,MSSBOA,F20,10,14,2.8976872759e+01
ablation,MSSBOA,F21,10,14,2.4133597703e+02
ablation,MSSBOA,F22,10,14,1.0515570086e+02
ablation,SBOA,F6,10,15,5.2746850017e-01
ablation,SBOA,F7,10,15,2.0611798388e+01
ablation,SBOA,F8,10,15,6.9981862839e+00
ablation,SBOA,F9,10,15,5.9339587913e-03
ablation,SBOA,F10,10,15,6.1157427933e+02
ablation,SBOA,F11,10,15,5.3699292118e+00
ablation,SBOA,F12,10,15,1.0580803042e+05
ablation,SBOA,F13,10,15,1.4551746131e+04
ablation,MSSBOA,F23,10,14,3.1813795198e+02
ablation,MSSBOA,F24,10,14,3.3573511258e+02
ablation,MSSBOA,F25,10,14,3.9800173195e+02
ablation,MSSBOA,F26,10,14,3.1415239086e+02
ablation,SBOA,F14,10,15,1.5387170638e+02
ablation,SBOA,F15,10,15,1.2667116733e+03
ablation,SBOA,F16,10,15,1.4521158877e+00
ablation,SBOA,F17,10,15,4.7535972396e+01
ablation,SBOA,F18,10,15,2.1168865902e+04
ablation,SBOA,F19,10,15,6.8238444022e+03
ablation,SBOA,F20,10,15,2.8223994265e+01
ablation,SBOA,F21,10,15,2.1624567489e+02
ablation,SBOA,F22,10,15,1.0187022690e+02
ablation,SBOA,F23,10,15,3.1197365705e+02
ablation,SBOA,F24,10,15,3.3300367597e+02
ablation,SBOA,F25,10,15,4.4611598738e+02
ablation,MSSBOA,F27,10,14,3.8933368983e+02
ablation,MSSBOA,F28,10,14,4.7884274909e+02
ablation,MSSBOA,F29,10,14,2.6392994025e+02
ablation,MSSBOA,F30,10,14,1.4086011242e+04
ablation,SBOA,F30,10,15,8.4145910938e+05
ablation,SBOA-GPSI,F1,10,15,1.2816229338e+02
ablation,SBOA-GPSI,F3,10,15,8.3598970218e+01
ablation,SBOA-GPSI,F4,10,15,5.4044799111e+00
ablation,SBOA-GPSI,F5,10,15,1.3946189507e+01
ablation,SBOA-GPSI,F6,10,15,6.5559827395e-02
ablation,SBOA-GPSI,F7,10,15,2.5603021298e+01
ablation,SBOA-GPSI,F8,10,15,4.2462142280e+00
ablation,SBOA-GPSI,F9,10,15,2.3856429949e-02
ablation,SBOA-GPSI,F10,10,15,6.1656690999e+02
ablation,SBOA-GPSI,F11,10,15,5.0032233673e+00
ablation,SBOA-GPSI,F12,10,15,1.9227355117e+04
ablation,SBOA,F26,10,15,3.0016808221e+02
ablation,SBOA,F27,10,15,3.9335172151e+02
ablation,SBOA,F28,10,15,3.7179185819e+02
ablation,SBOA,F29,10,15,2.5959183084e+02
ablation,SBOA-GPSI,F13,10,15,3.1114256014e+03
ablation,SBOA-GPSI,F14,10,15,2.0588557110e+02
ablation,SBOA-GPSI,F15,10,15,2.6715137027e+03
ablation,SBOA-GPSI,F16,10,15,1.5576498750e+01
ablation,SBOA-GPSI,F17,10,15,2.9935204887e+01
ablation,SBOA-GPSI,F18,10,15,2.6328387005e+03
ablation,SBOA-GPSI,F19,10,15,1.1619859416e+02
ablation,SBOA-GPSI,F20,10,15,3.0540929127e+01
ablation,SBOA-GPSI,F21,10,15,1.0271490013e+02
ablation,SBOA-GPSI,F22,10,15,1.0161077975e+02
ablation,SBOA-GPSI,F23,10,15,3.1665650652e+02
ablation,SBOA-GPSI,F24,10,15,3.4031963877e+02
ablation,SBOA-LOBL,F4,10,15,7.1472047174e+00
ablation,SBOA-LOBL,F5,10,15,1.1019693838e+01
ablation,SBOA-LOBL,F6,10,15,8.9296482895e-02
ablation,SBOA-LOBL,F7,10,15,1.6865839541e+01
ablation,SBOA-GPSI,F29,10,15,2.9801832460e+02
ablation,SBOA-GPSI,F30,10,15,4.6355508788e+04
ablation,SBOA-LOBL,F1,10,15,1.1143179512e+03
ablation,SBOA-LOBL,F3,10,15,1.4392500771e+02
ablation,SBOA-GPSI,F25,10,15,4.4446642265e+02
ablation,SBOA-GPSI,F26,10,15,3.0033396184e+02
ablation,SBOA-GPSI,F27,10,15,3.9077755802e+02
ablation,SBOA-GPSI,F28,10,15,4.1492824258e+02
ablation,SBOA-LOBL,F8,10,15,1.0060891596e+01
ablation,SBOA-LOBL,F9,10,15,4.6308688694e-01
ablation,SBOA-LOBL,F10,10,15,3.4072086232e+02
ablation,SBOA-LOBL,F11,10,15,5.7646960653e+00
ablation,SBOA-LOBL,F12,10,15,3.4214254532e+06
ablation,SBOA-LOBL,F13,10,15,7.9774299542e+03
ablation,SBOA-LOBL,F14,10,15,1.1394271976e+02
ablation,SBOA-LOBL,F15,10,15,1.5320225065e+03
ablation,SBOA-LOBL,F16,10,15,1.5045226865e+00
ablation,SBOA-LOBL,F17,10,15,3.8696412710e+01
ablation,SBOA-LOBL,F18,10,15,2.2517601586e+04
ablation,SBOA-LOBL,F19,10,15,1.8987319433e+03
ablation,SBOA-ACGM,F3,10,15,1.8139530769e+01
ablation,SBOA-ACGM,F4,10,15,6.4880266502e+00
ablation,SBOA-ACGM,F5,10,15,9.1553504908e+00
ablation,SBOA-ACGM,F6,10,15,1.3039244217e+00
ablation,SBOA-LOBL,F20,10,15,2.2803120611e+01
ablation,SBOA-LOBL,F21,10,15,1.0385682558e+02
ablation,SBOA-LOBL,F22,10,15,1.0403017633e+02
ablation,SBOA-LOBL,F23,10,15,3.2014439601e+02
ablation,SBOA-ACGM,F7,10,15,2.0491181522e+01
ablation,SBOA-ACGM,F8,10,15,7.9767558802e+00
ablation,SBOA-ACGM,F9,10,15,4.5509447131e-01
ablation,SBOA-ACGM,F10,10,15,6.5543641954e+02
ablation,SBOA-LOBL,F24,10,15,3.3569902916e+02
ablation,SBOA-LOBL,F25,10,15,3.9963176858e+02
ablation,SBOA-LOBL,F26,10,15,3.0628077494e+02
ablation,SBOA-LOBL,F27,10,15,3.9723115595e+02
ablation,SBOA-ACGM,F11,10,15,6.4151386040e+00
ablation,SBOA-ACGM,F12,10,15,2.5577336981e+04
ablation,SBOA-ACGM,F13,10,15,1.4765879383e+04
ablation,SBOA-ACGM,F14,10,15,2.4800136482e+02
ablation,SBOA-LOBL,F28,10,15,3.0040924853e+02
ablation,SBOA-LOBL,F29,10,15,2.5581289594e+02
ablation,SBOA-LOBL,F30,10,15,1.4861161090e+06
ablation,SBOA-ACGM,F1,10,15,7.3731642632e+03
ablation,SBOA-ACGM,F15,10,15,3.1758012851e+02
ablation,SBOA-ACGM,F16,10,15,1.4239396102e+01
ablation,SBOA-ACGM,F17,10,15,2.4740624955e+01
ablation,SBOA-ACGM,F18,10,15,5.5622861140e+03
ablation,SBOA-GPSI-LOBL,F1,10,15,5.8546430223e+03
ablation,SBOA-GPSI-LOBL,F3,10,15,2.6025128656e+02
ablation,SBOA-GPSI-LOBL,F4,10,15,7.2727930214e+00
ablation,SBOA-GPSI-LOBL,F5,10,15,9.9512802355e+00
ablation,SBOA-ACGM,F19,10,15,4.0209612888e+03
ablation,SBOA-ACGM,F20,10,15,2.4699191142e+01
ablation,SBOA-ACGM,F21,10,15,2.1566458953e+02
ablation,SBOA-ACGM,F22,10,15,1.0064731044e+02
ablation,SBOA-GPSI-LOBL,F6,10,15,1.1344703108e+00
ablation,SBOA-GPSI-LOBL,F7,10,15,2.9268055741e+01
ablation,SBOA-GPSI-LOBL,F8,10,15,1.6931776115e+01
ablation,SBOA-GPSI-LOBL,F9,10,15,9.8367349293e-02
ablation,SBOA-GPSI-LOBL,F10,10,15,1.0147379338e+03
ablation,SBOA-GPSI-LOBL,F11,10,15,4.3869253193e+00
ablation,SBOA-GPSI-LOBL,F12,10,15,1.1746951311e+06
ablation,SBOA-GPSI-LOBL,F13,10,15,8.4686118136e+03
ablation,SBOA-ACGM,F23,10,15,3.1418053338e+02
ablation,SBOA-ACGM,F24,10,15,3.4734509296e+02
ablation,SBOA-ACGM,F25,10,15,4.4497733304e+02
ablation,SBOA-ACGM,F26,10,15,3.5540683862e+02
ablation,SBOA-GPSI-LOBL,F14,10,15,2.3261266799e+02
ablation,SBOA-GPSI-LOBL,F15,10,15,1.1781106878e+03
ablation,SBOA-GPSI-LOBL,F16,10,15,4.7150439676e+00
ablation,SBOA-GPSI-LOBL,F17,10,15,2.9289998384e+01
ablation,SBOA-ACGM,F27,10,15,3.9287169357e+02
ablation,SBOA-ACGM,F28,10,15,4.1262200660e+02
ablation,SBOA-ACGM,F29,10,15,3.0475593601e+02
ablation,SBOA-ACGM,F30,10,15,1.3213378901e+05
ablation,SBOA-GPSI-LOBL,F18,10,15,4.2387188052e+02
ablation,SBOA-GPSI-LOBL,F19,10,15,8.9416586120e+01
ablation,SBOA-GPSI-LOBL,F20,10,15,3.2687252659e+01
ablation,SBOA-GPSI-LOBL,F21,10,15,1.0403962308e+02
ablation,SBOA-GPSI-ACGM,F5,10,15,1.0962642591e+01
ablation,SBOA-GPSI-ACGM,F6,10,15,4.0988400484e-01
ablation,SBOA-GPSI-ACGM,F7,10,15,2.5814535718e+01
ablation,SBOA-GPSI-ACGM,F8,10,15,1.3105162625e+01
ablation,SBOA-GPSI-LOBL,F22,10,15,1.0107430360e+02
ablation,SBOA-GPSI-LOBL,F23,10,15,3.0766095304e+02
ablation,SBOA-GPSI-LOBL,F24,10,15,3.3732155758e+02
ablation,SBOA-GPSI-LOBL,F25,10,15,3.9965044143e+02
ablation,SBOA-GPSI-LOBL,F30,10,15,5.1162725539e+05
ablation,SBOA-GPSI-ACGM,F1,10,15,1.0276661349e+04
ablation,SBOA-GPSI-ACGM,F3,10,15,4.7824929870e+01
ablation,SBOA-GPSI-ACGM,F4,10,15,6.5130707715e+00
ablation,SBOA-GPSI-ACGM,F9,10,15,1.9102460371e-03
ablation,SBOA-GPSI-ACGM,F10,10,15,5.4319640636e+02
ablation,SBOA-GPSI-ACGM,F11,10,15,4.1963522696e+00
ablation,SBOA-GPSI-ACGM,F12,10,15,6.7253572023e+04
ablation,SBOA-GPSI-ACGM,F13,10,15,4.6734961563e+03
ablation,SBOA-GPSI-ACGM,F14,10,15,4.9484895594e+02
ablation,SBOA-GPSI-ACGM,F15,10,15,5.1662476256e+03
ablation,SBOA-GPSI-ACGM,F16,10,15,4.1641196593e+01
ablation,SBOA-GPSI-ACGM,F17,10,15,2.1866046062e+01
ablation,SBOA-GPSI-ACGM,F18,10,15,6.4456757582e+03
ablation,SBOA-GPSI-ACGM,F19,10,15,4.7195874365e+03
ablation,SBOA-GPSI-ACGM,F20,10,15,2.5540858862e+01
ablation,SBOA-GPSI-LOBL,F26,10,15,3.0217526938e+02
ablation,SBOA-GPSI-LOBL,F27,10,15,3.8998204036e+02
ablation,SBOA-GPSI-LOBL,F28,10,15,4.1899721506e+02
ablation,SBOA-GPSI-LOBL,F29,10,15,2.8985730971e+02
ablation,SBOA-GPSI-ACGM,F21,10,15,2.1448867946e+02
ablation,SBOA-GPSI-ACGM,F22,10,15,1.0064415018e+02
ablation,SBOA-GPSI-ACGM,F23,10,15,3.1337689632e+02
ablation,SBOA-GPSI-ACGM,F24,10,15,1.0252799736e+02
ablation,SBOA-LOBL-ACGM,F4,10,15,2.8418215666e+00
ablation,SBOA-LOBL-ACGM,F5,10,15,1.0972674777e+01
ablation,SBOA-LOBL-ACGM,F6,10,15,3.9746900744e-01
ablation,SBOA-LOBL-ACGM,F7,10,15,2.5586344333e+01
ablation,SBOA-LOBL-ACGM,F8,10,15,9.9515633558e+00
ablation,SBOA-LOBL-ACGM,F9,10,15,5.5388700212e-03
ablation,SBOA-LOBL-ACGM,F10,10,15,7.6150530995e+02
ablation,SBOA-LOBL-ACGM,F11,10,15,8.6974604891e+00
ablation,SBOA-GPSI-ACGM,F25,10,15,4.0005640511e+02
ablation,SBOA-GPSI-ACGM,F26,10,15,3.0011553755e+02
ablation,SBOA-GPSI-ACGM,F27,10,15,3.9105202408e+02
ablation,SBOA-GPSI-ACGM,F28,10,15,3.9140321829e+02
ablation,SBOA-LOBL-ACGM,F12,10,15,7.0972302880e+05
ablation,SBOA-LOBL-ACGM,F13,10,15,8.1249186651e+03
ablation,SBOA-LOBL-ACGM,F14,10,15,1.8070361713e+02
ablation,SBOA-LOBL-ACGM,F15,10,15,2.1107656279e+03
ablation,SBOA-GPSI-ACGM,F29,10,15,2.7671330946e+02
ablation,SBOA-GPSI-ACGM,F30,10,15,9.7423499197e+04
ablation,SBOA-LOBL-ACGM,F1,10,15,2.8870306115e+04
ablation,SBOA-LOBL-ACGM,F3,10,15,2.1757128862e+02
ablation,SBOA-LOBL-ACGM,F16,10,15,1.4611428508e+01
ablation,SBOA-LOBL-ACGM,F17,10,15,1.1354481556e+01
ablation,SBOA-LOBL-ACGM,F18,10,15,4.2538482045e+02
ablation,SBOA-LOBL-ACGM,F19,10,15,7.7465703791e+02
ablation,SBOA-LOBL-ACGM,F20,10,15,2.6026076133e+01
ablation,SBOA-LOBL-ACGM,F21,10,15,2.1296133251e+02
ablation,SBOA-LOBL-ACGM,F22,10,15,1.0004502079e+02
ablation,SBOA-LOBL-ACGM,F23,10,15,3.1549142622e+02
ablation,MSSBOA,F3,10,15,1.7443849705e+02
ablation,MSSBOA,F4,10,15,6.6082479288e+00
ablation,MSSBOA,F5,10,15,1.6323621489e+01
ablation,MSSBOA,F6,10,15,4.7368926756e-02
ablation,MSSBOA,F7,10,15,2.4515483380e+01
ablation,MSSBOA,F8,10,15,9.0401795611e+00
ablation,MSSBOA,F9,10,15,1.0269658603e-02
ablation,MSSBOA,F10,10,15,4.0228517029e+02
ablation,MSSBOA,F11,10,15,6.1395437914e+00
ablation,MSSBOA,F12,10,15,1.5082758792e+06
ablation,MSSBOA,F13,10,15,1.8136060832e+03
ablation,MSSBOA,F14,10,15,2.5511243006e+02
ablation,SBOA-LOBL-ACGM,F24,10,15,1.0337787139e+02
ablation,SBOA-LOBL-ACGM,F25,10,15,3.9986136283e+02
ablation,SBOA-LOBL-ACGM,F26,10,15,3.0024933117e+02
ablation,SBOA-LOBL-ACGM,F27,10,15,3.9504563861e+02
ablation,SBOA-LOBL-ACGM,F28,10,15,4.1764865052e+02
ablation,SBOA-LOBL-ACGM,F29,10,15,2.6897071400e+02
ablation,SBOA-LOBL-ACGM,F30,10,15,1.8279546664e+06
ablation,MSSBOA,F1,10,15,6.1102685969e+01
ablation,MSSBOA,F15,10,15,4.5730168420e+03
ablation,MSSBOA,F16,10,15,1.3461040739e+02
ablation,MSSBOA,F17,10,15,3.9285253137e+01
ablation,MSSBOA,F18,10,15,5.7023013273e+03
ablation,SBOA,F1,10,16,8.2496818526e+03
ablation,SBOA,F3,10,16,2.1281365508e+02
ablation,SBOA,F4,10,16,5.4803432595e+00
ablation,SBOA,F5,10,16,3.9840373904e+00
ablation,MSSBOA,F19,10,15,8.0971493912e+03
ablation,MSSBOA,F20,10,15,1.5430207136e+02
ablation,MSSBOA,F21,10,15,2.1725510347e+02
ablation,MSSBOA,F22,10,15,1.0107425329e+02
ablation,SBOA,F6,10,16,2.1898623019e-01
ablation,SBOA,F7,10,16,2.1217903659e+01
ablation,SBOA,F8,10,16,1.0965562401e+01
ablation,SBOA,F9,10,16,9.7401145549e-01
ablation,MSSBOA,F23,10,15,3.1838741452e+02
ablation,MSSBOA,F24,10,15,1.0615467642e+00
ablation,MSSBOA,F25,10,15,3.9856623259e+02
ablation,MSSBOA,F26,10,15,3.9043640480e+02
ablation,SBOA,F10,10,16,8.4373161674e+02
ablation,SBOA,F11,10,16,9.6152580423e+00
ablation,SBOA,F12,10,16,4.1021619013e+04
ablation,SBOA,F13,10,16,3.3967185365e+03
ablation,SBOA,F14,10,16,1.8642051245e+02
ablation,SBOA,F15,10,16,5.0978595341e+02
ablation,SBOA,F16,10,16,1.3564139193e+02
ablation,SBOA,F17,10,16,4.4321382685e+01
ablation,MSSBOA,F27,10,15,3.9494368349e+02
ablation,MSSBOA,F28,10,15,3.7129071351e+02
ablation,MSSBOA,F29,10,15,3.6047870998e+02
ablation,MSSBOA,F30,10,15,7.2342404306e+05
ablation,SBOA,F18,10,16,1.9960028605e+04
ablation,SBOA,F19,10,16,3.2684455272e+03
ablation,SBOA,F20,10,16,2.2786408721e+01
ablation,SBOA,F21,10,16,2.1547455554e+02
ablation,SBOA-GPSI,F5,10,16,1.5919710361e+01
ablation,SBOA-GPSI,F6,10,16,1.4800775550e-01
ablation,SBOA-GPSI,F7,10,16,2.4588516393e+01
ablation,SBOA-GPSI,F8,10,16,1.7509505179e+01
ablation,SBOA,F22,10,16,3.1981152065e+01
ablation,SBOA,F23,10,16,3.1183131603e+02
ablation,SBOA,F24,10,16,3.4169450845e+02
ablation,SBOA,F25,10,16,3.9863649260e+02
ablation,SBOA,F30,10,16,1.2935064365e+06
ablation,SBOA-GPSI,F1,10,16,2.8298382853e+04
ablation,SBOA-GPSI,F3,10,16,1.5485393960e+02
ablation,SBOA-GPSI,F4,10,16,6.3726502497e+00
ablation,SBOA-GPSI,F9,10,16,9.9501276381e-01
ablation,SBOA-GPSI,F10,10,16,5.9048162482e+02
ablation,SBOA-GPSI,F11,10,16,3.7734544491e+00
ablation,SBOA-GPSI,F12,10,16,1.6546402517e+06
ablation,SBOA,F26,10,16,3.6217350383e+02
ablation,SBOA,F27,10,16,3.9080663585e+02
ablation,SBOA,F28,10,16,3.9679950873e+02
ablation,SBOA,F29,10,16,3.4028628746e+02
ablation,SBOA-GPSI,F13,10,16,3.8222967546e+03
ablation,SBOA-GPSI,F14,10,16,1.2657073686e+02
ablation,SBOA-GPSI,F15,10,16,2.9976426424e+03
ablation,SBOA-GPSI,F16,10,16,7.7897097170e+00
ablation,SBOA-GPSI,F17,10,16,4.4973597280e+01
ablation,SBOA-GPSI,F18,10,16,1.9832296038e+03
ablation,SBOA-GPSI,F19,10,16,8.2180399756e+02
ablation,SBOA-GPSI,F20,10,16,4.0859702462e+01
ablation,SBOA-GPSI,F21,10,16,2.1235259796e+02
ablation,SBOA-GPSI,F22,10,16,1.0062401518e+02
ablation,SBOA-GPSI,F23,10,16,3.1589868567e+02
ablation,SBOA-GPSI,F24,10,16,1.0143726538e+02
ablation,SBOA-LOBL,F4,10,16,6.3991748539e+00
ablation,SBOA-LOBL,F5,10,16,5.0297484586e+00
ablation,SBOA-LOBL,F6,10,16,5.7142407520e-01
ablation,SBOA-LOBL,F7,10,16,2.1452761796e+01
ablation,SBOA-GPSI,F29,10,16,2.5055433329e+02
ablation,SBOA-GPSI,F30,10,16,6.1476022087e+04
ablation,SBOA-LOBL,F1,10,16,1.6409721175e+03
ablation,SBOA-LOBL,F3,10,16,2.0316828118e+02
ablation,SBOA-GPSI,F25,10,16,4.4740460672e+02
ablation,SBOA-GPSI,F26,10,16,3.0010786644e+02
ablation,SBOA-GPSI,F27,10,16,3.8901026678e+02
ablation,SBOA-GPSI,F28,10,16,6.1182166589e+02
ablation,SBOA-LOBL,F8,10,16,8.9650940466e+00
ablation,SBOA-LOBL,F9,10,16,2.7872658237e-03
ablation,SBOA-LOBL,F10,10,16,6.7748561274e+02
ablation,SBOA-LOBL,F11,10,16,5.3312893775e+00
ablation,SBOA-LOBL,F12,10,16,1.1920552517e+06
ablation,SBOA-LOBL,F13,10,16,8.5173482222e+03
ablation,SBOA-LOBL,F14,10,16,2.0102491320e+02
ablation,SBOA-LOBL,F15,10,16,9.8466615619e+03
ablation,SBOA-LOBL,F16,10,16,1.4908828504e+01
ablation,SBOA-LOBL,F17,10,16,3.4105671978e+01
ablation,SBOA-LOBL,F18,10,16,1.0399358165e+04
ablation,SBOA-LOBL,F19,10,16,5.7308283156e+03
ablation,SBOA-ACGM,F3,10,16,4.2894946247e+01
ablation,SBOA-ACGM,F4,10,16,6.1035311733e+00
ablation,SBOA-ACGM,F5,10,16,4.9936468955e+00
ablation,SBOA-ACGM,F6,10,16,4.1646729068e-02
ablation,SBOA-LOBL,F20,10,16,2.0008313636e+01
ablation,SBOA-LOBL,F21,10,16,2.1474536369e+02
ablation,SBOA-LOBL,F22,10,16,1.7888476301e+01
ablation,SBOA-LOBL,F23,10,16,3.1358355470e+02
ablation,SBOA-ACGM,F7,10,16,1.3618841853e+01
ablation,SBOA-ACGM,F8,10,16,1.1029626516e+01
ablation,SBOA-ACGM,F9,10,16,2.2560991271e-01
ablation,SBOA-ACGM,F10,10,16,1.7752842403e+02
ablation,SBOA-LOBL,F24,10,16,3.3726169399e+02
ablation,SBOA-LOBL,F25,10,16,3.9845084987e+02
ablation,SBOA-LOBL,F26,10,16,3.0008533199e+02
ablation,SBOA-LOBL,F27,10,16,3.9165500074e+02
ablation,SBOA-ACGM,F11,10,16,4.8644849412e+00
ablation,SBOA-ACGM,F12,10,16,1.3629033535e+06
ablation,SBOA-ACGM,F13,10,16,5.4852766802e+03
ablation,SBOA-ACGM,F14,10,16,1.2938586489e+02
ablation,SBOA-LOBL,F28,10,16,3.6918101192e+02
ablation,SBOA-LOBL,F29,10,16,2.5996730368e+02
ablation,SBOA-LOBL,F30,10,16,4.4041825549e+05
ablation,SBOA-ACGM,F1,10,16,9.6535378972e+03
ablation,SBOA-ACGM,F15,10,16,1.4272475154e+03
ablation,SBOA-ACGM,F16,10,16,3.8847691840e+01
ablation,SBOA-ACGM,F17,10,16,4.2146024915e+01
ablation,SBOA-ACGM,F18,10,16,1.5651186241e+04
ablation,SBOA-ACGM,F19,10,16,7.3908038455e+02
ablation,SBOA-ACGM,F20,10,16,2.2862754945e+01
ablation,SBOA-ACGM,F21,10,16,2.0442035821e+02
ablation,SBOA-ACGM,F22,10,16,3.8501437000e+01
ablation,SBOA-GPSI-LOBL,F1,10,16,3.6343476138e+03
ablation,SBOA-GPSI-LOBL,F3,10,16,2.5695099523e+02
ablation,SBOA-GPSI-LOBL,F4,10,16,6.2394750517e+00
ablation,SBOA-GPSI-LOBL,F5,10,16,1.0062166125e+00
ablation,SBOA-GPSI-LOBL,F6,10,16,6.5912347234e-01
ablation,SBOA-GPSI-LOBL,F7,10,16,2.0035309543e+01
ablation,SBOA-GPSI-LOBL,F8,10,16,1.1958625318e+01
ablation,SBOA-GPSI-LOBL,F9,10,16,9.0131500086e-02
ablation,SBOA-ACGM,F23,10,16,3.1306756398e+02
ablation,SBOA-ACGM,F24,10,16,3.3984711476e+02
ablation,SBOA-ACGM,F25,10,16,4.4550737225e+02
ablation,SBOA-ACGM,F26,10,16,3.0001124434e+02
ablation,SBOA-GPSI-LOBL,F10,10,16,5.9443795541e+02
ablation,SBOA-GPSI-LOBL,F11,10,16,8.1823128187e+00
ablation,SBOA-GPSI-LOBL,F12,10,16,4.7762645793e+05
ablation,SBOA-GPSI-LOBL,F13,10,16,1.6934457929e+04
ablation,SBOA-ACGM,F27,10,16,3.8996980738e+02
ablation,SBOA-ACGM,F28,10,16,4.9000803453e+02
ablation,SBOA-ACGM,F29,10,16,2.7633447876e+02
ablation,SBOA-ACGM,F30,10,16,1.0003323406e+06
ablation,SBOA-GPSI-LOBL,F14,10,16,3.7015403852e+02
ablation,SBOA-GPSI-LOBL,F15,10,16,3.7286866461e+03
ablation,SBOA-GPSI-LOBL,F16,10,16,1.3302108359e+02
ablation,SBOA-GPSI-LOBL,F17,10,16,4.1880309145e+01
ablation,SBOA-GPSI-LOBL,F18,10,16,2.4026540791e+04
ablation,SBOA-GPSI-LOBL,F19,10,16,3.4295406361e+02
ablation,SBOA-GPSI-LOBL,F20,10,16,3.4732779452e+01
ablation,SBOA-GPSI-LOBL,F21,10,16,2.2689059175e+02
ablation,SBOA-GPSI-ACGM,F5,10,16,5.9834893124e+00
ablation,SBOA-GPSI-ACGM,F6,10,16,4.0282723261e-01
ablation,SBOA-GPSI-ACGM,F7,10,16,2.6642493829e+01
ablation,SBOA-GPSI-ACGM,F8,10,16,1.1982226619e+01
ablation,SBOA-GPSI-LOBL,F30,10,16,2.1164193696e+04
ablation,SBOA-GPSI-ACGM,F1,10,16,1.3428338138e+03
ablation,SBOA-GPSI-ACGM,F3,10,16,3.6716934414e+02
ablation,SBOA-GPSI-ACGM,F4,10,16,7.6406266792e+00
ablation,SBOA-GPSI-LOBL,F22,10,16,1.0172683499e+02
ablation,SBOA-GPSI-LOBL,F23,10,16,3.2249783748e+02
ablation,SBOA-GPSI-LOBL,F24,10,16,3.4044819926e+02
ablation,SBOA-GPSI-LOBL,F25,10,16,3.9964517106e+02
ablation,SBOA-GPSI-ACGM,F9,10,16,1.4859218186e-03
ablation,SBOA-GPSI-ACGM,F10,10,16,1.3119454751e+03
ablation,SBOA-GPSI-ACGM,F11,10,16,9.6688674489e+00
ablation,SBOA-GPSI-ACGM,F12,10,16,8.0225007564e+05
ablation,SBOA-GPSI-ACGM,F13,10,16,5.4062973938e+02
ablation,SBOA-GPSI-ACGM,F14,10,16,2.4916851182e+02
ablation,SBOA-GPSI-ACGM,F15,10,16,2.7037384053e+03
ablation,SBOA-GPSI-ACGM,F16,10,16,3.9594965113e+01
ablation,SBOA-GPSI-LOBL,F26,10,16,3.0026298183e+02
ablation,SBOA-GPSI-LOBL,F27,10,16,3.8901924440e+02
ablation,SBOA-GPSI-LOBL,F28,10,16,3.7153580184e+02
ablation,SBOA-GPSI-LOBL,F29,10,16,3.0593120097e+02
ablation,SBOA-GPSI-ACGM,F17,10,16,4.9045166396e+01
ablation,SBOA-GPSI-ACGM,F18,10,16,8.0835997638e+03
ablation,SBOA-GPSI-ACGM,F19,10,16,5.5922491685e+02
ablation,SBOA-GPSI-ACGM,F20,10,16,2.6623444245e+01
ablation,SBOA-GPSI-ACGM,F21,10,16,2.2311117127e+02
ablation,SBOA-GPSI-ACGM,F22,10,16,1.0110247413e+02
ablation,SBOA-GPSI-ACGM,F23,10,16,3.1653076436e+02
ablation,SBOA-GPSI-ACGM,F24,10,16,1.0114463230e+02
ablation,SBOA-LOBL-ACGM,F4,10,16,7.5670226438e+00
ablation,SBOA-LOBL-ACGM,F5,10,16,4.0584207402e+00
ablation,SBOA-LOBL-ACGM,F6,10,16,2.0620460595e-01
ablation,SBOA-LOBL-ACGM,F7,10,16,2.7719291314e+01
ablation,SBOA-LOBL-ACGM,F8,10,16,2.9862912954e+01
ablation,SBOA-LOBL-ACGM,F9,10,16,9.7445018153e-02
ablation,SBOA-LOBL-ACGM,F10,10,16,6.7650343316e+02
ablation,SBOA-LOBL-ACGM,F11,10,16,8.3454881735e+00
ablation,SBOA-GPSI-ACGM,F29,10,16,2.3946819273e+02
ablation,SBOA-GPSI-ACGM,F30,10,16,1.2567603883e+06
ablation,SBOA-LOBL-ACGM,F1,10,16,1.8612369952e+04
ablation,SBOA-LOBL-ACGM,F3,10,16,2.3409816523e+02
ablation,SBOA-LOBL-ACGM,F12,10,16,5.1451595989e+05
ablation,SBOA-LOBL-ACGM,F13,10,16,1.2315380805e+04
ablation,SBOA-LOBL-ACGM,F14,10,16,1.8324593530e+02
ablation,SBOA-LOBL-ACGM,F15,10,16,2.4483577912e+03
ablation,SBOA-GPSI-ACGM,F25,10,16,4.0038641064e+02
ablation,SBOA-GPSI-ACGM,F26,10,16,3.0015684178e+02
ablation,SBOA-GPSI-ACGM,F27,10,16,3.9583923262e+02
ablation,SBOA-GPSI-ACGM,F28,10,16,3.9667147610e+02
ablation,SBOA-LOBL-ACGM,F16,10,16,1.2559990217e+01
ablation,SBOA-LOBL-ACGM,F17,10,16,3.0939466050e+01
ablation,SBOA-LOBL-ACGM,F18,10,16,3.0842425843e+04
ablation,SBOA-LOBL-ACGM,F19,10,16,4.0500080758e+03
ablation,MSSBOA,F3,10,16,1.4594522943e+02
ablation,MSSBOA,F4,10,16,6.3704306096e+00
ablation,MSSBOA,F5,10,16,1.1052206697e+01
ablation,MSSBOA,F6,10,16,6.9536157111e-02
ablation,SBOA-LOBL-ACGM,F20,10,16,3.1661610199e+01
ablation,SBOA-LOBL-ACGM,F21,10,16,2.2625688468e+02
ablation,SBOA-LOBL-ACGM,F22,10,16,1.0041971678e+02
ablation,SBOA-LOBL-ACGM,F23,10,16,3.2501204906e+02
ablation,MSSBOA,F7,10,16,1.9104561966e+01
ablation,MSSBOA,F8,10,16,7.0373713766e+00
ablation,MSSBOA,F9,10,16,4.5590654982e-01
ablation,MSSBOA,F10,10,16,3.8186418859e+02
ablation,SBOA-LOBL-ACGM,F24,10,16,3.5080723414e+02
ablation,SBOA-LOBL-ACGM,F25,10,16,4.4397786245e+02
ablation,SBOA-LOBL-ACGM,F26,10,16,3.0037402634e+02
ablation,SBOA-LOBL-ACGM,F27,10,16,3.9163953934e+02
ablation,MSSBOA,F11,10,16,1.2610172718e+01
ablation,MSSBOA,F12,10,16,8.8853807316e+05
ablation,MSSBOA,F13,10,16,1.4218146863e+03
ablation,MSSBOA,F14,10,16,1.3111398207e+02
ablation,SBOA-LOBL-ACGM,F28,10,16,4.1925055784e+02
ablation,SBOA-LOBL-ACGM,F29,10,16,2.6445617731e+02
ablation,SBOA-LOBL-ACGM,F30,10,16,7.6061133512e+04
ablation,MSSBOA,F1,10,16,4.0382140784e+03
ablation,MSSBOA,F15,10,16,4.8746806276e+03
ablation,MSSBOA,F16,10,16,4.2027535447e+01
ablation,MSSBOA,F17,10,16,3.6113506748e+01
ablation,MSSBOA,F18,10,16,4.7904508022e+03
ablation,SBOA,F1,10,17,6.9667052338e+02
ablation,SBOA,F3,10,17,3.2465417778e+02
ablation,SBOA,F4,10,17,7.1862960109e+00
ablation,SBOA,F5,10,17,7.0311165888e+00
ablation,SBOA,F6,10,17,6.5242652458e-02
ablation,SBOA,F7,10,17,2.4466002804e+01
ablation,SBOA,F8,10,17,2.9972356961e+00
ablation,SBOA,F9,10,17,6.1626831765e-03
ablation,MSSBOA,F19,10,16,8.6057861537e+02
ablation,MSSBOA,F20,10,16,3.4508017205e+01
ablation,MSSBOA,F21,10,16,2.0890208389e+02
ablation,MSSBOA,F22,10,16,1.0191705146e+02
ablation,SBOA,F10,10,17,8.1725126944e+02
ablation,SBOA,F11,10,17,5.7000909452e+00
ablation,SBOA,F12,10,17,1.2742115847e+04
ablation,SBOA,F13,10,17,2.5615521181e+03
ablation,MSSBOA,F23,10,16,3.1026958330e+02
ablation,MSSBOA,F24,10,16,3.4749406695e+02
ablation,MSSBOA,F25,10,16,4.4906009671e+02
ablation,MSSBOA,F26,10,16,3.4716110400e+02
ablation,SBOA,F14,10,17,2.1133289396e+02
ablation,SBOA,F15,10,17,4.2620404621e+03
ablation,SBOA,F16,10,17,4.0792912465e+00
ablation,SBOA,F17,10,17,2.8072535864e+01
ablation,SBOA,F18,10,17,4.6167207330e+04
ablation,SBOA,F19,10,17,2.1307254605e+02
ablation,SBOA,F20,10,17,8.2286873799e+00
ablation,SBOA,F21,10,17,2.1533410548e+02
ablation,MSSBOA,F27,10,16,3.8935564686e+02
ablation,MSSBOA,F28,10,16,4.1896092134e+02
ablation,MSSBOA,F29,10,16,2.7807383851e+02
ablation,MSSBOA,F30,10,16,8.5604770963e+05
ablation,SBOA,F22,10,17,1.0047920691e+02
ablation,SBOA,F23,10,17,3.1445996668e+02
ablation,SBOA,F24,10,17,3.4540879575e+02
ablation,SBOA,F25,10,17,4.4409228857e+02
ablation,SBOA-GPSI,F5,10,17,1.7055839149e+01
ablation,SBOA-GPSI,F6,10,17,4.4358271787e-01
ablation,SBOA-GPSI,F7,10,17,2.2531061938e+01
ablation,SBOA-GPSI,F8,10,17,2.3801914726e+01
ablation,SBOA,F30,10,17,2.6949239814e+04
ablation,SBOA-GPSI,F1,10,17,3.6256535873e+04
ablation,SBOA-GPSI,F3,10,17,4.0877572643e+02
ablation,SBOA-GPSI,F4,10,17,5.2194426399e+00
ablation,SBOA-GPSI,F9,10,17,2.1800661005e-03
ablation,SBOA-GPSI,F10,10,17,7.8519267642e+02
ablation,SBOA-GPSI,F11,10,17,6.1606776726e+00
ablation,SBOA-GPSI,F12,10,17,2.2019245986e+05
ablation,SBOA-GPSI,F13,10,17,1.0087239451e+04
ablation,SBOA-GPSI,F14,10,17,3.1130722551e+02
ablation,SBOA-GPSI,F15,10,17,2.7673220823e+03
ablation,SBOA-GPSI,F16,10,17,3.9550918271e+01
ablation,SBOA,F26,10,17,3.0024167268e+02
ablation,SBOA,F27,10,17,3.9856024922e+02
ablation,SBOA,F28,10,17,3.7432953071e+02
ablation,SBOA,F29,10,17,3.7171278121e+02
ablation,SBOA-GPSI,F17,10,17,3.8052299343e+01
ablation,SBOA-GPSI,F18,10,17,1.7804652539e+03
ablation,SBOA-GPSI,F19,10,17,2.4683444784e+03
ablation,SBOA-GPSI,F20,10,17,3.5525332013e+01
ablation,SBOA-GPSI,F21,10,17,2.1264731389e+02
ablation,SBOA-GPSI,F22,10,17,1.0124486680e+02
ablation,SBOA-GPSI,F23,10,17,3.2758404385e+02
ablation,SBOA-GPSI,F24,10,17,3.3514263938e+02
ablation,SBOA-LOBL,F4,10,17,4.6108979591e+00
ablation,SBOA-LOBL,F5,10,17,2.1087852605e+01
ablation,SBOA-LOBL,F6,10,17,3.6332125227e-01
ablation,SBOA-LOBL,F7,10,17,2.5256582880e+01
ablation,SBOA-GPSI,F29,10,17,2.5266714261e+02
ablation,SBOA-GPSI,F30,10,17,2.2878517835e+06
ablation,SBOA-LOBL,F1,10,17,1.1003742691e+04
ablation,SBOA-LOBL,F3,10,17,5.9497485710e+02
ablation,SBOA-GPSI,F25,10,17,3.9985812281e+02
ablation,SBOA-GPSI,F26,10,17,3.0006471812e+02
ablation,SBOA-GPSI,F27,10,17,3.9112140618e+02
ablation,SBOA-GPSI,F28,10,17,4.1398453401e+02
ablation,SBOA-LOBL,F8,10,17,1.3941123821e+01
ablation,SBOA-LOBL,F9,10,17,5.7268152361e-03
ablation,SBOA-LOBL,F10,10,17,2.8655593357e+02
ablation,SBOA-LOBL,F11,10,17,9.6117515227e+00
ablation,SBOA-LOBL,F12,10,17,3.8640243404e+05
ablation,SBOA-LOBL,F13,10,17,1.7580905033e+04
ablation,SBOA-LOBL,F14,10,17,1.6337439224e+02
ablation,SBOA-LOBL,F15,10,17,1.5932366215e+03
ablation,SBOA-LOBL,F16,10,17,3.3309001652e+00
ablation,SBOA-LOBL,F17,10,17,2.7359838683e+01
ablation,SBOA-LOBL,F18,10,17,2.3287345843e+04
ablation,SBOA-LOBL,F19,10,17,1.4043656001e+03
ablation,SBOA-ACGM,F3,10,17,2.8361274200e+02
ablation,SBOA-ACGM,F4,10,17,7.0872315075e+00
ablation,SBOA-ACGM,F5,10,17,2.1069898608e+01
ablation,SBOA-ACGM,F6,10,17,8.7065640328e-01
ablation,SBOA-LOBL,F20,10,17,8.6918246507e+00
ablation,SBOA-LOBL,F21,10,17,2.1319408107e+02
ablation,SBOA-LOBL,F22,10,17,1.0107310108e+02
ablation,SBOA-LOBL,F23,10,17,3.1288075025e+02
ablation,SBOA-ACGM,F7,10,17,2.0515791626e+01
ablation,SBOA-ACGM,F8,10,17,1.0964802660e+01
ablation,SBOA-ACGM,F9,10,17,1.1202690363e-03
ablation,SBOA-ACGM,F10,10,17,5.1250883395e+02
ablation,SBOA-LOBL,F24,10,17,3.3006312920e+02
ablation,SBOA-LOBL,F25,10,17,4.0229040001e+02
ablation,SBOA-LOBL,F26,10,17,1.3094959238e+01
ablation,SBOA-LOBL,F27,10,17,3.8966997559e+02
ablation,SBOA-ACGM,F11,10,17,4.7006287279e+00
ablation,SBOA-ACGM,F12,10,17,6.9520081846e+05
ablation,SBOA-ACGM,F13,10,17,1.4099236110e+02
ablation,SBOA-ACGM,F14,10,17,2.1664375282e+02
ablation,SBOA-LOBL,F28,10,17,4.1615137986e+02
ablation,SBOA-LOBL,F29,10,17,2.9405802079e+02
ablation,SBOA-LOBL,F30,10,17,3.0980999666e+05
ablation,SBOA-ACGM,F1,10,17,2.7977318930e+03
ablation,SBOA-ACGM,F15,10,17,8.0705467697e+02
ablation,SBOA-ACGM,F16,10,17,3.9090142398e+01
ablation,SBOA-ACGM,F17,10,17,1.9767908262e+01
ablation,SBOA-ACGM,F18,10,17,2.2344121320e+04
ablation,SBOA-GPSI-LOBL,F1,10,17,6.2039016136e+03
ablation,SBOA-GPSI-LOBL,F3,10,17,8.2488405909e+01
ablation,SBOA-GPSI-LOBL,F4,10,17,6.7661132260e+00
ablation,SBOA-GPSI-LOBL,F5,10,17,8.7761811348e+00
ablation,SBOA-ACGM,F19,10,17,5.6134918146e+02
ablation,SBOA-ACGM,F20,10,17,2.7838817533e+01
ablation,SBOA-ACGM,F21,10,17,1.0486461555e+02
ablation,SBOA-ACGM,F22,10,17,1.0042936060e+02
ablation,SBOA-GPSI-LOBL,F6,10,17,8.2936591423e-01
ablation,SBOA-GPSI-LOBL,F7,10,17,2.6296482518e+01
ablation,SBOA-GPSI-LOBL,F8,10,17,6.9656330521e+00
ablation,SBOA-GPSI-LOBL,F9,10,17,1.6646675834e-03
ablation,SBOA-ACGM,F23,10,17,3.1136845956e+02
ablation,SBOA-ACGM,F24,10,17,3.3722029759e+02
ablation,SBOA-ACGM,F25,10,17,3.9924237958e+02
ablation,SBOA-ACGM,F26,10,17,3.4714897698e+02
ablation,SBOA-GPSI-LOBL,F10,10,17,8.8192721975e+02
ablation,SBOA-GPSI-LOBL,F11,10,17,8.6923912422e+00
ablation,SBOA-GPSI-LOBL,F12,10,17,3.8794168129e+04
ablation,SBOA-GPSI-LOBL,F13,10,17,1.3591820912e+03
ablation,SBOA-GPSI-LOBL,F14,10,17,1.4743311349e+02
ablation,SBOA-GPSI-LOBL,F15,10,17,1.2026899014e+03
ablation,SBOA-GPSI-LOBL,F16,10,17,5.6854777013e+00
ablation,SBOA-GPSI-LOBL,F17,10,17,3.5732961837e+01
ablation,SBOA-ACGM,F27,10,17,3.8955322488e+02
ablation,SBOA-ACGM,F28,10,17,3.6936604703e+02
ablation,SBOA-ACGM,F29,10,17,2.9473060888e+02
ablation,SBOA-ACGM,F30,10,17,8.0770360342e+05
ablation,SBOA-GPSI-LOBL,F18,10,17,3.1229064211e+04
ablation,SBOA-GPSI-LOBL,F19,10,17,2.0586569594e+02
ablation,SBOA-GPSI-LOBL,F20,10,17,3.8299381593e+00
ablation,SBOA-GPSI-LOBL,F21,10,17,2.1535476227e+02
ablation,SBOA-GPSI-ACGM,F5,10,17,1.2976208275e+01
ablation,SBOA-GPSI-ACGM,F6,10,17,2.1633248343e-01
ablation,SBOA-GPSI-ACGM,F7,10,17,2.3231161601e+01
ablation,SBOA-GPSI-ACGM,F8,10,17,9.9511869012e+00
ablation,SBOA-GPSI-LOBL,F22,10,17,1.0043683159e+02
ablation,SBOA-GPSI-LOBL,F23,10,17,3.2621703529e+02
ablation,SBOA-GPSI-LOBL,F24,10,17,3.4135256589e+02
ablation,SBOA-GPSI-LOBL,F25,10,17,4.4532310570e+02
ablation,SBOA-GPSI-LOBL,F30,10,17,1.4955769026e+04
ablation,SBOA-GPSI-ACGM,F1,10,17,1.1780865641e+03
ablation,SBOA-GPSI-ACGM,F3,10,17,7.6560862404e+01
ablation,SBOA-GPSI-ACGM,F4,10,17,7.1019466059e+00
ablation,SBOA-GPSI-ACGM,F9,10,17,5.2060579355e-04
ablation,SBOA-GPSI-ACGM,F10,10,17,1.0027647772e+03
ablation,SBOA-GPSI-ACGM,F11,10,17,6.9197755272e+00
ablation,SBOA-GPSI-ACGM,F12,10,17,8.8370784030e+03
ablation,SBOA-GPSI-ACGM,F13,10,17,3.0209472442e+03
ablation,SBOA-GPSI-ACGM,F14,10,17,2.0232604694e+02
ablation,SBOA-GPSI-ACGM,F15,10,17,5.0462110990e+03
ablation,SBOA-GPSI-ACGM,F16,10,17,3.9845816001e+01
ablation,SBOA-GPSI-ACGM,F17,10,17,4.4395364460e+01
ablation,SBOA-GPSI-ACGM,F18,10,17,9.9748427539e+03
ablation,SBOA-GPSI-ACGM,F19,10,17,1.1648990447e+02
ablation,SBOA-GPSI-ACGM,F20,10,17,4.2947829184e+01
ablation,SBOA-GPSI-LOBL,F26,10,17,3.0002720272e+02
ablation,SBOA-GPSI-LOBL,F27,10,17,3.9337363332e+02
ablation,SBOA-GPSI-LOBL,F28,10,17,3.7096172557e+02
ablation,SBOA-GPSI-LOBL,F29,10,17,3.2682608550e+02
ablation,SBOA-GPSI-ACGM,F21,10,17,2.2454088050e+02
ablation,SBOA-GPSI-ACGM,F22,10,17,1.0039116203e+02
ablation,SBOA-GPSI-ACGM,F23,10,17,3.2808991308e+02
ablation,SBOA-GPSI-ACGM,F24,10,17,3.4398580852e+02
ablation,SBOA-LOBL-ACGM,F4,10,17,6.2156105197e+00
ablation,SBOA-LOBL-ACGM,F5,10,17,1.8922838707e+01
ablation,SBOA-LOBL-ACGM,F6,10,17,1.2180835652e+00
ablation,SBOA-LOBL-ACGM,F7,10,17,3.1634866405e+01
ablation,SBOA-GPSI-ACGM,F25,10,17,3.9975278547e+02
ablation,SBOA-GPSI-ACGM,F26,10,17,3.5540734183e+02
ablation,SBOA-GPSI-ACGM,F27,10,17,3.9486447417e+02
ablation,SBOA-GPSI-ACGM,F28,10,17,3.7598617068e+02
ablation,SBOA-LOBL-ACGM,F8,10,17,1.4440018058e+01
ablation,SBOA-LOBL-ACGM,F9,10,17,1.4751478550e-02
ablation,SBOA-LOBL-ACGM,F10,10,17,9.2125828020e+02
ablation,SBOA-LOBL-ACGM,F11,10,17,8.7207947792e+00
ablation,SBOA-GPSI-ACGM,F29,10,17,2.9914609022e+02
ablation,SBOA-GPSI-ACGM,F30,10,17,1.5252610556e+05
ablation,SBOA-LOBL-ACGM,F1,10,17,2.8983684596e+03
ablation,SBOA-LOBL-ACGM,F3,10,17,5.2386538226e+02
ablation,SBOA-LOBL-ACGM,F12,10,17,2.7589314728e+04
ablation,SBOA-LOBL-ACGM,F13,10,17,7.0540075784e+03
ablation,SBOA-LOBL-ACGM,F14,10,17,2.1905527715e+02
ablation,SBOA-LOBL-ACGM,F15,10,17,3.6694743601e+03
ablation,SBOA-LOBL-ACGM,F16,10,17,1.2218563343e+02
ablation,SBOA-LOBL-ACGM,F17,10,17,3.2097674915e+01
ablation,SBOA-LOBL-ACGM,F18,10,17,9.4712858854e+03
ablation,SBOA-LOBL-ACGM,F19,10,17,9.0792671520e+02
ablation,MSSBOA,F3,10,17,3.0351428950e+02
ablation,MSSBOA,F4,10,17,7.2964184905e+00
ablation,MSSBOA,F5,10,17,1.2959711088e+01
ablation,MSSBOA,F6,10,17,1.9456493803e+00
ablation,SBOA-LOBL-ACGM,F20,10,17,2.8582014394e+01
ablation,SBOA-LOBL-ACGM,F21,10,17,1.0711265542e+02
ablation,SBOA-LOBL-ACGM,F22,10,17,1.0275871589e+02
ablation,SBOA-LOBL-ACGM,F23,10,17,3.1500879525e+02
ablation,SBOA-LOBL-ACGM,F24,10,17,3.3640617548e+02
ablation,SBOA-LOBL-ACGM,F25,10,17,4.4406640366e+02
ablation,SBOA-LOBL-ACGM,F26,10,17,3.0012704619e+02
ablation,SBOA-LOBL-ACGM,F27,10,17,3.9292024975e+02
ablation,MSSBOA,F7,10,17,1.9867993878e+01
ablation,MSSBOA,F8,10,17,7.9985945257e+00
ablation,MSSBOA,F9,10,17,9.0827978921e-02
ablation,MSSBOA,F10,10,17,1.8225251367e+02
ablation,MSSBOA,F11,10,17,8.0876811919e+00
ablation,MSSBOA,F12,10,17,1.1518379732e+06
ablation,MSSBOA,F13,10,17,6.0349499681e+03
ablation,MSSBOA,F14,10,17,1.7805589316e+02
ablation,SBOA-LOBL-ACGM,F28,10,17,3.7303682200e+02
ablation,SBOA-LOBL-ACGM,F29,10,17,2.4484402284e+02
ablation,SBOA-LOBL-ACGM,F30,10,17,8.3473214541e+05
ablation,MSSBOA,F1,10,17,2.8296476150e+04
ablation,MSSBOA,F15,10,17,6.8733571544e+02
ablation,MSSBOA,F16,10,17,4.2944885794e+00
ablation,MSSBOA,F17,10,17,2.7666117836e+01
ablation,MSSBOA,F18,10,17,4.1280602868e+03
ablation,SBOA,F1,10,18,3.5570956670e+03
ablation,SBOA,F3,10,18,2.2033566039e+02
ablation,SBOA,F4,10,18,6.7389501511e+00
ablation,SBOA,F5,10,18,4.9797022010e+00
ablation,MSSBOA,F19,10,17,3.4248911165e+02
ablation,MSSBOA,F20,10,17,2.8861183315e+01
ablation,MSSBOA,F21,10,17,1.0196034382e+02
ablation,MSSBOA,F22,10,17,1.0519608196e+02
ablation,SBOA,F6,10,18,3.4115322435e-01
ablation,SBOA,F7,10,18,1.9113776795e+01
ablation,SBOA,F8,10,18,2.2892548492e+01
ablation,SBOA,F9,10,18,1.0974241265e-02
ablation,SBOA,F10,10,18,9.2066746539e+02
ablation,SBOA,F11,10,18,3.0542172102e+00
ablation,SBOA,F12,10,18,1.5177318602e+05
ablation,SBOA,F13,10,18,2.5855884949e+03
ablation,MSSBOA,F23,10,17,3.1450914461e+02
ablation,MSSBOA,F24,10,17,3.4768753421e+02
ablation,MSSBOA,F25,10,17,3.9962097868e+02
ablation,MSSBOA,F26,10,17,3.0021002612e+02
ablation,SBOA,F14,10,18,3.7027737923e+02
ablation,SBOA,F15,10,18,2.8555175852e+03
ablation,SBOA,F16,10,18,2.4262785826e+00
ablation,SBOA,F17,10,18,2.5867977366e+01
ablation,SBOA,F18,10,18,1.6864136680e+04
ablation,SBOA,F19,10,18,4.1137280525e+03
ablation,SBOA,F20,10,18,3.3406635677e+01
ablation,SBOA,F21,10,18,2.1477737938e+02
ablation,MSSBOA,F27,10,17,3.9440203654e+02
ablation,MSSBOA,F28,10,17,3.7025240801e+02
ablation,MSSBOA,F29,10,17,2.9038857849e+02
ablation,MSSBOA,F30,10,17,9.0181928629e+03
ablation,SBOA,F22,10,18,1.0395605535e+02
ablation,SBOA,F23,10,18,3.1340042709e+02
ablation,SBOA,F24,10,18,3.4052383288e+02
ablation,SBOA,F25,10,18,4.4641263817e+02
ablation,SBOA,F30,10,18,6.7445375665e+05
ablation,SBOA-GPSI,F1,10,18,5.3509826117e+03
ablation,SBOA-GPSI,F3,10,18,1.0838535553e+02
ablation,SBOA-GPSI,F4,10,18,3.4941404280e+00
ablation,SBOA-GPSI,F5,10,18,1.1999344382e+01
ablation,SBOA-GPSI,F6,10,18,1.4810425576e+00
ablation,SBOA-GPSI,F7,10,18,2.1726257752e+01
ablation,SBOA-GPSI,F8,10,18,4.9812587211e+00
ablation,SBOA-GPSI,F9,10,18,2.1951755449e-03
ablation,SBOA-GPSI,F10,10,18,6.5055096589e+02
ablation,SBOA-GPSI,F11,10,18,4.4150230344e+00
ablation,SBOA-GPSI,F12,10,18,4.1657130576e+05
ablation,SBOA,F26,10,18,3.0001709990e+02
ablation,SBOA,F27,10,18,3.9235015001e+02
ablation,SBOA,F28,10,18,3.7191242711e+02
ablation,SBOA,F29,10,18,3.2497158198e+02
ablation,SBOA-GPSI,F13,10,18,1.9914881374e+03
ablation,SBOA-GPSI,F14,10,18,2.4953327425e+02
ablation,SBOA-GPSI,F15,10,18,3.3798019377e+03
ablation,SBOA-GPSI,F16,10,18,3.9811359700e+00
ablation,SBOA-GPSI,F17,10,18,3.6944619734e+01
ablation,SBOA-GPSI,F18,10,18,5.3364169451e+03
ablation,SBOA-GPSI,F19,10,18,5.6098461367e+02
ablation,SBOA-GPSI,F20,10,18,4.3461298871e+01
ablation,SBOA-LOBL,F4,10,18,7.0736223904e+00
ablation,SBOA-LOBL,F5,10,18,2.0898406940e+01
ablation,SBOA-LOBL,F6,10,18,5.7447532436e-01
ablation,SBOA-LOBL,F7,10,18,2.8848690730e+01
ablation,SBOA-GPSI,F21,10,18,2.0825917647e+02
ablation,SBOA-GPSI,F22,10,18,1.0092606916e+02
ablation,SBOA-GPSI,F23,10,18,3.1514755722e+02
ablation,SBOA-GPSI,F24,10,18,3.3533065085e+02
ablation,SBOA-GPSI,F29,10,18,2.6711088981e+02
ablation,SBOA-GPSI,F30,10,18,4.6115222224e+04
ablation,SBOA-LOBL,F1,10,18,3.4990530714e+03
ablation,SBOA-LOBL,F3,10,18,1.6300112054e+02
ablation,SBOA-GPSI,F25,10,18,3.9942878922e+02
ablation,SBOA-GPSI,F26,10,18,3.0040598362e+02
ablation,SBOA-GPSI,F27,10,18,3.9598489697e+02
ablation,SBOA-GPSI,F28,10,18,3.8298504054e+02
ablation,SBOA-LOBL,F8,10,18,8.3158276795e+00
ablation,SBOA-LOBL,F9,10,18,5.6375628560e-03
ablation,SBOA-LOBL,F10,10,18,1.0973196523e+03
ablation,SBOA-LOBL,F11,10,18,1.4147651883e+01
ablation,SBOA-LOBL,F12,10,18,5.7454405382e+05
ablation,SBOA-LOBL,F13,10,18,2.7780280632e+04
ablation,SBOA-LOBL,F14,10,18,5.0998012205e+02
ablation,SBOA-LOBL,F15,10,18,2.3126397385e+03
ablation,SBOA-LOBL,F16,10,18,8.8999403932e+00
ablation,SBOA-LOBL,F17,10,18,4.1760901720e+01
ablation,SBOA-LOBL,F18,10,18,7.0421119719e+03
ablation,SBOA-LOBL,F19,10,18,7.9699389048e+02
ablation,SBOA-ACGM,F3,10,18,5.9537708846e+01
ablation,SBOA-ACGM,F4,10,18,6.4514906525e+00
ablation,SBOA-ACGM,F5,10,18,2.8813131497e+01
ablation,SBOA-ACGM,F6,10,18,1.4345690516e+00
ablation,SBOA-LOBL,F20,10,18,2.3053333053e+01
ablation,SBOA-LOBL,F21,10,18,1.0333042151e+02
ablation,SBOA-LOBL,F22,10,18,1.0089148868e+02
ablation,SBOA-LOBL,F23,10,18,3.1562858594e+02
ablation,SBOA-ACGM,F7,10,18,1.4460262483e+01
ablation,SBOA-ACGM,F8,10,18,6.9998151056e+00
ablation,SBOA-ACGM,F9,10,18,2.2925422383e-01
ablation,SBOA-ACGM,F10,10,18,7.0861397968e+02
ablation,SBOA-LOBL,F24,10,18,3.3923136433e+02
ablation,SBOA-LOBL,F25,10,18,4.5034587736e+02
ablation,SBOA-LOBL,F26,10,18,3.0006801962e+02
ablation,SBOA-LOBL,F27,10,18,3.9815361446e+02
ablation,SBOA-ACGM,F11,10,18,5.8250957557e+00
ablation,SBOA-ACGM,F12,10,18,8.7052060909e+04
ablation,SBOA-ACGM,F13,10,18,7.6933629469e+03
ablation,SBOA-ACGM,F14,10,18,1.4059847917e+02
ablation,SBOA-ACGM,F15,10,18,1.0843228064e+04
ablation,SBOA-ACGM,F16,10,18,1.5039291922e+01
ablation,SBOA-ACGM,F17,10,18,3.3117549120e+01
ablation,SBOA-ACGM,F18,10,18,1.6918265870e+04
ablation,SBOA-LOBL,F28,10,18,3.8225916770e+02
ablation,SBOA-LOBL,F29,10,18,3.0822086815e+02
ablation,SBOA-LOBL,F30,10,18,1.7836892659e+06
ablation,SBOA-ACGM,F1,10,18,7.1466457257e+03
ablation,SBOA-ACGM,F19,10,18,6.7763528863e+02
ablation,SBOA-ACGM,F20,10,18,2.9826446191e+01
ablation,SBOA-ACGM,F21,10,18,2.0596303684e+02
ablation,SBOA-ACGM,F22,10,18,1.0221474257e+02
ablation,SBOA-GPSI-LOBL,F1,10,18,4.9971243730e+04
ablation,SBOA-GPSI-LOBL,F3,10,18,4.1632927991e+02
ablation,SBOA-GPSI-LOBL,F4,10,18,5.5538590387e+00
ablation,SBOA-GPSI-LOBL,F5,10,18,2.0564507416e+01
ablation,SBOA-GPSI-LOBL,F6,10,18,1.5412143168e+00
ablation,SBOA-GPSI-LOBL,F7,10,18,1.6782727565e+01
ablation,SBOA-GPSI-LOBL,F8,10,18,1.2937168655e+01
ablation,SBOA-GPSI-LOBL,F9,10,18,9.2269894839e-02
ablation,SBOA-ACGM,F23,10,18,3.1228483481e+02
ablation,SBOA-ACGM,F24,10,18,1.0311575603e+02
ablation,SBOA-ACGM,F25,10,18,3.9958733744e+02
ablation,SBOA-ACGM,F26,10,18,3.0011429296e+02
ablation,SBOA-GPSI-LOBL,F10,10,18,1.1270301590e+03
ablation,SBOA-GPSI-LOBL,F11,10,18,2.9303754719e+00
ablation,SBOA-GPSI-LOBL,F12,10,18,7.5676383740e+04
ablation,SBOA-GPSI-LOBL,F13,10,18,1.0378983226e+03
ablation,SBOA-GPSI-LOBL,F14,10,18,3.1278924760e+02
ablation,SBOA-GPSI-LOBL,F15,10,18,3.1025339944e+03
ablation,SBOA-GPSI-LOBL,F16,10,18,1.2800485473e+01
ablation,SBOA-GPSI-LOBL,F17,10,18,4.3064783817e+01
ablation,SBOA-ACGM,F27,10,18,3.9314321577e+02
ablation,SBOA-ACGM,F28,10,18,6.1182171774e+02
ablation,SBOA-ACGM,F29,10,18,2.3800098137e+02
ablation,SBOA-ACGM,F30,10,18,6.0563378942e+05
ablation,SBOA-GPSI-LOBL,F18,10,18,1.1653356980e+04
ablation,SBOA-GPSI-LOBL,F19,10,18,7.7359521770e+02
ablation,SBOA-GPSI-LOBL,F20,10,18,2.4709950195e+01
ablation,SBOA-GPSI-LOBL,F21,10,18,2.1694541075e+02
ablation,SBOA-GPSI-ACGM,F5,10,18,1.2947780178e+01
ablation,SBOA-GPSI-ACGM,F6,10,18,4.2547061037e-01
ablation,SBOA-GPSI-ACGM,F7,10,18,1.7634095878e+01
ablation,SBOA-GPSI-ACGM,F8,10,18,1.3934759197e+01
ablation,SBOA-GPSI-LOBL,F30,10,18,4.8295825832e+04
ablation,SBOA-GPSI-ACGM,F1,10,18,2.4144151873e+04
ablation,SBOA-GPSI-ACGM,F3,10,18,1.4825242910e+02
ablation,SBOA-GPSI-ACGM,F4,10,18,5.4835869515e+00
ablation,SBOA-GPSI-LOBL,F22,10,18,1.0039518734e+02
ablation,SBOA-GPSI-LOBL,F23,10,18,3.1808598176e+02
ablation,SBOA-GPSI-LOBL,F24,10,18,1.0328166727e+02
ablation,SBOA-GPSI-LOBL,F25,10,18,4.0011589931e+02
ablation,SBOA-GPSI-ACGM,F9,10,18,1.2935101795e-03
ablation,SBOA-GPSI-ACGM,F10,10,18,6.2755537588e+02
ablation,SBOA-GPSI-ACGM,F11,10,18,3.7761734388e+00
ablation,SBOA-GPSI-ACGM,F12,10,18,1.1581160260e+05
ablation,SBOA-GPSI-ACGM,F13,10,18,1.7683195071e+03
ablation,SBOA-GPSI-ACGM,F14,10,18,1.5432198757e+02
ablation,SBOA-GPSI-ACGM,F15,10,18,4.1826868889e+03
ablation,SBOA-GPSI-ACGM,F16,10,18,2.4518898261e+00
ablation,SBOA-GPSI-ACGM,F17,10,18,3.9597259090e+01
ablation,SBOA-GPSI-ACGM,F18,10,18,6.1203485035e+03
ablation,SBOA-GPSI-ACGM,F19,10,18,3.3605517252e+02
ablation,SBOA-GPSI-ACGM,F20,10,18,2.6256129198e+01
ablation,SBOA-GPSI-LOBL,F26,10,18,3.0026349220e+02
ablation,SBOA-GPSI-LOBL,F27,10,18,3.9081264371e+02
ablation,SBOA-GPSI-LOBL,F28,10,18,3.8141932120e+02
ablation,SBOA-GPSI-LOBL,F29,10,18,3.3269146448e+02
ablation,SBOA-GPSI-ACGM,F21,10,18,1.0332826901e+02
ablation,SBOA-GPSI-ACGM,F22,10,18,1.0006836533e+02
ablation,SBOA-GPSI-ACGM,F23,10,18,3.1282583902e+02
ablation,SBOA-GPSI-ACGM,F24,10,18,1.0177724056e+02
ablation,SBOA-LOBL-ACGM,F4,10,18,7.1050886391e+00
ablation,SBOA-LOBL-ACGM,F5,10,18,1.4962541181e+01
ablation,SBOA-LOBL-ACGM,F6,10,18,1.0263221744e+00
ablation,SBOA-LOBL-ACGM,F7,10,18,2.5494246180e+01
ablation,SBOA-LOBL-ACGM,F8,10,18,5.9718029644e+00
ablation,SBOA-LOBL-ACGM,F9,10,18,5.9501891201e-04
ablation,SBOA-LOBL-ACGM,F10,10,18,4.9757954149e+02
ablation,SBOA-LOBL-ACGM,F11,10,18,9.0258788145e+00
ablation,SBOA-GPSI-ACGM,F25,10,18,3.9962179857e+02
ablation,SBOA-GPSI-ACGM,F26,10,18,3.0010255822e+02
ablation,SBOA-GPSI-ACGM,F27,10,18,3.9280462242e+02
ablation,SBOA-GPSI-ACGM,F28,10,18,4.1574444901e+02
ablation,SBOA-LOBL-ACGM,F12,10,18,1.2705580013e+06
ablation,SBOA-LOBL-ACGM,F13,10,18,1.1102309130e+04
ablation,SBOA-LOBL-ACGM,F14,10,18,2.9855506759e+02
ablation,SBOA-LOBL-ACGM,F15,10,18,5.0228791767e+02
ablation,SBOA-GPSI-ACGM,F29,10,18,3.2218571429e+02
ablation,SBOA-GPSI-ACGM,F30,10,18,2.0878047907e+06
ablation,SBOA-LOBL-ACGM,F1,10,18,6.4781812802e+04
ablation,SBOA-LOBL-ACGM,F3,10,18,2.1080761003e+02
ablation,SBOA-LOBL-ACGM,F16,10,18,4.6028533913e+00
ablation,SBOA-LOBL-ACGM,F17,10,18,2.7427519614e+01
ablation,SBOA-LOBL-ACGM,F18,10,18,2.6835326424e+03
ablation,SBOA-LOBL-ACGM,F19,10,18,7.4979974662e+03
ablation,MSSBOA,F3,10,18,1.3917734722e+02
ablation,MSSBOA,F4,10,18,5.4973516339e+00
ablation,MSSBOA,F5,10,18,1.5002509103e+01
ablation,MSSBOA,F6,10,18,8.1909761734e-01
ablation,SBOA-LOBL-ACGM,F20,10,18,2.3278628316e+01
ablation,SBOA-LOBL-ACGM,F21,10,18,2.1190327639e+02
ablation,SBOA-LOBL-ACGM,F22,10,18,1.0047682266e+02
ablation,SBOA-LOBL-ACGM,F23,10,18,3.0524389822e+02
ablation,MSSBOA,F7,10,18,2.3458608283e+01
ablation,MSSBOA,F8,10,18,1.4159137387e+01
ablation,MSSBOA,F9,10,18,3.4927171209e-02
ablation,MSSBOA,F10,10,18,3.1914897743e+02
ablation,SBOA-LOBL-ACGM,F24,10,18,3.4223051732e+02
ablation,SBOA-LOBL-ACGM,F25,10,18,3.9975574315e+02
ablation,SBOA-LOBL-ACGM,F26,10,18,4.5397746595e+02
ablation,SBOA-LOBL-ACGM,F27,10,18,3.9081510108e+02
ablation,MSSBOA,F11,10,18,5.6980243075e+00
ablation,MSSBOA,F12,10,18,4.0551290570e+04
ablation,MSSBOA,F13,10,18,9.2015811334e+02
ablation,MSSBOA,F14,10,18,6.1222343186e+02
ablation,SBOA-LOBL-ACGM,F28,10,18,3.7255791262e+02
ablation,SBOA-LOBL-ACGM,F29,10,18,2.8112263407e+02
ablation,SBOA-LOBL-ACGM,F30,10,18,3.7190432007e+05
ablation,MSSBOA,F1,10,18,3.4601278796e+03
ablation,MSSBOA,F15,10,18,1.2032329711e+03
ablation,MSSBOA,F16,10,18,1.3862713952e+01
ablation,MSSBOA,F17,10,18,2.3086807176e+01
ablation,MSSBOA,F18,10,18,1.1025792366e+03
ablation,SBOA,F1,10,19,2.5607988190e+03
ablation,SBOA,F3,10,19,1.9984302165e+02
ablation,SBOA,F4,10,19,7.4933767755e+00
ablation,SBOA,F5,10,19,1.3016912058e+01
ablation,MSSBOA,F19,10,18,1.5843537984e+02
ablation,MSSBOA,F20,10,18,4.0181709869e+01
ablation,MSSBOA,F21,10,18,1.0429172605e+02
ablation,MSSBOA,F22,10,18,1.0014637398e+02
ablation,SBOA,F6,10,19,7.2350727436e-01
ablation,SBOA,F7,10,19,1.6518245559e+01
ablation,SBOA,F8,10,19,2.2939768725e+01
ablation,SBOA,F9,10,19,9.3445556852e-03
ablation,MSSBOA,F23,10,18,3.2880843009e+02
ablation,MSSBOA,F24,10,18,1.0382314548e+02
ablation,MSSBOA,F25,10,18,3.9798631690e+02
ablation,MSSBOA,F26,10,18,3.0006779285e+02
ablation,SBOA,F10,10,19,7.2423394872e+02
ablation,SBOA,F11,10,19,6.7162429602e+00
ablation,SBOA,F12,10,19,8.6227632648e+06
ablation,SBOA,F13,10,19,3.3266789306e+03
ablation,SBOA,F14,10,19,1.1318773268e+02
ablation,SBOA,F15,10,19,6.4996473794e+02
ablation,SBOA,F16,10,19,1.6111745959e+01
ablation,SBOA,F17,10,19,7.3853622880e+00
ablation,SBOA,F18,10,19,6.0101556135e+03
ablation,SBOA,F19,10,19,4.5487141417e+02
ablation,SBOA,F20,10,19,2.3701217979e+01
ablation,SBOA,F21,10,19,2.0983083253e+02
ablation,MSSBOA,F27,10,18,3.9226722131e+02
ablation,MSSBOA,F28,10,18,3.6890741744e+02
ablation,MSSBOA,F29,10,18,2.4728205699e+02
ablation,MSSBOA,F30,10,18,8.0785985135e+05
ablation,SBOA,F22,10,19,1.0047633960e+02
ablation,SBOA,F23,10,19,3.1272092929e+02
ablation,SBOA,F24,10,19,3.4800032569e+02
ablation,SBOA,F25,10,19,4.4791293209e+02
ablation,SBOA-GPSI,F5,10,19,9.3676348804e+00
ablation,SBOA-GPSI,F6,10,19,7.1711954154e-02
ablation,SBOA-GPSI,F7,10,19,1.9129047861e+01
ablation,SBOA-GPSI,F8,10,19,1.0729210670e+01
ablation,SBOA,F30,10,19,9.1751810711e+02
ablation,SBOA-GPSI,F1,10,19,3.3190038881e+03
ablation,SBOA-GPSI,F3,10,19,1.3358723119e+02
ablation,SBOA-GPSI,F4,10,19,6.0822315045e+00
ablation,SBOA-GPSI,F9,10,19,4.6877335837e-01
ablation,SBOA-GPSI,F10,10,19,8.7643400893e+02
ablation,SBOA-GPSI,F11,10,19,1.2805537842e+01
ablation,SBOA-GPSI,F12,10,19,1.7351306280e+05
ablation,SBOA,F26,10,19,3.0003082967e+02
ablation,SBOA,F27,10,19,3.8933327540e+02
ablation,SBOA,F28,10,19,3.7006118357e+02
ablation,SBOA,F29,10,19,2.3034171069e+02
ablation,SBOA-GPSI,F13,10,19,1.1179206070e+03
ablation,SBOA-GPSI,F14,10,19,3.4627009184e+02
ablation,SBOA-GPSI,F15,10,19,7.8722022141e+03
ablation,SBOA-GPSI,F16,10,19,1.3022040537e+01
ablation,SBOA-GPSI,F17,10,19,2.4630677032e+01
ablation,SBOA-GPSI,F18,10,19,1.9891611007e+04
ablation,SBOA-GPSI,F19,10,19,3.6318855552e+02
ablation,SBOA-GPSI,F20,10,19,2.3148411403e+01
ablation,SBOA-GPSI,F21,10,19,2.2480923888e+02
ablation,SBOA-GPSI,F22,10,19,1.0081833389e+02
ablation,SBOA-GPSI,F23,10,19,3.1190493398e+02
ablation,SBOA-GPSI,F24,10,19,3.3664853600e+02
ablation,SBOA-LOBL,F4,10,19,7.3285978615e+00
ablation,SBOA-LOBL,F5,10,19,9.9814135545e+00
ablation,SBOA-LOBL,F6,10,19,1.1151131652e-01
ablation,SBOA-LOBL,F7,10,19,3.2397886660e+01
ablation,SBOA-GPSI,F29,10,19,2.7453390892e+02
ablation,SBOA-GPSI,F30,10,19,8.4001239295e+05
ablation,SBOA-LOBL,F1,10,19,1.9571020780e+04
ablation,SBOA-LOBL,F3,10,19,1.3563331034e+02
ablation,SBOA-GPSI,F25,10,19,3.9775004928e+02
ablation,SBOA-GPSI,F26,10,19,3.0003722647e+02
ablation,SBOA-GPSI,F27,10,19,3.9270838820e+02
ablation,SBOA-GPSI,F28,10,19,5.8378753866e+02
ablation,SBOA-LOBL,F8,10,19,1.1943843851e+01
ablation,SBOA-LOBL,F9,10,19,4.1215046125e-03
ablation,SBOA-LOBL,F10,10,19,7.6496130801e+02
ablation,SBOA-LOBL,F11,10,19,4.2731044341e+00
ablation,SBOA-LOBL,F12,10,19,5.2820103687e+03
ablation,SBOA-LOBL,F13,10,19,1.1533143455e+03
ablation,SBOA-LOBL,F14,10,19,3.4017622268e+02
ablation,SBOA-LOBL,F15,10,19,2.0884395788e+03
ablation,SBOA-LOBL,F16,10,19,4.0288881213e+01
ablation,SBOA-LOBL,F17,10,19,3.9423683276e+01
ablation,SBOA-LOBL,F18,10,19,5.9092368257e+03
ablation,SBOA-LOBL,F19,10,19,3.1313852390e+03
ablation,SBOA-LOBL,F20,10,19,3.1527225768e+01
ablation,SBOA-LOBL,F21,10,19,2.1424250943e+02
ablation,SBOA-LOBL,F22,10,19,1.0208707697e+02
ablation,SBOA-LOBL,F23,10,19,3.1956423045e+02
ablation,SBOA-ACGM,F3,10,19,2.4181473847e+02
ablation,SBOA-ACGM,F4,10,19,7.0613943566e+00
ablation,SBOA-ACGM,F5,10,19,1.1950602008e+01
ablation,SBOA-ACGM,F6,10,19,2.7782256198e-01
ablation,SBOA-ACGM,F7,10,19,1.8574232202e+01
ablation,SBOA-ACGM,F8,10,19,2.3884162450e+01
ablation,SBOA-ACGM,F9,10,19,5.6076677813e-02
ablation,SBOA-ACGM,F10,10,19,1.2334914632e+03
ablation,SBOA-LOBL,F24,10,19,3.4025838702e+02
ablation,SBOA-LOBL,F25,10,19,3.9970463124e+02
ablation,SBOA-LOBL,F26,10,19,3.0014386068e+02
ablation,SBOA-LOBL,F27,10,19,3.8995506530e+02
ablation,SBOA-ACGM,F11,10,19,4.6211095788e+00
ablation,SBOA-ACGM,F12,10,19,1.9701146449e+05
ablation,SBOA-ACGM,F13,10,19,6.5998742342e+03
ablation,SBOA-ACGM,F14,10,19,3.2929279032e+02
ablation,SBOA-LOBL,F28,10,19,6.1182172336e+02
ablation,SBOA-LOBL,F29,10,19,2.5327363197e+02
ablation,SBOA-LOBL,F30,10,19,8.4462836774e+04
ablation,SBOA-ACGM,F1,10,19,7.2968587733e+03
ablation,SBOA-ACGM,F15,10,19,4.4244815455e+03
ablation,SBOA-ACGM,F16,10,19,4.2061236405e+01
ablation,SBOA-ACGM,F17,10,19,3.4696409445e+01
ablation,SBOA-ACGM,F18,10,19,5.9627011991e+03
ablation,SBOA-ACGM,F19,10,19,5.5052252826e+02
ablation,SBOA-ACGM,F20,10,19,3.3988156844e+01
ablation,SBOA-ACGM,F21,10,19,2.0893476201e+02
ablation,SBOA-ACGM,F22,10,19,1.0001923993e+02
ablation,SBOA-GPSI-LOBL,F1,10,19,5.8348466276e+03
ablation,SBOA-GPSI-LOBL,F3,10,19,4.1946805249e+01
ablation,SBOA-GPSI-LOBL,F4,10,19,6.3648985899e+00
ablation,SBOA-GPSI-LOBL,F5,10,19,1.6156249422e+01
ablation,SBOA-GPSI-LOBL,F6,10,19,2.1035816272e-01
ablation,SBOA-GPSI-LOBL,F7,10,19,1.7012032931e+01
ablation,SBOA-GPSI-LOBL,F8,10,19,1.8536546554e+01
ablation,SBOA-GPSI-LOBL,F9,10,19,4.6377101378e-01
ablation,SBOA-ACGM,F23,10,19,3.0960150458e+02
ablation,SBOA-ACGM,F24,10,19,1.0129888638e+02
ablation,SBOA-ACGM,F25,10,19,4.0002391439e+02
ablation,SBOA-ACGM,F26,10,19,3.0012050333e+02
ablation,SBOA-GPSI-LOBL,F10,10,19,1.3428568753e+02
ablation,SBOA-GPSI-LOBL,F11,10,19,2.7142184187e+00
ablation,SBOA-GPSI-LOBL,F12,10,19,8.4494236864e+05
ablation,SBOA-GPSI-LOBL,F13,10,19,9.3877549596e+03
ablation,SBOA-GPSI-LOBL,F14,10,19,4.0339250296e+02
ablation,SBOA-GPSI-LOBL,F15,10,19,3.8927266269e+03
ablation,SBOA-GPSI-LOBL,F16,10,19,4.2483479481e+01
ablation,SBOA-GPSI-LOBL,F17,10,19,4.3297725334e+01
ablation,SBOA-ACGM,F27,10,19,3.8980700568e+02
ablation,SBOA-ACGM,F28,10,19,3.9536647697e+02
ablation,SBOA-ACGM,F29,10,19,2.5178788034e+02
ablation,SBOA-ACGM,F30,10,19,7.7614062123e+05
ablation,SBOA-GPSI-LOBL,F18,10,19,2.7250067711e+04
ablation,SBOA-GPSI-LOBL,F19,10,19,1.6006765108e+02
ablation,SBOA-GPSI-LOBL,F20,10,19,2.6197660354e+01
ablation,SBOA-GPSI-LOBL,F21,10,19,1.0424647436e+02
ablation,SBOA-GPSI-LOBL,F22,10,19,1.0099693075e+02
ablation,SBOA-GPSI-LOBL,F23,10,19,3.1817072436e+02
ablation,SBOA-GPSI-LOBL,F24,10,19,3.3955144780e+02
ablation,SBOA-GPSI-LOBL,F25,10,19,4.4745044565e+02
ablation,SBOA-GPSI-ACGM,F5,10,19,8.9659713976e+00
ablation,SBOA-GPSI-ACGM,F6,10,19,3.9952905480e-01
ablation,SBOA-GPSI-ACGM,F7,10,19,1.7997966170e+01
ablation,SBOA-GPSI-ACGM,F8,10,19,4.9910706753e+00
ablation,SBOA-GPSI-LOBL,F30,10,19,8.2250466564e+03
ablation,SBOA-GPSI-ACGM,F1,10,19,2.0581321142e+04
ablation,SBOA-GPSI-ACGM,F3,10,19,2.0890120334e+02
ablation,SBOA-GPSI-ACGM,F4,10,19,4.2735490918e+00
ablation,SBOA-GPSI-ACGM,F9,10,19,1.7944433438e-01
ablation,SBOA-GPSI-ACGM,F10,10,19,4.0016607477e+02
ablation,SBOA-GPSI-ACGM,F11,10,19,6.0675876873e+00
ablation,SBOA-GPSI-ACGM,F12,10,19,3.4838043334e+06
ablation,SBOA-GPSI-ACGM,F13,10,19,6.0937484506e+03
ablation,SBOA-GPSI-ACGM,F14,10,19,3.7023023863e+02
ablation,SBOA-GPSI-ACGM,F15,10,19,2.5854204839e+03
ablation,SBOA-GPSI-ACGM,F16,10,19,5.4197321956e+00
ablation,SBOA-GPSI-ACGM,F17,10,19,4.2786240770e+01
ablation,SBOA-GPSI-ACGM,F18,10,19,2.1851911295e+03
ablation,SBOA-GPSI-ACGM,F19,10,19,1.9369725782e+03
ablation,SBOA-GPSI-ACGM,F20,10,19,2.6280867124e+01
ablation,SBOA-GPSI-LOBL,F26,10,19,3.4718611606e+02
ablation,SBOA-GPSI-LOBL,F27,10,19,3.8969336534e+02
ablation,SBOA-GPSI-LOBL,F28,10,19,3.6984456776e+02
ablation,SBOA-GPSI-LOBL,F29,10,19,2.8223387218e+02
ablation,SBOA-GPSI-ACGM,F21,10,19,2.1811642962e+02
ablation,SBOA-GPSI-ACGM,F22,10,19,1.0103248020e+02
ablation,SBOA-GPSI-ACGM,F23,10,19,3.0513104605e+02
ablation,SBOA-GPSI-ACGM,F24,10,19,1.0222198702e+02
ablation,SBOA-LOBL-ACGM,F4,10,19,7.6715894088e+00
ablation,SBOA-LOBL-ACGM,F5,10,19,1.4967713831e+01
ablation,SBOA-LOBL-ACGM,F6,10,19,1.5565600635e-01
ablation,SBOA-LOBL-ACGM,F7,10,19,2.7363807319e+01
ablation,SBOA-LOBL-ACGM,F8,10,19,4.1897192316e+00
ablation,SBOA-LOBL-ACGM,F9,10,19,8.9664246639e-02
ablation,SBOA-LOBL-ACGM,F10,10,19,5.3685923282e+02
ablation,SBOA-LOBL-ACGM,F11,10,19,1.1340755012e+01
ablation,SBOA-GPSI-ACGM,F25,10,19,4.4661741039e+02
ablation,SBOA-GPSI-ACGM,F26,10,19,3.0004761439e+02
ablation,SBOA-GPSI-ACGM,F27,10,19,3.8960926556e+02
ablation,SBOA-GPSI-ACGM,F28,10,19,3.7851867033e+02
ablation,SBOA-GPSI-ACGM,F29,10,19,2.7645834906e+02
ablation,SBOA-GPSI-ACGM,F30,10,19,1.0090969863e+05
ablation,SBOA-LOBL-ACGM,F1,10,19,3.3523456628e+04
ablation,SBOA-LOBL-ACGM,F3,10,19,1.4091549905e+02
ablation,SBOA-LOBL-ACGM,F12,10,19,2.7124352875e+03
ablation,SBOA-LOBL-ACGM,F13,10,19,5.2302951965e+03
ablation,SBOA-LOBL-ACGM,F14,10,19,3.2944025797e+02
ablation,SBOA-LOBL-ACGM,F15,10,19,1.5413292361e+02
ablation,SBOA-LOBL-ACGM,F16,10,19,1.4041932276e+01
ablation,SBOA-LOBL-ACGM,F17,10,19,4.6760519787e+01
ablation,SBOA-LOBL-ACGM,F18,10,19,3.4616003766e+04
ablation,SBOA-LOBL-ACGM,F19,10,19,6.2727409176e+02
ablation,MSSBOA,F3,10,19,2.2467730583e+02
ablation,MSSBOA,F4,10,19,5.9763235218e+00
ablation,MSSBOA,F5,10,19,6.9919624163e+00
ablation,MSSBOA,F6,10,19,2.3888461321e-01
ablation,SBOA-LOBL-ACGM,F20,10,19,2.5432562780e+01
ablation,SBOA-LOBL-ACGM,F21,10,19,1.0411717188e+02
ablation,SBOA-LOBL-ACGM,F22,10,19,1.0048356351e+02
ablation,SBOA-LOBL-ACGM,F23,10,19,3.1091950768e+02
ablation,MSSBOA,F7,10,19,1.9514890401e+01
ablation,MSSBOA,F8,10,19,1.5945751622e+01
ablation,MSSBOA,F9,10,19,7.4935325666e-03
ablation,MSSBOA,F10,10,19,3.9713865863e+02
ablation,SBOA-LOBL-ACGM,F24,10,19,3.6673425047e+02
ablation,SBOA-LOBL-ACGM,F25,10,19,3.9964280971e+02
ablation,SBOA-LOBL-ACGM,F26,10,19,3.0006480077e+02
ablation,SBOA-LOBL-ACGM,F27,10,19,3.9795186836e+02
ablation,SBOA-LOBL-ACGM,F28,10,19,3.6246244232e+02
ablation,SBOA-LOBL-ACGM,F29,10,19,2.9222538360e+02
ablation,SBOA-LOBL-ACGM,F30,10,19,8.7092764829e+05
ablation,MSSBOA,F1,10,19,4.7619684313e+03
ablation,MSSBOA,F11,10,19,9.9874623432e+00
ablation,MSSBOA,F12,10,19,1.5628841779e+05
ablation,MSSBOA,F13,10,19,1.0259885789e+03
ablation,MSSBOA,F14,10,19,4.3324107611e+02
ablation,MSSBOA,F15,10,19,6.9028102367e+02
ablation,MSSBOA,F16,10,19,7.0119475804e+00
ablation,MSSBOA,F17,10,19,4.0504263130e+01
ablation,MSSBOA,F18,10,19,3.0254792992e+03
ablation,SBOA,F1,10,20,1.8857153360e+03
ablation,SBOA,F3,10,20,1.8177632927e+03
ablation,SBOA,F4,10,20,6.2843359685e+00
ablation,SBOA,F5,10,20,7.9883981167e+00
ablation,MSSBOA,F19,10,19,6.5089237399e+02
ablation,MSSBOA,F20,10,19,4.7520208936e+01
ablation,MSSBOA,F21,10,19,1.0803541149e+02
ablation,MSSBOA,F22,10,19,1.0148752593e+02
ablation,SBOA,F6,10,20,2.0225464144e+00
ablation,SBOA,F7,10,20,2.7677783748e+01
ablation,SBOA,F8,10,20,7.4950007918e+00
ablation,SBOA,F9,10,20,1.2029517427e-03
ablation,SBOA,F10,10,20,1.1233223532e+03
ablation,SBOA,F11,10,20,8.4157974415e+00
ablation,SBOA,F12,10,20,1.1628443935e+06
ablation,SBOA,F13,10,20,3.2239261334e+04
ablation,SBOA,F14,10,20,1.9209267694e+02
ablation,SBOA,F15,10,20,5.7111860419e+02
ablation,SBOA,F16,10,20,4.8147930726e+00
ablation,SBOA,F17,10,20,4.3740515747e+01
ablation,MSSBOA,F23,10,19,3.0395251153e+02
ablation,MSSBOA,F24,10,19,3.4176747017e+02
ablation,MSSBOA,F25,10,19,4.0006987044e+02
ablation,MSSBOA,F26,10,19,3.0005041264e+02
ablation,SBOA,F18,10,20,1.3451609081e+03
ablation,SBOA,F19,10,20,1.4744928824e+02
ablation,SBOA,F20,10,20,3.1755371543e+01
ablation,SBOA,F21,10,20,2.1436962362e+02
ablation,MSSBOA,F27,10,19,3.8963835863e+02
ablation,MSSBOA,F28,10,19,6.1182166946e+02
ablation,MSSBOA,F29,10,19,2.7877873228e+02
ablation,MSSBOA,F30,10,19,8.7197931122e+05
ablation,SBOA,F22,10,20,1.0052201683e+02
ablation,SBOA,F23,10,20,3.0988974520e+02
ablation,SBOA,F24,10,20,3.4772389988e+02
ablation,SBOA,F25,10,20,4.0019019371e+02
ablation,SBOA,F30,10,20,7.3420192517e+05
ablation,SBOA-GPSI,F1,10,20,5.9355595215e+03
ablation,SBOA-GPSI,F3,10,20,1.1302605306e+03
ablation,SBOA-GPSI,F4,10,20,5.2439627225e+00
ablation,SBOA-GPSI,F5,10,20,3.0012891617e+00
ablation,SBOA-GPSI,F6,10,20,1.7479082238e-01
ablation,SBOA-GPSI,F7,10,20,1.8688867260e+01
ablation,SBOA-GPSI,F8,10,20,1.0963801983e+01
ablation,SBOA-GPSI,F9,10,20,2.2499560559e-02
ablation,SBOA-GPSI,F10,10,20,7.1766121379e+02
ablation,SBOA-GPSI,F11,10,20,5.8265222472e+00
ablation,SBOA-GPSI,F12,10,20,1.9738575528e+06
ablation,SBOA-GPSI,F13,10,20,9.2360710326e+03
ablation,SBOA-GPSI,F14,10,20,9.9685206644e+01
ablation,SBOA-GPSI,F15,10,20,3.0792246209e+03
ablation,SBOA-GPSI,F16,10,20,5.9569596175e+01
ablation,SBOA,F26,10,20,3.0016691305e+02
ablation,SBOA,F27,10,20,3.9631593983e+02
ablation,SBOA,F28,10,20,3.6888180700e+02
ablation,SBOA,F29,10,20,2.6601943920e+02
ablation,SBOA-GPSI,F17,10,20,4.0100491817e+01
ablation,SBOA-GPSI,F18,10,20,1.3587181545e+04
ablation,SBOA-GPSI,F19,10,20,8.0074287251e+02
ablation,SBOA-GPSI,F20,10,20,2.1881131157e+01
ablation,SBOA-LOBL,F4,10,20,7.2654948153e+00
ablation,SBOA-LOBL,F5,10,20,1.2159944338e+01
ablation,SBOA-LOBL,F6,10,20,1.2062679306e+00
ablation,SBOA-LOBL,F7,10,20,2.0827847503e+01
ablation,SBOA-GPSI,F21,10,20,1.0361457150e+02
ablation,SBOA-GPSI,F22,10,20,1.0572464019e+02
ablation,SBOA-GPSI,F23,10,20,3.2369131137e+02
ablation,SBOA-GPSI,F24,10,20,3.4704746144e+02
ablation,SBOA-GPSI,F29,10,20,2.8088768468e+02
ablation,SBOA-GPSI,F30,10,20,4.2454254276e+04
ablation,SBOA-LOBL,F1,10,20,1.0276869192e+04
ablation,SBOA-LOBL,F3,10,20,2.8567057760e+01
ablation,SBOA-GPSI,F25,10,20,4.4631909698e+02
ablation,SBOA-GPSI,F26,10,20,3.0002093212e+02
ablation,SBOA-GPSI,F27,10,20,3.9574254850e+02
ablation,SBOA-GPSI,F28,10,20,4.1613401506e+02
ablation,SBOA-LOBL,F8,10,20,1.4931402151e+01
ablation,SBOA-LOBL,F9,10,20,2.9439185044e-02
ablation,SBOA-LOBL,F10,10,20,9.9203618491e+02
ablation,SBOA-LOBL,F11,10,20,6.7571458400e+00
ablation,SBOA-LOBL,F12,10,20,1.3629533071e+05
ablation,SBOA-LOBL,F13,10,20,1.4226267702e+04
ablation,SBOA-LOBL,F14,10,20,2.7913720080e+02
ablation,SBOA-LOBL,F15,10,20,3.6762947372e+03
ablation,SBOA-LOBL,F16,10,20,2.5466647944e+00
ablation,SBOA-LOBL,F17,10,20,4.3147841938e+01
ablation,SBOA-LOBL,F18,10,20,7.4791569070e+03
ablation,SBOA-LOBL,F19,10,20,1.5976089302e+04
ablation,SBOA-ACGM,F3,10,20,4.1443608616e+02
ablation,SBOA-ACGM,F4,10,20,6.3930151367e+00
ablation,SBOA-ACGM,F5,10,20,1.3923742062e+01
ablation,SBOA-ACGM,F6,10,20,1.2401317869e+00
ablation,SBOA-LOBL,F20,10,20,3.2419378668e+01
ablation,SBOA-LOBL,F21,10,20,1.0517107847e+02
ablation,SBOA-LOBL,F22,10,20,1.0098619980e+02
ablation,SBOA-LOBL,F23,10,20,3.0825556238e+02
ablation,SBOA-ACGM,F7,10,20,2.3514306633e+01
ablation,SBOA-ACGM,F8,10,20,1.1995881754e+01
ablation,SBOA-ACGM,F9,10,20,5.3602152323e-03
ablation,SBOA-ACGM,F10,10,20,6.3812969325e+02
ablation,SBOA-LOBL,F24,10,20,3.3804659856e+02
ablation,SBOA-LOBL,F25,10,20,3.9881674103e+02
ablation,SBOA-LOBL,F26,10,20,3.0013127496e+02
ablation,SBOA-LOBL,F27,10,20,3.9065387517e+02
ablation,SBOA-ACGM,F11,10,20,5.6023549753e+00
ablation,SBOA-ACGM,F12,10,20,3.7269536548e+04
ablation,SBOA-ACGM,F13,10,20,3.6081304490e+02
ablation,SBOA-ACGM,F14,10,20,2.5262692655e+02
ablation,SBOA-LOBL,F28,10,20,3.7297077642e+02
ablation,SBOA-LOBL,F29,10,20,2.5064165961e+02
ablation,SBOA-LOBL,F30,10,20,3.0538331128e+05
ablation,SBOA-ACGM,F1,10,20,1.4265349523e+04
ablation,SBOA-ACGM,F15,10,20,3.2601764529e+03
ablation,SBOA-ACGM,F16,10,20,3.8039980790e+00
ablation,SBOA-ACGM,F17,10,20,4.7084933410e+01
ablation,SBOA-ACGM,F18,10,20,3.8174257357e+03
ablation,SBOA-GPSI-LOBL,F1,10,20,4.0906861550e+03
ablation,SBOA-GPSI-LOBL,F3,10,20,8.0615761008e+01
ablation,SBOA-GPSI-LOBL,F4,10,20,6.2809351115e+00
ablation,SBOA-GPSI-LOBL,F5,10,20,8.0046671432e+00
ablation,SBOA-ACGM,F19,10,20,9.3731772330e+02
ablation,SBOA-ACGM,F20,10,20,2.8725227073e+01
ablation,SBOA-ACGM,F21,10,20,1.0304773823e+02
ablation,SBOA-ACGM,F22,10,20,1.0023427597e+02
ablation,SBOA-GPSI-LOBL,F6,10,20,1.2646267048e+00
ablation,SBOA-GPSI-LOBL,F7,10,20,3.9696687817e+01
ablation,SBOA-GPSI-LOBL,F8,10,20,1.8912383913e+01
ablation,SBOA-GPSI-LOBL,F9,10,20,2.1954122497e-01
ablation,SBOA-ACGM,F23,10,20,3.1628832704e+02
ablation,SBOA-ACGM,F24,10,20,3.4393915641e+02
ablation,SBOA-ACGM,F25,10,20,4.0159118172e+02
ablation,SBOA-ACGM,F26,10,20,3.0018242764e+02
ablation,SBOA-GPSI-LOBL,F10,10,20,8.2684974197e+02
ablation,SBOA-GPSI-LOBL,F11,10,20,1.2077286608e+01
ablation,SBOA-GPSI-LOBL,F12,10,20,1.3062796627e+05
ablation,SBOA-GPSI-LOBL,F13,10,20,1.0822544798e+03
ablation,SBOA-GPSI-LOBL,F14,10,20,2.4799946324e+02
ablation,SBOA-GPSI-LOBL,F15,10,20,1.5832644070e+03
ablation,SBOA-GPSI-LOBL,F16,10,20,1.3429955935e+02
ablation,SBOA-GPSI-LOBL,F17,10,20,2.7560923840e+01
ablation,SBOA-ACGM,F27,10,20,3.9067408923e+02
ablation,SBOA-ACGM,F28,10,20,3.6918691987e+02
ablation,SBOA-ACGM,F29,10,20,2.7668286078e+02
ablation,SBOA-ACGM,F30,10,20,2.6492976656e+03
ablation,SBOA-GPSI-LOBL,F18,10,20,1.0696267686e+04
ablation,SBOA-GPSI-LOBL,F19,10,20,1.6212187351e+02
ablation,SBOA-GPSI-LOBL,F20,10,20,2.4043829585e+01
ablation,SBOA-GPSI-LOBL,F21,10,20,2.0585702000e+02
ablation,SBOA-GPSI-ACGM,F5,10,20,1.0953213525e+01
ablation,SBOA-GPSI-ACGM,F6,10,20,2.6839777910e-01
ablation,SBOA-GPSI-ACGM,F7,10,20,1.4522816823e+01
ablation,SBOA-GPSI-ACGM,F8,10,20,7.1074068378e+00
ablation,SBOA-GPSI-LOBL,F30,10,20,4.9986946129e+05
ablation,SBOA-GPSI-ACGM,F1,10,20,1.0202125830e+04
ablation,SBOA-GPSI-ACGM,F3,10,20,4.7911471584e+02
ablation,SBOA-GPSI-ACGM,F4,10,20,7.3217501648e+00
ablation,SBOA-GPSI-LOBL,F22,10,20,2.4452879927e+01
ablation,SBOA-GPSI-LOBL,F23,10,20,3.2041433498e+02
ablation,SBOA-GPSI-LOBL,F24,10,20,3.5058529309e+02
ablation,SBOA-GPSI-LOBL,F25,10,20,4.4451877408e+02
ablation,SBOA-GPSI-ACGM,F9,10,20,2.2316467433e-03
ablation,SBOA-GPSI-ACGM,F10,10,20,5.3703607076e+02
ablation,SBOA-GPSI-ACGM,F11,10,20,1.2585968922e+01
ablation,SBOA-GPSI-ACGM,F12,10,20,1.2207205882e+06
ablation,SBOA-GPSI-ACGM,F13,10,20,1.1114537237e+04
ablation,SBOA-GPSI-ACGM,F14,10,20,2.7241718150e+02
ablation,SBOA-GPSI-ACGM,F15,10,20,4.6612815490e+03
ablation,SBOA-GPSI-ACGM,F16,10,20,4.2190568379e+01
ablation,SBOA-GPSI-ACGM,F17,10,20,5.7253752830e+01
ablation,SBOA-GPSI-ACGM,F18,10,20,5.2218293476e+02
ablation,SBOA-GPSI-ACGM,F19,10,20,3.5175425669e+02
ablation,SBOA-GPSI-ACGM,F20,10,20,2.7220080724e+01
ablation,SBOA-GPSI-LOBL,F26,10,20,3.0018379811e+02
ablation,SBOA-GPSI-LOBL,F27,10,20,3.9510539618e+02
ablation,SBOA-GPSI-LOBL,F28,10,20,3.9449115101e+02
ablation,SBOA-GPSI-LOBL,F29,10,20,3.0459561925e+02
ablation,SBOA-GPSI-ACGM,F21,10,20,2.1746897764e+02
ablation,SBOA-GPSI-ACGM,F22,10,20,1.0082759369e+02
ablation,SBOA-GPSI-ACGM,F23,10,20,3.0981323658e+02
ablation,SBOA-GPSI-ACGM,F24,10,20,3.5020370357e+02
ablation,SBOA-LOBL-ACGM,F4,10,20,4.2761548207e+00
ablation,SBOA-LOBL-ACGM,F5,10,20,1.6253059834e+01
ablation,SBOA-LOBL-ACGM,F6,10,20,3.9425130500e+00
ablation,SBOA-LOBL-ACGM,F7,10,20,3.5047548506e+01
ablation,SBOA-LOBL-ACGM,F8,10,20,1.1981960218e+01
ablation,SBOA-LOBL-ACGM,F9,10,20,1.6604450151e-01
ablation,SBOA-LOBL-ACGM,F10,10,20,4.6288367349e+02
ablation,SBOA-LOBL-ACGM,F11,10,20,9.1455182349e+00
ablation,SBOA-GPSI-ACGM,F25,10,20,4.4434227382e+02
ablation,SBOA-GPSI-ACGM,F26,10,20,3.0026834372e+02
ablation,SBOA-GPSI-ACGM,F27,10,20,3.9104905032e+02
ablation,SBOA-GPSI-ACGM,F28,10,20,3.7374975610e+02
ablation,SBOA-LOBL-ACGM,F12,10,20,1.1670320831e+06
ablation,SBOA-LOBL-ACGM,F13,10,20,1.6277725604e+04
ablation,SBOA-LOBL-ACGM,F14,10,20,6.9635717019e+01
ablation,SBOA-LOBL-ACGM,F15,10,20,1.2209186642e+03
ablation,SBOA-GPSI-ACGM,F29,10,20,2.5162182470e+02
ablation,SBOA-GPSI-ACGM,F30,10,20,6.2069586630e+05
ablation,SBOA-LOBL-ACGM,F1,10,20,7.5637579793e+03
ablation,SBOA-LOBL-ACGM,F3,10,20,1.1020073540e+02
ablation,SBOA-LOBL-ACGM,F16,10,20,3.8744658946e+00
ablation,SBOA-LOBL-ACGM,F17,10,20,6.1161954120e+00
ablation,SBOA-LOBL-ACGM,F18,10,20,2.7162367755e+03
ablation,SBOA-LOBL-ACGM,F19,10,20,1.4564967969e+03
ablation,SBOA-LOBL-ACGM,F20,10,20,2.4187747524e+01
ablation,SBOA-LOBL-ACGM,F21,10,20,2.1993367353e+02
ablation,SBOA-LOBL-ACGM,F22,10,20,1.0054951459e+02
ablation,SBOA-LOBL-ACGM,F23,10,20,3.1291700787e+02
ablation,MSSBOA,F3,10,20,2.9983252635e+01
ablation,MSSBOA,F4,10,20,6.6830825556e+00
ablation,MSSBOA,F5,10,20,1.0947796325e+01
ablation,MSSBOA,F6,10,20,9.6536748018e-01
ablation,MSSBOA,F7,10,20,1.7902875003e+01
ablation,MSSBOA,F8,10,20,1.3353345025e+01
ablation,MSSBOA,F9,10,20,5.9383594590e-02
ablation,MSSBOA,F10,10,20,8.6243258320e+02
ablation,SBOA-LOBL-ACGM,F24,10,20,3.4018688421e+02
ablation,SBOA-LOBL-ACGM,F25,10,20,4.4473990914e+02
ablation,SBOA-LOBL-ACGM,F26,10,20,3.0734523038e+02
ablation,SBOA-LOBL-ACGM,F27,10,20,3.8953451528e+02
ablation,MSSBOA,F11,10,20,5.1932924679e+00
ablation,MSSBOA,F12,10,20,3.2647135522e+06
ablation,MSSBOA,F13,10,20,1.7854960669e+04
ablation,MSSBOA,F14,10,20,2.9221303675e+02
ablation,SBOA-LOBL-ACGM,F28,10,20,4.1577476172e+02
ablation,SBOA-LOBL-ACGM,F29,10,20,2.5505499003e+02
ablation,SBOA-LOBL-ACGM,F30,10,20,2.8438820592e+05
ablation,MSSBOA,F1,10,20,6.0175387416e+02
ablation,MSSBOA,F15,10,20,5.4917429729e+02
ablation,MSSBOA,F16,10,20,1.2555414014e+02
ablation,MSSBOA,F17,10,20,2.9425913147e+01
ablation,MSSBOA,F18,10,20,1.8318176284e+04
ablation,SBOA,F1,10,21,5.6149749771e+03
ablation,SBOA,F3,10,21,1.6567993817e+02
ablation,SBOA,F4,10,21,7.1157215214e+00
ablation,SBOA,F5,10,21,2.9927000552e+00
ablation,MSSBOA,F19,10,20,1.0804512547e+03
ablation,MSSBOA,F20,10,20,4.4845567809e+01
ablation,MSSBOA,F21,10,20,1.0240950545e+02
ablation,MSSBOA,F22,10,20,1.0054462696e+02
ablation,SBOA,F6,10,21,5.3512059097e-01
ablation,SBOA,F7,10,21,2.2005766192e+01
ablation,SBOA,F8,10,21,8.9596412573e+00
ablation,SBOA,F9,10,21,1.6924166248e-01
ablation,SBOA,F10,10,21,6.8079959328e+02
ablation,SBOA,F11,10,21,4.4927119065e+00
ablation,SBOA,F12,10,21,2.9869691234e+05
ablation,SBOA,F13,10,21,1.1659864443e+04
ablation,MSSBOA,F23,10,20,3.1992563614e+02
ablation,MSSBOA,F24,10,20,1.0271348662e+02
ablation,MSSBOA,F25,10,20,3.9963676592e+02
ablation,MSSBOA,F26,10,20,3.0006443040e+02
ablation,SBOA,F14,10,21,1.4183886262e+02
ablation,SBOA,F15,10,21,6.5202109640e+02
ablation,SBOA,F16,10,21,2.4101983099e+01
ablation,SBOA,F17,10,21,2.1946501415e+01
ablation,SBOA,F18,10,21,1.6302775243e+04
ablation,SBOA,F19,10,21,7.2569060554e+03
ablation,SBOA,F20,10,21,2.9506920701e+01
ablation,SBOA,F21,10,21,1.0406668578e+02
ablation,MSSBOA,F27,10,20,3.8987511703e+02
ablation,MSSBOA,F28,10,20,3.7568927587e+02
ablation,MSSBOA,F29,10,20,2.7954847340e+02
ablation,MSSBOA,F30,10,20,3.1623755248e+06
ablation,SBOA-GPSI,F5,10,21,1.0035582261e+01
ablation,SBOA-GPSI,F6,10,21,1.8239904018e-01
ablation,SBOA-GPSI,F7,10,21,2.2154734217e+01
ablation,SBOA-GPSI,F8,10,21,5.9738660722e+00
ablation,SBOA,F22,10,21,1.0095308829e+02
ablation,SBOA,F23,10,21,3.0805240960e+02
ablation,SBOA,F24,10,21,3.3704892279e+02
ablation,SBOA,F25,10,21,3.9938155803e+02
ablation,SBOA,F30,10,21,8.3594337449e+04
ablation,SBOA-GPSI,F1,10,21,6.4871060842e+02
ablation,SBOA-GPSI,F3,10,21,3.5412204042e+02
ablation,SBOA-GPSI,F4,10,21,6.4788241713e+00
ablation,SBOA-GPSI,F9,10,21,5.3485158393e-03
ablation,SBOA-GPSI,F10,10,21,7.1160244926e+02
ablation,SBOA-GPSI,F11,10,21,9.6797898376e+00
ablation,SBOA-GPSI,F12,10,21,4.5028870517e+04
ablation,SBOA,F26,10,21,3.0003399455e+02
ablation,SBOA,F27,10,21,3.9626168451e+02
ablation,SBOA,F28,10,21,3.9661216036e+02
ablation,SBOA,F29,10,21,2.8396545490e+02
ablation,SBOA-GPSI,F13,10,21,1.3441419559e+04
ablation,SBOA-GPSI,F14,10,21,1.9623060172e+02
ablation,SBOA-GPSI,F15,10,21,1.9006648967e+03
ablation,SBOA-GPSI,F16,10,21,6.3625409767e+01
ablation,SBOA-GPSI,F17,10,21,4.7469631881e+01
ablation,SBOA-GPSI,F18,10,21,2.0930424502e+04
ablation,SBOA-GPSI,F19,10,21,8.2774456446e+02
ablation,SBOA-GPSI,F20,10,21,2.2429242423e+01
ablation,SBOA-LOBL,F4,10,21,6.1577464127e+00
ablation,SBOA-LOBL,F5,10,21,7.9967115058e+00
ablation,SBOA-LOBL,F6,10,21,7.0463788417e-01
ablation,SBOA-LOBL,F7,10,21,3.2510914014e+01
ablation,SBOA-GPSI,F21,10,21,1.0436642258e+02
ablation,SBOA-GPSI,F22,10,21,1.0270016655e+02
ablation,SBOA-GPSI,F23,10,21,3.1553002884e+02
ablation,SBOA-GPSI,F24,10,21,1.1164855128e+02
ablation,SBOA-GPSI,F29,10,21,2.8229218709e+02
ablation,SBOA-GPSI,F30,10,21,6.1506586710e+04
ablation,SBOA-LOBL,F1,10,21,1.9695625719e+04
ablation,SBOA-LOBL,F3,10,21,4.3192080831e+01
ablation,SBOA-GPSI,F25,10,21,3.9905852224e+02
ablation,SBOA-GPSI,F26,10,21,3.0004390264e+02
ablation,SBOA-GPSI,F27,10,21,3.9272698555e+02
ablation,SBOA-GPSI,F28,10,21,4.1646387263e+02
ablation,SBOA-LOBL,F8,10,21,1.2076071566e+01
ablation,SBOA-LOBL,F9,10,21,4.1990106388e-04
ablation,SBOA-LOBL,F10,10,21,3.9412336555e+02
ablation,SBOA-LOBL,F11,10,21,5.7287480086e+00
ablation,SBOA-LOBL,F12,10,21,1.3072476566e+06
ablation,SBOA-LOBL,F13,10,21,1.4165260538e+04
ablation,SBOA-LOBL,F14,10,21,2.2503988293e+02
ablation,SBOA-LOBL,F15,10,21,1.1895020131e+03
ablation,SBOA-LOBL,F16,10,21,4.5168934282e+00
ablation,SBOA-LOBL,F17,10,21,3.1564918627e+01
ablation,SBOA-LOBL,F18,10,21,3.0864588639e+03
ablation,SBOA-LOBL,F19,10,21,4.2076649680e+02
ablation,SBOA-ACGM,F3,10,21,1.3478986715e+01
ablation,SBOA-ACGM,F4,10,21,6.0687583524e+00
ablation,SBOA-ACGM,F5,10,21,5.0315155450e+00
ablation,SBOA-ACGM,F6,10,21,3.2025088164e-01
ablation,SBOA-LOBL,F20,10,21,6.0091072586e+01
ablation,SBOA-LOBL,F21,10,21,2.2390974130e+02
ablation,SBOA-LOBL,F22,10,21,1.0174533425e+02
ablation,SBOA-LOBL,F23,10,21,3.1368444513e+02
ablation,SBOA-ACGM,F7,10,21,1.8365858483e+01
ablation,SBOA-ACGM,F8,10,21,7.9954790548e+00
ablation,SBOA-ACGM,F9,10,21,4.5808969092e-01
ablation,SBOA-ACGM,F10,10,21,4.0507669411e+02
ablation,SBOA-LOBL,F24,10,21,3.3962309776e+02
ablation,SBOA-LOBL,F25,10,21,3.9886988761e+02
ablation,SBOA-LOBL,F26,10,21,4.3181644369e+02
ablation,SBOA-LOBL,F27,10,21,3.9501305656e+02
ablation,SBOA-ACGM,F11,10,21,7.3165293652e+00
ablation,SBOA-ACGM,F12,10,21,5.4919408434e+05
ablation,SBOA-ACGM,F13,10,21,5.7769750333e+03
ablation,SBOA-ACGM,F14,10,21,1.7791987785e+02
ablation,SBOA-LOBL,F28,10,21,3.7154277760e+02
ablation,SBOA-LOBL,F29,10,21,2.8878669229e+02
ablation,SBOA-LOBL,F30,10,21,1.5644483771e+05
ablation,SBOA-ACGM,F1,10,21,1.1626547271e+03
ablation,SBOA-ACGM,F15,10,21,1.1973578206e+03
ablation,SBOA-ACGM,F16,10,21,4.3302340935e+00
ablation,SBOA-ACGM,F17,10,21,5.1193758908e+01
ablation,SBOA-ACGM,F18,10,21,1.9699006349e+04
ablation,SBOA-GPSI-LOBL,F1,10,21,2.3531935225e+04
ablation,SBOA-GPSI-LOBL,F3,10,21,1.6997820134e+02
ablation,SBOA-GPSI-LOBL,F4,10,21,7.4030838469e+00
ablation,SBOA-GPSI-LOBL,F5,10,21,2.5742331294e+01
ablation,SBOA-ACGM,F19,10,21,9.7687251984e+02
ablation,SBOA-ACGM,F20,10,21,2.4037335632e+01
ablation,SBOA-ACGM,F21,10,21,1.0368478837e+02
ablation,SBOA-ACGM,F22,10,21,1.0037292652e+02
ablation,SBOA-GPSI-LOBL,F6,10,21,4.4507069668e-01
ablation,SBOA-GPSI-LOBL,F7,10,21,1.8259028476e+01
ablation,SBOA-GPSI-LOBL,F8,10,21,1.1977588263e+01
ablation,SBOA-GPSI-LOBL,F9,10,21,1.1150810234e-01
ablation,SBOA-ACGM,F23,10,21,3.0942584862e+02
ablation,SBOA-ACGM,F24,10,21,3.3647681102e+02
ablation,SBOA-ACGM,F25,10,21,4.0036460046e+02
ablation,SBOA-ACGM,F26,10,21,3.0007650226e+02
ablation,SBOA-GPSI-LOBL,F10,10,21,1.1302101907e+03
ablation,SBOA-GPSI-LOBL,F11,10,21,1.2406556422e+01
ablation,SBOA-GPSI-LOBL,F12,10,21,9.3693985125e+05
ablation,SBOA-GPSI-LOBL,F13,10,21,2.4236751753e+04
ablation,SBOA-GPSI-LOBL,F14,10,21,2.6384764189e+02
ablation,SBOA-GPSI-LOBL,F15,10,21,3.6440554387e+03
ablation,SBOA-GPSI-LOBL,F16,10,21,4.0044522029e+01
ablation,SBOA-GPSI-LOBL,F17,10,21,4.0905429238e+01
ablation,SBOA-GPSI-LOBL,F18,10,21,1.4091943552e+04
ablation,SBOA-GPSI-LOBL,F19,10,21,1.7776191470e+02
ablation,SBOA-GPSI-LOBL,F20,10,21,2.7391414829e+01
ablation,SBOA-GPSI-LOBL,F21,10,21,1.0287546800e+02
ablation,SBOA-ACGM,F27,10,21,3.9082825351e+02
ablation,SBOA-ACGM,F28,10,21,3.8047587412e+02
ablation,SBOA-ACGM,F29,10,21,2.4390617454e+02
ablation,SBOA-ACGM,F30,10,21,8.1893202880e+05
ablation,SBOA-GPSI-ACGM,F5,10,21,3.9840498390e+00
ablation,SBOA-GPSI-ACGM,F6,10,21,9.3692046152e-02
ablation,SBOA-GPSI-ACGM,F7,10,21,2.5743114928e+01
ablation,SBOA-GPSI-ACGM,F8,10,21,1.2154890676e+01
ablation,SBOA-GPSI-LOBL,F22,10,21,1.0208209510e+02
ablation,SBOA-GPSI-LOBL,F23,10,21,3.0647037027e+02
ablation,SBOA-GPSI-LOBL,F24,10,21,1.0248641107e+02
ablation,SBOA-GPSI-LOBL,F25,10,21,3.9963325586e+02
ablation,SBOA-GPSI-LOBL,F30,10,21,1.8848050229e+06
ablation,SBOA-GPSI-ACGM,F1,10,21,2.9339103455e+03
ablation,SBOA-GPSI-ACGM,F3,10,21,2.7799816558e+02
ablation,SBOA-GPSI-ACGM,F4,10,21,7.1604733536e+00
ablation,SBOA-GPSI-ACGM,F9,10,21,3.2003459133e-03
ablation,SBOA-GPSI-ACGM,F10,10,21,5.0146003783e+02
ablation,SBOA-GPSI-ACGM,F11,10,21,3.9053524165e+00
ablation,SBOA-GPSI-ACGM,F12,10,21,2.8217226786e+04
ablation,SBOA-GPSI-ACGM,F13,10,21,1.4350990638e+03
ablation,SBOA-GPSI-ACGM,F14,10,21,1.3101389116e+02
ablation,SBOA-GPSI-ACGM,F15,10,21,4.5312109559e+03
ablation,SBOA-GPSI-ACGM,F16,10,21,2.5101700024e+00
ablation,SBOA-GPSI-ACGM,F17,10,21,2.5565600399e+01
ablation,SBOA-GPSI-ACGM,F18,10,21,2.3536609491e+04
ablation,SBOA-GPSI-ACGM,F19,10,21,3.7172273464e+03
ablation,SBOA-GPSI-ACGM,F20,10,21,2.8092057368e+01
ablation,SBOA-GPSI-LOBL,F26,10,21,3.0038593923e+02
ablation,SBOA-GPSI-LOBL,F27,10,21,3.9314677739e+02
ablation,SBOA-GPSI-LOBL,F28,10,21,6.1182166958e+02
ablation,SBOA-GPSI-LOBL,F29,10,21,2.4937421388e+02
ablation,SBOA-GPSI-ACGM,F21,10,21,1.0365420252e+02
ablation,SBOA-GPSI-ACGM,F22,10,21,1.0106220806e+02
ablation,SBOA-GPSI-ACGM,F23,10,21,3.0775292962e+02
ablation,SBOA-GPSI-ACGM,F24,10,21,3.4232510962e+02
ablation,SBOA-LOBL-ACGM,F4,10,21,4.7965369630e+00
ablation,SBOA-LOBL-ACGM,F5,10,21,1.1003427244e+01
ablation,SBOA-LOBL-ACGM,F6,10,21,3.2096568055e-01
ablation,SBOA-LOBL-ACGM,F7,10,21,2.5131104977e+01
ablation,SBOA-GPSI-ACGM,F25,10,21,4.4440451249e+02
ablation,SBOA-GPSI-ACGM,F26,10,21,3.0013671970e+02
ablation,SBOA-GPSI-ACGM,F27,10,21,3.9063766229e+02
ablation,SBOA-GPSI-ACGM,F28,10,21,3.7268767957e+02
ablation,SBOA-LOBL-ACGM,F8,10,21,9.9600567055e+00
ablation,SBOA-LOBL-ACGM,F9,10,21,7.8325966806e-03
ablation,SBOA-LOBL-ACGM,F10,10,21,2.9714168785e+02
ablation,SBOA-LOBL-ACGM,F11,10,21,1.0475391987e+01
ablation,SBOA-GPSI-ACGM,F29,10,21,2.6353213951e+02
ablation,SBOA-GPSI-ACGM,F30,10,21,1.9272079447e+06
ablation,SBOA-LOBL-ACGM,F1,10,21,3.0326150685e+03
ablation,SBOA-LOBL-ACGM,F3,10,21,1.3393927836e+02
ablation,SBOA-LOBL-ACGM,F12,10,21,4.0896358701e+05
ablation,SBOA-LOBL-ACGM,F13,10,21,2.2242222331e+04
ablation,SBOA-LOBL-ACGM,F14,10,21,1.8246336463e+02
ablation,SBOA-LOBL-ACGM,F15,10,21,8.0838217292e+02
ablation,SBOA-LOBL-ACGM,F16,10,21,2.6611412804e+00
ablation,SBOA-LOBL-ACGM,F17,10,21,4.3459185726e+01
ablation,SBOA-LOBL-ACGM,F18,10,21,1.6574584252e+04
ablation,SBOA-LOBL-ACGM,F19,10,21,3.2695487883e+03
ablation,SBOA-LOBL-ACGM,F20,10,21,2.8405402018e+01
ablation,SBOA-LOBL-ACGM,F21,10,21,2.1322904141e+02
ablation,SBOA-LOBL-ACGM,F22,10,21,1.0322139134e+02
ablation,SBOA-LOBL-ACGM,F23,10,21,3.1276061324e+02
ablation,MSSBOA,F3,10,21,1.8174670207e+02
ablation,MSSBOA,F4,10,21,6.3324790973e+00
ablation,MSSBOA,F5,10,21,4.9934721785e+00
ablation,MSSBOA,F6,10,21,1.0271040038e+00
ablation,SBOA-LOBL-ACGM,F24,10,21,3.3532110880e+02
ablation,SBOA-LOBL-ACGM,F25,10,21,4.4500944629e+02
ablation,SBOA-LOBL-ACGM,F26,10,21,3.4715006609e+02
ablation,SBOA-LOBL-ACGM,F27,10,21,3.9242570943e+02
ablation,MSSBOA,F7,10,21,2.6700138603e+01
ablation,MSSBOA,F8,10,21,1.3945208128e+01
ablation,MSSBOA,F9,10,21,1.8016515222e-03
ablation,MSSBOA,F10,10,21,1.5379651882e+02
ablation,MSSBOA,F11,10,21,6.9837997749e+00
ablation,MSSBOA,F12,10,21,2.5404731610e+06
ablation,MSSBOA,F13,10,21,7.1738339113e+03
ablation,MSSBOA,F14,10,21,2.9838295623e+02
ablation,SBOA-LOBL-ACGM,F28,10,21,3.6857145698e+02
ablation,SBOA-LOBL-ACGM,F29,10,21,2.7843244954e+02
ablation,SBOA-LOBL-ACGM,F30,10,21,1.0189481270e+06
ablation,MSSBOA,F1,10,21,3.9272840121e+04
ablation,MSSBOA,F15,10,21,2.5520521987e+02
ablation,MSSBOA,F16,10,21,1.6922511338e+01
ablation,MSSBOA,F17,10,21,4.5258735265e+01
ablation,MSSBOA,F18,10,21,2.5443645944e+04
ablation,SBOA,F1,10,22,5.0343689047e+03
ablation,SBOA,F3,10,22,4.1235028770e+02
ablation,SBOA,F4,10,22,1.8964515107e+00
ablation,SBOA,F5,10,22,1.1947352493e+01
ablation,MSSBOA,F19,10,21,8.8049261637e+01
ablation,MSSBOA,F20,10,21,3.7718445643e+01
ablation,MSSBOA,F21,10,21,2.2045007105e+02
ablation,MSSBOA,F22,10,21,1.0057495644e+02
ablation,SBOA,F6,10,22,2.6745329450e-01
ablation,SBOA,F7,10,22,2.2114161443e+01
ablation,SBOA,F8,10,22,2.0895807072e+01
ablation,SBOA,F9,10,22,9.7125691766e-02
ablation,SBOA,F10,10,22,6.2186881421e+02
ablation,SBOA,F11,10,22,1.3576456286e+01
ablation,SBOA,F12,10,22,2.6321467841e+05
ablation,SBOA,F13,10,22,1.3906417242e+04
ablation,MSSBOA,F23,10,21,3.2152922441e+02
ablation,MSSBOA,F24,10,21,3.3972372939e+02
ablation,MSSBOA,F25,10,21,4.4954212434e+02
ablation,MSSBOA,F26,10,21,3.2228651305e+02
ablation,SBOA,F14,10,22,2.5643809537e+02
ablation,SBOA,F15,10,22,1.9938364981e+03
ablation,SBOA,F16,10,22,1.2394927656e+02
ablation,SBOA,F17,10,22,3.8442533218e+01
ablation,SBOA,F18,10,22,3.0230487037e+03
ablation,SBOA,F19,10,22,5.4921424217e+03
ablation,SBOA,F20,10,22,2.3555940104e+01
ablation,SBOA,F21,10,22,2.0702873287e+02
ablation,MSSBOA,F27,10,21,3.9427716008e+02
ablation,MSSBOA,F28,10,21,6.1182169375e+02
ablation,MSSBOA,F29,10,21,2.6473436834e+02
ablation,MSSBOA,F30,10,21,1.1229501709e+05
ablation,SBOA-GPSI,F5,10,22,2.3016846953e+01
ablation,SBOA-GPSI,F6,10,22,1.0762335115e-01
ablation,SBOA-GPSI,F7,10,22,2.2261816119e+01
ablation,SBOA-GPSI,F8,10,22,4.9980667107e+00
ablation,SBOA,F22,10,22,1.0213464444e+02
ablation,SBOA,F23,10,22,3.2896758855e+02
ablation,SBOA,F24,10,22,3.4333799595e+02
ablation,SBOA,F25,10,22,3.9971550526e+02
ablation,SBOA,F30,10,22,1.5025065696e+06
ablation,SBOA-GPSI,F1,10,22,7.6485054851e+03
ablation,SBOA-GPSI,F3,10,22,2.2988180884e+03
ablation,SBOA-GPSI,F4,10,22,6.6448472373e+00
ablation,SBOA,F26,10,22,3.0004286193e+02
ablation,SBOA,F27,10,22,3.9078033324e+02
ablation,SBOA,F28,10,22,3.7152796546e+02
ablation,SBOA,F29,10,22,2.8731125437e+02
ablation,SBOA-GPSI,F9,10,22,1.1104243511e-01
ablation,SBOA-GPSI,F10,10,22,1.0302578134e+03
ablation,SBOA-GPSI,F11,10,22,1.4650645471e+01
ablation,SBOA-GPSI,F12,10,22,5.0551836812e+06
ablation,SBOA-GPSI,F13,10,22,3.4067098062e+03
ablation,SBOA-GPSI,F14,10,22,9.8612724781e+01
ablation,SBOA-GPSI,F15,10,22,1.3073650767e+03
ablation,SBOA-GPSI,F16,10,22,2.3762282518e+00
ablation,SBOA-GPSI,F17,10,22,2.9269823811e+01
ablation,SBOA-GPSI,F18,10,22,1.0942544022e+04
ablation,SBOA-GPSI,F19,10,22,7.6733320634e+02
ablation,SBOA-GPSI,F20,10,22,2.7360584857e+01
ablation,SBOA-LOBL,F4,10,22,7.5846356269e+00
ablation,SBOA-LOBL,F5,10,22,1.6686422222e+01
ablation,SBOA-LOBL,F6,10,22,2.9129865482e-01
ablation,SBOA-LOBL,F7,10,22,1.8798320795e+01
ablation,SBOA-GPSI,F21,10,22,1.0648374207e+02
ablation,SBOA-GPSI,F22,10,22,1.0037006390e+02
ablation,SBOA-GPSI,F23,10,22,3.1436261422e+02
ablation,SBOA-GPSI,F24,10,22,3.3899311227e+02
ablation,SBOA-GPSI,F29,10,22,2.5917736500e+02
ablation,SBOA-GPSI,F30,10,22,5.8671874233e+05
ablation,SBOA-LOBL,F1,10,22,3.8611036698e+03
ablation,SBOA-LOBL,F3,10,22,1.9554778632e+02
ablation,SBOA-LOBL,F8,10,22,1.1942381788e+01
ablation,SBOA-LOBL,F9,10,22,1.0433190122e-01
ablation,SBOA-LOBL,F10,10,22,9.6925499278e+02
ablation,SBOA-LOBL,F11,10,22,4.4897317837e+00
ablation,SBOA-GPSI,F25,10,22,4.4408459150e+02
ablation,SBOA-GPSI,F26,10,22,3.1324452882e+02
ablation,SBOA-GPSI,F27,10,22,3.9082355040e+02
ablation,SBOA-GPSI,F28,10,22,3.8227078134e+02
ablation,SBOA-LOBL,F12,10,22,6.8339587195e+05
ablation,SBOA-LOBL,F13,10,22,1.7649597614e+04
ablation,SBOA-LOBL,F14,10,22,1.5785831921e+02
ablation,SBOA-LOBL,F15,10,22,3.0021351924e+03
ablation,SBOA-LOBL,F16,10,22,4.0684208335e+01
ablation,SBOA-LOBL,F17,10,22,2.0488139827e+01
ablation,SBOA-LOBL,F18,10,22,5.9892587170e+03
ablation,SBOA-LOBL,F19,10,22,7.8904275651e+02
ablation,SBOA-ACGM,F3,10,22,3.4207442558e+01
ablation,SBOA-ACGM,F4,10,22,7.6821742151e+00
ablation,SBOA-ACGM,F5,10,22,1.6134101020e+01
ablation,SBOA-ACGM,F6,10,22,8.3188032551e-01
ablation,SBOA-LOBL,F20,10,22,2.8855902346e+01
ablation,SBOA-LOBL,F21,10,22,2.1428232750e+02
ablation,SBOA-LOBL,F22,10,22,1.0163298992e+02
ablation,SBOA-LOBL,F23,10,22,3.0951620822e+02
ablation,SBOA-ACGM,F7,10,22,1.8996674525e+01
ablation,SBOA-ACGM,F8,10,22,1.5919932479e+01
ablation,SBOA-ACGM,F9,10,22,8.5617770631e-03
ablation,SBOA-ACGM,F10,10,22,6.0684185885e+02
ablation,SBOA-LOBL,F24,10,22,3.3896214353e+02
ablation,SBOA-LOBL,F25,10,22,3.9973564681e+02
ablation,SBOA-LOBL,F26,10,22,3.9578474488e+02
ablation,SBOA-LOBL,F27,10,22,3.9084728708e+02
ablation,SBOA-LOBL,F28,10,22,3.1408282827e+02
ablation,SBOA-LOBL,F29,10,22,2.4410371460e+02
ablation,SBOA-LOBL,F30,10,22,3.5029789553e+04
ablation,SBOA-ACGM,F1,10,22,1.5447533243e+03
ablation,SBOA-ACGM,F11,10,22,1.0639550085e+01
ablation,SBOA-ACGM,F12,10,22,6.1186383727e+04
ablation,SBOA-ACGM,F13,10,22,7.2712276207e+02
ablation,SBOA-ACGM,F14,10,22,3.4152246780e+02
ablation,SBOA-ACGM,F15,10,22,1.1528363556e+03
ablation,SBOA-ACGM,F16,10,22,9.7559256106e-01
ablation,SBOA-ACGM,F17,10,22,2.4794129142e+01
ablation,SBOA-ACGM,F18,10,22,1.6689057147e+04
ablation,SBOA-GPSI-LOBL,F1,10,22,2.5259402266e+04
ablation,SBOA-GPSI-LOBL,F3,10,22,4.1253667272e+02
ablation,SBOA-GPSI-LOBL,F4,10,22,5.3879094629e+00
ablation,SBOA-GPSI-LOBL,F5,10,22,4.9782867607e+00
ablation,SBOA-ACGM,F19,10,22,1.9267131087e+03
ablation,SBOA-ACGM,F20,10,22,4.8326418620e+00
ablation,SBOA-ACGM,F21,10,22,2.0804282407e+02
ablation,SBOA-ACGM,F22,10,22,1.0088931978e+02
ablation,SBOA-GPSI-LOBL,F6,10,22,1.2441805087e+00
ablation,SBOA-GPSI-LOBL,F7,10,22,2.8404279175e+01
ablation,SBOA-GPSI-LOBL,F8,10,22,1.7616554676e+01
ablation,SBOA-GPSI-LOBL,F9,10,22,3.9384963433e-03
ablation,SBOA-ACGM,F23,10,22,3.1412287064e+02
ablation,SBOA-ACGM,F24,10,22,3.3165881618e+02
ablation,SBOA-ACGM,F25,10,22,4.4366300364e+02
ablation,SBOA-ACGM,F26,10,22,3.0010240425e+02
ablation,SBOA-GPSI-LOBL,F10,10,22,8.9279576838e+02
ablation,SBOA-GPSI-LOBL,F11,10,22,7.4866640368e+00
ablation,SBOA-GPSI-LOBL,F12,10,22,5.9827074012e+06
ablation,SBOA-GPSI-LOBL,F13,10,22,8.0949780204e+03
ablation,SBOA-ACGM,F27,10,22,3.8955595539e+02
ablation,SBOA-ACGM,F28,10,22,3.6668264343e+02
ablation,SBOA-ACGM,F29,10,22,2.5029286092e+02
ablation,SBOA-ACGM,F30,10,22,8.7169547979e+05
ablation,SBOA-GPSI-LOBL,F14,10,22,1.5130784005e+02
ablation,SBOA-GPSI-LOBL,F15,10,22,2.7993451720e+03
ablation,SBOA-GPSI-LOBL,F16,10,22,2.6679290861e+00
ablation,SBOA-GPSI-LOBL,F17,10,22,8.7513906837e+01
ablation,SBOA-GPSI-LOBL,F18,10,22,1.4219353771e+04
ablation,SBOA-GPSI-LOBL,F19,10,22,3.4868967488e+02
ablation,SBOA-GPSI-LOBL,F20,10,22,2.3008418468e+01
ablation,SBOA-GPSI-LOBL,F21,10,22,2.1511240009e+02
ablation,SBOA-GPSI-ACGM,F5,10,22,1.0073699963e+01
ablation,SBOA-GPSI-ACGM,F6,10,22,2.3810387999e-01
ablation,SBOA-GPSI-ACGM,F7,10,22,2.1433581371e+01
ablation,SBOA-GPSI-ACGM,F8,10,22,1.2375151549e+01
ablation,SBOA-GPSI-LOBL,F30,10,22,1.7377544649e+06
ablation,SBOA-GPSI-ACGM,F1,10,22,2.2240613626e+03
ablation,SBOA-GPSI-ACGM,F3,10,22,9.7691690569e+01
ablation,SBOA-GPSI-ACGM,F4,10,22,6.1195546807e+00
ablation,SBOA-GPSI-LOBL,F22,10,22,1.0113888597e+02
ablation,SBOA-GPSI-LOBL,F23,10,22,3.3492679854e+02
ablation,SBOA-GPSI-LOBL,F24,10,22,1.0166879835e+02
ablation,SBOA-GPSI-LOBL,F25,10,22,3.9969382136e+02
ablation,SBOA-GPSI-ACGM,F9,10,22,1.9182453600e-03
ablation,SBOA-GPSI-ACGM,F10,10,22,5.5391296771e+02
ablation,SBOA-GPSI-ACGM,F11,10,22,7.4259579018e+00
ablation,SBOA-GPSI-ACGM,F12,10,22,2.7660805869e+05
ablation,SBOA-GPSI-ACGM,F13,10,22,1.4332298713e+03
ablation,SBOA-GPSI-ACGM,F14,10,22,3.2844105224e+02
ablation,SBOA-GPSI-ACGM,F15,10,22,1.1288441845e+03
ablation,SBOA-GPSI-ACGM,F16,10,22,5.2039435603e+00
ablation,SBOA-GPSI-LOBL,F26,10,22,3.0009541433e+02
ablation,SBOA-GPSI-LOBL,F27,10,22,3.9352687902e+02
ablation,SBOA-GPSI-LOBL,F28,10,22,5.8374972657e+02
ablation,SBOA-GPSI-LOBL,F29,10,22,3.6377290465e+02
ablation,SBOA-GPSI-ACGM,F17,10,22,3.9863543250e+01
ablation,SBOA-GPSI-ACGM,F18,10,22,2.6617173842e+03
ablation,SBOA-GPSI-ACGM,F19,10,22,7.2887014325e+02
ablation,SBOA-GPSI-ACGM,F20,10,22,4.8181456714e+01
ablation,SBOA-GPSI-ACGM,F21,10,22,2.1777141448e+02
ablation,SBOA-GPSI-ACGM,F22,10,22,2.2376161944e+01
ablation,SBOA-GPSI-ACGM,F23,10,22,3.0931856208e+02
ablation,SBOA-GPSI-ACGM,F24,10,22,1.0261872035e+02
ablation,SBOA-LOBL-ACGM,F4,10,22,7.0835443783e+00
ablation,SBOA-LOBL-ACGM,F5,10,22,1.4940855312e+01
ablation,SBOA-LOBL-ACGM,F6,10,22,2.9324195501e-01
ablation,SBOA-LOBL-ACGM,F7,10,22,1.9922407186e+01
ablation,SBOA-LOBL-ACGM,F8,10,22,7.9750626311e+00
ablation,SBOA-LOBL-ACGM,F9,10,22,8.9921308063e-03
ablation,SBOA-LOBL-ACGM,F10,10,22,1.1214700306e+03
ablation,SBOA-LOBL-ACGM,F11,10,22,5.0955636039e+00
ablation,SBOA-GPSI-ACGM,F25,10,22,4.4434905312e+02
ablation,SBOA-GPSI-ACGM,F26,10,22,3.4714980793e+02
ablation,SBOA-GPSI-ACGM,F27,10,22,3.9082684124e+02
ablation,SBOA-GPSI-ACGM,F28,10,22,6.1182166593e+02
ablation,SBOA-GPSI-ACGM,F29,10,22,2.7108518440e+02
ablation,SBOA-GPSI-ACGM,F30,10,22,5.6341098830e+05
ablation,SBOA-LOBL-ACGM,F1,10,22,1.8824406344e+04
ablation,SBOA-LOBL-ACGM,F3,10,22,2.0804447971e+02
ablation,SBOA-LOBL-ACGM,F12,10,22,1.7406393731e+05
ablation,SBOA-LOBL-ACGM,F13,10,22,3.1380681673e+04
ablation,SBOA-LOBL-ACGM,F14,10,22,1.6879956523e+02
ablation,SBOA-LOBL-ACGM,F15,10,22,6.6543298939e+02
ablation,SBOA-LOBL-ACGM,F16,10,22,2.3910902802e+01
ablation,SBOA-LOBL-ACGM,F17,10,22,3.3546377238e+01
ablation,SBOA-LOBL-ACGM,F18,10,22,2.3119532433e+03
ablation,SBOA-LOBL-ACGM,F19,10,22,8.2984208319e+02
ablation,MSSBOA,F3,10,22,4.3205202094e+01
ablation,MSSBOA,F4,10,22,6.8566092867e+00
ablation,MSSBOA,F5,10,22,8.2188915006e+00
ablation,MSSBOA,F6,10,22,1.9655425231e-01
ablation,SBOA-LOBL-ACGM,F20,10,22,1.2344770221e+00
ablation,SBOA-LOBL-ACGM,F21,10,22,1.0456368508e+02
ablation,SBOA-LOBL-ACGM,F22,10,22,1.0190260594e+02
ablation,SBOA-LOBL-ACGM,F23,10,22,3.1730511192e+02
ablation,MSSBOA,F7,10,22,5.1403188345e+01
ablation,MSSBOA,F8,10,22,1.7912173359e+01
ablation,MSSBOA,F9,10,22,3.6477555102e-03
ablation,MSSBOA,F10,10,22,6.6162575092e+02
ablation,SBOA-LOBL-ACGM,F28,10,22,6.1182166650e+02
ablation,SBOA-LOBL-ACGM,F29,10,22,2.7394646509e+02
ablation,SBOA-LOBL-ACGM,F30,10,22,6.4869047861e+05
ablation,MSSBOA,F1,10,22,4.4917432987e+03
ablation,SBOA-LOBL-ACGM,F24,10,22,3.3829490835e+02
ablation,SBOA-LOBL-ACGM,F25,10,22,3.9998854256e+02
ablation,SBOA-LOBL-ACGM,F26,10,22,3.0013011785e+02
ablation,SBOA-LOBL-ACGM,F27,10,22,3.8981197374e+02
ablation,MSSBOA,F11,10,22,8.2511522791e+00
ablation,MSSBOA,F12,10,22,3.5847363555e+05
ablation,MSSBOA,F13,10,22,1.3408824467e+03
ablation,MSSBOA,F14,10,22,1.9139117725e+02
ablation,MSSBOA,F15,10,22,9.7031500503e+02
ablation,MSSBOA,F16,10,22,4.3809404911e+01
ablation,MSSBOA,F17,10,22,4.1164234561e+01
ablation,MSSBOA,F18,10,22,1.4406997157e+04
ablation,SBOA,F1,10,23,2.8837758808e+03
ablation,SBOA,F3,10,23,7.8702238340e+00
ablation,SBOA,F4,10,23,6.9751201995e+00
ablation,SBOA,F5,10,23,1.0956916822e+01
ablation,MSSBOA,F19,10,22,1.5391381810e+03
ablation,MSSBOA,F20,10,22,3.6061253235e+01
ablation,MSSBOA,F21,10,22,2.1028003727e+02
ablation,MSSBOA,F22,10,22,1.0164575860e+02
ablation,SBOA,F6,10,23,3.1286611761e+00
ablation,SBOA,F7,10,23,1.9686215090e+01
ablation,SBOA,F8,10,23,1.8906628493e+01
ablation,SBOA,F9,10,23,8.9763257748e-02
ablation,SBOA,F10,10,23,3.6096650724e+02
ablation,SBOA,F11,10,23,1.1859501872e+01
ablation,SBOA,F12,10,23,2.8214370287e+06
ablation,SBOA,F13,10,23,3.1996466999e+04
ablation,MSSBOA,F23,10,22,3.0795794004e+02
ablation,MSSBOA,F24,10,22,3.4101287682e+02
ablation,MSSBOA,F25,10,22,3.9965399494e+02
ablation,MSSBOA,F26,10,22,3.0012676138e+02
ablation,SBOA,F14,10,23,3.5048796976e+02
ablation,SBOA,F15,10,23,4.5246527250e+03
ablation,SBOA,F16,10,23,4.3182554193e+00
ablation,SBOA,F17,10,23,3.2255788709e+01
ablation,SBOA,F18,10,23,1.6792436373e+03
ablation,SBOA,F19,10,23,1.6560681532e+03
ablation,SBOA,F20,10,23,3.7661392357e+01
ablation,SBOA,F21,10,23,2.0799147918e+02
ablation,MSSBOA,F27,10,22,3.9334355716e+02
ablation,MSSBOA,F28,10,22,4.7554440251e+02
ablation,MSSBOA,F29,10,22,2.5649206424e+02
ablation,MSSBOA,F30,10,22,1.8255144612e+05
ablation,SBOA,F22,10,23,1.0077705985e+02
ablation,SBOA,F23,10,23,3.2192287786e+02
ablation,SBOA,F24,10,23,3.3099016932e+02
ablation,SBOA,F25,10,23,4.4481707309e+02
ablation,SBOA,F30,10,23,1.9523987375e+06
ablation,SBOA-GPSI,F1,10,23,1.4341900273e+03
ablation,SBOA-GPSI,F3,10,23,3.1597727930e+02
ablation,SBOA-GPSI,F4,10,23,5.4002443870e+00
ablation,SBOA-GPSI,F5,10,23,4.0138396047e+00
ablation,SBOA-GPSI,F6,10,23,3.7928687979e+00
ablation,SBOA-GPSI,F7,10,23,2.3321631307e+01
ablation,SBOA-GPSI,F8,10,23,8.9859232429e+00
ablation,SBOA-GPSI,F9,10,23,4.8047458283e-03
ablation,SBOA-GPSI,F10,10,23,3.5822682158e+02
ablation,SBOA-GPSI,F11,10,23,5.3901727833e+00
ablation,SBOA-GPSI,F12,10,23,4.3795072321e+03
ablation,SBOA-GPSI,F13,10,23,5.1346431439e+02
ablation,SBOA-GPSI,F14,10,23,1.5298988040e+02
ablation,SBOA-GPSI,F15,10,23,3.4203610496e+03
ablation,SBOA-GPSI,F16,10,23,1.2237118372e+02
ablation,SBOA,F26,10,23,3.0010960677e+02
ablation,SBOA,F27,10,23,3.9527858527e+02
ablation,SBOA,F28,10,23,4.1785389470e+02
ablation,SBOA,F29,10,23,2.4193127533e+02
ablation,SBOA-GPSI,F17,10,23,3.4923935379e+01
ablation,SBOA-GPSI,F18,10,23,8.8957718259e+03
ablation,SBOA-GPSI,F19,10,23,8.1712396474e+02
ablation,SBOA-GPSI,F20,10,23,4.1271578249e+01
ablation,SBOA-LOBL,F4,10,23,6.3269819485e+00
ablation,SBOA-LOBL,F5,10,23,1.7269687480e+01
ablation,SBOA-LOBL,F6,10,23,1.3894266858e+00
ablation,SBOA-LOBL,F7,10,23,1.9770885033e+01
ablation,SBOA-GPSI,F21,10,23,1.0234401972e+02
ablation,SBOA-GPSI,F22,10,23,1.0085998206e+02
ablation,SBOA-GPSI,F23,10,23,3.2346817945e+02
ablation,SBOA-GPSI,F24,10,23,3.3995820299e+02
ablation,SBOA-GPSI,F29,10,23,3.1430215944e+02
ablation,SBOA-GPSI,F30,10,23,4.7987277761e+05
ablation,SBOA-LOBL,F1,10,23,2.3137511649e+04
ablation,SBOA-LOBL,F3,10,23,1.1667637806e+02
ablation,SBOA-LOBL,F8,10,23,9.9506475888e+00
ablation,SBOA-LOBL,F9,10,23,5.9589053694e-04
ablation,SBOA-LOBL,F10,10,23,6.2921021528e+02
ablation,SBOA-LOBL,F11,10,23,5.8824735938e+00
ablation,SBOA-GPSI,F25,10,23,4.4408333652e+02
ablation,SBOA-GPSI,F26,10,23,3.0008394056e+02
ablation,SBOA-GPSI,F27,10,23,3.9274193355e+02
ablation,SBOA-GPSI,F28,10,23,3.7304441428e+02
ablation,SBOA-LOBL,F12,10,23,2.0180132087e+06
ablation,SBOA-LOBL,F13,10,23,1.2217945566e+04
ablation,SBOA-LOBL,F14,10,23,2.5402921712e+02
ablation,SBOA-LOBL,F15,10,23,4.9474405883e+02
ablation,SBOA-LOBL,F16,10,23,4.2940719475e+01
ablation,SBOA-LOBL,F17,10,23,4.9447090652e+01
ablation,SBOA-LOBL,F18,10,23,2.5004986100e+04
ablation,SBOA-LOBL,F19,10,23,1.8511053945e+02
ablation,SBOA-LOBL,F20,10,23,2.2909713846e+01
ablation,SBOA-LOBL,F21,10,23,1.0162157044e+02
ablation,SBOA-LOBL,F22,10,23,1.0056205100e+02
ablation,SBOA-LOBL,F23,10,23,3.1786431208e+02
ablation,SBOA-ACGM,F3,10,23,7.6922966815e+01
ablation,SBOA-ACGM,F4,10,23,7.8219896187e+00
ablation,SBOA-ACGM,F5,10,23,3.9898509225e+00
ablation,SBOA-ACGM,F6,10,23,2.1441708606e-01
ablation,SBOA-ACGM,F7,10,23,1.8313789064e+01
ablation,SBOA-ACGM,F8,10,23,1.9899731451e+01
ablation,SBOA-ACGM,F9,10,23,1.6207808380e-02
ablation,SBOA-ACGM,F10,10,23,5.8786102559e+02
ablation,SBOA-LOBL,F24,10,23,3.4176046449e+02
ablation,SBOA-LOBL,F25,10,23,4.4435934709e+02
ablation,SBOA-LOBL,F26,10,23,3.0029727864e+02
ablation,SBOA-LOBL,F27,10,23,3.9432586337e+02
ablation,SBOA-ACGM,F11,10,23,1.4648709913e+01
ablation,SBOA-ACGM,F12,10,23,2.0487135715e+06
ablation,SBOA-ACGM,F13,10,23,8.6095400701e+02
ablation,SBOA-ACGM,F14,10,23,2.1463259574e+02
ablation,SBOA-LOBL,F28,10,23,3.6984428960e+02
ablation,SBOA-LOBL,F29,10,23,2.9243360359e+02
ablation,SBOA-LOBL,F30,10,23,1.3818926282e+06
ablation,SBOA-ACGM,F1,10,23,8.2107769062e+02
ablation,SBOA-ACGM,F15,10,23,1.1673831009e+04
ablation,SBOA-ACGM,F16,10,23,1.6816009837e+02
ablation,SBOA-ACGM,F17,10,23,3.4320013775e+01
ablation,SBOA-ACGM,F18,10,23,1.0309411583e+04
ablation,SBOA-GPSI-LOBL,F1,10,23,1.2088724332e+03
ablation,SBOA-GPSI-LOBL,F3,10,23,6.3055686855e+01
ablation,SBOA-GPSI-LOBL,F4,10,23,6.9413695474e+00
ablation,SBOA-GPSI-LOBL,F5,10,23,1.3201113041e+01
ablation,SBOA-ACGM,F19,10,23,1.8809459431e+03
ablation,SBOA-ACGM,F20,10,23,2.9359539670e+01
ablation,SBOA-ACGM,F21,10,23,2.0990262870e+02
ablation,SBOA-ACGM,F22,10,23,1.0386654156e+02
ablation,SBOA-GPSI-LOBL,F6,10,23,4.2595110187e-01
ablation,SBOA-GPSI-LOBL,F7,10,23,2.4437824762e+01
ablation,SBOA-GPSI-LOBL,F8,10,23,1.6966270426e+01
ablation,SBOA-GPSI-LOBL,F9,10,23,1.1107546978e-02
ablation,SBOA-ACGM,F23,10,23,3.1749530710e+02
ablation,SBOA-ACGM,F24,10,23,3.3780404051e+02
ablation,SBOA-ACGM,F25,10,23,3.9989797285e+02
ablation,SBOA-ACGM,F26,10,23,3.3535692412e+02
ablation,SBOA-GPSI-LOBL,F10,10,23,7.2897883609e+02
ablation,SBOA-GPSI-LOBL,F11,10,23,1.0757056568e+01
ablation,SBOA-GPSI-LOBL,F12,10,23,7.6902843537e+05
ablation,SBOA-GPSI-LOBL,F13,10,23,1.8679619791e+04
ablation,SBOA-GPSI-LOBL,F14,10,23,1.0286321295e+02
ablation,SBOA-GPSI-LOBL,F15,10,23,3.2527621374e+03
ablation,SBOA-GPSI-LOBL,F16,10,23,3.9045661113e+01
ablation,SBOA-GPSI-LOBL,F17,10,23,2.3163898423e+01
ablation,SBOA-ACGM,F27,10,23,3.9077334286e+02
ablation,SBOA-ACGM,F28,10,23,3.7051500220e+02
ablation,SBOA-ACGM,F29,10,23,2.7336018806e+02
ablation,SBOA-ACGM,F30,10,23,7.0037914095e+05
ablation,SBOA-GPSI-LOBL,F18,10,23,3.3324719468e+03
ablation,SBOA-GPSI-LOBL,F19,10,23,2.5861211502e+02
ablation,SBOA-GPSI-LOBL,F20,10,23,3.6177721152e+01
ablation,SBOA-GPSI-LOBL,F21,10,23,2.0599260223e+02
ablation,SBOA-GPSI-ACGM,F5,10,23,8.0652933963e+00
ablation,SBOA-GPSI-ACGM,F6,10,23,4.7249443721e-01
ablation,SBOA-GPSI-ACGM,F7,10,23,2.5385283240e+01
ablation,SBOA-GPSI-ACGM,F8,10,23,2.1267839581e+01
ablation,SBOA-GPSI-LOBL,F22,10,23,1.0181254670e+02
ablation,SBOA-GPSI-LOBL,F23,10,23,3.1808289573e+02
ablation,SBOA-GPSI-LOBL,F24,10,23,3.3990989974e+02
ablation,SBOA-GPSI-LOBL,F25,10,23,3.9958983828e+02
ablation,SBOA-GPSI-LOBL,F30,10,23,8.7904762429e+05
ablation,SBOA-GPSI-ACGM,F1,10,23,1.6282056628e+03
ablation,SBOA-GPSI-ACGM,F3,10,23,1.6571279714e+02
ablation,SBOA-GPSI-ACGM,F4,10,23,6.7563442811e+00
ablation,SBOA-GPSI-ACGM,F9,10,23,1.8248550866e-02
ablation,SBOA-GPSI-ACGM,F10,10,23,3.3672505631e+02
ablation,SBOA-GPSI-ACGM,F11,10,23,4.6792917631e+00
ablation,SBOA-GPSI-ACGM,F12,10,23,4.1951065912e+05
ablation,SBOA-GPSI-ACGM,F13,10,23,2.8515187688e+03
ablation,SBOA-GPSI-ACGM,F14,10,23,2.9011039181e+02
ablation,SBOA-GPSI-ACGM,F15,10,23,2.8158376268e+02
ablation,SBOA-GPSI-ACGM,F16,10,23,1.4734343648e+01
ablation,SBOA-GPSI-ACGM,F17,10,23,3.9447606133e+01
ablation,SBOA-GPSI-ACGM,F18,10,23,7.2143516298e+03
ablation,SBOA-GPSI-ACGM,F19,10,23,6.5822887680e+02
ablation,SBOA-GPSI-ACGM,F20,10,23,4.1307264093e+01
ablation,SBOA-GPSI-LOBL,F26,10,23,3.0003686725e+02
ablation,SBOA-GPSI-LOBL,F27,10,23,3.9599520757e+02
ablation,SBOA-GPSI-LOBL,F28,10,23,4.1566399809e+02
ablation,SBOA-GPSI-LOBL,F29,10,23,2.6304765534e+02
ablation,SBOA-GPSI-ACGM,F21,10,23,2.1608252924e+02
ablation,SBOA-GPSI-ACGM,F22,10,23,1.0006874369e+02
ablation,SBOA-GPSI-ACGM,F23,10,23,3.3700743342e+02
ablation,SBOA-GPSI-ACGM,F24,10,23,3.3871008438e+02
ablation,SBOA-LOBL-ACGM,F4,10,23,6.7251048524e+00
ablation,SBOA-LOBL-ACGM,F5,10,23,1.6936456584e+01
ablation,SBOA-LOBL-ACGM,F6,10,23,2.0724225343e+00
ablation,SBOA-LOBL-ACGM,F7,10,23,2.2453342539e+01
ablation,SBOA-LOBL-ACGM,F8,10,23,1.3952357436e+01
ablation,SBOA-LOBL-ACGM,F9,10,23,1.1218636363e-02
ablation,SBOA-LOBL-ACGM,F10,10,23,5.7247879412e+02
ablation,SBOA-LOBL-ACGM,F11,10,23,3.8986155794e+00
ablation,SBOA-LOBL-ACGM,F12,10,23,3.0557130145e+06
ablation,SBOA-LOBL-ACGM,F13,10,23,1.0327235451e+04
ablation,SBOA-LOBL-ACGM,F14,10,23,4.9543757767e+02
ablation,SBOA-LOBL-ACGM,F15,10,23,9.5587297470e+02
ablation,SBOA-GPSI-ACGM,F29,10,23,2.5111424404e+02
ablation,SBOA-GPSI-ACGM,F30,10,23,5.1960451201e+04
ablation,SBOA-LOBL-ACGM,F1,10,23,5.0913638261e+02
ablation,SBOA-LOBL-ACGM,F3,10,23,1.1123785276e+02
ablation,SBOA-GPSI-ACGM,F25,10,23,4.1436700554e+02
ablation,SBOA-GPSI-ACGM,F26,10,23,3.0003042427e+02
ablation,SBOA-GPSI-ACGM,F27,10,23,3.9425250433e+02
ablation,SBOA-GPSI-ACGM,F28,10,23,3.7256252246e+02
ablation,SBOA-LOBL-ACGM,F16,10,23,4.0584685016e+01
ablation,SBOA-LOBL-ACGM,F17,10,23,2.7367065442e+01
ablation,SBOA-LOBL-ACGM,F18,10,23,7.8934764263e+03
ablation,SBOA-LOBL-ACGM,F19,10,23,5.7811717003e+02
ablation,MSSBOA,F3,10,23,1.3531125235e+02
ablation,MSSBOA,F4,10,23,7.0737412917e+00
ablation,MSSBOA,F5,10,23,9.9529830256e+00
ablation,MSSBOA,F6,10,23,2.4492510252e-01
ablation,SBOA-LOBL-ACGM,F20,10,23,4.0683679224e+01
ablation,SBOA-LOBL-ACGM,F21,10,23,2.1362247705e+02
ablation,SBOA-LOBL-ACGM,F22,10,23,1.0344805801e+02
ablation,SBOA-LOBL-ACGM,F23,10,23,3.0965746961e+02
ablation,MSSBOA,F7,10,23,2.8410879680e+01
ablation,MSSBOA,F8,10,23,2.3916608664e+01
ablation,MSSBOA,F9,10,23,6.9840909904e-03
ablation,MSSBOA,F10,10,23,5.7827810972e+02
ablation,SBOA-LOBL-ACGM,F24,10,23,3.4519329447e+02
ablation,SBOA-LOBL-ACGM,F25,10,23,3.9981467852e+02
ablation,SBOA-LOBL-ACGM,F26,10,23,3.5540741825e+02
ablation,SBOA-LOBL-ACGM,F27,10,23,3.9072826615e+02
ablation,SBOA-LOBL-ACGM,F28,10,23,4.0448528456e+02
ablation,SBOA-LOBL-ACGM,F29,10,23,2.7281792513e+02
ablation,SBOA-LOBL-ACGM,F30,10,23,1.5345355224e+05
ablation,MSSBOA,F1,10,23,5.1270377951e+03
ablation,MSSBOA,F11,10,23,5.0916019264e+00
ablation,MSSBOA,F12,10,23,6.2429699273e+05
ablation,MSSBOA,F13,10,23,2.0443177807e+03
ablation,MSSBOA,F14,10,23,3.8844555181e+02
ablation,MSSBOA,F15,10,23,9.8949885280e+02
ablation,MSSBOA,F16,10,23,1.2493144839e+01
ablation,MSSBOA,F17,10,23,4.2739063523e+01
ablation,MSSBOA,F18,10,23,3.3131052981e+04
ablation,SBOA,F1,10,24,3.9085350987e+03
ablation,SBOA,F3,10,24,2.4167599669e+02
ablation,SBOA,F4,10,24,6.2231931596e+00
ablation,SBOA,F5,10,24,9.9556425141e+00
ablation,SBOA,F6,10,24,8.4674180057e-02
ablation,SBOA,F7,10,24,2.8275772329e+01
ablation,SBOA,F8,10,24,1.8959697401e+01
ablation,SBOA,F9,10,24,2.5853386214e-03
ablation,MSSBOA,F19,10,23,9.6314197732e+02
ablation,MSSBOA,F20,10,23,3.7222772871e+01
ablation,MSSBOA,F21,10,23,2.1385453964e+02
ablation,MSSBOA,F22,10,23,1.0205526816e+02
ablation,SBOA,F10,10,24,1.0551206495e+03
ablation,SBOA,F11,10,24,4.5608897117e+00
ablation,SBOA,F12,10,24,5.2905259378e+06
ablation,SBOA,F13,10,24,4.7406128897e+03
ablation,MSSBOA,F23,10,23,3.1490474507e+02
ablation,MSSBOA,F24,10,23,3.3612739119e+02
ablation,MSSBOA,F25,10,23,4.4396398441e+02
ablation,MSSBOA,F26,10,23,3.4715435643e+02
ablation,SBOA,F14,10,24,2.4758279841e+02
ablation,SBOA,F15,10,24,1.8014310092e+03
ablation,SBOA,F16,10,24,4.8843953637e+00
ablation,SBOA,F17,10,24,2.2308948620e+01
ablation,SBOA,F18,10,24,1.3561244309e+04
ablation,SBOA,F19,10,24,1.2560274750e+03
ablation,SBOA,F20,10,24,4.2670456246e+01
ablation,SBOA,F21,10,24,1.0590255374e+02
ablation,MSSBOA,F27,10,23,3.9334283087e+02
ablation,MSSBOA,F28,10,23,3.7523329906e+02
ablation,MSSBOA,F29,10,23,2.7092928620e+02
ablation,MSSBOA,F30,10,23,5.2568067351e+05
ablation,SBOA-GPSI,F5,10,24,1.8914084173e+01
ablation,SBOA-GPSI,F6,10,24,1.7771806374e-01
ablation,SBOA-GPSI,F7,10,24,3.1431094193e+01
ablation,SBOA-GPSI,F8,10,24,1.8997983258e+01
ablation,SBOA,F22,10,24,1.0227153871e+02
ablation,SBOA,F23,10,24,3.1746530558e+02
ablation,SBOA,F24,10,24,3.3789745554e+02
ablation,SBOA,F25,10,24,4.0026543419e+02
ablation,SBOA,F30,10,24,1.5600226177e+06
ablation,SBOA-GPSI,F1,10,24,3.6608961444e+03
ablation,SBOA-GPSI,F3,10,24,9.3046836790e+02
ablation,SBOA-GPSI,F4,10,24,7.0557780967e+00
ablation,SBOA-GPSI,F9,10,24,9.0489845616e-02
ablation,SBOA-GPSI,F10,10,24,6.3610628233e+02
ablation,SBOA-GPSI,F11,10,24,7.4260987966e+00
ablation,SBOA-GPSI,F12,10,24,2.9688152383e+05
ablation,SBOA,F26,10,24,3.0002717275e+02
ablation,SBOA,F27,10,24,3.9017354511e+02
ablation,SBOA,F28,10,24,4.1178445376e+02
ablation,SBOA,F29,10,24,3.0558357420e+02
ablation,SBOA-GPSI,F13,10,24,3.5065936351e+03
ablation,SBOA-GPSI,F14,10,24,2.9472483297e+02
ablation,SBOA-GPSI,F15,10,24,3.7420880031e+03
ablation,SBOA-GPSI,F16,10,24,1.4964495510e+02
ablation,SBOA-GPSI,F17,10,24,4.5276926088e+01
ablation,SBOA-GPSI,F18,10,24,9.2270021261e+02
ablation,SBOA-GPSI,F19,10,24,2.8011447258e+02
ablation,SBOA-GPSI,F20,10,24,2.8524627913e+01
ablation,SBOA-LOBL,F4,10,24,6.8330540674e+00
ablation,SBOA-LOBL,F5,10,24,1.5992812325e+01
ablation,SBOA-LOBL,F6,10,24,3.3960792123e-01
ablation,SBOA-LOBL,F7,10,24,1.9731063574e+01
ablation,SBOA-GPSI,F21,10,24,2.0752150630e+02
ablation,SBOA-GPSI,F22,10,24,1.0219553200e+02
ablation,SBOA-GPSI,F23,10,24,3.1173628198e+02
ablation,SBOA-GPSI,F24,10,24,3.3365890411e+02
ablation,SBOA-GPSI,F29,10,24,3.8144828693e+02
ablation,SBOA-GPSI,F30,10,24,7.7112799094e+05
ablation,SBOA-LOBL,F1,10,24,8.6696705795e+04
ablation,SBOA-LOBL,F3,10,24,2.2477424385e+02
ablation,SBOA-LOBL,F8,10,24,1.5920285916e+01
ablation,SBOA-LOBL,F9,10,24,2.6371737481e-03
ablation,SBOA-LOBL,F10,10,24,7.1490433080e+02
ablation,SBOA-LOBL,F11,10,24,9.6201328301e+00
ablation,SBOA-GPSI,F25,10,24,3.9974491954e+02
ablation,SBOA-GPSI,F26,10,24,3.0020165526e+02
ablation,SBOA-GPSI,F27,10,24,3.9625890035e+02
ablation,SBOA-GPSI,F28,10,24,3.9716954010e+02
ablation,SBOA-LOBL,F12,10,24,4.2361246426e+04
ablation,SBOA-LOBL,F13,10,24,1.0245242206e+04
ablation,SBOA-LOBL,F14,10,24,1.9746120147e+02
ablation,SBOA-LOBL,F15,10,24,3.3757183305e+03
ablation,SBOA-LOBL,F16,10,24,4.5575880040e+00
ablation,SBOA-LOBL,F17,10,24,3.1398548852e+01
ablation,SBOA-LOBL,F18,10,24,3.4689157278e+03
ablation,SBOA-LOBL,F19,10,24,9.0714045275e+03
ablation,SBOA-ACGM,F3,10,24,2.7668462638e+02
ablation,SBOA-ACGM,F4,10,24,7.5359231249e+00
ablation,SBOA-ACGM,F5,10,24,1.1585860276e+01
ablation,SBOA-ACGM,F6,10,24,3.4707227229e-01
ablation,SBOA-LOBL,F20,10,24,2.3887772705e+01
ablation,SBOA-LOBL,F21,10,24,2.1739328020e+02
ablation,SBOA-LOBL,F22,10,24,1.0071188994e+02
ablation,SBOA-LOBL,F23,10,24,3.2714865682e+02
ablation,SBOA-ACGM,F7,10,24,2.2149003654e+01
ablation,SBOA-ACGM,F8,10,24,1.1955721598e+01
ablation,SBOA-ACGM,F9,10,24,7.3773688371e-04
ablation,SBOA-ACGM,F10,10,24,9.2747366930e+02
ablation,SBOA-LOBL,F24,10,24,3.3353410921e+02
ablation,SBOA-LOBL,F25,10,24,3.9968072757e+02
ablation,SBOA-LOBL,F26,10,24,3.1480577822e+02
ablation,SBOA-LOBL,F27,10,24,3.9778302910e+02
ablation,SBOA-ACGM,F11,10,24,9.8753725614e+00
ablation,SBOA-ACGM,F12,10,24,1.3684517775e+06
ablation,SBOA-ACGM,F13,10,24,3.9020154984e+03
ablation,SBOA-ACGM,F14,10,24,2.7652822602e+02
ablation,SBOA-LOBL,F28,10,24,3.7482480151e+02
ablation,SBOA-LOBL,F29,10,24,3.2061857695e+02
ablation,SBOA-LOBL,F30,10,24,2.0054256371e+06
ablation,SBOA-ACGM,F1,10,24,1.3109033592e+03
ablation,SBOA-ACGM,F15,10,24,6.6946566192e+03
ablation,SBOA-ACGM,F16,10,24,1.7690853157e+01
ablation,SBOA-ACGM,F17,10,24,2.4740244739e+01
ablation,SBOA-ACGM,F18,10,24,3.8359835246e+03
ablation,SBOA-GPSI-LOBL,F1,10,24,2.8598937843e+03
ablation,SBOA-GPSI-LOBL,F3,10,24,2.2674323599e+02
ablation,SBOA-GPSI-LOBL,F4,10,24,6.7483080514e+00
ablation,SBOA-GPSI-LOBL,F5,10,24,1.4022548705e+01
ablation,SBOA-ACGM,F19,10,24,4.1298749105e+03
ablation,SBOA-ACGM,F20,10,24,4.4436791408e+01
ablation,SBOA-ACGM,F21,10,24,2.0738163175e+02
ablation,SBOA-ACGM,F22,10,24,1.0122281972e+02
ablation,SBOA-GPSI-LOBL,F6,10,24,2.2622582767e-01
ablation,SBOA-GPSI-LOBL,F7,10,24,1.7927794888e+01
ablation,SBOA-GPSI-LOBL,F8,10,24,1.8938891748e+01
ablation,SBOA-GPSI-LOBL,F9,10,24,7.2228983233e-02
ablation,SBOA-ACGM,F23,10,24,3.1488799010e+02
ablation,SBOA-ACGM,F24,10,24,3.3160866574e+02
ablation,SBOA-ACGM,F25,10,24,4.4399387937e+02
ablation,SBOA-ACGM,F26,10,24,3.0013187279e+02
ablation,SBOA-GPSI-LOBL,F10,10,24,8.0482677479e+02
ablation,SBOA-GPSI-LOBL,F11,10,24,4.6688558182e+00
ablation,SBOA-GPSI-LOBL,F12,10,24,1.0221466798e+05
ablation,SBOA-GPSI-LOBL,F13,10,24,3.8245774757e+03
ablation,SBOA-GPSI-LOBL,F14,10,24,1.9453261139e+02
ablation,SBOA-GPSI-LOBL,F15,10,24,1.2548688825e+03
ablation,SBOA-GPSI-LOBL,F16,10,24,4.0934569230e+01
ablation,SBOA-GPSI-LOBL,F17,10,24,4.0087791006e+01
ablation,SBOA-ACGM,F27,10,24,3.9076070938e+02
ablation,SBOA-ACGM,F28,10,24,3.6799265049e+02
ablation,SBOA-ACGM,F29,10,24,2.5258240090e+02
ablation,SBOA-ACGM,F30,10,24,8.4482529298e+05
ablation,SBOA-GPSI-LOBL,F18,10,24,1.3208387030e+02
ablation,SBOA-GPSI-LOBL,F19,10,24,1.5721078173e+02
ablation,SBOA-GPSI-LOBL,F20,10,24,3.2351945274e+01
ablation,SBOA-GPSI-LOBL,F21,10,24,1.0382894282e+02
ablation,SBOA-GPSI-ACGM,F5,10,24,1.2971561353e+01
ablation,SBOA-GPSI-ACGM,F6,10,24,6.6137926210e-01
ablation,SBOA-GPSI-ACGM,F7,10,24,2.5230103774e+01
ablation,SBOA-GPSI-ACGM,F8,10,24,1.4925543789e+01
ablation,SBOA-GPSI-LOBL,F22,10,24,1.0102781331e+02
ablation,SBOA-GPSI-LOBL,F23,10,24,3.3479459298e+02
ablation,SBOA-GPSI-LOBL,F24,10,24,3.4560290851e+02
ablation,SBOA-GPSI-LOBL,F25,10,24,3.9791605246e+02
ablation,SBOA-GPSI-LOBL,F30,10,24,7.4909586551e+05
ablation,SBOA-GPSI-ACGM,F1,10,24,1.8873820715e+02
ablation,SBOA-GPSI-ACGM,F3,10,24,2.5192062807e+02
ablation,SBOA-GPSI-ACGM,F4,10,24,6.2732050568e+00
ablation,SBOA-GPSI-ACGM,F9,10,24,9.0221024188e-02
ablation,SBOA-GPSI-ACGM,F10,10,24,7.3727033267e+02
ablation,SBOA-GPSI-ACGM,F11,10,24,7.0244772893e+00
ablation,SBOA-GPSI-ACGM,F12,10,24,4.7441756225e+05
ablation,SBOA-GPSI-ACGM,F13,10,24,5.3519002142e+03
ablation,SBOA-GPSI-ACGM,F14,10,24,2.6725319023e+02
ablation,SBOA-GPSI-ACGM,F15,10,24,1.5842543851e+03
ablation,SBOA-GPSI-ACGM,F16,10,24,3.9697963566e+00
ablation,SBOA-GPSI-LOBL,F26,10,24,3.0033388626e+02
ablation,SBOA-GPSI-LOBL,F27,10,24,3.8955531475e+02
ablation,SBOA-GPSI-LOBL,F28,10,24,3.9657170250e+02
ablation,SBOA-GPSI-LOBL,F29,10,24,2.5549660707e+02
ablation,SBOA-GPSI-ACGM,F17,10,24,3.3074491301e+01
ablation,SBOA-GPSI-ACGM,F18,10,24,1.9938502800e+04
ablation,SBOA-GPSI-ACGM,F19,10,24,1.6737218463e+02
ablation,SBOA-GPSI-ACGM,F20,10,24,3.3223917319e+01
ablation,SBOA-GPSI-ACGM,F21,10,24,2.0784927845e+02
ablation,SBOA-GPSI-ACGM,F22,10,24,1.0275327879e+02
ablation,SBOA-GPSI-ACGM,F23,10,24,3.1655852485e+02
ablation,SBOA-GPSI-ACGM,F24,10,24,3.3874405153e+02
ablation,SBOA-LOBL-ACGM,F4,10,24,6.8671075240e+00
ablation,SBOA-LOBL-ACGM,F5,10,24,5.9831893312e+00
ablation,SBOA-LOBL-ACGM,F6,10,24,3.0756820934e-01
ablation,SBOA-LOBL-ACGM,F7,10,24,2.8144400030e+01
ablation,SBOA-LOBL-ACGM,F8,10,24,4.9810216513e+00
ablation,SBOA-LOBL-ACGM,F9,10,24,4.6339420126e-03
ablation,SBOA-LOBL-ACGM,F10,10,24,8.3620750248e+02
ablation,SBOA-LOBL-ACGM,F11,10,24,6.7147968204e+00
ablation,SBOA-LOBL-ACGM,F12,10,24,1.1985761762e+05
ablation,SBOA-LOBL-ACGM,F13,10,24,3.0924470263e+03
ablation,SBOA-LOBL-ACGM,F14,10,24,3.3857016449e+02
ablation,SBOA-LOBL-ACGM,F15,10,24,1.2375579860e+03
ablation,SBOA-GPSI-ACGM,F29,10,24,2.6801816923e+02
ablation,SBOA-GPSI-ACGM,F30,10,24,8.5529993545e+05
ablation,SBOA-LOBL-ACGM,F1,10,24,3.0580767734e+03
ablation,SBOA-LOBL-ACGM,F3,10,24,1.0091518510e+02
ablation,SBOA-GPSI-ACGM,F25,10,24,3.9973549041e+02
ablation,SBOA-GPSI-ACGM,F26,10,24,3.0007948406e+02
ablation,SBOA-GPSI-ACGM,F27,10,24,3.9300143151e+02
ablation,SBOA-GPSI-ACGM,F28,10,24,4.1355878864e+02
ablation,SBOA-LOBL-ACGM,F16,10,24,3.2023225638e+00
ablation,SBOA-LOBL-ACGM,F17,10,24,4.0491795327e+01
ablation,SBOA-LOBL-ACGM,F18,10,24,1.5069884873e+04
ablation,SBOA-LOBL-ACGM,F19,10,24,7.0394789544e+03
ablation,MSSBOA,F3,10,24,1.6461478994e+02
ablation,MSSBOA,F4,10,24,5.2906258773e+00
ablation,MSSBOA,F5,10,24,1.7957637084e+01
ablation,MSSBOA,F6,10,24,3.3644606454e-01
ablation,SBOA-LOBL-ACGM,F20,10,24,3.6417287973e+01
ablation,SBOA-LOBL-ACGM,F21,10,24,2.2178671019e+02
ablation,SBOA-LOBL-ACGM,F22,10,24,1.0037356484e+02
ablation,SBOA-LOBL-ACGM,F23,10,24,3.1017151151e+02
ablation,MSSBOA,F7,10,24,2.1131182350e+01
ablation,MSSBOA,F8,10,24,1.5919979434e+01
ablation,MSSBOA,F9,10,24,1.8697022495e-01
ablation,MSSBOA,F10,10,24,7.7184670963e+02
ablation,SBOA-LOBL-ACGM,F24,10,24,3.3959207743e+02
ablation,SBOA-LOBL-ACGM,F25,10,24,4.4418114314e+02
ablation,SBOA-LOBL-ACGM,F26,10,24,3.0024864788e+02
ablation,SBOA-LOBL-ACGM,F27,10,24,3.9626650752e+02
ablation,SBOA-LOBL-ACGM,F28,10,24,3.6979795107e+02
ablation,SBOA-LOBL-ACGM,F29,10,24,2.7645186081e+02
ablation,SBOA-LOBL-ACGM,F30,10,24,4.1420314901e+04
ablation,MSSBOA,F1,10,24,4.2993666517e+02
ablation,MSSBOA,F11,10,24,5.8992433639e+00
ablation,MSSBOA,F12,10,24,8.1946195094e+05
ablation,MSSBOA,F13,10,24,1.7983966135e+04
ablation,MSSBOA,F14,10,24,4.5020591019e+02
ablation,MSSBOA,F15,10,24,1.4476696721e+04
ablation,MSSBOA,F16,10,24,1.0656775476e+01
ablation,MSSBOA,F17,10,24,8.6752685100e+01
ablation,MSSBOA,F18,10,24,3.1475099961e+03
ablation,SBOA,F1,10,25,6.7726653770e+03
ablation,SBOA,F3,10,25,1.3924449249e+02
ablation,SBOA,F4,10,25,6.9164784731e+00
ablation,SBOA,F5,10,25,1.3933286864e+01
ablation,MSSBOA,F19,10,24,7.6979951675e+02
ablation,MSSBOA,F20,10,24,2.1733375491e+01
ablation,MSSBOA,F21,10,24,1.0328750381e+02
ablation,MSSBOA,F22,10,24,1.0114421171e+02
ablation,SBOA,F6,10,25,7.1628880915e-01
ablation,SBOA,F7,10,25,1.8241333497e+01
ablation,SBOA,F8,10,25,6.9686214505e+00
ablation,SBOA,F9,10,25,1.8327048570e-03
ablation,SBOA,F10,10,25,6.6656471930e+02
ablation,SBOA,F11,10,25,8.2941514504e+00
ablation,SBOA,F12,10,25,4.8406760205e+05
ablation,SBOA,F13,10,25,6.9613799234e+03
ablation,MSSBOA,F23,10,24,3.1602631104e+02
ablation,MSSBOA,F24,10,24,1.0089994704e+02
ablation,MSSBOA,F25,10,24,4.4458638283e+02
ablation,MSSBOA,F26,10,24,3.0016695710e+02
ablation,SBOA,F14,10,25,1.8952142199e+02
ablation,SBOA,F15,10,25,1.2698925818e+03
ablation,SBOA,F16,10,25,4.0135742095e+01
ablation,SBOA,F17,10,25,4.6403189577e+01
ablation,SBOA,F18,10,25,1.4801806932e+04
ablation,SBOA,F19,10,25,1.2281864737e+03
ablation,SBOA,F20,10,25,3.6455251200e+01
ablation,SBOA,F21,10,25,2.1846524360e+02
ablation,MSSBOA,F27,10,24,3.8953551234e+02
ablation,MSSBOA,F28,10,24,3.7181950237e+02
ablation,MSSBOA,F29,10,24,2.5793182620e+02
ablation,MSSBOA,F30,10,24,8.5036025904e+05
ablation,SBOA,F22,10,25,1.0268638120e+02
ablation,SBOA,F23,10,25,3.2249798605e+02
ablation,SBOA,F24,10,25,3.4430326080e+02
ablation,SBOA,F25,10,25,4.0373698340e+02
ablation,SBOA-GPSI,F5,10,25,1.1996909336e+01
ablation,SBOA-GPSI,F6,10,25,2.4689406874e-01
ablation,SBOA-GPSI,F7,10,25,2.0168521474e+01
ablation,SBOA-GPSI,F8,10,25,2.0231679904e+01
ablation,SBOA,F30,10,25,7.2200926711e+03
ablation,SBOA-GPSI,F1,10,25,1.5876040095e+03
ablation,SBOA-GPSI,F3,10,25,2.8620449123e+02
ablation,SBOA-GPSI,F4,10,25,5.3245480267e+00
ablation,SBOA-GPSI,F9,10,25,3.0051159004e+00
ablation,SBOA-GPSI,F10,10,25,9.1889482025e+02
ablation,SBOA-GPSI,F11,10,25,6.4047063315e+00
ablation,SBOA-GPSI,F12,10,25,4.0200400010e+05
ablation,SBOA-GPSI,F13,10,25,1.1069998495e+04
ablation,SBOA-GPSI,F14,10,25,3.5017639464e+02
ablation,SBOA-GPSI,F15,10,25,1.1653736507e+03
ablation,SBOA-GPSI,F16,10,25,1.2941839344e+01
ablation,SBOA,F26,10,25,3.3181488234e+02
ablation,SBOA,F27,10,25,3.9240303722e+02
ablation,SBOA,F28,10,25,3.7035233779e+02
ablation,SBOA,F29,10,25,2.5722457247e+02
ablation,SBOA-GPSI,F17,10,25,2.3547296507e+01
ablation,SBOA-GPSI,F18,10,25,7.0166378336e+03
ablation,SBOA-GPSI,F19,10,25,3.2909338490e+02
ablation,SBOA-GPSI,F20,10,25,3.7997620912e+01
ablation,SBOA-LOBL,F4,10,25,7.0979300586e+00
ablation,SBOA-LOBL,F5,10,25,1.5937256917e+01
ablation,SBOA-LOBL,F6,10,25,2.0417044880e-01
ablation,SBOA-LOBL,F7,10,25,1.7192179382e+01
ablation,SBOA-GPSI,F21,10,25,1.0311524835e+02
ablation,SBOA-GPSI,F22,10,25,1.0231826541e+02
ablation,SBOA-GPSI,F23,10,25,3.1663519433e+02
ablation,SBOA-GPSI,F24,10,25,1.0276709158e+02
ablation,SBOA-GPSI,F29,10,25,2.6549674009e+02
ablation,SBOA-GPSI,F30,10,25,6.2294522413e+04
ablation,SBOA-LOBL,F1,10,25,1.4497809882e+05
ablation,SBOA-LOBL,F3,10,25,1.3079789481e+02
ablation,SBOA-LOBL,F8,10,25,8.4437928001e+00
ablation,SBOA-LOBL,F9,10,25,5.4014965213e-02
ablation,SBOA-LOBL,F10,10,25,6.5775536741e+02
ablation,SBOA-LOBL,F11,10,25,9.2609194235e+00
ablation,SBOA-GPSI,F25,10,25,3.9912132608e+02
ablation,SBOA-GPSI,F26,10,25,3.0011597574e+02
ablation,SBOA-GPSI,F27,10,25,3.9400582215e+02
ablation,SBOA-GPSI,F28,10,25,3.7144158577e+02
ablation,SBOA-LOBL,F12,10,25,4.7369795780e+06
ablation,SBOA-LOBL,F13,10,25,7.4676779247e+03
ablation,SBOA-LOBL,F14,10,25,2.8505626067e+02
ablation,SBOA-LOBL,F15,10,25,2.3450729718e+03
ablation,SBOA-LOBL,F16,10,25,2.5236794975e+00
ablation,SBOA-LOBL,F17,10,25,5.4454314404e+01
ablation,SBOA-LOBL,F18,10,25,4.3706926521e+03
ablation,SBOA-LOBL,F19,10,25,7.0751500199e+02
ablation,SBOA-LOBL,F20,10,25,2.6538181681e+01
ablation,SBOA-LOBL,F21,10,25,2.2214396198e+02
ablation,SBOA-LOBL,F22,10,25,1.0683358730e+02
ablation,SBOA-LOBL,F23,10,25,3.1935287248e+02
ablation,SBOA-ACGM,F3,10,25,1.6480507969e+02
ablation,SBOA-ACGM,F4,10,25,7.3222148571e+00
ablation,SBOA-ACGM,F5,10,25,1.0986229248e+01
ablation,SBOA-ACGM,F6,10,25,1.8253493366e-01
ablation,SBOA-ACGM,F7,10,25,2.2983896073e+01
ablation,SBOA-ACGM,F8,10,25,2.1892641052e+01
ablation,SBOA-ACGM,F9,10,25,1.9593206522e-03
ablation,SBOA-ACGM,F10,10,25,3.8138501716e+02
ablation,SBOA-ACGM,F11,10,25,6.0710174325e+00
ablation,SBOA-ACGM,F12,10,25,4.0638742367e+04
ablation,SBOA-ACGM,F13,10,25,3.9026378635e+03
ablation,SBOA-ACGM,F14,10,25,1.9630657284e+02
ablation,SBOA-LOBL,F24,10,25,3.3612157617e+02
ablation,SBOA-LOBL,F25,10,25,4.4529439856e+02
ablation,SBOA-LOBL,F26,10,25,3.0011411460e+02
ablation,SBOA-LOBL,F27,10,25,3.9164943748e+02
ablation,SBOA-LOBL,F28,10,25,4.1739467188e+02
ablation,SBOA-LOBL,F29,10,25,2.4315163569e+02
ablation,SBOA-LOBL,F30,10,25,7.5041254550e+05
ablation,SBOA-ACGM,F1,10,25,4.2322785290e+03
ablation,SBOA-ACGM,F15,10,25,1.4182444832e+03
ablation,SBOA-ACGM,F16,10,25,1.5581031729e+02
ablation,SBOA-ACGM,F17,10,25,2.3211162989e+01
ablation,SBOA-ACGM,F18,10,25,5.2404964592e+04
ablation,SBOA-GPSI-LOBL,F1,10,25,2.5381279843e+03
ablation,SBOA-GPSI-LOBL,F3,10,25,2.4677773995e+02
ablation,SBOA-GPSI-LOBL,F4,10,25,2.6523073606e+00
ablation,SBOA-GPSI-LOBL,F5,10,25,1.2439671428e+01
ablation,SBOA-ACGM,F19,10,25,2.5601573511e+03
ablation,SBOA-ACGM,F20,10,25,2.3155355956e+01
ablation,SBOA-ACGM,F21,10,25,2.2382129252e+02
ablation,SBOA-ACGM,F22,10,25,1.0278899386e+02
ablation,SBOA-GPSI-LOBL,F6,10,25,2.9667559708e-01
ablation,SBOA-GPSI-LOBL,F7,10,25,3.4646513998e+01
ablation,SBOA-GPSI-LOBL,F8,10,25,1.7172502673e+01
ablation,SBOA-GPSI-LOBL,F9,10,25,9.6634217857e-02
ablation,SBOA-ACGM,F23,10,25,3.1630320964e+02
ablation,SBOA-ACGM,F24,10,25,3.4614769318e+02
ablation,SBOA-ACGM,F25,10,25,3.9849321440e+02
ablation,SBOA-ACGM,F26,10,25,3.0002808686e+02
ablation,SBOA-GPSI-LOBL,F10,10,25,1.2887037453e+02
ablation,SBOA-GPSI-LOBL,F11,10,25,1.0704273226e+01
ablation,SBOA-GPSI-LOBL,F12,10,25,4.9618648320e+06
ablation,SBOA-GPSI-LOBL,F13,10,25,1.2852232388e+04
ablation,SBOA-GPSI-LOBL,F14,10,25,3.2946169383e+02
ablation,SBOA-GPSI-LOBL,F15,10,25,5.0910070737e+03
ablation,SBOA-GPSI-LOBL,F16,10,25,6.0258193757e+00
ablation,SBOA-GPSI-LOBL,F17,10,25,3.8673544650e+01
ablation,SBOA-ACGM,F27,10,25,3.9208540165e+02
ablation,SBOA-ACGM,F28,10,25,3.6401258655e+02
ablation,SBOA-ACGM,F29,10,25,2.8020656922e+02
ablation,SBOA-ACGM,F30,10,25,2.7075576704e+04
ablation,SBOA-GPSI-LOBL,F18,10,25,2.6669482207e+04
ablation,SBOA-GPSI-LOBL,F19,10,25,1.6879686726e+03
ablation,SBOA-GPSI-LOBL,F20,10,25,1.0281856479e+02
ablation,SBOA-GPSI-LOBL,F21,10,25,2.0784203110e+02
ablation,SBOA-GPSI-ACGM,F5,10,25,1.9907998942e+01
ablation,SBOA-GPSI-ACGM,F6,10,25,5.0644562669e-01
ablation,SBOA-GPSI-ACGM,F7,10,25,1.9042643495e+01
ablation,SBOA-GPSI-ACGM,F8,10,25,1.6965204313e+01
ablation,SBOA-GPSI-LOBL,F30,10,25,1.0550899902e+05
ablation,SBOA-GPSI-ACGM,F1,10,25,1.3749205765e+02
ablation,SBOA-GPSI-ACGM,F3,10,25,9.1594892306e+01
ablation,SBOA-GPSI-ACGM,F4,10,25,2.6539233212e+00
ablation,SBOA-GPSI-LOBL,F22,10,25,1.0027944556e+02
ablation,SBOA-GPSI-LOBL,F23,10,25,3.3068958184e+02
ablation,SBOA-GPSI-LOBL,F24,10,25,3.5635724711e+02
ablation,SBOA-GPSI-LOBL,F25,10,25,4.0029985590e+02
ablation,SBOA-GPSI-ACGM,F9,10,25,3.6578279447e-02
ablation,SBOA-GPSI-ACGM,F10,10,25,5.9642276187e+02
ablation,SBOA-GPSI-ACGM,F11,10,25,6.5762975299e+00
ablation,SBOA-GPSI-ACGM,F12,10,25,5.3018171087e+05
ablation,SBOA-GPSI-ACGM,F13,10,25,9.6643993186e+03
ablation,SBOA-GPSI-ACGM,F14,10,25,1.0074601165e+02
ablation,SBOA-GPSI-ACGM,F15,10,25,1.7460773189e+03
ablation,SBOA-GPSI-ACGM,F16,10,25,1.4082447369e+00
ablation,SBOA-GPSI-ACGM,F17,10,25,3.9442740958e+01
ablation,SBOA-GPSI-ACGM,F18,10,25,4.9822320865e+03
ablation,SBOA-GPSI-ACGM,F19,10,25,2.4171798035e+03
ablation,SBOA-GPSI-ACGM,F20,10,25,2.9699105898e+01
ablation,SBOA-GPSI-LOBL,F26,10,25,3.0013159513e+02
ablation,SBOA-GPSI-LOBL,F27,10,25,3.9265155310e+02
ablation,SBOA-GPSI-LOBL,F28,10,25,3.9658737246e+02
ablation,SBOA-GPSI-LOBL,F29,10,25,2.8613564142e+02
ablation,SBOA-LOBL-ACGM,F4,10,25,5.7902078812e+00
ablation,SBOA-LOBL-ACGM,F5,10,25,1.7915902484e+01
ablation,SBOA-LOBL-ACGM,F6,10,25,1.1621884931e+00
ablation,SBOA-LOBL-ACGM,F7,10,25,2.5869051708e+01
ablation,SBOA-GPSI-ACGM,F21,10,25,2.1933937079e+02
ablation,SBOA-GPSI-ACGM,F22,10,25,1.0046643309e+02
ablation,SBOA-GPSI-ACGM,F23,10,25,3.1420160947e+02
ablation,SBOA-GPSI-ACGM,F24,10,25,3.4731911894e+02
ablation,SBOA-GPSI-ACGM,F25,10,25,3.9961482654e+02
ablation,SBOA-GPSI-ACGM,F26,10,25,3.9788996444e+02
ablation,SBOA-GPSI-ACGM,F27,10,25,3.9064302211e+02
ablation,SBOA-GPSI-ACGM,F28,10,25,4.1630708540e+02
ablation,SBOA-LOBL-ACGM,F8,10,25,1.3103418143e+01
ablation,SBOA-LOBL-ACGM,F9,10,25,4.5545535209e-01
ablation,SBOA-LOBL-ACGM,F10,10,25,5.4999088305e+02
ablation,SBOA-LOBL-ACGM,F11,10,25,3.4020046258e+00
ablation,SBOA-LOBL-ACGM,F12,10,25,7.2839466497e+05
ablation,SBOA-LOBL-ACGM,F13,10,25,2.1540559589e+03
ablation,SBOA-LOBL-ACGM,F14,10,25,1.5854495666e+02
ablation,SBOA-LOBL-ACGM,F15,10,25,1.2075698784e+03
ablation,SBOA-GPSI-ACGM,F29,10,25,2.3925862185e+02
ablation,SBOA-GPSI-ACGM,F30,10,25,2.1220766827e+05
ablation,SBOA-LOBL-ACGM,F1,10,25,3.1509381746e+04
ablation,SBOA-LOBL-ACGM,F3,10,25,1.8049665855e+00
ablation,SBOA-LOBL-ACGM,F16,10,25,1.4553730979e+01
ablation,SBOA-LOBL-ACGM,F17,10,25,2.7040933273e+01
ablation,SBOA-LOBL-ACGM,F18,10,25,1.5354765414e+04
ablation,SBOA-LOBL-ACGM,F19,10,25,2.7687531719e+02
ablation,MSSBOA,F3,10,25,3.5381216656e+02
ablation,MSSBOA,F4,10,25,5.2282555051e+00
ablation,MSSBOA,F5,10,25,2.0214918775e+00
ablation,MSSBOA,F6,10,25,7.8852215647e-01
ablation,SBOA-LOBL-ACGM,F20,10,25,6.1689771853e+01
ablation,SBOA-LOBL-ACGM,F21,10,25,2.2210589479e+02
ablation,SBOA-LOBL-ACGM,F22,10,25,1.8065294875e+01
ablation,SBOA-LOBL-ACGM,F23,10,25,3.1970843579e+02
ablation,MSSBOA,F7,10,25,1.8832494566e+01
ablation,MSSBOA,F8,10,25,1.4956082949e+01
ablation,MSSBOA,F9,10,25,9.1115407813e-01
ablation,MSSBOA,F10,10,25,5.5566231462e+02
ablation,SBOA-LOBL-ACGM,F24,10,25,3.5063184915e+02
ablation,SBOA-LOBL-ACGM,F25,10,25,3.9896140068e+02
ablation,SBOA-LOBL-ACGM,F26,10,25,3.4715325732e+02
ablation,SBOA-LOBL-ACGM,F27,10,25,3.9169321192e+02
ablation,MSSBOA,F11,10,25,9.0675877404e+00
ablation,MSSBOA,F12,10,25,4.5241700600e+06
ablation,MSSBOA,F13,10,25,1.7752076617e+04
ablation,MSSBOA,F14,10,25,2.5329575989e+02
ablation,SBOA-LOBL-ACGM,F28,10,25,3.7499764138e+02
ablation,SBOA-LOBL-ACGM,F29,10,25,3.7019961504e+02
ablation,SBOA-LOBL-ACGM,F30,10,25,1.6978143307e+06
ablation,MSSBOA,F1,10,25,1.5410939354e+03
ablation,MSSBOA,F15,10,25,7.2541276180e+02
ablation,MSSBOA,F16,10,25,2.4923774905e+00
ablation,MSSBOA,F17,10,25,3.8751548281e+01
ablation,MSSBOA,F18,10,25,4.2443052910e+03
ablation,SBOA,F1,10,26,7.3429520992e+03
ablation,SBOA,F3,10,26,1.7311752756e+02
ablation,SBOA,F4,10,26,7.6266480320e+00
ablation,SBOA,F5,10,26,4.0170950839e+00
ablation,SBOA,F6,10,26,6.9714062616e-02
ablation,SBOA,F7,10,26,1.7838463229e+01
ablation,SBOA,F8,10,26,1.8488966999e+01
ablation,SBOA,F9,10,26,3.2170499162e-04
ablation,MSSBOA,F19,10,25,4.4268947471e+02
ablation,MSSBOA,F20,10,25,2.3727409474e+01
ablation,MSSBOA,F21,10,25,2.0959771417e+02
ablation,MSSBOA,F22,10,25,1.0487658205e+02
ablation,SBOA,F10,10,26,1.4906317779e+03
ablation,SBOA,F11,10,26,8.0252285716e+00
ablation,SBOA,F12,10,26,1.7790465479e+05
ablation,SBOA,F13,10,26,1.1155482427e+03
ablation,MSSBOA,F23,10,25,3.0870350271e+02
ablation,MSSBOA,F24,10,25,1.6010660632e+02
ablation,MSSBOA,F25,10,25,4.0095133909e+02
ablation,MSSBOA,F26,10,25,3.0040819779e+02
ablation,SBOA,F14,10,26,2.4656183725e+02
ablation,SBOA,F15,10,26,4.5290409160e+02
ablation,SBOA,F16,10,26,1.3951230202e+01
ablation,SBOA,F17,10,26,3.7893984991e+01
ablation,SBOA,F18,10,26,1.8780200802e+04
ablation,SBOA,F19,10,26,5.4911896009e+02
ablation,SBOA,F20,10,26,2.7487878702e+01
ablation,SBOA,F21,10,26,1.0279855661e+02
ablation,MSSBOA,F27,10,25,3.9078518114e+02
ablation,MSSBOA,F28,10,25,4.8985807680e+02
ablation,MSSBOA,F29,10,25,2.6776159274e+02
ablation,MSSBOA,F30,10,25,3.3449096625e+03
ablation,SBOA,F22,10,26,1.0274106105e+02
ablation,SBOA,F23,10,26,3.2458668056e+02
ablation,SBOA,F24,10,26,3.5334994442e+02
ablation,SBOA,F25,10,26,4.4493718909e+02
ablation,SBOA-GPSI,F5,10,26,1.0119205219e+01
ablation,SBOA-GPSI,F6,10,26,7.7513658623e-02
ablation,SBOA-GPSI,F7,10,26,1.8017438757e+01
ablation,SBOA-GPSI,F8,10,26,5.9870403477e+00
ablation,SBOA,F30,10,26,1.5225247169e+06
ablation,SBOA-GPSI,F1,10,26,4.2841132123e+03
ablation,SBOA-GPSI,F3,10,26,3.1679041258e+02
ablation,SBOA-GPSI,F4,10,26,6.6498906496e+00
ablation,SBOA-GPSI,F9,10,26,1.2895660743e-03
ablation,SBOA-GPSI,F10,10,26,9.9742511633e+02
ablation,SBOA-GPSI,F11,10,26,8.4125527202e+00
ablation,SBOA-GPSI,F12,10,26,2.7488660765e+06
ablation,SBOA,F26,10,26,3.0011191369e+02
ablation,SBOA,F27,10,26,3.9078420901e+02
ablation,SBOA,F28,10,26,3.9881753370e+02
ablation,SBOA,F29,10,26,3.0980988993e+02
ablation,SBOA-GPSI,F13,10,26,1.9252599678e+03
ablation,SBOA-GPSI,F14,10,26,5.7801777550e+02
ablation,SBOA-GPSI,F15,10,26,5.2581842108e+03
ablation,SBOA-GPSI,F16,10,26,1.3051312748e+00
ablation,SBOA-GPSI,F17,10,26,3.1548933115e+01
ablation,SBOA-GPSI,F18,10,26,6.9326173208e+03
ablation,SBOA-GPSI,F19,10,26,3.2135040393e+03
ablation,SBOA-GPSI,F20,10,26,2.9031074293e+01
ablation,SBOA-LOBL,F4,10,26,6.7574303223e+00
ablation,SBOA-LOBL,F5,10,26,7.9626829623e+00
ablation,SBOA-LOBL,F6,10,26,3.4830667752e-01
ablation,SBOA-LOBL,F7,10,26,3.8186757380e+01
ablation,SBOA-GPSI,F21,10,26,1.0384414844e+02
ablation,SBOA-GPSI,F22,10,26,1.0226471627e+02
ablation,SBOA-GPSI,F23,10,26,3.1138096809e+02
ablation,SBOA-GPSI,F24,10,26,3.3891901496e+02
ablation,SBOA-GPSI,F29,10,26,2.9852110816e+02
ablation,SBOA-GPSI,F30,10,26,4.3899508242e+05
ablation,SBOA-LOBL,F1,10,26,1.8127993676e+03
ablation,SBOA-LOBL,F3,10,26,1.5062789859e+02
ablation,SBOA-LOBL,F8,10,26,1.3987909061e+01
ablation,SBOA-LOBL,F9,10,26,5.5927741111e-03
ablation,SBOA-LOBL,F10,10,26,6.0288019623e+02
ablation,SBOA-LOBL,F11,10,26,7.4849305463e+00
ablation,SBOA-GPSI,F25,10,26,3.9834829171e+02
ablation,SBOA-GPSI,F26,10,26,3.0004371371e+02
ablation,SBOA-GPSI,F27,10,26,3.9517874867e+02
ablation,SBOA-GPSI,F28,10,26,3.9980652453e+02
ablation,SBOA-LOBL,F12,10,26,1.4590669251e+06
ablation,SBOA-LOBL,F13,10,26,7.8660709048e+02
ablation,SBOA-LOBL,F14,10,26,1.9830500203e+02
ablation,SBOA-LOBL,F15,10,26,1.7146143513e+03
ablation,SBOA-LOBL,F16,10,26,9.2354673253e+00
ablation,SBOA-LOBL,F17,10,26,4.0830700099e+01
ablation,SBOA-LOBL,F18,10,26,7.4117251709e+03
ablation,SBOA-LOBL,F19,10,26,2.5641916674e+03
ablation,SBOA-ACGM,F3,10,26,3.0888081977e+01
ablation,SBOA-ACGM,F4,10,26,5.9305215551e+00
ablation,SBOA-ACGM,F5,10,26,1.1055498855e+01
ablation,SBOA-ACGM,F6,10,26,2.3915895568e-01
ablation,SBOA-LOBL,F20,10,26,2.6534601018e+01
ablation,SBOA-LOBL,F21,10,26,1.0278697976e+02
ablation,SBOA-LOBL,F22,10,26,1.0074098871e+02
ablation,SBOA-LOBL,F23,10,26,3.0699415344e+02
ablation,SBOA-ACGM,F7,10,26,3.2813567772e+01
ablation,SBOA-ACGM,F8,10,26,1.7195841372e+01
ablation,SBOA-ACGM,F9,10,26,6.4171495450e-02
ablation,SBOA-ACGM,F10,10,26,1.0186259466e+03
ablation,SBOA-LOBL,F24,10,26,3.4332898105e+02
ablation,SBOA-LOBL,F25,10,26,4.4640424689e+02
ablation,SBOA-LOBL,F26,10,26,3.0016464836e+02
ablation,SBOA-LOBL,F27,10,26,3.8990769291e+02
ablation,SBOA-ACGM,F11,10,26,3.9787750356e+00
ablation,SBOA-ACGM,F12,10,26,4.1198793001e+05
ablation,SBOA-ACGM,F13,10,26,2.2446603558e+03
ablation,SBOA-ACGM,F14,10,26,1.7040844708e+02
ablation,SBOA-LOBL,F28,10,26,3.7002354955e+02
ablation,SBOA-LOBL,F29,10,26,2.5718177898e+02
ablation,SBOA-LOBL,F30,10,26,5.2900188550e+04
ablation,SBOA-ACGM,F1,10,26,1.8625995320e+04
ablation,SBOA-ACGM,F15,10,26,2.9780910154e+03
ablation,SBOA-ACGM,F16,10,26,1.4730649251e+01
ablation,SBOA-ACGM,F17,10,26,3.1378153713e+01
ablation,SBOA-ACGM,F18,10,26,2.9734825997e+03
ablation,SBOA-GPSI-LOBL,F1,10,26,8.6942090479e+02
ablation,SBOA-GPSI-LOBL,F3,10,26,9.6374846539e+00
ablation,SBOA-GPSI-LOBL,F4,10,26,7.0603507649e+00
ablation,SBOA-GPSI-LOBL,F5,10,26,1.4936071804e+01
ablation,SBOA-ACGM,F19,10,26,8.3748403180e+01
ablation,SBOA-ACGM,F20,10,26,2.6202998433e+01
ablation,SBOA-ACGM,F21,10,26,2.0862018557e+02
ablation,SBOA-ACGM,F22,10,26,1.0143786220e+02
ablation,SBOA-GPSI-LOBL,F6,10,26,8.7902355057e-01
ablation,SBOA-GPSI-LOBL,F7,10,26,2.0958876633e+01
ablation,SBOA-GPSI-LOBL,F8,10,26,1.9677426487e+01
ablation,SBOA-GPSI-LOBL,F9,10,26,1.1729912080e-04
ablation,SBOA-ACGM,F23,10,26,3.0946855843e+02
ablation,SBOA-ACGM,F24,10,26,1.0135687330e+02
ablation,SBOA-ACGM,F25,10,26,3.9813177159e+02
ablation,SBOA-ACGM,F26,10,26,3.0001164249e+02
ablation,SBOA-GPSI-LOBL,F10,10,26,1.2930266989e+02
ablation,SBOA-GPSI-LOBL,F11,10,26,4.2730094119e+00
ablation,SBOA-GPSI-LOBL,F12,10,26,2.4859979929e+04
ablation,SBOA-GPSI-LOBL,F13,10,26,4.5927107809e+03
ablation,SBOA-GPSI-LOBL,F14,10,26,2.7402448008e+02
ablation,SBOA-GPSI-LOBL,F15,10,26,6.6227846528e+02
ablation,SBOA-GPSI-LOBL,F16,10,26,1.3165983634e+01
ablation,SBOA-GPSI-LOBL,F17,10,26,3.9266937350e+01
ablation,SBOA-ACGM,F27,10,26,3.9603459961e+02
ablation,SBOA-ACGM,F28,10,26,3.7002851373e+02
ablation,SBOA-ACGM,F29,10,26,2.8148467387e+02
ablation,SBOA-ACGM,F30,10,26,7.5917128009e+05
ablation,SBOA-GPSI-LOBL,F18,10,26,1.2014678883e+04
ablation,SBOA-GPSI-LOBL,F19,10,26,4.4681066455e+02
ablation,SBOA-GPSI-LOBL,F20,10,26,3.3048228766e+01
ablation,SBOA-GPSI-LOBL,F21,10,26,2.1819169433e+02
ablation,SBOA-GPSI-ACGM,F5,10,26,1.0039053008e+01
ablation,SBOA-GPSI-ACGM,F6,10,26,4.6742073740e-01
ablation,SBOA-GPSI-ACGM,F7,10,26,2.9846929451e+01
ablation,SBOA-GPSI-ACGM,F8,10,26,1.3982398992e+01
ablation,SBOA-GPSI-LOBL,F30,10,26,3.2000730113e+05
ablation,SBOA-GPSI-ACGM,F1,10,26,5.5811613372e+02
ablation,SBOA-GPSI-ACGM,F3,10,26,1.3982911482e+03
ablation,SBOA-GPSI-ACGM,F4,10,26,6.0727511641e+00
ablation,SBOA-GPSI-LOBL,F22,10,26,1.0201034742e+02
ablation,SBOA-GPSI-LOBL,F23,10,26,3.1297689811e+02
ablation,SBOA-GPSI-LOBL,F24,10,26,3.4307279137e+02
ablation,SBOA-GPSI-LOBL,F25,10,26,4.4461045776e+02
ablation,SBOA-GPSI-ACGM,F9,10,26,1.2362839325e-03
ablation,SBOA-GPSI-ACGM,F10,10,26,5.8866398051e+02
ablation,SBOA-GPSI-ACGM,F11,10,26,1.0294653696e+01
ablation,SBOA-GPSI-ACGM,F12,10,26,7.0954013691e+05
ablation,SBOA-GPSI-ACGM,F13,10,26,2.4843520056e+03
ablation,SBOA-GPSI-ACGM,F14,10,26,1.9673103424e+02
ablation,SBOA-GPSI-ACGM,F15,10,26,4.7673088746e+03
ablation,SBOA-GPSI-ACGM,F16,10,26,1.5045484193e+02
ablation,SBOA-GPSI-LOBL,F26,10,26,3.0002601316e+02
ablation,SBOA-GPSI-LOBL,F27,10,26,3.9410843629e+02
ablation,SBOA-GPSI-LOBL,F28,10,26,6.1182189135e+02
ablation,SBOA-GPSI-LOBL,F29,10,26,3.0034776387e+02
ablation,SBOA-GPSI-ACGM,F17,10,26,4.1688223241e+01
ablation,SBOA-GPSI-ACGM,F18,10,26,2.4334216692e+04
ablation,SBOA-GPSI-ACGM,F19,10,26,8.0506741213e+02
ablation,SBOA-GPSI-ACGM,F20,10,26,4.0785445384e+01
ablation,SBOA-LOBL-ACGM,F4,10,26,7.5465034958e+00
ablation,SBOA-LOBL-ACGM,F5,10,26,1.8920617249e+01
ablation,SBOA-LOBL-ACGM,F6,10,26,1.7819438000e-01
ablation,SBOA-LOBL-ACGM,F7,10,26,2.2182664122e+01
ablation,SBOA-GPSI-ACGM,F21,10,26,1.0376485569e+02
ablation,SBOA-GPSI-ACGM,F22,10,26,1.0105057023e+02
ablation,SBOA-GPSI-ACGM,F23,10,26,3.3275634276e+02
ablation,SBOA-GPSI-ACGM,F24,10,26,1.0200937201e+02
ablation,SBOA-LOBL-ACGM,F8,10,26,1.5927026870e+01
ablation,SBOA-LOBL-ACGM,F9,10,26,1.2151089894e-02
ablation,SBOA-LOBL-ACGM,F10,10,26,8.4142537304e+02
ablation,SBOA-LOBL-ACGM,F11,10,26,7.3659486651e+00
ablation,SBOA-GPSI-ACGM,F25,10,26,3.9962264282e+02
ablation,SBOA-GPSI-ACGM,F26,10,26,3.4715107222e+02
ablation,SBOA-GPSI-ACGM,F27,10,26,3.9526631159e+02
ablation,SBOA-GPSI-ACGM,F28,10,26,3.7709712853e+02
ablation,SBOA-GPSI-ACGM,F29,10,26,2.7690012795e+02
ablation,SBOA-GPSI-ACGM,F30,10,26,1.9105543869e+06
ablation,SBOA-LOBL-ACGM,F1,10,26,2.9445277559e+04
ablation,SBOA-LOBL-ACGM,F3,10,26,4.1495185255e+01
ablation,SBOA-LOBL-ACGM,F12,10,26,7.3704221924e+06
ablation,SBOA-LOBL-ACGM,F13,10,26,3.4970158915e+03
ablation,SBOA-LOBL-ACGM,F14,10,26,3.2205953364e+02
ablation,SBOA-LOBL-ACGM,F15,10,26,3.2634082727e+03
ablation,SBOA-LOBL-ACGM,F16,10,26,3.9050562723e+01
ablation,SBOA-LOBL-ACGM,F17,10,26,3.2672472743e+01
ablation,SBOA-LOBL-ACGM,F18,10,26,2.6560730257e+04
ablation,SBOA-LOBL-ACGM,F19,10,26,3.0740803330e+02
ablation,MSSBOA,F3,10,26,6.7630687431e+02
ablation,MSSBOA,F4,10,26,6.5778858346e+00
ablation,MSSBOA,F5,10,26,1.7923404710e+01
ablation,MSSBOA,F6,10,26,6.6611716770e-01
ablation,SBOA-LOBL-ACGM,F20,10,26,2.4626733491e+01
ablation,SBOA-LOBL-ACGM,F21,10,26,1.0787178804e+02
ablation,SBOA-LOBL-ACGM,F22,10,26,1.0013749170e+02
ablation,SBOA-LOBL-ACGM,F23,10,26,3.1655547880e+02
ablation,SBOA-LOBL-ACGM,F24,10,26,3.3818691283e+02
ablation,SBOA-LOBL-ACGM,F25,10,26,3.9917239882e+02
ablation,SBOA-LOBL-ACGM,F26,10,26,4.1546805595e+02
ablation,SBOA-LOBL-ACGM,F27,10,26,3.9236625910e+02
ablation,MSSBOA,F7,10,26,1.6229859917e+01
ablation,MSSBOA,F8,10,26,5.0313597330e+00
ablation,MSSBOA,F9,10,26,2.2191715398e-01
ablation,MSSBOA,F10,10,26,9.1323997002e+02
ablation,MSSBOA,F11,10,26,4.3378387064e+00
ablation,MSSBOA,F12,10,26,2.5995856306e+06
ablation,MSSBOA,F13,10,26,1.5406853331e+04
ablation,MSSBOA,F14,10,26,7.2123492332e+01
ablation,SBOA-LOBL-ACGM,F28,10,26,4.1927794112e+02
ablation,SBOA-LOBL-ACGM,F29,10,26,2.7567286588e+02
ablation,SBOA-LOBL-ACGM,F30,10,26,1.3451098983e+06
ablation,MSSBOA,F1,10,26,2.9508713730e+03
ablation,MSSBOA,F15,10,26,4.0132596816e+02
ablation,MSSBOA,F16,10,26,3.9735388813e+01
ablation,MSSBOA,F17,10,26,2.6945987251e+01
ablation,MSSBOA,F18,10,26,1.1174750444e+04
ablation,SBOA,F1,10,27,1.2880749497e+03
ablation,SBOA,F3,10,27,2.9325655877e+01
ablation,SBOA,F4,10,27,7.8705982030e+00
ablation,SBOA,F5,10,27,1.1174449094e+01
ablation,MSSBOA,F19,10,26,6.6788867153e+01
ablation,MSSBOA,F20,10,26,1.2930799388e+01
ablation,MSSBOA,F21,10,26,2.1361061480e+02
ablation,MSSBOA,F22,10,26,1.0078018421e+02
ablation,SBOA,F6,10,27,5.1367910872e-01
ablation,SBOA,F7,10,27,2.4709926077e+01
ablation,SBOA,F8,10,27,8.2859050376e+00
ablation,SBOA,F9,10,27,9.2233334500e-03
ablation,SBOA,F10,10,27,9.4719771131e+02
ablation,SBOA,F11,10,27,1.2370245422e+01
ablation,SBOA,F12,10,27,3.4265178953e+04
ablation,SBOA,F13,10,27,1.8663705034e+03
ablation,MSSBOA,F23,10,26,3.1594899797e+02
ablation,MSSBOA,F24,10,26,1.0503116589e+02
ablation,MSSBOA,F25,10,26,4.4602607893e+02
ablation,MSSBOA,F26,10,26,3.4714956358e+02
ablation,SBOA,F14,10,27,4.4923735003e+02
ablation,SBOA,F15,10,27,5.1602039224e+03
ablation,SBOA,F16,10,27,1.5182380089e+02
ablation,SBOA,F17,10,27,2.6659123559e+01
ablation,SBOA,F18,10,27,1.0339403933e+04
ablation,SBOA,F19,10,27,2.2658143675e+03
ablation,SBOA,F20,10,27,2.5463836389e+01
ablation,SBOA,F21,10,27,1.0005974011e+02
ablation,MSSBOA,F27,10,26,3.9155363086e+02
ablation,MSSBOA,F28,10,26,5.8374407854e+02
ablation,MSSBOA,F29,10,26,2.4850642773e+02
ablation,MSSBOA,F30,10,26,7.7082195625e+05
ablation,SBOA-GPSI,F5,10,27,9.0211139103e+00
ablation,SBOA-GPSI,F6,10,27,1.8455661489e-01
ablation,SBOA-GPSI,F7,10,27,1.9908580769e+01
ablation,SBOA-GPSI,F8,10,27,1.6927059742e+01
ablation,SBOA,F22,10,27,1.0184922737e+02
ablation,SBOA,F23,10,27,3.0728307548e+02
ablation,SBOA,F24,10,27,1.0422004095e+02
ablation,SBOA,F25,10,27,4.0164025694e+02
ablation,SBOA,F30,10,27,9.2783874928e+04
ablation,SBOA-GPSI,F1,10,27,7.4450417222e+02
ablation,SBOA-GPSI,F3,10,27,1.4793003820e+03
ablation,SBOA-GPSI,F4,10,27,6.9499206314e+00
ablation,SBOA-GPSI,F9,10,27,1.6226013658e-02
ablation,SBOA-GPSI,F10,10,27,1.0604206449e+03
ablation,SBOA-GPSI,F11,10,27,9.4109890513e+00
ablation,SBOA-GPSI,F12,10,27,5.5191490621e+06
ablation,SBOA,F26,10,27,3.0027314807e+02
ablation,SBOA,F27,10,27,3.9089344134e+02
ablation,SBOA,F28,10,27,3.7065478735e+02
ablation,SBOA,F29,10,27,2.7166510229e+02
ablation,SBOA-GPSI,F13,10,27,4.9902046499e+03
ablation,SBOA-GPSI,F14,10,27,1.1919827229e+02
ablation,SBOA-GPSI,F15,10,27,2.0223780836e+03
ablation,SBOA-GPSI,F16,10,27,1.0185489155e+01
ablation,SBOA-GPSI,F17,10,27,3.9004049977e+01
ablation,SBOA-GPSI,F18,10,27,4.1131645695e+03
ablation,SBOA-GPSI,F19,10,27,1.8925817691e+03
ablation,SBOA-GPSI,F20,10,27,3.9040878404e+01
ablation,SBOA-LOBL,F4,10,27,7.5340661732e+00
ablation,SBOA-LOBL,F5,10,27,7.8423081361e+00
ablation,SBOA-LOBL,F6,10,27,1.3676488056e-01
ablation,SBOA-LOBL,F7,10,27,2.0293657748e+01
ablation,SBOA-GPSI,F21,10,27,2.1410960346e+02
ablation,SBOA-GPSI,F22,10,27,1.0178671021e+02
ablation,SBOA-GPSI,F23,10,27,3.1710202234e+02
ablation,SBOA-GPSI,F24,10,27,3.4066551599e+02
ablation,SBOA-GPSI,F29,10,27,2.9604604533e+02
ablation,SBOA-GPSI,F30,10,27,7.8536584751e+04
ablation,SBOA-LOBL,F1,10,27,1.4241184531e+05
ablation,SBOA-LOBL,F3,10,27,2.3111911229e+02
ablation,SBOA-GPSI,F25,10,27,3.9970332841e+02
ablation,SBOA-GPSI,F26,10,27,3.4752508824e+02
ablation,SBOA-GPSI,F27,10,27,3.8957527953e+02
ablation,SBOA-GPSI,F28,10,27,6.1182166594e+02
ablation,SBOA-LOBL,F8,10,27,1.9913514462e+01
ablation,SBOA-LOBL,F9,10,27,5.2241375524e-03
ablation,SBOA-LOBL,F10,10,27,6.7755716124e+02
ablation,SBOA-LOBL,F11,10,27,9.5248650572e+00
ablation,SBOA-LOBL,F12,10,27,1.6765326616e+04
ablation,SBOA-LOBL,F13,10,27,1.2842512041e+04
ablation,SBOA-LOBL,F14,10,27,1.7153024442e+02
ablation,SBOA-LOBL,F15,10,27,8.2753112038e+03
ablation,SBOA-LOBL,F16,10,27,1.3131199234e+01
ablation,SBOA-LOBL,F17,10,27,2.4238898909e+01
ablation,SBOA-LOBL,F18,10,27,3.3096301437e+03
ablation,SBOA-LOBL,F19,10,27,1.7909833143e+03
ablation,SBOA-LOBL,F20,10,27,5.4126573154e+00
ablation,SBOA-LOBL,F21,10,27,2.1556525610e+02
ablation,SBOA-LOBL,F22,10,27,1.0071099617e+02
ablation,SBOA-LOBL,F23,10,27,3.1935124305e+02
ablation,SBOA-ACGM,F3,10,27,2.9143510585e+01
ablation,SBOA-ACGM,F4,10,27,6.2026195610e+00
ablation,SBOA-ACGM,F5,10,27,1.4021581740e+01
ablation,SBOA-ACGM,F6,10,27,1.4928567095e-01
ablation,SBOA-ACGM,F7,10,27,2.2869833986e+01
ablation,SBOA-ACGM,F8,10,27,1.4926300078e+01
ablation,SBOA-ACGM,F9,10,27,2.0906139040e-03
ablation,SBOA-ACGM,F10,10,27,4.6558336553e+02
ablation,SBOA-LOBL,F24,10,27,3.3270418333e+02
ablation,SBOA-LOBL,F25,10,27,4.4597901720e+02
ablation,SBOA-LOBL,F26,10,27,3.4715316339e+02
ablation,SBOA-LOBL,F27,10,27,3.9268961014e+02
ablation,SBOA-ACGM,F11,10,27,1.0853363675e+01
ablation,SBOA-ACGM,F12,10,27,1.5121160325e+05
ablation,SBOA-ACGM,F13,10,27,7.0235097471e+03
ablation,SBOA-ACGM,F14,10,27,1.7024538536e+02
ablation,SBOA-LOBL,F28,10,27,4.0872914977e+02
ablation,SBOA-LOBL,F29,10,27,2.6524859903e+02
ablation,SBOA-LOBL,F30,10,27,2.5631282831e+05
ablation,SBOA-ACGM,F1,10,27,7.3921083796e+03
ablation,SBOA-ACGM,F15,10,27,1.9428063369e+03
ablation,SBOA-ACGM,F16,10,27,4.8835986693e+00
ablation,SBOA-ACGM,F17,10,27,2.3003999220e+01
ablation,SBOA-ACGM,F18,10,27,3.9962804740e+03
ablation,SBOA-GPSI-LOBL,F1,10,27,2.2246086846e+03
ablation,SBOA-GPSI-LOBL,F3,10,27,6.9588200553e+01
ablation,SBOA-GPSI-LOBL,F4,10,27,6.8977745116e+00
ablation,SBOA-GPSI-LOBL,F5,10,27,6.1565810742e+00
ablation,SBOA-ACGM,F19,10,27,8.6904097038e+03
ablation,SBOA-ACGM,F20,10,27,2.6957292857e+01
ablation,SBOA-ACGM,F21,10,27,1.0404282418e+02
ablation,SBOA-ACGM,F22,10,27,1.0195637972e+02
ablation,SBOA-GPSI-LOBL,F6,10,27,4.1563759523e-02
ablation,SBOA-GPSI-LOBL,F7,10,27,2.3457468160e+01
ablation,SBOA-GPSI-LOBL,F8,10,27,1.1965737522e+01
ablation,SBOA-GPSI-LOBL,F9,10,27,9.8449237009e-04
ablation,SBOA-ACGM,F23,10,27,3.0810972576e+02
ablation,SBOA-ACGM,F24,10,27,3.5382139520e+02
ablation,SBOA-ACGM,F25,10,27,4.4554115211e+02
ablation,SBOA-ACGM,F26,10,27,3.0033513696e+02
ablation,SBOA-GPSI-LOBL,F10,10,27,7.5083136173e+02
ablation,SBOA-GPSI-LOBL,F11,10,27,5.3794882236e+00
ablation,SBOA-GPSI-LOBL,F12,10,27,3.0663718979e+05
ablation,SBOA-GPSI-LOBL,F13,10,27,2.8292918196e+03
ablation,SBOA-GPSI-LOBL,F14,10,27,2.5511858204e+02
ablation,SBOA-GPSI-LOBL,F15,10,27,2.2425914905e+03
ablation,SBOA-GPSI-LOBL,F16,10,27,2.7596340718e+01
ablation,SBOA-GPSI-LOBL,F17,10,27,2.8101838266e+01
ablation,SBOA-ACGM,F27,10,27,3.8966791986e+02
ablation,SBOA-ACGM,F28,10,27,6.1182350385e+02
ablation,SBOA-ACGM,F29,10,27,2.8340354787e+02
ablation,SBOA-ACGM,F30,10,27,1.3357078795e+06
ablation,SBOA-GPSI-LOBL,F18,10,27,1.2500457777e+04
ablation,SBOA-GPSI-LOBL,F19,10,27,9.1586513324e+02
ablation,SBOA-GPSI-LOBL,F20,10,27,2.5483425922e+01
ablation,SBOA-GPSI-LOBL,F21,10,27,2.0873183072e+02
ablation,SBOA-GPSI-ACGM,F5,10,27,7.9787500300e+00
ablation,SBOA-GPSI-ACGM,F6,10,27,1.0902622953e-01
ablation,SBOA-GPSI-ACGM,F7,10,27,1.9540502988e+01
ablation,SBOA-GPSI-ACGM,F8,10,27,8.9861655612e+00
ablation,SBOA-GPSI-LOBL,F22,10,27,1.0189598159e+02
ablation,SBOA-GPSI-LOBL,F23,10,27,3.1443985243e+02
ablation,SBOA-GPSI-LOBL,F24,10,27,1.0179217049e+02
ablation,SBOA-GPSI-LOBL,F25,10,27,4.4801314033e+02
ablation,SBOA-GPSI-LOBL,F30,10,27,1.8266363182e+06
ablation,SBOA-GPSI-ACGM,F1,10,27,4.7431305910e+02
ablation,SBOA-GPSI-ACGM,F3,10,27,3.0939318132e+02
ablation,SBOA-GPSI-ACGM,F4,10,27,6.6110140679e+00
ablation,SBOA-GPSI-ACGM,F9,10,27,1.1363288183e-04
ablation,SBOA-GPSI-ACGM,F10,10,27,7.1498098386e+02
ablation,SBOA-GPSI-ACGM,F11,10,27,6.6869367132e+00
ablation,SBOA-GPSI-ACGM,F12,10,27,2.2887434571e+04
ablation,SBOA-GPSI-ACGM,F13,10,27,2.5224012631e+03
ablation,SBOA-GPSI-ACGM,F14,10,27,1.1126852789e+02
ablation,SBOA-GPSI-ACGM,F15,10,27,4.5014457420e+03
ablation,SBOA-GPSI-ACGM,F16,10,27,4.1792975212e+01
ablation,SBOA-GPSI-ACGM,F17,10,27,5.8215736329e+00
ablation,SBOA-GPSI-ACGM,F18,10,27,3.5662414247e+04
ablation,SBOA-GPSI-ACGM,F19,10,27,1.3890336646e+02
ablation,SBOA-GPSI-ACGM,F20,10,27,4.1117591420e+01
ablation,SBOA-GPSI-LOBL,F26,10,27,3.0011440272e+02
ablation,SBOA-GPSI-LOBL,F27,10,27,3.9849296501e+02
ablation,SBOA-GPSI-LOBL,F28,10,27,6.1182167629e+02
ablation,SBOA-GPSI-LOBL,F29,10,27,3.0071430077e+02
ablation,SBOA-LOBL-ACGM,F4,10,27,6.5967365969e+00
ablation,SBOA-LOBL-ACGM,F5,10,27,1.3999039881e+01
ablation,SBOA-LOBL-ACGM,F6,10,27,2.9044783633e-01
ablation,SBOA-LOBL-ACGM,F7,10,27,1.7474581720e+01
ablation,SBOA-GPSI-ACGM,F21,10,27,1.0583734712e+02
ablation,SBOA-GPSI-ACGM,F22,10,27,1.5288302023e+01
ablation,SBOA-GPSI-ACGM,F23,10,27,3.0621388142e+02
ablation,SBOA-GPSI-ACGM,F24,10,27,3.4105609615e+02
ablation,SBOA-LOBL-ACGM,F8,10,27,1.5960717626e+01
ablation,SBOA-LOBL-ACGM,F9,10,27,9.1443018635e-01
ablation,SBOA-LOBL-ACGM,F10,10,27,8.8199138800e+02
ablation,SBOA-LOBL-ACGM,F11,10,27,2.4899878530e+00
ablation,SBOA-GPSI-ACGM,F25,10,27,3.9985983692e+02
ablation,SBOA-GPSI-ACGM,F26,10,27,3.0007390801e+02
ablation,SBOA-GPSI-ACGM,F27,10,27,3.9507690654e+02
ablation,SBOA-GPSI-ACGM,F28,10,27,4.1951224595e+02
ablation,SBOA-GPSI-ACGM,F29,10,27,2.4942889970e+02
ablation,SBOA-GPSI-ACGM,F30,10,27,1.0583467176e+04
ablation,SBOA-LOBL-ACGM,F1,10,27,2.4429731913e+04
ablation,SBOA-LOBL-ACGM,F3,10,27,2.7304866467e+02
ablation,SBOA-LOBL-ACGM,F12,10,27,2.7235171142e+06
ablation,SBOA-LOBL-ACGM,F13,10,27,1.6922297361e+04
ablation,SBOA-LOBL-ACGM,F14,10,27,4.1226201040e+02
ablation,SBOA-LOBL-ACGM,F15,10,27,5.1097938770e+03
ablation,SBOA-LOBL-ACGM,F16,10,27,4.1640926024e+01
ablation,SBOA-LOBL-ACGM,F17,10,27,3.9909255633e+01
ablation,SBOA-LOBL-ACGM,F18,10,27,2.7308636319e+04
ablation,SBOA-LOBL-ACGM,F19,10,27,5.8216112103e+03
ablation,MSSBOA,F3,10,27,1.5012796867e+02
ablation,MSSBOA,F4,10,27,6.2354797852e+00
ablation,MSSBOA,F5,10,27,9.9722827078e+00
ablation,MSSBOA,F6,10,27,1.8755882046e-01
ablation,SBOA-LOBL-ACGM,F20,10,27,1.9643356880e+01
ablation,SBOA-LOBL-ACGM,F21,10,27,2.1467357811e+02
ablation,SBOA-LOBL-ACGM,F22,10,27,1.0010999652e+02
ablation,SBOA-LOBL-ACGM,F23,10,27,3.1265423657e+02
ablation,MSSBOA,F7,10,27,2.5990735473e+01
ablation,MSSBOA,F8,10,27,1.0953157925e+01
ablation,MSSBOA,F9,10,27,4.6472560064e-01
ablation,MSSBOA,F10,10,27,1.1381877977e+03
ablation,SBOA-LOBL-ACGM,F24,10,27,3.3909745607e+02
ablation,SBOA-LOBL-ACGM,F25,10,27,3.9875779802e+02
ablation,SBOA-LOBL-ACGM,F26,10,27,3.0008040912e+02
ablation,SBOA-LOBL-ACGM,F27,10,27,3.9193033242e+02
ablation,SBOA-LOBL-ACGM,F28,10,27,3.6659040897e+02
ablation,SBOA-LOBL-ACGM,F29,10,27,2.7409782554e+02
ablation,SBOA-LOBL-ACGM,F30,10,27,1.5241577500e+04
ablation,MSSBOA,F1,10,27,2.6933643767e+04
ablation,MSSBOA,F11,10,27,1.2667178588e+01
ablation,MSSBOA,F12,10,27,5.5021530503e+05
ablation,MSSBOA,F13,10,27,3.9274535380e+03
ablation,MSSBOA,F14,10,27,2.6752149577e+02
ablation,MSSBOA,F15,10,27,2.0243692859e+03
ablation,MSSBOA,F16,10,27,4.0308449968e+01
ablation,MSSBOA,F17,10,27,4.2955299327e+01
ablation,MSSBOA,F18,10,27,1.5220947977e+04
ablation,SBOA,F1,10,28,1.1934164779e+02
ablation,SBOA,F3,10,28,3.4222709220e+02
ablation,SBOA,F4,10,28,6.9507959392e+00
ablation,SBOA,F5,10,28,1.8500678368e+01
ablation,MSSBOA,F19,10,27,2.4044056529e+02
ablation,MSSBOA,F20,10,27,2.7934871659e+01
ablation,MSSBOA,F21,10,27,1.0494355016e+02
ablation,MSSBOA,F22,10,27,1.0036233328e+02
ablation,SBOA,F6,10,28,2.4707519014e-01
ablation,SBOA,F7,10,28,3.6811180321e+01
ablation,SBOA,F8,10,28,1.2003738617e+01
ablation,SBOA,F9,10,28,9.0025828344e-02
ablation,SBOA,F10,10,28,8.8394382551e+02
ablation,SBOA,F11,10,28,4.4993056537e+00
ablation,SBOA,F12,10,28,9.7146433007e+05
ablation,SBOA,F13,10,28,3.0177865675e+03
ablation,SBOA,F14,10,28,3.4632106653e+02
ablation,SBOA,F15,10,28,1.0180344865e+03
ablation,SBOA,F16,10,28,1.9166696234e+01
ablation,SBOA,F17,10,28,4.8171603256e+01
ablation,MSSBOA,F23,10,27,3.2415132303e+02
ablation,MSSBOA,F24,10,27,3.4006505806e+02
ablation,MSSBOA,F25,10,27,3.9970588370e+02
ablation,MSSBOA,F26,10,27,3.0012543835e+02
ablation,SBOA,F18,10,28,3.5078341245e+04
ablation,SBOA,F19,10,28,8.2447448337e+02
ablation,SBOA,F20,10,28,3.2955880247e+01
ablation,SBOA,F21,10,28,2.1539172430e+02
ablation,MSSBOA,F27,10,27,3.9628048322e+02
ablation,MSSBOA,F28,10,27,4.1871919262e+02
ablation,MSSBOA,F29,10,27,2.8062711339e+02
ablation,MSSBOA,F30,10,27,7.9247218252e+05
ablation,SBOA,F22,10,28,1.0123155014e+02
ablation,SBOA,F23,10,28,3.1767461073e+02
ablation,SBOA,F24,10,28,3.3957217752e+02
ablation,SBOA,F25,10,28,3.9975273967e+02
ablation,SBOA-GPSI,F5,10,28,7.9660556278e+00
ablation,SBOA-GPSI,F6,10,28,5.1953619736e-02
ablation,SBOA-GPSI,F7,10,28,2.6816864728e+01
ablation,SBOA-GPSI,F8,10,28,9.0046851455e+00
ablation,SBOA,F30,10,28,1.7300982184e+05
ablation,SBOA-GPSI,F1,10,28,4.3767892538e+03
ablation,SBOA-GPSI,F3,10,28,3.7009542093e+02
ablation,SBOA-GPSI,F4,10,28,7.0467655053e+00
ablation,SBOA-GPSI,F9,10,28,3.7082936505e-02
ablation,SBOA-GPSI,F10,10,28,8.9673097406e+02
ablation,SBOA-GPSI,F11,10,28,6.1307803361e+00
ablation,SBOA-GPSI,F12,10,28,1.1300492125e+06
ablation,SBOA,F26,10,28,4.0117856284e+02
ablation,SBOA,F27,10,28,3.8894429778e+02
ablation,SBOA,F28,10,28,3.7070507094e+02
ablation,SBOA,F29,10,28,2.6097360401e+02
ablation,SBOA-GPSI,F13,10,28,1.0002282768e+04
ablation,SBOA-GPSI,F14,10,28,3.6599659617e+02
ablation,SBOA-GPSI,F15,10,28,9.5613309429e+02
ablation,SBOA-GPSI,F16,10,28,1.6630913093e+00
ablation,SBOA-GPSI,F17,10,28,3.8300821674e+01
ablation,SBOA-GPSI,F18,10,28,1.1929870276e+04
ablation,SBOA-GPSI,F19,10,28,3.1576917919e+02
ablation,SBOA-GPSI,F20,10,28,4.3458772350e+01
ablation,SBOA-LOBL,F4,10,28,4.2026762695e+00
ablation,SBOA-LOBL,F5,10,28,5.0346844564e+00
ablation,SBOA-LOBL,F6,10,28,8.2387583478e-01
ablation,SBOA-LOBL,F7,10,28,1.6653177358e+01
ablation,SBOA-GPSI,F21,10,28,2.1093156100e+02
ablation,SBOA-GPSI,F22,10,28,1.0373110524e+02
ablation,SBOA-GPSI,F23,10,28,3.1088104401e+02
ablation,SBOA-GPSI,F24,10,28,3.3974079909e+02
ablation,SBOA-GPSI,F29,10,28,3.0079553773e+02
ablation,SBOA-GPSI,F30,10,28,7.8824845711e+05
ablation,SBOA-LOBL,F1,10,28,9.7243092830e+04
ablation,SBOA-LOBL,F3,10,28,1.0762981441e+01
ablation,SBOA-LOBL,F8,10,28,2.0932680304e+01
ablation,SBOA-LOBL,F9,10,28,4.6015237957e-01
ablation,SBOA-LOBL,F10,10,28,9.7690217542e+02
ablation,SBOA-LOBL,F11,10,28,7.2195079545e+00
ablation,SBOA-GPSI,F25,10,28,3.9792304415e+02
ablation,SBOA-GPSI,F26,10,28,3.0009743089e+02
ablation,SBOA-GPSI,F27,10,28,3.9005382862e+02
ablation,SBOA-GPSI,F28,10,28,3.9739864946e+02
ablation,SBOA-LOBL,F12,10,28,2.3084199320e+06
ablation,SBOA-LOBL,F13,10,28,1.1552614201e+04
ablation,SBOA-LOBL,F14,10,28,4.6492445894e+02
ablation,SBOA-LOBL,F15,10,28,6.9097220187e+02
ablation,SBOA-LOBL,F16,10,28,2.5783008322e+02
ablation,SBOA-LOBL,F17,10,28,2.4759401094e+01
ablation,SBOA-LOBL,F18,10,28,1.7326989767e+04
ablation,SBOA-LOBL,F19,10,28,4.9352377795e+03
ablation,SBOA-ACGM,F3,10,28,2.8235063520e+01
ablation,SBOA-ACGM,F4,10,28,7.4560179000e+00
ablation,SBOA-ACGM,F5,10,28,5.9914340539e+00
ablation,SBOA-ACGM,F6,10,28,1.3301262129e+00
ablation,SBOA-LOBL,F20,10,28,3.5342946882e+01
ablation,SBOA-LOBL,F21,10,28,2.1678937596e+02
ablation,SBOA-LOBL,F22,10,28,1.0217415225e+02
ablation,SBOA-LOBL,F23,10,28,3.1500037533e+02
ablation,SBOA-ACGM,F7,10,28,3.4585464728e+01
ablation,SBOA-ACGM,F8,10,28,9.9861855987e+00
ablation,SBOA-ACGM,F9,10,28,3.3068755793e-03
ablation,SBOA-ACGM,F10,10,28,6.8721201256e+02
ablation,SBOA-LOBL,F24,10,28,3.3506832949e+02
ablation,SBOA-LOBL,F25,10,28,3.9911541284e+02
ablation,SBOA-LOBL,F26,10,28,3.0081182322e+02
ablation,SBOA-LOBL,F27,10,28,3.9080143761e+02
ablation,SBOA-ACGM,F11,10,28,1.0138059055e+01
ablation,SBOA-ACGM,F12,10,28,1.7191709720e+05
ablation,SBOA-ACGM,F13,10,28,3.7608042355e+04
ablation,SBOA-ACGM,F14,10,28,3.0172336097e+02
ablation,SBOA-LOBL,F28,10,28,4.1819159500e+02
ablation,SBOA-LOBL,F29,10,28,2.4152758341e+02
ablation,SBOA-LOBL,F30,10,28,2.1086850967e+06
ablation,SBOA-ACGM,F1,10,28,1.7859622091e+04
ablation,SBOA-ACGM,F15,10,28,3.7608893456e+03
ablation,SBOA-ACGM,F16,10,28,2.0268218405e+00
ablation,SBOA-ACGM,F17,10,28,4.0354548707e+01
ablation,SBOA-ACGM,F18,10,28,4.9248210201e+03
ablation,SBOA-GPSI-LOBL,F1,10,28,1.1647572855e+04
ablation,SBOA-GPSI-LOBL,F3,10,28,1.8324936863e+02
ablation,SBOA-GPSI-LOBL,F4,10,28,2.9834205938e+00
ablation,SBOA-GPSI-LOBL,F5,10,28,6.9977863564e+00
ablation,SBOA-ACGM,F19,10,28,2.1582758566e+03
ablation,SBOA-ACGM,F20,10,28,2.3858221818e+01
ablation,SBOA-ACGM,F21,10,28,2.0556718507e+02
ablation,SBOA-ACGM,F22,10,28,1.0076866355e+02
ablation,SBOA-ACGM,F23,10,28,3.1794415713e+02
ablation,SBOA-ACGM,F24,10,28,3.4436384748e+02
ablation,SBOA-ACGM,F25,10,28,4.4457920096e+02
ablation,SBOA-ACGM,F26,10,28,3.0006091519e+02
ablation,SBOA-GPSI-LOBL,F6,10,28,5.2200018748e-01
ablation,SBOA-GPSI-LOBL,F7,10,28,2.0976408706e+01
ablation,SBOA-GPSI-LOBL,F8,10,28,1.3931024933e+01
ablation,SBOA-GPSI-LOBL,F9,10,28,1.6664930244e-02
ablation,SBOA-GPSI-LOBL,F10,10,28,8.9447219197e+02
ablation,SBOA-GPSI-LOBL,F11,10,28,1.3453169146e+01
ablation,SBOA-GPSI-LOBL,F12,10,28,1.6730834097e+06
ablation,SBOA-GPSI-LOBL,F13,10,28,3.6497112053e+03
ablation,SBOA-ACGM,F27,10,28,3.9036120331e+02
ablation,SBOA-ACGM,F28,10,28,4.1717836610e+02
ablation,SBOA-ACGM,F29,10,28,3.2424758018e+02
ablation,SBOA-ACGM,F30,10,28,2.4673832682e+06
ablation,SBOA-GPSI-LOBL,F14,10,28,1.1052243111e+02
ablation,SBOA-GPSI-LOBL,F15,10,28,1.6949045921e+03
ablation,SBOA-GPSI-LOBL,F16,10,28,1.7245417496e+01
ablation,SBOA-GPSI-LOBL,F17,10,28,3.0669550282e+01
ablation,SBOA-GPSI-LOBL,F18,10,28,2.1869686236e+03
ablation,SBOA-GPSI-LOBL,F19,10,28,8.3706341839e+02
ablation,SBOA-GPSI-LOBL,F20,10,28,2.4053008111e+01
ablation,SBOA-GPSI-LOBL,F21,10,28,2.1238619707e+02
ablation,SBOA-GPSI-ACGM,F5,10,28,8.9580819926e+00
ablation,SBOA-GPSI-ACGM,F6,10,28,8.6231861392e-01
ablation,SBOA-GPSI-ACGM,F7,10,28,3.4518482576e+01
ablation,SBOA-GPSI-ACGM,F8,10,28,1.4930417303e+01
ablation,SBOA-GPSI-LOBL,F30,10,28,1.8056752250e+06
ablation,SBOA-GPSI-ACGM,F1,10,28,1.9046528916e+03
ablation,SBOA-GPSI-ACGM,F3,10,28,1.4777850297e+02
ablation,SBOA-GPSI-ACGM,F4,10,28,6.1997409897e+00
ablation,SBOA-GPSI-LOBL,F22,10,28,3.0813057164e+01
ablation,SBOA-GPSI-LOBL,F23,10,28,3.1314013348e+02
ablation,SBOA-GPSI-LOBL,F24,10,28,3.3913580952e+02
ablation,SBOA-GPSI-LOBL,F25,10,28,4.4360564892e+02
ablation,SBOA-GPSI-ACGM,F9,10,28,2.6865515813e-03
ablation,SBOA-GPSI-ACGM,F10,10,28,5.8935618422e+02
ablation,SBOA-GPSI-ACGM,F11,10,28,2.5988289327e+00
ablation,SBOA-GPSI-ACGM,F12,10,28,7.0218778262e+06
ablation,SBOA-GPSI-ACGM,F13,10,28,2.0271082177e+04
ablation,SBOA-GPSI-ACGM,F14,10,28,2.7408167635e+02
ablation,SBOA-GPSI-ACGM,F15,10,28,2.8682598597e+03
ablation,SBOA-GPSI-ACGM,F16,10,28,1.4423519072e+01
ablation,SBOA-GPSI-LOBL,F26,10,28,3.0015029283e+02
ablation,SBOA-GPSI-LOBL,F27,10,28,3.9464653015e+02
ablation,SBOA-GPSI-LOBL,F28,10,28,3.0014562872e+02
ablation,SBOA-GPSI-LOBL,F29,10,28,3.5912376854e+02
ablation,SBOA-GPSI-ACGM,F17,10,28,6.1798803958e+01
ablation,SBOA-GPSI-ACGM,F18,10,28,3.6281484100e+03
ablation,SBOA-GPSI-ACGM,F19,10,28,1.0696546578e+02
ablation,SBOA-GPSI-ACGM,F20,10,28,2.6417006289e+01
ablation,SBOA-LOBL-ACGM,F4,10,28,7.4146357864e+00
ablation,SBOA-LOBL-ACGM,F5,10,28,1.8987811273e+01
ablation,SBOA-LOBL-ACGM,F6,10,28,3.7694368919e-01
ablation,SBOA-LOBL-ACGM,F7,10,28,3.4101263498e+01
ablation,SBOA-GPSI-ACGM,F21,10,28,2.2160920538e+02
ablation,SBOA-GPSI-ACGM,F22,10,28,1.0105416485e+02
ablation,SBOA-GPSI-ACGM,F23,10,28,3.2815802531e+02
ablation,SBOA-GPSI-ACGM,F24,10,28,1.0199060071e+02
ablation,SBOA-GPSI-ACGM,F29,10,28,2.6819445636e+02
ablation,SBOA-GPSI-ACGM,F30,10,28,1.7820042107e+06
ablation,SBOA-LOBL-ACGM,F1,10,28,1.2048827278e+04
ablation,SBOA-LOBL-ACGM,F3,10,28,1.2907109856e+01
ablation,SBOA-LOBL-ACGM,F8,10,28,9.9508997256e+00
ablation,SBOA-LOBL-ACGM,F9,10,28,8.1382105158e-03
ablation,SBOA-LOBL-ACGM,F10,10,28,1.0560540844e+03
ablation,SBOA-LOBL-ACGM,F11,10,28,6.2977342499e+00
ablation,SBOA-GPSI-ACGM,F25,10,28,3.9979680878e+02
ablation,SBOA-GPSI-ACGM,F26,10,28,3.0004117685e+02
ablation,SBOA-GPSI-ACGM,F27,10,28,3.9076623151e+02
ablation,SBOA-GPSI-ACGM,F28,10,28,3.7201631232e+02
ablation,SBOA-LOBL-ACGM,F12,10,28,7.4178728582e+06
ablation,SBOA-LOBL-ACGM,F13,10,28,6.8768124667e+03
ablation,SBOA-LOBL-ACGM,F14,10,28,1.4723766723e+02
ablation,SBOA-LOBL-ACGM,F15,10,28,2.7759481227e+03
ablation,SBOA-LOBL-ACGM,F16,10,28,3.9282688770e+01
ablation,SBOA-LOBL-ACGM,F17,10,28,4.0282689121e+01
ablation,SBOA-LOBL-ACGM,F18,10,28,3.4482362424e+03
ablation,SBOA-LOBL-ACGM,F19,10,28,3.4512242625e+02
ablation,SBOA-LOBL-ACGM,F20,10,28,2.7958084343e+01
ablation,SBOA-LOBL-ACGM,F21,10,28,1.0395632585e+02
ablation,SBOA-LOBL-ACGM,F22,10,28,1.0194803907e+02
ablation,SBOA-LOBL-ACGM,F23,10,28,3.0930588672e+02
ablation,MSSBOA,F3,10,28,3.2448027195e+02
ablation,MSSBOA,F4,10,28,4.6902826336e+00
ablation,MSSBOA,F5,10,28,3.9896741406e+00
ablation,MSSBOA,F6,10,28,7.6583027680e-01
ablation,MSSBOA,F7,10,28,2.5043602870e+01
ablation,MSSBOA,F8,10,28,1.5990469197e+01
ablation,MSSBOA,F9,10,28,1.2311481697e-03
ablation,MSSBOA,F10,10,28,1.0855742840e+03
ablation,SBOA-LOBL-ACGM,F24,10,28,3.4610210649e+02
ablation,SBOA-LOBL-ACGM,F25,10,28,3.9987826313e+02
ablation,SBOA-LOBL-ACGM,F26,10,28,3.0014983383e+02
ablation,SBOA-LOBL-ACGM,F27,10,28,3.8935460434e+02
ablation,MSSBOA,F11,10,28,4.3213145947e+00
ablation,MSSBOA,F12,10,28,8.2982952209e+05
ablation,MSSBOA,F13,10,28,6.5175549726e+03
ablation,MSSBOA,F14,10,28,1.5400300618e+02
ablation,SBOA-LOBL-ACGM,F28,10,28,4.1876070112e+02
ablation,SBOA-LOBL-ACGM,F29,10,28,2.5902035299e+02
ablation,SBOA-LOBL-ACGM,F30,10,28,2.6912797600e+04
ablation,MSSBOA,F1,10,28,2.1069694160e+03
ablation,MSSBOA,F15,10,28,3.2688295247e+03
ablation,MSSBOA,F16,10,28,2.2594184334e+00
ablation,MSSBOA,F17,10,28,4.9451782833e+01
ablation,MSSBOA,F18,10,28,1.0986856984e+04
ablation,SBOA,F1,10,29,2.9199240902e+03
ablation,SBOA,F3,10,29,3.5074004203e+01
ablation,SBOA,F4,10,29,6.6857045650e+00
ablation,SBOA,F5,10,29,1.1294037590e+01
ablation,MSSBOA,F19,10,28,6.1541919595e+03
ablation,MSSBOA,F20,10,28,4.0565507431e+01
ablation,MSSBOA,F21,10,28,2.1951307157e+02
ablation,MSSBOA,F22,10,28,1.0126415188e+02
ablation,SBOA,F6,10,29,2.0697602932e-01
ablation,SBOA,F7,10,29,2.2366786251e+01
ablation,SBOA,F8,10,29,7.9604810134e+00
ablation,SBOA,F9,10,29,1.1772185494e-02
ablation,SBOA,F10,10,29,3.8435538574e+02
ablation,SBOA,F11,10,29,6.4198361031e+00
ablation,SBOA,F12,10,29,1.5079244427e+05
ablation,SBOA,F13,10,29,1.1945572047e+04
ablation,MSSBOA,F23,10,28,3.1913418434e+02
ablation,MSSBOA,F24,10,28,3.4193190164e+02
ablation,MSSBOA,F25,10,28,3.9963571985e+02
ablation,MSSBOA,F26,10,28,3.0016480470e+02
ablation,SBOA,F14,10,29,1.2712071940e+02
ablation,SBOA,F15,10,29,2.1182119291e+02
ablation,SBOA,F16,10,29,1.7089131598e+02
ablation,SBOA,F17,10,29,1.9301355890e+01
ablation,SBOA,F18,10,29,2.6825834902e+04
ablation,SBOA,F19,10,29,8.9996474780e+02
ablation,SBOA,F20,10,29,7.3960410489e+00
ablation,SBOA,F21,10,29,1.0138216250e+02
ablation,MSSBOA,F27,10,28,3.8955981649e+02
ablation,MSSBOA,F28,10,28,3.7742705844e+02
ablation,MSSBOA,F29,10,28,2.6885629753e+02
ablation,MSSBOA,F30,10,28,2.0480983921e+03
ablation,SBOA,F22,10,29,1.0119056808e+02
ablation,SBOA,F23,10,29,3.1175927498e+02
ablation,SBOA,F24,10,29,3.4028676450e+02
ablation,SBOA,F25,10,29,4.4737595428e+02
ablation,SBOA-GPSI,F5,10,29,9.9561935512e+00
ablation,SBOA-GPSI,F6,10,29,8.1265713902e-01
ablation,SBOA-GPSI,F7,10,29,2.6138062453e+01
ablation,SBOA-GPSI,F8,10,29,1.0949282075e+01
ablation,SBOA,F30,10,29,1.3676338218e+06
ablation,SBOA-GPSI,F1,10,29,1.7753127073e+03
ablation,SBOA-GPSI,F3,10,29,2.4713491613e+02
ablation,SBOA-GPSI,F4,10,29,3.8753856622e+00
ablation,SBOA-GPSI,F9,10,29,3.7360257063e-03
ablation,SBOA-GPSI,F10,10,29,7.6566085682e+02
ablation,SBOA-GPSI,F11,10,29,5.6361983429e+00
ablation,SBOA-GPSI,F12,10,29,1.1856534176e+06
ablation,SBOA-GPSI,F13,10,29,6.1299510134e+03
ablation,SBOA-GPSI,F14,10,29,2.3462603030e+02
ablation,SBOA-GPSI,F15,10,29,2.4868483163e+03
ablation,SBOA-GPSI,F16,10,29,1.8920329042e+00
ablation,SBOA,F26,10,29,3.0001748301e+02
ablation,SBOA,F27,10,29,3.9077089789e+02
ablation,SBOA,F28,10,29,4.1664531424e+02
ablation,SBOA,F29,10,29,2.4582879698e+02
ablation,SBOA-GPSI,F17,10,29,3.9210629028e+01
ablation,SBOA-GPSI,F18,10,29,4.3999209842e+03
ablation,SBOA-GPSI,F19,10,29,6.8344903042e+02
ablation,SBOA-GPSI,F20,10,29,2.3907799186e+01
ablation,SBOA-LOBL,F4,10,29,7.2371790870e+00
ablation,SBOA-LOBL,F5,10,29,9.9919959505e+00
ablation,SBOA-LOBL,F6,10,29,6.0882671757e-01
ablation,SBOA-LOBL,F7,10,29,3.6715147521e+01
ablation,SBOA-GPSI,F21,10,29,2.0577988507e+02
ablation,SBOA-GPSI,F22,10,29,1.0120023395e+02
ablation,SBOA-GPSI,F23,10,29,3.2172371247e+02
ablation,SBOA-GPSI,F24,10,29,3.3763716353e+02
ablation,SBOA-GPSI,F29,10,29,2.4813611061e+02
ablation,SBOA-GPSI,F30,10,29,2.2893486469e+06
ablation,SBOA-LOBL,F1,10,29,1.9514581189e+03
ablation,SBOA-LOBL,F3,10,29,2.3140417244e+02
ablation,SBOA-LOBL,F8,10,29,1.5921149775e+01
ablation,SBOA-LOBL,F9,10,29,3.4103521320e-02
ablation,SBOA-LOBL,F10,10,29,9.1304704445e+02
ablation,SBOA-LOBL,F11,10,29,5.6431044835e+00
ablation,SBOA-GPSI,F25,10,29,4.0115802873e+02
ablation,SBOA-GPSI,F26,10,29,3.0002715391e+02
ablation,SBOA-GPSI,F27,10,29,3.9467937868e+02
ablation,SBOA-GPSI,F28,10,29,3.9749565003e+02
ablation,SBOA-LOBL,F12,10,29,5.8549388870e+05
ablation,SBOA-LOBL,F13,10,29,1.4693632394e+03
ablation,SBOA-LOBL,F14,10,29,1.6152124436e+02
ablation,SBOA-LOBL,F15,10,29,1.3956384753e+03
ablation,SBOA-LOBL,F16,10,29,4.4614128125e+00
ablation,SBOA-LOBL,F17,10,29,2.1919720752e+01
ablation,SBOA-LOBL,F18,10,29,1.4579931033e+04
ablation,SBOA-LOBL,F19,10,29,7.4094246509e+03
ablation,SBOA-ACGM,F3,10,29,3.2952312880e+02
ablation,SBOA-ACGM,F4,10,29,7.5226078354e+00
ablation,SBOA-ACGM,F5,10,29,1.7107271496e+01
ablation,SBOA-ACGM,F6,10,29,4.9897918654e-02
ablation,SBOA-LOBL,F20,10,29,4.1809458851e+01
ablation,SBOA-LOBL,F21,10,29,2.2533361751e+02
ablation,SBOA-LOBL,F22,10,29,2.2153017464e+01
ablation,SBOA-LOBL,F23,10,29,3.1127888887e+02
ablation,SBOA-ACGM,F7,10,29,1.7799420510e+01
ablation,SBOA-ACGM,F8,10,29,1.7931635850e+01
ablation,SBOA-ACGM,F9,10,29,2.7174081481e-04
ablation,SBOA-ACGM,F10,10,29,5.9838083768e+02
ablation,SBOA-LOBL,F24,10,29,3.5009918951e+02
ablation,SBOA-LOBL,F25,10,29,4.4648899363e+02
ablation,SBOA-LOBL,F26,10,29,3.5009618642e+02
ablation,SBOA-LOBL,F27,10,29,3.9069037246e+02
ablation,SBOA-ACGM,F11,10,29,5.4038024712e+00
ablation,SBOA-ACGM,F12,10,29,3.3109327319e+04
ablation,SBOA-ACGM,F13,10,29,1.0571204034e+03
ablation,SBOA-ACGM,F14,10,29,1.4114135624e+02
ablation,SBOA-LOBL,F28,10,29,3.0019482287e+02
ablation,SBOA-LOBL,F29,10,29,2.5586677025e+02
ablation,SBOA-LOBL,F30,10,29,8.1893203160e+05
ablation,SBOA-ACGM,F1,10,29,2.0029750984e+04
ablation,SBOA-ACGM,F15,10,29,1.5989269810e+03
ablation,SBOA-ACGM,F16,10,29,1.7910046348e+01
ablation,SBOA-ACGM,F17,10,29,5.6469913400e+01
ablation,SBOA-ACGM,F18,10,29,1.4648371805e+04
ablation,SBOA-GPSI-LOBL,F1,10,29,2.0707461138e+04
ablation,SBOA-GPSI-LOBL,F3,10,29,1.8842242508e+02
ablation,SBOA-GPSI-LOBL,F4,10,29,7.3819950614e+00
ablation,SBOA-GPSI-LOBL,F5,10,29,1.0949105856e+01
ablation,SBOA-ACGM,F19,10,29,7.2448315591e+02
ablation,SBOA-ACGM,F20,10,29,7.2385735469e+00
ablation,SBOA-ACGM,F21,10,29,1.0337254977e+02
ablation,SBOA-ACGM,F22,10,29,1.0169346358e+02
ablation,SBOA-GPSI-LOBL,F6,10,29,1.1822496944e-01
ablation,SBOA-GPSI-LOBL,F7,10,29,1.7001842556e+01
ablation,SBOA-GPSI-LOBL,F8,10,29,2.2888158113e+01
ablation,SBOA-GPSI-LOBL,F9,10,29,2.3303729549e+00
ablation,SBOA-GPSI-LOBL,F10,10,29,9.3658902774e+02
ablation,SBOA-GPSI-LOBL,F11,10,29,6.7500116283e+00
ablation,SBOA-GPSI-LOBL,F12,10,29,6.7278560754e+05
ablation,SBOA-GPSI-LOBL,F13,10,29,5.3855233559e+03
ablation,SBOA-ACGM,F23,10,29,3.1524932838e+02
ablation,SBOA-ACGM,F24,10,29,3.3559736690e+02
ablation,SBOA-ACGM,F25,10,29,3.9961136523e+02
ablation,SBOA-ACGM,F26,10,29,3.0008241444e+02
ablation,SBOA-GPSI-LOBL,F14,10,29,5.2326025921e+01
ablation,SBOA-GPSI-LOBL,F15,10,29,1.0186743533e+04
ablation,SBOA-GPSI-LOBL,F16,10,29,1.2398346745e+00
ablation,SBOA-GPSI-LOBL,F17,10,29,4.6700752916e+01
ablation,SBOA-ACGM,F27,10,29,3.9334117690e+02
ablation,SBOA-ACGM,F28,10,29,4.8306120294e+02
ablation,SBOA-ACGM,F29,10,29,2.5412640122e+02
ablation,SBOA-ACGM,F30,10,29,1.2902515111e+05
ablation,SBOA-GPSI-LOBL,F18,10,29,4.9683311377e+03
ablation,SBOA-GPSI-LOBL,F19,10,29,7.3033282404e+02
ablation,SBOA-GPSI-LOBL,F20,10,29,2.5577922303e+01
ablation,SBOA-GPSI-LOBL,F21,10,29,1.1073592723e+02
ablation,SBOA-GPSI-ACGM,F5,10,29,1.5920200067e+01
ablation,SBOA-GPSI-ACGM,F6,10,29,3.5709529895e-02
ablation,SBOA-GPSI-ACGM,F7,10,29,1.9768935992e+01
ablation,SBOA-GPSI-ACGM,F8,10,29,1.4944738143e+01
ablation,SBOA-GPSI-LOBL,F22,10,29,1.0162037636e+02
ablation,SBOA-GPSI-LOBL,F23,10,29,3.1570253123e+02
ablation,SBOA-GPSI-LOBL,F24,10,29,3.3194526983e+02
ablation,SBOA-GPSI-LOBL,F25,10,29,3.9838822884e+02
ablation,SBOA-GPSI-LOBL,F30,10,29,7.9860701979e+05
ablation,SBOA-GPSI-ACGM,F1,10,29,4.7643163344e+02
ablation,SBOA-GPSI-ACGM,F3,10,29,2.9845597875e+01
ablation,SBOA-GPSI-ACGM,F4,10,29,5.5393580585e+00
ablation,SBOA-GPSI-ACGM,F9,10,29,1.5205144270e+00
ablation,SBOA-GPSI-ACGM,F10,10,29,8.6723082795e+02
ablation,SBOA-GPSI-ACGM,F11,10,29,1.1205354404e+01
ablation,SBOA-GPSI-ACGM,F12,10,29,2.3024409901e+06
ablation,SBOA-GPSI-ACGM,F13,10,29,9.0739773540e+03
ablation,SBOA-GPSI-ACGM,F14,10,29,1.8081563322e+02
ablation,SBOA-GPSI-ACGM,F15,10,29,1.3804953266e+03
ablation,SBOA-GPSI-ACGM,F16,10,29,1.7318347419e+02
ablation,SBOA-GPSI-ACGM,F17,10,29,3.0492553181e+01
ablation,SBOA-GPSI-ACGM,F18,10,29,6.0646282436e+03
ablation,SBOA-GPSI-ACGM,F19,10,29,7.3501878920e+01
ablation,SBOA-GPSI-ACGM,F20,10,29,2.8089360894e+01
ablation,SBOA-GPSI-LOBL,F26,10,29,3.8712011367e+02
ablation,SBOA-GPSI-LOBL,F27,10,29,3.8960333607e+02
ablation,SBOA-GPSI-LOBL,F28,10,29,6.1182208849e+02
ablation,SBOA-GPSI-LOBL,F29,10,29,2.5307959913e+02
ablation,SBOA-LOBL-ACGM,F4,10,29,6.5323741938e+00
ablation,SBOA-LOBL-ACGM,F5,10,29,1.2949081023e+01
ablation,SBOA-LOBL-ACGM,F6,10,29,5.3092329477e-01
ablation,SBOA-LOBL-ACGM,F7,10,29,2.5080714754e+01
ablation,SBOA-GPSI-ACGM,F21,10,29,2.1393445924e+02
ablation,SBOA-GPSI-ACGM,F22,10,29,1.0121648516e+02
ablation,SBOA-GPSI-ACGM,F23,10,29,3.0852968883e+02
ablation,SBOA-GPSI-ACGM,F24,10,29,3.3351854092e+02
ablation,SBOA-LOBL-ACGM,F8,10,29,1.8116897682e+01
ablation,SBOA-LOBL-ACGM,F9,10,29,2.3438704474e-02
ablation,SBOA-LOBL-ACGM,F10,10,29,8.7274934605e+02
ablation,SBOA-LOBL-ACGM,F11,10,29,1.4657380511e+01
ablation,SBOA-GPSI-ACGM,F25,10,29,4.4371539696e+02
ablation,SBOA-GPSI-ACGM,F26,10,29,3.4714995122e+02
ablation,SBOA-GPSI-ACGM,F27,10,29,3.8995334450e+02
ablation,SBOA-GPSI-ACGM,F28,10,29,3.8637758515e+02
ablation,SBOA-GPSI-ACGM,F29,10,29,3.1018147568e+02
ablation,SBOA-GPSI-ACGM,F30,10,29,1.2332127649e+06
ablation,SBOA-LOBL-ACGM,F1,10,29,3.9638383073e+04
ablation,SBOA-LOBL-ACGM,F3,10,29,1.4223971031e+02
ablation,SBOA-LOBL-ACGM,F12,10,29,1.9271595671e+05
ablation,SBOA-LOBL-ACGM,F13,10,29,5.1765753283e+03
ablation,SBOA-LOBL-ACGM,F14,10,29,2.1158168463e+02
ablation,SBOA-LOBL-ACGM,F15,10,29,9.2213755182e+02
ablation,SBOA-LOBL-ACGM,F16,10,29,1.6525585425e+01
ablation,SBOA-LOBL-ACGM,F17,10,29,2.6595320001e+01
ablation,SBOA-LOBL-ACGM,F18,10,29,5.5488034939e+03
ablation,SBOA-LOBL-ACGM,F19,10,29,5.7005183657e+02
ablation,SBOA-LOBL-ACGM,F20,10,29,2.3581032679e+01
ablation,SBOA-LOBL-ACGM,F21,10,29,1.0133084114e+02
ablation,SBOA-LOBL-ACGM,F22,10,29,1.0218603672e+02
ablation,SBOA-LOBL-ACGM,F23,10,29,3.0561704677e+02
ablation,MSSBOA,F3,10,29,3.4713052518e+01
ablation,MSSBOA,F4,10,29,7.3698850602e+00
ablation,MSSBOA,F5,10,29,8.9584702932e+00
ablation,MSSBOA,F6,10,29,9.0131314696e-02
ablation,MSSBOA,F7,10,29,3.1957996020e+01
ablation,MSSBOA,F8,10,29,1.4071715404e+01
ablation,MSSBOA,F9,10,29,1.5752955821e-02
ablation,MSSBOA,F10,10,29,7.4572743580e+02
ablation,SBOA-LOBL-ACGM,F24,10,29,3.4593766782e+02
ablation,SBOA-LOBL-ACGM,F25,10,29,3.9925768308e+02
ablation,SBOA-LOBL-ACGM,F26,10,29,3.0002662882e+02
ablation,SBOA-LOBL-ACGM,F27,10,29,3.9502545419e+02
ablation,MSSBOA,F11,10,29,4.4174118862e+00
ablation,MSSBOA,F12,10,29,4.8449001871e+06
ablation,MSSBOA,F13,10,29,1.2145927082e+03
ablation,MSSBOA,F14,10,29,4.4624593299e+02
ablation,SBOA-LOBL-ACGM,F28,10,29,4.1661533760e+02
ablation,SBOA-LOBL-ACGM,F29,10,29,3.2866597941e+02
ablation,SBOA-LOBL-ACGM,F30,10,29,9.3398388422e+05
ablation,MSSBOA,F1,10,29,1.5197889960e+05
ablation,MSSBOA,F15,10,29,2.0463579496e+03
ablation,MSSBOA,F16,10,29,2.1884922995e+01
ablation,MSSBOA,F17,10,29,2.1015788203e+01
ablation,MSSBOA,F18,10,29,3.5319460963e+04
ablation,MSSBOA,F19,10,29,1.4366448364e+03
ablation,MSSBOA,F20,10,29,3.3722862407e+01
ablation,MSSBOA,F21,10,29,1.0359265691e+02
ablation,MSSBOA,F22,10,29,1.0141726033e+02
ablation,MSSBOA,F23,10,29,3.2220541014e+02
ablation,MSSBOA,F24,10,29,1.1152217256e+02
ablation,MSSBOA,F25,10,29,4.0012674987e+02
ablation,MSSBOA,F26,10,29,3.0028501904e+02
ablation,SBOA,F1,30,0,4.2344917052e+03
ablation,SBOA,F3,30,0,2.6817276623e+04
ablation,SBOA,F4,30,0,7.3860901130e+01
ablation,SBOA,F5,30,0,8.9318060511e+01
ablation,SBOA,F6,30,0,1.1555735048e+01
ablation,SBOA,F7,30,0,1.2987150499e+02
ablation,SBOA,F8,30,0,5.8697026103e+01
ablation,SBOA,F9,30,0,5.0990826422e+00
ablation,MSSBOA,F27,10,29,3.8994289944e+02
ablation,MSSBOA,F28,10,29,3.6923485775e+02
ablation,MSSBOA,F29,10,29,2.4179377784e+02
ablation,MSSBOA,F30,10,29,1.6783040522e+04
ablation,SBOA,F10,30,0,3.5079543431e+03
ablation,SBOA,F11,30,0,9.7520948921e+01
ablation,SBOA,F12,30,0,1.8012566632e+06
ablation,SBOA,F13,30,0,9.9014610714e+03
ablation,SBOA,F14,30,0,3.7929722528e+04
ablation,SBOA,F15,30,0,7.2993358463e+03
ablation,SBOA,F16,30,0,1.1021876810e+03
ablation,SBOA,F17,30,0,2.7549090862e+02
ablation,SBOA,F18,30,0,8.3249988497e+04
ablation,SBOA,F19,30,0,1.0835221744e+03
ablation,SBOA,F20,30,0,2.6419133517e+02
ablation,SBOA,F21,30,0,2.6328241890e+02
ablation,SBOA,F30,30,0,1.0139651845e+04
ablation,SBOA-GPSI,F1,30,0,1.3907128601e+04
ablation,SBOA-GPSI,F3,30,0,3.3820742266e+04
ablation,SBOA-GPSI,F4,30,0,1.2134913597e+02
ablation,SBOA,F22,30,0,1.0208671322e+02
ablation,SBOA,F23,30,0,3.8266550499e+02
ablation,SBOA,F24,30,0,4.5432141507e+02
ablation,SBOA,F25,30,0,3.9200934579e+02
ablation,SBOA-GPSI,F5,30,0,5.0889070905e+01
ablation,SBOA-GPSI,F6,30,0,1.1267566617e+01
ablation,SBOA-GPSI,F7,30,0,1.2902192280e+02
ablation,SBOA-GPSI,F8,30,0,8.3978749387e+01
ablation,SBOA-GPSI,F9,30,0,9.7638532765e+00
ablation,SBOA-GPSI,F10,30,0,3.1498860164e+03
ablation,SBOA-GPSI,F11,30,0,3.9380993239e+01
ablation,SBOA-GPSI,F12,30,0,1.5752862404e+06
ablation,SBOA-GPSI,F13,30,0,1.5470530032e+04
ablation,SBOA-GPSI,F14,30,0,7.3089621396e+03
ablation,SBOA-GPSI,F15,30,0,7.1486145584e+03
ablation,SBOA-GPSI,F16,30,0,7.5229518458e+02
ablation,SBOA,F26,30,0,1.7784667692e+03
ablation,SBOA,F27,30,0,5.2140805032e+02
ablation,SBOA,F28,30,0,4.7555095116e+02
ablation,SBOA,F29,30,0,5.4803011645e+02
ablation,SBOA-GPSI,F17,30,0,6.5639175901e+01
ablation,SBOA-GPSI,F18,30,0,4.3026492660e+05
ablation,SBOA-GPSI,F19,30,0,9.6455922290e+03
ablation,SBOA-GPSI,F20,30,0,2.4578041786e+02
ablation,SBOA-LOBL,F4,30,0,1.1277107175e+02
ablation,SBOA-LOBL,F5,30,0,6.0621192070e+01
ablation,SBOA-LOBL,F6,30,0,4.3529241698e+00
ablation,SBOA-LOBL,F7,30,0,1.1630680631e+02
ablation,SBOA-GPSI,F21,30,0,2.5647939989e+02
ablation,SBOA-GPSI,F22,30,0,1.0216984985e+02
ablation,SBOA-GPSI,F23,30,0,3.8708687970e+02
ablation,SBOA-GPSI,F24,30,0,4.5268146142e+02
ablation,SBOA-LOBL,F8,30,0,7.0423230213e+01
ablation,SBOA-LOBL,F9,30,0,9.8621488231e+01
ablation,SBOA-LOBL,F10,30,0,4.2649356788e+03
ablation,SBOA-LOBL,F11,30,0,6.4440447055e+01
ablation,SBOA-GPSI,F29,30,0,6.9828888350e+02
ablation,SBOA-GPSI,F30,30,0,1.9437884994e+05
ablation,SBOA-LOBL,F1,30,0,5.1002074497e+04
ablation,SBOA-LOBL,F3,30,0,3.5516180381e+04
ablation,SBOA-GPSI,F25,30,0,4.1956244333e+02
ablation,SBOA-GPSI,F26,30,0,1.9064031447e+03
ablation,SBOA-GPSI,F27,30,0,5.3114795692e+02
ablation,SBOA-GPSI,F28,30,0,4.4634218324e+02
ablation,SBOA-LOBL,F12,30,0,2.5277752462e+06
ablation,SBOA-LOBL,F13,30,0,2.3390717689e+04
ablation,SBOA-LOBL,F14,30,0,1.4925935910e+04
ablation,SBOA-LOBL,F15,30,0,2.2903535329e+03
ablation,SBOA-LOBL,F16,30,0,1.2499695596e+03
ablation,SBOA-LOBL,F17,30,0,6.0481027911e+02
ablation,SBOA-LOBL,F18,30,0,3.1778592809e+05
ablation,SBOA-LOBL,F19,30,0,8.9139515376e+02
ablation,SBOA-ACGM,F3,30,0,3.9610157395e+04
ablation,SBOA-ACGM,F4,30,0,7.3332876105e+01
ablation,SBOA-ACGM,F5,30,0,7.3970304881e+01
ablation,SBOA-ACGM,F6,30,0,7.7977227811e+00
ablation,SBOA-LOBL,F20,30,0,3.7934536341e+02
ablation,SBOA-LOBL,F21,30,0,2.5911393302e+02
ablation,SBOA-LOBL,F22,30,0,1.0726977913e+02
ablation,SBOA-LOBL,F23,30,0,4.1262355062e+02
ablation,SBOA-ACGM,F7,30,0,1.2379778734e+02
ablation,SBOA-ACGM,F8,30,0,7.8308691116e+01
ablation,SBOA-ACGM,F9,30,0,6.6256741781e+01
ablation,SBOA-ACGM,F10,30,0,3.7168162874e+03
ablation,SBOA-LOBL,F24,30,0,4.5699689755e+02
ablation,SBOA-LOBL,F25,30,0,4.1194542369e+02
ablation,SBOA-LOBL,F26,30,0,1.8401695147e+03
ablation,SBOA-LOBL,F27,30,0,5.0397812327e+02
ablation,SBOA-ACGM,F11,30,0,1.0591372116e+02
ablation,SBOA-ACGM,F12,30,0,2.3641715229e+05
ablation,SBOA-ACGM,F13,30,0,3.4388313080e+03
ablation,SBOA-ACGM,F14,30,0,5.6518207979e+04
ablation,SBOA-LOBL,F28,30,0,4.3600604230e+02
ablation,SBOA-LOBL,F29,30,0,1.0289435125e+03
ablation,SBOA-LOBL,F30,30,0,7.2543732775e+04
ablation,SBOA-ACGM,F1,30,0,3.4159368735e+04
ablation,SBOA-ACGM,F15,30,0,1.2881259173e+04
ablation,SBOA-ACGM,F16,30,0,7.4225039947e+02
ablation,SBOA-ACGM,F17,30,0,4.5966949422e+02
ablation,SBOA-ACGM,F18,30,0,7.9624193843e+05
ablation,SBOA-GPSI-LOBL,F1,30,0,1.1381715926e+05
ablation,SBOA-GPSI-LOBL,F3,30,0,6.0009774708e+04
ablation,SBOA-GPSI-LOBL,F4,30,0,8.8066744450e+01
ablation,SBOA-GPSI-LOBL,F5,30,0,6.4397737838e+01
ablation,SBOA-ACGM,F19,30,0,3.2356278701e+02
ablation,SBOA-ACGM,F20,30,0,6.8731715942e+01
ablation,SBOA-ACGM,F21,30,0,2.6563143377e+02
ablation,SBOA-ACGM,F22,30,0,1.0336725947e+02
ablation,SBOA-GPSI-LOBL,F6,30,0,6.3222473545e+00
ablation,SBOA-GPSI-LOBL,F7,30,0,9.8364976139e+01
ablation,SBOA-GPSI-LOBL,F8,30,0,7.8893991315e+01
ablation,SBOA-GPSI-LOBL,F9,30,0,9.8749497968e+01
ablation,SBOA-ACGM,F23,30,0,4.0515235012e+02
ablation,SBOA-ACGM,F24,30,0,4.7758434265e+02
ablation,SBOA-ACGM,F25,30,0,4.1202292673e+02
ablation,SBOA-ACGM,F26,30,0,2.0122699510e+03
ablation,SBOA-GPSI-LOBL,F10,30,0,3.2184228036e+03
ablation,SBOA-GPSI-LOBL,F11,30,0,5.9877819639e+01
ablation,SBOA-GPSI-LOBL,F12,30,0,5.4106035699e+05
ablation,SBOA-GPSI-LOBL,F13,30,0,2.8729504637e+04
ablation,SBOA-GPSI-LOBL,F14,30,0,5.1879362548e+03
ablation,SBOA-GPSI-LOBL,F15,30,0,2.1847371097e+04
ablation,SBOA-GPSI-LOBL,F16,30,0,1.0875565909e+03
ablation,SBOA-GPSI-LOBL,F17,30,0,2.3704294874e+02
ablation,SBOA-ACGM,F27,30,0,5.2168817072e+02
ablation,SBOA-ACGM,F28,30,0,4.1153758031e+02
ablation,SBOA-ACGM,F29,30,0,7.8528459611e+02
ablation,SBOA-ACGM,F30,30,0,6.8350324844e+04
ablation,SBOA-GPSI-LOBL,F18,30,0,1.0181557011e+06
ablation,SBOA-GPSI-LOBL,F19,30,0,1.5388071386e+03
ablation,SBOA-GPSI-LOBL,F20,30,0,3.3728092573e+02
ablation,SBOA-GPSI-LOBL,F21,30,0,2.6823754838e+02
ablation,SBOA-GPSI-ACGM,F5,30,0,9.7762948022e+01
ablation,SBOA-GPSI-ACGM,F6,30,0,4.2787103891e+00
ablation,SBOA-GPSI-ACGM,F7,30,0,1.5813679168e+02
ablation,SBOA-GPSI-ACGM,F8,30,0,8.8136913129e+01
ablation,SBOA-GPSI-LOBL,F30,30,0,2.1201395196e+06
ablation,SBOA-GPSI-ACGM,F1,30,0,3.4352822342e+03
ablation,SBOA-GPSI-ACGM,F3,30,0,4.3601420901e+04
ablation,SBOA-GPSI-ACGM,F4,30,0,1.0091606246e+02
ablation,SBOA-GPSI-LOBL,F22,30,0,1.0362959157e+02
ablation,SBOA-GPSI-LOBL,F23,30,0,3.9193320252e+02
ablation,SBOA-GPSI-LOBL,F24,30,0,4.7909347105e+02
ablation,SBOA-GPSI-LOBL,F25,30,0,4.2548657860e+02
ablation,SBOA-GPSI-ACGM,F9,30,0,2.7536240330e+01
ablation,SBOA-GPSI-ACGM,F10,30,0,4.0293643975e+03
ablation,SBOA-GPSI-ACGM,F11,30,0,1.2085855190e+02
ablation,SBOA-GPSI-ACGM,F12,30,0,1.4661521018e+06
ablation,SBOA-GPSI-ACGM,F13,30,0,1.9760615141e+03
ablation,SBOA-GPSI-ACGM,F14,30,0,6.3267698211e+03
ablation,SBOA-GPSI-ACGM,F15,30,0,2.7888444670e+03
ablation,SBOA-GPSI-ACGM,F16,30,0,1.0019762107e+03
ablation,SBOA-GPSI-LOBL,F26,30,0,1.7011024607e+03
ablation,SBOA-GPSI-LOBL,F27,30,0,5.1799338275e+02
ablation,SBOA-GPSI-LOBL,F28,30,0,4.1106902191e+02
ablation,SBOA-GPSI-LOBL,F29,30,0,9.4513219076e+02
ablation,SBOA-GPSI-ACGM,F17,30,0,1.9301062027e+02
ablation,SBOA-GPSI-ACGM,F18,30,0,2.4849410010e+05
ablation,SBOA-GPSI-ACGM,F19,30,0,9.6127019099e+03
ablation,SBOA-GPSI-ACGM,F20,30,0,3.4615124986e+02
ablation,SBOA-LOBL-ACGM,F4,30,0,7.2749954082e+01
ablation,SBOA-LOBL-ACGM,F5,30,0,5.5256874921e+01
ablation,SBOA-LOBL-ACGM,F6,30,0,7.1922148397e+00
ablation,SBOA-LOBL-ACGM,F7,30,0,1.3605765404e+02
ablation,SBOA-GPSI-ACGM,F21,30,0,2.5834488480e+02
ablation,SBOA-GPSI-ACGM,F22,30,0,1.0054968849e+02
ablation,SBOA-GPSI-ACGM,F23,30,0,4.0569233092e+02
ablation,SBOA-GPSI-ACGM,F24,30,0,5.0724897637e+02
ablation,SBOA-LOBL-ACGM,F8,30,0,6.1412659064e+01
ablation,SBOA-LOBL-ACGM,F9,30,0,2.9350501995e+01
ablation,SBOA-LOBL-ACGM,F10,30,0,3.1852509672e+03
ablation,SBOA-LOBL-ACGM,F11,30,0,1.2001070465e+02
ablation,SBOA-GPSI-ACGM,F29,30,0,8.2093649541e+02
ablation,SBOA-GPSI-ACGM,F30,30,0,3.9599678037e+04
ablation,SBOA-LOBL-ACGM,F1,30,0,4.3942491159e+04
ablation,SBOA-LOBL-ACGM,F3,30,0,3.4652599455e+04
ablation,SBOA-LOBL-ACGM,F12,30,0,1.1258205816e+06
ablation,SBOA-LOBL-ACGM,F13,30,0,4.5401605278e+03
ablation,SBOA-LOBL-ACGM,F14,30,0,3.0996457282e+03
ablation,SBOA-LOBL-ACGM,F15,30,0,2.8173311680e+03
ablation,SBOA-GPSI-ACGM,F25,30,0,4.0203581048e+02
ablation,SBOA-GPSI-ACGM,F26,30,0,1.9043801104e+03
ablation,SBOA-GPSI-ACGM,F27,30,0,5.1901188981e+02
ablation,SBOA-GPSI-ACGM,F28,30,0,4.5838751480e+02
ablation,SBOA-LOBL-ACGM,F16,30,0,7.8248662441e+02
ablation,SBOA-LOBL-ACGM,F17,30,0,2.0903615178e+02
ablation,SBOA-LOBL-ACGM,F18,30,0,3.1224086995e+05
ablation,SBOA-LOBL-ACGM,F19,30,0,3.8776134611e+02
ablation,SBOA-LOBL-ACGM,F20,30,0,2.0360679643e+02
ablation,SBOA-LOBL-ACGM,F21,30,0,2.8005065779e+02
ablation,SBOA-LOBL-ACGM,F22,30,0,1.0558527594e+02
ablation,SBOA-LOBL-ACGM,F23,30,0,4.0357495826e+02
ablation,MSSBOA,F3,30,0,2.9300006041e+04
ablation,MSSBOA,F4,30,0,6.8872988914e+01
ablation,MSSBOA,F5,30,0,3.3464243588e+01
ablation,MSSBOA,F6,30,0,1.1277726047e+01
ablation,MSSBOA,F7,30,0,8.3576802675e+01
ablation,MSSBOA,F8,30,0,7.9948808804e+01
ablation,MSSBOA,F9,30,0,7.8168931864e+01
ablation,MSSBOA,F10,30,0,4.3074569763e+03
ablation,SBOA-LOBL-ACGM,F24,30,0,4.9791359535e+02
ablation,SBOA-LOBL-ACGM,F25,30,0,3.8756709879e+02
ablation,SBOA-LOBL-ACGM,F26,30,0,2.9354111282e+02
ablation,SBOA-LOBL-ACGM,F27,30,0,5.2881282248e+02
ablation,MSSBOA,F11,30,0,1.2801959700e+02
ablation,MSSBOA,F12,30,0,8.8211165184e+05
ablation,MSSBOA,F13,30,0,1.2575849331e+04
ablation,MSSBOA,F14,30,0,4.0222303969e+04
ablation,SBOA-LOBL-ACGM,F28,30,0,4.5191253602e+02
ablation,SBOA-LOBL-ACGM,F29,30,0,7.6854264824e+02
ablation,SBOA-LOBL-ACGM,F30,30,0,1.3412044387e+04
ablation,MSSBOA,F1,30,0,1.1122802669e+05
ablation,MSSBOA,F15,30,0,7.4850135556e+03
ablation,MSSBOA,F16,30,0,8.4928809969e+02
ablation,MSSBOA,F17,30,0,6.1748080684e+01
ablation,MSSBOA,F18,30,0,4.0952231307e+05
ablation,SBOA,F1,30,1,1.6927949141e+04
ablation,SBOA,F3,30,1,3.5058750510e+04
ablation,SBOA,F4,30,1,1.2223467784e+02
ablation,SBOA,F5,30,1,5.7191105578e+01
ablation,MSSBOA,F19,30,0,1.1015177476e+03
ablation,MSSBOA,F20,30,0,4.8090001020e+02
ablation,MSSBOA,F21,30,0,2.8660385706e+02
ablation,MSSBOA,F22,30,0,1.0407588437e+02
ablation,SBOA,F6,30,1,1.1081990995e+01
ablation,SBOA,F7,30,1,1.7355340556e+02
ablation,SBOA,F8,30,1,4.6604125838e+01
ablation,SBOA,F9,30,1,2.0261786256e+01
ablation,MSSBOA,F23,30,0,4.2037858978e+02
ablation,MSSBOA,F24,30,0,5.2978120113e+02
ablation,MSSBOA,F25,30,0,4.1480028689e+02
ablation,MSSBOA,F26,30,0,1.9222958590e+03
ablation,SBOA,F10,30,1,4.3900411844e+03
ablation,SBOA,F11,30,1,6.0087614924e+01
ablation,SBOA,F12,30,1,1.1810148224e+06
ablation,SBOA,F13,30,1,1.3282905728e+04
ablation,SBOA,F14,30,1,3.2111387119e+03
ablation,SBOA,F15,30,1,2.3338225020e+03
ablation,SBOA,F16,30,1,1.0839727650e+03
ablation,SBOA,F17,30,1,2.7505153848e+02
ablation,MSSBOA,F27,30,0,5.3188189166e+02
ablation,MSSBOA,F28,30,0,4.3099611422e+02
ablation,MSSBOA,F29,30,0,7.0291735540e+02
ablation,MSSBOA,F30,30,0,2.2206468139e+04
ablation,SBOA,F18,30,1,1.8667668552e+05
ablation,SBOA,F19,30,1,8.4640776398e+01
ablation,SBOA,F20,30,1,1.4025282843e+02
ablation,SBOA,F21,30,1,2.5335612861e+02
ablation,SBOA-GPSI,F5,30,1,7.3579522842e+01
ablation,SBOA-GPSI,F6,30,1,5.6176104564e+00
ablation,SBOA-GPSI,F7,30,1,7.3003572686e+01
ablation,SBOA-GPSI,F8,30,1,1.0434001352e+02
ablation,SBOA,F22,30,1,1.0110413122e+02
ablation,SBOA,F23,30,1,3.8679420281e+02
ablation,SBOA,F24,30,1,5.1130040599e+02
ablation,SBOA,F25,30,1,4.2929619416e+02
ablation,SBOA,F30,30,1,2.3058947452e+04
ablation,SBOA-GPSI,F1,30,1,1.2162800665e+04
ablation,SBOA-GPSI,F3,30,1,3.5710817787e+04
ablation,SBOA-GPSI,F4,30,1,9.0527284546e+01
ablation,SBOA-GPSI,F9,30,1,2.7860890423e+01
ablation,SBOA-GPSI,F10,30,1,2.3983170830e+03
ablation,SBOA-GPSI,F11,30,1,9.5379011950e+01
ablation,SBOA-GPSI,F12,30,1,9.0151221894e+05
ablation,SBOA-GPSI,F13,30,1,1.8642900808e+02
ablation,SBOA-GPSI,F14,30,1,3.5452766326e+04
ablation,SBOA-GPSI,F15,30,1,4.0991312312e+02
ablation,SBOA-GPSI,F16,30,1,1.3667876729e+03
ablation,SBOA,F26,30,1,1.8154592593e+03
ablation,SBOA,F27,30,1,5.1442551500e+02
ablation,SBOA,F28,30,1,4.1091699397e+02
ablation,SBOA,F29,30,1,1.0227634354e+03
ablation,SBOA-GPSI,F17,30,1,3.8492523486e+02
ablation,SBOA-GPSI,F18,30,1,6.2506155882e+05
ablation,SBOA-GPSI,F19,30,1,1.4524251615e+03
ablation,SBOA-GPSI,F20,30,1,2.6782140950e+02
ablation,SBOA-LOBL,F4,30,1,1.4488931803e+02
ablation,SBOA-LOBL,F5,30,1,7.1203892673e+01
ablation,SBOA-LOBL,F6,30,1,9.0073092970e+00
ablation,SBOA-LOBL,F7,30,1,8.4522489097e+01
ablation,SBOA-GPSI,F21,30,1,2.7221709624e+02
ablation,SBOA-GPSI,F22,30,1,1.0320936616e+02
ablation,SBOA-GPSI,F23,30,1,3.8880713702e+02
ablation,SBOA-GPSI,F24,30,1,4.5199118050e+02
ablation,SBOA-GPSI,F29,30,1,6.4709327047e+02
ablation,SBOA-GPSI,F30,30,1,9.9169283222e+03
ablation,SBOA-LOBL,F1,30,1,5.7272561093e+04
ablation,SBOA-LOBL,F3,30,1,3.1484298222e+04
ablation,SBOA-LOBL,F8,30,1,6.2988364238e+01
ablation,SBOA-LOBL,F9,30,1,1.5126093559e+02
ablation,SBOA-LOBL,F10,30,1,4.2962580503e+03
ablation,SBOA-LOBL,F11,30,1,7.6029811269e+01
ablation,SBOA-GPSI,F25,30,1,3.8772784631e+02
ablation,SBOA-GPSI,F26,30,1,2.0952622836e+03
ablation,SBOA-GPSI,F27,30,1,5.2271810826e+02
ablation,SBOA-GPSI,F28,30,1,4.6409281815e+02
ablation,SBOA-LOBL,F12,30,1,6.8092902549e+05
ablation,SBOA-LOBL,F13,30,1,3.8996148885e+04
ablation,SBOA-LOBL,F14,30,1,1.3165093974e+05
ablation,SBOA-LOBL,F15,30,1,4.4486797834e+03
ablation,SBOA-LOBL,F16,30,1,8.7770457474e+02
ablation,SBOA-LOBL,F17,30,1,2.8630965007e+02
ablation,SBOA-LOBL,F18,30,1,5.9930741715e+05
ablation,SBOA-LOBL,F19,30,1,4.9313455268e+04
ablation,SBOA-LOBL,F20,30,1,2.6101415671e+02
ablation,SBOA-LOBL,F21,30,1,2.9118677821e+02
ablation,SBOA-LOBL,F22,30,1,1.0092196451e+02
ablation,SBOA-LOBL,F23,30,1,4.1356737692e+02
ablation,SBOA-ACGM,F3,30,1,3.2103083744e+04
ablation,SBOA-ACGM,F4,30,1,1.2124560366e+02
ablation,SBOA-ACGM,F5,30,1,7.3894868929e+01
ablation,SBOA-ACGM,F6,30,1,1.0371997669e+01
ablation,SBOA-ACGM,F7,30,1,1.1424808456e+02
ablation,SBOA-ACGM,F8,30,1,8.1740909060e+01
ablation,SBOA-ACGM,F9,30,1,1.3360519728e+02
ablation,SBOA-ACGM,F10,30,1,3.2953542017e+03
ablation,SBOA-LOBL,F24,30,1,4.8029481536e+02
ablation,SBOA-LOBL,F25,30,1,3.8780268869e+02
ablation,SBOA-LOBL,F26,30,1,1.5738711720e+03
ablation,SBOA-LOBL,F27,30,1,5.2282347502e+02
ablation,SBOA-ACGM,F11,30,1,3.0354542231e+01
ablation,SBOA-ACGM,F12,30,1,1.2804555879e+06
ablation,SBOA-ACGM,F13,30,1,1.3692604086e+04
ablation,SBOA-ACGM,F14,30,1,2.0641349269e+04
ablation,SBOA-LOBL,F28,30,1,4.2972622038e+02
ablation,SBOA-LOBL,F29,30,1,8.4904639017e+02
ablation,SBOA-LOBL,F30,30,1,2.5393946857e+04
ablation,SBOA-ACGM,F1,30,1,6.5422123849e+03
ablation,SBOA-ACGM,F15,30,1,1.5655130661e+04
ablation,SBOA-ACGM,F16,30,1,1.1450383990e+03
ablation,SBOA-ACGM,F17,30,1,2.3573180354e+02
ablation,SBOA-ACGM,F18,30,1,8.0805004285e+05
ablation,SBOA-GPSI-LOBL,F1,30,1,6.2573255287e+04
ablation,SBOA-GPSI-LOBL,F3,30,1,2.8974548403e+04
ablation,SBOA-GPSI-LOBL,F4,30,1,1.1591983868e+02
ablation,SBOA-GPSI-LOBL,F5,30,1,9.1924062540e+01
ablation,SBOA-ACGM,F19,30,1,9.2560359920e+03
ablation,SBOA-ACGM,F20,30,1,4.4766848811e+02
ablation,SBOA-ACGM,F21,30,1,2.4290812153e+02
ablation,SBOA-ACGM,F22,30,1,1.0107929125e+02
ablation,SBOA-GPSI-LOBL,F6,30,1,1.7217208376e+01
ablation,SBOA-GPSI-LOBL,F7,30,1,1.2021698069e+02
ablation,SBOA-GPSI-LOBL,F8,30,1,1.0212930385e+02
ablation,SBOA-GPSI-LOBL,F9,30,1,1.1021816954e+02
ablation,SBOA-ACGM,F23,30,1,4.2231809411e+02
ablation,SBOA-ACGM,F24,30,1,4.6746510825e+02
ablation,SBOA-ACGM,F25,30,1,3.8722719585e+02
ablation,SBOA-ACGM,F26,30,1,2.6690792251e+03
ablation,SBOA-GPSI-LOBL,F10,30,1,3.8345034037e+03
ablation,SBOA-GPSI-LOBL,F11,30,1,1.1290408136e+02
ablation,SBOA-GPSI-LOBL,F12,30,1,1.0539439509e+06
ablation,SBOA-GPSI-LOBL,F13,30,1,4.9374327005e+03
ablation,SBOA-ACGM,F27,30,1,5.3466922830e+02
ablation,SBOA-ACGM,F28,30,1,4.8762052606e+02
ablation,SBOA-ACGM,F29,30,1,7.9681170987e+02
ablation,SBOA-ACGM,F30,30,1,1.0062355094e+04
ablation,SBOA-GPSI-LOBL,F14,30,1,2.3207587291e+03
ablation,SBOA-GPSI-LOBL,F15,30,1,1.0839702646e+03
ablation,SBOA-GPSI-LOBL,F16,30,1,5.7869032992e+02
ablation,SBOA-GPSI-LOBL,F17,30,1,2.2890455682e+02
ablation,SBOA-GPSI-LOBL,F18,30,1,1.1648447923e+05
ablation,SBOA-GPSI-LOBL,F19,30,1,3.9118609450e+03
ablation,SBOA-GPSI-LOBL,F20,30,1,2.1202215161e+02
ablation,SBOA-GPSI-LOBL,F21,30,1,2.6713781852e+02
ablation,SBOA-GPSI-ACGM,F5,30,1,8.3498344957e+01
ablation,SBOA-GPSI-ACGM,F6,30,1,6.0171888779e+00
ablation,SBOA-GPSI-ACGM,F7,30,1,1.3778551278e+02
ablation,SBOA-GPSI-ACGM,F8,30,1,6.4298141228e+01
ablation,SBOA-GPSI-LOBL,F30,30,1,9.3831263244e+04
ablation,SBOA-GPSI-ACGM,F1,30,1,2.3065575460e+04
ablation,SBOA-GPSI-ACGM,F3,30,1,4.2371553598e+04
ablation,SBOA-GPSI-ACGM,F4,30,1,1.1592320600e+02
ablation,SBOA-GPSI-LOBL,F22,30,1,1.0404068532e+02
ablation,SBOA-GPSI-LOBL,F23,30,1,3.9320584086e+02
ablation,SBOA-GPSI-LOBL,F24,30,1,4.8651124304e+02
ablation,SBOA-GPSI-LOBL,F25,30,1,3.8748483625e+02
ablation,SBOA-GPSI-ACGM,F9,30,1,1.3009409661e+02
ablation,SBOA-GPSI-ACGM,F10,30,1,3.7660843465e+03
ablation,SBOA-GPSI-ACGM,F11,30,1,1.2959854884e+02
ablation,SBOA-GPSI-ACGM,F12,30,1,2.2789364145e+05
ablation,SBOA-GPSI-ACGM,F13,30,1,4.8503456951e+03
ablation,SBOA-GPSI-ACGM,F14,30,1,3.1554809913e+04
ablation,SBOA-GPSI-ACGM,F15,30,1,5.0105398944e+02
ablation,SBOA-GPSI-ACGM,F16,30,1,6.9264385732e+02
ablation,SBOA-GPSI-LOBL,F26,30,1,1.6497603393e+03
ablation,SBOA-GPSI-LOBL,F27,30,1,5.2448532346e+02
ablation,SBOA-GPSI-LOBL,F28,30,1,4.6511356979e+02
ablation,SBOA-GPSI-LOBL,F29,30,1,8.5983363306e+02
ablation,SBOA-GPSI-ACGM,F17,30,1,5.1345903475e+01
ablation,SBOA-GPSI-ACGM,F18,30,1,2.2048516495e+06
ablation,SBOA-GPSI-ACGM,F19,30,1,5.1379156822e+03
ablation,SBOA-GPSI-ACGM,F20,30,1,4.3550671400e+02
ablation,SBOA-LOBL-ACGM,F4,30,1,1.4143398986e+02
ablation,SBOA-LOBL-ACGM,F5,30,1,6.9640363853e+01
ablation,SBOA-LOBL-ACGM,F6,30,1,1.0227747419e+01
ablation,SBOA-LOBL-ACGM,F7,30,1,1.3894176180e+02
ablation,SBOA-GPSI-ACGM,F21,30,1,2.7601134169e+02
ablation,SBOA-GPSI-ACGM,F22,30,1,1.0436700218e+02
ablation,SBOA-GPSI-ACGM,F23,30,1,4.3928947244e+02
ablation,SBOA-GPSI-ACGM,F24,30,1,4.7402203129e+02
ablation,SBOA-LOBL-ACGM,F8,30,1,7.2358734653e+01
ablation,SBOA-LOBL-ACGM,F9,30,1,8.1943032502e+01
ablation,SBOA-LOBL-ACGM,F10,30,1,3.7133602200e+03
ablation,SBOA-LOBL-ACGM,F11,30,1,9.6517087709e+01
ablation,SBOA-GPSI-ACGM,F29,30,1,7.1995243482e+02
ablation,SBOA-GPSI-ACGM,F30,30,1,1.8396013860e+04
ablation,SBOA-LOBL-ACGM,F1,30,1,4.4477910208e+04
ablation,SBOA-LOBL-ACGM,F3,30,1,4.1311874689e+04
ablation,SBOA-GPSI-ACGM,F25,30,1,3.8770625602e+02
ablation,SBOA-GPSI-ACGM,F26,30,1,1.5898844421e+03
ablation,SBOA-GPSI-ACGM,F27,30,1,5.3048495065e+02
ablation,SBOA-GPSI-ACGM,F28,30,1,4.2683260337e+02
ablation,SBOA-LOBL-ACGM,F12,30,1,1.2616804093e+06
ablation,SBOA-LOBL-ACGM,F13,30,1,1.4984411812e+04
ablation,SBOA-LOBL-ACGM,F14,30,1,9.3219284711e+03
ablation,SBOA-LOBL-ACGM,F15,30,1,5.0150424362e+02
ablation,SBOA-LOBL-ACGM,F16,30,1,1.1505643641e+03
ablation,SBOA-LOBL-ACGM,F17,30,1,2.0199181181e+02
ablation,SBOA-LOBL-ACGM,F18,30,1,6.1470332173e+05
ablation,SBOA-LOBL-ACGM,F19,30,1,1.1913327402e+03
ablation,SBOA-LOBL-ACGM,F20,30,1,1.6065644266e+02
ablation,SBOA-LOBL-ACGM,F21,30,1,2.8340190535e+02
ablation,SBOA-LOBL-ACGM,F22,30,1,1.0609321514e+02
ablation,SBOA-LOBL-ACGM,F23,30,1,4.4894898612e+02
ablation,MSSBOA,F3,30,1,3.8618362218e+04
ablation,MSSBOA,F4,30,1,9.2214607248e+01
ablation,MSSBOA,F5,30,1,8.3695941013e+01
ablation,MSSBOA,F6,30,1,1.3077473019e+01
ablation,SBOA-LOBL-ACGM,F24,30,1,4.7345414367e+02
ablation,SBOA-LOBL-ACGM,F25,30,1,3.9994557474e+02
ablation,SBOA-LOBL-ACGM,F26,30,1,1.9493030416e+03
ablation,SBOA-LOBL-ACGM,F27,30,1,5.4089216734e+02
ablation,MSSBOA,F7,30,1,8.1644232229e+01
ablation,MSSBOA,F8,30,1,4.4923231294e+01
ablation,MSSBOA,F9,30,1,7.5326248038e+01
ablation,MSSBOA,F10,30,1,4.5312231959e+03
ablation,MSSBOA,F11,30,1,1.4933424244e+02
ablation,MSSBOA,F12,30,1,4.3626643450e+06
ablation,MSSBOA,F13,30,1,4.0779469296e+04
ablation,MSSBOA,F14,30,1,1.8752944005e+04
ablation,SBOA-LOBL-ACGM,F28,30,1,4.5776752883e+02
ablation,SBOA-LOBL-ACGM,F29,30,1,9.8746890740e+02
ablation,SBOA-LOBL-ACGM,F30,30,1,1.0824845004e+05
ablation,MSSBOA,F1,30,1,1.1501763724e+05
ablation,MSSBOA,F15,30,1,2.9544990422e+04
ablation,MSSBOA,F16,30,1,5.9472271622e+02
ablation,MSSBOA,F17,30,1,1.5002647166e+02
ablation,MSSBOA,F18,30,1,7.3903738472e+05
ablation,SBOA,F1,30,2,9.1231076685e+03
ablation,SBOA,F3,30,2,2.8304898484e+04
ablation,SBOA,F4,30,2,1.1709205836e+02
ablation,SBOA,F5,30,2,7.0517599366e+01
ablation,MSSBOA,F19,30,1,6.1551287612e+03
ablation,MSSBOA,F20,30,1,2.3352707585e+02
ablation,MSSBOA,F21,30,1,2.9356639108e+02
ablation,MSSBOA,F22,30,1,1.0383188056e+02
ablation,SBOA,F6,30,2,1.2312538141e+01
ablation,SBOA,F7,30,2,1.1290042905e+02
ablation,SBOA,F8,30,2,3.7858190387e+01
ablation,SBOA,F9,30,2,6.1337689858e+00
ablation,SBOA,F10,30,2,3.1365347346e+03
ablation,SBOA,F11,30,2,6.5866176108e+01
ablation,SBOA,F12,30,2,1.3170704222e+06
ablation,SBOA,F13,30,2,4.4061953151e+02
ablation,MSSBOA,F23,30,1,3.9420641212e+02
ablation,MSSBOA,F24,30,1,4.5375602197e+02
ablation,MSSBOA,F25,30,1,3.9526518457e+02
ablation,MSSBOA,F26,30,1,1.8787025532e+03
ablation,SBOA,F14,30,2,4.5251793170e+03
ablation,SBOA,F15,30,2,1.4080105966e+04
ablation,SBOA,F16,30,2,8.2397490915e+02
ablation,SBOA,F17,30,2,4.0118799734e+02
ablation,MSSBOA,F27,30,1,5.0438282794e+02
ablation,MSSBOA,F28,30,1,4.4961963637e+02
ablation,MSSBOA,F29,30,1,6.8030344083e+02
ablation,MSSBOA,F30,30,1,1.8132279357e+04
ablation,SBOA,F18,30,2,1.3721423143e+06
ablation,SBOA,F19,30,2,4.9698811122e+03
ablation,SBOA,F20,30,2,1.4564782829e+02
ablation,SBOA,F21,30,2,2.6765420170e+02
ablation,SBOA,F22,30,2,1.0053863129e+02
ablation,SBOA,F23,30,2,3.9838346213e+02
ablation,SBOA,F24,30,2,5.1345255442e+02
ablation,SBOA,F25,30,2,3.9451710829e+02
ablation,SBOA-GPSI,F5,30,2,7.2557487659e+01
ablation,SBOA-GPSI,F6,30,2,1.2299140375e+01
ablation,SBOA-GPSI,F7,30,2,8.6625152473e+01
ablation,SBOA-GPSI,F8,30,2,8.7888981068e+01
ablation,SBOA,F30,30,2,4.7093203311e+04
ablation,SBOA-GPSI,F1,30,2,4.6659235259e+04
ablation,SBOA-GPSI,F3,30,2,3.7251729324e+04
ablation,SBOA-GPSI,F4,30,2,1.1407311863e+02
ablation,SBOA-GPSI,F9,30,2,2.9022903342e+02
ablation,SBOA-GPSI,F10,30,2,3.6426522154e+03
ablation,SBOA-GPSI,F11,30,2,1.3244746176e+02
ablation,SBOA-GPSI,F12,30,2,1.5588815077e+06
ablation,SBOA-GPSI,F13,30,2,2.4630615093e+03
ablation,SBOA-GPSI,F14,30,2,2.0252741897e+03
ablation,SBOA-GPSI,F15,30,2,5.3058298134e+02
ablation,SBOA-GPSI,F16,30,2,7.4731716133e+02
ablation,SBOA,F26,30,2,1.6352775498e+03
ablation,SBOA,F27,30,2,5.1401862780e+02
ablation,SBOA,F28,30,2,4.3396084511e+02
ablation,SBOA,F29,30,2,7.9048066888e+02
ablation,SBOA-GPSI,F17,30,2,1.9277308521e+02
ablation,SBOA-GPSI,F18,30,2,5.5767444511e+05
ablation,SBOA-GPSI,F19,30,2,6.1039727926e+03
ablation,SBOA-GPSI,F20,30,2,6.9021111699e+01
ablation,SBOA-GPSI,F21,30,2,2.7165313462e+02
ablation,SBOA-GPSI,F22,30,2,1.0140839908e+02
ablation,SBOA-GPSI,F23,30,2,3.9676102970e+02
ablation,SBOA-GPSI,F24,30,2,4.5589291979e+02
ablation,SBOA-LOBL,F4,30,2,8.1650641018e+01
ablation,SBOA-LOBL,F5,30,2,1.1491050030e+02
ablation,SBOA-LOBL,F6,30,2,6.4045314043e+00
ablation,SBOA-LOBL,F7,30,2,1.3759225438e+02
ablation,SBOA-GPSI,F29,30,2,6.1459040900e+02
ablation,SBOA-GPSI,F30,30,2,1.5829627406e+05
ablation,SBOA-LOBL,F1,30,2,1.8928305237e+04
ablation,SBOA-LOBL,F3,30,2,3.2875528141e+04
ablation,SBOA-GPSI,F25,30,2,4.1248140730e+02
ablation,SBOA-GPSI,F26,30,2,1.8548041284e+03
ablation,SBOA-GPSI,F27,30,2,5.1160104462e+02
ablation,SBOA-GPSI,F28,30,2,4.6231079052e+02
ablation,SBOA-LOBL,F8,30,2,1.0582807155e+02
ablation,SBOA-LOBL,F9,30,2,7.5148830349e+01
ablation,SBOA-LOBL,F10,30,2,4.2672348801e+03
ablation,SBOA-LOBL,F11,30,2,1.0383731719e+02
ablation,SBOA-LOBL,F12,30,2,2.0789852904e+06
ablation,SBOA-LOBL,F13,30,2,4.5520591680e+03
ablation,SBOA-LOBL,F14,30,2,3.4437686026e+04
ablation,SBOA-LOBL,F15,30,2,1.3463562927e+04
ablation,SBOA-LOBL,F16,30,2,1.0563351001e+03
ablation,SBOA-LOBL,F17,30,2,1.4936238243e+02
ablation,SBOA-LOBL,F18,30,2,1.2965650855e+06
ablation,SBOA-LOBL,F19,30,2,8.7422507203e+03
ablation,SBOA-ACGM,F3,30,2,4.2173653260e+04
ablation,SBOA-ACGM,F4,30,2,9.4265240009e+01
ablation,SBOA-ACGM,F5,30,2,1.5627226606e+02
ablation,SBOA-ACGM,F6,30,2,8.2998950269e+00
ablation,SBOA-LOBL,F20,30,2,3.0637160458e+02
ablation,SBOA-LOBL,F21,30,2,2.5970614513e+02
ablation,SBOA-LOBL,F22,30,2,1.0194963529e+02
ablation,SBOA-LOBL,F23,30,2,4.2085463084e+02
ablation,SBOA-ACGM,F7,30,2,8.5319801232e+01
ablation,SBOA-ACGM,F8,30,2,8.5876055561e+01
ablation,SBOA-ACGM,F9,30,2,3.5838235425e+01
ablation,SBOA-ACGM,F10,30,2,2.9418281333e+03
ablation,SBOA-LOBL,F24,30,2,4.8670127326e+02
ablation,SBOA-LOBL,F25,30,2,4.0540098886e+02
ablation,SBOA-LOBL,F26,30,2,1.9367588644e+03
ablation,SBOA-LOBL,F27,30,2,5.2585884309e+02
ablation,SBOA-ACGM,F11,30,2,1.9825938641e+02
ablation,SBOA-ACGM,F12,30,2,1.0581351481e+06
ablation,SBOA-ACGM,F13,30,2,2.3254797090e+04
ablation,SBOA-ACGM,F14,30,2,3.2078677421e+03
ablation,SBOA-LOBL,F28,30,2,4.0869430474e+02
ablation,SBOA-LOBL,F29,30,2,7.5954455325e+02
ablation,SBOA-LOBL,F30,30,2,2.6102843265e+04
ablation,SBOA-ACGM,F1,30,2,2.5061464485e+04
ablation,SBOA-ACGM,F15,30,2,2.7818063280e+03
ablation,SBOA-ACGM,F16,30,2,6.7975394196e+02
ablation,SBOA-ACGM,F17,30,2,3.6654724155e+02
ablation,SBOA-ACGM,F18,30,2,3.5283688335e+05
ablation,SBOA-GPSI-LOBL,F1,30,2,2.3458128129e+05
ablation,SBOA-GPSI-LOBL,F3,30,2,5.0966991719e+04
ablation,SBOA-GPSI-LOBL,F4,30,2,1.0969725532e+02
ablation,SBOA-GPSI-LOBL,F5,30,2,6.7039588044e+01
ablation,SBOA-ACGM,F19,30,2,1.3961228617e+03
ablation,SBOA-ACGM,F20,30,2,5.6298262286e+02
ablation,SBOA-ACGM,F21,30,2,2.7374909280e+02
ablation,SBOA-ACGM,F22,30,2,1.0062264042e+02
ablation,SBOA-GPSI-LOBL,F6,30,2,1.0429785251e+01
ablation,SBOA-GPSI-LOBL,F7,30,2,1.1532079390e+02
ablation,SBOA-GPSI-LOBL,F8,30,2,5.7187172943e+01
ablation,SBOA-GPSI-LOBL,F9,30,2,4.7105034565e+02
ablation,SBOA-ACGM,F23,30,2,4.0706292667e+02
ablation,SBOA-ACGM,F24,30,2,4.5754196442e+02
ablation,SBOA-ACGM,F25,30,2,4.2692989182e+02
ablation,SBOA-ACGM,F26,30,2,1.9740866208e+03
ablation,SBOA-GPSI-LOBL,F10,30,2,4.0136239391e+03
ablation,SBOA-GPSI-LOBL,F11,30,2,9.3676668482e+01
ablation,SBOA-GPSI-LOBL,F12,30,2,3.2600276033e+05
ablation,SBOA-GPSI-LOBL,F13,30,2,6.2378637544e+03
ablation,SBOA-ACGM,F27,30,2,5.1149111492e+02
ablation,SBOA-ACGM,F28,30,2,4.3387183512e+02
ablation,SBOA-ACGM,F29,30,2,7.2986969097e+02
ablation,SBOA-ACGM,F30,30,2,7.2768612603e+04
ablation,SBOA-GPSI-LOBL,F14,30,2,2.1812653632e+04
ablation,SBOA-GPSI-LOBL,F15,30,2,2.9822918946e+04
ablation,SBOA-GPSI-LOBL,F16,30,2,6.5472361623e+02
ablation,SBOA-GPSI-LOBL,F17,30,2,2.8512602502e+02
ablation,SBOA-GPSI-LOBL,F18,30,2,9.4623685178e+05
ablation,SBOA-GPSI-LOBL,F19,30,2,4.8045211818e+03
ablation,SBOA-GPSI-LOBL,F20,30,2,5.3651125490e+02
ablation,SBOA-GPSI-LOBL,F21,30,2,2.5362661415e+02
ablation,SBOA-GPSI-LOBL,F30,30,2,5.2927804751e+05
ablation,SBOA-GPSI-ACGM,F1,30,2,1.0372277093e+05
ablation,SBOA-GPSI-ACGM,F3,30,2,3.1653796563e+04
ablation,SBOA-GPSI-ACGM,F4,30,2,7.3573000196e+01
ablation,SBOA-GPSI-ACGM,F5,30,2,4.4301701018e+01
ablation,SBOA-GPSI-ACGM,F6,30,2,1.3910450279e+01
ablation,SBOA-GPSI-ACGM,F7,30,2,1.3722997908e+02
ablation,SBOA-GPSI-ACGM,F8,30,2,6.5396826967e+01
ablation,SBOA-GPSI-LOBL,F22,30,2,1.0904001672e+02
ablation,SBOA-GPSI-LOBL,F23,30,2,3.7377013013e+02
ablation,SBOA-GPSI-LOBL,F24,30,2,4.9644388304e+02
ablation,SBOA-GPSI-LOBL,F25,30,2,4.3906619807e+02
ablation,SBOA-GPSI-ACGM,F9,30,2,8.2610443713e+01
ablation,SBOA-GPSI-ACGM,F10,30,2,5.0197019150e+03
ablation,SBOA-GPSI-ACGM,F11,30,2,5.6001934553e+01
ablation,SBOA-GPSI-ACGM,F12,30,2,3.2543627325e+05
ablation,SBOA-GPSI-ACGM,F13,30,2,1.9963989179e+04
ablation,SBOA-GPSI-ACGM,F14,30,2,2.7994101763e+04
ablation,SBOA-GPSI-ACGM,F15,30,2,6.1155055789e+03
ablation,SBOA-GPSI-ACGM,F16,30,2,7.1063356320e+02
ablation,SBOA-GPSI-LOBL,F26,30,2,2.4127548950e+03
ablation,SBOA-GPSI-LOBL,F27,30,2,5.2878913764e+02
ablation,SBOA-GPSI-LOBL,F28,30,2,4.3649122026e+02
ablation,SBOA-GPSI-LOBL,F29,30,2,8.6831763529e+02
ablation,SBOA-GPSI-ACGM,F17,30,2,1.0509468187e+02
ablation,SBOA-GPSI-ACGM,F18,30,2,4.6592288345e+05
ablation,SBOA-GPSI-ACGM,F19,30,2,2.9759106287e+03
ablation,SBOA-GPSI-ACGM,F20,30,2,3.0783847871e+02
ablation,SBOA-LOBL-ACGM,F4,30,2,1.2809019897e+02
ablation,SBOA-LOBL-ACGM,F5,30,2,4.4528862824e+01
ablation,SBOA-LOBL-ACGM,F6,30,2,2.0729419489e+01
ablation,SBOA-LOBL-ACGM,F7,30,2,1.3815707907e+02
ablation,SBOA-GPSI-ACGM,F21,30,2,2.9009283655e+02
ablation,SBOA-GPSI-ACGM,F22,30,2,3.1653193723e+03
ablation,SBOA-GPSI-ACGM,F23,30,2,4.0378406073e+02
ablation,SBOA-GPSI-ACGM,F24,30,2,4.5684794677e+02
ablation,SBOA-LOBL-ACGM,F8,30,2,9.8954213419e+01
ablation,SBOA-LOBL-ACGM,F9,30,2,2.8036768316e+02
ablation,SBOA-LOBL-ACGM,F10,30,2,2.7337391887e+03
ablation,SBOA-LOBL-ACGM,F11,30,2,1.1021253618e+02
ablation,SBOA-GPSI-ACGM,F25,30,2,4.4375673438e+02
ablation,SBOA-GPSI-ACGM,F26,30,2,1.8242119271e+03
ablation,SBOA-GPSI-ACGM,F27,30,2,5.2356216930e+02
ablation,SBOA-GPSI-ACGM,F28,30,2,4.1232462306e+02
ablation,SBOA-GPSI-ACGM,F29,30,2,5.7861076340e+02
ablation,SBOA-GPSI-ACGM,F30,30,2,1.9057391346e+04
ablation,SBOA-LOBL-ACGM,F1,30,2,9.1721081166e+04
ablation,SBOA-LOBL-ACGM,F3,30,2,2.9371274722e+04
ablation,SBOA-LOBL-ACGM,F12,30,2,1.4741348283e+06
ablation,SBOA-LOBL-ACGM,F13,30,2,4.3863213946e+04
ablation,SBOA-LOBL-ACGM,F14,30,2,5.9808936969e+03
ablation,SBOA-LOBL-ACGM,F15,30,2,4.1315683283e+04
ablation,SBOA-LOBL-ACGM,F16,30,2,4.8934832336e+02
ablation,SBOA-LOBL-ACGM,F17,30,2,2.6491090108e+02
ablation,SBOA-LOBL-ACGM,F18,30,2,4.2453801744e+04
ablation,SBOA-LOBL-ACGM,F19,30,2,1.2746035841e+03
ablation,SBOA-LOBL-ACGM,F20,30,2,2.4761780294e+02
ablation,SBOA-LOBL-ACGM,F21,30,2,2.4407065498e+02
ablation,SBOA-LOBL-ACGM,F22,30,2,1.0333827855e+02
ablation,SBOA-LOBL-ACGM,F23,30,2,3.9622328092e+02
ablation,MSSBOA,F3,30,2,2.4303242371e+04
ablation,MSSBOA,F4,30,2,8.6082754613e+01
ablation,MSSBOA,F5,30,2,1.1470560091e+02
ablation,MSSBOA,F6,30,2,1.2372308085e+01
ablation,MSSBOA,F7,30,2,1.2732974974e+02
ablation,MSSBOA,F8,30,2,6.8273470126e+01
ablation,MSSBOA,F9,30,2,4.3603890065e+01
ablation,MSSBOA,F10,30,2,4.8988629344e+03
ablation,SBOA-LOBL-ACGM,F24,30,2,4.9532824856e+02
ablation,SBOA-LOBL-ACGM,F25,30,2,4.1333930996e+02
ablation,SBOA-LOBL-ACGM,F26,30,2,3.0448502622e+02
ablation,SBOA-LOBL-ACGM,F27,30,2,5.0895100985e+02
ablation,MSSBOA,F11,30,2,7.7874923644e+01
ablation,MSSBOA,F12,30,2,2.0191464922e+06
ablation,MSSBOA,F13,30,2,2.2278813061e+04
ablation,MSSBOA,F14,30,2,3.6440127922e+04
ablation,SBOA-LOBL-ACGM,F28,30,2,4.1566803333e+02
ablation,SBOA-LOBL-ACGM,F29,30,2,8.2047877550e+02
ablation,SBOA-LOBL-ACGM,F30,30,2,3.5527643079e+04
ablation,MSSBOA,F1,30,2,5.4528726539e+04
ablation,MSSBOA,F15,30,2,5.4432997526e+04
ablation,MSSBOA,F16,30,2,5.8777445548e+02
ablation,MSSBOA,F17,30,2,9.0272338508e+01
ablation,MSSBOA,F18,30,2,2.5044207778e+05
ablation,SBOA,F1,30,3,1.0086196975e+05
ablation,SBOA,F3,30,3,3.0024226547e+04
ablation,SBOA,F4,30,3,8.0074999307e+00
ablation,SBOA,F5,30,3,7.2985785354e+01
ablation,MSSBOA,F19,30,2,4.9270598072e+03
ablation,MSSBOA,F20,30,2,9.8121409721e+01
ablation,MSSBOA,F21,30,2,2.6001460738e+02
ablation,MSSBOA,F22,30,2,1.0423199953e+02
ablation,SBOA,F6,30,3,1.2467561963e+01
ablation,SBOA,F7,30,3,1.4108952379e+02
ablation,SBOA,F8,30,3,6.5649924424e+01
ablation,SBOA,F9,30,3,1.1089235398e+02
ablation,SBOA,F10,30,3,2.9396892352e+03
ablation,SBOA,F11,30,3,1.0827717330e+02
ablation,SBOA,F12,30,3,8.6751172156e+05
ablation,SBOA,F13,30,3,3.7188832491e+03
ablation,MSSBOA,F23,30,2,3.9274245642e+02
ablation,MSSBOA,F24,30,2,4.8792696172e+02
ablation,MSSBOA,F25,30,2,4.3839507406e+02
ablation,MSSBOA,F26,30,2,2.1194696868e+03
ablation,SBOA,F14,30,3,1.8633881314e+04
ablation,SBOA,F15,30,3,8.6451088306e+02
ablation,SBOA,F16,30,3,5.7765907970e+02
ablation,SBOA,F17,30,3,4.2711540196e+02
ablation,SBOA,F18,30,3,9.5319862311e+05
ablation,SBOA,F19,30,3,2.2651905638e+02
ablation,SBOA,F20,30,3,2.9369843857e+02
ablation,SBOA,F21,30,3,2.4690178683e+02
ablation,MSSBOA,F27,30,2,5.0058472393e+02
ablation,MSSBOA,F28,30,2,4.2681651094e+02
ablation,MSSBOA,F29,30,2,8.7673762695e+02
ablation,MSSBOA,F30,30,2,1.4874491231e+05
ablation,SBOA-GPSI,F5,30,3,4.2160024025e+01
ablation,SBOA-GPSI,F6,30,3,1.0337906089e+01
ablation,SBOA-GPSI,F7,30,3,1.3744514846e+02
ablation,SBOA-GPSI,F8,30,3,1.1558111701e+02
ablation,SBOA,F22,30,3,1.0311133335e+02
ablation,SBOA,F23,30,3,4.0429815060e+02
ablation,SBOA,F24,30,3,4.6234654605e+02
ablation,SBOA,F25,30,3,3.9449354762e+02
ablation,SBOA,F30,30,3,5.8663752160e+03
ablation,SBOA-GPSI,F1,30,3,1.6530469346e+04
ablation,SBOA-GPSI,F3,30,3,3.7545272274e+04
ablation,SBOA-GPSI,F4,30,3,1.1377378611e+02
ablation,SBOA-GPSI,F9,30,3,4.1840764446e+01
ablation,SBOA-GPSI,F10,30,3,3.5603837804e+03
ablation,SBOA-GPSI,F11,30,3,1.6548456301e+02
ablation,SBOA-GPSI,F12,30,3,1.4913162131e+05
ablation,SBOA-GPSI,F13,30,3,4.6272486531e+02
ablation,SBOA-GPSI,F14,30,3,3.9880462471e+03
ablation,SBOA-GPSI,F15,30,3,4.8666893159e+02
ablation,SBOA-GPSI,F16,30,3,7.9254687993e+02
ablation,SBOA,F26,30,3,1.5940043428e+03
ablation,SBOA,F27,30,3,5.1141680910e+02
ablation,SBOA,F28,30,3,4.2421298336e+02
ablation,SBOA,F29,30,3,9.5415754968e+02
ablation,SBOA-GPSI,F17,30,3,3.7579546614e+02
ablation,SBOA-GPSI,F18,30,3,1.8785181743e+05
ablation,SBOA-GPSI,F19,30,3,4.6586783488e+03
ablation,SBOA-GPSI,F20,30,3,3.4855166924e+02
ablation,SBOA-GPSI,F21,30,3,2.4712125084e+02
ablation,SBOA-GPSI,F22,30,3,1.0037689829e+02
ablation,SBOA-GPSI,F23,30,3,4.0203608228e+02
ablation,SBOA-GPSI,F24,30,3,4.8977909317e+02
ablation,SBOA-LOBL,F4,30,3,7.7440450887e+01
ablation,SBOA-LOBL,F5,30,3,5.0819722132e+01
ablation,SBOA-LOBL,F6,30,3,9.6031370690e+00
ablation,SBOA-LOBL,F7,30,3,1.0365209719e+02
ablation,SBOA-GPSI,F29,30,3,7.2944136235e+02
ablation,SBOA-GPSI,F30,30,3,3.5454959524e+04
ablation,SBOA-LOBL,F1,30,3,6.4841789532e+04
ablation,SBOA-LOBL,F3,30,3,3.0405541257e+04
ablation,SBOA-GPSI,F25,30,3,3.8736180249e+02
ablation,SBOA-GPSI,F26,30,3,1.9587381241e+03
ablation,SBOA-GPSI,F27,30,3,5.1946384955e+02
ablation,SBOA-GPSI,F28,30,3,4.8690085400e+02
ablation,SBOA-LOBL,F8,30,3,6.9984723768e+01
ablation,SBOA-LOBL,F9,30,3,1.5591529591e+02
ablation,SBOA-LOBL,F10,30,3,3.6722396072e+03
ablation,SBOA-LOBL,F11,30,3,1.1345450661e+02
ablation,SBOA-LOBL,F12,30,3,2.4547114304e+06
ablation,SBOA-LOBL,F13,30,3,4.0495252478e+03
ablation,SBOA-LOBL,F14,30,3,1.0746104652e+04
ablation,SBOA-LOBL,F15,30,3,2.1393495682e+04
ablation,SBOA-LOBL,F16,30,3,1.2769094079e+03
ablation,SBOA-LOBL,F17,30,3,1.0696476636e+02
ablation,SBOA-LOBL,F18,30,3,1.5421902252e+06
ablation,SBOA-LOBL,F19,30,3,1.3931083500e+03
ablation,SBOA-ACGM,F3,30,3,3.1101779652e+04
ablation,SBOA-ACGM,F4,30,3,6.9487996435e+01
ablation,SBOA-ACGM,F5,30,3,8.5783723671e+01
ablation,SBOA-ACGM,F6,30,3,6.8009636387e+00
ablation,SBOA-LOBL,F20,30,3,3.5041127380e+02
ablation,SBOA-LOBL,F21,30,3,2.8830445801e+02
ablation,SBOA-LOBL,F22,30,3,1.0364622202e+02
ablation,SBOA-LOBL,F23,30,3,4.0987936664e+02
ablation,SBOA-LOBL,F24,30,3,4.5210467236e+02
ablation,SBOA-LOBL,F25,30,3,3.8866118771e+02
ablation,SBOA-LOBL,F26,30,3,1.6521879465e+03
ablation,SBOA-LOBL,F27,30,3,5.0255393198e+02
ablation,SBOA-ACGM,F7,30,3,1.1051959489e+02
ablation,SBOA-ACGM,F8,30,3,4.1104225074e+01
ablation,SBOA-ACGM,F9,30,3,1.6616700777e+01
ablation,SBOA-ACGM,F10,30,3,4.2988187794e+03
ablation,SBOA-ACGM,F11,30,3,1.4616767499e+02
ablation,SBOA-ACGM,F12,30,3,2.5479019705e+06
ablation,SBOA-ACGM,F13,30,3,4.1862573700e+03
ablation,SBOA-ACGM,F14,30,3,7.8576399825e+03
ablation,SBOA-LOBL,F28,30,3,4.9023775789e+02
ablation,SBOA-LOBL,F29,30,3,8.0379156691e+02
ablation,SBOA-LOBL,F30,30,3,4.0714604376e+04
ablation,SBOA-ACGM,F1,30,3,2.6409623628e+04
ablation,SBOA-ACGM,F15,30,3,1.4156652191e+04
ablation,SBOA-ACGM,F16,30,3,7.6404587621e+02
ablation,SBOA-ACGM,F17,30,3,8.8190293805e+01
ablation,SBOA-ACGM,F18,30,3,7.4834561734e+04
ablation,SBOA-GPSI-LOBL,F1,30,3,1.4381764806e+05
ablation,SBOA-GPSI-LOBL,F3,30,3,5.3464963597e+04
ablation,SBOA-GPSI-LOBL,F4,30,3,7.2294433623e+01
ablation,SBOA-GPSI-LOBL,F5,30,3,5.8060997600e+01
ablation,SBOA-ACGM,F19,30,3,7.6319898305e+03
ablation,SBOA-ACGM,F20,30,3,1.3583953543e+02
ablation,SBOA-ACGM,F21,30,3,2.6592375295e+02
ablation,SBOA-ACGM,F22,30,3,1.0283659456e+02
ablation,SBOA-GPSI-LOBL,F6,30,3,8.8886572706e+00
ablation,SBOA-GPSI-LOBL,F7,30,3,1.2459078538e+02
ablation,SBOA-GPSI-LOBL,F8,30,3,6.5418805589e+01
ablation,SBOA-GPSI-LOBL,F9,30,3,6.6250470895e+01
ablation,SBOA-ACGM,F23,30,3,3.8837445488e+02
ablation,SBOA-ACGM,F24,30,3,4.8065229501e+02
ablation,SBOA-ACGM,F25,30,3,4.1079068396e+02
ablation,SBOA-ACGM,F26,30,3,1.6999309417e+03
ablation,SBOA-GPSI-LOBL,F10,30,3,5.3109128837e+03
ablation,SBOA-GPSI-LOBL,F11,30,3,4.0204418640e+01
ablation,SBOA-GPSI-LOBL,F12,30,3,1.1387382633e+06
ablation,SBOA-GPSI-LOBL,F13,30,3,2.7720816359e+04
ablation,SBOA-GPSI-LOBL,F14,30,3,5.3088159431e+03
ablation,SBOA-GPSI-LOBL,F15,30,3,4.3337078245e+03
ablation,SBOA-GPSI-LOBL,F16,30,3,7.7093914361e+02
ablation,SBOA-GPSI-LOBL,F17,30,3,1.8400826370e+02
ablation,SBOA-ACGM,F27,30,3,5.2473521199e+02
ablation,SBOA-ACGM,F28,30,3,4.0726578752e+02
ablation,SBOA-ACGM,F29,30,3,8.9551575232e+02
ablation,SBOA-ACGM,F30,30,3,2.8518769003e+05
ablation,SBOA-GPSI-LOBL,F18,30,3,6.7381408489e+04
ablation,SBOA-GPSI-LOBL,F19,30,3,1.3169933329e+04
ablation,SBOA-GPSI-LOBL,F20,30,3,2.9055967617e+02
ablation,SBOA-GPSI-LOBL,F21,30,3,2.9327798214e+02
ablation,SBOA-GPSI-ACGM,F5,30,3,6.8874709420e+01
ablation,SBOA-GPSI-ACGM,F6,30,3,7.9375493023e+00
ablation,SBOA-GPSI-ACGM,F7,30,3,1.1943667572e+02
ablation,SBOA-GPSI-ACGM,F8,30,3,5.7772796715e+01
ablation,SBOA-GPSI-LOBL,F30,30,3,1.2950191356e+04
ablation,SBOA-GPSI-ACGM,F1,30,3,8.6499260919e+04
ablation,SBOA-GPSI-ACGM,F3,30,3,2.7566766675e+04
ablation,SBOA-GPSI-ACGM,F4,30,3,1.1451032274e+02
ablation,SBOA-GPSI-LOBL,F22,30,3,1.0350241615e+02
ablation,SBOA-GPSI-LOBL,F23,30,3,4.1456211999e+02
ablation,SBOA-GPSI-LOBL,F24,30,3,4.7198237115e+02
ablation,SBOA-GPSI-LOBL,F25,30,3,4.1578834143e+02
ablation,SBOA-GPSI-ACGM,F9,30,3,3.8900793642e+02
ablation,SBOA-GPSI-ACGM,F10,30,3,2.9689571077e+03
ablation,SBOA-GPSI-ACGM,F11,30,3,5.6479350023e+01
ablation,SBOA-GPSI-ACGM,F12,30,3,1.3881849682e+06
ablation,SBOA-GPSI-ACGM,F13,30,3,1.8069817186e+04
ablation,SBOA-GPSI-ACGM,F14,30,3,1.7745867095e+04
ablation,SBOA-GPSI-ACGM,F15,30,3,9.7241499760e+02
ablation,SBOA-GPSI-ACGM,F16,30,3,1.1207219759e+03
ablation,SBOA-GPSI-LOBL,F26,30,3,1.9193961687e+03
ablation,SBOA-GPSI-LOBL,F27,30,3,5.0086630366e+02
ablation,SBOA-GPSI-LOBL,F28,30,3,4.6083597203e+02
ablation,SBOA-GPSI-LOBL,F29,30,3,5.6594714187e+02
ablation,SBOA-GPSI-ACGM,F17,30,3,3.3561912867e+02
ablation,SBOA-GPSI-ACGM,F18,30,3,6.1870716151e+05
ablation,SBOA-GPSI-ACGM,F19,30,3,1.0780000895e+03
ablation,SBOA-GPSI-ACGM,F20,30,3,4.1157148692e+02
ablation,SBOA-LOBL-ACGM,F4,30,3,1.2021090362e+02
ablation,SBOA-LOBL-ACGM,F5,30,3,7.4817828055e+01
ablation,SBOA-LOBL-ACGM,F6,30,3,5.5802234539e+00
ablation,SBOA-LOBL-ACGM,F7,30,3,1.6304187900e+02
ablation,SBOA-GPSI-ACGM,F21,30,3,2.6058860222e+02
ablation,SBOA-GPSI-ACGM,F22,30,3,1.0586848148e+02
ablation,SBOA-GPSI-ACGM,F23,30,3,4.2534294390e+02
ablation,SBOA-GPSI-ACGM,F24,30,3,4.7316428788e+02
ablation,SBOA-GPSI-ACGM,F29,30,3,8.4883050960e+02
ablation,SBOA-GPSI-ACGM,F30,30,3,6.2996586801e+04
ablation,SBOA-LOBL-ACGM,F1,30,3,1.2005946961e+05
ablation,SBOA-LOBL-ACGM,F3,30,3,4.0445437672e+04
ablation,SBOA-LOBL-ACGM,F8,30,3,6.9348549619e+01
ablation,SBOA-LOBL-ACGM,F9,30,3,9.3178202999e+01
ablation,SBOA-LOBL-ACGM,F10,30,3,3.9407990236e+03
ablation,SBOA-LOBL-ACGM,F11,30,3,7.5613862544e+01
ablation,SBOA-GPSI-ACGM,F25,30,3,3.8731507680e+02
ablation,SBOA-GPSI-ACGM,F26,30,3,2.1322872332e+03
ablation,SBOA-GPSI-ACGM,F27,30,3,5.1219643952e+02
ablation,SBOA-GPSI-ACGM,F28,30,3,4.8408204484e+02
ablation,SBOA-LOBL-ACGM,F12,30,3,3.6870008241e+05
ablation,SBOA-LOBL-ACGM,F13,30,3,2.9532514201e+04
ablation,SBOA-LOBL-ACGM,F14,30,3,4.1539828129e+03
ablation,SBOA-LOBL-ACGM,F15,30,3,1.0911458940e+04
ablation,SBOA-LOBL-ACGM,F16,30,3,1.6831443726e+02
ablation,SBOA-LOBL-ACGM,F17,30,3,1.8760264472e+02
ablation,SBOA-LOBL-ACGM,F18,30,3,6.2063911167e+04
ablation,SBOA-LOBL-ACGM,F19,30,3,4.0586142077e+03
ablation,MSSBOA,F3,30,3,3.0177243046e+04
ablation,MSSBOA,F4,30,3,7.2338973016e+01
ablation,MSSBOA,F5,30,3,5.5303688452e+01
ablation,MSSBOA,F6,30,3,1.1339852840e+01
ablation,SBOA-LOBL-ACGM,F20,30,3,3.3620721302e+02
ablation,SBOA-LOBL-ACGM,F21,30,3,2.7142918608e+02
ablation,SBOA-LOBL-ACGM,F22,30,3,1.0373143314e+02
ablation,SBOA-LOBL-ACGM,F23,30,3,4.0843723353e+02
ablation,MSSBOA,F7,30,3,1.6689522774e+02
ablation,MSSBOA,F8,30,3,8.6646219671e+01
ablation,MSSBOA,F9,30,3,3.6994905626e+01
ablation,MSSBOA,F10,30,3,4.0263939928e+03
ablation,SBOA-LOBL-ACGM,F24,30,3,4.7621707872e+02
ablation,SBOA-LOBL-ACGM,F25,30,3,4.4080201087e+02
ablation,SBOA-LOBL-ACGM,F26,30,3,2.1281320415e+03
ablation,SBOA-LOBL-ACGM,F27,30,3,5.6780232469e+02
ablation,MSSBOA,F11,30,3,1.0266553014e+02
ablation,MSSBOA,F12,30,3,6.4400433308e+05
ablation,MSSBOA,F13,30,3,4.0634210047e+03
ablation,MSSBOA,F14,30,3,1.4442207871e+04
ablation,SBOA-LOBL-ACGM,F28,30,3,4.6063980959e+02
ablation,SBOA-LOBL-ACGM,F29,30,3,7.3113033922e+02
ablation,SBOA-LOBL-ACGM,F30,30,3,3.4985178453e+05
ablation,MSSBOA,F1,30,3,4.8451499339e+04
ablation,MSSBOA,F15,30,3,3.9470602192e+03
ablation,MSSBOA,F16,30,3,5.5610348061e+02
ablation,MSSBOA,F17,30,3,1.8556115368e+02
ablation,MSSBOA,F18,30,3,1.1567296365e+06
ablation,SBOA,F1,30,4,6.7397023533e+03
ablation,SBOA,F3,30,4,4.1277051316e+04
ablation,SBOA,F4,30,4,8.9620258046e+01
ablation,SBOA,F5,30,4,7.7561847108e+01
ablation,MSSBOA,F19,30,3,1.6604323261e+02
ablation,MSSBOA,F20,30,3,4.2461256280e+02
ablation,MSSBOA,F21,30,3,2.6697084620e+02
ablation,MSSBOA,F22,30,3,1.0373172894e+02
ablation,SBOA,F6,30,4,1.4520477306e+01
ablation,SBOA,F7,30,4,1.4774045874e+02
ablation,SBOA,F8,30,4,6.1281878831e+01
ablation,SBOA,F9,30,4,1.3765543362e+02
ablation,SBOA,F10,30,4,2.3506447986e+03
ablation,SBOA,F11,30,4,5.4731952964e+01
ablation,SBOA,F12,30,4,6.6088682100e+05
ablation,SBOA,F13,30,4,4.9477245002e+04
ablation,MSSBOA,F23,30,3,3.9648735188e+02
ablation,MSSBOA,F24,30,3,4.4569864303e+02
ablation,MSSBOA,F25,30,3,3.8721356427e+02
ablation,MSSBOA,F26,30,3,1.8901018411e+03
ablation,SBOA,F14,30,4,1.8736292192e+04
ablation,SBOA,F15,30,4,5.6847634330e+03
ablation,SBOA,F16,30,4,3.9680115637e+02
ablation,SBOA,F17,30,4,6.1918930362e+01
ablation,SBOA,F18,30,4,8.2994354195e+05
ablation,SBOA,F19,30,4,1.4919297854e+03
ablation,SBOA,F20,30,4,6.3346682433e+02
ablation,SBOA,F21,30,4,2.5867670527e+02
ablation,MSSBOA,F27,30,3,5.3408982927e+02
ablation,MSSBOA,F28,30,3,4.7577088639e+02
ablation,MSSBOA,F29,30,3,8.0883571691e+02
ablation,MSSBOA,F30,30,3,7.3047361211e+04
ablation,SBOA,F22,30,4,1.0345228319e+02
ablation,SBOA,F23,30,4,3.8938193313e+02
ablation,SBOA,F24,30,4,4.8166419206e+02
ablation,SBOA,F25,30,4,3.9164580330e+02
ablation,SBOA-GPSI,F5,30,4,1.0193294128e+02
ablation,SBOA-GPSI,F6,30,4,1.3270646148e+01
ablation,SBOA-GPSI,F7,30,4,1.6412717018e+02
ablation,SBOA-GPSI,F8,30,4,7.7311510310e+01
ablation,SBOA,F30,30,4,1.4411325116e+05
ablation,SBOA-GPSI,F1,30,4,9.1512485046e+03
ablation,SBOA-GPSI,F3,30,4,3.8943494950e+04
ablation,SBOA-GPSI,F4,30,4,7.2561222817e+01
ablation,SBOA-GPSI,F9,30,4,6.2733424354e+01
ablation,SBOA-GPSI,F10,30,4,3.7034584755e+03
ablation,SBOA-GPSI,F11,30,4,7.6892118954e+01
ablation,SBOA-GPSI,F12,30,4,2.2187691949e+05
ablation,SBOA-GPSI,F13,30,4,5.0693659883e+04
ablation,SBOA-GPSI,F14,30,4,1.1773288206e+04
ablation,SBOA-GPSI,F15,30,4,3.0714900458e+02
ablation,SBOA-GPSI,F16,30,4,8.9157935995e+02
ablation,SBOA,F26,30,4,1.7988846108e+03
ablation,SBOA,F27,30,4,5.4186215004e+02
ablation,SBOA,F28,30,4,4.8510299344e+02
ablation,SBOA,F29,30,4,6.9600898972e+02
ablation,SBOA-GPSI,F17,30,4,1.8553861702e+02
ablation,SBOA-GPSI,F18,30,4,2.6389183782e+05
ablation,SBOA-GPSI,F19,30,4,1.2898851224e+04
ablation,SBOA-GPSI,F20,30,4,4.3208413005e+02
ablation,SBOA-LOBL,F4,30,4,1.1371274649e+02
ablation,SBOA-LOBL,F5,30,4,8.3626080821e+01
ablation,SBOA-LOBL,F6,30,4,1.2645580033e+01
ablation,SBOA-LOBL,F7,30,4,1.4205790153e+02
ablation,SBOA-GPSI,F21,30,4,3.2051247308e+02
ablation,SBOA-GPSI,F22,30,4,1.0085874613e+02
ablation,SBOA-GPSI,F23,30,4,4.2757927344e+02
ablation,SBOA-GPSI,F24,30,4,4.5020591450e+02
ablation,SBOA-GPSI,F29,30,4,8.4652797591e+02
ablation,SBOA-GPSI,F30,30,4,2.6827657416e+04
ablation,SBOA-LOBL,F1,30,4,3.5621299517e+04
ablation,SBOA-LOBL,F3,30,4,3.3571270882e+04
ablation,SBOA-LOBL,F8,30,4,7.4600188125e+01
ablation,SBOA-LOBL,F9,30,4,2.5767197787e+01
ablation,SBOA-LOBL,F10,30,4,3.3746349034e+03
ablation,SBOA-LOBL,F11,30,4,1.1229051446e+02
ablation,SBOA-GPSI,F25,30,4,3.8896249921e+02
ablation,SBOA-GPSI,F26,30,4,1.7577492292e+03
ablation,SBOA-GPSI,F27,30,4,5.2138760879e+02
ablation,SBOA-GPSI,F28,30,4,4.5748938600e+02
ablation,SBOA-LOBL,F12,30,4,2.5815962201e+06
ablation,SBOA-LOBL,F13,30,4,6.1421611843e+03
ablation,SBOA-LOBL,F14,30,4,4.7293818915e+03
ablation,SBOA-LOBL,F15,30,4,4.3819726396e+03
ablation,SBOA-LOBL,F16,30,4,1.1050506382e+03
ablation,SBOA-LOBL,F17,30,4,7.3939775517e+01
ablation,SBOA-LOBL,F18,30,4,2.6993095544e+05
ablation,SBOA-LOBL,F19,30,4,1.6793200989e+04
ablation,SBOA-ACGM,F3,30,4,4.5367237804e+04
ablation,SBOA-ACGM,F4,30,4,7.9684996902e+01
ablation,SBOA-ACGM,F5,30,4,6.3389616844e+01
ablation,SBOA-ACGM,F6,30,4,7.4188005483e+00
ablation,SBOA-LOBL,F20,30,4,3.9092703894e+02
ablation,SBOA-LOBL,F21,30,4,2.5593509846e+02
ablation,SBOA-LOBL,F22,30,4,1.0194724721e+02
ablation,SBOA-LOBL,F23,30,4,4.0214011861e+02
ablation,SBOA-ACGM,F7,30,4,1.2137062775e+02
ablation,SBOA-ACGM,F8,30,4,6.3647722500e+01
ablation,SBOA-ACGM,F9,30,4,7.9687845053e+00
ablation,SBOA-ACGM,F10,30,4,3.4377052089e+03
ablation,SBOA-LOBL,F24,30,4,4.6888410430e+02
ablation,SBOA-LOBL,F25,30,4,3.9583517705e+02
ablation,SBOA-LOBL,F26,30,4,2.2286554996e+02
ablation,SBOA-LOBL,F27,30,4,5.2981234359e+02
ablation,SBOA-ACGM,F11,30,4,1.0791686017e+02
ablation,SBOA-ACGM,F12,30,4,1.3237356708e+06
ablation,SBOA-ACGM,F13,30,4,1.2140486852e+04
ablation,SBOA-ACGM,F14,30,4,2.0651405041e+03
ablation,SBOA-LOBL,F28,30,4,4.4513532725e+02
ablation,SBOA-LOBL,F29,30,4,8.9656642746e+02
ablation,SBOA-LOBL,F30,30,4,1.6079888760e+05
ablation,SBOA-ACGM,F1,30,4,8.6179174318e+04
ablation,SBOA-ACGM,F15,30,4,1.3361891771e+04
ablation,SBOA-ACGM,F16,30,4,1.0675954763e+03
ablation,SBOA-ACGM,F17,30,4,5.3118548791e+02
ablation,SBOA-ACGM,F18,30,4,2.5067035050e+05
ablation,SBOA-GPSI-LOBL,F1,30,4,9.4418143139e+04
ablation,SBOA-GPSI-LOBL,F3,30,4,3.6346399171e+04
ablation,SBOA-GPSI-LOBL,F4,30,4,1.1405170858e+02
ablation,SBOA-GPSI-LOBL,F5,30,4,7.9870540288e+01
ablation,SBOA-ACGM,F19,30,4,3.5273949038e+02
ablation,SBOA-ACGM,F20,30,4,4.7698290666e+02
ablation,SBOA-ACGM,F21,30,4,2.7620242265e+02
ablation,SBOA-ACGM,F22,30,4,1.0400542509e+02
ablation,SBOA-GPSI-LOBL,F6,30,4,1.0467801985e+01
ablation,SBOA-GPSI-LOBL,F7,30,4,1.3196984520e+02
ablation,SBOA-GPSI-LOBL,F8,30,4,9.5555902758e+01
ablation,SBOA-GPSI-LOBL,F9,30,4,1.9053545249e+01
ablation,SBOA-GPSI-LOBL,F10,30,4,2.9615950458e+03
ablation,SBOA-GPSI-LOBL,F11,30,4,8.8492944279e+01
ablation,SBOA-GPSI-LOBL,F12,30,4,3.8061852985e+06
ablation,SBOA-GPSI-LOBL,F13,30,4,1.1655017314e+04
ablation,SBOA-ACGM,F23,30,4,4.3636660287e+02
ablation,SBOA-ACGM,F24,30,4,4.6999985499e+02
ablation,SBOA-ACGM,F25,30,4,4.3566198502e+02
ablation,SBOA-ACGM,F26,30,4,3.4511344049e+02
ablation,SBOA-GPSI-LOBL,F14,30,4,1.4434568537e+04
ablation,SBOA-GPSI-LOBL,F15,30,4,7.0185241440e+04
ablation,SBOA-GPSI-LOBL,F16,30,4,1.4319390798e+03
ablation,SBOA-GPSI-LOBL,F17,30,4,3.1344100873e+02
ablation,SBOA-ACGM,F27,30,4,5.1787435032e+02
ablation,SBOA-ACGM,F28,30,4,4.7232176651e+02
ablation,SBOA-ACGM,F29,30,4,6.3892441458e+02
ablation,SBOA-ACGM,F30,30,4,1.0871856392e+04
ablation,SBOA-GPSI-LOBL,F18,30,4,1.6519798644e+05
ablation,SBOA-GPSI-LOBL,F19,30,4,7.2467473498e+03
ablation,SBOA-GPSI-LOBL,F20,30,4,3.8826653854e+02
ablation,SBOA-GPSI-LOBL,F21,30,4,2.6748376959e+02
ablation,SBOA-GPSI-ACGM,F5,30,4,6.4481157515e+01
ablation,SBOA-GPSI-ACGM,F6,30,4,9.8291693937e+00
ablation,SBOA-GPSI-ACGM,F7,30,4,1.0121079979e+02
ablation,SBOA-GPSI-ACGM,F8,30,4,9.4604536581e+01
ablation,SBOA-GPSI-LOBL,F22,30,4,1.0107327058e+02
ablation,SBOA-GPSI-LOBL,F23,30,4,4.3455674065e+02
ablation,SBOA-GPSI-LOBL,F24,30,4,4.6703437562e+02
ablation,SBOA-GPSI-LOBL,F25,30,4,4.3470081665e+02
ablation,SBOA-GPSI-LOBL,F30,30,4,9.5139645145e+04
ablation,SBOA-GPSI-ACGM,F1,30,4,5.3796915206e+04
ablation,SBOA-GPSI-ACGM,F3,30,4,1.8246070711e+04
ablation,SBOA-GPSI-ACGM,F4,30,4,1.1043534504e+02
ablation,SBOA-GPSI-ACGM,F9,30,4,1.2464371132e+02
ablation,SBOA-GPSI-ACGM,F10,30,4,3.8497732891e+03
ablation,SBOA-GPSI-ACGM,F11,30,4,1.0230848246e+02
ablation,SBOA-GPSI-ACGM,F12,30,4,4.5698492392e+05
ablation,SBOA-GPSI-ACGM,F13,30,4,3.5852300728e+03
ablation,SBOA-GPSI-ACGM,F14,30,4,1.2508790801e+05
ablation,SBOA-GPSI-ACGM,F15,30,4,2.7810417034e+03
ablation,SBOA-GPSI-ACGM,F16,30,4,9.3462839632e+02
ablation,SBOA-GPSI-ACGM,F17,30,4,8.1618679887e+01
ablation,SBOA-GPSI-ACGM,F18,30,4,9.6084713379e+05
ablation,SBOA-GPSI-ACGM,F19,30,4,6.4562371155e+03
ablation,SBOA-GPSI-ACGM,F20,30,4,3.2796689683e+02
ablation,SBOA-GPSI-LOBL,F26,30,4,1.7754303057e+03
ablation,SBOA-GPSI-LOBL,F27,30,4,5.2255472423e+02
ablation,SBOA-GPSI-LOBL,F28,30,4,4.7502070979e+02
ablation,SBOA-GPSI-LOBL,F29,30,4,6.6346783285e+02
ablation,SBOA-LOBL-ACGM,F4,30,4,1.1934568928e+02
ablation,SBOA-LOBL-ACGM,F5,30,4,1.0125470020e+02
ablation,SBOA-LOBL-ACGM,F6,30,4,1.0356936609e+01
ablation,SBOA-LOBL-ACGM,F7,30,4,1.6177729555e+02
ablation,SBOA-GPSI-ACGM,F21,30,4,2.7159215771e+02
ablation,SBOA-GPSI-ACGM,F22,30,4,1.0121567799e+02
ablation,SBOA-GPSI-ACGM,F23,30,4,3.9657504254e+02
ablation,SBOA-GPSI-ACGM,F24,30,4,5.1597706779e+02
ablation,SBOA-LOBL-ACGM,F8,30,4,6.3064182351e+01
ablation,SBOA-LOBL-ACGM,F9,30,4,8.5695800311e+00
ablation,SBOA-LOBL-ACGM,F10,30,4,3.7017281748e+03
ablation,SBOA-LOBL-ACGM,F11,30,4,1.5041307378e+02
ablation,SBOA-GPSI-ACGM,F25,30,4,4.3815488044e+02
ablation,SBOA-GPSI-ACGM,F26,30,4,2.1050609368e+03
ablation,SBOA-GPSI-ACGM,F27,30,4,5.3023349901e+02
ablation,SBOA-GPSI-ACGM,F28,30,4,4.1675978316e+02
ablation,SBOA-LOBL-ACGM,F12,30,4,1.8258034251e+05
ablation,SBOA-LOBL-ACGM,F13,30,4,6.6031017770e+03
ablation,SBOA-LOBL-ACGM,F14,30,4,1.0798953850e+05
ablation,SBOA-LOBL-ACGM,F15,30,4,2.3702938651e+04
ablation,SBOA-GPSI-ACGM,F29,30,4,6.0676109306e+02
ablation,SBOA-GPSI-ACGM,F30,30,4,7.1390325684e+03
ablation,SBOA-LOBL-ACGM,F1,30,4,7.1462757966e+04
ablation,SBOA-LOBL-ACGM,F3,30,4,4.1495094674e+04
ablation,SBOA-LOBL-ACGM,F16,30,4,1.0227627594e+03
ablation,SBOA-LOBL-ACGM,F17,30,4,3.5144182372e+02
ablation,SBOA-LOBL-ACGM,F18,30,4,1.0505330052e+05
ablation,SBOA-LOBL-ACGM,F19,30,4,4.1981862872e+03
ablation,SBOA-LOBL-ACGM,F20,30,4,4.5761680788e+02
ablation,SBOA-LOBL-ACGM,F21,30,4,2.5151624175e+02
ablation,SBOA-LOBL-ACGM,F22,30,4,1.0195814270e+02
ablation,SBOA-LOBL-ACGM,F23,30,4,3.9391909669e+02
ablation,MSSBOA,F3,30,4,2.7402794028e+04
ablation,MSSBOA,F4,30,4,1.1793527034e+02
ablation,MSSBOA,F5,30,4,7.8337415157e+01
ablation,MSSBOA,F6,30,4,8.3758310193e+00
ablation,MSSBOA,F7,30,4,1.3104346302e+02
ablation,MSSBOA,F8,30,4,6.1136287226e+01
ablation,MSSBOA,F9,30,4,4.8646557279e+01
ablation,MSSBOA,F10,30,4,4.3449917929e+03
ablation,SBOA-LOBL-ACGM,F24,30,4,4.8147571731e+02
ablation,SBOA-LOBL-ACGM,F25,30,4,3.9548781109e+02
ablation,SBOA-LOBL-ACGM,F26,30,4,1.6000158810e+03
ablation,SBOA-LOBL-ACGM,F27,30,4,5.1914166111e+02
ablation,SBOA-LOBL-ACGM,F28,30,4,4.6036023163e+02
ablation,SBOA-LOBL-ACGM,F29,30,4,8.4295937992e+02
ablation,SBOA-LOBL-ACGM,F30,30,4,1.0581049624e+04
ablation,MSSBOA,F1,30,4,6.1565699308e+04
ablation,MSSBOA,F11,30,4,7.1858374763e+01
ablation,MSSBOA,F12,30,4,1.2462576738e+06
ablation,MSSBOA,F13,30,4,7.9126625964e+03
ablation,MSSBOA,F14,30,4,3.5546788057e+04
ablation,MSSBOA,F15,30,4,2.5214357611e+03
ablation,MSSBOA,F16,30,4,5.6235176455e+02
ablation,MSSBOA,F17,30,4,2.6799131418e+02
ablation,MSSBOA,F18,30,4,1.7220491902e+06
ablation,SBOA,F1,30,5,1.1457808814e+04
ablation,SBOA,F3,30,5,3.8571189864e+04
ablation,SBOA,F4,30,5,1.1579705795e+02
ablation,SBOA,F5,30,5,4.5354386858e+01
ablation,MSSBOA,F19,30,4,1.4654527519e+03
ablation,MSSBOA,F20,30,4,4.9793699039e+02
ablation,MSSBOA,F21,30,4,2.8034569929e+02
ablation,MSSBOA,F22,30,4,1.0418030539e+02
ablation,SBOA,F6,30,5,1.3180667187e+01
ablation,SBOA,F7,30,5,1.1819016716e+02
ablation,SBOA,F8,30,5,4.9353206930e+01
ablation,SBOA,F9,30,5,9.8534623491e+01
ablation,MSSBOA,F23,30,4,4.0931050681e+02
ablation,MSSBOA,F24,30,4,4.7263401757e+02
ablation,MSSBOA,F25,30,4,3.8744506146e+02
ablation,MSSBOA,F26,30,4,2.1220510025e+03
ablation,SBOA,F10,30,5,4.0041303735e+03
ablation,SBOA,F11,30,5,6.3032201605e+01
ablation,SBOA,F12,30,5,9.3518210631e+05
ablation,SBOA,F13,30,5,2.9466896490e+04
ablation,SBOA,F14,30,5,3.9379691022e+03
ablation,SBOA,F15,30,5,1.2779150070e+03
ablation,SBOA,F16,30,5,1.2285385167e+03
ablation,SBOA,F17,30,5,2.5594507996e+02
ablation,SBOA,F18,30,5,4.2546256493e+05
ablation,SBOA,F19,30,5,5.5964285858e+02
ablation,SBOA,F20,30,5,4.2809457786e+02
ablation,SBOA,F21,30,5,2.6251561077e+02
ablation,MSSBOA,F27,30,4,5.2927400355e+02
ablation,MSSBOA,F28,30,4,4.1291495959e+02
ablation,MSSBOA,F29,30,4,7.0347567631e+02
ablation,MSSBOA,F30,30,4,9.1002636290e+04
ablation,SBOA,F22,30,5,1.0317490807e+02
ablation,SBOA,F23,30,5,3.9719076177e+02
ablation,SBOA,F24,30,5,4.8728332201e+02
ablation,SBOA,F25,30,5,3.9345317644e+02
ablation,SBOA-GPSI,F5,30,5,8.3067206111e+01
ablation,SBOA-GPSI,F6,30,5,5.6941302454e+00
ablation,SBOA-GPSI,F7,30,5,1.6712183936e+02
ablation,SBOA-GPSI,F8,30,5,7.1463320333e+01
ablation,SBOA,F30,30,5,8.0944457176e+05
ablation,SBOA-GPSI,F1,30,5,8.4020630373e+04
ablation,SBOA-GPSI,F3,30,5,2.2737524740e+04
ablation,SBOA-GPSI,F4,30,5,7.3766150478e+01
ablation,SBOA-GPSI,F9,30,5,5.1493325935e+01
ablation,SBOA-GPSI,F10,30,5,4.3302310215e+03
ablation,SBOA-GPSI,F11,30,5,4.3209348790e+01
ablation,SBOA-GPSI,F12,30,5,1.0316199099e+06
ablation,SBOA,F26,30,5,1.9424590782e+03
ablation,SBOA,F27,30,5,5.3909642991e+02
ablation,SBOA,F28,30,5,4.0769524627e+02
ablation,SBOA,F29,30,5,1.0697399390e+03
ablation,SBOA-GPSI,F13,30,5,5.1929612033e+04
ablation,SBOA-GPSI,F14,30,5,7.9619645317e+03
ablation,SBOA-GPSI,F15,30,5,2.8759103255e+03
ablation,SBOA-GPSI,F16,30,5,1.2424755111e+03
ablation,SBOA-GPSI,F17,30,5,3.1198908946e+02
ablation,SBOA-GPSI,F18,30,5,3.9052539163e+05
ablation,SBOA-GPSI,F19,30,5,1.7896568566e+04
ablation,SBOA-GPSI,F20,30,5,2.9717452797e+02
ablation,SBOA-LOBL,F4,30,5,9.9858762433e+01
ablation,SBOA-LOBL,F5,30,5,7.5821708214e+01
ablation,SBOA-LOBL,F6,30,5,1.2108015650e+01
ablation,SBOA-LOBL,F7,30,5,1.3280646924e+02
ablation,SBOA-GPSI,F21,30,5,2.6811585421e+02
ablation,SBOA-GPSI,F22,30,5,1.0346018106e+02
ablation,SBOA-GPSI,F23,30,5,4.0156999134e+02
ablation,SBOA-GPSI,F24,30,5,4.7571279007e+02
ablation,SBOA-GPSI,F29,30,5,8.3700296849e+02
ablation,SBOA-GPSI,F30,30,5,3.1437210779e+04
ablation,SBOA-LOBL,F1,30,5,2.0250724243e+05
ablation,SBOA-LOBL,F3,30,5,5.5923737541e+04
ablation,SBOA-LOBL,F8,30,5,9.1648785288e+01
ablation,SBOA-LOBL,F9,30,5,6.8734333784e+01
ablation,SBOA-LOBL,F10,30,5,4.5606924037e+03
ablation,SBOA-LOBL,F11,30,5,9.8243938233e+01
ablation,SBOA-GPSI,F25,30,5,3.8995302274e+02
ablation,SBOA-GPSI,F26,30,5,2.0666128755e+03
ablation,SBOA-GPSI,F27,30,5,5.2383989023e+02
ablation,SBOA-GPSI,F28,30,5,4.9445392258e+02
ablation,SBOA-LOBL,F12,30,5,2.1705162034e+06
ablation,SBOA-LOBL,F13,30,5,3.9051985844e+03
ablation,SBOA-LOBL,F14,30,5,5.0413594657e+04
ablation,SBOA-LOBL,F15,30,5,3.2023510841e+03
ablation,SBOA-LOBL,F16,30,5,1.1977532545e+03
ablation,SBOA-LOBL,F17,30,5,8.8875820433e+01
ablation,SBOA-LOBL,F18,30,5,2.8700705075e+05
ablation,SBOA-LOBL,F19,30,5,2.7473657220e+04
ablation,SBOA-LOBL,F20,30,5,5.6041528792e+02
ablation,SBOA-LOBL,F21,30,5,2.4403182864e+02
ablation,SBOA-LOBL,F22,30,5,1.0477916539e+02
ablation,SBOA-LOBL,F23,30,5,4.2642015573e+02
ablation,SBOA-ACGM,F3,30,5,4.5986924048e+04
ablation,SBOA-ACGM,F4,30,5,7.7332546144e+01
ablation,SBOA-ACGM,F5,30,5,9.7161188533e+01
ablation,SBOA-ACGM,F6,30,5,1.1423040376e+01
ablation,SBOA-ACGM,F7,30,5,1.2768509691e+02
ablation,SBOA-ACGM,F8,30,5,8.7248684158e+01
ablation,SBOA-ACGM,F9,30,5,9.0049633781e+02
ablation,SBOA-ACGM,F10,30,5,4.2940943690e+03
ablation,SBOA-LOBL,F24,30,5,4.7257143942e+02
ablation,SBOA-LOBL,F25,30,5,4.3785567299e+02
ablation,SBOA-LOBL,F26,30,5,5.9197293386e+02
ablation,SBOA-LOBL,F27,30,5,5.2668912446e+02
ablation,SBOA-ACGM,F11,30,5,4.0078668073e+01
ablation,SBOA-ACGM,F12,30,5,1.1915046043e+06
ablation,SBOA-ACGM,F13,30,5,6.0688857717e+02
ablation,SBOA-ACGM,F14,30,5,9.0252291392e+03
ablation,SBOA-LOBL,F28,30,5,4.7468246942e+02
ablation,SBOA-LOBL,F29,30,5,1.0822016072e+03
ablation,SBOA-LOBL,F30,30,5,2.9902314495e+04
ablation,SBOA-ACGM,F1,30,5,3.2123421194e+04
ablation,SBOA-ACGM,F15,30,5,1.1518756412e+04
ablation,SBOA-ACGM,F16,30,5,7.6975019902e+02
ablation,SBOA-ACGM,F17,30,5,4.7557475088e+02
ablation,SBOA-ACGM,F18,30,5,9.9800152678e+05
ablation,SBOA-GPSI-LOBL,F1,30,5,2.3744494671e+05
ablation,SBOA-GPSI-LOBL,F3,30,5,3.0371977801e+04
ablation,SBOA-GPSI-LOBL,F4,30,5,1.1620471616e+02
ablation,SBOA-GPSI-LOBL,F5,30,5,6.8038686966e+01
ablation,SBOA-ACGM,F19,30,5,6.7772404801e+02
ablation,SBOA-ACGM,F20,30,5,4.0568720197e+02
ablation,SBOA-ACGM,F21,30,5,2.8604295025e+02
ablation,SBOA-ACGM,F22,30,5,1.0597408926e+02
ablation,SBOA-GPSI-LOBL,F6,30,5,4.5377510153e+00
ablation,SBOA-GPSI-LOBL,F7,30,5,7.5725341604e+01
ablation,SBOA-GPSI-LOBL,F8,30,5,7.7916935947e+01
ablation,SBOA-GPSI-LOBL,F9,30,5,2.5292977445e+02
ablation,SBOA-ACGM,F23,30,5,3.8911090684e+02
ablation,SBOA-ACGM,F24,30,5,5.1020814810e+02
ablation,SBOA-ACGM,F25,30,5,3.9018615454e+02
ablation,SBOA-ACGM,F26,30,5,2.1076011220e+03
ablation,SBOA-GPSI-LOBL,F10,30,5,3.5358503960e+03
ablation,SBOA-GPSI-LOBL,F11,30,5,1.2000687492e+02
ablation,SBOA-GPSI-LOBL,F12,30,5,8.1029483150e+05
ablation,SBOA-GPSI-LOBL,F13,30,5,1.4314360995e+04
ablation,SBOA-GPSI-LOBL,F14,30,5,6.4505561998e+03
ablation,SBOA-GPSI-LOBL,F15,30,5,1.6947635069e+03
ablation,SBOA-GPSI-LOBL,F16,30,5,6.5593904570e+02
ablation,SBOA-GPSI-LOBL,F17,30,5,9.3958131198e+01
ablation,SBOA-ACGM,F27,30,5,5.1631424235e+02
ablation,SBOA-ACGM,F28,30,5,3.9758053270e+02
ablation,SBOA-ACGM,F29,30,5,9.7818450036e+02
ablation,SBOA-ACGM,F30,30,5,9.7654487588e+04
ablation,SBOA-GPSI-LOBL,F18,30,5,1.1485283117e+05
ablation,SBOA-GPSI-LOBL,F19,30,5,1.4165922979e+03
ablation,SBOA-GPSI-LOBL,F20,30,5,3.4466241784e+02
ablation,SBOA-GPSI-LOBL,F21,30,5,2.6180015419e+02
ablation,SBOA-GPSI-ACGM,F5,30,5,9.4180750212e+01
ablation,SBOA-GPSI-ACGM,F6,30,5,1.3941038157e+01
ablation,SBOA-GPSI-ACGM,F7,30,5,1.4495069614e+02
ablation,SBOA-GPSI-ACGM,F8,30,5,7.4584739078e+01
ablation,SBOA-GPSI-LOBL,F22,30,5,1.0107582369e+02
ablation,SBOA-GPSI-LOBL,F23,30,5,4.3674399911e+02
ablation,SBOA-GPSI-LOBL,F24,30,5,4.6512116598e+02
ablation,SBOA-GPSI-LOBL,F25,30,5,3.8804986492e+02
ablation,SBOA-GPSI-LOBL,F30,30,5,4.0717101521e+04
ablation,SBOA-GPSI-ACGM,F1,30,5,4.1261354214e+04
ablation,SBOA-GPSI-ACGM,F3,30,5,5.3663604506e+04
ablation,SBOA-GPSI-ACGM,F4,30,5,6.9836899990e+01
ablation,SBOA-GPSI-ACGM,F9,30,5,7.3995821375e+01
ablation,SBOA-GPSI-ACGM,F10,30,5,3.6745365338e+03
ablation,SBOA-GPSI-ACGM,F11,30,5,1.5317205508e+02
ablation,SBOA-GPSI-ACGM,F12,30,5,8.9737917813e+05
ablation,SBOA-GPSI-ACGM,F13,30,5,1.7210565734e+04
ablation,SBOA-GPSI-ACGM,F14,30,5,2.9577795786e+04
ablation,SBOA-GPSI-ACGM,F15,30,5,3.3523987835e+04
ablation,SBOA-GPSI-ACGM,F16,30,5,1.4591314571e+03
ablation,SBOA-GPSI-LOBL,F26,30,5,3.1403430629e+02
ablation,SBOA-GPSI-LOBL,F27,30,5,5.2039320625e+02
ablation,SBOA-GPSI-LOBL,F28,30,5,4.6651746209e+02
ablation,SBOA-GPSI-LOBL,F29,30,5,9.5635126099e+02
ablation,SBOA-GPSI-ACGM,F17,30,5,5.5854094942e+02
ablation,SBOA-GPSI-ACGM,F18,30,5,3.3006074925e+05
ablation,SBOA-GPSI-ACGM,F19,30,5,7.1144135452e+02
ablation,SBOA-GPSI-ACGM,F20,30,5,6.7599014921e+01
ablation,SBOA-LOBL-ACGM,F4,30,5,8.6132332824e+01
ablation,SBOA-LOBL-ACGM,F5,30,5,9.6620037772e+01
ablation,SBOA-LOBL-ACGM,F6,30,5,1.6821535190e+01
ablation,SBOA-LOBL-ACGM,F7,30,5,9.0627098724e+01
ablation,SBOA-GPSI-ACGM,F21,30,5,2.4666662165e+02
ablation,SBOA-GPSI-ACGM,F22,30,5,1.0100820647e+02
ablation,SBOA-GPSI-ACGM,F23,30,5,4.1138774943e+02
ablation,SBOA-GPSI-ACGM,F24,30,5,4.6201760249e+02
ablation,SBOA-LOBL-ACGM,F8,30,5,7.1297494158e+01
ablation,SBOA-LOBL-ACGM,F9,30,5,9.2972462311e+01
ablation,SBOA-LOBL-ACGM,F10,30,5,4.4398978897e+03
ablation,SBOA-LOBL-ACGM,F11,30,5,1.2452647756e+02
ablation,SBOA-LOBL-ACGM,F12,30,5,1.4313916256e+06
ablation,SBOA-LOBL-ACGM,F13,30,5,2.7600136550e+04
ablation,SBOA-LOBL-ACGM,F14,30,5,1.3436012587e+04
ablation,SBOA-LOBL-ACGM,F15,30,5,2.5591370572e+04
ablation,SBOA-GPSI-ACGM,F25,30,5,4.2746141549e+02
ablation,SBOA-GPSI-ACGM,F26,30,5,1.7294817861e+03
ablation,SBOA-GPSI-ACGM,F27,30,5,5.2237716153e+02
ablation,SBOA-GPSI-ACGM,F28,30,5,4.6993588481e+02
ablation,SBOA-GPSI-ACGM,F29,30,5,7.4666882558e+02
ablation,SBOA-GPSI-ACGM,F30,30,5,8.4380720022e+04
ablation,SBOA-LOBL-ACGM,F1,30,5,6.7772916566e+04
ablation,SBOA-LOBL-ACGM,F3,30,5,5.1693558063e+04
ablation,SBOA-LOBL-ACGM,F16,30,5,8.8156331022e+02
ablation,SBOA-LOBL-ACGM,F17,30,5,3.3382124357e+02
ablation,SBOA-LOBL-ACGM,F18,30,5,3.7604968573e+05
ablation,SBOA-LOBL-ACGM,F19,30,5,5.1170023541e+02
ablation,MSSBOA,F3,30,5,3.8368680027e+04
ablation,MSSBOA,F4,30,5,1.4994584722e+01
ablation,MSSBOA,F5,30,5,5.0495624846e+01
ablation,MSSBOA,F6,30,5,1.0196539803e+01
ablation,SBOA-LOBL-ACGM,F20,30,5,5.6555294301e+02
ablation,SBOA-LOBL-ACGM,F21,30,5,2.5404326419e+02
ablation,SBOA-LOBL-ACGM,F22,30,5,1.0864008395e+02
ablation,SBOA-LOBL-ACGM,F23,30,5,4.4360929618e+02
ablation,SBOA-LOBL-ACGM,F24,30,5,4.6651354780e+02
ablation,SBOA-LOBL-ACGM,F25,30,5,3.8454577448e+02
ablation,SBOA-LOBL-ACGM,F26,30,5,2.0625420927e+03
ablation,SBOA-LOBL-ACGM,F27,30,5,5.1960181503e+02
ablation,MSSBOA,F7,30,5,1.3876894811e+02
ablation,MSSBOA,F8,30,5,6.9475085729e+01
ablation,MSSBOA,F9,30,5,5.5207261017e+01
ablation,MSSBOA,F10,30,5,3.5565382844e+03
ablation,SBOA-LOBL-ACGM,F28,30,5,4.6977611748e+02
ablation,SBOA-LOBL-ACGM,F29,30,5,9.1971994903e+02
ablation,SBOA-LOBL-ACGM,F30,30,5,3.3685776170e+04
ablation,MSSBOA,F1,30,5,6.8968227035e+04
ablation,MSSBOA,F11,30,5,1.2613670450e+02
ablation,MSSBOA,F12,30,5,1.0296996988e+06
ablation,MSSBOA,F13,30,5,4.3323564112e+04
ablation,MSSBOA,F14,30,5,4.6161668911e+04
ablation,MSSBOA,F15,30,5,2.2948218983e+04
ablation,MSSBOA,F16,30,5,4.7604842626e+02
ablation,MSSBOA,F17,30,5,5.4941625938e+01
ablation,MSSBOA,F18,30,5,2.2850301520e+05
ablation,SBOA,F1,30,6,8.1284831210e+03
ablation,SBOA,F3,30,6,4.9855477998e+04
ablation,SBOA,F4,30,6,8.7073006079e+01
ablation,SBOA,F5,30,6,6.9344524108e+01
ablation,MSSBOA,F19,30,5,7.1530655863e+03
ablation,MSSBOA,F20,30,5,2.5633491233e+02
ablation,MSSBOA,F21,30,5,2.7631681593e+02
ablation,MSSBOA,F22,30,5,1.0081870239e+02
ablation,SBOA,F6,30,6,5.9134934754e+00
ablation,SBOA,F7,30,6,1.2373705173e+02
ablation,SBOA,F8,30,6,4.6550767858e+01
ablation,SBOA,F9,30,6,7.6443980075e+01
ablation,SBOA,F10,30,6,3.5030997736e+03
ablation,SBOA,F11,30,6,8.2885024893e+01
ablation,SBOA,F12,30,6,5.3126348179e+05
ablation,SBOA,F13,30,6,1.7345203305e+03
ablation,MSSBOA,F23,30,5,3.9764545821e+02
ablation,MSSBOA,F24,30,5,4.8134447149e+02
ablation,MSSBOA,F25,30,5,3.9007454462e+02
ablation,MSSBOA,F26,30,5,2.1269521595e+03
ablation,SBOA,F14,30,6,1.1107036728e+04
ablation,SBOA,F15,30,6,4.4821239267e+04
ablation,SBOA,F16,30,6,1.1285616213e+03
ablation,SBOA,F17,30,6,5.1023336708e+02
ablation,MSSBOA,F27,30,5,5.4008079950e+02
ablation,MSSBOA,F28,30,5,4.6090047125e+02
ablation,MSSBOA,F29,30,5,7.2624720794e+02
ablation,MSSBOA,F30,30,5,5.8700786016e+04
ablation,SBOA,F18,30,6,1.0049187702e+05
ablation,SBOA,F19,30,6,1.3258793293e+04
ablation,SBOA,F20,30,6,6.2380177561e+02
ablation,SBOA,F21,30,6,2.8014631429e+02
ablation,SBOA-GPSI,F5,30,6,5.2359828001e+01
ablation,SBOA-GPSI,F6,30,6,1.0781351376e+01
ablation,SBOA-GPSI,F7,30,6,1.2226087346e+02
ablation,SBOA-GPSI,F8,30,6,7.4783428702e+01
ablation,SBOA,F22,30,6,1.0325160196e+02
ablation,SBOA,F23,30,6,4.2723482355e+02
ablation,SBOA,F24,30,6,4.6860978683e+02
ablation,SBOA,F25,30,6,3.9832527449e+02
ablation,SBOA,F30,30,6,5.5265664741e+04
ablation,SBOA-GPSI,F1,30,6,2.4979033161e+04
ablation,SBOA-GPSI,F3,30,6,4.1558239199e+04
ablation,SBOA-GPSI,F4,30,6,7.2700998207e+01
ablation,SBOA-GPSI,F9,30,6,1.5003768063e+01
ablation,SBOA-GPSI,F10,30,6,2.6807830342e+03
ablation,SBOA-GPSI,F11,30,6,1.1295802678e+02
ablation,SBOA-GPSI,F12,30,6,8.6095481358e+05
ablation,SBOA-GPSI,F13,30,6,9.6962611863e+03
ablation,SBOA-GPSI,F14,30,6,1.8838647108e+03
ablation,SBOA-GPSI,F15,30,6,3.0153384262e+04
ablation,SBOA-GPSI,F16,30,6,8.1651409593e+02
ablation,SBOA,F26,30,6,1.8433174029e+03
ablation,SBOA,F27,30,6,5.2317276563e+02
ablation,SBOA,F28,30,6,4.0807849346e+02
ablation,SBOA,F29,30,6,7.5210368275e+02
ablation,SBOA-GPSI,F17,30,6,4.0352368047e+02
ablation,SBOA-GPSI,F18,30,6,1.1622855157e+06
ablation,SBOA-GPSI,F19,30,6,4.0123948583e+03
ablation,SBOA-GPSI,F20,30,6,4.0746196832e+02
ablation,SBOA-LOBL,F4,30,6,2.4272896077e+01
ablation,SBOA-LOBL,F5,30,6,5.3392376176e+01
ablation,SBOA-LOBL,F6,30,6,5.0682727710e+00
ablation,SBOA-LOBL,F7,30,6,1.5473331769e+02
ablation,SBOA-GPSI,F21,30,6,2.8670145502e+02
ablation,SBOA-GPSI,F22,30,6,1.0069705329e+02
ablation,SBOA-GPSI,F23,30,6,4.1343886427e+02
ablation,SBOA-GPSI,F24,30,6,4.6924176166e+02
ablation,SBOA-LOBL,F8,30,6,6.7557902152e+01
ablation,SBOA-LOBL,F9,30,6,3.5523034560e+01
ablation,SBOA-LOBL,F10,30,6,3.9890076177e+03
ablation,SBOA-LOBL,F11,30,6,8.9766844757e+01
ablation,SBOA-GPSI,F29,30,6,7.7830722186e+02
ablation,SBOA-GPSI,F30,30,6,7.5230834360e+04
ablation,SBOA-LOBL,F1,30,6,2.6218234256e+04
ablation,SBOA-LOBL,F3,30,6,4.8774317184e+04
ablation,SBOA-GPSI,F25,30,6,4.4052548271e+02
ablation,SBOA-GPSI,F26,30,6,1.8805095452e+03
ablation,SBOA-GPSI,F27,30,6,5.1551981616e+02
ablation,SBOA-GPSI,F28,30,6,4.1727308035e+02
ablation,SBOA-LOBL,F12,30,6,6.1253441861e+05
ablation,SBOA-LOBL,F13,30,6,8.2982973553e+03
ablation,SBOA-LOBL,F14,30,6,1.4232324228e+04
ablation,SBOA-LOBL,F15,30,6,8.0553436943e+02
ablation,SBOA-LOBL,F16,30,6,2.9226041426e+02
ablation,SBOA-LOBL,F17,30,6,5.7958465689e+02
ablation,SBOA-LOBL,F18,30,6,4.4878818426e+05
ablation,SBOA-LOBL,F19,30,6,1.4638067649e+03
ablation,SBOA-ACGM,F3,30,6,2.4775357944e+04
ablation,SBOA-ACGM,F4,30,6,7.2440792517e+01
ablation,SBOA-ACGM,F5,30,6,6.8649126861e+01
ablation,SBOA-ACGM,F6,30,6,1.1701817544e+01
ablation,SBOA-LOBL,F20,30,6,6.5108429997e+01
ablation,SBOA-LOBL,F21,30,6,2.5392196308e+02
ablation,SBOA-LOBL,F22,30,6,1.0423851063e+02
ablation,SBOA-LOBL,F23,30,6,4.2388680953e+02
ablation,SBOA-ACGM,F7,30,6,1.6272274731e+02
ablation,SBOA-ACGM,F8,30,6,7.4388285771e+01
ablation,SBOA-ACGM,F9,30,6,3.2133256289e+02
ablation,SBOA-ACGM,F10,30,6,3.1633795824e+03
ablation,SBOA-LOBL,F24,30,6,4.6436453283e+02
ablation,SBOA-LOBL,F25,30,6,4.3962489725e+02
ablation,SBOA-LOBL,F26,30,6,1.7630771872e+03
ablation,SBOA-LOBL,F27,30,6,5.2468952939e+02
ablation,SBOA-LOBL,F28,30,6,4.5735126013e+02
ablation,SBOA-LOBL,F29,30,6,1.0025483644e+03
ablation,SBOA-LOBL,F30,30,6,9.6199902008e+04
ablation,SBOA-ACGM,F1,30,6,2.6991012061e+04
ablation,SBOA-ACGM,F11,30,6,7.1388061962e+01
ablation,SBOA-ACGM,F12,30,6,1.1724554649e+05
ablation,SBOA-ACGM,F13,30,6,5.3554251748e+04
ablation,SBOA-ACGM,F14,30,6,5.5165921302e+04
ablation,SBOA-ACGM,F15,30,6,6.6668804469e+03
ablation,SBOA-ACGM,F16,30,6,7.4969814891e+02
ablation,SBOA-ACGM,F17,30,6,9.7707040211e+01
ablation,SBOA-ACGM,F18,30,6,1.0781001709e+05
ablation,SBOA-GPSI-LOBL,F1,30,6,6.6298487889e+04
ablation,SBOA-GPSI-LOBL,F3,30,6,2.9180360879e+04
ablation,SBOA-GPSI-LOBL,F4,30,6,1.1575960360e+02
ablation,SBOA-GPSI-LOBL,F5,30,6,9.6565688784e+01
ablation,SBOA-ACGM,F19,30,6,4.3744585892e+03
ablation,SBOA-ACGM,F20,30,6,6.5803593426e+02
ablation,SBOA-ACGM,F21,30,6,2.6492984307e+02
ablation,SBOA-ACGM,F22,30,6,1.0565129667e+02
ablation,SBOA-GPSI-LOBL,F6,30,6,7.9385145976e+00
ablation,SBOA-GPSI-LOBL,F7,30,6,9.5747089126e+01
ablation,SBOA-GPSI-LOBL,F8,30,6,6.8112897286e+01
ablation,SBOA-GPSI-LOBL,F9,30,6,1.2753190021e+03
ablation,SBOA-GPSI-LOBL,F10,30,6,4.7182340145e+03
ablation,SBOA-GPSI-LOBL,F11,30,6,6.7623385957e+01
ablation,SBOA-GPSI-LOBL,F12,30,6,5.3965102399e+05
ablation,SBOA-GPSI-LOBL,F13,30,6,3.8996295355e+04
ablation,SBOA-ACGM,F23,30,6,4.0784969750e+02
ablation,SBOA-ACGM,F24,30,6,4.7845611105e+02
ablation,SBOA-ACGM,F25,30,6,4.1198296244e+02
ablation,SBOA-ACGM,F26,30,6,1.7722776037e+03
ablation,SBOA-GPSI-LOBL,F14,30,6,7.0330539064e+04
ablation,SBOA-GPSI-LOBL,F15,30,6,5.3552910741e+03
ablation,SBOA-GPSI-LOBL,F16,30,6,1.3258832508e+03
ablation,SBOA-GPSI-LOBL,F17,30,6,2.4083678229e+02
ablation,SBOA-ACGM,F27,30,6,5.0917347716e+02
ablation,SBOA-ACGM,F28,30,6,4.4813579123e+02
ablation,SBOA-ACGM,F29,30,6,5.6426812122e+02
ablation,SBOA-ACGM,F30,30,6,3.4428531167e+04
ablation,SBOA-GPSI-LOBL,F18,30,6,3.2248809032e+05
ablation,SBOA-GPSI-LOBL,F19,30,6,3.1289415846e+03
ablation,SBOA-GPSI-LOBL,F20,30,6,5.2803389963e+02
ablation,SBOA-GPSI-LOBL,F21,30,6,2.4004807852e+02
ablation,SBOA-GPSI-LOBL,F30,30,6,4.5298645465e+05
ablation,SBOA-GPSI-ACGM,F1,30,6,1.7294469235e+04
ablation,SBOA-GPSI-ACGM,F3,30,6,3.5448749943e+04
ablation,SBOA-GPSI-ACGM,F4,30,6,1.1639734653e+02
ablation,SBOA-GPSI-ACGM,F5,30,6,9.1018049181e+01
ablation,SBOA-GPSI-ACGM,F6,30,6,8.8875499013e+00
ablation,SBOA-GPSI-ACGM,F7,30,6,8.9238113100e+01
ablation,SBOA-GPSI-ACGM,F8,30,6,6.4362298545e+01
ablation,SBOA-GPSI-LOBL,F22,30,6,1.0725120128e+02
ablation,SBOA-GPSI-LOBL,F23,30,6,3.8530950563e+02
ablation,SBOA-GPSI-LOBL,F24,30,6,4.7849190172e+02
ablation,SBOA-GPSI-LOBL,F25,30,6,4.2929240148e+02
ablation,SBOA-GPSI-ACGM,F9,30,6,4.1071074584e+02
ablation,SBOA-GPSI-ACGM,F10,30,6,4.2987800354e+03
ablation,SBOA-GPSI-ACGM,F11,30,6,1.4335315457e+02
ablation,SBOA-GPSI-ACGM,F12,30,6,2.0617867471e+06
ablation,SBOA-GPSI-ACGM,F13,30,6,4.4112892862e+03
ablation,SBOA-GPSI-ACGM,F14,30,6,1.9371034586e+03
ablation,SBOA-GPSI-ACGM,F15,30,6,1.5808631567e+04
ablation,SBOA-GPSI-ACGM,F16,30,6,5.9120191577e+02
ablation,SBOA-GPSI-ACGM,F17,30,6,3.0797321024e+02
ablation,SBOA-GPSI-ACGM,F18,30,6,9.0608130029e+05
ablation,SBOA-GPSI-ACGM,F19,30,6,2.3726479734e+05
ablation,SBOA-GPSI-ACGM,F20,30,6,9.0554808445e+01
ablation,SBOA-GPSI-LOBL,F26,30,6,1.7417675317e+03
ablation,SBOA-GPSI-LOBL,F27,30,6,5.2707457066e+02
ablation,SBOA-GPSI-LOBL,F28,30,6,4.1066236038e+02
ablation,SBOA-GPSI-LOBL,F29,30,6,1.2628916246e+03
ablation,SBOA-LOBL-ACGM,F4,30,6,1.1317771743e+02
ablation,SBOA-LOBL-ACGM,F5,30,6,5.7572064336e+01
ablation,SBOA-LOBL-ACGM,F6,30,6,1.6906589508e+01
ablation,SBOA-LOBL-ACGM,F7,30,6,1.2367975809e+02
ablation,SBOA-GPSI-ACGM,F21,30,6,2.5335467501e+02
ablation,SBOA-GPSI-ACGM,F22,30,6,1.0588010416e+02
ablation,SBOA-GPSI-ACGM,F23,30,6,3.9279840307e+02
ablation,SBOA-GPSI-ACGM,F24,30,6,4.9130245204e+02
ablation,SBOA-LOBL-ACGM,F8,30,6,7.1872150612e+01
ablation,SBOA-LOBL-ACGM,F9,30,6,7.4553849736e+01
ablation,SBOA-LOBL-ACGM,F10,30,6,3.7328794036e+03
ablation,SBOA-LOBL-ACGM,F11,30,6,7.6470509145e+01
ablation,SBOA-GPSI-ACGM,F25,30,6,3.9160110954e+02
ablation,SBOA-GPSI-ACGM,F26,30,6,2.0104962033e+03
ablation,SBOA-GPSI-ACGM,F27,30,6,5.1724211909e+02
ablation,SBOA-GPSI-ACGM,F28,30,6,4.7172888210e+02
ablation,SBOA-GPSI-ACGM,F29,30,6,9.1271821386e+02
ablation,SBOA-GPSI-ACGM,F30,30,6,6.1531583735e+04
ablation,SBOA-LOBL-ACGM,F1,30,6,3.4592040418e+04
ablation,SBOA-LOBL-ACGM,F3,30,6,3.2344120728e+04
ablation,SBOA-LOBL-ACGM,F12,30,6,2.8207821689e+06
ablation,SBOA-LOBL-ACGM,F13,30,6,1.3608029590e+04
ablation,SBOA-LOBL-ACGM,F14,30,6,2.3651480898e+04
ablation,SBOA-LOBL-ACGM,F15,30,6,1.8242273331e+04
ablation,SBOA-LOBL-ACGM,F16,30,6,1.4243394461e+03
ablation,SBOA-LOBL-ACGM,F17,30,6,2.4633234981e+02
ablation,SBOA-LOBL-ACGM,F18,30,6,1.0927086002e+06
ablation,SBOA-LOBL-ACGM,F19,30,6,9.2010894447e+04
ablation,MSSBOA,F3,30,6,2.6935902458e+04
ablation,MSSBOA,F4,30,6,6.8518304829e+01
ablation,MSSBOA,F5,30,6,6.5115499946e+01
ablation,MSSBOA,F6,30,6,9.0906730564e+00
ablation,SBOA-LOBL-ACGM,F20,30,6,4.9644442736e+02
ablation,SBOA-LOBL-ACGM,F21,30,6,2.7442115691e+02
ablation,SBOA-LOBL-ACGM,F22,30,6,1.0385151768e+02
ablation,SBOA-LOBL-ACGM,F23,30,6,3.8931336235e+02
ablation,MSSBOA,F7,30,6,1.3315090329e+02
ablation,MSSBOA,F8,30,6,9.0595233969e+01
ablation,MSSBOA,F9,30,6,3.4864496539e+01
ablation,MSSBOA,F10,30,6,3.7640750340e+03
ablation,SBOA-LOBL-ACGM,F24,30,6,4.6648992598e+02
ablation,SBOA-LOBL-ACGM,F25,30,6,4.3605153200e+02
ablation,SBOA-LOBL-ACGM,F26,30,6,2.5041319050e+03
ablation,SBOA-LOBL-ACGM,F27,30,6,5.1649727481e+02
ablation,SBOA-LOBL-ACGM,F28,30,6,4.5790877950e+02
ablation,SBOA-LOBL-ACGM,F29,30,6,6.5948885520e+02
ablation,SBOA-LOBL-ACGM,F30,30,6,1.7496400171e+04
ablation,MSSBOA,F1,30,6,1.4331426921e+05
ablation,MSSBOA,F11,30,6,6.6054442260e+01
ablation,MSSBOA,F12,30,6,1.0423867860e+06
ablation,MSSBOA,F13,30,6,2.2600526423e+04
ablation,MSSBOA,F14,30,6,7.0618942364e+03
ablation,MSSBOA,F15,30,6,3.5054039741e+04
ablation,MSSBOA,F16,30,6,6.1207096416e+02
ablation,MSSBOA,F17,30,6,1.1692615300e+02
ablation,MSSBOA,F18,30,6,5.0975539192e+05
ablation,SBOA,F1,30,7,1.1299083418e+04
ablation,SBOA,F3,30,7,2.1990283532e+04
ablation,SBOA,F4,30,7,8.6443664019e+01
ablation,SBOA,F5,30,7,7.4296930624e+01
ablation,MSSBOA,F19,30,6,3.1239260271e+02
ablation,MSSBOA,F20,30,6,2.1761319750e+02
ablation,MSSBOA,F21,30,6,2.5737070313e+02
ablation,MSSBOA,F22,30,6,1.0921135198e+02
ablation,SBOA,F6,30,7,5.9172055830e+00
ablation,SBOA,F7,30,7,1.1496698693e+02
ablation,SBOA,F8,30,7,5.1987588238e+01
ablation,SBOA,F9,30,7,1.0016661722e+02
ablation,SBOA,F10,30,7,5.0382740113e+03
ablation,SBOA,F11,30,7,1.0531388670e+02
ablation,SBOA,F12,30,7,7.8023651230e+05
ablation,SBOA,F13,30,7,1.9810088920e+04
ablation,MSSBOA,F23,30,6,4.1162326018e+02
ablation,MSSBOA,F24,30,6,4.9586851747e+02
ablation,MSSBOA,F25,30,6,4.1438178707e+02
ablation,MSSBOA,F26,30,6,1.8334045252e+03
ablation,SBOA,F14,30,7,1.1622587103e+04
ablation,SBOA,F15,30,7,2.3850026847e+04
ablation,SBOA,F16,30,7,1.1740017549e+03
ablation,SBOA,F17,30,7,2.6133899888e+02
ablation,SBOA,F18,30,7,8.6522708932e+05
ablation,SBOA,F19,30,7,1.2219090686e+04
ablation,SBOA,F20,30,7,6.3595347542e+02
ablation,SBOA,F21,30,7,2.8539925550e+02
ablation,MSSBOA,F27,30,6,5.3156265156e+02
ablation,MSSBOA,F28,30,6,4.6375377610e+02
ablation,MSSBOA,F29,30,6,5.6586083361e+02
ablation,MSSBOA,F30,30,6,9.1798558468e+04
ablation,SBOA,F22,30,7,1.0162531722e+02
ablation,SBOA,F23,30,7,4.0016926988e+02
ablation,SBOA,F24,30,7,4.5866298847e+02
ablation,SBOA,F25,30,7,3.9482721375e+02
ablation,SBOA-GPSI,F5,30,7,4.5138599574e+01
ablation,SBOA-GPSI,F6,30,7,1.6028060432e+01
ablation,SBOA-GPSI,F7,30,7,9.1564869514e+01
ablation,SBOA-GPSI,F8,30,7,6.1769945250e+01
ablation,SBOA,F30,30,7,1.9983496510e+04
ablation,SBOA-GPSI,F1,30,7,8.7571312172e+04
ablation,SBOA-GPSI,F3,30,7,4.1802368227e+04
ablation,SBOA-GPSI,F4,30,7,1.1628355298e+02
ablation,SBOA-GPSI,F9,30,7,2.2200033606e+02
ablation,SBOA-GPSI,F10,30,7,3.4516773507e+03
ablation,SBOA-GPSI,F11,30,7,1.0658166747e+02
ablation,SBOA-GPSI,F12,30,7,6.4563975690e+05
ablation,SBOA-GPSI,F13,30,7,2.7073322280e+04
ablation,SBOA-GPSI,F14,30,7,2.3362896820e+04
ablation,SBOA-GPSI,F15,30,7,1.1880845033e+03
ablation,SBOA-GPSI,F16,30,7,1.0348023765e+03
ablation,SBOA,F26,30,7,1.8279815277e+03
ablation,SBOA,F27,30,7,5.1927601471e+02
ablation,SBOA,F28,30,7,4.4119149908e+02
ablation,SBOA,F29,30,7,5.1083379216e+02
ablation,SBOA-GPSI,F17,30,7,6.6000601126e+02
ablation,SBOA-GPSI,F18,30,7,6.4876971265e+05
ablation,SBOA-GPSI,F19,30,7,4.9478440951e+03
ablation,SBOA-GPSI,F20,30,7,1.4838587784e+02
ablation,SBOA-LOBL,F4,30,7,1.1091969932e+02
ablation,SBOA-LOBL,F5,30,7,6.6134247538e+01
ablation,SBOA-LOBL,F6,30,7,5.9507388140e+00
ablation,SBOA-LOBL,F7,30,7,1.5193880913e+02
ablation,SBOA-GPSI,F21,30,7,2.5725050261e+02
ablation,SBOA-GPSI,F22,30,7,3.4510296647e+03
ablation,SBOA-GPSI,F23,30,7,3.8534498150e+02
ablation,SBOA-GPSI,F24,30,7,4.5584636277e+02
ablation,SBOA-GPSI,F29,30,7,8.4839911578e+02
ablation,SBOA-GPSI,F30,30,7,6.2658305247e+04
ablation,SBOA-LOBL,F1,30,7,3.0093343434e+04
ablation,SBOA-LOBL,F3,30,7,4.6883500455e+04
ablation,SBOA-LOBL,F8,30,7,6.2468769744e+01
ablation,SBOA-LOBL,F9,30,7,8.8837126555e+00
ablation,SBOA-LOBL,F10,30,7,4.5587221555e+03
ablation,SBOA-LOBL,F11,30,7,7.5876953320e+01
ablation,SBOA-GPSI,F25,30,7,3.9123074160e+02
ablation,SBOA-GPSI,F26,30,7,1.7781630860e+03
ablation,SBOA-GPSI,F27,30,7,5.1228426418e+02
ablation,SBOA-GPSI,F28,30,7,4.6150750606e+02
ablation,SBOA-LOBL,F12,30,7,4.6767848223e+06
ablation,SBOA-LOBL,F13,30,7,1.2872315307e+04
ablation,SBOA-LOBL,F14,30,7,4.4187676608e+03
ablation,SBOA-LOBL,F15,30,7,4.5366578981e+03
ablation,SBOA-LOBL,F16,30,7,7.7574309259e+02
ablation,SBOA-LOBL,F17,30,7,4.0409206061e+02
ablation,SBOA-LOBL,F18,30,7,1.8483269027e+06
ablation,SBOA-LOBL,F19,30,7,9.8470708550e+03
ablation,SBOA-LOBL,F20,30,7,2.0716746751e+02
ablation,SBOA-LOBL,F21,30,7,2.7265824769e+02
ablation,SBOA-LOBL,F22,30,7,1.0404863395e+02
ablation,SBOA-LOBL,F23,30,7,3.8974995982e+02
ablation,SBOA-ACGM,F3,30,7,2.9365100821e+04
ablation,SBOA-ACGM,F4,30,7,9.1795602486e+01
ablation,SBOA-ACGM,F5,30,7,5.7844906570e+01
ablation,SBOA-ACGM,F6,30,7,3.9931941905e+00
ablation,SBOA-ACGM,F7,30,7,1.6883773547e+02
ablation,SBOA-ACGM,F8,30,7,4.9814747633e+01
ablation,SBOA-ACGM,F9,30,7,5.1007061480e+02
ablation,SBOA-ACGM,F10,30,7,4.1521073331e+03
ablation,SBOA-LOBL,F24,30,7,4.5837637870e+02
ablation,SBOA-LOBL,F25,30,7,3.8863864647e+02
ablation,SBOA-LOBL,F26,30,7,1.9992335565e+03
ablation,SBOA-LOBL,F27,30,7,5.1610744287e+02
ablation,SBOA-ACGM,F11,30,7,1.1830580149e+02
ablation,SBOA-ACGM,F12,30,7,7.3395720498e+05
ablation,SBOA-ACGM,F13,30,7,2.5317276844e+03
ablation,SBOA-ACGM,F14,30,7,5.9498027655e+03
ablation,SBOA-LOBL,F28,30,7,4.7353393530e+02
ablation,SBOA-LOBL,F29,30,7,9.2806983125e+02
ablation,SBOA-LOBL,F30,30,7,2.8939435654e+04
ablation,SBOA-ACGM,F1,30,7,3.2283337716e+04
ablation,SBOA-ACGM,F15,30,7,1.5167248344e+04
ablation,SBOA-ACGM,F16,30,7,3.5194772598e+02
ablation,SBOA-ACGM,F17,30,7,1.4194484106e+02
ablation,SBOA-ACGM,F18,30,7,1.5107594446e+05
ablation,SBOA-GPSI-LOBL,F1,30,7,6.0922696927e+04
ablation,SBOA-GPSI-LOBL,F3,30,7,2.4413636439e+04
ablation,SBOA-GPSI-LOBL,F4,30,7,7.3139777655e+01
ablation,SBOA-GPSI-LOBL,F5,30,7,6.4928937453e+01
ablation,SBOA-ACGM,F19,30,7,1.7845563661e+03
ablation,SBOA-ACGM,F20,30,7,3.1566946638e+02
ablation,SBOA-ACGM,F21,30,7,2.8593722407e+02
ablation,SBOA-ACGM,F22,30,7,1.0372287229e+02
ablation,SBOA-GPSI-LOBL,F6,30,7,2.3387952091e+01
ablation,SBOA-GPSI-LOBL,F7,30,7,1.8473132369e+02
ablation,SBOA-GPSI-LOBL,F8,30,7,5.3339340135e+01
ablation,SBOA-GPSI-LOBL,F9,30,7,1.0363335658e+02
ablation,SBOA-ACGM,F23,30,7,3.9798087418e+02
ablation,SBOA-ACGM,F24,30,7,5.3749724349e+02
ablation,SBOA-ACGM,F25,30,7,4.3759586792e+02
ablation,SBOA-ACGM,F26,30,7,1.9323750150e+03
ablation,SBOA-GPSI-LOBL,F10,30,7,3.6073257058e+03
ablation,SBOA-GPSI-LOBL,F11,30,7,8.4369835048e+01
ablation,SBOA-GPSI-LOBL,F12,30,7,1.1613527324e+06
ablation,SBOA-GPSI-LOBL,F13,30,7,2.6704921342e+03
ablation,SBOA-GPSI-LOBL,F14,30,7,6.2180362173e+03
ablation,SBOA-GPSI-LOBL,F15,30,7,7.9716986514e+04
ablation,SBOA-GPSI-LOBL,F16,30,7,6.8659795811e+02
ablation,SBOA-GPSI-LOBL,F17,30,7,3.7768405407e+02
ablation,SBOA-ACGM,F27,30,7,4.9772584512e+02
ablation,SBOA-ACGM,F28,30,7,4.1407512845e+02
ablation,SBOA-ACGM,F29,30,7,5.1617052318e+02
ablation,SBOA-ACGM,F30,30,7,3.1074075938e+04
ablation,SBOA-GPSI-LOBL,F18,30,7,1.0406583377e+05
ablation,SBOA-GPSI-LOBL,F19,30,7,9.8902988463e+03
ablation,SBOA-GPSI-LOBL,F20,30,7,2.2116922008e+02
ablation,SBOA-GPSI-LOBL,F21,30,7,2.7470836374e+02
ablation,SBOA-GPSI-ACGM,F5,30,7,1.0430062057e+02
ablation,SBOA-GPSI-ACGM,F6,30,7,3.8069136813e+00
ablation,SBOA-GPSI-ACGM,F7,30,7,1.3488877293e+02
ablation,SBOA-GPSI-ACGM,F8,30,7,7.1287041438e+01
ablation,SBOA-GPSI-LOBL,F22,30,7,1.0586652470e+02
ablation,SBOA-GPSI-LOBL,F23,30,7,4.0198369986e+02
ablation,SBOA-GPSI-LOBL,F24,30,7,4.5924939888e+02
ablation,SBOA-GPSI-LOBL,F25,30,7,3.9028116310e+02
ablation,SBOA-GPSI-LOBL,F30,30,7,2.8605030111e+05
ablation,SBOA-GPSI-ACGM,F1,30,7,1.0487211552e+04
ablation,SBOA-GPSI-ACGM,F3,30,7,2.6268726425e+04
ablation,SBOA-GPSI-ACGM,F4,30,7,1.1941372359e+02
ablation,SBOA-GPSI-ACGM,F9,30,7,1.2460363945e+01
ablation,SBOA-GPSI-ACGM,F10,30,7,3.3980711165e+03
ablation,SBOA-GPSI-ACGM,F11,30,7,1.3368049331e+02
ablation,SBOA-GPSI-ACGM,F12,30,7,8.2428698605e+05
ablation,SBOA-GPSI-ACGM,F13,30,7,1.8601613162e+04
ablation,SBOA-GPSI-ACGM,F14,30,7,1.4979631452e+03
ablation,SBOA-GPSI-ACGM,F15,30,7,2.3367735892e+03
ablation,SBOA-GPSI-ACGM,F16,30,7,7.5905883119e+02
ablation,SBOA-GPSI-ACGM,F17,30,7,4.6339848625e+02
ablation,SBOA-GPSI-ACGM,F18,30,7,3.2215736651e+05
ablation,SBOA-GPSI-ACGM,F19,30,7,1.3839046514e+03
ablation,SBOA-GPSI-ACGM,F20,30,7,8.2778228721e+01
ablation,SBOA-GPSI-LOBL,F26,30,7,2.4387026588e+03
ablation,SBOA-GPSI-LOBL,F27,30,7,5.1371595743e+02
ablation,SBOA-GPSI-LOBL,F28,30,7,4.1784292421e+02
ablation,SBOA-GPSI-LOBL,F29,30,7,8.4031766419e+02
ablation,SBOA-GPSI-ACGM,F21,30,7,2.5652022095e+02
ablation,SBOA-GPSI-ACGM,F22,30,7,1.0101683506e+02
ablation,SBOA-GPSI-ACGM,F23,30,7,3.9224851018e+02
ablation,SBOA-GPSI-ACGM,F24,30,7,4.7736172482e+02
ablation,SBOA-LOBL-ACGM,F4,30,7,1.2188284860e+02
ablation,SBOA-LOBL-ACGM,F5,30,7,8.1896026844e+01
ablation,SBOA-LOBL-ACGM,F6,30,7,9.9504543020e+00
ablation,SBOA-LOBL-ACGM,F7,30,7,1.6302425790e+02
ablation,SBOA-LOBL-ACGM,F8,30,7,7.9203270552e+01
ablation,SBOA-LOBL-ACGM,F9,30,7,4.1207181536e+01
ablation,SBOA-LOBL-ACGM,F10,30,7,3.4841728829e+03
ablation,SBOA-LOBL-ACGM,F11,30,7,1.4577406555e+02
ablation,SBOA-GPSI-ACGM,F25,30,7,4.2643156762e+02
ablation,SBOA-GPSI-ACGM,F26,30,7,1.7814095985e+03
ablation,SBOA-GPSI-ACGM,F27,30,7,5.1930016533e+02
ablation,SBOA-GPSI-ACGM,F28,30,7,4.7714607733e+02
ablation,SBOA-LOBL-ACGM,F12,30,7,1.3069589878e+06
ablation,SBOA-LOBL-ACGM,F13,30,7,2.1355197822e+04
ablation,SBOA-LOBL-ACGM,F14,30,7,1.1657792687e+04
ablation,SBOA-LOBL-ACGM,F15,30,7,1.8914575215e+04
ablation,SBOA-GPSI-ACGM,F29,30,7,6.0820971853e+02
ablation,SBOA-GPSI-ACGM,F30,30,7,1.2251750706e+05
ablation,SBOA-LOBL-ACGM,F1,30,7,1.0606869449e+05
ablation,SBOA-LOBL-ACGM,F3,30,7,5.1258597989e+04
ablation,SBOA-LOBL-ACGM,F16,30,7,1.1116200202e+03
ablation,SBOA-LOBL-ACGM,F17,30,7,6.8526475777e+01
ablation,SBOA-LOBL-ACGM,F18,30,7,1.3240403399e+06
ablation,SBOA-LOBL-ACGM,F19,30,7,1.5217835816e+03
ablation,MSSBOA,F3,30,7,5.8948767361e+04
ablation,MSSBOA,F4,30,7,1.1538425388e+02
ablation,MSSBOA,F5,30,7,8.3199731513e+01
ablation,MSSBOA,F6,30,7,8.9856102334e+00
ablation,SBOA-LOBL-ACGM,F20,30,7,1.6178621998e+02
ablation,SBOA-LOBL-ACGM,F21,30,7,2.7559725449e+02
ablation,SBOA-LOBL-ACGM,F22,30,7,1.0335581575e+02
ablation,SBOA-LOBL-ACGM,F23,30,7,4.0147032985e+02
ablation,MSSBOA,F7,30,7,1.7601127279e+02
ablation,MSSBOA,F8,30,7,8.3945429774e+01
ablation,MSSBOA,F9,30,7,3.6517743291e+01
ablation,MSSBOA,F10,30,7,5.1066288957e+03
ablation,SBOA-LOBL-ACGM,F24,30,7,4.6233779530e+02
ablation,SBOA-LOBL-ACGM,F25,30,7,3.9979161954e+02
ablation,SBOA-LOBL-ACGM,F26,30,7,1.9325829043e+03
ablation,SBOA-LOBL-ACGM,F27,30,7,5.2891804053e+02
ablation,MSSBOA,F11,30,7,4.7590532554e+01
ablation,MSSBOA,F12,30,7,5.9611971025e+05
ablation,MSSBOA,F13,30,7,5.3248995095e+04
ablation,MSSBOA,F14,30,7,2.4545311897e+04
ablation,SBOA-LOBL-ACGM,F28,30,7,4.2375108858e+02
ablation,SBOA-LOBL-ACGM,F29,30,7,6.9368424141e+02
ablation,SBOA-LOBL-ACGM,F30,30,7,3.1620228591e+04
ablation,MSSBOA,F1,30,7,9.3468147009e+04
ablation,MSSBOA,F15,30,7,1.6084243531e+03
ablation,MSSBOA,F16,30,7,6.0047327886e+02
ablation,MSSBOA,F17,30,7,2.5803967832e+02
ablation,MSSBOA,F18,30,7,7.0157021331e+05
ablation,SBOA,F1,30,8,7.6632284530e+03
ablation,SBOA,F3,30,8,3.3844111491e+04
ablation,SBOA,F4,30,8,8.8917387133e+01
ablation,SBOA,F5,30,8,3.7842754362e+01
ablation,MSSBOA,F19,30,7,1.8984215546e+03
ablation,MSSBOA,F20,30,7,3.2318768437e+02
ablation,MSSBOA,F21,30,7,2.7522626742e+02
ablation,MSSBOA,F22,30,7,1.0429632612e+02
ablation,SBOA,F6,30,8,8.6280614298e+00
ablation,SBOA,F7,30,8,1.0684692753e+02
ablation,SBOA,F8,30,8,7.0448235285e+01
ablation,SBOA,F9,30,8,9.8802076073e+01
ablation,SBOA,F10,30,8,3.3732391163e+03
ablation,SBOA,F11,30,8,1.0234348927e+02
ablation,SBOA,F12,30,8,3.7970368527e+06
ablation,SBOA,F13,30,8,2.6902320005e+03
ablation,MSSBOA,F23,30,7,3.9494137722e+02
ablation,MSSBOA,F24,30,7,4.6254200086e+02
ablation,MSSBOA,F25,30,7,4.3340097581e+02
ablation,MSSBOA,F26,30,7,1.9615982548e+03
ablation,SBOA,F14,30,8,2.9735026651e+04
ablation,SBOA,F15,30,8,7.5442037651e+02
ablation,SBOA,F16,30,8,7.5631629330e+02
ablation,SBOA,F17,30,8,1.6817411468e+02
ablation,SBOA,F18,30,8,1.0221457413e+06
ablation,SBOA,F19,30,8,1.3415783067e+04
ablation,SBOA,F20,30,8,1.0455196608e+02
ablation,SBOA,F21,30,8,2.8537666365e+02
ablation,MSSBOA,F27,30,7,5.2385407138e+02
ablation,MSSBOA,F28,30,7,4.2662942821e+02
ablation,MSSBOA,F29,30,7,1.0101816618e+03
ablation,MSSBOA,F30,30,7,7.6644411233e+04
ablation,SBOA,F22,30,8,1.0449672428e+02
ablation,SBOA,F23,30,8,3.8625508889e+02
ablation,SBOA,F24,30,8,4.6140007367e+02
ablation,SBOA,F25,30,8,4.1256074727e+02
ablation,SBOA,F30,30,8,1.0226029800e+06
ablation,SBOA-GPSI,F1,30,8,1.1991583573e+04
ablation,SBOA-GPSI,F3,30,8,3.3393424744e+04
ablation,SBOA-GPSI,F4,30,8,7.3815526979e+01
ablation,SBOA-GPSI,F5,30,8,5.7740066031e+01
ablation,SBOA-GPSI,F6,30,8,1.0925324362e+01
ablation,SBOA-GPSI,F7,30,8,1.6475011898e+02
ablation,SBOA-GPSI,F8,30,8,7.6770931224e+01
ablation,SBOA-GPSI,F9,30,8,1.9344958703e+02
ablation,SBOA-GPSI,F10,30,8,2.8651150366e+03
ablation,SBOA-GPSI,F11,30,8,5.2007310375e+01
ablation,SBOA-GPSI,F12,30,8,7.6334401688e+05
ablation,SBOA,F26,30,8,1.9222859814e+03
ablation,SBOA,F27,30,8,5.1300859415e+02
ablation,SBOA,F28,30,8,4.1152743710e+02
ablation,SBOA,F29,30,8,7.7146779892e+02
ablation,SBOA-GPSI,F13,30,8,1.7350396760e+03
ablation,SBOA-GPSI,F14,30,8,1.7094224677e+04
ablation,SBOA-GPSI,F15,30,8,1.0638990200e+05
ablation,SBOA-GPSI,F16,30,8,8.0459397378e+02
ablation,SBOA-GPSI,F17,30,8,3.2374964526e+02
ablation,SBOA-GPSI,F18,30,8,9.1999980090e+04
ablation,SBOA-GPSI,F19,30,8,1.3667953263e+04
ablation,SBOA-GPSI,F20,30,8,5.4260012557e+02
ablation,SBOA-LOBL,F4,30,8,6.2048363608e+01
ablation,SBOA-LOBL,F5,30,8,6.0124393210e+01
ablation,SBOA-LOBL,F6,30,8,1.1626010813e+01
ablation,SBOA-LOBL,F7,30,8,1.1402585286e+02
ablation,SBOA-GPSI,F21,30,8,2.6216901161e+02
ablation,SBOA-GPSI,F22,30,8,1.0379177216e+02
ablation,SBOA-GPSI,F23,30,8,4.0650343938e+02
ablation,SBOA-GPSI,F24,30,8,4.6631522330e+02
ablation,SBOA-GPSI,F29,30,8,9.2825738793e+02
ablation,SBOA-GPSI,F30,30,8,3.5951771321e+04
ablation,SBOA-LOBL,F1,30,8,5.0985075216e+04
ablation,SBOA-LOBL,F3,30,8,3.5840822059e+04
ablation,SBOA-LOBL,F8,30,8,7.9877041691e+01
ablation,SBOA-LOBL,F9,30,8,4.1053084032e+01
ablation,SBOA-LOBL,F10,30,8,4.7889476142e+03
ablation,SBOA-LOBL,F11,30,8,9.7546271485e+01
ablation,SBOA-GPSI,F25,30,8,4.1115165318e+02
ablation,SBOA-GPSI,F26,30,8,1.7925700824e+03
ablation,SBOA-GPSI,F27,30,8,5.3094019001e+02
ablation,SBOA-GPSI,F28,30,8,4.4862866746e+02
ablation,SBOA-LOBL,F12,30,8,1.0094027241e+06
ablation,SBOA-LOBL,F13,30,8,3.7837827003e+03
ablation,SBOA-LOBL,F14,30,8,3.8680146475e+04
ablation,SBOA-LOBL,F15,30,8,1.3121815148e+03
ablation,SBOA-LOBL,F16,30,8,1.0777760018e+03
ablation,SBOA-LOBL,F17,30,8,1.5160124277e+02
ablation,SBOA-LOBL,F18,30,8,2.0695376598e+05
ablation,SBOA-LOBL,F19,30,8,2.0244703678e+03
ablation,SBOA-ACGM,F3,30,8,2.5532790793e+04
ablation,SBOA-ACGM,F4,30,8,9.5193018253e+01
ablation,SBOA-ACGM,F5,30,8,6.4988365556e+01
ablation,SBOA-ACGM,F6,30,8,1.0417604881e+01
ablation,SBOA-LOBL,F20,30,8,2.2760682607e+02
ablation,SBOA-LOBL,F21,30,8,2.7328614495e+02
ablation,SBOA-LOBL,F22,30,8,1.0435271395e+02
ablation,SBOA-LOBL,F23,30,8,4.0121991512e+02
ablation,SBOA-ACGM,F7,30,8,1.6537838838e+02
ablation,SBOA-ACGM,F8,30,8,8.0910282040e+01
ablation,SBOA-ACGM,F9,30,8,1.8541167001e+01
ablation,SBOA-ACGM,F10,30,8,4.5276770074e+03
ablation,SBOA-LOBL,F24,30,8,5.0588167532e+02
ablation,SBOA-LOBL,F25,30,8,4.3183059023e+02
ablation,SBOA-LOBL,F26,30,8,1.5291992507e+03
ablation,SBOA-LOBL,F27,30,8,5.3755969828e+02
ablation,SBOA-ACGM,F11,30,8,1.0234028748e+02
ablation,SBOA-ACGM,F12,30,8,7.7309832825e+05
ablation,SBOA-ACGM,F13,30,8,5.3495158594e+04
ablation,SBOA-ACGM,F14,30,8,2.3813818917e+03
ablation,SBOA-LOBL,F28,30,8,4.6812785444e+02
ablation,SBOA-LOBL,F29,30,8,7.0810784618e+02
ablation,SBOA-LOBL,F30,30,8,2.4186159095e+04
ablation,SBOA-ACGM,F1,30,8,3.4516845808e+04
ablation,SBOA-ACGM,F15,30,8,1.1081868144e+04
ablation,SBOA-ACGM,F16,30,8,5.6064724217e+02
ablation,SBOA-ACGM,F17,30,8,9.9438633550e+01
ablation,SBOA-ACGM,F18,30,8,4.5352814331e+05
ablation,SBOA-GPSI-LOBL,F1,30,8,7.6999065116e+04
ablation,SBOA-GPSI-LOBL,F3,30,8,2.9994921923e+04
ablation,SBOA-GPSI-LOBL,F4,30,8,1.2489718422e+02
ablation,SBOA-GPSI-LOBL,F5,30,8,4.8294627857e+01
ablation,SBOA-ACGM,F19,30,8,2.7482443375e+03
ablation,SBOA-ACGM,F20,30,8,2.6103674138e+02
ablation,SBOA-ACGM,F21,30,8,2.5036221702e+02
ablation,SBOA-ACGM,F22,30,8,1.0108112192e+02
ablation,SBOA-GPSI-LOBL,F6,30,8,8.1954688027e+00
ablation,SBOA-GPSI-LOBL,F7,30,8,1.1238004287e+02
ablation,SBOA-GPSI-LOBL,F8,30,8,6.6279242683e+01
ablation,SBOA-GPSI-LOBL,F9,30,8,2.5218549070e+02
ablation,SBOA-ACGM,F23,30,8,4.1457440403e+02
ablation,SBOA-ACGM,F24,30,8,4.8299067428e+02
ablation,SBOA-ACGM,F25,30,8,3.9520577985e+02
ablation,SBOA-ACGM,F26,30,8,1.5695448053e+03
ablation,SBOA-GPSI-LOBL,F10,30,8,4.0440479380e+03
ablation,SBOA-GPSI-LOBL,F11,30,8,1.1438885099e+02
ablation,SBOA-GPSI-LOBL,F12,30,8,6.4565979291e+05
ablation,SBOA-GPSI-LOBL,F13,30,8,1.3511688138e+04
ablation,SBOA-GPSI-LOBL,F14,30,8,1.1024048091e+03
ablation,SBOA-GPSI-LOBL,F15,30,8,4.9132818352e+04
ablation,SBOA-GPSI-LOBL,F16,30,8,1.0261935440e+03
ablation,SBOA-GPSI-LOBL,F17,30,8,2.9354503300e+02
ablation,SBOA-ACGM,F27,30,8,5.2590353419e+02
ablation,SBOA-ACGM,F28,30,8,4.8903300848e+02
ablation,SBOA-ACGM,F29,30,8,5.7908653122e+02
ablation,SBOA-ACGM,F30,30,8,2.3105361974e+05
ablation,SBOA-GPSI-LOBL,F18,30,8,5.1654601287e+05
ablation,SBOA-GPSI-LOBL,F19,30,8,2.9204949938e+03
ablation,SBOA-GPSI-LOBL,F20,30,8,1.9386371697e+02
ablation,SBOA-GPSI-LOBL,F21,30,8,2.2976699403e+02
ablation,SBOA-GPSI-ACGM,F5,30,8,7.9355176857e+01
ablation,SBOA-GPSI-ACGM,F6,30,8,1.0755992067e+01
ablation,SBOA-GPSI-ACGM,F7,30,8,1.0457948134e+02
ablation,SBOA-GPSI-ACGM,F8,30,8,1.0782159647e+02
ablation,SBOA-GPSI-LOBL,F30,30,8,5.4597575921e+04
ablation,SBOA-GPSI-ACGM,F1,30,8,3.3114371621e+04
ablation,SBOA-GPSI-ACGM,F3,30,8,4.2702857501e+04
ablation,SBOA-GPSI-ACGM,F4,30,8,1.2119903392e+02
ablation,SBOA-GPSI-LOBL,F22,30,8,1.0364540387e+02
ablation,SBOA-GPSI-LOBL,F23,30,8,3.9213920111e+02
ablation,SBOA-GPSI-LOBL,F24,30,8,4.9049422502e+02
ablation,SBOA-GPSI-LOBL,F25,30,8,3.9208997979e+02
ablation,SBOA-GPSI-ACGM,F9,30,8,3.5204982532e+01
ablation,SBOA-GPSI-ACGM,F10,30,8,3.5448881467e+03
ablation,SBOA-GPSI-ACGM,F11,30,8,5.8752640410e+01
ablation,SBOA-GPSI-ACGM,F12,30,8,1.6782280220e+05
ablation,SBOA-GPSI-ACGM,F13,30,8,3.6924491689e+04
ablation,SBOA-GPSI-ACGM,F14,30,8,7.5092525767e+03
ablation,SBOA-GPSI-ACGM,F15,30,8,1.0340174125e+04
ablation,SBOA-GPSI-ACGM,F16,30,8,6.5856296942e+02
ablation,SBOA-GPSI-LOBL,F26,30,8,1.5941294826e+03
ablation,SBOA-GPSI-LOBL,F27,30,8,5.1999662158e+02
ablation,SBOA-GPSI-LOBL,F28,30,8,4.7775423862e+02
ablation,SBOA-GPSI-LOBL,F29,30,8,7.2706934590e+02
ablation,SBOA-GPSI-ACGM,F17,30,8,2.8631534239e+02
ablation,SBOA-GPSI-ACGM,F18,30,8,6.4617314992e+05
ablation,SBOA-GPSI-ACGM,F19,30,8,3.1153075430e+03
ablation,SBOA-GPSI-ACGM,F20,30,8,4.2738278357e+02
ablation,SBOA-GPSI-ACGM,F21,30,8,2.8342260477e+02
ablation,SBOA-GPSI-ACGM,F22,30,8,1.0333485179e+02
ablation,SBOA-GPSI-ACGM,F23,30,8,3.9493695223e+02
ablation,SBOA-GPSI-ACGM,F24,30,8,4.9204381987e+02
ablation,SBOA-LOBL-ACGM,F4,30,8,8.4905393915e+01
ablation,SBOA-LOBL-ACGM,F5,30,8,7.2978454011e+01
ablation,SBOA-LOBL-ACGM,F6,30,8,5.8675641411e+00
ablation,SBOA-LOBL-ACGM,F7,30,8,1.5425192589e+02
ablation,SBOA-LOBL-ACGM,F8,30,8,6.9097818105e+01
ablation,SBOA-LOBL-ACGM,F9,30,8,4.6318764935e+01
ablation,SBOA-LOBL-ACGM,F10,30,8,2.5790511245e+03
ablation,SBOA-LOBL-ACGM,F11,30,8,9.5151778644e+01
ablation,SBOA-GPSI-ACGM,F25,30,8,3.8840871007e+02
ablation,SBOA-GPSI-ACGM,F26,30,8,1.5881701040e+03
ablation,SBOA-GPSI-ACGM,F27,30,8,5.2819061221e+02
ablation,SBOA-GPSI-ACGM,F28,30,8,4.0986192626e+02
ablation,SBOA-GPSI-ACGM,F29,30,8,8.8161673229e+02
ablation,SBOA-GPSI-ACGM,F30,30,8,3.8894942310e+04
ablation,SBOA-LOBL-ACGM,F1,30,8,5.3546968900e+04
ablation,SBOA-LOBL-ACGM,F3,30,8,3.1318709914e+04
ablation,SBOA-LOBL-ACGM,F12,30,8,6.4539924502e+05
ablation,SBOA-LOBL-ACGM,F13,30,8,1.0927773112e+04
ablation,SBOA-LOBL-ACGM,F14,30,8,9.8453533172e+03
ablation,SBOA-LOBL-ACGM,F15,30,8,7.4373123277e+03
ablation,SBOA-LOBL-ACGM,F16,30,8,8.5979833770e+02
ablation,SBOA-LOBL-ACGM,F17,30,8,3.0700846550e+02
ablation,SBOA-LOBL-ACGM,F18,30,8,6.6637202397e+05
ablation,SBOA-LOBL-ACGM,F19,30,8,5.5826229431e+03
ablation,MSSBOA,F3,30,8,4.5971482164e+04
ablation,MSSBOA,F4,30,8,1.1300609730e+02
ablation,MSSBOA,F5,30,8,7.4836666416e+01
ablation,MSSBOA,F6,30,8,2.2499291368e+01
ablation,SBOA-LOBL-ACGM,F20,30,8,5.2752625063e+02
ablation,SBOA-LOBL-ACGM,F21,30,8,2.6107655224e+02
ablation,SBOA-LOBL-ACGM,F22,30,8,1.0081830163e+02
ablation,SBOA-LOBL-ACGM,F23,30,8,4.0631971857e+02
ablation,SBOA-LOBL-ACGM,F24,30,8,4.8608432115e+02
ablation,SBOA-LOBL-ACGM,F25,30,8,3.9785543527e+02
ablation,SBOA-LOBL-ACGM,F26,30,8,1.8334825301e+03
ablation,SBOA-LOBL-ACGM,F27,30,8,5.5423858682e+02
ablation,MSSBOA,F7,30,8,1.1296044765e+02
ablation,MSSBOA,F8,30,8,6.6460932079e+01
ablation,MSSBOA,F9,30,8,2.5061043383e+01
ablation,MSSBOA,F10,30,8,4.8600100103e+03
ablation,MSSBOA,F11,30,8,1.3563600981e+02
ablation,MSSBOA,F12,30,8,4.1838740618e+06
ablation,MSSBOA,F13,30,8,5.6264674687e+03
ablation,MSSBOA,F14,30,8,2.3491825533e+03
ablation,SBOA-LOBL-ACGM,F28,30,8,4.1856449708e+02
ablation,SBOA-LOBL-ACGM,F29,30,8,9.6227618890e+02
ablation,SBOA-LOBL-ACGM,F30,30,8,5.7022143661e+03
ablation,MSSBOA,F1,30,8,2.0305895202e+05
ablation,MSSBOA,F15,30,8,1.4261834374e+03
ablation,MSSBOA,F16,30,8,6.6932903459e+02
ablation,MSSBOA,F17,30,8,4.7686869761e+02
ablation,MSSBOA,F18,30,8,6.0646712497e+05
ablation,SBOA,F1,30,9,1.8285531127e+04
ablation,SBOA,F3,30,9,2.5792080493e+04
ablation,SBOA,F4,30,9,7.4099440054e+01
ablation,SBOA,F5,30,9,9.0048977418e+01
ablation,MSSBOA,F19,30,8,5.8166260330e+03
ablation,MSSBOA,F20,30,8,2.1702523477e+02
ablation,MSSBOA,F21,30,8,2.5677471803e+02
ablation,MSSBOA,F22,30,8,1.0089399763e+02
ablation,SBOA,F6,30,9,1.2235141679e+01
ablation,SBOA,F7,30,9,1.5110986727e+02
ablation,SBOA,F8,30,9,6.1746527941e+01
ablation,SBOA,F9,30,9,9.8292469746e+01
ablation,SBOA,F10,30,9,2.8233006079e+03
ablation,SBOA,F11,30,9,1.1116993553e+02
ablation,SBOA,F12,30,9,1.8818921921e+06
ablation,SBOA,F13,30,9,2.8276023606e+04
ablation,MSSBOA,F23,30,8,3.8724981693e+02
ablation,MSSBOA,F24,30,8,4.7578701247e+02
ablation,MSSBOA,F25,30,8,4.0168084429e+02
ablation,MSSBOA,F26,30,8,1.9946134978e+03
ablation,SBOA,F14,30,9,3.8278288815e+03
ablation,SBOA,F15,30,9,1.0607743470e+04
ablation,SBOA,F16,30,9,7.4796761944e+02
ablation,SBOA,F17,30,9,3.8797904685e+02
ablation,SBOA,F18,30,9,3.2583603359e+05
ablation,SBOA,F19,30,9,4.4161331220e+03
ablation,SBOA,F20,30,9,2.3951310784e+02
ablation,SBOA,F21,30,9,2.6323373743e+02
ablation,MSSBOA,F27,30,8,5.1793905067e+02
ablation,MSSBOA,F28,30,8,4.2984945523e+02
ablation,MSSBOA,F29,30,8,6.6942583791e+02
ablation,MSSBOA,F30,30,8,4.9604182206e+04
ablation,SBOA-GPSI,F5,30,9,4.4736593826e+01
ablation,SBOA-GPSI,F6,30,9,1.1814929260e+01
ablation,SBOA-GPSI,F7,30,9,1.3693131406e+02
ablation,SBOA-GPSI,F8,30,9,5.8282245473e+01
ablation,SBOA,F22,30,9,1.0592682266e+02
ablation,SBOA,F23,30,9,4.5750418235e+02
ablation,SBOA,F24,30,9,4.4687591020e+02
ablation,SBOA,F25,30,9,3.8450914335e+02
ablation,SBOA,F30,30,9,2.0466457349e+04
ablation,SBOA-GPSI,F1,30,9,1.4404739298e+04
ablation,SBOA-GPSI,F3,30,9,3.4318459931e+04
ablation,SBOA-GPSI,F4,30,9,1.0031345793e+02
ablation,SBOA-GPSI,F9,30,9,6.4799361571e+01
ablation,SBOA-GPSI,F10,30,9,3.7946696142e+03
ablation,SBOA-GPSI,F11,30,9,1.0089189275e+02
ablation,SBOA-GPSI,F12,30,9,4.7091254456e+05
ablation,SBOA-GPSI,F13,30,9,1.2411086160e+03
ablation,SBOA-GPSI,F14,30,9,1.3119909884e+04
ablation,SBOA-GPSI,F15,30,9,1.8268151742e+04
ablation,SBOA-GPSI,F16,30,9,9.7472679978e+02
ablation,SBOA,F26,30,9,1.7181174297e+03
ablation,SBOA,F27,30,9,5.3102361596e+02
ablation,SBOA,F28,30,9,4.9858742748e+02
ablation,SBOA,F29,30,9,8.5555890965e+02
ablation,SBOA-GPSI,F17,30,9,2.4879462182e+02
ablation,SBOA-GPSI,F18,30,9,3.7470051492e+05
ablation,SBOA-GPSI,F19,30,9,6.3375186067e+03
ablation,SBOA-GPSI,F20,30,9,3.8287294756e+02
ablation,SBOA-LOBL,F4,30,9,8.8211124294e+01
ablation,SBOA-LOBL,F5,30,9,6.4859809609e+01
ablation,SBOA-LOBL,F6,30,9,4.0094346545e+00
ablation,SBOA-LOBL,F7,30,9,1.5406925183e+02
ablation,SBOA-GPSI,F21,30,9,2.5469516117e+02
ablation,SBOA-GPSI,F22,30,9,1.0560779240e+02
ablation,SBOA-GPSI,F23,30,9,4.2234932677e+02
ablation,SBOA-GPSI,F24,30,9,4.6826008243e+02
ablation,SBOA-GPSI,F29,30,9,8.0226158097e+02
ablation,SBOA-GPSI,F30,30,9,2.6684583190e+04
ablation,SBOA-LOBL,F1,30,9,2.0590973854e+04
ablation,SBOA-LOBL,F3,30,9,4.5641384189e+04
ablation,SBOA-LOBL,F8,30,9,8.6822142756e+01
ablation,SBOA-LOBL,F9,30,9,3.5576125643e+01
ablation,SBOA-LOBL,F10,30,9,4.4556719698e+03
ablation,SBOA-LOBL,F11,30,9,1.2561485458e+02
ablation,SBOA-GPSI,F25,30,9,3.9773144652e+02
ablation,SBOA-GPSI,F26,30,9,1.8509174549e+03
ablation,SBOA-GPSI,F27,30,9,5.4831004087e+02
ablation,SBOA-GPSI,F28,30,9,4.6097868805e+02
ablation,SBOA-LOBL,F12,30,9,2.1224123528e+06
ablation,SBOA-LOBL,F13,30,9,9.6143151317e+03
ablation,SBOA-LOBL,F14,30,9,1.0403618741e+04
ablation,SBOA-LOBL,F15,30,9,7.2618614369e+03
ablation,SBOA-LOBL,F16,30,9,6.9221261409e+02
ablation,SBOA-LOBL,F17,30,9,3.5685197016e+02
ablation,SBOA-LOBL,F18,30,9,4.6851237692e+05
ablation,SBOA-LOBL,F19,30,9,3.4293169263e+03
ablation,SBOA-ACGM,F3,30,9,2.8260379930e+04
ablation,SBOA-ACGM,F4,30,9,7.4344499982e+01
ablation,SBOA-ACGM,F5,30,9,8.6323518734e+01
ablation,SBOA-ACGM,F6,30,9,3.8255085644e+00
ablation,SBOA-LOBL,F20,30,9,4.6749081413e+02
ablation,SBOA-LOBL,F21,30,9,2.6964146952e+02
ablation,SBOA-LOBL,F22,30,9,1.0407062313e+02
ablation,SBOA-LOBL,F23,30,9,4.2022776297e+02
ablation,SBOA-ACGM,F7,30,9,1.0752399892e+02
ablation,SBOA-ACGM,F8,30,9,5.1102392016e+01
ablation,SBOA-ACGM,F9,30,9,4.5856718334e+01
ablation,SBOA-ACGM,F10,30,9,3.5415063556e+03
ablation,SBOA-ACGM,F11,30,9,1.3294879513e+02
ablation,SBOA-ACGM,F12,30,9,8.4746059563e+05
ablation,SBOA-ACGM,F13,30,9,2.5622593762e+03
ablation,SBOA-ACGM,F14,30,9,8.6160838980e+04
ablation,SBOA-LOBL,F24,30,9,4.8028226716e+02
ablation,SBOA-LOBL,F25,30,9,3.9068419222e+02
ablation,SBOA-LOBL,F26,30,9,5.1565699359e+02
ablation,SBOA-LOBL,F27,30,9,5.1404385407e+02
ablation,SBOA-LOBL,F28,30,9,4.6721652820e+02
ablation,SBOA-LOBL,F29,30,9,8.1263025128e+02
ablation,SBOA-LOBL,F30,30,9,3.9685280215e+04
ablation,SBOA-ACGM,F1,30,9,1.0853166401e+04
ablation,SBOA-ACGM,F15,30,9,5.6842319253e+03
ablation,SBOA-ACGM,F16,30,9,1.1596877129e+03
ablation,SBOA-ACGM,F17,30,9,7.9150965341e+01
ablation,SBOA-ACGM,F18,30,9,2.0550474540e+05
ablation,SBOA-GPSI-LOBL,F1,30,9,2.2698386530e+05
ablation,SBOA-GPSI-LOBL,F3,30,9,3.3077629664e+04
ablation,SBOA-GPSI-LOBL,F4,30,9,1.7631940430e+02
ablation,SBOA-GPSI-LOBL,F5,30,9,9.4130732499e+01
ablation,SBOA-ACGM,F19,30,9,1.4662715359e+06
ablation,SBOA-ACGM,F20,30,9,5.2507648889e+02
ablation,SBOA-ACGM,F21,30,9,2.4753650196e+02
ablation,SBOA-ACGM,F22,30,9,1.0115790537e+02
ablation,SBOA-GPSI-LOBL,F6,30,9,1.0537516445e+01
ablation,SBOA-GPSI-LOBL,F7,30,9,1.4789237218e+02
ablation,SBOA-GPSI-LOBL,F8,30,9,9.6432161227e+01
ablation,SBOA-GPSI-LOBL,F9,30,9,1.6881099421e+02
ablation,SBOA-ACGM,F23,30,9,4.3116268718e+02
ablation,SBOA-ACGM,F24,30,9,4.8345431989e+02
ablation,SBOA-ACGM,F25,30,9,4.3598285175e+02
ablation,SBOA-ACGM,F26,30,9,1.7171327686e+03
ablation,SBOA-GPSI-LOBL,F10,30,9,2.5739419940e+03
ablation,SBOA-GPSI-LOBL,F11,30,9,1.0641832701e+02
ablation,SBOA-GPSI-LOBL,F12,30,9,1.8666220693e+06
ablation,SBOA-GPSI-LOBL,F13,30,9,3.3551018789e+04
ablation,SBOA-GPSI-LOBL,F14,30,9,8.3172312471e+03
ablation,SBOA-GPSI-LOBL,F15,30,9,5.4738173039e+03
ablation,SBOA-GPSI-LOBL,F16,30,9,7.3489068894e+02
ablation,SBOA-GPSI-LOBL,F17,30,9,1.3186107644e+02
ablation,SBOA-ACGM,F27,30,9,5.3414506984e+02
ablation,SBOA-ACGM,F28,30,9,4.2317888785e+02
ablation,SBOA-ACGM,F29,30,9,1.0476845492e+03
ablation,SBOA-ACGM,F30,30,9,1.4104938204e+05
ablation,SBOA-GPSI-LOBL,F18,30,9,1.3394423400e+05
ablation,SBOA-GPSI-LOBL,F19,30,9,3.2999188144e+04
ablation,SBOA-GPSI-LOBL,F20,30,9,2.4552330793e+02
ablation,SBOA-GPSI-LOBL,F21,30,9,2.6051558583e+02
ablation,SBOA-GPSI-ACGM,F5,30,9,8.0795401187e+01
ablation,SBOA-GPSI-ACGM,F6,30,9,9.0660380378e+00
ablation,SBOA-GPSI-ACGM,F7,30,9,1.1166295985e+02
ablation,SBOA-GPSI-ACGM,F8,30,9,7.4749923041e+01
ablation,SBOA-GPSI-LOBL,F30,30,9,3.7776471609e+04
ablation,SBOA-GPSI-ACGM,F1,30,9,5.6657257537e+04
ablation,SBOA-GPSI-ACGM,F3,30,9,4.6358006533e+04
ablation,SBOA-GPSI-ACGM,F4,30,9,1.1475827036e+02
ablation,SBOA-GPSI-LOBL,F22,30,9,1.0265687435e+02
ablation,SBOA-GPSI-LOBL,F23,30,9,4.3133478292e+02
ablation,SBOA-GPSI-LOBL,F24,30,9,4.6613317915e+02
ablation,SBOA-GPSI-LOBL,F25,30,9,4.4076138746e+02
ablation,SBOA-GPSI-ACGM,F9,30,9,4.0235925903e+00
ablation,SBOA-GPSI-ACGM,F10,30,9,3.2453324348e+03
ablation,SBOA-GPSI-ACGM,F11,30,9,5.3621341721e+01
ablation,SBOA-GPSI-ACGM,F12,30,9,1.0889357142e+06
ablation,SBOA-GPSI-ACGM,F13,30,9,4.0388408600e+03
ablation,SBOA-GPSI-ACGM,F14,30,9,4.9737205666e+03
ablation,SBOA-GPSI-ACGM,F15,30,9,1.6894944112e+03
ablation,SBOA-GPSI-ACGM,F16,30,9,8.9863737279e+02
ablation,SBOA-GPSI-LOBL,F26,30,9,1.7789152204e+03
ablation,SBOA-GPSI-LOBL,F27,30,9,5.0550748112e+02
ablation,SBOA-GPSI-LOBL,F28,30,9,4.7026373636e+02
ablation,SBOA-GPSI-LOBL,F29,30,9,7.4728073115e+02
ablation,SBOA-GPSI-ACGM,F17,30,9,6.4443509239e+01
ablation,SBOA-GPSI-ACGM,F18,30,9,1.2766099968e+06
ablation,SBOA-GPSI-ACGM,F19,30,9,4.8462046376e+04
ablation,SBOA-GPSI-ACGM,F20,30,9,4.8298563618e+02
ablation,SBOA-LOBL-ACGM,F4,30,9,1.3179275248e+02
ablation,SBOA-LOBL-ACGM,F5,30,9,4.5530919575e+01
ablation,SBOA-LOBL-ACGM,F6,30,9,1.5387373356e+01
ablation,SBOA-LOBL-ACGM,F7,30,9,9.7684757555e+01
ablation,SBOA-GPSI-ACGM,F21,30,9,2.5992666189e+02
ablation,SBOA-GPSI-ACGM,F22,30,9,1.0430401884e+02
ablation,SBOA-GPSI-ACGM,F23,30,9,4.2455372941e+02
ablation,SBOA-GPSI-ACGM,F24,30,9,4.6292434959e+02
ablation,SBOA-LOBL-ACGM,F8,30,9,7.4656143177e+01
ablation,SBOA-LOBL-ACGM,F9,30,9,2.7923772571e+02
ablation,SBOA-LOBL-ACGM,F10,30,9,5.1380906075e+03
ablation,SBOA-LOBL-ACGM,F11,30,9,8.7767944805e+01
ablation,SBOA-GPSI-ACGM,F25,30,9,3.9571804399e+02
ablation,SBOA-GPSI-ACGM,F26,30,9,1.4399620440e+03
ablation,SBOA-GPSI-ACGM,F27,30,9,5.0824097365e+02
ablation,SBOA-GPSI-ACGM,F28,30,9,4.1732821788e+02
ablation,SBOA-GPSI-ACGM,F29,30,9,9.6623400870e+02
ablation,SBOA-GPSI-ACGM,F30,30,9,1.3802830633e+04
ablation,SBOA-LOBL-ACGM,F1,30,9,2.4267941918e+05
ablation,SBOA-LOBL-ACGM,F3,30,9,4.8994449118e+04
ablation,SBOA-LOBL-ACGM,F12,30,9,9.1863106389e+05
ablation,SBOA-LOBL-ACGM,F13,30,9,8.0066655908e+02
ablation,SBOA-LOBL-ACGM,F14,30,9,4.2009673612e+03
ablation,SBOA-LOBL-ACGM,F15,30,9,1.8535544687e+03
ablation,SBOA-LOBL-ACGM,F16,30,9,1.2585994453e+03
ablation,SBOA-LOBL-ACGM,F17,30,9,3.0213289646e+02
ablation,SBOA-LOBL-ACGM,F18,30,9,9.2950990627e+05
ablation,SBOA-LOBL-ACGM,F19,30,9,6.4550128060e+03
ablation,MSSBOA,F3,30,9,2.4413479001e+04
ablation,MSSBOA,F4,30,9,6.8699412466e+01
ablation,MSSBOA,F5,30,9,7.8956742687e+01
ablation,MSSBOA,F6,30,9,4.8069674664e+00
ablation,SBOA-LOBL-ACGM,F20,30,9,1.0252251477e+02
ablation,SBOA-LOBL-ACGM,F21,30,9,2.4655878219e+02
ablation,SBOA-LOBL-ACGM,F22,30,9,1.0406265456e+02
ablation,SBOA-LOBL-ACGM,F23,30,9,3.8880836711e+02
ablation,SBOA-LOBL-ACGM,F24,30,9,4.7090121597e+02
ablation,SBOA-LOBL-ACGM,F25,30,9,3.8893962095e+02
ablation,SBOA-LOBL-ACGM,F26,30,9,1.8007679570e+03
ablation,SBOA-LOBL-ACGM,F27,30,9,5.2212070191e+02
ablation,MSSBOA,F7,30,9,1.3250335758e+02
ablation,MSSBOA,F8,30,9,9.4421558171e+01
ablation,MSSBOA,F9,30,9,2.5266111745e+02
ablation,MSSBOA,F10,30,9,3.8120696163e+03
ablation,SBOA-LOBL-ACGM,F28,30,9,4.5101806171e+02
ablation,SBOA-LOBL-ACGM,F29,30,9,9.0542457315e+02
ablation,SBOA-LOBL-ACGM,F30,30,9,9.9823443478e+04
ablation,MSSBOA,F1,30,9,7.8815058118e+04
ablation,MSSBOA,F11,30,9,1.2432823332e+02
ablation,MSSBOA,F12,30,9,7.3589545416e+05
ablation,MSSBOA,F13,30,9,2.9685759796e+04
ablation,MSSBOA,F14,30,9,2.7366060607e+03
ablation,MSSBOA,F15,30,9,5.3699455475e+03
ablation,MSSBOA,F16,30,9,8.4068613330e+02
ablation,MSSBOA,F17,30,9,5.6819867788e+01
ablation,MSSBOA,F18,30,9,1.5716562226e+06
ablation,SBOA,F1,30,10,4.0639431848e+04
ablation,SBOA,F3,30,10,3.0130113557e+04
ablation,SBOA,F4,30,10,1.1520176191e+02
ablation,SBOA,F5,30,10,6.8354479920e+01
ablation,MSSBOA,F19,30,9,1.5252199964e+05
ablation,MSSBOA,F20,30,9,4.4871497570e+02
ablation,MSSBOA,F21,30,9,2.5429998025e+02
ablation,MSSBOA,F22,30,9,1.1034907754e+02
ablation,SBOA,F6,30,10,6.1980020402e+00
ablation,SBOA,F7,30,10,9.3295512509e+01
ablation,SBOA,F8,30,10,4.3664144749e+01
ablation,SBOA,F9,30,10,1.3225371409e+01
ablation,MSSBOA,F23,30,9,3.8103029218e+02
ablation,MSSBOA,F24,30,9,4.9826378389e+02
ablation,MSSBOA,F25,30,9,3.9159056919e+02
ablation,MSSBOA,F26,30,9,1.8265596195e+03
ablation,SBOA,F10,30,10,4.5424474111e+03
ablation,SBOA,F11,30,10,8.4408242139e+01
ablation,SBOA,F12,30,10,1.0252721525e+06
ablation,SBOA,F13,30,10,3.7330847091e+04
ablation,SBOA,F14,30,10,4.0153522983e+04
ablation,SBOA,F15,30,10,2.6057467991e+03
ablation,SBOA,F16,30,10,7.7140011927e+02
ablation,SBOA,F17,30,10,3.0022030939e+02
ablation,SBOA,F18,30,10,3.2719891528e+05
ablation,SBOA,F19,30,10,4.8976104330e+03
ablation,SBOA,F20,30,10,2.1606618224e+02
ablation,SBOA,F21,30,10,2.5438284144e+02
ablation,MSSBOA,F27,30,9,5.3038453953e+02
ablation,MSSBOA,F28,30,9,4.1277811908e+02
ablation,MSSBOA,F29,30,9,7.8014326768e+02
ablation,MSSBOA,F30,30,9,1.2674807838e+05
ablation,SBOA-GPSI,F5,30,10,6.1150108122e+01
ablation,SBOA-GPSI,F6,30,10,1.0420634223e+01
ablation,SBOA-GPSI,F7,30,10,1.0527960998e+02
ablation,SBOA-GPSI,F8,30,10,6.8036854425e+01
ablation,SBOA,F22,30,10,1.0337585092e+02
ablation,SBOA,F23,30,10,4.1943747678e+02
ablation,SBOA,F24,30,10,4.6432919686e+02
ablation,SBOA,F25,30,10,4.1158175673e+02
ablation,SBOA,F30,30,10,3.9890553376e+04
ablation,SBOA-GPSI,F1,30,10,1.9216293009e+04
ablation,SBOA-GPSI,F3,30,10,4.2592089629e+04
ablation,SBOA-GPSI,F4,30,10,1.2615797752e+02
ablation,SBOA-GPSI,F9,30,10,2.0219758455e+01
ablation,SBOA-GPSI,F10,30,10,3.9513314367e+03
ablation,SBOA-GPSI,F11,30,10,6.2834624107e+01
ablation,SBOA-GPSI,F12,30,10,4.5625889956e+05
ablation,SBOA-GPSI,F13,30,10,1.5208863290e+04
ablation,SBOA-GPSI,F14,30,10,6.3567721974e+04
ablation,SBOA-GPSI,F15,30,10,2.7796781902e+03
ablation,SBOA-GPSI,F16,30,10,8.7445971815e+02
ablation,SBOA,F26,30,10,1.7264839183e+03
ablation,SBOA,F27,30,10,5.0297644342e+02
ablation,SBOA,F28,30,10,4.6583544954e+02
ablation,SBOA,F29,30,10,1.0302667647e+03
ablation,SBOA-GPSI,F17,30,10,4.0742512893e+02
ablation,SBOA-GPSI,F18,30,10,1.9109041648e+05
ablation,SBOA-GPSI,F19,30,10,8.4190258189e+02
ablation,SBOA-GPSI,F20,30,10,2.2792605503e+02
ablation,SBOA-LOBL,F4,30,10,1.1483328400e+02
ablation,SBOA-LOBL,F5,30,10,3.4503931172e+01
ablation,SBOA-LOBL,F6,30,10,1.3066621770e+01
ablation,SBOA-LOBL,F7,30,10,1.0925322883e+02
ablation,SBOA-GPSI,F21,30,10,2.4112780155e+02
ablation,SBOA-GPSI,F22,30,10,1.0339260754e+02
ablation,SBOA-GPSI,F23,30,10,3.8932433886e+02
ablation,SBOA-GPSI,F24,30,10,4.7511118641e+02
ablation,SBOA-GPSI,F29,30,10,9.9488831973e+02
ablation,SBOA-GPSI,F30,30,10,3.9664387506e+04
ablation,SBOA-LOBL,F1,30,10,9.2810752424e+04
ablation,SBOA-LOBL,F3,30,10,2.3995314648e+04
ablation,SBOA-GPSI,F25,30,10,4.1073697869e+02
ablation,SBOA-GPSI,F26,30,10,2.0106493183e+03
ablation,SBOA-GPSI,F27,30,10,5.2079155823e+02
ablation,SBOA-GPSI,F28,30,10,4.2226671337e+02
ablation,SBOA-LOBL,F8,30,10,8.5198647482e+01
ablation,SBOA-LOBL,F9,30,10,1.5402490151e+02
ablation,SBOA-LOBL,F10,30,10,4.0636374710e+03
ablation,SBOA-LOBL,F11,30,10,1.3510465851e+02
ablation,SBOA-LOBL,F12,30,10,1.0755354936e+05
ablation,SBOA-LOBL,F13,30,10,7.4530600360e+03
ablation,SBOA-LOBL,F14,30,10,3.5961920152e+04
ablation,SBOA-LOBL,F15,30,10,3.0844705407e+03
ablation,SBOA-LOBL,F16,30,10,8.6059962880e+02
ablation,SBOA-LOBL,F17,30,10,1.9604331877e+02
ablation,SBOA-LOBL,F18,30,10,8.3961181635e+05
ablation,SBOA-LOBL,F19,30,10,4.9092299680e+02
ablation,SBOA-ACGM,F3,30,10,4.0884935617e+04
ablation,SBOA-ACGM,F4,30,10,1.1400618620e+02
ablation,SBOA-ACGM,F5,30,10,6.1313635090e+01
ablation,SBOA-ACGM,F6,30,10,1.6515682800e+01
ablation,SBOA-LOBL,F20,30,10,2.8937587932e+02
ablation,SBOA-LOBL,F21,30,10,2.7143331573e+02
ablation,SBOA-LOBL,F22,30,10,1.0957225248e+02
ablation,SBOA-LOBL,F23,30,10,3.9839323316e+02
ablation,SBOA-ACGM,F7,30,10,1.5651909188e+02
ablation,SBOA-ACGM,F8,30,10,6.5192642931e+01
ablation,SBOA-ACGM,F9,30,10,4.2314422185e+01
ablation,SBOA-ACGM,F10,30,10,3.7572126297e+03
ablation,SBOA-ACGM,F11,30,10,9.9806820586e+01
ablation,SBOA-ACGM,F12,30,10,1.7580328482e+06
ablation,SBOA-ACGM,F13,30,10,7.0150414500e+02
ablation,SBOA-ACGM,F14,30,10,1.9307468421e+04
ablation,SBOA-LOBL,F24,30,10,4.6714121286e+02
ablation,SBOA-LOBL,F25,30,10,3.9697998962e+02
ablation,SBOA-LOBL,F26,30,10,1.8964829389e+03
ablation,SBOA-LOBL,F27,30,10,5.2368074337e+02
ablation,SBOA-LOBL,F28,30,10,4.7359582643e+02
ablation,SBOA-LOBL,F29,30,10,6.5039956000e+02
ablation,SBOA-LOBL,F30,30,10,2.3645870926e+05
ablation,SBOA-ACGM,F1,30,10,3.4324846231e+04
ablation,SBOA-ACGM,F15,30,10,2.4010697297e+03
ablation,SBOA-ACGM,F16,30,10,1.0546846292e+03
ablation,SBOA-ACGM,F17,30,10,1.9940098566e+02
ablation,SBOA-ACGM,F18,30,10,5.6317800295e+05
ablation,SBOA-GPSI-LOBL,F1,30,10,2.4142296760e+05
ablation,SBOA-GPSI-LOBL,F3,30,10,3.0408614426e+04
ablation,SBOA-GPSI-LOBL,F4,30,10,1.1477589067e+02
ablation,SBOA-GPSI-LOBL,F5,30,10,9.6187640412e+01
ablation,SBOA-ACGM,F19,30,10,2.3334898792e+04
ablation,SBOA-ACGM,F20,30,10,2.8431380500e+02
ablation,SBOA-ACGM,F21,30,10,2.5923321921e+02
ablation,SBOA-ACGM,F22,30,10,1.0325068729e+02
ablation,SBOA-GPSI-LOBL,F6,30,10,6.3990607872e+00
ablation,SBOA-GPSI-LOBL,F7,30,10,1.3075474769e+02
ablation,SBOA-GPSI-LOBL,F8,30,10,1.3541040020e+02
ablation,SBOA-GPSI-LOBL,F9,30,10,6.5821797191e+01
ablation,SBOA-GPSI-LOBL,F10,30,10,4.1578297072e+03
ablation,SBOA-GPSI-LOBL,F11,30,10,9.4709070079e+01
ablation,SBOA-GPSI-LOBL,F12,30,10,1.6640542645e+06
ablation,SBOA-GPSI-LOBL,F13,30,10,2.3132133478e+03
ablation,SBOA-ACGM,F23,30,10,4.0493304024e+02
ablation,SBOA-ACGM,F24,30,10,5.1019636487e+02
ablation,SBOA-ACGM,F25,30,10,3.8989328938e+02
ablation,SBOA-ACGM,F26,30,10,2.1858533554e+03
ablation,SBOA-GPSI-LOBL,F14,30,10,4.5240700171e+04
ablation,SBOA-GPSI-LOBL,F15,30,10,1.3517512284e+03
ablation,SBOA-GPSI-LOBL,F16,30,10,1.0318841430e+03
ablation,SBOA-GPSI-LOBL,F17,30,10,2.6918608530e+02
ablation,SBOA-ACGM,F27,30,10,5.1769205881e+02
ablation,SBOA-ACGM,F28,30,10,4.1927555965e+02
ablation,SBOA-ACGM,F29,30,10,6.7946896107e+02
ablation,SBOA-ACGM,F30,30,10,1.2785019456e+05
ablation,SBOA-GPSI-LOBL,F18,30,10,2.9901628628e+05
ablation,SBOA-GPSI-LOBL,F19,30,10,4.7755012014e+04
ablation,SBOA-GPSI-LOBL,F20,30,10,1.9114658276e+02
ablation,SBOA-GPSI-LOBL,F21,30,10,2.5544730269e+02
ablation,SBOA-GPSI-ACGM,F5,30,10,7.6408888978e+01
ablation,SBOA-GPSI-ACGM,F6,30,10,1.9231130627e+00
ablation,SBOA-GPSI-ACGM,F7,30,10,1.2595404381e+02
ablation,SBOA-GPSI-ACGM,F8,30,10,6.2069919077e+01
ablation,SBOA-GPSI-LOBL,F22,30,10,1.0066471736e+02
ablation,SBOA-GPSI-LOBL,F23,30,10,3.8543191664e+02
ablation,SBOA-GPSI-LOBL,F24,30,10,4.7122449446e+02
ablation,SBOA-GPSI-LOBL,F25,30,10,3.9001810535e+02
ablation,SBOA-GPSI-LOBL,F30,30,10,9.4129200042e+04
ablation,SBOA-GPSI-ACGM,F1,30,10,2.0483123947e+04
ablation,SBOA-GPSI-ACGM,F3,30,10,4.1476172359e+04
ablation,SBOA-GPSI-ACGM,F4,30,10,9.0833756085e+01
ablation,SBOA-GPSI-ACGM,F9,30,10,1.1722785222e+02
ablation,SBOA-GPSI-ACGM,F10,30,10,4.1093295817e+03
ablation,SBOA-GPSI-ACGM,F11,30,10,1.3458424230e+02
ablation,SBOA-GPSI-ACGM,F12,30,10,1.4475252589e+05
ablation,SBOA-GPSI-ACGM,F13,30,10,2.5504771253e+04
ablation,SBOA-GPSI-ACGM,F14,30,10,1.1800403359e+03
ablation,SBOA-GPSI-ACGM,F15,30,10,2.6851374693e+03
ablation,SBOA-GPSI-ACGM,F16,30,10,1.5656060757e+02
ablation,SBOA-GPSI-ACGM,F17,30,10,4.0172769262e+02
ablation,SBOA-GPSI-ACGM,F18,30,10,4.9317599384e+05
ablation,SBOA-GPSI-ACGM,F19,30,10,9.3636304969e+03
ablation,SBOA-GPSI-ACGM,F20,30,10,3.2962679021e+02
ablation,SBOA-GPSI-LOBL,F26,30,10,1.9409039315e+03
ablation,SBOA-GPSI-LOBL,F27,30,10,5.2892301752e+02
ablation,SBOA-GPSI-LOBL,F28,30,10,4.3066928707e+02
ablation,SBOA-GPSI-LOBL,F29,30,10,1.0176701881e+03
ablation,SBOA-LOBL-ACGM,F4,30,10,1.1563332964e+02
ablation,SBOA-LOBL-ACGM,F5,30,10,3.5460113296e+01
ablation,SBOA-LOBL-ACGM,F6,30,10,4.3220303521e+00
ablation,SBOA-LOBL-ACGM,F7,30,10,1.1086236813e+02
ablation,SBOA-GPSI-ACGM,F21,30,10,2.7228041424e+02
ablation,SBOA-GPSI-ACGM,F22,30,10,1.0414482070e+02
ablation,SBOA-GPSI-ACGM,F23,30,10,4.4611472751e+02
ablation,SBOA-GPSI-ACGM,F24,30,10,4.6808546443e+02
ablation,SBOA-LOBL-ACGM,F8,30,10,6.1254285026e+01
ablation,SBOA-LOBL-ACGM,F9,30,10,6.5816261370e+01
ablation,SBOA-LOBL-ACGM,F10,30,10,4.0757293610e+03
ablation,SBOA-LOBL-ACGM,F11,30,10,7.8445149700e+01
ablation,SBOA-GPSI-ACGM,F25,30,10,4.0172812202e+02
ablation,SBOA-GPSI-ACGM,F26,30,10,1.9360256392e+03
ablation,SBOA-GPSI-ACGM,F27,30,10,5.6046638465e+02
ablation,SBOA-GPSI-ACGM,F28,30,10,4.6335163997e+02
ablation,SBOA-GPSI-ACGM,F29,30,10,9.7611984974e+02
ablation,SBOA-GPSI-ACGM,F30,30,10,8.3799646597e+03
ablation,SBOA-LOBL-ACGM,F1,30,10,2.8051226832e+04
ablation,SBOA-LOBL-ACGM,F3,30,10,3.3323855726e+04
ablation,SBOA-LOBL-ACGM,F12,30,10,7.5649788700e+05
ablation,SBOA-LOBL-ACGM,F13,30,10,2.9474122703e+03
ablation,SBOA-LOBL-ACGM,F14,30,10,7.0641144880e+03
ablation,SBOA-LOBL-ACGM,F15,30,10,1.6471239973e+03
ablation,SBOA-LOBL-ACGM,F16,30,10,6.9278839466e+02
ablation,SBOA-LOBL-ACGM,F17,30,10,2.2720890475e+02
ablation,SBOA-LOBL-ACGM,F18,30,10,2.2348515130e+05
ablation,SBOA-LOBL-ACGM,F19,30,10,1.0203198894e+03
ablation,MSSBOA,F3,30,10,4.2096487504e+04
ablation,MSSBOA,F4,30,10,1.8474817246e+02
ablation,MSSBOA,F5,30,10,1.0394846964e+02
ablation,MSSBOA,F6,30,10,9.2631561953e+00
ablation,SBOA-LOBL-ACGM,F20,30,10,2.8178845853e+02
ablation,SBOA-LOBL-ACGM,F21,30,10,2.8440077768e+02
ablation,SBOA-LOBL-ACGM,F22,30,10,1.0350879209e+02
ablation,SBOA-LOBL-ACGM,F23,30,10,4.6033006012e+02
ablation,MSSBOA,F7,30,10,1.1764184376e+02
ablation,MSSBOA,F8,30,10,6.0022462493e+01
ablation,MSSBOA,F9,30,10,3.5254431132e+01
ablation,MSSBOA,F10,30,10,4.1771141661e+03
ablation,SBOA-LOBL-ACGM,F24,30,10,4.7764179859e+02
ablation,SBOA-LOBL-ACGM,F25,30,10,3.9007693686e+02
ablation,SBOA-LOBL-ACGM,F26,30,10,1.7582955070e+03
ablation,SBOA-LOBL-ACGM,F27,30,10,5.2156092563e+02
ablation,MSSBOA,F11,30,10,1.5116675803e+02
ablation,MSSBOA,F12,30,10,5.0064361092e+05
ablation,MSSBOA,F13,30,10,7.0248401678e+03
ablation,MSSBOA,F14,30,10,1.1438397302e+04
ablation,SBOA-LOBL-ACGM,F28,30,10,4.5603534076e+02
ablation,SBOA-LOBL-ACGM,F29,30,10,8.3443666192e+02
ablation,SBOA-LOBL-ACGM,F30,30,10,3.3977367940e+06
ablation,MSSBOA,F1,30,10,4.2102034786e+04
ablation,MSSBOA,F15,30,10,8.2003959156e+02
ablation,MSSBOA,F16,30,10,1.0257490375e+03
ablation,MSSBOA,F17,30,10,1.7828031653e+02
ablation,MSSBOA,F18,30,10,2.6713892447e+05
ablation,SBOA,F1,30,11,1.0734763490e+04
ablation,SBOA,F3,30,11,2.9837038603e+04
ablation,SBOA,F4,30,11,1.4434042656e+02
ablation,SBOA,F5,30,11,8.8801540398e+01
ablation,MSSBOA,F19,30,10,8.8719493296e+03
ablation,MSSBOA,F20,30,10,6.3318081774e+02
ablation,MSSBOA,F21,30,10,2.2362800968e+02
ablation,MSSBOA,F22,30,10,1.0363323925e+02
ablation,SBOA,F6,30,11,6.4162386469e+00
ablation,SBOA,F7,30,11,1.2585687033e+02
ablation,SBOA,F8,30,11,6.2119076072e+01
ablation,SBOA,F9,30,11,1.2441999033e+02
ablation,SBOA,F10,30,11,3.6173136719e+03
ablation,SBOA,F11,30,11,1.0553332468e+02
ablation,SBOA,F12,30,11,2.1610860848e+06
ablation,SBOA,F13,30,11,1.6421713042e+03
ablation,MSSBOA,F23,30,10,3.9121652660e+02
ablation,MSSBOA,F24,30,10,4.5263137183e+02
ablation,MSSBOA,F25,30,10,4.3540500575e+02
ablation,MSSBOA,F26,30,10,1.9715984060e+03
ablation,SBOA,F14,30,11,4.9572990335e+03
ablation,SBOA,F15,30,11,3.6137454534e+03
ablation,SBOA,F16,30,11,1.0334090315e+03
ablation,SBOA,F17,30,11,9.3099149696e+01
ablation,SBOA,F18,30,11,7.8818158801e+04
ablation,SBOA,F19,30,11,8.1118267941e+03
ablation,SBOA,F20,30,11,2.2476301976e+02
ablation,SBOA,F21,30,11,2.6178260271e+02
ablation,MSSBOA,F27,30,10,5.1384530831e+02
ablation,MSSBOA,F28,30,10,4.6241520573e+02
ablation,MSSBOA,F29,30,10,8.2664614429e+02
ablation,MSSBOA,F30,30,10,2.1199466360e+04
ablation,SBOA-GPSI,F5,30,11,5.6269901499e+01
ablation,SBOA-GPSI,F6,30,11,5.4497224453e+00
ablation,SBOA-GPSI,F7,30,11,1.3321422660e+02
ablation,SBOA-GPSI,F8,30,11,3.2282940445e+01
ablation,SBOA,F22,30,11,1.0341176493e+02
ablation,SBOA,F23,30,11,4.0176462482e+02
ablation,SBOA,F24,30,11,4.6704406319e+02
ablation,SBOA,F25,30,11,4.3450978324e+02
ablation,SBOA,F30,30,11,5.2811525036e+04
ablation,SBOA-GPSI,F1,30,11,1.5727942086e+04
ablation,SBOA-GPSI,F3,30,11,2.8259933694e+04
ablation,SBOA-GPSI,F4,30,11,7.7874629514e+01
ablation,SBOA-GPSI,F9,30,11,4.8878822678e+01
ablation,SBOA-GPSI,F10,30,11,4.2353929727e+03
ablation,SBOA-GPSI,F11,30,11,7.0665601445e+01
ablation,SBOA-GPSI,F12,30,11,1.2055562572e+06
ablation,SBOA-GPSI,F13,30,11,1.4832298401e+04
ablation,SBOA-GPSI,F14,30,11,4.9918718634e+04
ablation,SBOA-GPSI,F15,30,11,1.4926086322e+03
ablation,SBOA-GPSI,F16,30,11,9.5823102964e+02
ablation,SBOA,F26,30,11,1.8434337680e+03
ablation,SBOA,F27,30,11,5.0757030603e+02
ablation,SBOA,F28,30,11,4.5362829524e+02
ablation,SBOA,F29,30,11,9.7373434659e+02
ablation,SBOA-GPSI,F17,30,11,4.4672899183e+01
ablation,SBOA-GPSI,F18,30,11,1.5866684083e+05
ablation,SBOA-GPSI,F19,30,11,2.7290242107e+03
ablation,SBOA-GPSI,F20,30,11,4.1369660423e+02
ablation,SBOA-LOBL,F4,30,11,1.1809256981e+02
ablation,SBOA-LOBL,F5,30,11,1.2054587503e+02
ablation,SBOA-LOBL,F6,30,11,8.4083975973e+00
ablation,SBOA-LOBL,F7,30,11,1.3290675206e+02
ablation,SBOA-GPSI,F21,30,11,2.7610998850e+02
ablation,SBOA-GPSI,F22,30,11,1.0315961802e+02
ablation,SBOA-GPSI,F23,30,11,4.1237272444e+02
ablation,SBOA-GPSI,F24,30,11,4.6475519259e+02
ablation,SBOA-GPSI,F29,30,11,5.5710013410e+02
ablation,SBOA-GPSI,F30,30,11,7.9381480873e+03
ablation,SBOA-LOBL,F1,30,11,2.2518579155e+04
ablation,SBOA-LOBL,F3,30,11,3.4866078589e+04
ablation,SBOA-GPSI,F25,30,11,4.3189843803e+02
ablation,SBOA-GPSI,F26,30,11,2.3523484627e+03
ablation,SBOA-GPSI,F27,30,11,5.3924607797e+02
ablation,SBOA-GPSI,F28,30,11,4.1560608256e+02
ablation,SBOA-LOBL,F8,30,11,5.3380150314e+01
ablation,SBOA-LOBL,F9,30,11,2.1196990251e+01
ablation,SBOA-LOBL,F10,30,11,4.3539287918e+03
ablation,SBOA-LOBL,F11,30,11,1.0668081100e+02
ablation,SBOA-LOBL,F12,30,11,1.1713682622e+05
ablation,SBOA-LOBL,F13,30,11,2.9188076780e+03
ablation,SBOA-LOBL,F14,30,11,3.1695967043e+04
ablation,SBOA-LOBL,F15,30,11,1.1870767987e+03
ablation,SBOA-LOBL,F16,30,11,7.6752799911e+02
ablation,SBOA-LOBL,F17,30,11,2.5067742198e+02
ablation,SBOA-LOBL,F18,30,11,3.0902437700e+05
ablation,SBOA-LOBL,F19,30,11,3.5819853831e+03
ablation,SBOA-ACGM,F3,30,11,2.9621757540e+04
ablation,SBOA-ACGM,F4,30,11,1.1810440103e+02
ablation,SBOA-ACGM,F5,30,11,7.5405637907e+01
ablation,SBOA-ACGM,F6,30,11,1.0767473882e+01
ablation,SBOA-LOBL,F20,30,11,6.0740677441e+02
ablation,SBOA-LOBL,F21,30,11,2.6734875986e+02
ablation,SBOA-LOBL,F22,30,11,1.0071617765e+02
ablation,SBOA-LOBL,F23,30,11,4.0533101417e+02
ablation,SBOA-ACGM,F7,30,11,1.1858395122e+02
ablation,SBOA-ACGM,F8,30,11,5.0270036879e+01
ablation,SBOA-ACGM,F9,30,11,4.7161237101e+01
ablation,SBOA-ACGM,F10,30,11,3.0991951709e+03
ablation,SBOA-LOBL,F28,30,11,4.2287710443e+02
ablation,SBOA-LOBL,F29,30,11,6.4489735299e+02
ablation,SBOA-LOBL,F30,30,11,2.4068526891e+04
ablation,SBOA-ACGM,F1,30,11,3.4067674756e+04
ablation,SBOA-ACGM,F11,30,11,1.1654147423e+02
ablation,SBOA-ACGM,F12,30,11,1.2881302239e+06
ablation,SBOA-ACGM,F13,30,11,6.4092632479e+03
ablation,SBOA-ACGM,F14,30,11,4.6838883798e+04
ablation,SBOA-LOBL,F24,30,11,4.7217664250e+02
ablation,SBOA-LOBL,F25,30,11,3.9794955085e+02
ablation,SBOA-LOBL,F26,30,11,2.1873263211e+03
ablation,SBOA-LOBL,F27,30,11,5.2612761109e+02
ablation,SBOA-ACGM,F15,30,11,6.5198415130e+03
ablation,SBOA-ACGM,F16,30,11,9.6258586614e+02
ablation,SBOA-ACGM,F17,30,11,2.2986308593e+02
ablation,SBOA-ACGM,F18,30,11,1.0569945955e+05
ablation,SBOA-ACGM,F19,30,11,5.3466124910e+04
ablation,SBOA-ACGM,F20,30,11,4.5326930701e+02
ablation,SBOA-ACGM,F21,30,11,2.5807669816e+02
ablation,SBOA-ACGM,F22,30,11,1.0346168952e+02
ablation,SBOA-GPSI-LOBL,F1,30,11,4.2525874421e+04
ablation,SBOA-GPSI-LOBL,F3,30,11,1.8655494822e+04
ablation,SBOA-GPSI-LOBL,F4,30,11,1.1278910740e+02
ablation,SBOA-GPSI-LOBL,F5,30,11,8.5871234291e+01
ablation,SBOA-GPSI-LOBL,F6,30,11,2.2590097365e+01
ablation,SBOA-GPSI-LOBL,F7,30,11,1.6340372508e+02
ablation,SBOA-GPSI-LOBL,F8,30,11,6.7141162178e+01
ablation,SBOA-GPSI-LOBL,F9,30,11,2.7812910127e+01
ablation,SBOA-ACGM,F23,30,11,3.9931995683e+02
ablation,SBOA-ACGM,F24,30,11,4.8220629172e+02
ablation,SBOA-ACGM,F25,30,11,3.9002792381e+02
ablation,SBOA-ACGM,F26,30,11,1.0212091911e+03
ablation,SBOA-GPSI-LOBL,F10,30,11,3.9016542278e+03
ablation,SBOA-GPSI-LOBL,F11,30,11,1.1256386011e+02
ablation,SBOA-GPSI-LOBL,F12,30,11,3.5043959345e+05
ablation,SBOA-GPSI-LOBL,F13,30,11,2.0551588961e+04
ablation,SBOA-GPSI-LOBL,F14,30,11,1.9637829931e+04
ablation,SBOA-GPSI-LOBL,F15,30,11,1.3998737905e+05
ablation,SBOA-GPSI-LOBL,F16,30,11,8.1098791209e+02
ablation,SBOA-GPSI-LOBL,F17,30,11,3.7871887756e+02
ablation,SBOA-ACGM,F27,30,11,5.1494412088e+02
ablation,SBOA-ACGM,F28,30,11,4.7037939266e+02
ablation,SBOA-ACGM,F29,30,11,6.5523323747e+02
ablation,SBOA-ACGM,F30,30,11,8.9726401552e+03
ablation,SBOA-GPSI-LOBL,F18,30,11,5.5666752666e+04
ablation,SBOA-GPSI-LOBL,F19,30,11,2.8086719776e+02
ablation,SBOA-GPSI-LOBL,F20,30,11,6.3246111272e+02
ablation,SBOA-GPSI-LOBL,F21,30,11,2.7167786517e+02
ablation,SBOA-GPSI-ACGM,F5,30,11,8.1809177081e+01
ablation,SBOA-GPSI-ACGM,F6,30,11,4.4883078565e+00
ablation,SBOA-GPSI-ACGM,F7,30,11,1.6999764890e+02
ablation,SBOA-GPSI-ACGM,F8,30,11,8.7891070047e+01
ablation,SBOA-GPSI-LOBL,F30,30,11,4.8930241810e+04
ablation,SBOA-GPSI-ACGM,F1,30,11,4.4364693382e+04
ablation,SBOA-GPSI-ACGM,F3,30,11,3.3311950572e+04
ablation,SBOA-GPSI-ACGM,F4,30,11,7.8746418373e+01
ablation,SBOA-GPSI-LOBL,F22,30,11,1.0348696505e+02
ablation,SBOA-GPSI-LOBL,F23,30,11,3.8442657695e+02
ablation,SBOA-GPSI-LOBL,F24,30,11,4.9759472763e+02
ablation,SBOA-GPSI-LOBL,F25,30,11,3.8803019961e+02
ablation,SBOA-GPSI-ACGM,F9,30,11,4.0654726288e+01
ablation,SBOA-GPSI-ACGM,F10,30,11,3.4448361636e+03
ablation,SBOA-GPSI-ACGM,F11,30,11,1.0950358391e+02
ablation,SBOA-GPSI-ACGM,F12,30,11,9.8632942224e+05
ablation,SBOA-GPSI-ACGM,F13,30,11,9.7302393446e+02
ablation,SBOA-GPSI-ACGM,F14,30,11,1.5542066327e+03
ablation,SBOA-GPSI-ACGM,F15,30,11,7.0438875045e+02
ablation,SBOA-GPSI-ACGM,F16,30,11,5.0639592004e+02
ablation,SBOA-GPSI-LOBL,F26,30,11,2.0763731030e+02
ablation,SBOA-GPSI-LOBL,F27,30,11,5.1777348629e+02
ablation,SBOA-GPSI-LOBL,F28,30,11,4.2334233982e+02
ablation,SBOA-GPSI-LOBL,F29,30,11,5.7275027450e+02
ablation,SBOA-GPSI-ACGM,F17,30,11,1.1447489478e+02
ablation,SBOA-GPSI-ACGM,F18,30,11,2.7331941301e+06
ablation,SBOA-GPSI-ACGM,F19,30,11,7.6476107195e+02
ablation,SBOA-GPSI-ACGM,F20,30,11,1.3721456471e+02
ablation,SBOA-LOBL-ACGM,F4,30,11,1.3887908652e+02
ablation,SBOA-LOBL-ACGM,F5,30,11,1.0374187576e+02
ablation,SBOA-LOBL-ACGM,F6,30,11,1.5073627481e+01
ablation,SBOA-LOBL-ACGM,F7,30,11,1.1023450823e+02
ablation,SBOA-GPSI-ACGM,F21,30,11,2.6507216408e+02
ablation,SBOA-GPSI-ACGM,F22,30,11,1.0318105336e+02
ablation,SBOA-GPSI-ACGM,F23,30,11,4.2418929591e+02
ablation,SBOA-GPSI-ACGM,F24,30,11,4.9144647763e+02
ablation,SBOA-LOBL-ACGM,F8,30,11,6.1341693323e+01
ablation,SBOA-LOBL-ACGM,F9,30,11,3.0961346206e+02
ablation,SBOA-LOBL-ACGM,F10,30,11,5.0631049192e+03
ablation,SBOA-LOBL-ACGM,F11,30,11,1.3116376720e+02
ablation,SBOA-GPSI-ACGM,F29,30,11,9.0465482832e+02
ablation,SBOA-GPSI-ACGM,F30,30,11,4.1219899433e+04
ablation,SBOA-LOBL-ACGM,F1,30,11,2.2077125566e+04
ablation,SBOA-LOBL-ACGM,F3,30,11,4.2546795038e+04
ablation,SBOA-GPSI-ACGM,F25,30,11,4.3168986348e+02
ablation,SBOA-GPSI-ACGM,F26,30,11,6.2026570619e+02
ablation,SBOA-GPSI-ACGM,F27,30,11,4.9951772599e+02
ablation,SBOA-GPSI-ACGM,F28,30,11,4.6183466097e+02
ablation,SBOA-LOBL-ACGM,F12,30,11,3.8896328958e+06
ablation,SBOA-LOBL-ACGM,F13,30,11,1.0030238029e+04
ablation,SBOA-LOBL-ACGM,F14,30,11,1.7168427085e+05
ablation,SBOA-LOBL-ACGM,F15,30,11,1.3397498901e+03
ablation,SBOA-LOBL-ACGM,F16,30,11,1.0713493444e+03
ablation,SBOA-LOBL-ACGM,F17,30,11,3.0715335943e+02
ablation,SBOA-LOBL-ACGM,F18,30,11,6.4668224317e+05
ablation,SBOA-LOBL-ACGM,F19,30,11,6.7323199219e+03
ablation,MSSBOA,F3,30,11,4.1431575611e+04
ablation,MSSBOA,F4,30,11,6.8813274219e+01
ablation,MSSBOA,F5,30,11,5.9295682378e+01
ablation,MSSBOA,F6,30,11,5.7324362241e+00
ablation,SBOA-LOBL-ACGM,F20,30,11,2.9496988086e+02
ablation,SBOA-LOBL-ACGM,F21,30,11,2.5318474428e+02
ablation,SBOA-LOBL-ACGM,F22,30,11,1.0135279027e+02
ablation,SBOA-LOBL-ACGM,F23,30,11,3.9551094426e+02
ablation,MSSBOA,F7,30,11,9.2023878384e+01
ablation,MSSBOA,F8,30,11,1.1172727306e+02
ablation,MSSBOA,F9,30,11,3.7969005547e+02
ablation,MSSBOA,F10,30,11,3.3476822612e+03
ablation,SBOA-LOBL-ACGM,F24,30,11,4.7129847711e+02
ablation,SBOA-LOBL-ACGM,F25,30,11,4.2580138525e+02
ablation,SBOA-LOBL-ACGM,F26,30,11,1.7142374713e+03
ablation,SBOA-LOBL-ACGM,F27,30,11,5.3656690006e+02
ablation,SBOA-LOBL-ACGM,F28,30,11,4.3352958196e+02
ablation,SBOA-LOBL-ACGM,F29,30,11,9.2548114088e+02
ablation,SBOA-LOBL-ACGM,F30,30,11,1.0619765474e+04
ablation,MSSBOA,F1,30,11,2.5149397687e+04
ablation,MSSBOA,F11,30,11,1.0930082422e+02
ablation,MSSBOA,F12,30,11,5.1557410829e+05
ablation,MSSBOA,F13,30,11,5.2708533601e+04
ablation,MSSBOA,F14,30,11,3.2512348026e+04
ablation,MSSBOA,F15,30,11,2.1036783667e+03
ablation,MSSBOA,F16,30,11,6.7137729586e+02
ablation,MSSBOA,F17,30,11,2.2306911105e+02
ablation,MSSBOA,F18,30,11,1.6875607773e+05
ablation,SBOA,F1,30,12,3.7267331421e+04
ablation,SBOA,F3,30,12,5.4162342559e+04
ablation,SBOA,F4,30,12,1.2358997094e+02
ablation,SBOA,F5,30,12,9.4392504920e+01
ablation,MSSBOA,F19,30,11,9.7126687697e+02
ablation,MSSBOA,F20,30,11,3.4468435957e+02
ablation,MSSBOA,F21,30,11,2.9311701867e+02
ablation,MSSBOA,F22,30,11,1.0371834063e+02
ablation,SBOA,F6,30,12,9.9942520849e+00
ablation,SBOA,F7,30,12,1.3149913926e+02
ablation,SBOA,F8,30,12,8.3376693801e+01
ablation,SBOA,F9,30,12,3.7634782920e+01
ablation,SBOA,F10,30,12,3.7064717376e+03
ablation,SBOA,F11,30,12,1.0950264498e+02
ablation,SBOA,F12,30,12,9.7600614360e+05
ablation,SBOA,F13,30,12,8.5215138283e+03
ablation,SBOA,F14,30,12,2.9096999752e+04
ablation,SBOA,F15,30,12,1.2003164280e+04
ablation,SBOA,F16,30,12,7.9731887782e+02
ablation,SBOA,F17,30,12,1.9765349436e+02
ablation,MSSBOA,F23,30,11,4.2327008521e+02
ablation,MSSBOA,F24,30,11,4.7848361906e+02
ablation,MSSBOA,F25,30,11,4.3397561190e+02
ablation,MSSBOA,F26,30,11,1.7833940822e+03
ablation,SBOA,F18,30,12,4.7518443687e+04
ablation,SBOA,F19,30,12,3.2578881846e+05
ablation,SBOA,F20,30,12,1.3303878188e+02
ablation,SBOA,F21,30,12,2.9951248497e+02
ablation,MSSBOA,F27,30,11,5.3257015281e+02
ablation,MSSBOA,F28,30,11,4.6550553066e+02
ablation,MSSBOA,F29,30,11,9.8291136827e+02
ablation,MSSBOA,F30,30,11,5.0681209918e+04
ablation,SBOA,F22,30,12,3.6434563750e+03
ablation,SBOA,F23,30,12,3.9803435571e+02
ablation,SBOA,F24,30,12,5.0280607293e+02
ablation,SBOA,F25,30,12,4.0898465567e+02
ablation,SBOA-GPSI,F5,30,12,5.7605329161e+01
ablation,SBOA-GPSI,F6,30,12,1.3952659445e+01
ablation,SBOA-GPSI,F7,30,12,1.3115770361e+02
ablation,SBOA-GPSI,F8,30,12,9.7824866574e+01
ablation,SBOA,F30,30,12,1.9594155118e+04
ablation,SBOA-GPSI,F1,30,12,1.9007439442e+04
ablation,SBOA-GPSI,F3,30,12,2.5086651487e+04
ablation,SBOA-GPSI,F4,30,12,1.1661370281e+02
ablation,SBOA,F26,30,12,2.4736206631e+03
ablation,SBOA,F27,30,12,5.1728928047e+02
ablation,SBOA,F28,30,12,4.1858861011e+02
ablation,SBOA,F29,30,12,7.0780378280e+02
ablation,SBOA-GPSI,F9,30,12,2.2662251174e+02
ablation,SBOA-GPSI,F10,30,12,2.6772029172e+03
ablation,SBOA-GPSI,F11,30,12,1.4516045189e+02
ablation,SBOA-GPSI,F12,30,12,7.8082636333e+05
ablation,SBOA-GPSI,F13,30,12,1.0847230575e+03
ablation,SBOA-GPSI,F14,30,12,5.3630615521e+03
ablation,SBOA-GPSI,F15,30,12,1.4219077672e+04
ablation,SBOA-GPSI,F16,30,12,7.7343606252e+02
ablation,SBOA-GPSI,F17,30,12,3.2591262548e+02
ablation,SBOA-GPSI,F18,30,12,9.5281816948e+05
ablation,SBOA-GPSI,F19,30,12,5.4737178822e+03
ablation,SBOA-GPSI,F20,30,12,4.4588298487e+02
ablation,SBOA-LOBL,F4,30,12,1.2732938551e+02
ablation,SBOA-LOBL,F5,30,12,8.8867988946e+01
ablation,SBOA-LOBL,F6,30,12,7.6355406389e+00
ablation,SBOA-LOBL,F7,30,12,1.3171644786e+02
ablation,SBOA-GPSI,F21,30,12,2.7582952065e+02
ablation,SBOA-GPSI,F22,30,12,1.0059632568e+02
ablation,SBOA-GPSI,F23,30,12,4.1856566893e+02
ablation,SBOA-GPSI,F24,30,12,4.8127101478e+02
ablation,SBOA-GPSI,F29,30,12,8.3236924790e+02
ablation,SBOA-GPSI,F30,30,12,8.5892247763e+03
ablation,SBOA-LOBL,F1,30,12,1.1751852431e+05
ablation,SBOA-LOBL,F3,30,12,4.6320733611e+04
ablation,SBOA-LOBL,F8,30,12,6.9811525298e+01
ablation,SBOA-LOBL,F9,30,12,7.3512702738e+00
ablation,SBOA-LOBL,F10,30,12,4.2349194898e+03
ablation,SBOA-LOBL,F11,30,12,1.1590516061e+02
ablation,SBOA-GPSI,F25,30,12,4.3810231656e+02
ablation,SBOA-GPSI,F26,30,12,2.5226152097e+03
ablation,SBOA-GPSI,F27,30,12,5.0876304415e+02
ablation,SBOA-GPSI,F28,30,12,4.0893255536e+02
ablation,SBOA-LOBL,F12,30,12,1.8981981825e+06
ablation,SBOA-LOBL,F13,30,12,8.6363105303e+02
ablation,SBOA-LOBL,F14,30,12,1.5355741043e+05
ablation,SBOA-LOBL,F15,30,12,6.4848445593e+03
ablation,SBOA-LOBL,F16,30,12,6.2970651706e+02
ablation,SBOA-LOBL,F17,30,12,3.6334038556e+02
ablation,SBOA-LOBL,F18,30,12,2.9241462734e+05
ablation,SBOA-LOBL,F19,30,12,6.3522208961e+02
ablation,SBOA-ACGM,F3,30,12,3.6452709419e+04
ablation,SBOA-ACGM,F4,30,12,1.1367779066e+02
ablation,SBOA-ACGM,F5,30,12,5.3048661229e+01
ablation,SBOA-ACGM,F6,30,12,8.0580767715e+00
ablation,SBOA-LOBL,F20,30,12,2.2640010978e+02
ablation,SBOA-LOBL,F21,30,12,2.6599054682e+02
ablation,SBOA-LOBL,F22,30,12,1.0205468081e+02
ablation,SBOA-LOBL,F23,30,12,4.0511645070e+02
ablation,SBOA-ACGM,F7,30,12,1.1647245349e+02
ablation,SBOA-ACGM,F8,30,12,4.7232386954e+01
ablation,SBOA-ACGM,F9,30,12,7.0297370056e+01
ablation,SBOA-ACGM,F10,30,12,2.9900203434e+03
ablation,SBOA-LOBL,F24,30,12,4.7855836013e+02
ablation,SBOA-LOBL,F25,30,12,4.1451756843e+02
ablation,SBOA-LOBL,F26,30,12,4.6320611297e+02
ablation,SBOA-LOBL,F27,30,12,5.1838048679e+02
ablation,SBOA-ACGM,F11,30,12,1.2494871193e+02
ablation,SBOA-ACGM,F12,30,12,1.8790799193e+06
ablation,SBOA-ACGM,F13,30,12,1.3654331931e+05
ablation,SBOA-ACGM,F14,30,12,4.5090761252e+04
ablation,SBOA-LOBL,F28,30,12,5.0719683719e+02
ablation,SBOA-LOBL,F29,30,12,7.3028315145e+02
ablation,SBOA-LOBL,F30,30,12,1.6725040433e+05
ablation,SBOA-ACGM,F1,30,12,2.2161275553e+04
ablation,SBOA-ACGM,F15,30,12,5.6943327795e+03
ablation,SBOA-ACGM,F16,30,12,1.0412258860e+03
ablation,SBOA-ACGM,F17,30,12,1.4958747935e+02
ablation,SBOA-ACGM,F18,30,12,1.8511024624e+06
ablation,SBOA-ACGM,F19,30,12,4.6317659952e+03
ablation,SBOA-ACGM,F20,30,12,2.2061502945e+02
ablation,SBOA-ACGM,F21,30,12,2.5510059487e+02
ablation,SBOA-ACGM,F22,30,12,1.0415389522e+02
ablation,SBOA-GPSI-LOBL,F1,30,12,9.5858120107e+03
ablation,SBOA-GPSI-LOBL,F3,30,12,4.4702917555e+04
ablation,SBOA-GPSI-LOBL,F4,30,12,8.6062542329e+01
ablation,SBOA-GPSI-LOBL,F5,30,12,1.1861591458e+02
ablation,SBOA-GPSI-LOBL,F6,30,12,6.3601615068e+00
ablation,SBOA-GPSI-LOBL,F7,30,12,1.0174905322e+02
ablation,SBOA-GPSI-LOBL,F8,30,12,8.3210321523e+01
ablation,SBOA-GPSI-LOBL,F9,30,12,3.0456876609e+02
ablation,SBOA-ACGM,F23,30,12,4.1187048462e+02
ablation,SBOA-ACGM,F24,30,12,4.7617369690e+02
ablation,SBOA-ACGM,F25,30,12,3.9155616587e+02
ablation,SBOA-ACGM,F26,30,12,1.7492281607e+03
ablation,SBOA-GPSI-LOBL,F10,30,12,3.6764810734e+03
ablation,SBOA-GPSI-LOBL,F11,30,12,1.1192630604e+02
ablation,SBOA-GPSI-LOBL,F12,30,12,1.2034683677e+06
ablation,SBOA-GPSI-LOBL,F13,30,12,1.4643660361e+04
ablation,SBOA-GPSI-LOBL,F14,30,12,4.8585945644e+04
ablation,SBOA-GPSI-LOBL,F15,30,12,2.6650492664e+03
ablation,SBOA-GPSI-LOBL,F16,30,12,8.2177353386e+02
ablation,SBOA-GPSI-LOBL,F17,30,12,1.1461981605e+02
ablation,SBOA-ACGM,F27,30,12,5.1053636560e+02
ablation,SBOA-ACGM,F28,30,12,4.2276225772e+02
ablation,SBOA-ACGM,F29,30,12,7.5396300574e+02
ablation,SBOA-ACGM,F30,30,12,1.0558748627e+05
ablation,SBOA-GPSI-LOBL,F18,30,12,1.1295393332e+05
ablation,SBOA-GPSI-LOBL,F19,30,12,1.6088350496e+03
ablation,SBOA-GPSI-LOBL,F20,30,12,2.2101640820e+02
ablation,SBOA-GPSI-LOBL,F21,30,12,2.6013028634e+02
ablation,SBOA-GPSI-ACGM,F5,30,12,8.9197411973e+01
ablation,SBOA-GPSI-ACGM,F6,30,12,1.1427472036e+01
ablation,SBOA-GPSI-ACGM,F7,30,12,1.5302563006e+02
ablation,SBOA-GPSI-ACGM,F8,30,12,8.1135408659e+01
ablation,SBOA-GPSI-LOBL,F22,30,12,1.0259019612e+02
ablation,SBOA-GPSI-LOBL,F23,30,12,4.0070945210e+02
ablation,SBOA-GPSI-LOBL,F24,30,12,4.7296573697e+02
ablation,SBOA-GPSI-LOBL,F25,30,12,4.0095056986e+02
ablation,SBOA-GPSI-LOBL,F30,30,12,3.0872866446e+04
ablation,SBOA-GPSI-ACGM,F1,30,12,2.2963303459e+04
ablation,SBOA-GPSI-ACGM,F3,30,12,4.2133381919e+04
ablation,SBOA-GPSI-ACGM,F4,30,12,1.7043314765e+02
ablation,SBOA-GPSI-ACGM,F9,30,12,4.7872165963e+02
ablation,SBOA-GPSI-ACGM,F10,30,12,3.8671803757e+03
ablation,SBOA-GPSI-ACGM,F11,30,12,1.0475300091e+02
ablation,SBOA-GPSI-ACGM,F12,30,12,3.1070642350e+05
ablation,SBOA-GPSI-ACGM,F13,30,12,1.1929888932e+04
ablation,SBOA-GPSI-ACGM,F14,30,12,1.0272221973e+04
ablation,SBOA-GPSI-ACGM,F15,30,12,2.3852186628e+03
ablation,SBOA-GPSI-ACGM,F16,30,12,9.3947820058e+02
ablation,SBOA-GPSI-ACGM,F17,30,12,9.0755026556e+01
ablation,SBOA-GPSI-ACGM,F18,30,12,5.0027290815e+05
ablation,SBOA-GPSI-ACGM,F19,30,12,3.3019432032e+04
ablation,SBOA-GPSI-ACGM,F20,30,12,2.1053849148e+02
ablation,SBOA-GPSI-LOBL,F26,30,12,3.0890067544e+02
ablation,SBOA-GPSI-LOBL,F27,30,12,5.3206321873e+02
ablation,SBOA-GPSI-LOBL,F28,30,12,4.6656870515e+02
ablation,SBOA-GPSI-LOBL,F29,30,12,8.9785242028e+02
ablation,SBOA-GPSI-ACGM,F21,30,12,2.9082726949e+02
ablation,SBOA-GPSI-ACGM,F22,30,12,1.0384484781e+02
ablation,SBOA-GPSI-ACGM,F23,30,12,3.9790052863e+02
ablation,SBOA-GPSI-ACGM,F24,30,12,4.8947332055e+02
ablation,SBOA-LOBL-ACGM,F4,30,12,1.1467044679e+02
ablation,SBOA-LOBL-ACGM,F5,30,12,1.1694113987e+02
ablation,SBOA-LOBL-ACGM,F6,30,12,9.8254570233e+00
ablation,SBOA-LOBL-ACGM,F7,30,12,1.6016953811e+02
ablation,SBOA-LOBL-ACGM,F8,30,12,7.3580097400e+01
ablation,SBOA-LOBL-ACGM,F9,30,12,1.9149461197e+02
ablation,SBOA-LOBL-ACGM,F10,30,12,4.1345281042e+03
ablation,SBOA-LOBL-ACGM,F11,30,12,5.4960596523e+01
ablation,SBOA-GPSI-ACGM,F29,30,12,8.5503410209e+02
ablation,SBOA-GPSI-ACGM,F30,30,12,2.6828924765e+04
ablation,SBOA-LOBL-ACGM,F1,30,12,1.9210349758e+05
ablation,SBOA-LOBL-ACGM,F3,30,12,3.2151906012e+04
ablation,SBOA-GPSI-ACGM,F25,30,12,3.8944223569e+02
ablation,SBOA-GPSI-ACGM,F26,30,12,2.1645767071e+03
ablation,SBOA-GPSI-ACGM,F27,30,12,5.1955722754e+02
ablation,SBOA-GPSI-ACGM,F28,30,12,4.2087865437e+02
ablation,SBOA-LOBL-ACGM,F12,30,12,5.4822959256e+05
ablation,SBOA-LOBL-ACGM,F13,30,12,3.4807574384e+03
ablation,SBOA-LOBL-ACGM,F14,30,12,2.9614570773e+03
ablation,SBOA-LOBL-ACGM,F15,30,12,2.6045332568e+03
ablation,SBOA-LOBL-ACGM,F16,30,12,1.5397035257e+03
ablation,SBOA-LOBL-ACGM,F17,30,12,3.3039088852e+02
ablation,SBOA-LOBL-ACGM,F18,30,12,3.1449780095e+05
ablation,SBOA-LOBL-ACGM,F19,30,12,5.2524134405e+03
ablation,MSSBOA,F3,30,12,3.0160058547e+04
ablation,MSSBOA,F4,30,12,1.1366832885e+02
ablation,MSSBOA,F5,30,12,9.7520437952e+01
ablation,MSSBOA,F6,30,12,7.2972213412e+00
ablation,SBOA-LOBL-ACGM,F20,30,12,3.7571250917e+02
ablation,SBOA-LOBL-ACGM,F21,30,12,2.5047823138e+02
ablation,SBOA-LOBL-ACGM,F22,30,12,1.0659771053e+02
ablation,SBOA-LOBL-ACGM,F23,30,12,3.9212716887e+02
ablation,SBOA-LOBL-ACGM,F24,30,12,5.0294960708e+02
ablation,SBOA-LOBL-ACGM,F25,30,12,4.2163179346e+02
ablation,SBOA-LOBL-ACGM,F26,30,12,1.8849897438e+03
ablation,SBOA-LOBL-ACGM,F27,30,12,5.2372145998e+02
ablation,MSSBOA,F7,30,12,1.2405655553e+02
ablation,MSSBOA,F8,30,12,6.8948034015e+01
ablation,MSSBOA,F9,30,12,7.1664785991e+01
ablation,MSSBOA,F10,30,12,2.6361999660e+03
ablation,SBOA-LOBL-ACGM,F28,30,12,4.1641699344e+02
ablation,SBOA-LOBL-ACGM,F29,30,12,8.9718192369e+02
ablation,SBOA-LOBL-ACGM,F30,30,12,3.9053341370e+04
ablation,MSSBOA,F1,30,12,5.8793910183e+04
ablation,MSSBOA,F11,30,12,5.7541149456e+01
ablation,MSSBOA,F12,30,12,3.6441644662e+06
ablation,MSSBOA,F13,30,12,2.8832357339e+04
ablation,MSSBOA,F14,30,12,3.7324532237e+03
ablation,MSSBOA,F15,30,12,3.0532299558e+04
ablation,MSSBOA,F16,30,12,5.0050820657e+02
ablation,MSSBOA,F17,30,12,2.0693902454e+02
ablation,MSSBOA,F18,30,12,1.0584915258e+06
ablation,SBOA,F1,30,13,7.5055148476e+03
ablation,SBOA,F3,30,13,1.4616040773e+04
ablation,SBOA,F4,30,13,9.0284993052e+01
ablation,SBOA,F5,30,13,9.4392324318e+01
ablation,MSSBOA,F19,30,12,7.4410427583e+03
ablation,MSSBOA,F20,30,12,2.6894261290e+02
ablation,MSSBOA,F21,30,12,2.4464761574e+02
ablation,MSSBOA,F22,30,12,1.0111675437e+02
ablation,SBOA,F6,30,13,1.0409814332e+01
ablation,SBOA,F7,30,13,1.3091641675e+02
ablation,SBOA,F8,30,13,8.6408423459e+01
ablation,SBOA,F9,30,13,5.0563450869e+02
ablation,SBOA,F10,30,13,3.2814185883e+03
ablation,SBOA,F11,30,13,1.6332756165e+02
ablation,SBOA,F12,30,13,9.8565786884e+05
ablation,SBOA,F13,30,13,4.3841631620e+03
ablation,MSSBOA,F23,30,12,4.1581076374e+02
ablation,MSSBOA,F24,30,12,4.7995262865e+02
ablation,MSSBOA,F25,30,12,3.9566521760e+02
ablation,MSSBOA,F26,30,12,1.9694882835e+03
ablation,SBOA,F14,30,13,3.3190838255e+04
ablation,SBOA,F15,30,13,6.7756329138e+02
ablation,SBOA,F16,30,13,8.7925251590e+02
ablation,SBOA,F17,30,13,3.0646347686e+02
ablation,SBOA,F18,30,13,3.1244294585e+04
ablation,SBOA,F19,30,13,7.5840302558e+03
ablation,SBOA,F20,30,13,7.0640398802e+01
ablation,SBOA,F21,30,13,2.6272278877e+02
ablation,MSSBOA,F27,30,12,5.0986619632e+02
ablation,MSSBOA,F28,30,12,4.7881135417e+02
ablation,MSSBOA,F29,30,12,1.0056898515e+03
ablation,MSSBOA,F30,30,12,7.6952111107e+04
ablation,SBOA-GPSI,F5,30,13,7.7450731938e+01
ablation,SBOA-GPSI,F6,30,13,8.5587760599e+00
ablation,SBOA-GPSI,F7,30,13,9.0830493791e+01
ablation,SBOA-GPSI,F8,30,13,6.0556586422e+01
ablation,SBOA,F22,30,13,1.0865588429e+02
ablation,SBOA,F23,30,13,4.0635669018e+02
ablation,SBOA,F24,30,13,4.9248449138e+02
ablation,SBOA,F25,30,13,3.9283746992e+02
ablation,SBOA,F30,30,13,2.6052404106e+05
ablation,SBOA-GPSI,F1,30,13,2.6333510576e+04
ablation,SBOA-GPSI,F3,30,13,2.6337072641e+04
ablation,SBOA-GPSI,F4,30,13,9.9943044381e+01
ablation,SBOA-GPSI,F9,30,13,1.8090619571e+01
ablation,SBOA-GPSI,F10,30,13,4.9839780715e+03
ablation,SBOA-GPSI,F11,30,13,2.6931900055e+01
ablation,SBOA-GPSI,F12,30,13,6.0864510658e+05
ablation,SBOA-GPSI,F13,30,13,3.9703811324e+04
ablation,SBOA-GPSI,F14,30,13,4.2497935118e+04
ablation,SBOA-GPSI,F15,30,13,2.7563717764e+03
ablation,SBOA-GPSI,F16,30,13,9.0076624455e+02
ablation,SBOA,F26,30,13,1.4770750916e+03
ablation,SBOA,F27,30,13,5.0370021708e+02
ablation,SBOA,F28,30,13,4.3468179125e+02
ablation,SBOA,F29,30,13,1.0078923666e+03
ablation,SBOA-GPSI,F17,30,13,3.4166322930e+02
ablation,SBOA-GPSI,F18,30,13,5.4806283273e+05
ablation,SBOA-GPSI,F19,30,13,9.7167219721e+03
ablation,SBOA-GPSI,F20,30,13,4.2816872894e+02
ablation,SBOA-LOBL,F4,30,13,1.2690043664e+02
ablation,SBOA-LOBL,F5,30,13,8.2668934926e+01
ablation,SBOA-LOBL,F6,30,13,3.7067584663e+00
ablation,SBOA-LOBL,F7,30,13,8.3434137684e+01
ablation,SBOA-GPSI,F21,30,13,2.7325259323e+02
ablation,SBOA-GPSI,F22,30,13,1.0322313942e+02
ablation,SBOA-GPSI,F23,30,13,3.7221763759e+02
ablation,SBOA-GPSI,F24,30,13,4.6844265925e+02
ablation,SBOA-GPSI,F29,30,13,8.9700554411e+02
ablation,SBOA-GPSI,F30,30,13,1.7496935497e+04
ablation,SBOA-LOBL,F1,30,13,3.7496799237e+04
ablation,SBOA-LOBL,F3,30,13,3.7528486155e+04
ablation,SBOA-GPSI,F25,30,13,3.9069778611e+02
ablation,SBOA-GPSI,F26,30,13,2.2558369362e+02
ablation,SBOA-GPSI,F27,30,13,5.3069539870e+02
ablation,SBOA-GPSI,F28,30,13,4.6223750279e+02
ablation,SBOA-LOBL,F8,30,13,8.6086428799e+01
ablation,SBOA-LOBL,F9,30,13,1.9477074301e+01
ablation,SBOA-LOBL,F10,30,13,3.8448824973e+03
ablation,SBOA-LOBL,F11,30,13,1.4184875169e+02
ablation,SBOA-LOBL,F12,30,13,3.6724899435e+06
ablation,SBOA-LOBL,F13,30,13,1.5532686388e+04
ablation,SBOA-LOBL,F14,30,13,5.0301477679e+04
ablation,SBOA-LOBL,F15,30,13,3.2205421420e+04
ablation,SBOA-LOBL,F16,30,13,6.9664484421e+02
ablation,SBOA-LOBL,F17,30,13,1.3737805521e+02
ablation,SBOA-LOBL,F18,30,13,2.3317586462e+05
ablation,SBOA-LOBL,F19,30,13,4.1981425179e+03
ablation,SBOA-LOBL,F20,30,13,2.1516083403e+02
ablation,SBOA-LOBL,F21,30,13,2.4417925306e+02
ablation,SBOA-LOBL,F22,30,13,1.0338009055e+02
ablation,SBOA-LOBL,F23,30,13,3.9914735074e+02
ablation,SBOA-ACGM,F3,30,13,3.8417728957e+04
ablation,SBOA-ACGM,F4,30,13,1.1687922308e+02
ablation,SBOA-ACGM,F5,30,13,7.8013895003e+01
ablation,SBOA-ACGM,F6,30,13,3.1949418653e+01
ablation,SBOA-ACGM,F7,30,13,1.3408261284e+02
ablation,SBOA-ACGM,F8,30,13,6.5243535529e+01
ablation,SBOA-ACGM,F9,30,13,1.5216435765e+02
ablation,SBOA-ACGM,F10,30,13,3.8063716711e+03
ablation,SBOA-LOBL,F24,30,13,4.7952290378e+02
ablation,SBOA-LOBL,F25,30,13,4.1336206064e+02
ablation,SBOA-LOBL,F26,30,13,2.2348690308e+03
ablation,SBOA-LOBL,F27,30,13,5.0482104129e+02
ablation,SBOA-ACGM,F11,30,13,1.3203680807e+02
ablation,SBOA-ACGM,F12,30,13,8.0529521101e+05
ablation,SBOA-ACGM,F13,30,13,1.9024456870e+04
ablation,SBOA-ACGM,F14,30,13,6.7482604633e+03
ablation,SBOA-LOBL,F28,30,13,4.3392781382e+02
ablation,SBOA-LOBL,F29,30,13,8.7657036979e+02
ablation,SBOA-LOBL,F30,30,13,1.3701570668e+05
ablation,SBOA-ACGM,F1,30,13,3.6574296203e+04
ablation,SBOA-ACGM,F15,30,13,9.0918705041e+03
ablation,SBOA-ACGM,F16,30,13,1.1580743915e+03
ablation,SBOA-ACGM,F17,30,13,4.5429612443e+02
ablation,SBOA-ACGM,F18,30,13,3.4407341697e+05
ablation,SBOA-GPSI-LOBL,F1,30,13,8.1814848821e+04
ablation,SBOA-GPSI-LOBL,F3,30,13,2.6928806479e+04
ablation,SBOA-GPSI-LOBL,F4,30,13,1.1343333079e+02
ablation,SBOA-GPSI-LOBL,F5,30,13,8.3904389864e+01
ablation,SBOA-ACGM,F19,30,13,2.5761340770e+03
ablation,SBOA-ACGM,F20,30,13,5.1463913968e+02
ablation,SBOA-ACGM,F21,30,13,2.5936899467e+02
ablation,SBOA-ACGM,F22,30,13,1.0079739226e+02
ablation,SBOA-GPSI-LOBL,F6,30,13,1.6018703237e+01
ablation,SBOA-GPSI-LOBL,F7,30,13,1.1988662387e+02
ablation,SBOA-GPSI-LOBL,F8,30,13,1.0536976624e+02
ablation,SBOA-GPSI-LOBL,F9,30,13,1.8604154911e+01
ablation,SBOA-ACGM,F23,30,13,4.2491308101e+02
ablation,SBOA-ACGM,F24,30,13,4.5248836061e+02
ablation,SBOA-ACGM,F25,30,13,3.8756793096e+02
ablation,SBOA-ACGM,F26,30,13,1.9489093283e+03
ablation,SBOA-GPSI-LOBL,F10,30,13,4.0400374315e+03
ablation,SBOA-GPSI-LOBL,F11,30,13,7.3322235606e+01
ablation,SBOA-GPSI-LOBL,F12,30,13,7.6554461606e+05
ablation,SBOA-GPSI-LOBL,F13,30,13,2.3206345311e+04
ablation,SBOA-GPSI-LOBL,F14,30,13,7.2500517893e+03
ablation,SBOA-GPSI-LOBL,F15,30,13,1.9977877777e+04
ablation,SBOA-GPSI-LOBL,F16,30,13,7.7191686966e+02
ablation,SBOA-GPSI-LOBL,F17,30,13,5.7024285749e+01
ablation,SBOA-ACGM,F27,30,13,5.1711525112e+02
ablation,SBOA-ACGM,F28,30,13,4.6736940011e+02
ablation,SBOA-ACGM,F29,30,13,8.1998192433e+02
ablation,SBOA-ACGM,F30,30,13,6.8105412632e+04
ablation,SBOA-GPSI-LOBL,F18,30,13,6.8798220776e+05
ablation,SBOA-GPSI-LOBL,F19,30,13,1.9985042292e+02
ablation,SBOA-GPSI-LOBL,F20,30,13,2.4950655627e+02
ablation,SBOA-GPSI-LOBL,F21,30,13,2.9417465928e+02
ablation,SBOA-GPSI-ACGM,F5,30,13,8.0648633254e+01
ablation,SBOA-GPSI-ACGM,F6,30,13,1.0598885975e+01
ablation,SBOA-GPSI-ACGM,F7,30,13,1.1463459959e+02
ablation,SBOA-GPSI-ACGM,F8,30,13,6.4740813997e+01
ablation,SBOA-GPSI-LOBL,F30,30,13,2.9129349281e+04
ablation,SBOA-GPSI-ACGM,F1,30,13,1.0980348673e+05
ablation,SBOA-GPSI-ACGM,F3,30,13,3.5476133829e+04
ablation,SBOA-GPSI-ACGM,F4,30,13,1.0979677735e+02
ablation,SBOA-GPSI-LOBL,F22,30,13,1.0046006912e+02
ablation,SBOA-GPSI-LOBL,F23,30,13,4.0509057044e+02
ablation,SBOA-GPSI-LOBL,F24,30,13,4.7704382122e+02
ablation,SBOA-GPSI-LOBL,F25,30,13,4.1478000830e+02
ablation,SBOA-GPSI-ACGM,F9,30,13,1.2929983558e+01
ablation,SBOA-GPSI-ACGM,F10,30,13,3.3531415812e+03
ablation,SBOA-GPSI-ACGM,F11,30,13,1.3043941283e+02
ablation,SBOA-GPSI-ACGM,F12,30,13,4.6694555570e+05
ablation,SBOA-GPSI-ACGM,F13,30,13,6.2934642003e+04
ablation,SBOA-GPSI-ACGM,F14,30,13,1.0401966636e+05
ablation,SBOA-GPSI-ACGM,F15,30,13,1.7902912996e+03
ablation,SBOA-GPSI-ACGM,F16,30,13,1.4778363961e+03
ablation,SBOA-GPSI-ACGM,F17,30,13,1.2105239425e+02
ablation,SBOA-GPSI-ACGM,F18,30,13,5.5181376084e+05
ablation,SBOA-GPSI-ACGM,F19,30,13,1.1347954885e+03
ablation,SBOA-GPSI-ACGM,F20,30,13,1.0677289168e+02
ablation,SBOA-GPSI-LOBL,F26,30,13,1.9064301065e+03
ablation,SBOA-GPSI-LOBL,F27,30,13,5.2691267634e+02
ablation,SBOA-GPSI-LOBL,F28,30,13,4.6711887208e+02
ablation,SBOA-GPSI-LOBL,F29,30,13,5.2799983706e+02
ablation,SBOA-LOBL-ACGM,F4,30,13,1.1321875278e+02
ablation,SBOA-LOBL-ACGM,F5,30,13,1.3836329791e+02
ablation,SBOA-LOBL-ACGM,F6,30,13,1.0406367676e+01
ablation,SBOA-LOBL-ACGM,F7,30,13,1.4324238081e+02
ablation,SBOA-GPSI-ACGM,F21,30,13,2.5871670876e+02
ablation,SBOA-GPSI-ACGM,F22,30,13,1.0589435480e+02
ablation,SBOA-GPSI-ACGM,F23,30,13,4.0128456775e+02
ablation,SBOA-GPSI-ACGM,F24,30,13,4.7197395381e+02
ablation,SBOA-LOBL-ACGM,F8,30,13,8.4391441379e+01
ablation,SBOA-LOBL-ACGM,F9,30,13,1.1857377515e+03
ablation,SBOA-LOBL-ACGM,F10,30,13,4.0682768288e+03
ablation,SBOA-LOBL-ACGM,F11,30,13,1.2268687410e+02
ablation,SBOA-GPSI-ACGM,F25,30,13,4.0509401822e+02
ablation,SBOA-GPSI-ACGM,F26,30,13,1.8365518686e+03
ablation,SBOA-GPSI-ACGM,F27,30,13,5.1098194652e+02
ablation,SBOA-GPSI-ACGM,F28,30,13,4.2572384511e+02
ablation,SBOA-GPSI-ACGM,F29,30,13,7.3426063880e+02
ablation,SBOA-GPSI-ACGM,F30,30,13,1.1526695945e+04
ablation,SBOA-LOBL-ACGM,F1,30,13,8.6296426727e+03
ablation,SBOA-LOBL-ACGM,F3,30,13,2.0375782827e+04
ablation,SBOA-LOBL-ACGM,F12,30,13,2.8691243606e+06
ablation,SBOA-LOBL-ACGM,F13,30,13,1.4316512379e+04
ablation,SBOA-LOBL-ACGM,F14,30,13,1.0525325539e+04
ablation,SBOA-LOBL-ACGM,F15,30,13,3.3856296351e+03
ablation,SBOA-LOBL-ACGM,F16,30,13,1.2156011148e+03
ablation,SBOA-LOBL-ACGM,F17,30,13,9.9187132454e+01
ablation,SBOA-LOBL-ACGM,F18,30,13,4.0233409093e+05
ablation,SBOA-LOBL-ACGM,F19,30,13,4.8723661052e+02
ablation,MSSBOA,F3,30,13,3.0852932047e+04
ablation,MSSBOA,F4,30,13,9.0297992905e+01
ablation,MSSBOA,F5,30,13,6.8925559236e+01
ablation,MSSBOA,F6,30,13,1.4168921365e+01
ablation,SBOA-LOBL-ACGM,F20,30,13,1.5540262888e+02
ablation,SBOA-LOBL-ACGM,F21,30,13,2.5266060031e+02
ablation,SBOA-LOBL-ACGM,F22,30,13,1.0350763111e+02
ablation,SBOA-LOBL-ACGM,F23,30,13,4.2146306410e+02
ablation,MSSBOA,F7,30,13,1.6777027968e+02
ablation,MSSBOA,F8,30,13,9.7869857243e+01
ablation,MSSBOA,F9,30,13,9.7300827017e+01
ablation,MSSBOA,F10,30,13,2.7239808978e+03
ablation,SBOA-LOBL-ACGM,F24,30,13,4.6773950088e+02
ablation,SBOA-LOBL-ACGM,F25,30,13,4.3192899490e+02
ablation,SBOA-LOBL-ACGM,F26,30,13,2.1691619039e+03
ablation,SBOA-LOBL-ACGM,F27,30,13,5.1613670679e+02
ablation,MSSBOA,F11,30,13,1.1594272700e+02
ablation,MSSBOA,F12,30,13,1.7909813974e+06
ablation,MSSBOA,F13,30,13,3.5284556186e+03
ablation,MSSBOA,F14,30,13,9.5866434941e+04
ablation,SBOA-LOBL-ACGM,F28,30,13,4.1446065061e+02
ablation,SBOA-LOBL-ACGM,F29,30,13,5.3145709543e+02
ablation,SBOA-LOBL-ACGM,F30,30,13,7.1181377243e+04
ablation,MSSBOA,F1,30,13,9.1297390307e+03
ablation,MSSBOA,F15,30,13,3.2424842588e+03
ablation,MSSBOA,F16,30,13,1.2198095596e+03
ablation,MSSBOA,F17,30,13,2.3431291705e+02
ablation,MSSBOA,F18,30,13,7.1975135638e+05
ablation,SBOA,F1,30,14,2.5803731746e+04
ablation,SBOA,F3,30,14,2.8353099043e+04
ablation,SBOA,F4,30,14,1.1788751995e+02
ablation,SBOA,F5,30,14,8.6158442158e+01
ablation,MSSBOA,F19,30,13,2.7365829524e+02
ablation,MSSBOA,F20,30,13,1.6966905518e+02
ablation,MSSBOA,F21,30,13,2.7213861551e+02
ablation,MSSBOA,F22,30,13,1.0353793192e+02
ablation,SBOA,F6,30,14,5.7131623043e+00
ablation,SBOA,F7,30,14,1.1578147181e+02
ablation,SBOA,F8,30,14,4.7850679720e+01
ablation,SBOA,F9,30,14,4.0827510834e+02
ablation,SBOA,F10,30,14,3.0260450761e+03
ablation,SBOA,F11,30,14,9.4380912457e+01
ablation,SBOA,F12,30,14,4.5320638382e+05
ablation,SBOA,F13,30,14,2.1816482214e+04
ablation,MSSBOA,F23,30,13,4.2186702187e+02
ablation,MSSBOA,F24,30,13,4.8582609240e+02
ablation,MSSBOA,F25,30,13,3.9606056999e+02
ablation,MSSBOA,F26,30,13,1.9937786338e+03
ablation,SBOA,F14,30,14,5.7810534636e+04
ablation,SBOA,F15,30,14,4.0823955664e+02
ablation,SBOA,F16,30,14,8.8721093147e+02
ablation,SBOA,F17,30,14,6.8592371334e+02
ablation,SBOA,F18,30,14,1.1527712814e+05
ablation,SBOA,F19,30,14,3.7509137492e+04
ablation,SBOA,F20,30,14,5.2847399256e+02
ablation,SBOA,F21,30,14,2.7066870689e+02
ablation,MSSBOA,F27,30,13,5.0712238006e+02
ablation,MSSBOA,F28,30,13,5.8684641881e+02
ablation,MSSBOA,F29,30,13,6.9941474920e+02
ablation,MSSBOA,F30,30,13,1.3739774043e+05
ablation,SBOA-GPSI,F5,30,14,5.7140796006e+01
ablation,SBOA-GPSI,F6,30,14,1.6295874024e+01
ablation,SBOA-GPSI,F7,30,14,1.0265719311e+02
ablation,SBOA-GPSI,F8,30,14,6.1752338760e+01
ablation,SBOA,F22,30,14,4.1726004655e+03
ablation,SBOA,F23,30,14,4.1201015015e+02
ablation,SBOA,F24,30,14,4.6363124861e+02
ablation,SBOA,F25,30,14,3.8765831617e+02
ablation,SBOA,F30,30,14,5.5304147556e+04
ablation,SBOA-GPSI,F1,30,14,1.7841295624e+04
ablation,SBOA-GPSI,F3,30,14,3.5736037028e+04
ablation,SBOA-GPSI,F4,30,14,9.1201034640e+01
ablation,SBOA-GPSI,F9,30,14,9.2209887278e+01
ablation,SBOA-GPSI,F10,30,14,5.2494418519e+03
ablation,SBOA-GPSI,F11,30,14,8.0920768159e+01
ablation,SBOA-GPSI,F12,30,14,1.6049958686e+06
ablation,SBOA-GPSI,F13,30,14,3.0090235458e+04
ablation,SBOA-GPSI,F14,30,14,2.2626099153e+03
ablation,SBOA-GPSI,F15,30,14,2.9206949840e+03
ablation,SBOA-GPSI,F16,30,14,5.6824863782e+02
ablation,SBOA,F26,30,14,1.7912740010e+03
ablation,SBOA,F27,30,14,5.1285302924e+02
ablation,SBOA,F28,30,14,4.0202045090e+02
ablation,SBOA,F29,30,14,6.1549778769e+02
ablation,SBOA-GPSI,F17,30,14,1.8352334131e+02
ablation,SBOA-GPSI,F18,30,14,1.0610325449e+06
ablation,SBOA-GPSI,F19,30,14,7.4548156894e+03
ablation,SBOA-GPSI,F20,30,14,2.2774778693e+02
ablation,SBOA-LOBL,F4,30,14,9.0437851678e+01
ablation,SBOA-LOBL,F5,30,14,8.8151530126e+01
ablation,SBOA-LOBL,F6,30,14,1.9795016772e+01
ablation,SBOA-LOBL,F7,30,14,1.2814579794e+02
ablation,SBOA-GPSI,F21,30,14,3.0110106227e+02
ablation,SBOA-GPSI,F22,30,14,1.0203387956e+02
ablation,SBOA-GPSI,F23,30,14,3.9063531610e+02
ablation,SBOA-GPSI,F24,30,14,4.8610522673e+02
ablation,SBOA-GPSI,F29,30,14,7.5931312185e+02
ablation,SBOA-GPSI,F30,30,14,1.1081719497e+06
ablation,SBOA-LOBL,F1,30,14,7.1806759019e+04
ablation,SBOA-LOBL,F3,30,14,5.3623390938e+04
ablation,SBOA-LOBL,F8,30,14,5.6868959738e+01
ablation,SBOA-LOBL,F9,30,14,3.0204539837e+01
ablation,SBOA-LOBL,F10,30,14,3.2825289722e+03
ablation,SBOA-LOBL,F11,30,14,1.0011885991e+02
ablation,SBOA-GPSI,F25,30,14,3.9162110904e+02
ablation,SBOA-GPSI,F26,30,14,2.0860661406e+03
ablation,SBOA-GPSI,F27,30,14,5.3964575778e+02
ablation,SBOA-GPSI,F28,30,14,4.2556200981e+02
ablation,SBOA-LOBL,F12,30,14,8.4208063826e+05
ablation,SBOA-LOBL,F13,30,14,3.7130948543e+03
ablation,SBOA-LOBL,F14,30,14,3.0972209619e+04
ablation,SBOA-LOBL,F15,30,14,1.0646869590e+03
ablation,SBOA-LOBL,F16,30,14,9.5620696441e+02
ablation,SBOA-LOBL,F17,30,14,3.0837844311e+02
ablation,SBOA-LOBL,F18,30,14,1.0220501217e+06
ablation,SBOA-LOBL,F19,30,14,1.0781253127e+03
ablation,SBOA-ACGM,F3,30,14,4.8410874877e+04
ablation,SBOA-ACGM,F4,30,14,1.5137563183e+02
ablation,SBOA-ACGM,F5,30,14,5.5615331317e+01
ablation,SBOA-ACGM,F6,30,14,1.0421748435e+01
ablation,SBOA-LOBL,F20,30,14,6.8936928378e+02
ablation,SBOA-LOBL,F21,30,14,2.6456723374e+02
ablation,SBOA-LOBL,F22,30,14,1.0398756081e+02
ablation,SBOA-LOBL,F23,30,14,3.9396140311e+02
ablation,SBOA-ACGM,F7,30,14,1.1494044974e+02
ablation,SBOA-ACGM,F8,30,14,4.5247033646e+01
ablation,SBOA-ACGM,F9,30,14,3.2667083215e+01
ablation,SBOA-ACGM,F10,30,14,3.2862649063e+03
ablation,SBOA-LOBL,F24,30,14,4.7565325745e+02
ablation,SBOA-LOBL,F25,30,14,4.3536500722e+02
ablation,SBOA-LOBL,F26,30,14,1.9616788091e+03
ablation,SBOA-LOBL,F27,30,14,5.2413088930e+02
ablation,SBOA-ACGM,F11,30,14,5.4315365184e+01
ablation,SBOA-ACGM,F12,30,14,1.7494602636e+06
ablation,SBOA-ACGM,F13,30,14,2.4779743009e+03
ablation,SBOA-ACGM,F14,30,14,6.0100815164e+04
ablation,SBOA-LOBL,F28,30,14,4.7280179260e+02
ablation,SBOA-LOBL,F29,30,14,9.2904563630e+02
ablation,SBOA-LOBL,F30,30,14,4.5890319400e+04
ablation,SBOA-ACGM,F1,30,14,1.7230213822e+04
ablation,SBOA-ACGM,F15,30,14,6.1604895882e+03
ablation,SBOA-ACGM,F16,30,14,7.8595542237e+02
ablation,SBOA-ACGM,F17,30,14,2.3559096593e+02
ablation,SBOA-ACGM,F18,30,14,2.5664336604e+05
ablation,SBOA-GPSI-LOBL,F1,30,14,5.2945370221e+04
ablation,SBOA-GPSI-LOBL,F3,30,14,4.3129283083e+04
ablation,SBOA-GPSI-LOBL,F4,30,14,7.4901767577e+01
ablation,SBOA-GPSI-LOBL,F5,30,14,8.5834041730e+01
ablation,SBOA-ACGM,F19,30,14,3.6418517601e+03
ablation,SBOA-ACGM,F20,30,14,3.3130831914e+02
ablation,SBOA-ACGM,F21,30,14,2.5348239595e+02
ablation,SBOA-ACGM,F22,30,14,1.0553447957e+02
ablation,SBOA-GPSI-LOBL,F6,30,14,6.9822473563e+00
ablation,SBOA-GPSI-LOBL,F7,30,14,1.2306568953e+02
ablation,SBOA-GPSI-LOBL,F8,30,14,7.7883662414e+01
ablation,SBOA-GPSI-LOBL,F9,30,14,5.7419060411e+01
ablation,SBOA-ACGM,F23,30,14,3.9933372585e+02
ablation,SBOA-ACGM,F24,30,14,5.0687044834e+02
ablation,SBOA-ACGM,F25,30,14,3.9602946876e+02
ablation,SBOA-ACGM,F26,30,14,1.8746997777e+03
ablation,SBOA-GPSI-LOBL,F10,30,14,3.2883395750e+03
ablation,SBOA-GPSI-LOBL,F11,30,14,8.5819049448e+01
ablation,SBOA-GPSI-LOBL,F12,30,14,2.1986106999e+06
ablation,SBOA-GPSI-LOBL,F13,30,14,2.4134526473e+04
ablation,SBOA-ACGM,F27,30,14,5.2161018679e+02
ablation,SBOA-ACGM,F28,30,14,4.0950606477e+02
ablation,SBOA-ACGM,F29,30,14,5.9214745488e+02
ablation,SBOA-ACGM,F30,30,14,1.4347910553e+04
ablation,SBOA-GPSI-LOBL,F14,30,14,1.4770659502e+04
ablation,SBOA-GPSI-LOBL,F15,30,14,1.5102651911e+03
ablation,SBOA-GPSI-LOBL,F16,30,14,1.1388835421e+03
ablation,SBOA-GPSI-LOBL,F17,30,14,4.5238856210e+02
ablation,SBOA-GPSI-LOBL,F18,30,14,5.3138944491e+05
ablation,SBOA-GPSI-LOBL,F19,30,14,8.8099786717e+03
ablation,SBOA-GPSI-LOBL,F20,30,14,6.1149542686e+01
ablation,SBOA-GPSI-LOBL,F21,30,14,2.5775456017e+02
ablation,SBOA-GPSI-ACGM,F5,30,14,5.1222472604e+01
ablation,SBOA-GPSI-ACGM,F6,30,14,1.2278462627e+01
ablation,SBOA-GPSI-ACGM,F7,30,14,1.7310866292e+02
ablation,SBOA-GPSI-ACGM,F8,30,14,7.9398193850e+01
ablation,SBOA-GPSI-LOBL,F30,30,14,6.7697992564e+04
ablation,SBOA-GPSI-ACGM,F1,30,14,2.4521873801e+04
ablation,SBOA-GPSI-ACGM,F3,30,14,4.4008449970e+04
ablation,SBOA-GPSI-ACGM,F4,30,14,7.3779351679e+01
ablation,SBOA-GPSI-LOBL,F22,30,14,1.0333649685e+02
ablation,SBOA-GPSI-LOBL,F23,30,14,3.8950054833e+02
ablation,SBOA-GPSI-LOBL,F24,30,14,4.7450953255e+02
ablation,SBOA-GPSI-LOBL,F25,30,14,3.9889014651e+02
ablation,SBOA-GPSI-ACGM,F9,30,14,5.8360527283e+01
ablation,SBOA-GPSI-ACGM,F10,30,14,4.5178366004e+03
ablation,SBOA-GPSI-ACGM,F11,30,14,1.9277203476e+02
ablation,SBOA-GPSI-ACGM,F12,30,14,1.3527152039e+06
ablation,SBOA-GPSI-ACGM,F13,30,14,4.2436085790e+04
ablation,SBOA-GPSI-ACGM,F14,30,14,1.0897916677e+04
ablation,SBOA-GPSI-ACGM,F15,30,14,2.9026811712e+03
ablation,SBOA-GPSI-ACGM,F16,30,14,7.1020871905e+02
ablation,SBOA-GPSI-LOBL,F26,30,14,2.1740189467e+03
ablation,SBOA-GPSI-LOBL,F27,30,14,5.2575816554e+02
ablation,SBOA-GPSI-LOBL,F28,30,14,4.6470954481e+02
ablation,SBOA-GPSI-LOBL,F29,30,14,1.0572687031e+03
ablation,SBOA-GPSI-ACGM,F17,30,14,5.9678095946e+01
ablation,SBOA-GPSI-ACGM,F18,30,14,6.3016664188e+05
ablation,SBOA-GPSI-ACGM,F19,30,14,2.6808942562e+04
ablation,SBOA-GPSI-ACGM,F20,30,14,2.2139307827e+02
ablation,SBOA-GPSI-ACGM,F21,30,14,2.6903467091e+02
ablation,SBOA-GPSI-ACGM,F22,30,14,1.0371439227e+02
ablation,SBOA-GPSI-ACGM,F23,30,14,3.6638744433e+02
ablation,SBOA-GPSI-ACGM,F24,30,14,5.0207504828e+02
ablation,SBOA-LOBL-ACGM,F4,30,14,1.1472710719e+02
ablation,SBOA-LOBL-ACGM,F5,30,14,5.8034130028e+01
ablation,SBOA-LOBL-ACGM,F6,30,14,2.0760399754e+01
ablation,SBOA-LOBL-ACGM,F7,30,14,1.7016374167e+02
ablation,SBOA-LOBL-ACGM,F8,30,14,6.6183558856e+01
ablation,SBOA-LOBL-ACGM,F9,30,14,2.5750563973e+02
ablation,SBOA-LOBL-ACGM,F10,30,14,4.9312101325e+03
ablation,SBOA-LOBL-ACGM,F11,30,14,1.6792703938e+02
ablation,SBOA-GPSI-ACGM,F25,30,14,3.8720425284e+02
ablation,SBOA-GPSI-ACGM,F26,30,14,2.1271425062e+03
ablation,SBOA-GPSI-ACGM,F27,30,14,5.0088497113e+02
ablation,SBOA-GPSI-ACGM,F28,30,14,4.6733526606e+02
ablation,SBOA-GPSI-ACGM,F29,30,14,7.0441257399e+02
ablation,SBOA-GPSI-ACGM,F30,30,14,1.6392243864e+06
ablation,SBOA-LOBL-ACGM,F1,30,14,1.0922378298e+05
ablation,SBOA-LOBL-ACGM,F3,30,14,3.8559786103e+04
ablation,SBOA-LOBL-ACGM,F12,30,14,7.3785889235e+05
ablation,SBOA-LOBL-ACGM,F13,30,14,2.6312320085e+04
ablation,SBOA-LOBL-ACGM,F14,30,14,6.9953831665e+04
ablation,SBOA-LOBL-ACGM,F15,30,14,1.2875933678e+04
ablation,SBOA-LOBL-ACGM,F16,30,14,1.1456949210e+03
ablation,SBOA-LOBL-ACGM,F17,30,14,8.5630225475e+01
ablation,SBOA-LOBL-ACGM,F18,30,14,8.9563903577e+05
ablation,SBOA-LOBL-ACGM,F19,30,14,1.0122265266e+04
ablation,SBOA-LOBL-ACGM,F20,30,14,3.1576050147e+02
ablation,SBOA-LOBL-ACGM,F21,30,14,2.3404555276e+02
ablation,SBOA-LOBL-ACGM,F22,30,14,1.0374189656e+02
ablation,SBOA-LOBL-ACGM,F23,30,14,4.1391002193e+02
ablation,MSSBOA,F3,30,14,3.1246730651e+04
ablation,MSSBOA,F4,30,14,7.3193032325e+01
ablation,MSSBOA,F5,30,14,6.7162890051e+01
ablation,MSSBOA,F6,30,14,7.4073831641e+00
ablation,SBOA-LOBL-ACGM,F24,30,14,4.4923328645e+02
ablation,SBOA-LOBL-ACGM,F25,30,14,3.9045078072e+02
ablation,SBOA-LOBL-ACGM,F26,30,14,1.6234632484e+03
ablation,SBOA-LOBL-ACGM,F27,30,14,5.2268465684e+02
ablation,MSSBOA,F7,30,14,1.6769179049e+02
ablation,MSSBOA,F8,30,14,8.0533360146e+01
ablation,MSSBOA,F9,30,14,2.9881967883e+02
ablation,MSSBOA,F10,30,14,4.1054903546e+03
ablation,MSSBOA,F11,30,14,1.3773212429e+02
ablation,MSSBOA,F12,30,14,1.2407717245e+06
ablation,MSSBOA,F13,30,14,7.1771477414e+03
ablation,MSSBOA,F14,30,14,8.3200474553e+03
ablation,SBOA-LOBL-ACGM,F28,30,14,4.5939496465e+02
ablation,SBOA-LOBL-ACGM,F29,30,14,7.8893735231e+02
ablation,SBOA-LOBL-ACGM,F30,30,14,7.3812950024e+03
ablation,MSSBOA,F1,30,14,1.0192097847e+05
ablation,MSSBOA,F15,30,14,1.2260500020e+03
ablation,MSSBOA,F16,30,14,9.6718440207e+02
ablation,MSSBOA,F17,30,14,1.5697247144e+02
ablation,MSSBOA,F18,30,14,3.0814424625e+05
ablation,SBOA,F1,30,15,6.6973472035e+03
ablation,SBOA,F3,30,15,3.8003693542e+04
ablation,SBOA,F4,30,15,7.2223817317e+01
ablation,SBOA,F5,30,15,9.1927634437e+01
ablation,MSSBOA,F19,30,14,5.8747162108e+03
ablation,MSSBOA,F20,30,14,2.2533622139e+02
ablation,MSSBOA,F21,30,14,2.5047232129e+02
ablation,MSSBOA,F22,30,14,1.0127900741e+02
ablation,SBOA,F6,30,15,1.2953822320e+01
ablation,SBOA,F7,30,15,1.7791960094e+02
ablation,SBOA,F8,30,15,7.0978985578e+01
ablation,SBOA,F9,30,15,2.2434478562e+01
ablation,MSSBOA,F23,30,14,3.9022122890e+02
ablation,MSSBOA,F24,30,14,4.8391001440e+02
ablation,MSSBOA,F25,30,14,3.8575787963e+02
ablation,MSSBOA,F26,30,14,1.9535081623e+03
ablation,SBOA,F10,30,15,3.5296569951e+03
ablation,SBOA,F11,30,15,3.4424444277e+01
ablation,SBOA,F12,30,15,1.4742322608e+06
ablation,SBOA,F13,30,15,3.0401728382e+04
ablation,SBOA,F14,30,15,3.4084077283e+04
ablation,SBOA,F15,30,15,3.5477650316e+04
ablation,SBOA,F16,30,15,9.9058588325e+02
ablation,SBOA,F17,30,15,5.1199048524e+02
ablation,SBOA,F18,30,15,5.1158180033e+05
ablation,SBOA,F19,30,15,1.0092890044e+02
ablation,SBOA,F20,30,15,6.4119047121e+02
ablation,SBOA,F21,30,15,2.5811211569e+02
ablation,MSSBOA,F27,30,14,5.1866701376e+02
ablation,MSSBOA,F28,30,14,4.0950229879e+02
ablation,MSSBOA,F29,30,14,8.7708911607e+02
ablation,MSSBOA,F30,30,14,3.1004793432e+05
ablation,SBOA,F22,30,15,1.0563125121e+02
ablation,SBOA,F23,30,15,3.9355808292e+02
ablation,SBOA,F24,30,15,4.6549756536e+02
ablation,SBOA,F25,30,15,3.8757407604e+02
ablation,SBOA-GPSI,F5,30,15,8.7351550383e+01
ablation,SBOA-GPSI,F6,30,15,2.0135266692e+01
ablation,SBOA-GPSI,F7,30,15,1.8073393744e+02
ablation,SBOA-GPSI,F8,30,15,6.6520954150e+01
ablation,SBOA,F30,30,15,1.1700663402e+04
ablation,SBOA-GPSI,F1,30,15,6.6439629325e+03
ablation,SBOA-GPSI,F3,30,15,4.0229607108e+04
ablation,SBOA-GPSI,F4,30,15,1.3470980679e+02
ablation,SBOA-GPSI,F9,30,15,5.9891179411e+02
ablation,SBOA-GPSI,F10,30,15,3.3102612690e+03
ablation,SBOA-GPSI,F11,30,15,7.2824417349e+01
ablation,SBOA-GPSI,F12,30,15,2.0012251983e+06
ablation,SBOA-GPSI,F13,30,15,9.6923032221e+03
ablation,SBOA-GPSI,F14,30,15,2.5218597995e+04
ablation,SBOA-GPSI,F15,30,15,8.9351454024e+03
ablation,SBOA-GPSI,F16,30,15,8.9132986994e+02
ablation,SBOA,F26,30,15,2.0225028374e+03
ablation,SBOA,F27,30,15,5.1981393477e+02
ablation,SBOA,F28,30,15,4.1433073671e+02
ablation,SBOA,F29,30,15,7.4931255698e+02
ablation,SBOA-GPSI,F17,30,15,7.0234549059e+01
ablation,SBOA-GPSI,F18,30,15,2.1431229655e+06
ablation,SBOA-GPSI,F19,30,15,2.1063124022e+03
ablation,SBOA-GPSI,F20,30,15,1.7719400864e+02
ablation,SBOA-LOBL,F4,30,15,1.6845884285e+02
ablation,SBOA-LOBL,F5,30,15,9.6690066247e+01
ablation,SBOA-LOBL,F6,30,15,9.8722626415e+00
ablation,SBOA-LOBL,F7,30,15,1.4300760195e+02
ablation,SBOA-GPSI,F21,30,15,2.6141031792e+02
ablation,SBOA-GPSI,F22,30,15,1.0378121881e+02
ablation,SBOA-GPSI,F23,30,15,3.7637122810e+02
ablation,SBOA-GPSI,F24,30,15,4.6134120979e+02
ablation,SBOA-GPSI,F29,30,15,6.4917030347e+02
ablation,SBOA-GPSI,F30,30,15,1.2123165182e+05
ablation,SBOA-LOBL,F1,30,15,5.5148191503e+04
ablation,SBOA-LOBL,F3,30,15,3.9867128983e+04
ablation,SBOA-GPSI,F25,30,15,3.8446134608e+02
ablation,SBOA-GPSI,F26,30,15,1.9068710883e+03
ablation,SBOA-GPSI,F27,30,15,5.0748541068e+02
ablation,SBOA-GPSI,F28,30,15,4.7493942567e+02
ablation,SBOA-LOBL,F8,30,15,7.0804702333e+01
ablation,SBOA-LOBL,F9,30,15,1.1010730168e+02
ablation,SBOA-LOBL,F10,30,15,3.9420656346e+03
ablation,SBOA-LOBL,F11,30,15,7.4618688108e+01
ablation,SBOA-LOBL,F12,30,15,1.5179078848e+06
ablation,SBOA-LOBL,F13,30,15,4.1085549477e+04
ablation,SBOA-LOBL,F14,30,15,1.5740131529e+05
ablation,SBOA-LOBL,F15,30,15,2.3648330038e+04
ablation,SBOA-LOBL,F16,30,15,1.3826614994e+03
ablation,SBOA-LOBL,F17,30,15,1.0714616403e+02
ablation,SBOA-LOBL,F18,30,15,1.6602451680e+06
ablation,SBOA-LOBL,F19,30,15,4.4310019201e+03
ablation,SBOA-ACGM,F3,30,15,4.3852907272e+04
ablation,SBOA-ACGM,F4,30,15,9.1465699001e+01
ablation,SBOA-ACGM,F5,30,15,9.2778613367e+01
ablation,SBOA-ACGM,F6,30,15,5.5270215068e+00
ablation,SBOA-LOBL,F20,30,15,5.0100834357e+02
ablation,SBOA-LOBL,F21,30,15,3.1424089699e+02
ablation,SBOA-LOBL,F22,30,15,1.0357857287e+02
ablation,SBOA-LOBL,F23,30,15,4.4258855039e+02
ablation,SBOA-ACGM,F7,30,15,1.7481684763e+02
ablation,SBOA-ACGM,F8,30,15,8.8550958341e+01
ablation,SBOA-ACGM,F9,30,15,4.0195223126e+01
ablation,SBOA-ACGM,F10,30,15,4.0988466195e+03
ablation,SBOA-LOBL,F24,30,15,4.8024806965e+02
ablation,SBOA-LOBL,F25,30,15,3.9403279091e+02
ablation,SBOA-LOBL,F26,30,15,2.1005555132e+03
ablation,SBOA-LOBL,F27,30,15,5.2312380908e+02
ablation,SBOA-ACGM,F11,30,15,1.1618977790e+02
ablation,SBOA-ACGM,F12,30,15,2.1803646873e+06
ablation,SBOA-ACGM,F13,30,15,2.0795332097e+04
ablation,SBOA-ACGM,F14,30,15,1.5255645156e+04
ablation,SBOA-LOBL,F28,30,15,4.0644294825e+02
ablation,SBOA-LOBL,F29,30,15,7.5406210756e+02
ablation,SBOA-LOBL,F30,30,15,4.9730180198e+04
ablation,SBOA-ACGM,F1,30,15,3.1344886307e+04
ablation,SBOA-ACGM,F15,30,15,1.2488958742e+03
ablation,SBOA-ACGM,F16,30,15,1.1249908449e+03
ablation,SBOA-ACGM,F17,30,15,1.3667600715e+02
ablation,SBOA-ACGM,F18,30,15,6.2841194737e+05
ablation,SBOA-GPSI-LOBL,F1,30,15,5.3601951423e+04
ablation,SBOA-GPSI-LOBL,F3,30,15,4.3416917435e+04
ablation,SBOA-GPSI-LOBL,F4,30,15,1.1718775285e+02
ablation,SBOA-GPSI-LOBL,F5,30,15,7.8396447456e+01
ablation,SBOA-ACGM,F19,30,15,7.2918823201e+03
ablation,SBOA-ACGM,F20,30,15,3.0054644531e+02
ablation,SBOA-ACGM,F21,30,15,2.4770148781e+02
ablation,SBOA-ACGM,F22,30,15,1.0381131775e+02
ablation,SBOA-GPSI-LOBL,F6,30,15,1.4552664750e+01
ablation,SBOA-GPSI-LOBL,F7,30,15,1.1075061797e+02
ablation,SBOA-GPSI-LOBL,F8,30,15,9.0050876092e+01
ablation,SBOA-GPSI-LOBL,F9,30,15,7.2867727454e+01
ablation,SBOA-ACGM,F23,30,15,4.2310205444e+02
ablation,SBOA-ACGM,F24,30,15,4.8947639565e+02
ablation,SBOA-ACGM,F25,30,15,4.0056641948e+02
ablation,SBOA-ACGM,F26,30,15,1.5378117652e+03
ablation,SBOA-GPSI-LOBL,F10,30,15,3.5289342080e+03
ablation,SBOA-GPSI-LOBL,F11,30,15,5.9665193003e+01
ablation,SBOA-GPSI-LOBL,F12,30,15,2.5741496015e+06
ablation,SBOA-GPSI-LOBL,F13,30,15,7.4599281089e+02
ablation,SBOA-GPSI-LOBL,F14,30,15,1.6889986423e+04
ablation,SBOA-GPSI-LOBL,F15,30,15,1.0224555203e+03
ablation,SBOA-GPSI-LOBL,F16,30,15,1.2801449894e+03
ablation,SBOA-GPSI-LOBL,F17,30,15,5.3229366631e+01
ablation,SBOA-ACGM,F27,30,15,5.0878143303e+02
ablation,SBOA-ACGM,F28,30,15,4.6038061937e+02
ablation,SBOA-ACGM,F29,30,15,7.9000247728e+02
ablation,SBOA-ACGM,F30,30,15,4.0811691036e+04
ablation,SBOA-GPSI-LOBL,F18,30,15,1.2245599960e+05
ablation,SBOA-GPSI-LOBL,F19,30,15,1.3844961160e+03
ablation,SBOA-GPSI-LOBL,F20,30,15,2.5733696074e+02
ablation,SBOA-GPSI-LOBL,F21,30,15,2.5116214401e+02
ablation,SBOA-GPSI-ACGM,F5,30,15,5.2881533731e+01
ablation,SBOA-GPSI-ACGM,F6,30,15,3.9154457147e+00
ablation,SBOA-GPSI-ACGM,F7,30,15,1.1233235576e+02
ablation,SBOA-GPSI-ACGM,F8,30,15,6.8857139291e+01
ablation,SBOA-GPSI-LOBL,F30,30,15,2.4640048887e+05
ablation,SBOA-GPSI-ACGM,F1,30,15,1.4753610783e+04
ablation,SBOA-GPSI-ACGM,F3,30,15,2.5895330365e+04
ablation,SBOA-GPSI-ACGM,F4,30,15,1.6708357890e+02
ablation,SBOA-GPSI-LOBL,F22,30,15,1.0888722617e+02
ablation,SBOA-GPSI-LOBL,F23,30,15,3.9623824029e+02
ablation,SBOA-GPSI-LOBL,F24,30,15,4.6721221153e+02
ablation,SBOA-GPSI-LOBL,F25,30,15,3.8818045792e+02
ablation,SBOA-GPSI-ACGM,F9,30,15,6.9852225202e+01
ablation,SBOA-GPSI-ACGM,F10,30,15,4.0880612092e+03
ablation,SBOA-GPSI-ACGM,F11,30,15,1.1817623487e+02
ablation,SBOA-GPSI-ACGM,F12,30,15,3.7633454790e+05
ablation,SBOA-GPSI-ACGM,F13,30,15,2.7393834516e+02
ablation,SBOA-GPSI-ACGM,F14,30,15,7.1648918725e+04
ablation,SBOA-GPSI-ACGM,F15,30,15,8.0977961641e+03
ablation,SBOA-GPSI-ACGM,F16,30,15,1.0670213837e+03
ablation,SBOA-GPSI-ACGM,F17,30,15,1.5912841474e+02
ablation,SBOA-GPSI-ACGM,F18,30,15,4.2565270900e+05
ablation,SBOA-GPSI-ACGM,F19,30,15,1.3384626013e+04
ablation,SBOA-GPSI-ACGM,F20,30,15,1.2114685785e+02
ablation,SBOA-GPSI-LOBL,F26,30,15,2.2875170815e+03
ablation,SBOA-GPSI-LOBL,F27,30,15,5.3329256485e+02
ablation,SBOA-GPSI-LOBL,F28,30,15,4.5536532860e+02
ablation,SBOA-GPSI-LOBL,F29,30,15,6.0226525230e+02
ablation,SBOA-LOBL-ACGM,F4,30,15,7.7202436452e+01
ablation,SBOA-LOBL-ACGM,F5,30,15,1.0332561130e+02
ablation,SBOA-LOBL-ACGM,F6,30,15,5.4179742925e+00
ablation,SBOA-LOBL-ACGM,F7,30,15,9.5422968541e+01
ablation,SBOA-GPSI-ACGM,F21,30,15,2.6517114467e+02
ablation,SBOA-GPSI-ACGM,F22,30,15,1.0106019547e+02
ablation,SBOA-GPSI-ACGM,F23,30,15,4.0050284867e+02
ablation,SBOA-GPSI-ACGM,F24,30,15,4.6407535802e+02
ablation,SBOA-LOBL-ACGM,F8,30,15,7.2556257687e+01
ablation,SBOA-LOBL-ACGM,F9,30,15,1.9940448309e+02
ablation,SBOA-LOBL-ACGM,F10,30,15,2.6792265404e+03
ablation,SBOA-LOBL-ACGM,F11,30,15,1.2502555806e+02
ablation,SBOA-GPSI-ACGM,F25,30,15,4.0939648448e+02
ablation,SBOA-GPSI-ACGM,F26,30,15,1.8630278890e+03
ablation,SBOA-GPSI-ACGM,F27,30,15,5.2832565009e+02
ablation,SBOA-GPSI-ACGM,F28,30,15,4.2251828325e+02
ablation,SBOA-LOBL-ACGM,F12,30,15,1.7673670775e+06
ablation,SBOA-LOBL-ACGM,F13,30,15,6.7572612644e+04
ablation,SBOA-LOBL-ACGM,F14,30,15,1.0262042777e+03
ablation,SBOA-LOBL-ACGM,F15,30,15,7.6662683311e+04
ablation,SBOA-GPSI-ACGM,F29,30,15,9.9963432542e+02
ablation,SBOA-GPSI-ACGM,F30,30,15,1.5643456435e+05
ablation,SBOA-LOBL-ACGM,F1,30,15,1.6450303710e+05
ablation,SBOA-LOBL-ACGM,F3,30,15,4.4478177526e+04
ablation,SBOA-LOBL-ACGM,F16,30,15,9.4266766088e+02
ablation,SBOA-LOBL-ACGM,F17,30,15,5.6385867133e+02
ablation,SBOA-LOBL-ACGM,F18,30,15,3.5433742297e+06
ablation,SBOA-LOBL-ACGM,F19,30,15,9.7368684295e+02
ablation,MSSBOA,F3,30,15,3.6324993321e+04
ablation,MSSBOA,F4,30,15,8.7575443956e+01
ablation,MSSBOA,F5,30,15,1.0077967600e+02
ablation,MSSBOA,F6,30,15,1.5846758956e+01
ablation,SBOA-LOBL-ACGM,F20,30,15,6.8852208106e+02
ablation,SBOA-LOBL-ACGM,F21,30,15,2.9537410777e+02
ablation,SBOA-LOBL-ACGM,F22,30,15,1.0128599852e+02
ablation,SBOA-LOBL-ACGM,F23,30,15,4.2530617843e+02
ablation,MSSBOA,F7,30,15,1.5590371066e+02
ablation,MSSBOA,F8,30,15,1.1025808163e+02
ablation,MSSBOA,F9,30,15,2.9239011244e+01
ablation,MSSBOA,F10,30,15,4.2582200232e+03
ablation,SBOA-LOBL-ACGM,F24,30,15,4.7018171784e+02
ablation,SBOA-LOBL-ACGM,F25,30,15,4.3713908360e+02
ablation,SBOA-LOBL-ACGM,F26,30,15,2.0523171657e+03
ablation,SBOA-LOBL-ACGM,F27,30,15,5.1582275523e+02
ablation,MSSBOA,F11,30,15,1.0579034946e+02
ablation,MSSBOA,F12,30,15,1.9138529219e+06
ablation,MSSBOA,F13,30,15,1.1151445419e+04
ablation,MSSBOA,F14,30,15,9.1113657800e+03
ablation,SBOA-LOBL-ACGM,F28,30,15,4.0971259200e+02
ablation,SBOA-LOBL-ACGM,F29,30,15,5.1315940832e+02
ablation,SBOA-LOBL-ACGM,F30,30,15,2.1955562767e+05
ablation,MSSBOA,F1,30,15,2.1499524371e+04
ablation,MSSBOA,F15,30,15,1.0308725796e+03
ablation,MSSBOA,F16,30,15,5.1569558093e+02
ablation,MSSBOA,F17,30,15,3.5951375993e+02
ablation,MSSBOA,F18,30,15,1.8733393111e+06
ablation,SBOA,F1,30,16,3.5456043843e+04
ablation,SBOA,F3,30,16,3.9657846832e+04
ablation,SBOA,F4,30,16,1.1277352704e+02
ablation,SBOA,F5,30,16,3.3526584416e+01
ablation,MSSBOA,F19,30,15,1.1999620030e+04
ablation,MSSBOA,F20,30,15,3.8375962194e+02
ablation,MSSBOA,F21,30,15,2.7319062708e+02
ablation,MSSBOA,F22,30,15,1.0329080520e+02
ablation,SBOA,F6,30,16,4.5068605833e+00
ablation,SBOA,F7,30,16,1.2107955748e+02
ablation,SBOA,F8,30,16,5.6847630569e+01
ablation,SBOA,F9,30,16,4.4970408007e+02
ablation,MSSBOA,F23,30,15,4.0832654146e+02
ablation,MSSBOA,F24,30,15,4.4623350342e+02
ablation,MSSBOA,F25,30,15,3.9455449425e+02
ablation,MSSBOA,F26,30,15,1.6186065640e+03
ablation,SBOA,F10,30,16,4.0017515920e+03
ablation,SBOA,F11,30,16,1.4519772656e+02
ablation,SBOA,F12,30,16,1.3456862529e+06
ablation,SBOA,F13,30,16,4.0999038203e+03
ablation,SBOA,F14,30,16,2.9140285053e+04
ablation,SBOA,F15,30,16,1.5240204580e+04
ablation,SBOA,F16,30,16,8.3114737248e+02
ablation,SBOA,F17,30,16,5.5169900120e+01
ablation,SBOA,F18,30,16,1.2651006731e+05
ablation,SBOA,F19,30,16,1.5580903618e+05
ablation,SBOA,F20,30,16,2.6817110486e+02
ablation,SBOA,F21,30,16,2.5977628508e+02
ablation,MSSBOA,F27,30,15,5.3492196500e+02
ablation,MSSBOA,F28,30,15,4.7229803805e+02
ablation,MSSBOA,F29,30,15,6.3269317315e+02
ablation,MSSBOA,F30,30,15,1.4962814775e+04
ablation,SBOA,F22,30,16,1.0211950308e+02
ablation,SBOA,F23,30,16,4.1940954791e+02
ablation,SBOA,F24,30,16,4.6222276554e+02
ablation,SBOA,F25,30,16,3.8788349306e+02
ablation,SBOA,F30,30,16,3.6228062214e+04
ablation,SBOA-GPSI,F1,30,16,5.7282938788e+04
ablation,SBOA-GPSI,F3,30,16,4.8360281615e+04
ablation,SBOA-GPSI,F4,30,16,7.7978431532e+01
ablation,SBOA-GPSI,F5,30,16,1.1235432337e+02
ablation,SBOA-GPSI,F6,30,16,1.1016928342e+01
ablation,SBOA-GPSI,F7,30,16,1.1721657989e+02
ablation,SBOA-GPSI,F8,30,16,8.7126627196e+01
ablation,SBOA-GPSI,F9,30,16,4.7163352095e+01
ablation,SBOA-GPSI,F10,30,16,3.3979984914e+03
ablation,SBOA-GPSI,F11,30,16,1.1927632717e+02
ablation,SBOA-GPSI,F12,30,16,4.5457043801e+05
ablation,SBOA-GPSI,F13,30,16,5.2206360313e+04
ablation,SBOA-GPSI,F14,30,16,1.2264445202e+04
ablation,SBOA-GPSI,F15,30,16,1.9694744707e+03
ablation,SBOA-GPSI,F16,30,16,3.0272298722e+02
ablation,SBOA,F26,30,16,2.3387185140e+02
ablation,SBOA,F27,30,16,5.6204265961e+02
ablation,SBOA,F28,30,16,4.6503179392e+02
ablation,SBOA,F29,30,16,5.9020400112e+02
ablation,SBOA-GPSI,F17,30,16,1.2008060413e+02
ablation,SBOA-GPSI,F18,30,16,8.7066165912e+05
ablation,SBOA-GPSI,F19,30,16,1.8459114070e+03
ablation,SBOA-GPSI,F20,30,16,4.9532810967e+02
ablation,SBOA-LOBL,F4,30,16,1.1670404541e+02
ablation,SBOA-LOBL,F5,30,16,7.2613547692e+01
ablation,SBOA-LOBL,F6,30,16,1.0835931320e+01
ablation,SBOA-LOBL,F7,30,16,9.2242415610e+01
ablation,SBOA-GPSI,F21,30,16,2.7278454270e+02
ablation,SBOA-GPSI,F22,30,16,1.0367265173e+02
ablation,SBOA-GPSI,F23,30,16,4.2396127567e+02
ablation,SBOA-GPSI,F24,30,16,4.8687728485e+02
ablation,SBOA-LOBL,F8,30,16,8.1250245023e+01
ablation,SBOA-LOBL,F9,30,16,8.4778063657e+01
ablation,SBOA-LOBL,F10,30,16,4.0336133006e+03
ablation,SBOA-LOBL,F11,30,16,1.2071076851e+02
ablation,SBOA-GPSI,F29,30,16,8.0355518444e+02
ablation,SBOA-GPSI,F30,30,16,2.2341246962e+05
ablation,SBOA-LOBL,F1,30,16,3.3050986308e+04
ablation,SBOA-LOBL,F3,30,16,4.5311818894e+04
ablation,SBOA-GPSI,F25,30,16,4.0687004169e+02
ablation,SBOA-GPSI,F26,30,16,1.8444190725e+03
ablation,SBOA-GPSI,F27,30,16,5.2988885845e+02
ablation,SBOA-GPSI,F28,30,16,4.1782622846e+02
ablation,SBOA-LOBL,F12,30,16,2.0465263397e+06
ablation,SBOA-LOBL,F13,30,16,1.3313751628e+04
ablation,SBOA-LOBL,F14,30,16,2.0927707971e+04
ablation,SBOA-LOBL,F15,30,16,1.2370179927e+04
ablation,SBOA-LOBL,F16,30,16,9.9791923127e+02
ablation,SBOA-LOBL,F17,30,16,2.4759782408e+02
ablation,SBOA-LOBL,F18,30,16,5.2369455741e+05
ablation,SBOA-LOBL,F19,30,16,1.0122204830e+04
ablation,SBOA-ACGM,F3,30,16,3.4768474026e+04
ablation,SBOA-ACGM,F4,30,16,1.1955401395e+02
ablation,SBOA-ACGM,F5,30,16,4.8682665591e+01
ablation,SBOA-ACGM,F6,30,16,1.8896242798e+01
ablation,SBOA-LOBL,F20,30,16,2.3513068565e+02
ablation,SBOA-LOBL,F21,30,16,2.8432428317e+02
ablation,SBOA-LOBL,F22,30,16,1.0356138278e+02
ablation,SBOA-LOBL,F23,30,16,4.3523800701e+02
ablation,SBOA-ACGM,F7,30,16,1.1803030252e+02
ablation,SBOA-ACGM,F8,30,16,1.0898288004e+02
ablation,SBOA-ACGM,F9,30,16,6.3641077283e+01
ablation,SBOA-ACGM,F10,30,16,3.3140499661e+03
ablation,SBOA-LOBL,F24,30,16,4.6870152852e+02
ablation,SBOA-LOBL,F25,30,16,3.8760941185e+02
ablation,SBOA-LOBL,F26,30,16,1.7075259066e+03
ablation,SBOA-LOBL,F27,30,16,5.2463242559e+02
ablation,SBOA-ACGM,F11,30,16,1.0046652246e+02
ablation,SBOA-ACGM,F12,30,16,8.9333705848e+05
ablation,SBOA-ACGM,F13,30,16,6.3922413130e+03
ablation,SBOA-ACGM,F14,30,16,5.3907422369e+03
ablation,SBOA-LOBL,F28,30,16,4.7244495552e+02
ablation,SBOA-LOBL,F29,30,16,7.3233629718e+02
ablation,SBOA-LOBL,F30,30,16,1.3558908915e+05
ablation,SBOA-ACGM,F1,30,16,8.9708256747e+03
ablation,SBOA-ACGM,F15,30,16,2.0850218136e+02
ablation,SBOA-ACGM,F16,30,16,1.3197305732e+03
ablation,SBOA-ACGM,F17,30,16,2.7658286859e+02
ablation,SBOA-ACGM,F18,30,16,1.5051202861e+05
ablation,SBOA-GPSI-LOBL,F1,30,16,1.7275591553e+05
ablation,SBOA-GPSI-LOBL,F3,30,16,3.4694116912e+04
ablation,SBOA-GPSI-LOBL,F4,30,16,1.1060613493e+02
ablation,SBOA-GPSI-LOBL,F5,30,16,9.8970158767e+01
ablation,SBOA-ACGM,F19,30,16,2.1145370085e+04
ablation,SBOA-ACGM,F20,30,16,1.5248859711e+02
ablation,SBOA-ACGM,F21,30,16,2.4612196036e+02
ablation,SBOA-ACGM,F22,30,16,1.0539810747e+02
ablation,SBOA-GPSI-LOBL,F6,30,16,1.2367008964e+01
ablation,SBOA-GPSI-LOBL,F7,30,16,8.5788087119e+01
ablation,SBOA-GPSI-LOBL,F8,30,16,5.1745617093e+01
ablation,SBOA-GPSI-LOBL,F9,30,16,9.1302379803e+01
ablation,SBOA-ACGM,F23,30,16,4.0170380400e+02
ablation,SBOA-ACGM,F24,30,16,4.9094875995e+02
ablation,SBOA-ACGM,F25,30,16,4.3962052485e+02
ablation,SBOA-ACGM,F26,30,16,2.1428135880e+03
ablation,SBOA-GPSI-LOBL,F10,30,16,4.8847022972e+03
ablation,SBOA-GPSI-LOBL,F11,30,16,1.4742461720e+02
ablation,SBOA-GPSI-LOBL,F12,30,16,2.1916164135e+06
ablation,SBOA-GPSI-LOBL,F13,30,16,7.2639389614e+03
ablation,SBOA-GPSI-LOBL,F14,30,16,1.4859863836e+04
ablation,SBOA-GPSI-LOBL,F15,30,16,3.5627791748e+03
ablation,SBOA-GPSI-LOBL,F16,30,16,8.7735565595e+02
ablation,SBOA-GPSI-LOBL,F17,30,16,3.8320074787e+02
ablation,SBOA-ACGM,F27,30,16,5.2681658767e+02
ablation,SBOA-ACGM,F28,30,16,4.4923721316e+02
ablation,SBOA-ACGM,F29,30,16,1.0651086747e+03
ablation,SBOA-ACGM,F30,30,16,5.8378533667e+03
ablation,SBOA-GPSI-LOBL,F18,30,16,1.2317425787e+05
ablation,SBOA-GPSI-LOBL,F19,30,16,3.0248884220e+03
ablation,SBOA-GPSI-LOBL,F20,30,16,1.6377867958e+02
ablation,SBOA-GPSI-LOBL,F21,30,16,2.6489648418e+02
ablation,SBOA-GPSI-ACGM,F5,30,16,9.2704434866e+01
ablation,SBOA-GPSI-ACGM,F6,30,16,1.2032974617e+01
ablation,SBOA-GPSI-ACGM,F7,30,16,8.7625817068e+01
ablation,SBOA-GPSI-ACGM,F8,30,16,6.6247503793e+01
ablation,SBOA-GPSI-LOBL,F22,30,16,1.0078857569e+02
ablation,SBOA-GPSI-LOBL,F23,30,16,4.1202894854e+02
ablation,SBOA-GPSI-LOBL,F24,30,16,4.6075054853e+02
ablation,SBOA-GPSI-LOBL,F25,30,16,3.8391709725e+02
ablation,SBOA-GPSI-LOBL,F30,30,16,2.2683396607e+04
ablation,SBOA-GPSI-ACGM,F1,30,16,2.5408606696e+04
ablation,SBOA-GPSI-ACGM,F3,30,16,2.9044441949e+04
ablation,SBOA-GPSI-ACGM,F4,30,16,1.1698630937e+02
ablation,SBOA-GPSI-ACGM,F9,30,16,1.1521319986e+02
ablation,SBOA-GPSI-ACGM,F10,30,16,3.8231363458e+03
ablation,SBOA-GPSI-ACGM,F11,30,16,4.3105900266e+01
ablation,SBOA-GPSI-ACGM,F12,30,16,2.9751317911e+06
ablation,SBOA-GPSI-ACGM,F13,30,16,4.2125037182e+03
ablation,SBOA-GPSI-ACGM,F14,30,16,9.8605320683e+03
ablation,SBOA-GPSI-ACGM,F15,30,16,5.8955896898e+04
ablation,SBOA-GPSI-ACGM,F16,30,16,8.9385599569e+02
ablation,SBOA-GPSI-ACGM,F17,30,16,4.3630877909e+02
ablation,SBOA-GPSI-ACGM,F18,30,16,1.5381217653e+06
ablation,SBOA-GPSI-ACGM,F19,30,16,5.3271201110e+03
ablation,SBOA-GPSI-ACGM,F20,30,16,1.7381193127e+02
ablation,SBOA-GPSI-LOBL,F26,30,16,1.9235728508e+03
ablation,SBOA-GPSI-LOBL,F27,30,16,5.3368601198e+02
ablation,SBOA-GPSI-LOBL,F28,30,16,4.0782188399e+02
ablation,SBOA-GPSI-LOBL,F29,30,16,1.0998641275e+03
ablation,SBOA-LOBL-ACGM,F4,30,16,1.1956113997e+02
ablation,SBOA-LOBL-ACGM,F5,30,16,5.6441134761e+01
ablation,SBOA-LOBL-ACGM,F6,30,16,1.9792489648e+00
ablation,SBOA-LOBL-ACGM,F7,30,16,1.1234277534e+02
ablation,SBOA-GPSI-ACGM,F21,30,16,2.5124587181e+02
ablation,SBOA-GPSI-ACGM,F22,30,16,1.0183287198e+02
ablation,SBOA-GPSI-ACGM,F23,30,16,3.8807453056e+02
ablation,SBOA-GPSI-ACGM,F24,30,16,4.7803722537e+02
ablation,SBOA-LOBL-ACGM,F8,30,16,7.2911044214e+01
ablation,SBOA-LOBL-ACGM,F9,30,16,4.6834520054e+02
ablation,SBOA-LOBL-ACGM,F10,30,16,4.0649531306e+03
ablation,SBOA-LOBL-ACGM,F11,30,16,1.2393808932e+02
ablation,SBOA-GPSI-ACGM,F25,30,16,3.8471622507e+02
ablation,SBOA-GPSI-ACGM,F26,30,16,1.8666144443e+03
ablation,SBOA-GPSI-ACGM,F27,30,16,5.1834504300e+02
ablation,SBOA-GPSI-ACGM,F28,30,16,4.0227630273e+02
ablation,SBOA-GPSI-ACGM,F29,30,16,6.1269072615e+02
ablation,SBOA-GPSI-ACGM,F30,30,16,9.3408911601e+04
ablation,SBOA-LOBL-ACGM,F1,30,16,7.2474021239e+04
ablation,SBOA-LOBL-ACGM,F3,30,16,3.6661343799e+04
ablation,SBOA-LOBL-ACGM,F12,30,16,2.3641451875e+06
ablation,SBOA-LOBL-ACGM,F13,30,16,1.5465156190e+04
ablation,SBOA-LOBL-ACGM,F14,30,16,2.7995182011e+04
ablation,SBOA-LOBL-ACGM,F15,30,16,2.5699810374e+04
ablation,SBOA-LOBL-ACGM,F16,30,16,9.8237056394e+02
ablation,SBOA-LOBL-ACGM,F17,30,16,1.7786476647e+02
ablation,SBOA-LOBL-ACGM,F18,30,16,1.7051724449e+05
ablation,SBOA-LOBL-ACGM,F19,30,16,3.3883173763e+02
ablation,MSSBOA,F3,30,16,4.0620011298e+04
ablation,MSSBOA,F4,30,16,1.4226598605e+02
ablation,MSSBOA,F5,30,16,8.2926491903e+01
ablation,MSSBOA,F6,30,16,1.1858664133e+01
ablation,SBOA-LOBL-ACGM,F20,30,16,1.1470049734e+02
ablation,SBOA-LOBL-ACGM,F21,30,16,2.5470605682e+02
ablation,SBOA-LOBL-ACGM,F22,30,16,1.0329943165e+02
ablation,SBOA-LOBL-ACGM,F23,30,16,4.4132265911e+02
ablation,MSSBOA,F7,30,16,1.2484146848e+02
ablation,MSSBOA,F8,30,16,5.4816523829e+01
ablation,MSSBOA,F9,30,16,4.9201847336e+01
ablation,MSSBOA,F10,30,16,4.6611766853e+03
ablation,SBOA-LOBL-ACGM,F24,30,16,4.6069848503e+02
ablation,SBOA-LOBL-ACGM,F25,30,16,3.8711187950e+02
ablation,SBOA-LOBL-ACGM,F26,30,16,2.0575941511e+02
ablation,SBOA-LOBL-ACGM,F27,30,16,5.1841616297e+02
ablation,SBOA-LOBL-ACGM,F28,30,16,4.3817460656e+02
ablation,SBOA-LOBL-ACGM,F29,30,16,7.6915714772e+02
ablation,SBOA-LOBL-ACGM,F30,30,16,1.0492576546e+05
ablation,MSSBOA,F1,30,16,2.9971971860e+04
ablation,MSSBOA,F11,30,16,6.5679916069e+01
ablation,MSSBOA,F12,30,16,2.7555939732e+05
ablation,MSSBOA,F13,30,16,9.5021876226e+03
ablation,MSSBOA,F14,30,16,8.0760657624e+03
ablation,MSSBOA,F15,30,16,3.2749532778e+02
ablation,MSSBOA,F16,30,16,1.0338499278e+03
ablation,MSSBOA,F17,30,16,2.3035451241e+02
ablation,MSSBOA,F18,30,16,1.7574339905e+06
ablation,SBOA,F1,30,17,6.2173864032e+03
ablation,SBOA,F3,30,17,3.0928523068e+04
ablation,SBOA,F4,30,17,8.6841062848e+01
ablation,SBOA,F5,30,17,4.8584343111e+01
ablation,MSSBOA,F19,30,16,6.9034899833e+01
ablation,MSSBOA,F20,30,16,5.1074216042e+02
ablation,MSSBOA,F21,30,16,2.4698485810e+02
ablation,MSSBOA,F22,30,16,1.0858794331e+02
ablation,SBOA,F6,30,17,9.2995034237e+00
ablation,SBOA,F7,30,17,1.0973586115e+02
ablation,SBOA,F8,30,17,4.6353918834e+01
ablation,SBOA,F9,30,17,1.3652496675e+02
ablation,SBOA,F10,30,17,3.1607378605e+03
ablation,SBOA,F11,30,17,1.1176671063e+02
ablation,SBOA,F12,30,17,9.8651851113e+05
ablation,SBOA,F13,30,17,1.2113654190e+04
ablation,MSSBOA,F23,30,16,4.0460518882e+02
ablation,MSSBOA,F24,30,16,4.7498622510e+02
ablation,MSSBOA,F25,30,16,4.3988742919e+02
ablation,MSSBOA,F26,30,16,1.8200721324e+03
ablation,SBOA,F14,30,17,1.0025922954e+04
ablation,SBOA,F15,30,17,3.4902995565e+04
ablation,SBOA,F16,30,17,1.2262658643e+03
ablation,SBOA,F17,30,17,1.5799021044e+02
ablation,SBOA,F18,30,17,1.1745954104e+06
ablation,SBOA,F19,30,17,2.4871496020e+03
ablation,SBOA,F20,30,17,4.3770219870e+02
ablation,SBOA,F21,30,17,2.5137021571e+02
ablation,MSSBOA,F27,30,16,5.2542064425e+02
ablation,MSSBOA,F28,30,16,4.2488589196e+02
ablation,MSSBOA,F29,30,16,1.0714540570e+03
ablation,MSSBOA,F30,30,16,3.1250084590e+04
ablation,SBOA,F22,30,17,1.0365380525e+02
ablation,SBOA,F23,30,17,3.9869125237e+02
ablation,SBOA,F24,30,17,4.5220677152e+02
ablation,SBOA,F25,30,17,3.8741281140e+02
ablation,SBOA-GPSI,F5,30,17,3.8281401721e+01
ablation,SBOA-GPSI,F6,30,17,8.6432205469e+00
ablation,SBOA-GPSI,F7,30,17,1.4845660143e+02
ablation,SBOA-GPSI,F8,30,17,6.1422523827e+01
ablation,SBOA,F30,30,17,1.3255611980e+04
ablation,SBOA-GPSI,F1,30,17,9.1565257063e+03
ablation,SBOA-GPSI,F3,30,17,3.1160557137e+04
ablation,SBOA-GPSI,F4,30,17,7.3945679783e+01
ablation,SBOA-GPSI,F9,30,17,4.8826038699e+01
ablation,SBOA-GPSI,F10,30,17,3.9191877222e+03
ablation,SBOA-GPSI,F11,30,17,7.9767613898e+01
ablation,SBOA-GPSI,F12,30,17,4.7158910928e+05
ablation,SBOA-GPSI,F13,30,17,1.3111571843e+03
ablation,SBOA-GPSI,F14,30,17,1.5115260846e+04
ablation,SBOA-GPSI,F15,30,17,1.9128125401e+04
ablation,SBOA-GPSI,F16,30,17,1.2185801489e+03
ablation,SBOA,F26,30,17,1.8048671703e+03
ablation,SBOA,F27,30,17,5.2619648912e+02
ablation,SBOA,F28,30,17,4.1103587535e+02
ablation,SBOA,F29,30,17,7.1583831079e+02
ablation,SBOA-GPSI,F17,30,17,4.3529420227e+02
ablation,SBOA-GPSI,F18,30,17,2.9684665718e+06
ablation,SBOA-GPSI,F19,30,17,1.5777466034e+02
ablation,SBOA-GPSI,F20,30,17,2.1563327408e+02
ablation,SBOA-LOBL,F4,30,17,1.1544357332e+02
ablation,SBOA-LOBL,F5,30,17,7.2495669442e+01
ablation,SBOA-LOBL,F6,30,17,9.9175492345e+00
ablation,SBOA-LOBL,F7,30,17,1.3293106967e+02
ablation,SBOA-GPSI,F21,30,17,2.8366055600e+02
ablation,SBOA-GPSI,F22,30,17,1.0103615504e+02
ablation,SBOA-GPSI,F23,30,17,4.3550156244e+02
ablation,SBOA-GPSI,F24,30,17,5.0069073407e+02
ablation,SBOA-GPSI,F29,30,17,6.4048493508e+02
ablation,SBOA-GPSI,F30,30,17,1.5299541948e+06
ablation,SBOA-LOBL,F1,30,17,8.6714526765e+04
ablation,SBOA-LOBL,F3,30,17,3.1770585252e+04
ablation,SBOA-LOBL,F8,30,17,5.6294688246e+01
ablation,SBOA-LOBL,F9,30,17,1.5267144605e+02
ablation,SBOA-LOBL,F10,30,17,2.7583772873e+03
ablation,SBOA-LOBL,F11,30,17,1.0299033441e+02
ablation,SBOA-GPSI,F25,30,17,4.0633240768e+02
ablation,SBOA-GPSI,F26,30,17,2.1057692087e+03
ablation,SBOA-GPSI,F27,30,17,5.4107369478e+02
ablation,SBOA-GPSI,F28,30,17,4.5361110981e+02
ablation,SBOA-LOBL,F12,30,17,4.4553109850e+06
ablation,SBOA-LOBL,F13,30,17,1.9622715577e+03
ablation,SBOA-LOBL,F14,30,17,7.5666384547e+04
ablation,SBOA-LOBL,F15,30,17,3.3788813808e+02
ablation,SBOA-LOBL,F16,30,17,7.5362753417e+02
ablation,SBOA-LOBL,F17,30,17,2.0786883643e+02
ablation,SBOA-LOBL,F18,30,17,1.2737380436e+06
ablation,SBOA-LOBL,F19,30,17,3.0490392323e+03
ablation,SBOA-ACGM,F3,30,17,2.0269851078e+04
ablation,SBOA-ACGM,F4,30,17,1.1212106559e+02
ablation,SBOA-ACGM,F5,30,17,7.5754375483e+01
ablation,SBOA-ACGM,F6,30,17,1.8142815377e+01
ablation,SBOA-LOBL,F20,30,17,2.5822681314e+02
ablation,SBOA-LOBL,F21,30,17,2.6818182697e+02
ablation,SBOA-LOBL,F22,30,17,1.0349016196e+02
ablation,SBOA-LOBL,F23,30,17,3.9289524408e+02
ablation,SBOA-ACGM,F7,30,17,1.2366567103e+02
ablation,SBOA-ACGM,F8,30,17,5.2052141280e+01
ablation,SBOA-ACGM,F9,30,17,1.3241097833e+02
ablation,SBOA-ACGM,F10,30,17,4.0861094997e+03
ablation,SBOA-LOBL,F24,30,17,5.0233001249e+02
ablation,SBOA-LOBL,F25,30,17,4.4321126922e+02
ablation,SBOA-LOBL,F26,30,17,1.4754945373e+03
ablation,SBOA-LOBL,F27,30,17,5.1627490941e+02
ablation,SBOA-ACGM,F11,30,17,1.0232303657e+02
ablation,SBOA-ACGM,F12,30,17,1.5104033244e+06
ablation,SBOA-ACGM,F13,30,17,2.0455760127e+04
ablation,SBOA-ACGM,F14,30,17,5.5896533328e+03
ablation,SBOA-LOBL,F28,30,17,4.7234106592e+02
ablation,SBOA-LOBL,F29,30,17,9.2352095973e+02
ablation,SBOA-LOBL,F30,30,17,4.6159733744e+04
ablation,SBOA-ACGM,F1,30,17,1.7779438674e+04
ablation,SBOA-ACGM,F15,30,17,1.2239463166e+03
ablation,SBOA-ACGM,F16,30,17,5.7926821254e+02
ablation,SBOA-ACGM,F17,30,17,1.1040192993e+02
ablation,SBOA-ACGM,F18,30,17,1.2378455169e+06
ablation,SBOA-GPSI-LOBL,F1,30,17,3.4261210551e+04
ablation,SBOA-GPSI-LOBL,F3,30,17,2.3973299352e+04
ablation,SBOA-GPSI-LOBL,F4,30,17,6.8711334157e+01
ablation,SBOA-GPSI-LOBL,F5,30,17,5.6863206168e+01
ablation,SBOA-ACGM,F19,30,17,7.3652195402e+03
ablation,SBOA-ACGM,F20,30,17,1.8805623642e+02
ablation,SBOA-ACGM,F21,30,17,2.5987647622e+02
ablation,SBOA-ACGM,F22,30,17,1.0356973224e+02
ablation,SBOA-GPSI-LOBL,F6,30,17,1.4626424059e+01
ablation,SBOA-GPSI-LOBL,F7,30,17,1.1704767502e+02
ablation,SBOA-GPSI-LOBL,F8,30,17,8.8284484461e+01
ablation,SBOA-GPSI-LOBL,F9,30,17,1.8244628326e+02
ablation,SBOA-ACGM,F23,30,17,4.1484155435e+02
ablation,SBOA-ACGM,F24,30,17,4.7458999586e+02
ablation,SBOA-ACGM,F25,30,17,4.1256918674e+02
ablation,SBOA-ACGM,F26,30,17,3.1386700429e+02
ablation,SBOA-GPSI-LOBL,F10,30,17,5.0969214060e+03
ablation,SBOA-GPSI-LOBL,F11,30,17,6.0198393087e+01
ablation,SBOA-GPSI-LOBL,F12,30,17,4.3690728641e+05
ablation,SBOA-GPSI-LOBL,F13,30,17,3.3073467873e+04
ablation,SBOA-GPSI-LOBL,F14,30,17,1.9120931344e+04
ablation,SBOA-GPSI-LOBL,F15,30,17,1.0270260028e+03
ablation,SBOA-GPSI-LOBL,F16,30,17,1.1223013285e+03
ablation,SBOA-GPSI-LOBL,F17,30,17,4.4232572965e+02
ablation,SBOA-ACGM,F27,30,17,5.1721918430e+02
ablation,SBOA-ACGM,F28,30,17,4.0694873123e+02
ablation,SBOA-ACGM,F29,30,17,6.2264016439e+02
ablation,SBOA-ACGM,F30,30,17,6.9645299502e+04
ablation,SBOA-GPSI-LOBL,F18,30,17,9.3655285634e+05
ablation,SBOA-GPSI-LOBL,F19,30,17,5.0453182243e+03
ablation,SBOA-GPSI-LOBL,F20,30,17,6.4838444635e+02
ablation,SBOA-GPSI-LOBL,F21,30,17,2.5284511951e+02
ablation,SBOA-GPSI-ACGM,F5,30,17,8.5187472594e+01
ablation,SBOA-GPSI-ACGM,F6,30,17,9.3864093605e+00
ablation,SBOA-GPSI-ACGM,F7,30,17,8.4857540133e+01
ablation,SBOA-GPSI-ACGM,F8,30,17,9.3300450194e+01
ablation,SBOA-GPSI-LOBL,F30,30,17,3.9108609627e+04
ablation,SBOA-GPSI-ACGM,F1,30,17,1.5511076041e+04
ablation,SBOA-GPSI-ACGM,F3,30,17,4.5299155948e+04
ablation,SBOA-GPSI-ACGM,F4,30,17,8.0616947259e+01
ablation,SBOA-GPSI-LOBL,F22,30,17,1.0620395171e+02
ablation,SBOA-GPSI-LOBL,F23,30,17,4.3407271922e+02
ablation,SBOA-GPSI-LOBL,F24,30,17,4.8586564981e+02
ablation,SBOA-GPSI-LOBL,F25,30,17,4.2694243792e+02
ablation,SBOA-GPSI-ACGM,F9,30,17,1.0643750421e+01
ablation,SBOA-GPSI-ACGM,F10,30,17,4.0812222008e+03
ablation,SBOA-GPSI-ACGM,F11,30,17,5.1269070702e+01
ablation,SBOA-GPSI-ACGM,F12,30,17,1.5889833348e+06
ablation,SBOA-GPSI-ACGM,F13,30,17,2.9520032635e+04
ablation,SBOA-GPSI-ACGM,F14,30,17,4.4433000290e+03
ablation,SBOA-GPSI-ACGM,F15,30,17,8.0111940555e+03
ablation,SBOA-GPSI-ACGM,F16,30,17,5.7319351623e+02
ablation,SBOA-GPSI-LOBL,F26,30,17,4.5283417381e+02
ablation,SBOA-GPSI-LOBL,F27,30,17,5.1926642004e+02
ablation,SBOA-GPSI-LOBL,F28,30,17,4.6600878817e+02
ablation,SBOA-GPSI-LOBL,F29,30,17,7.7079833037e+02
ablation,SBOA-GPSI-ACGM,F17,30,17,1.9669970065e+02
ablation,SBOA-GPSI-ACGM,F18,30,17,1.3006237939e+06
ablation,SBOA-GPSI-ACGM,F19,30,17,4.2858939274e+04
ablation,SBOA-GPSI-ACGM,F20,30,17,3.5860658117e+02
ablation,SBOA-LOBL-ACGM,F4,30,17,3.4101543256e+01
ablation,SBOA-LOBL-ACGM,F5,30,17,9.6738197790e+01
ablation,SBOA-LOBL-ACGM,F6,30,17,8.4873110632e+00
ablation,SBOA-LOBL-ACGM,F7,30,17,1.1923525985e+02
ablation,SBOA-GPSI-ACGM,F21,30,17,2.5692549704e+02
ablation,SBOA-GPSI-ACGM,F22,30,17,1.0389840532e+02
ablation,SBOA-GPSI-ACGM,F23,30,17,3.9080063727e+02
ablation,SBOA-GPSI-ACGM,F24,30,17,4.4475994894e+02
ablation,SBOA-LOBL-ACGM,F8,30,17,5.8273165468e+01
ablation,SBOA-LOBL-ACGM,F9,30,17,1.3840423065e+01
ablation,SBOA-LOBL-ACGM,F10,30,17,4.4246233039e+03
ablation,SBOA-LOBL-ACGM,F11,30,17,1.0604860407e+02
ablation,SBOA-GPSI-ACGM,F25,30,17,4.1158134844e+02
ablation,SBOA-GPSI-ACGM,F26,30,17,1.9881655733e+03
ablation,SBOA-GPSI-ACGM,F27,30,17,5.3207075899e+02
ablation,SBOA-GPSI-ACGM,F28,30,17,4.2663851000e+02
ablation,SBOA-GPSI-ACGM,F29,30,17,6.0155076273e+02
ablation,SBOA-GPSI-ACGM,F30,30,17,4.7701265839e+04
ablation,SBOA-LOBL-ACGM,F1,30,17,3.8382632740e+04
ablation,SBOA-LOBL-ACGM,F3,30,17,4.1698754143e+04
ablation,SBOA-LOBL-ACGM,F12,30,17,1.9357719316e+06
ablation,SBOA-LOBL-ACGM,F13,30,17,6.8550335457e+02
ablation,SBOA-LOBL-ACGM,F14,30,17,4.3393154219e+04
ablation,SBOA-LOBL-ACGM,F15,30,17,3.8521493980e+03
ablation,SBOA-LOBL-ACGM,F16,30,17,1.4702881664e+03
ablation,SBOA-LOBL-ACGM,F17,30,17,1.0389360214e+02
ablation,SBOA-LOBL-ACGM,F18,30,17,3.6570823558e+05
ablation,SBOA-LOBL-ACGM,F19,30,17,9.4862390727e+03
ablation,MSSBOA,F3,30,17,2.8039639811e+04
ablation,MSSBOA,F4,30,17,1.0594319657e+02
ablation,MSSBOA,F5,30,17,6.1090223514e+01
ablation,MSSBOA,F6,30,17,1.7329461976e+01
ablation,SBOA-LOBL-ACGM,F20,30,17,6.0305771684e+02
ablation,SBOA-LOBL-ACGM,F21,30,17,2.4295820521e+02
ablation,SBOA-LOBL-ACGM,F22,30,17,1.0176152461e+02
ablation,SBOA-LOBL-ACGM,F23,30,17,3.9814325336e+02
ablation,MSSBOA,F7,30,17,1.3063928388e+02
ablation,MSSBOA,F8,30,17,6.1580654677e+01
ablation,MSSBOA,F9,30,17,6.5428795589e+02
ablation,MSSBOA,F10,30,17,3.1965388796e+03
ablation,SBOA-LOBL-ACGM,F24,30,17,4.7051820853e+02
ablation,SBOA-LOBL-ACGM,F25,30,17,4.0340643267e+02
ablation,SBOA-LOBL-ACGM,F26,30,17,1.7251123463e+03
ablation,SBOA-LOBL-ACGM,F27,30,17,5.1780224128e+02
ablation,MSSBOA,F11,30,17,1.3173470655e+02
ablation,MSSBOA,F12,30,17,2.4423266857e+05
ablation,MSSBOA,F13,30,17,3.9654391966e+04
ablation,MSSBOA,F14,30,17,3.3831259536e+04
ablation,SBOA-LOBL-ACGM,F28,30,17,4.3601373181e+02
ablation,SBOA-LOBL-ACGM,F29,30,17,8.2089025195e+02
ablation,SBOA-LOBL-ACGM,F30,30,17,5.7558670461e+04
ablation,MSSBOA,F1,30,17,1.9795466546e+05
ablation,MSSBOA,F15,30,17,3.0144437805e+03
ablation,MSSBOA,F16,30,17,8.4472683975e+02
ablation,MSSBOA,F17,30,17,4.0224078193e+02
ablation,MSSBOA,F18,30,17,2.4035274194e+05
ablation,SBOA,F1,30,18,2.9152699029e+04
ablation,SBOA,F3,30,18,2.9522878907e+04
ablation,SBOA,F4,30,18,6.8239949600e+01
ablation,SBOA,F5,30,18,6.9258535170e+01
ablation,SBOA,F6,30,18,3.6192998315e+00
ablation,SBOA,F7,30,18,9.2801415750e+01
ablation,SBOA,F8,30,18,4.1082624044e+01
ablation,SBOA,F9,30,18,9.8222374258e+00
ablation,MSSBOA,F19,30,17,1.8705522168e+02
ablation,MSSBOA,F20,30,17,1.9822144913e+02
ablation,MSSBOA,F21,30,17,2.4344383026e+02
ablation,MSSBOA,F22,30,17,1.0159750213e+02
ablation,SBOA,F10,30,18,3.5283986701e+03
ablation,SBOA,F11,30,18,9.8370976520e+01
ablation,SBOA,F12,30,18,6.9056377279e+04
ablation,SBOA,F13,30,18,4.3636916683e+04
ablation,MSSBOA,F23,30,17,4.0496884594e+02
ablation,MSSBOA,F24,30,17,4.8183042009e+02
ablation,MSSBOA,F25,30,17,4.1369700664e+02
ablation,MSSBOA,F26,30,17,1.8953558412e+03
ablation,SBOA,F14,30,18,4.4325030854e+04
ablation,SBOA,F15,30,18,2.6537344470e+04
ablation,SBOA,F16,30,18,5.7775949382e+02
ablation,SBOA,F17,30,18,3.1064303286e+02
ablation,SBOA,F18,30,18,3.3068460140e+05
ablation,SBOA,F19,30,18,1.1137473633e+02
ablation,SBOA,F20,30,18,4.3969831411e+02
ablation,SBOA,F21,30,18,2.3895355525e+02
ablation,MSSBOA,F27,30,17,5.4504947569e+02
ablation,MSSBOA,F28,30,17,4.8288852643e+02
ablation,MSSBOA,F29,30,17,7.5519270508e+02
ablation,MSSBOA,F30,30,17,8.5210207277e+03
ablation,SBOA-GPSI,F5,30,18,7.1076172283e+01
ablation,SBOA-GPSI,F6,30,18,2.0400308354e+01
ablation,SBOA-GPSI,F7,30,18,1.1029603473e+02
ablation,SBOA-GPSI,F8,30,18,9.3453966257e+01
ablation,SBOA,F22,30,18,1.0534687724e+02
ablation,SBOA,F23,30,18,3.7674131974e+02
ablation,SBOA,F24,30,18,4.7291025672e+02
ablation,SBOA,F25,30,18,3.8872902804e+02
ablation,SBOA,F30,30,18,5.1032395265e+04
ablation,SBOA-GPSI,F1,30,18,4.0727476259e+03
ablation,SBOA-GPSI,F3,30,18,2.2309209888e+04
ablation,SBOA-GPSI,F4,30,18,1.1360341823e+02
ablation,SBOA-GPSI,F9,30,18,2.4230231822e+02
ablation,SBOA-GPSI,F10,30,18,2.9955800895e+03
ablation,SBOA-GPSI,F11,30,18,5.9406094786e+01
ablation,SBOA-GPSI,F12,30,18,1.6475875073e+05
ablation,SBOA-GPSI,F13,30,18,2.0438197254e+03
ablation,SBOA-GPSI,F14,30,18,3.0448345986e+04
ablation,SBOA-GPSI,F15,30,18,3.0977625394e+03
ablation,SBOA-GPSI,F16,30,18,1.1687635494e+03
ablation,SBOA,F26,30,18,3.2221813342e+02
ablation,SBOA,F27,30,18,5.2238549282e+02
ablation,SBOA,F28,30,18,4.8868339165e+02
ablation,SBOA,F29,30,18,9.8335305600e+02
ablation,SBOA-GPSI,F17,30,18,2.0172616596e+02
ablation,SBOA-GPSI,F18,30,18,1.3126620720e+05
ablation,SBOA-GPSI,F19,30,18,6.9687528499e+02
ablation,SBOA-GPSI,F20,30,18,5.1508211606e+02
ablation,SBOA-LOBL,F4,30,18,1.1618976615e+02
ablation,SBOA-LOBL,F5,30,18,5.7764022348e+01
ablation,SBOA-LOBL,F6,30,18,1.2387424751e+01
ablation,SBOA-LOBL,F7,30,18,1.6419948066e+02
ablation,SBOA-GPSI,F21,30,18,2.4619103330e+02
ablation,SBOA-GPSI,F22,30,18,1.0039845518e+02
ablation,SBOA-GPSI,F23,30,18,4.1047208217e+02
ablation,SBOA-GPSI,F24,30,18,4.5452044003e+02
ablation,SBOA-GPSI,F25,30,18,4.3291911092e+02
ablation,SBOA-GPSI,F26,30,18,1.8308991587e+03
ablation,SBOA-GPSI,F27,30,18,5.2562134083e+02
ablation,SBOA-GPSI,F28,30,18,4.2552251134e+02
ablation,SBOA-GPSI,F29,30,18,5.9087992798e+02
ablation,SBOA-GPSI,F30,30,18,8.5680637435e+04
ablation,SBOA-LOBL,F1,30,18,1.8012000353e+04
ablation,SBOA-LOBL,F3,30,18,3.3334350849e+04
ablation,SBOA-LOBL,F8,30,18,8.3683147007e+01
ablation,SBOA-LOBL,F9,30,18,1.0643397277e+02
ablation,SBOA-LOBL,F10,30,18,3.6471001341e+03
ablation,SBOA-LOBL,F11,30,18,1.2317010909e+02
ablation,SBOA-LOBL,F12,30,18,4.3381373815e+06
ablation,SBOA-LOBL,F13,30,18,1.3315328692e+04
ablation,SBOA-LOBL,F14,30,18,5.7155662357e+04
ablation,SBOA-LOBL,F15,30,18,7.6907731176e+02
ablation,SBOA-LOBL,F16,30,18,9.6593530711e+02
ablation,SBOA-LOBL,F17,30,18,2.6045394133e+02
ablation,SBOA-LOBL,F18,30,18,5.4320134684e+05
ablation,SBOA-LOBL,F19,30,18,1.7314160908e+03
ablation,SBOA-ACGM,F3,30,18,3.5492746042e+04
ablation,SBOA-ACGM,F4,30,18,8.5486692487e+01
ablation,SBOA-ACGM,F5,30,18,8.6618680500e+01
ablation,SBOA-ACGM,F6,30,18,1.0146179394e+01
ablation,SBOA-LOBL,F20,30,18,2.4717744163e+02
ablation,SBOA-LOBL,F21,30,18,2.7160316969e+02
ablation,SBOA-LOBL,F22,30,18,1.0309740150e+02
ablation,SBOA-LOBL,F23,30,18,4.1608354780e+02
ablation,SBOA-ACGM,F7,30,18,1.0769378357e+02
ablation,SBOA-ACGM,F8,30,18,4.9185549206e+01
ablation,SBOA-ACGM,F9,30,18,5.5358346297e+01
ablation,SBOA-ACGM,F10,30,18,2.7741939602e+03
ablation,SBOA-LOBL,F24,30,18,4.5529894468e+02
ablation,SBOA-LOBL,F25,30,18,3.8750625383e+02
ablation,SBOA-LOBL,F26,30,18,1.6178213832e+03
ablation,SBOA-LOBL,F27,30,18,5.3653823240e+02
ablation,SBOA-ACGM,F11,30,18,1.1799253256e+02
ablation,SBOA-ACGM,F12,30,18,1.6378404935e+04
ablation,SBOA-ACGM,F13,30,18,3.4452894568e+04
ablation,SBOA-ACGM,F14,30,18,5.5594148109e+04
ablation,SBOA-LOBL,F28,30,18,4.7870134481e+02
ablation,SBOA-LOBL,F29,30,18,8.7637795054e+02
ablation,SBOA-LOBL,F30,30,18,7.1550606736e+04
ablation,SBOA-ACGM,F1,30,18,4.1573515936e+04
ablation,SBOA-ACGM,F15,30,18,1.0708110159e+03
ablation,SBOA-ACGM,F16,30,18,5.4897575781e+02
ablation,SBOA-ACGM,F17,30,18,3.4487122972e+01
ablation,SBOA-ACGM,F18,30,18,2.6087652358e+05
ablation,SBOA-GPSI-LOBL,F1,30,18,1.1999806411e+05
ablation,SBOA-GPSI-LOBL,F3,30,18,2.9164292536e+04
ablation,SBOA-GPSI-LOBL,F4,30,18,7.0341471872e+01
ablation,SBOA-GPSI-LOBL,F5,30,18,8.8169293603e+01
ablation,SBOA-ACGM,F19,30,18,1.2461094529e+04
ablation,SBOA-ACGM,F20,30,18,2.5184256598e+02
ablation,SBOA-ACGM,F21,30,18,2.9937214578e+02
ablation,SBOA-ACGM,F22,30,18,1.0640925032e+02
ablation,SBOA-GPSI-LOBL,F6,30,18,2.1936287999e+01
ablation,SBOA-GPSI-LOBL,F7,30,18,8.4480934624e+01
ablation,SBOA-GPSI-LOBL,F8,30,18,1.0259382145e+02
ablation,SBOA-GPSI-LOBL,F9,30,18,4.8326577742e+02
ablation,SBOA-ACGM,F23,30,18,4.0682897805e+02
ablation,SBOA-ACGM,F24,30,18,4.7365588447e+02
ablation,SBOA-ACGM,F25,30,18,3.8735726531e+02
ablation,SBOA-ACGM,F26,30,18,2.0306620670e+03
ablation,SBOA-GPSI-LOBL,F10,30,18,3.9221584610e+03
ablation,SBOA-GPSI-LOBL,F11,30,18,1.7766752017e+02
ablation,SBOA-GPSI-LOBL,F12,30,18,2.1497118004e+05
ablation,SBOA-GPSI-LOBL,F13,30,18,5.7302911888e+04
ablation,SBOA-ACGM,F27,30,18,5.1515774843e+02
ablation,SBOA-ACGM,F28,30,18,4.6700825220e+02
ablation,SBOA-ACGM,F29,30,18,1.1529450854e+03
ablation,SBOA-ACGM,F30,30,18,2.5919702367e+05
ablation,SBOA-GPSI-LOBL,F14,30,18,1.1164254682e+04
ablation,SBOA-GPSI-LOBL,F15,30,18,1.1747383496e+04
ablation,SBOA-GPSI-LOBL,F16,30,18,1.4205461497e+03
ablation,SBOA-GPSI-LOBL,F17,30,18,8.5450881868e+01
ablation,SBOA-GPSI-LOBL,F18,30,18,1.2714098504e+06
ablation,SBOA-GPSI-LOBL,F19,30,18,1.0198237635e+04
ablation,SBOA-GPSI-LOBL,F20,30,18,3.7924012661e+02
ablation,SBOA-GPSI-LOBL,F21,30,18,2.6889858866e+02
ablation,SBOA-GPSI-ACGM,F5,30,18,6.1705498122e+01
ablation,SBOA-GPSI-ACGM,F6,30,18,7.3041031728e+00
ablation,SBOA-GPSI-ACGM,F7,30,18,1.7016373919e+02
ablation,SBOA-GPSI-ACGM,F8,30,18,5.0524664652e+01
ablation,SBOA-GPSI-LOBL,F30,30,18,1.3773291458e+05
ablation,SBOA-GPSI-ACGM,F1,30,18,1.5769511146e+04
ablation,SBOA-GPSI-ACGM,F3,30,18,2.0961885105e+04
ablation,SBOA-GPSI-ACGM,F4,30,18,1.1543360275e+02
ablation,SBOA-GPSI-LOBL,F22,30,18,1.0208168569e+02
ablation,SBOA-GPSI-LOBL,F23,30,18,4.5502904025e+02
ablation,SBOA-GPSI-LOBL,F24,30,18,4.7351837565e+02
ablation,SBOA-GPSI-LOBL,F25,30,18,4.2789076930e+02
ablation,SBOA-GPSI-ACGM,F9,30,18,3.6129347660e+01
ablation,SBOA-GPSI-ACGM,F10,30,18,3.2604923758e+03
ablation,SBOA-GPSI-ACGM,F11,30,18,8.8032853407e+01
ablation,SBOA-GPSI-ACGM,F12,30,18,3.5548068757e+05
ablation,SBOA-GPSI-ACGM,F13,30,18,6.3414450415e+03
ablation,SBOA-GPSI-ACGM,F14,30,18,8.8314739168e+03
ablation,SBOA-GPSI-ACGM,F15,30,18,5.1160901216e+03
ablation,SBOA-GPSI-ACGM,F16,30,18,7.7723234272e+02
ablation,SBOA-GPSI-LOBL,F26,30,18,1.5397834195e+03
ablation,SBOA-GPSI-LOBL,F27,30,18,5.2440163400e+02
ablation,SBOA-GPSI-LOBL,F28,30,18,4.8003348429e+02
ablation,SBOA-GPSI-LOBL,F29,30,18,6.9866028915e+02
ablation,SBOA-GPSI-ACGM,F17,30,18,3.1298823501e+02
ablation,SBOA-GPSI-ACGM,F18,30,18,9.1532689413e+05
ablation,SBOA-GPSI-ACGM,F19,30,18,1.1497284004e+04
ablation,SBOA-GPSI-ACGM,F20,30,18,2.3059167491e+02
ablation,SBOA-LOBL-ACGM,F4,30,18,1.7601495856e+02
ablation,SBOA-LOBL-ACGM,F5,30,18,6.8094303033e+01
ablation,SBOA-LOBL-ACGM,F6,30,18,9.9424222558e+00
ablation,SBOA-LOBL-ACGM,F7,30,18,1.4654316296e+02
ablation,SBOA-GPSI-ACGM,F21,30,18,2.9235753047e+02
ablation,SBOA-GPSI-ACGM,F22,30,18,1.0597185706e+02
ablation,SBOA-GPSI-ACGM,F23,30,18,4.3887939589e+02
ablation,SBOA-GPSI-ACGM,F24,30,18,4.8440772945e+02
ablation,SBOA-GPSI-ACGM,F25,30,18,3.9509956064e+02
ablation,SBOA-GPSI-ACGM,F26,30,18,1.5603253153e+03
ablation,SBOA-GPSI-ACGM,F27,30,18,5.4818896549e+02
ablation,SBOA-GPSI-ACGM,F28,30,18,4.6535380405e+02
ablation,SBOA-GPSI-ACGM,F29,30,18,1.1616903529e+03
ablation,SBOA-GPSI-ACGM,F30,30,18,1.7554613460e+05
ablation,SBOA-LOBL-ACGM,F1,30,18,7.1873271655e+04
ablation,SBOA-LOBL-ACGM,F3,30,18,3.7784733909e+04
ablation,SBOA-LOBL-ACGM,F8,30,18,3.8327478952e+01
ablation,SBOA-LOBL-ACGM,F9,30,18,1.3284755920e+02
ablation,SBOA-LOBL-ACGM,F10,30,18,3.8433920455e+03
ablation,SBOA-LOBL-ACGM,F11,30,18,8.6081646622e+01
ablation,SBOA-LOBL-ACGM,F12,30,18,1.0598416339e+06
ablation,SBOA-LOBL-ACGM,F13,30,18,1.6360187730e+03
ablation,SBOA-LOBL-ACGM,F14,30,18,2.2641473458e+05
ablation,SBOA-LOBL-ACGM,F15,30,18,8.7287397596e+03
ablation,SBOA-LOBL-ACGM,F16,30,18,5.4146034717e+02
ablation,SBOA-LOBL-ACGM,F17,30,18,1.0493987752e+02
ablation,SBOA-LOBL-ACGM,F18,30,18,5.5222497043e+05
ablation,SBOA-LOBL-ACGM,F19,30,18,2.2101452789e+03
ablation,MSSBOA,F3,30,18,2.8407353093e+04
ablation,MSSBOA,F4,30,18,1.1770216532e+02
ablation,MSSBOA,F5,30,18,6.2355092336e+01
ablation,MSSBOA,F6,30,18,1.3758732033e+01
ablation,SBOA-LOBL-ACGM,F20,30,18,3.1344657209e+02
ablation,SBOA-LOBL-ACGM,F21,30,18,2.3480510211e+02
ablation,SBOA-LOBL-ACGM,F22,30,18,1.0082252387e+02
ablation,SBOA-LOBL-ACGM,F23,30,18,3.8363445713e+02
ablation,MSSBOA,F7,30,18,8.4255754243e+01
ablation,MSSBOA,F8,30,18,9.1428220401e+01
ablation,MSSBOA,F9,30,18,4.8070198375e+01
ablation,MSSBOA,F10,30,18,3.5468838611e+03
ablation,SBOA-LOBL-ACGM,F24,30,18,4.4925671109e+02
ablation,SBOA-LOBL-ACGM,F25,30,18,3.8907085397e+02
ablation,SBOA-LOBL-ACGM,F26,30,18,1.6287423538e+03
ablation,SBOA-LOBL-ACGM,F27,30,18,5.2915133394e+02
ablation,MSSBOA,F11,30,18,1.2889172843e+02
ablation,MSSBOA,F12,30,18,1.2098511411e+06
ablation,MSSBOA,F13,30,18,1.8126508378e+04
ablation,MSSBOA,F14,30,18,5.4832351523e+04
ablation,SBOA-LOBL-ACGM,F28,30,18,4.0811737998e+02
ablation,SBOA-LOBL-ACGM,F29,30,18,5.4486140640e+02
ablation,SBOA-LOBL-ACGM,F30,30,18,4.0715695666e+05
ablation,MSSBOA,F1,30,18,1.0563946067e+05
ablation,MSSBOA,F15,30,18,1.1889378694e+04
ablation,MSSBOA,F16,30,18,5.1949003599e+02
ablation,MSSBOA,F17,30,18,2.2734642210e+02
ablation,MSSBOA,F18,30,18,3.5018343603e+05
ablation,SBOA,F1,30,19,2.6941183035e+04
ablation,SBOA,F3,30,19,3.7097032095e+04
ablation,SBOA,F4,30,19,1.1967430425e+02
ablation,SBOA,F5,30,19,9.1381549957e+01
ablation,MSSBOA,F19,30,18,4.5020376211e+02
ablation,MSSBOA,F20,30,18,2.1762849610e+02
ablation,MSSBOA,F21,30,18,2.8275305391e+02
ablation,MSSBOA,F22,30,18,1.0387551813e+02
ablation,SBOA,F6,30,19,7.4427848771e+00
ablation,SBOA,F7,30,19,7.6901217595e+01
ablation,SBOA,F8,30,19,7.9711826405e+01
ablation,SBOA,F9,30,19,4.2096747198e+00
ablation,SBOA,F10,30,19,3.6667232688e+03
ablation,SBOA,F11,30,19,6.4315790352e+01
ablation,SBOA,F12,30,19,1.8835133620e+05
ablation,SBOA,F13,30,19,5.2246109070e+04
ablation,MSSBOA,F23,30,18,3.8446728573e+02
ablation,MSSBOA,F24,30,18,5.0632614426e+02
ablation,MSSBOA,F25,30,18,4.2282553591e+02
ablation,MSSBOA,F26,30,18,1.7777474908e+03
ablation,SBOA,F14,30,19,1.2999760508e+04
ablation,SBOA,F15,30,19,1.0513014410e+03
ablation,SBOA,F16,30,19,1.1368473243e+03
ablation,SBOA,F17,30,19,2.5898786374e+02
ablation,SBOA,F18,30,19,9.6157470909e+04
ablation,SBOA,F19,30,19,1.1383215797e+03
ablation,SBOA,F20,30,19,2.7831319216e+02
ablation,SBOA,F21,30,19,2.3631913188e+02
ablation,MSSBOA,F27,30,18,5.5101238634e+02
ablation,MSSBOA,F28,30,18,4.7709098757e+02
ablation,MSSBOA,F29,30,18,6.8141973274e+02
ablation,MSSBOA,F30,30,18,4.2046117853e+05
ablation,SBOA-GPSI,F5,30,19,9.2999321848e+01
ablation,SBOA-GPSI,F6,30,19,1.3947774705e+01
ablation,SBOA-GPSI,F7,30,19,1.6249737901e+02
ablation,SBOA-GPSI,F8,30,19,8.0285226910e+01
ablation,SBOA,F22,30,19,1.0099442215e+02
ablation,SBOA,F23,30,19,4.0490053570e+02
ablation,SBOA,F24,30,19,4.8126693191e+02
ablation,SBOA,F25,30,19,3.9197205543e+02
ablation,SBOA,F30,30,19,9.6979697955e+04
ablation,SBOA-GPSI,F1,30,19,2.2662387663e+04
ablation,SBOA-GPSI,F3,30,19,2.9192732791e+04
ablation,SBOA-GPSI,F4,30,19,1.1403288529e+02
ablation,SBOA-GPSI,F9,30,19,3.9563548456e+01
ablation,SBOA-GPSI,F10,30,19,4.6058186384e+03
ablation,SBOA-GPSI,F11,30,19,5.9154876662e+01
ablation,SBOA-GPSI,F12,30,19,3.2285428480e+06
ablation,SBOA,F26,30,19,5.8694173930e+02
ablation,SBOA,F27,30,19,5.3569164430e+02
ablation,SBOA,F28,30,19,4.8080170615e+02
ablation,SBOA,F29,30,19,8.0068885569e+02
ablation,SBOA-GPSI,F13,30,19,3.8604620291e+03
ablation,SBOA-GPSI,F14,30,19,7.4570190691e+04
ablation,SBOA-GPSI,F15,30,19,1.6089558966e+03
ablation,SBOA-GPSI,F16,30,19,2.7474565748e+02
ablation,SBOA-GPSI,F17,30,19,1.1248459468e+02
ablation,SBOA-GPSI,F18,30,19,5.6167211516e+05
ablation,SBOA-GPSI,F19,30,19,1.2864639691e+04
ablation,SBOA-GPSI,F20,30,19,5.0440542418e+02
ablation,SBOA-LOBL,F4,30,19,1.3202625087e+02
ablation,SBOA-LOBL,F5,30,19,7.0095591499e+01
ablation,SBOA-LOBL,F6,30,19,1.0549681738e+01
ablation,SBOA-LOBL,F7,30,19,1.1640203534e+02
ablation,SBOA-GPSI,F21,30,19,2.6201668582e+02
ablation,SBOA-GPSI,F22,30,19,1.0338877367e+02
ablation,SBOA-GPSI,F23,30,19,3.8595709139e+02
ablation,SBOA-GPSI,F24,30,19,5.1888401649e+02
ablation,SBOA-GPSI,F29,30,19,8.5758499359e+02
ablation,SBOA-GPSI,F30,30,19,8.3032649126e+04
ablation,SBOA-LOBL,F1,30,19,6.1295602884e+04
ablation,SBOA-LOBL,F3,30,19,2.8675472658e+04
ablation,SBOA-LOBL,F8,30,19,7.6692177770e+01
ablation,SBOA-LOBL,F9,30,19,9.4213328622e+01
ablation,SBOA-LOBL,F10,30,19,4.3280623355e+03
ablation,SBOA-LOBL,F11,30,19,3.2504160933e+01
ablation,SBOA-GPSI,F25,30,19,3.9266364739e+02
ablation,SBOA-GPSI,F26,30,19,1.7288591041e+03
ablation,SBOA-GPSI,F27,30,19,5.2110407417e+02
ablation,SBOA-GPSI,F28,30,19,5.0112473233e+02
ablation,SBOA-LOBL,F12,30,19,2.5398233851e+06
ablation,SBOA-LOBL,F13,30,19,8.1769738997e+03
ablation,SBOA-LOBL,F14,30,19,4.3370980387e+04
ablation,SBOA-LOBL,F15,30,19,9.6714888505e+02
ablation,SBOA-LOBL,F16,30,19,1.0109591093e+03
ablation,SBOA-LOBL,F17,30,19,1.2165094169e+02
ablation,SBOA-LOBL,F18,30,19,3.0239193263e+05
ablation,SBOA-LOBL,F19,30,19,4.7439509599e+03
ablation,SBOA-LOBL,F20,30,19,4.1244651353e+02
ablation,SBOA-LOBL,F21,30,19,2.4092860962e+02
ablation,SBOA-LOBL,F22,30,19,1.0176049018e+02
ablation,SBOA-LOBL,F23,30,19,3.9680470427e+02
ablation,SBOA-ACGM,F3,30,19,2.4152685702e+04
ablation,SBOA-ACGM,F4,30,19,1.2644806113e+02
ablation,SBOA-ACGM,F5,30,19,6.4064442388e+01
ablation,SBOA-ACGM,F6,30,19,1.0303393824e+01
ablation,SBOA-ACGM,F7,30,19,1.2792681619e+02
ablation,SBOA-ACGM,F8,30,19,5.8835672966e+01
ablation,SBOA-ACGM,F9,30,19,2.2837973278e+01
ablation,SBOA-ACGM,F10,30,19,5.2163653691e+03
ablation,SBOA-ACGM,F11,30,19,1.7993464829e+02
ablation,SBOA-ACGM,F12,30,19,8.8008581434e+05
ablation,SBOA-ACGM,F13,30,19,7.1152957192e+02
ablation,SBOA-ACGM,F14,30,19,1.4290117814e+04
ablation,SBOA-LOBL,F24,30,19,4.6503617098e+02
ablation,SBOA-LOBL,F25,30,19,3.9153858332e+02
ablation,SBOA-LOBL,F26,30,19,2.1816628995e+03
ablation,SBOA-LOBL,F27,30,19,5.2209276805e+02
ablation,SBOA-LOBL,F28,30,19,4.2275225470e+02
ablation,SBOA-LOBL,F29,30,19,7.0911919476e+02
ablation,SBOA-LOBL,F30,30,19,8.9288378772e+03
ablation,SBOA-ACGM,F1,30,19,1.0253943942e+04
ablation,SBOA-ACGM,F15,30,19,9.0005819996e+02
ablation,SBOA-ACGM,F16,30,19,7.7659097917e+02
ablation,SBOA-ACGM,F17,30,19,1.5355153670e+02
ablation,SBOA-ACGM,F18,30,19,9.1187221825e+05
ablation,SBOA-GPSI-LOBL,F1,30,19,8.8975929064e+04
ablation,SBOA-GPSI-LOBL,F3,30,19,4.2588256810e+04
ablation,SBOA-GPSI-LOBL,F4,30,19,8.7405673777e+01
ablation,SBOA-GPSI-LOBL,F5,30,19,4.9374300077e+01
ablation,SBOA-ACGM,F19,30,19,5.9603106623e+04
ablation,SBOA-ACGM,F20,30,19,4.4632358371e+02
ablation,SBOA-ACGM,F21,30,19,2.7766996068e+02
ablation,SBOA-ACGM,F22,30,19,1.0350152724e+02
ablation,SBOA-GPSI-LOBL,F6,30,19,2.1136389762e+01
ablation,SBOA-GPSI-LOBL,F7,30,19,9.0710503134e+01
ablation,SBOA-GPSI-LOBL,F8,30,19,5.8658543118e+01
ablation,SBOA-GPSI-LOBL,F9,30,19,7.9187064613e+01
ablation,SBOA-ACGM,F23,30,19,4.1631569061e+02
ablation,SBOA-ACGM,F24,30,19,4.7511857413e+02
ablation,SBOA-ACGM,F25,30,19,3.9023621336e+02
ablation,SBOA-ACGM,F26,30,19,1.9441666405e+03
ablation,SBOA-GPSI-LOBL,F10,30,19,2.9611654816e+03
ablation,SBOA-GPSI-LOBL,F11,30,19,9.2332481430e+01
ablation,SBOA-GPSI-LOBL,F12,30,19,2.6532440237e+06
ablation,SBOA-GPSI-LOBL,F13,30,19,1.4579777861e+03
ablation,SBOA-ACGM,F27,30,19,4.9905938949e+02
ablation,SBOA-ACGM,F28,30,19,4.6636110452e+02
ablation,SBOA-ACGM,F29,30,19,8.2036473438e+02
ablation,SBOA-ACGM,F30,30,19,9.2780632778e+03
ablation,SBOA-GPSI-LOBL,F14,30,19,2.3479026943e+04
ablation,SBOA-GPSI-LOBL,F15,30,19,7.3405327693e+02
ablation,SBOA-GPSI-LOBL,F16,30,19,1.0473783492e+03
ablation,SBOA-GPSI-LOBL,F17,30,19,9.1055536223e+01
ablation,SBOA-GPSI-LOBL,F18,30,19,5.6948590576e+05
ablation,SBOA-GPSI-LOBL,F19,30,19,4.5344711294e+05
ablation,SBOA-GPSI-LOBL,F20,30,19,9.7826633571e+01
ablation,SBOA-GPSI-LOBL,F21,30,19,2.6698973852e+02
ablation,SBOA-GPSI-ACGM,F5,30,19,7.7880556700e+01
ablation,SBOA-GPSI-ACGM,F6,30,19,1.8317742218e+01
ablation,SBOA-GPSI-ACGM,F7,30,19,1.0247683114e+02
ablation,SBOA-GPSI-ACGM,F8,30,19,7.7115159206e+01
ablation,SBOA-GPSI-LOBL,F30,30,19,1.1155692885e+04
ablation,SBOA-GPSI-ACGM,F1,30,19,1.1435436054e+04
ablation,SBOA-GPSI-ACGM,F3,30,19,2.9207905467e+04
ablation,SBOA-GPSI-ACGM,F4,30,19,7.8985282576e+01
ablation,SBOA-GPSI-LOBL,F22,30,19,1.0338445311e+02
ablation,SBOA-GPSI-LOBL,F23,30,19,4.0064303711e+02
ablation,SBOA-GPSI-LOBL,F24,30,19,4.8039846884e+02
ablation,SBOA-GPSI-LOBL,F25,30,19,4.2824594069e+02
ablation,SBOA-GPSI-ACGM,F9,30,19,1.3121170983e+02
ablation,SBOA-GPSI-ACGM,F10,30,19,4.4535108618e+03
ablation,SBOA-GPSI-ACGM,F11,30,19,1.2773674411e+02
ablation,SBOA-GPSI-ACGM,F12,30,19,4.4861947320e+05
ablation,SBOA-GPSI-ACGM,F13,30,19,2.1420417036e+04
ablation,SBOA-GPSI-ACGM,F14,30,19,4.3337000459e+03
ablation,SBOA-GPSI-ACGM,F15,30,19,9.7267916324e+03
ablation,SBOA-GPSI-ACGM,F16,30,19,5.3346935451e+02
ablation,SBOA-GPSI-LOBL,F26,30,19,2.0675716483e+03
ablation,SBOA-GPSI-LOBL,F27,30,19,4.9864079241e+02
ablation,SBOA-GPSI-LOBL,F28,30,19,4.4899248189e+02
ablation,SBOA-GPSI-LOBL,F29,30,19,7.6739624847e+02
ablation,SBOA-GPSI-ACGM,F17,30,19,9.6596716755e+01
ablation,SBOA-GPSI-ACGM,F18,30,19,3.3627112388e+05
ablation,SBOA-GPSI-ACGM,F19,30,19,6.0381422001e+03
ablation,SBOA-GPSI-ACGM,F20,30,19,8.7083671979e+01
ablation,SBOA-LOBL-ACGM,F4,30,19,1.2753151383e+02
ablation,SBOA-LOBL-ACGM,F5,30,19,8.0225030513e+01
ablation,SBOA-LOBL-ACGM,F6,30,19,1.1753117471e+01
ablation,SBOA-LOBL-ACGM,F7,30,19,1.0424905281e+02
ablation,SBOA-GPSI-ACGM,F21,30,19,2.2954851014e+02
ablation,SBOA-GPSI-ACGM,F22,30,19,1.0042965114e+02
ablation,SBOA-GPSI-ACGM,F23,30,19,4.0981125558e+02
ablation,SBOA-GPSI-ACGM,F24,30,19,4.6807901770e+02
ablation,SBOA-LOBL-ACGM,F8,30,19,8.1399576960e+01
ablation,SBOA-LOBL-ACGM,F9,30,19,2.6687706125e+02
ablation,SBOA-LOBL-ACGM,F10,30,19,4.7203859308e+03
ablation,SBOA-LOBL-ACGM,F11,30,19,9.6778892913e+01
ablation,SBOA-GPSI-ACGM,F25,30,19,4.0843493790e+02
ablation,SBOA-GPSI-ACGM,F26,30,19,1.9529191514e+03
ablation,SBOA-GPSI-ACGM,F27,30,19,5.0302028833e+02
ablation,SBOA-GPSI-ACGM,F28,30,19,4.6534552984e+02
ablation,SBOA-GPSI-ACGM,F29,30,19,1.1822333285e+03
ablation,SBOA-GPSI-ACGM,F30,30,19,4.7656441728e+04
ablation,SBOA-LOBL-ACGM,F1,30,19,2.5598070857e+04
ablation,SBOA-LOBL-ACGM,F3,30,19,3.2733696216e+04
ablation,SBOA-LOBL-ACGM,F12,30,19,3.1708002943e+05
ablation,SBOA-LOBL-ACGM,F13,30,19,3.5866380634e+02
ablation,SBOA-LOBL-ACGM,F14,30,19,4.9469480659e+04
ablation,SBOA-LOBL-ACGM,F15,30,19,2.8574720762e+02
ablation,SBOA-LOBL-ACGM,F16,30,19,4.2572185416e+02
ablation,SBOA-LOBL-ACGM,F17,30,19,2.1379113194e+02
ablation,SBOA-LOBL-ACGM,F18,30,19,6.7327479131e+05
ablation,SBOA-LOBL-ACGM,F19,30,19,1.3223031837e+03
ablation,MSSBOA,F3,30,19,3.5695958637e+04
ablation,MSSBOA,F4,30,19,1.5538736121e+02
ablation,MSSBOA,F5,30,19,5.5843103123e+01
ablation,MSSBOA,F6,30,19,7.4727680220e+00
ablation,SBOA-LOBL-ACGM,F20,30,19,1.9290756132e+02
ablation,SBOA-LOBL-ACGM,F21,30,19,2.4034506957e+02
ablation,SBOA-LOBL-ACGM,F22,30,19,1.0355220950e+02
ablation,SBOA-LOBL-ACGM,F23,30,19,4.8876285058e+02
ablation,MSSBOA,F7,30,19,1.0498651982e+02
ablation,MSSBOA,F8,30,19,8.1057933276e+01
ablation,MSSBOA,F9,30,19,1.0834845661e+02
ablation,MSSBOA,F10,30,19,3.6257976531e+03
ablation,SBOA-LOBL-ACGM,F24,30,19,4.5152460938e+02
ablation,SBOA-LOBL-ACGM,F25,30,19,4.3843851677e+02
ablation,SBOA-LOBL-ACGM,F26,30,19,6.8398188581e+02
ablation,SBOA-LOBL-ACGM,F27,30,19,5.1615911126e+02
ablation,MSSBOA,F11,30,19,9.7452044098e+01
ablation,MSSBOA,F12,30,19,2.8428134374e+06
ablation,MSSBOA,F13,30,19,1.6376118338e+04
ablation,MSSBOA,F14,30,19,4.3198635175e+03
ablation,SBOA-LOBL-ACGM,F28,30,19,4.1486511100e+02
ablation,SBOA-LOBL-ACGM,F29,30,19,6.8192288467e+02
ablation,SBOA-LOBL-ACGM,F30,30,19,4.6319642603e+04
ablation,MSSBOA,F1,30,19,9.9909014091e+04
ablation,MSSBOA,F15,30,19,1.5822020486e+04
ablation,MSSBOA,F16,30,19,1.0925070439e+03
ablation,MSSBOA,F17,30,19,5.2573585495e+02
ablation,MSSBOA,F18,30,19,6.5708708314e+05
ablation,SBOA,F1,30,20,9.6215309941e+04
ablation,SBOA,F3,30,20,2.7047345919e+04
ablation,SBOA,F4,30,20,9.4192057884e+01
ablation,SBOA,F5,30,20,6.1861822122e+01
ablation,MSSBOA,F19,30,19,7.3627622443e+03
ablation,MSSBOA,F20,30,19,1.5469930494e+02
ablation,MSSBOA,F21,30,19,2.6050980773e+02
ablation,MSSBOA,F22,30,19,1.0093078077e+02
ablation,SBOA,F6,30,20,1.1359824948e+01
ablation,SBOA,F7,30,20,1.3716734651e+02
ablation,SBOA,F8,30,20,7.3140207121e+01
ablation,SBOA,F9,30,20,3.1452363316e+01
ablation,SBOA,F10,30,20,2.8703242965e+03
ablation,SBOA,F11,30,20,5.5836942310e+01
ablation,SBOA,F12,30,20,1.7709617746e+06
ablation,SBOA,F13,30,20,2.7489072128e+03
ablation,MSSBOA,F23,30,19,3.9031285917e+02
ablation,MSSBOA,F24,30,19,4.5334185378e+02
ablation,MSSBOA,F25,30,19,3.9103648205e+02
ablation,MSSBOA,F26,30,19,2.4355710848e+03
ablation,SBOA,F14,30,20,2.1669879043e+04
ablation,SBOA,F15,30,20,2.8178513034e+03
ablation,SBOA,F16,30,20,9.6311753527e+02
ablation,SBOA,F17,30,20,1.1145191573e+02
ablation,SBOA,F18,30,20,7.7720186888e+05
ablation,SBOA,F19,30,20,8.0059378579e+03
ablation,SBOA,F20,30,20,2.4637379808e+02
ablation,SBOA,F21,30,20,2.6722435549e+02
ablation,MSSBOA,F27,30,19,5.2147931549e+02
ablation,MSSBOA,F28,30,19,4.6195099934e+02
ablation,MSSBOA,F29,30,19,9.5794767711e+02
ablation,MSSBOA,F30,30,19,6.2029103540e+04
ablation,SBOA,F22,30,20,1.0431463172e+02
ablation,SBOA,F23,30,20,4.0950458972e+02
ablation,SBOA,F24,30,20,4.7762230265e+02
ablation,SBOA,F25,30,20,3.8958312990e+02
ablation,SBOA-GPSI,F5,30,20,9.2560652807e+01
ablation,SBOA-GPSI,F6,30,20,1.1767447408e+01
ablation,SBOA-GPSI,F7,30,20,8.6203899086e+01
ablation,SBOA-GPSI,F8,30,20,5.8859596317e+01
ablation,SBOA,F30,30,20,6.9213896391e+04
ablation,SBOA-GPSI,F1,30,20,2.2140953059e+04
ablation,SBOA-GPSI,F3,30,20,3.5082724273e+04
ablation,SBOA-GPSI,F4,30,20,8.6946562821e+01
ablation,SBOA-GPSI,F9,30,20,5.0746569732e+01
ablation,SBOA-GPSI,F10,30,20,4.3276417721e+03
ablation,SBOA-GPSI,F11,30,20,8.8233335221e+01
ablation,SBOA-GPSI,F12,30,20,1.6371429059e+06
ablation,SBOA-GPSI,F13,30,20,9.6785078682e+03
ablation,SBOA-GPSI,F14,30,20,1.9836771381e+04
ablation,SBOA-GPSI,F15,30,20,6.5483811243e+03
ablation,SBOA-GPSI,F16,30,20,8.6728317541e+02
ablation,SBOA,F26,30,20,1.7588514305e+03
ablation,SBOA,F27,30,20,5.6022759508e+02
ablation,SBOA,F28,30,20,4.1718795095e+02
ablation,SBOA,F29,30,20,5.8348510037e+02
ablation,SBOA-GPSI,F17,30,20,2.1796359307e+02
ablation,SBOA-GPSI,F18,30,20,3.8892994905e+05
ablation,SBOA-GPSI,F19,30,20,2.4705022845e+04
ablation,SBOA-GPSI,F20,30,20,2.0257635587e+02
ablation,SBOA-LOBL,F4,30,20,7.5237934323e+01
ablation,SBOA-LOBL,F5,30,20,8.2538416697e+01
ablation,SBOA-LOBL,F6,30,20,1.6347105679e+01
ablation,SBOA-LOBL,F7,30,20,1.1106383959e+02
ablation,SBOA-GPSI,F21,30,20,2.4263621970e+02
ablation,SBOA-GPSI,F22,30,20,1.1455351303e+02
ablation,SBOA-GPSI,F23,30,20,3.7282337129e+02
ablation,SBOA-GPSI,F24,30,20,4.8283502918e+02
ablation,SBOA-LOBL,F8,30,20,6.3284192006e+01
ablation,SBOA-LOBL,F9,30,20,4.9102249645e+01
ablation,SBOA-LOBL,F10,30,20,3.8563628864e+03
ablation,SBOA-LOBL,F11,30,20,9.5714540228e+01
ablation,SBOA-GPSI,F29,30,20,7.4726824388e+02
ablation,SBOA-GPSI,F30,30,20,4.8935153672e+05
ablation,SBOA-LOBL,F1,30,20,5.0002949233e+04
ablation,SBOA-LOBL,F3,30,20,3.7608714024e+04
ablation,SBOA-GPSI,F25,30,20,4.2446983816e+02
ablation,SBOA-GPSI,F26,30,20,1.8560845705e+03
ablation,SBOA-GPSI,F27,30,20,4.9301278181e+02
ablation,SBOA-GPSI,F28,30,20,4.8663054814e+02
ablation,SBOA-LOBL,F12,30,20,1.4050398385e+06
ablation,SBOA-LOBL,F13,30,20,5.5065438090e+02
ablation,SBOA-LOBL,F14,30,20,3.7697896853e+03
ablation,SBOA-LOBL,F15,30,20,1.1699787657e+03
ablation,SBOA-LOBL,F16,30,20,7.2127154004e+02
ablation,SBOA-LOBL,F17,30,20,4.9699854088e+02
ablation,SBOA-LOBL,F18,30,20,2.3007439120e+06
ablation,SBOA-LOBL,F19,30,20,1.1526475561e+03
ablation,SBOA-ACGM,F3,30,20,4.3971198979e+04
ablation,SBOA-ACGM,F4,30,20,9.2429891142e+01
ablation,SBOA-ACGM,F5,30,20,6.6035235745e+01
ablation,SBOA-ACGM,F6,30,20,6.9891060881e+00
ablation,SBOA-LOBL,F20,30,20,2.1502583517e+02
ablation,SBOA-LOBL,F21,30,20,2.6580965360e+02
ablation,SBOA-LOBL,F22,30,20,1.0143537245e+02
ablation,SBOA-LOBL,F23,30,20,4.2561428281e+02
ablation,SBOA-LOBL,F24,30,20,4.5620213521e+02
ablation,SBOA-LOBL,F25,30,20,3.8793934946e+02
ablation,SBOA-LOBL,F26,30,20,1.7911759328e+03
ablation,SBOA-LOBL,F27,30,20,5.3524516283e+02
ablation,SBOA-ACGM,F7,30,20,9.0772854499e+01
ablation,SBOA-ACGM,F8,30,20,5.6581767281e+01
ablation,SBOA-ACGM,F9,30,20,2.7303764643e+02
ablation,SBOA-ACGM,F10,30,20,3.8105997878e+03
ablation,SBOA-LOBL,F28,30,20,4.4642037820e+02
ablation,SBOA-LOBL,F29,30,20,9.0008620073e+02
ablation,SBOA-LOBL,F30,30,20,1.3972282796e+04
ablation,SBOA-ACGM,F1,30,20,1.6191782957e+04
ablation,SBOA-ACGM,F11,30,20,6.3997179822e+01
ablation,SBOA-ACGM,F12,30,20,3.6422172613e+06
ablation,SBOA-ACGM,F13,30,20,9.9301198316e+03
ablation,SBOA-ACGM,F14,30,20,4.5548506474e+03
ablation,SBOA-ACGM,F15,30,20,4.3802093420e+03
ablation,SBOA-ACGM,F16,30,20,1.0571273216e+03
ablation,SBOA-ACGM,F17,30,20,4.1321093151e+02
ablation,SBOA-ACGM,F18,30,20,2.4515425332e+05
ablation,SBOA-GPSI-LOBL,F1,30,20,4.6309356260e+04
ablation,SBOA-GPSI-LOBL,F3,30,20,3.8733078962e+04
ablation,SBOA-GPSI-LOBL,F4,30,20,7.7814541211e+01
ablation,SBOA-GPSI-LOBL,F5,30,20,7.3109844798e+01
ablation,SBOA-ACGM,F19,30,20,5.3224435221e+04
ablation,SBOA-ACGM,F20,30,20,2.3175880756e+02
ablation,SBOA-ACGM,F21,30,20,2.7348866768e+02
ablation,SBOA-ACGM,F22,30,20,1.0348264408e+02
ablation,SBOA-GPSI-LOBL,F6,30,20,1.3666926046e+01
ablation,SBOA-GPSI-LOBL,F7,30,20,8.6740141705e+01
ablation,SBOA-GPSI-LOBL,F8,30,20,1.1634561858e+02
ablation,SBOA-GPSI-LOBL,F9,30,20,3.8903330976e+02
ablation,SBOA-ACGM,F23,30,20,4.0340362514e+02
ablation,SBOA-ACGM,F24,30,20,5.0435167418e+02
ablation,SBOA-ACGM,F25,30,20,3.8762711706e+02
ablation,SBOA-ACGM,F26,30,20,1.4532902529e+03
ablation,SBOA-GPSI-LOBL,F10,30,20,3.0832217148e+03
ablation,SBOA-GPSI-LOBL,F11,30,20,6.0946551832e+01
ablation,SBOA-GPSI-LOBL,F12,30,20,1.4828891625e+06
ablation,SBOA-GPSI-LOBL,F13,30,20,1.8868168683e+04
ablation,SBOA-ACGM,F27,30,20,5.3490353222e+02
ablation,SBOA-ACGM,F28,30,20,4.0917930051e+02
ablation,SBOA-ACGM,F29,30,20,9.6718958606e+02
ablation,SBOA-ACGM,F30,30,20,1.0853063708e+04
ablation,SBOA-GPSI-LOBL,F14,30,20,4.2199270699e+03
ablation,SBOA-GPSI-LOBL,F15,30,20,2.2310884055e+03
ablation,SBOA-GPSI-LOBL,F16,30,20,1.1099093758e+03
ablation,SBOA-GPSI-LOBL,F17,30,20,2.8313690481e+02
ablation,SBOA-GPSI-LOBL,F18,30,20,6.2005334758e+04
ablation,SBOA-GPSI-LOBL,F19,30,20,2.1884018641e+03
ablation,SBOA-GPSI-LOBL,F20,30,20,8.9811198719e+01
ablation,SBOA-GPSI-LOBL,F21,30,20,2.9014874179e+02
ablation,SBOA-GPSI-ACGM,F5,30,20,7.1330017450e+01
ablation,SBOA-GPSI-ACGM,F6,30,20,6.9187514999e+00
ablation,SBOA-GPSI-ACGM,F7,30,20,1.0822469692e+02
ablation,SBOA-GPSI-ACGM,F8,30,20,6.5105139837e+01
ablation,SBOA-GPSI-LOBL,F22,30,20,1.0158720443e+02
ablation,SBOA-GPSI-LOBL,F23,30,20,3.6828376101e+02
ablation,SBOA-GPSI-LOBL,F24,30,20,4.7712462976e+02
ablation,SBOA-GPSI-LOBL,F25,30,20,3.9070930067e+02
ablation,SBOA-GPSI-LOBL,F30,30,20,7.2242859979e+04
ablation,SBOA-GPSI-ACGM,F1,30,20,2.5897618939e+04
ablation,SBOA-GPSI-ACGM,F3,30,20,3.9755934086e+04
ablation,SBOA-GPSI-ACGM,F4,30,20,1.1480337774e+02
ablation,SBOA-GPSI-ACGM,F9,30,20,5.2176994347e+01
ablation,SBOA-GPSI-ACGM,F10,30,20,3.9955821964e+03
ablation,SBOA-GPSI-ACGM,F11,30,20,1.1323177617e+02
ablation,SBOA-GPSI-ACGM,F12,30,20,2.3828597934e+05
ablation,SBOA-GPSI-ACGM,F13,30,20,3.6776128692e+04
ablation,SBOA-GPSI-ACGM,F14,30,20,2.2840823824e+04
ablation,SBOA-GPSI-ACGM,F15,30,20,1.4280890562e+03
ablation,SBOA-GPSI-ACGM,F16,30,20,8.2903907465e+02
ablation,SBOA-GPSI-ACGM,F17,30,20,1.1233502572e+02
ablation,SBOA-GPSI-ACGM,F18,30,20,2.6053125288e+05
ablation,SBOA-GPSI-ACGM,F19,30,20,3.1887164692e+03
ablation,SBOA-GPSI-ACGM,F20,30,20,7.3571930538e+02
ablation,SBOA-GPSI-LOBL,F26,30,20,1.4361173205e+03
ablation,SBOA-GPSI-LOBL,F27,30,20,5.4219168044e+02
ablation,SBOA-GPSI-LOBL,F28,30,20,4.8078437402e+02
ablation,SBOA-GPSI-LOBL,F29,30,20,1.0326752311e+03
ablation,SBOA-LOBL-ACGM,F4,30,20,9.1727132603e+01
ablation,SBOA-LOBL-ACGM,F5,30,20,7.6279408163e+01
ablation,SBOA-LOBL-ACGM,F6,30,20,1.6059817841e+01
ablation,SBOA-LOBL-ACGM,F7,30,20,1.6105174643e+02
ablation,SBOA-GPSI-ACGM,F21,30,20,2.4620374277e+02
ablation,SBOA-GPSI-ACGM,F22,30,20,1.0353809203e+02
ablation,SBOA-GPSI-ACGM,F23,30,20,3.9370867887e+02
ablation,SBOA-GPSI-ACGM,F24,30,20,4.7448692200e+02
ablation,SBOA-GPSI-ACGM,F25,30,20,3.8915107783e+02
ablation,SBOA-GPSI-ACGM,F26,30,20,1.5130765029e+03
ablation,SBOA-GPSI-ACGM,F27,30,20,5.0307968141e+02
ablation,SBOA-GPSI-ACGM,F28,30,20,4.1338315672e+02
ablation,SBOA-LOBL-ACGM,F8,30,20,5.2227757657e+01
ablation,SBOA-LOBL-ACGM,F9,30,20,1.7929054712e+01
ablation,SBOA-LOBL-ACGM,F10,30,20,4.5195950676e+03
ablation,SBOA-LOBL-ACGM,F11,30,20,5.8535078650e+01
ablation,SBOA-GPSI-ACGM,F29,30,20,9.8877151161e+02
ablation,SBOA-GPSI-ACGM,F30,30,20,4.7222933298e+04
ablation,SBOA-LOBL-ACGM,F1,30,20,5.2437820610e+04
ablation,SBOA-LOBL-ACGM,F3,30,20,5.2332851340e+04
ablation,SBOA-LOBL-ACGM,F12,30,20,1.0993663935e+06
ablation,SBOA-LOBL-ACGM,F13,30,20,6.0373952504e+04
ablation,SBOA-LOBL-ACGM,F14,30,20,2.0812279458e+05
ablation,SBOA-LOBL-ACGM,F15,30,20,7.1939874440e+02
ablation,SBOA-LOBL-ACGM,F16,30,20,8.4992036809e+02
ablation,SBOA-LOBL-ACGM,F17,30,20,5.0247849708e+01
ablation,SBOA-LOBL-ACGM,F18,30,20,2.9279609881e+06
ablation,SBOA-LOBL-ACGM,F19,30,20,8.7981873141e+03
ablation,SBOA-LOBL-ACGM,F20,30,20,4.4943087226e+02
ablation,SBOA-LOBL-ACGM,F21,30,20,2.6634822518e+02
ablation,SBOA-LOBL-ACGM,F22,30,20,1.0131493671e+02
ablation,SBOA-LOBL-ACGM,F23,30,20,4.3586022799e+02
ablation,MSSBOA,F3,30,20,1.7061686602e+04
ablation,MSSBOA,F4,30,20,1.2159812711e+02
ablation,MSSBOA,F5,30,20,8.6763981136e+01
ablation,MSSBOA,F6,30,20,6.1230234493e+00
ablation,SBOA-LOBL-ACGM,F24,30,20,4.4794055491e+02
ablation,SBOA-LOBL-ACGM,F25,30,20,3.8786647282e+02
ablation,SBOA-LOBL-ACGM,F26,30,20,4.3174357226e+02
ablation,SBOA-LOBL-ACGM,F27,30,20,5.2134010977e+02
ablation,MSSBOA,F7,30,20,1.7868806979e+02
ablation,MSSBOA,F8,30,20,6.6965299035e+01
ablation,MSSBOA,F9,30,20,2.7562791119e+02
ablation,MSSBOA,F10,30,20,4.7147693153e+03
ablation,SBOA-LOBL-ACGM,F28,30,20,4.4798887265e+02
ablation,SBOA-LOBL-ACGM,F29,30,20,7.1072181313e+02
ablation,SBOA-LOBL-ACGM,F30,30,20,3.6021811880e+04
ablation,MSSBOA,F1,30,20,4.1287761565e+04
ablation,MSSBOA,F11,30,20,4.1415122052e+01
ablation,MSSBOA,F12,30,20,9.1623697200e+05
ablation,MSSBOA,F13,30,20,5.1260111782e+04
ablation,MSSBOA,F14,30,20,8.5460823205e+03
ablation,MSSBOA,F15,30,20,3.0786406392e+04
ablation,MSSBOA,F16,30,20,8.5026254501e+02
ablation,MSSBOA,F17,30,20,3.4305030385e+02
ablation,MSSBOA,F18,30,20,4.3578247397e+05
ablation,SBOA,F1,30,21,2.4625353250e+04
ablation,SBOA,F3,30,21,5.7590065634e+04
ablation,SBOA,F4,30,21,1.1732215176e+02
ablation,SBOA,F5,30,21,5.5110242684e+01
ablation,MSSBOA,F19,30,20,6.3628195410e+04
ablation,MSSBOA,F20,30,20,1.0024500912e+02
ablation,MSSBOA,F21,30,20,2.7658490082e+02
ablation,MSSBOA,F22,30,20,1.0090223122e+02
ablation,SBOA,F6,30,21,8.9299238262e+00
ablation,SBOA,F7,30,21,1.0355760374e+02
ablation,SBOA,F8,30,21,1.2741051164e+02
ablation,SBOA,F9,30,21,9.2946633839e+01
ablation,SBOA,F10,30,21,3.7875989329e+03
ablation,SBOA,F11,30,21,7.1253072887e+01
ablation,SBOA,F12,30,21,4.7591550677e+06
ablation,SBOA,F13,30,21,4.3244482697e+04
ablation,MSSBOA,F23,30,20,4.3344493800e+02
ablation,MSSBOA,F24,30,20,4.7887411471e+02
ablation,MSSBOA,F25,30,20,3.9735896480e+02
ablation,MSSBOA,F26,30,20,2.2370406259e+03
ablation,SBOA,F14,30,21,1.8626574968e+04
ablation,SBOA,F15,30,21,1.0213724632e+04
ablation,SBOA,F16,30,21,1.0145691368e+03
ablation,SBOA,F17,30,21,4.0330189752e+02
ablation,MSSBOA,F27,30,20,5.0920537126e+02
ablation,MSSBOA,F28,30,20,4.6247102422e+02
ablation,MSSBOA,F29,30,20,1.0269147967e+03
ablation,MSSBOA,F30,30,20,1.4308097143e+05
ablation,SBOA,F18,30,21,6.0042028074e+04
ablation,SBOA,F19,30,21,6.2453301491e+02
ablation,SBOA,F20,30,21,3.6498010864e+02
ablation,SBOA,F21,30,21,2.6213066703e+02
ablation,SBOA-GPSI,F5,30,21,8.9428326985e+01
ablation,SBOA-GPSI,F6,30,21,1.7361856644e+01
ablation,SBOA-GPSI,F7,30,21,1.5275797673e+02
ablation,SBOA-GPSI,F8,30,21,7.6285542435e+01
ablation,SBOA,F22,30,21,1.0029544762e+02
ablation,SBOA,F23,30,21,4.3446262692e+02
ablation,SBOA,F24,30,21,4.6906349974e+02
ablation,SBOA,F25,30,21,3.8891335215e+02
ablation,SBOA,F30,30,21,2.1838834436e+04
ablation,SBOA-GPSI,F1,30,21,2.0396191157e+04
ablation,SBOA-GPSI,F3,30,21,3.0892438674e+04
ablation,SBOA-GPSI,F4,30,21,7.5181092516e+01
ablation,SBOA-GPSI,F9,30,21,2.6835271142e+01
ablation,SBOA-GPSI,F10,30,21,3.0525881088e+03
ablation,SBOA-GPSI,F11,30,21,8.8815527895e+01
ablation,SBOA-GPSI,F12,30,21,7.1013395429e+05
ablation,SBOA,F26,30,21,1.8336241977e+03
ablation,SBOA,F27,30,21,5.3617875011e+02
ablation,SBOA,F28,30,21,4.3639768844e+02
ablation,SBOA,F29,30,21,7.2465324570e+02
ablation,SBOA-GPSI,F13,30,21,1.4138277176e+04
ablation,SBOA-GPSI,F14,30,21,1.2687888091e+04
ablation,SBOA-GPSI,F15,30,21,2.1271696700e+04
ablation,SBOA-GPSI,F16,30,21,6.4469407905e+02
ablation,SBOA-GPSI,F17,30,21,2.0522808707e+02
ablation,SBOA-GPSI,F18,30,21,3.2998161868e+05
ablation,SBOA-GPSI,F19,30,21,3.4637928569e+03
ablation,SBOA-GPSI,F20,30,21,3.6696093478e+02
ablation,SBOA-LOBL,F4,30,21,1.1722852866e+02
ablation,SBOA-LOBL,F5,30,21,8.6761142804e+01
ablation,SBOA-LOBL,F6,30,21,7.0468791156e+00
ablation,SBOA-LOBL,F7,30,21,9.0360170238e+01
ablation,SBOA-GPSI,F21,30,21,2.5309627669e+02
ablation,SBOA-GPSI,F22,30,21,3.2380158821e+03
ablation,SBOA-GPSI,F23,30,21,3.6064375329e+02
ablation,SBOA-GPSI,F24,30,21,4.6985671562e+02
ablation,SBOA-GPSI,F29,30,21,8.6339595420e+02
ablation,SBOA-GPSI,F30,30,21,8.3870653384e+04
ablation,SBOA-LOBL,F1,30,21,7.9098004499e+04
ablation,SBOA-LOBL,F3,30,21,1.9010749479e+04
ablation,SBOA-LOBL,F8,30,21,6.2323530236e+01
ablation,SBOA-LOBL,F9,30,21,1.8034163488e+01
ablation,SBOA-LOBL,F10,30,21,4.0323128466e+03
ablation,SBOA-LOBL,F11,30,21,1.5465163792e+02
ablation,SBOA-GPSI,F25,30,21,3.8822105470e+02
ablation,SBOA-GPSI,F26,30,21,2.1501922834e+03
ablation,SBOA-GPSI,F27,30,21,5.3122167805e+02
ablation,SBOA-GPSI,F28,30,21,4.1197594220e+02
ablation,SBOA-LOBL,F12,30,21,2.8015496324e+05
ablation,SBOA-LOBL,F13,30,21,5.7096202408e+03
ablation,SBOA-LOBL,F14,30,21,8.5992616713e+04
ablation,SBOA-LOBL,F15,30,21,2.6332005443e+04
ablation,SBOA-LOBL,F16,30,21,1.0107439630e+03
ablation,SBOA-LOBL,F17,30,21,3.8990543478e+02
ablation,SBOA-LOBL,F18,30,21,2.4741075707e+05
ablation,SBOA-LOBL,F19,30,21,9.9982906043e+02
ablation,SBOA-LOBL,F20,30,21,2.2731450241e+02
ablation,SBOA-LOBL,F21,30,21,2.3866128965e+02
ablation,SBOA-LOBL,F22,30,21,1.0108461705e+02
ablation,SBOA-LOBL,F23,30,21,4.2478149570e+02
ablation,SBOA-ACGM,F3,30,21,2.8267328754e+04
ablation,SBOA-ACGM,F4,30,21,1.1568118100e+01
ablation,SBOA-ACGM,F5,30,21,5.2218288565e+01
ablation,SBOA-ACGM,F6,30,21,1.6883801379e+01
ablation,SBOA-LOBL,F24,30,21,4.5408718789e+02
ablation,SBOA-LOBL,F25,30,21,3.9816358716e+02
ablation,SBOA-LOBL,F26,30,21,2.0434249796e+03
ablation,SBOA-LOBL,F27,30,21,5.3272260819e+02
ablation,SBOA-ACGM,F7,30,21,1.5831717139e+02
ablation,SBOA-ACGM,F8,30,21,5.4859387882e+01
ablation,SBOA-ACGM,F9,30,21,2.6606211752e+01
ablation,SBOA-ACGM,F10,30,21,4.0893576957e+03
ablation,SBOA-ACGM,F11,30,21,9.1810120186e+01
ablation,SBOA-ACGM,F12,30,21,1.9775537439e+05
ablation,SBOA-ACGM,F13,30,21,7.7006616192e+03
ablation,SBOA-ACGM,F14,30,21,9.5715611766e+03
ablation,SBOA-LOBL,F28,30,21,4.2648126401e+02
ablation,SBOA-LOBL,F29,30,21,1.0060584820e+03
ablation,SBOA-LOBL,F30,30,21,5.4894626053e+05
ablation,SBOA-ACGM,F1,30,21,1.0622204096e+04
ablation,SBOA-ACGM,F15,30,21,3.6558161288e+03
ablation,SBOA-ACGM,F16,30,21,1.0146226057e+03
ablation,SBOA-ACGM,F17,30,21,4.1757928661e+02
ablation,SBOA-ACGM,F18,30,21,1.7944886527e+06
ablation,SBOA-GPSI-LOBL,F1,30,21,9.6620967592e+04
ablation,SBOA-GPSI-LOBL,F3,30,21,2.3093727928e+04
ablation,SBOA-GPSI-LOBL,F4,30,21,8.1019997769e+01
ablation,SBOA-GPSI-LOBL,F5,30,21,7.6291341584e+01
ablation,SBOA-ACGM,F19,30,21,2.7468342261e+03
ablation,SBOA-ACGM,F20,30,21,2.9704507603e+02
ablation,SBOA-ACGM,F21,30,21,2.6600848632e+02
ablation,SBOA-ACGM,F22,30,21,1.0076404217e+02
ablation,SBOA-GPSI-LOBL,F6,30,21,1.2592785215e+01
ablation,SBOA-GPSI-LOBL,F7,30,21,1.1800737896e+02
ablation,SBOA-GPSI-LOBL,F8,30,21,8.1092996300e+01
ablation,SBOA-GPSI-LOBL,F9,30,21,5.9863251090e+02
ablation,SBOA-ACGM,F23,30,21,3.9809262034e+02
ablation,SBOA-ACGM,F24,30,21,4.6213651093e+02
ablation,SBOA-ACGM,F25,30,21,3.8755655863e+02
ablation,SBOA-ACGM,F26,30,21,1.0519746954e+03
ablation,SBOA-GPSI-LOBL,F10,30,21,3.4729442952e+03
ablation,SBOA-GPSI-LOBL,F11,30,21,5.2319646851e+01
ablation,SBOA-GPSI-LOBL,F12,30,21,3.8169999984e+04
ablation,SBOA-GPSI-LOBL,F13,30,21,1.8705037131e+04
ablation,SBOA-GPSI-LOBL,F14,30,21,2.2969062570e+04
ablation,SBOA-GPSI-LOBL,F15,30,21,5.0701199875e+02
ablation,SBOA-GPSI-LOBL,F16,30,21,4.3669061588e+02
ablation,SBOA-GPSI-LOBL,F17,30,21,2.3038300161e+02
ablation,SBOA-GPSI-LOBL,F18,30,21,4.4726047146e+05
ablation,SBOA-GPSI-LOBL,F19,30,21,1.7309951737e+03
ablation,SBOA-GPSI-LOBL,F20,30,21,2.2544801288e+02
ablation,SBOA-GPSI-LOBL,F21,30,21,2.7385388871e+02
ablation,SBOA-ACGM,F27,30,21,5.2394834066e+02
ablation,SBOA-ACGM,F28,30,21,4.6954524641e+02
ablation,SBOA-ACGM,F29,30,21,5.6285290809e+02
ablation,SBOA-ACGM,F30,30,21,2.8285220226e+04
ablation,SBOA-GPSI-ACGM,F5,30,21,9.8018827560e+01
ablation,SBOA-GPSI-ACGM,F6,30,21,1.2760508667e+01
ablation,SBOA-GPSI-ACGM,F7,30,21,1.5713047864e+02
ablation,SBOA-GPSI-ACGM,F8,30,21,6.2457435691e+01
ablation,SBOA-GPSI-LOBL,F22,30,21,1.0369936403e+02
ablation,SBOA-GPSI-LOBL,F23,30,21,3.9515002840e+02
ablation,SBOA-GPSI-LOBL,F24,30,21,4.7594514216e+02
ablation,SBOA-GPSI-LOBL,F25,30,21,4.2384246840e+02
ablation,SBOA-GPSI-LOBL,F30,30,21,9.2433398428e+03
ablation,SBOA-GPSI-ACGM,F1,30,21,4.4424074195e+04
ablation,SBOA-GPSI-ACGM,F3,30,21,3.8626435764e+04
ablation,SBOA-GPSI-ACGM,F4,30,21,1.2236948966e+02
ablation,SBOA-GPSI-ACGM,F9,30,21,1.0663329830e+02
ablation,SBOA-GPSI-ACGM,F10,30,21,3.2355666455e+03
ablation,SBOA-GPSI-ACGM,F11,30,21,1.3520183942e+02
ablation,SBOA-GPSI-ACGM,F12,30,21,1.5332697800e+06
ablation,SBOA-GPSI-ACGM,F13,30,21,2.7795734391e+04
ablation,SBOA-GPSI-ACGM,F14,30,21,7.6997961843e+04
ablation,SBOA-GPSI-ACGM,F15,30,21,2.7789500791e+03
ablation,SBOA-GPSI-ACGM,F16,30,21,1.3988548724e+03
ablation,SBOA-GPSI-LOBL,F26,30,21,2.1946128117e+03
ablation,SBOA-GPSI-LOBL,F27,30,21,5.2148442189e+02
ablation,SBOA-GPSI-LOBL,F28,30,21,4.4150295151e+02
ablation,SBOA-GPSI-LOBL,F29,30,21,6.3100789224e+02
ablation,SBOA-GPSI-ACGM,F17,30,21,5.1032490161e+02
ablation,SBOA-GPSI-ACGM,F18,30,21,2.0025933000e+06
ablation,SBOA-GPSI-ACGM,F19,30,21,3.7279402444e+03
ablation,SBOA-GPSI-ACGM,F20,30,21,6.6261195317e+02
ablation,SBOA-LOBL-ACGM,F4,30,21,1.1748918594e+02
ablation,SBOA-LOBL-ACGM,F5,30,21,3.7071562433e+01
ablation,SBOA-LOBL-ACGM,F6,30,21,5.7999166823e+00
ablation,SBOA-LOBL-ACGM,F7,30,21,1.2045769415e+02
ablation,SBOA-GPSI-ACGM,F21,30,21,2.4804342179e+02
ablation,SBOA-GPSI-ACGM,F22,30,21,1.0196979187e+02
ablation,SBOA-GPSI-ACGM,F23,30,21,4.1769341005e+02
ablation,SBOA-GPSI-ACGM,F24,30,21,5.1134789204e+02
ablation,SBOA-LOBL-ACGM,F8,30,21,1.0403587670e+02
ablation,SBOA-LOBL-ACGM,F9,30,21,3.3566552148e+02
ablation,SBOA-LOBL-ACGM,F10,30,21,3.5430551125e+03
ablation,SBOA-LOBL-ACGM,F11,30,21,1.0219662441e+02
ablation,SBOA-GPSI-ACGM,F25,30,21,3.8841404836e+02
ablation,SBOA-GPSI-ACGM,F26,30,21,1.7199796204e+03
ablation,SBOA-GPSI-ACGM,F27,30,21,5.3420935870e+02
ablation,SBOA-GPSI-ACGM,F28,30,21,4.7504638412e+02
ablation,SBOA-LOBL-ACGM,F12,30,21,8.8570183130e+05
ablation,SBOA-LOBL-ACGM,F13,30,21,9.7609451239e+03
ablation,SBOA-LOBL-ACGM,F14,30,21,2.1070151503e+04
ablation,SBOA-LOBL-ACGM,F15,30,21,3.0110731327e+04
ablation,SBOA-GPSI-ACGM,F29,30,21,9.1641689587e+02
ablation,SBOA-GPSI-ACGM,F30,30,21,1.2594911834e+04
ablation,SBOA-LOBL-ACGM,F1,30,21,1.4205295298e+05
ablation,SBOA-LOBL-ACGM,F3,30,21,5.1947656466e+04
ablation,SBOA-LOBL-ACGM,F16,30,21,9.9872926859e+02
ablation,SBOA-LOBL-ACGM,F17,30,21,4.4561135518e+02
ablation,SBOA-LOBL-ACGM,F18,30,21,4.7404880000e+05
ablation,SBOA-LOBL-ACGM,F19,30,21,6.3895033346e+03
ablation,MSSBOA,F3,30,21,4.1345647960e+04
ablation,MSSBOA,F4,30,21,7.5101246108e+01
ablation,MSSBOA,F5,30,21,5.7043972978e+01
ablation,MSSBOA,F6,30,21,1.8141827774e+01
ablation,SBOA-LOBL-ACGM,F20,30,21,2.7724976362e+02
ablation,SBOA-LOBL-ACGM,F21,30,21,2.4458638585e+02
ablation,SBOA-LOBL-ACGM,F22,30,21,1.0346473192e+02
ablation,SBOA-LOBL-ACGM,F23,30,21,3.7524457982e+02
ablation,MSSBOA,F7,30,21,1.5844560584e+02
ablation,MSSBOA,F8,30,21,1.1282576146e+02
ablation,MSSBOA,F9,30,21,1.4401540739e+02
ablation,MSSBOA,F10,30,21,3.5949450274e+03
ablation,SBOA-LOBL-ACGM,F24,30,21,4.5661638816e+02
ablation,SBOA-LOBL-ACGM,F25,30,21,3.8759301851e+02
ablation,SBOA-LOBL-ACGM,F26,30,21,1.7523432929e+03
ablation,SBOA-LOBL-ACGM,F27,30,21,5.1549074740e+02
ablation,MSSBOA,F11,30,21,1.0802897654e+02
ablation,MSSBOA,F12,30,21,1.7244209979e+06
ablation,MSSBOA,F13,30,21,1.0276525796e+04
ablation,MSSBOA,F14,30,21,5.1320090570e+03
ablation,SBOA-LOBL-ACGM,F28,30,21,4.6437009644e+02
ablation,SBOA-LOBL-ACGM,F29,30,21,6.1881944312e+02
ablation,SBOA-LOBL-ACGM,F30,30,21,2.5044091112e+04
ablation,MSSBOA,F1,30,21,2.8529906570e+04
ablation,MSSBOA,F15,30,21,1.8147603685e+04
ablation,MSSBOA,F16,30,21,1.1227934828e+03
ablation,MSSBOA,F17,30,21,3.1666724806e+02
ablation,MSSBOA,F18,30,21,6.4077253320e+05
ablation,SBOA,F1,30,22,1.4448309019e+04
ablation,SBOA,F3,30,22,2.6426158610e+04
ablation,SBOA,F4,30,22,1.1680198732e+02
ablation,SBOA,F5,30,22,5.0404961387e+01
ablation,MSSBOA,F19,30,21,8.8156636795e+03
ablation,MSSBOA,F20,30,21,2.9088273628e+02
ablation,MSSBOA,F21,30,21,2.7375470421e+02
ablation,MSSBOA,F22,30,21,1.0592504219e+02
ablation,SBOA,F6,30,22,2.0546784396e+00
ablation,SBOA,F7,30,22,1.0610412284e+02
ablation,SBOA,F8,30,22,7.2727455376e+01
ablation,SBOA,F9,30,22,2.2614552829e+02
ablation,SBOA,F10,30,22,4.2942946727e+03
ablation,SBOA,F11,30,22,6.2335959763e+01
ablation,SBOA,F12,30,22,1.5186345804e+06
ablation,SBOA,F13,30,22,1.3314909317e+04
ablation,MSSBOA,F23,30,21,3.7650977831e+02
ablation,MSSBOA,F24,30,21,4.8668169539e+02
ablation,MSSBOA,F25,30,21,3.8881693940e+02
ablation,MSSBOA,F26,30,21,2.2879905658e+03
ablation,SBOA,F14,30,22,3.9156640516e+03
ablation,SBOA,F15,30,22,4.9330821088e+02
ablation,SBOA,F16,30,22,8.6113555245e+02
ablation,SBOA,F17,30,22,1.0906023593e+02
ablation,SBOA,F18,30,22,3.5683315923e+05
ablation,SBOA,F19,30,22,8.4645191219e+03
ablation,SBOA,F20,30,22,1.6382119556e+02
ablation,SBOA,F21,30,22,2.4424728177e+02
ablation,MSSBOA,F27,30,21,5.4160946357e+02
ablation,MSSBOA,F28,30,21,4.7017563464e+02
ablation,MSSBOA,F29,30,21,5.5023140448e+02
ablation,MSSBOA,F30,30,21,9.2063455701e+04
ablation,SBOA,F22,30,22,1.0374131057e+02
ablation,SBOA,F23,30,22,4.2925036400e+02
ablation,SBOA,F24,30,22,5.2139715790e+02
ablation,SBOA,F25,30,22,3.9588949419e+02
ablation,SBOA-GPSI,F5,30,22,5.5696085890e+01
ablation,SBOA-GPSI,F6,30,22,9.4594019523e+00
ablation,SBOA-GPSI,F7,30,22,1.3280579461e+02
ablation,SBOA-GPSI,F8,30,22,5.7582694496e+01
ablation,SBOA,F30,30,22,3.7543006721e+04
ablation,SBOA-GPSI,F1,30,22,1.1934507281e+05
ablation,SBOA-GPSI,F3,30,22,3.9507606362e+04
ablation,SBOA-GPSI,F4,30,22,1.0844969407e+02
ablation,SBOA-GPSI,F9,30,22,9.2928263784e+01
ablation,SBOA-GPSI,F10,30,22,4.4828762914e+03
ablation,SBOA-GPSI,F11,30,22,3.4229970086e+01
ablation,SBOA-GPSI,F12,30,22,9.9304793727e+05
ablation,SBOA-GPSI,F13,30,22,1.7729093891e+04
ablation,SBOA-GPSI,F14,30,22,8.0995799004e+04
ablation,SBOA-GPSI,F15,30,22,7.7308029873e+03
ablation,SBOA-GPSI,F16,30,22,3.9063860013e+02
ablation,SBOA,F26,30,22,1.5723796849e+03
ablation,SBOA,F27,30,22,5.2978697753e+02
ablation,SBOA,F28,30,22,4.3478545995e+02
ablation,SBOA,F29,30,22,1.0286941020e+03
ablation,SBOA-GPSI,F17,30,22,1.0737482157e+02
ablation,SBOA-GPSI,F18,30,22,1.2315415583e+06
ablation,SBOA-GPSI,F19,30,22,1.0046036569e+04
ablation,SBOA-GPSI,F20,30,22,1.9416334886e+02
ablation,SBOA-LOBL,F4,30,22,1.3122793207e+02
ablation,SBOA-LOBL,F5,30,22,8.6295255830e+01
ablation,SBOA-LOBL,F6,30,22,6.6566818471e+00
ablation,SBOA-LOBL,F7,30,22,1.4846124188e+02
ablation,SBOA-GPSI,F21,30,22,2.6751833211e+02
ablation,SBOA-GPSI,F22,30,22,1.0637779341e+02
ablation,SBOA-GPSI,F23,30,22,4.2286065591e+02
ablation,SBOA-GPSI,F24,30,22,4.6164951367e+02
ablation,SBOA-GPSI,F29,30,22,8.6997328797e+02
ablation,SBOA-GPSI,F30,30,22,3.5640469409e+05
ablation,SBOA-LOBL,F1,30,22,4.6625959778e+04
ablation,SBOA-LOBL,F3,30,22,4.9719502045e+04
ablation,SBOA-LOBL,F8,30,22,8.0603297373e+01
ablation,SBOA-LOBL,F9,30,22,2.5878356458e+01
ablation,SBOA-LOBL,F10,30,22,2.8482194552e+03
ablation,SBOA-LOBL,F11,30,22,1.4967619438e+02
ablation,SBOA-GPSI,F25,30,22,4.3342862569e+02
ablation,SBOA-GPSI,F26,30,22,1.7680226278e+03
ablation,SBOA-GPSI,F27,30,22,5.1626609071e+02
ablation,SBOA-GPSI,F28,30,22,4.7042781196e+02
ablation,SBOA-LOBL,F12,30,22,4.1258652732e+06
ablation,SBOA-LOBL,F13,30,22,1.2164048105e+05
ablation,SBOA-LOBL,F14,30,22,4.7996621654e+03
ablation,SBOA-LOBL,F15,30,22,7.0303141673e+03
ablation,SBOA-LOBL,F16,30,22,6.7198829077e+02
ablation,SBOA-LOBL,F17,30,22,2.4178128567e+02
ablation,SBOA-LOBL,F18,30,22,1.4222288076e+06
ablation,SBOA-LOBL,F19,30,22,9.7937168373e+04
ablation,SBOA-ACGM,F3,30,22,2.2136841728e+04
ablation,SBOA-ACGM,F4,30,22,1.1515016125e+02
ablation,SBOA-ACGM,F5,30,22,9.4129568623e+01
ablation,SBOA-ACGM,F6,30,22,4.6477609751e+00
ablation,SBOA-LOBL,F20,30,22,3.0423833141e+02
ablation,SBOA-LOBL,F21,30,22,2.7526712154e+02
ablation,SBOA-LOBL,F22,30,22,1.0612066249e+02
ablation,SBOA-LOBL,F23,30,22,4.0495991901e+02
ablation,SBOA-ACGM,F7,30,22,1.4223710269e+02
ablation,SBOA-ACGM,F8,30,22,8.1002408909e+01
ablation,SBOA-ACGM,F9,30,22,9.9214425774e+01
ablation,SBOA-ACGM,F10,30,22,2.9364260903e+03
ablation,SBOA-LOBL,F24,30,22,4.9645075175e+02
ablation,SBOA-LOBL,F25,30,22,3.8380490306e+02
ablation,SBOA-LOBL,F26,30,22,2.0229957415e+03
ablation,SBOA-LOBL,F27,30,22,5.1526060753e+02
ablation,SBOA-ACGM,F11,30,22,1.1343238870e+02
ablation,SBOA-ACGM,F12,30,22,3.4063744501e+05
ablation,SBOA-ACGM,F13,30,22,1.0660053434e+04
ablation,SBOA-ACGM,F14,30,22,6.3660065871e+04
ablation,SBOA-LOBL,F28,30,22,4.6423145426e+02
ablation,SBOA-LOBL,F29,30,22,7.2116776177e+02
ablation,SBOA-LOBL,F30,30,22,1.4777075021e+04
ablation,SBOA-ACGM,F1,30,22,2.7607436652e+04
ablation,SBOA-ACGM,F15,30,22,1.8170297720e+03
ablation,SBOA-ACGM,F16,30,22,1.0822672695e+03
ablation,SBOA-ACGM,F17,30,22,2.3474638695e+02
ablation,SBOA-ACGM,F18,30,22,2.6825412357e+05
ablation,SBOA-GPSI-LOBL,F1,30,22,1.1605958913e+05
ablation,SBOA-GPSI-LOBL,F3,30,22,3.1264730883e+04
ablation,SBOA-GPSI-LOBL,F4,30,22,1.1441460243e+02
ablation,SBOA-GPSI-LOBL,F5,30,22,8.4697109370e+01
ablation,SBOA-ACGM,F19,30,22,2.4199484632e+04
ablation,SBOA-ACGM,F20,30,22,1.8494658048e+02
ablation,SBOA-ACGM,F21,30,22,2.6493339917e+02
ablation,SBOA-ACGM,F22,30,22,1.0121741571e+02
ablation,SBOA-GPSI-LOBL,F6,30,22,1.1736808500e+01
ablation,SBOA-GPSI-LOBL,F7,30,22,1.2098292377e+02
ablation,SBOA-GPSI-LOBL,F8,30,22,8.4403596546e+01
ablation,SBOA-GPSI-LOBL,F9,30,22,2.6167315900e+01
ablation,SBOA-ACGM,F23,30,22,4.3380904974e+02
ablation,SBOA-ACGM,F24,30,22,5.0616142639e+02
ablation,SBOA-ACGM,F25,30,22,4.1755940309e+02
ablation,SBOA-ACGM,F26,30,22,1.9932205962e+03
ablation,SBOA-GPSI-LOBL,F10,30,22,4.2667554215e+03
ablation,SBOA-GPSI-LOBL,F11,30,22,1.5008788497e+02
ablation,SBOA-GPSI-LOBL,F12,30,22,1.2440590110e+06
ablation,SBOA-GPSI-LOBL,F13,30,22,3.3637398391e+04
ablation,SBOA-GPSI-LOBL,F14,30,22,4.2236740693e+04
ablation,SBOA-GPSI-LOBL,F15,30,22,2.6252311908e+03
ablation,SBOA-GPSI-LOBL,F16,30,22,9.3105141378e+02
ablation,SBOA-GPSI-LOBL,F17,30,22,2.7528800431e+02
ablation,SBOA-ACGM,F27,30,22,4.9861574849e+02
ablation,SBOA-ACGM,F28,30,22,4.1142277967e+02
ablation,SBOA-ACGM,F29,30,22,8.7544125335e+02
ablation,SBOA-ACGM,F30,30,22,2.4600587520e+05
ablation,SBOA-GPSI-LOBL,F18,30,22,9.0866525853e+05
ablation,SBOA-GPSI-LOBL,F19,30,22,3.8437099709e+03
ablation,SBOA-GPSI-LOBL,F20,30,22,9.4036468599e+01
ablation,SBOA-GPSI-LOBL,F21,30,22,2.7281074030e+02
ablation,SBOA-GPSI-ACGM,F5,30,22,9.9432657464e+01
ablation,SBOA-GPSI-ACGM,F6,30,22,1.1480118213e+01
ablation,SBOA-GPSI-ACGM,F7,30,22,1.5166768648e+02
ablation,SBOA-GPSI-ACGM,F8,30,22,1.1211565173e+02
ablation,SBOA-GPSI-LOBL,F30,30,22,1.7350394775e+05
ablation,SBOA-GPSI-ACGM,F1,30,22,1.5218652236e+04
ablation,SBOA-GPSI-ACGM,F3,30,22,2.3467915400e+04
ablation,SBOA-GPSI-ACGM,F4,30,22,1.1709726136e+02
ablation,SBOA-GPSI-LOBL,F22,30,22,1.0419398012e+02
ablation,SBOA-GPSI-LOBL,F23,30,22,3.9598660141e+02
ablation,SBOA-GPSI-LOBL,F24,30,22,4.7139546284e+02
ablation,SBOA-GPSI-LOBL,F25,30,22,4.0506538207e+02
ablation,SBOA-GPSI-ACGM,F9,30,22,1.9142917133e+02
ablation,SBOA-GPSI-ACGM,F10,30,22,3.4026000972e+03
ablation,SBOA-GPSI-ACGM,F11,30,22,1.3296272310e+02
ablation,SBOA-GPSI-ACGM,F12,30,22,7.7486241300e+05
ablation,SBOA-GPSI-ACGM,F13,30,22,4.7167710046e+03
ablation,SBOA-GPSI-ACGM,F14,30,22,1.0264906634e+04
ablation,SBOA-GPSI-ACGM,F15,30,22,6.2640862169e+03
ablation,SBOA-GPSI-ACGM,F16,30,22,9.0355447144e+02
ablation,SBOA-GPSI-LOBL,F26,30,22,8.1566818633e+02
ablation,SBOA-GPSI-LOBL,F27,30,22,5.2921734188e+02
ablation,SBOA-GPSI-LOBL,F28,30,22,4.6627999031e+02
ablation,SBOA-GPSI-LOBL,F29,30,22,9.6814887538e+02
ablation,SBOA-GPSI-ACGM,F17,30,22,2.2264358238e+02
ablation,SBOA-GPSI-ACGM,F18,30,22,2.0450218531e+05
ablation,SBOA-GPSI-ACGM,F19,30,22,2.0111154617e+04
ablation,SBOA-GPSI-ACGM,F20,30,22,2.5118699312e+02
ablation,SBOA-LOBL-ACGM,F4,30,22,8.8595605748e+01
ablation,SBOA-LOBL-ACGM,F5,30,22,9.1955265344e+01
ablation,SBOA-LOBL-ACGM,F6,30,22,1.2991936101e+01
ablation,SBOA-LOBL-ACGM,F7,30,22,1.2622378680e+02
ablation,SBOA-GPSI-ACGM,F21,30,22,2.4543681905e+02
ablation,SBOA-GPSI-ACGM,F22,30,22,1.0345281917e+02
ablation,SBOA-GPSI-ACGM,F23,30,22,3.9931098649e+02
ablation,SBOA-GPSI-ACGM,F24,30,22,4.7963025051e+02
ablation,SBOA-LOBL-ACGM,F8,30,22,5.5184182289e+01
ablation,SBOA-LOBL-ACGM,F9,30,22,1.9382404500e+01
ablation,SBOA-LOBL-ACGM,F10,30,22,5.0677214390e+03
ablation,SBOA-LOBL-ACGM,F11,30,22,1.1737501069e+02
ablation,SBOA-GPSI-ACGM,F29,30,22,6.7344576281e+02
ablation,SBOA-GPSI-ACGM,F30,30,22,6.7681879119e+04
ablation,SBOA-LOBL-ACGM,F1,30,22,2.1891913528e+05
ablation,SBOA-LOBL-ACGM,F3,30,22,2.6120743804e+04
ablation,SBOA-GPSI-ACGM,F25,30,22,4.1323750885e+02
ablation,SBOA-GPSI-ACGM,F26,30,22,1.7193168057e+03
ablation,SBOA-GPSI-ACGM,F27,30,22,5.3228607742e+02
ablation,SBOA-GPSI-ACGM,F28,30,22,4.5801944346e+02
ablation,SBOA-LOBL-ACGM,F12,30,22,6.3185241359e+05
ablation,SBOA-LOBL-ACGM,F13,30,22,5.4048384369e+02
ablation,SBOA-LOBL-ACGM,F14,30,22,2.5791628786e+03
ablation,SBOA-LOBL-ACGM,F15,30,22,1.9069807379e+03
ablation,SBOA-LOBL-ACGM,F16,30,22,7.5953938367e+02
ablation,SBOA-LOBL-ACGM,F17,30,22,5.1941152010e+02
ablation,SBOA-LOBL-ACGM,F18,30,22,3.7769081585e+05
ablation,SBOA-LOBL-ACGM,F19,30,22,4.4895316839e+03
ablation,MSSBOA,F3,30,22,2.7841499394e+04
ablation,MSSBOA,F4,30,22,1.1984656693e+02
ablation,MSSBOA,F5,30,22,6.3910604538e+01
ablation,MSSBOA,F6,30,22,5.9644268554e+00
ablation,SBOA-LOBL-ACGM,F20,30,22,1.9557231719e+02
ablation,SBOA-LOBL-ACGM,F21,30,22,2.5553885596e+02
ablation,SBOA-LOBL-ACGM,F22,30,22,1.0138932683e+02
ablation,SBOA-LOBL-ACGM,F23,30,22,3.9335195998e+02
ablation,SBOA-LOBL-ACGM,F24,30,22,4.8648712386e+02
ablation,SBOA-LOBL-ACGM,F25,30,22,3.8901286297e+02
ablation,SBOA-LOBL-ACGM,F26,30,22,1.7409786472e+03
ablation,SBOA-LOBL-ACGM,F27,30,22,5.1538631126e+02
ablation,MSSBOA,F7,30,22,1.0014912477e+02
ablation,MSSBOA,F8,30,22,9.6878503133e+01
ablation,MSSBOA,F9,30,22,1.6327306921e+02
ablation,MSSBOA,F10,30,22,3.2018768148e+03
ablation,MSSBOA,F11,30,22,1.1207831732e+02
ablation,MSSBOA,F12,30,22,1.6909786005e+06
ablation,MSSBOA,F13,30,22,4.1942943080e+03
ablation,MSSBOA,F14,30,22,1.7380159658e+04
ablation,SBOA-LOBL-ACGM,F28,30,22,4.3240633273e+02
ablation,SBOA-LOBL-ACGM,F29,30,22,9.6418060363e+02
ablation,SBOA-LOBL-ACGM,F30,30,22,9.6729652013e+03
ablation,MSSBOA,F1,30,22,2.2835405533e+04
ablation,MSSBOA,F15,30,22,5.6392903326e+02
ablation,MSSBOA,F16,30,22,9.6569141159e+02
ablation,MSSBOA,F17,30,22,2.8387192901e+02
ablation,MSSBOA,F18,30,22,1.1356148849e+06
ablation,SBOA,F1,30,23,1.1259012538e+04
ablation,SBOA,F3,30,23,4.0526968969e+04
ablation,SBOA,F4,30,23,9.4209414658e+01
ablation,SBOA,F5,30,23,7.7948123493e+01
ablation,MSSBOA,F19,30,22,5.6287990598e+03
ablation,MSSBOA,F20,30,22,4.0825153382e+02
ablation,MSSBOA,F21,30,22,2.3877044011e+02
ablation,MSSBOA,F22,30,22,1.0636574800e+02
ablation,SBOA,F6,30,23,8.3698098399e+00
ablation,SBOA,F7,30,23,1.4462017999e+02
ablation,SBOA,F8,30,23,2.8875162433e+01
ablation,SBOA,F9,30,23,3.6670898090e+01
ablation,SBOA,F10,30,23,3.7859575595e+03
ablation,SBOA,F11,30,23,4.0944904398e+01
ablation,SBOA,F12,30,23,1.4729098521e+06
ablation,SBOA,F13,30,23,4.0340925492e+04
ablation,MSSBOA,F23,30,22,4.1360999142e+02
ablation,MSSBOA,F24,30,22,4.7008020292e+02
ablation,MSSBOA,F25,30,22,3.8367309389e+02
ablation,MSSBOA,F26,30,22,1.4519474959e+03
ablation,SBOA,F14,30,23,2.6773921335e+03
ablation,SBOA,F15,30,23,8.2311221295e+03
ablation,SBOA,F16,30,23,7.0500969740e+02
ablation,SBOA,F17,30,23,7.6032619736e+01
ablation,SBOA,F18,30,23,1.8980171004e+05
ablation,SBOA,F19,30,23,1.1785460753e+02
ablation,SBOA,F20,30,23,1.7799153023e+02
ablation,SBOA,F21,30,23,2.6842504623e+02
ablation,MSSBOA,F27,30,22,5.3421452150e+02
ablation,MSSBOA,F28,30,22,4.1352050617e+02
ablation,MSSBOA,F29,30,22,9.7215219400e+02
ablation,MSSBOA,F30,30,22,1.8593928352e+06
ablation,SBOA,F22,30,23,1.0541775196e+02
ablation,SBOA,F23,30,23,4.2713129797e+02
ablation,SBOA,F24,30,23,4.5472168519e+02
ablation,SBOA,F25,30,23,4.1190150486e+02
ablation,SBOA-GPSI,F5,30,23,7.3283640834e+01
ablation,SBOA-GPSI,F6,30,23,4.8576392518e+00
ablation,SBOA-GPSI,F7,30,23,1.2113965301e+02
ablation,SBOA-GPSI,F8,30,23,1.1319678234e+02
ablation,SBOA,F30,30,23,4.9574144774e+05
ablation,SBOA-GPSI,F1,30,23,1.8186563193e+04
ablation,SBOA-GPSI,F3,30,23,1.7056788272e+04
ablation,SBOA-GPSI,F4,30,23,1.1516244987e+02
ablation,SBOA-GPSI,F9,30,23,8.2126162653e+01
ablation,SBOA-GPSI,F10,30,23,4.5493594287e+03
ablation,SBOA-GPSI,F11,30,23,1.0085010816e+02
ablation,SBOA-GPSI,F12,30,23,2.2346658330e+06
ablation,SBOA-GPSI,F13,30,23,1.0000871446e+04
ablation,SBOA-GPSI,F14,30,23,1.5793946602e+04
ablation,SBOA-GPSI,F15,30,23,1.0556299146e+03
ablation,SBOA-GPSI,F16,30,23,1.0384222416e+03
ablation,SBOA,F26,30,23,1.8142861440e+03
ablation,SBOA,F27,30,23,5.1015350543e+02
ablation,SBOA,F28,30,23,4.3385750839e+02
ablation,SBOA,F29,30,23,7.1428383094e+02
ablation,SBOA-GPSI,F17,30,23,4.0836610293e+02
ablation,SBOA-GPSI,F18,30,23,4.7398389475e+06
ablation,SBOA-GPSI,F19,30,23,4.6135771320e+03
ablation,SBOA-GPSI,F20,30,23,2.6836316483e+02
ablation,SBOA-LOBL,F4,30,23,1.1648164781e+02
ablation,SBOA-LOBL,F5,30,23,8.6363866492e+01
ablation,SBOA-LOBL,F6,30,23,1.3972729914e+01
ablation,SBOA-LOBL,F7,30,23,1.1615706702e+02
ablation,SBOA-GPSI,F21,30,23,2.8860508878e+02
ablation,SBOA-GPSI,F22,30,23,1.0217324778e+02
ablation,SBOA-GPSI,F23,30,23,3.7863914495e+02
ablation,SBOA-GPSI,F24,30,23,4.5960934962e+02
ablation,SBOA-GPSI,F29,30,23,1.0199574854e+03
ablation,SBOA-GPSI,F30,30,23,5.5163138287e+04
ablation,SBOA-LOBL,F1,30,23,2.3197103485e+05
ablation,SBOA-LOBL,F3,30,23,3.3957408214e+04
ablation,SBOA-LOBL,F8,30,23,3.1666557822e+01
ablation,SBOA-LOBL,F9,30,23,2.1574098082e+01
ablation,SBOA-LOBL,F10,30,23,4.7481471761e+03
ablation,SBOA-LOBL,F11,30,23,9.3060935576e+01
ablation,SBOA-GPSI,F25,30,23,3.9792990334e+02
ablation,SBOA-GPSI,F26,30,23,2.3261990247e+03
ablation,SBOA-GPSI,F27,30,23,5.2573801112e+02
ablation,SBOA-GPSI,F28,30,23,4.3871446647e+02
ablation,SBOA-LOBL,F12,30,23,6.3352916483e+05
ablation,SBOA-LOBL,F13,30,23,2.4549023222e+04
ablation,SBOA-LOBL,F14,30,23,4.3907479514e+04
ablation,SBOA-LOBL,F15,30,23,7.0612876982e+03
ablation,SBOA-LOBL,F16,30,23,1.1991688065e+03
ablation,SBOA-LOBL,F17,30,23,3.1310146433e+02
ablation,SBOA-LOBL,F18,30,23,8.4832713597e+05
ablation,SBOA-LOBL,F19,30,23,2.7189860124e+03
ablation,SBOA-ACGM,F3,30,23,4.7805818184e+04
ablation,SBOA-ACGM,F4,30,23,1.7242340604e+02
ablation,SBOA-ACGM,F5,30,23,9.4382734402e+01
ablation,SBOA-ACGM,F6,30,23,1.3815363909e+01
ablation,SBOA-LOBL,F20,30,23,4.2198627349e+02
ablation,SBOA-LOBL,F21,30,23,2.2974819682e+02
ablation,SBOA-LOBL,F22,30,23,1.0064136008e+02
ablation,SBOA-LOBL,F23,30,23,4.2618159638e+02
ablation,SBOA-ACGM,F7,30,23,1.0898343494e+02
ablation,SBOA-ACGM,F8,30,23,7.2445679604e+01
ablation,SBOA-ACGM,F9,30,23,9.6899807188e+00
ablation,SBOA-ACGM,F10,30,23,3.8219334281e+03
ablation,SBOA-ACGM,F11,30,23,6.1151277769e+01
ablation,SBOA-ACGM,F12,30,23,2.4669262440e+06
ablation,SBOA-ACGM,F13,30,23,1.5527930789e+04
ablation,SBOA-ACGM,F14,30,23,5.6885439101e+03
ablation,SBOA-LOBL,F24,30,23,4.8179463430e+02
ablation,SBOA-LOBL,F25,30,23,4.3037525127e+02
ablation,SBOA-LOBL,F26,30,23,1.9756727608e+03
ablation,SBOA-LOBL,F27,30,23,5.4152311920e+02
ablation,SBOA-LOBL,F28,30,23,4.7338347686e+02
ablation,SBOA-LOBL,F29,30,23,1.0121346069e+03
ablation,SBOA-LOBL,F30,30,23,7.2065962529e+03
ablation,SBOA-ACGM,F1,30,23,4.0940148967e+04
ablation,SBOA-ACGM,F15,30,23,1.1788895961e+04
ablation,SBOA-ACGM,F16,30,23,1.0498514369e+03
ablation,SBOA-ACGM,F17,30,23,8.1221939555e+01
ablation,SBOA-ACGM,F18,30,23,8.2208455952e+04
ablation,SBOA-GPSI-LOBL,F1,30,23,2.1883682839e+04
ablation,SBOA-GPSI-LOBL,F3,30,23,2.7154718738e+04
ablation,SBOA-GPSI-LOBL,F4,30,23,8.4970398055e+01
ablation,SBOA-GPSI-LOBL,F5,30,23,1.0044738768e+02
ablation,SBOA-ACGM,F19,30,23,3.8568119947e+03
ablation,SBOA-ACGM,F20,30,23,2.0297102614e+02
ablation,SBOA-ACGM,F21,30,23,2.6655404066e+02
ablation,SBOA-ACGM,F22,30,23,1.0167087374e+02
ablation,SBOA-GPSI-LOBL,F6,30,23,1.0704800674e+01
ablation,SBOA-GPSI-LOBL,F7,30,23,1.5186655459e+02
ablation,SBOA-GPSI-LOBL,F8,30,23,5.8484483916e+01
ablation,SBOA-GPSI-LOBL,F9,30,23,5.7342217717e+01
ablation,SBOA-ACGM,F23,30,23,3.7577401902e+02
ablation,SBOA-ACGM,F24,30,23,4.9767882038e+02
ablation,SBOA-ACGM,F25,30,23,4.2679439264e+02
ablation,SBOA-ACGM,F26,30,23,1.9400140020e+03
ablation,SBOA-GPSI-LOBL,F10,30,23,4.8954029800e+03
ablation,SBOA-GPSI-LOBL,F11,30,23,1.4562711865e+02
ablation,SBOA-GPSI-LOBL,F12,30,23,1.0090681317e+06
ablation,SBOA-GPSI-LOBL,F13,30,23,3.5416107274e+03
ablation,SBOA-GPSI-LOBL,F14,30,23,5.1076665970e+04
ablation,SBOA-GPSI-LOBL,F15,30,23,7.4674922530e+03
ablation,SBOA-GPSI-LOBL,F16,30,23,1.1723450298e+03
ablation,SBOA-GPSI-LOBL,F17,30,23,2.1021887838e+02
ablation,SBOA-ACGM,F27,30,23,5.3032709960e+02
ablation,SBOA-ACGM,F28,30,23,4.1355665043e+02
ablation,SBOA-ACGM,F29,30,23,6.4769892530e+02
ablation,SBOA-ACGM,F30,30,23,5.2838684421e+06
ablation,SBOA-GPSI-LOBL,F18,30,23,1.8001584695e+06
ablation,SBOA-GPSI-LOBL,F19,30,23,2.9381997430e+03
ablation,SBOA-GPSI-LOBL,F20,30,23,3.0960386268e+02
ablation,SBOA-GPSI-LOBL,F21,30,23,2.5501062340e+02
ablation,SBOA-GPSI-ACGM,F5,30,23,8.8728459280e+01
ablation,SBOA-GPSI-ACGM,F6,30,23,5.9974925684e+00
ablation,SBOA-GPSI-ACGM,F7,30,23,9.4666425659e+01
ablation,SBOA-GPSI-ACGM,F8,30,23,7.4301378144e+01
ablation,SBOA-GPSI-LOBL,F22,30,23,1.0179406231e+02
ablation,SBOA-GPSI-LOBL,F23,30,23,3.6998623919e+02
ablation,SBOA-GPSI-LOBL,F24,30,23,4.6698079776e+02
ablation,SBOA-GPSI-LOBL,F25,30,23,3.9004310117e+02
ablation,SBOA-GPSI-LOBL,F30,30,23,6.5573053126e+05
ablation,SBOA-GPSI-ACGM,F1,30,23,1.8028454903e+04
ablation,SBOA-GPSI-ACGM,F3,30,23,4.8116760089e+04
ablation,SBOA-GPSI-ACGM,F4,30,23,1.5409713396e+02
ablation,SBOA-GPSI-ACGM,F9,30,23,5.5470930481e+01
ablation,SBOA-GPSI-ACGM,F10,30,23,4.5647389444e+03
ablation,SBOA-GPSI-ACGM,F11,30,23,1.0755693436e+02
ablation,SBOA-GPSI-ACGM,F12,30,23,8.3596757536e+05
ablation,SBOA-GPSI-ACGM,F13,30,23,2.4775578355e+04
ablation,SBOA-GPSI-ACGM,F14,30,23,4.4291059911e+04
ablation,SBOA-GPSI-ACGM,F15,30,23,2.0873430094e+03
ablation,SBOA-GPSI-ACGM,F16,30,23,8.1487906489e+02
ablation,SBOA-GPSI-LOBL,F26,30,23,1.5301565161e+03
ablation,SBOA-GPSI-LOBL,F27,30,23,5.3788295159e+02
ablation,SBOA-GPSI-LOBL,F28,30,23,4.6543965873e+02
ablation,SBOA-GPSI-LOBL,F29,30,23,7.6208975055e+02
ablation,SBOA-GPSI-ACGM,F17,30,23,2.8549244047e+02
ablation,SBOA-GPSI-ACGM,F18,30,23,9.4883541532e+05
ablation,SBOA-GPSI-ACGM,F19,30,23,3.6516305198e+03
ablation,SBOA-GPSI-ACGM,F20,30,23,3.1297544724e+02
ablation,SBOA-LOBL-ACGM,F4,30,23,9.3719312643e+01
ablation,SBOA-LOBL-ACGM,F5,30,23,8.1074428429e+01
ablation,SBOA-LOBL-ACGM,F6,30,23,1.4521572668e+01
ablation,SBOA-LOBL-ACGM,F7,30,23,1.2402306522e+02
ablation,SBOA-GPSI-ACGM,F21,30,23,2.7876652949e+02
ablation,SBOA-GPSI-ACGM,F22,30,23,1.0344537555e+02
ablation,SBOA-GPSI-ACGM,F23,30,23,3.9565649613e+02
ablation,SBOA-GPSI-ACGM,F24,30,23,5.0842910843e+02
ablation,SBOA-LOBL-ACGM,F8,30,23,8.0123561615e+01
ablation,SBOA-LOBL-ACGM,F9,30,23,1.9840195717e+02
ablation,SBOA-LOBL-ACGM,F10,30,23,3.8458135236e+03
ablation,SBOA-LOBL-ACGM,F11,30,23,1.1823638325e+02
ablation,SBOA-GPSI-ACGM,F25,30,23,3.9781280043e+02
ablation,SBOA-GPSI-ACGM,F26,30,23,1.9933034788e+03
ablation,SBOA-GPSI-ACGM,F27,30,23,4.9944246010e+02
ablation,SBOA-GPSI-ACGM,F28,30,23,4.7567596475e+02
ablation,SBOA-GPSI-ACGM,F29,30,23,5.3695986511e+02
ablation,SBOA-GPSI-ACGM,F30,30,23,3.2286043122e+04
ablation,SBOA-LOBL-ACGM,F1,30,23,2.1063381375e+04
ablation,SBOA-LOBL-ACGM,F3,30,23,1.9898585534e+04
ablation,SBOA-LOBL-ACGM,F12,30,23,1.6386283696e+06
ablation,SBOA-LOBL-ACGM,F13,30,23,3.1112156955e+03
ablation,SBOA-LOBL-ACGM,F14,30,23,2.7608633096e+03
ablation,SBOA-LOBL-ACGM,F15,30,23,4.0070785969e+03
ablation,SBOA-LOBL-ACGM,F16,30,23,8.3609046998e+02
ablation,SBOA-LOBL-ACGM,F17,30,23,7.7039959042e+01
ablation,SBOA-LOBL-ACGM,F18,30,23,3.1944149916e+05
ablation,SBOA-LOBL-ACGM,F19,30,23,6.1046093408e+03
ablation,MSSBOA,F3,30,23,3.4330935918e+04
ablation,MSSBOA,F4,30,23,7.5667641973e+01
ablation,MSSBOA,F5,30,23,1.0351963906e+02
ablation,MSSBOA,F6,30,23,2.2201997949e+01
ablation,SBOA-LOBL-ACGM,F20,30,23,4.3467001080e+02
ablation,SBOA-LOBL-ACGM,F21,30,23,2.6841847595e+02
ablation,SBOA-LOBL-ACGM,F22,30,23,1.0059367905e+02
ablation,SBOA-LOBL-ACGM,F23,30,23,3.8921317518e+02
ablation,MSSBOA,F7,30,23,1.7332459184e+02
ablation,MSSBOA,F8,30,23,1.0651771800e+02
ablation,MSSBOA,F9,30,23,1.6156521773e+02
ablation,MSSBOA,F10,30,23,2.9680056109e+03
ablation,SBOA-LOBL-ACGM,F24,30,23,4.8435279383e+02
ablation,SBOA-LOBL-ACGM,F25,30,23,4.2840431976e+02
ablation,SBOA-LOBL-ACGM,F26,30,23,4.1337984273e+02
ablation,SBOA-LOBL-ACGM,F27,30,23,5.2087765576e+02
ablation,MSSBOA,F11,30,23,1.1152949456e+02
ablation,MSSBOA,F12,30,23,5.7046601241e+05
ablation,MSSBOA,F13,30,23,4.6543043667e+03
ablation,MSSBOA,F14,30,23,1.1897489854e+05
ablation,SBOA-LOBL-ACGM,F28,30,23,4.1731774938e+02
ablation,SBOA-LOBL-ACGM,F29,30,23,8.1142726344e+02
ablation,SBOA-LOBL-ACGM,F30,30,23,4.1959539464e+04
ablation,MSSBOA,F1,30,23,2.1989541330e+04
ablation,MSSBOA,F15,30,23,1.9631928757e+03
ablation,MSSBOA,F16,30,23,6.7910884034e+02
ablation,MSSBOA,F17,30,23,2.3272607626e+02
ablation,MSSBOA,F18,30,23,4.3410569604e+05
ablation,SBOA,F1,30,24,3.8784859681e+03
ablation,SBOA,F3,30,24,3.0872487349e+04
ablation,SBOA,F4,30,24,6.7231227069e+01
ablation,SBOA,F5,30,24,5.4588700446e+01
ablation,MSSBOA,F19,30,23,4.7897618903e+03
ablation,MSSBOA,F20,30,23,2.6772230580e+02
ablation,MSSBOA,F21,30,23,2.6991861511e+02
ablation,MSSBOA,F22,30,23,1.0317513676e+02
ablation,SBOA,F6,30,24,1.2394492819e+01
ablation,SBOA,F7,30,24,1.0804918709e+02
ablation,SBOA,F8,30,24,6.9205713431e+01
ablation,SBOA,F9,30,24,2.5139075328e+02
ablation,SBOA,F10,30,24,3.4216088603e+03
ablation,SBOA,F11,30,24,7.5206057430e+01
ablation,SBOA,F12,30,24,2.0038987461e+06
ablation,SBOA,F13,30,24,3.4904764996e+04
ablation,MSSBOA,F23,30,23,3.6306664601e+02
ablation,MSSBOA,F24,30,23,4.7766493565e+02
ablation,MSSBOA,F25,30,23,3.8561036591e+02
ablation,MSSBOA,F26,30,23,1.6560145583e+03
ablation,SBOA,F14,30,24,1.3855382040e+05
ablation,SBOA,F15,30,24,8.4920145792e+03
ablation,SBOA,F16,30,24,5.7216145709e+02
ablation,SBOA,F17,30,24,4.0278151531e+02
ablation,SBOA,F18,30,24,3.3830429127e+05
ablation,SBOA,F19,30,24,5.2116818382e+04
ablation,SBOA,F20,30,24,2.3649978273e+02
ablation,SBOA,F21,30,24,2.7552127998e+02
ablation,MSSBOA,F27,30,23,5.1704583188e+02
ablation,MSSBOA,F28,30,23,4.4146994396e+02
ablation,MSSBOA,F29,30,23,7.3685633875e+02
ablation,MSSBOA,F30,30,23,2.7014246131e+04
ablation,SBOA,F22,30,24,1.0547937194e+02
ablation,SBOA,F23,30,24,4.2983365800e+02
ablation,SBOA,F24,30,24,4.6941955325e+02
ablation,SBOA,F25,30,24,3.8716767671e+02
ablation,SBOA-GPSI,F5,30,24,6.3933775665e+01
ablation,SBOA-GPSI,F6,30,24,1.8547652615e+01
ablation,SBOA-GPSI,F7,30,24,9.3150726094e+01
ablation,SBOA-GPSI,F8,30,24,5.9003157446e+01
ablation,SBOA,F30,30,24,5.1272885204e+04
ablation,SBOA-GPSI,F1,30,24,5.3497868442e+03
ablation,SBOA-GPSI,F3,30,24,2.2600028243e+04
ablation,SBOA-GPSI,F4,30,24,1.1604407679e+02
ablation,SBOA-GPSI,F9,30,24,3.2946670926e+01
ablation,SBOA-GPSI,F10,30,24,2.9096188919e+03
ablation,SBOA-GPSI,F11,30,24,1.2905573669e+02
ablation,SBOA-GPSI,F12,30,24,1.4745340622e+05
ablation,SBOA-GPSI,F13,30,24,4.3381014773e+04
ablation,SBOA-GPSI,F14,30,24,8.4052226310e+03
ablation,SBOA-GPSI,F15,30,24,3.6728287575e+03
ablation,SBOA-GPSI,F16,30,24,8.3783655909e+02
ablation,SBOA,F26,30,24,1.8148675189e+03
ablation,SBOA,F27,30,24,5.2110066326e+02
ablation,SBOA,F28,30,24,4.6402624391e+02
ablation,SBOA,F29,30,24,9.4661645373e+02
ablation,SBOA-GPSI,F17,30,24,3.1890993048e+02
ablation,SBOA-GPSI,F18,30,24,3.1015104932e+05
ablation,SBOA-GPSI,F19,30,24,4.9818848681e+02
ablation,SBOA-GPSI,F20,30,24,4.7917160972e+02
ablation,SBOA-LOBL,F4,30,24,1.4046318124e+02
ablation,SBOA-LOBL,F5,30,24,8.6022557078e+01
ablation,SBOA-LOBL,F6,30,24,1.4690942570e+01
ablation,SBOA-LOBL,F7,30,24,1.5921067829e+02
ablation,SBOA-GPSI,F21,30,24,2.8234343764e+02
ablation,SBOA-GPSI,F22,30,24,3.1658236982e+03
ablation,SBOA-GPSI,F23,30,24,3.9462808446e+02
ablation,SBOA-GPSI,F24,30,24,4.6402006886e+02
ablation,SBOA-GPSI,F29,30,24,5.6482821328e+02
ablation,SBOA-GPSI,F30,30,24,1.4011463971e+04
ablation,SBOA-LOBL,F1,30,24,5.2657818219e+04
ablation,SBOA-LOBL,F3,30,24,2.9281957685e+04
ablation,SBOA-GPSI,F25,30,24,3.9562963289e+02
ablation,SBOA-GPSI,F26,30,24,2.2421510684e+03
ablation,SBOA-GPSI,F27,30,24,5.3278048590e+02
ablation,SBOA-GPSI,F28,30,24,4.5408903677e+02
ablation,SBOA-LOBL,F8,30,24,6.6875418706e+01
ablation,SBOA-LOBL,F9,30,24,8.7635170858e+01
ablation,SBOA-LOBL,F10,30,24,4.0042716254e+03
ablation,SBOA-LOBL,F11,30,24,1.2619193960e+02
ablation,SBOA-LOBL,F12,30,24,1.1796777671e+06
ablation,SBOA-LOBL,F13,30,24,1.1498552623e+04
ablation,SBOA-LOBL,F14,30,24,6.2327030514e+04
ablation,SBOA-LOBL,F15,30,24,3.4016630153e+03
ablation,SBOA-LOBL,F16,30,24,6.4696352992e+02
ablation,SBOA-LOBL,F17,30,24,2.0643808472e+02
ablation,SBOA-LOBL,F18,30,24,3.8781691103e+05
ablation,SBOA-LOBL,F19,30,24,4.4801958734e+02
ablation,SBOA-ACGM,F3,30,24,4.7582140177e+04
ablation,SBOA-ACGM,F4,30,24,1.1266581151e+02
ablation,SBOA-ACGM,F5,30,24,7.5252699478e+01
ablation,SBOA-ACGM,F6,30,24,8.7815671093e+00
ablation,SBOA-LOBL,F20,30,24,6.0572751624e+02
ablation,SBOA-LOBL,F21,30,24,2.6180334695e+02
ablation,SBOA-LOBL,F22,30,24,1.0342282310e+02
ablation,SBOA-LOBL,F23,30,24,4.1325162468e+02
ablation,SBOA-ACGM,F7,30,24,9.5636097892e+01
ablation,SBOA-ACGM,F8,30,24,8.2951169517e+01
ablation,SBOA-ACGM,F9,30,24,1.0190974288e+01
ablation,SBOA-ACGM,F10,30,24,3.2741452092e+03
ablation,SBOA-LOBL,F24,30,24,4.8402863153e+02
ablation,SBOA-LOBL,F25,30,24,4.2968824340e+02
ablation,SBOA-LOBL,F26,30,24,1.9075372042e+03
ablation,SBOA-LOBL,F27,30,24,5.3069880208e+02
ablation,SBOA-ACGM,F11,30,24,1.0236961632e+02
ablation,SBOA-ACGM,F12,30,24,5.6642415729e+05
ablation,SBOA-ACGM,F13,30,24,2.9339458707e+03
ablation,SBOA-ACGM,F14,30,24,4.2029484536e+04
ablation,SBOA-LOBL,F28,30,24,4.1188084353e+02
ablation,SBOA-LOBL,F29,30,24,1.0255224797e+03
ablation,SBOA-LOBL,F30,30,24,1.4471388521e+05
ablation,SBOA-ACGM,F1,30,24,3.2235136381e+04
ablation,SBOA-ACGM,F15,30,24,2.4514553729e+04
ablation,SBOA-ACGM,F16,30,24,6.8406291190e+02
ablation,SBOA-ACGM,F17,30,24,2.3041551453e+02
ablation,SBOA-ACGM,F18,30,24,6.5179793801e+05
ablation,SBOA-GPSI-LOBL,F1,30,24,1.4796402189e+04
ablation,SBOA-GPSI-LOBL,F3,30,24,3.5457521959e+04
ablation,SBOA-GPSI-LOBL,F4,30,24,9.2238381857e+01
ablation,SBOA-GPSI-LOBL,F5,30,24,7.6768226033e+01
ablation,SBOA-ACGM,F19,30,24,5.1424020835e+02
ablation,SBOA-ACGM,F20,30,24,1.0660355285e+02
ablation,SBOA-ACGM,F21,30,24,2.5162359857e+02
ablation,SBOA-ACGM,F22,30,24,1.0552126182e+02
ablation,SBOA-GPSI-LOBL,F6,30,24,9.8124036483e+00
ablation,SBOA-GPSI-LOBL,F7,30,24,2.1036100893e+02
ablation,SBOA-GPSI-LOBL,F8,30,24,5.7632610288e+01
ablation,SBOA-GPSI-LOBL,F9,30,24,9.3033334710e+01
ablation,SBOA-ACGM,F23,30,24,4.4120612407e+02
ablation,SBOA-ACGM,F24,30,24,4.7261346790e+02
ablation,SBOA-ACGM,F25,30,24,3.8929627191e+02
ablation,SBOA-ACGM,F26,30,24,2.1917593725e+02
ablation,SBOA-GPSI-LOBL,F10,30,24,4.1706811480e+03
ablation,SBOA-GPSI-LOBL,F11,30,24,1.0119986666e+02
ablation,SBOA-GPSI-LOBL,F12,30,24,1.1245082750e+06
ablation,SBOA-GPSI-LOBL,F13,30,24,4.3945202595e+03
ablation,SBOA-GPSI-LOBL,F14,30,24,1.7207904635e+05
ablation,SBOA-GPSI-LOBL,F15,30,24,1.6035690983e+04
ablation,SBOA-GPSI-LOBL,F16,30,24,1.1386688046e+03
ablation,SBOA-GPSI-LOBL,F17,30,24,4.1163694411e+02
ablation,SBOA-ACGM,F27,30,24,5.1913351378e+02
ablation,SBOA-ACGM,F28,30,24,4.2478415046e+02
ablation,SBOA-ACGM,F29,30,24,6.2036927549e+02
ablation,SBOA-ACGM,F30,30,24,3.1577114284e+05
ablation,SBOA-GPSI-LOBL,F18,30,24,6.8963142314e+05
ablation,SBOA-GPSI-LOBL,F19,30,24,2.9565259669e+03
ablation,SBOA-GPSI-LOBL,F20,30,24,4.9881654920e+02
ablation,SBOA-GPSI-LOBL,F21,30,24,2.6380463239e+02
ablation,SBOA-GPSI-ACGM,F5,30,24,6.5406995464e+01
ablation,SBOA-GPSI-ACGM,F6,30,24,5.5630391184e+00
ablation,SBOA-GPSI-ACGM,F7,30,24,1.4383754641e+02
ablation,SBOA-GPSI-ACGM,F8,30,24,1.0240075363e+02
ablation,SBOA-GPSI-LOBL,F30,30,24,1.3018637533e+04
ablation,SBOA-GPSI-ACGM,F1,30,24,1.3815060739e+04
ablation,SBOA-GPSI-ACGM,F3,30,24,2.3716943676e+04
ablation,SBOA-GPSI-ACGM,F4,30,24,7.7667643874e+01
ablation,SBOA-GPSI-LOBL,F22,30,24,1.1052610734e+02
ablation,SBOA-GPSI-LOBL,F23,30,24,4.3521167822e+02
ablation,SBOA-GPSI-LOBL,F24,30,24,4.4364596504e+02
ablation,SBOA-GPSI-LOBL,F25,30,24,3.8853525759e+02
ablation,SBOA-GPSI-ACGM,F9,30,24,2.7743052254e+01
ablation,SBOA-GPSI-ACGM,F10,30,24,3.9807856718e+03
ablation,SBOA-GPSI-ACGM,F11,30,24,9.6952945419e+01
ablation,SBOA-GPSI-ACGM,F12,30,24,8.8443605262e+05
ablation,SBOA-GPSI-ACGM,F13,30,24,1.2528840757e+04
ablation,SBOA-GPSI-ACGM,F14,30,24,4.7130762667e+03
ablation,SBOA-GPSI-ACGM,F15,30,24,1.4985605082e+04
ablation,SBOA-GPSI-ACGM,F16,30,24,1.3501725295e+03
ablation,SBOA-GPSI-ACGM,F17,30,24,7.8091691097e+01
ablation,SBOA-GPSI-ACGM,F18,30,24,3.3660409379e+06
ablation,SBOA-GPSI-ACGM,F19,30,24,7.3000392293e+03
ablation,SBOA-GPSI-ACGM,F20,30,24,4.7464012308e+02
ablation,SBOA-GPSI-LOBL,F26,30,24,2.0622499692e+03
ablation,SBOA-GPSI-LOBL,F27,30,24,5.1345835689e+02
ablation,SBOA-GPSI-LOBL,F28,30,24,4.8403376820e+02
ablation,SBOA-GPSI-LOBL,F29,30,24,1.0975006920e+03
ablation,SBOA-GPSI-ACGM,F21,30,24,2.8823207085e+02
ablation,SBOA-GPSI-ACGM,F22,30,24,1.0023883026e+02
ablation,SBOA-GPSI-ACGM,F23,30,24,4.4020815444e+02
ablation,SBOA-GPSI-ACGM,F24,30,24,4.9052468503e+02
ablation,SBOA-LOBL-ACGM,F4,30,24,7.0675670952e+01
ablation,SBOA-LOBL-ACGM,F5,30,24,9.1458182590e+01
ablation,SBOA-LOBL-ACGM,F6,30,24,1.4454728312e+01
ablation,SBOA-LOBL-ACGM,F7,30,24,1.2391075266e+02
ablation,SBOA-LOBL-ACGM,F8,30,24,5.2976978357e+01
ablation,SBOA-LOBL-ACGM,F9,30,24,3.3907419534e+02
ablation,SBOA-LOBL-ACGM,F10,30,24,4.3067421893e+03
ablation,SBOA-LOBL-ACGM,F11,30,24,1.2569489067e+02
ablation,SBOA-GPSI-ACGM,F25,30,24,4.3812419475e+02
ablation,SBOA-GPSI-ACGM,F26,30,24,1.8521044749e+03
ablation,SBOA-GPSI-ACGM,F27,30,24,5.2726995784e+02
ablation,SBOA-GPSI-ACGM,F28,30,24,4.5800553101e+02
ablation,SBOA-LOBL-ACGM,F12,30,24,1.4675056097e+06
ablation,SBOA-LOBL-ACGM,F13,30,24,1.7480144466e+03
ablation,SBOA-LOBL-ACGM,F14,30,24,1.5477349792e+04
ablation,SBOA-LOBL-ACGM,F15,30,24,5.1327055364e+03
ablation,SBOA-GPSI-ACGM,F29,30,24,8.0250761654e+02
ablation,SBOA-GPSI-ACGM,F30,30,24,1.4432484636e+05
ablation,SBOA-LOBL-ACGM,F1,30,24,1.4211903946e+05
ablation,SBOA-LOBL-ACGM,F3,30,24,4.1181263763e+04
ablation,SBOA-LOBL-ACGM,F16,30,24,1.1301456358e+03
ablation,SBOA-LOBL-ACGM,F17,30,24,2.8315057488e+02
ablation,SBOA-LOBL-ACGM,F18,30,24,2.1313027397e+05
ablation,SBOA-LOBL-ACGM,F19,30,24,4.0922194821e+04
ablation,SBOA-LOBL-ACGM,F20,30,24,6.0631847024e+02
ablation,SBOA-LOBL-ACGM,F21,30,24,2.9470793087e+02
ablation,SBOA-LOBL-ACGM,F22,30,24,1.0170453861e+02
ablation,SBOA-LOBL-ACGM,F23,30,24,4.1077231549e+02
ablation,MSSBOA,F3,30,24,2.8923607315e+04
ablation,MSSBOA,F4,30,24,1.1792934069e+02
ablation,MSSBOA,F5,30,24,4.6996303933e+01
ablation,MSSBOA,F6,30,24,5.5918661869e+00
ablation,MSSBOA,F7,30,24,1.2550140463e+02
ablation,MSSBOA,F8,30,24,5.5620263127e+01
ablation,MSSBOA,F9,30,24,9.7340968681e+01
ablation,MSSBOA,F10,30,24,3.0451760452e+03
ablation,SBOA-LOBL-ACGM,F24,30,24,4.6890401118e+02
ablation,SBOA-LOBL-ACGM,F25,30,24,3.8820810350e+02
ablation,SBOA-LOBL-ACGM,F26,30,24,1.8277881239e+03
ablation,SBOA-LOBL-ACGM,F27,30,24,5.2593801308e+02
ablation,MSSBOA,F11,30,24,7.6280691416e+01
ablation,MSSBOA,F12,30,24,6.8783559723e+05
ablation,MSSBOA,F13,30,24,4.5868986093e+03
ablation,MSSBOA,F14,30,24,6.0448770310e+04
ablation,SBOA-LOBL-ACGM,F28,30,24,4.0855254147e+02
ablation,SBOA-LOBL-ACGM,F29,30,24,5.7108639088e+02
ablation,SBOA-LOBL-ACGM,F30,30,24,1.2092555002e+04
ablation,MSSBOA,F1,30,24,1.1255596404e+05
ablation,MSSBOA,F15,30,24,9.5789409315e+03
ablation,MSSBOA,F16,30,24,1.0546466834e+03
ablation,MSSBOA,F17,30,24,1.9800981647e+02
ablation,MSSBOA,F18,30,24,1.1793915885e+06
ablation,SBOA,F1,30,25,8.5298422846e+03
ablation,SBOA,F3,30,25,2.7974677867e+04
ablation,SBOA,F4,30,25,1.1582840620e+02
ablation,SBOA,F5,30,25,6.2319728367e+01
ablation,MSSBOA,F19,30,24,1.5938776266e+05
ablation,MSSBOA,F20,30,24,1.0486636993e+02
ablation,MSSBOA,F21,30,24,2.7230088456e+02
ablation,MSSBOA,F22,30,24,1.0125954013e+02
ablation,SBOA,F6,30,25,5.4853224767e+00
ablation,SBOA,F7,30,25,1.9666533823e+02
ablation,SBOA,F8,30,25,6.9533041198e+01
ablation,SBOA,F9,30,25,2.5587378461e+02
ablation,MSSBOA,F23,30,24,4.2509317671e+02
ablation,MSSBOA,F24,30,24,4.6369625583e+02
ablation,MSSBOA,F25,30,24,3.9337179463e+02
ablation,MSSBOA,F26,30,24,1.8236935963e+03
ablation,SBOA,F10,30,25,3.4859091087e+03
ablation,SBOA,F11,30,25,1.3598904309e+02
ablation,SBOA,F12,30,25,1.5237603875e+06
ablation,SBOA,F13,30,25,4.9050468040e+04
ablation,SBOA,F14,30,25,1.2888001371e+03
ablation,SBOA,F15,30,25,3.7908380835e+03
ablation,SBOA,F16,30,25,9.3558475205e+02
ablation,SBOA,F17,30,25,2.2202691753e+02
ablation,SBOA,F18,30,25,1.7535001685e+06
ablation,SBOA,F19,30,25,7.8913932166e+03
ablation,SBOA,F20,30,25,2.8130531873e+02
ablation,SBOA,F21,30,25,2.8411100412e+02
ablation,MSSBOA,F27,30,24,5.1540624216e+02
ablation,MSSBOA,F28,30,24,4.5680138192e+02
ablation,MSSBOA,F29,30,24,7.4387658679e+02
ablation,MSSBOA,F30,30,24,2.4972185885e+05
ablation,SBOA,F22,30,25,1.0329169514e+02
ablation,SBOA,F23,30,25,4.3301518572e+02
ablation,SBOA,F24,30,25,4.6006377152e+02
ablation,SBOA,F25,30,25,4.3790050835e+02
ablation,SBOA-GPSI,F5,30,25,8.7365841724e+01
ablation,SBOA-GPSI,F6,30,25,3.8122337575e+00
ablation,SBOA-GPSI,F7,30,25,1.2848451191e+02
ablation,SBOA-GPSI,F8,30,25,7.2109783752e+01
ablation,SBOA,F30,30,25,1.1254532358e+04
ablation,SBOA-GPSI,F1,30,25,1.2191081890e+04
ablation,SBOA-GPSI,F3,30,25,3.0865688612e+04
ablation,SBOA-GPSI,F4,30,25,8.5118282384e+01
ablation,SBOA,F26,30,25,1.7335452999e+03
ablation,SBOA,F27,30,25,5.1642488773e+02
ablation,SBOA,F28,30,25,4.0966766075e+02
ablation,SBOA,F29,30,25,6.2760250995e+02
ablation,SBOA-GPSI,F9,30,25,2.8954156251e+01
ablation,SBOA-GPSI,F10,30,25,3.7117055645e+03
ablation,SBOA-GPSI,F11,30,25,1.1716071479e+02
ablation,SBOA-GPSI,F12,30,25,7.2077762893e+05
ablation,SBOA-GPSI,F13,30,25,1.1737928162e+04
ablation,SBOA-GPSI,F14,30,25,2.5969210819e+04
ablation,SBOA-GPSI,F15,30,25,3.9732321516e+03
ablation,SBOA-GPSI,F16,30,25,6.8273763078e+02
ablation,SBOA-GPSI,F17,30,25,4.1175876861e+02
ablation,SBOA-GPSI,F18,30,25,1.4693627804e+06
ablation,SBOA-GPSI,F19,30,25,1.2660569947e+04
ablation,SBOA-GPSI,F20,30,25,2.4738062880e+02
ablation,SBOA-LOBL,F4,30,25,7.8594313951e+01
ablation,SBOA-LOBL,F5,30,25,6.5390130644e+01
ablation,SBOA-LOBL,F6,30,25,1.3674484700e+01
ablation,SBOA-LOBL,F7,30,25,1.3019828825e+02
ablation,SBOA-GPSI,F21,30,25,2.5311284549e+02
ablation,SBOA-GPSI,F22,30,25,1.0033034556e+02
ablation,SBOA-GPSI,F23,30,25,4.0852985703e+02
ablation,SBOA-GPSI,F24,30,25,4.7859562617e+02
ablation,SBOA-GPSI,F29,30,25,6.6451217685e+02
ablation,SBOA-GPSI,F30,30,25,4.0739073720e+05
ablation,SBOA-LOBL,F1,30,25,3.2963028007e+04
ablation,SBOA-LOBL,F3,30,25,3.9807275095e+04
ablation,SBOA-GPSI,F25,30,25,3.8854817514e+02
ablation,SBOA-GPSI,F26,30,25,1.3025465999e+03
ablation,SBOA-GPSI,F27,30,25,5.3939273134e+02
ablation,SBOA-GPSI,F28,30,25,4.2245553414e+02
ablation,SBOA-LOBL,F8,30,25,9.1160959063e+01
ablation,SBOA-LOBL,F9,30,25,3.2875041801e+02
ablation,SBOA-LOBL,F10,30,25,3.1403442291e+03
ablation,SBOA-LOBL,F11,30,25,1.0123229218e+02
ablation,SBOA-LOBL,F12,30,25,9.3691452273e+05
ablation,SBOA-LOBL,F13,30,25,3.4934224521e+04
ablation,SBOA-LOBL,F14,30,25,1.7652304585e+04
ablation,SBOA-LOBL,F15,30,25,1.3343201897e+03
ablation,SBOA-LOBL,F16,30,25,8.6206988581e+02
ablation,SBOA-LOBL,F17,30,25,3.5612083162e+02
ablation,SBOA-LOBL,F18,30,25,1.1879279838e+06
ablation,SBOA-LOBL,F19,30,25,1.2162750106e+04
ablation,SBOA-ACGM,F3,30,25,4.2250368966e+04
ablation,SBOA-ACGM,F4,30,25,9.1706939112e+01
ablation,SBOA-ACGM,F5,30,25,7.7815455384e+01
ablation,SBOA-ACGM,F6,30,25,1.0069169061e+01
ablation,SBOA-LOBL,F20,30,25,2.4643344385e+02
ablation,SBOA-LOBL,F21,30,25,2.8372672291e+02
ablation,SBOA-LOBL,F22,30,25,1.0337780060e+02
ablation,SBOA-LOBL,F23,30,25,4.3293536621e+02
ablation,SBOA-ACGM,F7,30,25,1.3464111452e+02
ablation,SBOA-ACGM,F8,30,25,8.6352509849e+01
ablation,SBOA-ACGM,F9,30,25,1.9221188352e+02
ablation,SBOA-ACGM,F10,30,25,3.0005568411e+03
ablation,SBOA-LOBL,F24,30,25,4.5905517969e+02
ablation,SBOA-LOBL,F25,30,25,3.9514097948e+02
ablation,SBOA-LOBL,F26,30,25,1.7670668270e+03
ablation,SBOA-LOBL,F27,30,25,5.2214825467e+02
ablation,SBOA-ACGM,F11,30,25,1.3645192504e+02
ablation,SBOA-ACGM,F12,30,25,1.3191307514e+06
ablation,SBOA-ACGM,F13,30,25,1.2094492297e+04
ablation,SBOA-ACGM,F14,30,25,1.8357097458e+04
ablation,SBOA-LOBL,F28,30,25,4.1625783280e+02
ablation,SBOA-LOBL,F29,30,25,7.2381626719e+02
ablation,SBOA-LOBL,F30,30,25,1.9778080530e+04
ablation,SBOA-ACGM,F1,30,25,3.2232036771e+04
ablation,SBOA-ACGM,F15,30,25,8.1132696124e+02
ablation,SBOA-ACGM,F16,30,25,9.2766948932e+02
ablation,SBOA-ACGM,F17,30,25,1.8520665969e+02
ablation,SBOA-ACGM,F18,30,25,6.1594038697e+05
ablation,SBOA-GPSI-LOBL,F1,30,25,8.3451037385e+04
ablation,SBOA-GPSI-LOBL,F3,30,25,3.1466313977e+04
ablation,SBOA-GPSI-LOBL,F4,30,25,9.4504805959e+01
ablation,SBOA-GPSI-LOBL,F5,30,25,1.0229667277e+02
ablation,SBOA-ACGM,F19,30,25,3.2271273899e+03
ablation,SBOA-ACGM,F20,30,25,8.1446996355e+01
ablation,SBOA-ACGM,F21,30,25,2.5131680854e+02
ablation,SBOA-ACGM,F22,30,25,1.0056414395e+02
ablation,SBOA-GPSI-LOBL,F6,30,25,8.5338178369e+00
ablation,SBOA-GPSI-LOBL,F7,30,25,1.1518987691e+02
ablation,SBOA-GPSI-LOBL,F8,30,25,5.8891276751e+01
ablation,SBOA-GPSI-LOBL,F9,30,25,4.1014027845e+02
ablation,SBOA-ACGM,F23,30,25,4.3702131460e+02
ablation,SBOA-ACGM,F24,30,25,4.9838692960e+02
ablation,SBOA-ACGM,F25,30,25,4.2115619868e+02
ablation,SBOA-ACGM,F26,30,25,1.5071824650e+03
ablation,SBOA-GPSI-LOBL,F10,30,25,5.5571990976e+03
ablation,SBOA-GPSI-LOBL,F11,30,25,1.1865623785e+02
ablation,SBOA-GPSI-LOBL,F12,30,25,1.7007711695e+06
ablation,SBOA-GPSI-LOBL,F13,30,25,3.1469344170e+04
ablation,SBOA-GPSI-LOBL,F14,30,25,1.1658093857e+05
ablation,SBOA-GPSI-LOBL,F15,30,25,1.8538590773e+03
ablation,SBOA-GPSI-LOBL,F16,30,25,1.0154662970e+03
ablation,SBOA-GPSI-LOBL,F17,30,25,1.8255310352e+02
ablation,SBOA-ACGM,F27,30,25,5.2464749445e+02
ablation,SBOA-ACGM,F28,30,25,4.2432569544e+02
ablation,SBOA-ACGM,F29,30,25,6.9189601311e+02
ablation,SBOA-ACGM,F30,30,25,8.9676705243e+04
ablation,SBOA-GPSI-LOBL,F18,30,25,1.7686295299e+05
ablation,SBOA-GPSI-LOBL,F19,30,25,1.2108776374e+03
ablation,SBOA-GPSI-LOBL,F20,30,25,4.9595566716e+02
ablation,SBOA-GPSI-LOBL,F21,30,25,2.4952970066e+02
ablation,SBOA-GPSI-LOBL,F22,30,25,1.0358607207e+02
ablation,SBOA-GPSI-LOBL,F23,30,25,4.0708263148e+02
ablation,SBOA-GPSI-LOBL,F24,30,25,4.9904522607e+02
ablation,SBOA-GPSI-LOBL,F25,30,25,3.8766854872e+02
ablation,SBOA-GPSI-ACGM,F5,30,25,9.1149684254e+01
ablation,SBOA-GPSI-ACGM,F6,30,25,2.5294349200e+01
ablation,SBOA-GPSI-ACGM,F7,30,25,1.2665383457e+02
ablation,SBOA-GPSI-ACGM,F8,30,25,4.8799925604e+01
ablation,SBOA-GPSI-LOBL,F30,30,25,2.4898059839e+05
ablation,SBOA-GPSI-ACGM,F1,30,25,5.9574107969e+03
ablation,SBOA-GPSI-ACGM,F3,30,25,5.1548770217e+04
ablation,SBOA-GPSI-ACGM,F4,30,25,1.0463100028e+02
ablation,SBOA-GPSI-ACGM,F9,30,25,2.9036531874e+01
ablation,SBOA-GPSI-ACGM,F10,30,25,3.5653931307e+03
ablation,SBOA-GPSI-ACGM,F11,30,25,9.0952510586e+01
ablation,SBOA-GPSI-ACGM,F12,30,25,1.2170563595e+06
ablation,SBOA-GPSI-ACGM,F13,30,25,2.0141012939e+03
ablation,SBOA-GPSI-ACGM,F14,30,25,3.1637272271e+03
ablation,SBOA-GPSI-ACGM,F15,30,25,2.2349868823e+03
ablation,SBOA-GPSI-ACGM,F16,30,25,1.2992817107e+03
ablation,SBOA-GPSI-ACGM,F17,30,25,2.4909542971e+02
ablation,SBOA-GPSI-ACGM,F18,30,25,1.6614507692e+05
ablation,SBOA-GPSI-ACGM,F19,30,25,3.8319688632e+03
ablation,SBOA-GPSI-ACGM,F20,30,25,4.7838002379e+02
ablation,SBOA-GPSI-LOBL,F26,30,25,1.8512199340e+03
ablation,SBOA-GPSI-LOBL,F27,30,25,5.1300482231e+02
ablation,SBOA-GPSI-LOBL,F28,30,25,4.4145445086e+02
ablation,SBOA-GPSI-LOBL,F29,30,25,6.7213177059e+02
ablation,SBOA-GPSI-ACGM,F21,30,25,2.8516585454e+02
ablation,SBOA-GPSI-ACGM,F22,30,25,5.2513441528e+03
ablation,SBOA-GPSI-ACGM,F23,30,25,4.0786580752e+02
ablation,SBOA-GPSI-ACGM,F24,30,25,4.7842285174e+02
ablation,SBOA-LOBL-ACGM,F4,30,25,1.1903278993e+02
ablation,SBOA-LOBL-ACGM,F5,30,25,8.5337349763e+01
ablation,SBOA-LOBL-ACGM,F6,30,25,6.0943512867e+00
ablation,SBOA-LOBL-ACGM,F7,30,25,1.0910501658e+02
ablation,SBOA-GPSI-ACGM,F25,30,25,4.3287147117e+02
ablation,SBOA-GPSI-ACGM,F26,30,25,1.5645064970e+03
ablation,SBOA-GPSI-ACGM,F27,30,25,5.1070610164e+02
ablation,SBOA-GPSI-ACGM,F28,30,25,4.6269122373e+02
ablation,SBOA-LOBL-ACGM,F8,30,25,7.4954498569e+01
ablation,SBOA-LOBL-ACGM,F9,30,25,3.1923057600e+01
ablation,SBOA-LOBL-ACGM,F10,30,25,3.7483527547e+03
ablation,SBOA-LOBL-ACGM,F11,30,25,8.3769021029e+01
ablation,SBOA-GPSI-ACGM,F29,30,25,5.1898129630e+02
ablation,SBOA-GPSI-ACGM,F30,30,25,2.5246014622e+04
ablation,SBOA-LOBL-ACGM,F1,30,25,1.2393168230e+05
ablation,SBOA-LOBL-ACGM,F3,30,25,3.4263002459e+04
ablation,SBOA-LOBL-ACGM,F12,30,25,4.7004824209e+06
ablation,SBOA-LOBL-ACGM,F13,30,25,1.2507323982e+03
ablation,SBOA-LOBL-ACGM,F14,30,25,1.1057169858e+04
ablation,SBOA-LOBL-ACGM,F15,30,25,3.6096010524e+03
ablation,SBOA-LOBL-ACGM,F16,30,25,1.1316410721e+03
ablation,SBOA-LOBL-ACGM,F17,30,25,3.1331343516e+02
ablation,SBOA-LOBL-ACGM,F18,30,25,2.9202026848e+05
ablation,SBOA-LOBL-ACGM,F19,30,25,2.1098020941e+04
ablation,MSSBOA,F3,30,25,4.1040025524e+04
ablation,MSSBOA,F4,30,25,1.1862118318e+02
ablation,MSSBOA,F5,30,25,1.2194927711e+02
ablation,MSSBOA,F6,30,25,1.2118457512e+01
ablation,SBOA-LOBL-ACGM,F20,30,25,5.0117469677e+02
ablation,SBOA-LOBL-ACGM,F21,30,25,2.6935705992e+02
ablation,SBOA-LOBL-ACGM,F22,30,25,1.0367091989e+02
ablation,SBOA-LOBL-ACGM,F23,30,25,4.0745670326e+02
ablation,MSSBOA,F7,30,25,1.0857389561e+02
ablation,MSSBOA,F8,30,25,8.9602538226e+01
ablation,MSSBOA,F9,30,25,7.1712149088e+01
ablation,MSSBOA,F10,30,25,3.5398697719e+03
ablation,SBOA-LOBL-ACGM,F24,30,25,4.6729812797e+02
ablation,SBOA-LOBL-ACGM,F25,30,25,3.9530906661e+02
ablation,SBOA-LOBL-ACGM,F26,30,25,2.7908410595e+02
ablation,SBOA-LOBL-ACGM,F27,30,25,5.2234135992e+02
ablation,MSSBOA,F11,30,25,6.8332189170e+01
ablation,MSSBOA,F12,30,25,2.1333659356e+06
ablation,MSSBOA,F13,30,25,3.3361236571e+04
ablation,MSSBOA,F14,30,25,3.5727505704e+04
ablation,SBOA-LOBL-ACGM,F28,30,25,4.7177943214e+02
ablation,SBOA-LOBL-ACGM,F29,30,25,8.6662179609e+02
ablation,SBOA-LOBL-ACGM,F30,30,25,6.1615102205e+04
ablation,MSSBOA,F1,30,25,9.3364599177e+04
ablation,MSSBOA,F15,30,25,1.6771999588e+04
ablation,MSSBOA,F16,30,25,8.4081586932e+02
ablation,MSSBOA,F17,30,25,4.7052092873e+02
ablation,MSSBOA,F18,30,25,6.9761242242e+04
ablation,SBOA,F1,30,26,9.8981557538e+03
ablation,SBOA,F3,30,26,5.0835668491e+04
ablation,SBOA,F4,30,26,6.6422777214e+01
ablation,SBOA,F5,30,26,7.9827208878e+01
ablation,MSSBOA,F19,30,25,7.6271787179e+04
ablation,MSSBOA,F20,30,25,1.4956863021e+02
ablation,MSSBOA,F21,30,25,3.0793956636e+02
ablation,MSSBOA,F22,30,25,1.0454248332e+02
ablation,SBOA,F6,30,26,1.2169640647e+01
ablation,SBOA,F7,30,26,1.8226879218e+02
ablation,SBOA,F8,30,26,3.8448753161e+01
ablation,SBOA,F9,30,26,1.3588204686e+01
ablation,SBOA,F10,30,26,3.2891773108e+03
ablation,SBOA,F11,30,26,9.5387722820e+01
ablation,SBOA,F12,30,26,2.9179297388e+05
ablation,SBOA,F13,30,26,6.5666617037e+04
ablation,MSSBOA,F23,30,25,4.2450906521e+02
ablation,MSSBOA,F24,30,25,4.8661853567e+02
ablation,MSSBOA,F25,30,25,4.1723401022e+02
ablation,MSSBOA,F26,30,25,2.3043201407e+03
ablation,SBOA,F14,30,26,5.3621197354e+04
ablation,SBOA,F15,30,26,1.2124776789e+03
ablation,SBOA,F16,30,26,1.2693532698e+03
ablation,SBOA,F17,30,26,1.9988394461e+02
ablation,SBOA,F18,30,26,5.8981408605e+05
ablation,SBOA,F19,30,26,1.1682112780e+04
ablation,SBOA,F20,30,26,4.7812080783e+02
ablation,SBOA,F21,30,26,2.3185405503e+02
ablation,MSSBOA,F27,30,25,5.4354200788e+02
ablation,MSSBOA,F28,30,25,4.9912877394e+02
ablation,MSSBOA,F29,30,25,6.8112938114e+02
ablation,MSSBOA,F30,30,25,5.6504823653e+04
ablation,SBOA-GPSI,F5,30,26,9.8572582662e+01
ablation,SBOA-GPSI,F6,30,26,1.4686540087e+01
ablation,SBOA-GPSI,F7,30,26,1.2416611863e+02
ablation,SBOA-GPSI,F8,30,26,1.0682712758e+02
ablation,SBOA,F22,30,26,1.0937976599e+02
ablation,SBOA,F23,30,26,4.1845843267e+02
ablation,SBOA,F24,30,26,4.7894250280e+02
ablation,SBOA,F25,30,26,3.8947483463e+02
ablation,SBOA,F30,30,26,2.8889206348e+05
ablation,SBOA-GPSI,F1,30,26,1.1422036135e+04
ablation,SBOA-GPSI,F3,30,26,2.6317772318e+04
ablation,SBOA-GPSI,F4,30,26,1.1721173202e+02
ablation,SBOA-GPSI,F9,30,26,5.1379628394e+02
ablation,SBOA-GPSI,F10,30,26,2.7242726199e+03
ablation,SBOA-GPSI,F11,30,26,1.3785138962e+02
ablation,SBOA-GPSI,F12,30,26,1.6100107240e+06
ablation,SBOA-GPSI,F13,30,26,1.2361698307e+04
ablation,SBOA-GPSI,F14,30,26,5.8378144257e+04
ablation,SBOA-GPSI,F15,30,26,2.2194743409e+04
ablation,SBOA-GPSI,F16,30,26,1.1281229086e+03
ablation,SBOA,F26,30,26,1.8573670972e+03
ablation,SBOA,F27,30,26,5.2640002695e+02
ablation,SBOA,F28,30,26,4.6012642607e+02
ablation,SBOA,F29,30,26,6.1913134844e+02
ablation,SBOA-GPSI,F17,30,26,4.7676982764e+02
ablation,SBOA-GPSI,F18,30,26,7.8669136977e+05
ablation,SBOA-GPSI,F19,30,26,5.3780163481e+03
ablation,SBOA-GPSI,F20,30,26,3.0740536632e+02
ablation,SBOA-GPSI,F21,30,26,2.7274983927e+02
ablation,SBOA-GPSI,F22,30,26,1.0395267467e+02
ablation,SBOA-GPSI,F23,30,26,3.8445858303e+02
ablation,SBOA-GPSI,F24,30,26,4.7713705604e+02
ablation,SBOA-LOBL,F4,30,26,1.1143356762e+02
ablation,SBOA-LOBL,F5,30,26,5.4117181915e+01
ablation,SBOA-LOBL,F6,30,26,7.1679486655e+00
ablation,SBOA-LOBL,F7,30,26,1.0664415785e+02
ablation,SBOA-GPSI,F29,30,26,6.7598374151e+02
ablation,SBOA-GPSI,F30,30,26,3.2982399009e+06
ablation,SBOA-LOBL,F1,30,26,2.4087451066e+04
ablation,SBOA-LOBL,F3,30,26,3.5763231873e+04
ablation,SBOA-GPSI,F25,30,26,3.9742952359e+02
ablation,SBOA-GPSI,F26,30,26,1.9620392834e+03
ablation,SBOA-GPSI,F27,30,26,5.1329875008e+02
ablation,SBOA-GPSI,F28,30,26,4.1679838521e+02
ablation,SBOA-LOBL,F8,30,26,5.7926926058e+01
ablation,SBOA-LOBL,F9,30,26,1.1689701534e+02
ablation,SBOA-LOBL,F10,30,26,2.0989249785e+03
ablation,SBOA-LOBL,F11,30,26,1.1786117613e+02
ablation,SBOA-LOBL,F12,30,26,1.6815965651e+06
ablation,SBOA-LOBL,F13,30,26,5.9133011124e+04
ablation,SBOA-LOBL,F14,30,26,4.1181068574e+03
ablation,SBOA-LOBL,F15,30,26,2.8641684032e+04
ablation,SBOA-LOBL,F16,30,26,1.4198129313e+03
ablation,SBOA-LOBL,F17,30,26,8.9657171546e+01
ablation,SBOA-LOBL,F18,30,26,4.0186028859e+05
ablation,SBOA-LOBL,F19,30,26,1.0881075483e+03
ablation,SBOA-ACGM,F3,30,26,3.7789141503e+04
ablation,SBOA-ACGM,F4,30,26,9.2407722050e+01
ablation,SBOA-ACGM,F5,30,26,4.6865343038e+01
ablation,SBOA-ACGM,F6,30,26,1.1879109976e+01
ablation,SBOA-LOBL,F20,30,26,4.5605672881e+02
ablation,SBOA-LOBL,F21,30,26,2.6142730991e+02
ablation,SBOA-LOBL,F22,30,26,1.0335521959e+02
ablation,SBOA-LOBL,F23,30,26,4.2601450877e+02
ablation,SBOA-ACGM,F7,30,26,1.3542649849e+02
ablation,SBOA-ACGM,F8,30,26,7.2931052256e+01
ablation,SBOA-ACGM,F9,30,26,2.4023176791e+02
ablation,SBOA-ACGM,F10,30,26,2.9334052139e+03
ablation,SBOA-LOBL,F24,30,26,5.0088315956e+02
ablation,SBOA-LOBL,F25,30,26,3.8782773502e+02
ablation,SBOA-LOBL,F26,30,26,3.0584414400e+02
ablation,SBOA-LOBL,F27,30,26,5.0445440326e+02
ablation,SBOA-ACGM,F11,30,26,9.3806490593e+01
ablation,SBOA-ACGM,F12,30,26,7.5881290516e+05
ablation,SBOA-ACGM,F13,30,26,2.6972767326e+04
ablation,SBOA-ACGM,F14,30,26,6.1419091309e+03
ablation,SBOA-LOBL,F28,30,26,4.3265201899e+02
ablation,SBOA-LOBL,F29,30,26,8.3262581189e+02
ablation,SBOA-LOBL,F30,30,26,6.9858173866e+05
ablation,SBOA-ACGM,F1,30,26,3.4473569433e+04
ablation,SBOA-ACGM,F15,30,26,1.3286790183e+03
ablation,SBOA-ACGM,F16,30,26,1.2244022775e+03
ablation,SBOA-ACGM,F17,30,26,1.2717517913e+02
ablation,SBOA-ACGM,F18,30,26,1.5917148211e+05
ablation,SBOA-GPSI-LOBL,F1,30,26,3.0940599776e+04
ablation,SBOA-GPSI-LOBL,F3,30,26,4.2419513653e+04
ablation,SBOA-GPSI-LOBL,F4,30,26,1.3317370707e+02
ablation,SBOA-GPSI-LOBL,F5,30,26,7.4814195690e+01
ablation,SBOA-ACGM,F19,30,26,1.0431926597e+04
ablation,SBOA-ACGM,F20,30,26,5.1984888618e+02
ablation,SBOA-ACGM,F21,30,26,2.6844425555e+02
ablation,SBOA-ACGM,F22,30,26,1.0714579775e+02
ablation,SBOA-GPSI-LOBL,F6,30,26,1.1383490857e+01
ablation,SBOA-GPSI-LOBL,F7,30,26,1.0127712513e+02
ablation,SBOA-GPSI-LOBL,F8,30,26,6.7210447539e+01
ablation,SBOA-GPSI-LOBL,F9,30,26,2.5457626297e+01
ablation,SBOA-ACGM,F23,30,26,3.9131848016e+02
ablation,SBOA-ACGM,F24,30,26,4.6270828049e+02
ablation,SBOA-ACGM,F25,30,26,3.9957902984e+02
ablation,SBOA-ACGM,F26,30,26,1.3710880109e+03
ablation,SBOA-GPSI-LOBL,F10,30,26,2.4624174203e+03
ablation,SBOA-GPSI-LOBL,F11,30,26,1.4302654637e+02
ablation,SBOA-GPSI-LOBL,F12,30,26,3.6605552382e+05
ablation,SBOA-GPSI-LOBL,F13,30,26,2.2534798368e+04
ablation,SBOA-GPSI-LOBL,F14,30,26,6.8717042940e+04
ablation,SBOA-GPSI-LOBL,F15,30,26,1.4665285115e+04
ablation,SBOA-GPSI-LOBL,F16,30,26,5.6535684890e+02
ablation,SBOA-GPSI-LOBL,F17,30,26,1.4771667871e+02
ablation,SBOA-ACGM,F27,30,26,5.2584622987e+02
ablation,SBOA-ACGM,F28,30,26,4.1164454391e+02
ablation,SBOA-ACGM,F29,30,26,5.2561806036e+02
ablation,SBOA-ACGM,F30,30,26,4.1346929646e+04
ablation,SBOA-GPSI-LOBL,F18,30,26,9.5291041855e+05
ablation,SBOA-GPSI-LOBL,F19,30,26,1.1295994787e+03
ablation,SBOA-GPSI-LOBL,F20,30,26,1.9417285585e+02
ablation,SBOA-GPSI-LOBL,F21,30,26,2.8172961325e+02
ablation,SBOA-GPSI-LOBL,F30,30,26,2.1840421570e+05
ablation,SBOA-GPSI-ACGM,F1,30,26,3.9031857473e+04
ablation,SBOA-GPSI-ACGM,F3,30,26,2.9854805363e+04
ablation,SBOA-GPSI-ACGM,F4,30,26,8.0347723605e+01
ablation,SBOA-GPSI-ACGM,F5,30,26,1.2160879733e+02
ablation,SBOA-GPSI-ACGM,F6,30,26,5.6210520246e+00
ablation,SBOA-GPSI-ACGM,F7,30,26,1.5327530472e+02
ablation,SBOA-GPSI-ACGM,F8,30,26,7.6234381486e+01
ablation,SBOA-GPSI-LOBL,F22,30,26,1.0775584203e+02
ablation,SBOA-GPSI-LOBL,F23,30,26,4.0662990354e+02
ablation,SBOA-GPSI-LOBL,F24,30,26,4.7254623011e+02
ablation,SBOA-GPSI-LOBL,F25,30,26,3.8727180793e+02
ablation,SBOA-GPSI-ACGM,F9,30,26,7.3347052783e+01
ablation,SBOA-GPSI-ACGM,F10,30,26,3.6006812613e+03
ablation,SBOA-GPSI-ACGM,F11,30,26,7.3192346383e+01
ablation,SBOA-GPSI-ACGM,F12,30,26,6.2626241953e+05
ablation,SBOA-GPSI-ACGM,F13,30,26,3.2515735027e+04
ablation,SBOA-GPSI-ACGM,F14,30,26,9.1215745075e+03
ablation,SBOA-GPSI-ACGM,F15,30,26,8.8019681597e+02
ablation,SBOA-GPSI-ACGM,F16,30,26,8.4072007601e+02
ablation,SBOA-GPSI-LOBL,F26,30,26,2.0516239328e+03
ablation,SBOA-GPSI-LOBL,F27,30,26,5.1810324222e+02
ablation,SBOA-GPSI-LOBL,F28,30,26,4.0841747792e+02
ablation,SBOA-GPSI-LOBL,F29,30,26,6.2532605801e+02
ablation,SBOA-GPSI-ACGM,F17,30,26,2.5556685514e+02
ablation,SBOA-GPSI-ACGM,F18,30,26,1.8478693516e+06
ablation,SBOA-GPSI-ACGM,F19,30,26,5.8528164617e+01
ablation,SBOA-GPSI-ACGM,F20,30,26,4.1143633340e+02
ablation,SBOA-LOBL-ACGM,F4,30,26,7.1651119897e+01
ablation,SBOA-LOBL-ACGM,F5,30,26,1.0751866836e+02
ablation,SBOA-LOBL-ACGM,F6,30,26,1.4566395096e+01
ablation,SBOA-LOBL-ACGM,F7,30,26,9.7946856110e+01
ablation,SBOA-GPSI-ACGM,F21,30,26,2.5543720835e+02
ablation,SBOA-GPSI-ACGM,F22,30,26,1.0328118226e+02
ablation,SBOA-GPSI-ACGM,F23,30,26,4.2413898199e+02
ablation,SBOA-GPSI-ACGM,F24,30,26,4.7250708104e+02
ablation,SBOA-LOBL-ACGM,F8,30,26,5.5880305571e+01
ablation,SBOA-LOBL-ACGM,F9,30,26,1.1400097112e+02
ablation,SBOA-LOBL-ACGM,F10,30,26,4.4629847335e+03
ablation,SBOA-LOBL-ACGM,F11,30,26,1.3742972540e+02
ablation,SBOA-GPSI-ACGM,F25,30,26,4.0188085630e+02
ablation,SBOA-GPSI-ACGM,F26,30,26,1.6194037345e+03
ablation,SBOA-GPSI-ACGM,F27,30,26,5.2064828628e+02
ablation,SBOA-GPSI-ACGM,F28,30,26,4.2890570323e+02
ablation,SBOA-GPSI-ACGM,F29,30,26,7.6800129780e+02
ablation,SBOA-GPSI-ACGM,F30,30,26,5.7681630896e+03
ablation,SBOA-LOBL-ACGM,F1,30,26,5.5114568560e+04
ablation,SBOA-LOBL-ACGM,F3,30,26,3.5952216513e+04
ablation,SBOA-LOBL-ACGM,F12,30,26,3.6956583772e+06
ablation,SBOA-LOBL-ACGM,F13,30,26,3.2699929551e+04
ablation,SBOA-LOBL-ACGM,F14,30,26,6.0369762350e+04
ablation,SBOA-LOBL-ACGM,F15,30,26,2.9804668544e+03
ablation,SBOA-LOBL-ACGM,F16,30,26,1.0718125160e+03
ablation,SBOA-LOBL-ACGM,F17,30,26,3.8828103444e+02
ablation,SBOA-LOBL-ACGM,F18,30,26,1.2224673400e+06
ablation,SBOA-LOBL-ACGM,F19,30,26,3.1555131275e+03
ablation,SBOA-LOBL-ACGM,F20,30,26,2.0454644049e+02
ablation,SBOA-LOBL-ACGM,F21,30,26,2.9070094852e+02
ablation,SBOA-LOBL-ACGM,F22,30,26,1.0784011847e+02
ablation,SBOA-LOBL-ACGM,F23,30,26,4.1270261956e+02
ablation,MSSBOA,F3,30,26,4.1255721967e+04
ablation,MSSBOA,F4,30,26,1.3379549222e+02
ablation,MSSBOA,F5,30,26,8.5623377310e+01
ablation,MSSBOA,F6,30,26,1.2509216207e+01
ablation,MSSBOA,F7,30,26,1.3346540061e+02
ablation,MSSBOA,F8,30,26,9.0876868089e+01
ablation,MSSBOA,F9,30,26,1.6355356577e+02
ablation,MSSBOA,F10,30,26,5.2845245337e+03
ablation,SBOA-LOBL-ACGM,F24,30,26,4.9246367190e+02
ablation,SBOA-LOBL-ACGM,F25,30,26,3.9060093927e+02
ablation,SBOA-LOBL-ACGM,F26,30,26,1.6797598180e+03
ablation,SBOA-LOBL-ACGM,F27,30,26,5.2295783050e+02
ablation,MSSBOA,F11,30,26,8.4442537899e+01
ablation,MSSBOA,F12,30,26,2.2619029993e+06
ablation,MSSBOA,F13,30,26,8.1734954799e+03
ablation,MSSBOA,F14,30,26,1.2197012259e+04
ablation,SBOA-LOBL-ACGM,F28,30,26,4.7105729152e+02
ablation,SBOA-LOBL-ACGM,F29,30,26,5.6451020782e+02
ablation,SBOA-LOBL-ACGM,F30,30,26,1.3467340039e+04
ablation,MSSBOA,F1,30,26,2.6075687760e+04
ablation,MSSBOA,F15,30,26,6.4472969905e+04
ablation,MSSBOA,F16,30,26,6.2380149884e+02
ablation,MSSBOA,F17,30,26,1.7119081439e+02
ablation,MSSBOA,F18,30,26,2.0593103139e+05
ablation,SBOA,F1,30,27,5.3154733513e+04
ablation,SBOA,F3,30,27,3.2177416582e+04
ablation,SBOA,F4,30,27,9.0932818996e+01
ablation,SBOA,F5,30,27,8.3031360905e+01
ablation,SBOA,F6,30,27,1.0417834208e+01
ablation,SBOA,F7,30,27,1.4427094434e+02
ablation,SBOA,F8,30,27,6.4042039961e+01
ablation,SBOA,F9,30,27,1.0078354037e+02
ablation,MSSBOA,F19,30,26,1.1200177646e+04
ablation,MSSBOA,F20,30,26,3.5294564314e+02
ablation,MSSBOA,F21,30,26,2.5905193628e+02
ablation,MSSBOA,F22,30,26,1.0197566599e+02
ablation,MSSBOA,F23,30,26,4.1262649693e+02
ablation,MSSBOA,F24,30,26,4.6625255495e+02
ablation,MSSBOA,F25,30,26,4.4241786686e+02
ablation,MSSBOA,F26,30,26,1.6424280398e+03
ablation,SBOA,F10,30,27,3.8016941727e+03
ablation,SBOA,F11,30,27,5.1165466967e+01
ablation,SBOA,F12,30,27,1.6054517589e+06
ablation,SBOA,F13,30,27,9.7037164521e+03
ablation,SBOA,F14,30,27,2.5793640355e+04
ablation,SBOA,F15,30,27,1.5223381597e+04
ablation,SBOA,F16,30,27,9.6054314688e+02
ablation,SBOA,F17,30,27,1.0348731252e+02
ablation,SBOA,F18,30,27,7.0599658155e+05
ablation,SBOA,F19,30,27,7.3967371533e+03
ablation,SBOA,F20,30,27,2.4297457818e+02
ablation,SBOA,F21,30,27,2.7641196493e+02
ablation,MSSBOA,F27,30,26,5.5530883314e+02
ablation,MSSBOA,F28,30,26,4.2410185484e+02
ablation,MSSBOA,F29,30,26,6.9309601560e+02
ablation,MSSBOA,F30,30,26,1.1763475146e+05
ablation,SBOA-GPSI,F5,30,27,7.8893000991e+01
ablation,SBOA-GPSI,F6,30,27,2.1626750760e+01
ablation,SBOA-GPSI,F7,30,27,1.1136236860e+02
ablation,SBOA-GPSI,F8,30,27,6.6576656147e+01
ablation,SBOA,F22,30,27,1.0372018063e+02
ablation,SBOA,F23,30,27,3.9936339284e+02
ablation,SBOA,F24,30,27,4.8247760494e+02
ablation,SBOA,F25,30,27,3.8516466838e+02
ablation,SBOA,F30,30,27,2.7599966298e+04
ablation,SBOA-GPSI,F1,30,27,1.9495348649e+04
ablation,SBOA-GPSI,F3,30,27,3.9291900037e+04
ablation,SBOA-GPSI,F4,30,27,1.2722871070e+02
ablation,SBOA-GPSI,F9,30,27,3.2650845533e+01
ablation,SBOA-GPSI,F10,30,27,3.3388442955e+03
ablation,SBOA-GPSI,F11,30,27,7.4431051737e+01
ablation,SBOA-GPSI,F12,30,27,8.7693227915e+05
ablation,SBOA-GPSI,F13,30,27,1.5284264172e+04
ablation,SBOA-GPSI,F14,30,27,5.8593902414e+03
ablation,SBOA-GPSI,F15,30,27,2.7586844226e+04
ablation,SBOA-GPSI,F16,30,27,1.2395333155e+03
ablation,SBOA,F26,30,27,2.1240688476e+03
ablation,SBOA,F27,30,27,5.2335849126e+02
ablation,SBOA,F28,30,27,4.0635167826e+02
ablation,SBOA,F29,30,27,7.3739188367e+02
ablation,SBOA-GPSI,F17,30,27,3.3015328702e+02
ablation,SBOA-GPSI,F18,30,27,1.0033533894e+06
ablation,SBOA-GPSI,F19,30,27,4.1893664086e+03
ablation,SBOA-GPSI,F20,30,27,1.9101903547e+02
ablation,SBOA-LOBL,F4,30,27,1.2221455898e+02
ablation,SBOA-LOBL,F5,30,27,1.1323458207e+02
ablation,SBOA-LOBL,F6,30,27,7.5805553844e+00
ablation,SBOA-LOBL,F7,30,27,1.6513341945e+02
ablation,SBOA-GPSI,F21,30,27,2.5701277049e+02
ablation,SBOA-GPSI,F22,30,27,1.0118852168e+02
ablation,SBOA-GPSI,F23,30,27,4.0587385301e+02
ablation,SBOA-GPSI,F24,30,27,4.7762592949e+02
ablation,SBOA-GPSI,F29,30,27,5.5202700560e+02
ablation,SBOA-GPSI,F30,30,27,3.2466591111e+04
ablation,SBOA-LOBL,F1,30,27,2.0200830215e+04
ablation,SBOA-LOBL,F3,30,27,3.0310075419e+04
ablation,SBOA-LOBL,F8,30,27,4.9062673259e+01
ablation,SBOA-LOBL,F9,30,27,1.2668460686e+02
ablation,SBOA-LOBL,F10,30,27,3.8054827203e+03
ablation,SBOA-LOBL,F11,30,27,1.0605040051e+02
ablation,SBOA-GPSI,F25,30,27,4.1257955661e+02
ablation,SBOA-GPSI,F26,30,27,2.1240086657e+03
ablation,SBOA-GPSI,F27,30,27,5.1684273143e+02
ablation,SBOA-GPSI,F28,30,27,4.2987343742e+02
ablation,SBOA-LOBL,F12,30,27,4.4640431200e+06
ablation,SBOA-LOBL,F13,30,27,1.9937065426e+03
ablation,SBOA-LOBL,F14,30,27,3.0525877267e+04
ablation,SBOA-LOBL,F15,30,27,8.4171903665e+03
ablation,SBOA-LOBL,F16,30,27,1.2047169864e+03
ablation,SBOA-LOBL,F17,30,27,3.1324012298e+02
ablation,SBOA-LOBL,F18,30,27,3.5954716817e+05
ablation,SBOA-LOBL,F19,30,27,4.4617866815e+03
ablation,SBOA-LOBL,F20,30,27,2.0939502112e+02
ablation,SBOA-LOBL,F21,30,27,2.5702408931e+02
ablation,SBOA-LOBL,F22,30,27,1.0335395173e+02
ablation,SBOA-LOBL,F23,30,27,3.9342038075e+02
ablation,SBOA-ACGM,F3,30,27,4.5634083392e+04
ablation,SBOA-ACGM,F4,30,27,7.6425944482e+01
ablation,SBOA-ACGM,F5,30,27,1.0106829884e+02
ablation,SBOA-ACGM,F6,30,27,1.9981079857e+01
ablation,SBOA-ACGM,F7,30,27,8.6199384858e+01
ablation,SBOA-ACGM,F8,30,27,4.0876087211e+01
ablation,SBOA-ACGM,F9,30,27,1.1073629251e+02
ablation,SBOA-ACGM,F10,30,27,3.9693506395e+03
ablation,SBOA-LOBL,F24,30,27,4.9721444078e+02
ablation,SBOA-LOBL,F25,30,27,3.8750021747e+02
ablation,SBOA-LOBL,F26,30,27,1.7610213010e+03
ablation,SBOA-LOBL,F27,30,27,5.2408293295e+02
ablation,SBOA-ACGM,F11,30,27,1.0768175999e+02
ablation,SBOA-ACGM,F12,30,27,8.5446052964e+05
ablation,SBOA-ACGM,F13,30,27,4.6437672085e+04
ablation,SBOA-ACGM,F14,30,27,1.4927072433e+05
ablation,SBOA-LOBL,F28,30,27,4.1855893585e+02
ablation,SBOA-LOBL,F29,30,27,5.2137739237e+02
ablation,SBOA-LOBL,F30,30,27,8.2155522740e+04
ablation,SBOA-ACGM,F1,30,27,6.6192660340e+03
ablation,SBOA-ACGM,F15,30,27,9.4787106540e+03
ablation,SBOA-ACGM,F16,30,27,1.2933425901e+03
ablation,SBOA-ACGM,F17,30,27,2.1314234497e+02
ablation,SBOA-ACGM,F18,30,27,5.7830030667e+05
ablation,SBOA-GPSI-LOBL,F1,30,27,1.4287695534e+05
ablation,SBOA-GPSI-LOBL,F3,30,27,3.5407597503e+04
ablation,SBOA-GPSI-LOBL,F4,30,27,7.1903728158e+01
ablation,SBOA-GPSI-LOBL,F5,30,27,1.1163008949e+02
ablation,SBOA-ACGM,F19,30,27,5.7624082514e+04
ablation,SBOA-ACGM,F20,30,27,8.6993204886e+01
ablation,SBOA-ACGM,F21,30,27,2.6448650015e+02
ablation,SBOA-ACGM,F22,30,27,1.0323651553e+02
ablation,SBOA-GPSI-LOBL,F6,30,27,2.7342709766e+01
ablation,SBOA-GPSI-LOBL,F7,30,27,1.3635648433e+02
ablation,SBOA-GPSI-LOBL,F8,30,27,5.6536242895e+01
ablation,SBOA-GPSI-LOBL,F9,30,27,9.0344741810e+01
ablation,SBOA-ACGM,F23,30,27,3.8930299537e+02
ablation,SBOA-ACGM,F24,30,27,4.8152464392e+02
ablation,SBOA-ACGM,F25,30,27,4.2196004733e+02
ablation,SBOA-ACGM,F26,30,27,2.1396058474e+03
ablation,SBOA-GPSI-LOBL,F10,30,27,3.3959694632e+03
ablation,SBOA-GPSI-LOBL,F11,30,27,1.5868553218e+02
ablation,SBOA-GPSI-LOBL,F12,30,27,4.9528650562e+05
ablation,SBOA-GPSI-LOBL,F13,30,27,6.2287200844e+02
ablation,SBOA-GPSI-LOBL,F14,30,27,7.0047031840e+04
ablation,SBOA-GPSI-LOBL,F15,30,27,1.1705455879e+03
ablation,SBOA-GPSI-LOBL,F16,30,27,5.6696394909e+02
ablation,SBOA-GPSI-LOBL,F17,30,27,2.2893517465e+02
ablation,SBOA-ACGM,F27,30,27,5.0812628488e+02
ablation,SBOA-ACGM,F28,30,27,4.6398803005e+02
ablation,SBOA-ACGM,F29,30,27,7.9779124381e+02
ablation,SBOA-ACGM,F30,30,27,3.8513802128e+04
ablation,SBOA-GPSI-LOBL,F18,30,27,1.3211418882e+06
ablation,SBOA-GPSI-LOBL,F19,30,27,9.8385171011e+03
ablation,SBOA-GPSI-LOBL,F20,30,27,4.1628955241e+02
ablation,SBOA-GPSI-LOBL,F21,30,27,2.7991743385e+02
ablation,SBOA-GPSI-ACGM,F5,30,27,6.8725849301e+01
ablation,SBOA-GPSI-ACGM,F6,30,27,1.6588238444e+01
ablation,SBOA-GPSI-ACGM,F7,30,27,1.1592633232e+02
ablation,SBOA-GPSI-ACGM,F8,30,27,8.0272218462e+01
ablation,SBOA-GPSI-LOBL,F22,30,27,1.0382218200e+02
ablation,SBOA-GPSI-LOBL,F23,30,27,3.8571813656e+02
ablation,SBOA-GPSI-LOBL,F24,30,27,4.6245836361e+02
ablation,SBOA-GPSI-LOBL,F25,30,27,3.8837130575e+02
ablation,SBOA-GPSI-LOBL,F30,30,27,3.9842671264e+04
ablation,SBOA-GPSI-ACGM,F1,30,27,2.5164931071e+04
ablation,SBOA-GPSI-ACGM,F3,30,27,3.2664251838e+04
ablation,SBOA-GPSI-ACGM,F4,30,27,1.1419097119e+02
ablation,SBOA-GPSI-ACGM,F9,30,27,4.9786542989e+02
ablation,SBOA-GPSI-ACGM,F10,30,27,4.5497694027e+03
ablation,SBOA-GPSI-ACGM,F11,30,27,8.1954818298e+01
ablation,SBOA-GPSI-ACGM,F12,30,27,3.2326398812e+05
ablation,SBOA-GPSI-ACGM,F13,30,27,4.1978516278e+03
ablation,SBOA-GPSI-ACGM,F14,30,27,2.0593769327e+04
ablation,SBOA-GPSI-ACGM,F15,30,27,1.3271133499e+03
ablation,SBOA-GPSI-ACGM,F16,30,27,6.8064926297e+02
ablation,SBOA-GPSI-LOBL,F26,30,27,1.8510644391e+03
ablation,SBOA-GPSI-LOBL,F27,30,27,5.2945543182e+02
ablation,SBOA-GPSI-LOBL,F28,30,27,4.8652596901e+02
ablation,SBOA-GPSI-LOBL,F29,30,27,9.3401504405e+02
ablation,SBOA-GPSI-ACGM,F17,30,27,2.2421751247e+02
ablation,SBOA-GPSI-ACGM,F18,30,27,1.0619891391e+06
ablation,SBOA-GPSI-ACGM,F19,30,27,8.2206541891e+03
ablation,SBOA-GPSI-ACGM,F20,30,27,3.3258478516e+02
ablation,SBOA-GPSI-ACGM,F21,30,27,2.3965308577e+02
ablation,SBOA-GPSI-ACGM,F22,30,27,1.0319612809e+02
ablation,SBOA-GPSI-ACGM,F23,30,27,3.8563970701e+02
ablation,SBOA-GPSI-ACGM,F24,30,27,4.7813337407e+02
ablation,SBOA-LOBL-ACGM,F4,30,27,7.5422023751e+01
ablation,SBOA-LOBL-ACGM,F5,30,27,8.3867180604e+01
ablation,SBOA-LOBL-ACGM,F6,30,27,1.0040925697e+01
ablation,SBOA-LOBL-ACGM,F7,30,27,1.1850122790e+02
ablation,SBOA-LOBL-ACGM,F8,30,27,7.4372778215e+01
ablation,SBOA-LOBL-ACGM,F9,30,27,6.5642218397e+01
ablation,SBOA-LOBL-ACGM,F10,30,27,4.4010371434e+03
ablation,SBOA-LOBL-ACGM,F11,30,27,8.9447066716e+01
ablation,SBOA-GPSI-ACGM,F25,30,27,3.9110871139e+02
ablation,SBOA-GPSI-ACGM,F26,30,27,1.7491038808e+03
ablation,SBOA-GPSI-ACGM,F27,30,27,5.4397354168e+02
ablation,SBOA-GPSI-ACGM,F28,30,27,4.6517649465e+02
ablation,SBOA-GPSI-ACGM,F29,30,27,1.1485330183e+03
ablation,SBOA-GPSI-ACGM,F30,30,27,5.1485607576e+04
ablation,SBOA-LOBL-ACGM,F1,30,27,3.4429272731e+04
ablation,SBOA-LOBL-ACGM,F3,30,27,2.7918145186e+04
ablation,SBOA-LOBL-ACGM,F12,30,27,9.3804460040e+04
ablation,SBOA-LOBL-ACGM,F13,30,27,1.7568771865e+04
ablation,SBOA-LOBL-ACGM,F14,30,27,4.0559522056e+03
ablation,SBOA-LOBL-ACGM,F15,30,27,1.5642044834e+04
ablation,SBOA-LOBL-ACGM,F16,30,27,1.1402103193e+03
ablation,SBOA-LOBL-ACGM,F17,30,27,2.4005651787e+02
ablation,SBOA-LOBL-ACGM,F18,30,27,5.9218102211e+05
ablation,SBOA-LOBL-ACGM,F19,30,27,7.9974969655e+03
ablation,MSSBOA,F3,30,27,3.8688426811e+04
ablation,MSSBOA,F4,30,27,9.4921667544e+01
ablation,MSSBOA,F5,30,27,8.4500345238e+01
ablation,MSSBOA,F6,30,27,2.4215797097e+01
ablation,SBOA-LOBL-ACGM,F20,30,27,2.2503850476e+02
ablation,SBOA-LOBL-ACGM,F21,30,27,2.8181756895e+02
ablation,SBOA-LOBL-ACGM,F22,30,27,1.0506757043e+02
ablation,SBOA-LOBL-ACGM,F23,30,27,4.2334520285e+02
ablation,MSSBOA,F7,30,27,1.3762170611e+02
ablation,MSSBOA,F8,30,27,7.7922546942e+01
ablation,MSSBOA,F9,30,27,1.9692825936e+02
ablation,MSSBOA,F10,30,27,4.0521422741e+03
ablation,SBOA-LOBL-ACGM,F24,30,27,4.6317732043e+02
ablation,SBOA-LOBL-ACGM,F25,30,27,3.8408755085e+02
ablation,SBOA-LOBL-ACGM,F26,30,27,1.8944676590e+03
ablation,SBOA-LOBL-ACGM,F27,30,27,5.5331167407e+02
ablation,MSSBOA,F11,30,27,1.2012604891e+02
ablation,MSSBOA,F12,30,27,1.2016929765e+06
ablation,MSSBOA,F13,30,27,1.5523023512e+04
ablation,MSSBOA,F14,30,27,5.1579259602e+03
ablation,SBOA-LOBL-ACGM,F28,30,27,4.1711015282e+02
ablation,SBOA-LOBL-ACGM,F29,30,27,6.0024301840e+02
ablation,SBOA-LOBL-ACGM,F30,30,27,8.9132376183e+05
ablation,MSSBOA,F1,30,27,5.3322110076e+04
ablation,MSSBOA,F15,30,27,3.1007177372e+03
ablation,MSSBOA,F16,30,27,8.5513236635e+02
ablation,MSSBOA,F17,30,27,2.2270462864e+02
ablation,MSSBOA,F18,30,27,3.6960231390e+05
ablation,SBOA,F1,30,28,2.0256045042e+04
ablation,SBOA,F3,30,28,5.2148400177e+04
ablation,SBOA,F4,30,28,1.1424278048e+02
ablation,SBOA,F5,30,28,5.9052915063e+01
ablation,MSSBOA,F19,30,27,5.9465827973e+03
ablation,MSSBOA,F20,30,27,2.1057115196e+02
ablation,MSSBOA,F21,30,27,2.6909805398e+02
ablation,MSSBOA,F22,30,27,1.0122669400e+02
ablation,SBOA,F6,30,28,2.1127323913e+01
ablation,SBOA,F7,30,28,1.8392498800e+02
ablation,SBOA,F8,30,28,5.2877850531e+01
ablation,SBOA,F9,30,28,7.0883212080e+01
ablation,MSSBOA,F23,30,27,4.2538158959e+02
ablation,MSSBOA,F24,30,27,4.8800797455e+02
ablation,MSSBOA,F25,30,27,4.3102098615e+02
ablation,MSSBOA,F26,30,27,3.1990542474e+02
ablation,SBOA,F10,30,28,2.9461276749e+03
ablation,SBOA,F11,30,28,5.8999229608e+01
ablation,SBOA,F12,30,28,5.6003020141e+05
ablation,SBOA,F13,30,28,3.0521631184e+04
ablation,SBOA,F14,30,28,8.3498796048e+04
ablation,SBOA,F15,30,28,7.5275219485e+03
ablation,SBOA,F16,30,28,1.2565524241e+03
ablation,SBOA,F17,30,28,2.3967744031e+02
ablation,SBOA,F18,30,28,5.7270324131e+05
ablation,SBOA,F19,30,28,3.8544470621e+03
ablation,SBOA,F20,30,28,2.2276716990e+02
ablation,SBOA,F21,30,28,2.6776171834e+02
ablation,MSSBOA,F27,30,27,5.3768165285e+02
ablation,MSSBOA,F28,30,27,4.8728335845e+02
ablation,MSSBOA,F29,30,27,1.2536678171e+03
ablation,MSSBOA,F30,30,27,3.9785360866e+04
ablation,SBOA,F22,30,28,1.0073922480e+02
ablation,SBOA,F23,30,28,3.9445261852e+02
ablation,SBOA,F24,30,28,4.8041261346e+02
ablation,SBOA,F25,30,28,3.9118652558e+02
ablation,SBOA-GPSI,F5,30,28,1.1920331126e+02
ablation,SBOA-GPSI,F6,30,28,9.5254959520e+00
ablation,SBOA-GPSI,F7,30,28,1.4465450160e+02
ablation,SBOA-GPSI,F8,30,28,5.3650974276e+01
ablation,SBOA,F30,30,28,1.6674597056e+04
ablation,SBOA-GPSI,F1,30,28,3.1706005813e+04
ablation,SBOA-GPSI,F3,30,28,3.9990942061e+04
ablation,SBOA-GPSI,F4,30,28,1.1529640544e+02
ablation,SBOA-GPSI,F9,30,28,1.2393226915e+01
ablation,SBOA-GPSI,F10,30,28,4.1210700032e+03
ablation,SBOA-GPSI,F11,30,28,4.9630114905e+01
ablation,SBOA-GPSI,F12,30,28,6.5298497898e+05
ablation,SBOA,F26,30,28,1.7073986728e+03
ablation,SBOA,F27,30,28,5.3261902385e+02
ablation,SBOA,F28,30,28,4.6114432914e+02
ablation,SBOA,F29,30,28,9.1424402211e+02
ablation,SBOA-GPSI,F13,30,28,3.4617497198e+02
ablation,SBOA-GPSI,F14,30,28,9.9908298401e+04
ablation,SBOA-GPSI,F15,30,28,7.0378490268e+03
ablation,SBOA-GPSI,F16,30,28,2.5335333366e+02
ablation,SBOA-GPSI,F17,30,28,1.0891134714e+02
ablation,SBOA-GPSI,F18,30,28,2.2428090114e+05
ablation,SBOA-GPSI,F19,30,28,2.1363872900e+03
ablation,SBOA-GPSI,F20,30,28,1.6791303881e+02
ablation,SBOA-LOBL,F4,30,28,9.4756060467e+01
ablation,SBOA-LOBL,F5,30,28,9.2046672093e+01
ablation,SBOA-LOBL,F6,30,28,6.0514377936e+00
ablation,SBOA-LOBL,F7,30,28,1.1036128706e+02
ablation,SBOA-GPSI,F21,30,28,2.3905032934e+02
ablation,SBOA-GPSI,F22,30,28,1.0379110643e+02
ablation,SBOA-GPSI,F23,30,28,3.8572391629e+02
ablation,SBOA-GPSI,F24,30,28,4.6368310339e+02
ablation,SBOA-GPSI,F29,30,28,7.8589458016e+02
ablation,SBOA-GPSI,F30,30,28,1.3219727196e+05
ablation,SBOA-LOBL,F1,30,28,1.2882877792e+05
ablation,SBOA-LOBL,F3,30,28,3.4672368107e+04
ablation,SBOA-GPSI,F25,30,28,4.0981476163e+02
ablation,SBOA-GPSI,F26,30,28,2.0977364333e+03
ablation,SBOA-GPSI,F27,30,28,5.3373637094e+02
ablation,SBOA-GPSI,F28,30,28,4.7352877973e+02
ablation,SBOA-LOBL,F8,30,28,4.5473545438e+01
ablation,SBOA-LOBL,F9,30,28,9.8526893114e+02
ablation,SBOA-LOBL,F10,30,28,3.9534414788e+03
ablation,SBOA-LOBL,F11,30,28,1.3434220511e+02
ablation,SBOA-LOBL,F12,30,28,2.8517238583e+06
ablation,SBOA-LOBL,F13,30,28,8.2392434539e+03
ablation,SBOA-LOBL,F14,30,28,5.2049924408e+04
ablation,SBOA-LOBL,F15,30,28,3.5697351677e+03
ablation,SBOA-LOBL,F16,30,28,8.1913464396e+02
ablation,SBOA-LOBL,F17,30,28,9.1258722164e+01
ablation,SBOA-LOBL,F18,30,28,1.2804597512e+06
ablation,SBOA-LOBL,F19,30,28,3.0676935050e+03
ablation,SBOA-ACGM,F3,30,28,2.8147672943e+04
ablation,SBOA-ACGM,F4,30,28,7.0187722717e+01
ablation,SBOA-ACGM,F5,30,28,5.4708871067e+01
ablation,SBOA-ACGM,F6,30,28,1.6768478955e+00
ablation,SBOA-LOBL,F20,30,28,2.4566468181e+02
ablation,SBOA-LOBL,F21,30,28,2.7413389195e+02
ablation,SBOA-LOBL,F22,30,28,1.0323160702e+02
ablation,SBOA-LOBL,F23,30,28,4.1186205836e+02
ablation,SBOA-LOBL,F24,30,28,4.6208559077e+02
ablation,SBOA-LOBL,F25,30,28,3.9644102882e+02
ablation,SBOA-LOBL,F26,30,28,2.0226292231e+03
ablation,SBOA-LOBL,F27,30,28,5.1903108998e+02
ablation,SBOA-ACGM,F7,30,28,1.6902984616e+02
ablation,SBOA-ACGM,F8,30,28,5.1686549092e+01
ablation,SBOA-ACGM,F9,30,28,5.6053836901e+01
ablation,SBOA-ACGM,F10,30,28,4.3698632675e+03
ablation,SBOA-ACGM,F11,30,28,4.8931635129e+01
ablation,SBOA-ACGM,F12,30,28,2.0427839439e+06
ablation,SBOA-ACGM,F13,30,28,3.2390824139e+04
ablation,SBOA-ACGM,F14,30,28,1.1456037883e+04
ablation,SBOA-LOBL,F28,30,28,4.7767056698e+02
ablation,SBOA-LOBL,F29,30,28,1.0154781170e+03
ablation,SBOA-LOBL,F30,30,28,3.4266279988e+04
ablation,SBOA-ACGM,F1,30,28,6.9454278635e+04
ablation,SBOA-ACGM,F15,30,28,4.4421272508e+03
ablation,SBOA-ACGM,F16,30,28,2.5181828891e+02
ablation,SBOA-ACGM,F17,30,28,4.2136510416e+02
ablation,SBOA-ACGM,F18,30,28,5.0346315095e+05
ablation,SBOA-GPSI-LOBL,F1,30,28,6.5990004015e+04
ablation,SBOA-GPSI-LOBL,F3,30,28,4.0859034535e+04
ablation,SBOA-GPSI-LOBL,F4,30,28,6.7931784471e+01
ablation,SBOA-GPSI-LOBL,F5,30,28,1.1208426630e+02
ablation,SBOA-ACGM,F19,30,28,2.7535698785e+03
ablation,SBOA-ACGM,F20,30,28,3.0046918947e+02
ablation,SBOA-ACGM,F21,30,28,2.4479792043e+02
ablation,SBOA-ACGM,F22,30,28,1.0384916264e+02
ablation,SBOA-GPSI-LOBL,F6,30,28,9.2048896670e+00
ablation,SBOA-GPSI-LOBL,F7,30,28,1.2023120490e+02
ablation,SBOA-GPSI-LOBL,F8,30,28,9.8100897752e+01
ablation,SBOA-GPSI-LOBL,F9,30,28,6.2409743911e+01
ablation,SBOA-ACGM,F23,30,28,4.3115925376e+02
ablation,SBOA-ACGM,F24,30,28,4.8266186035e+02
ablation,SBOA-ACGM,F25,30,28,4.3080740623e+02
ablation,SBOA-ACGM,F26,30,28,1.5764167319e+03
ablation,SBOA-GPSI-LOBL,F10,30,28,3.9699264011e+03
ablation,SBOA-GPSI-LOBL,F11,30,28,8.4566310821e+01
ablation,SBOA-GPSI-LOBL,F12,30,28,1.6934066040e+06
ablation,SBOA-GPSI-LOBL,F13,30,28,1.7467199350e+04
ablation,SBOA-GPSI-LOBL,F14,30,28,3.5111681775e+03
ablation,SBOA-GPSI-LOBL,F15,30,28,1.4641545758e+03
ablation,SBOA-GPSI-LOBL,F16,30,28,7.3077852820e+02
ablation,SBOA-GPSI-LOBL,F17,30,28,9.6869972502e+01
ablation,SBOA-ACGM,F27,30,28,5.3160153137e+02
ablation,SBOA-ACGM,F28,30,28,4.3252552675e+02
ablation,SBOA-ACGM,F29,30,28,8.8221932305e+02
ablation,SBOA-ACGM,F30,30,28,1.0037788584e+04
ablation,SBOA-GPSI-LOBL,F18,30,28,2.1937746100e+05
ablation,SBOA-GPSI-LOBL,F19,30,28,5.8405318485e+03
ablation,SBOA-GPSI-LOBL,F20,30,28,4.6532382990e+02
ablation,SBOA-GPSI-LOBL,F21,30,28,3.0192237612e+02
ablation,SBOA-GPSI-ACGM,F5,30,28,8.4087040136e+01
ablation,SBOA-GPSI-ACGM,F6,30,28,5.3584404751e+00
ablation,SBOA-GPSI-ACGM,F7,30,28,1.9590249505e+02
ablation,SBOA-GPSI-ACGM,F8,30,28,7.3919940362e+01
ablation,SBOA-GPSI-LOBL,F30,30,28,4.9555596510e+03
ablation,SBOA-GPSI-ACGM,F1,30,28,6.8510619368e+04
ablation,SBOA-GPSI-ACGM,F3,30,28,3.6543620086e+04
ablation,SBOA-GPSI-ACGM,F4,30,28,1.1191257599e+02
ablation,SBOA-GPSI-LOBL,F22,30,28,1.0310905577e+02
ablation,SBOA-GPSI-LOBL,F23,30,28,3.9223481596e+02
ablation,SBOA-GPSI-LOBL,F24,30,28,4.8836950350e+02
ablation,SBOA-GPSI-LOBL,F25,30,28,3.9202942692e+02
ablation,SBOA-GPSI-ACGM,F9,30,28,1.8599417282e+01
ablation,SBOA-GPSI-ACGM,F10,30,28,3.4982184063e+03
ablation,SBOA-GPSI-ACGM,F11,30,28,8.7325188132e+01
ablation,SBOA-GPSI-ACGM,F12,30,28,1.7457093788e+06
ablation,SBOA-GPSI-ACGM,F13,30,28,4.9186377477e+03
ablation,SBOA-GPSI-ACGM,F14,30,28,2.6141457688e+04
ablation,SBOA-GPSI-ACGM,F15,30,28,7.4938535797e+03
ablation,SBOA-GPSI-ACGM,F16,30,28,5.8379795283e+02
ablation,SBOA-GPSI-LOBL,F26,30,28,1.8244552140e+03
ablation,SBOA-GPSI-LOBL,F27,30,28,5.1465230690e+02
ablation,SBOA-GPSI-LOBL,F28,30,28,4.1161435748e+02
ablation,SBOA-GPSI-LOBL,F29,30,28,9.8178815585e+02
ablation,SBOA-GPSI-ACGM,F17,30,28,3.7705228963e+02
ablation,SBOA-GPSI-ACGM,F18,30,28,5.0372721010e+05
ablation,SBOA-GPSI-ACGM,F19,30,28,6.4789819156e+02
ablation,SBOA-GPSI-ACGM,F20,30,28,2.3848330047e+02
ablation,SBOA-GPSI-ACGM,F21,30,28,2.5549817741e+02
ablation,SBOA-GPSI-ACGM,F22,30,28,1.0074459642e+02
ablation,SBOA-GPSI-ACGM,F23,30,28,3.9331943804e+02
ablation,SBOA-GPSI-ACGM,F24,30,28,4.9624906520e+02
ablation,SBOA-LOBL-ACGM,F4,30,28,1.1457789795e+02
ablation,SBOA-LOBL-ACGM,F5,30,28,5.4370600071e+01
ablation,SBOA-LOBL-ACGM,F6,30,28,1.4071874768e+01
ablation,SBOA-LOBL-ACGM,F7,30,28,1.5773490448e+02
ablation,SBOA-LOBL-ACGM,F8,30,28,6.9296381230e+01
ablation,SBOA-LOBL-ACGM,F9,30,28,1.8277822634e+02
ablation,SBOA-LOBL-ACGM,F10,30,28,4.2859927622e+03
ablation,SBOA-LOBL-ACGM,F11,30,28,1.4051275838e+02
ablation,SBOA-GPSI-ACGM,F25,30,28,4.2372985485e+02
ablation,SBOA-GPSI-ACGM,F26,30,28,1.8873561142e+03
ablation,SBOA-GPSI-ACGM,F27,30,28,5.4595341037e+02
ablation,SBOA-GPSI-ACGM,F28,30,28,4.1958169476e+02
ablation,SBOA-GPSI-ACGM,F29,30,28,9.2578611298e+02
ablation,SBOA-GPSI-ACGM,F30,30,28,4.1543570562e+04
ablation,SBOA-LOBL-ACGM,F1,30,28,2.2317153927e+05
ablation,SBOA-LOBL-ACGM,F3,30,28,3.3764667639e+04
ablation,SBOA-LOBL-ACGM,F12,30,28,1.0825301201e+06
ablation,SBOA-LOBL-ACGM,F13,30,28,4.5902029873e+04
ablation,SBOA-LOBL-ACGM,F14,30,28,8.4666241544e+03
ablation,SBOA-LOBL-ACGM,F15,30,28,7.0606012885e+03
ablation,SBOA-LOBL-ACGM,F16,30,28,1.1406291520e+03
ablation,SBOA-LOBL-ACGM,F17,30,28,2.7674411686e+02
ablation,SBOA-LOBL-ACGM,F18,30,28,7.6582987954e+05
ablation,SBOA-LOBL-ACGM,F19,30,28,2.1510982041e+04
ablation,MSSBOA,F3,30,28,3.5745260502e+04
ablation,MSSBOA,F4,30,28,7.3886422575e+01
ablation,MSSBOA,F5,30,28,7.0750180170e+01
ablation,MSSBOA,F6,30,28,1.5392746751e+01
ablation,SBOA-LOBL-ACGM,F20,30,28,1.9788538657e+02
ablation,SBOA-LOBL-ACGM,F21,30,28,2.3765520546e+02
ablation,SBOA-LOBL-ACGM,F22,30,28,1.0599703324e+02
ablation,SBOA-LOBL-ACGM,F23,30,28,4.2616262940e+02
ablation,MSSBOA,F7,30,28,1.2982722422e+02
ablation,MSSBOA,F8,30,28,8.1314187699e+01
ablation,MSSBOA,F9,30,28,1.4051421349e+02
ablation,MSSBOA,F10,30,28,2.1164866173e+03
ablation,SBOA-LOBL-ACGM,F24,30,28,4.9225357990e+02
ablation,SBOA-LOBL-ACGM,F25,30,28,4.4060017929e+02
ablation,SBOA-LOBL-ACGM,F26,30,28,2.0436573831e+03
ablation,SBOA-LOBL-ACGM,F27,30,28,5.2446868225e+02
ablation,MSSBOA,F11,30,28,1.0562496702e+02
ablation,MSSBOA,F12,30,28,2.2854080527e+05
ablation,MSSBOA,F13,30,28,2.3411120052e+04
ablation,MSSBOA,F14,30,28,1.3857179881e+04
ablation,SBOA-LOBL-ACGM,F28,30,28,4.2299910930e+02
ablation,SBOA-LOBL-ACGM,F29,30,28,5.3651244816e+02
ablation,SBOA-LOBL-ACGM,F30,30,28,1.3347854273e+05
ablation,MSSBOA,F1,30,28,2.5186541746e+05
ablation,MSSBOA,F15,30,28,4.1757926143e+02
ablation,MSSBOA,F16,30,28,1.2128410486e+03
ablation,MSSBOA,F17,30,28,3.2831824422e+02
ablation,MSSBOA,F18,30,28,4.0054401761e+05
ablation,SBOA,F1,30,29,1.1878416609e+04
ablation,SBOA,F3,30,29,4.8613536769e+04
ablation,SBOA,F4,30,29,1.1714460821e+02
ablation,SBOA,F5,30,29,7.1051694840e+01
ablation,MSSBOA,F19,30,28,1.5296095861e+05
ablation,MSSBOA,F20,30,28,1.8524921262e+02
ablation,MSSBOA,F21,30,28,2.6753685702e+02
ablation,MSSBOA,F22,30,28,1.0100134154e+02
ablation,SBOA,F6,30,29,1.9267647930e+01
ablation,SBOA,F7,30,29,1.2686226470e+02
ablation,SBOA,F8,30,29,1.0755292311e+02
ablation,SBOA,F9,30,29,1.6596879876e+01
ablation,SBOA,F10,30,29,4.2652652818e+03
ablation,SBOA,F11,30,29,1.1071959859e+02
ablation,SBOA,F12,30,29,1.1252686301e+06
ablation,SBOA,F13,30,29,3.0429620933e+04
ablation,MSSBOA,F23,30,28,3.8423929997e+02
ablation,MSSBOA,F24,30,28,5.1432240770e+02
ablation,MSSBOA,F25,30,28,4.3553490381e+02
ablation,MSSBOA,F26,30,28,2.4686361492e+03
ablation,SBOA,F14,30,29,1.0457804721e+04
ablation,SBOA,F15,30,29,7.2928622273e+03
ablation,SBOA,F16,30,29,1.3382616339e+03
ablation,SBOA,F17,30,29,1.2530414660e+02
ablation,SBOA,F18,30,29,1.0532912717e+06
ablation,SBOA,F19,30,29,1.9069689881e+04
ablation,SBOA,F20,30,29,1.7840570151e+02
ablation,SBOA,F21,30,29,2.7058424561e+02
ablation,MSSBOA,F27,30,28,5.1051626799e+02
ablation,MSSBOA,F28,30,28,4.7488092565e+02
ablation,MSSBOA,F29,30,28,5.3875324853e+02
ablation,MSSBOA,F30,30,28,9.4093527407e+04
ablation,SBOA-GPSI,F5,30,29,8.2016528609e+01
ablation,SBOA-GPSI,F6,30,29,9.0501336714e+00
ablation,SBOA-GPSI,F7,30,29,1.5173015205e+02
ablation,SBOA-GPSI,F8,30,29,8.6929834783e+01
ablation,SBOA,F22,30,29,3.5448242895e+03
ablation,SBOA,F23,30,29,3.8813626633e+02
ablation,SBOA,F24,30,29,4.4966639514e+02
ablation,SBOA,F25,30,29,3.9036043177e+02
ablation,SBOA,F30,30,29,7.6654386965e+04
ablation,SBOA-GPSI,F1,30,29,1.3265905851e+04
ablation,SBOA-GPSI,F3,30,29,2.2429656037e+04
ablation,SBOA-GPSI,F4,30,29,8.9570431522e+01
ablation,SBOA-GPSI,F9,30,29,5.7522071025e+01
ablation,SBOA-GPSI,F10,30,29,3.5880147649e+03
ablation,SBOA-GPSI,F11,30,29,1.1529834606e+02
ablation,SBOA-GPSI,F12,30,29,2.9131542965e+06
ablation,SBOA,F26,30,29,1.8364174008e+03
ablation,SBOA,F27,30,29,5.2425018087e+02
ablation,SBOA,F28,30,29,4.5594323402e+02
ablation,SBOA,F29,30,29,7.6572098414e+02
ablation,SBOA-GPSI,F13,30,29,1.7390700761e+03
ablation,SBOA-GPSI,F14,30,29,1.3552221193e+04
ablation,SBOA-GPSI,F15,30,29,1.0167279799e+03
ablation,SBOA-GPSI,F16,30,29,6.6700114046e+02
ablation,SBOA-GPSI,F17,30,29,3.9444470896e+02
ablation,SBOA-GPSI,F18,30,29,2.3800392021e+05
ablation,SBOA-GPSI,F19,30,29,9.1102475423e+02
ablation,SBOA-GPSI,F20,30,29,7.8516840723e+02
ablation,SBOA-LOBL,F4,30,29,7.4661398057e+01
ablation,SBOA-LOBL,F5,30,29,4.6109489201e+01
ablation,SBOA-LOBL,F6,30,29,1.7230137074e+01
ablation,SBOA-LOBL,F7,30,29,1.2200017064e+02
ablation,SBOA-GPSI,F21,30,29,2.5953317233e+02
ablation,SBOA-GPSI,F22,30,29,1.0758189101e+02
ablation,SBOA-GPSI,F23,30,29,3.8326208942e+02
ablation,SBOA-GPSI,F24,30,29,4.8659010924e+02
ablation,SBOA-GPSI,F29,30,29,8.8465873188e+02
ablation,SBOA-GPSI,F30,30,29,6.1163916113e+04
ablation,SBOA-LOBL,F1,30,29,3.6438043535e+04
ablation,SBOA-LOBL,F3,30,29,2.5840535622e+04
ablation,SBOA-LOBL,F8,30,29,6.5829392915e+01
ablation,SBOA-LOBL,F9,30,29,5.1923880768e+01
ablation,SBOA-LOBL,F10,30,29,3.8379065139e+03
ablation,SBOA-LOBL,F11,30,29,6.5680045286e+01
ablation,SBOA-GPSI,F25,30,29,3.8805397188e+02
ablation,SBOA-GPSI,F26,30,29,1.7694878120e+03
ablation,SBOA-GPSI,F27,30,29,5.1922277406e+02
ablation,SBOA-GPSI,F28,30,29,4.6863158441e+02
ablation,SBOA-LOBL,F12,30,29,7.6082578889e+05
ablation,SBOA-LOBL,F13,30,29,1.8658756443e+04
ablation,SBOA-LOBL,F14,30,29,4.9473566198e+04
ablation,SBOA-LOBL,F15,30,29,1.9384725375e+03
ablation,SBOA-LOBL,F16,30,29,1.1652581800e+03
ablation,SBOA-LOBL,F17,30,29,4.8172126143e+02
ablation,SBOA-LOBL,F18,30,29,1.2621308161e+06
ablation,SBOA-LOBL,F19,30,29,3.0078503818e+04
ablation,SBOA-ACGM,F3,30,29,4.5454885542e+04
ablation,SBOA-ACGM,F4,30,29,9.4058883488e+01
ablation,SBOA-ACGM,F5,30,29,3.5249311513e+01
ablation,SBOA-ACGM,F6,30,29,2.6918113309e+00
ablation,SBOA-LOBL,F20,30,29,3.7047835264e+02
ablation,SBOA-LOBL,F21,30,29,2.4043942815e+02
ablation,SBOA-LOBL,F22,30,29,1.0312189273e+02
ablation,SBOA-LOBL,F23,30,29,4.0078572592e+02
ablation,SBOA-ACGM,F7,30,29,1.0287246415e+02
ablation,SBOA-ACGM,F8,30,29,1.0123382315e+02
ablation,SBOA-ACGM,F9,30,29,5.0892399304e+00
ablation,SBOA-ACGM,F10,30,29,4.4371452483e+03
ablation,SBOA-LOBL,F24,30,29,4.7131016788e+02
ablation,SBOA-LOBL,F25,30,29,4.2798763846e+02
ablation,SBOA-LOBL,F26,30,29,1.6395517476e+03
ablation,SBOA-LOBL,F27,30,29,5.1528083166e+02
ablation,SBOA-ACGM,F11,30,29,9.9690838219e+01
ablation,SBOA-ACGM,F12,30,29,2.8306625934e+06
ablation,SBOA-ACGM,F13,30,29,4.3129391969e+03
ablation,SBOA-ACGM,F14,30,29,1.4547631859e+04
ablation,SBOA-LOBL,F28,30,29,4.1113605976e+02
ablation,SBOA-LOBL,F29,30,29,7.1512644947e+02
ablation,SBOA-LOBL,F30,30,29,2.1617885454e+04
ablation,SBOA-ACGM,F1,30,29,1.5576578309e+04
ablation,SBOA-ACGM,F15,30,29,4.2441378395e+03
ablation,SBOA-ACGM,F16,30,29,1.2060239325e+03
ablation,SBOA-ACGM,F17,30,29,5.2897622226e+02
ablation,SBOA-ACGM,F18,30,29,1.0050417517e+06
ablation,SBOA-GPSI-LOBL,F1,30,29,2.4592974790e+04
ablation,SBOA-GPSI-LOBL,F3,30,29,3.5543710865e+04
ablation,SBOA-GPSI-LOBL,F4,30,29,7.1938229573e+01
ablation,SBOA-GPSI-LOBL,F5,30,29,1.0606127435e+02
ablation,SBOA-ACGM,F19,30,29,2.6770852738e+02
ablation,SBOA-ACGM,F20,30,29,2.2792411468e+02
ablation,SBOA-ACGM,F21,30,29,2.5476585394e+02
ablation,SBOA-ACGM,F22,30,29,1.0074456893e+02
ablation,SBOA-GPSI-LOBL,F6,30,29,1.7454911442e+01
ablation,SBOA-GPSI-LOBL,F7,30,29,1.0652602334e+02
ablation,SBOA-GPSI-LOBL,F8,30,29,7.3043129044e+01
ablation,SBOA-GPSI-LOBL,F9,30,29,6.7441919721e+01
ablation,SBOA-ACGM,F23,30,29,4.4664214926e+02
ablation,SBOA-ACGM,F24,30,29,4.7785856607e+02
ablation,SBOA-ACGM,F25,30,29,4.0781570009e+02
ablation,SBOA-ACGM,F26,30,29,2.0511544408e+03
ablation,SBOA-GPSI-LOBL,F10,30,29,4.0438818719e+03
ablation,SBOA-GPSI-LOBL,F11,30,29,1.2135123039e+02
ablation,SBOA-GPSI-LOBL,F12,30,29,3.0390026630e+06
ablation,SBOA-GPSI-LOBL,F13,30,29,5.4610025384e+03
ablation,SBOA-GPSI-LOBL,F14,30,29,9.4747436260e+03
ablation,SBOA-GPSI-LOBL,F15,30,29,2.5040271134e+03
ablation,SBOA-GPSI-LOBL,F16,30,29,1.0260523777e+03
ablation,SBOA-GPSI-LOBL,F17,30,29,2.9390681518e+02
ablation,SBOA-ACGM,F27,30,29,5.2394782678e+02
ablation,SBOA-ACGM,F28,30,29,4.4639054467e+02
ablation,SBOA-ACGM,F29,30,29,6.7760984678e+02
ablation,SBOA-ACGM,F30,30,29,6.4301377307e+03
ablation,SBOA-GPSI-LOBL,F18,30,29,1.2565776810e+06
ablation,SBOA-GPSI-LOBL,F19,30,29,3.5324113223e+03
ablation,SBOA-GPSI-LOBL,F20,30,29,5.9974540699e+02
ablation,SBOA-GPSI-LOBL,F21,30,29,2.7765025182e+02
ablation,SBOA-GPSI-LOBL,F22,30,29,1.0096888164e+02
ablation,SBOA-GPSI-LOBL,F23,30,29,4.1374298884e+02
ablation,SBOA-GPSI-LOBL,F24,30,29,4.8227545467e+02
ablation,SBOA-GPSI-LOBL,F25,30,29,3.9012675360e+02
ablation,SBOA-GPSI-ACGM,F5,30,29,4.9264825065e+01
ablation,SBOA-GPSI-ACGM,F6,30,29,1.0244457335e+01
ablation,SBOA-GPSI-ACGM,F7,30,29,1.0813457788e+02
ablation,SBOA-GPSI-ACGM,F8,30,29,6.8380406824e+01
ablation,SBOA-GPSI-LOBL,F30,30,29,1.8503250916e+04
ablation,SBOA-GPSI-ACGM,F1,30,29,5.7578577686e+03
ablation,SBOA-GPSI-ACGM,F3,30,29,4.0301266537e+04
ablation,SBOA-GPSI-ACGM,F4,30,29,6.4896786267e+01
ablation,SBOA-GPSI-ACGM,F9,30,29,1.5603926312e+02
ablation,SBOA-GPSI-ACGM,F10,30,29,4.6137799745e+03
ablation,SBOA-GPSI-ACGM,F11,30,29,9.8298114162e+01
ablation,SBOA-GPSI-ACGM,F12,30,29,2.4119254121e+05
ablation,SBOA-GPSI-ACGM,F13,30,29,5.1346084850e+03
ablation,SBOA-GPSI-ACGM,F14,30,29,5.8542620689e+03
ablation,SBOA-GPSI-ACGM,F15,30,29,1.6131845517e+04
ablation,SBOA-GPSI-ACGM,F16,30,29,7.5088595375e+02
ablation,SBOA-GPSI-LOBL,F26,30,29,2.0677305006e+03
ablation,SBOA-GPSI-LOBL,F27,30,29,5.1379905257e+02
ablation,SBOA-GPSI-LOBL,F28,30,29,4.3499889165e+02
ablation,SBOA-GPSI-LOBL,F29,30,29,6.9981738035e+02
ablation,SBOA-GPSI-ACGM,F17,30,29,4.9125836088e+02
ablation,SBOA-GPSI-ACGM,F18,30,29,3.6588276471e+05
ablation,SBOA-GPSI-ACGM,F19,30,29,1.0429642363e+05
ablation,SBOA-GPSI-ACGM,F20,30,29,1.4204259466e+02
ablation,SBOA-GPSI-ACGM,F21,30,29,2.4682514959e+02
ablation,SBOA-GPSI-ACGM,F22,30,29,1.0327702068e+02
ablation,SBOA-GPSI-ACGM,F23,30,29,4.3266867971e+02
ablation,SBOA-GPSI-ACGM,F24,30,29,4.8536232516e+02
ablation,SBOA-LOBL-ACGM,F4,30,29,1.1353265020e+02
ablation,SBOA-LOBL-ACGM,F5,30,29,9.8100429471e+01
ablation,SBOA-LOBL-ACGM,F6,30,29,1.6877268957e+01
ablation,SBOA-LOBL-ACGM,F7,30,29,1.2618198278e+02
ablation,SBOA-LOBL-ACGM,F8,30,29,9.6807407267e+01
ablation,SBOA-LOBL-ACGM,F9,30,29,1.0801621377e+02
ablation,SBOA-LOBL-ACGM,F10,30,29,4.6115486035e+03
ablation,SBOA-LOBL-ACGM,F11,30,29,6.2483379509e+01
ablation,SBOA-GPSI-ACGM,F25,30,29,4.3522368888e+02
ablation,SBOA-GPSI-ACGM,F26,30,29,1.8778738708e+03
ablation,SBOA-GPSI-ACGM,F27,30,29,5.2381232066e+02
ablation,SBOA-GPSI-ACGM,F28,30,29,4.5685307219e+02
ablation,SBOA-GPSI-ACGM,F29,30,29,6.4316370867e+02
ablation,SBOA-GPSI-ACGM,F30,30,29,6.6464099019e+05
ablation,SBOA-LOBL-ACGM,F1,30,29,2.1591814774e+05
ablation,SBOA-LOBL-ACGM,F3,30,29,2.6965252369e+04
ablation,SBOA-LOBL-ACGM,F12,30,29,1.9281445648e+05
ablation,SBOA-LOBL-ACGM,F13,30,29,2.7636791858e+04
ablation,SBOA-LOBL-ACGM,F14,30,29,1.2419474257e+04
ablation,SBOA-LOBL-ACGM,F15,30,29,1.7610682897e+04
ablation,SBOA-LOBL-ACGM,F16,30,29,4.1989764427e+02
ablation,SBOA-LOBL-ACGM,F17,30,29,3.7750190045e+02
ablation,SBOA-LOBL-ACGM,F18,30,29,3.1601742128e+05
ablation,SBOA-LOBL-ACGM,F19,30,29,1.0864200616e+03
ablation,SBOA-LOBL-ACGM,F20,30,29,2.4025603706e+02
ablation,SBOA-LOBL-ACGM,F21,30,29,2.8549679401e+02
ablation,SBOA-LOBL-ACGM,F22,30,29,1.0376252264e+02
ablation,SBOA-LOBL-ACGM,F23,30,29,4.2154983829e+02
ablation,MSSBOA,F3,30,29,3.9013290738e+04
ablation,MSSBOA,F4,30,29,1.0082240977e+02
ablation,MSSBOA,F5,30,29,6.7683776141e+01
ablation,MSSBOA,F6,30,29,9.3783562022e+00
ablation,SBOA-LOBL-ACGM,F24,30,29,4.7378079448e+02
ablation,SBOA-LOBL-ACGM,F25,30,29,4.3257414362e+02
ablation,SBOA-LOBL-ACGM,F26,30,29,1.6974105099e+03
ablation,SBOA-LOBL-ACGM,F27,30,29,5.1280591951e+02
ablation,MSSBOA,F7,30,29,1.1111092161e+02
ablation,MSSBOA,F8,30,29,9.0064676227e+01
ablation,MSSBOA,F9,30,29,3.2507538144e+02
ablation,MSSBOA,F10,30,29,3.9404928667e+03
ablation,MSSBOA,F11,30,29,1.1641018107e+02
ablation,MSSBOA,F12,30,29,1.6300359489e+06
ablation,MSSBOA,F13,30,29,1.7863196114e+04
ablation,MSSBOA,F14,30,29,2.4816884907e+03
ablation,SBOA-LOBL-ACGM,F28,30,29,4.9732704665e+02
ablation,SBOA-LOBL-ACGM,F29,30,29,8.8876521403e+02
ablation,SBOA-LOBL-ACGM,F30,30,29,8.1166512645e+03
ablation,MSSBOA,F1,30,29,1.4814204262e+05
ablation,MSSBOA,F15,30,29,3.8009066121e+03
ablation,MSSBOA,F16,30,29,8.9120577312e+02
ablation,MSSBOA,F17,30,29,1.8874260912e+02
ablation,MSSBOA,F18,30,29,5.7539918886e+05
ablation,MSSBOA,F19,30,29,2.8922068271e+03
ablation,MSSBOA,F20,30,29,1.2940130122e+02
ablation,MSSBOA,F21,30,29,2.7931750051e+02
ablation,MSSBOA,F22,30,29,1.0335223921e+02
ablation,MSSBOA,F23,30,29,3.8169849049e+02
ablation,MSSBOA,F24,30,29,4.9139550446e+02
ablation,MSSBOA,F25,30,29,3.8908916201e+02
ablation,MSSBOA,F26,30,29,1.7849524264e+03
ablation,MSSBOA,F27,30,29,5.2775689433e+02
ablation,MSSBOA,F28,30,29,4.8260074336e+02
ablation,MSSBOA,F29,30,29,9.7198411711e+02
ablation,MSSBOA,F30,30,29,8.9177128669e+04
