study,algo,problem,dim,run,value
extra,N=10,F1,10,0,5.5660667119e+02
extra,N=10,F3,10,0,8.7212395495e+01
extra,N=10,F4,10,0,1.4036982191e+00
extra,N=10,F5,10,0,9.9620426741e+00
extra,N=10,F6,10,0,1.9715675300e+00
extra,N=10,F7,10,0,3.0252057826e+01
extra,N=10,F8,10,0,1.1004224928e+01
extra,N=10,F9,10,0,1.5489725349e+01
extra,N=10,F10,10,0,8.0956296864e+02
extra,N=10,F11,10,0,8.8940124743e+00
extra,N=10,F12,10,0,6.3467431686e+06
extra,N=10,F13,10,0,7.5659820133e+03
extra,N=10,F14,10,0,1.1531525114e+02
extra,N=10,F15,10,0,9.0061049144e+02
extra,N=10,F16,10,0,4.1507363661e+01
extra,N=10,F17,10,0,3.9597120926e+01
extra,N=10,F18,10,0,1.0837813418e+04
extra,N=10,F19,10,0,2.1323655560e+03
extra,N=10,F20,10,0,2.6486148129e+01
extra,N=10,F21,10,0,2.1635626206e+02
extra,N=20,F5,10,0,1.1769455206e+01
extra,N=20,F6,10,0,6.5914901586e-01
extra,N=20,F7,10,0,3.1415453342e+01
extra,N=20,F8,10,0,8.9576171265e+00
extra,N=10,F30,10,0,1.7726251593e+05
extra,N=20,F1,10,0,1.7568594012e+02
extra,N=20,F3,10,0,1.1333447857e+01
extra,N=20,F4,10,0,7.0411214259e+00
extra,N=10,F22,10,0,1.0064340288e+02
extra,N=10,F23,10,0,3.2605006322e+02
extra,N=10,F24,10,0,3.4965751666e+02
extra,N=10,F25,10,0,4.4374922716e+02
extra,N=20,F9,10,0,1.7725423109e-02
extra,N=20,F10,10,0,6.2565934869e+02
extra,N=20,F11,10,0,5.4306934228e+00
extra,N=20,F12,10,0,1.7588600124e+04
extra,N=20,F13,10,0,1.2865759408e+03
extra,N=20,F14,10,0,1.2646655951e+02
extra,N=20,F15,10,0,6.7646090644e+02
extra,N=20,F16,10,0,3.4316129826e+00
extra,N=20,F17,10,0,4.9847185772e+01
extra,N=20,F18,10,0,2.5788247607e+04
extra,N=20,F19,10,0,6.3160811460e+02
extra,N=20,F20,10,0,3.0632454745e+01
extra,N=10,F26,10,0,3.9647590578e+02
extra,N=10,F27,10,0,3.9745032462e+02
extra,N=10,F28,10,0,3.6768840555e+02
extra,N=10,F29,10,0,2.5705700474e+02
extra,N=20,F21,10,0,2.1401541418e+02
extra,N=20,F22,10,0,1.0225201720e+02
extra,N=20,F23,10,0,3.1439332394e+02
extra,N=20,F24,10,0,3.4854821874e+02
extra,N=50,F4,10,0,6.8391042744e+00
extra,N=50,F5,10,0,1.2479945487e+01
extra,N=50,F6,10,0,2.3227641453e-01
extra,N=50,F7,10,0,2.1722505432e+01
extra,N=50,F8,10,0,2.3927591822e+01
extra,N=50,F9,10,0,3.6856630283e-02
extra,N=50,F10,10,0,8.4974128556e+02
extra,N=50,F11,10,0,1.1157245203e+01
extra,N=50,F12,10,0,3.3773312924e+05
extra,N=50,F13,10,0,1.5944172813e+04
extra,N=50,F14,10,0,4.1083340209e+02
extra,N=50,F15,10,0,2.3975929868e+03
extra,N=50,F16,10,0,1.5972288071e+01
extra,N=50,F17,10,0,2.4641754787e+01
extra,N=50,F18,10,0,1.2447546762e+04
extra,N=50,F19,10,0,3.8314114357e+02
extra,N=20,F25,10,0,3.9868780914e+02
extra,N=20,F26,10,0,3.0003956898e+02
extra,N=20,F27,10,0,3.8952521379e+02
extra,N=20,F28,10,0,6.1182194102e+02
extra,N=20,F29,10,0,2.4409486026e+02
extra,N=20,F30,10,0,7.2294332767e+04
extra,N=50,F1,10,0,1.2025860115e+05
extra,N=50,F3,10,0,1.4760256503e+01
extra,N=100,F3,10,0,3.6197158670e+02
extra,N=100,F4,10,0,6.6928867743e+00
extra,N=100,F5,10,0,5.0218685904e+00
extra,N=100,F6,10,0,9.7981345029e-01
extra,N=50,F20,10,0,2.6381084666e+01
extra,N=50,F21,10,0,1.0587099310e+02
extra,N=50,F22,10,0,1.0270528463e+02
extra,N=50,F23,10,0,3.1606665762e+02
extra,N=100,F7,10,0,2.4767124487e+01
extra,N=100,F8,10,0,2.3727778908e+01
extra,N=100,F9,10,0,3.1470407405e+00
extra,N=100,F10,10,0,4.2661497480e+02
extra,N=100,F11,10,0,1.3667835894e+01
extra,N=100,F12,10,0,2.4472190564e+06
extra,N=100,F13,10,0,2.0492126184e+03
extra,N=100,F14,10,0,9.1339149991e+01
extra,N=100,F15,10,0,3.7140191455e+03
extra,N=100,F16,10,0,4.1119574179e+01
extra,N=100,F17,10,0,4.2098421434e+01
extra,N=100,F18,10,0,1.9512176201e+04
extra,N=50,F24,10,0,3.4708914529e+02
extra,N=50,F25,10,0,4.0026626678e+02
extra,N=50,F26,10,0,3.4719728366e+02
extra,N=50,F27,10,0,3.9082290342e+02
extra,N=100,F19,10,0,1.0888118397e+03
extra,N=100,F20,10,0,6.7032321019e+01
extra,N=100,F21,10,0,1.0732195438e+02
extra,N=100,F22,10,0,1.0178930824e+02
extra,N=50,F28,10,0,4.0907032488e+02
extra,N=50,F29,10,0,2.5443605951e+02
extra,N=50,F30,10,0,6.9043535799e+05
extra,N=100,F1,10,0,1.5053125158e+06
extra,beta=1.1,F1,10,0,4.6764530123e+03
extra,beta=1.1,F3,10,0,6.9375395010e+02
extra,beta=1.1,F4,10,0,4.3650118284e+00
extra,beta=1.1,F5,10,0,6.0418029757e+00
extra,N=100,F23,10,0,3.2322932923e+02
extra,N=100,F24,10,0,3.5130144254e+02
extra,N=100,F25,10,0,4.4713918507e+02
extra,N=100,F26,10,0,3.0507928868e+02
extra,beta=1.1,F6,10,0,2.3443002264e-01
extra,beta=1.1,F7,10,0,2.2824661150e+01
extra,beta=1.1,F8,10,0,1.9045012037e+01
extra,beta=1.1,F9,10,0,4.0546071560e-03
extra,N=100,F27,10,0,3.9348025155e+02
extra,N=100,F28,10,0,3.7204726042e+02
extra,N=100,F29,10,0,2.8983855334e+02
extra,N=100,F30,10,0,1.1156075450e+06
extra,beta=1.1,F10,10,0,7.2082741396e+02
extra,beta=1.1,F11,10,0,4.8057969818e+00
extra,beta=1.1,F12,10,0,2.4028791930e+05
extra,beta=1.1,F13,10,0,3.9552503771e+03
extra,beta=1.1,F14,10,0,1.2758603770e+02
extra,beta=1.1,F15,10,0,1.7483056232e+03
extra,beta=1.1,F16,10,0,3.8239243678e+00
extra,beta=1.1,F17,10,0,3.3990065364e+01
extra,beta=1.1,F18,10,0,3.3009576131e+04
extra,beta=1.1,F19,10,0,6.8102118601e+02
extra,beta=1.1,F20,10,0,2.7935088562e+01
extra,beta=1.1,F21,10,0,1.0248400684e+02
extra,beta=1.3,F5,10,0,1.5047814028e+01
extra,beta=1.3,F6,10,0,1.1238009420e-01
extra,beta=1.3,F7,10,0,2.9340218970e+01
extra,beta=1.3,F8,10,0,1.4934686020e+01
extra,beta=1.1,F30,10,0,1.3824524024e+05
extra,beta=1.3,F1,10,0,1.4545500695e+03
extra,beta=1.3,F3,10,0,1.6442960770e+02
extra,beta=1.3,F4,10,0,5.7061120177e+00
extra,beta=1.1,F22,10,0,1.0073049003e+02
extra,beta=1.1,F23,10,0,3.2156428384e+02
extra,beta=1.1,F24,10,0,3.3601456648e+02
extra,beta=1.1,F25,10,0,4.4402320224e+02
extra,beta=1.3,F9,10,0,6.1564965483e-03
extra,beta=1.3,F10,10,0,1.1847061816e+03
extra,beta=1.3,F11,10,0,7.2272955620e+00
extra,beta=1.3,F12,10,0,3.9486238802e+04
extra,beta=1.3,F13,10,0,4.3983499571e+03
extra,beta=1.3,F14,10,0,1.0995496315e+02
extra,beta=1.3,F15,10,0,1.3267493742e+03
extra,beta=1.3,F16,10,0,1.7104399183e+00
extra,beta=1.1,F26,10,0,3.4725097302e+02
extra,beta=1.1,F27,10,0,3.9081530501e+02
extra,beta=1.1,F28,10,0,3.8205193243e+02
extra,beta=1.1,F29,10,0,2.8929017227e+02
extra,beta=1.3,F17,10,0,4.5618674552e+01
extra,beta=1.3,F18,10,0,3.0860229145e+04
extra,beta=1.3,F19,10,0,1.0630028199e+03
extra,beta=1.3,F20,10,0,4.0926360767e+01
extra,beta=1.5,F4,10,0,7.0576043522e+00
extra,beta=1.5,F5,10,0,7.9665480482e+00
extra,beta=1.5,F6,10,0,4.1572240440e-01
extra,beta=1.5,F7,10,0,2.4463217825e+01
extra,beta=1.3,F21,10,0,2.1650346832e+02
extra,beta=1.3,F22,10,0,1.0171361810e+02
extra,beta=1.3,F23,10,0,3.1151298318e+02
extra,beta=1.3,F24,10,0,1.0115680841e+02
extra,beta=1.5,F8,10,0,9.9556132584e+00
extra,beta=1.5,F9,10,0,1.0691753476e+00
extra,beta=1.5,F10,10,0,9.2565861039e+02
extra,beta=1.5,F11,10,0,9.6299536231e+00
extra,beta=1.3,F29,10,0,2.9575513803e+02
extra,beta=1.3,F30,10,0,1.6885655299e+05
extra,beta=1.5,F1,10,0,2.2803356817e+04
extra,beta=1.5,F3,10,0,8.4279911030e+01
extra,beta=1.3,F25,10,0,4.0037992040e+02
extra,beta=1.3,F26,10,0,3.0024846269e+02
extra,beta=1.3,F27,10,0,3.8941991591e+02
extra,beta=1.3,F28,10,0,6.1182166752e+02
extra,beta=1.5,F12,10,0,4.2152144728e+04
extra,beta=1.5,F13,10,0,4.1864912786e+03
extra,beta=1.5,F14,10,0,1.6169608919e+02
extra,beta=1.5,F15,10,0,6.0329318604e+03
extra,beta=1.5,F16,10,0,5.0883789817e+00
extra,beta=1.5,F17,10,0,6.8148672953e+01
extra,beta=1.5,F18,10,0,7.9992394622e+02
extra,beta=1.5,F19,10,0,4.7321606370e+01
extra,beta=1.9,F3,10,0,2.1151929651e+01
extra,beta=1.9,F4,10,0,2.7422779135e+00
extra,beta=1.9,F5,10,0,1.0000223094e+01
extra,beta=1.9,F6,10,0,1.1951290519e+00
extra,beta=1.5,F20,10,0,2.3524736928e+01
extra,beta=1.5,F21,10,0,2.1379041870e+02
extra,beta=1.5,F22,10,0,1.0206642588e+02
extra,beta=1.5,F23,10,0,3.2136997600e+02
extra,beta=1.9,F7,10,0,2.2936129835e+01
extra,beta=1.9,F8,10,0,4.1316259895e+00
extra,beta=1.9,F9,10,0,2.4120708948e-03
extra,beta=1.9,F10,10,0,8.0457773059e+02
extra,beta=1.5,F24,10,0,1.0133111177e+02
extra,beta=1.5,F25,10,0,3.9963061785e+02
extra,beta=1.5,F26,10,0,3.0020388259e+02
extra,beta=1.5,F27,10,0,3.8959524244e+02
extra,beta=1.9,F11,10,0,6.3223211129e+00
extra,beta=1.9,F12,10,0,6.4413996873e+06
extra,beta=1.9,F13,10,0,2.8998508476e+02
extra,beta=1.9,F14,10,0,1.9376856819e+02
extra,beta=1.5,F28,10,0,3.7175696814e+02
extra,beta=1.5,F29,10,0,3.5220618862e+02
extra,beta=1.5,F30,10,0,5.9063118327e+05
extra,beta=1.9,F1,10,0,1.8384118283e+03
extra,beta=1.9,F15,10,0,7.5913565300e+02
extra,beta=1.9,F16,10,0,1.2955697772e+02
extra,beta=1.9,F17,10,0,4.8992332676e+01
extra,beta=1.9,F18,10,0,2.1291307108e+03
extra,beta=1.9,F19,10,0,9.6005952420e+02
extra,beta=1.9,F20,10,0,2.2062417502e+01
extra,beta=1.9,F21,10,0,1.0299284544e+02
extra,beta=1.9,F22,10,0,1.0015089000e+02
extra,"stage=T/3,2T/3",F1,10,0,1.7566662667e+03
extra,"stage=T/3,2T/3",F3,10,0,1.9311984774e+02
extra,"stage=T/3,2T/3",F4,10,0,6.6078568434e+00
extra,"stage=T/3,2T/3",F5,10,0,1.6925420013e+01
extra,"stage=T/3,2T/3",F6,10,0,3.6159981174e+00
extra,"stage=T/3,2T/3",F7,10,0,1.5199696394e+01
extra,"stage=T/3,2T/3",F8,10,0,9.9506310441e+00
extra,"stage=T/3,2T/3",F9,10,0,1.9515591574e-01
extra,beta=1.9,F23,10,0,3.1069724035e+02
extra,beta=1.9,F24,10,0,3.3959496507e+02
extra,beta=1.9,F25,10,0,4.4480379115e+02
extra,beta=1.9,F26,10,0,3.0007326764e+02
extra,"stage=T/3,2T/3",F10,10,0,9.9107972517e+02
extra,"stage=T/3,2T/3",F11,10,0,6.2813038083e+00
extra,"stage=T/3,2T/3",F12,10,0,3.7517658416e+04
extra,"stage=T/3,2T/3",F13,10,0,6.7235803115e+03
extra,"stage=T/3,2T/3",F14,10,0,2.6955044922e+02
extra,"stage=T/3,2T/3",F15,10,0,7.4436963650e+03
extra,"stage=T/3,2T/3",F16,10,0,1.3249540704e+02
extra,"stage=T/3,2T/3",F17,10,0,3.5620648221e+01
extra,beta=1.9,F27,10,0,3.9740420286e+02
extra,beta=1.9,F28,10,0,3.9075273995e+02
extra,beta=1.9,F29,10,0,3.2306652419e+02
extra,beta=1.9,F30,10,0,2.2946807410e+03
extra,"stage=T/3,2T/3",F18,10,0,3.7251424671e+04
extra,"stage=T/3,2T/3",F19,10,0,3.3221573171e+03
extra,"stage=T/3,2T/3",F20,10,0,2.3117337627e+01
extra,"stage=T/3,2T/3",F21,10,0,1.0518483439e+02
extra,"stage=T/4,3T/4",F5,10,0,1.3303920839e+01
extra,"stage=T/4,3T/4",F6,10,0,1.3405668620e-01
extra,"stage=T/4,3T/4",F7,10,0,2.2286633310e+01
extra,"stage=T/4,3T/4",F8,10,0,1.0947081066e+01
extra,"stage=T/3,2T/3",F22,10,0,1.0012046192e+02
extra,"stage=T/3,2T/3",F23,10,0,3.0876122035e+02
extra,"stage=T/3,2T/3",F24,10,0,3.3671020160e+02
extra,"stage=T/3,2T/3",F25,10,0,4.0590989719e+02
extra,"stage=T/3,2T/3",F30,10,0,1.2597575110e+06
extra,"stage=T/4,3T/4",F1,10,0,1.6864586617e+03
extra,"stage=T/4,3T/4",F3,10,0,2.8219844354e+02
extra,"stage=T/4,3T/4",F4,10,0,6.1634356826e+00
extra,"stage=T/4,3T/4",F9,10,0,2.9193954958e-04
extra,"stage=T/4,3T/4",F10,10,0,3.0341408010e+02
extra,"stage=T/4,3T/4",F11,10,0,5.6643292816e+00
extra,"stage=T/4,3T/4",F12,10,0,2.5494246876e+06
extra,"stage=T/4,3T/4",F13,10,0,1.6332820229e+04
extra,"stage=T/4,3T/4",F14,10,0,6.9049842263e+01
extra,"stage=T/4,3T/4",F15,10,0,2.9052763063e+03
extra,"stage=T/4,3T/4",F16,10,0,3.9882847218e+01
extra,"stage=T/4,3T/4",F17,10,0,4.5905289264e+01
extra,"stage=T/4,3T/4",F18,10,0,1.3835812400e+04
extra,"stage=T/4,3T/4",F19,10,0,7.5333575716e+02
extra,"stage=T/4,3T/4",F20,10,0,2.2069993093e+01
extra,"stage=T/3,2T/3",F26,10,0,3.2068703505e+02
extra,"stage=T/3,2T/3",F27,10,0,3.8962660633e+02
extra,"stage=T/3,2T/3",F28,10,0,4.2153130619e+02
extra,"stage=T/3,2T/3",F29,10,0,2.9395317130e+02
extra,"stage=T/2,3T/4",F4,10,0,6.1133733607e+00
extra,"stage=T/2,3T/4",F5,10,0,1.3247301307e+01
extra,"stage=T/2,3T/4",F6,10,0,4.8865486371e-01
extra,"stage=T/2,3T/4",F7,10,0,2.5734182839e+01
extra,"stage=T/4,3T/4",F21,10,0,1.0464485379e+02
extra,"stage=T/4,3T/4",F22,10,0,1.0129577792e+02
extra,"stage=T/4,3T/4",F23,10,0,3.1125958347e+02
extra,"stage=T/4,3T/4",F24,10,0,3.4009769313e+02
extra,"stage=T/2,3T/4",F8,10,0,1.2938530314e+01
extra,"stage=T/2,3T/4",F9,10,0,8.7716399129e-03
extra,"stage=T/2,3T/4",F10,10,0,3.9505143767e+02
extra,"stage=T/2,3T/4",F11,10,0,2.2694683861e+01
extra,"stage=T/2,3T/4",F12,10,0,1.7603096787e+05
extra,"stage=T/2,3T/4",F13,10,0,6.1168937813e+03
extra,"stage=T/2,3T/4",F14,10,0,2.4522115448e+02
extra,"stage=T/2,3T/4",F15,10,0,4.6835497547e+03
extra,"stage=T/4,3T/4",F29,10,0,2.5087781077e+02
extra,"stage=T/4,3T/4",F30,10,0,7.6519128735e+05
extra,"stage=T/2,3T/4",F1,10,0,9.0040200363e+03
extra,"stage=T/2,3T/4",F3,10,0,3.4896622578e+02
extra,"stage=T/4,3T/4",F25,10,0,3.9873273874e+02
extra,"stage=T/4,3T/4",F26,10,0,3.0004433139e+02
extra,"stage=T/4,3T/4",F27,10,0,3.9075903522e+02
extra,"stage=T/4,3T/4",F28,10,0,4.1660867072e+02
extra,"stage=T/2,3T/4",F16,10,0,3.9886115087e+01
extra,"stage=T/2,3T/4",F17,10,0,2.2027433806e+01
extra,"stage=T/2,3T/4",F18,10,0,1.8532870722e+03
extra,"stage=T/2,3T/4",F19,10,0,1.6353646516e+02
extra,"stage=T/5,4T/5",F3,10,0,3.1774426286e+02
extra,"stage=T/5,4T/5",F4,10,0,6.0009094961e+00
extra,"stage=T/5,4T/5",F5,10,0,1.9905491512e+01
extra,"stage=T/5,4T/5",F6,10,0,9.8590592502e-02
extra,"stage=T/2,3T/4",F20,10,0,2.9787098407e+01
extra,"stage=T/2,3T/4",F21,10,0,2.0537689200e+02
extra,"stage=T/2,3T/4",F22,10,0,1.0074171929e+02
extra,"stage=T/2,3T/4",F23,10,0,3.1770635900e+02
extra,"stage=T/5,4T/5",F7,10,0,2.7395855512e+01
extra,"stage=T/5,4T/5",F8,10,0,7.9919249585e+00
extra,"stage=T/5,4T/5",F9,10,0,1.1892766523e-03
extra,"stage=T/5,4T/5",F10,10,0,8.9523266206e+02
extra,"stage=T/2,3T/4",F24,10,0,1.0134552794e+02
extra,"stage=T/2,3T/4",F25,10,0,4.4660405980e+02
extra,"stage=T/2,3T/4",F26,10,0,3.0019155693e+02
extra,"stage=T/2,3T/4",F27,10,0,3.9450766261e+02
extra,"stage=T/5,4T/5",F11,10,0,4.4416722727e+00
extra,"stage=T/5,4T/5",F12,10,0,1.3992726525e+06
extra,"stage=T/5,4T/5",F13,10,0,1.7505416681e+03
extra,"stage=T/5,4T/5",F14,10,0,1.7579293559e+02
extra,"stage=T/2,3T/4",F28,10,0,3.7091525748e+02
extra,"stage=T/2,3T/4",F29,10,0,2.9438325983e+02
extra,"stage=T/2,3T/4",F30,10,0,7.2196853286e+05
extra,"stage=T/5,4T/5",F1,10,0,4.4113692391e+03
extra,"stage=T/5,4T/5",F15,10,0,1.6195237263e+03
extra,"stage=T/5,4T/5",F16,10,0,6.6399567742e+00
extra,"stage=T/5,4T/5",F17,10,0,3.3520659277e+01
extra,"stage=T/5,4T/5",F18,10,0,9.9004228437e+03
extra,"k: nu=1/2,mu=10",F1,10,0,4.0257193786e+03
extra,"k: nu=1/2,mu=10",F3,10,0,9.7943141100e+01
extra,"k: nu=1/2,mu=10",F4,10,0,6.4044850284e+00
extra,"k: nu=1/2,mu=10",F5,10,0,6.0098621147e+00
extra,"stage=T/5,4T/5",F19,10,0,6.9709533314e+03
extra,"stage=T/5,4T/5",F20,10,0,3.1672482764e+01
extra,"stage=T/5,4T/5",F21,10,0,2.0469332260e+02
extra,"stage=T/5,4T/5",F22,10,0,1.0184563311e+02
extra,"k: nu=1/2,mu=10",F6,10,0,2.7636338694e-01
extra,"k: nu=1/2,mu=10",F7,10,0,1.7967920490e+01
extra,"k: nu=1/2,mu=10",F8,10,0,1.3931972059e+01
extra,"k: nu=1/2,mu=10",F9,10,0,1.7566454029e-02
extra,"stage=T/5,4T/5",F23,10,0,3.1927097814e+02
extra,"stage=T/5,4T/5",F24,10,0,3.5140698640e+02
extra,"stage=T/5,4T/5",F25,10,0,3.9813965184e+02
extra,"stage=T/5,4T/5",F26,10,0,3.4714891773e+02
extra,"k: nu=1/2,mu=10",F10,10,0,5.0289739540e+02
extra,"k: nu=1/2,mu=10",F11,10,0,4.9637454581e+00
extra,"k: nu=1/2,mu=10",F12,10,0,5.6946260791e+05
extra,"k: nu=1/2,mu=10",F13,10,0,4.2398956831e+03
extra,"k: nu=1/2,mu=10",F14,10,0,9.2176889080e+01
extra,"k: nu=1/2,mu=10",F15,10,0,1.4160103771e+03
extra,"k: nu=1/2,mu=10",F16,10,0,1.2220594153e+02
extra,"k: nu=1/2,mu=10",F17,10,0,4.3784270326e+01
extra,"stage=T/5,4T/5",F27,10,0,3.9075646014e+02
extra,"stage=T/5,4T/5",F28,10,0,3.7744454692e+02
extra,"stage=T/5,4T/5",F29,10,0,2.8032673566e+02
extra,"stage=T/5,4T/5",F30,10,0,1.8273276327e+06
extra,"k: nu=1/2,mu=10",F18,10,0,3.6210687048e+03
extra,"k: nu=1/2,mu=10",F19,10,0,5.3115465999e+02
extra,"k: nu=1/2,mu=10",F20,10,0,2.2845138063e+01
extra,"k: nu=1/2,mu=10",F21,10,0,2.0572167185e+02
extra,"k: nu=1,mu=10",F5,10,0,1.7424656813e+01
extra,"k: nu=1,mu=10",F6,10,0,1.9405561895e-01
extra,"k: nu=1,mu=10",F7,10,0,2.5389858969e+01
extra,"k: nu=1,mu=10",F8,10,0,8.9556113489e+00
extra,"k: nu=1/2,mu=10",F22,10,0,1.0063320728e+02
extra,"k: nu=1/2,mu=10",F23,10,0,3.1308955725e+02
extra,"k: nu=1/2,mu=10",F24,10,0,1.0375666953e+02
extra,"k: nu=1/2,mu=10",F25,10,0,3.9919839982e+02
extra,"k: nu=1/2,mu=10",F30,10,0,1.8762565560e+06
extra,"k: nu=1,mu=10",F1,10,0,2.9006362148e+03
extra,"k: nu=1,mu=10",F3,10,0,2.1607050659e+02
extra,"k: nu=1,mu=10",F4,10,0,6.2933933869e+00
extra,"k: nu=1,mu=10",F9,10,0,4.8476615329e-03
extra,"k: nu=1,mu=10",F10,10,0,8.7822895141e+02
extra,"k: nu=1,mu=10",F11,10,0,8.7939308802e+00
extra,"k: nu=1,mu=10",F12,10,0,2.6239012385e+05
extra,"k: nu=1,mu=10",F13,10,0,2.6303481274e+03
extra,"k: nu=1,mu=10",F14,10,0,1.6702337324e+02
extra,"k: nu=1,mu=10",F15,10,0,2.4786122144e+03
extra,"k: nu=1,mu=10",F16,10,0,1.3432346875e+01
extra,"k: nu=1/2,mu=10",F26,10,0,3.9301793707e+02
extra,"k: nu=1/2,mu=10",F27,10,0,3.9015560067e+02
extra,"k: nu=1/2,mu=10",F28,10,0,3.6839790056e+02
extra,"k: nu=1/2,mu=10",F29,10,0,2.6277915631e+02
extra,"k: nu=1,mu=10",F17,10,0,3.5734762834e+01
extra,"k: nu=1,mu=10",F18,10,0,1.6683149333e+03
extra,"k: nu=1,mu=10",F19,10,0,5.7053475533e+02
extra,"k: nu=1,mu=10",F20,10,0,2.2125231115e+01
extra,"k: nu=1/2,mu=5",F4,10,0,7.0710939763e+00
extra,"k: nu=1/2,mu=5",F5,10,0,2.9975697545e+00
extra,"k: nu=1/2,mu=5",F6,10,0,1.0547213489e+00
extra,"k: nu=1/2,mu=5",F7,10,0,1.7476622574e+01
extra,"k: nu=1,mu=10",F21,10,0,2.1166642451e+02
extra,"k: nu=1,mu=10",F22,10,0,1.0046353710e+02
extra,"k: nu=1,mu=10",F23,10,0,3.1490862884e+02
extra,"k: nu=1,mu=10",F24,10,0,1.0099927388e+02
extra,"k: nu=1/2,mu=5",F8,10,0,1.7913217876e+01
extra,"k: nu=1/2,mu=5",F9,10,0,2.5518525544e-01
extra,"k: nu=1/2,mu=5",F10,10,0,8.6809136549e+02
extra,"k: nu=1/2,mu=5",F11,10,0,8.4713449092e+00
extra,"k: nu=1,mu=10",F25,10,0,4.4406313060e+02
extra,"k: nu=1,mu=10",F26,10,0,3.9817931832e+00
extra,"k: nu=1,mu=10",F27,10,0,3.9451040269e+02
extra,"k: nu=1,mu=10",F28,10,0,3.7128094931e+02
extra,"k: nu=1,mu=10",F29,10,0,3.1083195116e+02
extra,"k: nu=1,mu=10",F30,10,0,3.1467207167e+03
extra,"k: nu=1/2,mu=5",F1,10,0,2.9309707006e+03
extra,"k: nu=1/2,mu=5",F3,10,0,5.1117510821e+02
extra,"k: nu=1/2,mu=5",F12,10,0,3.3283024736e+05
extra,"k: nu=1/2,mu=5",F13,10,0,4.0112255165e+03
extra,"k: nu=1/2,mu=5",F14,10,0,1.8810350768e+02
extra,"k: nu=1/2,mu=5",F15,10,0,2.0707730895e+03
extra,"k: nu=1/2,mu=5",F16,10,0,1.4231877027e+01
extra,"k: nu=1/2,mu=5",F17,10,0,6.5254990366e+01
extra,"k: nu=1/2,mu=5",F18,10,0,2.2126031127e+04
extra,"k: nu=1/2,mu=5",F19,10,0,1.1472510886e+03
extra,"k: nu=1/2,mu=20",F3,10,0,3.4595291130e+00
extra,"k: nu=1/2,mu=20",F4,10,0,6.3267485464e+00
extra,"k: nu=1/2,mu=20",F5,10,0,2.1029222121e+01
extra,"k: nu=1/2,mu=20",F6,10,0,2.7532306810e-01
extra,"k: nu=1/2,mu=5",F20,10,0,3.1117405169e+01
extra,"k: nu=1/2,mu=5",F21,10,0,1.0280137655e+02
extra,"k: nu=1/2,mu=5",F22,10,0,1.0071845502e+02
extra,"k: nu=1/2,mu=5",F23,10,0,3.1075882904e+02
extra,"k: nu=1/2,mu=5",F24,10,0,1.0268215255e+02
extra,"k: nu=1/2,mu=5",F25,10,0,3.9881740249e+02
extra,"k: nu=1/2,mu=5",F26,10,0,3.0023786504e+02
extra,"k: nu=1/2,mu=5",F27,10,0,3.9214966257e+02
extra,"k: nu=1/2,mu=20",F7,10,0,2.6689338483e+01
extra,"k: nu=1/2,mu=20",F8,10,0,1.7915211275e+01
extra,"k: nu=1/2,mu=20",F9,10,0,4.5693570884e-01
extra,"k: nu=1/2,mu=20",F10,10,0,5.0463491997e+02
extra,"k: nu=1/2,mu=20",F11,10,0,9.2924583315e+00
extra,"k: nu=1/2,mu=20",F12,10,0,8.8841380020e+05
extra,"k: nu=1/2,mu=20",F13,10,0,3.7747431805e+03
extra,"k: nu=1/2,mu=20",F14,10,0,3.0799224272e+02
extra,"k: nu=1/2,mu=5",F28,10,0,6.1182172724e+02
extra,"k: nu=1/2,mu=5",F29,10,0,2.6637262722e+02
extra,"k: nu=1/2,mu=5",F30,10,0,4.9755089407e+05
extra,"k: nu=1/2,mu=20",F1,10,0,3.6744276078e+03
extra,"k: nu=1/2,mu=20",F15,10,0,2.2021710269e+03
extra,"k: nu=1/2,mu=20",F16,10,0,1.3724920370e+02
extra,"k: nu=1/2,mu=20",F17,10,0,4.0444782035e+01
extra,"k: nu=1/2,mu=20",F18,10,0,1.4355825810e+04
extra,k=1 (plain OBL),F1,10,0,7.7302460232e+03
extra,k=1 (plain OBL),F3,10,0,3.1081863477e+01
extra,k=1 (plain OBL),F4,10,0,6.7271712295e+00
extra,k=1 (plain OBL),F5,10,0,7.6472905435e+00
extra,"k: nu=1/2,mu=20",F19,10,0,7.4584881875e+02
extra,"k: nu=1/2,mu=20",F20,10,0,6.5672690135e+01
extra,"k: nu=1/2,mu=20",F21,10,0,2.0840600695e+02
extra,"k: nu=1/2,mu=20",F22,10,0,1.0131853121e+02
extra,k=1 (plain OBL),F6,10,0,3.8812958651e+00
extra,k=1 (plain OBL),F7,10,0,1.8993112988e+01
extra,k=1 (plain OBL),F8,10,0,1.0065733258e+01
extra,k=1 (plain OBL),F9,10,0,5.4973226291e-03
extra,"k: nu=1/2,mu=20",F23,10,0,3.0935448750e+02
extra,"k: nu=1/2,mu=20",F24,10,0,1.0348181201e+02
extra,"k: nu=1/2,mu=20",F25,10,0,4.0012858611e+02
extra,"k: nu=1/2,mu=20",F26,10,0,3.0155115639e+02
extra,k=1 (plain OBL),F10,10,0,5.3174102902e+02
extra,k=1 (plain OBL),F11,10,0,1.3775702426e+01
extra,k=1 (plain OBL),F12,10,0,4.1276859611e+05
extra,k=1 (plain OBL),F13,10,0,6.4665769268e+03
extra,k=1 (plain OBL),F14,10,0,1.9717494499e+02
extra,k=1 (plain OBL),F15,10,0,6.3812145076e+03
extra,k=1 (plain OBL),F16,10,0,2.5023045595e+00
extra,k=1 (plain OBL),F17,10,0,4.6656513699e+01
extra,"k: nu=1/2,mu=20",F27,10,0,3.8952773233e+02
extra,"k: nu=1/2,mu=20",F28,10,0,3.7238598944e+02
extra,"k: nu=1/2,mu=20",F29,10,0,2.6173985497e+02
extra,"k: nu=1/2,mu=20",F30,10,0,1.3835547198e+06
extra,k=1 (plain OBL),F18,10,0,1.9386772352e+03
extra,k=1 (plain OBL),F19,10,0,1.8617862875e+03
extra,k=1 (plain OBL),F20,10,0,4.2434706345e+01
extra,k=1 (plain OBL),F21,10,0,1.0562249459e+02
extra,k=1 (plain OBL),F22,10,0,1.0130659857e+02
extra,k=1 (plain OBL),F23,10,0,3.0551258525e+02
extra,k=1 (plain OBL),F24,10,0,3.3220309989e+02
extra,k=1 (plain OBL),F25,10,0,4.4712767317e+02
extra,N=10,F5,10,1,2.1891057226e+01
extra,N=10,F6,10,1,9.0414589832e-01
extra,N=10,F7,10,1,5.3812413159e+01
extra,N=10,F8,10,1,9.9496947459e+00
extra,k=1 (plain OBL),F30,10,0,7.1454419953e+05
extra,N=10,F1,10,1,2.8241338670e+03
extra,N=10,F3,10,1,5.6073195881e+01
extra,N=10,F4,10,1,6.2076954331e+00
extra,k=1 (plain OBL),F26,10,0,3.0013591575e+02
extra,k=1 (plain OBL),F27,10,0,3.9757745767e+02
extra,k=1 (plain OBL),F28,10,0,4.1560348836e+02
extra,k=1 (plain OBL),F29,10,0,2.7670007410e+02
extra,N=10,F9,10,1,2.4880596490e+00
extra,N=10,F10,10,1,8.5665919782e+02
extra,N=10,F11,10,1,4.0343404644e+00
extra,N=10,F12,10,1,5.0571629572e+06
extra,N=10,F13,10,1,9.9093402764e+03
extra,N=10,F14,10,1,2.5135585377e+02
extra,N=10,F15,10,1,1.0919488576e+03
extra,N=10,F16,10,1,1.1906811370e+02
extra,N=10,F17,10,1,4.6431811379e+01
extra,N=10,F18,10,1,4.8355449201e+03
extra,N=10,F19,10,1,1.9290826948e+02
extra,N=10,F20,10,1,4.4315253925e+01
extra,N=20,F4,10,1,5.1414024150e+00
extra,N=20,F5,10,1,1.4947444059e+01
extra,N=20,F6,10,1,3.1432420697e-01
extra,N=20,F7,10,1,1.8248512072e+01
extra,N=20,F8,10,1,1.7918103214e+01
extra,N=20,F9,10,1,1.7593753796e-05
extra,N=20,F10,10,1,6.1351106398e+02
extra,N=20,F11,10,1,8.6925854049e+00
extra,N=10,F21,10,1,2.1316806002e+02
extra,N=10,F22,10,1,1.0545564853e+02
extra,N=10,F23,10,1,3.2261120104e+02
extra,N=10,F24,10,1,3.4853446464e+02
extra,N=20,F12,10,1,1.1619057002e+06
extra,N=20,F13,10,1,6.3173410234e+03
extra,N=20,F14,10,1,1.3053566764e+02
extra,N=20,F15,10,1,3.8696161857e+03
extra,N=10,F29,10,1,3.7929129313e+02
extra,N=10,F30,10,1,1.2124903016e+06
extra,N=20,F1,10,1,6.6088526873e+01
extra,N=20,F3,10,1,5.1346752544e+02
extra,N=20,F16,10,1,3.4095745667e+00
extra,N=20,F17,10,1,4.3804889871e+01
extra,N=20,F18,10,1,1.2035449616e+04
extra,N=20,F19,10,1,2.6539790023e+03
extra,N=10,F25,10,1,4.0022064504e+02
extra,N=10,F26,10,1,3.0010727600e+02
extra,N=10,F27,10,1,3.9415487005e+02
extra,N=10,F28,10,1,6.1182170042e+02
extra,N=50,F3,10,1,4.6086721467e+02
extra,N=50,F4,10,1,7.0290451766e+00
extra,N=50,F5,10,1,1.5320716792e+01
extra,N=50,F6,10,1,1.0827609059e-01
extra,N=20,F20,10,1,3.8883406391e+01
extra,N=20,F21,10,1,2.1287014201e+02
extra,N=20,F22,10,1,1.0211697124e+02
extra,N=20,F23,10,1,3.2202856846e+02
extra,N=50,F7,10,1,2.3327276612e+01
extra,N=50,F8,10,1,1.5201728295e+01
extra,N=50,F9,10,1,1.1991128610e-02
extra,N=50,F10,10,1,5.6633817661e+02
extra,N=50,F11,10,1,4.3546803472e+00
extra,N=50,F12,10,1,6.3816832891e+05
extra,N=50,F13,10,1,6.9250956971e+03
extra,N=50,F14,10,1,1.4151231137e+02
extra,N=50,F15,10,1,3.1488255060e+03
extra,N=50,F16,10,1,1.4129715144e+02
extra,N=50,F17,10,1,4.6339053640e+01
extra,N=50,F18,10,1,4.7691642769e+03
extra,N=20,F24,10,1,3.3659765181e+02
extra,N=20,F25,10,1,4.4815526448e+02
extra,N=20,F26,10,1,3.4714903786e+02
extra,N=20,F27,10,1,3.9533450369e+02
extra,N=50,F19,10,1,1.1484644967e+03
extra,N=50,F20,10,1,4.4500075586e+01
extra,N=50,F21,10,1,2.0435021275e+02
extra,N=50,F22,10,1,1.0138966710e+02
extra,N=100,F1,10,1,1.0510099645e+06
extra,N=100,F3,10,1,1.5914605128e+02
extra,N=100,F4,10,1,7.9059482237e+00
extra,N=100,F5,10,1,8.8042679150e+00
extra,N=20,F28,10,1,6.1182166654e+02
extra,N=20,F29,10,1,2.5896983498e+02
extra,N=20,F30,10,1,3.9868433353e+05
extra,N=50,F1,10,1,5.3252735296e+04
extra,N=100,F6,10,1,5.3709458656e-01
extra,N=100,F7,10,1,3.9832049579e+01
extra,N=100,F8,10,1,9.1751138615e+00
extra,N=100,F9,10,1,3.7691811567e-01
extra,N=100,F10,10,1,5.1727165349e+02
extra,N=100,F11,10,1,6.7920684210e+00
extra,N=100,F12,10,1,1.4074525113e+06
extra,N=100,F13,10,1,6.7043615594e+03
extra,N=50,F23,10,1,3.1725647378e+02
extra,N=50,F24,10,1,3.4101512651e+02
extra,N=50,F25,10,1,4.4428483338e+02
extra,N=50,F26,10,1,3.0056294103e+02
extra,N=100,F14,10,1,6.3319560545e+02
extra,N=100,F15,10,1,1.1984584074e+04
extra,N=100,F16,10,1,1.3319808045e+02
extra,N=100,F17,10,1,4.1466740300e+01
extra,N=100,F18,10,1,8.6704937212e+03
extra,N=100,F19,10,1,1.5711934846e+02
extra,N=100,F20,10,1,3.9325143325e+01
extra,N=100,F21,10,1,2.1651961153e+02
extra,N=100,F22,10,1,1.0185273347e+02
extra,N=100,F23,10,1,3.2799307221e+02
extra,N=100,F24,10,1,1.1770709082e+02
extra,N=100,F25,10,1,4.4597082234e+02
extra,N=100,F30,10,1,4.1233169165e+04
extra,beta=1.1,F1,10,1,1.8728080278e+04
extra,beta=1.1,F3,10,1,2.3690578539e+02
extra,beta=1.1,F4,10,1,7.3428431906e+00
extra,N=50,F27,10,1,3.8977105166e+02
extra,N=50,F28,10,1,4.7574124877e+02
extra,N=50,F29,10,1,4.1625307542e+02
extra,N=50,F30,10,1,8.0901082760e+05
extra,N=100,F26,10,1,3.6403356625e+02
extra,N=100,F27,10,1,3.8971162984e+02
extra,N=100,F28,10,1,4.1662583792e+02
extra,N=100,F29,10,1,3.0841380987e+02
extra,beta=1.1,F5,10,1,6.9953833990e+00
extra,beta=1.1,F6,10,1,2.6217327195e+00
extra,beta=1.1,F7,10,1,2.1355428274e+01
extra,beta=1.1,F8,10,1,1.6923698681e+01
extra,beta=1.1,F9,10,1,2.8009138853e-02
extra,beta=1.1,F10,10,1,6.5752116447e+02
extra,beta=1.1,F11,10,1,4.8041178823e+00
extra,beta=1.1,F12,10,1,1.3709251785e+05
extra,beta=1.1,F13,10,1,1.5595648504e+02
extra,beta=1.1,F14,10,1,2.7136518742e+02
extra,beta=1.1,F15,10,1,3.9921001566e+02
extra,beta=1.1,F16,10,1,2.7147154702e+00
extra,beta=1.1,F17,10,1,2.2392725803e+01
extra,beta=1.1,F18,10,1,6.9425739264e+03
extra,beta=1.1,F19,10,1,7.8226478506e+02
extra,beta=1.1,F20,10,1,8.2138777777e+01
extra,beta=1.3,F4,10,1,5.9055661957e+00
extra,beta=1.3,F5,10,1,6.0125000472e+00
extra,beta=1.3,F6,10,1,2.1452885380e+00
extra,beta=1.3,F7,10,1,2.2771037429e+01
extra,beta=1.1,F21,10,1,1.0461639820e+02
extra,beta=1.1,F22,10,1,1.0229662565e+02
extra,beta=1.1,F23,10,1,3.1560774789e+02
extra,beta=1.1,F24,10,1,3.4233427414e+02
extra,beta=1.1,F25,10,1,4.4392287817e+02
extra,beta=1.1,F26,10,1,3.9580675419e+02
extra,beta=1.1,F27,10,1,3.9070437729e+02
extra,beta=1.1,F28,10,1,4.1850912998e+02
extra,beta=1.3,F8,10,1,1.3963235068e+01
extra,beta=1.3,F9,10,1,4.7307014729e-03
extra,beta=1.3,F10,10,1,4.8405562055e+02
extra,beta=1.3,F11,10,1,1.7186934827e+01
extra,beta=1.1,F29,10,1,2.8201204253e+02
extra,beta=1.1,F30,10,1,1.2043592421e+05
extra,beta=1.3,F1,10,1,3.0404507757e+03
extra,beta=1.3,F3,10,1,7.8659301239e+01
extra,beta=1.3,F12,10,1,1.3952017611e+05
extra,beta=1.3,F13,10,1,3.0584504208e+03
extra,beta=1.3,F14,10,1,2.4504139993e+02
extra,beta=1.3,F15,10,1,3.4145814798e+03
extra,beta=1.3,F16,10,1,1.2442968345e+02
extra,beta=1.3,F17,10,1,3.9274335312e+01
extra,beta=1.3,F18,10,1,9.7890913705e+03
extra,beta=1.3,F19,10,1,2.0883184920e+02
extra,beta=1.5,F3,10,1,2.3310354944e+02
extra,beta=1.5,F4,10,1,6.5954050246e+00
extra,beta=1.5,F5,10,1,1.5914868511e+01
extra,beta=1.5,F6,10,1,5.0148776207e-02
extra,beta=1.3,F20,10,1,5.4687222045e+01
extra,beta=1.3,F21,10,1,2.0317571602e+02
extra,beta=1.3,F22,10,1,1.0046360047e+02
extra,beta=1.3,F23,10,1,3.1610475714e+02
extra,beta=1.5,F7,10,1,2.9116698994e+01
extra,beta=1.5,F8,10,1,6.9761037997e+00
extra,beta=1.5,F9,10,1,2.0291397825e-03
extra,beta=1.5,F10,10,1,9.3455086246e+02
extra,beta=1.3,F24,10,1,3.3594973719e+02
extra,beta=1.3,F25,10,1,4.4389071262e+02
extra,beta=1.3,F26,10,1,3.0022225775e+02
extra,beta=1.3,F27,10,1,3.9063153339e+02
extra,beta=1.5,F11,10,1,5.1883434151e+00
extra,beta=1.5,F12,10,1,2.1908843799e+04
extra,beta=1.5,F13,10,1,7.8610097632e+02
extra,beta=1.5,F14,10,1,2.6821226957e+02
extra,beta=1.3,F28,10,1,6.0271004673e+02
extra,beta=1.3,F29,10,1,2.8092210446e+02
extra,beta=1.3,F30,10,1,1.6275691884e+06
extra,beta=1.5,F1,10,1,5.8448321722e+03
extra,beta=1.5,F15,10,1,5.8711958211e+02
extra,beta=1.5,F16,10,1,3.0419620357e+00
extra,beta=1.5,F17,10,1,4.3526284746e+01
extra,beta=1.5,F18,10,1,1.0092126581e+04
extra,beta=1.9,F1,10,1,1.5490124806e+03
extra,beta=1.9,F3,10,1,4.8448864180e+01
extra,beta=1.9,F4,10,1,6.5923825045e+00
extra,beta=1.9,F5,10,1,1.3981680946e+01
extra,beta=1.5,F19,10,1,3.2640276229e+03
extra,beta=1.5,F20,10,1,2.7906715983e+01
extra,beta=1.5,F21,10,1,2.1069982668e+02
extra,beta=1.5,F22,10,1,1.0077760150e+02
extra,beta=1.9,F6,10,1,1.5519049809e+00
extra,beta=1.9,F7,10,1,1.6067558762e+01
extra,beta=1.9,F8,10,1,2.0081192919e+01
extra,beta=1.9,F9,10,1,9.4707812502e-04
extra,beta=1.9,F10,10,1,5.5833420778e+02
extra,beta=1.9,F11,10,1,1.2564579908e+01
extra,beta=1.9,F12,10,1,4.0697531693e+04
extra,beta=1.9,F13,10,1,1.6601676290e+03
extra,beta=1.5,F23,10,1,3.2898384867e+02
extra,beta=1.5,F24,10,1,3.2859084072e+02
extra,beta=1.5,F25,10,1,4.4614636630e+02
extra,beta=1.5,F26,10,1,3.0025166782e+02
extra,beta=1.9,F14,10,1,4.1476575961e+02
extra,beta=1.9,F15,10,1,1.8806136936e+03
extra,beta=1.9,F16,10,1,5.6873955126e+00
extra,beta=1.9,F17,10,1,4.1342419544e+01
extra,beta=1.9,F18,10,1,4.6872928115e+04
extra,beta=1.9,F19,10,1,4.3099440825e+02
extra,beta=1.9,F20,10,1,4.3995559930e+01
extra,beta=1.9,F21,10,1,1.0693906421e+02
extra,beta=1.5,F27,10,1,3.9489036052e+02
extra,beta=1.5,F28,10,1,6.1182177561e+02
extra,beta=1.5,F29,10,1,2.6294360391e+02
extra,beta=1.5,F30,10,1,7.8491764027e+05
extra,"stage=T/3,2T/3",F5,10,1,3.9918935574e+00
extra,"stage=T/3,2T/3",F6,10,1,2.1390277874e+00
extra,"stage=T/3,2T/3",F7,10,1,2.6517607598e+01
extra,"stage=T/3,2T/3",F8,10,1,7.9657742908e+00
extra,beta=1.9,F22,10,1,1.0069246476e+02
extra,beta=1.9,F23,10,1,3.2112142515e+02
extra,beta=1.9,F24,10,1,1.0543910768e+02
extra,beta=1.9,F25,10,1,4.0010150467e+02
extra,beta=1.9,F30,10,1,2.4961685606e+05
extra,"stage=T/3,2T/3",F1,10,1,7.9671977696e+03
extra,"stage=T/3,2T/3",F3,10,1,4.1766528234e+01
extra,"stage=T/3,2T/3",F4,10,1,7.2103865799e+00
extra,"stage=T/3,2T/3",F9,10,1,9.3083097800e-02
extra,"stage=T/3,2T/3",F10,10,1,8.7502000371e+02
extra,"stage=T/3,2T/3",F11,10,1,5.5073143984e+00
extra,"stage=T/3,2T/3",F12,10,1,7.3739597065e+05
extra,"stage=T/3,2T/3",F13,10,1,2.2135541001e+03
extra,"stage=T/3,2T/3",F14,10,1,1.3279280354e+02
extra,"stage=T/3,2T/3",F15,10,1,3.4937054190e+03
extra,"stage=T/3,2T/3",F16,10,1,3.6567547177e+00
extra,beta=1.9,F26,10,1,3.0004078005e+02
extra,beta=1.9,F27,10,1,3.9690859001e+02
extra,beta=1.9,F28,10,1,3.6794689293e+02
extra,beta=1.9,F29,10,1,2.5543160456e+02
extra,"stage=T/3,2T/3",F17,10,1,4.5972540887e+01
extra,"stage=T/3,2T/3",F18,10,1,6.3963562864e+03
extra,"stage=T/3,2T/3",F19,10,1,1.1481359979e+02
extra,"stage=T/3,2T/3",F20,10,1,2.9380634161e+01
extra,"stage=T/4,3T/4",F4,10,1,4.8064208605e+00
extra,"stage=T/4,3T/4",F5,10,1,1.5082273805e+01
extra,"stage=T/4,3T/4",F6,10,1,1.6532759058e-02
extra,"stage=T/4,3T/4",F7,10,1,1.6490671769e+01
extra,"stage=T/3,2T/3",F21,10,1,2.1191056040e+02
extra,"stage=T/3,2T/3",F22,10,1,1.0014225585e+02
extra,"stage=T/3,2T/3",F23,10,1,3.1736822583e+02
extra,"stage=T/3,2T/3",F24,10,1,3.3828338551e+02
extra,"stage=T/4,3T/4",F8,10,1,1.2063340097e+01
extra,"stage=T/4,3T/4",F9,10,1,7.8016557621e-03
extra,"stage=T/4,3T/4",F10,10,1,9.4675442533e+02
extra,"stage=T/4,3T/4",F11,10,1,4.4339214863e+00
extra,"stage=T/3,2T/3",F29,10,1,2.8025233977e+02
extra,"stage=T/3,2T/3",F30,10,1,5.8181211993e+04
extra,"stage=T/4,3T/4",F1,10,1,4.9011543599e+02
extra,"stage=T/4,3T/4",F3,10,1,2.3157004554e+02
extra,"stage=T/4,3T/4",F12,10,1,5.9464560247e+05
extra,"stage=T/4,3T/4",F13,10,1,4.5798860408e+03
extra,"stage=T/4,3T/4",F14,10,1,1.9279013958e+02
extra,"stage=T/4,3T/4",F15,10,1,2.4191327718e+03
extra,"stage=T/3,2T/3",F25,10,1,4.4537964659e+02
extra,"stage=T/3,2T/3",F26,10,1,3.0026821424e+02
extra,"stage=T/3,2T/3",F27,10,1,3.9725159212e+02
extra,"stage=T/3,2T/3",F28,10,1,3.7029469010e+02
extra,"stage=T/4,3T/4",F16,10,1,4.3767511527e+01
extra,"stage=T/4,3T/4",F17,10,1,4.2342505131e+01
extra,"stage=T/4,3T/4",F18,10,1,2.6747080132e+03
extra,"stage=T/4,3T/4",F19,10,1,3.9984822849e+02
extra,"stage=T/2,3T/4",F3,10,1,2.6555073714e+02
extra,"stage=T/2,3T/4",F4,10,1,3.5971298153e+00
extra,"stage=T/2,3T/4",F5,10,1,6.9878219150e+00
extra,"stage=T/2,3T/4",F6,10,1,8.4601981966e-01
extra,"stage=T/4,3T/4",F20,10,1,2.5837108519e+00
extra,"stage=T/4,3T/4",F21,10,1,2.1349464846e+02
extra,"stage=T/4,3T/4",F22,10,1,1.0001515957e+02
extra,"stage=T/4,3T/4",F23,10,1,3.1609145566e+02
extra,"stage=T/2,3T/4",F7,10,1,2.9914916346e+01
extra,"stage=T/2,3T/4",F8,10,1,1.4936197964e+01
extra,"stage=T/2,3T/4",F9,10,1,1.8308185448e-01
extra,"stage=T/2,3T/4",F10,10,1,1.0262634948e+03
extra,"stage=T/2,3T/4",F11,10,1,5.5475871879e+00
extra,"stage=T/2,3T/4",F12,10,1,1.0039045880e+06
extra,"stage=T/2,3T/4",F13,10,1,4.0284625465e+03
extra,"stage=T/2,3T/4",F14,10,1,1.6532327854e+02
extra,"stage=T/4,3T/4",F24,10,1,1.0407185953e+02
extra,"stage=T/4,3T/4",F25,10,1,3.9962122051e+02
extra,"stage=T/4,3T/4",F26,10,1,3.0045716682e+02
extra,"stage=T/4,3T/4",F27,10,1,3.9078783787e+02
extra,"stage=T/4,3T/4",F28,10,1,3.6850391973e+02
extra,"stage=T/4,3T/4",F29,10,1,2.5256324411e+02
extra,"stage=T/4,3T/4",F30,10,1,8.5105118111e+05
extra,"stage=T/2,3T/4",F1,10,1,1.2054825208e+05
extra,"stage=T/2,3T/4",F15,10,1,8.2126420382e+02
extra,"stage=T/2,3T/4",F16,10,1,5.0994589681e+00
extra,"stage=T/2,3T/4",F17,10,1,4.2685157651e+01
extra,"stage=T/2,3T/4",F18,10,1,1.3091388435e+04
extra,"stage=T/5,4T/5",F1,10,1,5.7605156536e+01
extra,"stage=T/5,4T/5",F3,10,1,5.1133164418e+01
extra,"stage=T/5,4T/5",F4,10,1,3.1878449293e+00
extra,"stage=T/5,4T/5",F5,10,1,1.0950395458e+01
extra,"stage=T/2,3T/4",F19,10,1,4.7535583862e+02
extra,"stage=T/2,3T/4",F20,10,1,1.5371598604e+01
extra,"stage=T/2,3T/4",F21,10,1,1.0320842606e+02
extra,"stage=T/2,3T/4",F22,10,1,1.0199917208e+02
extra,"stage=T/5,4T/5",F6,10,1,8.0712705637e-01
extra,"stage=T/5,4T/5",F7,10,1,3.0283451411e+01
extra,"stage=T/5,4T/5",F8,10,1,2.5908004883e+01
extra,"stage=T/5,4T/5",F9,10,1,1.5839547755e-01
extra,"stage=T/5,4T/5",F10,10,1,9.9949579206e+02
extra,"stage=T/5,4T/5",F11,10,1,3.0849912828e+00
extra,"stage=T/5,4T/5",F12,10,1,3.8535846799e+06
extra,"stage=T/5,4T/5",F13,10,1,4.3308835919e+03
extra,"stage=T/2,3T/4",F23,10,1,3.1489979523e+02
extra,"stage=T/2,3T/4",F24,10,1,3.5464874611e+02
extra,"stage=T/2,3T/4",F25,10,1,3.9975005503e+02
extra,"stage=T/2,3T/4",F26,10,1,3.0017646291e+02
extra,"stage=T/5,4T/5",F14,10,1,2.2078499065e+02
extra,"stage=T/5,4T/5",F15,10,1,4.9324898660e+03
extra,"stage=T/5,4T/5",F16,10,1,2.1800101522e+00
extra,"stage=T/5,4T/5",F17,10,1,2.5851406403e+01
extra,"stage=T/2,3T/4",F27,10,1,3.9524814647e+02
extra,"stage=T/2,3T/4",F28,10,1,3.9965745908e+02
extra,"stage=T/2,3T/4",F29,10,1,3.1847991398e+02
extra,"stage=T/2,3T/4",F30,10,1,1.3219959998e+05
extra,"stage=T/5,4T/5",F18,10,1,1.1293844355e+04
extra,"stage=T/5,4T/5",F19,10,1,6.4858759739e+03
extra,"stage=T/5,4T/5",F20,10,1,4.0799253512e+01
extra,"stage=T/5,4T/5",F21,10,1,2.1126395891e+02
extra,"k: nu=1/2,mu=10",F5,10,1,2.0549041746e+01
extra,"k: nu=1/2,mu=10",F6,10,1,4.2700195383e-01
extra,"k: nu=1/2,mu=10",F7,10,1,3.0783967238e+01
extra,"k: nu=1/2,mu=10",F8,10,1,6.9754829765e+00
extra,"k: nu=1/2,mu=10",F9,10,1,4.1530854240e-03
extra,"k: nu=1/2,mu=10",F10,10,1,3.4723941691e+02
extra,"k: nu=1/2,mu=10",F11,10,1,1.0896115409e+01
extra,"k: nu=1/2,mu=10",F12,10,1,1.4107251298e+06
extra,"stage=T/5,4T/5",F22,10,1,1.0038562413e+02
extra,"stage=T/5,4T/5",F23,10,1,3.1906053615e+02
extra,"stage=T/5,4T/5",F24,10,1,1.0164508654e+02
extra,"stage=T/5,4T/5",F25,10,1,4.4427369923e+02
extra,"stage=T/5,4T/5",F30,10,1,6.4113173800e+05
extra,"k: nu=1/2,mu=10",F1,10,1,2.9885042837e+04
extra,"k: nu=1/2,mu=10",F3,10,1,1.1333474969e+02
extra,"k: nu=1/2,mu=10",F4,10,1,6.6902780722e+00
extra,"k: nu=1/2,mu=10",F13,10,1,1.9478528516e+03
extra,"k: nu=1/2,mu=10",F14,10,1,1.6393499291e+02
extra,"k: nu=1/2,mu=10",F15,10,1,5.0988156760e+02
extra,"k: nu=1/2,mu=10",F16,10,1,4.2299482244e+01
extra,"stage=T/5,4T/5",F26,10,1,4.0877503167e+02
extra,"stage=T/5,4T/5",F27,10,1,3.9754163630e+02
extra,"stage=T/5,4T/5",F28,10,1,4.1736943687e+02
extra,"stage=T/5,4T/5",F29,10,1,2.8759968970e+02
extra,"k: nu=1/2,mu=10",F17,10,1,4.0315105899e+01
extra,"k: nu=1/2,mu=10",F18,10,1,3.9410781066e+02
extra,"k: nu=1/2,mu=10",F19,10,1,6.8255226832e+03
extra,"k: nu=1/2,mu=10",F20,10,1,2.2792361661e+01
extra,"k: nu=1/2,mu=10",F21,10,1,2.0432085922e+02
extra,"k: nu=1/2,mu=10",F22,10,1,1.0053132461e+02
extra,"k: nu=1/2,mu=10",F23,10,1,3.0969247245e+02
extra,"k: nu=1/2,mu=10",F24,10,1,3.3825835337e+02
extra,"k: nu=1,mu=10",F4,10,1,7.1918856674e+00
extra,"k: nu=1,mu=10",F5,10,1,3.3913194045e+01
extra,"k: nu=1,mu=10",F6,10,1,2.7308160032e-01
extra,"k: nu=1,mu=10",F7,10,1,2.7808734929e+01
extra,"k: nu=1,mu=10",F8,10,1,4.9887369384e+00
extra,"k: nu=1,mu=10",F9,10,1,2.0857576307e-01
extra,"k: nu=1,mu=10",F10,10,1,8.1341646702e+02
extra,"k: nu=1,mu=10",F11,10,1,8.8390626056e+00
extra,"k: nu=1,mu=10",F12,10,1,1.1207991474e+06
extra,"k: nu=1,mu=10",F13,10,1,5.6605750112e+03
extra,"k: nu=1,mu=10",F14,10,1,4.3489008038e+02
extra,"k: nu=1,mu=10",F15,10,1,5.9553422021e+03
extra,"k: nu=1/2,mu=10",F25,10,1,3.9894313785e+02
extra,"k: nu=1/2,mu=10",F26,10,1,3.2385236435e+02
extra,"k: nu=1/2,mu=10",F27,10,1,3.9269319468e+02
extra,"k: nu=1/2,mu=10",F28,10,1,3.8904934384e+02
extra,"k: nu=1/2,mu=10",F29,10,1,2.6996667153e+02
extra,"k: nu=1/2,mu=10",F30,10,1,8.2451522321e+05
extra,"k: nu=1,mu=10",F1,10,1,1.2356013549e+04
extra,"k: nu=1,mu=10",F3,10,1,4.9727780229e+02
extra,"k: nu=1,mu=10",F16,10,1,1.4665479656e+01
extra,"k: nu=1,mu=10",F17,10,1,4.4988998157e+01
extra,"k: nu=1,mu=10",F18,10,1,1.8959267365e+04
extra,"k: nu=1,mu=10",F19,10,1,4.7039991128e+02
extra,"k: nu=1/2,mu=5",F3,10,1,2.5796626280e+02
extra,"k: nu=1/2,mu=5",F4,10,1,6.9961222597e+00
extra,"k: nu=1/2,mu=5",F5,10,1,8.3347872383e+00
extra,"k: nu=1/2,mu=5",F6,10,1,2.5934076538e-01
extra,"k: nu=1,mu=10",F20,10,1,2.8839298353e+01
extra,"k: nu=1,mu=10",F21,10,1,1.0303342950e+02
extra,"k: nu=1,mu=10",F22,10,1,1.0245296210e+02
extra,"k: nu=1,mu=10",F23,10,1,3.0670905472e+02
extra,"k: nu=1/2,mu=5",F7,10,1,1.7632014054e+01
extra,"k: nu=1/2,mu=5",F8,10,1,1.4974219790e+01
extra,"k: nu=1/2,mu=5",F9,10,1,8.8849692438e-03
extra,"k: nu=1/2,mu=5",F10,10,1,1.0748855232e+03
extra,"k: nu=1,mu=10",F24,10,1,1.0600742657e+02
extra,"k: nu=1,mu=10",F25,10,1,4.0048594398e+02
extra,"k: nu=1,mu=10",F26,10,1,3.0027304711e+02
extra,"k: nu=1,mu=10",F27,10,1,3.8952780798e+02
extra,"k: nu=1,mu=10",F28,10,1,3.9801964203e+02
extra,"k: nu=1,mu=10",F29,10,1,2.8090869170e+02
extra,"k: nu=1,mu=10",F30,10,1,8.6287062091e+04
extra,"k: nu=1/2,mu=5",F1,10,1,2.1225351834e+03
extra,"k: nu=1/2,mu=5",F11,10,1,9.6765263781e+00
extra,"k: nu=1/2,mu=5",F12,10,1,1.3117984827e+06
extra,"k: nu=1/2,mu=5",F13,10,1,6.6589946172e+03
extra,"k: nu=1/2,mu=5",F14,10,1,1.4492610240e+02
extra,"k: nu=1/2,mu=5",F15,10,1,1.4270398813e+03
extra,"k: nu=1/2,mu=5",F16,10,1,2.4760425154e+00
extra,"k: nu=1/2,mu=5",F17,10,1,4.7867018986e+01
extra,"k: nu=1/2,mu=5",F18,10,1,1.2353286277e+04
extra,"k: nu=1/2,mu=20",F1,10,1,7.6671682961e+03
extra,"k: nu=1/2,mu=20",F3,10,1,3.9104035675e+01
extra,"k: nu=1/2,mu=20",F4,10,1,7.1575805049e+00
extra,"k: nu=1/2,mu=20",F5,10,1,6.2194767902e+00
extra,"k: nu=1/2,mu=5",F19,10,1,2.1422296431e+02
extra,"k: nu=1/2,mu=5",F20,10,1,2.4486381811e+01
extra,"k: nu=1/2,mu=5",F21,10,1,1.0270912089e+02
extra,"k: nu=1/2,mu=5",F22,10,1,1.0180686080e+02
extra,"k: nu=1/2,mu=20",F6,10,1,2.9236031101e+00
extra,"k: nu=1/2,mu=20",F7,10,1,3.6187073902e+01
extra,"k: nu=1/2,mu=20",F8,10,1,1.2967711432e+01
extra,"k: nu=1/2,mu=20",F9,10,1,6.4231534444e-01
extra,"k: nu=1/2,mu=20",F10,10,1,6.3803897709e+02
extra,"k: nu=1/2,mu=20",F11,10,1,1.7643462536e+01
extra,"k: nu=1/2,mu=20",F12,10,1,4.5737407298e+05
extra,"k: nu=1/2,mu=20",F13,10,1,1.3392409323e+04
extra,"k: nu=1/2,mu=5",F23,10,1,3.1003403509e+02
extra,"k: nu=1/2,mu=5",F24,10,1,3.4611907341e+02
extra,"k: nu=1/2,mu=5",F25,10,1,4.4556471908e+02
extra,"k: nu=1/2,mu=5",F26,10,1,3.0022880464e+02
extra,"k: nu=1/2,mu=20",F14,10,1,6.5015568952e+02
extra,"k: nu=1/2,mu=20",F15,10,1,3.0806142114e+03
extra,"k: nu=1/2,mu=20",F16,10,1,2.7800118667e+00
extra,"k: nu=1/2,mu=20",F17,10,1,4.2048066599e+01
extra,"k: nu=1/2,mu=5",F27,10,1,3.9441243966e+02
extra,"k: nu=1/2,mu=5",F28,10,1,4.0836929070e+02
extra,"k: nu=1/2,mu=5",F29,10,1,2.4607590289e+02
extra,"k: nu=1/2,mu=5",F30,10,1,1.5943078882e+06
extra,"k: nu=1/2,mu=20",F18,10,1,1.1677283093e+03
extra,"k: nu=1/2,mu=20",F19,10,1,6.8311682647e+02
extra,"k: nu=1/2,mu=20",F20,10,1,5.7431236265e+01
extra,"k: nu=1/2,mu=20",F21,10,1,2.1400639425e+02
extra,"k: nu=1/2,mu=20",F22,10,1,1.0232720504e+02
extra,"k: nu=1/2,mu=20",F23,10,1,3.1691173312e+02
extra,"k: nu=1/2,mu=20",F24,10,1,3.4371317022e+02
extra,"k: nu=1/2,mu=20",F25,10,1,3.9792298123e+02
extra,k=1 (plain OBL),F5,10,1,9.9680721166e+00
extra,k=1 (plain OBL),F6,10,1,1.8660824675e-01
extra,k=1 (plain OBL),F7,10,1,2.2232140403e+01
extra,k=1 (plain OBL),F8,10,1,2.1890510448e+01
extra,"k: nu=1/2,mu=20",F30,10,1,1.3639164885e+03
extra,k=1 (plain OBL),F1,10,1,1.5886506682e+04
extra,k=1 (plain OBL),F3,10,1,1.0408398599e+02
extra,k=1 (plain OBL),F4,10,1,4.7495772365e+00
extra,k=1 (plain OBL),F9,10,1,8.1198608005e-02
extra,k=1 (plain OBL),F10,10,1,4.6494657347e+02
extra,k=1 (plain OBL),F11,10,1,6.3086962570e+00
extra,k=1 (plain OBL),F12,10,1,1.0825369382e+06
extra,k=1 (plain OBL),F13,10,1,4.4945863959e+03
extra,k=1 (plain OBL),F14,10,1,1.9723614169e+02
extra,k=1 (plain OBL),F15,10,1,3.5704641621e+03
extra,k=1 (plain OBL),F16,10,1,1.3443913958e+02
extra,"k: nu=1/2,mu=20",F26,10,1,3.0008487917e+02
extra,"k: nu=1/2,mu=20",F27,10,1,3.9060810638e+02
extra,"k: nu=1/2,mu=20",F28,10,1,4.1880692787e+02
extra,"k: nu=1/2,mu=20",F29,10,1,2.8086801767e+02
extra,k=1 (plain OBL),F17,10,1,3.9200100654e+01
extra,k=1 (plain OBL),F18,10,1,1.8182071393e+03
extra,k=1 (plain OBL),F19,10,1,9.1866651371e+02
extra,k=1 (plain OBL),F20,10,1,2.7692472027e+01
extra,k=1 (plain OBL),F21,10,1,1.0471459428e+02
extra,k=1 (plain OBL),F22,10,1,1.0181538809e+02
extra,k=1 (plain OBL),F23,10,1,3.0457883789e+02
extra,k=1 (plain OBL),F24,10,1,3.3117728340e+02
extra,k=1 (plain OBL),F25,10,1,4.4425507615e+02
extra,k=1 (plain OBL),F26,10,1,3.0035480741e+02
extra,k=1 (plain OBL),F27,10,1,3.9809338164e+02
extra,k=1 (plain OBL),F28,10,1,3.7507335676e+02
extra,N=10,F4,10,2,7.5294615174e+00
extra,N=10,F5,10,2,2.1899894670e+01
extra,N=10,F6,10,2,7.0059535345e+00
extra,N=10,F7,10,2,2.8210105244e+01
extra,k=1 (plain OBL),F29,10,1,2.4344106817e+02
extra,k=1 (plain OBL),F30,10,1,1.2443893080e+06
extra,N=10,F1,10,2,8.8354122908e-01
extra,N=10,F3,10,2,4.2023240017e+01
extra,N=10,F8,10,2,9.9504643476e+00
extra,N=10,F9,10,2,8.6119867611e+00
extra,N=10,F10,10,2,5.0103581945e+02
extra,N=10,F11,10,2,8.6785391835e+00
extra,N=10,F12,10,2,3.3211104946e+06
extra,N=10,F13,10,2,8.8899892431e+03
extra,N=10,F14,10,2,2.5557853152e+02
extra,N=10,F15,10,2,2.2058448932e+03
extra,N=10,F16,10,2,4.2003322767e+01
extra,N=10,F17,10,2,5.9052776626e+01
extra,N=10,F18,10,2,2.2981569167e+03
extra,N=10,F19,10,2,1.1634187828e+03
extra,N=20,F3,10,2,1.3013786880e+02
extra,N=20,F4,10,2,8.1206518846e+00
extra,N=20,F5,10,2,1.4862473532e+01
extra,N=20,F6,10,2,2.5030257153e+00
extra,N=10,F20,10,2,3.4103957329e+01
extra,N=10,F21,10,2,2.1853051815e+02
extra,N=10,F22,10,2,1.0045352280e+02
extra,N=10,F23,10,2,3.0689561746e+02
extra,N=20,F7,10,2,2.1248765654e+01
extra,N=20,F8,10,2,1.2945955011e+01
extra,N=20,F9,10,2,5.4604657765e-01
extra,N=20,F10,10,2,8.4952008454e+02
extra,N=20,F11,10,2,2.0399469978e+01
extra,N=20,F12,10,2,7.5425916218e+04
extra,N=20,F13,10,2,2.8483265210e+03
extra,N=20,F14,10,2,2.0024446498e+02
extra,N=10,F24,10,2,3.3140987614e+02
extra,N=10,F25,10,2,3.9966744059e+02
extra,N=10,F26,10,2,3.9043573455e+02
extra,N=10,F27,10,2,3.8957919406e+02
extra,N=20,F15,10,2,2.3569436921e+03
extra,N=20,F16,10,2,4.0029033887e+01
extra,N=20,F17,10,2,5.1167568726e+01
extra,N=20,F18,10,2,3.3593980150e+04
extra,N=20,F19,10,2,1.8976431101e+02
extra,N=20,F20,10,2,2.5233478381e+01
extra,N=20,F21,10,2,1.0227456385e+02
extra,N=20,F22,10,2,1.0035350380e+02
extra,N=50,F1,10,2,4.9378472835e+04
extra,N=50,F3,10,2,3.2803000308e+02
extra,N=50,F4,10,2,6.6602712826e+00
extra,N=50,F5,10,2,1.3199504231e+01
extra,N=50,F6,10,2,3.4246404654e-01
extra,N=50,F7,10,2,3.9336982900e+01
extra,N=50,F8,10,2,2.7872520967e+01
extra,N=50,F9,10,2,8.6022344088e-02
extra,N=10,F28,10,2,6.1182167620e+02
extra,N=10,F29,10,2,2.6048712207e+02
extra,N=10,F30,10,2,8.2944712180e+05
extra,N=20,F1,10,2,6.1880735026e+02
extra,N=50,F10,10,2,2.8569226928e+02
extra,N=50,F11,10,2,8.4669653835e+00
extra,N=50,F12,10,2,2.3345559742e+06
extra,N=50,F13,10,2,1.9712933606e+03
extra,N=20,F23,10,2,3.1642472630e+02
extra,N=20,F24,10,2,3.4911539074e+02
extra,N=20,F25,10,2,4.4739401904e+02
extra,N=20,F26,10,2,3.0015865329e+02
extra,N=50,F14,10,2,1.5962854938e+02
extra,N=50,F15,10,2,4.8134780568e+02
extra,N=50,F16,10,2,1.2263885872e+02
extra,N=50,F17,10,2,4.0655340847e+01
extra,N=50,F18,10,2,1.2875588655e+04
extra,N=50,F19,10,2,3.2708536969e+02
extra,N=50,F20,10,2,3.0483117845e+01
extra,N=50,F21,10,2,2.1173158395e+02
extra,N=50,F30,10,2,2.3791948756e+06
extra,N=100,F1,10,2,9.0755580167e+05
extra,N=100,F3,10,2,3.7367886567e+02
extra,N=100,F4,10,2,7.2106774238e+00
extra,N=50,F22,10,2,1.0113869931e+02
extra,N=50,F23,10,2,3.1772523518e+02
extra,N=50,F24,10,2,1.0577791173e+02
extra,N=50,F25,10,2,3.9882344670e+02
extra,N=100,F5,10,2,1.1508017281e+01
extra,N=100,F6,10,2,3.0235420592e+00
extra,N=100,F7,10,2,2.7137867051e+01
extra,N=100,F8,10,2,1.4107816366e+01
extra,N=20,F27,10,2,3.9383456274e+02
extra,N=20,F28,10,2,4.1748852770e+02
extra,N=20,F29,10,2,2.5415397077e+02
extra,N=20,F30,10,2,1.8922107141e+05
extra,N=100,F9,10,2,9.3999598384e-01
extra,N=100,F10,10,2,1.1562053888e+03
extra,N=100,F11,10,2,1.1782453535e+01
extra,N=100,F12,10,2,2.1267410087e+05
extra,N=100,F13,10,2,1.3981510996e+03
extra,N=100,F14,10,2,9.1412311447e+02
extra,N=100,F15,10,2,3.7338208299e+03
extra,N=100,F16,10,2,1.7184780158e+02
extra,N=50,F26,10,2,3.2613470250e+02
extra,N=50,F27,10,2,3.9452119516e+02
extra,N=50,F28,10,2,3.7554111171e+02
extra,N=50,F29,10,2,2.7595437311e+02
extra,N=100,F17,10,2,4.5675741218e+01
extra,N=100,F18,10,2,5.5819802617e+03
extra,N=100,F19,10,2,1.2546262406e+02
extra,N=100,F20,10,2,2.8107036307e+01
extra,N=100,F21,10,2,1.0526809892e+02
extra,N=100,F22,10,2,1.0112833063e+02
extra,N=100,F23,10,2,3.1715169147e+02
extra,N=100,F24,10,2,3.4049442037e+02
extra,N=100,F25,10,2,4.4365642603e+02
extra,N=100,F26,10,2,3.4142412998e+02
extra,N=100,F27,10,2,3.9783229558e+02
extra,N=100,F28,10,2,4.2680037290e+02
extra,beta=1.1,F4,10,2,6.5727345456e+00
extra,beta=1.1,F5,10,2,9.5325415055e+00
extra,beta=1.1,F6,10,2,7.5844828691e-01
extra,beta=1.1,F7,10,2,2.9412724261e+01
extra,N=100,F29,10,2,3.5082312597e+02
extra,N=100,F30,10,2,1.1802744861e+06
extra,beta=1.1,F1,10,2,1.7351760420e+03
extra,beta=1.1,F3,10,2,2.0595242334e+02
extra,beta=1.1,F8,10,2,6.1009498220e+00
extra,beta=1.1,F9,10,2,9.9892489832e-02
extra,beta=1.1,F10,10,2,4.9283846794e+02
extra,beta=1.1,F11,10,2,1.1712594242e+01
extra,beta=1.1,F12,10,2,2.7465951379e+05
extra,beta=1.1,F13,10,2,1.2554121988e+04
extra,beta=1.1,F14,10,2,2.2548864296e+02
extra,beta=1.1,F15,10,2,5.8240826683e+02
extra,beta=1.1,F16,10,2,4.1378354370e+01
extra,beta=1.1,F17,10,2,4.3454793514e+01
extra,beta=1.1,F18,10,2,1.2764459159e+03
extra,beta=1.1,F19,10,2,2.8837987346e+02
extra,beta=1.1,F20,10,2,2.8274794295e+01
extra,beta=1.1,F21,10,2,1.0378573874e+02
extra,beta=1.1,F22,10,2,1.0010349373e+02
extra,beta=1.1,F23,10,2,3.0540981518e+02
extra,beta=1.3,F3,10,2,6.8711665364e+01
extra,beta=1.3,F4,10,2,5.5938003784e+00
extra,beta=1.3,F5,10,2,1.2977134901e+01
extra,beta=1.3,F6,10,2,1.1885183224e+00
extra,beta=1.3,F7,10,2,3.0359258731e+01
extra,beta=1.3,F8,10,2,2.0279432562e+01
extra,beta=1.3,F9,10,2,1.6777550355e-03
extra,beta=1.3,F10,10,2,1.0720068261e+03
extra,beta=1.1,F24,10,2,3.5346722040e+02
extra,beta=1.1,F25,10,2,4.4830735097e+02
extra,beta=1.1,F26,10,2,3.0828753126e+02
extra,beta=1.1,F27,10,2,3.9285861037e+02
extra,beta=1.3,F11,10,2,6.3103514407e+00
extra,beta=1.3,F12,10,2,9.7587204110e+04
extra,beta=1.3,F13,10,2,3.7409472252e+03
extra,beta=1.3,F14,10,2,2.0518981604e+02
extra,beta=1.1,F28,10,2,4.1682302662e+02
extra,beta=1.1,F29,10,2,2.4980294812e+02
extra,beta=1.1,F30,10,2,3.1050473896e+04
extra,beta=1.3,F1,10,2,2.9196067316e+04
extra,beta=1.3,F15,10,2,2.6271610751e+03
extra,beta=1.3,F16,10,2,3.9328031235e+00
extra,beta=1.3,F17,10,2,2.7154265053e+01
extra,beta=1.3,F18,10,2,1.9220562856e+04
extra,beta=1.5,F1,10,2,1.5878894749e+03
extra,beta=1.5,F3,10,2,4.5806784963e+02
extra,beta=1.5,F4,10,2,6.5819584331e+00
extra,beta=1.5,F5,10,2,1.3168046676e+01
extra,beta=1.3,F19,10,2,2.9733997731e+03
extra,beta=1.3,F20,10,2,3.7590654513e+01
extra,beta=1.3,F21,10,2,2.1831079894e+02
extra,beta=1.3,F22,10,2,1.0014879637e+02
extra,beta=1.5,F6,10,2,4.5016316487e-01
extra,beta=1.5,F7,10,2,1.6034592598e+01
extra,beta=1.5,F8,10,2,8.1563791621e+00
extra,beta=1.5,F9,10,2,1.4449370743e-01
extra,beta=1.3,F23,10,2,3.0644340252e+02
extra,beta=1.3,F24,10,2,3.3512129948e+02
extra,beta=1.3,F25,10,2,3.9967004385e+02
extra,beta=1.3,F26,10,2,3.0035201930e+02
extra,beta=1.5,F10,10,2,7.6199741237e+02
extra,beta=1.5,F11,10,2,3.8825854923e+00
extra,beta=1.5,F12,10,2,2.4952937297e+06
extra,beta=1.5,F13,10,2,6.1998010262e+03
extra,beta=1.5,F14,10,2,1.6780192962e+02
extra,beta=1.5,F15,10,2,3.7825408183e+02
extra,beta=1.5,F16,10,2,4.0299174465e+01
extra,beta=1.5,F17,10,2,3.8969862807e+01
extra,beta=1.3,F27,10,2,3.9067616571e+02
extra,beta=1.3,F28,10,2,3.6932519684e+02
extra,beta=1.3,F29,10,2,2.4033460802e+02
extra,beta=1.3,F30,10,2,2.3263142007e+06
extra,beta=1.5,F18,10,2,1.9103973395e+04
extra,beta=1.5,F19,10,2,1.3878415477e+03
extra,beta=1.5,F20,10,2,3.0658303915e+01
extra,beta=1.5,F21,10,2,1.0628545936e+02
extra,beta=1.5,F22,10,2,1.0145875729e+02
extra,beta=1.5,F23,10,2,3.0690558923e+02
extra,beta=1.5,F24,10,2,3.4218364967e+02
extra,beta=1.5,F25,10,2,4.4458311707e+02
extra,beta=1.9,F5,10,2,1.2048872288e+01
extra,beta=1.9,F6,10,2,8.3565203818e-01
extra,beta=1.9,F7,10,2,1.5390055697e+01
extra,beta=1.9,F8,10,2,1.2969218127e+01
extra,beta=1.5,F30,10,2,6.0115187280e+05
extra,beta=1.9,F1,10,2,1.1934967403e+04
extra,beta=1.9,F3,10,2,5.8439956603e+01
extra,beta=1.9,F4,10,2,5.5651907447e+00
extra,beta=1.9,F9,10,2,1.0792401375e-01
extra,beta=1.9,F10,10,2,7.9546681698e+02
extra,beta=1.9,F11,10,2,5.6931489305e+00
extra,beta=1.9,F12,10,2,7.4556018523e+05
extra,beta=1.9,F13,10,2,7.2777911525e+02
extra,beta=1.9,F14,10,2,9.5711815676e+02
extra,beta=1.9,F15,10,2,1.2030620155e+03
extra,beta=1.9,F16,10,2,2.2732594428e+00
extra,beta=1.5,F26,10,2,3.0023758814e+02
extra,beta=1.5,F27,10,2,3.9320542282e+02
extra,beta=1.5,F28,10,2,3.6444557878e+02
extra,beta=1.5,F29,10,2,2.8236515807e+02
extra,beta=1.9,F17,10,2,4.7843851122e+01
extra,beta=1.9,F18,10,2,2.4298607353e+04
extra,beta=1.9,F19,10,2,3.6672732054e+03
extra,beta=1.9,F20,10,2,4.5524544561e+01
extra,"stage=T/3,2T/3",F4,10,2,6.0073352601e+00
extra,"stage=T/3,2T/3",F5,10,2,1.0021684314e+01
extra,"stage=T/3,2T/3",F6,10,2,5.2433891974e-01
extra,"stage=T/3,2T/3",F7,10,2,2.4888633869e+01
extra,beta=1.9,F21,10,2,1.0479239143e+02
extra,beta=1.9,F22,10,2,1.0013137508e+02
extra,beta=1.9,F23,10,2,3.0937028076e+02
extra,beta=1.9,F24,10,2,3.3655730707e+02
extra,"stage=T/3,2T/3",F8,10,2,1.5189951177e+01
extra,"stage=T/3,2T/3",F9,10,2,8.4298119738e-03
extra,"stage=T/3,2T/3",F10,10,2,7.6329911761e+02
extra,"stage=T/3,2T/3",F11,10,2,3.8721422428e+00
extra,beta=1.9,F29,10,2,2.8931314367e+02
extra,beta=1.9,F30,10,2,8.2447588366e+05
extra,"stage=T/3,2T/3",F1,10,2,5.9589041853e+03
extra,"stage=T/3,2T/3",F3,10,2,1.3104872865e+02
extra,beta=1.9,F25,10,2,3.9964201448e+02
extra,beta=1.9,F26,10,2,3.0008024356e+02
extra,beta=1.9,F27,10,2,3.9077552327e+02
extra,beta=1.9,F28,10,2,4.6533353279e+02
extra,"stage=T/3,2T/3",F12,10,2,1.8572910997e+04
extra,"stage=T/3,2T/3",F13,10,2,6.4014536806e+03
extra,"stage=T/3,2T/3",F14,10,2,1.9966312952e+02
extra,"stage=T/3,2T/3",F15,10,2,4.9427163437e+03
extra,"stage=T/3,2T/3",F16,10,2,2.0389892614e+01
extra,"stage=T/3,2T/3",F17,10,2,4.4729087508e+01
extra,"stage=T/3,2T/3",F18,10,2,3.6580905707e+03
extra,"stage=T/3,2T/3",F19,10,2,1.9815804725e+02
extra,"stage=T/4,3T/4",F3,10,2,1.2199223772e+02
extra,"stage=T/4,3T/4",F4,10,2,3.3912308445e+00
extra,"stage=T/4,3T/4",F5,10,2,8.9600277814e+00
extra,"stage=T/4,3T/4",F6,10,2,1.4312037981e+00
extra,"stage=T/3,2T/3",F20,10,2,2.3482397459e+01
extra,"stage=T/3,2T/3",F21,10,2,2.0809276362e+02
extra,"stage=T/3,2T/3",F22,10,2,1.0233548966e+02
extra,"stage=T/3,2T/3",F23,10,2,3.1374701384e+02
extra,"stage=T/4,3T/4",F7,10,2,1.9235144037e+01
extra,"stage=T/4,3T/4",F8,10,2,5.9912962085e+00
extra,"stage=T/4,3T/4",F9,10,2,6.5093254011e-04
extra,"stage=T/4,3T/4",F10,10,2,5.0436634427e+02
extra,"stage=T/3,2T/3",F24,10,2,1.0069942188e+02
extra,"stage=T/3,2T/3",F25,10,2,3.9958564717e+02
extra,"stage=T/3,2T/3",F26,10,2,3.0007722978e+02
extra,"stage=T/3,2T/3",F27,10,2,3.8959455239e+02
extra,"stage=T/4,3T/4",F11,10,2,4.6997956761e+00
extra,"stage=T/4,3T/4",F12,10,2,3.1485590766e+06
extra,"stage=T/4,3T/4",F13,10,2,9.1894664785e+01
extra,"stage=T/4,3T/4",F14,10,2,2.6897860048e+02
extra,"stage=T/3,2T/3",F28,10,2,6.1182167029e+02
extra,"stage=T/3,2T/3",F29,10,2,2.5796421958e+02
extra,"stage=T/3,2T/3",F30,10,2,1.4876258315e+05
extra,"stage=T/4,3T/4",F1,10,2,2.3112418696e+03
extra,"stage=T/4,3T/4",F15,10,2,8.8379066167e+03
extra,"stage=T/4,3T/4",F16,10,2,4.0757367632e+00
extra,"stage=T/4,3T/4",F17,10,2,5.7205494217e+01
extra,"stage=T/4,3T/4",F18,10,2,9.9679201392e+03
extra,"stage=T/2,3T/4",F1,10,2,2.6565639564e+03
extra,"stage=T/2,3T/4",F3,10,2,2.2743740744e+02
extra,"stage=T/2,3T/4",F4,10,2,6.7679504207e+00
extra,"stage=T/2,3T/4",F5,10,2,1.0984424803e+01
extra,"stage=T/4,3T/4",F19,10,2,2.5505548987e+02
extra,"stage=T/4,3T/4",F20,10,2,2.8286152004e+01
extra,"stage=T/4,3T/4",F21,10,2,1.0486415582e+02
extra,"stage=T/4,3T/4",F22,10,2,1.0143538095e+02
extra,"stage=T/2,3T/4",F6,10,2,5.7107498132e-01
extra,"stage=T/2,3T/4",F7,10,2,1.7441350384e+01
extra,"stage=T/2,3T/4",F8,10,2,1.5139375450e+01
extra,"stage=T/2,3T/4",F9,10,2,1.8509691449e-02
extra,"stage=T/4,3T/4",F23,10,2,3.0623961848e+02
extra,"stage=T/4,3T/4",F24,10,2,1.0176180549e+02
extra,"stage=T/4,3T/4",F25,10,2,3.9800808820e+02
extra,"stage=T/4,3T/4",F26,10,2,3.0026107101e+02
extra,"stage=T/2,3T/4",F10,10,2,6.3338695524e+02
extra,"stage=T/2,3T/4",F11,10,2,8.3541473358e+00
extra,"stage=T/2,3T/4",F12,10,2,1.7582553852e+05
extra,"stage=T/2,3T/4",F13,10,2,2.4401195463e+04
extra,"stage=T/2,3T/4",F14,10,2,6.7531011055e+02
extra,"stage=T/2,3T/4",F15,10,2,5.2666305808e+03
extra,"stage=T/2,3T/4",F16,10,2,6.2080195526e+00
extra,"stage=T/2,3T/4",F17,10,2,4.4243802581e+01
extra,"stage=T/4,3T/4",F27,10,2,3.8930984094e+02
extra,"stage=T/4,3T/4",F28,10,2,3.6535475745e+02
extra,"stage=T/4,3T/4",F29,10,2,3.2639033161e+02
extra,"stage=T/4,3T/4",F30,10,2,3.8125914372e+05
extra,"stage=T/2,3T/4",F18,10,2,3.7219221271e+04
extra,"stage=T/2,3T/4",F19,10,2,3.8569154313e+02
extra,"stage=T/2,3T/4",F20,10,2,3.3621692024e+01
extra,"stage=T/2,3T/4",F21,10,2,2.2592860692e+02
extra,"stage=T/2,3T/4",F30,10,2,7.9389428946e+05
extra,"stage=T/5,4T/5",F1,10,2,5.4986242256e+02
extra,"stage=T/5,4T/5",F3,10,2,2.9073473381e+02
extra,"stage=T/5,4T/5",F4,10,2,4.5190687162e+00
extra,"stage=T/5,4T/5",F5,10,2,1.6933792211e+01
extra,"stage=T/5,4T/5",F6,10,2,1.2504935650e+00
extra,"stage=T/5,4T/5",F7,10,2,1.7404729955e+01
extra,"stage=T/5,4T/5",F8,10,2,1.1991652849e+01
extra,"stage=T/2,3T/4",F22,10,2,1.0080927611e+02
extra,"stage=T/2,3T/4",F23,10,2,3.1038910826e+02
extra,"stage=T/2,3T/4",F24,10,2,3.3845050835e+02
extra,"stage=T/2,3T/4",F25,10,2,4.0110350915e+02
extra,"stage=T/5,4T/5",F9,10,2,1.1266889032e-05
extra,"stage=T/5,4T/5",F10,10,2,4.2884216426e+02
extra,"stage=T/5,4T/5",F11,10,2,1.1596486033e+01
extra,"stage=T/5,4T/5",F12,10,2,9.1317635183e+05
extra,"stage=T/5,4T/5",F13,10,2,3.1501385815e+03
extra,"stage=T/5,4T/5",F14,10,2,1.8919479667e+02
extra,"stage=T/5,4T/5",F15,10,2,3.1229268384e+03
extra,"stage=T/5,4T/5",F16,10,2,1.8095241828e+00
extra,"stage=T/2,3T/4",F26,10,2,3.0016550647e+02
extra,"stage=T/2,3T/4",F27,10,2,3.8996382412e+02
extra,"stage=T/2,3T/4",F28,10,2,4.1761619654e+02
extra,"stage=T/2,3T/4",F29,10,2,2.9303460400e+02
extra,"stage=T/5,4T/5",F17,10,2,4.2517197970e+01
extra,"stage=T/5,4T/5",F18,10,2,3.4846049992e+03
extra,"stage=T/5,4T/5",F19,10,2,4.6704089967e+02
extra,"stage=T/5,4T/5",F20,10,2,3.0636040316e+01
extra,"k: nu=1/2,mu=10",F4,10,2,7.3905811510e+00
extra,"k: nu=1/2,mu=10",F5,10,2,9.9653245566e+00
extra,"k: nu=1/2,mu=10",F6,10,2,1.0611184656e+00
extra,"k: nu=1/2,mu=10",F7,10,2,2.0137009456e+01
extra,"stage=T/5,4T/5",F21,10,2,2.1176394413e+02
extra,"stage=T/5,4T/5",F22,10,2,1.0098931371e+02
extra,"stage=T/5,4T/5",F23,10,2,3.0680612721e+02
extra,"stage=T/5,4T/5",F24,10,2,3.5361726344e+02
extra,"k: nu=1/2,mu=10",F8,10,2,1.5190731560e+01
extra,"k: nu=1/2,mu=10",F9,10,2,2.4205617943e-02
extra,"k: nu=1/2,mu=10",F10,10,2,3.6037678264e+02
extra,"k: nu=1/2,mu=10",F11,10,2,1.3020898703e+01
extra,"stage=T/5,4T/5",F29,10,2,2.5353970802e+02
extra,"stage=T/5,4T/5",F30,10,2,7.7918097492e+05
extra,"k: nu=1/2,mu=10",F1,10,2,5.8728970700e+03
extra,"k: nu=1/2,mu=10",F3,10,2,1.7504883365e+02
extra,"k: nu=1/2,mu=10",F12,10,2,6.1532872205e+04
extra,"k: nu=1/2,mu=10",F13,10,2,1.4817250034e+03
extra,"k: nu=1/2,mu=10",F14,10,2,1.6389369728e+02
extra,"k: nu=1/2,mu=10",F15,10,2,1.4313910559e+03
extra,"stage=T/5,4T/5",F25,10,2,3.9969397397e+02
extra,"stage=T/5,4T/5",F26,10,2,3.0000231298e+02
extra,"stage=T/5,4T/5",F27,10,2,3.8953155736e+02
extra,"stage=T/5,4T/5",F28,10,2,3.6768534063e+02
extra,"k: nu=1/2,mu=10",F16,10,2,4.3623048720e+00
extra,"k: nu=1/2,mu=10",F17,10,2,5.0621950864e+01
extra,"k: nu=1/2,mu=10",F18,10,2,1.1616764931e+04
extra,"k: nu=1/2,mu=10",F19,10,2,3.9825096857e+02
extra,"k: nu=1/2,mu=10",F20,10,2,3.6378878271e+01
extra,"k: nu=1/2,mu=10",F21,10,2,1.0552788466e+02
extra,"k: nu=1/2,mu=10",F22,10,2,1.0181251965e+02
extra,"k: nu=1/2,mu=10",F23,10,2,3.1208698610e+02
extra,"k: nu=1,mu=10",F3,10,2,1.1074910590e+02
extra,"k: nu=1,mu=10",F4,10,2,5.5490854441e+00
extra,"k: nu=1,mu=10",F5,10,2,1.4816144210e+01
extra,"k: nu=1,mu=10",F6,10,2,2.5428247808e+00
extra,"k: nu=1,mu=10",F7,10,2,3.3288584239e+01
extra,"k: nu=1,mu=10",F8,10,2,1.3938067856e+01
extra,"k: nu=1,mu=10",F9,10,2,1.4732669609e-03
extra,"k: nu=1,mu=10",F10,10,2,4.7073030106e+02
extra,"k: nu=1/2,mu=10",F24,10,2,3.2859402582e+02
extra,"k: nu=1/2,mu=10",F25,10,2,3.9978996135e+02
extra,"k: nu=1/2,mu=10",F26,10,2,3.5541829608e+02
extra,"k: nu=1/2,mu=10",F27,10,2,3.9030756490e+02
extra,"k: nu=1/2,mu=10",F28,10,2,3.6178569092e+02
extra,"k: nu=1/2,mu=10",F29,10,2,2.4777055451e+02
extra,"k: nu=1/2,mu=10",F30,10,2,8.0897173956e+05
extra,"k: nu=1,mu=10",F1,10,2,9.4902599698e+04
extra,"k: nu=1,mu=10",F11,10,2,7.6984569171e+00
extra,"k: nu=1,mu=10",F12,10,2,6.7093534858e+06
extra,"k: nu=1,mu=10",F13,10,2,6.9563517283e+03
extra,"k: nu=1,mu=10",F14,10,2,2.0178160616e+02
extra,"k: nu=1,mu=10",F15,10,2,5.6582301011e+03
extra,"k: nu=1,mu=10",F16,10,2,6.8069052466e+00
extra,"k: nu=1,mu=10",F17,10,2,3.0058394820e+01
extra,"k: nu=1,mu=10",F18,10,2,6.6051327480e+03
extra,"k: nu=1/2,mu=5",F1,10,2,3.8074866189e+02
extra,"k: nu=1/2,mu=5",F3,10,2,1.1891000054e+03
extra,"k: nu=1/2,mu=5",F4,10,2,6.2261195597e+00
extra,"k: nu=1/2,mu=5",F5,10,2,1.3280243008e+01
extra,"k: nu=1,mu=10",F19,10,2,3.1459862250e+03
extra,"k: nu=1,mu=10",F20,10,2,2.5899213651e+01
extra,"k: nu=1,mu=10",F21,10,2,1.0555252221e+02
extra,"k: nu=1,mu=10",F22,10,2,1.0208010307e+02
extra,"k: nu=1/2,mu=5",F6,10,2,8.2594346286e-02
extra,"k: nu=1/2,mu=5",F7,10,2,1.8774497284e+01
extra,"k: nu=1/2,mu=5",F8,10,2,2.5890290190e+01
extra,"k: nu=1/2,mu=5",F9,10,2,9.1175775286e-01
extra,"k: nu=1,mu=10",F23,10,2,3.1954187205e+02
extra,"k: nu=1,mu=10",F24,10,2,3.4140908977e+02
extra,"k: nu=1,mu=10",F25,10,2,3.9958815479e+02
extra,"k: nu=1,mu=10",F26,10,2,3.0004801361e+02
extra,"k: nu=1/2,mu=5",F10,10,2,5.0567135635e+02
extra,"k: nu=1/2,mu=5",F11,10,2,8.6179928208e+00
extra,"k: nu=1/2,mu=5",F12,10,2,4.0434038404e+06
extra,"k: nu=1/2,mu=5",F13,10,2,2.5668938852e+03
extra,"k: nu=1/2,mu=5",F14,10,2,1.6093351519e+02
extra,"k: nu=1/2,mu=5",F15,10,2,5.3858000050e+03
extra,"k: nu=1/2,mu=5",F16,10,2,1.9785747585e+00
extra,"k: nu=1/2,mu=5",F17,10,2,5.1004644448e+01
extra,"k: nu=1,mu=10",F27,10,2,3.8955009849e+02
extra,"k: nu=1,mu=10",F28,10,2,3.6927454817e+02
extra,"k: nu=1,mu=10",F29,10,2,2.5333317133e+02
extra,"k: nu=1,mu=10",F30,10,2,4.8403654039e+05
extra,"k: nu=1/2,mu=5",F18,10,2,1.3470903381e+04
extra,"k: nu=1/2,mu=5",F19,10,2,3.2411660591e+03
extra,"k: nu=1/2,mu=5",F20,10,2,1.4646062552e+02
extra,"k: nu=1/2,mu=5",F21,10,2,1.0307813580e+02
extra,"k: nu=1/2,mu=20",F5,10,2,2.7339338470e+01
extra,"k: nu=1/2,mu=20",F6,10,2,6.6812207025e-02
extra,"k: nu=1/2,mu=20",F7,10,2,2.3910420220e+01
extra,"k: nu=1/2,mu=20",F8,10,2,1.0952689343e+01
extra,"k: nu=1/2,mu=5",F22,10,2,1.0078117830e+02
extra,"k: nu=1/2,mu=5",F23,10,2,3.2419315492e+02
extra,"k: nu=1/2,mu=5",F24,10,2,3.4627511765e+02
extra,"k: nu=1/2,mu=5",F25,10,2,3.9983316834e+02
extra,"k: nu=1/2,mu=5",F30,10,2,1.4148794004e+06
extra,"k: nu=1/2,mu=20",F1,10,2,1.9520381418e+04
extra,"k: nu=1/2,mu=20",F3,10,2,5.6822693442e+01
extra,"k: nu=1/2,mu=20",F4,10,2,7.3499198102e+00
extra,"k: nu=1/2,mu=20",F9,10,2,2.4321403272e-03
extra,"k: nu=1/2,mu=20",F10,10,2,7.1075857718e+02
extra,"k: nu=1/2,mu=20",F11,10,2,5.7257628340e+00
extra,"k: nu=1/2,mu=20",F12,10,2,7.5509666950e+05
extra,"k: nu=1/2,mu=20",F13,10,2,1.1470143378e+04
extra,"k: nu=1/2,mu=20",F14,10,2,2.7098049719e+02
extra,"k: nu=1/2,mu=20",F15,10,2,2.3585134341e+03
extra,"k: nu=1/2,mu=20",F16,10,2,1.2580696345e+02
extra,"k: nu=1/2,mu=5",F26,10,2,3.4715155457e+02
extra,"k: nu=1/2,mu=5",F27,10,2,3.9629981418e+02
extra,"k: nu=1/2,mu=5",F28,10,2,6.1182166709e+02
extra,"k: nu=1/2,mu=5",F29,10,2,2.5115679890e+02
extra,"k: nu=1/2,mu=20",F17,10,2,5.1560255962e+01
extra,"k: nu=1/2,mu=20",F18,10,2,7.6430970544e+03
extra,"k: nu=1/2,mu=20",F19,10,2,4.4769955709e+02
extra,"k: nu=1/2,mu=20",F20,10,2,4.5008842623e+01
extra,k=1 (plain OBL),F4,10,2,6.1421600107e+00
extra,k=1 (plain OBL),F5,10,2,3.1158114174e+00
extra,k=1 (plain OBL),F6,10,2,5.1796533696e-02
extra,k=1 (plain OBL),F7,10,2,2.1719407314e+01
extra,"k: nu=1/2,mu=20",F21,10,2,1.0635731510e+02
extra,"k: nu=1/2,mu=20",F22,10,2,1.0200392408e+02
extra,"k: nu=1/2,mu=20",F23,10,2,3.1274506023e+02
extra,"k: nu=1/2,mu=20",F24,10,2,1.0205307888e+02
extra,k=1 (plain OBL),F8,10,2,1.2935216687e+01
extra,k=1 (plain OBL),F9,10,2,5.4683583897e-01
extra,k=1 (plain OBL),F10,10,2,7.1268021232e+02
extra,k=1 (plain OBL),F11,10,2,1.2458769534e+01
extra,k=1 (plain OBL),F12,10,2,8.5212078575e+05
extra,k=1 (plain OBL),F13,10,2,2.4209632362e+03
extra,k=1 (plain OBL),F14,10,2,3.1839552373e+02
extra,k=1 (plain OBL),F15,10,2,3.1906681389e+03
extra,"k: nu=1/2,mu=20",F25,10,2,3.9979045924e+02
extra,"k: nu=1/2,mu=20",F26,10,2,3.0015404849e+02
extra,"k: nu=1/2,mu=20",F27,10,2,3.9450251579e+02
extra,"k: nu=1/2,mu=20",F28,10,2,3.7157438837e+02
extra,"k: nu=1/2,mu=20",F29,10,2,3.1753310207e+02
extra,"k: nu=1/2,mu=20",F30,10,2,9.6751747252e+05
extra,k=1 (plain OBL),F1,10,2,3.9501563584e+03
extra,k=1 (plain OBL),F3,10,2,2.0733093613e+01
extra,k=1 (plain OBL),F16,10,2,1.2319737774e+02
extra,k=1 (plain OBL),F17,10,2,4.0084440665e+01
extra,k=1 (plain OBL),F18,10,2,4.8201393592e+03
extra,k=1 (plain OBL),F19,10,2,2.9990682704e+02
extra,k=1 (plain OBL),F20,10,2,3.0039304186e+01
extra,k=1 (plain OBL),F21,10,2,1.0638954973e+02
extra,k=1 (plain OBL),F22,10,2,1.0414295461e+02
extra,k=1 (plain OBL),F23,10,2,3.2610086067e+02
extra,N=10,F3,10,3,8.6067307367e+00
extra,N=10,F4,10,3,4.2580597891e-01
extra,N=10,F5,10,3,3.0407132963e+01
extra,N=10,F6,10,3,6.8178426662e+00
extra,k=1 (plain OBL),F24,10,2,1.0428183262e+02
extra,k=1 (plain OBL),F25,10,2,3.9856601693e+02
extra,k=1 (plain OBL),F26,10,2,3.0033047893e+02
extra,k=1 (plain OBL),F27,10,2,3.9477787057e+02
extra,k=1 (plain OBL),F28,10,2,6.1182180643e+02
extra,k=1 (plain OBL),F29,10,2,2.7716851653e+02
extra,k=1 (plain OBL),F30,10,2,6.7879877320e+05
extra,N=10,F1,10,3,2.9210951489e+03
extra,N=10,F7,10,3,3.8820533072e+01
extra,N=10,F8,10,3,2.1893129474e+01
extra,N=10,F9,10,3,5.4652008575e-01
extra,N=10,F10,10,3,4.1589592602e+02
extra,N=10,F11,10,3,2.5866855603e+01
extra,N=10,F12,10,3,6.1210802003e+04
extra,N=10,F13,10,3,6.7039970477e+03
extra,N=10,F14,10,3,1.3901735996e+03
extra,N=10,F15,10,3,2.7405920083e+02
extra,N=10,F16,10,3,9.2492209152e+00
extra,N=10,F17,10,3,3.9517166756e+01
extra,N=10,F18,10,3,3.6960397293e+03
extra,N=20,F1,10,3,1.1892756550e+04
extra,N=20,F3,10,3,3.3930228499e+02
extra,N=20,F4,10,3,6.7602968625e+00
extra,N=20,F5,10,3,8.9597234858e+00
extra,N=10,F19,10,3,2.3801037921e+02
extra,N=10,F20,10,3,2.1003063782e+01
extra,N=10,F21,10,3,2.1855276905e+02
extra,N=10,F22,10,3,1.0887954487e+02
extra,N=20,F6,10,3,5.8416566940e-01
extra,N=20,F7,10,3,2.6153413259e+01
extra,N=20,F8,10,3,2.0936936963e+01
extra,N=20,F9,10,3,4.5449427433e-01
extra,N=20,F10,10,3,4.6513627707e+02
extra,N=20,F11,10,3,4.7603803670e+00
extra,N=20,F12,10,3,1.2020434209e+04
extra,N=20,F13,10,3,4.4282319025e+03
extra,N=20,F14,10,3,5.7853202344e+02
extra,N=20,F15,10,3,2.8322202334e+02
extra,N=20,F16,10,3,1.3786510893e+02
extra,N=20,F17,10,3,4.0215435693e+01
extra,N=10,F23,10,3,3.2437199823e+02
extra,N=10,F24,10,3,3.4499840939e+02
extra,N=10,F25,10,3,3.9966963682e+02
extra,N=10,F26,10,3,3.5815603477e+02
extra,N=20,F18,10,3,7.4279720253e+02
extra,N=20,F19,10,3,1.5090683557e+02
extra,N=20,F20,10,3,2.5065181125e+01
extra,N=20,F21,10,3,1.0991259236e+02
extra,N=20,F30,10,3,6.1605033477e+05
extra,N=50,F1,10,3,2.2610638778e+05
extra,N=50,F3,10,3,3.2761954665e+02
extra,N=50,F4,10,3,7.1539718672e+00
extra,N=50,F5,10,3,9.0229068355e+00
extra,N=50,F6,10,3,1.0363317813e-01
extra,N=50,F7,10,3,2.4883832082e+01
extra,N=50,F8,10,3,9.9658945373e+00
extra,N=20,F22,10,3,1.0098584711e+02
extra,N=20,F23,10,3,3.1882884193e+02
extra,N=20,F24,10,3,3.3974798877e+02
extra,N=20,F25,10,3,3.9961026822e+02
extra,N=50,F9,10,3,3.0879179786e-02
extra,N=50,F10,10,3,6.7454163734e+02
extra,N=50,F11,10,3,8.2974962775e+00
extra,N=50,F12,10,3,5.7462182560e+05
extra,N=50,F13,10,3,3.6807183454e+04
extra,N=50,F14,10,3,1.8094763065e+02
extra,N=50,F15,10,3,9.8762477953e+02
extra,N=50,F16,10,3,1.4933543995e+01
extra,N=20,F26,10,3,3.0017374736e+02
extra,N=20,F27,10,3,3.9812986757e+02
extra,N=20,F28,10,3,4.2003372372e+02
extra,N=20,F29,10,3,2.7160177177e+02
extra,N=50,F17,10,3,2.6789080385e+01
extra,N=50,F18,10,3,2.0641645656e+03
extra,N=50,F19,10,3,9.2642475926e+01
extra,N=50,F20,10,3,4.4373758604e+01
extra,N=10,F27,10,3,3.9846188493e+02
extra,N=10,F28,10,3,6.1182166691e+02
extra,N=10,F29,10,3,2.9429321786e+02
extra,N=10,F30,10,3,3.6591562506e+05
extra,N=100,F4,10,3,8.1878327371e+00
extra,N=100,F5,10,3,1.8605594121e+01
extra,N=100,F6,10,3,3.8215147623e+00
extra,N=100,F7,10,3,4.1928733767e+01
extra,N=50,F21,10,3,2.1631251582e+02
extra,N=50,F22,10,3,1.0109102337e+02
extra,N=50,F23,10,3,3.1262808845e+02
extra,N=50,F24,10,3,1.0349652441e+02
extra,N=100,F8,10,3,1.0627001014e+01
extra,N=100,F9,10,3,1.7357439845e-01
extra,N=100,F10,10,3,6.0942100289e+02
extra,N=100,F11,10,3,1.4454890795e+01
extra,N=100,F12,10,3,7.3008255272e+04
extra,N=100,F13,10,3,1.1466226911e+04
extra,N=100,F14,10,3,2.9866105193e+02
extra,N=100,F15,10,3,9.3173956329e+02
extra,N=50,F29,10,3,2.9327506443e+02
extra,N=50,F30,10,3,4.2355296276e+05
extra,N=100,F1,10,3,6.2113846662e+06
extra,N=100,F3,10,3,6.9255317784e+02
extra,N=100,F16,10,3,3.4784018239e+01
extra,N=100,F17,10,3,3.5959048764e+01
extra,N=100,F18,10,3,1.0315956541e+04
extra,N=100,F19,10,3,7.7912381170e+02
extra,N=50,F25,10,3,4.0436795668e+02
extra,N=50,F26,10,3,3.5541517848e+02
extra,N=50,F27,10,3,3.9698910064e+02
extra,N=50,F28,10,3,3.8229314422e+02
extra,N=100,F20,10,3,3.6948512748e+01
extra,N=100,F21,10,3,2.2193832650e+02
extra,N=100,F22,10,3,1.0406624179e+02
extra,N=100,F23,10,3,3.1631948007e+02
extra,beta=1.1,F3,10,3,4.5568754568e+02
extra,beta=1.1,F4,10,3,1.1756068632e+00
extra,beta=1.1,F5,10,3,2.1047904098e+01
extra,beta=1.1,F6,10,3,3.8125170526e+00
extra,N=100,F24,10,3,3.3628698838e+02
extra,N=100,F25,10,3,4.4386466981e+02
extra,N=100,F26,10,3,3.9842020326e+02
extra,N=100,F27,10,3,3.9280185043e+02
extra,N=100,F28,10,3,3.6544323686e+02
extra,N=100,F29,10,3,2.8311880859e+02
extra,N=100,F30,10,3,1.1169032861e+06
extra,beta=1.1,F1,10,3,4.1208299542e+03
extra,beta=1.1,F7,10,3,2.1430160652e+01
extra,beta=1.1,F8,10,3,1.5981306152e+01
extra,beta=1.1,F9,10,3,3.6317424297e-02
extra,beta=1.1,F10,10,3,8.9222229327e+02
extra,beta=1.1,F11,10,3,3.1371777593e+00
extra,beta=1.1,F12,10,3,2.5508127793e+04
extra,beta=1.1,F13,10,3,3.8713305056e+03
extra,beta=1.1,F14,10,3,4.1801042855e+02
extra,beta=1.1,F15,10,3,9.8957075933e+03
extra,beta=1.1,F16,10,3,4.3171647213e+01
extra,beta=1.1,F17,10,3,3.9345564055e+01
extra,beta=1.1,F18,10,3,1.4536522470e+04
extra,beta=1.3,F1,10,3,1.0925784924e+05
extra,beta=1.3,F3,10,3,2.5525761110e+01
extra,beta=1.3,F4,10,3,6.1415474241e+00
extra,beta=1.3,F5,10,3,7.9838697075e+00
extra,beta=1.1,F19,10,3,1.5127798908e+03
extra,beta=1.1,F20,10,3,3.7192558663e+01
extra,beta=1.1,F21,10,3,1.0307895876e+02
extra,beta=1.1,F22,10,3,1.0775857035e+02
extra,beta=1.3,F6,10,3,6.4305619671e-02
extra,beta=1.3,F7,10,3,2.8694630826e+01
extra,beta=1.3,F8,10,3,1.6917913255e+01
extra,beta=1.3,F9,10,3,1.2365661217e-02
extra,beta=1.1,F23,10,3,3.1474647580e+02
extra,beta=1.1,F24,10,3,1.0390392930e+02
extra,beta=1.1,F25,10,3,4.4595554836e+02
extra,beta=1.1,F26,10,3,3.0014571394e+02
extra,beta=1.3,F10,10,3,1.5168628863e+03
extra,beta=1.3,F11,10,3,7.8953851823e+00
extra,beta=1.3,F12,10,3,5.0242945381e+04
extra,beta=1.3,F13,10,3,1.1776530448e+04
extra,beta=1.3,F14,10,3,3.9776469076e+02
extra,beta=1.3,F15,10,3,9.0224697696e+02
extra,beta=1.3,F16,10,3,4.7498251147e+00
extra,beta=1.3,F17,10,3,4.0595010527e+01
extra,beta=1.3,F18,10,3,8.0092631653e+03
extra,beta=1.3,F19,10,3,7.0522779359e+01
extra,beta=1.3,F20,10,3,2.8548126026e+01
extra,beta=1.3,F21,10,3,1.0413767805e+02
extra,beta=1.1,F27,10,3,3.9405227297e+02
extra,beta=1.1,F28,10,3,3.6906939319e+02
extra,beta=1.1,F29,10,3,2.8542742232e+02
extra,beta=1.1,F30,10,3,4.8772383207e+03
extra,beta=1.5,F5,10,3,1.6505738129e+01
extra,beta=1.5,F6,10,3,8.8225849696e-01
extra,beta=1.5,F7,10,3,2.7872582215e+01
extra,beta=1.5,F8,10,3,1.8045466574e+01
extra,beta=1.3,F22,10,3,1.0076548785e+02
extra,beta=1.3,F23,10,3,3.0776341036e+02
extra,beta=1.3,F24,10,3,3.3870314571e+02
extra,beta=1.3,F25,10,3,4.4377957490e+02
extra,beta=1.3,F30,10,3,3.6818073809e+04
extra,beta=1.5,F1,10,3,4.5858161892e+03
extra,beta=1.5,F3,10,3,2.8440135343e+02
extra,beta=1.5,F4,10,3,6.6162143681e+00
extra,beta=1.5,F9,10,3,1.0068910403e-01
extra,beta=1.5,F10,10,3,3.9858877846e+02
extra,beta=1.5,F11,10,3,5.7893628757e+00
extra,beta=1.5,F12,10,3,5.6981907945e+05
extra,beta=1.5,F13,10,3,1.3885981328e+04
extra,beta=1.5,F14,10,3,1.7360613518e+02
extra,beta=1.5,F15,10,3,2.0748279876e+03
extra,beta=1.5,F16,10,3,1.2534065050e+02
extra,beta=1.3,F26,10,3,3.0033597780e+02
extra,beta=1.3,F27,10,3,3.9233403617e+02
extra,beta=1.3,F28,10,3,6.1182173984e+02
extra,beta=1.3,F29,10,3,3.6367698368e+02
extra,beta=1.5,F17,10,3,3.1669742585e+01
extra,beta=1.5,F18,10,3,6.1154745110e+03
extra,beta=1.5,F19,10,3,3.0452510898e+02
extra,beta=1.5,F20,10,3,2.8461246107e+01
extra,beta=1.5,F21,10,3,2.1228647624e+02
extra,beta=1.5,F22,10,3,1.0097421062e+02
extra,beta=1.5,F23,10,3,3.1295540292e+02
extra,beta=1.5,F24,10,3,3.4354628143e+02
extra,beta=1.9,F4,10,3,4.2903131045e+00
extra,beta=1.9,F5,10,3,1.9329438095e+01
extra,beta=1.9,F6,10,3,4.1774533024e-01
extra,beta=1.9,F7,10,3,2.8667585069e+01
extra,beta=1.9,F8,10,3,1.2023049591e+01
extra,beta=1.9,F9,10,3,2.2805107635e-03
extra,beta=1.9,F10,10,3,5.9442276754e+02
extra,beta=1.9,F11,10,3,2.1658090957e+01
extra,beta=1.9,F12,10,3,4.9065661266e+05
extra,beta=1.9,F13,10,3,6.6141261956e+02
extra,beta=1.9,F14,10,3,4.4343443757e+02
extra,beta=1.9,F15,10,3,6.0360799753e+03
extra,beta=1.5,F29,10,3,2.6541735740e+02
extra,beta=1.5,F30,10,3,2.8982064289e+04
extra,beta=1.9,F1,10,3,9.8282063924e+02
extra,beta=1.9,F3,10,3,2.9390434391e+02
extra,beta=1.5,F25,10,3,4.4612692788e+02
extra,beta=1.5,F26,10,3,3.0009825459e+02
extra,beta=1.5,F27,10,3,3.9600304048e+02
extra,beta=1.5,F28,10,3,3.9358458310e+02
extra,beta=1.9,F16,10,3,4.7296466012e+01
extra,beta=1.9,F17,10,3,3.2295209238e+01
extra,beta=1.9,F18,10,3,6.8059604425e+03
extra,beta=1.9,F19,10,3,8.4083777336e+02
extra,"stage=T/3,2T/3",F3,10,3,8.1329788932e+01
extra,"stage=T/3,2T/3",F4,10,3,5.4873372013e+00
extra,"stage=T/3,2T/3",F5,10,3,8.9847469782e+00
extra,"stage=T/3,2T/3",F6,10,3,1.0645943530e-01
extra,beta=1.9,F20,10,3,3.3654949490e+01
extra,beta=1.9,F21,10,3,2.0898957131e+02
extra,beta=1.9,F22,10,3,1.0062892788e+02
extra,beta=1.9,F23,10,3,3.1141720621e+02
extra,"stage=T/3,2T/3",F7,10,3,1.7180290354e+01
extra,"stage=T/3,2T/3",F8,10,3,1.0008012723e+01
extra,"stage=T/3,2T/3",F9,10,3,4.5964118588e-01
extra,"stage=T/3,2T/3",F10,10,3,9.5904189303e+02
extra,beta=1.9,F24,10,3,3.4702734752e+02
extra,beta=1.9,F25,10,3,3.9816921991e+02
extra,beta=1.9,F26,10,3,3.0095542258e+02
extra,beta=1.9,F27,10,3,3.9072312376e+02
extra,"stage=T/3,2T/3",F11,10,3,1.2635278771e+01
extra,"stage=T/3,2T/3",F12,10,3,2.4215324393e+06
extra,"stage=T/3,2T/3",F13,10,3,7.7613940235e+03
extra,"stage=T/3,2T/3",F14,10,3,3.1558618740e+02
extra,beta=1.9,F28,10,3,6.1182166650e+02
extra,beta=1.9,F29,10,3,3.1734484119e+02
extra,beta=1.9,F30,10,3,7.6061424915e+05
extra,"stage=T/3,2T/3",F1,10,3,4.2523367146e+04
extra,"stage=T/3,2T/3",F15,10,3,7.8057612161e+02
extra,"stage=T/3,2T/3",F16,10,3,1.3282369990e+01
extra,"stage=T/3,2T/3",F17,10,3,4.8617484792e+01
extra,"stage=T/3,2T/3",F18,10,3,1.8840588366e+04
extra,"stage=T/4,3T/4",F1,10,3,1.5528640101e+02
extra,"stage=T/4,3T/4",F3,10,3,1.9512777386e+02
extra,"stage=T/4,3T/4",F4,10,3,6.4872721811e+00
extra,"stage=T/4,3T/4",F5,10,3,2.0009726539e+01
extra,"stage=T/3,2T/3",F19,10,3,2.1610777214e+03
extra,"stage=T/3,2T/3",F20,10,3,2.9867235377e+01
extra,"stage=T/3,2T/3",F21,10,3,1.0250914743e+02
extra,"stage=T/3,2T/3",F22,10,3,1.0573305627e+02
extra,"stage=T/4,3T/4",F6,10,3,9.3553676933e-01
extra,"stage=T/4,3T/4",F7,10,3,2.5225599081e+01
extra,"stage=T/4,3T/4",F8,10,3,1.8905252418e+01
extra,"stage=T/4,3T/4",F9,10,3,2.3986682065e-03
extra,"stage=T/4,3T/4",F10,10,3,2.9586055756e+01
extra,"stage=T/4,3T/4",F11,10,3,7.7249186347e+00
extra,"stage=T/4,3T/4",F12,10,3,1.5198638843e+05
extra,"stage=T/4,3T/4",F13,10,3,9.4280069349e+02
extra,"stage=T/3,2T/3",F23,10,3,3.1277677159e+02
extra,"stage=T/3,2T/3",F24,10,3,3.4908768368e+02
extra,"stage=T/3,2T/3",F25,10,3,4.4505156036e+02
extra,"stage=T/3,2T/3",F26,10,3,3.0005814342e+02
extra,"stage=T/4,3T/4",F14,10,3,4.0868384063e+02
extra,"stage=T/4,3T/4",F15,10,3,3.4342684915e+03
extra,"stage=T/4,3T/4",F16,10,3,1.2946802735e+01
extra,"stage=T/4,3T/4",F17,10,3,4.1325310074e+01
extra,"stage=T/3,2T/3",F27,10,3,3.8925826129e+02
extra,"stage=T/3,2T/3",F28,10,3,4.2592026189e+02
extra,"stage=T/3,2T/3",F29,10,3,3.1331531119e+02
extra,"stage=T/3,2T/3",F30,10,3,5.8872087352e+05
extra,"stage=T/4,3T/4",F18,10,3,3.0469641700e+03
extra,"stage=T/4,3T/4",F19,10,3,1.0383432064e+03
extra,"stage=T/4,3T/4",F20,10,3,2.3807273112e+01
extra,"stage=T/4,3T/4",F21,10,3,2.1354224119e+02
extra,"stage=T/2,3T/4",F5,10,3,6.9696832600e+00
extra,"stage=T/2,3T/4",F6,10,3,3.3446478773e+00
extra,"stage=T/2,3T/4",F7,10,3,2.2362019142e+01
extra,"stage=T/2,3T/4",F8,10,3,7.9611609178e+00
extra,"stage=T/4,3T/4",F22,10,3,1.0041288662e+02
extra,"stage=T/4,3T/4",F23,10,3,3.0917598587e+02
extra,"stage=T/4,3T/4",F24,10,3,3.5037413246e+02
extra,"stage=T/4,3T/4",F25,10,3,3.9977772091e+02
extra,"stage=T/4,3T/4",F30,10,3,1.9102345939e+06
extra,"stage=T/2,3T/4",F1,10,3,3.3274188581e+04
extra,"stage=T/2,3T/4",F3,10,3,2.2839789929e+02
extra,"stage=T/2,3T/4",F4,10,3,6.3926844248e+00
extra,"stage=T/2,3T/4",F9,10,3,3.6075198175e-02
extra,"stage=T/2,3T/4",F10,10,3,1.0044769168e+03
extra,"stage=T/2,3T/4",F11,10,3,1.0324956442e+01
extra,"stage=T/2,3T/4",F12,10,3,1.4062638912e+06
extra,"stage=T/4,3T/4",F26,10,3,3.4714892285e+02
extra,"stage=T/4,3T/4",F27,10,3,3.8973844915e+02
extra,"stage=T/4,3T/4",F28,10,3,3.7758779381e+02
extra,"stage=T/4,3T/4",F29,10,3,2.5321055703e+02
extra,"stage=T/2,3T/4",F13,10,3,3.6393920655e+03
extra,"stage=T/2,3T/4",F14,10,3,1.5645635164e+02
extra,"stage=T/2,3T/4",F15,10,3,9.4925667676e+02
extra,"stage=T/2,3T/4",F16,10,3,2.4463290701e+01
extra,"stage=T/2,3T/4",F17,10,3,4.0407946207e+01
extra,"stage=T/2,3T/4",F18,10,3,1.5981888612e+04
extra,"stage=T/2,3T/4",F19,10,3,4.7881794002e+03
extra,"stage=T/2,3T/4",F20,10,3,3.0027844654e+01
extra,"stage=T/5,4T/5",F4,10,3,5.9109789564e+00
extra,"stage=T/5,4T/5",F5,10,3,7.0351347936e+00
extra,"stage=T/5,4T/5",F6,10,3,2.3098520272e-01
extra,"stage=T/5,4T/5",F7,10,3,2.2164019471e+01
extra,"stage=T/2,3T/4",F21,10,3,2.2215447230e+02
extra,"stage=T/2,3T/4",F22,10,3,1.0037326230e+02
extra,"stage=T/2,3T/4",F23,10,3,3.0971591263e+02
extra,"stage=T/2,3T/4",F24,10,3,1.0205885487e+02
extra,"stage=T/5,4T/5",F8,10,3,3.9805043993e+00
extra,"stage=T/5,4T/5",F9,10,3,1.0033908234e-04
extra,"stage=T/5,4T/5",F10,10,3,4.8636684508e+02
extra,"stage=T/5,4T/5",F11,10,3,5.6883911827e+00
extra,"stage=T/2,3T/4",F29,10,3,2.4593221713e+02
extra,"stage=T/2,3T/4",F30,10,3,2.0332208540e+06
extra,"stage=T/5,4T/5",F1,10,3,2.4764514564e+03
extra,"stage=T/5,4T/5",F3,10,3,3.5239967398e+02
extra,"stage=T/2,3T/4",F25,10,3,3.9958924192e+02
extra,"stage=T/2,3T/4",F26,10,3,3.0049462338e+02
extra,"stage=T/2,3T/4",F27,10,3,3.9246369979e+02
extra,"stage=T/2,3T/4",F28,10,3,6.1182166969e+02
extra,"stage=T/5,4T/5",F12,10,3,5.1464559425e+04
extra,"stage=T/5,4T/5",F13,10,3,6.1986603589e+03
extra,"stage=T/5,4T/5",F14,10,3,1.7522398157e+02
extra,"stage=T/5,4T/5",F15,10,3,4.3969103217e+03
extra,"stage=T/5,4T/5",F16,10,3,4.9485764796e+00
extra,"stage=T/5,4T/5",F17,10,3,4.6294088726e+01
extra,"stage=T/5,4T/5",F18,10,3,3.7222297612e+03
extra,"stage=T/5,4T/5",F19,10,3,7.6107649372e+02
extra,"k: nu=1/2,mu=10",F3,10,3,4.4314576278e+01
extra,"k: nu=1/2,mu=10",F4,10,3,7.4225466706e+00
extra,"k: nu=1/2,mu=10",F5,10,3,8.9599554118e+00
extra,"k: nu=1/2,mu=10",F6,10,3,1.2893043375e-01
extra,"stage=T/5,4T/5",F20,10,3,2.9516142578e+01
extra,"stage=T/5,4T/5",F21,10,3,1.0467893353e+02
extra,"stage=T/5,4T/5",F22,10,3,1.0095947011e+02
extra,"stage=T/5,4T/5",F23,10,3,3.0924416498e+02
extra,"stage=T/5,4T/5",F24,10,3,1.0234935089e+02
extra,"stage=T/5,4T/5",F25,10,3,4.4457705046e+02
extra,"stage=T/5,4T/5",F26,10,3,3.0020680223e+02
extra,"stage=T/5,4T/5",F27,10,3,3.9598479900e+02
extra,"k: nu=1/2,mu=10",F7,10,3,2.4080662059e+01
extra,"k: nu=1/2,mu=10",F8,10,3,2.2026889056e+01
extra,"k: nu=1/2,mu=10",F9,10,3,6.9133482349e-03
extra,"k: nu=1/2,mu=10",F10,10,3,9.7618480670e+02
extra,"k: nu=1/2,mu=10",F11,10,3,1.3356315557e+01
extra,"k: nu=1/2,mu=10",F12,10,3,1.3757756507e+04
extra,"k: nu=1/2,mu=10",F13,10,3,7.6623830969e+03
extra,"k: nu=1/2,mu=10",F14,10,3,3.5772573976e+02
extra,"stage=T/5,4T/5",F28,10,3,3.8165174351e+02
extra,"stage=T/5,4T/5",F29,10,3,2.5414121217e+02
extra,"stage=T/5,4T/5",F30,10,3,2.9994389637e+04
extra,"k: nu=1/2,mu=10",F1,10,3,3.6449060755e+03
extra,"k: nu=1/2,mu=10",F15,10,3,7.4886720346e+02
extra,"k: nu=1/2,mu=10",F16,10,3,1.5279877471e+01
extra,"k: nu=1/2,mu=10",F17,10,3,3.4072554159e+01
extra,"k: nu=1/2,mu=10",F18,10,3,5.0327224735e+03
extra,"k: nu=1,mu=10",F1,10,3,1.1042952075e+03
extra,"k: nu=1,mu=10",F3,10,3,7.5347351550e+01
extra,"k: nu=1,mu=10",F4,10,3,7.0084274613e+00
extra,"k: nu=1,mu=10",F5,10,3,1.7921017595e+01
extra,"k: nu=1/2,mu=10",F19,10,3,7.5333463304e+03
extra,"k: nu=1/2,mu=10",F20,10,3,2.5183480306e+01
extra,"k: nu=1/2,mu=10",F21,10,3,2.2113448381e+02
extra,"k: nu=1/2,mu=10",F22,10,3,1.0053331905e+02
extra,"k: nu=1,mu=10",F6,10,3,1.3199101105e-01
extra,"k: nu=1,mu=10",F7,10,3,1.7173736547e+01
extra,"k: nu=1,mu=10",F8,10,3,8.2139638650e+00
extra,"k: nu=1,mu=10",F9,10,3,1.4658353811e-02
extra,"k: nu=1,mu=10",F10,10,3,7.8077858370e+02
extra,"k: nu=1,mu=10",F11,10,3,6.2902426067e+00
extra,"k: nu=1,mu=10",F12,10,3,1.2859539336e+06
extra,"k: nu=1,mu=10",F13,10,3,1.2048015439e+03
extra,"k: nu=1/2,mu=10",F23,10,3,3.1950364440e+02
extra,"k: nu=1/2,mu=10",F24,10,3,1.0237665406e+02
extra,"k: nu=1/2,mu=10",F25,10,3,3.9869041723e+02
extra,"k: nu=1/2,mu=10",F26,10,3,3.0032258185e+02
extra,"k: nu=1,mu=10",F14,10,3,2.2989160691e+02
extra,"k: nu=1,mu=10",F15,10,3,1.0886754447e+03
extra,"k: nu=1,mu=10",F16,10,3,5.1810297323e+00
extra,"k: nu=1,mu=10",F17,10,3,4.3073691179e+01
extra,"k: nu=1/2,mu=10",F27,10,3,3.9313848597e+02
extra,"k: nu=1/2,mu=10",F28,10,3,3.6964513595e+02
extra,"k: nu=1/2,mu=10",F29,10,3,2.5962935620e+02
extra,"k: nu=1/2,mu=10",F30,10,3,6.0294922156e+05
extra,"k: nu=1,mu=10",F18,10,3,4.7579687189e+03
extra,"k: nu=1,mu=10",F19,10,3,2.5582550390e+03
extra,"k: nu=1,mu=10",F20,10,3,3.1982560039e+01
extra,"k: nu=1,mu=10",F21,10,3,2.0853275233e+02
extra,"k: nu=1,mu=10",F30,10,3,8.3290638469e+05
extra,"k: nu=1/2,mu=5",F1,10,3,1.2017772340e+04
extra,"k: nu=1/2,mu=5",F3,10,3,3.5995480130e+02
extra,"k: nu=1/2,mu=5",F4,10,3,6.5635419789e+00
extra,"k: nu=1/2,mu=5",F5,10,3,2.8739494197e+01
extra,"k: nu=1/2,mu=5",F6,10,3,8.3308814037e-01
extra,"k: nu=1/2,mu=5",F7,10,3,1.8849838235e+01
extra,"k: nu=1/2,mu=5",F8,10,3,1.1941130892e+01
extra,"k: nu=1,mu=10",F22,10,3,1.0044712629e+02
extra,"k: nu=1,mu=10",F23,10,3,3.2149354157e+02
extra,"k: nu=1,mu=10",F24,10,3,3.4717248524e+02
extra,"k: nu=1,mu=10",F25,10,3,4.4482471864e+02
extra,"k: nu=1/2,mu=5",F9,10,3,1.1811964720e-01
extra,"k: nu=1/2,mu=5",F10,10,3,5.3941006630e+02
extra,"k: nu=1/2,mu=5",F11,10,3,1.3198364290e+01
extra,"k: nu=1/2,mu=5",F12,10,3,7.8349474329e+05
extra,"k: nu=1/2,mu=5",F13,10,3,1.1393969065e+03
extra,"k: nu=1/2,mu=5",F14,10,3,9.2496316742e+01
extra,"k: nu=1/2,mu=5",F15,10,3,3.7510102604e+03
extra,"k: nu=1/2,mu=5",F16,10,3,4.1324236653e+01
extra,"k: nu=1/2,mu=5",F17,10,3,2.7141966195e+01
extra,"k: nu=1/2,mu=5",F18,10,3,3.2296372273e+04
extra,"k: nu=1/2,mu=5",F19,10,3,7.8637520656e+02
extra,"k: nu=1/2,mu=5",F20,10,3,2.3809582691e+01
extra,"k: nu=1,mu=10",F26,10,3,3.0014244796e+02
extra,"k: nu=1,mu=10",F27,10,3,3.9504274373e+02
extra,"k: nu=1,mu=10",F28,10,3,3.7784493629e+02
extra,"k: nu=1,mu=10",F29,10,3,2.8854814528e+02
extra,"k: nu=1/2,mu=20",F4,10,3,6.6879801233e+00
extra,"k: nu=1/2,mu=20",F5,10,3,1.2296959759e+01
extra,"k: nu=1/2,mu=20",F6,10,3,7.0929576168e-01
extra,"k: nu=1/2,mu=20",F7,10,3,2.5824032811e+01
extra,"k: nu=1/2,mu=5",F21,10,3,2.1437448732e+02
extra,"k: nu=1/2,mu=5",F22,10,3,1.0003255892e+02
extra,"k: nu=1/2,mu=5",F23,10,3,3.1213802037e+02
extra,"k: nu=1/2,mu=5",F24,10,3,3.4368016180e+02
extra,"k: nu=1/2,mu=20",F8,10,3,9.9654678149e+00
extra,"k: nu=1/2,mu=20",F9,10,3,9.9477231195e-02
extra,"k: nu=1/2,mu=20",F10,10,3,1.1655323864e+03
extra,"k: nu=1/2,mu=20",F11,10,3,5.4558467317e+00
extra,"k: nu=1/2,mu=20",F12,10,3,1.2897591800e+06
extra,"k: nu=1/2,mu=20",F13,10,3,2.6653227532e+03
extra,"k: nu=1/2,mu=20",F14,10,3,3.9485717414e+02
extra,"k: nu=1/2,mu=20",F15,10,3,2.2069555787e+03
extra,"k: nu=1/2,mu=5",F29,10,3,2.5140154231e+02
extra,"k: nu=1/2,mu=5",F30,10,3,7.6000261575e+05
extra,"k: nu=1/2,mu=20",F1,10,3,2.0966889344e+03
extra,"k: nu=1/2,mu=20",F3,10,3,1.6204995319e+02
extra,"k: nu=1/2,mu=5",F25,10,3,4.4497604097e+02
extra,"k: nu=1/2,mu=5",F26,10,3,3.0010611742e+02
extra,"k: nu=1/2,mu=5",F27,10,3,3.9135529362e+02
extra,"k: nu=1/2,mu=5",F28,10,3,3.4114905515e+02
extra,"k: nu=1/2,mu=20",F16,10,3,3.9906452856e+01
extra,"k: nu=1/2,mu=20",F17,10,3,4.1392648941e+01
extra,"k: nu=1/2,mu=20",F18,10,3,1.1959348792e+04
extra,"k: nu=1/2,mu=20",F19,10,3,2.2144024480e+03
extra,k=1 (plain OBL),F3,10,3,4.0549208109e+02
extra,k=1 (plain OBL),F4,10,3,6.5045780408e+00
extra,k=1 (plain OBL),F5,10,3,1.0985674549e+01
extra,k=1 (plain OBL),F6,10,3,4.5214508129e-01
extra,"k: nu=1/2,mu=20",F20,10,3,4.7671714244e+01
extra,"k: nu=1/2,mu=20",F21,10,3,1.0353429036e+02
extra,"k: nu=1/2,mu=20",F22,10,3,2.0625620746e+01
extra,"k: nu=1/2,mu=20",F23,10,3,3.1408614471e+02
extra,k=1 (plain OBL),F7,10,3,2.4209120429e+01
extra,k=1 (plain OBL),F8,10,3,2.4889908604e+01
extra,k=1 (plain OBL),F9,10,3,6.8455955526e-01
extra,k=1 (plain OBL),F10,10,3,9.0541022139e+02
extra,"k: nu=1/2,mu=20",F24,10,3,1.0535837973e+02
extra,"k: nu=1/2,mu=20",F25,10,3,4.4782029824e+02
extra,"k: nu=1/2,mu=20",F26,10,3,3.0054621235e+02
extra,"k: nu=1/2,mu=20",F27,10,3,3.9004222680e+02
extra,k=1 (plain OBL),F11,10,3,5.4412292189e+00
extra,k=1 (plain OBL),F12,10,3,4.2184942473e+05
extra,k=1 (plain OBL),F13,10,3,2.2294278314e+04
extra,k=1 (plain OBL),F14,10,3,1.5688959130e+02
extra,"k: nu=1/2,mu=20",F28,10,3,4.1349726382e+02
extra,"k: nu=1/2,mu=20",F29,10,3,2.4742335936e+02
extra,"k: nu=1/2,mu=20",F30,10,3,1.3933371118e+05
extra,k=1 (plain OBL),F1,10,3,7.4150972744e+03
extra,k=1 (plain OBL),F15,10,3,5.1345695374e+03
extra,k=1 (plain OBL),F16,10,3,1.3415888142e+02
extra,k=1 (plain OBL),F17,10,3,3.9494163674e+01
extra,k=1 (plain OBL),F18,10,3,6.8958984235e+03
extra,k=1 (plain OBL),F19,10,3,8.7110067969e+02
extra,k=1 (plain OBL),F20,10,3,3.2089301754e+01
extra,k=1 (plain OBL),F21,10,3,1.0328763889e+02
extra,k=1 (plain OBL),F22,10,3,1.0077399006e+02
extra,N=10,F1,10,4,2.8512748454e+03
extra,N=10,F3,10,4,5.7368567015e+01
extra,N=10,F4,10,4,7.6845452537e+00
extra,N=10,F5,10,4,1.2934624419e+01
extra,k=1 (plain OBL),F23,10,3,3.1141843347e+02
extra,k=1 (plain OBL),F24,10,3,3.3925926531e+02
extra,k=1 (plain OBL),F25,10,3,3.9972279382e+02
extra,k=1 (plain OBL),F26,10,3,3.0048767453e+02
extra,N=10,F6,10,4,7.8890897915e+00
extra,N=10,F7,10,4,4.1287772463e+01
extra,N=10,F8,10,4,1.2943197072e+01
extra,N=10,F9,10,4,9.1668572363e-01
extra,k=1 (plain OBL),F27,10,3,3.8953406488e+02
extra,k=1 (plain OBL),F28,10,3,3.6850718692e+02
extra,k=1 (plain OBL),F29,10,3,2.7493886193e+02
extra,k=1 (plain OBL),F30,10,3,1.2264615611e+05
extra,N=10,F10,10,4,3.7242983305e+02
extra,N=10,F11,10,4,1.8489666215e+01
extra,N=10,F12,10,4,1.3832349971e+05
extra,N=10,F13,10,4,2.0247666384e+03
extra,N=10,F14,10,4,1.8055686080e+02
extra,N=10,F15,10,4,3.9880765267e+03
extra,N=10,F16,10,4,2.5740156781e+02
extra,N=10,F17,10,4,3.9901791598e+01
extra,N=10,F18,10,4,4.3158156033e+03
extra,N=10,F19,10,4,4.5229833917e+02
extra,N=10,F20,10,4,2.6264895700e+01
extra,N=10,F21,10,4,2.1151486982e+02
extra,N=10,F30,10,4,3.5327489300e+03
extra,N=20,F1,10,4,2.0402645220e+03
extra,N=20,F3,10,4,1.7205576871e+02
extra,N=20,F4,10,4,4.5952292548e+00
extra,N=20,F5,10,4,1.1970169754e+01
extra,N=20,F6,10,4,1.9298537806e+00
extra,N=20,F7,10,4,3.5726482012e+01
extra,N=20,F8,10,4,2.2888042699e+01
extra,N=20,F9,10,4,1.0633723233e+00
extra,N=20,F10,10,4,2.4029294243e+02
extra,N=20,F11,10,4,9.9249428253e+00
extra,N=20,F12,10,4,2.0654771693e+05
extra,N=10,F22,10,4,1.0147033670e+02
extra,N=10,F23,10,4,3.1481603868e+02
extra,N=10,F24,10,4,3.3246637271e+02
extra,N=10,F25,10,4,3.9825394009e+02
extra,N=20,F13,10,4,5.0902725015e+03
extra,N=20,F14,10,4,1.7956289101e+02
extra,N=20,F15,10,4,2.2336619900e+03
extra,N=20,F16,10,4,4.4414276593e+00
extra,N=20,F17,10,4,4.0364265655e+01
extra,N=20,F18,10,4,3.4792382462e+03
extra,N=20,F19,10,4,8.7928407121e+02
extra,N=20,F20,10,4,2.6471604518e+01
extra,N=10,F26,10,4,3.0004755402e+02
extra,N=10,F27,10,4,3.9317069321e+02
extra,N=10,F28,10,4,3.6991473252e+02
extra,N=10,F29,10,4,2.5496878934e+02
extra,N=50,F4,10,4,6.6799817070e+00
extra,N=50,F5,10,4,1.3614261657e+01
extra,N=50,F6,10,4,1.5041111703e+00
extra,N=50,F7,10,4,2.5475976065e+01
extra,N=20,F21,10,4,1.0405920580e+02
extra,N=20,F22,10,4,1.0154445994e+02
extra,N=20,F23,10,4,3.1922450610e+02
extra,N=20,F24,10,4,3.5547272168e+02
extra,N=50,F8,10,4,2.5582681307e+01
extra,N=50,F9,10,4,2.0259613813e-01
extra,N=50,F10,10,4,2.8463209547e+02
extra,N=50,F11,10,4,1.1678541539e+01
extra,N=50,F12,10,4,1.7538558569e+06
extra,N=50,F13,10,4,9.7990621225e+03
extra,N=50,F14,10,4,3.2807338356e+02
extra,N=50,F15,10,4,4.8110988882e+02
extra,N=20,F25,10,4,3.9971510134e+02
extra,N=20,F26,10,4,3.0002918055e+02
extra,N=20,F27,10,4,3.8953056772e+02
extra,N=20,F28,10,4,4.1578828201e+02
extra,N=50,F16,10,4,4.5768926311e+00
extra,N=50,F17,10,4,3.4511549620e+01
extra,N=50,F18,10,4,1.3778007230e+04
extra,N=50,F19,10,4,4.4412626566e+02
extra,N=20,F29,10,4,2.6877986534e+02
extra,N=20,F30,10,4,1.9052584976e+05
extra,N=50,F1,10,4,1.5223720639e+05
extra,N=50,F3,10,4,3.8490200457e+02
extra,N=100,F3,10,4,1.1177622137e+02
extra,N=100,F4,10,4,8.0633989106e+00
extra,N=100,F5,10,4,6.0994169330e+00
extra,N=100,F6,10,4,3.8669518858e+00
extra,N=50,F20,10,4,3.5923024733e+01
extra,N=50,F21,10,4,2.1344300162e+02
extra,N=50,F22,10,4,1.0750180235e+02
extra,N=50,F23,10,4,3.1997807842e+02
extra,N=100,F7,10,4,3.0843498498e+01
extra,N=100,F8,10,4,1.7991266713e+01
extra,N=100,F9,10,4,1.0624571652e-01
extra,N=100,F10,10,4,1.0756729749e+03
extra,N=50,F24,10,4,3.3700939434e+02
extra,N=50,F25,10,4,4.4537888884e+02
extra,N=50,F26,10,4,3.9548940754e+02
extra,N=50,F27,10,4,3.9237158173e+02
extra,N=100,F11,10,4,3.6568174445e+00
extra,N=100,F12,10,4,1.6037147498e+06
extra,N=100,F13,10,4,1.0757922405e+03
extra,N=100,F14,10,4,1.9450581844e+02
extra,N=50,F28,10,4,4.1628751015e+02
extra,N=50,F29,10,4,2.4027067291e+02
extra,N=50,F30,10,4,3.0292963457e+06
extra,N=100,F1,10,4,9.7403894831e+05
extra,N=100,F15,10,4,5.5636834230e+02
extra,N=100,F16,10,4,4.8882927649e+01
extra,N=100,F17,10,4,6.9291003040e+01
extra,N=100,F18,10,4,9.8095916164e+03
extra,N=100,F19,10,4,1.6835796931e+04
extra,N=100,F20,10,4,5.4308974367e+01
extra,N=100,F21,10,4,1.0769088040e+02
extra,N=100,F22,10,4,1.0245911208e+02
extra,beta=1.1,F1,10,4,7.0408366314e+03
extra,beta=1.1,F3,10,4,1.1075851586e+02
extra,beta=1.1,F4,10,4,7.2180257525e+00
extra,beta=1.1,F5,10,4,5.0071461188e+00
extra,N=100,F23,10,4,3.1313553303e+02
extra,N=100,F24,10,4,3.4712688073e+02
extra,N=100,F25,10,4,4.4676913586e+02
extra,N=100,F26,10,4,3.4757141644e+02
extra,N=100,F27,10,4,3.9065454671e+02
extra,N=100,F28,10,4,4.1733675196e+02
extra,N=100,F29,10,4,2.7356928766e+02
extra,N=100,F30,10,4,1.2829615524e+06
extra,beta=1.1,F6,10,4,1.0765891722e-01
extra,beta=1.1,F7,10,4,2.6610804115e+01
extra,beta=1.1,F8,10,4,1.0950427626e+01
extra,beta=1.1,F9,10,4,2.2350583464e-02
extra,beta=1.1,F10,10,4,9.8932886601e+02
extra,beta=1.1,F11,10,4,8.9867189261e+00
extra,beta=1.1,F12,10,4,2.2084699108e+06
extra,beta=1.1,F13,10,4,4.1510818912e+03
extra,beta=1.1,F14,10,4,2.2325017765e+02
extra,beta=1.1,F15,10,4,1.4447978418e+03
extra,beta=1.1,F16,10,4,4.1713686552e+01
extra,beta=1.1,F17,10,4,4.9426086250e+01
extra,beta=1.1,F18,10,4,5.3828830251e+03
extra,beta=1.1,F19,10,4,1.4793262369e+02
extra,beta=1.1,F20,10,4,2.3942925343e+01
extra,beta=1.1,F21,10,4,1.0428105826e+02
extra,beta=1.3,F5,10,4,9.9521208705e+00
extra,beta=1.3,F6,10,4,7.8516857199e-01
extra,beta=1.3,F7,10,4,2.4291704100e+01
extra,beta=1.3,F8,10,4,1.2982949184e+01
extra,beta=1.1,F22,10,4,1.0214601951e+02
extra,beta=1.1,F23,10,4,3.1609516735e+02
extra,beta=1.1,F24,10,4,1.0242123874e+02
extra,beta=1.1,F25,10,4,3.9864454234e+02
extra,beta=1.1,F30,10,4,1.4508506921e+05
extra,beta=1.3,F1,10,4,5.8010720277e+03
extra,beta=1.3,F3,10,4,1.6299130866e+02
extra,beta=1.3,F4,10,4,5.6412085874e+00
extra,beta=1.3,F9,10,4,8.7440757023e-03
extra,beta=1.3,F10,10,4,2.6934750941e+02
extra,beta=1.3,F11,10,4,6.4252069496e+00
extra,beta=1.3,F12,10,4,1.1359046423e+06
extra,beta=1.3,F13,10,4,5.3446193148e+02
extra,beta=1.3,F14,10,4,1.8640200967e+02
extra,beta=1.3,F15,10,4,1.4569964736e+03
extra,beta=1.3,F16,10,4,1.2057569396e+02
extra,beta=1.1,F26,10,4,3.4714994104e+02
extra,beta=1.1,F27,10,4,3.9070235599e+02
extra,beta=1.1,F28,10,4,4.0718463871e+02
extra,beta=1.1,F29,10,4,2.8478743630e+02
extra,beta=1.3,F17,10,4,1.1548257267e+01
extra,beta=1.3,F18,10,4,3.0631738796e+03
extra,beta=1.3,F19,10,4,5.4987285992e+02
extra,beta=1.3,F20,10,4,2.3568760052e+01
extra,beta=1.5,F4,10,4,6.7236032326e+00
extra,beta=1.5,F5,10,4,4.0221096017e+00
extra,beta=1.5,F6,10,4,4.0005523235e-01
extra,beta=1.5,F7,10,4,5.6025067004e+01
extra,beta=1.3,F21,10,4,2.0454773612e+02
extra,beta=1.3,F22,10,4,1.0230825742e+02
extra,beta=1.3,F23,10,4,3.1786145124e+02
extra,beta=1.3,F24,10,4,1.0107943533e+02
extra,beta=1.5,F8,10,4,2.3886795487e+01
extra,beta=1.5,F9,10,4,1.1012516890e-02
extra,beta=1.5,F10,10,4,3.5828635975e+02
extra,beta=1.5,F11,10,4,1.4693678959e+01
extra,beta=1.3,F29,10,4,2.3975124800e+02
extra,beta=1.3,F30,10,4,8.3469088785e+05
extra,beta=1.5,F1,10,4,1.3033785063e+04
extra,beta=1.5,F3,10,4,8.3056631920e+01
extra,beta=1.3,F25,10,4,4.0556974776e+02
extra,beta=1.3,F26,10,4,3.2083426078e+02
extra,beta=1.3,F27,10,4,3.8970811710e+02
extra,beta=1.3,F28,10,4,4.1858173722e+02
extra,beta=1.5,F12,10,4,4.1726170474e+05
extra,beta=1.5,F13,10,4,1.0265277008e+03
extra,beta=1.5,F14,10,4,8.1514293227e+01
extra,beta=1.5,F15,10,4,8.7381760536e+02
extra,beta=1.5,F16,10,4,1.5118922208e+01
extra,beta=1.5,F17,10,4,4.2020946039e+01
extra,beta=1.5,F18,10,4,3.7349097111e+03
extra,beta=1.5,F19,10,4,2.0594591418e+02
extra,beta=1.9,F3,10,4,5.0567578665e+01
extra,beta=1.9,F4,10,4,6.5528063984e+00
extra,beta=1.9,F5,10,4,1.2143252139e+01
extra,beta=1.9,F6,10,4,1.2260466311e+00
extra,beta=1.5,F20,10,4,2.6188111768e+01
extra,beta=1.5,F21,10,4,1.0410064021e+02
extra,beta=1.5,F22,10,4,1.0194244118e+02
extra,beta=1.5,F23,10,4,3.0464412514e+02
extra,beta=1.9,F7,10,4,2.2072618805e+01
extra,beta=1.9,F8,10,4,1.5919560978e+01
extra,beta=1.9,F9,10,4,2.5813640476e-03
extra,beta=1.9,F10,10,4,6.9131875011e+02
extra,beta=1.5,F24,10,4,3.4378602552e+02
extra,beta=1.5,F25,10,4,4.0021856300e+02
extra,beta=1.5,F26,10,4,3.0005491525e+02
extra,beta=1.5,F27,10,4,3.9008227669e+02
extra,beta=1.5,F28,10,4,6.1182167060e+02
extra,beta=1.5,F29,10,4,3.5675235685e+02
extra,beta=1.5,F30,10,4,3.7598938830e+04
extra,beta=1.9,F1,10,4,6.1496525908e+02
extra,beta=1.9,F11,10,4,2.3914206268e+01
extra,beta=1.9,F12,10,4,4.3450640205e+03
extra,beta=1.9,F13,10,4,1.3822115011e+03
extra,beta=1.9,F14,10,4,2.0402649980e+02
extra,beta=1.9,F15,10,4,2.3385913133e+03
extra,beta=1.9,F16,10,4,2.6580450539e+01
extra,beta=1.9,F17,10,4,4.0641266521e+01
extra,beta=1.9,F18,10,4,1.1076064143e+04
extra,"stage=T/3,2T/3",F1,10,4,2.8472408381e+03
extra,"stage=T/3,2T/3",F3,10,4,1.2222075675e+02
extra,"stage=T/3,2T/3",F4,10,4,6.8844272518e+00
extra,"stage=T/3,2T/3",F5,10,4,2.7174919783e+01
extra,beta=1.9,F19,10,4,3.3519439503e+02
extra,beta=1.9,F20,10,4,3.0084516204e+01
extra,beta=1.9,F21,10,4,2.1595166463e+02
extra,beta=1.9,F22,10,4,1.0084177343e+02
extra,"stage=T/3,2T/3",F6,10,4,3.3216282853e-02
extra,"stage=T/3,2T/3",F7,10,4,1.6531411815e+01
extra,"stage=T/3,2T/3",F8,10,4,1.0992646674e+01
extra,"stage=T/3,2T/3",F9,10,4,3.9173751811e-02
extra,"stage=T/3,2T/3",F10,10,4,1.1740148351e+03
extra,"stage=T/3,2T/3",F11,10,4,7.6145389497e+00
extra,"stage=T/3,2T/3",F12,10,4,1.3567381723e+04
extra,"stage=T/3,2T/3",F13,10,4,1.5541464723e+04
extra,beta=1.9,F23,10,4,3.1413387259e+02
extra,beta=1.9,F24,10,4,3.4433350106e+02
extra,beta=1.9,F25,10,4,3.9965537523e+02
extra,beta=1.9,F26,10,4,3.0009568207e+02
extra,"stage=T/3,2T/3",F14,10,4,1.4284681305e+02
extra,"stage=T/3,2T/3",F15,10,4,1.4727403670e+04
extra,"stage=T/3,2T/3",F16,10,4,2.2572533434e+00
extra,"stage=T/3,2T/3",F17,10,4,3.1288489458e+01
extra,"stage=T/3,2T/3",F18,10,4,9.1953680866e+03
extra,"stage=T/3,2T/3",F19,10,4,5.5146334238e+02
extra,"stage=T/3,2T/3",F20,10,4,1.3633225261e+01
extra,"stage=T/3,2T/3",F21,10,4,2.1985483720e+02
extra,beta=1.9,F27,10,4,3.8997134862e+02
extra,beta=1.9,F28,10,4,4.7499589309e+02
extra,beta=1.9,F29,10,4,3.1367735708e+02
extra,beta=1.9,F30,10,4,9.0931406088e+05
extra,"stage=T/3,2T/3",F22,10,4,1.0075205841e+02
extra,"stage=T/3,2T/3",F23,10,4,3.0690091382e+02
extra,"stage=T/3,2T/3",F24,10,4,3.3956724470e+02
extra,"stage=T/3,2T/3",F25,10,4,3.9874804903e+02
extra,"stage=T/4,3T/4",F5,10,4,9.9697266857e+00
extra,"stage=T/4,3T/4",F6,10,4,2.7551408938e+00
extra,"stage=T/4,3T/4",F7,10,4,3.4395857196e+01
extra,"stage=T/4,3T/4",F8,10,4,2.1892859010e+01
extra,"stage=T/3,2T/3",F30,10,4,1.4748149711e+06
extra,"stage=T/4,3T/4",F1,10,4,1.5491316864e+03
extra,"stage=T/4,3T/4",F3,10,4,2.3047653990e+02
extra,"stage=T/4,3T/4",F4,10,4,6.9338970027e+00
extra,"stage=T/4,3T/4",F9,10,4,1.7340933255e+00
extra,"stage=T/4,3T/4",F10,10,4,9.2122694978e+02
extra,"stage=T/4,3T/4",F11,10,4,5.7122618602e+00
extra,"stage=T/4,3T/4",F12,10,4,8.5089341261e+04
extra,"stage=T/4,3T/4",F13,10,4,8.7292355931e+03
extra,"stage=T/4,3T/4",F14,10,4,2.6734748968e+02
extra,"stage=T/4,3T/4",F15,10,4,5.6742691780e+03
extra,"stage=T/4,3T/4",F16,10,4,1.3057573946e+01
extra,"stage=T/3,2T/3",F26,10,4,3.0004730159e+02
extra,"stage=T/3,2T/3",F27,10,4,3.9264076724e+02
extra,"stage=T/3,2T/3",F28,10,4,4.1532687708e+02
extra,"stage=T/3,2T/3",F29,10,4,2.5429977147e+02
extra,"stage=T/4,3T/4",F17,10,4,4.4230669985e+01
extra,"stage=T/4,3T/4",F18,10,4,6.6944526900e+03
extra,"stage=T/4,3T/4",F19,10,4,3.4730659336e+02
extra,"stage=T/4,3T/4",F20,10,4,2.5026483845e+01
extra,"stage=T/4,3T/4",F21,10,4,1.0599604502e+02
extra,"stage=T/4,3T/4",F22,10,4,1.0198173157e+02
extra,"stage=T/4,3T/4",F23,10,4,3.2399988526e+02
extra,"stage=T/4,3T/4",F24,10,4,3.3871492358e+02
extra,"stage=T/2,3T/4",F4,10,4,6.0979168684e+00
extra,"stage=T/2,3T/4",F5,10,4,1.7418228341e+01
extra,"stage=T/2,3T/4",F6,10,4,3.6880715268e-01
extra,"stage=T/2,3T/4",F7,10,4,2.0746877199e+01
extra,"stage=T/2,3T/4",F8,10,4,1.1138983731e+01
extra,"stage=T/2,3T/4",F9,10,4,9.0580038100e-02
extra,"stage=T/2,3T/4",F10,10,4,3.9916806156e+02
extra,"stage=T/2,3T/4",F11,10,4,5.1126269709e+00
extra,"stage=T/2,3T/4",F12,10,4,2.0277823403e+04
extra,"stage=T/2,3T/4",F13,10,4,1.5357579790e+03
extra,"stage=T/2,3T/4",F14,10,4,1.3789930546e+02
extra,"stage=T/2,3T/4",F15,10,4,2.7127974398e+03
extra,"stage=T/4,3T/4",F29,10,4,2.5074116812e+02
extra,"stage=T/4,3T/4",F30,10,4,3.0554689297e+05
extra,"stage=T/2,3T/4",F1,10,4,5.7763013549e+03
extra,"stage=T/2,3T/4",F3,10,4,1.9189740556e+02
extra,"stage=T/4,3T/4",F25,10,4,3.9967852478e+02
extra,"stage=T/4,3T/4",F26,10,4,3.9043572846e+02
extra,"stage=T/4,3T/4",F27,10,4,3.8952580425e+02
extra,"stage=T/4,3T/4",F28,10,4,3.8091227803e+02
extra,"stage=T/2,3T/4",F16,10,4,1.0636144377e+01
extra,"stage=T/2,3T/4",F17,10,4,4.4695424288e+01
extra,"stage=T/2,3T/4",F18,10,4,9.4331232336e+02
extra,"stage=T/2,3T/4",F19,10,4,6.5108813375e+02
extra,"stage=T/5,4T/5",F3,10,4,1.2404043408e+02
extra,"stage=T/5,4T/5",F4,10,4,5.3897476049e+00
extra,"stage=T/5,4T/5",F5,10,4,1.3980858625e+01
extra,"stage=T/5,4T/5",F6,10,4,2.5100172760e+00
extra,"stage=T/2,3T/4",F20,10,4,3.6516890213e+01
extra,"stage=T/2,3T/4",F21,10,4,1.0393915453e+02
extra,"stage=T/2,3T/4",F22,10,4,1.0069826193e+02
extra,"stage=T/2,3T/4",F23,10,4,3.2473578827e+02
extra,"stage=T/5,4T/5",F7,10,4,2.7151443678e+01
extra,"stage=T/5,4T/5",F8,10,4,1.2939375729e+01
extra,"stage=T/5,4T/5",F9,10,4,9.6430524536e-05
extra,"stage=T/5,4T/5",F10,10,4,8.2943366866e+02
extra,"stage=T/2,3T/4",F24,10,4,3.4496959760e+02
extra,"stage=T/2,3T/4",F25,10,4,3.9963886601e+02
extra,"stage=T/2,3T/4",F26,10,4,3.0004128484e+02
extra,"stage=T/2,3T/4",F27,10,4,3.8749175796e+02
extra,"stage=T/5,4T/5",F11,10,4,4.7026069126e+00
extra,"stage=T/5,4T/5",F12,10,4,6.5516517783e+04
extra,"stage=T/5,4T/5",F13,10,4,2.8401599585e+03
extra,"stage=T/5,4T/5",F14,10,4,1.6614568651e+02
extra,"stage=T/2,3T/4",F28,10,4,3.6955987337e+02
extra,"stage=T/2,3T/4",F29,10,4,2.4778092172e+02
extra,"stage=T/2,3T/4",F30,10,4,8.7421976494e+05
extra,"stage=T/5,4T/5",F1,10,4,6.2209829623e+03
extra,"stage=T/5,4T/5",F15,10,4,2.5587145238e+03
extra,"stage=T/5,4T/5",F16,10,4,1.3712174482e+02
extra,"stage=T/5,4T/5",F17,10,4,2.6361266878e+01
extra,"stage=T/5,4T/5",F18,10,4,1.6912095850e+04
extra,"stage=T/5,4T/5",F19,10,4,7.1764030206e+02
extra,"stage=T/5,4T/5",F20,10,4,2.2201393395e+01
extra,"stage=T/5,4T/5",F21,10,4,1.0381520415e+02
extra,"stage=T/5,4T/5",F22,10,4,1.0001265108e+02
extra,"k: nu=1/2,mu=10",F1,10,4,7.2057763166e+03
extra,"k: nu=1/2,mu=10",F3,10,4,2.2829747206e+02
extra,"k: nu=1/2,mu=10",F4,10,4,6.6951843964e+00
extra,"k: nu=1/2,mu=10",F5,10,4,1.3076256913e+01
extra,"k: nu=1/2,mu=10",F6,10,4,6.0775515207e-01
extra,"k: nu=1/2,mu=10",F7,10,4,2.4908457822e+01
extra,"k: nu=1/2,mu=10",F8,10,4,2.2092063415e+01
extra,"k: nu=1/2,mu=10",F9,10,4,3.3702194912e-04
extra,"stage=T/5,4T/5",F23,10,4,3.0835534294e+02
extra,"stage=T/5,4T/5",F24,10,4,1.0259528701e+02
extra,"stage=T/5,4T/5",F25,10,4,4.4631094188e+02
extra,"stage=T/5,4T/5",F26,10,4,3.0014318518e+02
extra,"k: nu=1/2,mu=10",F10,10,4,1.1060464914e+03
extra,"k: nu=1/2,mu=10",F11,10,4,1.3196471872e+01
extra,"k: nu=1/2,mu=10",F12,10,4,2.7299004419e+05
extra,"k: nu=1/2,mu=10",F13,10,4,1.1349819503e+03
extra,"k: nu=1/2,mu=10",F14,10,4,1.9809916963e+02
extra,"k: nu=1/2,mu=10",F15,10,4,6.8581879642e+02
extra,"k: nu=1/2,mu=10",F16,10,4,2.4463981837e+01
extra,"k: nu=1/2,mu=10",F17,10,4,4.4957046654e+01
extra,"stage=T/5,4T/5",F27,10,4,3.9219389445e+02
extra,"stage=T/5,4T/5",F28,10,4,3.7497682015e+02
extra,"stage=T/5,4T/5",F29,10,4,3.8631309681e+02
extra,"stage=T/5,4T/5",F30,10,4,7.6101329069e+05
extra,"k: nu=1/2,mu=10",F18,10,4,6.3366733317e+03
extra,"k: nu=1/2,mu=10",F19,10,4,8.6282703572e+02
extra,"k: nu=1/2,mu=10",F20,10,4,2.5448963160e+01
extra,"k: nu=1/2,mu=10",F21,10,4,2.1249044750e+02
extra,"k: nu=1,mu=10",F5,10,4,8.3045098854e+00
extra,"k: nu=1,mu=10",F6,10,4,2.2056199935e-01
extra,"k: nu=1,mu=10",F7,10,4,2.0140045569e+01
extra,"k: nu=1,mu=10",F8,10,4,7.0103991562e+00
extra,"k: nu=1/2,mu=10",F30,10,4,7.7312948192e+05
extra,"k: nu=1,mu=10",F1,10,4,8.3377176267e+03
extra,"k: nu=1,mu=10",F3,10,4,2.6700458003e+02
extra,"k: nu=1,mu=10",F4,10,4,7.2383568214e+00
extra,"k: nu=1,mu=10",F9,10,4,2.5962050541e-03
extra,"k: nu=1,mu=10",F10,10,4,1.1907550651e+02
extra,"k: nu=1,mu=10",F11,10,4,1.2409487210e+01
extra,"k: nu=1,mu=10",F12,10,4,3.2930658815e+05
extra,"k: nu=1,mu=10",F13,10,4,2.0289729482e+03
extra,"k: nu=1,mu=10",F14,10,4,1.8220230865e+02
extra,"k: nu=1,mu=10",F15,10,4,2.0742091253e+02
extra,"k: nu=1,mu=10",F16,10,4,3.3232992231e+00
extra,"k: nu=1/2,mu=10",F22,10,4,1.0123011153e+02
extra,"k: nu=1/2,mu=10",F23,10,4,3.2069464663e+02
extra,"k: nu=1/2,mu=10",F24,10,4,1.0342538684e+02
extra,"k: nu=1/2,mu=10",F25,10,4,3.9954549811e+02
extra,"k: nu=1/2,mu=10",F26,10,4,3.0016111483e+02
extra,"k: nu=1/2,mu=10",F27,10,4,3.9512073685e+02
extra,"k: nu=1/2,mu=10",F28,10,4,3.6503290344e+02
extra,"k: nu=1/2,mu=10",F29,10,4,2.5769187656e+02
extra,"k: nu=1,mu=10",F17,10,4,4.9344057325e+01
extra,"k: nu=1,mu=10",F18,10,4,2.7925627538e+04
extra,"k: nu=1,mu=10",F19,10,4,9.6511357446e+02
extra,"k: nu=1,mu=10",F20,10,4,2.6920610916e+01
extra,"k: nu=1/2,mu=5",F4,10,4,3.9907639376e+00
extra,"k: nu=1/2,mu=5",F5,10,4,1.0565281935e+01
extra,"k: nu=1/2,mu=5",F6,10,4,7.5225461483e-01
extra,"k: nu=1/2,mu=5",F7,10,4,1.4586882968e+01
extra,"k: nu=1,mu=10",F21,10,4,1.0127599446e+02
extra,"k: nu=1,mu=10",F22,10,4,1.0180892781e+02
extra,"k: nu=1,mu=10",F23,10,4,3.2249404748e+02
extra,"k: nu=1,mu=10",F24,10,4,3.3944875853e+02
extra,"k: nu=1/2,mu=5",F8,10,4,7.1845330086e+00
extra,"k: nu=1/2,mu=5",F9,10,4,4.1432175051e-02
extra,"k: nu=1/2,mu=5",F10,10,4,5.9579272354e+02
extra,"k: nu=1/2,mu=5",F11,10,4,6.4186326747e+00
extra,"k: nu=1,mu=10",F29,10,4,3.0407822666e+02
extra,"k: nu=1,mu=10",F30,10,4,2.1173048273e+06
extra,"k: nu=1/2,mu=5",F1,10,4,1.8968656833e+04
extra,"k: nu=1/2,mu=5",F3,10,4,5.4679420489e+02
extra,"k: nu=1/2,mu=5",F12,10,4,4.2060046203e+05
extra,"k: nu=1/2,mu=5",F13,10,4,1.2171895791e+04
extra,"k: nu=1/2,mu=5",F14,10,4,3.9304345389e+02
extra,"k: nu=1/2,mu=5",F15,10,4,3.2364444527e+02
extra,"k: nu=1,mu=10",F25,10,4,4.4596367573e+02
extra,"k: nu=1,mu=10",F26,10,4,3.0021158782e+02
extra,"k: nu=1,mu=10",F27,10,4,3.8931261075e+02
extra,"k: nu=1,mu=10",F28,10,4,4.6273954862e+02
extra,"k: nu=1/2,mu=5",F16,10,4,5.4142876398e+00
extra,"k: nu=1/2,mu=5",F17,10,4,2.2079895163e+01
extra,"k: nu=1/2,mu=5",F18,10,4,2.1140731858e+04
extra,"k: nu=1/2,mu=5",F19,10,4,5.2903723770e+02
extra,"k: nu=1/2,mu=20",F3,10,4,1.2903653052e+02
extra,"k: nu=1/2,mu=20",F4,10,4,6.8817531398e+00
extra,"k: nu=1/2,mu=20",F5,10,4,8.9953808710e+00
extra,"k: nu=1/2,mu=20",F6,10,4,1.6580674346e-01
extra,"k: nu=1/2,mu=5",F20,10,4,5.8399974261e+01
extra,"k: nu=1/2,mu=5",F21,10,4,1.0152033928e+02
extra,"k: nu=1/2,mu=5",F22,10,4,1.0096974314e+02
extra,"k: nu=1/2,mu=5",F23,10,4,3.1666040175e+02
extra,"k: nu=1/2,mu=20",F7,10,4,2.8000162369e+01
extra,"k: nu=1/2,mu=20",F8,10,4,1.1180480118e+01
extra,"k: nu=1/2,mu=20",F9,10,4,1.4923186414e-01
extra,"k: nu=1/2,mu=20",F10,10,4,4.8423404702e+02
extra,"k: nu=1/2,mu=20",F11,10,4,1.5662137979e+01
extra,"k: nu=1/2,mu=20",F12,10,4,5.9583512026e+05
extra,"k: nu=1/2,mu=20",F13,10,4,7.4517342599e+03
extra,"k: nu=1/2,mu=20",F14,10,4,1.8015337135e+02
extra,"k: nu=1/2,mu=5",F24,10,4,3.4356436012e+02
extra,"k: nu=1/2,mu=5",F25,10,4,4.4736967098e+02
extra,"k: nu=1/2,mu=5",F26,10,4,3.1849491561e+02
extra,"k: nu=1/2,mu=5",F27,10,4,3.8993636508e+02
extra,"k: nu=1/2,mu=20",F15,10,4,4.3022978005e+03
extra,"k: nu=1/2,mu=20",F16,10,4,1.4186247631e+01
extra,"k: nu=1/2,mu=20",F17,10,4,4.2558288548e+01
extra,"k: nu=1/2,mu=20",F18,10,4,2.0404008287e+03
extra,"k: nu=1/2,mu=5",F28,10,4,3.7788130046e+02
extra,"k: nu=1/2,mu=5",F29,10,4,2.7182492607e+02
extra,"k: nu=1/2,mu=5",F30,10,4,4.0889299401e+05
extra,"k: nu=1/2,mu=20",F1,10,4,7.6768494831e+03
extra,k=1 (plain OBL),F1,10,4,3.6269714850e+03
extra,k=1 (plain OBL),F3,10,4,4.8062351425e+01
extra,k=1 (plain OBL),F4,10,4,6.0853413424e+00
extra,k=1 (plain OBL),F5,10,4,8.1013410095e+00
extra,"k: nu=1/2,mu=20",F19,10,4,7.1418974383e+02
extra,"k: nu=1/2,mu=20",F20,10,4,2.8920807457e+01
extra,"k: nu=1/2,mu=20",F21,10,4,1.0325489399e+02
extra,"k: nu=1/2,mu=20",F22,10,4,1.0120388806e+02
extra,k=1 (plain OBL),F6,10,4,5.3841889457e-01
extra,k=1 (plain OBL),F7,10,4,1.3549756703e+01
extra,k=1 (plain OBL),F8,10,4,1.5920407110e+01
extra,k=1 (plain OBL),F9,10,4,2.7572299546e-02
extra,"k: nu=1/2,mu=20",F23,10,4,3.1788354026e+02
extra,"k: nu=1/2,mu=20",F24,10,4,8.9760142752e-01
extra,"k: nu=1/2,mu=20",F25,10,4,3.9960303150e+02
extra,"k: nu=1/2,mu=20",F26,10,4,3.9337575004e+02
extra,k=1 (plain OBL),F10,10,4,8.4995145245e+02
extra,k=1 (plain OBL),F11,10,4,4.6347808651e+00
extra,k=1 (plain OBL),F12,10,4,2.0851355499e+06
extra,k=1 (plain OBL),F13,10,4,1.5155671370e+03
extra,"k: nu=1/2,mu=20",F27,10,4,3.9726055367e+02
extra,"k: nu=1/2,mu=20",F28,10,4,3.7882693934e+02
extra,"k: nu=1/2,mu=20",F29,10,4,4.1053780931e+02
extra,"k: nu=1/2,mu=20",F30,10,4,1.6731356585e+05
extra,k=1 (plain OBL),F14,10,4,3.0569138496e+02
extra,k=1 (plain OBL),F15,10,4,3.8217095068e+02
extra,k=1 (plain OBL),F16,10,4,3.9925733166e+01
extra,k=1 (plain OBL),F17,10,4,3.0140997037e+01
extra,k=1 (plain OBL),F18,10,4,2.8905985277e+03
extra,k=1 (plain OBL),F19,10,4,6.1282059915e+02
extra,k=1 (plain OBL),F20,10,4,4.2364680495e+01
extra,k=1 (plain OBL),F21,10,4,1.0367333942e+02
extra,k=1 (plain OBL),F22,10,4,1.0042854876e+02
extra,k=1 (plain OBL),F23,10,4,3.2182727722e+02
extra,k=1 (plain OBL),F24,10,4,3.4037706487e+02
extra,k=1 (plain OBL),F25,10,4,4.0121082523e+02
extra,k=1 (plain OBL),F30,10,4,7.4802599724e+05
extra,N=10,F1,10,5,2.1908305188e+02
extra,N=10,F3,10,5,3.5683687650e+03
extra,N=10,F4,10,5,6.7837227336e+01
extra,k=1 (plain OBL),F26,10,4,3.7399882852e+02
extra,k=1 (plain OBL),F27,10,4,3.9000059457e+02
extra,k=1 (plain OBL),F28,10,4,4.0368072291e+02
extra,k=1 (plain OBL),F29,10,4,2.7000582662e+02
extra,N=10,F5,10,5,3.9907799089e+00
extra,N=10,F6,10,5,6.3467006406e+00
extra,N=10,F7,10,5,4.7674564260e+01
extra,N=10,F8,10,5,1.7166386095e+01
extra,N=10,F9,10,5,6.4357098030e+00
extra,N=10,F10,10,5,4.8022166252e+02
extra,N=10,F11,10,5,7.3244311353e+00
extra,N=10,F12,10,5,2.3484186271e+05
extra,N=10,F13,10,5,1.1027518469e+04
extra,N=10,F14,10,5,2.7622512738e+02
extra,N=10,F15,10,5,1.3199222862e+03
extra,N=10,F16,10,5,1.2924589120e+02
extra,N=10,F17,10,5,4.0215407577e+01
extra,N=10,F18,10,5,2.2436579004e+04
extra,N=10,F19,10,5,3.2481774523e+02
extra,N=10,F20,10,5,2.3962967832e+01
extra,N=20,F4,10,5,6.9966359967e+00
extra,N=20,F5,10,5,1.2945366695e+01
extra,N=20,F6,10,5,1.2437509333e+00
extra,N=20,F7,10,5,3.0438351995e+01
extra,N=20,F8,10,5,5.0377883223e+00
extra,N=20,F9,10,5,7.3512994959e-05
extra,N=20,F10,10,5,9.5686252170e+02
extra,N=20,F11,10,5,2.7192337649e+00
extra,N=10,F21,10,5,2.0953242758e+02
extra,N=10,F22,10,5,1.0257464275e+02
extra,N=10,F23,10,5,3.1874104559e+02
extra,N=10,F24,10,5,3.4675813879e+02
extra,N=20,F12,10,5,2.8886397111e+05
extra,N=20,F13,10,5,2.2111238424e+03
extra,N=20,F14,10,5,1.0802297718e+02
extra,N=20,F15,10,5,4.4932681033e+03
extra,N=20,F16,10,5,3.8850294477e+01
extra,N=20,F17,10,5,4.3782878107e+01
extra,N=20,F18,10,5,2.2382528924e+04
extra,N=20,F19,10,5,5.8329211024e+01
extra,N=20,F20,10,5,2.3356045519e+01
extra,N=20,F21,10,5,2.2170979174e+02
extra,N=20,F22,10,5,1.0237650944e+02
extra,N=20,F23,10,5,3.1629108484e+02
extra,N=10,F29,10,5,2.5336717313e+02
extra,N=10,F30,10,5,8.2579604394e+05
extra,N=20,F1,10,5,6.5116714131e+02
extra,N=20,F3,10,5,1.4110259011e+03
extra,N=50,F3,10,5,7.0116072796e+01
extra,N=50,F4,10,5,6.7783650385e+00
extra,N=50,F5,10,5,1.9233661198e+01
extra,N=50,F6,10,5,1.1185481226e+00
extra,N=10,F25,10,5,4.4724113235e+02
extra,N=10,F26,10,5,3.7363547057e+02
extra,N=10,F27,10,5,3.9802493380e+02
extra,N=10,F28,10,5,6.1182171213e+02
extra,N=50,F7,10,5,1.7645290582e+01
extra,N=50,F8,10,5,1.2116999748e+01
extra,N=50,F9,10,5,2.4963683998e-01
extra,N=50,F10,10,5,6.0011696520e+02
extra,N=50,F11,10,5,4.5944115332e+00
extra,N=50,F12,10,5,2.1803221563e+06
extra,N=50,F13,10,5,5.0501957441e+03
extra,N=50,F14,10,5,2.4608015786e+02
extra,N=50,F15,10,5,3.9637312339e+02
extra,N=50,F16,10,5,1.5735644630e+01
extra,N=50,F17,10,5,2.2962686514e+01
extra,N=50,F18,10,5,8.8563526168e+03
extra,N=50,F19,10,5,1.7201883419e+03
extra,N=50,F20,10,5,5.0652470272e+01
extra,N=50,F21,10,5,2.0985006889e+02
extra,N=50,F22,10,5,1.0164354100e+02
extra,N=20,F24,10,5,3.3668397552e+02
extra,N=20,F25,10,5,4.4363902834e+02
extra,N=20,F26,10,5,3.0010216993e+02
extra,N=20,F27,10,5,3.9259735270e+02
extra,N=100,F1,10,5,4.8417886751e+05
extra,N=100,F3,10,5,1.3656257232e+02
extra,N=100,F4,10,5,5.9833677841e+00
extra,N=100,F5,10,5,1.8154070003e+01
extra,N=50,F23,10,5,3.2567475845e+02
extra,N=50,F24,10,5,1.0499046943e+02
extra,N=50,F25,10,5,4.4439950870e+02
extra,N=50,F26,10,5,4.0830559262e+02
extra,N=20,F28,10,5,3.7645239305e+02
extra,N=20,F29,10,5,2.5098400655e+02
extra,N=20,F30,10,5,1.5944802448e+06
extra,N=50,F1,10,5,3.3164476175e+05
extra,N=100,F6,10,5,1.3531798576e+00
extra,N=100,F7,10,5,2.1634021168e+01
extra,N=100,F8,10,5,2.0119748555e+01
extra,N=100,F9,10,5,1.1355113882e+00
extra,N=100,F14,10,5,1.3292076774e+02
extra,N=100,F15,10,5,7.9530173939e+03
extra,N=100,F16,10,5,2.9671236012e+00
extra,N=100,F17,10,5,5.7650332373e+01
extra,N=100,F10,10,5,7.2508438648e+02
extra,N=100,F11,10,5,8.9390323184e+00
extra,N=100,F12,10,5,1.4626763166e+05
extra,N=100,F13,10,5,4.5625544587e+03
extra,N=100,F18,10,5,6.4538311777e+03
extra,N=100,F19,10,5,2.2907389272e+03
extra,N=100,F20,10,5,4.7872021509e+01
extra,N=100,F21,10,5,1.0315258228e+02
extra,N=100,F22,10,5,1.0179466671e+02
extra,N=100,F23,10,5,3.1232841535e+02
extra,N=100,F24,10,5,3.4297862224e+02
extra,N=100,F25,10,5,4.4371503959e+02
extra,beta=1.1,F5,10,5,2.2899876245e+01
extra,beta=1.1,F6,10,5,4.6012868640e-01
extra,beta=1.1,F7,10,5,2.2679221842e+01
extra,beta=1.1,F8,10,5,1.1950776125e+01
extra,N=100,F26,10,5,4.4450358346e+02
extra,N=100,F27,10,5,3.9438427785e+02
extra,N=100,F28,10,5,4.1959664844e+02
extra,N=100,F29,10,5,2.5144149469e+02
extra,N=100,F30,10,5,1.2681129572e+06
extra,beta=1.1,F1,10,5,4.1799493949e+01
extra,beta=1.1,F3,10,5,2.6894878686e+02
extra,beta=1.1,F4,10,5,3.4669918867e+00
extra,N=50,F27,10,5,3.9359991323e+02
extra,N=50,F28,10,5,5.8373917803e+02
extra,N=50,F29,10,5,2.5894174317e+02
extra,N=50,F30,10,5,7.3051549306e+05
extra,beta=1.1,F9,10,5,6.5602743913e-03
extra,beta=1.1,F10,10,5,3.0072657057e+02
extra,beta=1.1,F11,10,5,7.0612460699e+00
extra,beta=1.1,F12,10,5,7.7132362134e+05
extra,beta=1.1,F13,10,5,9.9235179684e+02
extra,beta=1.1,F14,10,5,1.4830670704e+02
extra,beta=1.1,F15,10,5,5.3796474836e+02
extra,beta=1.1,F16,10,5,2.9991486557e+01
extra,beta=1.1,F17,10,5,4.8274431176e+01
extra,beta=1.1,F18,10,5,4.6580444747e+03
extra,beta=1.1,F19,10,5,6.3160842193e+02
extra,beta=1.1,F20,10,5,2.2754958626e+01
extra,beta=1.1,F21,10,5,2.1397707373e+02
extra,beta=1.1,F22,10,5,1.0051375231e+02
extra,beta=1.1,F23,10,5,3.1549408983e+02
extra,beta=1.1,F24,10,5,1.0343847000e+02
extra,beta=1.3,F4,10,5,7.3526053380e+00
extra,beta=1.3,F5,10,5,7.0123640202e+00
extra,beta=1.3,F6,10,5,3.0223403770e-01
extra,beta=1.3,F7,10,5,2.0094124308e+01
extra,beta=1.3,F8,10,5,2.0894595916e+01
extra,beta=1.3,F9,10,5,9.7456606396e-01
extra,beta=1.3,F10,10,5,1.0145052525e+03
extra,beta=1.3,F11,10,5,3.1971293931e+00
extra,beta=1.1,F29,10,5,2.8826483690e+02
extra,beta=1.1,F30,10,5,7.7656788013e+05
extra,beta=1.3,F1,10,5,1.1856953732e+03
extra,beta=1.3,F3,10,5,1.2425353661e+02
extra,beta=1.1,F25,10,5,4.4420484320e+02
extra,beta=1.1,F26,10,5,3.3821039051e+02
extra,beta=1.1,F27,10,5,3.9794414901e+02
extra,beta=1.1,F28,10,5,3.8064441284e+02
extra,beta=1.3,F12,10,5,5.5787079937e+05
extra,beta=1.3,F13,10,5,2.8398546389e+03
extra,beta=1.3,F14,10,5,2.5058616427e+02
extra,beta=1.3,F15,10,5,1.3426689429e+03
extra,beta=1.3,F16,10,5,9.6336185403e+00
extra,beta=1.3,F17,10,5,4.7620704904e+00
extra,beta=1.3,F18,10,5,2.8433333955e+04
extra,beta=1.3,F19,10,5,5.1572610899e+02
extra,beta=1.5,F3,10,5,3.0166589206e+02
extra,beta=1.5,F4,10,5,7.3704914012e+00
extra,beta=1.5,F5,10,5,3.0013792465e+00
extra,beta=1.5,F6,10,5,5.1534356019e-01
extra,beta=1.3,F20,10,5,1.1719933648e+01
extra,beta=1.3,F21,10,5,1.0490645622e+02
extra,beta=1.3,F22,10,5,1.0060615418e+02
extra,beta=1.3,F23,10,5,3.1288215502e+02
extra,beta=1.5,F7,10,5,2.9365756186e+01
extra,beta=1.5,F8,10,5,1.7911049033e+01
extra,beta=1.5,F9,10,5,4.0866013120e-03
extra,beta=1.5,F10,10,5,7.6557112258e+02
extra,beta=1.5,F15,10,5,3.0112908079e+03
extra,beta=1.5,F16,10,5,1.6064738644e+00
extra,beta=1.5,F17,10,5,4.3222301041e+01
extra,beta=1.5,F18,10,5,2.5711102011e+04
extra,beta=1.3,F24,10,5,3.3314415278e+02
extra,beta=1.3,F25,10,5,4.4369311992e+02
extra,beta=1.3,F26,10,5,3.0019665813e+02
extra,beta=1.3,F27,10,5,3.9086094439e+02
extra,beta=1.5,F11,10,5,8.6451253038e+00
extra,beta=1.5,F12,10,5,1.4373762250e+06
extra,beta=1.5,F13,10,5,7.4680680191e+03
extra,beta=1.5,F14,10,5,1.7452601037e+02
extra,beta=1.3,F28,10,5,4.1461089740e+02
extra,beta=1.3,F29,10,5,2.5796265581e+02
extra,beta=1.3,F30,10,5,4.4914565565e+05
extra,beta=1.5,F1,10,5,5.6055457813e+03
extra,beta=1.5,F19,10,5,8.3033071252e+02
extra,beta=1.5,F20,10,5,2.3854263343e+01
extra,beta=1.5,F21,10,5,2.1372035462e+02
extra,beta=1.5,F22,10,5,1.0167781687e+02
extra,beta=1.9,F1,10,5,5.7727626406e+02
extra,beta=1.9,F3,10,5,1.5560252957e+02
extra,beta=1.9,F4,10,5,6.7940390838e+00
extra,beta=1.9,F5,10,5,5.4561906126e+00
extra,beta=1.9,F6,10,5,7.7564311872e-01
extra,beta=1.9,F7,10,5,2.3582810218e+01
extra,beta=1.9,F8,10,5,1.4005351170e+01
extra,beta=1.9,F9,10,5,1.8012850961e-03
extra,beta=1.9,F10,10,5,1.1456966547e+03
extra,beta=1.9,F11,10,5,8.3106317319e+00
extra,beta=1.9,F12,10,5,1.6600593653e+04
extra,beta=1.9,F13,10,5,1.3191289507e+04
extra,beta=1.5,F23,10,5,3.2293010833e+02
extra,beta=1.5,F24,10,5,1.0351735280e+02
extra,beta=1.5,F25,10,5,4.0033935560e+02
extra,beta=1.5,F26,10,5,3.0029520490e+02
extra,beta=1.9,F14,10,5,1.1420816927e+02
extra,beta=1.9,F15,10,5,4.8914434285e+03
extra,beta=1.9,F16,10,5,4.0338895882e+00
extra,beta=1.9,F17,10,5,4.2268333137e+01
extra,beta=1.9,F18,10,5,1.2219684412e+04
extra,beta=1.9,F19,10,5,3.0724243186e+02
extra,beta=1.9,F20,10,5,2.6617494814e+01
extra,beta=1.9,F21,10,5,1.0252210386e+02
extra,beta=1.9,F22,10,5,1.0175725116e+02
extra,beta=1.9,F23,10,5,3.0822067735e+02
extra,beta=1.9,F24,10,5,3.3493902345e+02
extra,beta=1.9,F25,10,5,3.9901126540e+02
extra,beta=1.5,F27,10,5,3.8968955671e+02
extra,beta=1.5,F28,10,5,4.1617582927e+02
extra,beta=1.5,F29,10,5,2.6609623654e+02
extra,beta=1.5,F30,10,5,7.3486742240e+05
extra,"stage=T/3,2T/3",F9,10,5,6.0072438817e-01
extra,"stage=T/3,2T/3",F10,10,5,7.7618254300e+02
extra,"stage=T/3,2T/3",F11,10,5,4.7966570068e+00
extra,"stage=T/3,2T/3",F12,10,5,1.9496914511e+06
extra,"stage=T/3,2T/3",F5,10,5,7.9886373370e+00
extra,"stage=T/3,2T/3",F6,10,5,7.6087050035e-01
extra,"stage=T/3,2T/3",F7,10,5,3.3610612856e+01
extra,"stage=T/3,2T/3",F8,10,5,4.0674447527e+00
extra,beta=1.9,F30,10,5,1.7810652662e+06
extra,"stage=T/3,2T/3",F1,10,5,2.8371238900e+03
extra,"stage=T/3,2T/3",F3,10,5,1.2300087048e+02
extra,"stage=T/3,2T/3",F4,10,5,5.1331489591e+00
extra,beta=1.9,F26,10,5,3.0010510404e+02
extra,beta=1.9,F27,10,5,3.9362941919e+02
extra,beta=1.9,F28,10,5,4.1650673016e+02
extra,beta=1.9,F29,10,5,2.4031356666e+02
extra,"stage=T/3,2T/3",F13,10,5,1.4764637510e+04
extra,"stage=T/3,2T/3",F14,10,5,2.2175806700e+02
extra,"stage=T/3,2T/3",F15,10,5,4.0503873187e+03
extra,"stage=T/3,2T/3",F16,10,5,1.7392572770e+01
extra,"stage=T/3,2T/3",F17,10,5,4.6772844100e+01
extra,"stage=T/3,2T/3",F18,10,5,1.2041813241e+04
extra,"stage=T/3,2T/3",F19,10,5,1.7238762397e+03
extra,"stage=T/3,2T/3",F20,10,5,2.8769752089e+01
extra,"stage=T/4,3T/4",F4,10,5,5.4773369919e+00
extra,"stage=T/4,3T/4",F5,10,5,1.5583454846e+01
extra,"stage=T/4,3T/4",F6,10,5,7.1213737906e-02
extra,"stage=T/4,3T/4",F7,10,5,3.3812736025e+01
extra,"stage=T/3,2T/3",F21,10,5,2.1032022742e+02
extra,"stage=T/3,2T/3",F22,10,5,1.0059388047e+02
extra,"stage=T/3,2T/3",F23,10,5,3.0833731045e+02
extra,"stage=T/3,2T/3",F24,10,5,3.4086392501e+02
extra,"stage=T/4,3T/4",F8,10,5,1.3930375902e+01
extra,"stage=T/4,3T/4",F9,10,5,1.2115573531e-04
extra,"stage=T/4,3T/4",F10,10,5,8.2298886129e+02
extra,"stage=T/4,3T/4",F11,10,5,5.1984592230e+00
extra,"stage=T/4,3T/4",F12,10,5,2.3951544627e+06
extra,"stage=T/4,3T/4",F13,10,5,5.7643311310e+03
extra,"stage=T/4,3T/4",F14,10,5,5.4798839731e+02
extra,"stage=T/4,3T/4",F15,10,5,6.7950173605e+03
extra,"stage=T/3,2T/3",F25,10,5,3.9971626571e+02
extra,"stage=T/3,2T/3",F26,10,5,3.0017554931e+02
extra,"stage=T/3,2T/3",F27,10,5,3.9006221124e+02
extra,"stage=T/3,2T/3",F28,10,5,3.8856513969e+02
extra,"stage=T/3,2T/3",F29,10,5,2.8368870593e+02
extra,"stage=T/3,2T/3",F30,10,5,6.8224198782e+05
extra,"stage=T/4,3T/4",F1,10,5,3.4292131150e+03
extra,"stage=T/4,3T/4",F3,10,5,9.1386201634e+01
extra,"stage=T/4,3T/4",F16,10,5,1.2607335204e+01
extra,"stage=T/4,3T/4",F17,10,5,4.4224390322e+01
extra,"stage=T/4,3T/4",F18,10,5,1.8012943161e+04
extra,"stage=T/4,3T/4",F19,10,5,1.5950043883e+03
extra,"stage=T/2,3T/4",F3,10,5,4.7469729950e+02
extra,"stage=T/2,3T/4",F4,10,5,6.2115120219e+00
extra,"stage=T/2,3T/4",F5,10,5,1.3163750137e+01
extra,"stage=T/2,3T/4",F6,10,5,4.6480823180e-01
extra,"stage=T/4,3T/4",F20,10,5,2.6234837361e+01
extra,"stage=T/4,3T/4",F21,10,5,1.0489500753e+02
extra,"stage=T/4,3T/4",F22,10,5,1.0035646074e+02
extra,"stage=T/4,3T/4",F23,10,5,3.1145033227e+02
extra,"stage=T/2,3T/4",F7,10,5,1.7370845505e+01
extra,"stage=T/2,3T/4",F8,10,5,1.0946238291e+01
extra,"stage=T/2,3T/4",F9,10,5,1.2337513256e-03
extra,"stage=T/2,3T/4",F10,10,5,3.3858771353e+02
extra,"stage=T/4,3T/4",F24,10,5,1.0172695125e+02
extra,"stage=T/4,3T/4",F25,10,5,3.9976964449e+02
extra,"stage=T/4,3T/4",F26,10,5,3.4714930738e+02
extra,"stage=T/4,3T/4",F27,10,5,3.9061505007e+02
extra,"stage=T/2,3T/4",F11,10,5,6.9262660179e+00
extra,"stage=T/2,3T/4",F12,10,5,1.2239839241e+06
extra,"stage=T/2,3T/4",F13,10,5,1.4577928051e+03
extra,"stage=T/2,3T/4",F14,10,5,1.4636187805e+02
extra,"stage=T/4,3T/4",F28,10,5,4.1647824644e+02
extra,"stage=T/4,3T/4",F29,10,5,2.4893575016e+02
extra,"stage=T/4,3T/4",F30,10,5,1.0955761299e+06
extra,"stage=T/2,3T/4",F1,10,5,1.0146916245e+04
extra,"stage=T/2,3T/4",F15,10,5,9.2587604308e+02
extra,"stage=T/2,3T/4",F16,10,5,1.0156219193e+01
extra,"stage=T/2,3T/4",F17,10,5,3.2145526370e+01
extra,"stage=T/2,3T/4",F18,10,5,1.5704666704e+03
extra,"stage=T/5,4T/5",F1,10,5,2.9685787705e+01
extra,"stage=T/5,4T/5",F3,10,5,1.6905560547e+02
extra,"stage=T/5,4T/5",F4,10,5,6.5998779617e+00
extra,"stage=T/5,4T/5",F5,10,5,1.6916016816e+01
extra,"stage=T/2,3T/4",F19,10,5,4.7357327500e+02
extra,"stage=T/2,3T/4",F20,10,5,4.1720510363e+01
extra,"stage=T/2,3T/4",F21,10,5,2.1665170038e+02
extra,"stage=T/2,3T/4",F22,10,5,1.0125389725e+02
extra,"stage=T/5,4T/5",F6,10,5,1.2824551084e+00
extra,"stage=T/5,4T/5",F7,10,5,2.5496454950e+01
extra,"stage=T/5,4T/5",F8,10,5,5.5247102962e+00
extra,"stage=T/5,4T/5",F9,10,5,9.0361291061e-02
extra,"stage=T/5,4T/5",F10,10,5,1.4531073692e+03
extra,"stage=T/5,4T/5",F11,10,5,3.7952833944e+00
extra,"stage=T/5,4T/5",F12,10,5,1.3601121335e+06
extra,"stage=T/5,4T/5",F13,10,5,1.2455350256e+03
extra,"stage=T/2,3T/4",F23,10,5,3.1846416921e+02
extra,"stage=T/2,3T/4",F24,10,5,3.3512338668e+02
extra,"stage=T/2,3T/4",F25,10,5,4.0228134652e+02
extra,"stage=T/2,3T/4",F26,10,5,3.0012297753e+02
extra,"stage=T/5,4T/5",F14,10,5,2.0242025220e+02
extra,"stage=T/5,4T/5",F15,10,5,1.9664325787e+02
extra,"stage=T/5,4T/5",F16,10,5,1.3478323656e+02
extra,"stage=T/5,4T/5",F17,10,5,4.8268095092e+01
extra,"stage=T/2,3T/4",F27,10,5,3.9409159912e+02
extra,"stage=T/2,3T/4",F28,10,5,4.7866796713e+02
extra,"stage=T/2,3T/4",F29,10,5,3.2164363566e+02
extra,"stage=T/2,3T/4",F30,10,5,3.3348685229e+04
extra,"stage=T/5,4T/5",F18,10,5,1.1410368912e+04
extra,"stage=T/5,4T/5",F19,10,5,2.4353961623e+02
extra,"stage=T/5,4T/5",F20,10,5,2.7499465516e+01
extra,"stage=T/5,4T/5",F21,10,5,2.1396888753e+02
extra,"stage=T/5,4T/5",F22,10,5,1.0172418390e+02
extra,"stage=T/5,4T/5",F23,10,5,3.2399464178e+02
extra,"stage=T/5,4T/5",F24,10,5,3.6306562658e+02
extra,"stage=T/5,4T/5",F25,10,5,3.9961279932e+02
extra,"k: nu=1/2,mu=10",F5,10,5,1.0044510092e+01
extra,"k: nu=1/2,mu=10",F6,10,5,2.3812688126e-01
extra,"k: nu=1/2,mu=10",F7,10,5,1.5935172785e+01
extra,"k: nu=1/2,mu=10",F8,10,5,1.6916620691e+01
extra,"stage=T/5,4T/5",F30,10,5,1.6634235468e+05
extra,"k: nu=1/2,mu=10",F1,10,5,3.8993598596e+04
extra,"k: nu=1/2,mu=10",F3,10,5,1.4332895886e+02
extra,"k: nu=1/2,mu=10",F4,10,5,4.1160008355e+00
extra,"k: nu=1/2,mu=10",F9,10,5,5.3370214837e-01
extra,"k: nu=1/2,mu=10",F10,10,5,5.8352200481e+02
extra,"k: nu=1/2,mu=10",F11,10,5,1.3771743452e+01
extra,"k: nu=1/2,mu=10",F12,10,5,7.5245289296e+04
extra,"k: nu=1/2,mu=10",F13,10,5,1.5249072100e+03
extra,"k: nu=1/2,mu=10",F14,10,5,1.0683162582e+02
extra,"k: nu=1/2,mu=10",F15,10,5,2.9915566915e+03
extra,"k: nu=1/2,mu=10",F16,10,5,4.6801730551e+00
extra,"stage=T/5,4T/5",F26,10,5,3.0012863869e+02
extra,"stage=T/5,4T/5",F27,10,5,3.8967732470e+02
extra,"stage=T/5,4T/5",F28,10,5,3.7824391256e+02
extra,"stage=T/5,4T/5",F29,10,5,2.5612950036e+02
extra,"k: nu=1/2,mu=10",F17,10,5,5.2471990159e+01
extra,"k: nu=1/2,mu=10",F18,10,5,4.8742178635e+03
extra,"k: nu=1/2,mu=10",F19,10,5,7.3307923295e+02
extra,"k: nu=1/2,mu=10",F20,10,5,2.7364098432e+01
extra,"k: nu=1,mu=10",F4,10,5,6.6438428536e+00
extra,"k: nu=1,mu=10",F5,10,5,1.8447853858e+01
extra,"k: nu=1,mu=10",F6,10,5,2.3313459143e+00
extra,"k: nu=1,mu=10",F7,10,5,1.9653404802e+01
extra,"k: nu=1/2,mu=10",F21,10,5,2.1650361705e+02
extra,"k: nu=1/2,mu=10",F22,10,5,1.0127017250e+02
extra,"k: nu=1/2,mu=10",F23,10,5,3.1896375219e+02
extra,"k: nu=1/2,mu=10",F24,10,5,1.0913021818e+02
extra,"k: nu=1,mu=10",F8,10,5,1.1962529143e+01
extra,"k: nu=1,mu=10",F9,10,5,7.5449945786e-03
extra,"k: nu=1,mu=10",F10,10,5,3.4067664028e+02
extra,"k: nu=1,mu=10",F11,10,5,6.5510587527e+00
extra,"k: nu=1/2,mu=10",F29,10,5,3.2494784640e+02
extra,"k: nu=1/2,mu=10",F30,10,5,7.8543867417e+05
extra,"k: nu=1,mu=10",F1,10,5,1.9867717543e+03
extra,"k: nu=1,mu=10",F3,10,5,1.4201173684e+02
extra,"k: nu=1/2,mu=10",F25,10,5,4.4520652306e+02
extra,"k: nu=1/2,mu=10",F26,10,5,3.4715909287e+02
extra,"k: nu=1/2,mu=10",F27,10,5,3.8998264727e+02
extra,"k: nu=1/2,mu=10",F28,10,5,4.1905881154e+02
extra,"k: nu=1,mu=10",F12,10,5,3.6264439483e+05
extra,"k: nu=1,mu=10",F13,10,5,2.4471041334e+02
extra,"k: nu=1,mu=10",F14,10,5,3.7517292117e+02
extra,"k: nu=1,mu=10",F15,10,5,2.8179304055e+03
extra,"k: nu=1,mu=10",F16,10,5,1.8453507892e+00
extra,"k: nu=1,mu=10",F17,10,5,2.6467440722e+01
extra,"k: nu=1,mu=10",F18,10,5,1.2540226165e+04
extra,"k: nu=1,mu=10",F19,10,5,6.0165852246e+03
extra,"k: nu=1/2,mu=5",F3,10,5,3.6079994137e+02
extra,"k: nu=1/2,mu=5",F4,10,5,7.3824684308e+00
extra,"k: nu=1/2,mu=5",F5,10,5,1.7938465329e+01
extra,"k: nu=1/2,mu=5",F6,10,5,1.2565640402e+00
extra,"k: nu=1,mu=10",F20,10,5,2.4618734503e+01
extra,"k: nu=1,mu=10",F21,10,5,2.2243971509e+02
extra,"k: nu=1,mu=10",F22,10,5,1.0084435629e+02
extra,"k: nu=1,mu=10",F23,10,5,3.0615103675e+02
extra,"k: nu=1/2,mu=5",F7,10,5,1.2504355705e+01
extra,"k: nu=1/2,mu=5",F8,10,5,1.4083666302e+01
extra,"k: nu=1/2,mu=5",F9,10,5,7.5867308738e-04
extra,"k: nu=1/2,mu=5",F10,10,5,4.8932490285e+02
extra,"k: nu=1/2,mu=5",F11,10,5,1.7690123636e+01
extra,"k: nu=1/2,mu=5",F12,10,5,3.0897349317e+04
extra,"k: nu=1/2,mu=5",F13,10,5,1.7852907005e+04
extra,"k: nu=1/2,mu=5",F14,10,5,4.0694137812e+02
extra,"k: nu=1,mu=10",F24,10,5,3.3602561493e+02
extra,"k: nu=1,mu=10",F25,10,5,3.9964603003e+02
extra,"k: nu=1,mu=10",F26,10,5,3.0011119380e+02
extra,"k: nu=1,mu=10",F27,10,5,3.8995652192e+02
extra,"k: nu=1,mu=10",F28,10,5,4.1704926112e+02
extra,"k: nu=1,mu=10",F29,10,5,2.6826762246e+02
extra,"k: nu=1,mu=10",F30,10,5,4.4813368626e+04
extra,"k: nu=1/2,mu=5",F1,10,5,1.5756975595e+03
extra,"k: nu=1/2,mu=5",F15,10,5,3.7324348662e+03
extra,"k: nu=1/2,mu=5",F16,10,5,1.2461855319e+01
extra,"k: nu=1/2,mu=5",F17,10,5,6.3306144363e+01
extra,"k: nu=1/2,mu=5",F18,10,5,2.6862252314e+04
extra,"k: nu=1/2,mu=20",F1,10,5,3.1498312068e+03
extra,"k: nu=1/2,mu=20",F3,10,5,2.3892287878e+02
extra,"k: nu=1/2,mu=20",F4,10,5,6.3270141648e+00
extra,"k: nu=1/2,mu=20",F5,10,5,8.9848251720e+00
extra,"k: nu=1/2,mu=5",F19,10,5,4.3342659969e+03
extra,"k: nu=1/2,mu=5",F20,10,5,2.6884001562e+01
extra,"k: nu=1/2,mu=5",F21,10,5,1.0707316568e+02
extra,"k: nu=1/2,mu=5",F22,10,5,1.0570911640e+02
extra,"k: nu=1/2,mu=20",F6,10,5,1.8564438171e-01
extra,"k: nu=1/2,mu=20",F7,10,5,2.7577256836e+01
extra,"k: nu=1/2,mu=20",F8,10,5,7.9636332623e+00
extra,"k: nu=1/2,mu=20",F9,10,5,1.2213453546e-02
extra,"k: nu=1/2,mu=5",F23,10,5,3.0629479668e+02
extra,"k: nu=1/2,mu=5",F24,10,5,3.4162798996e+02
extra,"k: nu=1/2,mu=5",F25,10,5,4.4417132707e+02
extra,"k: nu=1/2,mu=5",F26,10,5,3.0004805884e+02
extra,"k: nu=1/2,mu=20",F10,10,5,8.4360776683e+02
extra,"k: nu=1/2,mu=20",F11,10,5,3.9002442401e+00
extra,"k: nu=1/2,mu=20",F12,10,5,1.0174580918e+05
extra,"k: nu=1/2,mu=20",F13,10,5,4.5208467921e+03
extra,"k: nu=1/2,mu=20",F14,10,5,1.2364642717e+02
extra,"k: nu=1/2,mu=20",F15,10,5,1.8711555210e+03
extra,"k: nu=1/2,mu=20",F16,10,5,3.3325949997e+01
extra,"k: nu=1/2,mu=20",F17,10,5,3.9268543369e+01
extra,"k: nu=1/2,mu=5",F27,10,5,3.9013688781e+02
extra,"k: nu=1/2,mu=5",F28,10,5,4.1577734350e+02
extra,"k: nu=1/2,mu=5",F29,10,5,2.7357330216e+02
extra,"k: nu=1/2,mu=5",F30,10,5,1.1981585917e+05
extra,"k: nu=1/2,mu=20",F18,10,5,6.2742988628e+03
extra,"k: nu=1/2,mu=20",F19,10,5,7.7738203047e+02
extra,"k: nu=1/2,mu=20",F20,10,5,3.3032816726e+01
extra,"k: nu=1/2,mu=20",F21,10,5,2.2031014506e+02
extra,k=1 (plain OBL),F5,10,5,1.2937083142e+01
extra,k=1 (plain OBL),F6,10,5,5.5795249373e-01
extra,k=1 (plain OBL),F7,10,5,3.5299028151e+01
extra,k=1 (plain OBL),F8,10,5,3.1853583641e+01
extra,"k: nu=1/2,mu=20",F22,10,5,1.0235195809e+02
extra,"k: nu=1/2,mu=20",F23,10,5,3.2028623873e+02
extra,"k: nu=1/2,mu=20",F24,10,5,3.3934102177e+02
extra,"k: nu=1/2,mu=20",F25,10,5,3.9994783959e+02
extra,"k: nu=1/2,mu=20",F30,10,5,8.7564948837e+05
extra,k=1 (plain OBL),F1,10,5,1.4522193864e+03
extra,k=1 (plain OBL),F3,10,5,5.1037297064e+02
extra,k=1 (plain OBL),F4,10,5,4.1091584038e+00
extra,k=1 (plain OBL),F9,10,5,4.6123733869e-01
extra,k=1 (plain OBL),F10,10,5,6.0470498950e+02
extra,k=1 (plain OBL),F11,10,5,8.6135797413e+00
extra,k=1 (plain OBL),F12,10,5,5.1522913524e+05
extra,k=1 (plain OBL),F13,10,5,1.2608208455e+04
extra,k=1 (plain OBL),F14,10,5,2.1858714490e+02
extra,k=1 (plain OBL),F15,10,5,1.3089983772e+03
extra,k=1 (plain OBL),F16,10,5,4.1347291947e+01
extra,"k: nu=1/2,mu=20",F26,10,5,3.0005354709e+02
extra,"k: nu=1/2,mu=20",F27,10,5,3.8954502338e+02
extra,"k: nu=1/2,mu=20",F28,10,5,4.1627798203e+02
extra,"k: nu=1/2,mu=20",F29,10,5,2.9926110049e+02
extra,k=1 (plain OBL),F17,10,5,5.6897982545e+01
extra,k=1 (plain OBL),F18,10,5,2.9092749249e+04
extra,k=1 (plain OBL),F19,10,5,2.5189139096e+02
extra,k=1 (plain OBL),F20,10,5,9.8303379645e+00
extra,k=1 (plain OBL),F21,10,5,1.0483195200e+02
extra,k=1 (plain OBL),F22,10,5,1.0137166275e+02
extra,k=1 (plain OBL),F23,10,5,3.0797015552e+02
extra,k=1 (plain OBL),F24,10,5,1.0057725799e+02
extra,N=10,F4,10,6,6.5836319837e+00
extra,N=10,F5,10,6,1.1941416912e+01
extra,N=10,F6,10,6,3.7861111914e+00
extra,N=10,F7,10,6,3.3362570122e+01
extra,k=1 (plain OBL),F25,10,5,3.9982456295e+02
extra,k=1 (plain OBL),F26,10,5,3.4715609745e+02
extra,k=1 (plain OBL),F27,10,5,3.9077956031e+02
extra,k=1 (plain OBL),F28,10,5,4.2776464894e+02
extra,k=1 (plain OBL),F29,10,5,2.5564453476e+02
extra,k=1 (plain OBL),F30,10,5,7.9079240750e+05
extra,N=10,F1,10,6,2.9796052724e+03
extra,N=10,F3,10,6,8.4184580150e+01
extra,N=10,F8,10,6,1.3932238616e+01
extra,N=10,F9,10,6,1.9106151941e+00
extra,N=10,F10,10,6,3.9899973613e+02
extra,N=10,F11,10,6,1.7918627387e+01
extra,N=10,F12,10,6,2.1821610380e+06
extra,N=10,F13,10,6,1.0288210014e+04
extra,N=10,F14,10,6,1.6768208826e+02
extra,N=10,F15,10,6,1.0502466782e+04
extra,N=10,F16,10,6,1.2540987054e+02
extra,N=10,F17,10,6,5.0728224813e+01
extra,N=10,F18,10,6,9.2081820726e+03
extra,N=10,F19,10,6,5.1943492663e+03
extra,N=20,F3,10,6,6.2731848556e+01
extra,N=20,F4,10,6,5.6072899494e+00
extra,N=20,F5,10,6,2.1404395809e+01
extra,N=20,F6,10,6,2.2122674664e-01
extra,N=10,F20,10,6,2.9181238405e+01
extra,N=10,F21,10,6,1.0505946734e+02
extra,N=10,F22,10,6,1.0177260567e+02
extra,N=10,F23,10,6,3.2190008604e+02
extra,N=20,F7,10,6,2.0019120749e+01
extra,N=20,F8,10,6,1.3950141075e+01
extra,N=20,F9,10,6,5.4462036522e-01
extra,N=20,F10,10,6,9.2618012676e+02
extra,N=20,F11,10,6,6.2336736766e+00
extra,N=20,F12,10,6,2.0117700416e+05
extra,N=20,F13,10,6,9.9226858978e+03
extra,N=20,F14,10,6,4.2696120741e+02
extra,N=20,F15,10,6,2.7323651547e+02
extra,N=20,F16,10,6,2.8889592908e+00
extra,N=20,F17,10,6,4.2387799130e+01
extra,N=20,F18,10,6,1.7209132117e+04
extra,N=10,F24,10,6,3.3936613291e+02
extra,N=10,F25,10,6,4.5091023200e+02
extra,N=10,F26,10,6,4.8902886967e+02
extra,N=10,F27,10,6,3.8924806634e+02
extra,N=20,F19,10,6,7.8876010522e+02
extra,N=20,F20,10,6,2.7532166270e+01
extra,N=20,F21,10,6,2.0756132988e+02
extra,N=20,F22,10,6,1.0289805665e+02
extra,N=10,F28,10,6,6.1182166588e+02
extra,N=10,F29,10,6,2.6071196033e+02
extra,N=10,F30,10,6,4.6735998333e+04
extra,N=20,F1,10,6,3.6510118976e+02
extra,N=50,F1,10,6,7.0733690120e+04
extra,N=50,F3,10,6,3.5873358440e+02
extra,N=50,F4,10,6,7.4290107018e+00
extra,N=50,F5,10,6,1.7477864962e+01
extra,N=50,F6,10,6,2.2114675993e-01
extra,N=50,F7,10,6,2.6276203371e+01
extra,N=50,F8,10,6,2.0937709639e+01
extra,N=50,F9,10,6,1.6695591329e-02
extra,N=50,F10,10,6,3.6150718854e+02
extra,N=50,F11,10,6,5.0367715004e+00
extra,N=50,F12,10,6,9.9128649996e+05
extra,N=50,F13,10,6,1.3504636355e+04
extra,N=50,F14,10,6,1.1785366003e+02
extra,N=50,F15,10,6,1.7524506229e+03
extra,N=50,F16,10,6,3.2720206129e+00
extra,N=50,F17,10,6,4.0467146332e+01
extra,N=20,F23,10,6,3.1944570856e+02
extra,N=20,F24,10,6,3.3903540708e+02
extra,N=20,F25,10,6,4.0010782769e+02
extra,N=20,F26,10,6,3.4714916528e+02
extra,N=50,F18,10,6,4.7324065259e+02
extra,N=50,F19,10,6,1.1080688175e+03
extra,N=50,F20,10,6,2.6969029122e+01
extra,N=50,F21,10,6,2.2827650906e+02
extra,N=50,F30,10,6,8.4243354839e+05
extra,N=100,F1,10,6,4.8594508747e+06
extra,N=100,F3,10,6,9.4090867929e+02
extra,N=100,F4,10,6,7.1726563526e+00
extra,N=50,F22,10,6,1.0062147500e+02
extra,N=50,F23,10,6,3.1205291542e+02
extra,N=50,F24,10,6,3.4240095773e+02
extra,N=50,F25,10,6,4.4602746281e+02
extra,N=100,F5,10,6,9.2695035654e+00
extra,N=100,F6,10,6,1.4265450734e+00
extra,N=100,F7,10,6,1.9583198470e+01
extra,N=100,F8,10,6,7.2257257877e+00
extra,N=20,F27,10,6,3.9608608631e+02
extra,N=20,F28,10,6,6.1182167148e+02
extra,N=20,F29,10,6,2.6112389823e+02
extra,N=20,F30,10,6,1.6345212172e+06
extra,N=100,F9,10,6,2.1365160126e+00
extra,N=100,F10,10,6,1.0304203304e+03
extra,N=100,F11,10,6,9.1280618223e+00
extra,N=100,F12,10,6,1.0277406925e+06
extra,N=100,F13,10,6,4.8261532301e+03
extra,N=100,F14,10,6,3.1760309158e+02
extra,N=100,F15,10,6,3.5041021382e+03
extra,N=100,F16,10,6,1.3332419843e+02
extra,N=50,F26,10,6,3.0152934140e+02
extra,N=50,F27,10,6,3.8940522340e+02
extra,N=50,F28,10,6,3.0068419161e+02
extra,N=50,F29,10,6,3.1893401428e+02
extra,N=100,F17,10,6,4.1789148317e+01
extra,N=100,F18,10,6,4.9909585613e+04
extra,N=100,F19,10,6,1.7597100243e+03
extra,N=100,F20,10,6,5.0112149470e+01
extra,N=100,F21,10,6,1.0596330076e+02
extra,N=100,F22,10,6,1.0194898988e+02
extra,N=100,F23,10,6,3.2211548062e+02
extra,N=100,F24,10,6,1.1239747510e+02
extra,beta=1.1,F4,10,6,5.4324458281e+00
extra,beta=1.1,F5,10,6,6.9789042058e+00
extra,beta=1.1,F6,10,6,5.6930708300e-01
extra,beta=1.1,F7,10,6,2.8327794921e+01
extra,N=100,F29,10,6,2.5355465325e+02
extra,N=100,F30,10,6,6.5385726628e+05
extra,beta=1.1,F1,10,6,5.8951080022e+03
extra,beta=1.1,F3,10,6,3.8919326742e+01
extra,N=100,F25,10,6,4.4670912079e+02
extra,N=100,F26,10,6,3.8731224844e+02
extra,N=100,F27,10,6,3.9083518982e+02
extra,N=100,F28,10,6,4.9942817980e+02
extra,beta=1.1,F8,10,6,1.8906609762e+01
extra,beta=1.1,F9,10,6,5.4507369027e-03
extra,beta=1.1,F10,10,6,1.5411431387e+02
extra,beta=1.1,F11,10,6,5.4139544916e+00
extra,beta=1.1,F12,10,6,1.2457800802e+06
extra,beta=1.1,F13,10,6,2.7680681686e+03
extra,beta=1.1,F14,10,6,2.8431665383e+02
extra,beta=1.1,F15,10,6,1.9641220285e+03
extra,beta=1.1,F16,10,6,2.8741374955e+01
extra,beta=1.1,F17,10,6,2.8055037413e+01
extra,beta=1.1,F18,10,6,7.1557737048e+03
extra,beta=1.1,F19,10,6,1.5159286150e+02
extra,beta=1.1,F20,10,6,3.2696457339e+01
extra,beta=1.1,F21,10,6,2.1454716363e+02
extra,beta=1.1,F22,10,6,1.0248475087e+02
extra,beta=1.1,F23,10,6,3.1173346476e+02
extra,beta=1.3,F3,10,6,1.4203125820e+02
extra,beta=1.3,F4,10,6,6.3325253899e+00
extra,beta=1.3,F5,10,6,1.1948416396e+01
extra,beta=1.3,F6,10,6,1.3613430260e+00
extra,beta=1.3,F7,10,6,2.9398936324e+01
extra,beta=1.3,F8,10,6,8.0332406638e+00
extra,beta=1.3,F9,10,6,3.9416229706e-02
extra,beta=1.3,F10,10,6,6.6169857015e+02
extra,beta=1.1,F24,10,6,1.0140604781e+02
extra,beta=1.1,F25,10,6,4.0018789714e+02
extra,beta=1.1,F26,10,6,3.4717006398e+02
extra,beta=1.1,F27,10,6,3.9077607330e+02
extra,beta=1.3,F11,10,6,5.7412507625e+00
extra,beta=1.3,F12,10,6,7.6298576943e+05
extra,beta=1.3,F13,10,6,1.1106573740e+03
extra,beta=1.3,F14,10,6,3.1939589809e+02
extra,beta=1.1,F28,10,6,3.9671424214e+02
extra,beta=1.1,F29,10,6,3.0394991659e+02
extra,beta=1.1,F30,10,6,6.6069844239e+04
extra,beta=1.3,F1,10,6,1.0260867254e+04
extra,beta=1.3,F15,10,6,2.2847121799e+03
extra,beta=1.3,F16,10,6,3.9060122330e+01
extra,beta=1.3,F17,10,6,8.6558336652e+01
extra,beta=1.3,F18,10,6,7.3765453683e+03
extra,beta=1.5,F1,10,6,5.2755508093e+04
extra,beta=1.5,F3,10,6,1.8977892487e+02
extra,beta=1.5,F4,10,6,7.2323703251e+00
extra,beta=1.5,F5,10,6,1.2971335770e+01
extra,beta=1.3,F19,10,6,6.2360088144e+02
extra,beta=1.3,F20,10,6,3.1243922637e+01
extra,beta=1.3,F21,10,6,1.0364210670e+02
extra,beta=1.3,F22,10,6,1.0015122258e+02
extra,beta=1.5,F6,10,6,1.6180355440e-01
extra,beta=1.5,F7,10,6,1.9124970546e+01
extra,beta=1.5,F8,10,6,1.8907243456e+01
extra,beta=1.5,F9,10,6,3.3152374635e-03
extra,beta=1.3,F23,10,6,3.1537806975e+02
extra,beta=1.3,F24,10,6,1.0163166991e+02
extra,beta=1.3,F25,10,6,4.4835815255e+02
extra,beta=1.3,F26,10,6,3.0028707544e+02
extra,beta=1.5,F10,10,6,1.0548237190e+03
extra,beta=1.5,F11,10,6,2.0834161056e+01
extra,beta=1.5,F12,10,6,2.0788663827e+06
extra,beta=1.5,F13,10,6,1.9884543209e+04
extra,beta=1.5,F14,10,6,2.4217598692e+02
extra,beta=1.5,F15,10,6,6.8759981925e+03
extra,beta=1.5,F16,10,6,3.8569693143e+01
extra,beta=1.5,F17,10,6,4.4127962221e+01
extra,beta=1.5,F18,10,6,2.9648569176e+03
extra,beta=1.5,F19,10,6,9.9671257396e+02
extra,beta=1.5,F20,10,6,2.6680288199e+01
extra,beta=1.5,F21,10,6,2.1448866717e+02
extra,beta=1.3,F27,10,6,3.9271759188e+02
extra,beta=1.3,F28,10,6,3.7887400690e+02
extra,beta=1.3,F29,10,6,2.7758586394e+02
extra,beta=1.3,F30,10,6,7.8315466437e+05
extra,beta=1.9,F5,10,6,7.9622884890e+00
extra,beta=1.9,F6,10,6,1.3008194161e-01
extra,beta=1.9,F7,10,6,2.5522965057e+01
extra,beta=1.9,F8,10,6,6.9649995840e+00
extra,beta=1.5,F22,10,6,1.0017877829e+02
extra,beta=1.5,F23,10,6,3.2126315526e+02
extra,beta=1.5,F24,10,6,3.4312028421e+02
extra,beta=1.5,F25,10,6,4.4814960637e+02
extra,beta=1.5,F30,10,6,8.6525441856e+05
extra,beta=1.9,F1,10,6,2.3928566757e+02
extra,beta=1.9,F3,10,6,2.2946793331e+01
extra,beta=1.9,F4,10,6,6.4439149838e+00
extra,beta=1.9,F9,10,6,3.0882588478e-03
extra,beta=1.9,F10,10,6,1.0291708047e+03
extra,beta=1.9,F11,10,6,1.2706831572e+01
extra,beta=1.9,F12,10,6,8.0673865723e+03
extra,beta=1.9,F13,10,6,4.9286828092e+03
extra,beta=1.9,F14,10,6,2.9357215524e+02
extra,beta=1.9,F15,10,6,2.3580582880e+03
extra,beta=1.9,F16,10,6,1.2521667115e+02
extra,beta=1.5,F26,10,6,3.0035377423e+02
extra,beta=1.5,F27,10,6,3.9750987720e+02
extra,beta=1.5,F28,10,6,4.1939361451e+02
extra,beta=1.5,F29,10,6,2.8726037233e+02
extra,beta=1.9,F17,10,6,4.2533916138e+01
extra,beta=1.9,F18,10,6,3.5421432408e+04
extra,beta=1.9,F19,10,6,5.7079144240e+02
extra,beta=1.9,F20,10,6,3.5931155841e+01
extra,"stage=T/3,2T/3",F4,10,6,7.6800682372e+00
extra,"stage=T/3,2T/3",F5,10,6,9.9528808026e+00
extra,"stage=T/3,2T/3",F6,10,6,1.0265343151e+00
extra,"stage=T/3,2T/3",F7,10,6,1.9969482620e+01
extra,beta=1.9,F21,10,6,1.0360951263e+02
extra,beta=1.9,F22,10,6,1.0016984827e+02
extra,beta=1.9,F23,10,6,3.1713121494e+02
extra,beta=1.9,F24,10,6,1.0225032136e+02
extra,"stage=T/3,2T/3",F8,10,6,1.9917702753e+01
extra,"stage=T/3,2T/3",F9,10,6,3.4723067067e-02
extra,"stage=T/3,2T/3",F10,10,6,6.5022845416e+02
extra,"stage=T/3,2T/3",F11,10,6,1.1707922200e+01
extra,beta=1.9,F29,10,6,2.9971610845e+02
extra,beta=1.9,F30,10,6,2.4328036360e+05
extra,"stage=T/3,2T/3",F1,10,6,1.4115033301e+03
extra,"stage=T/3,2T/3",F3,10,6,2.9903185589e+01
extra,beta=1.9,F25,10,6,3.9961116921e+02
extra,beta=1.9,F26,10,6,4.1859215541e+02
extra,beta=1.9,F27,10,6,3.9574255497e+02
extra,beta=1.9,F28,10,6,3.6813707493e+02
extra,"stage=T/3,2T/3",F12,10,6,1.7638265478e+06
extra,"stage=T/3,2T/3",F13,10,6,1.6688929847e+03
extra,"stage=T/3,2T/3",F14,10,6,3.2326212218e+02
extra,"stage=T/3,2T/3",F15,10,6,4.8976342725e+03
extra,"stage=T/3,2T/3",F16,10,6,3.9226655841e+01
extra,"stage=T/3,2T/3",F17,10,6,2.3239259123e+01
extra,"stage=T/3,2T/3",F18,10,6,1.8990261612e+04
extra,"stage=T/3,2T/3",F19,10,6,8.1220027940e+02
extra,"stage=T/4,3T/4",F3,10,6,1.6284501573e+02
extra,"stage=T/4,3T/4",F4,10,6,7.1057009713e+00
extra,"stage=T/4,3T/4",F5,10,6,1.2948764669e+01
extra,"stage=T/4,3T/4",F6,10,6,2.8413729210e-01
extra,"stage=T/3,2T/3",F20,10,6,3.2645943875e+01
extra,"stage=T/3,2T/3",F21,10,6,2.1984198407e+02
extra,"stage=T/3,2T/3",F22,10,6,1.0103251468e+02
extra,"stage=T/3,2T/3",F23,10,6,3.1842322821e+02
extra,"stage=T/4,3T/4",F7,10,6,1.8310459516e+01
extra,"stage=T/4,3T/4",F8,10,6,1.0947858973e+01
extra,"stage=T/4,3T/4",F9,10,6,4.5575268990e-01
extra,"stage=T/4,3T/4",F10,10,6,6.2118653648e+02
extra,"stage=T/3,2T/3",F24,10,6,1.0237529605e+02
extra,"stage=T/3,2T/3",F25,10,6,3.9996120863e+02
extra,"stage=T/3,2T/3",F26,10,6,3.0005885584e+02
extra,"stage=T/3,2T/3",F27,10,6,3.9242645833e+02
extra,"stage=T/3,2T/3",F28,10,6,3.6804205474e+02
extra,"stage=T/3,2T/3",F29,10,6,2.5964657480e+02
extra,"stage=T/3,2T/3",F30,10,6,1.1780259004e+06
extra,"stage=T/4,3T/4",F1,10,6,3.8523585183e+03
extra,"stage=T/4,3T/4",F11,10,6,5.8869170379e+00
extra,"stage=T/4,3T/4",F12,10,6,9.5716019480e+05
extra,"stage=T/4,3T/4",F13,10,6,1.5942795381e+04
extra,"stage=T/4,3T/4",F14,10,6,1.9001826577e+02
extra,"stage=T/4,3T/4",F15,10,6,2.4402117022e+02
extra,"stage=T/4,3T/4",F16,10,6,3.9636772601e+01
extra,"stage=T/4,3T/4",F17,10,6,4.0765812082e+01
extra,"stage=T/4,3T/4",F18,10,6,9.3873655877e+03
extra,"stage=T/2,3T/4",F1,10,6,4.0903380355e+04
extra,"stage=T/2,3T/4",F3,10,6,2.8258192814e+01
extra,"stage=T/2,3T/4",F4,10,6,5.8715860403e+00
extra,"stage=T/2,3T/4",F5,10,6,1.0019061968e+01
extra,"stage=T/4,3T/4",F19,10,6,1.9707681452e+03
extra,"stage=T/4,3T/4",F20,10,6,2.8509657167e+01
extra,"stage=T/4,3T/4",F21,10,6,1.0448919100e+02
extra,"stage=T/4,3T/4",F22,10,6,1.0194837234e+02
extra,"stage=T/2,3T/4",F6,10,6,1.4033765423e-01
extra,"stage=T/2,3T/4",F7,10,6,1.8500576221e+01
extra,"stage=T/2,3T/4",F8,10,6,1.3932694589e+01
extra,"stage=T/2,3T/4",F9,10,6,2.4883445280e-03
extra,"stage=T/4,3T/4",F23,10,6,3.2879308096e+02
extra,"stage=T/4,3T/4",F24,10,6,3.3842510305e+02
extra,"stage=T/4,3T/4",F25,10,6,3.9961496496e+02
extra,"stage=T/4,3T/4",F26,10,6,3.0014658218e+02
extra,"stage=T/2,3T/4",F10,10,6,4.3524579356e+02
extra,"stage=T/2,3T/4",F11,10,6,5.7620733580e+00
extra,"stage=T/2,3T/4",F12,10,6,5.6315715539e+04
extra,"stage=T/2,3T/4",F13,10,6,1.3338376812e+04
extra,"stage=T/2,3T/4",F14,10,6,2.0762296008e+02
extra,"stage=T/2,3T/4",F15,10,6,4.8719025116e+03
extra,"stage=T/2,3T/4",F16,10,6,1.3656282854e+02
extra,"stage=T/2,3T/4",F17,10,6,2.5133322206e+01
extra,"stage=T/4,3T/4",F27,10,6,3.8954778661e+02
extra,"stage=T/4,3T/4",F28,10,6,6.1184543537e+02
extra,"stage=T/4,3T/4",F29,10,6,2.8973876016e+02
extra,"stage=T/4,3T/4",F30,10,6,7.6040568058e+05
extra,"stage=T/2,3T/4",F18,10,6,1.6254202913e+04
extra,"stage=T/2,3T/4",F19,10,6,8.3579795605e+01
extra,"stage=T/2,3T/4",F20,10,6,3.0444589960e+01
extra,"stage=T/2,3T/4",F21,10,6,2.0517243696e+02
extra,"stage=T/5,4T/5",F5,10,6,8.9591360698e+00
extra,"stage=T/5,4T/5",F6,10,6,1.9718017368e-01
extra,"stage=T/5,4T/5",F7,10,6,1.9507432164e+01
extra,"stage=T/5,4T/5",F8,10,6,9.9502938157e+00
extra,"stage=T/2,3T/4",F30,10,6,3.0958795898e+05
extra,"stage=T/5,4T/5",F1,10,6,9.7356949430e+02
extra,"stage=T/5,4T/5",F3,10,6,3.1819589830e+02
extra,"stage=T/5,4T/5",F4,10,6,4.5776957978e+00
extra,"stage=T/2,3T/4",F22,10,6,2.1209052008e+01
extra,"stage=T/2,3T/4",F23,10,6,3.0919983116e+02
extra,"stage=T/2,3T/4",F24,10,6,3.4423986187e+02
extra,"stage=T/2,3T/4",F25,10,6,3.9931758420e+02
extra,"stage=T/5,4T/5",F9,10,6,2.0077778686e-05
extra,"stage=T/5,4T/5",F10,10,6,4.0311209798e+02
extra,"stage=T/5,4T/5",F11,10,6,2.8260401620e+00
extra,"stage=T/5,4T/5",F12,10,6,2.4063039282e+04
extra,"stage=T/5,4T/5",F13,10,6,2.7098212789e+03
extra,"stage=T/5,4T/5",F14,10,6,7.5372825797e+02
extra,"stage=T/5,4T/5",F15,10,6,5.6215206445e+03
extra,"stage=T/5,4T/5",F16,10,6,1.4898348327e+01
extra,"stage=T/2,3T/4",F26,10,6,3.0046557087e+02
extra,"stage=T/2,3T/4",F27,10,6,3.9067259975e+02
extra,"stage=T/2,3T/4",F28,10,6,3.6562347711e+02
extra,"stage=T/2,3T/4",F29,10,6,2.4221898657e+02
extra,"stage=T/5,4T/5",F17,10,6,4.3342269966e+01
extra,"stage=T/5,4T/5",F18,10,6,6.1005363795e+03
extra,"stage=T/5,4T/5",F19,10,6,4.5092526580e+02
extra,"stage=T/5,4T/5",F20,10,6,4.0691906844e+00
extra,"k: nu=1/2,mu=10",F4,10,6,6.7295661995e+00
extra,"k: nu=1/2,mu=10",F5,10,6,8.0803607507e+00
extra,"k: nu=1/2,mu=10",F6,10,6,2.8808768993e+00
extra,"k: nu=1/2,mu=10",F7,10,6,1.8468951757e+01
extra,"stage=T/5,4T/5",F21,10,6,2.1178806292e+02
extra,"stage=T/5,4T/5",F22,10,6,1.0264206460e+02
extra,"stage=T/5,4T/5",F23,10,6,3.1840925925e+02
extra,"stage=T/5,4T/5",F24,10,6,3.4252094689e+02
extra,"stage=T/5,4T/5",F29,10,6,2.8716194780e+02
extra,"stage=T/5,4T/5",F30,10,6,3.0677135792e+04
extra,"k: nu=1/2,mu=10",F1,10,6,5.1331256202e+03
extra,"k: nu=1/2,mu=10",F3,10,6,2.8413915157e+02
extra,"k: nu=1/2,mu=10",F8,10,6,1.2977243946e+01
extra,"k: nu=1/2,mu=10",F9,10,6,3.8252668729e-03
extra,"k: nu=1/2,mu=10",F10,10,6,7.8267072805e+02
extra,"k: nu=1/2,mu=10",F11,10,6,6.7078442599e+00
extra,"k: nu=1/2,mu=10",F12,10,6,8.3838584903e+05
extra,"k: nu=1/2,mu=10",F13,10,6,1.0698038963e+04
extra,"k: nu=1/2,mu=10",F14,10,6,4.4612561019e+02
extra,"k: nu=1/2,mu=10",F15,10,6,1.6228344608e+03
extra,"stage=T/5,4T/5",F25,10,6,4.5033380934e+02
extra,"stage=T/5,4T/5",F26,10,6,3.9788976150e+02
extra,"stage=T/5,4T/5",F27,10,6,3.9226369037e+02
extra,"stage=T/5,4T/5",F28,10,6,3.7560326439e+02
extra,"k: nu=1/2,mu=10",F16,10,6,1.2166175253e+01
extra,"k: nu=1/2,mu=10",F17,10,6,2.9412907004e+01
extra,"k: nu=1/2,mu=10",F18,10,6,9.9244781963e+03
extra,"k: nu=1/2,mu=10",F19,10,6,1.0674643256e+03
extra,"k: nu=1,mu=10",F3,10,6,5.0029718108e+02
extra,"k: nu=1,mu=10",F4,10,6,5.8820332506e+00
extra,"k: nu=1,mu=10",F5,10,6,5.9745847228e+00
extra,"k: nu=1,mu=10",F6,10,6,6.5139378998e-01
extra,"k: nu=1/2,mu=10",F20,10,6,3.9551292308e+01
extra,"k: nu=1/2,mu=10",F21,10,6,1.0356990239e+02
extra,"k: nu=1/2,mu=10",F22,10,6,1.0032624031e+02
extra,"k: nu=1/2,mu=10",F23,10,6,3.1425249363e+02
extra,"k: nu=1,mu=10",F7,10,6,2.9696417564e+01
extra,"k: nu=1,mu=10",F8,10,6,2.8860273317e+01
extra,"k: nu=1,mu=10",F9,10,6,9.9686337016e-02
extra,"k: nu=1,mu=10",F10,10,6,4.4181457745e+02
extra,"k: nu=1/2,mu=10",F24,10,6,3.5513172027e+02
extra,"k: nu=1/2,mu=10",F25,10,6,3.9971405827e+02
extra,"k: nu=1/2,mu=10",F26,10,6,3.0022602718e+02
extra,"k: nu=1/2,mu=10",F27,10,6,3.9407343709e+02
extra,"k: nu=1,mu=10",F11,10,6,9.9332150727e+00
extra,"k: nu=1,mu=10",F12,10,6,1.6561345883e+04
extra,"k: nu=1,mu=10",F13,10,6,5.8986490875e+03
extra,"k: nu=1,mu=10",F14,10,6,2.2251444518e+02
extra,"k: nu=1/2,mu=10",F28,10,6,2.7695781443e+01
extra,"k: nu=1/2,mu=10",F29,10,6,2.9619965107e+02
extra,"k: nu=1/2,mu=10",F30,10,6,1.8109786875e+05
extra,"k: nu=1,mu=10",F1,10,6,1.6059969891e+04
extra,"k: nu=1,mu=10",F15,10,6,2.5409709424e+03
extra,"k: nu=1,mu=10",F16,10,6,1.3519563923e+02
extra,"k: nu=1,mu=10",F17,10,6,3.1086463241e+01
extra,"k: nu=1,mu=10",F18,10,6,7.7931272337e+03
extra,"k: nu=1/2,mu=5",F1,10,6,1.8350725518e+04
extra,"k: nu=1/2,mu=5",F3,10,6,2.3483531713e+02
extra,"k: nu=1/2,mu=5",F4,10,6,7.5257419213e+00
extra,"k: nu=1/2,mu=5",F5,10,6,1.1718961639e+01
extra,"k: nu=1/2,mu=5",F6,10,6,6.7331051810e-01
extra,"k: nu=1/2,mu=5",F7,10,6,2.1226697241e+01
extra,"k: nu=1/2,mu=5",F8,10,6,1.0966739302e+01
extra,"k: nu=1/2,mu=5",F9,10,6,4.6674191081e-02
extra,"k: nu=1,mu=10",F19,10,6,3.4929044124e+03
extra,"k: nu=1,mu=10",F20,10,6,1.8259599507e+01
extra,"k: nu=1,mu=10",F21,10,6,2.1068638823e+02
extra,"k: nu=1,mu=10",F22,10,6,1.0084018124e+02
extra,"k: nu=1/2,mu=5",F10,10,6,8.3021817011e+02
extra,"k: nu=1/2,mu=5",F11,10,6,4.9270733539e+00
extra,"k: nu=1/2,mu=5",F12,10,6,2.7055650116e+06
extra,"k: nu=1/2,mu=5",F13,10,6,2.8057919439e+04
extra,"k: nu=1,mu=10",F23,10,6,3.0995071044e+02
extra,"k: nu=1,mu=10",F24,10,6,1.0272964902e+02
extra,"k: nu=1,mu=10",F25,10,6,4.4405756016e+02
extra,"k: nu=1,mu=10",F26,10,6,3.0014813068e+02
extra,"k: nu=1/2,mu=5",F14,10,6,2.6297199439e+02
extra,"k: nu=1/2,mu=5",F15,10,6,8.3818035838e+02
extra,"k: nu=1/2,mu=5",F16,10,6,1.3564652748e+02
extra,"k: nu=1/2,mu=5",F17,10,6,2.5573232126e+01
extra,"k: nu=1,mu=10",F27,10,6,3.9242487178e+02
extra,"k: nu=1,mu=10",F28,10,6,3.6837548864e+02
extra,"k: nu=1,mu=10",F29,10,6,2.8119430494e+02
extra,"k: nu=1,mu=10",F30,10,6,1.7845080841e+04
extra,"k: nu=1/2,mu=5",F18,10,6,1.3358036039e+02
extra,"k: nu=1/2,mu=5",F19,10,6,1.9128967006e+02
extra,"k: nu=1/2,mu=5",F20,10,6,2.4738114886e+01
extra,"k: nu=1/2,mu=5",F21,10,6,1.0377803246e+02
extra,"k: nu=1/2,mu=20",F5,10,6,1.1972303919e+01
extra,"k: nu=1/2,mu=20",F6,10,6,5.1602287956e-01
extra,"k: nu=1/2,mu=20",F7,10,6,2.2419388522e+01
extra,"k: nu=1/2,mu=20",F8,10,6,6.9655607307e+00
extra,"k: nu=1/2,mu=5",F30,10,6,9.7992268438e+05
extra,"k: nu=1/2,mu=20",F1,10,6,6.3713410333e+03
extra,"k: nu=1/2,mu=20",F3,10,6,2.3262617443e+02
extra,"k: nu=1/2,mu=20",F4,10,6,5.9691635637e+00
extra,"k: nu=1/2,mu=20",F9,10,6,1.8431577254e+00
extra,"k: nu=1/2,mu=20",F10,10,6,6.6070177727e+02
extra,"k: nu=1/2,mu=20",F11,10,6,1.0569298519e+01
extra,"k: nu=1/2,mu=20",F12,10,6,2.6775884053e+05
extra,"k: nu=1/2,mu=5",F22,10,6,1.0091342637e+02
extra,"k: nu=1/2,mu=5",F23,10,6,3.0961290452e+02
extra,"k: nu=1/2,mu=5",F24,10,6,3.4225943758e+02
extra,"k: nu=1/2,mu=5",F25,10,6,4.4506570968e+02
extra,"k: nu=1/2,mu=20",F13,10,6,9.0528614697e+03
extra,"k: nu=1/2,mu=20",F14,10,6,1.5308099657e+02
extra,"k: nu=1/2,mu=20",F15,10,6,1.7653314967e+03
extra,"k: nu=1/2,mu=20",F16,10,6,4.3195107406e+01
extra,"k: nu=1/2,mu=5",F26,10,6,3.0007813643e+02
extra,"k: nu=1/2,mu=5",F27,10,6,3.8932069447e+02
extra,"k: nu=1/2,mu=5",F28,10,6,3.8019613406e+02
extra,"k: nu=1/2,mu=5",F29,10,6,2.6078767606e+02
extra,"k: nu=1/2,mu=20",F17,10,6,1.0043861271e+02
extra,"k: nu=1/2,mu=20",F18,10,6,4.1084787630e+02
extra,"k: nu=1/2,mu=20",F19,10,6,3.7474082785e+01
extra,"k: nu=1/2,mu=20",F20,10,6,2.4982346646e+01
extra,"k: nu=1/2,mu=20",F21,10,6,1.0730559565e+02
extra,"k: nu=1/2,mu=20",F22,10,6,1.0232178424e+02
extra,"k: nu=1/2,mu=20",F23,10,6,3.1528181689e+02
extra,"k: nu=1/2,mu=20",F24,10,6,1.0177697704e+02
extra,k=1 (plain OBL),F4,10,6,6.5377642544e+00
extra,k=1 (plain OBL),F5,10,6,1.1015353444e+01
extra,k=1 (plain OBL),F6,10,6,4.5205385422e-01
extra,k=1 (plain OBL),F7,10,6,2.5217561895e+01
extra,k=1 (plain OBL),F8,10,6,9.5971155330e+00
extra,k=1 (plain OBL),F9,10,6,4.3261054545e-03
extra,k=1 (plain OBL),F10,10,6,7.4168996553e+02
extra,k=1 (plain OBL),F11,10,6,1.3097403257e+01
extra,k=1 (plain OBL),F12,10,6,6.2074206497e+05
extra,k=1 (plain OBL),F13,10,6,1.0341078974e+04
extra,k=1 (plain OBL),F14,10,6,1.8243125977e+02
extra,k=1 (plain OBL),F15,10,6,1.1135857085e+03
extra,"k: nu=1/2,mu=20",F29,10,6,2.8347196013e+02
extra,"k: nu=1/2,mu=20",F30,10,6,4.2397006388e+05
extra,k=1 (plain OBL),F1,10,6,5.6063411790e+03
extra,k=1 (plain OBL),F3,10,6,1.6671731973e+02
extra,"k: nu=1/2,mu=20",F25,10,6,4.4386955191e+02
extra,"k: nu=1/2,mu=20",F26,10,6,3.0052765384e+02
extra,"k: nu=1/2,mu=20",F27,10,6,3.8955367383e+02
extra,"k: nu=1/2,mu=20",F28,10,6,6.1182166810e+02
extra,k=1 (plain OBL),F16,10,6,8.2486580072e+00
extra,k=1 (plain OBL),F17,10,6,3.5221378935e+01
extra,k=1 (plain OBL),F18,10,6,7.3440652884e+03
extra,k=1 (plain OBL),F19,10,6,6.2731760355e+02
extra,k=1 (plain OBL),F20,10,6,2.3254341711e+01
extra,k=1 (plain OBL),F21,10,6,2.0759813804e+02
extra,k=1 (plain OBL),F22,10,6,1.0034066701e+02
extra,k=1 (plain OBL),F23,10,6,3.1877388066e+02
extra,k=1 (plain OBL),F24,10,6,1.0178540759e+02
extra,k=1 (plain OBL),F25,10,6,3.9930323592e+02
extra,k=1 (plain OBL),F26,10,6,3.0009977838e+02
extra,k=1 (plain OBL),F27,10,6,3.9064109302e+02
extra,N=10,F3,10,7,1.8433847005e+02
extra,N=10,F4,10,7,7.9768377593e+00
extra,N=10,F5,10,7,1.6918607586e+01
extra,N=10,F6,10,7,9.1913847943e-01
extra,k=1 (plain OBL),F28,10,6,5.8373859162e+02
extra,k=1 (plain OBL),F29,10,6,2.7013878977e+02
extra,k=1 (plain OBL),F30,10,6,2.7477082472e+06
extra,N=10,F1,10,7,3.9658101927e+03
extra,N=10,F7,10,7,3.1578502782e+01
extra,N=10,F8,10,7,1.0948394342e+01
extra,N=10,F9,10,7,2.3722816180e-01
extra,N=10,F10,10,7,1.0410781047e+03
extra,N=10,F11,10,7,9.1219455684e+00
extra,N=10,F12,10,7,5.9144153803e+05
extra,N=10,F13,10,7,4.0919144285e+02
extra,N=10,F14,10,7,7.9752500915e+01
extra,N=10,F15,10,7,5.3509654299e+03
extra,N=10,F16,10,7,1.5699832836e+01
extra,N=10,F17,10,7,5.5845417929e+01
extra,N=10,F18,10,7,6.1543633855e+03
extra,N=20,F1,10,7,4.6730267017e+02
extra,N=20,F3,10,7,3.6452657266e+01
extra,N=20,F4,10,7,6.2666816293e+00
extra,N=20,F5,10,7,7.0091066651e+00
extra,N=10,F19,10,7,2.6966300013e+02
extra,N=10,F20,10,7,3.0466518593e+01
extra,N=10,F21,10,7,1.0315979747e+02
extra,N=10,F22,10,7,1.1244375757e+02
extra,N=20,F6,10,7,4.3162558105e+00
extra,N=20,F7,10,7,1.6580877960e+01
extra,N=20,F8,10,7,1.8526696396e+01
extra,N=20,F9,10,7,1.9662227641e-01
extra,N=20,F10,10,7,5.2687689697e+02
extra,N=20,F11,10,7,3.7123277482e+00
extra,N=20,F12,10,7,7.8798727566e+04
extra,N=20,F13,10,7,6.2977285321e+03
extra,N=20,F14,10,7,1.3855932962e+02
extra,N=20,F15,10,7,7.8684047001e+02
extra,N=20,F16,10,7,4.1245790148e+01
extra,N=20,F17,10,7,7.6078313869e+00
extra,N=10,F23,10,7,3.1298712265e+02
extra,N=10,F24,10,7,3.4951697872e+02
extra,N=10,F25,10,7,3.9862793592e+02
extra,N=10,F26,10,7,5.1597451719e+02
extra,N=20,F18,10,7,2.6976987721e+04
extra,N=20,F19,10,7,4.4461627492e+02
extra,N=20,F20,10,7,2.6355921792e+01
extra,N=20,F21,10,7,2.1049100091e+02
extra,N=20,F30,10,7,1.1699946053e+05
extra,N=50,F1,10,7,2.0986497252e+05
extra,N=50,F3,10,7,3.2441037805e+02
extra,N=50,F4,10,7,7.5635834786e+00
extra,N=20,F22,10,7,1.0393065994e+02
extra,N=20,F23,10,7,3.2367456910e+02
extra,N=20,F24,10,7,3.3927493136e+02
extra,N=20,F25,10,7,4.4405003023e+02
extra,N=50,F5,10,7,1.2987788767e+01
extra,N=50,F6,10,7,8.3366544152e-01
extra,N=50,F7,10,7,2.6213695310e+01
extra,N=50,F8,10,7,1.0987161873e+01
extra,N=50,F9,10,7,2.2185912872e-01
extra,N=50,F10,10,7,5.5932177586e+02
extra,N=50,F11,10,7,5.4383880663e+00
extra,N=50,F12,10,7,2.8089409956e+06
extra,N=50,F13,10,7,3.6959132165e+03
extra,N=50,F14,10,7,2.8659853026e+02
extra,N=50,F15,10,7,2.5517970603e+03
extra,N=50,F16,10,7,3.6727073162e+01
extra,N=20,F26,10,7,3.3188631731e+02
extra,N=20,F27,10,7,3.9011397199e+02
extra,N=20,F28,10,7,3.8113139920e+02
extra,N=20,F29,10,7,2.7808925685e+02
extra,N=50,F17,10,7,5.0458020713e+01
extra,N=50,F18,10,7,2.7452815236e+04
extra,N=50,F19,10,7,3.6110162187e+02
extra,N=50,F20,10,7,2.5714907615e+01
extra,N=10,F27,10,7,3.8974130827e+02
extra,N=10,F28,10,7,5.0969921452e+02
extra,N=10,F29,10,7,2.4156027607e+02
extra,N=10,F30,10,7,1.8149243367e+06
extra,N=100,F4,10,7,7.9624514358e+00
extra,N=100,F5,10,7,1.4239889252e+01
extra,N=100,F6,10,7,1.2839910867e+00
extra,N=100,F7,10,7,2.8455760067e+01
extra,N=50,F21,10,7,1.1441921325e+02
extra,N=50,F22,10,7,1.0107065535e+02
extra,N=50,F23,10,7,3.1408847435e+02
extra,N=50,F24,10,7,3.4390032584e+02
extra,N=100,F8,10,7,1.1434890738e+01
extra,N=100,F9,10,7,1.2189791097e-01
extra,N=100,F10,10,7,6.5948771437e+02
extra,N=100,F11,10,7,3.0659183660e+01
extra,N=100,F12,10,7,8.9846988028e+05
extra,N=100,F13,10,7,1.3873775158e+03
extra,N=100,F14,10,7,1.6619016286e+02
extra,N=100,F15,10,7,6.3279848173e+03
extra,N=50,F29,10,7,4.0762087432e+02
extra,N=50,F30,10,7,3.3688344370e+05
extra,N=100,F1,10,7,7.5360788242e+05
extra,N=100,F3,10,7,1.8979007806e+02
extra,N=100,F16,10,7,3.3683935299e+00
extra,N=100,F17,10,7,4.7366749681e+01
extra,N=100,F18,10,7,2.4851433603e+03
extra,N=100,F19,10,7,1.1769881895e+04
extra,N=50,F25,10,7,3.9993106389e+02
extra,N=50,F26,10,7,3.4715823118e+02
extra,N=50,F27,10,7,3.9041537785e+02
extra,N=50,F28,10,7,4.1897746366e+02
extra,N=100,F20,10,7,2.9596079147e+01
extra,N=100,F21,10,7,2.1092428815e+02
extra,N=100,F22,10,7,1.9527841145e+01
extra,N=100,F23,10,7,3.1020303269e+02
extra,N=100,F24,10,7,1.0940549873e+02
extra,N=100,F25,10,7,3.9824105083e+02
extra,N=100,F26,10,7,3.0447276486e+02
extra,N=100,F27,10,7,3.9020520325e+02
extra,beta=1.1,F3,10,7,3.4589088537e+02
extra,beta=1.1,F4,10,7,7.2536128902e+00
extra,beta=1.1,F5,10,7,1.2954703681e+01
extra,beta=1.1,F6,10,7,3.5927756390e-01
extra,N=100,F28,10,7,6.1184498057e+02
extra,N=100,F29,10,7,4.0038291988e+02
extra,N=100,F30,10,7,1.1852566070e+06
extra,beta=1.1,F1,10,7,3.9878385098e+04
extra,beta=1.1,F7,10,7,4.1868195012e+01
extra,beta=1.1,F8,10,7,2.1895134546e+01
extra,beta=1.1,F9,10,7,5.0443903914e-01
extra,beta=1.1,F10,10,7,3.3027490071e+02
extra,beta=1.1,F11,10,7,5.5431165516e+00
extra,beta=1.1,F12,10,7,5.5867665159e+05
extra,beta=1.1,F13,10,7,6.7065224987e+03
extra,beta=1.1,F14,10,7,3.4694061918e+02
extra,beta=1.1,F15,10,7,1.3955791658e+03
extra,beta=1.1,F16,10,7,1.2883109439e+01
extra,beta=1.1,F17,10,7,4.1804622592e+01
extra,beta=1.1,F18,10,7,6.1842092141e+03
extra,beta=1.3,F1,10,7,6.5303459746e+02
extra,beta=1.3,F3,10,7,2.7211211476e+01
extra,beta=1.3,F4,10,7,6.3303995070e+00
extra,beta=1.3,F5,10,7,5.2265529322e+00
extra,beta=1.1,F19,10,7,3.6351413423e+02
extra,beta=1.1,F20,10,7,2.9603661364e+01
extra,beta=1.1,F21,10,7,2.2181394339e+02
extra,beta=1.1,F22,10,7,1.0106494252e+02
extra,beta=1.3,F6,10,7,1.0202711559e+00
extra,beta=1.3,F7,10,7,2.5873413725e+01
extra,beta=1.3,F8,10,7,1.2006597152e+01
extra,beta=1.3,F9,10,7,1.8249343655e+00
extra,beta=1.1,F23,10,7,3.1403394208e+02
extra,beta=1.1,F24,10,7,3.3564030794e+02
extra,beta=1.1,F25,10,7,3.9987313066e+02
extra,beta=1.1,F26,10,7,3.0028230381e+02
extra,beta=1.3,F10,10,7,2.8387971638e+02
extra,beta=1.3,F11,10,7,4.0022969146e+00
extra,beta=1.3,F12,10,7,1.2953707301e+06
extra,beta=1.3,F13,10,7,1.8028451774e+04
extra,beta=1.3,F14,10,7,3.9857640435e+02
extra,beta=1.3,F15,10,7,5.3140080663e+03
extra,beta=1.3,F16,10,7,1.3221307408e+01
extra,beta=1.3,F17,10,7,3.9502780124e+01
extra,beta=1.3,F18,10,7,9.3326125990e+03
extra,beta=1.3,F19,10,7,2.5298922383e+03
extra,beta=1.3,F20,10,7,3.0942272282e+01
extra,beta=1.3,F21,10,7,2.0999784086e+02
extra,beta=1.1,F27,10,7,3.8933279139e+02
extra,beta=1.1,F28,10,7,3.7584810506e+02
extra,beta=1.1,F29,10,7,3.2095387487e+02
extra,beta=1.1,F30,10,7,8.4193802649e+05
extra,beta=1.5,F5,10,7,1.2327160181e+01
extra,beta=1.5,F6,10,7,2.6202762483e+00
extra,beta=1.5,F7,10,7,1.9111767666e+01
extra,beta=1.5,F8,10,7,1.9854535389e+01
extra,beta=1.3,F22,10,7,1.0253995286e+02
extra,beta=1.3,F23,10,7,3.1674726354e+02
extra,beta=1.3,F24,10,7,3.4950502796e+02
extra,beta=1.3,F25,10,7,4.0017267901e+02
extra,beta=1.3,F30,10,7,1.8329796166e+06
extra,beta=1.5,F1,10,7,9.6827215167e+03
extra,beta=1.5,F3,10,7,1.2775468438e+01
extra,beta=1.5,F4,10,7,3.9863013339e+00
extra,beta=1.5,F9,10,7,4.7139883465e-03
extra,beta=1.5,F10,10,7,1.0092580982e+03
extra,beta=1.5,F11,10,7,4.9419467128e+00
extra,beta=1.5,F12,10,7,1.2426705849e+05
extra,beta=1.5,F13,10,7,8.2305307902e+03
extra,beta=1.5,F14,10,7,2.4875616372e+02
extra,beta=1.5,F15,10,7,1.6130778381e+03
extra,beta=1.5,F16,10,7,1.2205653206e+02
extra,beta=1.3,F26,10,7,3.0007113952e+02
extra,beta=1.3,F27,10,7,3.8995093327e+02
extra,beta=1.3,F28,10,7,3.8712933796e+02
extra,beta=1.3,F29,10,7,2.7056829471e+02
extra,beta=1.5,F17,10,7,4.4944804180e+01
extra,beta=1.5,F18,10,7,9.0754955657e+03
extra,beta=1.5,F19,10,7,2.3335500978e+02
extra,beta=1.5,F20,10,7,4.2354978235e+01
extra,beta=1.9,F4,10,7,7.3047333767e+00
extra,beta=1.9,F5,10,7,1.0173984038e+01
extra,beta=1.9,F6,10,7,2.8254825758e-01
extra,beta=1.9,F7,10,7,1.6711843509e+01
extra,beta=1.5,F21,10,7,2.1618558137e+02
extra,beta=1.5,F22,10,7,1.0004526132e+02
extra,beta=1.5,F23,10,7,3.1280418658e+02
extra,beta=1.5,F24,10,7,3.4813856884e+02
extra,beta=1.9,F8,10,7,2.4436738126e+01
extra,beta=1.9,F9,10,7,2.6677120827e-02
extra,beta=1.9,F10,10,7,6.6612082823e+02
extra,beta=1.9,F11,10,7,1.4485671885e+01
extra,beta=1.9,F12,10,7,2.0625485449e+06
extra,beta=1.9,F13,10,7,1.6326871291e+04
extra,beta=1.9,F14,10,7,1.0073551344e+02
extra,beta=1.9,F15,10,7,4.2529968505e+03
extra,beta=1.5,F25,10,7,3.9918254018e+02
extra,beta=1.5,F26,10,7,3.4715154606e+02
extra,beta=1.5,F27,10,7,3.9280198249e+02
extra,beta=1.5,F28,10,7,3.6764697142e+02
extra,beta=1.5,F29,10,7,3.5750715601e+02
extra,beta=1.5,F30,10,7,1.3249952964e+04
extra,beta=1.9,F1,10,7,6.4336395054e+02
extra,beta=1.9,F3,10,7,9.0200572549e+01
extra,beta=1.9,F16,10,7,1.4841244992e+01
extra,beta=1.9,F17,10,7,4.6505584046e+01
extra,beta=1.9,F18,10,7,8.8538665057e+03
extra,beta=1.9,F19,10,7,2.0426000565e+03
extra,"stage=T/3,2T/3",F3,10,7,7.8591953848e+01
extra,"stage=T/3,2T/3",F4,10,7,3.6737369118e+00
extra,"stage=T/3,2T/3",F5,10,7,7.0581209097e+00
extra,"stage=T/3,2T/3",F6,10,7,1.5992515024e+00
extra,beta=1.9,F20,10,7,6.8215130617e+01
extra,beta=1.9,F21,10,7,2.0947254850e+02
extra,beta=1.9,F22,10,7,1.0137312881e+02
extra,beta=1.9,F23,10,7,3.1726624097e+02
extra,"stage=T/3,2T/3",F7,10,7,3.2211006576e+01
extra,"stage=T/3,2T/3",F8,10,7,8.9553827122e+00
extra,"stage=T/3,2T/3",F9,10,7,9.2225197828e-03
extra,"stage=T/3,2T/3",F10,10,7,4.9287538462e+02
extra,"stage=T/3,2T/3",F11,10,7,4.5585265745e+00
extra,"stage=T/3,2T/3",F12,10,7,1.3170828311e+05
extra,"stage=T/3,2T/3",F13,10,7,6.7465373912e+03
extra,"stage=T/3,2T/3",F14,10,7,1.1030404815e+02
extra,beta=1.9,F24,10,7,1.0769794876e+02
extra,beta=1.9,F25,10,7,4.4668464471e+02
extra,beta=1.9,F26,10,7,3.0003512985e+02
extra,beta=1.9,F27,10,7,3.8953744391e+02
extra,beta=1.9,F28,10,7,4.1865827668e+02
extra,beta=1.9,F29,10,7,2.7753498410e+02
extra,beta=1.9,F30,10,7,1.9667522575e+06
extra,"stage=T/3,2T/3",F1,10,7,5.0244432417e+03
extra,"stage=T/3,2T/3",F15,10,7,2.0602636002e+03
extra,"stage=T/3,2T/3",F16,10,7,1.6462133177e+00
extra,"stage=T/3,2T/3",F17,10,7,4.2270330348e+01
extra,"stage=T/3,2T/3",F18,10,7,3.3019717142e+03
extra,"stage=T/4,3T/4",F1,10,7,1.3605802497e+03
extra,"stage=T/4,3T/4",F3,10,7,1.5851528323e+02
extra,"stage=T/4,3T/4",F4,10,7,7.4442834666e+00
extra,"stage=T/4,3T/4",F5,10,7,1.1960060510e+01
extra,"stage=T/3,2T/3",F19,10,7,1.6028145625e+03
extra,"stage=T/3,2T/3",F20,10,7,2.6936351471e+01
extra,"stage=T/3,2T/3",F21,10,7,1.0370256149e+02
extra,"stage=T/3,2T/3",F22,10,7,1.0300750357e+02
extra,"stage=T/4,3T/4",F6,10,7,2.4873381380e-01
extra,"stage=T/4,3T/4",F7,10,7,3.0781866812e+01
extra,"stage=T/4,3T/4",F8,10,7,8.9597210182e+00
extra,"stage=T/4,3T/4",F9,10,7,1.3907152220e-04
extra,"stage=T/4,3T/4",F10,10,7,6.2455873860e+02
extra,"stage=T/4,3T/4",F11,10,7,8.9158106978e+00
extra,"stage=T/4,3T/4",F12,10,7,4.6979519506e+06
extra,"stage=T/4,3T/4",F13,10,7,1.7013912164e+04
extra,"stage=T/3,2T/3",F23,10,7,3.1513966933e+02
extra,"stage=T/3,2T/3",F24,10,7,3.3578094748e+02
extra,"stage=T/3,2T/3",F25,10,7,3.9946258182e+02
extra,"stage=T/3,2T/3",F26,10,7,4.0514799296e+02
extra,"stage=T/4,3T/4",F14,10,7,1.4067249337e+02
extra,"stage=T/4,3T/4",F15,10,7,1.3427977417e+03
extra,"stage=T/4,3T/4",F16,10,7,4.1646428293e+01
extra,"stage=T/4,3T/4",F17,10,7,2.3929647264e+01
extra,"stage=T/3,2T/3",F27,10,7,3.9077383005e+02
extra,"stage=T/3,2T/3",F28,10,7,3.9783896083e+02
extra,"stage=T/3,2T/3",F29,10,7,3.1033714848e+02
extra,"stage=T/3,2T/3",F30,10,7,2.0688862608e+03
extra,"stage=T/4,3T/4",F18,10,7,1.2088500912e+03
extra,"stage=T/4,3T/4",F19,10,7,7.2295134097e+03
extra,"stage=T/4,3T/4",F20,10,7,2.6744068270e+01
extra,"stage=T/4,3T/4",F21,10,7,2.1739236580e+02
extra,"stage=T/2,3T/4",F5,10,7,9.9228244761e+00
extra,"stage=T/2,3T/4",F6,10,7,1.8706624603e+00
extra,"stage=T/2,3T/4",F7,10,7,2.6348952560e+01
extra,"stage=T/2,3T/4",F8,10,7,1.3075323036e+01
extra,"stage=T/4,3T/4",F22,10,7,1.0660112904e+02
extra,"stage=T/4,3T/4",F23,10,7,3.1440907377e+02
extra,"stage=T/4,3T/4",F24,10,7,3.4539343002e+02
extra,"stage=T/4,3T/4",F25,10,7,4.4551776010e+02
extra,"stage=T/4,3T/4",F30,10,7,1.4239441573e+05
extra,"stage=T/2,3T/4",F1,10,7,1.2186074126e+05
extra,"stage=T/2,3T/4",F3,10,7,1.1860025444e+02
extra,"stage=T/2,3T/4",F4,10,7,4.2384269761e+00
extra,"stage=T/2,3T/4",F9,10,7,2.1736165238e-01
extra,"stage=T/2,3T/4",F10,10,7,3.9741152967e+02
extra,"stage=T/2,3T/4",F11,10,7,1.2631015080e+01
extra,"stage=T/2,3T/4",F12,10,7,8.9958621215e+06
extra,"stage=T/4,3T/4",F26,10,7,3.0001919418e+02
extra,"stage=T/4,3T/4",F27,10,7,3.8985670109e+02
extra,"stage=T/4,3T/4",F28,10,7,4.2701799768e+02
extra,"stage=T/4,3T/4",F29,10,7,2.5402559387e+02
extra,"stage=T/2,3T/4",F13,10,7,7.4486960741e+03
extra,"stage=T/2,3T/4",F14,10,7,3.8451367096e+02
extra,"stage=T/2,3T/4",F15,10,7,1.3027014343e+03
extra,"stage=T/2,3T/4",F16,10,7,6.8089332388e+00
extra,"stage=T/2,3T/4",F17,10,7,3.6987544830e+01
extra,"stage=T/2,3T/4",F18,10,7,6.7044472446e+03
extra,"stage=T/2,3T/4",F19,10,7,1.0648687939e+03
extra,"stage=T/2,3T/4",F20,10,7,3.1371009384e+01
extra,"stage=T/2,3T/4",F21,10,7,2.1489719156e+02
extra,"stage=T/2,3T/4",F22,10,7,1.0065550183e+02
extra,"stage=T/2,3T/4",F23,10,7,3.0989316014e+02
extra,"stage=T/2,3T/4",F24,10,7,3.4119215709e+02
extra,"stage=T/5,4T/5",F4,10,7,7.1150320767e+00
extra,"stage=T/5,4T/5",F5,10,7,9.4538074461e+00
extra,"stage=T/5,4T/5",F6,10,7,6.8909145843e-01
extra,"stage=T/5,4T/5",F7,10,7,1.7804963949e+01
extra,"stage=T/5,4T/5",F8,10,7,1.4944582614e+01
extra,"stage=T/5,4T/5",F9,10,7,1.9927968431e-03
extra,"stage=T/5,4T/5",F10,10,7,4.7770673407e+02
extra,"stage=T/5,4T/5",F11,10,7,6.7853673795e+00
extra,"stage=T/2,3T/4",F29,10,7,2.4271805061e+02
extra,"stage=T/2,3T/4",F30,10,7,1.4664173826e+06
extra,"stage=T/5,4T/5",F1,10,7,1.0650024149e+03
extra,"stage=T/5,4T/5",F3,10,7,5.3238393472e+01
extra,"stage=T/5,4T/5",F12,10,7,1.2856677004e+06
extra,"stage=T/5,4T/5",F13,10,7,3.1858832052e+04
extra,"stage=T/5,4T/5",F14,10,7,1.8850633302e+02
extra,"stage=T/5,4T/5",F15,10,7,1.3814674782e+03
extra,"stage=T/2,3T/4",F25,10,7,4.0787319257e+02
extra,"stage=T/2,3T/4",F26,10,7,3.0009600096e+02
extra,"stage=T/2,3T/4",F27,10,7,3.9354134747e+02
extra,"stage=T/2,3T/4",F28,10,7,4.1738211969e+02
extra,"stage=T/5,4T/5",F16,10,7,3.0297206083e+00
extra,"stage=T/5,4T/5",F17,10,7,3.3809069648e+01
extra,"stage=T/5,4T/5",F18,10,7,1.7057455362e+04
extra,"stage=T/5,4T/5",F19,10,7,2.2705907954e+02
extra,"k: nu=1/2,mu=10",F3,10,7,1.8286612772e+02
extra,"k: nu=1/2,mu=10",F4,10,7,7.0719292920e+00
extra,"k: nu=1/2,mu=10",F5,10,7,1.2023561510e+01
extra,"k: nu=1/2,mu=10",F6,10,7,2.0469667680e-01
extra,"stage=T/5,4T/5",F20,10,7,2.5584321226e+01
extra,"stage=T/5,4T/5",F21,10,7,2.1584482534e+02
extra,"stage=T/5,4T/5",F22,10,7,1.0188246596e+02
extra,"stage=T/5,4T/5",F23,10,7,3.1596553291e+02
extra,"k: nu=1/2,mu=10",F7,10,7,2.5751924514e+01
extra,"k: nu=1/2,mu=10",F8,10,7,1.5944155420e+01
extra,"k: nu=1/2,mu=10",F9,10,7,4.6694423842e-01
extra,"k: nu=1/2,mu=10",F10,10,7,6.7162510342e+02
extra,"stage=T/5,4T/5",F24,10,7,3.3344166023e+02
extra,"stage=T/5,4T/5",F25,10,7,4.4450629384e+02
extra,"stage=T/5,4T/5",F26,10,7,3.0022461549e+02
extra,"stage=T/5,4T/5",F27,10,7,3.8941609239e+02
extra,"k: nu=1/2,mu=10",F11,10,7,1.1860938923e+01
extra,"k: nu=1/2,mu=10",F12,10,7,2.5899765298e+06
extra,"k: nu=1/2,mu=10",F13,10,7,8.2439074702e+03
extra,"k: nu=1/2,mu=10",F14,10,7,5.4226654831e+02
extra,"stage=T/5,4T/5",F28,10,7,3.7329745150e+02
extra,"stage=T/5,4T/5",F29,10,7,2.9281913254e+02
extra,"stage=T/5,4T/5",F30,10,7,1.7977870573e+06
extra,"k: nu=1/2,mu=10",F1,10,7,1.4488446833e+03
extra,"k: nu=1/2,mu=10",F15,10,7,6.9893254599e+02
extra,"k: nu=1/2,mu=10",F16,10,7,3.4945801225e+00
extra,"k: nu=1/2,mu=10",F17,10,7,1.4859621971e+01
extra,"k: nu=1/2,mu=10",F18,10,7,2.5057568220e+03
extra,"k: nu=1,mu=10",F1,10,7,6.5736084717e+02
extra,"k: nu=1,mu=10",F3,10,7,2.9409738381e+02
extra,"k: nu=1,mu=10",F4,10,7,3.9993182376e+00
extra,"k: nu=1,mu=10",F5,10,7,1.9335077985e+01
extra,"k: nu=1/2,mu=10",F19,10,7,4.9783252469e+02
extra,"k: nu=1/2,mu=10",F20,10,7,2.3980911428e+01
extra,"k: nu=1/2,mu=10",F21,10,7,2.1544399590e+02
extra,"k: nu=1/2,mu=10",F22,10,7,1.0188082849e+02
extra,"k: nu=1,mu=10",F6,10,7,2.9585657313e-01
extra,"k: nu=1,mu=10",F7,10,7,2.7899542151e+01
extra,"k: nu=1,mu=10",F8,10,7,7.9933432390e+00
extra,"k: nu=1,mu=10",F9,10,7,1.5687979363e-03
extra,"k: nu=1/2,mu=10",F23,10,7,3.0450365679e+02
extra,"k: nu=1/2,mu=10",F24,10,7,3.3538398544e+02
extra,"k: nu=1/2,mu=10",F25,10,7,3.9999064186e+02
extra,"k: nu=1/2,mu=10",F26,10,7,3.0016630922e+02
extra,"k: nu=1,mu=10",F10,10,7,1.0261023634e+03
extra,"k: nu=1,mu=10",F11,10,7,5.8135645962e+00
extra,"k: nu=1,mu=10",F12,10,7,1.6564135430e+06
extra,"k: nu=1,mu=10",F13,10,7,1.3305133128e+04
extra,"k: nu=1,mu=10",F14,10,7,2.0387937977e+02
extra,"k: nu=1,mu=10",F15,10,7,2.8154161693e+03
extra,"k: nu=1,mu=10",F16,10,7,6.3734040027e+00
extra,"k: nu=1,mu=10",F17,10,7,3.9737510517e+01
extra,"k: nu=1/2,mu=10",F27,10,7,3.9792219452e+02
extra,"k: nu=1/2,mu=10",F28,10,7,3.7840980739e+02
extra,"k: nu=1/2,mu=10",F29,10,7,2.8521032276e+02
extra,"k: nu=1/2,mu=10",F30,10,7,1.5913354788e+06
extra,"k: nu=1,mu=10",F18,10,7,1.7032128727e+04
extra,"k: nu=1,mu=10",F19,10,7,6.3672166386e+02
extra,"k: nu=1,mu=10",F20,10,7,2.6462111988e+01
extra,"k: nu=1,mu=10",F21,10,7,1.0272461068e+02
extra,"k: nu=1/2,mu=5",F5,10,7,1.6065637733e+01
extra,"k: nu=1/2,mu=5",F6,10,7,4.6545944465e-01
extra,"k: nu=1/2,mu=5",F7,10,7,1.8028469870e+01
extra,"k: nu=1/2,mu=5",F8,10,7,1.0985006880e+01
extra,"k: nu=1,mu=10",F22,10,7,1.0060425092e+02
extra,"k: nu=1,mu=10",F23,10,7,3.2059069112e+02
extra,"k: nu=1,mu=10",F24,10,7,3.3903628499e+02
extra,"k: nu=1,mu=10",F25,10,7,4.4538427991e+02
extra,"k: nu=1,mu=10",F30,10,7,2.9617066226e+05
extra,"k: nu=1/2,mu=5",F1,10,7,4.1175294015e+03
extra,"k: nu=1/2,mu=5",F3,10,7,2.0485686073e+02
extra,"k: nu=1/2,mu=5",F4,10,7,5.2852607373e+00
extra,"k: nu=1/2,mu=5",F9,10,7,6.2992856874e-04
extra,"k: nu=1/2,mu=5",F10,10,7,5.8272907569e+02
extra,"k: nu=1/2,mu=5",F11,10,7,7.9527251652e+00
extra,"k: nu=1/2,mu=5",F12,10,7,2.3242080662e+06
extra,"k: nu=1/2,mu=5",F13,10,7,3.2326794954e+04
extra,"k: nu=1/2,mu=5",F14,10,7,2.1532944159e+02
extra,"k: nu=1/2,mu=5",F15,10,7,1.1968321946e+03
extra,"k: nu=1/2,mu=5",F16,10,7,6.3265960476e+00
extra,"k: nu=1,mu=10",F26,10,7,3.0002931115e+02
extra,"k: nu=1,mu=10",F27,10,7,3.9069051774e+02
extra,"k: nu=1,mu=10",F28,10,7,3.7438033398e+02
extra,"k: nu=1,mu=10",F29,10,7,2.6773202449e+02
extra,"k: nu=1/2,mu=5",F17,10,7,2.5971937394e+01
extra,"k: nu=1/2,mu=5",F18,10,7,1.1931317356e+04
extra,"k: nu=1/2,mu=5",F19,10,7,8.7294822098e+02
extra,"k: nu=1/2,mu=5",F20,10,7,2.3970827846e+01
extra,"k: nu=1/2,mu=20",F4,10,7,6.4698027479e+00
extra,"k: nu=1/2,mu=20",F5,10,7,9.9984760535e+00
extra,"k: nu=1/2,mu=20",F6,10,7,1.3384162844e-01
extra,"k: nu=1/2,mu=20",F7,10,7,3.2437754234e+01
extra,"k: nu=1/2,mu=5",F21,10,7,1.0599155998e+02
extra,"k: nu=1/2,mu=5",F22,10,7,1.0044176875e+02
extra,"k: nu=1/2,mu=5",F23,10,7,3.0731755365e+02
extra,"k: nu=1/2,mu=5",F24,10,7,3.4701687225e+02
extra,"k: nu=1/2,mu=20",F8,10,7,1.1945275954e+01
extra,"k: nu=1/2,mu=20",F9,10,7,2.1966010037e-01
extra,"k: nu=1/2,mu=20",F10,10,7,8.0829932718e+02
extra,"k: nu=1/2,mu=20",F11,10,7,4.8869912737e+00
extra,"k: nu=1/2,mu=5",F29,10,7,2.3553943193e+02
extra,"k: nu=1/2,mu=5",F30,10,7,2.3950762234e+06
extra,"k: nu=1/2,mu=20",F1,10,7,4.4651837137e+04
extra,"k: nu=1/2,mu=20",F3,10,7,2.1992338725e+02
extra,"k: nu=1/2,mu=5",F25,10,7,3.9863372160e+02
extra,"k: nu=1/2,mu=5",F26,10,7,3.0005282414e+02
extra,"k: nu=1/2,mu=5",F27,10,7,3.9624768157e+02
extra,"k: nu=1/2,mu=5",F28,10,7,3.6363460159e+02
extra,"k: nu=1/2,mu=20",F12,10,7,3.9081109942e+05
extra,"k: nu=1/2,mu=20",F13,10,7,7.6568828005e+03
extra,"k: nu=1/2,mu=20",F14,10,7,2.4654348918e+02
extra,"k: nu=1/2,mu=20",F15,10,7,5.7862586908e+03
extra,"k: nu=1/2,mu=20",F16,10,7,1.5301873941e+01
extra,"k: nu=1/2,mu=20",F17,10,7,3.9035673779e+01
extra,"k: nu=1/2,mu=20",F18,10,7,6.3121514274e+03
extra,"k: nu=1/2,mu=20",F19,10,7,9.0664797880e+03
extra,k=1 (plain OBL),F3,10,7,4.1399472032e+02
extra,k=1 (plain OBL),F4,10,7,6.7457056891e+00
extra,k=1 (plain OBL),F5,10,7,1.3827772707e+01
extra,k=1 (plain OBL),F6,10,7,4.8985540761e-02
extra,"k: nu=1/2,mu=20",F20,10,7,3.1952488393e+01
extra,"k: nu=1/2,mu=20",F21,10,7,2.2003608787e+02
extra,"k: nu=1/2,mu=20",F22,10,7,1.0198646184e+02
extra,"k: nu=1/2,mu=20",F23,10,7,3.1524106580e+02
extra,k=1 (plain OBL),F7,10,7,2.4213275598e+01
extra,k=1 (plain OBL),F8,10,7,1.7002619608e+01
extra,k=1 (plain OBL),F9,10,7,8.2647116202e-03
extra,k=1 (plain OBL),F10,10,7,3.7207614495e+02
extra,"k: nu=1/2,mu=20",F24,10,7,3.3589966457e+02
extra,"k: nu=1/2,mu=20",F25,10,7,3.9963674480e+02
extra,"k: nu=1/2,mu=20",F26,10,7,3.8808072654e+02
extra,"k: nu=1/2,mu=20",F27,10,7,3.9334162882e+02
extra,k=1 (plain OBL),F11,10,7,5.1852576056e+00
extra,k=1 (plain OBL),F12,10,7,1.5494171192e+06
extra,k=1 (plain OBL),F13,10,7,1.6885167515e+04
extra,k=1 (plain OBL),F14,10,7,1.6305872430e+02
extra,"k: nu=1/2,mu=20",F28,10,7,3.4113573830e+02
extra,"k: nu=1/2,mu=20",F29,10,7,2.7526246384e+02
extra,"k: nu=1/2,mu=20",F30,10,7,1.7710561188e+06
extra,k=1 (plain OBL),F1,10,7,2.4897544375e+03
extra,k=1 (plain OBL),F15,10,7,1.8590158527e+02
extra,k=1 (plain OBL),F16,10,7,1.4709718136e+01
extra,k=1 (plain OBL),F17,10,7,7.8497742750e+01
extra,k=1 (plain OBL),F18,10,7,3.1004435923e+03
extra,k=1 (plain OBL),F19,10,7,4.7410458021e+02
extra,k=1 (plain OBL),F20,10,7,2.8984636720e+01
extra,k=1 (plain OBL),F21,10,7,1.0464519890e+02
extra,k=1 (plain OBL),F22,10,7,1.0059786559e+02
extra,k=1 (plain OBL),F23,10,7,3.1842313714e+02
extra,k=1 (plain OBL),F24,10,7,1.0119992485e+02
extra,k=1 (plain OBL),F25,10,7,3.9972421051e+02
extra,k=1 (plain OBL),F26,10,7,3.0013690596e+02
extra,N=10,F1,10,8,2.0479068002e+03
extra,N=10,F3,10,8,1.5148340695e+02
extra,N=10,F4,10,8,6.5804728558e+00
extra,N=10,F5,10,8,3.4961326181e+01
extra,N=10,F6,10,8,2.4683984197e+00
extra,N=10,F7,10,8,3.0551474937e+01
extra,N=10,F8,10,8,1.9302203334e+01
extra,N=10,F9,10,8,1.7907578842e-01
extra,k=1 (plain OBL),F27,10,7,3.9079396412e+02
extra,k=1 (plain OBL),F28,10,7,3.7664715332e+02
extra,k=1 (plain OBL),F29,10,7,2.9207847424e+02
extra,k=1 (plain OBL),F30,10,7,1.7613735526e+06
extra,N=10,F10,10,8,6.6151024221e+02
extra,N=10,F11,10,8,5.6976534050e+00
extra,N=10,F12,10,8,1.4447425315e+04
extra,N=10,F13,10,8,5.8400659901e+03
extra,N=10,F14,10,8,2.1406930232e+02
extra,N=10,F15,10,8,4.8551721270e+03
extra,N=10,F16,10,8,1.4772317090e+01
extra,N=10,F17,10,8,3.9932604610e+01
extra,N=10,F18,10,8,8.7677287663e+03
extra,N=10,F19,10,8,2.8384559013e+04
extra,N=10,F20,10,8,2.9405358398e+01
extra,N=10,F21,10,8,2.0875492148e+02
extra,N=20,F5,10,8,2.0265302077e+01
extra,N=20,F6,10,8,1.9179011838e-01
extra,N=20,F7,10,8,2.7207068662e+01
extra,N=20,F8,10,8,1.0958166038e+01
extra,N=10,F30,10,8,2.5641639038e+05
extra,N=20,F1,10,8,2.9239707069e+03
extra,N=20,F3,10,8,3.1475500563e+01
extra,N=20,F4,10,8,7.3895399951e+00
extra,N=10,F22,10,8,3.9916647469e+01
extra,N=10,F23,10,8,3.2248481668e+02
extra,N=10,F24,10,8,3.8415096946e+02
extra,N=10,F25,10,8,3.9965102353e+02
extra,N=20,F9,10,8,1.1167187370e-03
extra,N=20,F10,10,8,5.7109366274e+02
extra,N=20,F11,10,8,7.5219988867e+00
extra,N=20,F12,10,8,8.2505342023e+05
extra,N=20,F13,10,8,5.2211967726e+03
extra,N=20,F14,10,8,1.9529140818e+02
extra,N=20,F15,10,8,3.2678684749e+03
extra,N=20,F16,10,8,2.9765049498e+00
extra,N=20,F17,10,8,7.2239219547e+01
extra,N=20,F18,10,8,6.5938303240e+02
extra,N=20,F19,10,8,1.6634087952e+01
extra,N=20,F20,10,8,3.9990575255e+01
extra,N=10,F26,10,8,4.4852752326e+02
extra,N=10,F27,10,8,3.9934258531e+02
extra,N=10,F28,10,8,6.1182189754e+02
extra,N=10,F29,10,8,2.5178542035e+02
extra,N=20,F21,10,8,1.0382443893e+02
extra,N=20,F22,10,8,1.0040447128e+02
extra,N=20,F23,10,8,3.1244074611e+02
extra,N=20,F24,10,8,1.0321023464e+02
extra,N=50,F4,10,8,5.9464140828e+00
extra,N=50,F5,10,8,1.3002436111e+01
extra,N=50,F6,10,8,2.5907157012e-01
extra,N=50,F7,10,8,1.9661897773e+01
extra,N=50,F8,10,8,1.5510192601e+01
extra,N=50,F9,10,8,5.5632254369e-02
extra,N=50,F10,10,8,5.6995548414e+02
extra,N=50,F11,10,8,1.3075203564e+01
extra,N=50,F12,10,8,8.6761564141e+06
extra,N=50,F13,10,8,2.2524032291e+04
extra,N=50,F14,10,8,2.8678892410e+02
extra,N=50,F15,10,8,4.9518745455e+02
extra,N=50,F16,10,8,2.6923229613e+02
extra,N=50,F17,10,8,4.0598939924e+01
extra,N=50,F18,10,8,1.5397355846e+04
extra,N=50,F19,10,8,1.6840841577e+02
extra,N=20,F29,10,8,2.3813030814e+02
extra,N=20,F30,10,8,1.6040121525e+05
extra,N=50,F1,10,8,1.6536141968e+05
extra,N=50,F3,10,8,4.1326473874e+02
extra,N=20,F25,10,8,4.4422093267e+02
extra,N=20,F26,10,8,3.0015761029e+02
extra,N=20,F27,10,8,3.9060891980e+02
extra,N=20,F28,10,8,3.9902953935e+02
extra,N=100,F3,10,8,6.2956229516e+01
extra,N=100,F4,10,8,7.8578371790e+00
extra,N=100,F5,10,8,1.5573143423e+01
extra,N=100,F6,10,8,2.1149260686e+00
extra,N=100,F7,10,8,4.8750688742e+01
extra,N=100,F8,10,8,2.0910920083e+01
extra,N=100,F9,10,8,1.3223055772e+00
extra,N=100,F10,10,8,2.7008077677e+02
extra,N=50,F20,10,8,6.1693364299e+01
extra,N=50,F21,10,8,2.1286013194e+02
extra,N=50,F22,10,8,1.0108226856e+02
extra,N=50,F23,10,8,3.1375043583e+02
extra,N=100,F11,10,8,1.0018578336e+01
extra,N=100,F12,10,8,1.0950122527e+05
extra,N=100,F13,10,8,1.3073065071e+04
extra,N=100,F14,10,8,2.8363339541e+02
extra,N=100,F15,10,8,9.1589067595e+02
extra,N=100,F16,10,8,2.3898237927e+00
extra,N=100,F17,10,8,4.4309228150e+01
extra,N=100,F18,10,8,6.2278197667e+02
extra,N=50,F24,10,8,1.0742913429e+02
extra,N=50,F25,10,8,4.4652917900e+02
extra,N=50,F26,10,8,3.0083397856e+02
extra,N=50,F27,10,8,3.9117737805e+02
extra,N=50,F28,10,8,6.1185445254e+02
extra,N=50,F29,10,8,3.4316163604e+02
extra,N=50,F30,10,8,6.2099283926e+05
extra,N=100,F1,10,8,1.5956635370e+06
extra,N=100,F19,10,8,2.9591701427e+04
extra,N=100,F20,10,8,3.5974498516e+01
extra,N=100,F21,10,8,1.0758248440e+02
extra,N=100,F22,10,8,1.0365333305e+02
extra,N=100,F23,10,8,3.2501235596e+02
extra,N=100,F24,10,8,3.3971969457e+02
extra,N=100,F25,10,8,4.0493722158e+02
extra,N=100,F26,10,8,3.0142193422e+02
extra,beta=1.1,F1,10,8,5.8521874412e+04
extra,beta=1.1,F3,10,8,1.5376238261e+02
extra,beta=1.1,F4,10,8,5.1672059087e+00
extra,beta=1.1,F5,10,8,6.8108141091e+00
extra,beta=1.1,F6,10,8,1.8585033792e+00
extra,beta=1.1,F7,10,8,3.3223088395e+01
extra,beta=1.1,F8,10,8,6.9962515954e+00
extra,beta=1.1,F9,10,8,5.0113283052e-01
extra,N=100,F27,10,8,3.9012461824e+02
extra,N=100,F28,10,8,6.1185938532e+02
extra,N=100,F29,10,8,2.7051272447e+02
extra,N=100,F30,10,8,1.0209037120e+05
extra,beta=1.1,F10,10,8,6.2522921220e+02
extra,beta=1.1,F11,10,8,6.3612825262e+00
extra,beta=1.1,F12,10,8,7.8529026179e+04
extra,beta=1.1,F13,10,8,1.1558862844e+03
extra,beta=1.1,F14,10,8,1.8034035823e+02
extra,beta=1.1,F15,10,8,4.3951962509e+02
extra,beta=1.1,F16,10,8,1.3990733193e+02
extra,beta=1.1,F17,10,8,2.7813427327e+01
extra,beta=1.1,F18,10,8,2.9335340067e+04
extra,beta=1.1,F19,10,8,1.9650663612e+03
extra,beta=1.1,F20,10,8,2.5974108130e+01
extra,beta=1.1,F21,10,8,2.1713642917e+02
extra,beta=1.3,F5,10,8,6.9942868379e+00
extra,beta=1.3,F6,10,8,4.4473687491e-02
extra,beta=1.3,F7,10,8,2.3412786639e+01
extra,beta=1.3,F8,10,8,9.9824359945e+00
extra,beta=1.1,F30,10,8,6.7292476770e+04
extra,beta=1.3,F1,10,8,2.5281690506e+04
extra,beta=1.3,F3,10,8,9.6002782345e+00
extra,beta=1.3,F4,10,8,6.6616698361e+00
extra,beta=1.1,F22,10,8,1.0112554169e+02
extra,beta=1.1,F23,10,8,3.2167190861e+02
extra,beta=1.1,F24,10,8,1.0317889423e+02
extra,beta=1.1,F25,10,8,3.9988917049e+02
extra,beta=1.3,F9,10,8,1.6021485897e-02
extra,beta=1.3,F10,10,8,5.4517889123e+02
extra,beta=1.3,F11,10,8,9.4584799386e+00
extra,beta=1.3,F12,10,8,4.4052945281e+05
extra,beta=1.3,F13,10,8,1.0745569093e+04
extra,beta=1.3,F14,10,8,8.8748228048e+01
extra,beta=1.3,F15,10,8,9.0914934271e+02
extra,beta=1.3,F16,10,8,1.3102950369e+01
extra,beta=1.1,F26,10,8,3.0011948115e+02
extra,beta=1.1,F27,10,8,3.8976296312e+02
extra,beta=1.1,F28,10,8,3.7495703502e+02
extra,beta=1.1,F29,10,8,3.2312011916e+02
extra,beta=1.3,F17,10,8,5.4344215544e+01
extra,beta=1.3,F18,10,8,1.8630925697e+04
extra,beta=1.3,F19,10,8,3.3908740350e+03
extra,beta=1.3,F20,10,8,3.2935400864e+01
extra,beta=1.3,F21,10,8,2.1439864133e+02
extra,beta=1.3,F22,10,8,1.0159529574e+02
extra,beta=1.3,F23,10,8,3.1097775128e+02
extra,beta=1.3,F24,10,8,3.4106716201e+02
extra,beta=1.5,F4,10,8,7.0526549640e+00
extra,beta=1.5,F5,10,8,2.4011996585e+01
extra,beta=1.5,F6,10,8,9.7244066720e-01
extra,beta=1.5,F7,10,8,1.7193163160e+01
extra,beta=1.5,F8,10,8,1.0981350795e+01
extra,beta=1.5,F9,10,8,8.0937994514e-03
extra,beta=1.5,F10,10,8,7.9876467334e+02
extra,beta=1.5,F11,10,8,6.8818231172e+00
extra,beta=1.5,F12,10,8,8.5793227722e+04
extra,beta=1.5,F13,10,8,8.2534282873e+03
extra,beta=1.5,F14,10,8,2.0708555088e+02
extra,beta=1.5,F15,10,8,1.0789005189e+03
extra,beta=1.3,F29,10,8,2.7009096469e+02
extra,beta=1.3,F30,10,8,6.6241420364e+05
extra,beta=1.5,F1,10,8,1.2872831434e+04
extra,beta=1.5,F3,10,8,3.3795490024e+02
extra,beta=1.3,F25,10,8,3.9977257905e+02
extra,beta=1.3,F26,10,8,3.0017229838e+02
extra,beta=1.3,F27,10,8,3.9312925142e+02
extra,beta=1.3,F28,10,8,4.1318025488e+02
extra,beta=1.5,F16,10,8,3.9226453945e+01
extra,beta=1.5,F17,10,8,1.9532723967e+01
extra,beta=1.5,F18,10,8,5.2480643043e+03
extra,beta=1.5,F19,10,8,6.0949857278e+02
extra,beta=1.9,F3,10,8,9.0772688164e+01
extra,beta=1.9,F4,10,8,5.6199203831e+00
extra,beta=1.9,F5,10,8,3.0904381467e+01
extra,beta=1.9,F6,10,8,4.8641779590e-01
extra,beta=1.5,F20,10,8,2.8874440458e+01
extra,beta=1.5,F21,10,8,2.2089903840e+02
extra,beta=1.5,F22,10,8,1.0190678467e+02
extra,beta=1.5,F23,10,8,3.2432388449e+02
extra,beta=1.9,F7,10,8,2.2380633427e+01
extra,beta=1.9,F8,10,8,1.0952591593e+01
extra,beta=1.9,F9,10,8,1.6769633680e-01
extra,beta=1.9,F10,10,8,3.0487853122e+02
extra,beta=1.5,F24,10,8,1.0246415977e+02
extra,beta=1.5,F25,10,8,3.9821756646e+02
extra,beta=1.5,F26,10,8,3.0042881005e+02
extra,beta=1.5,F27,10,8,3.8954741463e+02
extra,beta=1.9,F11,10,8,2.8624183119e+01
extra,beta=1.9,F12,10,8,1.5109590889e+05
extra,beta=1.9,F13,10,8,1.1306920260e+04
extra,beta=1.9,F14,10,8,3.7778023397e+02
extra,beta=1.5,F28,10,8,6.1182167154e+02
extra,beta=1.5,F29,10,8,3.1441378974e+02
extra,beta=1.5,F30,10,8,3.5638822658e+04
extra,beta=1.9,F1,10,8,1.2089760009e+04
extra,beta=1.9,F15,10,8,6.5610888808e+02
extra,beta=1.9,F16,10,8,2.1535937775e+00
extra,beta=1.9,F17,10,8,3.9171681756e+01
extra,beta=1.9,F18,10,8,6.5728886476e+03
extra,"stage=T/3,2T/3",F1,10,8,9.3611773460e+02
extra,"stage=T/3,2T/3",F3,10,8,2.9942506120e+02
extra,"stage=T/3,2T/3",F4,10,8,6.5789651119e+00
extra,"stage=T/3,2T/3",F5,10,8,1.2760948289e+01
extra,beta=1.9,F19,10,8,7.7580185843e+02
extra,beta=1.9,F20,10,8,2.9570152924e+01
extra,beta=1.9,F21,10,8,1.0507863312e+02
extra,beta=1.9,F22,10,8,1.0139269362e+02
extra,"stage=T/3,2T/3",F6,10,8,2.5285844152e-01
extra,"stage=T/3,2T/3",F7,10,8,1.4267643955e+01
extra,"stage=T/3,2T/3",F8,10,8,1.3965880169e+01
extra,"stage=T/3,2T/3",F9,10,8,1.6703045628e-04
extra,beta=1.9,F23,10,8,3.0706007164e+02
extra,beta=1.9,F24,10,8,1.0071579536e+02
extra,beta=1.9,F25,10,8,3.9960446579e+02
extra,beta=1.9,F26,10,8,3.0005913532e+02
extra,"stage=T/3,2T/3",F10,10,8,9.2861804141e+02
extra,"stage=T/3,2T/3",F11,10,8,1.1514088885e+01
extra,"stage=T/3,2T/3",F12,10,8,1.7934091805e+06
extra,"stage=T/3,2T/3",F13,10,8,3.1234859487e+03
extra,"stage=T/3,2T/3",F14,10,8,1.9266788545e+02
extra,"stage=T/3,2T/3",F15,10,8,1.0082053019e+03
extra,"stage=T/3,2T/3",F16,10,8,1.3881272197e+02
extra,"stage=T/3,2T/3",F17,10,8,4.3711633663e+01
extra,beta=1.9,F27,10,8,3.9356128765e+02
extra,beta=1.9,F28,10,8,3.7336035409e+02
extra,beta=1.9,F29,10,8,2.4365101626e+02
extra,beta=1.9,F30,10,8,3.6363988468e+05
extra,"stage=T/3,2T/3",F18,10,8,1.4063838947e+04
extra,"stage=T/3,2T/3",F19,10,8,2.0789150326e+03
extra,"stage=T/3,2T/3",F20,10,8,2.8999568458e+01
extra,"stage=T/3,2T/3",F21,10,8,1.0351492553e+02
extra,"stage=T/4,3T/4",F5,10,8,1.1943524399e+01
extra,"stage=T/4,3T/4",F6,10,8,1.1137763024e+00
extra,"stage=T/4,3T/4",F7,10,8,2.5941304314e+01
extra,"stage=T/4,3T/4",F8,10,8,8.9638085995e+00
extra,"stage=T/3,2T/3",F30,10,8,4.8798370913e+05
extra,"stage=T/4,3T/4",F1,10,8,2.3387302824e+02
extra,"stage=T/4,3T/4",F3,10,8,4.7065221279e+02
extra,"stage=T/4,3T/4",F4,10,8,6.7072125739e+00
extra,"stage=T/3,2T/3",F22,10,8,1.0096139773e+02
extra,"stage=T/3,2T/3",F23,10,8,3.2127194941e+02
extra,"stage=T/3,2T/3",F24,10,8,1.0231240365e+02
extra,"stage=T/3,2T/3",F25,10,8,3.9979944751e+02
extra,"stage=T/4,3T/4",F9,10,8,4.6112867907e-01
extra,"stage=T/4,3T/4",F10,10,8,7.8697927165e+02
extra,"stage=T/4,3T/4",F11,10,8,9.6782411389e+00
extra,"stage=T/4,3T/4",F12,10,8,6.9646728029e+04
extra,"stage=T/4,3T/4",F13,10,8,1.0411356211e+03
extra,"stage=T/4,3T/4",F14,10,8,2.1978039779e+02
extra,"stage=T/4,3T/4",F15,10,8,2.6436049881e+03
extra,"stage=T/4,3T/4",F16,10,8,3.9662930716e+01
extra,"stage=T/3,2T/3",F26,10,8,3.3391406113e+02
extra,"stage=T/3,2T/3",F27,10,8,3.9367901843e+02
extra,"stage=T/3,2T/3",F28,10,8,6.1182166590e+02
extra,"stage=T/3,2T/3",F29,10,8,2.6340011853e+02
extra,"stage=T/4,3T/4",F17,10,8,4.3240735949e+01
extra,"stage=T/4,3T/4",F18,10,8,6.7359409650e+03
extra,"stage=T/4,3T/4",F19,10,8,1.8291154529e+02
extra,"stage=T/4,3T/4",F20,10,8,4.0254183717e+01
extra,"stage=T/4,3T/4",F21,10,8,2.2451900557e+02
extra,"stage=T/4,3T/4",F22,10,8,1.0041847163e+02
extra,"stage=T/4,3T/4",F23,10,8,3.1349521273e+02
extra,"stage=T/4,3T/4",F24,10,8,1.0273742904e+02
extra,"stage=T/2,3T/4",F4,10,8,5.5537796038e+00
extra,"stage=T/2,3T/4",F5,10,8,8.4262639841e+00
extra,"stage=T/2,3T/4",F6,10,8,2.1214916602e-01
extra,"stage=T/2,3T/4",F7,10,8,1.7399005821e+01
extra,"stage=T/2,3T/4",F8,10,8,1.5940059716e+01
extra,"stage=T/2,3T/4",F9,10,8,4.9414459245e-03
extra,"stage=T/2,3T/4",F10,10,8,3.7048037312e+02
extra,"stage=T/2,3T/4",F11,10,8,5.4286372960e+00
extra,"stage=T/4,3T/4",F29,10,8,2.7742159208e+02
extra,"stage=T/4,3T/4",F30,10,8,1.0521797782e+05
extra,"stage=T/2,3T/4",F1,10,8,5.4672155165e+03
extra,"stage=T/2,3T/4",F3,10,8,1.6983246128e+02
extra,"stage=T/4,3T/4",F25,10,8,3.9958731154e+02
extra,"stage=T/4,3T/4",F26,10,8,3.0027817990e+02
extra,"stage=T/4,3T/4",F27,10,8,3.9691645520e+02
extra,"stage=T/4,3T/4",F28,10,8,3.7005046179e+02
extra,"stage=T/2,3T/4",F12,10,8,7.9373051456e+06
extra,"stage=T/2,3T/4",F13,10,8,1.1626759584e+03
extra,"stage=T/2,3T/4",F14,10,8,2.1228411867e+02
extra,"stage=T/2,3T/4",F15,10,8,4.7360812104e+02
extra,"stage=T/2,3T/4",F16,10,8,1.3758024979e+01
extra,"stage=T/2,3T/4",F17,10,8,2.9994461998e+01
extra,"stage=T/2,3T/4",F18,10,8,4.7896475989e+03
extra,"stage=T/2,3T/4",F19,10,8,3.6713685092e+02
extra,"stage=T/5,4T/5",F3,10,8,4.6500381708e+02
extra,"stage=T/5,4T/5",F4,10,8,6.3876735368e+00
extra,"stage=T/5,4T/5",F5,10,8,8.9595910650e+00
extra,"stage=T/5,4T/5",F6,10,8,4.8989077226e-02
extra,"stage=T/2,3T/4",F20,10,8,2.7696951659e+01
extra,"stage=T/2,3T/4",F21,10,8,2.1174827447e+02
extra,"stage=T/2,3T/4",F22,10,8,1.0097210922e+02
extra,"stage=T/2,3T/4",F23,10,8,3.3242036193e+02
extra,"stage=T/5,4T/5",F7,10,8,1.7786013915e+01
extra,"stage=T/5,4T/5",F8,10,8,5.9870901190e+00
extra,"stage=T/5,4T/5",F9,10,8,1.3579692711e-04
extra,"stage=T/5,4T/5",F10,10,8,6.5185704139e+02
extra,"stage=T/2,3T/4",F24,10,8,1.0389172464e+02
extra,"stage=T/2,3T/4",F25,10,8,4.4395665903e+02
extra,"stage=T/2,3T/4",F26,10,8,3.0004321886e+02
extra,"stage=T/2,3T/4",F27,10,8,3.9086364758e+02
extra,"stage=T/5,4T/5",F11,10,8,1.2683665562e+01
extra,"stage=T/5,4T/5",F12,10,8,2.5825251707e+05
extra,"stage=T/5,4T/5",F13,10,8,7.9445681041e+03
extra,"stage=T/5,4T/5",F14,10,8,1.8747731284e+02
extra,"stage=T/5,4T/5",F15,10,8,1.1040559345e+03
extra,"stage=T/5,4T/5",F16,10,8,1.2100727503e+02
extra,"stage=T/5,4T/5",F17,10,8,4.3019518514e+01
extra,"stage=T/5,4T/5",F18,10,8,3.3251735629e+03
extra,"stage=T/2,3T/4",F28,10,8,4.0771506208e+02
extra,"stage=T/2,3T/4",F29,10,8,2.6646920480e+02
extra,"stage=T/2,3T/4",F30,10,8,1.2465458153e+04
extra,"stage=T/5,4T/5",F1,10,8,6.1218285463e+03
extra,"k: nu=1/2,mu=10",F1,10,8,6.7410204043e+02
extra,"k: nu=1/2,mu=10",F3,10,8,1.4498356734e+02
extra,"k: nu=1/2,mu=10",F4,10,8,5.6459330053e+00
extra,"k: nu=1/2,mu=10",F5,10,8,8.0137375777e+00
extra,"stage=T/5,4T/5",F19,10,8,4.3272152625e+02
extra,"stage=T/5,4T/5",F20,10,8,2.3265009563e+01
extra,"stage=T/5,4T/5",F21,10,8,2.1732942877e+02
extra,"stage=T/5,4T/5",F22,10,8,1.0040697806e+02
extra,"k: nu=1/2,mu=10",F6,10,8,1.2920082427e+00
extra,"k: nu=1/2,mu=10",F7,10,8,2.9990810396e+01
extra,"k: nu=1/2,mu=10",F8,10,8,1.6140020463e+01
extra,"k: nu=1/2,mu=10",F9,10,8,2.0971295726e-02
extra,"stage=T/5,4T/5",F23,10,8,3.0781295466e+02
extra,"stage=T/5,4T/5",F24,10,8,1.0191586039e+02
extra,"stage=T/5,4T/5",F25,10,8,3.9832780550e+02
extra,"stage=T/5,4T/5",F26,10,8,3.0026647357e+02
extra,"k: nu=1/2,mu=10",F10,10,8,2.7729115410e+02
extra,"k: nu=1/2,mu=10",F11,10,8,1.1021692586e+01
extra,"k: nu=1/2,mu=10",F12,10,8,7.9358393909e+05
extra,"k: nu=1/2,mu=10",F13,10,8,2.5305674574e+03
extra,"k: nu=1/2,mu=10",F14,10,8,1.7257076065e+02
extra,"k: nu=1/2,mu=10",F15,10,8,7.4092702704e+03
extra,"k: nu=1/2,mu=10",F16,10,8,2.5729699302e+02
extra,"k: nu=1/2,mu=10",F17,10,8,5.1758420002e+01
extra,"k: nu=1/2,mu=10",F18,10,8,6.6170221969e+03
extra,"k: nu=1/2,mu=10",F19,10,8,7.9114077634e+02
extra,"k: nu=1/2,mu=10",F20,10,8,3.4312071583e+00
extra,"k: nu=1/2,mu=10",F21,10,8,1.0410804504e+02
extra,"stage=T/5,4T/5",F27,10,8,3.8977179273e+02
extra,"stage=T/5,4T/5",F28,10,8,3.7691430827e+02
extra,"stage=T/5,4T/5",F29,10,8,2.4414082420e+02
extra,"stage=T/5,4T/5",F30,10,8,2.7575332683e+06
extra,"k: nu=1,mu=10",F5,10,8,8.6628875668e+00
extra,"k: nu=1,mu=10",F6,10,8,1.0464471284e+00
extra,"k: nu=1,mu=10",F7,10,8,2.6938461986e+01
extra,"k: nu=1,mu=10",F8,10,8,1.1942544539e+01
extra,"k: nu=1/2,mu=10",F22,10,8,1.8657455074e+01
extra,"k: nu=1/2,mu=10",F23,10,8,3.1542650212e+02
extra,"k: nu=1/2,mu=10",F24,10,8,1.0159223523e+02
extra,"k: nu=1/2,mu=10",F25,10,8,3.9961316096e+02
extra,"k: nu=1/2,mu=10",F30,10,8,1.8324887198e+06
extra,"k: nu=1,mu=10",F1,10,8,3.5389072006e+03
extra,"k: nu=1,mu=10",F3,10,8,2.6365408880e+02
extra,"k: nu=1,mu=10",F4,10,8,4.3863453426e+00
extra,"k: nu=1,mu=10",F9,10,8,3.7607163017e-04
extra,"k: nu=1,mu=10",F10,10,8,7.9632867160e+02
extra,"k: nu=1,mu=10",F11,10,8,3.9556594216e+00
extra,"k: nu=1,mu=10",F12,10,8,1.2197636038e+06
extra,"k: nu=1,mu=10",F13,10,8,9.6162871310e+03
extra,"k: nu=1,mu=10",F14,10,8,2.8563604647e+02
extra,"k: nu=1,mu=10",F15,10,8,6.3537067805e+02
extra,"k: nu=1,mu=10",F16,10,8,1.4468295052e+01
extra,"k: nu=1/2,mu=10",F26,10,8,3.2933620317e+02
extra,"k: nu=1/2,mu=10",F27,10,8,3.9079407785e+02
extra,"k: nu=1/2,mu=10",F28,10,8,6.1182215603e+02
extra,"k: nu=1/2,mu=10",F29,10,8,2.3508668517e+02
extra,"k: nu=1,mu=10",F17,10,8,2.1618396311e+01
extra,"k: nu=1,mu=10",F18,10,8,5.0744057123e+03
extra,"k: nu=1,mu=10",F19,10,8,4.2325793655e+02
extra,"k: nu=1,mu=10",F20,10,8,3.0481332586e+01
extra,"k: nu=1/2,mu=5",F4,10,8,6.0866113179e+00
extra,"k: nu=1/2,mu=5",F5,10,8,4.0314162835e+00
extra,"k: nu=1/2,mu=5",F6,10,8,1.9193911319e+00
extra,"k: nu=1/2,mu=5",F7,10,8,2.2642530611e+01
extra,"k: nu=1,mu=10",F21,10,8,1.0529750125e+02
extra,"k: nu=1,mu=10",F22,10,8,1.0095300460e+02
extra,"k: nu=1,mu=10",F23,10,8,3.0629214439e+02
extra,"k: nu=1,mu=10",F24,10,8,1.0370990429e+02
extra,"k: nu=1/2,mu=5",F8,10,8,6.9934486214e+00
extra,"k: nu=1/2,mu=5",F9,10,8,9.1190254579e-04
extra,"k: nu=1/2,mu=5",F10,10,8,7.0125636716e+02
extra,"k: nu=1/2,mu=5",F11,10,8,1.8567810193e+01
extra,"k: nu=1,mu=10",F29,10,8,2.6684589528e+02
extra,"k: nu=1,mu=10",F30,10,8,1.1221267577e+05
extra,"k: nu=1/2,mu=5",F1,10,8,2.0063593091e+04
extra,"k: nu=1/2,mu=5",F3,10,8,5.8473859377e+00
extra,"k: nu=1/2,mu=5",F12,10,8,7.8437405902e+04
extra,"k: nu=1/2,mu=5",F13,10,8,1.5187533842e+03
extra,"k: nu=1/2,mu=5",F14,10,8,1.8326053002e+02
extra,"k: nu=1/2,mu=5",F15,10,8,1.1670061976e+03
extra,"k: nu=1,mu=10",F25,10,8,4.0034665484e+02
extra,"k: nu=1,mu=10",F26,10,8,3.0011838932e+02
extra,"k: nu=1,mu=10",F27,10,8,3.9598489025e+02
extra,"k: nu=1,mu=10",F28,10,8,4.1266609939e+02
extra,"k: nu=1/2,mu=5",F16,10,8,1.7614902266e+00
extra,"k: nu=1/2,mu=5",F17,10,8,4.1297895586e+01
extra,"k: nu=1/2,mu=5",F18,10,8,3.1110665947e+04
extra,"k: nu=1/2,mu=5",F19,10,8,1.9290085259e+03
extra,"k: nu=1/2,mu=20",F3,10,8,2.0745157449e+02
extra,"k: nu=1/2,mu=20",F4,10,8,6.9725370776e+00
extra,"k: nu=1/2,mu=20",F5,10,8,9.9566421699e+00
extra,"k: nu=1/2,mu=20",F6,10,8,4.1685678826e-01
extra,"k: nu=1/2,mu=5",F20,10,8,2.5856308019e+01
extra,"k: nu=1/2,mu=5",F21,10,8,1.0355377642e+02
extra,"k: nu=1/2,mu=5",F22,10,8,1.0100619897e+02
extra,"k: nu=1/2,mu=5",F23,10,8,3.1572351515e+02
extra,"k: nu=1/2,mu=20",F7,10,8,2.3708678241e+01
extra,"k: nu=1/2,mu=20",F8,10,8,1.6918878554e+01
extra,"k: nu=1/2,mu=20",F9,10,8,2.6116563265e-02
extra,"k: nu=1/2,mu=20",F10,10,8,6.5331491686e+02
extra,"k: nu=1/2,mu=5",F24,10,8,1.1150398217e+02
extra,"k: nu=1/2,mu=5",F25,10,8,3.9817798748e+02
extra,"k: nu=1/2,mu=5",F26,10,8,3.0013618682e+02
extra,"k: nu=1/2,mu=5",F27,10,8,3.8943641442e+02
extra,"k: nu=1/2,mu=5",F28,10,8,6.1182171194e+02
extra,"k: nu=1/2,mu=5",F29,10,8,2.9426615968e+02
extra,"k: nu=1/2,mu=5",F30,10,8,2.9802830077e+04
extra,"k: nu=1/2,mu=20",F1,10,8,6.5236821359e+03
extra,"k: nu=1/2,mu=20",F11,10,8,6.7536460728e+00
extra,"k: nu=1/2,mu=20",F12,10,8,5.6166644190e+04
extra,"k: nu=1/2,mu=20",F13,10,8,1.0515624772e+03
extra,"k: nu=1/2,mu=20",F14,10,8,1.6606836825e+02
extra,"k: nu=1/2,mu=20",F15,10,8,4.7135002632e+03
extra,"k: nu=1/2,mu=20",F16,10,8,1.4664128524e+01
extra,"k: nu=1/2,mu=20",F17,10,8,4.9927014960e+01
extra,"k: nu=1/2,mu=20",F18,10,8,1.0461223247e+04
extra,k=1 (plain OBL),F1,10,8,2.1793435623e+04
extra,k=1 (plain OBL),F3,10,8,7.6985618427e+01
extra,k=1 (plain OBL),F4,10,8,6.9407350349e+00
extra,k=1 (plain OBL),F5,10,8,9.2605673659e+00
extra,"k: nu=1/2,mu=20",F19,10,8,1.9440012904e+03
extra,"k: nu=1/2,mu=20",F20,10,8,2.7001508548e+01
extra,"k: nu=1/2,mu=20",F21,10,8,1.0408715611e+02
extra,"k: nu=1/2,mu=20",F22,10,8,1.0048373020e+02
extra,k=1 (plain OBL),F6,10,8,3.2411260962e-01
extra,k=1 (plain OBL),F7,10,8,2.7496664704e+01
extra,k=1 (plain OBL),F8,10,8,8.9745186448e+00
extra,k=1 (plain OBL),F9,10,8,7.2438553541e-03
extra,k=1 (plain OBL),F10,10,8,8.9550250374e+02
extra,k=1 (plain OBL),F11,10,8,7.7528914626e+00
extra,k=1 (plain OBL),F12,10,8,3.9760949418e+06
extra,k=1 (plain OBL),F13,10,8,1.9445936170e+03
extra,"k: nu=1/2,mu=20",F23,10,8,3.0853331975e+02
extra,"k: nu=1/2,mu=20",F24,10,8,3.3922733591e+02
extra,"k: nu=1/2,mu=20",F25,10,8,3.9944528447e+02
extra,"k: nu=1/2,mu=20",F26,10,8,3.0011821996e+02
extra,k=1 (plain OBL),F14,10,8,8.4933571758e+01
extra,k=1 (plain OBL),F15,10,8,3.6115011468e+03
extra,k=1 (plain OBL),F16,10,8,3.8756770391e+01
extra,k=1 (plain OBL),F17,10,8,3.9038364652e+01
extra,k=1 (plain OBL),F18,10,8,1.5508575734e+03
extra,k=1 (plain OBL),F19,10,8,7.7874460350e+02
extra,k=1 (plain OBL),F20,10,8,2.7535107330e+01
extra,k=1 (plain OBL),F21,10,8,2.1063206042e+02
extra,"k: nu=1/2,mu=20",F27,10,8,3.9082762583e+02
extra,"k: nu=1/2,mu=20",F28,10,8,4.2069255836e+02
extra,"k: nu=1/2,mu=20",F29,10,8,2.7461675550e+02
extra,"k: nu=1/2,mu=20",F30,10,8,1.4816489263e+06
extra,k=1 (plain OBL),F22,10,8,1.0009053967e+02
extra,k=1 (plain OBL),F23,10,8,3.2296609772e+02
extra,k=1 (plain OBL),F24,10,8,3.3544545270e+02
extra,k=1 (plain OBL),F25,10,8,3.9814668255e+02
extra,k=1 (plain OBL),F30,10,8,8.1061286997e+05
extra,N=10,F1,10,9,4.1511717749e+02
extra,N=10,F3,10,9,9.7806265529e+01
extra,N=10,F4,10,9,3.9569219430e+00
extra,N=10,F5,10,9,2.0044865596e+01
extra,N=10,F6,10,9,1.4572545365e+00
extra,N=10,F7,10,9,3.8348913606e+01
extra,N=10,F8,10,9,5.9712572380e+00
extra,k=1 (plain OBL),F26,10,8,3.0007359651e+02
extra,k=1 (plain OBL),F27,10,8,3.9688169832e+02
extra,k=1 (plain OBL),F28,10,8,3.9892122986e+02
extra,k=1 (plain OBL),F29,10,8,2.8097444770e+02
extra,N=10,F9,10,9,3.4532791710e-04
extra,N=10,F10,10,9,6.3730378230e+02
extra,N=10,F11,10,9,1.0620419396e+01
extra,N=10,F12,10,9,5.2279823448e+05
extra,N=10,F13,10,9,9.1783706081e+03
extra,N=10,F14,10,9,6.3671001179e+02
extra,N=10,F15,10,9,2.4744235600e+03
extra,N=10,F16,10,9,1.2372063063e+02
extra,N=10,F17,10,9,4.4107091924e+01
extra,N=10,F18,10,9,1.3454932367e+04
extra,N=10,F19,10,9,5.4795123441e+03
extra,N=10,F20,10,9,3.2125992486e+01
extra,N=20,F4,10,9,5.7085585667e+00
extra,N=20,F5,10,9,1.2981285605e+01
extra,N=20,F6,10,9,8.6399637141e-01
extra,N=20,F7,10,9,1.5429167261e+01
extra,N=10,F21,10,9,2.1446771758e+02
extra,N=10,F22,10,9,1.0121450609e+02
extra,N=10,F23,10,9,3.0794059738e+02
extra,N=10,F24,10,9,3.4876498553e+02
extra,N=20,F8,10,9,5.9711014038e+00
extra,N=20,F9,10,9,8.6828630992e-04
extra,N=20,F10,10,9,9.8215226326e+02
extra,N=20,F11,10,9,3.6250965341e+00
extra,N=20,F12,10,9,1.4801649292e+05
extra,N=20,F13,10,9,3.9151117530e+03
extra,N=20,F14,10,9,7.2602647613e+01
extra,N=20,F15,10,9,4.5303966700e+03
extra,N=10,F25,10,9,4.4406796823e+02
extra,N=10,F26,10,9,3.7033983521e+02
extra,N=10,F27,10,9,4.0205536676e+02
extra,N=10,F28,10,9,6.1182299141e+02
extra,N=10,F29,10,9,2.8120411859e+02
extra,N=10,F30,10,9,8.0368696836e+05
extra,N=20,F1,10,9,5.0732867193e+03
extra,N=20,F3,10,9,5.5361903404e+01
extra,N=20,F16,10,9,1.2276559211e+02
extra,N=20,F17,10,9,4.1158340948e+01
extra,N=20,F18,10,9,8.6304579657e+03
extra,N=20,F19,10,9,4.8390461295e+01
extra,N=50,F3,10,9,2.9252341248e+02
extra,N=50,F4,10,9,4.9457254289e+00
extra,N=50,F5,10,9,7.9875766987e+00
extra,N=50,F6,10,9,1.0245316812e+00
extra,N=50,F7,10,9,2.1181590899e+01
extra,N=50,F8,10,9,1.6959647759e+01
extra,N=50,F9,10,9,1.0180560886e-01
extra,N=50,F10,10,9,4.6397092648e+02
extra,N=20,F20,10,9,2.7089534576e+01
extra,N=20,F21,10,9,1.0285964822e+02
extra,N=20,F22,10,9,1.0096133515e+02
extra,N=20,F23,10,9,3.1561488132e+02
extra,N=50,F11,10,9,1.3891559322e+01
extra,N=50,F12,10,9,1.6951278530e+05
extra,N=50,F13,10,9,2.3534453124e+03
extra,N=50,F14,10,9,3.7787940579e+02
extra,N=50,F15,10,9,2.5940102366e+03
extra,N=50,F16,10,9,3.1733472113e+01
extra,N=50,F17,10,9,4.3900057036e+01
extra,N=50,F18,10,9,1.5062504143e+04
extra,N=50,F19,10,9,7.1030874387e+02
extra,N=50,F20,10,9,4.5083491957e+01
extra,N=50,F21,10,9,1.0495518140e+02
extra,N=50,F22,10,9,2.8613314511e+01
extra,N=20,F24,10,9,3.4339058712e+02
extra,N=20,F25,10,9,3.9961004800e+02
extra,N=20,F26,10,9,3.4715551445e+02
extra,N=20,F27,10,9,3.9611830870e+02
extra,N=20,F28,10,9,4.1713113423e+02
extra,N=20,F29,10,9,2.8264706498e+02
extra,N=20,F30,10,9,2.1933043563e+05
extra,N=50,F1,10,9,9.6223576892e+04
extra,N=100,F1,10,9,8.1090843316e+05
extra,N=100,F3,10,9,9.9043438060e+02
extra,N=100,F4,10,9,8.0993420658e+00
extra,N=100,F5,10,9,1.4834862560e+01
extra,N=50,F23,10,9,3.1468657015e+02
extra,N=50,F24,10,9,1.0925830128e+02
extra,N=50,F25,10,9,4.4986297810e+02
extra,N=50,F26,10,9,3.0060972532e+02
extra,N=100,F6,10,9,1.3154426215e+00
extra,N=100,F7,10,9,5.1476180723e+01
extra,N=100,F8,10,9,9.0595465824e+00
extra,N=100,F9,10,9,6.1207378411e-01
extra,N=100,F10,10,9,6.1329490219e+02
extra,N=100,F11,10,9,1.3723610969e+01
extra,N=100,F12,10,9,1.7656784043e+06
extra,N=100,F13,10,9,1.7693227145e+04
extra,N=100,F14,10,9,1.9604060906e+02
extra,N=100,F15,10,9,2.0481487876e+03
extra,N=100,F16,10,9,1.7144535010e+02
extra,N=100,F17,10,9,6.4781299570e+01
extra,N=100,F18,10,9,9.2557450638e+02
extra,N=100,F19,10,9,2.2986783968e+03
extra,N=100,F20,10,9,7.9227931263e+01
extra,N=100,F21,10,9,2.2279986608e+02
extra,N=100,F22,10,9,1.0094217766e+02
extra,N=100,F23,10,9,3.2027632605e+02
extra,N=100,F24,10,9,3.4026155094e+02
extra,N=100,F25,10,9,4.4625909241e+02
extra,N=100,F30,10,9,6.6428685427e+04
extra,beta=1.1,F1,10,9,4.6294062793e+04
extra,beta=1.1,F3,10,9,2.2413014226e+02
extra,beta=1.1,F4,10,9,7.2663789471e+00
extra,N=100,F26,10,9,3.4750385957e+02
extra,N=100,F27,10,9,3.9364065468e+02
extra,N=100,F28,10,9,4.1679394378e+02
extra,N=100,F29,10,9,2.5752952918e+02
extra,beta=1.1,F5,10,9,2.1151409482e+01
extra,beta=1.1,F6,10,9,7.7139051427e-02
extra,beta=1.1,F7,10,9,3.1031363407e+01
extra,beta=1.1,F8,10,9,4.0080809042e+00
extra,N=50,F27,10,9,3.8955737624e+02
extra,N=50,F28,10,9,4.1569467901e+02
extra,N=50,F29,10,9,2.4814218746e+02
extra,N=50,F30,10,9,6.5929181677e+05
extra,beta=1.1,F9,10,9,4.5872450526e-01
extra,beta=1.1,F10,10,9,1.0196692903e+03
extra,beta=1.1,F11,10,9,9.7587024242e+00
extra,beta=1.1,F12,10,9,5.0096992757e+06
extra,beta=1.1,F13,10,9,4.8565862084e+02
extra,beta=1.1,F14,10,9,2.3414953668e+02
extra,beta=1.1,F15,10,9,6.7483834520e+02
extra,beta=1.1,F16,10,9,1.8656342612e+01
extra,beta=1.1,F17,10,9,4.0540129104e+01
extra,beta=1.1,F18,10,9,3.8300909329e+03
extra,beta=1.1,F19,10,9,7.4127774266e+02
extra,beta=1.1,F20,10,9,2.3920276455e+01
extra,beta=1.3,F4,10,9,6.9954204593e+00
extra,beta=1.3,F5,10,9,4.3273118609e+00
extra,beta=1.3,F6,10,9,5.0243802680e-01
extra,beta=1.3,F7,10,9,2.2621033112e+01
extra,beta=1.1,F21,10,9,1.0487367957e+02
extra,beta=1.1,F22,10,9,1.0189588157e+02
extra,beta=1.1,F23,10,9,3.1622964850e+02
extra,beta=1.1,F24,10,9,3.4533553980e+02
extra,beta=1.3,F8,10,9,1.4004624699e+01
extra,beta=1.3,F9,10,9,3.4017674260e-03
extra,beta=1.3,F10,10,9,7.3751719686e+02
extra,beta=1.3,F11,10,9,5.6773741089e+00
extra,beta=1.1,F25,10,9,3.9965747749e+02
extra,beta=1.1,F26,10,9,3.0005753122e+02
extra,beta=1.1,F27,10,9,3.9325268736e+02
extra,beta=1.1,F28,10,9,3.6975707585e+02
extra,beta=1.1,F29,10,9,3.4344028036e+02
extra,beta=1.1,F30,10,9,2.1001806161e+06
extra,beta=1.3,F1,10,9,2.1816118127e+03
extra,beta=1.3,F3,10,9,2.1982811970e+02
extra,beta=1.3,F12,10,9,1.8139906732e+06
extra,beta=1.3,F13,10,9,9.4192273221e+03
extra,beta=1.3,F14,10,9,4.6953571873e+02
extra,beta=1.3,F15,10,9,2.2268139007e+02
extra,beta=1.3,F16,10,9,3.2163176817e+01
extra,beta=1.3,F17,10,9,3.7718788968e+01
extra,beta=1.3,F18,10,9,1.7325829443e+03
extra,beta=1.3,F19,10,9,2.4013867066e+03
extra,beta=1.5,F3,10,9,2.0192366482e+02
extra,beta=1.5,F4,10,9,6.2063887025e+00
extra,beta=1.5,F5,10,9,9.9561966240e+00
extra,beta=1.5,F6,10,9,1.5434058940e+00
extra,beta=1.3,F20,10,9,2.7147142754e+01
extra,beta=1.3,F21,10,9,2.1706781668e+02
extra,beta=1.3,F22,10,9,1.0184277228e+02
extra,beta=1.3,F23,10,9,3.0765958060e+02
extra,beta=1.5,F7,10,9,2.7673032050e+01
extra,beta=1.5,F8,10,9,1.2068689313e+01
extra,beta=1.5,F9,10,9,2.7889048922e-03
extra,beta=1.5,F10,10,9,5.0379712850e+02
extra,beta=1.3,F24,10,9,3.3193525381e+02
extra,beta=1.3,F25,10,9,4.4623302998e+02
extra,beta=1.3,F26,10,9,3.0064869095e+02
extra,beta=1.3,F27,10,9,3.9822544605e+02
extra,beta=1.5,F11,10,9,3.6475645411e+00
extra,beta=1.5,F12,10,9,1.2502367934e+06
extra,beta=1.5,F13,10,9,4.3150373333e+02
extra,beta=1.5,F14,10,9,1.0386758365e+02
extra,beta=1.3,F28,10,9,4.1864188814e+02
extra,beta=1.3,F29,10,9,2.8852456298e+02
extra,beta=1.3,F30,10,9,1.3448948602e+04
extra,beta=1.5,F1,10,9,4.3379575337e+03
extra,beta=1.5,F15,10,9,1.5647224786e+03
extra,beta=1.5,F16,10,9,3.8725026222e+01
extra,beta=1.5,F17,10,9,3.0276994907e+01
extra,beta=1.5,F18,10,9,1.0114438214e+04
extra,beta=1.5,F19,10,9,4.5554819136e+02
extra,beta=1.5,F20,10,9,3.1768681644e+01
extra,beta=1.5,F21,10,9,1.0450538238e+02
extra,beta=1.5,F22,10,9,1.0085446014e+02
extra,beta=1.9,F1,10,9,1.7617372700e+04
extra,beta=1.9,F3,10,9,1.0618538831e+02
extra,beta=1.9,F4,10,9,3.9810742218e+00
extra,beta=1.9,F5,10,9,1.2955466098e+01
extra,beta=1.5,F23,10,9,3.1098651993e+02
extra,beta=1.5,F24,10,9,1.0704690321e+02
extra,beta=1.5,F25,10,9,4.0535549040e+02
extra,beta=1.5,F26,10,9,3.4715502119e+02
extra,beta=1.9,F6,10,9,2.4186045560e-01
extra,beta=1.9,F7,10,9,4.1554414812e+01
extra,beta=1.9,F8,10,9,7.9605048408e+00
extra,beta=1.9,F9,10,9,1.0681036488e-02
extra,beta=1.9,F10,10,9,1.2670304218e+03
extra,beta=1.9,F11,10,9,6.6228673932e+00
extra,beta=1.9,F12,10,9,2.7300476771e+04
extra,beta=1.9,F13,10,9,1.5329466663e+03
extra,beta=1.9,F14,10,9,1.5966341921e+02
extra,beta=1.9,F15,10,9,2.2004651372e+03
extra,beta=1.9,F16,10,9,1.2638687335e+02
extra,beta=1.9,F17,10,9,4.2594269131e+01
extra,beta=1.5,F27,10,9,3.8996247759e+02
extra,beta=1.5,F28,10,9,6.0269360953e+02
extra,beta=1.5,F29,10,9,3.0708680103e+02
extra,beta=1.5,F30,10,9,6.3969216095e+05
extra,beta=1.9,F18,10,9,1.5757467386e+03
extra,beta=1.9,F19,10,9,1.4230452408e+02
extra,beta=1.9,F20,10,9,3.4099193126e+01
extra,beta=1.9,F21,10,9,2.0983183942e+02
extra,"stage=T/3,2T/3",F5,10,9,1.3935936872e+01
extra,"stage=T/3,2T/3",F6,10,9,1.1947562397e+00
extra,"stage=T/3,2T/3",F7,10,9,1.7374730416e+01
extra,"stage=T/3,2T/3",F8,10,9,2.2893479102e+01
extra,beta=1.9,F22,10,9,1.0042861996e+02
extra,beta=1.9,F23,10,9,3.1423448873e+02
extra,beta=1.9,F24,10,9,1.6487064516e+02
extra,beta=1.9,F25,10,9,3.9975105174e+02
extra,beta=1.9,F30,10,9,3.5321628005e+04
extra,"stage=T/3,2T/3",F1,10,9,1.1631872378e+03
extra,"stage=T/3,2T/3",F3,10,9,1.5819340839e+02
extra,"stage=T/3,2T/3",F4,10,9,6.0009543588e+00
extra,"stage=T/3,2T/3",F9,10,9,8.4107122356e-03
extra,"stage=T/3,2T/3",F10,10,9,9.0702884571e+02
extra,"stage=T/3,2T/3",F11,10,9,1.0686785759e+01
extra,"stage=T/3,2T/3",F12,10,9,1.0423499514e+06
extra,"stage=T/3,2T/3",F13,10,9,1.0166089244e+03
extra,"stage=T/3,2T/3",F14,10,9,2.0071250506e+02
extra,"stage=T/3,2T/3",F15,10,9,1.1560939980e+03
extra,"stage=T/3,2T/3",F16,10,9,7.9530506572e+00
extra,beta=1.9,F26,10,9,3.0016798577e+02
extra,beta=1.9,F27,10,9,3.8975200818e+02
extra,beta=1.9,F28,10,9,6.1182168061e+02
extra,beta=1.9,F29,10,9,2.7660100400e+02
extra,"stage=T/3,2T/3",F17,10,9,2.8802908780e+01
extra,"stage=T/3,2T/3",F18,10,9,4.0174685000e+03
extra,"stage=T/3,2T/3",F19,10,9,6.7676960180e+02
extra,"stage=T/3,2T/3",F20,10,9,2.0581829956e+01
extra,"stage=T/4,3T/4",F4,10,9,7.4697916094e+00
extra,"stage=T/4,3T/4",F5,10,9,1.3943323867e+01
extra,"stage=T/4,3T/4",F6,10,9,1.0256511024e+00
extra,"stage=T/4,3T/4",F7,10,9,1.6622343486e+01
extra,"stage=T/3,2T/3",F21,10,9,1.0383983080e+02
extra,"stage=T/3,2T/3",F22,10,9,1.0048444545e+02
extra,"stage=T/3,2T/3",F23,10,9,3.1509705694e+02
extra,"stage=T/3,2T/3",F24,10,9,1.0389827045e+02
extra,"stage=T/4,3T/4",F8,10,9,1.2942296275e+01
extra,"stage=T/4,3T/4",F9,10,9,4.2889885196e-04
extra,"stage=T/4,3T/4",F10,10,9,8.4649353151e+02
extra,"stage=T/4,3T/4",F11,10,9,8.6807646624e+00
extra,"stage=T/3,2T/3",F29,10,9,2.6765351181e+02
extra,"stage=T/3,2T/3",F30,10,9,6.8358769815e+04
extra,"stage=T/4,3T/4",F1,10,9,1.8566686033e+02
extra,"stage=T/4,3T/4",F3,10,9,7.8818638174e+01
extra,"stage=T/3,2T/3",F25,10,9,3.9964924335e+02
extra,"stage=T/3,2T/3",F26,10,9,4.2721299718e+02
extra,"stage=T/3,2T/3",F27,10,9,3.9444785212e+02
extra,"stage=T/3,2T/3",F28,10,9,4.1602817785e+02
extra,"stage=T/4,3T/4",F12,10,9,2.5143988961e+05
extra,"stage=T/4,3T/4",F13,10,9,5.8864042056e+03
extra,"stage=T/4,3T/4",F14,10,9,2.1032230114e+02
extra,"stage=T/4,3T/4",F15,10,9,4.2669532441e+02
extra,"stage=T/4,3T/4",F16,10,9,1.3164039542e+02
extra,"stage=T/4,3T/4",F17,10,9,4.3163962429e+01
extra,"stage=T/4,3T/4",F18,10,9,2.8463082199e+03
extra,"stage=T/4,3T/4",F19,10,9,5.0716686645e+03
extra,"stage=T/2,3T/4",F3,10,9,1.0197868037e+02
extra,"stage=T/2,3T/4",F4,10,9,5.6592111247e+00
extra,"stage=T/2,3T/4",F5,10,9,1.0054234314e+01
extra,"stage=T/2,3T/4",F6,10,9,1.4730957000e-01
extra,"stage=T/4,3T/4",F20,10,9,2.2679990354e+01
extra,"stage=T/4,3T/4",F21,10,9,2.1121217377e+02
extra,"stage=T/4,3T/4",F22,10,9,1.0216040679e+02
extra,"stage=T/4,3T/4",F23,10,9,3.2326924877e+02
extra,"stage=T/2,3T/4",F7,10,9,2.0324001204e+01
extra,"stage=T/2,3T/4",F8,10,9,4.9757901541e+00
extra,"stage=T/2,3T/4",F9,10,9,5.8998193932e-01
extra,"stage=T/2,3T/4",F10,10,9,3.6777575893e+02
extra,"stage=T/4,3T/4",F24,10,9,3.4067323021e+02
extra,"stage=T/4,3T/4",F25,10,9,4.4439746579e+02
extra,"stage=T/4,3T/4",F26,10,9,3.0001118557e+02
extra,"stage=T/4,3T/4",F27,10,9,3.8977708779e+02
extra,"stage=T/2,3T/4",F11,10,9,1.5649456205e+01
extra,"stage=T/2,3T/4",F12,10,9,9.9909594374e+05
extra,"stage=T/2,3T/4",F13,10,9,5.9237736774e+03
extra,"stage=T/2,3T/4",F14,10,9,2.0997321068e+02
extra,"stage=T/4,3T/4",F28,10,9,4.1854981803e+02
extra,"stage=T/4,3T/4",F29,10,9,2.6534594407e+02
extra,"stage=T/4,3T/4",F30,10,9,8.4381900384e+05
extra,"stage=T/2,3T/4",F1,10,9,3.6550445138e+04
extra,"stage=T/2,3T/4",F15,10,9,6.1437939606e+02
extra,"stage=T/2,3T/4",F16,10,9,4.0829992848e+01
extra,"stage=T/2,3T/4",F17,10,9,5.4462453972e+01
extra,"stage=T/2,3T/4",F18,10,9,4.6252468469e+03
extra,"stage=T/5,4T/5",F1,10,9,1.5248525963e+03
extra,"stage=T/5,4T/5",F3,10,9,9.5335288961e+02
extra,"stage=T/5,4T/5",F4,10,9,6.2711336131e+00
extra,"stage=T/5,4T/5",F5,10,9,8.9610232702e+00
extra,"stage=T/5,4T/5",F6,10,9,2.9355928227e-02
extra,"stage=T/5,4T/5",F7,10,9,3.1851179089e+01
extra,"stage=T/5,4T/5",F8,10,9,1.2935669589e+01
extra,"stage=T/5,4T/5",F9,10,9,1.4292119261e-04
extra,"stage=T/2,3T/4",F19,10,9,1.3467658181e+03
extra,"stage=T/2,3T/4",F20,10,9,6.1292609190e+01
extra,"stage=T/2,3T/4",F21,10,9,1.0227254534e+02
extra,"stage=T/2,3T/4",F22,10,9,1.5934834257e+01
extra,"stage=T/2,3T/4",F23,10,9,3.1318379195e+02
extra,"stage=T/2,3T/4",F24,10,9,1.0284521282e+02
extra,"stage=T/2,3T/4",F25,10,9,4.4389027032e+02
extra,"stage=T/2,3T/4",F26,10,9,3.0007149590e+02
extra,"stage=T/5,4T/5",F10,10,9,6.0097038001e+02
extra,"stage=T/5,4T/5",F11,10,9,8.6863101259e+00
extra,"stage=T/5,4T/5",F12,10,9,4.6968463705e+05
extra,"stage=T/5,4T/5",F13,10,9,1.9335292073e+03
extra,"stage=T/5,4T/5",F14,10,9,2.3646690157e+02
extra,"stage=T/5,4T/5",F15,10,9,6.4741099503e+03
extra,"stage=T/5,4T/5",F16,10,9,1.9779138297e+00
extra,"stage=T/5,4T/5",F17,10,9,4.3483253883e+01
extra,"stage=T/2,3T/4",F27,10,9,3.8897792805e+02
extra,"stage=T/2,3T/4",F28,10,9,6.1182230249e+02
extra,"stage=T/2,3T/4",F29,10,9,2.8967827386e+02
extra,"stage=T/2,3T/4",F30,10,9,4.1673431739e+05
extra,"stage=T/5,4T/5",F18,10,9,4.3112233622e+03
extra,"stage=T/5,4T/5",F19,10,9,3.0697824610e+04
extra,"stage=T/5,4T/5",F20,10,9,7.5108425157e+01
extra,"stage=T/5,4T/5",F21,10,9,1.0188487151e+02
extra,"k: nu=1/2,mu=10",F5,10,9,1.7565691430e+01
extra,"k: nu=1/2,mu=10",F6,10,9,2.5085809609e-01
extra,"k: nu=1/2,mu=10",F7,10,9,2.2595693928e+01
extra,"k: nu=1/2,mu=10",F8,10,9,1.3963064286e+01
extra,"stage=T/5,4T/5",F22,10,9,1.0066084654e+02
extra,"stage=T/5,4T/5",F23,10,9,3.1393617332e+02
extra,"stage=T/5,4T/5",F24,10,9,3.4899561572e+02
extra,"stage=T/5,4T/5",F25,10,9,4.4447237471e+02
extra,"stage=T/5,4T/5",F30,10,9,1.9123891848e+04
extra,"k: nu=1/2,mu=10",F1,10,9,7.4703121502e+03
extra,"k: nu=1/2,mu=10",F3,10,9,1.4963785476e+02
extra,"k: nu=1/2,mu=10",F4,10,9,7.2711287607e+00
extra,"k: nu=1/2,mu=10",F9,10,9,1.4339012978e-02
extra,"k: nu=1/2,mu=10",F10,10,9,4.8632037567e+02
extra,"k: nu=1/2,mu=10",F11,10,9,5.0117282720e+00
extra,"k: nu=1/2,mu=10",F12,10,9,6.6897075466e+04
extra,"k: nu=1/2,mu=10",F13,10,9,8.6299124356e+02
extra,"k: nu=1/2,mu=10",F14,10,9,1.8865923381e+02
extra,"k: nu=1/2,mu=10",F15,10,9,2.9910812980e+02
extra,"k: nu=1/2,mu=10",F16,10,9,3.4455321209e+00
extra,"stage=T/5,4T/5",F26,10,9,3.5815598326e+02
extra,"stage=T/5,4T/5",F27,10,9,3.9397235299e+02
extra,"stage=T/5,4T/5",F28,10,9,3.7013935600e+02
extra,"stage=T/5,4T/5",F29,10,9,2.9942883073e+02
extra,"k: nu=1/2,mu=10",F17,10,9,3.9847516307e+01
extra,"k: nu=1/2,mu=10",F18,10,9,7.1038673434e+03
extra,"k: nu=1/2,mu=10",F19,10,9,4.8157414566e+02
extra,"k: nu=1/2,mu=10",F20,10,9,3.2057689650e+01
extra,"k: nu=1,mu=10",F4,10,9,4.9792870637e+00
extra,"k: nu=1,mu=10",F5,10,9,6.1554154814e+00
extra,"k: nu=1,mu=10",F6,10,9,8.3178770644e-01
extra,"k: nu=1,mu=10",F7,10,9,2.6021262715e+01
extra,"k: nu=1/2,mu=10",F21,10,9,2.1359884974e+02
extra,"k: nu=1/2,mu=10",F22,10,9,1.0162081279e+02
extra,"k: nu=1/2,mu=10",F23,10,9,3.1242621835e+02
extra,"k: nu=1/2,mu=10",F24,10,9,1.0246761535e+02
extra,"k: nu=1/2,mu=10",F29,10,9,2.9237118412e+02
extra,"k: nu=1/2,mu=10",F30,10,9,2.3811809603e+06
extra,"k: nu=1,mu=10",F1,10,9,6.4289877399e+03
extra,"k: nu=1,mu=10",F3,10,9,5.3036766548e+01
extra,"k: nu=1,mu=10",F8,10,9,5.9770861209e+00
extra,"k: nu=1,mu=10",F9,10,9,9.0786651690e-02
extra,"k: nu=1,mu=10",F10,10,9,8.2448248240e+02
extra,"k: nu=1,mu=10",F11,10,9,1.0183498335e+01
extra,"k: nu=1/2,mu=10",F25,10,9,3.9974292853e+02
extra,"k: nu=1/2,mu=10",F26,10,9,3.0025325545e+02
extra,"k: nu=1/2,mu=10",F27,10,9,3.9362205968e+02
extra,"k: nu=1/2,mu=10",F28,10,9,6.1182167224e+02
extra,"k: nu=1,mu=10",F12,10,9,7.4611105506e+06
extra,"k: nu=1,mu=10",F13,10,9,1.5305352461e+03
extra,"k: nu=1,mu=10",F14,10,9,2.9915795212e+02
extra,"k: nu=1,mu=10",F15,10,9,5.4362494354e+02
extra,"k: nu=1,mu=10",F16,10,9,1.2575794500e+02
extra,"k: nu=1,mu=10",F17,10,9,5.0310739869e+01
extra,"k: nu=1,mu=10",F18,10,9,4.5132952701e+02
extra,"k: nu=1,mu=10",F19,10,9,6.1076699127e+02
extra,"k: nu=1,mu=10",F20,10,9,2.5626788887e+01
extra,"k: nu=1,mu=10",F21,10,9,1.0425033401e+02
extra,"k: nu=1,mu=10",F22,10,9,1.0247332339e+02
extra,"k: nu=1,mu=10",F23,10,9,3.1334987930e+02
extra,"k: nu=1/2,mu=5",F3,10,9,2.9619362812e+02
extra,"k: nu=1/2,mu=5",F4,10,9,7.1619623496e+00
extra,"k: nu=1/2,mu=5",F5,10,9,1.0342409521e+01
extra,"k: nu=1/2,mu=5",F6,10,9,2.9613046697e-01
extra,"k: nu=1/2,mu=5",F7,10,9,1.9304514542e+01
extra,"k: nu=1/2,mu=5",F8,10,9,1.0963514511e+01
extra,"k: nu=1/2,mu=5",F9,10,9,2.5839019785e-03
extra,"k: nu=1/2,mu=5",F10,10,9,9.5365869101e+02
extra,"k: nu=1/2,mu=5",F11,10,9,6.3651439140e+00
extra,"k: nu=1/2,mu=5",F12,10,9,3.4584665487e+06
extra,"k: nu=1/2,mu=5",F13,10,9,2.1074580731e+04
extra,"k: nu=1/2,mu=5",F14,10,9,8.6918441750e+01
extra,"k: nu=1,mu=10",F24,10,9,1.1726439325e+02
extra,"k: nu=1,mu=10",F25,10,9,4.4601858523e+02
extra,"k: nu=1,mu=10",F26,10,9,3.0029630219e+02
extra,"k: nu=1,mu=10",F27,10,9,3.8962908289e+02
extra,"k: nu=1,mu=10",F28,10,9,3.7261224708e+02
extra,"k: nu=1,mu=10",F29,10,9,2.5525548699e+02
extra,"k: nu=1,mu=10",F30,10,9,8.7379656658e+05
extra,"k: nu=1/2,mu=5",F1,10,9,1.6297956020e+03
extra,"k: nu=1/2,mu=5",F15,10,9,5.6946103333e+03
extra,"k: nu=1/2,mu=5",F16,10,9,1.2428837156e+02
extra,"k: nu=1/2,mu=5",F17,10,9,4.1655663706e+01
extra,"k: nu=1/2,mu=5",F18,10,9,3.3685792107e+04
extra,"k: nu=1/2,mu=20",F1,10,9,6.5586898387e+03
extra,"k: nu=1/2,mu=20",F3,10,9,6.6960220455e+01
extra,"k: nu=1/2,mu=20",F4,10,9,7.0192632577e+00
extra,"k: nu=1/2,mu=20",F5,10,9,4.9861601641e+00
extra,"k: nu=1/2,mu=5",F19,10,9,5.5318138239e+02
extra,"k: nu=1/2,mu=5",F20,10,9,2.0559538958e+01
extra,"k: nu=1/2,mu=5",F21,10,9,2.1859460719e+02
extra,"k: nu=1/2,mu=5",F22,10,9,1.0025755702e+02
extra,"k: nu=1/2,mu=20",F6,10,9,1.5745991912e+00
extra,"k: nu=1/2,mu=20",F7,10,9,2.4745458378e+01
extra,"k: nu=1/2,mu=20",F8,10,9,2.8150128547e+01
extra,"k: nu=1/2,mu=20",F9,10,9,6.7129040723e-03
extra,"k: nu=1/2,mu=5",F23,10,9,3.1175114316e+02
extra,"k: nu=1/2,mu=5",F24,10,9,3.4729903490e+02
extra,"k: nu=1/2,mu=5",F25,10,9,3.9904330385e+02
extra,"k: nu=1/2,mu=5",F26,10,9,3.4715195396e+02
extra,"k: nu=1/2,mu=20",F10,10,9,1.0540039367e+03
extra,"k: nu=1/2,mu=20",F11,10,9,6.8087032687e+00
extra,"k: nu=1/2,mu=20",F12,10,9,6.6776971297e+05
extra,"k: nu=1/2,mu=20",F13,10,9,5.8377763008e+02
extra,"k: nu=1/2,mu=20",F14,10,9,2.1295528300e+02
extra,"k: nu=1/2,mu=20",F15,10,9,6.0914354622e+03
extra,"k: nu=1/2,mu=20",F16,10,9,1.5113075465e+02
extra,"k: nu=1/2,mu=20",F17,10,9,4.8210609463e+01
extra,"k: nu=1/2,mu=5",F27,10,9,3.9697305089e+02
extra,"k: nu=1/2,mu=5",F28,10,9,4.2854309771e+02
extra,"k: nu=1/2,mu=5",F29,10,9,3.1800672581e+02
extra,"k: nu=1/2,mu=5",F30,10,9,2.0383990564e+04
extra,"k: nu=1/2,mu=20",F18,10,9,2.5574309969e+04
extra,"k: nu=1/2,mu=20",F19,10,9,1.5640963047e+02
extra,"k: nu=1/2,mu=20",F20,10,9,2.7243807627e+01
extra,"k: nu=1/2,mu=20",F21,10,9,2.0596312593e+02
extra,k=1 (plain OBL),F5,10,9,8.9785021748e+00
extra,k=1 (plain OBL),F6,10,9,2.1046012118e-01
extra,k=1 (plain OBL),F7,10,9,2.3653480305e+01
extra,k=1 (plain OBL),F8,10,9,1.9003332041e+01
extra,"k: nu=1/2,mu=20",F22,10,9,1.0245843742e+02
extra,"k: nu=1/2,mu=20",F23,10,9,3.2452363325e+02
extra,"k: nu=1/2,mu=20",F24,10,9,3.4118814347e+02
extra,"k: nu=1/2,mu=20",F25,10,9,3.9835520996e+02
extra,"k: nu=1/2,mu=20",F30,10,9,1.7848960520e+06
extra,k=1 (plain OBL),F1,10,9,5.2000936401e+03
extra,k=1 (plain OBL),F3,10,9,4.6192960961e+01
extra,k=1 (plain OBL),F4,10,9,7.3189054943e+00
extra,k=1 (plain OBL),F9,10,9,3.9277102507e-03
extra,k=1 (plain OBL),F10,10,9,5.5195922078e+02
extra,k=1 (plain OBL),F11,10,9,5.1225008245e+00
extra,k=1 (plain OBL),F12,10,9,1.9561081733e+05
extra,k=1 (plain OBL),F13,10,9,1.5109843859e+04
extra,k=1 (plain OBL),F14,10,9,1.6557335638e+02
extra,k=1 (plain OBL),F15,10,9,4.7869279794e+03
extra,k=1 (plain OBL),F16,10,9,3.0955557665e+00
extra,"k: nu=1/2,mu=20",F26,10,9,4.0063779371e+02
extra,"k: nu=1/2,mu=20",F27,10,9,3.8959388416e+02
extra,"k: nu=1/2,mu=20",F28,10,9,4.1833896516e+02
extra,"k: nu=1/2,mu=20",F29,10,9,2.7885797445e+02
extra,k=1 (plain OBL),F17,10,9,4.3319455452e+01
extra,k=1 (plain OBL),F18,10,9,1.6240953882e+04
extra,k=1 (plain OBL),F19,10,9,7.4342188396e+02
extra,k=1 (plain OBL),F20,10,9,2.3410654328e+01
extra,k=1 (plain OBL),F21,10,9,2.0806759726e+02
extra,k=1 (plain OBL),F22,10,9,1.0077855887e+02
extra,k=1 (plain OBL),F23,10,9,3.2111443302e+02
extra,k=1 (plain OBL),F24,10,9,3.4481519357e+02
extra,N=10,F4,10,10,3.5293672499e+00
extra,N=10,F5,10,10,1.9900759904e+01
extra,N=10,F6,10,10,5.3482275995e+00
extra,N=10,F7,10,10,1.6468704901e+01
extra,k=1 (plain OBL),F29,10,9,3.1543215408e+02
extra,k=1 (plain OBL),F30,10,9,1.0620555223e+06
extra,N=10,F1,10,10,5.2594780795e+01
extra,N=10,F3,10,10,1.9359637990e+02
extra,N=10,F8,10,10,2.1891599928e+01
extra,N=10,F9,10,10,7.8747607364e-01
extra,N=10,F10,10,10,3.5399627733e+02
extra,N=10,F11,10,10,1.1568517882e+01
extra,k=1 (plain OBL),F25,10,9,3.9827664366e+02
extra,k=1 (plain OBL),F26,10,9,3.0007451707e+02
extra,k=1 (plain OBL),F27,10,9,3.8967029297e+02
extra,k=1 (plain OBL),F28,10,9,4.1767854114e+02
extra,N=10,F12,10,10,7.6299673194e+04
extra,N=10,F13,10,10,6.1790005327e+02
extra,N=10,F14,10,10,3.9419286456e+02
extra,N=10,F15,10,10,8.2501600574e+02
extra,N=10,F16,10,10,3.9121789013e+01
extra,N=10,F17,10,10,5.4973939209e+01
extra,N=10,F18,10,10,5.8832028946e+03
extra,N=10,F19,10,10,2.3016441413e+03
extra,N=20,F3,10,10,1.0703238032e+01
extra,N=20,F4,10,10,4.9533641963e+00
extra,N=20,F5,10,10,1.2018027833e+01
extra,N=20,F6,10,10,5.3449941505e-01
extra,N=10,F20,10,10,2.5928129676e+01
extra,N=10,F21,10,10,2.1374499092e+02
extra,N=10,F22,10,10,1.0109522268e+02
extra,N=10,F23,10,10,3.2300297000e+02
extra,N=20,F7,10,10,2.6609563879e+01
extra,N=20,F8,10,10,7.9628764044e+00
extra,N=20,F9,10,10,5.4919484216e-01
extra,N=20,F10,10,10,4.6319433839e+02
extra,N=20,F11,10,10,1.3551843206e+01
extra,N=20,F12,10,10,7.8339517769e+05
extra,N=20,F13,10,10,1.4046013642e+04
extra,N=20,F14,10,10,4.2715856887e+02
extra,N=10,F24,10,10,3.4765454840e+02
extra,N=10,F25,10,10,3.9965139635e+02
extra,N=10,F26,10,10,5.0827224936e+02
extra,N=10,F27,10,10,3.9761905288e+02
extra,N=20,F15,10,10,3.3868103138e+03
extra,N=20,F16,10,10,1.2637805307e+02
extra,N=20,F17,10,10,3.2376538369e+01
extra,N=20,F18,10,10,1.1204493649e+04
extra,N=10,F28,10,10,6.0271109436e+02
extra,N=10,F29,10,10,3.0584687787e+02
extra,N=10,F30,10,10,8.9572378096e+05
extra,N=20,F1,10,10,1.9738436067e+03
extra,N=20,F19,10,10,7.8516079085e+02
extra,N=20,F20,10,10,6.2532583739e+01
extra,N=20,F21,10,10,2.1281780156e+02
extra,N=20,F22,10,10,1.0107202072e+02
extra,N=50,F1,10,10,3.6332364674e+04
extra,N=50,F3,10,10,9.9641837017e+01
extra,N=50,F4,10,10,5.9265351154e+00
extra,N=50,F5,10,10,7.2037226084e+00
extra,N=50,F6,10,10,3.3897241800e+00
extra,N=50,F7,10,10,4.6415864864e+01
extra,N=50,F8,10,10,2.3932979260e+01
extra,N=50,F9,10,10,5.3438362237e-02
extra,N=50,F10,10,10,6.3645052948e+02
extra,N=50,F11,10,10,1.8340400535e+01
extra,N=50,F12,10,10,2.2678200133e+03
extra,N=50,F13,10,10,3.2294315519e+04
extra,N=50,F14,10,10,3.5987240459e+02
extra,N=50,F15,10,10,3.3528124251e+03
extra,N=50,F16,10,10,1.2261869199e+01
extra,N=50,F17,10,10,1.4034212451e+01
extra,N=20,F23,10,10,3.1981984232e+02
extra,N=20,F24,10,10,3.3989759003e+02
extra,N=20,F25,10,10,4.4612906374e+02
extra,N=20,F26,10,10,3.0000468749e+02
extra,N=50,F18,10,10,1.8301032031e+04
extra,N=50,F19,10,10,1.4865669101e+03
extra,N=50,F20,10,10,3.3164621973e+01
extra,N=50,F21,10,10,2.1249231336e+02
extra,N=50,F22,10,10,1.0043347088e+02
extra,N=50,F23,10,10,3.1771599644e+02
extra,N=50,F24,10,10,3.4195717291e+02
extra,N=50,F25,10,10,4.4763865080e+02
extra,N=50,F30,10,10,6.0696630452e+04
extra,N=100,F1,10,10,2.2718988329e+06
extra,N=100,F3,10,10,1.7302764950e+02
extra,N=100,F4,10,10,7.5261772448e+00
extra,N=20,F27,10,10,3.8996540512e+02
extra,N=20,F28,10,10,3.7822923365e+02
extra,N=20,F29,10,10,3.3194244194e+02
extra,N=20,F30,10,10,5.2887982347e+04
extra,N=100,F5,10,10,9.2326032815e+00
extra,N=100,F6,10,10,1.0682181990e+00
extra,N=100,F7,10,10,2.3704021978e+01
extra,N=100,F8,10,10,4.1273703774e+00
extra,N=100,F9,10,10,3.4355449281e+00
extra,N=100,F10,10,10,8.4069292994e+02
extra,N=100,F11,10,10,5.3176107067e+00
extra,N=100,F12,10,10,9.4153826622e+05
extra,N=50,F26,10,10,3.0117785626e+02
extra,N=50,F27,10,10,3.9321359407e+02
extra,N=50,F28,10,10,4.1665889685e+02
extra,N=50,F29,10,10,2.7131548891e+02
extra,N=100,F13,10,10,4.7021205685e+03
extra,N=100,F14,10,10,2.2230448795e+02
extra,N=100,F15,10,10,3.8070006653e+03
extra,N=100,F16,10,10,1.3677990231e+02
extra,N=100,F17,10,10,2.8509449937e+01
extra,N=100,F18,10,10,2.7220902737e+03
extra,N=100,F19,10,10,1.7758396452e+04
extra,N=100,F20,10,10,4.0298745623e+01
extra,N=100,F21,10,10,2.2582341929e+02
extra,N=100,F22,10,10,1.0194234947e+02
extra,N=100,F23,10,10,3.1599418307e+02
extra,N=100,F24,10,10,3.6124933394e+02
extra,beta=1.1,F4,10,10,6.0793695467e+00
extra,beta=1.1,F5,10,10,2.3682966850e+01
extra,beta=1.1,F6,10,10,3.3077614064e-01
extra,beta=1.1,F7,10,10,2.2659594640e+01
extra,N=100,F25,10,10,4.4950647377e+02
extra,N=100,F26,10,10,3.5585812377e+02
extra,N=100,F27,10,10,3.9524198154e+02
extra,N=100,F28,10,10,6.1183258813e+02
extra,N=100,F29,10,10,3.1093220790e+02
extra,N=100,F30,10,10,1.9673593134e+06
extra,beta=1.1,F1,10,10,9.7818119065e+03
extra,beta=1.1,F3,10,10,1.1830046575e+02
extra,beta=1.1,F8,10,10,1.8935566021e+01
extra,beta=1.1,F9,10,10,7.5622956975e-02
extra,beta=1.1,F10,10,10,3.8925475655e+02
extra,beta=1.1,F11,10,10,4.6526978820e+00
extra,beta=1.1,F12,10,10,7.1666454984e+04
extra,beta=1.1,F13,10,10,7.0809805191e+03
extra,beta=1.1,F14,10,10,2.7606136500e+02
extra,beta=1.1,F15,10,10,2.5337840666e+03
extra,beta=1.1,F16,10,10,6.0549384124e+00
extra,beta=1.1,F17,10,10,2.8257010988e+01
extra,beta=1.1,F18,10,10,3.1267881499e+04
extra,beta=1.1,F19,10,10,6.9909818645e+03
extra,beta=1.1,F20,10,10,2.9387586720e+01
extra,beta=1.1,F21,10,10,1.0415211251e+02
extra,beta=1.1,F22,10,10,1.0844261272e+02
extra,beta=1.1,F23,10,10,3.1636523310e+02
extra,beta=1.3,F3,10,10,3.0140925717e+02
extra,beta=1.3,F4,10,10,6.6917316945e+00
extra,beta=1.3,F5,10,10,1.2033651924e+01
extra,beta=1.3,F6,10,10,1.2393867255e+00
extra,beta=1.3,F7,10,10,1.4382448020e+01
extra,beta=1.3,F8,10,10,1.0273052367e+01
extra,beta=1.3,F9,10,10,1.0316864863e+00
extra,beta=1.3,F10,10,10,6.1913670847e+02
extra,beta=1.1,F24,10,10,3.4452978864e+02
extra,beta=1.1,F25,10,10,4.4371104583e+02
extra,beta=1.1,F26,10,10,3.4715029122e+02
extra,beta=1.1,F27,10,10,3.9066641655e+02
extra,beta=1.3,F11,10,10,4.7093550907e+00
extra,beta=1.3,F12,10,10,7.7576835379e+04
extra,beta=1.3,F13,10,10,4.2632047283e+03
extra,beta=1.3,F14,10,10,2.5601944775e+02
extra,beta=1.1,F28,10,10,3.8204895064e+02
extra,beta=1.1,F29,10,10,2.9132846706e+02
extra,beta=1.1,F30,10,10,6.8753672316e+05
extra,beta=1.3,F1,10,10,6.2662930993e+04
extra,beta=1.3,F15,10,10,2.5742728970e+03
extra,beta=1.3,F16,10,10,1.7904460204e+00
extra,beta=1.3,F17,10,10,1.9131424262e+01
extra,beta=1.3,F18,10,10,5.6577985337e+03
extra,beta=1.3,F19,10,10,8.7937603232e+01
extra,beta=1.3,F20,10,10,4.1167701794e+01
extra,beta=1.3,F21,10,10,2.1254619054e+02
extra,beta=1.3,F22,10,10,1.0186241825e+02
extra,beta=1.5,F1,10,10,5.8303831735e+02
extra,beta=1.5,F3,10,10,4.0426266819e+01
extra,beta=1.5,F4,10,10,6.7551332399e+00
extra,beta=1.5,F5,10,10,5.9724220656e+00
extra,beta=1.5,F6,10,10,8.8742670402e-01
extra,beta=1.5,F7,10,10,3.2120128229e+01
extra,beta=1.5,F8,10,10,9.9526843471e+00
extra,beta=1.5,F9,10,10,5.3767401492e-03
extra,beta=1.5,F10,10,10,5.1827318352e+02
extra,beta=1.5,F11,10,10,1.7644986111e+01
extra,beta=1.5,F12,10,10,7.5190466174e+04
extra,beta=1.5,F13,10,10,8.8308133125e+03
extra,beta=1.3,F23,10,10,3.0894820547e+02
extra,beta=1.3,F24,10,10,1.0204199023e+02
extra,beta=1.3,F25,10,10,3.9967436245e+02
extra,beta=1.3,F26,10,10,3.0016198392e+02
extra,beta=1.5,F14,10,10,1.0497716756e+02
extra,beta=1.5,F15,10,10,3.2781554338e+03
extra,beta=1.5,F16,10,10,3.2122157293e+00
extra,beta=1.5,F17,10,10,6.1375735575e+01
extra,beta=1.5,F18,10,10,9.8393158830e+03
extra,beta=1.5,F19,10,10,2.8083859852e+03
extra,beta=1.5,F20,10,10,3.3026458707e+01
extra,beta=1.5,F21,10,10,2.1353834488e+02
extra,beta=1.3,F27,10,10,3.8956261376e+02
extra,beta=1.3,F28,10,10,3.7765783758e+02
extra,beta=1.3,F29,10,10,2.8149067751e+02
extra,beta=1.3,F30,10,10,1.2818178480e+06
extra,beta=1.9,F5,10,10,5.0039488939e+00
extra,beta=1.9,F6,10,10,2.9727018395e+00
extra,beta=1.9,F7,10,10,2.9093383810e+01
extra,beta=1.9,F8,10,10,1.2048795064e+01
extra,beta=1.5,F30,10,10,1.6991079757e+06
extra,beta=1.9,F1,10,10,5.9648935803e+03
extra,beta=1.9,F3,10,10,5.6631330447e+02
extra,beta=1.9,F4,10,10,7.3312787897e+00
extra,beta=1.5,F22,10,10,1.0114667948e+02
extra,beta=1.5,F23,10,10,3.2675671112e+02
extra,beta=1.5,F24,10,10,3.3383901555e+02
extra,beta=1.5,F25,10,10,3.9978390622e+02
extra,beta=1.9,F13,10,10,2.6080900399e+03
extra,beta=1.9,F14,10,10,1.3936548772e+02
extra,beta=1.9,F15,10,10,5.1857090833e+02
extra,beta=1.9,F16,10,10,1.6960470284e+02
extra,beta=1.5,F26,10,10,3.0028719712e+02
extra,beta=1.5,F27,10,10,3.8967749512e+02
extra,beta=1.5,F28,10,10,4.2936658051e+02
extra,beta=1.5,F29,10,10,2.9845485562e+02
extra,beta=1.9,F9,10,10,2.2740246818e-03
extra,beta=1.9,F10,10,10,6.8331242257e+02
extra,beta=1.9,F11,10,10,8.2406788574e+00
extra,beta=1.9,F12,10,10,9.5672288516e+05
extra,beta=1.9,F17,10,10,2.4471513426e+01
extra,beta=1.9,F18,10,10,2.0936731109e+04
extra,beta=1.9,F19,10,10,4.7899784105e+02
extra,beta=1.9,F20,10,10,2.5239020468e+01
extra,beta=1.9,F21,10,10,2.1484048236e+02
extra,beta=1.9,F22,10,10,1.0196953018e+02
extra,beta=1.9,F23,10,10,3.1699569591e+02
extra,beta=1.9,F24,10,10,3.4192231790e+02
extra,beta=1.9,F25,10,10,4.4387592216e+02
extra,beta=1.9,F26,10,10,3.0015348662e+02
extra,beta=1.9,F27,10,10,3.9062086654e+02
extra,beta=1.9,F28,10,10,4.9452152477e+02
extra,"stage=T/3,2T/3",F4,10,10,6.0256471765e+00
extra,"stage=T/3,2T/3",F5,10,10,2.2547611033e+01
extra,"stage=T/3,2T/3",F6,10,10,1.2245707926e+00
extra,"stage=T/3,2T/3",F7,10,10,2.9807856343e+01
extra,beta=1.9,F29,10,10,2.8408202786e+02
extra,beta=1.9,F30,10,10,7.6987050598e+05
extra,"stage=T/3,2T/3",F1,10,10,7.1340237332e+03
extra,"stage=T/3,2T/3",F3,10,10,4.8502929549e+02
extra,"stage=T/3,2T/3",F8,10,10,8.1443667913e+00
extra,"stage=T/3,2T/3",F9,10,10,7.2060983015e-03
extra,"stage=T/3,2T/3",F10,10,10,4.7028227190e+02
extra,"stage=T/3,2T/3",F11,10,10,5.5099877455e+00
extra,"stage=T/3,2T/3",F12,10,10,2.8567808506e+05
extra,"stage=T/3,2T/3",F13,10,10,2.7677963096e+03
extra,"stage=T/3,2T/3",F14,10,10,4.3326664431e+02
extra,"stage=T/3,2T/3",F15,10,10,3.2110295601e+03
extra,"stage=T/3,2T/3",F16,10,10,1.4756046844e+01
extra,"stage=T/3,2T/3",F17,10,10,2.8963052825e+01
extra,"stage=T/3,2T/3",F18,10,10,4.3142240484e+03
extra,"stage=T/3,2T/3",F19,10,10,6.8713002294e+02
extra,"stage=T/4,3T/4",F3,10,10,2.2617721793e+02
extra,"stage=T/4,3T/4",F4,10,10,6.1693386792e+00
extra,"stage=T/4,3T/4",F5,10,10,1.7078323193e+01
extra,"stage=T/4,3T/4",F6,10,10,7.9603122181e-01
extra,"stage=T/3,2T/3",F20,10,10,3.1095485404e+01
extra,"stage=T/3,2T/3",F21,10,10,2.1848188911e+02
extra,"stage=T/3,2T/3",F22,10,10,4.8137026664e+01
extra,"stage=T/3,2T/3",F23,10,10,3.0945783370e+02
extra,"stage=T/4,3T/4",F11,10,10,1.5818432364e+01
extra,"stage=T/4,3T/4",F12,10,10,4.4369708377e+05
extra,"stage=T/4,3T/4",F13,10,10,1.7335337261e+03
extra,"stage=T/4,3T/4",F14,10,10,1.1149693575e+02
extra,"stage=T/4,3T/4",F7,10,10,2.4676300050e+01
extra,"stage=T/4,3T/4",F8,10,10,2.0894444505e+01
extra,"stage=T/4,3T/4",F9,10,10,1.9913160907e-03
extra,"stage=T/4,3T/4",F10,10,10,7.0977615954e+02
extra,"stage=T/3,2T/3",F24,10,10,3.3832144384e+02
extra,"stage=T/3,2T/3",F25,10,10,4.4758348668e+02
extra,"stage=T/3,2T/3",F26,10,10,3.0003854266e+02
extra,"stage=T/3,2T/3",F27,10,10,3.8961578381e+02
extra,"stage=T/3,2T/3",F28,10,10,3.6670811749e+02
extra,"stage=T/3,2T/3",F29,10,10,2.6023782954e+02
extra,"stage=T/3,2T/3",F30,10,10,3.4830609039e+05
extra,"stage=T/4,3T/4",F1,10,10,3.0791450219e+03
extra,"stage=T/4,3T/4",F15,10,10,6.8834125089e+03
extra,"stage=T/4,3T/4",F16,10,10,4.1066252777e+01
extra,"stage=T/4,3T/4",F17,10,10,4.2579432610e+01
extra,"stage=T/4,3T/4",F18,10,10,6.0726251049e+03
extra,"stage=T/4,3T/4",F19,10,10,2.2168641709e+02
extra,"stage=T/4,3T/4",F20,10,10,3.1623046647e+01
extra,"stage=T/4,3T/4",F21,10,10,2.2388087997e+02
extra,"stage=T/4,3T/4",F22,10,10,1.0347539085e+02
extra,"stage=T/2,3T/4",F6,10,10,2.1424469850e-01
extra,"stage=T/2,3T/4",F7,10,10,2.2696216744e+01
extra,"stage=T/2,3T/4",F8,10,10,1.6980784979e+01
extra,"stage=T/2,3T/4",F9,10,10,4.3232351514e-02
extra,"stage=T/2,3T/4",F1,10,10,1.1812501628e+04
extra,"stage=T/2,3T/4",F3,10,10,1.3192301354e+02
extra,"stage=T/2,3T/4",F4,10,10,7.7224158762e+00
extra,"stage=T/2,3T/4",F5,10,10,7.9756655211e+00
extra,"stage=T/2,3T/4",F10,10,10,3.7089598135e+02
extra,"stage=T/2,3T/4",F11,10,10,9.5374881671e+00
extra,"stage=T/2,3T/4",F12,10,10,2.6176395009e+06
extra,"stage=T/2,3T/4",F13,10,10,2.5638712023e+03
extra,"stage=T/4,3T/4",F23,10,10,3.0415086735e+02
extra,"stage=T/4,3T/4",F24,10,10,3.5112319640e+02
extra,"stage=T/4,3T/4",F25,10,10,3.9910079942e+02
extra,"stage=T/4,3T/4",F26,10,10,3.0002866935e+02
extra,"stage=T/2,3T/4",F14,10,10,1.8746540682e+02
extra,"stage=T/2,3T/4",F15,10,10,2.8432982378e+03
extra,"stage=T/2,3T/4",F16,10,10,1.4936262347e+01
extra,"stage=T/2,3T/4",F17,10,10,4.6278750861e+01
extra,"stage=T/4,3T/4",F27,10,10,3.9353341338e+02
extra,"stage=T/4,3T/4",F28,10,10,6.1182631527e+02
extra,"stage=T/4,3T/4",F29,10,10,3.0506146112e+02
extra,"stage=T/4,3T/4",F30,10,10,6.6098275517e+05
extra,"stage=T/2,3T/4",F18,10,10,5.2537184600e+03
extra,"stage=T/2,3T/4",F19,10,10,8.7614230362e+02
extra,"stage=T/2,3T/4",F20,10,10,1.4628757433e+02
extra,"stage=T/2,3T/4",F21,10,10,1.0277977463e+02
extra,"stage=T/5,4T/5",F5,10,10,9.9761114353e+00
extra,"stage=T/5,4T/5",F6,10,10,7.4381200065e-01
extra,"stage=T/5,4T/5",F7,10,10,2.5702502517e+01
extra,"stage=T/5,4T/5",F8,10,10,1.8913634911e+01
extra,"stage=T/2,3T/4",F30,10,10,1.9183581035e+04
extra,"stage=T/5,4T/5",F1,10,10,1.4771972118e+02
extra,"stage=T/5,4T/5",F3,10,10,7.5030177528e+01
extra,"stage=T/5,4T/5",F4,10,10,2.3021874521e+00
extra,"stage=T/2,3T/4",F22,10,10,1.0166403135e+02
extra,"stage=T/2,3T/4",F23,10,10,3.1125555940e+02
extra,"stage=T/2,3T/4",F24,10,10,1.0369316916e+02
extra,"stage=T/2,3T/4",F25,10,10,4.4407741657e+02
extra,"stage=T/5,4T/5",F9,10,10,4.5599927021e-01
extra,"stage=T/5,4T/5",F10,10,10,2.0638594031e+01
extra,"stage=T/5,4T/5",F11,10,10,7.8810294471e+00
extra,"stage=T/5,4T/5",F12,10,10,1.5842940377e+05
extra,"stage=T/5,4T/5",F13,10,10,2.1047293487e+03
extra,"stage=T/5,4T/5",F14,10,10,9.1260215781e+02
extra,"stage=T/5,4T/5",F15,10,10,1.3676693746e+03
extra,"stage=T/5,4T/5",F16,10,10,1.8847219762e+00
extra,"stage=T/2,3T/4",F26,10,10,3.0008447348e+02
extra,"stage=T/2,3T/4",F27,10,10,3.9088039243e+02
extra,"stage=T/2,3T/4",F28,10,10,4.1698567641e+02
extra,"stage=T/2,3T/4",F29,10,10,2.5632605713e+02
extra,"stage=T/5,4T/5",F17,10,10,2.9796551447e+01
extra,"stage=T/5,4T/5",F18,10,10,4.3358208006e+02
extra,"stage=T/5,4T/5",F19,10,10,1.0263841435e+03
extra,"stage=T/5,4T/5",F20,10,10,3.9997767612e+01
extra,"k: nu=1/2,mu=10",F4,10,10,7.2429612786e+00
extra,"k: nu=1/2,mu=10",F5,10,10,1.0967961792e+01
extra,"k: nu=1/2,mu=10",F6,10,10,5.8228483395e-01
extra,"k: nu=1/2,mu=10",F7,10,10,2.9420936773e+01
extra,"stage=T/5,4T/5",F21,10,10,1.0273953841e+02
extra,"stage=T/5,4T/5",F22,10,10,1.0037928264e+02
extra,"stage=T/5,4T/5",F23,10,10,3.0671506074e+02
extra,"stage=T/5,4T/5",F24,10,10,3.3927878876e+02
extra,"k: nu=1/2,mu=10",F8,10,10,1.2940702453e+01
extra,"k: nu=1/2,mu=10",F9,10,10,3.2178000607e-02
extra,"k: nu=1/2,mu=10",F10,10,10,6.6482385292e+02
extra,"k: nu=1/2,mu=10",F11,10,10,4.7279740232e+00
extra,"stage=T/5,4T/5",F29,10,10,2.8650549342e+02
extra,"stage=T/5,4T/5",F30,10,10,8.3566578699e+05
extra,"k: nu=1/2,mu=10",F1,10,10,2.0885105345e+04
extra,"k: nu=1/2,mu=10",F3,10,10,5.4940563003e+01
extra,"stage=T/5,4T/5",F25,10,10,4.5007214112e+02
extra,"stage=T/5,4T/5",F26,10,10,4.2315224965e+02
extra,"stage=T/5,4T/5",F27,10,10,3.9072719352e+02
extra,"stage=T/5,4T/5",F28,10,10,6.1182166606e+02
extra,"k: nu=1/2,mu=10",F12,10,10,2.7562841646e+06
extra,"k: nu=1/2,mu=10",F13,10,10,5.6277259934e+03
extra,"k: nu=1/2,mu=10",F14,10,10,3.1450611878e+02
extra,"k: nu=1/2,mu=10",F15,10,10,2.8659612790e+03
extra,"k: nu=1/2,mu=10",F16,10,10,1.3863429343e+02
extra,"k: nu=1/2,mu=10",F17,10,10,5.4153258695e+01
extra,"k: nu=1/2,mu=10",F18,10,10,1.0910234508e+04
extra,"k: nu=1/2,mu=10",F19,10,10,7.4730270279e+03
extra,"k: nu=1,mu=10",F3,10,10,3.1389130676e+02
extra,"k: nu=1,mu=10",F4,10,10,7.3197083305e+00
extra,"k: nu=1,mu=10",F5,10,10,1.2064057152e+01
extra,"k: nu=1,mu=10",F6,10,10,4.2289606433e-01
extra,"k: nu=1/2,mu=10",F20,10,10,5.8515297909e+01
extra,"k: nu=1/2,mu=10",F21,10,10,2.1083046076e+02
extra,"k: nu=1/2,mu=10",F22,10,10,1.0335277591e+02
extra,"k: nu=1/2,mu=10",F23,10,10,3.2630320056e+02
extra,"k: nu=1,mu=10",F7,10,10,2.5817692242e+01
extra,"k: nu=1,mu=10",F8,10,10,2.9236451088e+01
extra,"k: nu=1,mu=10",F9,10,10,4.7279844631e-01
extra,"k: nu=1,mu=10",F10,10,10,6.7668296497e+02
extra,"k: nu=1,mu=10",F11,10,10,6.6865106399e+00
extra,"k: nu=1,mu=10",F12,10,10,1.3860720220e+05
extra,"k: nu=1,mu=10",F13,10,10,7.3775369164e+03
extra,"k: nu=1,mu=10",F14,10,10,1.6668981684e+02
extra,"k: nu=1/2,mu=10",F24,10,10,3.5522941331e+02
extra,"k: nu=1/2,mu=10",F25,10,10,4.4614857975e+02
extra,"k: nu=1/2,mu=10",F26,10,10,3.0061410149e+02
extra,"k: nu=1/2,mu=10",F27,10,10,3.9245081379e+02
extra,"k: nu=1/2,mu=10",F28,10,10,5.8377036283e+02
extra,"k: nu=1/2,mu=10",F29,10,10,3.2718402286e+02
extra,"k: nu=1/2,mu=10",F30,10,10,8.7005412347e+04
extra,"k: nu=1,mu=10",F1,10,10,5.2561205681e+03
extra,"k: nu=1,mu=10",F15,10,10,4.5856638635e+03
extra,"k: nu=1,mu=10",F16,10,10,2.3580428596e+00
extra,"k: nu=1,mu=10",F17,10,10,4.9473293322e+01
extra,"k: nu=1,mu=10",F18,10,10,1.5238364866e+04
extra,"k: nu=1/2,mu=5",F1,10,10,2.6062887926e+04
extra,"k: nu=1/2,mu=5",F3,10,10,1.1277046706e+02
extra,"k: nu=1/2,mu=5",F4,10,10,4.0347643067e+00
extra,"k: nu=1/2,mu=5",F5,10,10,5.9910293615e+00
extra,"k: nu=1,mu=10",F19,10,10,6.8303192128e+02
extra,"k: nu=1,mu=10",F20,10,10,6.8853935577e+01
extra,"k: nu=1,mu=10",F21,10,10,2.1518656250e+02
extra,"k: nu=1,mu=10",F22,10,10,1.0054668862e+02
extra,"k: nu=1/2,mu=5",F6,10,10,1.2086859270e+00
extra,"k: nu=1/2,mu=5",F7,10,10,3.5872611153e+01
extra,"k: nu=1/2,mu=5",F8,10,10,6.1822203399e+00
extra,"k: nu=1/2,mu=5",F9,10,10,5.4810471205e-01
extra,"k: nu=1,mu=10",F23,10,10,3.0893532558e+02
extra,"k: nu=1,mu=10",F24,10,10,3.3965932527e+02
extra,"k: nu=1,mu=10",F25,10,10,3.9844355883e+02
extra,"k: nu=1,mu=10",F26,10,10,3.0024418655e+02
extra,"k: nu=1/2,mu=5",F10,10,10,6.0760726743e+02
extra,"k: nu=1/2,mu=5",F11,10,10,9.9546552591e+00
extra,"k: nu=1/2,mu=5",F12,10,10,1.6809409507e+06
extra,"k: nu=1/2,mu=5",F13,10,10,5.3600859016e+02
extra,"k: nu=1/2,mu=5",F14,10,10,3.3104379375e+02
extra,"k: nu=1/2,mu=5",F15,10,10,1.1650339314e+03
extra,"k: nu=1/2,mu=5",F16,10,10,1.3330946133e+02
extra,"k: nu=1/2,mu=5",F17,10,10,4.2760419576e+01
extra,"k: nu=1,mu=10",F27,10,10,3.9490079096e+02
extra,"k: nu=1,mu=10",F28,10,10,4.1863406441e+02
extra,"k: nu=1,mu=10",F29,10,10,3.4197919321e+02
extra,"k: nu=1,mu=10",F30,10,10,1.7343295047e+06
extra,"k: nu=1/2,mu=5",F18,10,10,2.6950617779e+03
extra,"k: nu=1/2,mu=5",F19,10,10,3.7009218298e+03
extra,"k: nu=1/2,mu=5",F20,10,10,2.3646852445e+01
extra,"k: nu=1/2,mu=5",F21,10,10,1.0132878253e+02
extra,"k: nu=1/2,mu=20",F5,10,10,1.6919092005e+01
extra,"k: nu=1/2,mu=20",F6,10,10,8.8617873546e-02
extra,"k: nu=1/2,mu=20",F7,10,10,2.2615175094e+01
extra,"k: nu=1/2,mu=20",F8,10,10,1.0949390646e+01
extra,"k: nu=1/2,mu=5",F22,10,10,1.0101580948e+02
extra,"k: nu=1/2,mu=5",F23,10,10,3.1560636887e+02
extra,"k: nu=1/2,mu=5",F24,10,10,3.3997237441e+02
extra,"k: nu=1/2,mu=5",F25,10,10,3.9992799512e+02
extra,"k: nu=1/2,mu=5",F30,10,10,7.4203856182e+05
extra,"k: nu=1/2,mu=20",F1,10,10,1.8639033354e+05
extra,"k: nu=1/2,mu=20",F3,10,10,1.9382597768e+02
extra,"k: nu=1/2,mu=20",F4,10,10,5.6826137691e+00
extra,"k: nu=1/2,mu=20",F9,10,10,3.4062288707e-02
extra,"k: nu=1/2,mu=20",F10,10,10,6.4016038190e+02
extra,"k: nu=1/2,mu=20",F11,10,10,5.9893897420e+00
extra,"k: nu=1/2,mu=20",F12,10,10,2.2345129761e+06
extra,"k: nu=1/2,mu=20",F13,10,10,1.8161842120e+03
extra,"k: nu=1/2,mu=20",F14,10,10,2.4938997943e+02
extra,"k: nu=1/2,mu=20",F15,10,10,1.7141566285e+03
extra,"k: nu=1/2,mu=20",F16,10,10,1.4685445045e+01
extra,"k: nu=1/2,mu=5",F26,10,10,3.0011098163e+02
extra,"k: nu=1/2,mu=5",F27,10,10,3.9001011659e+02
extra,"k: nu=1/2,mu=5",F28,10,10,3.7293919716e+02
extra,"k: nu=1/2,mu=5",F29,10,10,2.6803395867e+02
extra,"k: nu=1/2,mu=20",F17,10,10,2.4998224774e+01
extra,"k: nu=1/2,mu=20",F18,10,10,1.8419620834e+04
extra,"k: nu=1/2,mu=20",F19,10,10,8.1506876995e+02
extra,"k: nu=1/2,mu=20",F20,10,10,2.3017320042e+01
extra,k=1 (plain OBL),F4,10,10,6.1900814069e+00
extra,k=1 (plain OBL),F5,10,10,1.0003254016e+01
extra,k=1 (plain OBL),F6,10,10,2.3936343535e-01
extra,k=1 (plain OBL),F7,10,10,1.9279864749e+01
extra,"k: nu=1/2,mu=20",F21,10,10,2.1226315066e+02
extra,"k: nu=1/2,mu=20",F22,10,10,1.0183248829e+02
extra,"k: nu=1/2,mu=20",F23,10,10,3.1633885281e+02
extra,"k: nu=1/2,mu=20",F24,10,10,1.0211209471e+02
extra,k=1 (plain OBL),F8,10,10,1.3936989499e+01
extra,k=1 (plain OBL),F9,10,10,1.3447710324e-02
extra,k=1 (plain OBL),F10,10,10,5.3960936648e+02
extra,k=1 (plain OBL),F11,10,10,8.1539172667e+00
extra,k=1 (plain OBL),F12,10,10,5.7840929484e+03
extra,k=1 (plain OBL),F13,10,10,6.5399518064e+03
extra,k=1 (plain OBL),F14,10,10,1.8754095171e+02
extra,k=1 (plain OBL),F15,10,10,3.1077452527e+03
extra,"k: nu=1/2,mu=20",F29,10,10,3.0798286956e+02
extra,"k: nu=1/2,mu=20",F30,10,10,8.7172025835e+05
extra,k=1 (plain OBL),F1,10,10,1.7077304229e+04
extra,k=1 (plain OBL),F3,10,10,2.1651692895e+02
extra,"k: nu=1/2,mu=20",F25,10,10,3.9972509082e+02
extra,"k: nu=1/2,mu=20",F26,10,10,3.0007665809e+02
extra,"k: nu=1/2,mu=20",F27,10,10,3.9502118164e+02
extra,"k: nu=1/2,mu=20",F28,10,10,4.1866161907e+02
extra,k=1 (plain OBL),F16,10,10,1.6959830353e+02
extra,k=1 (plain OBL),F17,10,10,4.4230852975e+01
extra,k=1 (plain OBL),F18,10,10,2.5403915140e+04
extra,k=1 (plain OBL),F19,10,10,2.7866780164e+02
extra,k=1 (plain OBL),F20,10,10,2.5898661178e+01
extra,k=1 (plain OBL),F21,10,10,1.0291586046e+02
extra,k=1 (plain OBL),F22,10,10,1.0554013944e+02
extra,k=1 (plain OBL),F23,10,10,3.2393622175e+02
extra,N=10,F3,10,11,9.6380655814e+01
extra,N=10,F4,10,11,3.3083830578e+00
extra,N=10,F5,10,11,8.9727351270e+00
extra,N=10,F6,10,11,2.6595142594e+00
extra,k=1 (plain OBL),F24,10,10,3.3588858324e+02
extra,k=1 (plain OBL),F25,10,10,3.9987258512e+02
extra,k=1 (plain OBL),F26,10,10,3.0036323185e+02
extra,k=1 (plain OBL),F27,10,10,3.8912014728e+02
extra,k=1 (plain OBL),F28,10,10,3.0024208245e+02
extra,k=1 (plain OBL),F29,10,10,2.6813397161e+02
extra,k=1 (plain OBL),F30,10,10,7.1294659625e+05
extra,N=10,F1,10,11,1.9528118773e+02
extra,N=10,F7,10,11,5.4758614961e+01
extra,N=10,F8,10,11,1.5941260788e+01
extra,N=10,F9,10,11,1.5178050266e+00
extra,N=10,F10,10,11,7.9349601353e+02
extra,N=10,F11,10,11,2.2099000017e+01
extra,N=10,F12,10,11,4.4793801678e+04
extra,N=10,F13,10,11,6.3818662771e+02
extra,N=10,F14,10,11,4.2631304285e+02
extra,N=10,F15,10,11,4.0415100883e+02
extra,N=10,F16,10,11,4.1728158624e+00
extra,N=10,F17,10,11,4.0518952563e+01
extra,N=10,F18,10,11,3.6227134361e+03
extra,N=20,F1,10,11,3.6843265764e+03
extra,N=20,F3,10,11,4.8333467454e+01
extra,N=20,F4,10,11,6.2253469508e+00
extra,N=20,F5,10,11,1.9025489579e+01
extra,N=10,F19,10,11,1.0165998103e+03
extra,N=10,F20,10,11,4.2954405944e+01
extra,N=10,F21,10,11,2.0760483660e+02
extra,N=10,F22,10,11,1.0244127253e+02
extra,N=20,F6,10,11,1.8191522005e-01
extra,N=20,F7,10,11,1.6391724892e+01
extra,N=20,F8,10,11,1.7909586672e+01
extra,N=20,F9,10,11,5.3180853115e-05
extra,N=20,F10,10,11,6.0076548352e+02
extra,N=20,F11,10,11,3.6896785723e+00
extra,N=20,F12,10,11,3.5591114452e+05
extra,N=20,F13,10,11,3.2768359589e+03
extra,N=10,F23,10,11,3.3496114296e+02
extra,N=10,F24,10,11,3.3914954055e+02
extra,N=10,F25,10,11,4.4579158850e+02
extra,N=10,F26,10,11,4.3191637529e+02
extra,N=20,F14,10,11,2.8086250595e+02
extra,N=20,F15,10,11,3.9492963119e+03
extra,N=20,F16,10,11,1.2256142628e+02
extra,N=20,F17,10,11,3.8910326086e+01
extra,N=20,F18,10,11,3.3172050503e+04
extra,N=20,F19,10,11,4.7535545375e+02
extra,N=20,F20,10,11,4.1975478695e+01
extra,N=20,F21,10,11,2.2056380099e+02
extra,N=20,F30,10,11,5.0086036650e+05
extra,N=50,F1,10,11,1.4251814974e+05
extra,N=50,F3,10,11,1.0269503529e+02
extra,N=50,F4,10,11,5.7079283411e+00
extra,N=20,F22,10,11,1.0064699100e+02
extra,N=20,F23,10,11,3.1699624265e+02
extra,N=20,F24,10,11,3.4144304188e+02
extra,N=20,F25,10,11,3.9781335013e+02
extra,N=50,F5,10,11,9.3681136422e+00
extra,N=50,F6,10,11,5.4757464577e-01
extra,N=50,F7,10,11,2.0955626019e+01
extra,N=50,F8,10,11,3.9902367228e+00
extra,N=50,F9,10,11,1.0082746839e+00
extra,N=50,F10,10,11,4.6311915097e+02
extra,N=50,F11,10,11,9.8974370272e+00
extra,N=50,F12,10,11,4.6332611967e+03
extra,N=50,F13,10,11,5.4056338333e+03
extra,N=50,F14,10,11,1.4925454152e+02
extra,N=50,F15,10,11,8.1554181336e+02
extra,N=50,F16,10,11,1.2605644602e+02
extra,N=10,F27,10,11,3.9593542604e+02
extra,N=10,F28,10,11,6.1182166591e+02
extra,N=10,F29,10,11,2.5623463461e+02
extra,N=10,F30,10,11,1.5928481949e+06
extra,N=20,F26,10,11,3.4714920338e+02
extra,N=20,F27,10,11,3.9238336271e+02
extra,N=20,F28,10,11,3.8723103305e+02
extra,N=20,F29,10,11,2.4389428863e+02
extra,N=50,F17,10,11,5.2511981177e+01
extra,N=50,F18,10,11,5.6350000141e+03
extra,N=50,F19,10,11,2.1692136664e+02
extra,N=50,F20,10,11,2.8526296373e+01
extra,N=100,F4,10,11,7.9144929160e+00
extra,N=100,F5,10,11,9.4503460248e+00
extra,N=100,F6,10,11,1.4527556892e+00
extra,N=100,F7,10,11,2.7757067033e+01
extra,N=100,F8,10,11,2.8877394167e+01
extra,N=100,F9,10,11,7.8971603840e-01
extra,N=100,F10,10,11,6.7658949845e+02
extra,N=100,F11,10,11,3.0733999020e+01
extra,N=50,F21,10,11,2.1479054860e+02
extra,N=50,F22,10,11,1.0097331824e+02
extra,N=50,F23,10,11,3.2159209732e+02
extra,N=50,F24,10,11,3.3928735732e+02
extra,N=100,F12,10,11,2.4538572015e+05
extra,N=100,F13,10,11,5.6651059115e+02
extra,N=100,F14,10,11,2.2205625368e+02
extra,N=100,F15,10,11,3.5451024968e+02
extra,N=50,F29,10,11,2.7509167597e+02
extra,N=50,F30,10,11,2.6701018705e+06
extra,N=100,F1,10,11,1.7074812869e+06
extra,N=100,F3,10,11,7.7055481977e+02
extra,N=100,F16,10,11,2.6422629633e+01
extra,N=100,F17,10,11,4.2075506504e+01
extra,N=100,F18,10,11,3.5053302392e+04
extra,N=100,F19,10,11,7.6257304626e+02
extra,N=50,F25,10,11,4.4749583693e+02
extra,N=50,F26,10,11,3.0360324711e+02
extra,N=50,F27,10,11,3.9148632705e+02
extra,N=50,F28,10,11,4.2104980627e+02
extra,N=100,F20,10,11,4.2394534458e+01
extra,N=100,F21,10,11,1.0532342849e+02
extra,N=100,F22,10,11,1.0358449863e+02
extra,N=100,F23,10,11,3.0928747149e+02
extra,beta=1.1,F3,10,11,1.7750837727e+02
extra,beta=1.1,F4,10,11,5.7530168290e+00
extra,beta=1.1,F5,10,11,1.2030395309e+01
extra,beta=1.1,F6,10,11,6.8942031007e-02
extra,N=100,F24,10,11,3.3660937603e+02
extra,N=100,F25,10,11,4.4590905903e+02
extra,N=100,F26,10,11,3.2417297989e+02
extra,N=100,F27,10,11,3.9272969016e+02
extra,beta=1.1,F7,10,11,3.4294971073e+01
extra,beta=1.1,F8,10,11,1.8951030437e+01
extra,beta=1.1,F9,10,11,5.2892723768e-03
extra,beta=1.1,F10,10,11,1.0571059572e+03
extra,N=100,F28,10,11,4.1744272910e+02
extra,N=100,F29,10,11,2.6702352430e+02
extra,N=100,F30,10,11,7.9184051842e+05
extra,beta=1.1,F1,10,11,1.1814024452e+03
extra,beta=1.1,F11,10,11,8.3227233721e+00
extra,beta=1.1,F12,10,11,1.1451285399e+06
extra,beta=1.1,F13,10,11,2.2267749296e+03
extra,beta=1.1,F14,10,11,1.2209372486e+02
extra,beta=1.1,F15,10,11,1.4498119270e+03
extra,beta=1.1,F16,10,11,4.3833702895e+01
extra,beta=1.1,F17,10,11,3.7468504167e+01
extra,beta=1.1,F18,10,11,1.0438236641e+04
extra,beta=1.3,F1,10,11,9.3287637684e+02
extra,beta=1.3,F3,10,11,1.6123884210e+02
extra,beta=1.3,F4,10,11,7.3209474484e+00
extra,beta=1.3,F5,10,11,1.0024599644e+01
extra,beta=1.1,F19,10,11,3.3224504236e+03
extra,beta=1.1,F20,10,11,4.2593259090e+01
extra,beta=1.1,F21,10,11,2.1011985822e+02
extra,beta=1.1,F22,10,11,1.0109650100e+02
extra,beta=1.3,F6,10,11,1.3207884002e+00
extra,beta=1.3,F7,10,11,2.5227330991e+01
extra,beta=1.3,F8,10,11,2.0094771941e+01
extra,beta=1.3,F9,10,11,2.0580726468e-01
extra,beta=1.1,F23,10,11,3.1546954898e+02
extra,beta=1.1,F24,10,11,1.0148923363e+02
extra,beta=1.1,F25,10,11,3.9961151095e+02
extra,beta=1.1,F26,10,11,3.1398897787e+02
extra,beta=1.3,F10,10,11,3.9938114538e+02
extra,beta=1.3,F11,10,11,6.6276801108e+00
extra,beta=1.3,F12,10,11,5.2149216430e+06
extra,beta=1.3,F13,10,11,8.8950551414e+03
extra,beta=1.3,F14,10,11,1.8035807746e+02
extra,beta=1.3,F15,10,11,1.0970564656e+02
extra,beta=1.3,F16,10,11,4.2366540996e+01
extra,beta=1.3,F17,10,11,4.0868754153e+01
extra,beta=1.1,F27,10,11,3.9266347726e+02
extra,beta=1.1,F28,10,11,3.0118423358e+02
extra,beta=1.1,F29,10,11,2.6203156333e+02
extra,beta=1.1,F30,10,11,4.8201857669e+05
extra,beta=1.3,F18,10,11,2.0084561640e+04
extra,beta=1.3,F19,10,11,7.8597339362e+02
extra,beta=1.3,F20,10,11,2.6466085011e+01
extra,beta=1.3,F21,10,11,1.0278615113e+02
extra,beta=1.5,F5,10,11,6.0012125942e+00
extra,beta=1.5,F6,10,11,4.6119988087e-02
extra,beta=1.5,F7,10,11,3.4761441489e+01
extra,beta=1.5,F8,10,11,1.6916894864e+01
extra,beta=1.3,F22,10,11,1.0439056047e+02
extra,beta=1.3,F23,10,11,3.2971400833e+02
extra,beta=1.3,F24,10,11,3.5101831862e+02
extra,beta=1.3,F25,10,11,4.4446898072e+02
extra,beta=1.3,F30,10,11,7.6608689658e+05
extra,beta=1.5,F1,10,11,2.5366228068e+03
extra,beta=1.5,F3,10,11,9.7630390213e+01
extra,beta=1.5,F4,10,11,6.8196585191e+00
extra,beta=1.5,F9,10,11,2.5270592173e-01
extra,beta=1.5,F10,10,11,5.5955844030e+02
extra,beta=1.5,F11,10,11,3.2531950821e+00
extra,beta=1.5,F12,10,11,2.1186882584e+06
extra,beta=1.5,F13,10,11,1.0220698139e+04
extra,beta=1.5,F14,10,11,3.2379869742e+02
extra,beta=1.5,F15,10,11,5.5795496938e+03
extra,beta=1.5,F16,10,11,1.6468955742e+00
extra,beta=1.3,F26,10,11,3.0044996913e+02
extra,beta=1.3,F27,10,11,3.8956140572e+02
extra,beta=1.3,F28,10,11,3.8330961149e+02
extra,beta=1.3,F29,10,11,2.9242179022e+02
extra,beta=1.5,F17,10,11,2.7280300721e+01
extra,beta=1.5,F18,10,11,1.4119208913e+04
extra,beta=1.5,F19,10,11,1.1810937194e+03
extra,beta=1.5,F20,10,11,4.5706251445e+01
extra,beta=1.9,F4,10,11,4.7588005942e+00
extra,beta=1.9,F5,10,11,3.9810242465e+00
extra,beta=1.9,F6,10,11,2.5223528257e-01
extra,beta=1.9,F7,10,11,2.9196787769e+01
extra,beta=1.5,F21,10,11,2.0899208162e+02
extra,beta=1.5,F22,10,11,1.0066443083e+02
extra,beta=1.5,F23,10,11,3.0852895286e+02
extra,beta=1.5,F24,10,11,3.3699699745e+02
extra,beta=1.9,F8,10,11,9.9809484535e+00
extra,beta=1.9,F9,10,11,1.2003961751e-03
extra,beta=1.9,F10,10,11,7.4440517780e+02
extra,beta=1.9,F11,10,11,4.5092429120e+00
extra,beta=1.5,F25,10,11,3.9962429119e+02
extra,beta=1.5,F26,10,11,4.0117954292e+02
extra,beta=1.5,F27,10,11,3.9052102246e+02
extra,beta=1.5,F28,10,11,4.1669489882e+02
extra,beta=1.9,F12,10,11,5.8573675904e+05
extra,beta=1.9,F13,10,11,1.3254500916e+04
extra,beta=1.9,F14,10,11,2.2220532543e+02
extra,beta=1.9,F15,10,11,8.0405361822e+02
extra,beta=1.5,F29,10,11,2.6902658835e+02
extra,beta=1.5,F30,10,11,8.0414124898e+05
extra,beta=1.9,F1,10,11,1.7922478976e+03
extra,beta=1.9,F3,10,11,2.8833197853e+02
extra,beta=1.9,F16,10,11,1.3303248016e+02
extra,beta=1.9,F17,10,11,4.7674339110e+01
extra,beta=1.9,F18,10,11,9.3930007525e+03
extra,beta=1.9,F19,10,11,5.3326960847e+02
extra,"stage=T/3,2T/3",F3,10,11,3.3337217527e+02
extra,"stage=T/3,2T/3",F4,10,11,6.5066103365e+00
extra,"stage=T/3,2T/3",F5,10,11,1.9915854845e+01
extra,"stage=T/3,2T/3",F6,10,11,1.2585930420e+00
extra,beta=1.9,F20,10,11,2.5291679882e+01
extra,beta=1.9,F21,10,11,1.0486456498e+02
extra,beta=1.9,F22,10,11,1.0000940859e+02
extra,beta=1.9,F23,10,11,3.0930177607e+02
extra,"stage=T/3,2T/3",F7,10,11,1.8216580564e+01
extra,"stage=T/3,2T/3",F8,10,11,1.4935807264e+01
extra,"stage=T/3,2T/3",F9,10,11,4.5908361392e-01
extra,"stage=T/3,2T/3",F10,10,11,3.5538745093e+02
extra,beta=1.9,F24,10,11,3.3907185320e+02
extra,beta=1.9,F25,10,11,4.4342662782e+02
extra,beta=1.9,F26,10,11,3.0020763855e+02
extra,beta=1.9,F27,10,11,3.8997047446e+02
extra,"stage=T/3,2T/3",F11,10,11,6.2206971779e+00
extra,"stage=T/3,2T/3",F12,10,11,3.2144981830e+06
extra,"stage=T/3,2T/3",F13,10,11,1.2553642901e+03
extra,"stage=T/3,2T/3",F14,10,11,3.0627235304e+02
extra,beta=1.9,F28,10,11,3.7154287448e+02
extra,beta=1.9,F29,10,11,2.7344853210e+02
extra,beta=1.9,F30,10,11,3.6869774462e+05
extra,"stage=T/3,2T/3",F1,10,11,2.2806690124e+03
extra,"stage=T/3,2T/3",F15,10,11,4.4200458977e+02
extra,"stage=T/3,2T/3",F16,10,11,1.3427701804e+01
extra,"stage=T/3,2T/3",F17,10,11,1.9354500038e+01
extra,"stage=T/3,2T/3",F18,10,11,3.2951277312e+04
extra,"stage=T/4,3T/4",F1,10,11,2.7168341934e+03
extra,"stage=T/4,3T/4",F3,10,11,4.1676262366e+01
extra,"stage=T/4,3T/4",F4,10,11,5.9881945527e+00
extra,"stage=T/4,3T/4",F5,10,11,5.1261654237e+00
extra,"stage=T/3,2T/3",F19,10,11,9.1121099016e+02
extra,"stage=T/3,2T/3",F20,10,11,3.3661177484e+01
extra,"stage=T/3,2T/3",F21,10,11,2.0873203054e+02
extra,"stage=T/3,2T/3",F22,10,11,1.0039977817e+02
extra,"stage=T/4,3T/4",F6,10,11,7.2939040689e-02
extra,"stage=T/4,3T/4",F7,10,11,2.5767484292e+01
extra,"stage=T/4,3T/4",F8,10,11,1.8929265226e+01
extra,"stage=T/4,3T/4",F9,10,11,4.5635416100e-01
extra,"stage=T/4,3T/4",F10,10,11,3.7300540129e+02
extra,"stage=T/4,3T/4",F11,10,11,1.0183968955e+01
extra,"stage=T/4,3T/4",F12,10,11,2.4099220718e+04
extra,"stage=T/4,3T/4",F13,10,11,6.5342184280e+03
extra,"stage=T/3,2T/3",F23,10,11,3.1068116823e+02
extra,"stage=T/3,2T/3",F24,10,11,3.3681213915e+02
extra,"stage=T/3,2T/3",F25,10,11,3.9873204672e+02
extra,"stage=T/3,2T/3",F26,10,11,3.0011051379e+02
extra,"stage=T/4,3T/4",F14,10,11,1.8893517858e+02
extra,"stage=T/4,3T/4",F15,10,11,8.5966563214e+02
extra,"stage=T/4,3T/4",F16,10,11,3.2095583023e+00
extra,"stage=T/4,3T/4",F17,10,11,4.6657323849e+01
extra,"stage=T/3,2T/3",F27,10,11,3.9076394049e+02
extra,"stage=T/3,2T/3",F28,10,11,4.1658723955e+02
extra,"stage=T/3,2T/3",F29,10,11,2.3889365906e+02
extra,"stage=T/3,2T/3",F30,10,11,2.9180479704e+05
extra,"stage=T/4,3T/4",F18,10,11,1.2939999718e+04
extra,"stage=T/4,3T/4",F19,10,11,1.7773947381e+02
extra,"stage=T/4,3T/4",F20,10,11,2.9261192349e+01
extra,"stage=T/4,3T/4",F21,10,11,2.1833169740e+02
extra,"stage=T/2,3T/4",F5,10,11,8.1271365574e+00
extra,"stage=T/2,3T/4",F6,10,11,5.1639692689e-01
extra,"stage=T/2,3T/4",F7,10,11,1.8432187989e+01
extra,"stage=T/2,3T/4",F8,10,11,1.6924527261e+01
extra,"stage=T/4,3T/4",F30,10,11,1.0513553008e+05
extra,"stage=T/2,3T/4",F1,10,11,7.2952831170e+03
extra,"stage=T/2,3T/4",F3,10,11,2.4165936084e+02
extra,"stage=T/2,3T/4",F4,10,11,7.0426177217e+00
extra,"stage=T/4,3T/4",F22,10,11,1.0007170899e+02
extra,"stage=T/4,3T/4",F23,10,11,3.2720096526e+02
extra,"stage=T/4,3T/4",F24,10,11,1.1166191679e+02
extra,"stage=T/4,3T/4",F25,10,11,3.9963484659e+02
extra,"stage=T/2,3T/4",F9,10,11,6.8895567438e-03
extra,"stage=T/2,3T/4",F10,10,11,6.0157528265e+02
extra,"stage=T/2,3T/4",F11,10,11,8.4976998955e+00
extra,"stage=T/2,3T/4",F12,10,11,2.1498096552e+05
extra,"stage=T/2,3T/4",F13,10,11,1.1622587422e+03
extra,"stage=T/2,3T/4",F14,10,11,3.4817392305e+02
extra,"stage=T/2,3T/4",F15,10,11,6.2888596785e+02
extra,"stage=T/2,3T/4",F16,10,11,1.2346759077e+02
extra,"stage=T/4,3T/4",F26,10,11,3.0015725094e+02
extra,"stage=T/4,3T/4",F27,10,11,3.9451383241e+02
extra,"stage=T/4,3T/4",F28,10,11,6.1182168765e+02
extra,"stage=T/4,3T/4",F29,10,11,2.7477335927e+02
extra,"stage=T/2,3T/4",F17,10,11,2.2019897224e+01
extra,"stage=T/2,3T/4",F18,10,11,1.6091508859e+03
extra,"stage=T/2,3T/4",F19,10,11,1.4267034468e+03
extra,"stage=T/2,3T/4",F20,10,11,2.3034903639e+01
extra,"stage=T/2,3T/4",F21,10,11,2.1372991030e+02
extra,"stage=T/2,3T/4",F22,10,11,1.0073143289e+02
extra,"stage=T/2,3T/4",F23,10,11,3.2065291951e+02
extra,"stage=T/2,3T/4",F24,10,11,3.3723403526e+02
extra,"stage=T/5,4T/5",F4,10,11,6.7622410718e+00
extra,"stage=T/5,4T/5",F5,10,11,1.7411644134e+01
extra,"stage=T/5,4T/5",F6,10,11,4.0705243911e-01
extra,"stage=T/5,4T/5",F7,10,11,2.4440440509e+01
extra,"stage=T/5,4T/5",F8,10,11,2.1019515003e+01
extra,"stage=T/5,4T/5",F9,10,11,2.4969584774e-04
extra,"stage=T/5,4T/5",F10,10,11,4.1622252445e+02
extra,"stage=T/5,4T/5",F11,10,11,1.0706773734e+01
extra,"stage=T/2,3T/4",F29,10,11,2.7332958677e+02
extra,"stage=T/2,3T/4",F30,10,11,1.7037852973e+05
extra,"stage=T/5,4T/5",F1,10,11,1.8724973035e+02
extra,"stage=T/5,4T/5",F3,10,11,2.0407999838e+02
extra,"stage=T/5,4T/5",F12,10,11,1.8060477126e+04
extra,"stage=T/5,4T/5",F13,10,11,1.5856385166e+03
extra,"stage=T/5,4T/5",F14,10,11,2.3653478994e+02
extra,"stage=T/5,4T/5",F15,10,11,1.2348198828e+02
extra,"stage=T/2,3T/4",F25,10,11,3.9967290856e+02
extra,"stage=T/2,3T/4",F26,10,11,3.0012464189e+02
extra,"stage=T/2,3T/4",F27,10,11,3.8979737317e+02
extra,"stage=T/2,3T/4",F28,10,11,3.9732604667e+02
extra,"stage=T/5,4T/5",F16,10,11,1.1969012416e+02
extra,"stage=T/5,4T/5",F17,10,11,4.3362314962e+01
extra,"stage=T/5,4T/5",F18,10,11,3.7023147029e+03
extra,"stage=T/5,4T/5",F19,10,11,3.8923412406e+02
extra,"k: nu=1/2,mu=10",F3,10,11,2.4736265102e+01
extra,"k: nu=1/2,mu=10",F4,10,11,6.9690659288e+00
extra,"k: nu=1/2,mu=10",F5,10,11,1.5925698147e+01
extra,"k: nu=1/2,mu=10",F6,10,11,2.7573962349e-01
extra,"stage=T/5,4T/5",F20,10,11,2.5242718178e+01
extra,"stage=T/5,4T/5",F21,10,11,2.1874699751e+02
extra,"stage=T/5,4T/5",F22,10,11,1.0212778234e+02
extra,"stage=T/5,4T/5",F23,10,11,3.1508821277e+02
extra,"k: nu=1/2,mu=10",F7,10,11,2.2075928648e+01
extra,"k: nu=1/2,mu=10",F8,10,11,1.5032407680e+01
extra,"k: nu=1/2,mu=10",F9,10,11,5.4771045185e-01
extra,"k: nu=1/2,mu=10",F10,10,11,7.0274642284e+02
extra,"stage=T/5,4T/5",F24,10,11,3.3255421692e+02
extra,"stage=T/5,4T/5",F25,10,11,3.9974233728e+02
extra,"stage=T/5,4T/5",F26,10,11,3.0000349281e+02
extra,"stage=T/5,4T/5",F27,10,11,3.9114706384e+02
extra,"k: nu=1/2,mu=10",F11,10,11,9.0603270173e+00
extra,"k: nu=1/2,mu=10",F12,10,11,1.7935433934e+05
extra,"k: nu=1/2,mu=10",F13,10,11,1.3345135816e+04
extra,"k: nu=1/2,mu=10",F14,10,11,2.3696215994e+02
extra,"stage=T/5,4T/5",F28,10,11,6.1182166589e+02
extra,"stage=T/5,4T/5",F29,10,11,2.9850857027e+02
extra,"stage=T/5,4T/5",F30,10,11,6.9046650968e+05
extra,"k: nu=1/2,mu=10",F1,10,11,5.4198809587e+03
extra,"k: nu=1/2,mu=10",F15,10,11,3.2837835391e+03
extra,"k: nu=1/2,mu=10",F16,10,11,1.4396970813e+02
extra,"k: nu=1/2,mu=10",F17,10,11,3.1071410637e+01
extra,"k: nu=1/2,mu=10",F18,10,11,2.4270510285e+04
extra,"k: nu=1,mu=10",F1,10,11,2.0449649460e+03
extra,"k: nu=1,mu=10",F3,10,11,4.0594504302e+02
extra,"k: nu=1,mu=10",F4,10,11,6.4296907562e+00
extra,"k: nu=1,mu=10",F5,10,11,8.0000033653e+00
extra,"k: nu=1/2,mu=10",F19,10,11,9.3251429231e+01
extra,"k: nu=1/2,mu=10",F20,10,11,3.2337190382e+01
extra,"k: nu=1/2,mu=10",F21,10,11,2.1666235607e+02
extra,"k: nu=1/2,mu=10",F22,10,11,1.0222886305e+02
extra,"k: nu=1,mu=10",F6,10,11,1.4834898744e+00
extra,"k: nu=1,mu=10",F7,10,11,2.6425307062e+01
extra,"k: nu=1,mu=10",F8,10,11,1.1940345541e+01
extra,"k: nu=1,mu=10",F9,10,11,9.1629029840e-02
extra,"k: nu=1/2,mu=10",F23,10,11,3.1138047396e+02
extra,"k: nu=1/2,mu=10",F24,10,11,1.0221910328e+02
extra,"k: nu=1/2,mu=10",F25,10,11,3.9856127287e+02
extra,"k: nu=1/2,mu=10",F26,10,11,3.0007534198e+02
extra,"k: nu=1,mu=10",F10,10,11,3.5943310808e+02
extra,"k: nu=1,mu=10",F11,10,11,5.2251127666e+00
extra,"k: nu=1,mu=10",F12,10,11,2.4255787904e+06
extra,"k: nu=1,mu=10",F13,10,11,8.8534819765e+02
extra,"k: nu=1,mu=10",F14,10,11,1.3215873726e+02
extra,"k: nu=1,mu=10",F15,10,11,4.1108195215e+03
extra,"k: nu=1,mu=10",F16,10,11,1.5594067633e+01
extra,"k: nu=1,mu=10",F17,10,11,2.6188164673e+01
extra,"k: nu=1/2,mu=10",F27,10,11,3.9408355057e+02
extra,"k: nu=1/2,mu=10",F28,10,11,5.8374923527e+02
extra,"k: nu=1/2,mu=10",F29,10,11,2.6021356015e+02
extra,"k: nu=1/2,mu=10",F30,10,11,2.2938281868e+06
extra,"k: nu=1,mu=10",F18,10,11,6.9559395020e+03
extra,"k: nu=1,mu=10",F19,10,11,4.2013114087e+02
extra,"k: nu=1,mu=10",F20,10,11,2.4778126383e+01
extra,"k: nu=1,mu=10",F21,10,11,1.0474604280e+02
extra,"k: nu=1/2,mu=5",F5,10,11,1.3773234460e+01
extra,"k: nu=1/2,mu=5",F6,10,11,2.5454654695e-01
extra,"k: nu=1/2,mu=5",F7,10,11,3.2373397808e+01
extra,"k: nu=1/2,mu=5",F8,10,11,1.7229635507e+01
extra,"k: nu=1,mu=10",F30,10,11,1.6342504833e+06
extra,"k: nu=1/2,mu=5",F1,10,11,4.5577849179e+04
extra,"k: nu=1/2,mu=5",F3,10,11,4.4665041344e+02
extra,"k: nu=1/2,mu=5",F4,10,11,5.5538504609e+00
extra,"k: nu=1/2,mu=5",F9,10,11,4.5877583389e-03
extra,"k: nu=1/2,mu=5",F10,10,11,3.8907407991e+02
extra,"k: nu=1/2,mu=5",F11,10,11,8.5234733113e+00
extra,"k: nu=1/2,mu=5",F12,10,11,7.5158276652e+05
extra,"k: nu=1,mu=10",F22,10,11,1.0049741986e+02
extra,"k: nu=1,mu=10",F23,10,11,3.1321292806e+02
extra,"k: nu=1,mu=10",F24,10,11,3.3925736585e+02
extra,"k: nu=1,mu=10",F25,10,11,4.0013197342e+02
extra,"k: nu=1/2,mu=5",F13,10,11,5.3423399349e+03
extra,"k: nu=1/2,mu=5",F14,10,11,2.6550510375e+02
extra,"k: nu=1/2,mu=5",F15,10,11,2.1502303351e+03
extra,"k: nu=1/2,mu=5",F16,10,11,1.5521863401e+00
extra,"k: nu=1,mu=10",F26,10,11,3.0021420726e+02
extra,"k: nu=1,mu=10",F27,10,11,3.8953394697e+02
extra,"k: nu=1,mu=10",F28,10,11,4.2040951464e+02
extra,"k: nu=1,mu=10",F29,10,11,2.7502495038e+02
extra,"k: nu=1/2,mu=5",F17,10,11,3.4774158420e+01
extra,"k: nu=1/2,mu=5",F18,10,11,1.1717626933e+03
extra,"k: nu=1/2,mu=5",F19,10,11,2.3087678634e+02
extra,"k: nu=1/2,mu=5",F20,10,11,2.4148036359e+01
extra,"k: nu=1/2,mu=5",F21,10,11,1.0394093903e+02
extra,"k: nu=1/2,mu=5",F22,10,11,1.0244440706e+02
extra,"k: nu=1/2,mu=5",F23,10,11,3.1536852990e+02
extra,"k: nu=1/2,mu=5",F24,10,11,3.3863627107e+02
extra,"k: nu=1/2,mu=20",F4,10,11,6.5446421436e+00
extra,"k: nu=1/2,mu=20",F5,10,11,9.0714164716e+00
extra,"k: nu=1/2,mu=20",F6,10,11,2.4746540435e-01
extra,"k: nu=1/2,mu=20",F7,10,11,1.4108522287e+01
extra,"k: nu=1/2,mu=20",F8,10,11,8.9645062114e+00
extra,"k: nu=1/2,mu=20",F9,10,11,2.3988715251e-03
extra,"k: nu=1/2,mu=20",F10,10,11,8.0088453724e+02
extra,"k: nu=1/2,mu=20",F11,10,11,9.3999045724e+00
extra,"k: nu=1/2,mu=5",F25,10,11,4.4369847082e+02
extra,"k: nu=1/2,mu=5",F26,10,11,3.0007576430e+02
extra,"k: nu=1/2,mu=5",F27,10,11,3.9089407315e+02
extra,"k: nu=1/2,mu=5",F28,10,11,3.0026053095e+02
extra,"k: nu=1/2,mu=20",F12,10,11,2.2644776334e+06
extra,"k: nu=1/2,mu=20",F13,10,11,1.3981054537e+04
extra,"k: nu=1/2,mu=20",F14,10,11,3.9899412844e+02
extra,"k: nu=1/2,mu=20",F15,10,11,1.3357038768e+03
extra,"k: nu=1/2,mu=5",F29,10,11,2.5647068606e+02
extra,"k: nu=1/2,mu=5",F30,10,11,4.4494677023e+05
extra,"k: nu=1/2,mu=20",F1,10,11,2.0956564334e+03
extra,"k: nu=1/2,mu=20",F3,10,11,4.5400014200e+02
extra,"k: nu=1/2,mu=20",F16,10,11,2.0059719873e+01
extra,"k: nu=1/2,mu=20",F17,10,11,3.2789340169e+01
extra,"k: nu=1/2,mu=20",F18,10,11,1.0398395895e+04
extra,"k: nu=1/2,mu=20",F19,10,11,5.9885912972e+02
extra,k=1 (plain OBL),F3,10,11,1.5072255333e+02
extra,k=1 (plain OBL),F4,10,11,7.3866866453e+00
extra,k=1 (plain OBL),F5,10,11,5.9895959004e+00
extra,k=1 (plain OBL),F6,10,11,1.4164266303e-01
extra,"k: nu=1/2,mu=20",F20,10,11,2.4653300149e+01
extra,"k: nu=1/2,mu=20",F21,10,11,2.1316047200e+02
extra,"k: nu=1/2,mu=20",F22,10,11,1.0163063265e+02
extra,"k: nu=1/2,mu=20",F23,10,11,3.2822426380e+02
extra,k=1 (plain OBL),F7,10,11,3.0702461209e+01
extra,k=1 (plain OBL),F8,10,11,1.1944239609e+01
extra,k=1 (plain OBL),F9,10,11,1.6443855895e-03
extra,k=1 (plain OBL),F10,10,11,7.0401451711e+02
extra,"k: nu=1/2,mu=20",F24,10,11,3.3846882195e+02
extra,"k: nu=1/2,mu=20",F25,10,11,3.9963282803e+02
extra,"k: nu=1/2,mu=20",F26,10,11,3.4714908114e+02
extra,"k: nu=1/2,mu=20",F27,10,11,3.8915290208e+02
extra,"k: nu=1/2,mu=20",F28,10,11,3.7024125502e+02
extra,"k: nu=1/2,mu=20",F29,10,11,2.3916025885e+02
extra,"k: nu=1/2,mu=20",F30,10,11,4.4957360884e+05
extra,k=1 (plain OBL),F1,10,11,2.0478074385e+03
extra,k=1 (plain OBL),F11,10,11,6.6902681892e+00
extra,k=1 (plain OBL),F12,10,11,8.3639117103e+04
extra,k=1 (plain OBL),F13,10,11,3.1481586636e+03
extra,k=1 (plain OBL),F14,10,11,4.6169725887e+02
extra,k=1 (plain OBL),F15,10,11,3.1970801754e+02
extra,k=1 (plain OBL),F16,10,11,1.3735217790e+02
extra,k=1 (plain OBL),F17,10,11,4.1144181128e+01
extra,k=1 (plain OBL),F18,10,11,3.7214691833e+04
extra,k=1 (plain OBL),F19,10,11,7.7767382989e+02
extra,k=1 (plain OBL),F20,10,11,2.3427082561e+01
extra,k=1 (plain OBL),F21,10,11,2.1224472994e+02
extra,k=1 (plain OBL),F22,10,11,1.0032870639e+02
extra,k=1 (plain OBL),F23,10,11,3.2062324573e+02
extra,k=1 (plain OBL),F24,10,11,3.3214194654e+02
extra,k=1 (plain OBL),F25,10,11,4.4374310491e+02
extra,k=1 (plain OBL),F26,10,11,3.1677829974e+02
extra,N=10,F1,10,12,1.5825603197e+03
extra,N=10,F3,10,12,1.9271091227e+02
extra,N=10,F4,10,12,8.1085145180e+00
extra,N=10,F5,10,12,8.3883104463e+00
extra,N=10,F6,10,12,2.3752001909e+00
extra,N=10,F7,10,12,3.1861211849e+01
extra,N=10,F8,10,12,1.3932430392e+01
extra,N=10,F9,10,12,9.0918949125e-01
extra,k=1 (plain OBL),F27,10,11,3.8982481706e+02
extra,k=1 (plain OBL),F28,10,11,3.7766190863e+02
extra,k=1 (plain OBL),F29,10,11,3.4598156346e+02
extra,k=1 (plain OBL),F30,10,11,7.5297938656e+05
extra,N=10,F10,10,12,4.3018797128e+02
extra,N=10,F11,10,12,8.6226514796e+00
extra,N=10,F12,10,12,1.3243984480e+06
extra,N=10,F13,10,12,2.5285913774e+03
extra,N=10,F14,10,12,2.8718195503e+02
extra,N=10,F15,10,12,5.4084225621e+03
extra,N=10,F16,10,12,3.6374743732e+02
extra,N=10,F17,10,12,2.4347185989e+01
extra,N=10,F18,10,12,6.2138238735e+03
extra,N=10,F19,10,12,1.6244632517e+03
extra,N=10,F20,10,12,4.1606926532e+01
extra,N=10,F21,10,12,1.1151987252e+02
extra,N=20,F5,10,12,1.4929686864e+01
extra,N=20,F6,10,12,8.8073084194e-01
extra,N=20,F7,10,12,1.8722918736e+01
extra,N=20,F8,10,12,9.9518022302e+00
extra,N=10,F22,10,12,1.0735018824e+02
extra,N=10,F23,10,12,3.1207686345e+02
extra,N=10,F24,10,12,3.3863293383e+02
extra,N=10,F25,10,12,3.9877566573e+02
extra,N=10,F30,10,12,4.5191827211e+06
extra,N=20,F1,10,12,7.5241795226e+01
extra,N=20,F3,10,12,1.1702690099e+02
extra,N=20,F4,10,12,6.1783093040e+00
extra,N=20,F9,10,12,6.8053969688e-03
extra,N=20,F10,10,12,1.5236387524e+02
extra,N=20,F11,10,12,1.6343884518e+01
extra,N=20,F12,10,12,3.1602965119e+06
extra,N=20,F13,10,12,1.8408771227e+04
extra,N=20,F14,10,12,2.5812646543e+02
extra,N=20,F15,10,12,2.4876448781e+03
extra,N=20,F16,10,12,1.2203101113e+02
extra,N=20,F17,10,12,2.6707738401e+01
extra,N=20,F18,10,12,9.9434269857e+03
extra,N=20,F19,10,12,1.0904264406e+03
extra,N=20,F20,10,12,2.0963846160e+01
extra,N=20,F21,10,12,2.0647896247e+02
extra,N=20,F22,10,12,1.0093076421e+02
extra,N=20,F23,10,12,3.1880442340e+02
extra,N=20,F24,10,12,3.4179758049e+02
extra,N=10,F26,10,12,3.9043598950e+02
extra,N=10,F27,10,12,3.9260559361e+02
extra,N=10,F28,10,12,4.8056197586e+02
extra,N=10,F29,10,12,2.9342349708e+02
extra,N=50,F4,10,12,3.5806451719e+00
extra,N=50,F5,10,12,2.5059899507e+01
extra,N=50,F6,10,12,3.1763747570e-01
extra,N=50,F7,10,12,3.4096076398e+01
extra,N=50,F8,10,12,1.1132707927e+01
extra,N=50,F9,10,12,1.1480227268e-01
extra,N=50,F10,10,12,8.1435858943e+02
extra,N=50,F11,10,12,1.2704530123e+01
extra,N=50,F12,10,12,2.4468669356e+05
extra,N=50,F13,10,12,3.0651010420e+04
extra,N=50,F14,10,12,2.1171373912e+02
extra,N=50,F15,10,12,2.3069179642e+03
extra,N=50,F16,10,12,1.7620544158e+01
extra,N=50,F17,10,12,4.8706477482e+01
extra,N=50,F18,10,12,1.2145098027e+04
extra,N=50,F19,10,12,4.1906336111e+03
extra,N=20,F29,10,12,3.0667464160e+02
extra,N=20,F30,10,12,1.6126951473e+06
extra,N=50,F1,10,12,2.1441624100e+05
extra,N=50,F3,10,12,1.8800446993e+02
extra,N=20,F25,10,12,4.4416890911e+02
extra,N=20,F26,10,12,3.0001074485e+02
extra,N=20,F27,10,12,3.9078306782e+02
extra,N=20,F28,10,12,6.1182166618e+02
extra,N=100,F3,10,12,3.3890509555e+02
extra,N=100,F4,10,12,7.1231632525e+00
extra,N=100,F5,10,12,1.3041258548e+01
extra,N=100,F6,10,12,1.3138853923e+00
extra,N=50,F20,10,12,4.7676020402e+01
extra,N=50,F21,10,12,1.0440328630e+02
extra,N=50,F22,10,12,1.0178327567e+02
extra,N=50,F23,10,12,3.1340704238e+02
extra,N=100,F7,10,12,1.9562079257e+01
extra,N=100,F8,10,12,1.4016591280e+01
extra,N=100,F9,10,12,1.8008918230e-01
extra,N=100,F10,10,12,5.7995741204e+02
extra,N=100,F11,10,12,2.8413424815e+01
extra,N=100,F12,10,12,1.4240055244e+06
extra,N=100,F13,10,12,1.9799606157e+03
extra,N=100,F14,10,12,1.5849403979e+02
extra,N=100,F15,10,12,7.6097594641e+03
extra,N=100,F16,10,12,3.7725071616e+01
extra,N=100,F17,10,12,5.2219450238e+01
extra,N=100,F18,10,12,1.1982718277e+04
extra,N=50,F24,10,12,3.3491727434e+02
extra,N=50,F25,10,12,4.4371109563e+02
extra,N=50,F26,10,12,3.0109079213e+02
extra,N=50,F27,10,12,3.8972498629e+02
extra,N=50,F28,10,12,3.7329098503e+02
extra,N=50,F29,10,12,2.9391122744e+02
extra,N=50,F30,10,12,7.5909971341e+05
extra,N=100,F1,10,12,4.7038201405e+06
extra,N=100,F19,10,12,4.8718852241e+02
extra,N=100,F20,10,12,7.1710403564e+01
extra,N=100,F21,10,12,2.0926943625e+02
extra,N=100,F22,10,12,1.0161782354e+02
extra,N=100,F23,10,12,3.1924803989e+02
extra,N=100,F24,10,12,3.3935569509e+02
extra,N=100,F25,10,12,4.4600304542e+02
extra,N=100,F26,10,12,3.1354209229e+02
extra,beta=1.1,F1,10,12,7.8196819965e+03
extra,beta=1.1,F3,10,12,1.4882706389e+02
extra,beta=1.1,F4,10,12,7.4810104003e+00
extra,beta=1.1,F5,10,12,7.1591125936e+00
extra,beta=1.1,F6,10,12,9.9400649836e-01
extra,beta=1.1,F7,10,12,2.0364015314e+01
extra,beta=1.1,F8,10,12,1.0950017090e+01
extra,beta=1.1,F9,10,12,3.2828973000e-03
extra,N=100,F27,10,12,3.9304975976e+02
extra,N=100,F28,10,12,4.8556258829e+02
extra,N=100,F29,10,12,3.1939532166e+02
extra,N=100,F30,10,12,8.2988136902e+05
extra,beta=1.1,F10,10,12,9.1824263150e+02
extra,beta=1.1,F11,10,12,6.4501460932e+00
extra,beta=1.1,F12,10,12,5.0928168188e+06
extra,beta=1.1,F13,10,12,9.0198826060e+03
extra,beta=1.1,F14,10,12,1.6184166609e+02
extra,beta=1.1,F15,10,12,2.5529599700e+03
extra,beta=1.1,F16,10,12,1.2855608258e+01
extra,beta=1.1,F17,10,12,4.7934386022e+01
extra,beta=1.1,F18,10,12,9.2870283924e+03
extra,beta=1.1,F19,10,12,7.3628157535e+02
extra,beta=1.1,F20,10,12,3.6650755065e+01
extra,beta=1.1,F21,10,12,2.0929935084e+02
extra,beta=1.3,F5,10,12,9.9640202336e+00
extra,beta=1.3,F6,10,12,9.8997238806e-01
extra,beta=1.3,F7,10,12,2.5112912346e+01
extra,beta=1.3,F8,10,12,2.1907553825e+01
extra,beta=1.1,F22,10,12,1.0193584687e+02
extra,beta=1.1,F23,10,12,3.1549356264e+02
extra,beta=1.1,F24,10,12,3.3828204758e+02
extra,beta=1.1,F25,10,12,4.0013899322e+02
extra,beta=1.1,F30,10,12,8.4789245750e+05
extra,beta=1.3,F1,10,12,4.2194381290e+04
extra,beta=1.3,F3,10,12,1.4655637852e+02
extra,beta=1.3,F4,10,12,5.8350137852e+00
extra,beta=1.3,F9,10,12,9.0654864426e-02
extra,beta=1.3,F10,10,12,3.5274056267e+02
extra,beta=1.3,F11,10,12,6.5481295355e+00
extra,beta=1.3,F12,10,12,2.6850163655e+06
extra,beta=1.3,F13,10,12,4.2742575669e+03
extra,beta=1.3,F14,10,12,6.4706511318e+02
extra,beta=1.3,F15,10,12,1.0677704075e+03
extra,beta=1.3,F16,10,12,6.4494764154e+00
extra,beta=1.3,F17,10,12,4.8303396511e+01
extra,beta=1.3,F18,10,12,5.7476726195e+03
extra,beta=1.3,F19,10,12,1.2418701422e+02
extra,beta=1.3,F20,10,12,3.7314713895e+01
extra,beta=1.1,F26,10,12,3.0025038726e+02
extra,beta=1.1,F27,10,12,3.8952817366e+02
extra,beta=1.1,F28,10,12,4.0814324608e+02
extra,beta=1.1,F29,10,12,2.4269632521e+02
extra,beta=1.5,F4,10,12,5.3627268553e+00
extra,beta=1.5,F5,10,12,5.0148303483e+00
extra,beta=1.5,F6,10,12,1.0779898189e+00
extra,beta=1.5,F7,10,12,3.2220634197e+01
extra,beta=1.3,F21,10,12,2.0570646882e+02
extra,beta=1.3,F22,10,12,1.0055235994e+02
extra,beta=1.3,F23,10,12,3.2992594741e+02
extra,beta=1.3,F24,10,12,3.5315490851e+02
extra,beta=1.5,F8,10,12,1.8026527963e+01
extra,beta=1.5,F9,10,12,4.6179489602e-01
extra,beta=1.5,F10,10,12,6.3387738364e+02
extra,beta=1.5,F11,10,12,4.8157174581e+00
extra,beta=1.5,F12,10,12,3.0488566849e+06
extra,beta=1.5,F13,10,12,8.8681742818e+03
extra,beta=1.5,F14,10,12,1.5046136237e+02
extra,beta=1.5,F15,10,12,5.5608820907e+02
extra,beta=1.3,F29,10,12,2.9809516708e+02
extra,beta=1.3,F30,10,12,8.1771754738e+05
extra,beta=1.5,F1,10,12,5.8268782068e+02
extra,beta=1.5,F3,10,12,5.4814877399e+01
extra,beta=1.3,F25,10,12,4.1427920095e+02
extra,beta=1.3,F26,10,12,3.0026242805e+02
extra,beta=1.3,F27,10,12,3.9064481688e+02
extra,beta=1.3,F28,10,12,3.9660175311e+02
extra,beta=1.5,F16,10,12,1.5103160153e+01
extra,beta=1.5,F17,10,12,3.5299239245e+01
extra,beta=1.5,F18,10,12,1.0608985393e+04
extra,beta=1.5,F19,10,12,2.5272405180e+02
extra,beta=1.9,F3,10,12,5.8873094788e+01
extra,beta=1.9,F4,10,12,6.6736321290e+00
extra,beta=1.9,F5,10,12,9.0178331316e+00
extra,beta=1.9,F6,10,12,6.0654569152e-01
extra,beta=1.5,F20,10,12,3.4750836473e+01
extra,beta=1.5,F21,10,12,1.0472785733e+02
extra,beta=1.5,F22,10,12,1.0043565783e+02
extra,beta=1.5,F23,10,12,3.1043696622e+02
extra,beta=1.9,F7,10,12,2.3834702000e+01
extra,beta=1.9,F8,10,12,1.0841228642e+01
extra,beta=1.9,F9,10,12,1.4282618978e+00
extra,beta=1.9,F10,10,12,8.1296423994e+02
extra,beta=1.5,F24,10,12,3.4725117790e+02
extra,beta=1.5,F25,10,12,4.1741365204e+02
extra,beta=1.5,F26,10,12,4.1639468475e+02
extra,beta=1.5,F27,10,12,3.9253747078e+02
extra,beta=1.9,F11,10,12,9.6078387966e+00
extra,beta=1.9,F12,10,12,2.3822767036e+05
extra,beta=1.9,F13,10,12,6.5389176536e+03
extra,beta=1.9,F14,10,12,1.6178683136e+02
extra,beta=1.5,F28,10,12,3.8223343918e+02
extra,beta=1.5,F29,10,12,2.7566502884e+02
extra,beta=1.5,F30,10,12,2.6905566471e+06
extra,beta=1.9,F1,10,12,1.0783679241e+04
extra,beta=1.9,F15,10,12,3.1376568486e+03
extra,beta=1.9,F16,10,12,1.9766398203e+01
extra,beta=1.9,F17,10,12,4.6275385500e+01
extra,beta=1.9,F18,10,12,4.9677126988e+03
extra,beta=1.9,F19,10,12,2.4588079306e+03
extra,beta=1.9,F20,10,12,3.6427774113e+01
extra,beta=1.9,F21,10,12,2.0908803706e+02
extra,beta=1.9,F22,10,12,1.0071190795e+02
extra,"stage=T/3,2T/3",F1,10,12,4.7335998525e+03
extra,"stage=T/3,2T/3",F3,10,12,3.5223799752e+02
extra,"stage=T/3,2T/3",F4,10,12,5.5714329270e+00
extra,"stage=T/3,2T/3",F5,10,12,1.3839144588e+01
extra,"stage=T/3,2T/3",F6,10,12,5.7658935924e-01
extra,"stage=T/3,2T/3",F7,10,12,3.0245144212e+01
extra,"stage=T/3,2T/3",F8,10,12,1.0988006736e+01
extra,"stage=T/3,2T/3",F9,10,12,9.7614385529e-02
extra,"stage=T/3,2T/3",F10,10,12,9.5136797486e+02
extra,"stage=T/3,2T/3",F11,10,12,1.1692841660e+01
extra,"stage=T/3,2T/3",F12,10,12,4.1024297174e+06
extra,"stage=T/3,2T/3",F13,10,12,8.8828825566e+02
extra,beta=1.9,F23,10,12,3.1566638663e+02
extra,beta=1.9,F24,10,12,1.1845456726e+02
extra,beta=1.9,F25,10,12,3.9774770370e+02
extra,beta=1.9,F26,10,12,3.0009283544e+02
extra,"stage=T/3,2T/3",F14,10,12,2.5565663010e+02
extra,"stage=T/3,2T/3",F15,10,12,3.8403357976e+03
extra,"stage=T/3,2T/3",F16,10,12,3.8923659679e+01
extra,"stage=T/3,2T/3",F17,10,12,4.5105368137e+01
extra,"stage=T/3,2T/3",F18,10,12,2.3018030671e+03
extra,"stage=T/3,2T/3",F19,10,12,8.3072806988e+02
extra,"stage=T/3,2T/3",F20,10,12,1.7465314822e+01
extra,"stage=T/3,2T/3",F21,10,12,2.1141101140e+02
extra,beta=1.9,F27,10,12,3.9592116847e+02
extra,beta=1.9,F28,10,12,6.1182170708e+02
extra,beta=1.9,F29,10,12,2.7304377368e+02
extra,beta=1.9,F30,10,12,1.1319891058e+03
extra,"stage=T/4,3T/4",F5,10,12,6.9895733806e+00
extra,"stage=T/4,3T/4",F6,10,12,2.1055326238e-01
extra,"stage=T/4,3T/4",F7,10,12,2.6228268822e+01
extra,"stage=T/4,3T/4",F8,10,12,1.7910586088e+01
extra,"stage=T/3,2T/3",F22,10,12,1.0114057811e+02
extra,"stage=T/3,2T/3",F23,10,12,3.2764172740e+02
extra,"stage=T/3,2T/3",F24,10,12,3.3499936680e+02
extra,"stage=T/3,2T/3",F25,10,12,4.4369827464e+02
extra,"stage=T/3,2T/3",F30,10,12,7.1432379630e+05
extra,"stage=T/4,3T/4",F1,10,12,2.3653135272e+03
extra,"stage=T/4,3T/4",F3,10,12,1.1029901743e+02
extra,"stage=T/4,3T/4",F4,10,12,2.1562510570e+00
extra,"stage=T/4,3T/4",F9,10,12,6.6767034412e-02
extra,"stage=T/4,3T/4",F10,10,12,5.3175217037e+02
extra,"stage=T/4,3T/4",F11,10,12,9.0186997932e+00
extra,"stage=T/4,3T/4",F12,10,12,2.7318081343e+06
extra,"stage=T/3,2T/3",F26,10,12,3.0009312500e+02
extra,"stage=T/3,2T/3",F27,10,12,3.8953682336e+02
extra,"stage=T/3,2T/3",F28,10,12,3.6882257518e+02
extra,"stage=T/3,2T/3",F29,10,12,2.9529549824e+02
extra,"stage=T/4,3T/4",F13,10,12,1.2644622867e+03
extra,"stage=T/4,3T/4",F14,10,12,1.6131404884e+02
extra,"stage=T/4,3T/4",F15,10,12,2.6692641772e+03
extra,"stage=T/4,3T/4",F16,10,12,1.2890769796e+01
extra,"stage=T/4,3T/4",F17,10,12,3.1894883713e+01
extra,"stage=T/4,3T/4",F18,10,12,3.3172873652e+03
extra,"stage=T/4,3T/4",F19,10,12,1.2936794170e+02
extra,"stage=T/4,3T/4",F20,10,12,2.7438903456e+01
extra,"stage=T/2,3T/4",F4,10,12,6.7610922146e+00
extra,"stage=T/2,3T/4",F5,10,12,1.1679717144e+01
extra,"stage=T/2,3T/4",F6,10,12,1.2418902948e+00
extra,"stage=T/2,3T/4",F7,10,12,2.8006609042e+01
extra,"stage=T/4,3T/4",F21,10,12,2.1662673842e+02
extra,"stage=T/4,3T/4",F22,10,12,1.0110720870e+02
extra,"stage=T/4,3T/4",F23,10,12,3.1953850946e+02
extra,"stage=T/4,3T/4",F24,10,12,1.1015150808e+02
extra,"stage=T/2,3T/4",F8,10,12,2.0914420697e+01
extra,"stage=T/2,3T/4",F9,10,12,4.6576031599e-01
extra,"stage=T/2,3T/4",F10,10,12,1.0278266087e+03
extra,"stage=T/2,3T/4",F11,10,12,2.5173780985e+00
extra,"stage=T/4,3T/4",F25,10,12,4.4448464436e+02
extra,"stage=T/4,3T/4",F26,10,12,3.0006441613e+02
extra,"stage=T/4,3T/4",F27,10,12,3.9163112811e+02
extra,"stage=T/4,3T/4",F28,10,12,6.1182166610e+02
extra,"stage=T/4,3T/4",F29,10,12,3.2159638576e+02
extra,"stage=T/4,3T/4",F30,10,12,4.9169604306e+03
extra,"stage=T/2,3T/4",F1,10,12,1.0780312654e+05
extra,"stage=T/2,3T/4",F3,10,12,6.0464344997e+01
extra,"stage=T/2,3T/4",F12,10,12,8.5425602042e+04
extra,"stage=T/2,3T/4",F13,10,12,2.2050960119e+03
extra,"stage=T/2,3T/4",F14,10,12,1.2957355617e+02
extra,"stage=T/2,3T/4",F15,10,12,1.0867147422e+04
extra,"stage=T/2,3T/4",F16,10,12,1.3646560457e+02
extra,"stage=T/2,3T/4",F17,10,12,3.9202535395e+01
extra,"stage=T/2,3T/4",F18,10,12,1.0585300450e+04
extra,"stage=T/2,3T/4",F19,10,12,3.0207314513e+02
extra,"stage=T/2,3T/4",F20,10,12,2.7704291313e+01
extra,"stage=T/2,3T/4",F21,10,12,2.1978739068e+02
extra,"stage=T/2,3T/4",F22,10,12,1.0149929988e+02
extra,"stage=T/2,3T/4",F23,10,12,3.1698703868e+02
extra,"stage=T/5,4T/5",F3,10,12,1.2280963220e+02
extra,"stage=T/5,4T/5",F4,10,12,7.1177434957e+00
extra,"stage=T/5,4T/5",F5,10,12,2.3924010098e+01
extra,"stage=T/5,4T/5",F6,10,12,3.5830020307e-01
extra,"stage=T/2,3T/4",F24,10,12,3.4490722600e+02
extra,"stage=T/2,3T/4",F25,10,12,3.9978835472e+02
extra,"stage=T/2,3T/4",F26,10,12,3.0028295173e+02
extra,"stage=T/2,3T/4",F27,10,12,3.9172726074e+02
extra,"stage=T/5,4T/5",F7,10,12,2.4959873195e+01
extra,"stage=T/5,4T/5",F8,10,12,7.9603710299e+00
extra,"stage=T/5,4T/5",F9,10,12,3.4393302815e-04
extra,"stage=T/5,4T/5",F10,10,12,6.8068716109e+02
extra,"stage=T/5,4T/5",F11,10,12,5.0586580415e+00
extra,"stage=T/5,4T/5",F12,10,12,5.7091683686e+05
extra,"stage=T/5,4T/5",F13,10,12,2.8903727380e+03
extra,"stage=T/5,4T/5",F14,10,12,3.9758036957e+02
extra,"stage=T/2,3T/4",F28,10,12,4.1949370564e+02
extra,"stage=T/2,3T/4",F29,10,12,2.4163809564e+02
extra,"stage=T/2,3T/4",F30,10,12,7.7369309028e+05
extra,"stage=T/5,4T/5",F1,10,12,5.8501600863e+03
extra,"stage=T/5,4T/5",F15,10,12,1.4087174406e+03
extra,"stage=T/5,4T/5",F16,10,12,1.2227318256e+02
extra,"stage=T/5,4T/5",F17,10,12,2.3696765578e+01
extra,"stage=T/5,4T/5",F18,10,12,7.2610992371e+03
extra,"stage=T/5,4T/5",F19,10,12,2.4748766011e+03
extra,"stage=T/5,4T/5",F20,10,12,4.9198651780e+01
extra,"stage=T/5,4T/5",F21,10,12,2.2580587459e+02
extra,"stage=T/5,4T/5",F22,10,12,1.0457626652e+02
extra,"k: nu=1/2,mu=10",F1,10,12,3.2237325660e+04
extra,"k: nu=1/2,mu=10",F3,10,12,9.9378021952e+01
extra,"k: nu=1/2,mu=10",F4,10,12,6.9024074079e+00
extra,"k: nu=1/2,mu=10",F5,10,12,6.1463321758e+00
extra,"stage=T/5,4T/5",F23,10,12,3.1370689866e+02
extra,"stage=T/5,4T/5",F24,10,12,1.0085886107e+02
extra,"stage=T/5,4T/5",F25,10,12,3.9961139367e+02
extra,"stage=T/5,4T/5",F26,10,12,3.2946278965e+02
extra,"k: nu=1/2,mu=10",F6,10,12,2.8663806849e-01
extra,"k: nu=1/2,mu=10",F7,10,12,2.4981573676e+01
extra,"k: nu=1/2,mu=10",F8,10,12,1.4176834390e+01
extra,"k: nu=1/2,mu=10",F9,10,12,9.6665287776e-03
extra,"k: nu=1/2,mu=10",F10,10,12,1.0875116337e+03
extra,"k: nu=1/2,mu=10",F11,10,12,5.0567275132e+00
extra,"k: nu=1/2,mu=10",F12,10,12,4.8947633726e+05
extra,"k: nu=1/2,mu=10",F13,10,12,3.0384109473e+03
extra,"k: nu=1/2,mu=10",F14,10,12,2.2414399436e+02
extra,"k: nu=1/2,mu=10",F15,10,12,4.2354698877e+03
extra,"k: nu=1/2,mu=10",F16,10,12,1.8667351504e+00
extra,"k: nu=1/2,mu=10",F17,10,12,4.2330499674e+01
extra,"stage=T/5,4T/5",F27,10,12,3.9927616531e+02
extra,"stage=T/5,4T/5",F28,10,12,6.1182166588e+02
extra,"stage=T/5,4T/5",F29,10,12,2.9213502790e+02
extra,"stage=T/5,4T/5",F30,10,12,6.3964399998e+05
extra,"k: nu=1/2,mu=10",F18,10,12,5.7609341739e+03
extra,"k: nu=1/2,mu=10",F19,10,12,1.1711939933e+02
extra,"k: nu=1/2,mu=10",F20,10,12,4.5424607781e+01
extra,"k: nu=1/2,mu=10",F21,10,12,1.0375258446e+02
extra,"k: nu=1,mu=10",F5,10,12,1.4929763082e+01
extra,"k: nu=1,mu=10",F6,10,12,1.7405632297e+00
extra,"k: nu=1,mu=10",F7,10,12,2.6335888237e+01
extra,"k: nu=1,mu=10",F8,10,12,2.2896195800e+01
extra,"k: nu=1/2,mu=10",F30,10,12,2.3009581688e+04
extra,"k: nu=1,mu=10",F1,10,12,5.5984536391e+03
extra,"k: nu=1,mu=10",F3,10,12,2.7716426788e+02
extra,"k: nu=1,mu=10",F4,10,12,4.8027411450e+00
extra,"k: nu=1/2,mu=10",F22,10,12,1.0100903548e+02
extra,"k: nu=1/2,mu=10",F23,10,12,3.2581262821e+02
extra,"k: nu=1/2,mu=10",F24,10,12,3.4272621780e+02
extra,"k: nu=1/2,mu=10",F25,10,12,4.4793770040e+02
extra,"k: nu=1,mu=10",F9,10,12,4.5166858513e-05
extra,"k: nu=1,mu=10",F10,10,12,5.6211345280e+02
extra,"k: nu=1,mu=10",F11,10,12,7.4142798647e+00
extra,"k: nu=1,mu=10",F12,10,12,1.0509280766e+07
extra,"k: nu=1,mu=10",F13,10,12,2.8905890023e+03
extra,"k: nu=1,mu=10",F14,10,12,3.1979099981e+02
extra,"k: nu=1,mu=10",F15,10,12,3.8574519449e+03
extra,"k: nu=1,mu=10",F16,10,12,2.0120639947e+00
extra,"k: nu=1/2,mu=10",F26,10,12,3.0012247164e+02
extra,"k: nu=1/2,mu=10",F27,10,12,3.9315202958e+02
extra,"k: nu=1/2,mu=10",F28,10,12,3.7726145359e+02
extra,"k: nu=1/2,mu=10",F29,10,12,2.8327415693e+02
extra,"k: nu=1,mu=10",F17,10,12,5.3571072290e+01
extra,"k: nu=1,mu=10",F18,10,12,4.9127168507e+04
extra,"k: nu=1,mu=10",F19,10,12,3.2876078909e+02
extra,"k: nu=1,mu=10",F20,10,12,2.3598675666e+01
extra,"k: nu=1,mu=10",F21,10,12,1.1933762788e+02
extra,"k: nu=1,mu=10",F22,10,12,1.0043311836e+02
extra,"k: nu=1,mu=10",F23,10,12,3.2111762977e+02
extra,"k: nu=1,mu=10",F24,10,12,3.3970419760e+02
extra,"k: nu=1/2,mu=5",F4,10,12,6.4161419927e+00
extra,"k: nu=1/2,mu=5",F5,10,12,1.4613807251e+01
extra,"k: nu=1/2,mu=5",F6,10,12,5.2694498672e-01
extra,"k: nu=1/2,mu=5",F7,10,12,2.3499638094e+01
extra,"k: nu=1/2,mu=5",F8,10,12,9.0675808682e+00
extra,"k: nu=1/2,mu=5",F9,10,12,1.7132265664e-01
extra,"k: nu=1/2,mu=5",F10,10,12,7.6584937264e+02
extra,"k: nu=1/2,mu=5",F11,10,12,8.8971848362e+00
extra,"k: nu=1/2,mu=5",F12,10,12,2.3121767290e+06
extra,"k: nu=1/2,mu=5",F13,10,12,1.1033390846e+03
extra,"k: nu=1/2,mu=5",F14,10,12,2.2004224402e+02
extra,"k: nu=1/2,mu=5",F15,10,12,1.6879834578e+03
extra,"k: nu=1,mu=10",F25,10,12,3.9964322024e+02
extra,"k: nu=1,mu=10",F26,10,12,3.0051238105e+02
extra,"k: nu=1,mu=10",F27,10,12,3.9727406757e+02
extra,"k: nu=1,mu=10",F28,10,12,4.5256849509e+02
extra,"k: nu=1,mu=10",F29,10,12,2.8349694029e+02
extra,"k: nu=1,mu=10",F30,10,12,1.7872191839e+05
extra,"k: nu=1/2,mu=5",F1,10,12,3.1814675905e+03
extra,"k: nu=1/2,mu=5",F3,10,12,1.7452534157e+02
extra,"k: nu=1/2,mu=5",F16,10,12,2.3928393380e+00
extra,"k: nu=1/2,mu=5",F17,10,12,1.9338035738e+01
extra,"k: nu=1/2,mu=5",F18,10,12,6.7680472599e+03
extra,"k: nu=1/2,mu=5",F19,10,12,1.7129100784e+03
extra,"k: nu=1/2,mu=20",F3,10,12,2.5561814867e+01
extra,"k: nu=1/2,mu=20",F4,10,12,4.6704601156e+00
extra,"k: nu=1/2,mu=20",F5,10,12,5.9803716752e+00
extra,"k: nu=1/2,mu=20",F6,10,12,1.6461674131e-01
extra,"k: nu=1/2,mu=5",F20,10,12,2.4550187608e+01
extra,"k: nu=1/2,mu=5",F21,10,12,1.0275882591e+02
extra,"k: nu=1/2,mu=5",F22,10,12,1.0082249668e+02
extra,"k: nu=1/2,mu=5",F23,10,12,3.0699353510e+02
extra,"k: nu=1/2,mu=20",F7,10,12,2.5335358946e+01
extra,"k: nu=1/2,mu=20",F8,10,12,1.3969897188e+01
extra,"k: nu=1/2,mu=20",F9,10,12,1.0030166349e+00
extra,"k: nu=1/2,mu=20",F10,10,12,1.0784355078e+03
extra,"k: nu=1/2,mu=5",F24,10,12,3.4302758132e+02
extra,"k: nu=1/2,mu=5",F25,10,12,3.9975445059e+02
extra,"k: nu=1/2,mu=5",F26,10,12,3.0018687232e+02
extra,"k: nu=1/2,mu=5",F27,10,12,3.8996619126e+02
extra,"k: nu=1/2,mu=5",F28,10,12,6.1182169557e+02
extra,"k: nu=1/2,mu=5",F29,10,12,2.5394972003e+02
extra,"k: nu=1/2,mu=5",F30,10,12,7.9726692407e+05
extra,"k: nu=1/2,mu=20",F1,10,12,7.7959470343e+03
extra,"k: nu=1/2,mu=20",F11,10,12,9.2740527190e+00
extra,"k: nu=1/2,mu=20",F12,10,12,3.1595617261e+06
extra,"k: nu=1/2,mu=20",F13,10,12,8.6841087629e+03
extra,"k: nu=1/2,mu=20",F14,10,12,4.2044581625e+02
extra,"k: nu=1/2,mu=20",F15,10,12,1.4670868331e+03
extra,"k: nu=1/2,mu=20",F16,10,12,1.4068620013e+02
extra,"k: nu=1/2,mu=20",F17,10,12,2.0476786478e+01
extra,"k: nu=1/2,mu=20",F18,10,12,7.8079822023e+03
extra,"k: nu=1/2,mu=20",F19,10,12,1.9967652686e+02
extra,"k: nu=1/2,mu=20",F20,10,12,4.7936913645e+00
extra,"k: nu=1/2,mu=20",F21,10,12,2.1785595346e+02
extra,"k: nu=1/2,mu=20",F22,10,12,1.0058234664e+02
extra,k=1 (plain OBL),F1,10,12,5.5829283261e+03
extra,k=1 (plain OBL),F3,10,12,7.1929224358e+02
extra,k=1 (plain OBL),F4,10,12,6.6594700765e+00
extra,k=1 (plain OBL),F5,10,12,4.9863262720e+00
extra,k=1 (plain OBL),F6,10,12,5.7769805442e-01
extra,k=1 (plain OBL),F7,10,12,1.6327152500e+01
extra,k=1 (plain OBL),F8,10,12,1.1203072128e+01
extra,k=1 (plain OBL),F9,10,12,2.5375590883e-04
extra,"k: nu=1/2,mu=20",F23,10,12,3.1071256355e+02
extra,"k: nu=1/2,mu=20",F24,10,12,3.4535258007e+02
extra,"k: nu=1/2,mu=20",F25,10,12,4.4412951257e+02
extra,"k: nu=1/2,mu=20",F26,10,12,3.5540668999e+02
extra,k=1 (plain OBL),F10,10,12,6.9763946200e+02
extra,k=1 (plain OBL),F11,10,12,7.0953155037e+00
extra,k=1 (plain OBL),F12,10,12,4.0477412865e+06
extra,k=1 (plain OBL),F13,10,12,2.3424540483e+04
extra,k=1 (plain OBL),F14,10,12,2.3147971064e+02
extra,k=1 (plain OBL),F15,10,12,1.4160866665e+02
extra,k=1 (plain OBL),F16,10,12,1.3662872588e+01
extra,k=1 (plain OBL),F17,10,12,4.0584729040e+01
extra,"k: nu=1/2,mu=20",F27,10,12,3.8957629545e+02
extra,"k: nu=1/2,mu=20",F28,10,12,3.7311918506e+02
extra,"k: nu=1/2,mu=20",F29,10,12,2.8981308146e+02
extra,"k: nu=1/2,mu=20",F30,10,12,7.5576284338e+05
extra,k=1 (plain OBL),F18,10,12,1.9869313385e+04
extra,k=1 (plain OBL),F19,10,12,1.3881993292e+02
extra,k=1 (plain OBL),F20,10,12,3.8737476314e+01
extra,k=1 (plain OBL),F21,10,12,2.0520109737e+02
extra,k=1 (plain OBL),F22,10,12,1.0343022658e+02
extra,k=1 (plain OBL),F23,10,12,3.2225008522e+02
extra,k=1 (plain OBL),F24,10,12,3.5081155047e+02
extra,k=1 (plain OBL),F25,10,12,3.9967504282e+02
extra,N=10,F5,10,13,1.1946867946e+01
extra,N=10,F6,10,13,3.6084870490e+00
extra,N=10,F7,10,13,4.6125167595e+01
extra,N=10,F8,10,13,1.8904703947e+01
extra,k=1 (plain OBL),F30,10,12,1.2026574764e+05
extra,N=10,F1,10,13,2.2724207683e+02
extra,N=10,F3,10,13,6.8107252215e+01
extra,N=10,F4,10,13,3.7750563136e+00
extra,k=1 (plain OBL),F26,10,12,3.0026674828e+02
extra,k=1 (plain OBL),F27,10,12,3.9607110090e+02
extra,k=1 (plain OBL),F28,10,12,4.2037662332e+02
extra,k=1 (plain OBL),F29,10,12,2.7269257124e+02
extra,N=10,F9,10,13,9.9818070822e-01
extra,N=10,F10,10,13,5.8452297278e+02
extra,N=10,F11,10,13,8.6694817044e+00
extra,N=10,F12,10,13,3.3695866954e+06
extra,N=10,F13,10,13,1.9551909706e+03
extra,N=10,F14,10,13,1.6618647324e+02
extra,N=10,F15,10,13,2.8116244421e+02
extra,N=10,F16,10,13,4.3447145677e+01
extra,N=10,F17,10,13,3.6193473561e+01
extra,N=10,F18,10,13,8.7956538095e+03
extra,N=10,F19,10,13,8.1805044034e+02
extra,N=10,F20,10,13,3.1624974907e+01
extra,N=20,F4,10,13,3.1665609696e+00
extra,N=20,F5,10,13,1.6414027455e+01
extra,N=20,F6,10,13,1.5629667914e-01
extra,N=20,F7,10,13,2.1545002369e+01
extra,N=10,F21,10,13,2.1271161507e+02
extra,N=10,F22,10,13,1.0410974323e+02
extra,N=10,F23,10,13,3.2239413526e+02
extra,N=10,F24,10,13,3.5016141815e+02
extra,N=20,F8,10,13,3.2010479464e+01
extra,N=20,F9,10,13,1.4518018162e+01
extra,N=20,F10,10,13,5.8141548167e+02
extra,N=20,F11,10,13,8.7874766136e+00
extra,N=20,F12,10,13,4.2405629787e+06
extra,N=20,F13,10,13,1.2185790907e+04
extra,N=20,F14,10,13,3.2126528488e+02
extra,N=20,F15,10,13,5.4840466748e+03
extra,N=10,F29,10,13,3.0277805724e+02
extra,N=10,F30,10,13,1.4066455842e+06
extra,N=20,F1,10,13,2.9586449081e+01
extra,N=20,F3,10,13,1.5475086687e+01
extra,N=10,F25,10,13,3.9950431246e+02
extra,N=10,F26,10,13,3.9301682647e+02
extra,N=10,F27,10,13,3.9879590224e+02
extra,N=10,F28,10,13,3.8156816533e+02
extra,N=20,F16,10,13,1.2426682905e+01
extra,N=20,F17,10,13,3.5141197481e+01
extra,N=20,F18,10,13,1.8355482476e+04
extra,N=20,F19,10,13,8.4220046402e+02
extra,N=50,F3,10,13,1.0938426247e+02
extra,N=50,F4,10,13,6.2122308332e+00
extra,N=50,F5,10,13,2.3086034510e+01
extra,N=50,F6,10,13,3.9987473866e-01
extra,N=50,F7,10,13,1.9537061143e+01
extra,N=50,F8,10,13,1.1945432756e+01
extra,N=50,F9,10,13,1.9926328120e-01
extra,N=50,F10,10,13,9.1742555664e+02
extra,N=20,F20,10,13,2.0859540914e+01
extra,N=20,F21,10,13,2.1408472206e+02
extra,N=20,F22,10,13,1.0110255052e+02
extra,N=20,F23,10,13,3.0699429523e+02
extra,N=50,F11,10,13,9.3232413933e+00
extra,N=50,F12,10,13,1.6763161695e+06
extra,N=50,F13,10,13,2.6511143862e+03
extra,N=50,F14,10,13,1.6989729943e+02
extra,N=50,F15,10,13,5.7401271150e+03
extra,N=50,F16,10,13,1.3172245594e+01
extra,N=50,F17,10,13,1.0745149968e+02
extra,N=50,F18,10,13,4.7604578234e+03
extra,N=50,F19,10,13,4.5085613638e+02
extra,N=50,F20,10,13,3.3024058369e+01
extra,N=50,F21,10,13,2.1404112700e+02
extra,N=50,F22,10,13,1.0131840845e+02
extra,N=20,F24,10,13,3.4308090922e+02
extra,N=20,F25,10,13,4.4453739520e+02
extra,N=20,F26,10,13,4.0514194221e+02
extra,N=20,F27,10,13,3.9450055952e+02
extra,N=100,F1,10,13,4.6266044337e+05
extra,N=100,F3,10,13,5.7406656814e+02
extra,N=100,F4,10,13,6.8885797255e+00
extra,N=100,F5,10,13,1.7169100631e+01
extra,N=20,F28,10,13,5.8376673260e+02
extra,N=20,F29,10,13,2.8338824391e+02
extra,N=20,F30,10,13,8.9145897923e+05
extra,N=50,F1,10,13,1.0016161777e+05
extra,N=100,F6,10,13,1.6978023234e+00
extra,N=100,F7,10,13,3.0160731154e+01
extra,N=100,F8,10,13,1.0080774183e+01
extra,N=100,F9,10,13,7.2724852966e-01
extra,N=50,F23,10,13,3.0941456764e+02
extra,N=50,F24,10,13,3.3898614464e+02
extra,N=50,F25,10,13,3.9965854416e+02
extra,N=50,F26,10,13,3.0138438623e+02
extra,N=100,F10,10,13,8.7607759881e+02
extra,N=100,F11,10,13,1.0554626342e+01
extra,N=100,F12,10,13,3.2310123674e+06
extra,N=100,F13,10,13,1.1778035566e+03
extra,N=100,F14,10,13,3.0293391138e+02
extra,N=100,F15,10,13,4.8067292897e+02
extra,N=100,F16,10,13,4.6176149541e+01
extra,N=100,F17,10,13,6.4544055414e+01
extra,N=100,F18,10,13,2.3011786355e+04
extra,N=100,F19,10,13,1.6502662714e+03
extra,N=100,F20,10,13,5.3647304048e+01
extra,N=100,F21,10,13,1.0595357539e+02
extra,N=100,F22,10,13,1.0204816863e+02
extra,N=100,F23,10,13,3.1390953594e+02
extra,N=100,F24,10,13,3.7017329774e+02
extra,N=100,F25,10,13,4.4874127193e+02
extra,N=100,F30,10,13,1.0453091707e+06
extra,beta=1.1,F1,10,13,3.5451658001e+03
extra,beta=1.1,F3,10,13,1.6721453902e+01
extra,beta=1.1,F4,10,13,7.0319639534e+00
extra,N=50,F27,10,13,3.9407164414e+02
extra,N=50,F28,10,13,3.7896942376e+02
extra,N=50,F29,10,13,2.8016402483e+02
extra,N=50,F30,10,13,3.5560099304e+03
extra,N=100,F26,10,13,3.3005434166e+02
extra,N=100,F27,10,13,3.9370047932e+02
extra,N=100,F28,10,13,5.8424277673e+02
extra,N=100,F29,10,13,4.6445538752e+02
extra,beta=1.1,F5,10,13,1.2997444414e+01
extra,beta=1.1,F6,10,13,2.7585683117e-01
extra,beta=1.1,F7,10,13,2.1055149720e+01
extra,beta=1.1,F8,10,13,1.2936329172e+01
extra,beta=1.1,F9,10,13,3.7143037940e-03
extra,beta=1.1,F10,10,13,7.7319875296e+02
extra,beta=1.1,F11,10,13,1.3967208137e+01
extra,beta=1.1,F12,10,13,1.3008921114e+05
extra,beta=1.1,F13,10,13,4.2871632386e+03
extra,beta=1.1,F14,10,13,1.8147231176e+02
extra,beta=1.1,F15,10,13,2.7219098159e+03
extra,beta=1.1,F16,10,13,8.3735659164e+00
extra,beta=1.1,F17,10,13,2.8993234448e+01
extra,beta=1.1,F18,10,13,5.1628033138e+03
extra,beta=1.1,F19,10,13,4.3631177145e+02
extra,beta=1.1,F20,10,13,2.3315753981e+01
extra,beta=1.1,F21,10,13,2.0896750858e+02
extra,beta=1.1,F22,10,13,1.0081955090e+02
extra,beta=1.1,F23,10,13,3.1408538850e+02
extra,beta=1.1,F24,10,13,3.3725325762e+02
extra,beta=1.3,F4,10,13,6.4424498841e+00
extra,beta=1.3,F5,10,13,2.7891167989e+01
extra,beta=1.3,F6,10,13,2.4306226787e-01
extra,beta=1.3,F7,10,13,2.4711283008e+01
extra,beta=1.3,F8,10,13,1.8947990588e+01
extra,beta=1.3,F9,10,13,5.9843440062e-02
extra,beta=1.3,F10,10,13,3.0689618496e+02
extra,beta=1.3,F11,10,13,7.3921201710e+00
extra,beta=1.3,F12,10,13,7.0567771315e+05
extra,beta=1.3,F13,10,13,9.7173790981e+03
extra,beta=1.3,F14,10,13,2.7437865463e+02
extra,beta=1.3,F15,10,13,4.6197653643e+02
extra,beta=1.1,F25,10,13,4.4714274715e+02
extra,beta=1.1,F26,10,13,4.0119035039e+02
extra,beta=1.1,F27,10,13,3.9067739423e+02
extra,beta=1.1,F28,10,13,6.1182169215e+02
extra,beta=1.1,F29,10,13,2.6050860816e+02
extra,beta=1.1,F30,10,13,5.1514786370e+04
extra,beta=1.3,F1,10,13,3.0127287209e+04
extra,beta=1.3,F3,10,13,3.0083653796e+02
extra,beta=1.3,F16,10,13,1.4758213809e+02
extra,beta=1.3,F17,10,13,2.3175438549e+01
extra,beta=1.3,F18,10,13,1.9909525349e+04
extra,beta=1.3,F19,10,13,4.8091773949e+02
extra,beta=1.5,F3,10,13,1.8000500601e+02
extra,beta=1.5,F4,10,13,6.3341543740e+00
extra,beta=1.5,F5,10,13,1.0882642715e+01
extra,beta=1.5,F6,10,13,1.9383805656e-01
extra,beta=1.3,F20,10,13,2.8034594094e+01
extra,beta=1.3,F21,10,13,2.1436171868e+02
extra,beta=1.3,F22,10,13,1.0067943664e+02
extra,beta=1.3,F23,10,13,3.2203263577e+02
extra,beta=1.5,F7,10,13,2.2068946911e+01
extra,beta=1.5,F8,10,13,9.9539885258e+00
extra,beta=1.5,F9,10,13,2.5579227664e-03
extra,beta=1.5,F10,10,13,8.7501311892e+02
extra,beta=1.3,F24,10,13,1.0458388721e+02
extra,beta=1.3,F25,10,13,4.4729736515e+02
extra,beta=1.3,F26,10,13,3.4716151745e+02
extra,beta=1.3,F27,10,13,3.9215688230e+02
extra,beta=1.5,F11,10,13,6.4527623015e+00
extra,beta=1.5,F12,10,13,1.0839610792e+06
extra,beta=1.5,F13,10,13,4.0316504834e+03
extra,beta=1.5,F14,10,13,5.4114953004e+02
extra,beta=1.3,F28,10,13,4.8193034940e+02
extra,beta=1.3,F29,10,13,3.1765856948e+02
extra,beta=1.3,F30,10,13,2.9271078745e+05
extra,beta=1.5,F1,10,13,1.5854961124e+03
extra,beta=1.5,F15,10,13,3.4645304209e+03
extra,beta=1.5,F16,10,13,4.1299877340e+01
extra,beta=1.5,F17,10,13,2.4026465659e+01
extra,beta=1.5,F18,10,13,2.9027150543e+03
extra,beta=1.9,F1,10,13,1.4501382028e+03
extra,beta=1.9,F3,10,13,8.2626157630e+02
extra,beta=1.9,F4,10,13,6.6325384044e+00
extra,beta=1.9,F5,10,13,1.2940043995e+01
extra,beta=1.5,F19,10,13,4.3152775632e+02
extra,beta=1.5,F20,10,13,4.1384997932e+01
extra,beta=1.5,F21,10,13,2.1443090503e+02
extra,beta=1.5,F22,10,13,1.0153074296e+02
extra,beta=1.9,F6,10,13,2.7102696656e-01
extra,beta=1.9,F7,10,13,1.8324797480e+01
extra,beta=1.9,F8,10,13,4.9748930918e+00
extra,beta=1.9,F9,10,13,3.0720452138e-03
extra,beta=1.5,F23,10,13,3.1825298583e+02
extra,beta=1.5,F24,10,13,3.4417784895e+02
extra,beta=1.5,F25,10,13,3.9952290723e+02
extra,beta=1.5,F26,10,13,3.0005200778e+02
extra,beta=1.9,F10,10,13,8.1337700019e+02
extra,beta=1.9,F11,10,13,3.6874837273e+00
extra,beta=1.9,F12,10,13,3.9936225507e+06
extra,beta=1.9,F13,10,13,1.5019879743e+03
extra,beta=1.9,F14,10,13,2.9428457879e+02
extra,beta=1.9,F15,10,13,2.8330845466e+03
extra,beta=1.9,F16,10,13,1.2803627235e+02
extra,beta=1.9,F17,10,13,3.8234797343e+01
extra,beta=1.5,F27,10,13,3.8955676345e+02
extra,beta=1.5,F28,10,13,4.5819199116e+02
extra,beta=1.5,F29,10,13,2.6093091353e+02
extra,beta=1.5,F30,10,13,2.4191456280e+05
extra,beta=1.9,F18,10,13,8.5576055461e+02
extra,beta=1.9,F19,10,13,8.0297864043e+02
extra,beta=1.9,F20,10,13,5.2226955964e+01
extra,beta=1.9,F21,10,13,2.1244570943e+02
extra,"stage=T/3,2T/3",F5,10,13,1.1243114093e+01
extra,"stage=T/3,2T/3",F6,10,13,2.0195553209e+00
extra,"stage=T/3,2T/3",F7,10,13,2.9917995348e+01
extra,"stage=T/3,2T/3",F8,10,13,2.3898543081e+01
extra,beta=1.9,F22,10,13,1.0027918612e+02
extra,beta=1.9,F23,10,13,3.0339355859e+02
extra,beta=1.9,F24,10,13,1.0221977625e+02
extra,beta=1.9,F25,10,13,4.0339250098e+02
extra,beta=1.9,F30,10,13,7.1823957867e+05
extra,"stage=T/3,2T/3",F1,10,13,4.6784337114e+03
extra,"stage=T/3,2T/3",F3,10,13,1.4518234589e+03
extra,"stage=T/3,2T/3",F4,10,13,6.3050704050e+00
extra,"stage=T/3,2T/3",F9,10,13,2.6316472348e-02
extra,"stage=T/3,2T/3",F10,10,13,1.0493486858e+03
extra,"stage=T/3,2T/3",F11,10,13,5.4727326798e+00
extra,"stage=T/3,2T/3",F12,10,13,1.8339910109e+05
extra,"stage=T/3,2T/3",F13,10,13,1.1124647430e+04
extra,"stage=T/3,2T/3",F14,10,13,2.0516309249e+02
extra,"stage=T/3,2T/3",F15,10,13,3.6341146115e+03
extra,"stage=T/3,2T/3",F16,10,13,1.2322177755e+01
extra,beta=1.9,F26,10,13,3.4715040793e+02
extra,beta=1.9,F27,10,13,3.9547013904e+02
extra,beta=1.9,F28,10,13,3.7543787808e+02
extra,beta=1.9,F29,10,13,2.9446776509e+02
extra,"stage=T/3,2T/3",F17,10,13,4.0384121634e+01
extra,"stage=T/3,2T/3",F18,10,13,1.7174991794e+03
extra,"stage=T/3,2T/3",F19,10,13,3.4821746000e+02
extra,"stage=T/3,2T/3",F20,10,13,3.4307086313e+01
extra,"stage=T/4,3T/4",F4,10,13,7.0123661989e+00
extra,"stage=T/4,3T/4",F5,10,13,1.4592113070e+01
extra,"stage=T/4,3T/4",F6,10,13,7.7956974061e-01
extra,"stage=T/4,3T/4",F7,10,13,1.8262906221e+01
extra,"stage=T/3,2T/3",F21,10,13,2.0395809277e+02
extra,"stage=T/3,2T/3",F22,10,13,1.0161268978e+02
extra,"stage=T/3,2T/3",F23,10,13,3.0888314201e+02
extra,"stage=T/3,2T/3",F24,10,13,1.0412707913e+02
extra,"stage=T/4,3T/4",F8,10,13,6.9649828619e+00
extra,"stage=T/4,3T/4",F9,10,13,4.4232717073e-04
extra,"stage=T/4,3T/4",F10,10,13,6.1620290692e+02
extra,"stage=T/4,3T/4",F11,10,13,4.7123877849e+00
extra,"stage=T/4,3T/4",F12,10,13,8.2747029532e+05
extra,"stage=T/4,3T/4",F13,10,13,3.1069772805e+04
extra,"stage=T/4,3T/4",F14,10,13,4.8644781726e+02
extra,"stage=T/4,3T/4",F15,10,13,5.2480740180e+03
extra,"stage=T/3,2T/3",F29,10,13,2.5726022992e+02
extra,"stage=T/3,2T/3",F30,10,13,1.6962867651e+06
extra,"stage=T/4,3T/4",F1,10,13,9.5130738209e+02
extra,"stage=T/4,3T/4",F3,10,13,3.5634684974e+01
extra,"stage=T/3,2T/3",F25,10,13,4.4635176487e+02
extra,"stage=T/3,2T/3",F26,10,13,3.0011722322e+02
extra,"stage=T/3,2T/3",F27,10,13,3.9463020715e+02
extra,"stage=T/3,2T/3",F28,10,13,4.1056868840e+02
extra,"stage=T/4,3T/4",F16,10,13,2.7045701579e+00
extra,"stage=T/4,3T/4",F17,10,13,3.0807936478e+01
extra,"stage=T/4,3T/4",F18,10,13,7.3963231226e+02
extra,"stage=T/4,3T/4",F19,10,13,9.3024140723e+03
extra,"stage=T/2,3T/4",F3,10,13,1.1208137342e+02
extra,"stage=T/2,3T/4",F4,10,13,2.9457425267e+00
extra,"stage=T/2,3T/4",F5,10,13,5.9798862925e+00
extra,"stage=T/2,3T/4",F6,10,13,1.3964823549e+00
extra,"stage=T/4,3T/4",F20,10,13,1.5476801274e+01
extra,"stage=T/4,3T/4",F21,10,13,2.1271516115e+02
extra,"stage=T/4,3T/4",F22,10,13,1.0097916381e+02
extra,"stage=T/4,3T/4",F23,10,13,3.1615801240e+02
extra,"stage=T/2,3T/4",F7,10,13,3.0874820886e+01
extra,"stage=T/2,3T/4",F8,10,13,1.9902090186e+01
extra,"stage=T/2,3T/4",F9,10,13,1.7461213057e-01
extra,"stage=T/2,3T/4",F10,10,13,1.1986870150e+03
extra,"stage=T/4,3T/4",F24,10,13,3.2964160282e+02
extra,"stage=T/4,3T/4",F25,10,13,4.4482495251e+02
extra,"stage=T/4,3T/4",F26,10,13,3.0001604689e+02
extra,"stage=T/4,3T/4",F27,10,13,3.9598560547e+02
extra,"stage=T/2,3T/4",F11,10,13,5.1277675444e+00
extra,"stage=T/2,3T/4",F12,10,13,4.3342457081e+06
extra,"stage=T/2,3T/4",F13,10,13,9.5246187619e+03
extra,"stage=T/2,3T/4",F14,10,13,2.1573763931e+02
extra,"stage=T/4,3T/4",F28,10,13,6.1182166796e+02
extra,"stage=T/4,3T/4",F29,10,13,3.0282412369e+02
extra,"stage=T/4,3T/4",F30,10,13,8.0249597319e+05
extra,"stage=T/2,3T/4",F1,10,13,5.7405468162e+04
extra,"stage=T/2,3T/4",F15,10,13,3.8600768729e+03
extra,"stage=T/2,3T/4",F16,10,13,4.1227233906e+01
extra,"stage=T/2,3T/4",F17,10,13,3.1345595966e+01
extra,"stage=T/2,3T/4",F18,10,13,1.0519742420e+03
extra,"stage=T/5,4T/5",F1,10,13,1.2113710912e+03
extra,"stage=T/5,4T/5",F3,10,13,6.7416979564e+02
extra,"stage=T/5,4T/5",F4,10,13,5.5574268843e+00
extra,"stage=T/5,4T/5",F5,10,13,1.5848667546e+01
extra,"stage=T/2,3T/4",F19,10,13,7.9983400975e+02
extra,"stage=T/2,3T/4",F20,10,13,2.7978319732e+01
extra,"stage=T/2,3T/4",F21,10,13,1.0626090799e+02
extra,"stage=T/2,3T/4",F22,10,13,1.0162229158e+02
extra,"stage=T/5,4T/5",F6,10,13,1.4648553512e-02
extra,"stage=T/5,4T/5",F7,10,13,3.8138582422e+01
extra,"stage=T/5,4T/5",F8,10,13,1.5932104532e+01
extra,"stage=T/5,4T/5",F9,10,13,2.7905579884e-04
extra,"stage=T/5,4T/5",F10,10,13,3.1679527157e+02
extra,"stage=T/5,4T/5",F11,10,13,5.7042563432e+00
extra,"stage=T/5,4T/5",F12,10,13,1.8297044180e+05
extra,"stage=T/5,4T/5",F13,10,13,9.1479700107e+02
extra,"stage=T/2,3T/4",F23,10,13,3.1750087821e+02
extra,"stage=T/2,3T/4",F24,10,13,1.0715567213e+02
extra,"stage=T/2,3T/4",F25,10,13,3.9962392031e+02
extra,"stage=T/2,3T/4",F26,10,13,3.0030857357e+02
extra,"stage=T/5,4T/5",F14,10,13,2.1581813026e+02
extra,"stage=T/5,4T/5",F15,10,13,3.4912480482e+03
extra,"stage=T/5,4T/5",F16,10,13,3.8550041053e+01
extra,"stage=T/5,4T/5",F17,10,13,4.0630062224e+01
extra,"stage=T/2,3T/4",F27,10,13,3.8911214006e+02
extra,"stage=T/2,3T/4",F28,10,13,3.7991646100e+02
extra,"stage=T/2,3T/4",F29,10,13,2.7110762387e+02
extra,"stage=T/2,3T/4",F30,10,13,2.2236426310e+06
extra,"stage=T/5,4T/5",F18,10,13,1.7982961300e+04
extra,"stage=T/5,4T/5",F19,10,13,8.9521323000e+01
extra,"stage=T/5,4T/5",F20,10,13,2.3559334563e+00
extra,"stage=T/5,4T/5",F21,10,13,1.0436137787e+02
extra,"k: nu=1/2,mu=10",F5,10,13,1.3245454668e+01
extra,"k: nu=1/2,mu=10",F6,10,13,9.4455603882e-01
extra,"k: nu=1/2,mu=10",F7,10,13,3.7335916758e+01
extra,"k: nu=1/2,mu=10",F8,10,13,1.3140357245e+01
extra,"stage=T/5,4T/5",F22,10,13,1.0220889845e+02
extra,"stage=T/5,4T/5",F23,10,13,3.0782212108e+02
extra,"stage=T/5,4T/5",F24,10,13,1.0097583278e+02
extra,"stage=T/5,4T/5",F25,10,13,4.4819217842e+02
extra,"stage=T/5,4T/5",F30,10,13,1.7658785887e+06
extra,"k: nu=1/2,mu=10",F1,10,13,1.4061285997e+05
extra,"k: nu=1/2,mu=10",F3,10,13,1.3842113676e+02
extra,"k: nu=1/2,mu=10",F4,10,13,5.2654714837e+00
extra,"k: nu=1/2,mu=10",F9,10,13,4.6701040768e-01
extra,"k: nu=1/2,mu=10",F10,10,13,1.4456441101e+02
extra,"k: nu=1/2,mu=10",F11,10,13,2.7668353141e+00
extra,"k: nu=1/2,mu=10",F12,10,13,4.1639337138e+04
extra,"k: nu=1/2,mu=10",F13,10,13,1.2943185371e+04
extra,"k: nu=1/2,mu=10",F14,10,13,1.9821078414e+02
extra,"k: nu=1/2,mu=10",F15,10,13,1.3501321917e+03
extra,"k: nu=1/2,mu=10",F16,10,13,3.9939525365e+01
extra,"k: nu=1/2,mu=10",F17,10,13,4.8695197339e+01
extra,"k: nu=1/2,mu=10",F18,10,13,1.0520626276e+03
extra,"k: nu=1/2,mu=10",F19,10,13,7.2742950234e+02
extra,"k: nu=1/2,mu=10",F20,10,13,2.5090913610e+01
extra,"stage=T/5,4T/5",F26,10,13,3.9578433947e+02
extra,"stage=T/5,4T/5",F27,10,13,3.9700196400e+02
extra,"stage=T/5,4T/5",F28,10,13,3.7984290952e+02
extra,"stage=T/5,4T/5",F29,10,13,2.6359850923e+02
extra,"k: nu=1,mu=10",F4,10,13,7.6586531251e+00
extra,"k: nu=1,mu=10",F5,10,13,9.9715414079e+00
extra,"k: nu=1,mu=10",F6,10,13,5.1248590985e-01
extra,"k: nu=1,mu=10",F7,10,13,2.3759313412e+01
extra,"k: nu=1/2,mu=10",F21,10,13,2.1632203059e+02
extra,"k: nu=1/2,mu=10",F22,10,13,1.0173859780e+02
extra,"k: nu=1/2,mu=10",F23,10,13,3.2744097129e+02
extra,"k: nu=1/2,mu=10",F24,10,13,1.0108744061e+02
extra,"k: nu=1,mu=10",F8,10,13,1.5001416825e+01
extra,"k: nu=1,mu=10",F9,10,13,3.3299593179e-04
extra,"k: nu=1,mu=10",F10,10,13,7.8598365057e+02
extra,"k: nu=1,mu=10",F11,10,13,6.0666909157e+00
extra,"k: nu=1/2,mu=10",F25,10,13,3.9907120243e+02
extra,"k: nu=1/2,mu=10",F26,10,13,3.0011011578e+02
extra,"k: nu=1/2,mu=10",F27,10,13,3.9397469511e+02
extra,"k: nu=1/2,mu=10",F28,10,13,3.6992921855e+02
extra,"k: nu=1,mu=10",F12,10,13,2.5682046968e+06
extra,"k: nu=1,mu=10",F13,10,13,8.7950897868e+02
extra,"k: nu=1,mu=10",F14,10,13,2.3499252335e+02
extra,"k: nu=1,mu=10",F15,10,13,8.3479021219e+02
extra,"k: nu=1/2,mu=10",F29,10,13,3.0353079318e+02
extra,"k: nu=1/2,mu=10",F30,10,13,7.2443657571e+05
extra,"k: nu=1,mu=10",F1,10,13,1.0126041729e+04
extra,"k: nu=1,mu=10",F3,10,13,2.6616582225e+01
extra,"k: nu=1,mu=10",F16,10,13,1.8747248547e+00
extra,"k: nu=1,mu=10",F17,10,13,4.2537735211e+01
extra,"k: nu=1,mu=10",F18,10,13,1.7457731134e+04
extra,"k: nu=1,mu=10",F19,10,13,7.8088031008e+01
extra,"k: nu=1,mu=10",F20,10,13,3.0003276452e+01
extra,"k: nu=1,mu=10",F21,10,13,2.1702059339e+02
extra,"k: nu=1,mu=10",F22,10,13,1.0196002291e+02
extra,"k: nu=1,mu=10",F23,10,13,3.0960201805e+02
extra,"k: nu=1/2,mu=5",F3,10,13,9.7237020402e+00
extra,"k: nu=1/2,mu=5",F4,10,13,5.6889574984e+00
extra,"k: nu=1/2,mu=5",F5,10,13,1.0951094157e+01
extra,"k: nu=1/2,mu=5",F6,10,13,6.3420619417e-01
extra,"k: nu=1/2,mu=5",F7,10,13,2.6897886192e+01
extra,"k: nu=1/2,mu=5",F8,10,13,1.4928958907e+01
extra,"k: nu=1/2,mu=5",F9,10,13,1.3557933946e-02
extra,"k: nu=1/2,mu=5",F10,10,13,8.5680914992e+02
extra,"k: nu=1,mu=10",F24,10,13,3.4241374741e+02
extra,"k: nu=1,mu=10",F25,10,13,4.0413696845e+02
extra,"k: nu=1,mu=10",F26,10,13,3.4439764095e+01
extra,"k: nu=1,mu=10",F27,10,13,3.8994091843e+02
extra,"k: nu=1/2,mu=5",F11,10,13,8.7974639705e+00
extra,"k: nu=1/2,mu=5",F12,10,13,2.6169021629e+06
extra,"k: nu=1/2,mu=5",F13,10,13,1.7804113709e+04
extra,"k: nu=1/2,mu=5",F14,10,13,1.6012471418e+02
extra,"k: nu=1,mu=10",F28,10,13,4.1728421288e+02
extra,"k: nu=1,mu=10",F29,10,13,2.3720162105e+02
extra,"k: nu=1,mu=10",F30,10,13,2.3466781218e+05
extra,"k: nu=1/2,mu=5",F1,10,13,2.9286107065e+04
extra,"k: nu=1/2,mu=5",F15,10,13,2.0515829193e+04
extra,"k: nu=1/2,mu=5",F16,10,13,1.2396046141e+02
extra,"k: nu=1/2,mu=5",F17,10,13,7.0458514477e+01
extra,"k: nu=1/2,mu=5",F18,10,13,1.4569370384e+04
extra,"k: nu=1/2,mu=20",F1,10,13,1.9997487985e+04
extra,"k: nu=1/2,mu=20",F3,10,13,6.2529294453e+01
extra,"k: nu=1/2,mu=20",F4,10,13,7.0273702043e+00
extra,"k: nu=1/2,mu=20",F5,10,13,1.4030723634e+01
extra,"k: nu=1/2,mu=5",F19,10,13,7.8174201954e+02
extra,"k: nu=1/2,mu=5",F20,10,13,4.9451984000e+01
extra,"k: nu=1/2,mu=5",F21,10,13,2.1264940561e+02
extra,"k: nu=1/2,mu=5",F22,10,13,1.0253664914e+02
extra,"k: nu=1/2,mu=20",F6,10,13,4.7010199436e-01
extra,"k: nu=1/2,mu=20",F7,10,13,3.4133587680e+01
extra,"k: nu=1/2,mu=20",F8,10,13,2.6868568672e+01
extra,"k: nu=1/2,mu=20",F9,10,13,5.0976016367e-02
extra,"k: nu=1/2,mu=5",F23,10,13,3.1427750155e+02
extra,"k: nu=1/2,mu=5",F24,10,13,1.0346545412e+02
extra,"k: nu=1/2,mu=5",F25,10,13,4.0050733973e+02
extra,"k: nu=1/2,mu=5",F26,10,13,3.0008372372e+02
extra,"k: nu=1/2,mu=20",F10,10,13,7.2916309128e+02
extra,"k: nu=1/2,mu=20",F11,10,13,7.0807569284e+00
extra,"k: nu=1/2,mu=20",F12,10,13,1.3440306321e+04
extra,"k: nu=1/2,mu=20",F13,10,13,1.5795965203e+03
extra,"k: nu=1/2,mu=5",F27,10,13,3.8995948010e+02
extra,"k: nu=1/2,mu=5",F28,10,13,4.1598661774e+02
extra,"k: nu=1/2,mu=5",F29,10,13,2.7690681523e+02
extra,"k: nu=1/2,mu=5",F30,10,13,9.5094792128e+04
extra,"k: nu=1/2,mu=20",F14,10,13,1.6849019479e+02
extra,"k: nu=1/2,mu=20",F15,10,13,1.7402306825e+03
extra,"k: nu=1/2,mu=20",F16,10,13,1.3217399754e+02
extra,"k: nu=1/2,mu=20",F17,10,13,4.2753985854e+01
extra,"k: nu=1/2,mu=20",F18,10,13,1.3775171036e+04
extra,"k: nu=1/2,mu=20",F19,10,13,3.8313508852e+02
extra,"k: nu=1/2,mu=20",F20,10,13,2.4941288453e+01
extra,"k: nu=1/2,mu=20",F21,10,13,1.0384381552e+02
extra,"k: nu=1/2,mu=20",F22,10,13,1.0066505728e+02
extra,"k: nu=1/2,mu=20",F23,10,13,3.0986586971e+02
extra,"k: nu=1/2,mu=20",F24,10,13,1.0068724699e+02
extra,"k: nu=1/2,mu=20",F25,10,13,3.9800577185e+02
extra,"k: nu=1/2,mu=20",F30,10,13,8.0649380024e+05
extra,k=1 (plain OBL),F1,10,13,1.2854871415e+04
extra,k=1 (plain OBL),F3,10,13,1.5090688375e+02
extra,k=1 (plain OBL),F4,10,13,7.1281395567e+00
extra,k=1 (plain OBL),F9,10,13,2.2350930706e-03
extra,k=1 (plain OBL),F10,10,13,3.3123625390e+02
extra,k=1 (plain OBL),F11,10,13,3.8417654812e+00
extra,k=1 (plain OBL),F12,10,13,1.5509937001e+06
extra,k=1 (plain OBL),F5,10,13,7.9768381094e+00
extra,k=1 (plain OBL),F6,10,13,4.3164604795e-01
extra,k=1 (plain OBL),F7,10,13,1.9903884621e+01
extra,k=1 (plain OBL),F8,10,13,4.9788936482e+00
extra,k=1 (plain OBL),F13,10,13,3.0000950424e+03
extra,k=1 (plain OBL),F14,10,13,2.0360516400e+02
extra,k=1 (plain OBL),F15,10,13,1.3559908310e+03
extra,k=1 (plain OBL),F16,10,13,4.0755809626e+01
extra,k=1 (plain OBL),F21,10,13,2.1110716347e+02
extra,k=1 (plain OBL),F22,10,13,1.0072313790e+02
extra,k=1 (plain OBL),F23,10,13,3.0745918773e+02
extra,k=1 (plain OBL),F24,10,13,3.3812058363e+02
extra,"k: nu=1/2,mu=20",F26,10,13,2.6335313805e+00
extra,"k: nu=1/2,mu=20",F27,10,13,3.9450106735e+02
extra,"k: nu=1/2,mu=20",F28,10,13,6.1182168055e+02
extra,"k: nu=1/2,mu=20",F29,10,13,2.6507759707e+02
extra,k=1 (plain OBL),F17,10,13,5.3466358127e+01
extra,k=1 (plain OBL),F18,10,13,1.1453001520e+04
extra,k=1 (plain OBL),F19,10,13,2.5514368857e+02
extra,k=1 (plain OBL),F20,10,13,2.6397289192e+01
extra,k=1 (plain OBL),F25,10,13,4.4423611507e+02
extra,k=1 (plain OBL),F26,10,13,3.0010796073e+02
extra,k=1 (plain OBL),F27,10,13,3.9759201305e+02
extra,k=1 (plain OBL),F28,10,13,3.7724957577e+02
extra,k=1 (plain OBL),F29,10,13,2.5395244451e+02
extra,k=1 (plain OBL),F30,10,13,8.7369934225e+05
extra,N=10,F1,10,14,3.5175121649e+02
extra,N=10,F3,10,14,3.3802752355e+01
extra,N=10,F4,10,14,7.5329297062e+00
extra,N=10,F5,10,14,1.4797073662e+01
extra,N=10,F6,10,14,8.2901024502e+00
extra,N=10,F7,10,14,2.3705962966e+01
extra,N=10,F8,10,14,9.9496726127e+00
extra,N=10,F9,10,14,3.7067108697e-01
extra,N=10,F10,10,14,6.8826202876e+02
extra,N=10,F11,10,14,1.2725622530e+01
extra,N=10,F12,10,14,1.0642908187e+05
extra,N=10,F13,10,14,1.9232339056e+04
extra,N=10,F14,10,14,6.8909115429e+01
extra,N=10,F15,10,14,8.0889044321e+02
extra,N=10,F16,10,14,1.8222735180e+00
extra,N=10,F17,10,14,2.4496500217e+01
extra,N=10,F18,10,14,9.3109002825e+02
extra,N=10,F19,10,14,1.0068686027e+03
extra,N=10,F20,10,14,3.1696679783e+01
extra,N=10,F21,10,14,1.0201483263e+02
extra,N=10,F22,10,14,1.0429753073e+02
extra,N=10,F23,10,14,3.1873334478e+02
extra,N=20,F3,10,14,4.3598786628e+01
extra,N=20,F4,10,14,6.8777457325e+00
extra,N=20,F5,10,14,8.9752158750e+00
extra,N=20,F6,10,14,5.2258832866e-01
extra,N=20,F7,10,14,2.2324289860e+01
extra,N=20,F8,10,14,1.2045848720e+01
extra,N=20,F9,10,14,5.1627470870e-03
extra,N=20,F10,10,14,5.0060794949e+02
extra,N=10,F24,10,14,3.4707384152e+02
extra,N=10,F25,10,14,4.0036747235e+02
extra,N=10,F26,10,14,3.0000758700e+02
extra,N=10,F27,10,14,3.9504925045e+02
extra,N=20,F11,10,14,7.6584633974e+00
extra,N=20,F12,10,14,3.1430314942e+06
extra,N=20,F13,10,14,9.0226276950e+03
extra,N=20,F14,10,14,2.5657865677e+02
extra,N=20,F15,10,14,3.1352180807e+03
extra,N=20,F16,10,14,7.4948966908e+00
extra,N=20,F17,10,14,3.9345461087e+01
extra,N=20,F18,10,14,4.8772014705e+03
extra,N=10,F28,10,14,4.6541120263e+02
extra,N=10,F29,10,14,2.4746109677e+02
extra,N=10,F30,10,14,5.2744025384e+04
extra,N=20,F1,10,14,4.1174750639e+03
extra,N=50,F1,10,14,7.3853703561e+04
extra,N=50,F3,10,14,2.7566581630e+02
extra,N=50,F4,10,14,6.3323306123e+00
extra,N=50,F5,10,14,1.3502011115e+01
extra,N=50,F6,10,14,2.9808471160e-01
extra,N=50,F7,10,14,2.5536613769e+01
extra,N=50,F8,10,14,1.2002029149e+01
extra,N=50,F9,10,14,3.5976990569e-01
extra,N=50,F10,10,14,9.6943156934e+02
extra,N=50,F11,10,14,1.1106893731e+01
extra,N=50,F12,10,14,2.9907257134e+05
extra,N=50,F13,10,14,2.2082256175e+04
extra,N=20,F19,10,14,1.8271946553e+01
extra,N=20,F20,10,14,2.7781150424e+01
extra,N=20,F21,10,14,2.0755027275e+02
extra,N=20,F22,10,14,1.0200460028e+02
extra,N=50,F14,10,14,2.2175387480e+02
extra,N=50,F15,10,14,3.1777093261e+03
extra,N=50,F16,10,14,1.6498987842e+01
extra,N=50,F17,10,14,4.5727435639e+01
extra,N=20,F23,10,14,3.0860942265e+02
extra,N=20,F24,10,14,3.3863706758e+02
extra,N=20,F25,10,14,3.9975466859e+02
extra,N=20,F26,10,14,3.0001902092e+02
extra,N=50,F18,10,14,2.3347031063e+04
extra,N=50,F19,10,14,6.8192775441e+02
extra,N=50,F20,10,14,2.4466534899e+01
extra,N=50,F21,10,14,2.2204144198e+02
extra,N=50,F30,10,14,1.0636918855e+06
extra,N=100,F1,10,14,1.0312197234e+06
extra,N=100,F3,10,14,4.4569457614e+02
extra,N=100,F4,10,14,3.0086110371e+00
extra,N=100,F5,10,14,1.3430810656e+01
extra,N=100,F6,10,14,1.7134981903e+00
extra,N=100,F7,10,14,2.3325444847e+01
extra,N=100,F8,10,14,5.0156301533e+00
extra,N=20,F27,10,14,3.8954480661e+02
extra,N=20,F28,10,14,5.8374832926e+02
extra,N=20,F29,10,14,2.7243376144e+02
extra,N=20,F30,10,14,2.4898130947e+05
extra,N=100,F9,10,14,1.4727173369e-01
extra,N=100,F10,10,14,7.9650716066e+02
extra,N=100,F11,10,14,1.1808424703e+01
extra,N=100,F12,10,14,3.4661846380e+05
extra,N=100,F13,10,14,1.6665374382e+03
extra,N=100,F14,10,14,2.7769691595e+02
extra,N=100,F15,10,14,1.2523567831e+03
extra,N=100,F16,10,14,5.0808271106e+00
extra,N=50,F22,10,14,1.8091702160e+01
extra,N=50,F23,10,14,3.1585256640e+02
extra,N=50,F24,10,14,3.4465120385e+02
extra,N=50,F25,10,14,4.4590322548e+02
extra,N=100,F17,10,14,4.0308747371e+01
extra,N=100,F18,10,14,3.7273166689e+04
extra,N=100,F19,10,14,2.6182281282e+02
extra,N=100,F20,10,14,2.5674072816e+01
extra,N=50,F26,10,14,3.4717075229e+02
extra,N=50,F27,10,14,3.9269630774e+02
extra,N=50,F28,10,14,4.0910326386e+02
extra,N=50,F29,10,14,2.7457066637e+02
extra,N=100,F21,10,14,1.0502082457e+02
extra,N=100,F22,10,14,1.0314725832e+02
extra,N=100,F23,10,14,3.1260800840e+02
extra,N=100,F24,10,14,1.1022803486e+02
extra,N=100,F25,10,14,4.0219396337e+02
extra,N=100,F26,10,14,3.0108811406e+02
extra,N=100,F27,10,14,3.8986110684e+02
extra,N=100,F28,10,14,6.1198221620e+02
extra,beta=1.1,F4,10,14,6.7476288840e+00
extra,beta=1.1,F5,10,14,1.5186204567e+01
extra,beta=1.1,F6,10,14,5.3400218292e-01
extra,beta=1.1,F7,10,14,2.6880076794e+01
extra,N=100,F29,10,14,3.5254969993e+02
extra,N=100,F30,10,14,1.3320942853e+06
extra,beta=1.1,F1,10,14,1.8029746715e+04
extra,beta=1.1,F3,10,14,6.5489819645e+00
extra,beta=1.1,F8,10,14,1.5936377752e+01
extra,beta=1.1,F9,10,14,2.7806912886e-02
extra,beta=1.1,F10,10,14,6.5241725057e+02
extra,beta=1.1,F11,10,14,2.3892468702e+01
extra,beta=1.1,F12,10,14,3.7344473010e+06
extra,beta=1.1,F13,10,14,1.2481745144e+03
extra,beta=1.1,F14,10,14,3.8130162461e+02
extra,beta=1.1,F15,10,14,5.6395654274e+02
extra,beta=1.1,F16,10,14,2.9334349519e+00
extra,beta=1.1,F17,10,14,3.2628840340e+01
extra,beta=1.1,F18,10,14,9.5513476372e+03
extra,beta=1.1,F19,10,14,3.0073684160e+02
extra,beta=1.1,F20,10,14,4.0974626549e+01
extra,beta=1.1,F21,10,14,1.0735878965e+02
extra,beta=1.1,F22,10,14,1.0152250874e+02
extra,beta=1.1,F23,10,14,3.0758154471e+02
extra,beta=1.3,F3,10,14,2.3325014779e+01
extra,beta=1.3,F4,10,14,6.6305969141e+00
extra,beta=1.3,F5,10,14,1.1034230449e+01
extra,beta=1.3,F6,10,14,1.5868317065e+00
extra,beta=1.3,F7,10,14,2.3745773471e+01
extra,beta=1.3,F8,10,14,7.9753892008e+00
extra,beta=1.3,F9,10,14,4.8410842696e-03
extra,beta=1.3,F10,10,14,8.9954057855e+02
extra,beta=1.3,F11,10,14,5.3104422689e+00
extra,beta=1.3,F12,10,14,8.4365270765e+05
extra,beta=1.3,F13,10,14,1.4881665043e+04
extra,beta=1.3,F14,10,14,4.8392013706e+02
extra,beta=1.1,F24,10,14,1.0097434282e+02
extra,beta=1.1,F25,10,14,3.9961062229e+02
extra,beta=1.1,F26,10,14,3.0018270571e+02
extra,beta=1.1,F27,10,14,3.8955280199e+02
extra,beta=1.3,F15,10,14,2.6391327514e+03
extra,beta=1.3,F16,10,14,1.2236226576e+02
extra,beta=1.3,F17,10,14,5.2351137315e+01
extra,beta=1.3,F18,10,14,6.0698570174e+03
extra,beta=1.1,F28,10,14,3.9657727163e+02
extra,beta=1.1,F29,10,14,2.7120075992e+02
extra,beta=1.1,F30,10,14,1.4897352518e+06
extra,beta=1.3,F1,10,14,1.0929548258e+05
extra,beta=1.5,F1,10,14,3.3008269923e+03
extra,beta=1.5,F3,10,14,2.7329888624e+02
extra,beta=1.5,F4,10,14,6.1170252643e+00
extra,beta=1.5,F5,10,14,1.2937367630e+01
extra,beta=1.3,F19,10,14,2.2734328816e+02
extra,beta=1.3,F20,10,14,3.6648051864e+01
extra,beta=1.3,F21,10,14,1.0384502811e+02
extra,beta=1.3,F22,10,14,1.0231679519e+02
extra,beta=1.5,F6,10,14,1.8965388946e+00
extra,beta=1.5,F7,10,14,2.0332382239e+01
extra,beta=1.5,F8,10,14,6.9714924054e+00
extra,beta=1.5,F9,10,14,4.4058297410e-03
extra,beta=1.3,F23,10,14,3.2722798805e+02
extra,beta=1.3,F24,10,14,1.0231356532e+02
extra,beta=1.3,F25,10,14,4.4513756205e+02
extra,beta=1.3,F26,10,14,3.0042340846e+02
extra,beta=1.5,F10,10,14,1.1252446936e+03
extra,beta=1.5,F11,10,14,3.9476007902e+00
extra,beta=1.5,F12,10,14,1.6137070100e+06
extra,beta=1.5,F13,10,14,7.1818643018e+03
extra,beta=1.5,F14,10,14,2.1341590407e+02
extra,beta=1.5,F15,10,14,2.8750168640e+03
extra,beta=1.5,F16,10,14,1.7564111723e+01
extra,beta=1.5,F17,10,14,4.3545377723e+01
extra,beta=1.3,F27,10,14,3.9527714675e+02
extra,beta=1.3,F28,10,14,3.0077911595e+02
extra,beta=1.3,F29,10,14,2.7191745733e+02
extra,beta=1.3,F30,10,14,1.6506904186e+04
extra,beta=1.5,F18,10,14,3.3389459981e+03
extra,beta=1.5,F19,10,14,9.3905533182e+02
extra,beta=1.5,F20,10,14,4.0641820366e+01
extra,beta=1.5,F21,10,14,2.1257291521e+02
extra,beta=1.9,F5,10,14,1.1954854229e+01
extra,beta=1.9,F6,10,14,2.5548561025e+00
extra,beta=1.9,F7,10,14,2.4187444286e+01
extra,beta=1.9,F8,10,14,2.5888408998e+01
extra,beta=1.5,F22,10,14,1.0159867335e+02
extra,beta=1.5,F23,10,14,3.1790956056e+02
extra,beta=1.5,F24,10,14,3.4436057744e+02
extra,beta=1.5,F25,10,14,4.4416452789e+02
extra,beta=1.5,F30,10,14,2.9363287381e+05
extra,beta=1.9,F1,10,14,2.5470528440e+03
extra,beta=1.9,F3,10,14,2.8978451682e+02
extra,beta=1.9,F4,10,14,6.7965781564e+00
extra,beta=1.9,F9,10,14,2.1416330487e-01
extra,beta=1.9,F10,10,14,7.1052229274e+02
extra,beta=1.9,F11,10,14,4.3137808694e+00
extra,beta=1.9,F12,10,14,3.9851624764e+06
extra,beta=1.9,F13,10,14,8.0271815250e+03
extra,beta=1.9,F14,10,14,5.7763870344e+02
extra,beta=1.9,F15,10,14,1.0960608278e+03
extra,beta=1.9,F16,10,14,3.7748736571e+00
extra,beta=1.5,F26,10,14,3.0004903309e+02
extra,beta=1.5,F27,10,14,3.9060288348e+02
extra,beta=1.5,F28,10,14,4.1678734017e+02
extra,beta=1.5,F29,10,14,2.7229287931e+02
extra,beta=1.9,F17,10,14,5.0642595601e+01
extra,beta=1.9,F18,10,14,1.0251061726e+04
extra,beta=1.9,F19,10,14,3.9790929387e+01
extra,beta=1.9,F20,10,14,2.8696084387e+01
extra,"stage=T/3,2T/3",F4,10,14,6.2710578596e+00
extra,"stage=T/3,2T/3",F5,10,14,5.0432291767e+00
extra,"stage=T/3,2T/3",F6,10,14,1.2640365162e-01
extra,"stage=T/3,2T/3",F7,10,14,2.4427914232e+01
extra,beta=1.9,F21,10,14,1.0565896031e+02
extra,beta=1.9,F22,10,14,1.0121713034e+02
extra,beta=1.9,F23,10,14,3.1550986737e+02
extra,beta=1.9,F24,10,14,3.3838730801e+02
extra,"stage=T/3,2T/3",F8,10,14,1.3931044789e+01
extra,"stage=T/3,2T/3",F9,10,14,3.3937513347e-02
extra,"stage=T/3,2T/3",F10,10,14,3.7593038653e+02
extra,"stage=T/3,2T/3",F11,10,14,9.3712506765e+00
extra,"stage=T/3,2T/3",F12,10,14,1.0190484682e+05
extra,"stage=T/3,2T/3",F13,10,14,5.4352068278e+03
extra,"stage=T/3,2T/3",F14,10,14,2.4913170302e+02
extra,"stage=T/3,2T/3",F15,10,14,7.3117806924e+03
extra,beta=1.9,F25,10,14,3.9893890956e+02
extra,beta=1.9,F26,10,14,3.0004623161e+02
extra,beta=1.9,F27,10,14,3.9163954757e+02
extra,beta=1.9,F28,10,14,4.1639101239e+02
extra,beta=1.9,F29,10,14,3.2132198524e+02
extra,beta=1.9,F30,10,14,1.8111157746e+06
extra,"stage=T/3,2T/3",F1,10,14,1.6342277788e+03
extra,"stage=T/3,2T/3",F3,10,14,5.0089454662e+02
extra,"stage=T/3,2T/3",F16,10,14,2.4403314189e+00
extra,"stage=T/3,2T/3",F17,10,14,4.6033613753e+01
extra,"stage=T/3,2T/3",F18,10,14,2.2747106994e+03
extra,"stage=T/3,2T/3",F19,10,14,3.5930431748e+02
extra,"stage=T/4,3T/4",F3,10,14,1.3538737971e+02
extra,"stage=T/4,3T/4",F4,10,14,6.4017282116e+00
extra,"stage=T/4,3T/4",F5,10,14,1.5942239151e+01
extra,"stage=T/4,3T/4",F6,10,14,1.0984100030e-01
extra,"stage=T/3,2T/3",F20,10,14,2.7550653464e+01
extra,"stage=T/3,2T/3",F21,10,14,2.0865342511e+02
extra,"stage=T/3,2T/3",F22,10,14,1.0145633596e+02
extra,"stage=T/3,2T/3",F23,10,14,3.2030372995e+02
extra,"stage=T/4,3T/4",F7,10,14,2.8275581684e+01
extra,"stage=T/4,3T/4",F8,10,14,8.9610016398e+00
extra,"stage=T/4,3T/4",F9,10,14,4.2280655805e-04
extra,"stage=T/4,3T/4",F10,10,14,5.0387793936e+02
extra,"stage=T/3,2T/3",F24,10,14,3.6053008971e+02
extra,"stage=T/3,2T/3",F25,10,14,3.9963342295e+02
extra,"stage=T/3,2T/3",F26,10,14,3.0016201881e+02
extra,"stage=T/3,2T/3",F27,10,14,3.9411027738e+02
extra,"stage=T/3,2T/3",F28,10,14,3.0029577837e+02
extra,"stage=T/3,2T/3",F29,10,14,2.3743184622e+02
extra,"stage=T/3,2T/3",F30,10,14,1.9056647692e+05
extra,"stage=T/4,3T/4",F1,10,14,7.9183896839e+02
extra,"stage=T/4,3T/4",F11,10,14,4.7261413865e+00
extra,"stage=T/4,3T/4",F12,10,14,1.7720049763e+04
extra,"stage=T/4,3T/4",F13,10,14,1.7546113815e+04
extra,"stage=T/4,3T/4",F14,10,14,1.1159637271e+02
extra,"stage=T/4,3T/4",F15,10,14,7.3837450570e+02
extra,"stage=T/4,3T/4",F16,10,14,1.3342094457e+02
extra,"stage=T/4,3T/4",F17,10,14,4.1996747968e+01
extra,"stage=T/4,3T/4",F18,10,14,8.9231885994e+02
extra,"stage=T/2,3T/4",F1,10,14,5.2719809226e+04
extra,"stage=T/2,3T/4",F3,10,14,6.4917615586e+02
extra,"stage=T/2,3T/4",F4,10,14,4.5930420918e+00
extra,"stage=T/2,3T/4",F5,10,14,1.1045126738e+01
extra,"stage=T/4,3T/4",F19,10,14,8.9495464643e+02
extra,"stage=T/4,3T/4",F20,10,14,2.6797128353e+01
extra,"stage=T/4,3T/4",F21,10,14,1.0312092733e+02
extra,"stage=T/4,3T/4",F22,10,14,1.0044217078e+02
extra,"stage=T/2,3T/4",F6,10,14,1.0591277576e+00
extra,"stage=T/2,3T/4",F7,10,14,2.3230286259e+01
extra,"stage=T/2,3T/4",F8,10,14,2.3922795991e+01
extra,"stage=T/2,3T/4",F9,10,14,3.1045423748e-03
extra,"stage=T/4,3T/4",F23,10,14,3.1740586381e+02
extra,"stage=T/4,3T/4",F24,10,14,3.3479147585e+02
extra,"stage=T/4,3T/4",F25,10,14,4.4683085939e+02
extra,"stage=T/4,3T/4",F26,10,14,3.2160000076e+02
extra,"stage=T/2,3T/4",F10,10,14,8.3743074759e+02
extra,"stage=T/2,3T/4",F11,10,14,8.0625149232e+00
extra,"stage=T/2,3T/4",F12,10,14,2.9476936513e+06
extra,"stage=T/2,3T/4",F13,10,14,4.4347260140e+03
extra,"stage=T/2,3T/4",F14,10,14,2.3945182446e+02
extra,"stage=T/2,3T/4",F15,10,14,2.2592071477e+03
extra,"stage=T/2,3T/4",F16,10,14,4.1912606328e+01
extra,"stage=T/2,3T/4",F17,10,14,4.3356747891e+01
extra,"stage=T/4,3T/4",F27,10,14,3.9155280247e+02
extra,"stage=T/4,3T/4",F28,10,14,3.8394573075e+02
extra,"stage=T/4,3T/4",F29,10,14,2.8033669050e+02
extra,"stage=T/4,3T/4",F30,10,14,1.0497015116e+06
extra,"stage=T/2,3T/4",F18,10,14,1.3478513427e+04
extra,"stage=T/2,3T/4",F19,10,14,2.1790249032e+03
extra,"stage=T/2,3T/4",F20,10,14,2.9533055873e+01
extra,"stage=T/2,3T/4",F21,10,14,1.0190900092e+02
extra,"stage=T/5,4T/5",F5,10,14,9.2541928950e+00
extra,"stage=T/5,4T/5",F6,10,14,7.0071571643e-01
extra,"stage=T/5,4T/5",F7,10,14,2.8935319754e+01
extra,"stage=T/5,4T/5",F8,10,14,6.9652889008e+00
extra,"stage=T/2,3T/4",F22,10,14,1.0187780697e+02
extra,"stage=T/2,3T/4",F23,10,14,3.0983426578e+02
extra,"stage=T/2,3T/4",F24,10,14,3.5026778562e+02
extra,"stage=T/2,3T/4",F25,10,14,3.9825881120e+02
extra,"stage=T/2,3T/4",F30,10,14,3.2804379372e+05
extra,"stage=T/5,4T/5",F1,10,14,4.2770330372e+03
extra,"stage=T/5,4T/5",F3,10,14,4.8506150322e+02
extra,"stage=T/5,4T/5",F4,10,14,4.7845134285e+00
extra,"stage=T/5,4T/5",F9,10,14,2.1852784118e-04
extra,"stage=T/5,4T/5",F10,10,14,8.4812447304e+02
extra,"stage=T/5,4T/5",F11,10,14,8.5064679309e+00
extra,"stage=T/5,4T/5",F12,10,14,1.0917357151e+06
extra,"stage=T/5,4T/5",F13,10,14,3.1994634784e+03
extra,"stage=T/5,4T/5",F14,10,14,6.2581917199e+02
extra,"stage=T/5,4T/5",F15,10,14,5.3611138413e+02
extra,"stage=T/5,4T/5",F16,10,14,1.6186694442e+01
extra,"stage=T/5,4T/5",F17,10,14,6.0932937201e+01
extra,"stage=T/5,4T/5",F18,10,14,9.3633528965e+03
extra,"stage=T/5,4T/5",F19,10,14,1.0309775900e+03
extra,"stage=T/5,4T/5",F20,10,14,2.5613933169e+01
extra,"stage=T/2,3T/4",F26,10,14,3.0015975134e+02
extra,"stage=T/2,3T/4",F27,10,14,3.8963617290e+02
extra,"stage=T/2,3T/4",F28,10,14,3.7667510623e+02
extra,"stage=T/2,3T/4",F29,10,14,2.5498879433e+02
extra,"k: nu=1/2,mu=10",F4,10,14,7.1798966537e+00
extra,"k: nu=1/2,mu=10",F5,10,14,7.9941735895e+00
extra,"k: nu=1/2,mu=10",F6,10,14,8.3058765721e-01
extra,"k: nu=1/2,mu=10",F7,10,14,1.9593520766e+01
extra,"stage=T/5,4T/5",F21,10,14,2.1418666896e+02
extra,"stage=T/5,4T/5",F22,10,14,1.0045470224e+02
extra,"stage=T/5,4T/5",F23,10,14,3.2975327746e+02
extra,"stage=T/5,4T/5",F24,10,14,3.4018532533e+02
extra,"k: nu=1/2,mu=10",F8,10,14,1.7941626245e+01
extra,"k: nu=1/2,mu=10",F9,10,14,4.6038010686e-01
extra,"k: nu=1/2,mu=10",F10,10,14,5.7945353396e+02
extra,"k: nu=1/2,mu=10",F11,10,14,6.6543789187e+00
extra,"k: nu=1/2,mu=10",F12,10,14,3.5601390759e+05
extra,"k: nu=1/2,mu=10",F13,10,14,8.0449914464e+03
extra,"k: nu=1/2,mu=10",F14,10,14,1.4801432343e+02
extra,"k: nu=1/2,mu=10",F15,10,14,2.5893974982e+02
extra,"stage=T/5,4T/5",F25,10,14,4.4696691440e+02
extra,"stage=T/5,4T/5",F26,10,14,3.0005911764e+02
extra,"stage=T/5,4T/5",F27,10,14,3.9598481452e+02
extra,"stage=T/5,4T/5",F28,10,14,6.1182166616e+02
extra,"stage=T/5,4T/5",F29,10,14,2.5383565683e+02
extra,"stage=T/5,4T/5",F30,10,14,4.7725538649e+05
extra,"k: nu=1/2,mu=10",F1,10,14,3.4893513045e+03
extra,"k: nu=1/2,mu=10",F3,10,14,1.0025010095e+02
extra,"k: nu=1/2,mu=10",F16,10,14,2.6001475171e+00
extra,"k: nu=1/2,mu=10",F17,10,14,5.4422013806e+01
extra,"k: nu=1/2,mu=10",F18,10,14,6.0416663323e+03
extra,"k: nu=1/2,mu=10",F19,10,14,8.6741164691e+02
extra,"k: nu=1,mu=10",F3,10,14,7.4460056280e+01
extra,"k: nu=1,mu=10",F4,10,14,7.0848303382e+00
extra,"k: nu=1,mu=10",F5,10,14,5.0428380038e+00
extra,"k: nu=1,mu=10",F6,10,14,1.4048051777e-01
extra,"k: nu=1/2,mu=10",F20,10,14,3.1952599440e+01
extra,"k: nu=1/2,mu=10",F21,10,14,1.0554114955e+02
extra,"k: nu=1/2,mu=10",F22,10,14,1.0176353818e+02
extra,"k: nu=1/2,mu=10",F23,10,14,3.1830287413e+02
extra,"k: nu=1,mu=10",F7,10,14,2.2584431048e+01
extra,"k: nu=1,mu=10",F8,10,14,9.0168596449e+00
extra,"k: nu=1,mu=10",F9,10,14,3.3545556460e-03
extra,"k: nu=1,mu=10",F10,10,14,5.7809754802e+02
extra,"k: nu=1/2,mu=10",F24,10,14,3.4553657328e+02
extra,"k: nu=1/2,mu=10",F25,10,14,4.0295791427e+02
extra,"k: nu=1/2,mu=10",F26,10,14,3.0025005451e+02
extra,"k: nu=1/2,mu=10",F27,10,14,3.9133874026e+02
extra,"k: nu=1,mu=10",F11,10,14,2.3190829065e+00
extra,"k: nu=1,mu=10",F12,10,14,6.5198208465e+04
extra,"k: nu=1,mu=10",F13,10,14,5.8094790491e+03
extra,"k: nu=1,mu=10",F14,10,14,9.9244997871e+01
extra,"k: nu=1/2,mu=10",F28,10,14,3.6822407095e+02
extra,"k: nu=1/2,mu=10",F29,10,14,3.0503303888e+02
extra,"k: nu=1/2,mu=10",F30,10,14,2.0991096168e+05
extra,"k: nu=1,mu=10",F1,10,14,5.8638362260e+03
extra,"k: nu=1,mu=10",F15,10,14,5.0576360385e+03
extra,"k: nu=1,mu=10",F16,10,14,1.3214509532e+01
extra,"k: nu=1,mu=10",F17,10,14,5.9611939401e+01
extra,"k: nu=1,mu=10",F18,10,14,3.3025797383e+04
extra,"k: nu=1,mu=10",F19,10,14,1.8253293611e+03
extra,"k: nu=1,mu=10",F20,10,14,3.9927193250e+01
extra,"k: nu=1,mu=10",F21,10,14,1.0566121474e+02
extra,"k: nu=1,mu=10",F22,10,14,1.0260149475e+02
extra,"k: nu=1/2,mu=5",F1,10,14,4.7452674375e+03
extra,"k: nu=1/2,mu=5",F3,10,14,3.3169705913e+02
extra,"k: nu=1/2,mu=5",F4,10,14,2.8686077238e+00
extra,"k: nu=1/2,mu=5",F5,10,14,4.2021301122e+00
extra,"k: nu=1/2,mu=5",F6,10,14,8.4636556378e-02
extra,"k: nu=1/2,mu=5",F7,10,14,1.7217630516e+01
extra,"k: nu=1/2,mu=5",F8,10,14,1.2951614332e+01
extra,"k: nu=1/2,mu=5",F9,10,14,5.4048417579e-03
extra,"k: nu=1,mu=10",F23,10,14,3.1914179257e+02
extra,"k: nu=1,mu=10",F24,10,14,3.4725370947e+02
extra,"k: nu=1,mu=10",F25,10,14,3.9992831108e+02
extra,"k: nu=1,mu=10",F26,10,14,3.0013351466e+02
extra,"k: nu=1/2,mu=5",F10,10,14,5.5000048101e+02
extra,"k: nu=1/2,mu=5",F11,10,14,6.7423963440e+00
extra,"k: nu=1/2,mu=5",F12,10,14,1.6574706259e+06
extra,"k: nu=1/2,mu=5",F13,10,14,3.6779937991e+03
extra,"k: nu=1,mu=10",F27,10,14,3.9399571524e+02
extra,"k: nu=1,mu=10",F28,10,14,4.1763895821e+02
extra,"k: nu=1,mu=10",F29,10,14,2.4850228268e+02
extra,"k: nu=1,mu=10",F30,10,14,7.7537415763e+04
extra,"k: nu=1/2,mu=5",F14,10,14,1.9292877446e+02
extra,"k: nu=1/2,mu=5",F15,10,14,6.3463121938e+03
extra,"k: nu=1/2,mu=5",F16,10,14,3.9529673368e+01
extra,"k: nu=1/2,mu=5",F17,10,14,4.7020494971e+01
extra,"k: nu=1/2,mu=5",F18,10,14,1.2386467953e+04
extra,"k: nu=1/2,mu=5",F19,10,14,7.3521534009e+02
extra,"k: nu=1/2,mu=5",F20,10,14,3.7957259798e+01
extra,"k: nu=1/2,mu=5",F21,10,14,1.0484256235e+02
extra,"k: nu=1/2,mu=20",F5,10,14,7.9694476984e+00
extra,"k: nu=1/2,mu=20",F6,10,14,6.6644622502e-01
extra,"k: nu=1/2,mu=20",F7,10,14,2.5922049037e+01
extra,"k: nu=1/2,mu=20",F8,10,14,2.3891581919e+01
extra,"k: nu=1/2,mu=5",F22,10,14,1.0113577040e+02
extra,"k: nu=1/2,mu=5",F23,10,14,3.2083613158e+02
extra,"k: nu=1/2,mu=5",F24,10,14,3.5313368848e+02
extra,"k: nu=1/2,mu=5",F25,10,14,4.4386906185e+02
extra,"k: nu=1/2,mu=5",F30,10,14,7.2368788254e+05
extra,"k: nu=1/2,mu=20",F1,10,14,3.6969000099e+03
extra,"k: nu=1/2,mu=20",F3,10,14,1.0881883498e+02
extra,"k: nu=1/2,mu=20",F4,10,14,7.4962559443e+00
extra,"k: nu=1/2,mu=20",F9,10,14,6.8275354365e-03
extra,"k: nu=1/2,mu=20",F10,10,14,4.6312725341e+02
extra,"k: nu=1/2,mu=20",F11,10,14,7.8725378635e+00
extra,"k: nu=1/2,mu=20",F12,10,14,4.7902094794e+05
extra,"k: nu=1/2,mu=20",F13,10,14,1.3979131428e+04
extra,"k: nu=1/2,mu=20",F14,10,14,1.3351748735e+02
extra,"k: nu=1/2,mu=20",F15,10,14,7.4262433832e+02
extra,"k: nu=1/2,mu=20",F16,10,14,5.2082802555e+00
extra,"k: nu=1/2,mu=20",F17,10,14,4.2524839350e+01
extra,"k: nu=1/2,mu=20",F18,10,14,2.4861921177e+03
extra,"k: nu=1/2,mu=20",F19,10,14,5.5152728211e+02
extra,"k: nu=1/2,mu=20",F20,10,14,2.3486651314e+01
extra,"k: nu=1/2,mu=5",F26,10,14,3.0031396152e+02
extra,"k: nu=1/2,mu=5",F27,10,14,3.8977229672e+02
extra,"k: nu=1/2,mu=5",F28,10,14,5.8373715067e+02
extra,"k: nu=1/2,mu=5",F29,10,14,2.4927320577e+02
extra,k=1 (plain OBL),F4,10,14,6.7215845281e+00
extra,k=1 (plain OBL),F5,10,14,6.0002922625e+00
extra,k=1 (plain OBL),F6,10,14,1.0818947555e+00
extra,k=1 (plain OBL),F7,10,14,3.8399837492e+01
extra,"k: nu=1/2,mu=20",F21,10,14,1.0577629959e+02
extra,"k: nu=1/2,mu=20",F22,10,14,1.0093897008e+02
extra,"k: nu=1/2,mu=20",F23,10,14,3.1705581857e+02
extra,"k: nu=1/2,mu=20",F24,10,14,3.5065413201e+02
extra,k=1 (plain OBL),F8,10,14,1.6066504756e+01
extra,k=1 (plain OBL),F9,10,14,3.0143604137e-03
extra,k=1 (plain OBL),F10,10,14,4.1545748611e+02
extra,k=1 (plain OBL),F11,10,14,8.4268260742e+00
extra,k=1 (plain OBL),F12,10,14,1.9613485378e+06
extra,k=1 (plain OBL),F13,10,14,9.7806631231e+03
extra,k=1 (plain OBL),F14,10,14,2.5915557026e+02
extra,k=1 (plain OBL),F15,10,14,4.7399321345e+02
extra,"k: nu=1/2,mu=20",F29,10,14,3.1999650171e+02
extra,"k: nu=1/2,mu=20",F30,10,14,7.3510241039e+05
extra,k=1 (plain OBL),F1,10,14,7.3169664916e+03
extra,k=1 (plain OBL),F3,10,14,9.0197400908e+01
extra,"k: nu=1/2,mu=20",F25,10,14,3.9968993799e+02
extra,"k: nu=1/2,mu=20",F26,10,14,3.0009225424e+02
extra,"k: nu=1/2,mu=20",F27,10,14,3.9540973204e+02
extra,"k: nu=1/2,mu=20",F28,10,14,4.1862253794e+02
extra,k=1 (plain OBL),F16,10,14,1.2946400855e+01
extra,k=1 (plain OBL),F17,10,14,2.5660637444e+01
extra,k=1 (plain OBL),F18,10,14,4.4016211145e+03
extra,k=1 (plain OBL),F19,10,14,1.7196665340e+02
extra,k=1 (plain OBL),F20,10,14,2.2544727893e+01
extra,k=1 (plain OBL),F21,10,14,2.0682591669e+02
extra,k=1 (plain OBL),F22,10,14,1.0019343172e+02
extra,k=1 (plain OBL),F23,10,14,3.0769615834e+02
extra,N=10,F3,10,15,3.1035919056e+01
extra,N=10,F4,10,15,8.6852998071e-01
extra,N=10,F5,10,15,7.9879290387e+00
extra,N=10,F6,10,15,2.7351329858e+00
extra,k=1 (plain OBL),F24,10,14,3.3535434535e+02
extra,k=1 (plain OBL),F25,10,14,3.9905693377e+02
extra,k=1 (plain OBL),F26,10,14,3.3285326515e+02
extra,k=1 (plain OBL),F27,10,14,3.9208125018e+02
extra,k=1 (plain OBL),F28,10,14,3.5876290975e+02
extra,k=1 (plain OBL),F29,10,14,2.8381605653e+02
extra,k=1 (plain OBL),F30,10,14,6.9568834760e+05
extra,N=10,F1,10,15,3.0930343623e+03
extra,N=10,F7,10,15,4.5721957389e+01
extra,N=10,F8,10,15,9.1290446212e+00
extra,N=10,F9,10,15,9.1364134450e-02
extra,N=10,F10,10,15,7.0254473464e+02
extra,N=10,F11,10,15,5.6870640574e+00
extra,N=10,F12,10,15,3.5121287730e+06
extra,N=10,F13,10,15,7.1792625508e+03
extra,N=10,F14,10,15,1.5497555532e+02
extra,N=10,F15,10,15,2.2402993099e+03
extra,N=10,F16,10,15,1.4450053139e+01
extra,N=10,F17,10,15,3.1149386212e+01
extra,N=10,F18,10,15,1.8896818726e+03
extra,N=20,F1,10,15,2.4811250140e+03
extra,N=20,F3,10,15,1.1061590507e+02
extra,N=20,F4,10,15,7.0781301146e+00
extra,N=20,F5,10,15,1.4597511949e+01
extra,N=10,F19,10,15,2.1246749345e+03
extra,N=10,F20,10,15,4.0851513669e+01
extra,N=10,F21,10,15,2.0999831187e+02
extra,N=10,F22,10,15,1.0109706371e+02
extra,N=20,F6,10,15,3.9819433043e-02
extra,N=20,F7,10,15,3.5949673594e+01
extra,N=20,F8,10,15,1.2994592331e+01
extra,N=20,F9,10,15,3.1237600863e-03
extra,N=10,F23,10,15,3.1162441927e+02
extra,N=10,F24,10,15,3.4771494182e+02
extra,N=10,F25,10,15,4.4854488560e+02
extra,N=10,F26,10,15,4.4848661248e+02
extra,N=20,F10,10,15,3.6220406358e+02
extra,N=20,F11,10,15,9.9047667027e+00
extra,N=20,F12,10,15,1.9655656362e+06
extra,N=20,F13,10,15,4.6285620680e+03
extra,N=20,F14,10,15,1.2794803147e+02
extra,N=20,F15,10,15,2.4743261265e+03
extra,N=20,F16,10,15,4.9028835303e+00
extra,N=20,F17,10,15,1.3113885834e+01
extra,N=20,F18,10,15,1.4640918266e+04
extra,N=20,F19,10,15,6.7412847796e+02
extra,N=20,F20,10,15,2.2818338808e+01
extra,N=20,F21,10,15,2.0864380115e+02
extra,N=20,F22,10,15,1.0147195388e+02
extra,N=20,F23,10,15,3.1804533348e+02
extra,N=20,F24,10,15,3.4279545042e+02
extra,N=20,F25,10,15,4.4666577934e+02
extra,N=50,F5,10,15,1.0898716964e+01
extra,N=50,F6,10,15,9.7651609023e-01
extra,N=50,F7,10,15,2.1237591015e+01
extra,N=50,F8,10,15,6.0061907160e+00
extra,N=20,F30,10,15,3.0422563780e+05
extra,N=50,F1,10,15,2.2272750474e+05
extra,N=50,F3,10,15,6.2718965441e+01
extra,N=50,F4,10,15,5.8547242857e+00
extra,N=50,F9,10,15,6.4450284734e-02
extra,N=50,F10,10,15,9.0175580424e+02
extra,N=50,F11,10,15,6.7044151415e+00
extra,N=50,F12,10,15,1.8124332030e+06
extra,N=50,F13,10,15,5.4784889710e+03
extra,N=50,F14,10,15,7.0791536865e+02
extra,N=50,F15,10,15,2.7908815484e+03
extra,N=50,F16,10,15,3.9542739564e+01
extra,N=50,F17,10,15,3.8551827795e+01
extra,N=50,F18,10,15,5.6585211508e+03
extra,N=50,F19,10,15,1.5720888463e+03
extra,N=50,F20,10,15,3.4995456838e+01
extra,N=10,F27,10,15,4.0324838742e+02
extra,N=10,F28,10,15,6.1182166593e+02
extra,N=10,F29,10,15,3.0220082718e+02
extra,N=10,F30,10,15,8.9242809191e+04
extra,N=20,F26,10,15,3.5815593939e+02
extra,N=20,F27,10,15,3.9402529330e+02
extra,N=20,F28,10,15,5.8373844412e+02
extra,N=20,F29,10,15,2.5918726661e+02
extra,N=50,F21,10,15,2.0663955491e+02
extra,N=50,F22,10,15,1.0269721946e+02
extra,N=50,F23,10,15,3.1040549282e+02
extra,N=50,F24,10,15,3.5048291072e+02
extra,N=100,F4,10,15,7.6738179177e+00
extra,N=100,F5,10,15,6.7527094666e+00
extra,N=100,F6,10,15,3.3911871629e+00
extra,N=100,F7,10,15,2.2723696753e+01
extra,N=100,F8,10,15,1.6142365144e+01
extra,N=100,F9,10,15,1.1537450074e+00
extra,N=100,F10,10,15,5.8024371355e+02
extra,N=100,F11,10,15,2.0092497662e+01
extra,N=100,F12,10,15,1.4355563392e+06
extra,N=100,F13,10,15,1.3156716381e+03
extra,N=100,F14,10,15,7.4649379088e+02
extra,N=100,F15,10,15,1.1070102034e+03
extra,N=100,F16,10,15,6.2820814212e+01
extra,N=100,F17,10,15,2.4958717184e+01
extra,N=100,F18,10,15,5.3647721472e+04
extra,N=100,F19,10,15,9.8806585592e+02
extra,N=50,F29,10,15,2.9614615218e+02
extra,N=50,F30,10,15,7.8142610290e+04
extra,N=100,F1,10,15,1.4638733573e+06
extra,N=100,F3,10,15,1.1284073531e+02
extra,N=50,F25,10,15,4.4523539612e+02
extra,N=50,F26,10,15,3.4719346128e+02
extra,N=50,F27,10,15,3.9260881189e+02
extra,N=50,F28,10,15,4.7335561672e+02
extra,N=100,F20,10,15,2.3455867154e+01
extra,N=100,F21,10,15,2.1269295340e+02
extra,N=100,F22,10,15,1.0277157431e+02
extra,N=100,F23,10,15,3.3621529757e+02
extra,beta=1.1,F3,10,15,4.1876879138e+02
extra,beta=1.1,F4,10,15,5.0627698973e+00
extra,beta=1.1,F5,10,15,5.0217643321e+00
extra,beta=1.1,F6,10,15,2.2611941958e-01
extra,N=100,F24,10,15,3.4876716102e+02
extra,N=100,F25,10,15,4.4654869643e+02
extra,N=100,F26,10,15,3.1357142461e+02
extra,N=100,F27,10,15,3.9791556279e+02
extra,beta=1.1,F7,10,15,2.3323579254e+01
extra,beta=1.1,F8,10,15,1.4012779155e+01
extra,beta=1.1,F9,10,15,2.0328736544e-02
extra,beta=1.1,F10,10,15,9.5981465602e+02
extra,N=100,F28,10,15,4.1619891940e+02
extra,N=100,F29,10,15,3.0614944244e+02
extra,N=100,F30,10,15,6.8549633081e+04
extra,beta=1.1,F1,10,15,1.0699468654e+05
extra,beta=1.1,F11,10,15,2.8873118275e+00
extra,beta=1.1,F12,10,15,3.0141985228e+04
extra,beta=1.1,F13,10,15,1.1182574863e+03
extra,beta=1.1,F14,10,15,2.0293865968e+02
extra,beta=1.1,F15,10,15,4.9979191588e+03
extra,beta=1.1,F16,10,15,1.7316448599e+02
extra,beta=1.1,F17,10,15,4.2891211112e+01
extra,beta=1.1,F18,10,15,4.8969458024e+03
extra,beta=1.3,F1,10,15,8.8977530720e+04
extra,beta=1.3,F3,10,15,1.7019226466e+01
extra,beta=1.3,F4,10,15,4.6331409399e+00
extra,beta=1.3,F5,10,15,1.3000661747e+01
extra,beta=1.1,F19,10,15,3.2647213907e+03
extra,beta=1.1,F20,10,15,2.7682485640e+01
extra,beta=1.1,F21,10,15,2.1287419968e+02
extra,beta=1.1,F22,10,15,1.0389386607e+02
extra,beta=1.3,F6,10,15,1.3811280262e+00
extra,beta=1.3,F7,10,15,3.2722940470e+01
extra,beta=1.3,F8,10,15,2.6101412465e+01
extra,beta=1.3,F9,10,15,9.6731059497e-02
extra,beta=1.1,F23,10,15,3.1702237056e+02
extra,beta=1.1,F24,10,15,3.4256096012e+02
extra,beta=1.1,F25,10,15,3.9956313658e+02
extra,beta=1.1,F26,10,15,3.0084978505e+02
extra,beta=1.3,F10,10,15,8.5259518608e+02
extra,beta=1.3,F11,10,15,3.3061353911e+00
extra,beta=1.3,F12,10,15,1.7177372467e+05
extra,beta=1.3,F13,10,15,1.9874304406e+04
extra,beta=1.3,F14,10,15,1.8091261522e+02
extra,beta=1.3,F15,10,15,7.8599391108e+02
extra,beta=1.3,F16,10,15,1.3156840815e+02
extra,beta=1.3,F17,10,15,2.9845271259e+01
extra,beta=1.1,F27,10,15,3.9289938180e+02
extra,beta=1.1,F28,10,15,4.1693526984e+02
extra,beta=1.1,F29,10,15,2.6585754702e+02
extra,beta=1.1,F30,10,15,2.5456328402e+06
extra,beta=1.3,F18,10,15,1.7038477437e+03
extra,beta=1.3,F19,10,15,5.5030051106e+02
extra,beta=1.3,F20,10,15,2.6183033366e+01
extra,beta=1.3,F21,10,15,1.0119450836e+02
extra,beta=1.5,F5,10,15,1.6918495176e+01
extra,beta=1.5,F6,10,15,2.5245830201e-01
extra,beta=1.5,F7,10,15,3.4181673813e+01
extra,beta=1.5,F8,10,15,1.6915145623e+01
extra,beta=1.3,F22,10,15,1.0067049093e+02
extra,beta=1.3,F23,10,15,3.1335203529e+02
extra,beta=1.3,F24,10,15,1.0101610735e+02
extra,beta=1.3,F25,10,15,3.9969723511e+02
extra,beta=1.3,F30,10,15,1.4305483183e+05
extra,beta=1.5,F1,10,15,4.0041153504e+04
extra,beta=1.5,F3,10,15,1.7393631663e+02
extra,beta=1.5,F4,10,15,5.1872582160e+00
extra,beta=1.5,F9,10,15,3.0531320793e-01
extra,beta=1.5,F10,10,15,7.5659737446e+02
extra,beta=1.5,F11,10,15,8.9910441135e+00
extra,beta=1.5,F12,10,15,4.3979052104e+04
extra,beta=1.5,F13,10,15,1.4413620511e+03
extra,beta=1.5,F14,10,15,2.8133910437e+02
extra,beta=1.5,F15,10,15,1.5260676612e+03
extra,beta=1.5,F16,10,15,1.2963708031e+01
extra,beta=1.3,F26,10,15,3.0022117193e+02
extra,beta=1.3,F27,10,15,3.9083775671e+02
extra,beta=1.3,F28,10,15,3.7010360386e+02
extra,beta=1.3,F29,10,15,2.5554916412e+02
extra,beta=1.5,F17,10,15,5.1311246319e+01
extra,beta=1.5,F18,10,15,8.0800654095e+02
extra,beta=1.5,F19,10,15,3.5980616385e+02
extra,beta=1.5,F20,10,15,3.5480181663e+01
extra,beta=1.9,F4,10,15,7.3541352542e+00
extra,beta=1.9,F5,10,15,3.0766666740e+00
extra,beta=1.9,F6,10,15,1.0150694685e+00
extra,beta=1.9,F7,10,15,2.6294435262e+01
extra,beta=1.5,F21,10,15,1.0719170084e+02
extra,beta=1.5,F22,10,15,1.0223750119e+02
extra,beta=1.5,F23,10,15,3.1421393726e+02
extra,beta=1.5,F24,10,15,3.3744628087e+02
extra,beta=1.9,F8,10,15,8.9632383745e+00
extra,beta=1.9,F9,10,15,8.0933989082e-03
extra,beta=1.9,F10,10,15,7.7046939961e+02
extra,beta=1.9,F11,10,15,6.0743224687e+00
extra,beta=1.5,F29,10,15,3.4161810583e+02
extra,beta=1.5,F30,10,15,8.5357856419e+05
extra,beta=1.9,F1,10,15,8.9613251186e+02
extra,beta=1.9,F3,10,15,1.3756168820e+01
extra,beta=1.9,F12,10,15,1.5934401664e+05
extra,beta=1.9,F13,10,15,6.4273934947e+03
extra,beta=1.9,F14,10,15,2.7836735458e+02
extra,beta=1.9,F15,10,15,1.7677044812e+03
extra,beta=1.5,F25,10,15,4.4479447824e+02
extra,beta=1.5,F26,10,15,3.0020512990e+02
extra,beta=1.5,F27,10,15,3.9100856572e+02
extra,beta=1.5,F28,10,15,4.1644029517e+02
extra,beta=1.9,F16,10,15,2.5186082290e+00
extra,beta=1.9,F17,10,15,2.7448175479e+01
extra,beta=1.9,F18,10,15,1.1102873739e+04
extra,beta=1.9,F19,10,15,5.5070640696e+02
extra,"stage=T/3,2T/3",F3,10,15,4.8334169772e+01
extra,"stage=T/3,2T/3",F4,10,15,6.5686430365e+00
extra,"stage=T/3,2T/3",F5,10,15,9.9576993815e+00
extra,"stage=T/3,2T/3",F6,10,15,1.8814179933e-01
extra,beta=1.9,F20,10,15,2.6504512190e+01
extra,beta=1.9,F21,10,15,2.2153511314e+02
extra,beta=1.9,F22,10,15,1.0098142160e+02
extra,beta=1.9,F23,10,15,3.1985555013e+02
extra,"stage=T/3,2T/3",F7,10,15,2.9032329854e+01
extra,"stage=T/3,2T/3",F8,10,15,1.5936759248e+01
extra,"stage=T/3,2T/3",F9,10,15,1.0664435901e-01
extra,"stage=T/3,2T/3",F10,10,15,1.3094398976e+03
extra,beta=1.9,F24,10,15,3.4100741464e+02
extra,beta=1.9,F25,10,15,4.4626641630e+02
extra,beta=1.9,F26,10,15,3.0524011472e+02
extra,beta=1.9,F27,10,15,3.9078991377e+02
extra,beta=1.9,F28,10,15,6.1182167540e+02
extra,beta=1.9,F29,10,15,3.1756364194e+02
extra,beta=1.9,F30,10,15,8.1514098150e+05
extra,"stage=T/3,2T/3",F1,10,15,1.2051220246e+04
extra,"stage=T/3,2T/3",F11,10,15,8.7737252881e+00
extra,"stage=T/3,2T/3",F12,10,15,1.4325771895e+06
extra,"stage=T/3,2T/3",F13,10,15,5.7862042498e+03
extra,"stage=T/3,2T/3",F14,10,15,1.8731566079e+02
extra,"stage=T/3,2T/3",F15,10,15,2.7224453955e+03
extra,"stage=T/3,2T/3",F16,10,15,1.9533938919e+00
extra,"stage=T/3,2T/3",F17,10,15,4.5719692214e+01
extra,"stage=T/3,2T/3",F18,10,15,6.3550754367e+03
extra,"stage=T/4,3T/4",F1,10,15,4.3381144534e+03
extra,"stage=T/4,3T/4",F3,10,15,1.9740250910e+02
extra,"stage=T/4,3T/4",F4,10,15,4.3265225525e+00
extra,"stage=T/4,3T/4",F5,10,15,9.9547048056e+00
extra,"stage=T/3,2T/3",F19,10,15,2.8444776107e+02
extra,"stage=T/3,2T/3",F20,10,15,3.9665393491e+01
extra,"stage=T/3,2T/3",F21,10,15,2.0920669859e+02
extra,"stage=T/3,2T/3",F22,10,15,1.0263400990e+02
extra,"stage=T/4,3T/4",F6,10,15,4.2855735793e+00
extra,"stage=T/4,3T/4",F7,10,15,1.9151371182e+01
extra,"stage=T/4,3T/4",F8,10,15,9.9776099968e+00
extra,"stage=T/4,3T/4",F9,10,15,1.9082255039e-04
extra,"stage=T/3,2T/3",F23,10,15,3.0738600550e+02
extra,"stage=T/3,2T/3",F24,10,15,3.5973480050e+02
extra,"stage=T/3,2T/3",F25,10,15,3.9994724375e+02
extra,"stage=T/3,2T/3",F26,10,15,3.0013759356e+02
extra,"stage=T/4,3T/4",F10,10,15,6.2230581753e+02
extra,"stage=T/4,3T/4",F11,10,15,2.8318767673e+00
extra,"stage=T/4,3T/4",F12,10,15,7.3140110508e+05
extra,"stage=T/4,3T/4",F13,10,15,8.8323643394e+02
extra,"stage=T/4,3T/4",F14,10,15,8.1719284554e+01
extra,"stage=T/4,3T/4",F15,10,15,5.2804995239e+03
extra,"stage=T/4,3T/4",F16,10,15,3.9360163440e+01
extra,"stage=T/4,3T/4",F17,10,15,5.7113076540e+00
extra,"stage=T/3,2T/3",F27,10,15,3.9627226967e+02
extra,"stage=T/3,2T/3",F28,10,15,3.6996200969e+02
extra,"stage=T/3,2T/3",F29,10,15,2.6819561006e+02
extra,"stage=T/3,2T/3",F30,10,15,1.9792498054e+06
extra,"stage=T/4,3T/4",F18,10,15,3.6482235104e+03
extra,"stage=T/4,3T/4",F19,10,15,3.3359411403e+03
extra,"stage=T/4,3T/4",F20,10,15,2.4990465572e+01
extra,"stage=T/4,3T/4",F21,10,15,1.0434426589e+02
extra,"stage=T/2,3T/4",F5,10,15,1.2944126447e+01
extra,"stage=T/2,3T/4",F6,10,15,1.2567526937e+00
extra,"stage=T/2,3T/4",F7,10,15,3.4006781339e+01
extra,"stage=T/2,3T/4",F8,10,15,1.3930228003e+01
extra,"stage=T/4,3T/4",F22,10,15,1.0100764738e+02
extra,"stage=T/4,3T/4",F23,10,15,3.1707538935e+02
extra,"stage=T/4,3T/4",F24,10,15,3.5536895676e+02
extra,"stage=T/4,3T/4",F25,10,15,3.9960999293e+02
extra,"stage=T/4,3T/4",F30,10,15,2.9137752996e+05
extra,"stage=T/2,3T/4",F1,10,15,9.7024659260e+03
extra,"stage=T/2,3T/4",F3,10,15,4.4482930919e+01
extra,"stage=T/2,3T/4",F4,10,15,4.4919863618e+00
extra,"stage=T/2,3T/4",F9,10,15,1.2124381494e-02
extra,"stage=T/2,3T/4",F10,10,15,8.6339179229e+02
extra,"stage=T/2,3T/4",F11,10,15,5.7039105675e+00
extra,"stage=T/2,3T/4",F12,10,15,1.6956733486e+06
extra,"stage=T/2,3T/4",F13,10,15,6.2208176330e+03
extra,"stage=T/2,3T/4",F14,10,15,1.6804571749e+02
extra,"stage=T/2,3T/4",F15,10,15,1.3537156554e+03
extra,"stage=T/2,3T/4",F16,10,15,1.3654410521e+01
extra,"stage=T/4,3T/4",F26,10,15,3.0028774623e+02
extra,"stage=T/4,3T/4",F27,10,15,3.9518355076e+02
extra,"stage=T/4,3T/4",F28,10,15,4.1526067994e+02
extra,"stage=T/4,3T/4",F29,10,15,3.1140599925e+02
extra,"stage=T/2,3T/4",F17,10,15,2.2625331228e+01
extra,"stage=T/2,3T/4",F18,10,15,2.2661053552e+03
extra,"stage=T/2,3T/4",F19,10,15,3.4917859591e+03
extra,"stage=T/2,3T/4",F20,10,15,2.6784266433e+01
extra,"stage=T/5,4T/5",F4,10,15,6.3787297168e+00
extra,"stage=T/5,4T/5",F5,10,15,1.0342110831e+01
extra,"stage=T/5,4T/5",F6,10,15,3.0028158554e-01
extra,"stage=T/5,4T/5",F7,10,15,3.1631289750e+01
extra,"stage=T/2,3T/4",F21,10,15,2.1524683294e+02
extra,"stage=T/2,3T/4",F22,10,15,1.0069733355e+02
extra,"stage=T/2,3T/4",F23,10,15,3.1758834210e+02
extra,"stage=T/2,3T/4",F24,10,15,3.4316068557e+02
extra,"stage=T/5,4T/5",F8,10,15,1.3930694178e+01
extra,"stage=T/5,4T/5",F9,10,15,1.6427663093e-04
extra,"stage=T/5,4T/5",F10,10,15,7.6014655280e+02
extra,"stage=T/5,4T/5",F11,10,15,3.3004661664e+00
extra,"stage=T/2,3T/4",F29,10,15,3.0271475053e+02
extra,"stage=T/2,3T/4",F30,10,15,5.3936593455e+05
extra,"stage=T/5,4T/5",F1,10,15,5.1490994517e+02
extra,"stage=T/5,4T/5",F3,10,15,7.2903337945e+01
extra,"stage=T/5,4T/5",F12,10,15,7.5240549915e+05
extra,"stage=T/5,4T/5",F13,10,15,7.8039589830e+03
extra,"stage=T/5,4T/5",F14,10,15,1.5037932682e+02
extra,"stage=T/5,4T/5",F15,10,15,2.0168896402e+03
extra,"stage=T/2,3T/4",F25,10,15,4.4617787888e+02
extra,"stage=T/2,3T/4",F26,10,15,3.0016863192e+02
extra,"stage=T/2,3T/4",F27,10,15,3.9521524544e+02
extra,"stage=T/2,3T/4",F28,10,15,6.1182175438e+02
extra,"stage=T/5,4T/5",F16,10,15,3.0079540211e+00
extra,"stage=T/5,4T/5",F17,10,15,2.1970324605e+01
extra,"stage=T/5,4T/5",F18,10,15,1.4621244212e+04
extra,"stage=T/5,4T/5",F19,10,15,9.9706119591e+02
extra,"stage=T/5,4T/5",F20,10,15,2.0443661853e+01
extra,"stage=T/5,4T/5",F21,10,15,2.2130879328e+02
extra,"stage=T/5,4T/5",F22,10,15,1.0063855192e+02
extra,"stage=T/5,4T/5",F23,10,15,3.1378069009e+02
extra,"k: nu=1/2,mu=10",F3,10,15,1.1534842409e+01
extra,"k: nu=1/2,mu=10",F4,10,15,8.7099362876e-02
extra,"k: nu=1/2,mu=10",F5,10,15,2.1964484793e+01
extra,"k: nu=1/2,mu=10",F6,10,15,5.0376816791e-01
extra,"k: nu=1/2,mu=10",F7,10,15,2.2128433384e+01
extra,"k: nu=1/2,mu=10",F8,10,15,7.9696408091e+00
extra,"k: nu=1/2,mu=10",F9,10,15,4.0051102443e-03
extra,"k: nu=1/2,mu=10",F10,10,15,7.1224942845e+02
extra,"k: nu=1/2,mu=10",F11,10,15,1.3275561808e+01
extra,"k: nu=1/2,mu=10",F12,10,15,3.2401037617e+06
extra,"k: nu=1/2,mu=10",F13,10,15,4.0450243704e+03
extra,"k: nu=1/2,mu=10",F14,10,15,1.1811163976e+02
extra,"stage=T/5,4T/5",F24,10,15,1.0133959571e+02
extra,"stage=T/5,4T/5",F25,10,15,4.4399389319e+02
extra,"stage=T/5,4T/5",F26,10,15,3.0030757426e+02
extra,"stage=T/5,4T/5",F27,10,15,3.9450113739e+02
extra,"stage=T/5,4T/5",F28,10,15,4.2356200377e+02
extra,"stage=T/5,4T/5",F29,10,15,2.5171491268e+02
extra,"stage=T/5,4T/5",F30,10,15,9.5852807832e+05
extra,"k: nu=1/2,mu=10",F1,10,15,1.4582556273e+04
extra,"k: nu=1/2,mu=10",F15,10,15,2.3494308640e+03
extra,"k: nu=1/2,mu=10",F16,10,15,3.9130494565e+01
extra,"k: nu=1/2,mu=10",F17,10,15,4.3146171494e+01
extra,"k: nu=1/2,mu=10",F18,10,15,7.7571892586e+03
extra,"k: nu=1,mu=10",F1,10,15,4.8180401033e+03
extra,"k: nu=1,mu=10",F3,10,15,2.1247101092e+02
extra,"k: nu=1,mu=10",F4,10,15,6.4959968113e+00
extra,"k: nu=1,mu=10",F5,10,15,1.3029713640e+01
extra,"k: nu=1/2,mu=10",F19,10,15,6.9002360862e+02
extra,"k: nu=1/2,mu=10",F20,10,15,2.8234356492e+01
extra,"k: nu=1/2,mu=10",F21,10,15,2.2149819264e+02
extra,"k: nu=1/2,mu=10",F22,10,15,1.0262850574e+02
extra,"k: nu=1,mu=10",F6,10,15,8.2015517710e-01
extra,"k: nu=1,mu=10",F7,10,15,2.4598606724e+01
extra,"k: nu=1,mu=10",F8,10,15,6.9742938003e+00
extra,"k: nu=1,mu=10",F9,10,15,8.9940788399e-02
extra,"k: nu=1/2,mu=10",F23,10,15,3.0478294795e+02
extra,"k: nu=1/2,mu=10",F24,10,15,1.0303260492e+02
extra,"k: nu=1/2,mu=10",F25,10,15,3.9963112855e+02
extra,"k: nu=1/2,mu=10",F26,10,15,3.0031128090e+02
extra,"k: nu=1,mu=10",F10,10,15,5.0300509287e+02
extra,"k: nu=1,mu=10",F11,10,15,1.1733532515e+01
extra,"k: nu=1,mu=10",F12,10,15,5.6277863470e+04
extra,"k: nu=1,mu=10",F13,10,15,1.4594047652e+03
extra,"k: nu=1,mu=10",F14,10,15,4.5773271195e+02
extra,"k: nu=1,mu=10",F15,10,15,9.2840177401e+02
extra,"k: nu=1,mu=10",F16,10,15,3.9049530673e+01
extra,"k: nu=1,mu=10",F17,10,15,4.3228204896e+01
extra,"k: nu=1/2,mu=10",F27,10,15,3.8909779777e+02
extra,"k: nu=1/2,mu=10",F28,10,15,5.8373531045e+02
extra,"k: nu=1/2,mu=10",F29,10,15,3.0271441707e+02
extra,"k: nu=1/2,mu=10",F30,10,15,5.0500646151e+05
extra,"k: nu=1,mu=10",F18,10,15,1.7942131250e+04
extra,"k: nu=1,mu=10",F19,10,15,7.4043981544e+02
extra,"k: nu=1,mu=10",F20,10,15,3.2049217218e+01
extra,"k: nu=1,mu=10",F21,10,15,1.0099273555e+02
extra,"k: nu=1/2,mu=5",F5,10,15,2.0989043861e+01
extra,"k: nu=1/2,mu=5",F6,10,15,1.3941448152e-01
extra,"k: nu=1/2,mu=5",F7,10,15,3.7223375348e+01
extra,"k: nu=1/2,mu=5",F8,10,15,2.1999002407e+01
extra,"k: nu=1,mu=10",F22,10,15,1.0082538333e+02
extra,"k: nu=1,mu=10",F23,10,15,3.1522714894e+02
extra,"k: nu=1,mu=10",F24,10,15,3.4226200877e+02
extra,"k: nu=1,mu=10",F25,10,15,4.4600515615e+02
extra,"k: nu=1,mu=10",F30,10,15,1.1974021221e+06
extra,"k: nu=1/2,mu=5",F1,10,15,2.2645364954e+03
extra,"k: nu=1/2,mu=5",F3,10,15,2.0764745995e+02
extra,"k: nu=1/2,mu=5",F4,10,15,3.2543759119e+00
extra,"k: nu=1/2,mu=5",F9,10,15,6.6040371700e-02
extra,"k: nu=1/2,mu=5",F10,10,15,2.3281230977e+02
extra,"k: nu=1/2,mu=5",F11,10,15,5.8902709911e+00
extra,"k: nu=1/2,mu=5",F12,10,15,1.1823464937e+04
extra,"k: nu=1/2,mu=5",F13,10,15,1.1795852709e+03
extra,"k: nu=1/2,mu=5",F14,10,15,2.3726282684e+02
extra,"k: nu=1/2,mu=5",F15,10,15,2.8958865387e+02
extra,"k: nu=1/2,mu=5",F16,10,15,4.3035150160e+00
extra,"k: nu=1,mu=10",F26,10,15,3.0001485136e+02
extra,"k: nu=1,mu=10",F27,10,15,3.9463282870e+02
extra,"k: nu=1,mu=10",F28,10,15,4.2265286257e+02
extra,"k: nu=1,mu=10",F29,10,15,2.6688933575e+02
extra,"k: nu=1/2,mu=5",F17,10,15,3.2884803664e+01
extra,"k: nu=1/2,mu=5",F18,10,15,1.2362628719e+04
extra,"k: nu=1/2,mu=5",F19,10,15,2.0261491465e+03
extra,"k: nu=1/2,mu=5",F20,10,15,4.9513101303e+01
extra,"k: nu=1/2,mu=20",F4,10,15,7.1976088599e+00
extra,"k: nu=1/2,mu=20",F5,10,15,1.9004445337e+01
extra,"k: nu=1/2,mu=20",F6,10,15,2.0272209140e+00
extra,"k: nu=1/2,mu=20",F7,10,15,2.9367409649e+01
extra,"k: nu=1/2,mu=20",F8,10,15,6.9672076665e+00
extra,"k: nu=1/2,mu=20",F9,10,15,4.3901603998e-02
extra,"k: nu=1/2,mu=20",F10,10,15,5.8183821907e+02
extra,"k: nu=1/2,mu=20",F11,10,15,7.0561045350e+00
extra,"k: nu=1/2,mu=5",F21,10,15,1.0090963857e+02
extra,"k: nu=1/2,mu=5",F22,10,15,2.3627980165e+01
extra,"k: nu=1/2,mu=5",F23,10,15,3.1908180180e+02
extra,"k: nu=1/2,mu=5",F24,10,15,3.3914081272e+02
extra,"k: nu=1/2,mu=5",F29,10,15,3.2326164410e+02
extra,"k: nu=1/2,mu=5",F30,10,15,1.9437834062e+06
extra,"k: nu=1/2,mu=20",F1,10,15,3.6793150290e+03
extra,"k: nu=1/2,mu=20",F3,10,15,2.1654042626e+02
extra,"k: nu=1/2,mu=5",F25,10,15,4.0000914271e+02
extra,"k: nu=1/2,mu=5",F26,10,15,3.0003993786e+02
extra,"k: nu=1/2,mu=5",F27,10,15,3.8932307557e+02
extra,"k: nu=1/2,mu=5",F28,10,15,6.1182178237e+02
extra,"k: nu=1/2,mu=20",F12,10,15,2.0616327944e+05
extra,"k: nu=1/2,mu=20",F13,10,15,8.6504641895e+02
extra,"k: nu=1/2,mu=20",F14,10,15,2.2763423784e+02
extra,"k: nu=1/2,mu=20",F15,10,15,3.2195267215e+03
extra,"k: nu=1/2,mu=20",F16,10,15,4.0002741280e+01
extra,"k: nu=1/2,mu=20",F17,10,15,4.6406164583e+01
extra,"k: nu=1/2,mu=20",F18,10,15,2.4350504853e+03
extra,"k: nu=1/2,mu=20",F19,10,15,2.4942069488e+02
extra,"k: nu=1/2,mu=20",F20,10,15,3.3890888790e+01
extra,"k: nu=1/2,mu=20",F21,10,15,1.0583539289e+02
extra,"k: nu=1/2,mu=20",F22,10,15,1.0063984109e+02
extra,"k: nu=1/2,mu=20",F23,10,15,3.1090492179e+02
extra,k=1 (plain OBL),F3,10,15,2.1231863131e+02
extra,k=1 (plain OBL),F4,10,15,6.9167669013e+00
extra,k=1 (plain OBL),F5,10,15,1.8920765156e+01
extra,k=1 (plain OBL),F6,10,15,2.4162566504e-01
extra,k=1 (plain OBL),F7,10,15,1.2444663733e+01
extra,k=1 (plain OBL),F8,10,15,1.3932417977e+01
extra,k=1 (plain OBL),F9,10,15,5.1297827108e-02
extra,k=1 (plain OBL),F10,10,15,1.8067653372e+02
extra,"k: nu=1/2,mu=20",F24,10,15,3.4324478432e+02
extra,"k: nu=1/2,mu=20",F25,10,15,4.4506624018e+02
extra,"k: nu=1/2,mu=20",F26,10,15,3.0007451701e+02
extra,"k: nu=1/2,mu=20",F27,10,15,3.8983687196e+02
extra,k=1 (plain OBL),F11,10,15,2.0111380719e+00
extra,k=1 (plain OBL),F12,10,15,1.4835359183e+06
extra,k=1 (plain OBL),F13,10,15,1.2576168643e+03
extra,k=1 (plain OBL),F14,10,15,1.1271817045e+02
extra,"k: nu=1/2,mu=20",F28,10,15,4.1869172897e+02
extra,"k: nu=1/2,mu=20",F29,10,15,2.9209672784e+02
extra,"k: nu=1/2,mu=20",F30,10,15,8.8195179023e+05
extra,k=1 (plain OBL),F1,10,15,2.1398008337e+04
extra,k=1 (plain OBL),F15,10,15,7.7866773709e+02
extra,k=1 (plain OBL),F16,10,15,1.5201203065e+02
extra,k=1 (plain OBL),F17,10,15,2.8979451883e+01
extra,k=1 (plain OBL),F18,10,15,3.0318462020e+03
extra,k=1 (plain OBL),F19,10,15,3.6086612058e+02
extra,k=1 (plain OBL),F20,10,15,3.2712294175e+01
extra,k=1 (plain OBL),F21,10,15,1.0300529973e+02
extra,k=1 (plain OBL),F22,10,15,1.0008106008e+02
extra,N=10,F1,10,16,3.7908628725e+03
extra,N=10,F3,10,16,1.0748956001e+02
extra,N=10,F4,10,16,2.4859520174e+00
extra,N=10,F5,10,16,2.7383114643e+01
extra,k=1 (plain OBL),F23,10,15,3.0949562155e+02
extra,k=1 (plain OBL),F24,10,15,3.4253600421e+02
extra,k=1 (plain OBL),F25,10,15,3.9841576851e+02
extra,k=1 (plain OBL),F26,10,15,3.0003402524e+02
extra,N=10,F6,10,16,7.1672914584e-01
extra,N=10,F7,10,16,3.4169314316e+01
extra,N=10,F8,10,16,1.6933821571e+01
extra,N=10,F9,10,16,2.1726727556e+00
extra,k=1 (plain OBL),F27,10,15,3.8958393716e+02
extra,k=1 (plain OBL),F28,10,15,3.6851118984e+02
extra,k=1 (plain OBL),F29,10,15,2.9885181302e+02
extra,k=1 (plain OBL),F30,10,15,8.5383796949e+05
extra,N=10,F10,10,16,7.3614498503e+02
extra,N=10,F11,10,16,7.8164722497e+00
extra,N=10,F12,10,16,5.2781058899e+05
extra,N=10,F13,10,16,5.0631384792e+03
extra,N=10,F14,10,16,3.5615385008e+02
extra,N=10,F15,10,16,2.2774016033e+03
extra,N=10,F16,10,16,3.9754422451e+01
extra,N=10,F17,10,16,5.6677193106e+01
extra,N=10,F18,10,16,1.4299209147e+03
extra,N=10,F19,10,16,1.1473363067e+03
extra,N=10,F20,10,16,7.0783835351e+01
extra,N=10,F21,10,16,2.1834686279e+02
extra,N=20,F5,10,16,1.1961387626e+01
extra,N=20,F6,10,16,1.4461616469e-01
extra,N=20,F7,10,16,2.4493709472e+01
extra,N=20,F8,10,16,8.9587216887e+00
extra,N=10,F30,10,16,1.8713234574e+05
extra,N=20,F1,10,16,1.1204402947e+03
extra,N=20,F3,10,16,9.8392300573e+01
extra,N=20,F4,10,16,6.6743846358e+00
extra,N=10,F22,10,16,1.0181040519e+02
extra,N=10,F23,10,16,3.1206276421e+02
extra,N=10,F24,10,16,3.4521064073e+02
extra,N=10,F25,10,16,3.9980698871e+02
extra,N=20,F9,10,16,2.8177718513e-01
extra,N=20,F10,10,16,4.7794032899e+02
extra,N=20,F11,10,16,6.6171558703e+00
extra,N=20,F12,10,16,3.3979074089e+05
extra,N=20,F13,10,16,9.8304143283e+03
extra,N=20,F14,10,16,6.0237357253e+01
extra,N=20,F15,10,16,3.2728880992e+03
extra,N=20,F16,10,16,4.1068134060e+00
extra,N=20,F17,10,16,4.2970906591e+01
extra,N=20,F18,10,16,2.1203002146e+03
extra,N=20,F19,10,16,3.7082353485e+03
extra,N=20,F20,10,16,4.0892424299e+01
extra,N=20,F21,10,16,1.0259900872e+02
extra,N=20,F22,10,16,1.0292101547e+02
extra,N=20,F23,10,16,3.2429946437e+02
extra,N=20,F24,10,16,3.4040489116e+02
extra,N=10,F26,10,16,3.0023612290e+02
extra,N=10,F27,10,16,3.8888160184e+02
extra,N=10,F28,10,16,6.1182166836e+02
extra,N=10,F29,10,16,2.9098635102e+02
extra,N=50,F4,10,16,6.8295651399e+00
extra,N=50,F5,10,16,1.9500057421e+01
extra,N=50,F6,10,16,3.7161557276e+00
extra,N=50,F7,10,16,1.8613188071e+01
extra,N=50,F8,10,16,2.2891365195e+01
extra,N=50,F9,10,16,1.8786033110e-01
extra,N=50,F10,10,16,1.1786812751e+03
extra,N=50,F11,10,16,9.0049503774e+00
extra,N=50,F12,10,16,3.5072645689e+06
extra,N=50,F13,10,16,1.8756282915e+03
extra,N=50,F14,10,16,1.7651758435e+02
extra,N=50,F15,10,16,2.7854461217e+03
extra,N=20,F25,10,16,3.9953052135e+02
extra,N=20,F26,10,16,4.0949450291e+02
extra,N=20,F27,10,16,3.9080553722e+02
extra,N=20,F28,10,16,4.1730892269e+02
extra,N=50,F16,10,16,1.2517052535e+02
extra,N=50,F17,10,16,4.3719674838e+01
extra,N=50,F18,10,16,1.6288466574e+03
extra,N=50,F19,10,16,9.4333356003e+02
extra,N=20,F29,10,16,2.7690728897e+02
extra,N=20,F30,10,16,3.0125557636e+04
extra,N=50,F1,10,16,7.8226348528e+04
extra,N=50,F3,10,16,7.8909735040e+02
extra,N=100,F3,10,16,5.9250379126e+02
extra,N=100,F4,10,16,7.9892514401e+00
extra,N=100,F5,10,16,8.9327091350e+00
extra,N=100,F6,10,16,8.0436279022e-01
extra,N=50,F20,10,16,2.6984453559e+01
extra,N=50,F21,10,16,2.1894110027e+02
extra,N=50,F22,10,16,1.0061426989e+02
extra,N=50,F23,10,16,3.2940413623e+02
extra,N=100,F7,10,16,2.4009669847e+01
extra,N=100,F8,10,16,9.9603624844e+00
extra,N=100,F9,10,16,6.4601010527e-01
extra,N=100,F10,10,16,6.2213906910e+02
extra,N=100,F11,10,16,3.9722172207e+01
extra,N=100,F12,10,16,4.0394548181e+05
extra,N=100,F13,10,16,3.0099333047e+03
extra,N=100,F14,10,16,2.0222624056e+02
extra,N=100,F15,10,16,3.3270087436e+03
extra,N=100,F16,10,16,2.0455102739e+01
extra,N=100,F17,10,16,2.9552655148e+01
extra,N=100,F18,10,16,1.0193388153e+04
extra,N=50,F24,10,16,1.0261466314e+02
extra,N=50,F25,10,16,4.4374167391e+02
extra,N=50,F26,10,16,3.0035696889e+02
extra,N=50,F27,10,16,3.9245434846e+02
extra,N=50,F28,10,16,5.8374959884e+02
extra,N=50,F29,10,16,4.0494144845e+02
extra,N=50,F30,10,16,9.7632475313e+05
extra,N=100,F1,10,16,7.1852909638e+06
extra,N=100,F19,10,16,9.0895000017e+02
extra,N=100,F20,10,16,3.4967209656e+01
extra,N=100,F21,10,16,1.0425207173e+02
extra,N=100,F22,10,16,1.0266854731e+02
extra,N=100,F23,10,16,3.1204116222e+02
extra,N=100,F24,10,16,3.4590123622e+02
extra,N=100,F25,10,16,4.0529958827e+02
extra,N=100,F26,10,16,3.0356899347e+02
extra,beta=1.1,F1,10,16,8.6963443775e+04
extra,beta=1.1,F3,10,16,2.6214026839e+02
extra,beta=1.1,F4,10,16,6.9944983517e+00
extra,beta=1.1,F5,10,16,1.4983369991e+01
extra,beta=1.1,F6,10,16,1.6763066048e+00
extra,beta=1.1,F7,10,16,2.3034759036e+01
extra,beta=1.1,F8,10,16,1.5946154737e+01
extra,beta=1.1,F9,10,16,1.8656250932e-03
extra,N=100,F27,10,16,3.9274357586e+02
extra,N=100,F28,10,16,6.1190831341e+02
extra,N=100,F29,10,16,2.7645197124e+02
extra,N=100,F30,10,16,2.8299348524e+06
extra,beta=1.1,F10,10,16,1.5988946221e+02
extra,beta=1.1,F11,10,16,5.0520244269e+00
extra,beta=1.1,F12,10,16,1.2805373923e+06
extra,beta=1.1,F13,10,16,5.1984037670e+03
extra,beta=1.1,F14,10,16,2.6438414259e+02
extra,beta=1.1,F15,10,16,4.1035756534e+03
extra,beta=1.1,F16,10,16,1.2868778782e+01
extra,beta=1.1,F17,10,16,4.7648250227e+01
extra,beta=1.1,F18,10,16,6.9175093781e+03
extra,beta=1.1,F19,10,16,3.7365468569e+01
extra,beta=1.1,F20,10,16,2.5593248528e+01
extra,beta=1.1,F21,10,16,1.0130850089e+02
extra,beta=1.3,F5,10,16,1.7992444376e+01
extra,beta=1.3,F6,10,16,1.1612385146e+00
extra,beta=1.3,F7,10,16,2.6408573066e+01
extra,beta=1.3,F8,10,16,8.0456393932e+00
extra,beta=1.1,F30,10,16,1.1432316904e+06
extra,beta=1.3,F1,10,16,2.7908550246e+03
extra,beta=1.3,F3,10,16,6.6181365234e+02
extra,beta=1.3,F4,10,16,7.1803986518e+00
extra,beta=1.1,F22,10,16,1.0596891844e+02
extra,beta=1.1,F23,10,16,3.0859456901e+02
extra,beta=1.1,F24,10,16,1.0076864573e+02
extra,beta=1.1,F25,10,16,4.0001370597e+02
extra,beta=1.3,F9,10,16,3.0925898002e-02
extra,beta=1.3,F10,10,16,4.7599090746e+02
extra,beta=1.3,F11,10,16,3.3785017916e+00
extra,beta=1.3,F12,10,16,2.9152701164e+05
extra,beta=1.3,F13,10,16,2.3097954543e+03
extra,beta=1.3,F14,10,16,1.3036864776e+02
extra,beta=1.3,F15,10,16,3.2325452040e+03
extra,beta=1.3,F16,10,16,1.3176511781e+02
extra,beta=1.1,F26,10,16,3.0008945066e+02
extra,beta=1.1,F27,10,16,3.8967823929e+02
extra,beta=1.1,F28,10,16,6.1182172596e+02
extra,beta=1.1,F29,10,16,2.6795971148e+02
extra,beta=1.3,F17,10,16,2.5711665782e+01
extra,beta=1.3,F18,10,16,2.5499634856e+03
extra,beta=1.3,F19,10,16,7.4061252275e+01
extra,beta=1.3,F20,10,16,2.6440660003e+01
extra,beta=1.5,F4,10,16,6.5231411455e+00
extra,beta=1.5,F5,10,16,1.2952624448e+01
extra,beta=1.5,F6,10,16,9.4071235076e-01
extra,beta=1.5,F7,10,16,1.8330253850e+01
extra,beta=1.3,F21,10,16,1.0691792507e+02
extra,beta=1.3,F22,10,16,1.0428065271e+02
extra,beta=1.3,F23,10,16,3.0920487162e+02
extra,beta=1.3,F24,10,16,1.0117576228e+02
extra,beta=1.5,F8,10,16,1.7935762330e+01
extra,beta=1.5,F9,10,16,3.0642508497e-01
extra,beta=1.5,F10,10,16,1.0498631410e+03
extra,beta=1.5,F11,10,16,7.5721290643e+00
extra,beta=1.3,F29,10,16,2.7200191048e+02
extra,beta=1.3,F30,10,16,2.6348238148e+06
extra,beta=1.5,F1,10,16,8.1338624996e+03
extra,beta=1.5,F3,10,16,1.6474933321e+02
extra,beta=1.5,F12,10,16,4.8013585910e+05
extra,beta=1.5,F13,10,16,8.8267549074e+03
extra,beta=1.5,F14,10,16,1.2030725520e+02
extra,beta=1.5,F15,10,16,6.8780745055e+03
extra,beta=1.3,F25,10,16,4.4387407698e+02
extra,beta=1.3,F26,10,16,3.0023043458e+02
extra,beta=1.3,F27,10,16,3.8953248966e+02
extra,beta=1.3,F28,10,16,3.6980913678e+02
extra,beta=1.5,F16,10,16,1.4977959583e+01
extra,beta=1.5,F17,10,16,3.8607582116e+01
extra,beta=1.5,F18,10,16,1.9176664772e+04
extra,beta=1.5,F19,10,16,2.8535368766e+02
extra,beta=1.9,F3,10,16,4.1213354423e+02
extra,beta=1.9,F4,10,16,7.3057542773e+00
extra,beta=1.9,F5,10,16,4.9874915717e+00
extra,beta=1.9,F6,10,16,2.5855897141e-01
extra,beta=1.5,F20,10,16,2.6996448423e+01
extra,beta=1.5,F21,10,16,2.1336428428e+02
extra,beta=1.5,F22,10,16,1.0291720866e+02
extra,beta=1.5,F23,10,16,3.1539050896e+02
extra,beta=1.9,F7,10,16,1.5220934192e+01
extra,beta=1.9,F8,10,16,1.8905554546e+01
extra,beta=1.9,F9,10,16,9.6334796148e-02
extra,beta=1.9,F10,10,16,7.4236468270e+02
extra,beta=1.5,F24,10,16,3.3545374512e+02
extra,beta=1.5,F25,10,16,3.9978496969e+02
extra,beta=1.5,F26,10,16,3.9578564834e+02
extra,beta=1.5,F27,10,16,3.9066084910e+02
extra,beta=1.9,F11,10,16,4.8894264363e+00
extra,beta=1.9,F12,10,16,1.3040806195e+06
extra,beta=1.9,F13,10,16,5.3244710868e+03
extra,beta=1.9,F14,10,16,5.0104508451e+02
extra,beta=1.5,F28,10,16,4.6578323504e+02
extra,beta=1.5,F29,10,16,2.7202138777e+02
extra,beta=1.5,F30,10,16,1.0511028796e+05
extra,beta=1.9,F1,10,16,8.0592190274e+03
extra,beta=1.9,F15,10,16,3.1646206321e+03
extra,beta=1.9,F16,10,16,2.3280303351e+00
extra,beta=1.9,F17,10,16,4.6262456199e+01
extra,beta=1.9,F18,10,16,7.4797319789e+03
extra,"stage=T/3,2T/3",F1,10,16,8.1246405210e+04
extra,"stage=T/3,2T/3",F3,10,16,1.7089872691e+02
extra,"stage=T/3,2T/3",F4,10,16,5.2937087442e+00
extra,"stage=T/3,2T/3",F5,10,16,9.0152560227e+00
extra,beta=1.9,F19,10,16,9.2957660054e+01
extra,beta=1.9,F20,10,16,3.3302770447e+01
extra,beta=1.9,F21,10,16,2.1212479779e+02
extra,beta=1.9,F22,10,16,4.5144633805e+01
extra,"stage=T/3,2T/3",F6,10,16,2.4881218166e-01
extra,"stage=T/3,2T/3",F7,10,16,2.2227650707e+01
extra,"stage=T/3,2T/3",F8,10,16,1.7001301905e+01
extra,"stage=T/3,2T/3",F9,10,16,1.1521031321e-03
extra,beta=1.9,F23,10,16,3.1061019070e+02
extra,beta=1.9,F24,10,16,3.4480813264e+02
extra,beta=1.9,F25,10,16,4.4596453452e+02
extra,beta=1.9,F26,10,16,3.0003511383e+02
extra,"stage=T/3,2T/3",F10,10,16,5.6056320258e+02
extra,"stage=T/3,2T/3",F11,10,16,1.5636444801e+01
extra,"stage=T/3,2T/3",F12,10,16,1.7222755846e+05
extra,"stage=T/3,2T/3",F13,10,16,4.1530901414e+03
extra,"stage=T/3,2T/3",F14,10,16,1.1124807416e+02
extra,"stage=T/3,2T/3",F15,10,16,1.1265858095e+04
extra,"stage=T/3,2T/3",F16,10,16,1.5018213393e+01
extra,"stage=T/3,2T/3",F17,10,16,3.4742001738e+01
extra,"stage=T/3,2T/3",F18,10,16,6.0209190865e+03
extra,"stage=T/3,2T/3",F19,10,16,1.3032463442e+03
extra,"stage=T/3,2T/3",F20,10,16,2.6992847628e+01
extra,"stage=T/3,2T/3",F21,10,16,2.2580342660e+02
extra,beta=1.9,F27,10,16,3.8996682570e+02
extra,beta=1.9,F28,10,16,4.1433543338e+02
extra,beta=1.9,F29,10,16,2.7544431325e+02
extra,beta=1.9,F30,10,16,3.2058081995e+04
extra,"stage=T/4,3T/4",F5,10,16,1.1974261575e+01
extra,"stage=T/4,3T/4",F6,10,16,3.4402988758e-01
extra,"stage=T/4,3T/4",F7,10,16,2.1115269388e+01
extra,"stage=T/4,3T/4",F8,10,16,2.0928443836e+01
extra,"stage=T/3,2T/3",F22,10,16,1.0193870295e+02
extra,"stage=T/3,2T/3",F23,10,16,3.1337040937e+02
extra,"stage=T/3,2T/3",F24,10,16,3.3548611038e+02
extra,"stage=T/3,2T/3",F25,10,16,4.0085872307e+02
extra,"stage=T/3,2T/3",F30,10,16,2.6006011594e+06
extra,"stage=T/4,3T/4",F1,10,16,7.9047207832e+02
extra,"stage=T/4,3T/4",F3,10,16,1.6468594607e+02
extra,"stage=T/4,3T/4",F4,10,16,7.1881989513e+00
extra,"stage=T/4,3T/4",F9,10,16,1.5170471098e-03
extra,"stage=T/4,3T/4",F10,10,16,8.1383262634e+02
extra,"stage=T/4,3T/4",F11,10,16,6.7018994678e+00
extra,"stage=T/4,3T/4",F12,10,16,1.2811862675e+06
extra,"stage=T/4,3T/4",F13,10,16,5.9402085737e+03
extra,"stage=T/4,3T/4",F14,10,16,5.1058179004e+02
extra,"stage=T/4,3T/4",F15,10,16,5.1985274596e+02
extra,"stage=T/4,3T/4",F16,10,16,1.2567707413e+01
extra,"stage=T/3,2T/3",F26,10,16,3.4715992187e+02
extra,"stage=T/3,2T/3",F27,10,16,3.9073001228e+02
extra,"stage=T/3,2T/3",F28,10,16,3.7424828360e+02
extra,"stage=T/3,2T/3",F29,10,16,3.0127138264e+02
extra,"stage=T/4,3T/4",F17,10,16,4.0835561811e+01
extra,"stage=T/4,3T/4",F18,10,16,3.4402507568e+03
extra,"stage=T/4,3T/4",F19,10,16,7.0332985781e+01
extra,"stage=T/4,3T/4",F20,10,16,2.3040129282e+01
extra,"stage=T/2,3T/4",F4,10,16,5.1380423270e+00
extra,"stage=T/2,3T/4",F5,10,16,1.1952196288e+01
extra,"stage=T/2,3T/4",F6,10,16,2.5443629267e-01
extra,"stage=T/2,3T/4",F7,10,16,1.8260242570e+01
extra,"stage=T/4,3T/4",F21,10,16,2.2140536497e+02
extra,"stage=T/4,3T/4",F22,10,16,1.0080380993e+02
extra,"stage=T/4,3T/4",F23,10,16,3.2449821605e+02
extra,"stage=T/4,3T/4",F24,10,16,1.0420556993e+02
extra,"stage=T/2,3T/4",F8,10,16,8.9651980432e+00
extra,"stage=T/2,3T/4",F9,10,16,5.5550739315e-01
extra,"stage=T/2,3T/4",F10,10,16,5.9330795763e+02
extra,"stage=T/2,3T/4",F11,10,16,8.9773038490e+00
extra,"stage=T/4,3T/4",F25,10,16,4.4614551638e+02
extra,"stage=T/4,3T/4",F26,10,16,3.4714892107e+02
extra,"stage=T/4,3T/4",F27,10,16,3.8934022447e+02
extra,"stage=T/4,3T/4",F28,10,16,3.7081265988e+02
extra,"stage=T/2,3T/4",F12,10,16,1.4250309732e+06
extra,"stage=T/2,3T/4",F13,10,16,1.3255904655e+03
extra,"stage=T/2,3T/4",F14,10,16,2.4538803303e+02
extra,"stage=T/2,3T/4",F15,10,16,3.0574447823e+02
extra,"stage=T/4,3T/4",F29,10,16,3.2224878976e+02
extra,"stage=T/4,3T/4",F30,10,16,1.4643516084e+06
extra,"stage=T/2,3T/4",F1,10,16,4.0251188990e+03
extra,"stage=T/2,3T/4",F3,10,16,1.9998623494e+02
extra,"stage=T/2,3T/4",F16,10,16,4.4064939326e+01
extra,"stage=T/2,3T/4",F17,10,16,4.0354529928e+01
extra,"stage=T/2,3T/4",F18,10,16,2.3171128116e+04
extra,"stage=T/2,3T/4",F19,10,16,1.5075753220e+02
extra,"stage=T/5,4T/5",F3,10,16,1.5947692476e+02
extra,"stage=T/5,4T/5",F4,10,16,6.3297008251e+00
extra,"stage=T/5,4T/5",F5,10,16,1.0109513220e+01
extra,"stage=T/5,4T/5",F6,10,16,1.2841770554e-01
extra,"stage=T/2,3T/4",F20,10,16,2.9574083262e+01
extra,"stage=T/2,3T/4",F21,10,16,1.0891056736e+02
extra,"stage=T/2,3T/4",F22,10,16,1.0162726667e+02
extra,"stage=T/2,3T/4",F23,10,16,3.2360751040e+02
extra,"stage=T/5,4T/5",F7,10,16,2.3724494708e+01
extra,"stage=T/5,4T/5",F8,10,16,2.4876021812e+01
extra,"stage=T/5,4T/5",F9,10,16,1.7328153577e-03
extra,"stage=T/5,4T/5",F10,10,16,9.5728318542e+02
extra,"stage=T/2,3T/4",F24,10,16,1.0410431895e+02
extra,"stage=T/2,3T/4",F25,10,16,3.9997046511e+02
extra,"stage=T/2,3T/4",F26,10,16,3.4715745002e+02
extra,"stage=T/2,3T/4",F27,10,16,3.8980376964e+02
extra,"stage=T/2,3T/4",F28,10,16,3.8521187973e+02
extra,"stage=T/2,3T/4",F29,10,16,2.9685473852e+02
extra,"stage=T/2,3T/4",F30,10,16,8.2888844341e+05
extra,"stage=T/5,4T/5",F1,10,16,8.1087652815e+02
extra,"stage=T/5,4T/5",F11,10,16,5.0557326044e+00
extra,"stage=T/5,4T/5",F12,10,16,2.6671263209e+06
extra,"stage=T/5,4T/5",F13,10,16,9.3474740704e+01
extra,"stage=T/5,4T/5",F14,10,16,1.8075869124e+02
extra,"stage=T/5,4T/5",F15,10,16,5.2984795921e+03
extra,"stage=T/5,4T/5",F16,10,16,1.7702141454e+01
extra,"stage=T/5,4T/5",F17,10,16,4.1195752590e+01
extra,"stage=T/5,4T/5",F18,10,16,1.3626766632e+03
extra,"k: nu=1/2,mu=10",F1,10,16,7.7062256040e+03
extra,"k: nu=1/2,mu=10",F3,10,16,3.1578284660e+02
extra,"k: nu=1/2,mu=10",F4,10,16,5.5277708410e+00
extra,"k: nu=1/2,mu=10",F5,10,16,1.4510078305e+01
extra,"stage=T/5,4T/5",F19,10,16,8.0176121183e+01
extra,"stage=T/5,4T/5",F20,10,16,2.2414350970e+01
extra,"stage=T/5,4T/5",F21,10,16,2.2523201094e+02
extra,"stage=T/5,4T/5",F22,10,16,1.0584511935e+02
extra,"k: nu=1/2,mu=10",F6,10,16,5.5961377105e-01
extra,"k: nu=1/2,mu=10",F7,10,16,3.1242731533e+01
extra,"k: nu=1/2,mu=10",F8,10,16,2.7890387834e+01
extra,"k: nu=1/2,mu=10",F9,10,16,1.7078907032e-01
extra,"stage=T/5,4T/5",F23,10,16,3.3806011433e+02
extra,"stage=T/5,4T/5",F24,10,16,3.4454839876e+02
extra,"stage=T/5,4T/5",F25,10,16,4.0096857331e+02
extra,"stage=T/5,4T/5",F26,10,16,3.0000329614e+02
extra,"k: nu=1/2,mu=10",F10,10,16,5.0914875757e+02
extra,"k: nu=1/2,mu=10",F11,10,16,2.7273452633e+00
extra,"k: nu=1/2,mu=10",F12,10,16,1.2897109586e+04
extra,"k: nu=1/2,mu=10",F13,10,16,3.3537124325e+03
extra,"k: nu=1/2,mu=10",F14,10,16,3.1989160180e+02
extra,"k: nu=1/2,mu=10",F15,10,16,5.5240011538e+03
extra,"k: nu=1/2,mu=10",F16,10,16,1.3125061006e+01
extra,"k: nu=1/2,mu=10",F17,10,16,4.4018802363e+01
extra,"stage=T/5,4T/5",F27,10,16,3.9128458821e+02
extra,"stage=T/5,4T/5",F28,10,16,4.4862892227e+02
extra,"stage=T/5,4T/5",F29,10,16,2.6269549095e+02
extra,"stage=T/5,4T/5",F30,10,16,2.1058362870e+06
extra,"k: nu=1/2,mu=10",F18,10,16,4.5799897872e+03
extra,"k: nu=1/2,mu=10",F19,10,16,7.2834275875e+02
extra,"k: nu=1/2,mu=10",F20,10,16,1.4373591876e+01
extra,"k: nu=1/2,mu=10",F21,10,16,2.1293274420e+02
extra,"k: nu=1,mu=10",F5,10,16,9.9534662455e+00
extra,"k: nu=1,mu=10",F6,10,16,1.0803169783e+00
extra,"k: nu=1,mu=10",F7,10,16,2.3471499017e+01
extra,"k: nu=1,mu=10",F8,10,16,1.2942403384e+01
extra,"k: nu=1/2,mu=10",F30,10,16,8.0196630228e+05
extra,"k: nu=1,mu=10",F1,10,16,2.1328992674e+04
extra,"k: nu=1,mu=10",F3,10,16,1.0210537218e+03
extra,"k: nu=1,mu=10",F4,10,16,5.4940480997e+00
extra,"k: nu=1/2,mu=10",F22,10,16,1.0199166756e+02
extra,"k: nu=1/2,mu=10",F23,10,16,3.1367916833e+02
extra,"k: nu=1/2,mu=10",F24,10,16,1.0496045657e+02
extra,"k: nu=1/2,mu=10",F25,10,16,4.0044797657e+02
extra,"k: nu=1,mu=10",F9,10,16,5.5236575456e-01
extra,"k: nu=1,mu=10",F10,10,16,1.3818691787e+03
extra,"k: nu=1,mu=10",F11,10,16,2.0356319169e+00
extra,"k: nu=1,mu=10",F12,10,16,7.6877253066e+06
extra,"k: nu=1,mu=10",F13,10,16,1.9316416920e+04
extra,"k: nu=1,mu=10",F14,10,16,1.2938032464e+02
extra,"k: nu=1,mu=10",F15,10,16,3.1221315904e+03
extra,"k: nu=1,mu=10",F16,10,16,1.3847379785e+01
extra,"k: nu=1,mu=10",F17,10,16,2.9575589822e+01
extra,"k: nu=1,mu=10",F18,10,16,1.0739045079e+04
extra,"k: nu=1,mu=10",F19,10,16,1.1838753398e+03
extra,"k: nu=1,mu=10",F20,10,16,2.6152801070e+01
extra,"k: nu=1/2,mu=10",F26,10,16,3.0011746079e+02
extra,"k: nu=1/2,mu=10",F27,10,16,3.8965128425e+02
extra,"k: nu=1/2,mu=10",F28,10,16,4.1623243619e+02
extra,"k: nu=1/2,mu=10",F29,10,16,2.5913075079e+02
extra,"k: nu=1/2,mu=5",F4,10,16,5.7444171834e+00
extra,"k: nu=1/2,mu=5",F5,10,16,2.1041222538e+01
extra,"k: nu=1/2,mu=5",F6,10,16,3.6164595720e-01
extra,"k: nu=1/2,mu=5",F7,10,16,2.1453049052e+01
extra,"k: nu=1,mu=10",F21,10,16,1.0832250262e+02
extra,"k: nu=1,mu=10",F22,10,16,1.0204707392e+02
extra,"k: nu=1,mu=10",F23,10,16,3.1634746152e+02
extra,"k: nu=1,mu=10",F24,10,16,3.2878746637e+02
extra,"k: nu=1/2,mu=5",F8,10,16,1.2033276264e+01
extra,"k: nu=1/2,mu=5",F9,10,16,4.2713288628e-03
extra,"k: nu=1/2,mu=5",F10,10,16,2.6936549682e+02
extra,"k: nu=1/2,mu=5",F11,10,16,7.3918282207e+00
extra,"k: nu=1/2,mu=5",F12,10,16,1.1148592793e+06
extra,"k: nu=1/2,mu=5",F13,10,16,2.4240567872e+04
extra,"k: nu=1/2,mu=5",F14,10,16,2.7394623314e+02
extra,"k: nu=1/2,mu=5",F15,10,16,1.4698976186e+03
extra,"k: nu=1,mu=10",F25,10,16,4.4717213291e+02
extra,"k: nu=1,mu=10",F26,10,16,3.0006321119e+02
extra,"k: nu=1,mu=10",F27,10,16,3.9307355604e+02
extra,"k: nu=1,mu=10",F28,10,16,3.8391708443e+02
extra,"k: nu=1,mu=10",F29,10,16,3.3015667800e+02
extra,"k: nu=1,mu=10",F30,10,16,1.9471980918e+06
extra,"k: nu=1/2,mu=5",F1,10,16,5.0732080659e+03
extra,"k: nu=1/2,mu=5",F3,10,16,4.9497947182e+01
extra,"k: nu=1/2,mu=5",F16,10,16,4.6345629315e+00
extra,"k: nu=1/2,mu=5",F17,10,16,4.8211230123e+01
extra,"k: nu=1/2,mu=5",F18,10,16,3.9534098089e+04
extra,"k: nu=1/2,mu=5",F19,10,16,2.3082607324e+02
extra,"k: nu=1/2,mu=20",F3,10,16,4.9134851567e+02
extra,"k: nu=1/2,mu=20",F4,10,16,7.1811186237e+00
extra,"k: nu=1/2,mu=20",F5,10,16,8.0624663029e+00
extra,"k: nu=1/2,mu=20",F6,10,16,8.7541280862e-01
extra,"k: nu=1/2,mu=5",F20,10,16,2.7570413328e+01
extra,"k: nu=1/2,mu=5",F21,10,16,2.0989365662e+02
extra,"k: nu=1/2,mu=5",F22,10,16,1.0054197577e+02
extra,"k: nu=1/2,mu=5",F23,10,16,3.4164094885e+02
extra,"k: nu=1/2,mu=20",F7,10,16,2.0433316853e+01
extra,"k: nu=1/2,mu=20",F8,10,16,7.9649867629e+00
extra,"k: nu=1/2,mu=20",F9,10,16,1.8994371123e+00
extra,"k: nu=1/2,mu=20",F10,10,16,1.2062581101e+03
extra,"k: nu=1/2,mu=5",F24,10,16,1.0092750088e+02
extra,"k: nu=1/2,mu=5",F25,10,16,3.9915179727e+02
extra,"k: nu=1/2,mu=5",F26,10,16,3.0032152456e+02
extra,"k: nu=1/2,mu=5",F27,10,16,3.8996810763e+02
extra,"k: nu=1/2,mu=20",F11,10,16,6.9294830525e+00
extra,"k: nu=1/2,mu=20",F12,10,16,4.6805304953e+06
extra,"k: nu=1/2,mu=20",F13,10,16,2.0439611565e+04
extra,"k: nu=1/2,mu=20",F14,10,16,2.1430236910e+02
extra,"k: nu=1/2,mu=5",F28,10,16,3.6504358321e+02
extra,"k: nu=1/2,mu=5",F29,10,16,2.5425477503e+02
extra,"k: nu=1/2,mu=5",F30,10,16,2.2462289658e+06
extra,"k: nu=1/2,mu=20",F1,10,16,7.4881356953e+04
extra,"k: nu=1/2,mu=20",F15,10,16,3.2594550428e+02
extra,"k: nu=1/2,mu=20",F16,10,16,1.2179496579e+01
extra,"k: nu=1/2,mu=20",F17,10,16,5.3800963538e+01
extra,"k: nu=1/2,mu=20",F18,10,16,1.3989606656e+04
extra,k=1 (plain OBL),F1,10,16,9.3335673181e+03
extra,k=1 (plain OBL),F3,10,16,2.7230249738e+02
extra,k=1 (plain OBL),F4,10,16,7.0587999946e+00
extra,k=1 (plain OBL),F5,10,16,7.9968780751e+00
extra,"k: nu=1/2,mu=20",F19,10,16,1.1438944584e+03
extra,"k: nu=1/2,mu=20",F20,10,16,2.6627586174e+01
extra,"k: nu=1/2,mu=20",F21,10,16,2.2157311597e+02
extra,"k: nu=1/2,mu=20",F22,10,16,1.0061111552e+02
extra,k=1 (plain OBL),F6,10,16,1.1465405939e+00
extra,k=1 (plain OBL),F7,10,16,3.0336349977e+01
extra,k=1 (plain OBL),F8,10,16,1.9041064234e+01
extra,k=1 (plain OBL),F9,10,16,1.4620312558e-02
extra,k=1 (plain OBL),F10,10,16,3.7446280627e+02
extra,k=1 (plain OBL),F11,10,16,2.8376661133e+00
extra,k=1 (plain OBL),F12,10,16,2.4460890240e+04
extra,k=1 (plain OBL),F13,10,16,2.0959522860e+03
extra,"k: nu=1/2,mu=20",F23,10,16,3.0809750059e+02
extra,"k: nu=1/2,mu=20",F24,10,16,3.3169522732e+02
extra,"k: nu=1/2,mu=20",F25,10,16,4.4345184975e+02
extra,"k: nu=1/2,mu=20",F26,10,16,3.0005212840e+02
extra,k=1 (plain OBL),F14,10,16,5.0327079813e+01
extra,k=1 (plain OBL),F15,10,16,4.3412826660e+03
extra,k=1 (plain OBL),F16,10,16,1.2490308572e+01
extra,k=1 (plain OBL),F17,10,16,4.2893200420e+01
extra,"k: nu=1/2,mu=20",F27,10,16,3.9344442060e+02
extra,"k: nu=1/2,mu=20",F28,10,16,6.1182197695e+02
extra,"k: nu=1/2,mu=20",F29,10,16,3.8022959477e+02
extra,"k: nu=1/2,mu=20",F30,10,16,7.9973697550e+05
extra,k=1 (plain OBL),F18,10,16,9.4339337281e+02
extra,k=1 (plain OBL),F19,10,16,1.0878059101e+02
extra,k=1 (plain OBL),F20,10,16,1.7990130788e+01
extra,k=1 (plain OBL),F21,10,16,2.0402086717e+02
extra,k=1 (plain OBL),F22,10,16,1.0098662471e+02
extra,k=1 (plain OBL),F23,10,16,3.1747816584e+02
extra,k=1 (plain OBL),F24,10,16,3.4637303377e+02
extra,k=1 (plain OBL),F25,10,16,3.9872558022e+02
extra,N=10,F5,10,17,1.1036495778e+01
extra,N=10,F6,10,17,1.6435039358e+00
extra,N=10,F7,10,17,3.0144707958e+01
extra,N=10,F8,10,17,1.7003248631e+01
extra,k=1 (plain OBL),F30,10,16,8.6149629914e+05
extra,N=10,F1,10,17,9.1294613544e+03
extra,N=10,F3,10,17,6.4705532729e+01
extra,N=10,F4,10,17,6.9444804870e+00
extra,k=1 (plain OBL),F26,10,16,3.0024458182e+02
extra,k=1 (plain OBL),F27,10,16,3.9284312550e+02
extra,k=1 (plain OBL),F28,10,16,6.1182169517e+02
extra,k=1 (plain OBL),F29,10,16,2.7674852682e+02
extra,N=10,F9,10,17,2.3495635380e+00
extra,N=10,F10,10,17,6.3863762903e+02
extra,N=10,F11,10,17,3.0300172539e+01
extra,N=10,F12,10,17,1.1279728889e+07
extra,N=10,F13,10,17,1.8517169034e+03
extra,N=10,F14,10,17,5.3307272254e+02
extra,N=10,F15,10,17,6.2329744838e+03
extra,N=10,F16,10,17,5.5824542010e+00
extra,N=10,F17,10,17,4.3376680247e+01
extra,N=10,F18,10,17,1.8816905481e+04
extra,N=10,F19,10,17,1.6610760827e+03
extra,N=10,F20,10,17,3.2659792613e+01
extra,N=20,F4,10,17,6.4379032108e+00
extra,N=20,F5,10,17,1.3934325967e+01
extra,N=20,F6,10,17,1.3869029738e+00
extra,N=20,F7,10,17,3.3900961479e+01
extra,N=10,F21,10,17,2.2273909272e+02
extra,N=10,F22,10,17,1.0164173645e+02
extra,N=10,F23,10,17,3.3272936144e+02
extra,N=10,F24,10,17,3.4493648550e+02
extra,N=20,F8,10,17,2.2884058670e+01
extra,N=20,F9,10,17,7.0372015250e-04
extra,N=20,F10,10,17,3.7542228732e+02
extra,N=20,F11,10,17,8.8356048579e+00
extra,N=20,F12,10,17,2.0237901050e+06
extra,N=20,F13,10,17,1.1261742345e+04
extra,N=20,F14,10,17,2.6304956696e+02
extra,N=20,F15,10,17,4.0834295497e+03
extra,N=20,F16,10,17,5.1679325260e+00
extra,N=20,F17,10,17,5.2424603498e+01
extra,N=20,F18,10,17,2.1664199727e+03
extra,N=20,F19,10,17,5.0622510736e+02
extra,N=10,F29,10,17,2.7637773923e+02
extra,N=10,F30,10,17,7.7230502355e+04
extra,N=20,F1,10,17,6.8447863251e+03
extra,N=20,F3,10,17,1.9562399697e+02
extra,N=10,F25,10,17,4.4780612219e+02
extra,N=10,F26,10,17,4.7382989467e+02
extra,N=10,F27,10,17,3.9746150853e+02
extra,N=10,F28,10,17,4.0716172102e+02
extra,N=50,F3,10,17,1.2920137310e+02
extra,N=50,F4,10,17,5.1425380603e+00
extra,N=50,F5,10,17,9.4097984771e+00
extra,N=50,F6,10,17,3.1858415528e-01
extra,N=20,F20,10,17,2.6929092752e+01
extra,N=20,F21,10,17,2.1203775113e+02
extra,N=20,F22,10,17,1.0063930197e+02
extra,N=20,F23,10,17,3.1083126351e+02
extra,N=50,F7,10,17,2.0421506916e+01
extra,N=50,F8,10,17,6.9740838761e+00
extra,N=50,F9,10,17,6.9262299764e-01
extra,N=50,F10,10,17,1.4566947621e+02
extra,N=50,F11,10,17,9.6312818513e+00
extra,N=50,F12,10,17,1.4382567269e+06
extra,N=50,F13,10,17,7.6252866000e+03
extra,N=50,F14,10,17,1.1300229429e+02
extra,N=50,F15,10,17,4.9331247766e+02
extra,N=50,F16,10,17,3.9261421391e+01
extra,N=50,F17,10,17,3.2326314298e+01
extra,N=50,F18,10,17,2.4340414327e+04
extra,N=50,F19,10,17,1.2474637748e+03
extra,N=50,F20,10,17,2.7201556825e+01
extra,N=50,F21,10,17,2.1503022467e+02
extra,N=50,F22,10,17,1.0192051200e+02
extra,N=20,F24,10,17,3.4738451903e+02
extra,N=20,F25,10,17,4.4386269585e+02
extra,N=20,F26,10,17,3.0006638040e+02
extra,N=20,F27,10,17,3.8959134771e+02
extra,N=100,F1,10,17,2.6597688692e+06
extra,N=100,F3,10,17,4.9455177456e+02
extra,N=100,F4,10,17,6.8656020563e+00
extra,N=100,F5,10,17,4.1239831532e+00
extra,N=100,F6,10,17,8.9002366729e-01
extra,N=100,F7,10,17,2.8594507192e+01
extra,N=100,F8,10,17,1.2023453172e+01
extra,N=100,F9,10,17,7.1932818869e+00
extra,N=20,F28,10,17,5.8375190366e+02
extra,N=20,F29,10,17,2.6408281790e+02
extra,N=20,F30,10,17,5.3099104391e+04
extra,N=50,F1,10,17,2.5874295370e+05
extra,N=50,F23,10,17,3.1937467879e+02
extra,N=50,F24,10,17,3.3807958620e+02
extra,N=50,F25,10,17,4.0062253226e+02
extra,N=50,F26,10,17,3.0128895768e+02
extra,N=100,F10,10,17,8.9656884808e+02
extra,N=100,F11,10,17,9.8940228150e+00
extra,N=100,F12,10,17,2.7736385342e+06
extra,N=100,F13,10,17,1.3186425141e+03
extra,N=100,F14,10,17,3.1753492953e+02
extra,N=100,F15,10,17,3.6355631024e+03
extra,N=100,F16,10,17,4.8615790994e+00
extra,N=100,F17,10,17,4.5188570078e+01
extra,N=100,F18,10,17,3.4046490873e+03
extra,N=100,F19,10,17,1.3126739014e+02
extra,N=100,F20,10,17,4.8118177346e+01
extra,N=100,F21,10,17,2.1696019129e+02
extra,N=100,F22,10,17,1.0507006549e+02
extra,N=100,F23,10,17,3.1464628241e+02
extra,N=100,F24,10,17,3.5128811359e+02
extra,N=100,F25,10,17,3.9909169770e+02
extra,N=100,F30,10,17,2.6198985094e+06
extra,beta=1.1,F1,10,17,2.5152899756e+04
extra,beta=1.1,F3,10,17,3.3574578445e+01
extra,beta=1.1,F4,10,17,7.0475046934e+00
extra,N=50,F27,10,17,3.9212852481e+02
extra,N=50,F28,10,17,6.1182237106e+02
extra,N=50,F29,10,17,3.7772545327e+02
extra,N=50,F30,10,17,8.5272272979e+05
extra,N=100,F26,10,17,3.0218788395e+02
extra,N=100,F27,10,17,3.9273647738e+02
extra,N=100,F28,10,17,3.6891966172e+02
extra,N=100,F29,10,17,2.4107663334e+02
extra,beta=1.1,F5,10,17,2.1722077798e+01
extra,beta=1.1,F6,10,17,8.0268152133e-01
extra,beta=1.1,F7,10,17,3.1479934030e+01
extra,beta=1.1,F8,10,17,1.1987259854e+01
extra,beta=1.1,F9,10,17,2.6944898596e-03
extra,beta=1.1,F10,10,17,3.4965774589e+02
extra,beta=1.1,F11,10,17,3.9257722805e+00
extra,beta=1.1,F12,10,17,3.7266687726e+05
extra,beta=1.1,F13,10,17,6.4263742175e+03
extra,beta=1.1,F14,10,17,8.4061314106e+01
extra,beta=1.1,F15,10,17,2.4729742223e+03
extra,beta=1.1,F16,10,17,3.6244861230e+00
extra,beta=1.1,F17,10,17,1.7957221410e+01
extra,beta=1.1,F18,10,17,2.0716201012e+04
extra,beta=1.1,F19,10,17,9.8831570115e+02
extra,beta=1.1,F20,10,17,3.2464905610e+01
extra,beta=1.3,F4,10,17,7.0663175997e+00
extra,beta=1.3,F5,10,17,3.9813691224e+00
extra,beta=1.3,F6,10,17,3.7066724280e-01
extra,beta=1.3,F7,10,17,2.1845813291e+01
extra,beta=1.1,F21,10,17,1.0348719392e+02
extra,beta=1.1,F22,10,17,1.0124204681e+02
extra,beta=1.1,F23,10,17,3.1366394375e+02
extra,beta=1.1,F24,10,17,1.0076902442e+02
extra,beta=1.3,F8,10,17,3.9899199878e+00
extra,beta=1.3,F9,10,17,2.9399589065e-03
extra,beta=1.3,F10,10,17,3.8205334605e+02
extra,beta=1.3,F11,10,17,3.2923791173e+00
extra,beta=1.1,F29,10,17,2.7398875591e+02
extra,beta=1.1,F30,10,17,1.8538275635e+06
extra,beta=1.3,F1,10,17,3.9876659410e+03
extra,beta=1.3,F3,10,17,3.5958645246e+02
extra,beta=1.3,F12,10,17,8.1823811634e+05
extra,beta=1.3,F13,10,17,2.9290978980e+04
extra,beta=1.3,F14,10,17,5.8862698431e+02
extra,beta=1.3,F15,10,17,2.8584150969e+03
extra,beta=1.1,F25,10,17,3.9963457491e+02
extra,beta=1.1,F26,10,17,3.4717855343e+02
extra,beta=1.1,F27,10,17,3.9011212018e+02
extra,beta=1.1,F28,10,17,4.2917248046e+02
extra,beta=1.3,F16,10,17,2.2543460536e+00
extra,beta=1.3,F17,10,17,4.0446411371e+01
extra,beta=1.3,F18,10,17,4.6070583830e+03
extra,beta=1.3,F19,10,17,1.5683339284e+03
extra,beta=1.3,F20,10,17,3.2580856574e+01
extra,beta=1.3,F21,10,17,2.0465991989e+02
extra,beta=1.3,F22,10,17,1.0363562382e+02
extra,beta=1.3,F23,10,17,3.1979369752e+02
extra,beta=1.5,F3,10,17,9.8584745175e+01
extra,beta=1.5,F4,10,17,5.1372695004e+00
extra,beta=1.5,F5,10,17,1.6939267696e+01
extra,beta=1.5,F6,10,17,6.4850660423e-01
extra,beta=1.5,F7,10,17,2.8836491516e+01
extra,beta=1.5,F8,10,17,9.3185599108e+00
extra,beta=1.5,F9,10,17,9.2911809141e-02
extra,beta=1.5,F10,10,17,7.3208275933e+02
extra,beta=1.3,F24,10,17,3.4327123583e+02
extra,beta=1.3,F25,10,17,3.9824687463e+02
extra,beta=1.3,F26,10,17,3.0065361954e+02
extra,beta=1.3,F27,10,17,3.9510136030e+02
extra,beta=1.5,F11,10,17,6.7890050058e+00
extra,beta=1.5,F12,10,17,1.8407050102e+06
extra,beta=1.5,F13,10,17,3.1069566124e+03
extra,beta=1.5,F14,10,17,1.0048387983e+02
extra,beta=1.5,F15,10,17,3.0201103854e+02
extra,beta=1.5,F16,10,17,1.2515317065e+00
extra,beta=1.5,F17,10,17,4.0927569437e+01
extra,beta=1.5,F18,10,17,8.8872675719e+03
extra,beta=1.3,F28,10,17,6.0274868415e+02
extra,beta=1.3,F29,10,17,2.3684309677e+02
extra,beta=1.3,F30,10,17,6.5824615896e+05
extra,beta=1.5,F1,10,17,2.7527502556e+03
extra,beta=1.9,F1,10,17,3.0563294719e+04
extra,beta=1.9,F3,10,17,9.9007327185e+01
extra,beta=1.9,F4,10,17,5.9334975175e+00
extra,beta=1.9,F5,10,17,8.9601601407e+00
extra,beta=1.5,F19,10,17,1.4384459400e+02
extra,beta=1.5,F20,10,17,5.9195270939e+01
extra,beta=1.5,F21,10,17,2.0988283064e+02
extra,beta=1.5,F22,10,17,1.0066366262e+02
extra,beta=1.9,F6,10,17,2.5586002233e-01
extra,beta=1.9,F7,10,17,2.0062843560e+01
extra,beta=1.9,F8,10,17,5.0033855046e+00
extra,beta=1.9,F9,10,17,3.5407128825e+00
extra,beta=1.5,F23,10,17,3.1855527277e+02
extra,beta=1.5,F24,10,17,1.0151211303e+02
extra,beta=1.5,F25,10,17,4.4750645668e+02
extra,beta=1.5,F26,10,17,3.0006820849e+02
extra,beta=1.9,F10,10,17,5.4351578213e+02
extra,beta=1.9,F11,10,17,8.0718327254e+00
extra,beta=1.9,F12,10,17,1.1319935256e+05
extra,beta=1.9,F13,10,17,5.3907298279e+03
extra,beta=1.9,F14,10,17,1.6148001905e+02
extra,beta=1.9,F15,10,17,5.7310071578e+03
extra,beta=1.9,F16,10,17,4.7276537850e+00
extra,beta=1.9,F17,10,17,3.8701538214e+01
extra,beta=1.9,F18,10,17,2.0812589787e+04
extra,beta=1.9,F19,10,17,1.8265268389e+04
extra,beta=1.9,F20,10,17,2.3125066278e+01
extra,beta=1.9,F21,10,17,2.1544664590e+02
extra,beta=1.5,F27,10,17,3.9076682900e+02
extra,beta=1.5,F28,10,17,3.8969455802e+02
extra,beta=1.5,F29,10,17,2.7111587286e+02
extra,beta=1.5,F30,10,17,6.6601108395e+04
extra,beta=1.9,F22,10,17,1.0103196465e+02
extra,beta=1.9,F23,10,17,3.1434591006e+02
extra,beta=1.9,F24,10,17,3.3639754771e+02
extra,beta=1.9,F25,10,17,3.9991315097e+02
extra,"stage=T/3,2T/3",F5,10,17,1.4294356445e+01
extra,"stage=T/3,2T/3",F6,10,17,5.1644799807e+00
extra,"stage=T/3,2T/3",F7,10,17,1.7398593938e+01
extra,"stage=T/3,2T/3",F8,10,17,1.1943756658e+01
extra,beta=1.9,F30,10,17,2.0737363692e+05
extra,"stage=T/3,2T/3",F1,10,17,3.5228611968e+04
extra,"stage=T/3,2T/3",F3,10,17,1.4353900938e+02
extra,"stage=T/3,2T/3",F4,10,17,7.0310169555e+00
extra,"stage=T/3,2T/3",F9,10,17,8.9752431019e-03
extra,"stage=T/3,2T/3",F10,10,17,1.0461887031e+03
extra,"stage=T/3,2T/3",F11,10,17,7.7638654999e+00
extra,"stage=T/3,2T/3",F12,10,17,1.0178962980e+06
extra,"stage=T/3,2T/3",F13,10,17,1.4160303335e+04
extra,"stage=T/3,2T/3",F14,10,17,1.4484657594e+02
extra,"stage=T/3,2T/3",F15,10,17,2.8203083298e+03
extra,"stage=T/3,2T/3",F16,10,17,4.7087295373e+00
extra,beta=1.9,F26,10,17,3.0004348085e+02
extra,beta=1.9,F27,10,17,3.9508196071e+02
extra,beta=1.9,F28,10,17,3.7412880525e+02
extra,beta=1.9,F29,10,17,2.8974243371e+02
extra,"stage=T/3,2T/3",F17,10,17,5.2108814575e+01
extra,"stage=T/3,2T/3",F18,10,17,1.1105596509e+04
extra,"stage=T/3,2T/3",F19,10,17,1.9501479841e+02
extra,"stage=T/3,2T/3",F20,10,17,2.8021857413e+01
extra,"stage=T/4,3T/4",F4,10,17,6.5122983687e+00
extra,"stage=T/4,3T/4",F5,10,17,6.9773154101e+00
extra,"stage=T/4,3T/4",F6,10,17,8.0805956347e-01
extra,"stage=T/4,3T/4",F7,10,17,2.3044445790e+01
extra,"stage=T/3,2T/3",F21,10,17,1.0378617768e+02
extra,"stage=T/3,2T/3",F22,10,17,1.0173000253e+02
extra,"stage=T/3,2T/3",F23,10,17,3.1580682176e+02
extra,"stage=T/3,2T/3",F24,10,17,3.5279460143e+02
extra,"stage=T/4,3T/4",F8,10,17,7.9643924428e+00
extra,"stage=T/4,3T/4",F9,10,17,3.1319436891e-04
extra,"stage=T/4,3T/4",F10,10,17,6.7980961081e+02
extra,"stage=T/4,3T/4",F11,10,17,4.1855675512e+00
extra,"stage=T/3,2T/3",F29,10,17,3.0736511022e+02
extra,"stage=T/3,2T/3",F30,10,17,4.8523420702e+05
extra,"stage=T/4,3T/4",F1,10,17,1.8950686641e+03
extra,"stage=T/4,3T/4",F3,10,17,3.0769943479e+02
extra,"stage=T/4,3T/4",F12,10,17,2.0456137088e+06
extra,"stage=T/4,3T/4",F13,10,17,2.6045584702e+02
extra,"stage=T/4,3T/4",F14,10,17,2.3657515000e+02
extra,"stage=T/4,3T/4",F15,10,17,7.2271968042e+03
extra,"stage=T/3,2T/3",F25,10,17,3.9965741201e+02
extra,"stage=T/3,2T/3",F26,10,17,3.4714933310e+02
extra,"stage=T/3,2T/3",F27,10,17,3.9095489065e+02
extra,"stage=T/3,2T/3",F28,10,17,3.6860290316e+02
extra,"stage=T/4,3T/4",F16,10,17,1.6744819489e+02
extra,"stage=T/4,3T/4",F17,10,17,5.0872353669e+01
extra,"stage=T/4,3T/4",F18,10,17,1.4738149028e+03
extra,"stage=T/4,3T/4",F19,10,17,8.5841840374e+01
extra,"stage=T/2,3T/4",F3,10,17,9.1162776649e+01
extra,"stage=T/2,3T/4",F4,10,17,3.6055145657e+00
extra,"stage=T/2,3T/4",F5,10,17,1.7363222124e+01
extra,"stage=T/2,3T/4",F6,10,17,6.5878373065e-01
extra,"stage=T/4,3T/4",F20,10,17,2.3165501240e+01
extra,"stage=T/4,3T/4",F21,10,17,2.1324083813e+02
extra,"stage=T/4,3T/4",F22,10,17,1.0100800573e+02
extra,"stage=T/4,3T/4",F23,10,17,3.0592371999e+02
extra,"stage=T/2,3T/4",F7,10,17,2.5490949052e+01
extra,"stage=T/2,3T/4",F8,10,17,1.5999228153e+01
extra,"stage=T/2,3T/4",F9,10,17,2.1489509979e-02
extra,"stage=T/2,3T/4",F10,10,17,9.6634697404e+02
extra,"stage=T/4,3T/4",F24,10,17,3.4612863427e+02
extra,"stage=T/4,3T/4",F25,10,17,3.9992753955e+02
extra,"stage=T/4,3T/4",F26,10,17,3.0012127944e+02
extra,"stage=T/4,3T/4",F27,10,17,3.8953916345e+02
extra,"stage=T/2,3T/4",F11,10,17,5.3634587115e+00
extra,"stage=T/2,3T/4",F12,10,17,1.2553148321e+06
extra,"stage=T/2,3T/4",F13,10,17,1.8589381780e+04
extra,"stage=T/2,3T/4",F14,10,17,1.8114878217e+02
extra,"stage=T/4,3T/4",F28,10,17,3.9327826756e+02
extra,"stage=T/4,3T/4",F29,10,17,2.7671829472e+02
extra,"stage=T/4,3T/4",F30,10,17,2.8641897968e+06
extra,"stage=T/2,3T/4",F1,10,17,3.2552754952e+04
extra,"stage=T/2,3T/4",F15,10,17,4.7413463025e+03
extra,"stage=T/2,3T/4",F16,10,17,3.2542206473e+00
extra,"stage=T/2,3T/4",F17,10,17,4.7337344430e+01
extra,"stage=T/2,3T/4",F18,10,17,8.9894398593e+02
extra,"stage=T/5,4T/5",F1,10,17,2.5043069159e+01
extra,"stage=T/5,4T/5",F3,10,17,2.4524671034e+02
extra,"stage=T/5,4T/5",F4,10,17,6.5264038941e+00
extra,"stage=T/5,4T/5",F5,10,17,6.9882170643e+00
extra,"stage=T/2,3T/4",F19,10,17,3.8462098877e+03
extra,"stage=T/2,3T/4",F20,10,17,2.3264264153e+01
extra,"stage=T/2,3T/4",F21,10,17,1.0352243797e+02
extra,"stage=T/2,3T/4",F22,10,17,1.0034918712e+02
extra,"stage=T/5,4T/5",F6,10,17,1.8444164386e-01
extra,"stage=T/5,4T/5",F7,10,17,3.0163044391e+01
extra,"stage=T/5,4T/5",F8,10,17,1.1943657217e+01
extra,"stage=T/5,4T/5",F9,10,17,2.3934209964e-03
extra,"stage=T/2,3T/4",F23,10,17,3.1528018856e+02
extra,"stage=T/2,3T/4",F24,10,17,3.3985717269e+02
extra,"stage=T/2,3T/4",F25,10,17,3.9810451197e+02
extra,"stage=T/2,3T/4",F26,10,17,3.0007661456e+02
extra,"stage=T/5,4T/5",F10,10,17,6.5979837799e+02
extra,"stage=T/5,4T/5",F11,10,17,1.4145445162e+01
extra,"stage=T/5,4T/5",F12,10,17,6.8097971461e+04
extra,"stage=T/5,4T/5",F13,10,17,1.8026495905e+03
extra,"stage=T/5,4T/5",F14,10,17,3.0990143552e+02
extra,"stage=T/5,4T/5",F15,10,17,2.0319529158e+03
extra,"stage=T/5,4T/5",F16,10,17,3.8954334967e+01
extra,"stage=T/5,4T/5",F17,10,17,3.4977198053e+01
extra,"stage=T/2,3T/4",F27,10,17,3.9167338857e+02
extra,"stage=T/2,3T/4",F28,10,17,5.8375560871e+02
extra,"stage=T/2,3T/4",F29,10,17,2.6999923708e+02
extra,"stage=T/2,3T/4",F30,10,17,6.9878751618e+05
extra,"stage=T/5,4T/5",F18,10,17,9.0988285040e+03
extra,"stage=T/5,4T/5",F19,10,17,7.1271328186e+02
extra,"stage=T/5,4T/5",F20,10,17,2.2291584959e+01
extra,"stage=T/5,4T/5",F21,10,17,2.1108328061e+02
extra,"k: nu=1/2,mu=10",F5,10,17,1.2937645972e+01
extra,"k: nu=1/2,mu=10",F6,10,17,6.0370344643e-01
extra,"k: nu=1/2,mu=10",F7,10,17,1.5909199374e+01
extra,"k: nu=1/2,mu=10",F8,10,17,1.5934114348e+01
extra,"stage=T/5,4T/5",F22,10,17,1.0156468747e+02
extra,"stage=T/5,4T/5",F23,10,17,3.1641860863e+02
extra,"stage=T/5,4T/5",F24,10,17,1.0031441535e+02
extra,"stage=T/5,4T/5",F25,10,17,4.4754270005e+02
extra,"stage=T/5,4T/5",F30,10,17,6.3577596072e+04
extra,"k: nu=1/2,mu=10",F1,10,17,1.5478335328e+03
extra,"k: nu=1/2,mu=10",F3,10,17,2.1660163393e+02
extra,"k: nu=1/2,mu=10",F4,10,17,6.2044674357e+00
extra,"k: nu=1/2,mu=10",F9,10,17,1.1697577517e-03
extra,"k: nu=1/2,mu=10",F10,10,17,7.0812446011e+02
extra,"k: nu=1/2,mu=10",F11,10,17,1.1338871460e+01
extra,"k: nu=1/2,mu=10",F12,10,17,7.5074156146e+05
extra,"k: nu=1/2,mu=10",F13,10,17,4.5385436372e+03
extra,"k: nu=1/2,mu=10",F14,10,17,2.0711513209e+02
extra,"k: nu=1/2,mu=10",F15,10,17,1.0059273727e+03
extra,"k: nu=1/2,mu=10",F16,10,17,1.6928069318e+02
extra,"stage=T/5,4T/5",F26,10,17,3.0008040683e+02
extra,"stage=T/5,4T/5",F27,10,17,3.9300170215e+02
extra,"stage=T/5,4T/5",F28,10,17,4.1698584257e+02
extra,"stage=T/5,4T/5",F29,10,17,3.0076547893e+02
extra,"k: nu=1/2,mu=10",F17,10,17,4.3248054679e+01
extra,"k: nu=1/2,mu=10",F18,10,17,4.2696264812e+03
extra,"k: nu=1/2,mu=10",F19,10,17,5.3475176696e+03
extra,"k: nu=1/2,mu=10",F20,10,17,2.3104510779e+01
extra,"k: nu=1/2,mu=10",F21,10,17,1.0956296211e+02
extra,"k: nu=1/2,mu=10",F22,10,17,1.0066348859e+02
extra,"k: nu=1/2,mu=10",F23,10,17,3.2393736431e+02
extra,"k: nu=1/2,mu=10",F24,10,17,3.3882951178e+02
extra,"k: nu=1,mu=10",F4,10,17,5.8882322522e+00
extra,"k: nu=1,mu=10",F5,10,17,6.0438532133e+00
extra,"k: nu=1,mu=10",F6,10,17,1.1065786234e+00
extra,"k: nu=1,mu=10",F7,10,17,2.0853474320e+01
extra,"k: nu=1/2,mu=10",F29,10,17,3.1833668794e+02
extra,"k: nu=1/2,mu=10",F30,10,17,1.7178193942e+04
extra,"k: nu=1,mu=10",F1,10,17,4.8774857513e+04
extra,"k: nu=1,mu=10",F3,10,17,1.2049357722e+02
extra,"k: nu=1,mu=10",F8,10,17,1.0512943967e+01
extra,"k: nu=1,mu=10",F9,10,17,8.2488036939e-02
extra,"k: nu=1,mu=10",F10,10,17,5.0595315686e+02
extra,"k: nu=1,mu=10",F11,10,17,5.1282987496e+00
extra,"k: nu=1/2,mu=10",F25,10,17,4.0014013935e+02
extra,"k: nu=1/2,mu=10",F26,10,17,3.0009250646e+02
extra,"k: nu=1/2,mu=10",F27,10,17,3.8939708159e+02
extra,"k: nu=1/2,mu=10",F28,10,17,6.1182218314e+02
extra,"k: nu=1,mu=10",F12,10,17,4.0475924422e+06
extra,"k: nu=1,mu=10",F13,10,17,8.3362581454e+03
extra,"k: nu=1,mu=10",F14,10,17,2.8828296981e+02
extra,"k: nu=1,mu=10",F15,10,17,3.0879296826e+03
extra,"k: nu=1,mu=10",F16,10,17,1.9613817405e+01
extra,"k: nu=1,mu=10",F17,10,17,4.1402377970e+01
extra,"k: nu=1,mu=10",F18,10,17,4.4097729284e+03
extra,"k: nu=1,mu=10",F19,10,17,8.7182630170e+02
extra,"k: nu=1/2,mu=5",F3,10,17,1.1322929249e+02
extra,"k: nu=1/2,mu=5",F4,10,17,7.6646523220e+00
extra,"k: nu=1/2,mu=5",F5,10,17,1.5116388421e+01
extra,"k: nu=1/2,mu=5",F6,10,17,1.0743178873e+00
extra,"k: nu=1,mu=10",F20,10,17,2.4296813671e+01
extra,"k: nu=1,mu=10",F21,10,17,1.0509246134e+02
extra,"k: nu=1,mu=10",F22,10,17,1.0227889807e+02
extra,"k: nu=1,mu=10",F23,10,17,3.2375277915e+02
extra,"k: nu=1/2,mu=5",F7,10,17,2.0045432552e+01
extra,"k: nu=1/2,mu=5",F8,10,17,4.9773151295e+00
extra,"k: nu=1/2,mu=5",F9,10,17,5.8736744139e-03
extra,"k: nu=1/2,mu=5",F10,10,17,6.7828870327e+02
extra,"k: nu=1,mu=10",F24,10,17,3.3881754094e+02
extra,"k: nu=1,mu=10",F25,10,17,4.0296469613e+02
extra,"k: nu=1,mu=10",F26,10,17,3.4715254928e+02
extra,"k: nu=1,mu=10",F27,10,17,3.8987382078e+02
extra,"k: nu=1/2,mu=5",F11,10,17,1.8881135233e+01
extra,"k: nu=1/2,mu=5",F12,10,17,5.7363616894e+05
extra,"k: nu=1/2,mu=5",F13,10,17,2.2009659348e+02
extra,"k: nu=1/2,mu=5",F14,10,17,1.7297317577e+02
extra,"k: nu=1,mu=10",F28,10,17,4.1682999327e+02
extra,"k: nu=1,mu=10",F29,10,17,2.5994318820e+02
extra,"k: nu=1,mu=10",F30,10,17,5.2409259182e+04
extra,"k: nu=1/2,mu=5",F1,10,17,9.1484241571e+04
extra,"k: nu=1/2,mu=5",F15,10,17,4.7427610626e+02
extra,"k: nu=1/2,mu=5",F16,10,17,1.4797280767e+02
extra,"k: nu=1/2,mu=5",F17,10,17,4.3199522255e+01
extra,"k: nu=1/2,mu=5",F18,10,17,1.8694293365e+04
extra,"k: nu=1/2,mu=20",F1,10,17,9.4000056599e+02
extra,"k: nu=1/2,mu=20",F3,10,17,1.5329814880e+02
extra,"k: nu=1/2,mu=20",F4,10,17,7.1677552209e+00
extra,"k: nu=1/2,mu=20",F5,10,17,9.0739767179e+00
extra,"k: nu=1/2,mu=5",F19,10,17,8.9985402685e+02
extra,"k: nu=1/2,mu=5",F20,10,17,3.0826530239e+01
extra,"k: nu=1/2,mu=5",F21,10,17,1.0708124213e+02
extra,"k: nu=1/2,mu=5",F22,10,17,1.0251032455e+02
extra,"k: nu=1/2,mu=20",F6,10,17,7.2868804320e-02
extra,"k: nu=1/2,mu=20",F7,10,17,2.6528622300e+01
extra,"k: nu=1/2,mu=20",F8,10,17,1.3960666941e+01
extra,"k: nu=1/2,mu=20",F9,10,17,1.6953826243e-01
extra,"k: nu=1/2,mu=20",F10,10,17,7.9393591354e+02
extra,"k: nu=1/2,mu=20",F11,10,17,5.9513240601e+00
extra,"k: nu=1/2,mu=20",F12,10,17,1.6192208683e+06
extra,"k: nu=1/2,mu=20",F13,10,17,9.8643748223e+02
extra,"k: nu=1/2,mu=5",F23,10,17,3.2451912664e+02
extra,"k: nu=1/2,mu=5",F24,10,17,1.0347863533e+02
extra,"k: nu=1/2,mu=5",F25,10,17,4.4759889932e+02
extra,"k: nu=1/2,mu=5",F26,10,17,3.0007509385e+02
extra,"k: nu=1/2,mu=20",F14,10,17,1.5006624020e+02
extra,"k: nu=1/2,mu=20",F15,10,17,4.1023177189e+02
extra,"k: nu=1/2,mu=20",F16,10,17,1.0139872073e+01
extra,"k: nu=1/2,mu=20",F17,10,17,2.5443566972e+01
extra,"k: nu=1/2,mu=5",F27,10,17,3.9010943353e+02
extra,"k: nu=1/2,mu=5",F28,10,17,4.1618408479e+02
extra,"k: nu=1/2,mu=5",F29,10,17,2.7938741302e+02
extra,"k: nu=1/2,mu=5",F30,10,17,7.1781419446e+05
extra,"k: nu=1/2,mu=20",F18,10,17,7.8239288490e+03
extra,"k: nu=1/2,mu=20",F19,10,17,2.6720425171e+03
extra,"k: nu=1/2,mu=20",F20,10,17,2.8769834813e+01
extra,"k: nu=1/2,mu=20",F21,10,17,1.0368239298e+02
extra,k=1 (plain OBL),F5,10,17,1.0108855519e+01
extra,k=1 (plain OBL),F6,10,17,1.9836328608e-01
extra,k=1 (plain OBL),F7,10,17,4.4840443741e+01
extra,k=1 (plain OBL),F8,10,17,1.2946301854e+01
extra,"k: nu=1/2,mu=20",F22,10,17,1.0164727059e+02
extra,"k: nu=1/2,mu=20",F23,10,17,3.1068385572e+02
extra,"k: nu=1/2,mu=20",F24,10,17,3.4654075016e+02
extra,"k: nu=1/2,mu=20",F25,10,17,3.9974477311e+02
extra,"k: nu=1/2,mu=20",F30,10,17,8.0953886886e+05
extra,k=1 (plain OBL),F1,10,17,1.8218566102e+04
extra,k=1 (plain OBL),F3,10,17,3.1861523731e+02
extra,k=1 (plain OBL),F4,10,17,7.0206947296e+00
extra,k=1 (plain OBL),F9,10,17,3.9919061632e-03
extra,k=1 (plain OBL),F10,10,17,5.8912986964e+02
extra,k=1 (plain OBL),F11,10,17,5.0105026916e+00
extra,k=1 (plain OBL),F12,10,17,6.6881459812e+06
extra,k=1 (plain OBL),F13,10,17,1.3871341010e+04
extra,k=1 (plain OBL),F14,10,17,1.7947092369e+02
extra,k=1 (plain OBL),F15,10,17,2.0807930100e+03
extra,k=1 (plain OBL),F16,10,17,4.6023766163e+01
extra,"k: nu=1/2,mu=20",F26,10,17,3.0004635958e+02
extra,"k: nu=1/2,mu=20",F27,10,17,3.9437169339e+02
extra,"k: nu=1/2,mu=20",F28,10,17,6.1182166719e+02
extra,"k: nu=1/2,mu=20",F29,10,17,3.4499082888e+02
extra,k=1 (plain OBL),F17,10,17,1.4888447319e+01
extra,k=1 (plain OBL),F18,10,17,5.2273606534e+03
extra,k=1 (plain OBL),F19,10,17,9.5864147850e+03
extra,k=1 (plain OBL),F20,10,17,3.4847593534e+01
extra,k=1 (plain OBL),F21,10,17,1.0425079250e+02
extra,k=1 (plain OBL),F22,10,17,1.0669579150e+02
extra,k=1 (plain OBL),F23,10,17,3.1616751655e+02
extra,k=1 (plain OBL),F24,10,17,3.3734403364e+02
extra,N=10,F4,10,18,6.6947483101e+00
extra,N=10,F5,10,18,1.5920489370e+01
extra,N=10,F6,10,18,2.5335276030e+00
extra,N=10,F7,10,18,2.9881199432e+01
extra,k=1 (plain OBL),F29,10,17,2.8796863047e+02
extra,k=1 (plain OBL),F30,10,17,2.2033846636e+06
extra,N=10,F1,10,18,8.6314194128e+03
extra,N=10,F3,10,18,8.0193888087e+01
extra,k=1 (plain OBL),F25,10,17,4.0003127968e+02
extra,k=1 (plain OBL),F26,10,17,3.0010095420e+02
extra,k=1 (plain OBL),F27,10,17,3.9462254126e+02
extra,k=1 (plain OBL),F28,10,17,6.1182166823e+02
extra,N=10,F8,10,18,1.6914495977e+01
extra,N=10,F9,10,18,8.9539052838e-02
extra,N=10,F10,10,18,3.7074241427e+02
extra,N=10,F11,10,18,4.4359922497e+01
extra,N=10,F12,10,18,3.0154637734e+04
extra,N=10,F13,10,18,4.4278755694e+03
extra,N=10,F14,10,18,7.5753877533e+01
extra,N=10,F15,10,18,4.4036816599e+02
extra,N=10,F16,10,18,8.0729038326e+00
extra,N=10,F17,10,18,3.4079229595e+00
extra,N=10,F18,10,18,4.5918088040e+03
extra,N=10,F19,10,18,1.0175136686e+03
extra,N=20,F3,10,18,2.3647583026e+02
extra,N=20,F4,10,18,1.7007064033e-02
extra,N=20,F5,10,18,9.8124673823e+00
extra,N=20,F6,10,18,2.1379426688e-01
extra,N=10,F20,10,18,6.1648046773e+00
extra,N=10,F21,10,18,1.0541662532e+02
extra,N=10,F22,10,18,1.0249138863e+02
extra,N=10,F23,10,18,3.3032896514e+02
extra,N=20,F7,10,18,1.7038950065e+01
extra,N=20,F8,10,18,2.8145287618e+01
extra,N=20,F9,10,18,9.1034523081e-01
extra,N=20,F10,10,18,4.9755268254e+02
extra,N=10,F24,10,18,3.4290009574e+02
extra,N=10,F25,10,18,4.4806692030e+02
extra,N=10,F26,10,18,3.0001852515e+02
extra,N=10,F27,10,18,3.9518182107e+02
extra,N=20,F11,10,18,1.7858034746e+01
extra,N=20,F12,10,18,7.5060254763e+04
extra,N=20,F13,10,18,1.1518376810e+04
extra,N=20,F14,10,18,9.9915846210e+01
extra,N=20,F15,10,18,4.1832822232e+03
extra,N=20,F16,10,18,3.1879746204e+00
extra,N=20,F17,10,18,4.6811423492e+01
extra,N=20,F18,10,18,3.3785876826e+03
extra,N=20,F19,10,18,3.1081390392e+02
extra,N=20,F20,10,18,2.3713694869e+01
extra,N=20,F21,10,18,2.1150641932e+02
extra,N=20,F22,10,18,1.0049912104e+02
extra,N=50,F1,10,18,5.5445168732e+05
extra,N=50,F3,10,18,2.1544037281e+02
extra,N=50,F4,10,18,7.0170511772e+00
extra,N=50,F5,10,18,7.7286493699e+00
extra,N=50,F6,10,18,9.2122319164e-01
extra,N=50,F7,10,18,3.2707996252e+01
extra,N=50,F8,10,18,2.2036470333e+01
extra,N=50,F9,10,18,5.2706652425e-02
extra,N=10,F28,10,18,6.4648054372e+02
extra,N=10,F29,10,18,2.7806148235e+02
extra,N=10,F30,10,18,8.5593529040e+05
extra,N=20,F1,10,18,5.6167273196e+02
extra,N=50,F10,10,18,8.5478932637e+02
extra,N=50,F11,10,18,4.0869803004e+00
extra,N=50,F12,10,18,2.6304946451e+06
extra,N=50,F13,10,18,1.5425250493e+03
extra,N=20,F23,10,18,3.0719671788e+02
extra,N=20,F24,10,18,3.4125372221e+02
extra,N=20,F25,10,18,4.4371710797e+02
extra,N=20,F26,10,18,3.0004416745e+02
extra,N=50,F14,10,18,1.0965104018e+02
extra,N=50,F15,10,18,1.9564796549e+03
extra,N=50,F16,10,18,1.2483706677e+01
extra,N=50,F17,10,18,3.9711769636e+01
extra,N=50,F18,10,18,3.6414912005e+04
extra,N=50,F19,10,18,1.0478898628e+02
extra,N=50,F20,10,18,1.4907852311e+01
extra,N=50,F21,10,18,2.0986728021e+02
extra,N=50,F30,10,18,2.4862120593e+06
extra,N=100,F1,10,18,8.2922732100e+05
extra,N=100,F3,10,18,2.4440266311e+02
extra,N=100,F4,10,18,6.6170190282e+00
extra,N=50,F22,10,18,1.0227826477e+02
extra,N=50,F23,10,18,3.0669745175e+02
extra,N=50,F24,10,18,3.4404923505e+02
extra,N=50,F25,10,18,4.4660148112e+02
extra,N=100,F5,10,18,1.2105748184e+01
extra,N=100,F6,10,18,1.8180327494e+00
extra,N=100,F7,10,18,1.7535763953e+01
extra,N=100,F8,10,18,1.6146779521e+01
extra,N=100,F9,10,18,8.6620427006e-01
extra,N=100,F10,10,18,6.4291757197e+02
extra,N=100,F11,10,18,1.6439438889e+01
extra,N=100,F12,10,18,1.7720507794e+06
extra,N=100,F13,10,18,2.5104206332e+04
extra,N=100,F14,10,18,2.3438755608e+02
extra,N=100,F15,10,18,7.1990384251e+02
extra,N=100,F16,10,18,1.6789970394e+02
extra,N=20,F27,10,18,3.9082103645e+02
extra,N=20,F28,10,18,6.1182166588e+02
extra,N=20,F29,10,18,2.5812901579e+02
extra,N=20,F30,10,18,1.2232093002e+04
extra,N=50,F26,10,18,3.3290771994e+02
extra,N=50,F27,10,18,3.9678663400e+02
extra,N=50,F28,10,18,4.1577758173e+02
extra,N=50,F29,10,18,3.8156292284e+02
extra,N=100,F17,10,18,5.1553027027e+01
extra,N=100,F18,10,18,5.1557660898e+03
extra,N=100,F19,10,18,2.9222292570e+03
extra,N=100,F20,10,18,2.3108843272e+01
extra,N=100,F21,10,18,1.0530379487e+02
extra,N=100,F22,10,18,1.0464468738e+02
extra,N=100,F23,10,18,3.3561387926e+02
extra,N=100,F24,10,18,3.5255294724e+02
extra,N=100,F25,10,18,4.0009997921e+02
extra,N=100,F26,10,18,3.0163546755e+02
extra,N=100,F27,10,18,3.9470863855e+02
extra,N=100,F28,10,18,3.9498621612e+02
extra,N=100,F29,10,18,3.7912602978e+02
extra,N=100,F30,10,18,8.6947297343e+05
extra,beta=1.1,F1,10,18,1.0411938816e+04
extra,beta=1.1,F3,10,18,6.7307220352e+01
extra,beta=1.1,F4,10,18,4.7290834384e+00
extra,beta=1.1,F5,10,18,8.6487492327e+00
extra,beta=1.1,F6,10,18,7.2536385496e-01
extra,beta=1.1,F7,10,18,2.0465392046e+01
extra,beta=1.1,F8,10,18,1.4021056710e+01
extra,beta=1.1,F9,10,18,1.0143066271e-01
extra,beta=1.1,F10,10,18,5.0583550233e+02
extra,beta=1.1,F11,10,18,6.8314575811e+00
extra,beta=1.1,F12,10,18,1.2590928644e+04
extra,beta=1.1,F13,10,18,1.0949094799e+03
extra,beta=1.1,F14,10,18,9.9128534451e+01
extra,beta=1.1,F15,10,18,1.5075136976e+03
extra,beta=1.1,F16,10,18,1.5887134666e+01
extra,beta=1.1,F17,10,18,4.3043033793e+01
extra,beta=1.1,F18,10,18,7.5358866869e+03
extra,beta=1.1,F19,10,18,4.4590421032e+02
extra,beta=1.3,F3,10,18,1.0888278175e+02
extra,beta=1.3,F4,10,18,4.6640075623e+00
extra,beta=1.3,F5,10,18,1.3133357456e+01
extra,beta=1.3,F6,10,18,6.3813818979e-01
extra,beta=1.1,F20,10,18,2.8905669638e+01
extra,beta=1.1,F21,10,18,2.0857675287e+02
extra,beta=1.1,F22,10,18,1.0103693410e+02
extra,beta=1.1,F23,10,18,3.1249565575e+02
extra,beta=1.3,F7,10,18,2.1678376738e+01
extra,beta=1.3,F8,10,18,1.7170614885e+01
extra,beta=1.3,F9,10,18,9.8593604082e-02
extra,beta=1.3,F10,10,18,7.1286986599e+02
extra,beta=1.1,F24,10,18,3.4523121604e+02
extra,beta=1.1,F25,10,18,3.9958685993e+02
extra,beta=1.1,F26,10,18,3.0008093130e+02
extra,beta=1.1,F27,10,18,3.9385005918e+02
extra,beta=1.3,F11,10,18,1.1410898912e+01
extra,beta=1.3,F12,10,18,4.3176609075e+05
extra,beta=1.3,F13,10,18,7.6686775093e+03
extra,beta=1.3,F14,10,18,2.3418888208e+02
extra,beta=1.1,F28,10,18,4.2446917627e+02
extra,beta=1.1,F29,10,18,2.8322018379e+02
extra,beta=1.1,F30,10,18,7.7931134806e+05
extra,beta=1.3,F1,10,18,8.4779602345e+03
extra,beta=1.3,F15,10,18,1.5406280041e+03
extra,beta=1.3,F16,10,18,1.3228504567e+00
extra,beta=1.3,F17,10,18,2.8409428625e+01
extra,beta=1.3,F18,10,18,2.9407793844e+04
extra,beta=1.5,F1,10,18,1.2092670918e+04
extra,beta=1.5,F3,10,18,4.0047843771e+02
extra,beta=1.5,F4,10,18,6.4647181181e+00
extra,beta=1.5,F5,10,18,3.0041205049e+00
extra,beta=1.3,F19,10,18,1.2241903444e+02
extra,beta=1.3,F20,10,18,3.5091400948e+01
extra,beta=1.3,F21,10,18,2.2013865534e+02
extra,beta=1.3,F22,10,18,1.0151450183e+02
extra,beta=1.5,F6,10,18,2.5966453780e+00
extra,beta=1.5,F7,10,18,1.4303990808e+01
extra,beta=1.5,F8,10,18,2.8368224900e+01
extra,beta=1.5,F9,10,18,5.9723722323e-03
extra,beta=1.3,F23,10,18,3.2130866126e+02
extra,beta=1.3,F24,10,18,3.4109845305e+02
extra,beta=1.3,F25,10,18,3.9807150164e+02
extra,beta=1.3,F26,10,18,3.0008548632e+02
extra,beta=1.5,F10,10,18,8.4399959092e+02
extra,beta=1.5,F11,10,18,9.6624857473e+00
extra,beta=1.5,F12,10,18,2.0857047219e+06
extra,beta=1.5,F13,10,18,4.9928411415e+03
extra,beta=1.5,F14,10,18,1.2063473509e+02
extra,beta=1.5,F15,10,18,7.3241328149e+02
extra,beta=1.5,F16,10,18,3.2146039577e+00
extra,beta=1.5,F17,10,18,3.8996543249e+01
extra,beta=1.5,F18,10,18,4.7225283638e+03
extra,beta=1.5,F19,10,18,1.2194557083e+02
extra,beta=1.5,F20,10,18,3.8231694881e+01
extra,beta=1.5,F21,10,18,2.1053718671e+02
extra,beta=1.3,F27,10,18,3.9168491750e+02
extra,beta=1.3,F28,10,18,4.0094054699e+02
extra,beta=1.3,F29,10,18,2.7583657847e+02
extra,beta=1.3,F30,10,18,2.2594075193e+04
extra,beta=1.9,F5,10,18,7.9601033275e+00
extra,beta=1.9,F6,10,18,1.1685756366e+00
extra,beta=1.9,F7,10,18,2.0406469232e+01
extra,beta=1.9,F8,10,18,5.9711765775e+00
extra,beta=1.5,F22,10,18,1.0340055010e+02
extra,beta=1.5,F23,10,18,3.1648050322e+02
extra,beta=1.5,F24,10,18,3.3826164344e+02
extra,beta=1.5,F25,10,18,4.0099554171e+02
extra,beta=1.5,F30,10,18,1.2425021286e+04
extra,beta=1.9,F1,10,18,1.7417238090e+03
extra,beta=1.9,F3,10,18,2.2056964529e+02
extra,beta=1.9,F4,10,18,6.1807497312e+00
extra,beta=1.9,F9,10,18,3.3897468444e-03
extra,beta=1.9,F10,10,18,4.6770687995e+02
extra,beta=1.9,F11,10,18,1.0616486142e+01
extra,beta=1.9,F12,10,18,3.5946988205e+05
extra,beta=1.9,F13,10,18,9.4282548161e+03
extra,beta=1.9,F14,10,18,2.7678050532e+02
extra,beta=1.9,F15,10,18,1.9292188370e+03
extra,beta=1.9,F16,10,18,3.9308754145e+01
extra,beta=1.9,F17,10,18,6.3362641020e+01
extra,beta=1.9,F18,10,18,2.5791619568e+03
extra,beta=1.9,F19,10,18,1.5739640892e+03
extra,beta=1.9,F20,10,18,2.5237595608e+01
extra,beta=1.5,F26,10,18,3.0019939620e+02
extra,beta=1.5,F27,10,18,3.9526868644e+02
extra,beta=1.5,F28,10,18,4.2077206983e+02
extra,beta=1.5,F29,10,18,2.6941789967e+02
extra,beta=1.9,F21,10,18,2.2631350543e+02
extra,beta=1.9,F22,10,18,1.0104372918e+02
extra,beta=1.9,F23,10,18,3.1166968437e+02
extra,beta=1.9,F24,10,18,1.0365955753e+02
extra,"stage=T/3,2T/3",F4,10,18,6.7151812215e+00
extra,"stage=T/3,2T/3",F5,10,18,1.1372772399e+01
extra,"stage=T/3,2T/3",F6,10,18,9.7070057046e-01
extra,"stage=T/3,2T/3",F7,10,18,3.8773292183e+01
extra,beta=1.9,F25,10,18,3.9962750935e+02
extra,beta=1.9,F26,10,18,3.0007074361e+02
extra,beta=1.9,F27,10,18,3.9484922778e+02
extra,beta=1.9,F28,10,18,3.7313635085e+02
extra,"stage=T/3,2T/3",F8,10,18,2.0181979804e+01
extra,"stage=T/3,2T/3",F9,10,18,3.0507190052e-03
extra,"stage=T/3,2T/3",F10,10,18,2.8794808567e+02
extra,"stage=T/3,2T/3",F11,10,18,1.0950990007e+01
extra,"stage=T/3,2T/3",F12,10,18,4.0203231988e+05
extra,"stage=T/3,2T/3",F13,10,18,9.2563538983e+03
extra,"stage=T/3,2T/3",F14,10,18,2.8859619531e+02
extra,"stage=T/3,2T/3",F15,10,18,4.0681675664e+03
extra,beta=1.9,F29,10,18,2.3735027217e+02
extra,beta=1.9,F30,10,18,7.6997377431e+04
extra,"stage=T/3,2T/3",F1,10,18,1.9096061134e+04
extra,"stage=T/3,2T/3",F3,10,18,2.8390659789e+02
extra,"stage=T/3,2T/3",F16,10,18,4.3266824094e+01
extra,"stage=T/3,2T/3",F17,10,18,3.5356603379e+01
extra,"stage=T/3,2T/3",F18,10,18,1.1695143224e+03
extra,"stage=T/3,2T/3",F19,10,18,8.0145685799e+02
extra,"stage=T/4,3T/4",F3,10,18,1.5974634920e+02
extra,"stage=T/4,3T/4",F4,10,18,5.0319766198e+00
extra,"stage=T/4,3T/4",F5,10,18,9.9747391352e+00
extra,"stage=T/4,3T/4",F6,10,18,7.8735424340e-02
extra,"stage=T/3,2T/3",F20,10,18,2.4804095974e+01
extra,"stage=T/3,2T/3",F21,10,18,1.0595020931e+02
extra,"stage=T/3,2T/3",F22,10,18,1.0105023820e+02
extra,"stage=T/3,2T/3",F23,10,18,3.2166612443e+02
extra,"stage=T/4,3T/4",F7,10,18,2.0613188979e+01
extra,"stage=T/4,3T/4",F8,10,18,1.3932244220e+01
extra,"stage=T/4,3T/4",F9,10,18,1.5425941317e-01
extra,"stage=T/4,3T/4",F10,10,18,3.8450124300e+02
extra,"stage=T/3,2T/3",F24,10,18,1.0238890168e+02
extra,"stage=T/3,2T/3",F25,10,18,4.4424653644e+02
extra,"stage=T/3,2T/3",F26,10,18,4.1617574810e+02
extra,"stage=T/3,2T/3",F27,10,18,3.9461067896e+02
extra,"stage=T/4,3T/4",F11,10,18,9.7839956592e+00
extra,"stage=T/4,3T/4",F12,10,18,1.8754497505e+06
extra,"stage=T/4,3T/4",F13,10,18,4.3668268821e+03
extra,"stage=T/4,3T/4",F14,10,18,2.4634797046e+02
extra,"stage=T/3,2T/3",F28,10,18,3.9809380469e+02
extra,"stage=T/3,2T/3",F29,10,18,3.3952332433e+02
extra,"stage=T/3,2T/3",F30,10,18,2.6044883235e+05
extra,"stage=T/4,3T/4",F1,10,18,7.3303983483e+01
extra,"stage=T/4,3T/4",F15,10,18,4.5916286054e+03
extra,"stage=T/4,3T/4",F16,10,18,3.9400092752e+01
extra,"stage=T/4,3T/4",F17,10,18,2.7557911903e+01
extra,"stage=T/4,3T/4",F18,10,18,8.5973612425e+03
extra,"stage=T/4,3T/4",F19,10,18,5.0999712918e+01
extra,"stage=T/4,3T/4",F20,10,18,2.9312005138e+01
extra,"stage=T/4,3T/4",F21,10,18,2.1391934094e+02
extra,"stage=T/4,3T/4",F22,10,18,1.0064733220e+02
extra,"stage=T/2,3T/4",F1,10,18,8.4054886880e+03
extra,"stage=T/2,3T/4",F3,10,18,3.5518437663e+02
extra,"stage=T/2,3T/4",F4,10,18,5.7038927252e+00
extra,"stage=T/2,3T/4",F5,10,18,1.6988605599e+01
extra,"stage=T/2,3T/4",F6,10,18,5.9179882438e-01
extra,"stage=T/2,3T/4",F7,10,18,1.1909199803e+01
extra,"stage=T/2,3T/4",F8,10,18,9.1148544345e+00
extra,"stage=T/2,3T/4",F9,10,18,1.1218806726e-01
extra,"stage=T/4,3T/4",F23,10,18,3.1343198549e+02
extra,"stage=T/4,3T/4",F24,10,18,3.5017506903e+02
extra,"stage=T/4,3T/4",F25,10,18,3.9967711242e+02
extra,"stage=T/4,3T/4",F26,10,18,3.0012845229e+02
extra,"stage=T/2,3T/4",F10,10,18,8.7974793982e+02
extra,"stage=T/2,3T/4",F11,10,18,4.6442002007e+00
extra,"stage=T/2,3T/4",F12,10,18,1.5390474590e+05
extra,"stage=T/2,3T/4",F13,10,18,1.5190044270e+03
extra,"stage=T/2,3T/4",F14,10,18,1.9046140199e+02
extra,"stage=T/2,3T/4",F15,10,18,2.8496237565e+03
extra,"stage=T/2,3T/4",F16,10,18,1.3439382626e+02
extra,"stage=T/2,3T/4",F17,10,18,2.3838428630e+01
extra,"stage=T/4,3T/4",F27,10,18,3.9097798232e+02
extra,"stage=T/4,3T/4",F28,10,18,3.7091494422e+02
extra,"stage=T/4,3T/4",F29,10,18,2.4430498999e+02
extra,"stage=T/4,3T/4",F30,10,18,1.9034546150e+06
extra,"stage=T/2,3T/4",F18,10,18,4.6553698398e+03
extra,"stage=T/2,3T/4",F19,10,18,4.4534832796e+02
extra,"stage=T/2,3T/4",F20,10,18,2.6793919368e+01
extra,"stage=T/2,3T/4",F21,10,18,2.1506487072e+02
extra,"stage=T/5,4T/5",F5,10,18,2.4007814256e+01
extra,"stage=T/5,4T/5",F6,10,18,5.7674701733e-01
extra,"stage=T/5,4T/5",F7,10,18,3.1000293518e+01
extra,"stage=T/5,4T/5",F8,10,18,5.2312435077e+00
extra,"stage=T/2,3T/4",F22,10,18,1.0106232288e+02
extra,"stage=T/2,3T/4",F23,10,18,3.3512114915e+02
extra,"stage=T/2,3T/4",F24,10,18,1.0086735954e+02
extra,"stage=T/2,3T/4",F25,10,18,3.9962029702e+02
extra,"stage=T/2,3T/4",F30,10,18,8.0594309058e+05
extra,"stage=T/5,4T/5",F1,10,18,3.6896399270e+02
extra,"stage=T/5,4T/5",F3,10,18,5.7542552351e+02
extra,"stage=T/5,4T/5",F4,10,18,6.5892583960e+00
extra,"stage=T/5,4T/5",F9,10,18,2.2729376498e+00
extra,"stage=T/5,4T/5",F10,10,18,6.3725073563e+02
extra,"stage=T/5,4T/5",F11,10,18,1.3426148586e+01
extra,"stage=T/5,4T/5",F12,10,18,8.2628771654e+04
extra,"stage=T/5,4T/5",F13,10,18,7.5041755395e+02
extra,"stage=T/5,4T/5",F14,10,18,1.0495709017e+02
extra,"stage=T/5,4T/5",F15,10,18,1.0714209695e+03
extra,"stage=T/5,4T/5",F16,10,18,3.8929182434e+01
extra,"stage=T/5,4T/5",F17,10,18,1.9756539990e+01
extra,"stage=T/5,4T/5",F18,10,18,2.6844498829e+04
extra,"stage=T/5,4T/5",F19,10,18,4.4335105939e+02
extra,"stage=T/5,4T/5",F20,10,18,4.1423757409e+00
extra,"stage=T/2,3T/4",F26,10,18,3.0007295894e+02
extra,"stage=T/2,3T/4",F27,10,18,3.8960011887e+02
extra,"stage=T/2,3T/4",F28,10,18,3.3380438039e+02
extra,"stage=T/2,3T/4",F29,10,18,3.0036409483e+02
extra,"k: nu=1/2,mu=10",F4,10,18,6.0408722182e+00
extra,"k: nu=1/2,mu=10",F5,10,18,1.1248129976e+01
extra,"k: nu=1/2,mu=10",F6,10,18,3.8407319385e-01
extra,"k: nu=1/2,mu=10",F7,10,18,1.7009032343e+01
extra,"stage=T/5,4T/5",F21,10,18,2.1136550822e+02
extra,"stage=T/5,4T/5",F22,10,18,1.0129824539e+02
extra,"stage=T/5,4T/5",F23,10,18,3.1751227890e+02
extra,"stage=T/5,4T/5",F24,10,18,3.5544038048e+02
extra,"k: nu=1/2,mu=10",F8,10,18,1.2269825729e+01
extra,"k: nu=1/2,mu=10",F9,10,18,5.2785082714e-03
extra,"k: nu=1/2,mu=10",F10,10,18,1.0957264454e+03
extra,"k: nu=1/2,mu=10",F11,10,18,7.1932791825e+00
extra,"stage=T/5,4T/5",F25,10,18,4.4629673061e+02
extra,"stage=T/5,4T/5",F26,10,18,3.0000296647e+02
extra,"stage=T/5,4T/5",F27,10,18,3.9457627393e+02
extra,"stage=T/5,4T/5",F28,10,18,3.6779191725e+02
extra,"stage=T/5,4T/5",F29,10,18,2.6044630444e+02
extra,"stage=T/5,4T/5",F30,10,18,8.7262323623e+05
extra,"k: nu=1/2,mu=10",F1,10,18,5.1610260053e+03
extra,"k: nu=1/2,mu=10",F3,10,18,2.0007152276e+02
extra,"k: nu=1/2,mu=10",F12,10,18,2.5542527236e+06
extra,"k: nu=1/2,mu=10",F13,10,18,2.4674525721e+03
extra,"k: nu=1/2,mu=10",F14,10,18,1.6676349604e+02
extra,"k: nu=1/2,mu=10",F15,10,18,1.7207103786e+03
extra,"k: nu=1/2,mu=10",F16,10,18,4.4842404972e+00
extra,"k: nu=1/2,mu=10",F17,10,18,3.8479048722e+01
extra,"k: nu=1/2,mu=10",F18,10,18,7.8627711884e+03
extra,"k: nu=1/2,mu=10",F19,10,18,1.3261396655e+03
extra,"k: nu=1,mu=10",F3,10,18,2.3516879433e+02
extra,"k: nu=1,mu=10",F4,10,18,7.3508555371e+00
extra,"k: nu=1,mu=10",F5,10,18,1.6922227203e+01
extra,"k: nu=1,mu=10",F6,10,18,1.3176740020e+00
extra,"k: nu=1/2,mu=10",F20,10,18,3.0941476623e+01
extra,"k: nu=1/2,mu=10",F21,10,18,2.1185831626e+02
extra,"k: nu=1/2,mu=10",F22,10,18,1.0042800969e+02
extra,"k: nu=1/2,mu=10",F23,10,18,3.1805140262e+02
extra,"k: nu=1,mu=10",F7,10,18,4.1366839846e+01
extra,"k: nu=1,mu=10",F8,10,18,1.1171005421e+01
extra,"k: nu=1,mu=10",F9,10,18,1.8692220385e-03
extra,"k: nu=1,mu=10",F10,10,18,5.3803710778e+02
extra,"k: nu=1/2,mu=10",F24,10,18,3.3497996665e+02
extra,"k: nu=1/2,mu=10",F25,10,18,3.9974203555e+02
extra,"k: nu=1/2,mu=10",F26,10,18,3.0016312787e+02
extra,"k: nu=1/2,mu=10",F27,10,18,3.9450497002e+02
extra,"k: nu=1,mu=10",F11,10,18,4.4583172239e+00
extra,"k: nu=1,mu=10",F12,10,18,5.9490074371e+06
extra,"k: nu=1,mu=10",F13,10,18,2.0001769103e+03
extra,"k: nu=1,mu=10",F14,10,18,4.1212751047e+02
extra,"k: nu=1/2,mu=10",F28,10,18,4.1275685315e+02
extra,"k: nu=1/2,mu=10",F29,10,18,3.3180260717e+02
extra,"k: nu=1/2,mu=10",F30,10,18,1.1396041505e+05
extra,"k: nu=1,mu=10",F1,10,18,1.0268132794e+05
extra,"k: nu=1,mu=10",F15,10,18,1.2073100033e+03
extra,"k: nu=1,mu=10",F16,10,18,1.6952930331e+02
extra,"k: nu=1,mu=10",F17,10,18,4.3232875428e+01
extra,"k: nu=1,mu=10",F18,10,18,5.2913927737e+03
extra,"k: nu=1/2,mu=5",F1,10,18,5.6471227459e+03
extra,"k: nu=1/2,mu=5",F3,10,18,1.2609402538e+03
extra,"k: nu=1/2,mu=5",F4,10,18,6.8509418365e+00
extra,"k: nu=1/2,mu=5",F5,10,18,4.9959257153e+00
extra,"k: nu=1,mu=10",F19,10,18,6.6979987680e+02
extra,"k: nu=1,mu=10",F20,10,18,2.4757825625e+01
extra,"k: nu=1,mu=10",F21,10,18,2.1248001750e+02
extra,"k: nu=1,mu=10",F22,10,18,3.4910808088e+01
extra,"k: nu=1/2,mu=5",F6,10,18,1.5961810869e+00
extra,"k: nu=1/2,mu=5",F7,10,18,2.5895431958e+01
extra,"k: nu=1/2,mu=5",F8,10,18,8.1780343886e+00
extra,"k: nu=1/2,mu=5",F9,10,18,5.5888779544e-03
extra,"k: nu=1,mu=10",F23,10,18,3.1963460567e+02
extra,"k: nu=1,mu=10",F24,10,18,3.4176825752e+02
extra,"k: nu=1,mu=10",F25,10,18,3.9907538949e+02
extra,"k: nu=1,mu=10",F26,10,18,3.4717326846e+02
extra,"k: nu=1/2,mu=5",F10,10,18,1.0931699107e+03
extra,"k: nu=1/2,mu=5",F11,10,18,1.3675483635e+01
extra,"k: nu=1/2,mu=5",F12,10,18,3.9802590132e+06
extra,"k: nu=1/2,mu=5",F13,10,18,2.9631259199e+03
extra,"k: nu=1/2,mu=5",F14,10,18,2.3291925768e+02
extra,"k: nu=1/2,mu=5",F15,10,18,2.2110791754e+02
extra,"k: nu=1/2,mu=5",F16,10,18,4.1110240535e+01
extra,"k: nu=1/2,mu=5",F17,10,18,4.2852855768e+01
extra,"k: nu=1,mu=10",F27,10,18,3.9501832798e+02
extra,"k: nu=1,mu=10",F28,10,18,3.7127735626e+02
extra,"k: nu=1,mu=10",F29,10,18,3.0559144387e+02
extra,"k: nu=1,mu=10",F30,10,18,2.5119922214e+05
extra,"k: nu=1/2,mu=5",F18,10,18,5.5188874258e+03
extra,"k: nu=1/2,mu=5",F19,10,18,1.8148189506e+02
extra,"k: nu=1/2,mu=5",F20,10,18,2.4022909749e+01
extra,"k: nu=1/2,mu=5",F21,10,18,1.0228878527e+02
extra,"k: nu=1/2,mu=20",F5,10,18,1.6924625481e+01
extra,"k: nu=1/2,mu=20",F6,10,18,1.0071693821e+00
extra,"k: nu=1/2,mu=20",F7,10,18,2.1877031980e+01
extra,"k: nu=1/2,mu=20",F8,10,18,1.2077824125e+01
extra,"k: nu=1/2,mu=5",F22,10,18,3.4970413322e+01
extra,"k: nu=1/2,mu=5",F23,10,18,3.1513363912e+02
extra,"k: nu=1/2,mu=5",F24,10,18,3.4169985038e+02
extra,"k: nu=1/2,mu=5",F25,10,18,4.0078676308e+02
extra,"k: nu=1/2,mu=5",F30,10,18,1.8441381587e+06
extra,"k: nu=1/2,mu=20",F1,10,18,3.0868279237e+04
extra,"k: nu=1/2,mu=20",F3,10,18,1.0304710636e+02
extra,"k: nu=1/2,mu=20",F4,10,18,7.3681764285e+00
extra,"k: nu=1/2,mu=20",F9,10,18,5.9891200863e-03
extra,"k: nu=1/2,mu=20",F10,10,18,4.5145959488e+02
extra,"k: nu=1/2,mu=20",F11,10,18,5.2498586819e+00
extra,"k: nu=1/2,mu=20",F12,10,18,3.7830202243e+06
extra,"k: nu=1/2,mu=5",F26,10,18,3.0024042928e+02
extra,"k: nu=1/2,mu=5",F27,10,18,3.8956513234e+02
extra,"k: nu=1/2,mu=5",F28,10,18,3.6965737102e+02
extra,"k: nu=1/2,mu=5",F29,10,18,2.8923014592e+02
extra,"k: nu=1/2,mu=20",F13,10,18,1.2429268893e+04
extra,"k: nu=1/2,mu=20",F14,10,18,1.9020003058e+02
extra,"k: nu=1/2,mu=20",F15,10,18,2.5596019673e+03
extra,"k: nu=1/2,mu=20",F16,10,18,1.7980193400e+00
extra,"k: nu=1/2,mu=20",F17,10,18,5.7555969903e+01
extra,"k: nu=1/2,mu=20",F18,10,18,7.3499731467e+03
extra,"k: nu=1/2,mu=20",F19,10,18,3.5219479606e+02
extra,"k: nu=1/2,mu=20",F20,10,18,2.3949458737e+01
extra,k=1 (plain OBL),F4,10,18,6.0957036189e+00
extra,k=1 (plain OBL),F5,10,18,8.0941365083e+00
extra,k=1 (plain OBL),F6,10,18,1.4752206493e-01
extra,k=1 (plain OBL),F7,10,18,3.0976801546e+01
extra,"k: nu=1/2,mu=20",F21,10,18,2.1672519000e+02
extra,"k: nu=1/2,mu=20",F22,10,18,1.0060438419e+02
extra,"k: nu=1/2,mu=20",F23,10,18,3.2793072626e+02
extra,"k: nu=1/2,mu=20",F24,10,18,3.3805055250e+02
extra,"k: nu=1/2,mu=20",F29,10,18,3.2161421182e+02
extra,"k: nu=1/2,mu=20",F30,10,18,7.8039060447e+05
extra,k=1 (plain OBL),F1,10,18,1.8965992740e+04
extra,k=1 (plain OBL),F3,10,18,3.8561639833e+02
extra,k=1 (plain OBL),F8,10,18,8.9595674504e+00
extra,k=1 (plain OBL),F9,10,18,1.8717324845e+00
extra,k=1 (plain OBL),F10,10,18,5.8195300999e+02
extra,k=1 (plain OBL),F11,10,18,6.7140030226e+00
extra,k=1 (plain OBL),F12,10,18,3.5251545159e+05
extra,k=1 (plain OBL),F13,10,18,3.1514092496e+03
extra,k=1 (plain OBL),F14,10,18,3.9572204503e+02
extra,k=1 (plain OBL),F15,10,18,1.8221681421e+03
extra,"k: nu=1/2,mu=20",F25,10,18,4.4436965704e+02
extra,"k: nu=1/2,mu=20",F26,10,18,3.0011343921e+02
extra,"k: nu=1/2,mu=20",F27,10,18,3.8953940890e+02
extra,"k: nu=1/2,mu=20",F28,10,18,3.7125009594e+02
extra,k=1 (plain OBL),F16,10,18,4.0328144083e+01
extra,k=1 (plain OBL),F17,10,18,4.2047208137e+01
extra,k=1 (plain OBL),F18,10,18,9.7649065612e+03
extra,k=1 (plain OBL),F19,10,18,6.0098839091e+02
extra,k=1 (plain OBL),F20,10,18,5.2624005659e+01
extra,k=1 (plain OBL),F21,10,18,1.0443776195e+02
extra,k=1 (plain OBL),F22,10,18,2.6651469188e+01
extra,k=1 (plain OBL),F23,10,18,3.0993150240e+02
extra,k=1 (plain OBL),F24,10,18,3.4513851062e+02
extra,k=1 (plain OBL),F25,10,18,4.4365169295e+02
extra,k=1 (plain OBL),F26,10,18,3.4715385787e+02
extra,k=1 (plain OBL),F27,10,18,3.9437414555e+02
extra,N=10,F3,10,19,7.4848797335e+00
extra,N=10,F4,10,19,7.1364748787e+01
extra,N=10,F5,10,19,2.3237076273e+01
extra,N=10,F6,10,19,1.6224389072e+00
extra,k=1 (plain OBL),F28,10,18,3.7118635436e+02
extra,k=1 (plain OBL),F29,10,18,2.9318683625e+02
extra,k=1 (plain OBL),F30,10,18,1.6847717189e+06
extra,N=10,F1,10,19,2.1755944315e+03
extra,N=10,F7,10,19,3.2292681903e+01
extra,N=10,F8,10,19,1.7915018496e+01
extra,N=10,F9,10,19,1.9326302823e+00
extra,N=10,F10,10,19,7.1939073189e+02
extra,N=10,F11,10,19,9.1786720348e+00
extra,N=10,F12,10,19,8.8841898488e+04
extra,N=10,F13,10,19,5.2874005575e+03
extra,N=10,F14,10,19,2.3134121400e+02
extra,N=10,F15,10,19,1.7813773482e+03
extra,N=10,F16,10,19,1.5033822136e+01
extra,N=10,F17,10,19,4.2510079836e+01
extra,N=10,F18,10,19,6.4453849248e+03
extra,N=20,F1,10,19,4.2598453083e+03
extra,N=20,F3,10,19,1.4493761085e+01
extra,N=20,F4,10,19,7.6770180117e+00
extra,N=20,F5,10,19,7.0196594075e+00
extra,N=20,F6,10,19,4.1087403553e-01
extra,N=20,F7,10,19,2.9481298504e+01
extra,N=20,F8,10,19,8.9595072436e+00
extra,N=20,F9,10,19,6.0325412846e-04
extra,N=10,F19,10,19,7.9727641753e+03
extra,N=10,F20,10,19,3.5984179173e+01
extra,N=10,F21,10,19,2.2126546344e+02
extra,N=10,F22,10,19,1.0792318263e+02
extra,N=20,F10,10,19,4.8286054140e+02
extra,N=20,F11,10,19,8.3111785804e+00
extra,N=20,F12,10,19,1.0784330281e+05
extra,N=20,F13,10,19,6.9162593822e+02
extra,N=20,F14,10,19,1.6601289501e+02
extra,N=20,F15,10,19,1.9914589143e+03
extra,N=20,F16,10,19,4.2210917099e+01
extra,N=20,F17,10,19,6.3551947122e+01
extra,N=10,F23,10,19,3.3450696896e+02
extra,N=10,F24,10,19,3.6873159173e+02
extra,N=10,F25,10,19,4.4584052458e+02
extra,N=10,F26,10,19,3.4714906597e+02
extra,N=20,F18,10,19,2.9388431788e+03
extra,N=20,F19,10,19,3.3370607098e+02
extra,N=20,F20,10,19,2.7287450315e+01
extra,N=20,F21,10,19,1.0164645310e+02
extra,N=20,F22,10,19,1.0163207293e+02
extra,N=20,F23,10,19,3.1018971896e+02
extra,N=20,F24,10,19,3.3205778565e+02
extra,N=20,F25,10,19,4.4581441891e+02
extra,N=20,F30,10,19,3.8286246714e+04
extra,N=50,F1,10,19,2.4755024017e+05
extra,N=50,F3,10,19,3.8666554328e+02
extra,N=50,F4,10,19,7.1000663888e+00
extra,N=50,F5,10,19,1.0137730863e+01
extra,N=50,F6,10,19,1.7980495748e-01
extra,N=50,F7,10,19,2.3971038466e+01
extra,N=50,F8,10,19,1.8767536655e+01
extra,N=50,F9,10,19,4.1828831657e-01
extra,N=50,F10,10,19,1.0305145918e+03
extra,N=50,F11,10,19,8.4304230909e+00
extra,N=50,F12,10,19,9.7164968381e+03
extra,N=50,F13,10,19,1.4827437750e+04
extra,N=50,F14,10,19,4.2608863814e+02
extra,N=50,F15,10,19,5.7122933066e+02
extra,N=50,F16,10,19,1.5341722989e+01
extra,N=10,F27,10,19,3.9692634953e+02
extra,N=10,F28,10,19,6.0269114280e+02
extra,N=10,F29,10,19,2.5039885091e+02
extra,N=10,F30,10,19,2.0970359501e+05
extra,N=20,F26,10,19,3.0013554273e+02
extra,N=20,F27,10,19,3.9856077640e+02
extra,N=20,F28,10,19,3.7109326634e+02
extra,N=20,F29,10,19,2.7829788100e+02
extra,N=50,F17,10,19,3.1222666913e+01
extra,N=50,F18,10,19,4.3182644561e+03
extra,N=50,F19,10,19,1.2452714930e+04
extra,N=50,F20,10,19,1.7650065805e+01
extra,N=100,F4,10,19,5.7454336525e+00
extra,N=100,F5,10,19,2.6327953128e+01
extra,N=100,F6,10,19,2.8445764206e+00
extra,N=100,F7,10,19,1.7312578030e+01
extra,N=50,F21,10,19,1.0443132013e+02
extra,N=50,F22,10,19,1.0242756675e+02
extra,N=50,F23,10,19,3.1152704770e+02
extra,N=50,F24,10,19,1.1242049495e+02
extra,N=100,F8,10,19,2.5918242217e+01
extra,N=100,F9,10,19,1.9830257989e+00
extra,N=100,F10,10,19,1.0062816711e+03
extra,N=100,F11,10,19,7.2471912771e+00
extra,N=100,F12,10,19,1.4081724211e+06
extra,N=100,F13,10,19,3.6919976179e+03
extra,N=100,F14,10,19,1.9740551144e+02
extra,N=100,F15,10,19,2.4540434090e+03
extra,N=100,F16,10,19,2.0169289433e+01
extra,N=100,F17,10,19,4.0934713024e+01
extra,N=100,F18,10,19,8.0507894317e+03
extra,N=100,F19,10,19,4.0704259720e+01
extra,N=50,F29,10,19,2.6240215807e+02
extra,N=50,F30,10,19,7.4965210219e+05
extra,N=100,F1,10,19,9.2488434481e+05
extra,N=100,F3,10,19,3.7770454576e+02
extra,N=50,F25,10,19,4.4896202520e+02
extra,N=50,F26,10,19,3.0089843526e+02
extra,N=50,F27,10,19,3.8983310785e+02
extra,N=50,F28,10,19,5.8374165381e+02
extra,N=100,F20,10,19,2.5275573048e+01
extra,N=100,F21,10,19,2.0903626726e+02
extra,N=100,F22,10,19,1.0214467491e+02
extra,N=100,F23,10,19,3.1298478643e+02
extra,N=100,F24,10,19,3.3367682840e+02
extra,N=100,F25,10,19,4.4750563546e+02
extra,N=100,F26,10,19,3.8434084769e+02
extra,N=100,F27,10,19,3.9160076117e+02
extra,beta=1.1,F3,10,19,1.1664812110e+01
extra,beta=1.1,F4,10,19,4.4287739499e+00
extra,beta=1.1,F5,10,19,1.6922989582e+01
extra,beta=1.1,F6,10,19,2.0586675924e-01
extra,N=100,F28,10,19,3.8396186713e+02
extra,N=100,F29,10,19,2.9489340018e+02
extra,N=100,F30,10,19,8.4679471195e+03
extra,beta=1.1,F1,10,19,2.3696046774e+04
extra,beta=1.1,F7,10,19,3.2682408965e+01
extra,beta=1.1,F8,10,19,2.9888575743e+00
extra,beta=1.1,F9,10,19,5.5478959920e-01
extra,beta=1.1,F10,10,19,6.9568884940e+02
extra,beta=1.1,F11,10,19,9.0286677551e+00
extra,beta=1.1,F12,10,19,4.8844103446e+05
extra,beta=1.1,F13,10,19,1.4254910731e+03
extra,beta=1.1,F14,10,19,3.1798685518e+02
extra,beta=1.1,F15,10,19,3.1336717472e+02
extra,beta=1.1,F16,10,19,3.2840072067e+00
extra,beta=1.1,F17,10,19,4.7106909028e+01
extra,beta=1.1,F18,10,19,1.9030824670e+04
extra,beta=1.1,F19,10,19,2.0609430151e+02
extra,beta=1.1,F20,10,19,2.4084932956e+01
extra,beta=1.1,F21,10,19,2.2064587467e+02
extra,beta=1.1,F22,10,19,1.0194270015e+02
extra,beta=1.3,F1,10,19,4.5749842753e+03
extra,beta=1.3,F3,10,19,7.2282150458e+01
extra,beta=1.3,F4,10,19,6.7062092102e+00
extra,beta=1.3,F5,10,19,9.0313491625e+00
extra,beta=1.3,F6,10,19,2.8854997396e+00
extra,beta=1.3,F7,10,19,2.7802749996e+01
extra,beta=1.3,F8,10,19,1.4930347679e+01
extra,beta=1.3,F9,10,19,1.9401300148e-03
extra,beta=1.1,F23,10,19,3.1228695413e+02
extra,beta=1.1,F24,10,19,1.0201512595e+02
extra,beta=1.1,F25,10,19,4.0060253596e+02
extra,beta=1.1,F26,10,19,3.9302776776e+02
extra,beta=1.3,F10,10,19,8.2024149887e+02
extra,beta=1.3,F11,10,19,8.6737927303e+00
extra,beta=1.3,F12,10,19,7.2572009787e+05
extra,beta=1.3,F13,10,19,6.5503295303e+03
extra,beta=1.3,F14,10,19,1.8423447451e+02
extra,beta=1.3,F15,10,19,3.0332436884e+03
extra,beta=1.3,F16,10,19,3.9554286795e+01
extra,beta=1.3,F17,10,19,3.8927121381e+01
extra,beta=1.3,F18,10,19,2.8807222374e+03
extra,beta=1.3,F19,10,19,6.1324738284e+01
extra,beta=1.3,F20,10,19,2.6119876756e+01
extra,beta=1.3,F21,10,19,1.0329501849e+02
extra,beta=1.1,F27,10,19,3.9095804283e+02
extra,beta=1.1,F28,10,19,6.1182167356e+02
extra,beta=1.1,F29,10,19,3.1219110029e+02
extra,beta=1.1,F30,10,19,1.2738309034e+05
extra,beta=1.5,F5,10,19,1.6988665260e+01
extra,beta=1.5,F6,10,19,1.0932975432e-01
extra,beta=1.5,F7,10,19,1.9843327802e+01
extra,beta=1.5,F8,10,19,1.6920156130e+01
extra,beta=1.3,F22,10,19,1.0082913819e+02
extra,beta=1.3,F23,10,19,3.1423316362e+02
extra,beta=1.3,F24,10,19,1.0196232205e+02
extra,beta=1.3,F25,10,19,3.9967303266e+02
extra,beta=1.3,F30,10,19,4.3593853136e+05
extra,beta=1.5,F1,10,19,5.3909641484e+03
extra,beta=1.5,F3,10,19,2.7644691115e+02
extra,beta=1.5,F4,10,19,7.4870581270e+00
extra,beta=1.5,F9,10,19,3.9334330154e-04
extra,beta=1.5,F10,10,19,5.4128101718e+02
extra,beta=1.5,F11,10,19,8.6843075559e+00
extra,beta=1.5,F12,10,19,3.1829056490e+05
extra,beta=1.5,F13,10,19,2.2490484645e+04
extra,beta=1.5,F14,10,19,8.8795267342e+01
extra,beta=1.5,F15,10,19,2.7011515990e+03
extra,beta=1.5,F16,10,19,4.5501141080e+00
extra,beta=1.3,F26,10,19,3.0006755416e+02
extra,beta=1.3,F27,10,19,3.9334441796e+02
extra,beta=1.3,F28,10,19,6.1184381961e+02
extra,beta=1.3,F29,10,19,2.5917515492e+02
extra,beta=1.5,F17,10,19,4.9352261211e+01
extra,beta=1.5,F18,10,19,1.8132080710e+04
extra,beta=1.5,F19,10,19,4.3132349276e+02
extra,beta=1.5,F20,10,19,2.9169271908e+01
extra,beta=1.9,F4,10,19,6.8417892108e+00
extra,beta=1.9,F5,10,19,4.9907412914e+00
extra,beta=1.9,F6,10,19,2.2403536064e+00
extra,beta=1.9,F7,10,19,2.0709407950e+01
extra,beta=1.5,F21,10,19,1.0359565319e+02
extra,beta=1.5,F22,10,19,1.0221671860e+02
extra,beta=1.5,F23,10,19,3.2297884049e+02
extra,beta=1.5,F24,10,19,3.3736953668e+02
extra,beta=1.9,F8,10,19,1.2935420489e+01
extra,beta=1.9,F9,10,19,1.3134054521e-02
extra,beta=1.9,F10,10,19,4.2363643236e+02
extra,beta=1.9,F11,10,19,4.1707231704e+00
extra,beta=1.9,F12,10,19,1.3146571504e+06
extra,beta=1.9,F13,10,19,2.0794831151e+03
extra,beta=1.9,F14,10,19,1.8315915728e+02
extra,beta=1.9,F15,10,19,3.4353829706e+03
extra,beta=1.5,F25,10,19,3.9993361393e+02
extra,beta=1.5,F26,10,19,3.4721481914e+02
extra,beta=1.5,F27,10,19,3.9569907148e+02
extra,beta=1.5,F28,10,19,3.7044832664e+02
extra,beta=1.5,F29,10,19,2.4907560749e+02
extra,beta=1.5,F30,10,19,8.4435637808e+05
extra,beta=1.9,F1,10,19,6.9582148401e+03
extra,beta=1.9,F3,10,19,2.5441921969e+02
extra,beta=1.9,F16,10,19,3.1754011115e+02
extra,beta=1.9,F17,10,19,8.9476959173e+01
extra,beta=1.9,F18,10,19,1.7331056658e+04
extra,beta=1.9,F19,10,19,1.5745554489e+03
extra,"stage=T/3,2T/3",F3,10,19,5.1044076856e+01
extra,"stage=T/3,2T/3",F4,10,19,5.4699440539e+00
extra,"stage=T/3,2T/3",F5,10,19,9.9844270321e+00
extra,"stage=T/3,2T/3",F6,10,19,3.3502475834e-02
extra,beta=1.9,F20,10,19,2.3236641773e+01
extra,beta=1.9,F21,10,19,2.0481219626e+02
extra,beta=1.9,F22,10,19,1.0097946204e+02
extra,beta=1.9,F23,10,19,3.1459131330e+02
extra,"stage=T/3,2T/3",F7,10,19,2.1859530404e+01
extra,"stage=T/3,2T/3",F8,10,19,1.9908992265e+01
extra,"stage=T/3,2T/3",F9,10,19,3.0418268017e-02
extra,"stage=T/3,2T/3",F10,10,19,4.3564755244e+02
extra,beta=1.9,F24,10,19,3.4184926521e+02
extra,beta=1.9,F25,10,19,3.9972436925e+02
extra,beta=1.9,F26,10,19,3.0024495393e+02
extra,beta=1.9,F27,10,19,3.9624642063e+02
extra,"stage=T/3,2T/3",F11,10,19,5.6972426958e+00
extra,"stage=T/3,2T/3",F12,10,19,4.6983991524e+06
extra,"stage=T/3,2T/3",F13,10,19,9.7134947631e+03
extra,"stage=T/3,2T/3",F14,10,19,1.7853696232e+02
extra,beta=1.9,F28,10,19,5.8373581406e+02
extra,beta=1.9,F29,10,19,2.4248786734e+02
extra,beta=1.9,F30,10,19,7.6251189959e+05
extra,"stage=T/3,2T/3",F1,10,19,2.6541559161e+04
extra,"stage=T/3,2T/3",F15,10,19,4.7142299536e+03
extra,"stage=T/3,2T/3",F16,10,19,4.9432487248e+00
extra,"stage=T/3,2T/3",F17,10,19,5.8036984495e+01
extra,"stage=T/3,2T/3",F18,10,19,2.4528362440e+03
extra,"stage=T/4,3T/4",F1,10,19,1.2573029571e+03
extra,"stage=T/4,3T/4",F3,10,19,6.9172770077e+01
extra,"stage=T/4,3T/4",F4,10,19,5.5997223113e+00
extra,"stage=T/4,3T/4",F5,10,19,7.9628072368e+00
extra,"stage=T/3,2T/3",F19,10,19,3.4809864936e+02
extra,"stage=T/3,2T/3",F20,10,19,3.1194974436e+01
extra,"stage=T/3,2T/3",F21,10,19,2.2089770174e+02
extra,"stage=T/3,2T/3",F22,10,19,1.0084471337e+02
extra,"stage=T/4,3T/4",F6,10,19,6.1717286523e-01
extra,"stage=T/4,3T/4",F7,10,19,2.9382243064e+01
extra,"stage=T/4,3T/4",F8,10,19,6.9706421848e+00
extra,"stage=T/4,3T/4",F9,10,19,3.2204067929e-04
extra,"stage=T/3,2T/3",F23,10,19,3.1118918722e+02
extra,"stage=T/3,2T/3",F24,10,19,3.3443794904e+02
extra,"stage=T/3,2T/3",F25,10,19,4.4909718743e+02
extra,"stage=T/3,2T/3",F26,10,19,3.0074191778e+02
extra,"stage=T/4,3T/4",F10,10,19,9.0793718765e+02
extra,"stage=T/4,3T/4",F11,10,19,9.3719258954e+00
extra,"stage=T/4,3T/4",F12,10,19,7.1096556901e+04
extra,"stage=T/4,3T/4",F13,10,19,2.7639980010e+04
extra,"stage=T/4,3T/4",F14,10,19,1.5000406884e+02
extra,"stage=T/4,3T/4",F15,10,19,2.4724280713e+03
extra,"stage=T/4,3T/4",F16,10,19,1.9013068006e+01
extra,"stage=T/4,3T/4",F17,10,19,2.5623397530e+01
extra,"stage=T/3,2T/3",F27,10,19,3.9178006854e+02
extra,"stage=T/3,2T/3",F28,10,19,4.1405481429e+02
extra,"stage=T/3,2T/3",F29,10,19,3.0404306184e+02
extra,"stage=T/3,2T/3",F30,10,19,1.4765618670e+06
extra,"stage=T/4,3T/4",F18,10,19,3.0768522201e+03
extra,"stage=T/4,3T/4",F19,10,19,8.7093399538e+01
extra,"stage=T/4,3T/4",F20,10,19,3.0945806628e+01
extra,"stage=T/4,3T/4",F21,10,19,1.0451775031e+02
extra,"stage=T/2,3T/4",F5,10,19,6.9773210469e+00
extra,"stage=T/2,3T/4",F6,10,19,1.0203183208e+00
extra,"stage=T/2,3T/4",F7,10,19,1.9712444959e+01
extra,"stage=T/2,3T/4",F8,10,19,1.0067771334e+01
extra,"stage=T/4,3T/4",F30,10,19,8.5599952933e+05
extra,"stage=T/2,3T/4",F1,10,19,1.1934287519e+04
extra,"stage=T/2,3T/4",F3,10,19,1.8476798598e+02
extra,"stage=T/2,3T/4",F4,10,19,6.4823195822e+00
extra,"stage=T/4,3T/4",F22,10,19,1.0205187253e+02
extra,"stage=T/4,3T/4",F23,10,19,3.1499666365e+02
extra,"stage=T/4,3T/4",F24,10,19,1.0376573155e+02
extra,"stage=T/4,3T/4",F25,10,19,3.9819843269e+02
extra,"stage=T/2,3T/4",F9,10,19,6.5464668267e-02
extra,"stage=T/2,3T/4",F10,10,19,7.6099531569e+02
extra,"stage=T/2,3T/4",F11,10,19,4.6800257769e+00
extra,"stage=T/2,3T/4",F12,10,19,1.6060934061e+06
extra,"stage=T/2,3T/4",F13,10,19,6.2527825669e+03
extra,"stage=T/2,3T/4",F14,10,19,1.8455847679e+02
extra,"stage=T/2,3T/4",F15,10,19,5.7122143001e+03
extra,"stage=T/2,3T/4",F16,10,19,2.1123201689e+01
extra,"stage=T/4,3T/4",F26,10,19,3.0010306442e+02
extra,"stage=T/4,3T/4",F27,10,19,3.9684986601e+02
extra,"stage=T/4,3T/4",F28,10,19,6.1182166792e+02
extra,"stage=T/4,3T/4",F29,10,19,2.9905040156e+02
extra,"stage=T/2,3T/4",F17,10,19,3.8433658147e+01
extra,"stage=T/2,3T/4",F18,10,19,3.6897532356e+04
extra,"stage=T/2,3T/4",F19,10,19,6.7267043997e+02
extra,"stage=T/2,3T/4",F20,10,19,2.6865914826e+01
extra,"stage=T/5,4T/5",F4,10,19,6.6128722901e+00
extra,"stage=T/5,4T/5",F5,10,19,1.5921909962e+01
extra,"stage=T/5,4T/5",F6,10,19,8.1949691586e-01
extra,"stage=T/5,4T/5",F7,10,19,2.9830021331e+01
extra,"stage=T/2,3T/4",F21,10,19,1.0507289935e+02
extra,"stage=T/2,3T/4",F22,10,19,1.0104026072e+02
extra,"stage=T/2,3T/4",F23,10,19,3.0612786117e+02
extra,"stage=T/2,3T/4",F24,10,19,3.4221290256e+02
extra,"stage=T/5,4T/5",F8,10,19,7.9685511645e+00
extra,"stage=T/5,4T/5",F9,10,19,1.4832278453e-05
extra,"stage=T/5,4T/5",F10,10,19,6.3873929820e+02
extra,"stage=T/5,4T/5",F11,10,19,1.2797280663e+01
extra,"stage=T/2,3T/4",F29,10,19,2.9659978254e+02
extra,"stage=T/2,3T/4",F30,10,19,1.9535831626e+06
extra,"stage=T/5,4T/5",F1,10,19,1.1794872622e+03
extra,"stage=T/5,4T/5",F3,10,19,1.4356775241e+02
extra,"stage=T/2,3T/4",F25,10,19,4.4608775337e+02
extra,"stage=T/2,3T/4",F26,10,19,3.0007949098e+02
extra,"stage=T/2,3T/4",F27,10,19,3.9082491258e+02
extra,"stage=T/2,3T/4",F28,10,19,3.8932857100e+02
extra,"stage=T/5,4T/5",F12,10,19,1.2301454394e+06
extra,"stage=T/5,4T/5",F13,10,19,7.0338796394e+03
extra,"stage=T/5,4T/5",F14,10,19,1.5132314033e+02
extra,"stage=T/5,4T/5",F15,10,19,2.4787590615e+02
extra,"stage=T/5,4T/5",F16,10,19,2.6942585078e+00
extra,"stage=T/5,4T/5",F17,10,19,3.8313049980e+01
extra,"stage=T/5,4T/5",F18,10,19,3.4506595556e+04
extra,"stage=T/5,4T/5",F19,10,19,3.8692479409e+02
extra,"k: nu=1/2,mu=10",F3,10,19,2.8289713919e+02
extra,"k: nu=1/2,mu=10",F4,10,19,7.3792905709e+00
extra,"k: nu=1/2,mu=10",F5,10,19,1.5045821141e+01
extra,"k: nu=1/2,mu=10",F6,10,19,7.2931188937e-02
extra,"stage=T/5,4T/5",F20,10,19,2.6264848235e+01
extra,"stage=T/5,4T/5",F21,10,19,2.1414156133e+02
extra,"stage=T/5,4T/5",F22,10,19,1.0036015217e+02
extra,"stage=T/5,4T/5",F23,10,19,3.2237098771e+02
extra,"k: nu=1/2,mu=10",F7,10,19,2.9682068672e+01
extra,"k: nu=1/2,mu=10",F8,10,19,1.1941279227e+01
extra,"k: nu=1/2,mu=10",F9,10,19,1.1947284984e-02
extra,"k: nu=1/2,mu=10",F10,10,19,8.6587639555e+02
extra,"stage=T/5,4T/5",F24,10,19,1.0036362260e+02
extra,"stage=T/5,4T/5",F25,10,19,4.4637609128e+02
extra,"stage=T/5,4T/5",F26,10,19,4.4379763034e+02
extra,"stage=T/5,4T/5",F27,10,19,3.8977079820e+02
extra,"k: nu=1/2,mu=10",F11,10,19,1.2357354694e+01
extra,"k: nu=1/2,mu=10",F12,10,19,4.0096314830e+06
extra,"k: nu=1/2,mu=10",F13,10,19,4.2877743942e+03
extra,"k: nu=1/2,mu=10",F14,10,19,1.8000864346e+02
extra,"stage=T/5,4T/5",F28,10,19,6.1182166590e+02
extra,"stage=T/5,4T/5",F29,10,19,2.4498351959e+02
extra,"stage=T/5,4T/5",F30,10,19,7.6528580859e+05
extra,"k: nu=1/2,mu=10",F1,10,19,5.8826747922e+03
extra,"k: nu=1/2,mu=10",F15,10,19,8.4961541138e+03
extra,"k: nu=1/2,mu=10",F16,10,19,4.1243761087e+00
extra,"k: nu=1/2,mu=10",F17,10,19,2.3813803507e+01
extra,"k: nu=1/2,mu=10",F18,10,19,5.3807973458e+03
extra,"k: nu=1/2,mu=10",F19,10,19,1.9532611157e+03
extra,"k: nu=1/2,mu=10",F20,10,19,2.6360693940e+01
extra,"k: nu=1/2,mu=10",F21,10,19,2.1863193771e+02
extra,"k: nu=1/2,mu=10",F22,10,19,1.0231817780e+02
extra,"k: nu=1,mu=10",F1,10,19,1.1317726951e+04
extra,"k: nu=1,mu=10",F3,10,19,1.5396646108e+02
extra,"k: nu=1,mu=10",F4,10,19,7.0396295569e+00
extra,"k: nu=1,mu=10",F5,10,19,2.5909436875e+01
extra,"k: nu=1,mu=10",F6,10,19,5.9303057694e-01
extra,"k: nu=1,mu=10",F7,10,19,2.3793652495e+01
extra,"k: nu=1,mu=10",F8,10,19,1.1941601544e+01
extra,"k: nu=1,mu=10",F9,10,19,2.4320328396e-02
extra,"k: nu=1,mu=10",F10,10,19,8.3755308214e+02
extra,"k: nu=1,mu=10",F11,10,19,3.5154544623e+00
extra,"k: nu=1,mu=10",F12,10,19,2.1951740736e+05
extra,"k: nu=1,mu=10",F13,10,19,2.7496079653e+03
extra,"k: nu=1/2,mu=10",F23,10,19,3.3411723467e+02
extra,"k: nu=1/2,mu=10",F24,10,19,1.0468066112e+02
extra,"k: nu=1/2,mu=10",F25,10,19,3.9969275461e+02
extra,"k: nu=1/2,mu=10",F26,10,19,3.0013178404e+02
extra,"k: nu=1,mu=10",F14,10,19,2.3689873684e+02
extra,"k: nu=1,mu=10",F15,10,19,9.2119378974e+02
extra,"k: nu=1,mu=10",F16,10,19,1.2567027716e+00
extra,"k: nu=1,mu=10",F17,10,19,4.0682789058e+01
extra,"k: nu=1/2,mu=10",F27,10,19,3.8965160044e+02
extra,"k: nu=1/2,mu=10",F28,10,19,5.8374297027e+02
extra,"k: nu=1/2,mu=10",F29,10,19,2.9686100561e+02
extra,"k: nu=1/2,mu=10",F30,10,19,8.7426846943e+05
extra,"k: nu=1,mu=10",F18,10,19,3.1630194747e+04
extra,"k: nu=1,mu=10",F19,10,19,2.0569673960e+02
extra,"k: nu=1,mu=10",F20,10,19,2.7419496326e+01
extra,"k: nu=1,mu=10",F21,10,19,2.2402258002e+02
extra,"k: nu=1/2,mu=5",F5,10,19,8.6976081327e+00
extra,"k: nu=1/2,mu=5",F6,10,19,1.3270090989e+00
extra,"k: nu=1/2,mu=5",F7,10,19,2.1523254827e+01
extra,"k: nu=1/2,mu=5",F8,10,19,9.7462961575e+00
extra,"k: nu=1,mu=10",F22,10,19,1.0098917614e+02
extra,"k: nu=1,mu=10",F23,10,19,3.1344438721e+02
extra,"k: nu=1,mu=10",F24,10,19,1.0593625969e+02
extra,"k: nu=1,mu=10",F25,10,19,4.0014769798e+02
extra,"k: nu=1,mu=10",F30,10,19,7.7744596212e+05
extra,"k: nu=1/2,mu=5",F1,10,19,3.6910527918e+03
extra,"k: nu=1/2,mu=5",F3,10,19,1.7358378174e+02
extra,"k: nu=1/2,mu=5",F4,10,19,3.2511201185e+00
extra,"k: nu=1/2,mu=5",F9,10,19,8.7235811727e-03
extra,"k: nu=1/2,mu=5",F10,10,19,4.2664896254e+02
extra,"k: nu=1/2,mu=5",F11,10,19,3.7229759153e+00
extra,"k: nu=1/2,mu=5",F12,10,19,5.9711687946e+03
extra,"k: nu=1/2,mu=5",F13,10,19,1.3705551547e+04
extra,"k: nu=1/2,mu=5",F14,10,19,1.0410622443e+02
extra,"k: nu=1/2,mu=5",F15,10,19,1.5274913799e+02
extra,"k: nu=1/2,mu=5",F16,10,19,2.8908878038e+02
extra,"k: nu=1,mu=10",F26,10,19,3.0038492851e+02
extra,"k: nu=1,mu=10",F27,10,19,3.9491413521e+02
extra,"k: nu=1,mu=10",F28,10,19,3.0192318946e+02
extra,"k: nu=1,mu=10",F29,10,19,2.5512658411e+02
extra,"k: nu=1/2,mu=5",F17,10,19,1.9300723295e+01
extra,"k: nu=1/2,mu=5",F18,10,19,3.1025964658e+04
extra,"k: nu=1/2,mu=5",F19,10,19,4.5813165547e+03
extra,"k: nu=1/2,mu=5",F20,10,19,2.4307611295e+01
extra,"k: nu=1/2,mu=20",F4,10,19,7.4418237985e+00
extra,"k: nu=1/2,mu=20",F5,10,19,4.9791681158e+00
extra,"k: nu=1/2,mu=20",F6,10,19,1.1441051754e+00
extra,"k: nu=1/2,mu=20",F7,10,19,2.3564855073e+01
extra,"k: nu=1/2,mu=5",F21,10,19,1.0229650422e+02
extra,"k: nu=1/2,mu=5",F22,10,19,1.0046809148e+02
extra,"k: nu=1/2,mu=5",F23,10,19,3.1263353997e+02
extra,"k: nu=1/2,mu=5",F24,10,19,3.3999786921e+02
extra,"k: nu=1/2,mu=20",F8,10,19,1.1245566171e+01
extra,"k: nu=1/2,mu=20",F9,10,19,1.7408582370e+00
extra,"k: nu=1/2,mu=20",F10,10,19,6.3607302021e+02
extra,"k: nu=1/2,mu=20",F11,10,19,4.5669174509e+00
extra,"k: nu=1/2,mu=20",F12,10,19,1.6715373043e+06
extra,"k: nu=1/2,mu=20",F13,10,19,4.6995479616e+03
extra,"k: nu=1/2,mu=20",F14,10,19,1.3067416577e+02
extra,"k: nu=1/2,mu=20",F15,10,19,7.1759208782e+02
extra,"k: nu=1/2,mu=5",F25,10,19,4.4366463823e+02
extra,"k: nu=1/2,mu=5",F26,10,19,3.0026110413e+02
extra,"k: nu=1/2,mu=5",F27,10,19,3.9900661227e+02
extra,"k: nu=1/2,mu=5",F28,10,19,3.7271659666e+02
extra,"k: nu=1/2,mu=5",F29,10,19,2.6268309055e+02
extra,"k: nu=1/2,mu=5",F30,10,19,1.7993648380e+06
extra,"k: nu=1/2,mu=20",F1,10,19,8.7278714654e+03
extra,"k: nu=1/2,mu=20",F3,10,19,5.1837104776e+01
extra,"k: nu=1/2,mu=20",F16,10,19,4.1400587878e+01
extra,"k: nu=1/2,mu=20",F17,10,19,4.2500135065e+01
extra,"k: nu=1/2,mu=20",F18,10,19,3.8501852414e+04
extra,"k: nu=1/2,mu=20",F19,10,19,1.5894738272e+03
extra,k=1 (plain OBL),F3,10,19,3.2605942340e+02
extra,k=1 (plain OBL),F4,10,19,1.5019976149e+00
extra,k=1 (plain OBL),F5,10,19,1.9936303050e+00
extra,k=1 (plain OBL),F6,10,19,1.9042870900e-01
extra,"k: nu=1/2,mu=20",F20,10,19,1.5347606911e+01
extra,"k: nu=1/2,mu=20",F21,10,19,2.2018180127e+02
extra,"k: nu=1/2,mu=20",F22,10,19,1.0660880576e+02
extra,"k: nu=1/2,mu=20",F23,10,19,3.3140578599e+02
extra,k=1 (plain OBL),F7,10,19,1.9641574444e+01
extra,k=1 (plain OBL),F8,10,19,1.3930803842e+01
extra,k=1 (plain OBL),F9,10,19,4.8465935602e-03
extra,k=1 (plain OBL),F10,10,19,7.0917484685e+02
extra,"k: nu=1/2,mu=20",F24,10,19,1.0060101514e+02
extra,"k: nu=1/2,mu=20",F25,10,19,4.0250977194e+02
extra,"k: nu=1/2,mu=20",F26,10,19,3.0046192551e+02
extra,"k: nu=1/2,mu=20",F27,10,19,3.8955282109e+02
extra,"k: nu=1/2,mu=20",F28,10,19,6.1182170762e+02
extra,"k: nu=1/2,mu=20",F29,10,19,2.9530617494e+02
extra,"k: nu=1/2,mu=20",F30,10,19,1.9825467422e+05
extra,k=1 (plain OBL),F1,10,19,9.6755067748e+03
extra,k=1 (plain OBL),F11,10,19,1.0535663263e+01
extra,k=1 (plain OBL),F12,10,19,3.8653066933e+06
extra,k=1 (plain OBL),F13,10,19,1.2881875441e+04
extra,k=1 (plain OBL),F14,10,19,2.1319080323e+02
extra,k=1 (plain OBL),F15,10,19,1.1377655797e+04
extra,k=1 (plain OBL),F16,10,19,2.1449488406e+01
extra,k=1 (plain OBL),F17,10,19,6.7293729789e+01
extra,k=1 (plain OBL),F18,10,19,2.5807115491e+03
extra,k=1 (plain OBL),F19,10,19,4.5234393553e+03
extra,k=1 (plain OBL),F20,10,19,4.2489920256e+01
extra,k=1 (plain OBL),F21,10,19,2.1220853005e+02
extra,k=1 (plain OBL),F22,10,19,1.0179287256e+02
extra,N=10,F1,10,20,4.7586641569e+02
extra,N=10,F3,10,20,1.2156271183e+02
extra,N=10,F4,10,20,7.9565579285e+00
extra,N=10,F5,10,20,1.3291123102e+01
extra,k=1 (plain OBL),F23,10,19,3.2196063180e+02
extra,k=1 (plain OBL),F24,10,19,1.0627868754e+02
extra,k=1 (plain OBL),F25,10,19,4.4491783784e+02
extra,k=1 (plain OBL),F26,10,19,3.0021843505e+02
extra,k=1 (plain OBL),F27,10,19,3.9079707578e+02
extra,k=1 (plain OBL),F28,10,19,3.7208421755e+02
extra,k=1 (plain OBL),F29,10,19,3.1186191048e+02
extra,k=1 (plain OBL),F30,10,19,8.7382456285e+05
extra,N=10,F6,10,20,1.2433746272e+00
extra,N=10,F7,10,20,2.4931757876e+01
extra,N=10,F8,10,20,1.1939919687e+01
extra,N=10,F9,10,20,7.9860777832e+00
extra,N=10,F10,10,20,5.3882719656e+02
extra,N=10,F11,10,20,7.3417543865e+00
extra,N=10,F12,10,20,5.2898836988e+06
extra,N=10,F13,10,20,9.2601182989e+02
extra,N=10,F14,10,20,1.8103322536e+02
extra,N=10,F15,10,20,1.7714304993e+03
extra,N=10,F16,10,20,1.3776529138e+02
extra,N=10,F17,10,20,2.5520611991e+01
extra,N=10,F18,10,20,5.1058100152e+02
extra,N=10,F19,10,20,1.8546782086e+03
extra,N=10,F20,10,20,3.3871145353e+01
extra,N=10,F21,10,20,2.2002475903e+02
extra,N=20,F5,10,20,1.8972889302e+01
extra,N=20,F6,10,20,8.2147731719e-02
extra,N=20,F7,10,20,2.4293248475e+01
extra,N=20,F8,10,20,1.5926666353e+01
extra,N=10,F30,10,20,1.0070209875e+05
extra,N=20,F1,10,20,4.7101727392e+03
extra,N=20,F3,10,20,4.2542822448e+01
extra,N=20,F4,10,20,6.5222425388e+00
extra,N=20,F9,10,20,1.7921278554e-01
extra,N=20,F10,10,20,6.8366727449e+02
extra,N=20,F11,10,20,4.5061270786e+00
extra,N=20,F12,10,20,2.2282535965e+06
extra,N=10,F22,10,20,1.0252475800e+02
extra,N=10,F23,10,20,3.4118257015e+02
extra,N=10,F24,10,20,3.3754073620e+02
extra,N=10,F25,10,20,4.4490180292e+02
extra,N=20,F13,10,20,3.8751357991e+03
extra,N=20,F14,10,20,1.7413136372e+02
extra,N=20,F15,10,20,2.6710018191e+03
extra,N=20,F16,10,20,1.3277290888e+01
extra,N=20,F17,10,20,4.6624084236e+01
extra,N=20,F18,10,20,6.6921636454e+03
extra,N=20,F19,10,20,8.7669219251e+02
extra,N=20,F20,10,20,2.8134098847e+01
extra,N=20,F21,10,20,1.0134863089e+02
extra,N=20,F22,10,20,1.0163731790e+02
extra,N=20,F23,10,20,3.1018834230e+02
extra,N=20,F24,10,20,3.3962597823e+02
extra,N=50,F4,10,20,7.6357797338e+00
extra,N=50,F5,10,20,1.4983174037e+01
extra,N=50,F6,10,20,3.1784657539e+00
extra,N=50,F7,10,20,2.9057211389e+01
extra,N=10,F26,10,20,6.2543481520e+02
extra,N=10,F27,10,20,3.9635792834e+02
extra,N=10,F28,10,20,6.1182166589e+02
extra,N=10,F29,10,20,2.8487137702e+02
extra,N=50,F8,10,20,1.2064912572e+01
extra,N=50,F9,10,20,1.6633571429e-01
extra,N=50,F10,10,20,6.9538098303e+02
extra,N=50,F11,10,20,2.1776712129e+00
extra,N=50,F12,10,20,3.3129128880e+06
extra,N=50,F13,10,20,8.8420190447e+03
extra,N=50,F14,10,20,1.8912337376e+02
extra,N=50,F15,10,20,1.5819703504e+03
extra,N=50,F16,10,20,2.4185315067e+02
extra,N=50,F17,10,20,3.9826327972e+01
extra,N=50,F18,10,20,2.9256418360e+04
extra,N=50,F19,10,20,8.0996291208e+02
extra,N=20,F29,10,20,2.8382576003e+02
extra,N=20,F30,10,20,1.1584066070e+06
extra,N=50,F1,10,20,3.1515523100e+04
extra,N=50,F3,10,20,2.2047078979e+02
extra,N=20,F25,10,20,3.9822124910e+02
extra,N=20,F26,10,20,3.0013441170e+02
extra,N=20,F27,10,20,3.9078196194e+02
extra,N=20,F28,10,20,4.1643732675e+02
extra,N=100,F3,10,20,3.5638378726e+02
extra,N=100,F4,10,20,5.0100930139e+00
extra,N=100,F5,10,20,3.4199349629e+01
extra,N=100,F6,10,20,7.5874943286e-01
extra,N=100,F7,10,20,2.3558316973e+01
extra,N=100,F8,10,20,1.8918263833e+01
extra,N=100,F9,10,20,5.7102819497e-01
extra,N=100,F10,10,20,8.4447327565e+02
extra,N=50,F20,10,20,3.2432151626e+01
extra,N=50,F21,10,20,2.1860825519e+02
extra,N=50,F22,10,20,1.0113520269e+02
extra,N=50,F23,10,20,3.2121289545e+02
extra,N=100,F11,10,20,1.0370800567e+01
extra,N=100,F12,10,20,4.5947983156e+05
extra,N=100,F13,10,20,9.9058160029e+03
extra,N=100,F14,10,20,2.3531832346e+02
extra,N=100,F15,10,20,2.5021869490e+03
extra,N=100,F16,10,20,2.5018364620e+01
extra,N=100,F17,10,20,4.2296764211e+01
extra,N=100,F18,10,20,1.4513113246e+04
extra,N=50,F28,10,20,4.7239253170e+02
extra,N=50,F29,10,20,2.7007355325e+02
extra,N=50,F30,10,20,1.9356997023e+06
extra,N=100,F1,10,20,1.0813610883e+06
extra,N=50,F24,10,20,3.3668321510e+02
extra,N=50,F25,10,20,3.9790492274e+02
extra,N=50,F26,10,20,3.0165304128e+02
extra,N=50,F27,10,20,3.9003918949e+02
extra,N=100,F19,10,20,7.5378766372e+03
extra,N=100,F20,10,20,4.3184069992e+01
extra,N=100,F21,10,20,1.0548667966e+02
extra,N=100,F22,10,20,1.0297375136e+02
extra,beta=1.1,F1,10,20,7.6510026774e+03
extra,beta=1.1,F3,10,20,3.6782534647e+01
extra,beta=1.1,F4,10,20,5.4794600283e+00
extra,beta=1.1,F5,10,20,1.2944026960e+01
extra,N=100,F23,10,20,3.0820102408e+02
extra,N=100,F24,10,20,3.5554507104e+02
extra,N=100,F25,10,20,4.5066460483e+02
extra,N=100,F26,10,20,3.4765010833e+02
extra,beta=1.1,F6,10,20,8.5719653415e-02
extra,beta=1.1,F7,10,20,3.3974307555e+01
extra,beta=1.1,F8,10,20,1.8313491982e+01
extra,beta=1.1,F9,10,20,4.5560829603e-01
extra,N=100,F27,10,20,3.9160542674e+02
extra,N=100,F28,10,20,6.1183422446e+02
extra,N=100,F29,10,20,2.8547688781e+02
extra,N=100,F30,10,20,3.1070974683e+05
extra,beta=1.1,F10,10,20,1.0280927134e+03
extra,beta=1.1,F11,10,20,6.0742657404e+00
extra,beta=1.1,F12,10,20,2.2337391945e+06
extra,beta=1.1,F13,10,20,7.8379468748e+03
extra,beta=1.1,F14,10,20,2.5462149716e+02
extra,beta=1.1,F15,10,20,1.2714606973e+02
extra,beta=1.1,F16,10,20,9.9203894681e-01
extra,beta=1.1,F17,10,20,4.6183792921e+01
extra,beta=1.1,F18,10,20,1.5075909675e+03
extra,beta=1.1,F19,10,20,5.6761063322e+02
extra,beta=1.1,F20,10,20,2.3720879303e+01
extra,beta=1.1,F21,10,20,1.0347460010e+02
extra,beta=1.3,F5,10,20,7.9742553030e+00
extra,beta=1.3,F6,10,20,5.4525699776e-01
extra,beta=1.3,F7,10,20,2.2097267154e+01
extra,beta=1.3,F8,10,20,2.1899527346e+01
extra,beta=1.1,F30,10,20,1.8127853794e+06
extra,beta=1.3,F1,10,20,2.2422465239e+04
extra,beta=1.3,F3,10,20,1.3326254990e+02
extra,beta=1.3,F4,10,20,7.1285319647e+00
extra,beta=1.1,F22,10,20,1.0277054176e+02
extra,beta=1.1,F23,10,20,3.1520264150e+02
extra,beta=1.1,F24,10,20,3.3387443706e+02
extra,beta=1.1,F25,10,20,3.9968235232e+02
extra,beta=1.3,F9,10,20,5.4797601109e-02
extra,beta=1.3,F10,10,20,1.1442384064e+03
extra,beta=1.3,F11,10,20,4.6837779946e+00
extra,beta=1.3,F12,10,20,1.2506419865e+06
extra,beta=1.3,F13,10,20,4.7481985692e+02
extra,beta=1.3,F14,10,20,1.4757086500e+02
extra,beta=1.3,F15,10,20,1.4235472393e+03
extra,beta=1.3,F16,10,20,4.0122683629e+01
extra,beta=1.1,F26,10,20,3.4717068482e+02
extra,beta=1.1,F27,10,20,3.9086334528e+02
extra,beta=1.1,F28,10,20,6.1182166623e+02
extra,beta=1.1,F29,10,20,2.9266258906e+02
extra,beta=1.3,F17,10,20,1.1865840240e+01
extra,beta=1.3,F18,10,20,3.2553912978e+03
extra,beta=1.3,F19,10,20,2.2049903841e+02
extra,beta=1.3,F20,10,20,4.1152009139e+01
extra,beta=1.3,F21,10,20,2.0521896275e+02
extra,beta=1.3,F22,10,20,1.0221015059e+02
extra,beta=1.3,F23,10,20,3.2023615193e+02
extra,beta=1.3,F24,10,20,3.4533242790e+02
extra,beta=1.5,F4,10,20,6.5737917268e+00
extra,beta=1.5,F5,10,20,1.4005599527e+01
extra,beta=1.5,F6,10,20,7.2671055812e-01
extra,beta=1.5,F7,10,20,2.5627054422e+01
extra,beta=1.5,F8,10,20,1.0961444884e+01
extra,beta=1.5,F9,10,20,1.4911197445e-02
extra,beta=1.5,F10,10,20,1.1126978407e+03
extra,beta=1.5,F11,10,20,1.1990177293e+01
extra,beta=1.5,F12,10,20,1.9136440941e+06
extra,beta=1.5,F13,10,20,5.2028037869e+03
extra,beta=1.5,F14,10,20,1.0241182460e+02
extra,beta=1.5,F15,10,20,1.7687856596e+03
extra,beta=1.3,F25,10,20,4.4452610850e+02
extra,beta=1.3,F26,10,20,3.0004005782e+02
extra,beta=1.3,F27,10,20,3.9349254203e+02
extra,beta=1.3,F28,10,20,4.1307717786e+02
extra,beta=1.3,F29,10,20,2.9253091482e+02
extra,beta=1.3,F30,10,20,2.5741986921e+04
extra,beta=1.5,F1,10,20,6.9896480971e+03
extra,beta=1.5,F3,10,20,8.4980374007e+01
extra,beta=1.5,F16,10,20,1.5294160652e+01
extra,beta=1.5,F17,10,20,2.3319137561e+01
extra,beta=1.5,F18,10,20,2.0983204864e+04
extra,beta=1.5,F19,10,20,1.3342190275e+02
extra,beta=1.9,F3,10,20,3.5529403624e+02
extra,beta=1.9,F4,10,20,6.2763269637e+00
extra,beta=1.9,F5,10,20,1.1136948396e+01
extra,beta=1.9,F6,10,20,1.5824139292e+00
extra,beta=1.5,F20,10,20,3.7168693205e+01
extra,beta=1.5,F21,10,20,2.1861403521e+02
extra,beta=1.5,F22,10,20,1.0267699156e+02
extra,beta=1.5,F23,10,20,3.1777405270e+02
extra,beta=1.9,F7,10,20,2.9943659196e+01
extra,beta=1.9,F8,10,20,2.1539641543e+01
extra,beta=1.9,F9,10,20,1.3491185760e-02
extra,beta=1.9,F10,10,20,8.9199378667e+02
extra,beta=1.5,F24,10,20,1.0170677913e+02
extra,beta=1.5,F25,10,20,3.9967238554e+02
extra,beta=1.5,F26,10,20,3.0020285194e+02
extra,beta=1.5,F27,10,20,3.9507459611e+02
extra,beta=1.9,F11,10,20,2.8286660596e+00
extra,beta=1.9,F12,10,20,5.8895476819e+04
extra,beta=1.9,F13,10,20,1.9399322891e+04
extra,beta=1.9,F14,10,20,2.3741548482e+02
extra,beta=1.5,F28,10,20,3.6878697384e+02
extra,beta=1.5,F29,10,20,2.5574498499e+02
extra,beta=1.5,F30,10,20,5.7817286337e+05
extra,beta=1.9,F1,10,20,7.9386977021e+03
extra,beta=1.9,F15,10,20,1.9314631371e+03
extra,beta=1.9,F16,10,20,1.5058262108e+01
extra,beta=1.9,F17,10,20,2.9791935743e+00
extra,beta=1.9,F18,10,20,5.6761209981e+03
extra,"stage=T/3,2T/3",F1,10,20,5.3733470785e+03
extra,"stage=T/3,2T/3",F3,10,20,1.4226921279e+02
extra,"stage=T/3,2T/3",F4,10,20,6.5464740976e+00
extra,"stage=T/3,2T/3",F5,10,20,7.7660953659e+00
extra,beta=1.9,F19,10,20,7.4372472255e+01
extra,beta=1.9,F20,10,20,1.3583870270e+01
extra,beta=1.9,F21,10,20,2.1023682320e+02
extra,beta=1.9,F22,10,20,1.0041871433e+02
extra,"stage=T/3,2T/3",F6,10,20,9.8826387408e-02
extra,"stage=T/3,2T/3",F7,10,20,2.2057427435e+01
extra,"stage=T/3,2T/3",F8,10,20,1.6923659366e+01
extra,"stage=T/3,2T/3",F9,10,20,9.0324742649e-02
extra,beta=1.9,F23,10,20,3.1071049932e+02
extra,beta=1.9,F24,10,20,1.0623006065e+02
extra,beta=1.9,F25,10,20,3.9969577134e+02
extra,beta=1.9,F26,10,20,3.9793856086e+02
extra,"stage=T/3,2T/3",F10,10,20,5.4637680796e+02
extra,"stage=T/3,2T/3",F11,10,20,7.6893284387e+00
extra,"stage=T/3,2T/3",F12,10,20,1.1885420491e+04
extra,"stage=T/3,2T/3",F13,10,20,6.0396967775e+03
extra,"stage=T/3,2T/3",F14,10,20,4.0845099104e+02
extra,"stage=T/3,2T/3",F15,10,20,7.6389647013e+02
extra,"stage=T/3,2T/3",F16,10,20,3.5702750239e+00
extra,"stage=T/3,2T/3",F17,10,20,2.6997732968e+01
extra,beta=1.9,F27,10,20,3.9165505461e+02
extra,beta=1.9,F28,10,20,3.7337826131e+02
extra,beta=1.9,F29,10,20,2.7780315582e+02
extra,beta=1.9,F30,10,20,2.7176662961e+03
extra,"stage=T/3,2T/3",F18,10,20,5.3208939854e+03
extra,"stage=T/3,2T/3",F19,10,20,2.0656440175e+02
extra,"stage=T/3,2T/3",F20,10,20,1.2222607524e+01
extra,"stage=T/3,2T/3",F21,10,20,2.1119355294e+02
extra,"stage=T/4,3T/4",F5,10,20,1.5149452884e+01
extra,"stage=T/4,3T/4",F6,10,20,9.8955161562e-01
extra,"stage=T/4,3T/4",F7,10,20,2.7012489598e+01
extra,"stage=T/4,3T/4",F8,10,20,1.1943305824e+01
extra,"stage=T/3,2T/3",F22,10,20,1.1573117596e+01
extra,"stage=T/3,2T/3",F23,10,20,3.0787535363e+02
extra,"stage=T/3,2T/3",F24,10,20,3.3893860390e+02
extra,"stage=T/3,2T/3",F25,10,20,4.4681454058e+02
extra,"stage=T/3,2T/3",F30,10,20,4.4228475411e+05
extra,"stage=T/4,3T/4",F1,10,20,1.9702883113e+03
extra,"stage=T/4,3T/4",F3,10,20,3.2141569914e+02
extra,"stage=T/4,3T/4",F4,10,20,7.1304821750e+00
extra,"stage=T/4,3T/4",F9,10,20,4.5469967941e-01
extra,"stage=T/4,3T/4",F10,10,20,8.3066201769e+02
extra,"stage=T/4,3T/4",F11,10,20,5.0645932811e+00
extra,"stage=T/4,3T/4",F12,10,20,1.1333219865e+06
extra,"stage=T/4,3T/4",F13,10,20,2.8782357315e+03
extra,"stage=T/4,3T/4",F14,10,20,1.5477579947e+02
extra,"stage=T/4,3T/4",F15,10,20,5.1730138695e+02
extra,"stage=T/4,3T/4",F16,10,20,1.3460607056e+02
extra,"stage=T/3,2T/3",F26,10,20,3.0007191638e+02
extra,"stage=T/3,2T/3",F27,10,20,3.9363846632e+02
extra,"stage=T/3,2T/3",F28,10,20,4.3730664326e+02
extra,"stage=T/3,2T/3",F29,10,20,2.6621566433e+02
extra,"stage=T/4,3T/4",F17,10,20,2.2163824564e+01
extra,"stage=T/4,3T/4",F18,10,20,3.2150546138e+03
extra,"stage=T/4,3T/4",F19,10,20,3.8164438007e+01
extra,"stage=T/4,3T/4",F20,10,20,2.8498610863e+01
extra,"stage=T/2,3T/4",F4,10,20,3.3167546856e+00
extra,"stage=T/2,3T/4",F5,10,20,1.4156293409e+01
extra,"stage=T/2,3T/4",F6,10,20,1.1517061336e+00
extra,"stage=T/2,3T/4",F7,10,20,2.7524888854e+01
extra,"stage=T/4,3T/4",F21,10,20,1.0498932696e+02
extra,"stage=T/4,3T/4",F22,10,20,1.0104011861e+02
extra,"stage=T/4,3T/4",F23,10,20,3.1478178849e+02
extra,"stage=T/4,3T/4",F24,10,20,1.0082904594e+02
extra,"stage=T/2,3T/4",F8,10,20,1.5929587085e+01
extra,"stage=T/2,3T/4",F9,10,20,2.7403090143e-01
extra,"stage=T/2,3T/4",F10,10,20,4.3070654958e+02
extra,"stage=T/2,3T/4",F11,10,20,1.2422410964e+01
extra,"stage=T/4,3T/4",F29,10,20,2.8080324919e+02
extra,"stage=T/4,3T/4",F30,10,20,1.0657796527e+05
extra,"stage=T/2,3T/4",F1,10,20,1.2505553259e+04
extra,"stage=T/2,3T/4",F3,10,20,1.1043849106e+03
extra,"stage=T/4,3T/4",F25,10,20,4.4680182155e+02
extra,"stage=T/4,3T/4",F26,10,20,3.0001961185e+02
extra,"stage=T/4,3T/4",F27,10,20,3.9334105034e+02
extra,"stage=T/4,3T/4",F28,10,20,6.1182167463e+02
extra,"stage=T/2,3T/4",F12,10,20,5.5831507834e+04
extra,"stage=T/2,3T/4",F13,10,20,1.0210616803e+04
extra,"stage=T/2,3T/4",F14,10,20,1.4940454951e+02
extra,"stage=T/2,3T/4",F15,10,20,2.5520826904e+03
extra,"stage=T/2,3T/4",F16,10,20,8.2356204434e+00
extra,"stage=T/2,3T/4",F17,10,20,4.4203957852e+01
extra,"stage=T/2,3T/4",F18,10,20,5.3731965146e+03
extra,"stage=T/2,3T/4",F19,10,20,2.3518613091e+02
extra,"stage=T/5,4T/5",F3,10,20,3.9047215911e+02
extra,"stage=T/5,4T/5",F4,10,20,6.0363601540e+00
extra,"stage=T/5,4T/5",F5,10,20,4.0529381627e+00
extra,"stage=T/5,4T/5",F6,10,20,1.6515362891e+00
extra,"stage=T/2,3T/4",F20,10,20,4.3456360262e+01
extra,"stage=T/2,3T/4",F21,10,20,1.0204871804e+02
extra,"stage=T/2,3T/4",F22,10,20,1.0264010298e+02
extra,"stage=T/2,3T/4",F23,10,20,3.0650906070e+02
extra,"stage=T/5,4T/5",F7,10,20,2.3393864940e+01
extra,"stage=T/5,4T/5",F8,10,20,7.9837424742e+00
extra,"stage=T/5,4T/5",F9,10,20,6.1070439062e-04
extra,"stage=T/5,4T/5",F10,10,20,7.4389847107e+02
extra,"stage=T/2,3T/4",F28,10,20,4.0944611992e+02
extra,"stage=T/2,3T/4",F29,10,20,2.6079224282e+02
extra,"stage=T/2,3T/4",F30,10,20,2.6409280113e+05
extra,"stage=T/5,4T/5",F1,10,20,1.6440285935e+03
extra,"stage=T/2,3T/4",F24,10,20,1.0169223435e+02
extra,"stage=T/2,3T/4",F25,10,20,4.0024648111e+02
extra,"stage=T/2,3T/4",F26,10,20,3.0016385840e+02
extra,"stage=T/2,3T/4",F27,10,20,3.8965877175e+02
extra,"stage=T/5,4T/5",F11,10,20,8.9729948586e+00
extra,"stage=T/5,4T/5",F12,10,20,4.8017138000e+03
extra,"stage=T/5,4T/5",F13,10,20,9.1237036039e+02
extra,"stage=T/5,4T/5",F14,10,20,2.8728283461e+02
extra,"stage=T/5,4T/5",F15,10,20,3.8553526951e+03
extra,"stage=T/5,4T/5",F16,10,20,1.8008133154e+00
extra,"stage=T/5,4T/5",F17,10,20,2.5771627564e+01
extra,"stage=T/5,4T/5",F18,10,20,3.7566695558e+03
extra,"stage=T/5,4T/5",F19,10,20,5.0602853912e+02
extra,"stage=T/5,4T/5",F20,10,20,2.6266586536e+01
extra,"stage=T/5,4T/5",F21,10,20,2.1103502933e+02
extra,"stage=T/5,4T/5",F22,10,20,1.0315247355e+02
extra,"k: nu=1/2,mu=10",F1,10,20,1.3379833646e+03
extra,"k: nu=1/2,mu=10",F3,10,20,1.2479268228e+02
extra,"k: nu=1/2,mu=10",F4,10,20,6.7503060968e+00
extra,"k: nu=1/2,mu=10",F5,10,20,1.8915178947e+01
extra,"stage=T/5,4T/5",F23,10,20,3.2654257943e+02
extra,"stage=T/5,4T/5",F24,10,20,1.0225726845e+02
extra,"stage=T/5,4T/5",F25,10,20,4.4386329332e+02
extra,"stage=T/5,4T/5",F26,10,20,3.4714913343e+02
extra,"k: nu=1/2,mu=10",F6,10,20,8.7533932347e-02
extra,"k: nu=1/2,mu=10",F7,10,20,2.2693746577e+01
extra,"k: nu=1/2,mu=10",F8,10,20,1.2952757816e+01
extra,"k: nu=1/2,mu=10",F9,10,20,6.4256496944e-03
extra,"k: nu=1/2,mu=10",F10,10,20,7.0124274670e+02
extra,"k: nu=1/2,mu=10",F11,10,20,9.5610643326e+00
extra,"k: nu=1/2,mu=10",F12,10,20,2.2049879265e+06
extra,"k: nu=1/2,mu=10",F13,10,20,9.8077222886e+03
extra,"k: nu=1/2,mu=10",F14,10,20,1.4269426346e+02
extra,"k: nu=1/2,mu=10",F15,10,20,3.2567044367e+03
extra,"k: nu=1/2,mu=10",F16,10,20,1.3869203109e+01
extra,"k: nu=1/2,mu=10",F17,10,20,3.5245737759e+01
extra,"k: nu=1/2,mu=10",F18,10,20,1.0142616607e+04
extra,"k: nu=1/2,mu=10",F19,10,20,9.3061229956e+01
extra,"k: nu=1/2,mu=10",F20,10,20,2.6972518645e+01
extra,"k: nu=1/2,mu=10",F21,10,20,1.0203627724e+02
extra,"stage=T/5,4T/5",F27,10,20,3.9218442577e+02
extra,"stage=T/5,4T/5",F28,10,20,4.1856648844e+02
extra,"stage=T/5,4T/5",F29,10,20,2.5589372350e+02
extra,"stage=T/5,4T/5",F30,10,20,8.5521846671e+05
extra,"k: nu=1,mu=10",F5,10,20,8.9826802647e+00
extra,"k: nu=1,mu=10",F6,10,20,1.8267289025e-01
extra,"k: nu=1,mu=10",F7,10,20,2.4112797136e+01
extra,"k: nu=1,mu=10",F8,10,20,2.2449721806e+01
extra,"k: nu=1/2,mu=10",F22,10,20,1.0045476893e+02
extra,"k: nu=1/2,mu=10",F23,10,20,3.1725561002e+02
extra,"k: nu=1/2,mu=10",F24,10,20,1.0128119070e+02
extra,"k: nu=1/2,mu=10",F25,10,20,3.9959182965e+02
extra,"k: nu=1/2,mu=10",F30,10,20,1.7924627714e+05
extra,"k: nu=1,mu=10",F1,10,20,1.9532860589e+03
extra,"k: nu=1,mu=10",F3,10,20,1.1389812199e+02
extra,"k: nu=1,mu=10",F4,10,20,6.5053329255e+00
extra,"k: nu=1,mu=10",F9,10,20,6.8277868218e-01
extra,"k: nu=1,mu=10",F10,10,20,7.5205777754e+02
extra,"k: nu=1,mu=10",F11,10,20,2.7531461194e+00
extra,"k: nu=1,mu=10",F12,10,20,4.8269416562e+04
extra,"k: nu=1,mu=10",F13,10,20,2.2364738956e+04
extra,"k: nu=1,mu=10",F14,10,20,1.7601596048e+02
extra,"k: nu=1,mu=10",F15,10,20,1.4744970413e+03
extra,"k: nu=1,mu=10",F16,10,20,1.5261794088e+02
extra,"k: nu=1/2,mu=10",F26,10,20,3.0026956738e+02
extra,"k: nu=1/2,mu=10",F27,10,20,3.9079318777e+02
extra,"k: nu=1/2,mu=10",F28,10,20,4.8577858858e+02
extra,"k: nu=1/2,mu=10",F29,10,20,3.0084390455e+02
extra,"k: nu=1,mu=10",F17,10,20,4.3731022864e+01
extra,"k: nu=1,mu=10",F18,10,20,3.3125787304e+03
extra,"k: nu=1,mu=10",F19,10,20,2.9207118679e+02
extra,"k: nu=1,mu=10",F20,10,20,4.5181245509e+01
extra,"k: nu=1,mu=10",F21,10,20,1.0295309222e+02
extra,"k: nu=1,mu=10",F22,10,20,1.0302805853e+02
extra,"k: nu=1,mu=10",F23,10,20,3.1069327604e+02
extra,"k: nu=1,mu=10",F24,10,20,1.0724235438e+02
extra,"k: nu=1/2,mu=5",F4,10,20,4.9719717847e+00
extra,"k: nu=1/2,mu=5",F5,10,20,1.6588635656e+01
extra,"k: nu=1/2,mu=5",F6,10,20,9.6669178414e-01
extra,"k: nu=1/2,mu=5",F7,10,20,2.7407421366e+01
extra,"k: nu=1/2,mu=5",F8,10,20,1.2936247906e+01
extra,"k: nu=1/2,mu=5",F9,10,20,1.1564759246e-03
extra,"k: nu=1/2,mu=5",F10,10,20,5.3887528292e+02
extra,"k: nu=1/2,mu=5",F11,10,20,4.2157436935e+00
extra,"k: nu=1,mu=10",F25,10,20,3.9959798287e+02
extra,"k: nu=1,mu=10",F26,10,20,3.0004345109e+02
extra,"k: nu=1,mu=10",F27,10,20,3.9246679555e+02
extra,"k: nu=1,mu=10",F28,10,20,3.7603925888e+02
extra,"k: nu=1/2,mu=5",F12,10,20,8.1917828269e+05
extra,"k: nu=1/2,mu=5",F13,10,20,1.0754381354e+04
extra,"k: nu=1/2,mu=5",F14,10,20,2.5815268354e+02
extra,"k: nu=1/2,mu=5",F15,10,20,2.3567874400e+03
extra,"k: nu=1,mu=10",F29,10,20,2.7148584698e+02
extra,"k: nu=1,mu=10",F30,10,20,1.3265547760e+05
extra,"k: nu=1/2,mu=5",F1,10,20,9.5347386880e+04
extra,"k: nu=1/2,mu=5",F3,10,20,6.5402778411e+01
extra,"k: nu=1/2,mu=5",F16,10,20,1.7286984970e+01
extra,"k: nu=1/2,mu=5",F17,10,20,3.5569526603e+01
extra,"k: nu=1/2,mu=5",F18,10,20,3.4178544376e+03
extra,"k: nu=1/2,mu=5",F19,10,20,5.4035209298e+02
extra,"k: nu=1/2,mu=20",F3,10,20,2.0829187476e+02
extra,"k: nu=1/2,mu=20",F4,10,20,7.0388910747e+00
extra,"k: nu=1/2,mu=20",F5,10,20,4.0628641766e+00
extra,"k: nu=1/2,mu=20",F6,10,20,6.4531014576e-01
extra,"k: nu=1/2,mu=5",F20,10,20,1.2369098570e+02
extra,"k: nu=1/2,mu=5",F21,10,20,2.0498302841e+02
extra,"k: nu=1/2,mu=5",F22,10,20,1.0283131808e+02
extra,"k: nu=1/2,mu=5",F23,10,20,3.0829677506e+02
extra,"k: nu=1/2,mu=20",F7,10,20,1.7538472823e+01
extra,"k: nu=1/2,mu=20",F8,10,20,6.9649711826e+00
extra,"k: nu=1/2,mu=20",F9,10,20,9.0697542089e-02
extra,"k: nu=1/2,mu=20",F10,10,20,5.8883588511e+02
extra,"k: nu=1/2,mu=5",F24,10,20,3.4521903517e+02
extra,"k: nu=1/2,mu=5",F25,10,20,4.4441696784e+02
extra,"k: nu=1/2,mu=5",F26,10,20,3.0003394671e+02
extra,"k: nu=1/2,mu=5",F27,10,20,3.8897866542e+02
extra,"k: nu=1/2,mu=20",F11,10,20,4.1306836232e+00
extra,"k: nu=1/2,mu=20",F12,10,20,1.0569140117e+06
extra,"k: nu=1/2,mu=20",F13,10,20,2.3050152713e+03
extra,"k: nu=1/2,mu=20",F14,10,20,2.3755219321e+02
extra,"k: nu=1/2,mu=5",F28,10,20,3.7206887793e+02
extra,"k: nu=1/2,mu=5",F29,10,20,2.7290962953e+02
extra,"k: nu=1/2,mu=5",F30,10,20,7.6315254157e+05
extra,"k: nu=1/2,mu=20",F1,10,20,1.2161934985e+04
extra,"k: nu=1/2,mu=20",F15,10,20,4.6440676755e+03
extra,"k: nu=1/2,mu=20",F16,10,20,5.3237790255e+00
extra,"k: nu=1/2,mu=20",F17,10,20,3.6572751026e+01
extra,"k: nu=1/2,mu=20",F18,10,20,1.0606844542e+04
extra,"k: nu=1/2,mu=20",F19,10,20,8.1307240437e+02
extra,"k: nu=1/2,mu=20",F20,10,20,2.3512267726e+01
extra,"k: nu=1/2,mu=20",F21,10,20,2.0839611104e+02
extra,"k: nu=1/2,mu=20",F22,10,20,1.0165115303e+02
extra,k=1 (plain OBL),F1,10,20,2.1435448278e+04
extra,k=1 (plain OBL),F3,10,20,1.3252328970e+03
extra,k=1 (plain OBL),F4,10,20,5.8349339582e+00
extra,k=1 (plain OBL),F5,10,20,1.3965557138e+01
extra,k=1 (plain OBL),F6,10,20,6.9114412079e-02
extra,k=1 (plain OBL),F7,10,20,1.7096220519e+01
extra,k=1 (plain OBL),F8,10,20,1.9188253928e+01
extra,k=1 (plain OBL),F9,10,20,5.2126312005e-01
extra,k=1 (plain OBL),F10,10,20,6.3161812361e+02
extra,k=1 (plain OBL),F11,10,20,1.2909325560e+01
extra,k=1 (plain OBL),F12,10,20,5.5055770656e+05
extra,k=1 (plain OBL),F13,10,20,6.6245188639e+03
extra,"k: nu=1/2,mu=20",F23,10,20,3.1191315517e+02
extra,"k: nu=1/2,mu=20",F24,10,20,3.3561211747e+02
extra,"k: nu=1/2,mu=20",F25,10,20,3.9988768646e+02
extra,"k: nu=1/2,mu=20",F26,10,20,3.0019677126e+02
extra,k=1 (plain OBL),F14,10,20,3.1035575493e+02
extra,k=1 (plain OBL),F15,10,20,2.9191846451e+03
extra,k=1 (plain OBL),F16,10,20,1.2225622555e+02
extra,k=1 (plain OBL),F17,10,20,2.5505200211e+01
extra,k=1 (plain OBL),F18,10,20,7.8113504957e+03
extra,k=1 (plain OBL),F19,10,20,6.2206133400e+02
extra,k=1 (plain OBL),F20,10,20,3.6582417427e+01
extra,k=1 (plain OBL),F21,10,20,1.0626005798e+02
extra,"k: nu=1/2,mu=20",F27,10,20,3.9612572209e+02
extra,"k: nu=1/2,mu=20",F28,10,20,4.8602481429e+02
extra,"k: nu=1/2,mu=20",F29,10,20,2.7078713290e+02
extra,"k: nu=1/2,mu=20",F30,10,20,4.1646884165e+05
extra,k=1 (plain OBL),F22,10,20,1.0204333884e+02
extra,k=1 (plain OBL),F23,10,20,3.1360106312e+02
extra,k=1 (plain OBL),F24,10,20,3.3592687912e+02
extra,k=1 (plain OBL),F25,10,20,4.0026654918e+02
extra,N=10,F5,10,21,1.9304410305e+01
extra,N=10,F6,10,21,3.9441195214e+00
extra,N=10,F7,10,21,4.2936034094e+01
extra,N=10,F8,10,21,1.8905852210e+01
extra,k=1 (plain OBL),F30,10,20,4.6987451001e+05
extra,N=10,F1,10,21,2.2015128903e+03
extra,N=10,F3,10,21,1.1563546553e+02
extra,N=10,F4,10,21,5.7332101775e+00
extra,k=1 (plain OBL),F26,10,20,3.0038120393e+02
extra,k=1 (plain OBL),F27,10,20,3.9281393696e+02
extra,k=1 (plain OBL),F28,10,20,4.1409818405e+02
extra,k=1 (plain OBL),F29,10,20,2.4939253136e+02
extra,N=10,F9,10,21,1.2186656359e+00
extra,N=10,F10,10,21,5.7779687965e+02
extra,N=10,F11,10,21,4.2521477248e+01
extra,N=10,F12,10,21,3.1061646320e+05
extra,N=10,F13,10,21,2.0710512466e+03
extra,N=10,F14,10,21,2.2029771511e+02
extra,N=10,F15,10,21,5.0894770457e+03
extra,N=10,F16,10,21,4.4478895529e+00
extra,N=10,F17,10,21,2.4570547116e+01
extra,N=10,F18,10,21,4.9605453586e+03
extra,N=10,F19,10,21,2.0484298703e+03
extra,N=10,F20,10,21,2.8572740497e+01
extra,N=20,F4,10,21,7.2283083064e+00
extra,N=20,F5,10,21,1.0164301715e+01
extra,N=20,F6,10,21,7.7234280277e-01
extra,N=20,F7,10,21,3.8435881174e+01
extra,N=10,F21,10,21,2.1142235403e+02
extra,N=10,F22,10,21,1.0930166649e+02
extra,N=10,F23,10,21,3.1467486638e+02
extra,N=10,F24,10,21,3.4595888531e+02
extra,N=20,F8,10,21,1.7909958267e+01
extra,N=20,F9,10,21,1.0038586424e-05
extra,N=20,F10,10,21,9.1902287702e+02
extra,N=20,F11,10,21,5.9370092504e+00
extra,N=20,F12,10,21,2.9318126382e+06
extra,N=20,F13,10,21,2.8338863233e+03
extra,N=20,F14,10,21,2.0029009431e+02
extra,N=20,F15,10,21,1.8629951524e+03
extra,N=20,F16,10,21,3.0746401776e+01
extra,N=20,F17,10,21,4.4642257602e+01
extra,N=20,F18,10,21,1.1179163948e+04
extra,N=20,F19,10,21,1.8464054365e+02
extra,N=10,F25,10,21,4.4731743884e+02
extra,N=10,F26,10,21,3.0014078684e+02
extra,N=10,F27,10,21,3.9300544922e+02
extra,N=10,F28,10,21,6.1182328514e+02
extra,N=10,F29,10,21,3.7887346003e+02
extra,N=10,F30,10,21,1.3808304719e+06
extra,N=20,F1,10,21,3.6816491225e+02
extra,N=20,F3,10,21,2.2791587057e+01
extra,N=50,F3,10,21,6.7405528085e+01
extra,N=50,F4,10,21,6.7968990490e+00
extra,N=50,F5,10,21,1.3947850278e+01
extra,N=50,F6,10,21,1.2974774260e+00
extra,N=50,F7,10,21,1.8038571917e+01
extra,N=50,F8,10,21,1.4995629771e+01
extra,N=50,F9,10,21,1.2526497102e-01
extra,N=50,F10,10,21,8.4770424423e+02
extra,N=20,F20,10,21,2.2046834394e+01
extra,N=20,F21,10,21,2.0768579597e+02
extra,N=20,F22,10,21,1.0042607895e+02
extra,N=20,F23,10,21,3.1935082810e+02
extra,N=50,F11,10,21,1.2443430740e+01
extra,N=50,F12,10,21,1.0978011682e+06
extra,N=50,F13,10,21,1.3489671412e+04
extra,N=50,F14,10,21,1.8613681905e+02
extra,N=50,F15,10,21,3.3437982947e+03
extra,N=50,F16,10,21,2.6022862935e+02
extra,N=50,F17,10,21,1.9716148368e+01
extra,N=50,F18,10,21,2.2509675418e+02
extra,N=50,F19,10,21,7.3945332011e+02
extra,N=50,F20,10,21,2.3199431177e+01
extra,N=50,F21,10,21,2.1779554486e+02
extra,N=50,F22,10,21,1.0082747145e+02
extra,N=20,F24,10,21,3.3856037902e+02
extra,N=20,F25,10,21,4.4385192167e+02
extra,N=20,F26,10,21,3.0012818031e+02
extra,N=20,F27,10,21,3.8958561017e+02
extra,N=100,F1,10,21,3.1885338071e+06
extra,N=100,F3,10,21,8.4343795948e+02
extra,N=100,F4,10,21,5.0408212994e+00
extra,N=100,F5,10,21,1.8466447711e+01
extra,N=50,F23,10,21,3.2125970588e+02
extra,N=50,F24,10,21,1.0198938023e+02
extra,N=50,F25,10,21,4.4401663952e+02
extra,N=50,F26,10,21,3.4719628625e+02
extra,N=100,F6,10,21,8.6059068132e-01
extra,N=100,F7,10,21,3.7802211951e+01
extra,N=100,F8,10,21,1.1228469917e+01
extra,N=100,F9,10,21,1.6637212331e+00
extra,N=20,F28,10,21,4.1625653376e+02
extra,N=20,F29,10,21,2.9024482273e+02
extra,N=20,F30,10,21,1.2494663494e+06
extra,N=50,F1,10,21,1.1733101284e+05
extra,N=100,F10,10,21,1.0562377876e+03
extra,N=100,F11,10,21,7.3570523606e+00
extra,N=100,F12,10,21,3.4040944014e+06
extra,N=100,F13,10,21,1.2255736109e+03
extra,N=100,F14,10,21,1.6369460400e+02
extra,N=100,F15,10,21,1.8062509645e+03
extra,N=100,F16,10,21,1.6389770476e+01
extra,N=100,F17,10,21,6.7537460930e+01
extra,N=100,F18,10,21,1.0568650329e+03
extra,N=100,F19,10,21,7.1171053443e+02
extra,N=100,F20,10,21,3.1770461290e+01
extra,N=100,F21,10,21,2.1481535973e+02
extra,N=100,F22,10,21,1.0233340926e+02
extra,N=100,F23,10,21,3.1169144942e+02
extra,N=100,F24,10,21,3.4094852207e+02
extra,N=100,F25,10,21,4.0955774672e+02
extra,N=50,F27,10,21,3.9284146695e+02
extra,N=50,F28,10,21,4.3220844075e+02
extra,N=50,F29,10,21,2.7033953080e+02
extra,N=50,F30,10,21,6.7091567134e+05
extra,N=100,F26,10,21,3.4718263232e+02
extra,N=100,F27,10,21,3.8961716569e+02
extra,N=100,F28,10,21,4.1876023017e+02
extra,N=100,F29,10,21,3.9299205665e+02
extra,N=100,F30,10,21,7.7995385778e+03
extra,beta=1.1,F1,10,21,7.4678065921e+03
extra,beta=1.1,F3,10,21,2.6968446678e+02
extra,beta=1.1,F4,10,21,3.7615328147e+00
extra,beta=1.1,F5,10,21,6.1251784249e+00
extra,beta=1.1,F6,10,21,3.4013078456e-01
extra,beta=1.1,F7,10,21,3.0816718520e+01
extra,beta=1.1,F8,10,21,8.0023151331e+00
extra,beta=1.1,F9,10,21,4.7592589029e-03
extra,beta=1.1,F10,10,21,7.2024755530e+02
extra,beta=1.1,F11,10,21,1.1682435435e+01
extra,beta=1.1,F12,10,21,2.4979375723e+06
extra,beta=1.1,F13,10,21,7.6389863967e+02
extra,beta=1.1,F14,10,21,3.0771593491e+02
extra,beta=1.1,F15,10,21,4.8288503322e+03
extra,beta=1.1,F16,10,21,1.7011246743e+02
extra,beta=1.1,F17,10,21,4.9600752665e+01
extra,beta=1.1,F18,10,21,6.9731212010e+03
extra,beta=1.1,F19,10,21,1.3778321307e+02
extra,beta=1.1,F20,10,21,5.3137135616e+01
extra,beta=1.1,F21,10,21,2.0636825149e+02
extra,beta=1.1,F22,10,21,1.0023009985e+02
extra,beta=1.1,F23,10,21,3.1970048468e+02
extra,beta=1.1,F24,10,21,3.3897594500e+02
extra,beta=1.3,F4,10,21,6.4780025039e+00
extra,beta=1.3,F5,10,21,1.1743886839e+01
extra,beta=1.3,F6,10,21,3.3470447168e-01
extra,beta=1.3,F7,10,21,3.1062919794e+01
extra,beta=1.3,F8,10,21,9.0188781540e+00
extra,beta=1.3,F9,10,21,8.0084456075e-03
extra,beta=1.3,F10,10,21,4.8911070995e+02
extra,beta=1.3,F11,10,21,4.1732417024e+00
extra,beta=1.3,F12,10,21,8.3326693687e+06
extra,beta=1.3,F13,10,21,1.1608601473e+03
extra,beta=1.3,F14,10,21,1.9750635424e+02
extra,beta=1.3,F15,10,21,4.1390950867e+02
extra,beta=1.1,F29,10,21,2.6112169596e+02
extra,beta=1.1,F30,10,21,6.1059131724e+05
extra,beta=1.3,F1,10,21,2.9086744710e+03
extra,beta=1.3,F3,10,21,3.1946872718e+02
extra,beta=1.1,F25,10,21,3.9983672157e+02
extra,beta=1.1,F26,10,21,3.0015488277e+02
extra,beta=1.1,F27,10,21,3.8974364992e+02
extra,beta=1.1,F28,10,21,4.1951859078e+02
extra,beta=1.3,F16,10,21,1.3734892428e+01
extra,beta=1.3,F17,10,21,4.0229774470e+01
extra,beta=1.3,F18,10,21,2.2333021721e+04
extra,beta=1.3,F19,10,21,3.7005726321e+03
extra,beta=1.5,F3,10,21,3.0744003030e+02
extra,beta=1.5,F4,10,21,6.2326073776e+00
extra,beta=1.5,F5,10,21,2.0897538959e+01
extra,beta=1.5,F6,10,21,1.8313584406e-01
extra,beta=1.3,F20,10,21,3.0620693134e+01
extra,beta=1.3,F21,10,21,2.2946621972e+02
extra,beta=1.3,F22,10,21,1.0098937785e+02
extra,beta=1.3,F23,10,21,3.0594829174e+02
extra,beta=1.5,F7,10,21,1.7887746507e+01
extra,beta=1.5,F8,10,21,1.1943434402e+01
extra,beta=1.5,F9,10,21,1.4911130073e-03
extra,beta=1.5,F10,10,21,4.9708381648e+02
extra,beta=1.3,F24,10,21,3.4017347942e+02
extra,beta=1.3,F25,10,21,3.9927015055e+02
extra,beta=1.3,F26,10,21,3.0023576108e+02
extra,beta=1.3,F27,10,21,3.8969292343e+02
extra,beta=1.5,F11,10,21,7.6787947851e+00
extra,beta=1.5,F12,10,21,4.0695810504e+06
extra,beta=1.5,F13,10,21,3.1726017926e+03
extra,beta=1.5,F14,10,21,1.6145124763e+02
extra,beta=1.3,F28,10,21,6.1182172515e+02
extra,beta=1.3,F29,10,21,2.5826233983e+02
extra,beta=1.3,F30,10,21,3.5583773338e+05
extra,beta=1.5,F1,10,21,1.2465318478e+04
extra,beta=1.5,F15,10,21,7.6553258688e+02
extra,beta=1.5,F16,10,21,1.7107199532e+02
extra,beta=1.5,F17,10,21,2.3025398421e+01
extra,beta=1.5,F18,10,21,3.0492700080e+03
extra,beta=1.9,F1,10,21,2.1743373576e+03
extra,beta=1.9,F3,10,21,2.9439791706e+02
extra,beta=1.9,F4,10,21,7.1798421387e+00
extra,beta=1.9,F5,10,21,1.2052174292e+01
extra,beta=1.5,F19,10,21,2.2595758009e+03
extra,beta=1.5,F20,10,21,4.0630941279e+01
extra,beta=1.5,F21,10,21,1.0305599243e+02
extra,beta=1.5,F22,10,21,1.0042577022e+02
extra,beta=1.9,F6,10,21,1.8649137929e-01
extra,beta=1.9,F7,10,21,3.0009271375e+01
extra,beta=1.9,F8,10,21,1.4507293320e+01
extra,beta=1.9,F9,10,21,1.7486101505e+00
extra,beta=1.5,F23,10,21,3.1054307975e+02
extra,beta=1.5,F24,10,21,3.4427957516e+02
extra,beta=1.5,F25,10,21,4.4357404577e+02
extra,beta=1.5,F26,10,21,3.4715136273e+02
extra,beta=1.9,F10,10,21,9.7807576932e+02
extra,beta=1.9,F11,10,21,4.1778452923e+00
extra,beta=1.9,F12,10,21,1.9912756863e+05
extra,beta=1.9,F13,10,21,8.3334631846e+03
extra,beta=1.9,F14,10,21,1.3140970369e+02
extra,beta=1.9,F15,10,21,8.7379558833e+03
extra,beta=1.9,F16,10,21,1.2070792362e+02
extra,beta=1.9,F17,10,21,3.7981439989e+01
extra,beta=1.9,F18,10,21,1.4551948367e+03
extra,beta=1.9,F19,10,21,2.2223848788e+02
extra,beta=1.9,F20,10,21,2.3819599887e+01
extra,beta=1.9,F21,10,21,2.0939784553e+02
extra,beta=1.5,F27,10,21,3.9084036960e+02
extra,beta=1.5,F28,10,21,3.7218421372e+02
extra,beta=1.5,F29,10,21,3.0642462500e+02
extra,beta=1.5,F30,10,21,7.2009884923e+05
extra,beta=1.9,F22,10,21,1.0211070595e+02
extra,beta=1.9,F23,10,21,3.0868549850e+02
extra,beta=1.9,F24,10,21,3.5228432993e+02
extra,beta=1.9,F25,10,21,4.0102341501e+02
extra,"stage=T/3,2T/3",F5,10,21,1.1738065893e+01
extra,"stage=T/3,2T/3",F6,10,21,4.8841034544e-01
extra,"stage=T/3,2T/3",F7,10,21,3.5485213811e+01
extra,"stage=T/3,2T/3",F8,10,21,6.0134544132e+00
extra,beta=1.9,F30,10,21,2.5726626649e+06
extra,"stage=T/3,2T/3",F1,10,21,1.9257523849e+04
extra,"stage=T/3,2T/3",F3,10,21,1.4712104203e+03
extra,"stage=T/3,2T/3",F4,10,21,5.0013117337e+00
extra,"stage=T/3,2T/3",F9,10,21,1.0248443281e-01
extra,"stage=T/3,2T/3",F10,10,21,3.8229832363e+02
extra,"stage=T/3,2T/3",F11,10,21,1.2869917619e+01
extra,"stage=T/3,2T/3",F12,10,21,1.0979935963e+06
extra,"stage=T/3,2T/3",F13,10,21,4.4463846349e+03
extra,"stage=T/3,2T/3",F14,10,21,2.0377666665e+02
extra,"stage=T/3,2T/3",F15,10,21,1.3903635005e+03
extra,"stage=T/3,2T/3",F16,10,21,1.2364703750e+02
extra,beta=1.9,F26,10,21,3.0007130819e+02
extra,beta=1.9,F27,10,21,3.9711503577e+02
extra,beta=1.9,F28,10,21,3.7336789681e+02
extra,beta=1.9,F29,10,21,2.4089913336e+02
extra,"stage=T/3,2T/3",F17,10,21,5.6491324420e+01
extra,"stage=T/3,2T/3",F18,10,21,2.6187730247e+04
extra,"stage=T/3,2T/3",F19,10,21,1.1008129309e+03
extra,"stage=T/3,2T/3",F20,10,21,2.7422173037e+01
extra,"stage=T/4,3T/4",F4,10,21,6.3069761733e+00
extra,"stage=T/4,3T/4",F5,10,21,6.9734616477e+00
extra,"stage=T/4,3T/4",F6,10,21,5.2798086762e-01
extra,"stage=T/4,3T/4",F7,10,21,1.8863826978e+01
extra,"stage=T/3,2T/3",F21,10,21,1.0415468471e+02
extra,"stage=T/3,2T/3",F22,10,21,1.0043382143e+02
extra,"stage=T/3,2T/3",F23,10,21,3.3244549750e+02
extra,"stage=T/3,2T/3",F24,10,21,1.0635213754e+02
extra,"stage=T/4,3T/4",F8,10,21,2.0911403628e+01
extra,"stage=T/4,3T/4",F9,10,21,8.8403899269e-04
extra,"stage=T/4,3T/4",F10,10,21,4.5358419511e+02
extra,"stage=T/4,3T/4",F11,10,21,2.2209739142e+00
extra,"stage=T/3,2T/3",F25,10,21,4.0225251286e+02
extra,"stage=T/3,2T/3",F26,10,21,3.0022874467e+02
extra,"stage=T/3,2T/3",F27,10,21,3.8997269292e+02
extra,"stage=T/3,2T/3",F28,10,21,3.8208165628e+02
extra,"stage=T/4,3T/4",F12,10,21,4.0512672946e+05
extra,"stage=T/4,3T/4",F13,10,21,8.3787726611e+03
extra,"stage=T/4,3T/4",F14,10,21,2.8529264154e+02
extra,"stage=T/4,3T/4",F15,10,21,7.0679601446e+02
extra,"stage=T/3,2T/3",F29,10,21,2.7480934130e+02
extra,"stage=T/3,2T/3",F30,10,21,5.7720074989e+04
extra,"stage=T/4,3T/4",F1,10,21,2.7932135276e+03
extra,"stage=T/4,3T/4",F3,10,21,3.4810512760e+02
extra,"stage=T/4,3T/4",F16,10,21,3.8509950235e+00
extra,"stage=T/4,3T/4",F17,10,21,3.9670297904e+01
extra,"stage=T/4,3T/4",F18,10,21,7.1457580173e+03
extra,"stage=T/4,3T/4",F19,10,21,6.7326261280e+02
extra,"stage=T/2,3T/4",F3,10,21,7.3273419309e+01
extra,"stage=T/2,3T/4",F4,10,21,4.7076150512e+00
extra,"stage=T/2,3T/4",F5,10,21,8.9582363625e+00
extra,"stage=T/2,3T/4",F6,10,21,3.3068825127e-01
extra,"stage=T/4,3T/4",F20,10,21,2.3591152708e+01
extra,"stage=T/4,3T/4",F21,10,21,2.1716111423e+02
extra,"stage=T/4,3T/4",F22,10,21,1.0355115934e+02
extra,"stage=T/4,3T/4",F23,10,21,3.0476571955e+02
extra,"stage=T/2,3T/4",F7,10,21,1.6922527141e+01
extra,"stage=T/2,3T/4",F8,10,21,1.5012949025e+01
extra,"stage=T/2,3T/4",F9,10,21,9.2396966842e-02
extra,"stage=T/2,3T/4",F10,10,21,4.2683033430e+02
extra,"stage=T/4,3T/4",F24,10,21,3.3255365643e+02
extra,"stage=T/4,3T/4",F25,10,21,4.4601548468e+02
extra,"stage=T/4,3T/4",F26,10,21,3.0003173863e+02
extra,"stage=T/4,3T/4",F27,10,21,3.9463606599e+02
extra,"stage=T/2,3T/4",F11,10,21,3.2576377106e+00
extra,"stage=T/2,3T/4",F12,10,21,1.8407593770e+04
extra,"stage=T/2,3T/4",F13,10,21,7.4438012647e+03
extra,"stage=T/2,3T/4",F14,10,21,1.9783050612e+02
extra,"stage=T/4,3T/4",F28,10,21,4.2627478139e+02
extra,"stage=T/4,3T/4",F29,10,21,2.7298712555e+02
extra,"stage=T/4,3T/4",F30,10,21,8.6123326497e+05
extra,"stage=T/2,3T/4",F1,10,21,1.1906787085e+05
extra,"stage=T/2,3T/4",F15,10,21,3.3722526790e+03
extra,"stage=T/2,3T/4",F16,10,21,1.2424369737e+02
extra,"stage=T/2,3T/4",F17,10,21,2.3408563939e+01
extra,"stage=T/2,3T/4",F18,10,21,2.1732547295e+04
extra,"stage=T/5,4T/5",F1,10,21,1.5658741808e+04
extra,"stage=T/5,4T/5",F3,10,21,2.2492180521e+02
extra,"stage=T/5,4T/5",F4,10,21,5.7285705117e+00
extra,"stage=T/5,4T/5",F5,10,21,5.9720922856e+00
extra,"stage=T/2,3T/4",F19,10,21,4.6242210705e+02
extra,"stage=T/2,3T/4",F20,10,21,2.7671131427e+01
extra,"stage=T/2,3T/4",F21,10,21,2.1305124818e+02
extra,"stage=T/2,3T/4",F22,10,21,1.0123751694e+02
extra,"stage=T/5,4T/5",F6,10,21,1.9360784904e-01
extra,"stage=T/5,4T/5",F7,10,21,2.8119346294e+01
extra,"stage=T/5,4T/5",F8,10,21,1.7910135097e+01
extra,"stage=T/5,4T/5",F9,10,21,1.1484083291e-03
extra,"stage=T/2,3T/4",F23,10,21,3.1581390819e+02
extra,"stage=T/2,3T/4",F24,10,21,3.5574920073e+02
extra,"stage=T/2,3T/4",F25,10,21,4.0020848755e+02
extra,"stage=T/2,3T/4",F26,10,21,3.0005715082e+02
extra,"stage=T/5,4T/5",F10,10,21,8.7385093931e+02
extra,"stage=T/5,4T/5",F11,10,21,1.5717239819e+01
extra,"stage=T/5,4T/5",F12,10,21,5.5248615248e+05
extra,"stage=T/5,4T/5",F13,10,21,2.6121166621e+01
extra,"stage=T/5,4T/5",F14,10,21,5.7663860759e+02
extra,"stage=T/5,4T/5",F15,10,21,2.3599071395e+02
extra,"stage=T/5,4T/5",F16,10,21,2.6756572085e+00
extra,"stage=T/5,4T/5",F17,10,21,2.2887847501e+01
extra,"stage=T/2,3T/4",F27,10,21,3.9077961229e+02
extra,"stage=T/2,3T/4",F28,10,21,6.1182166650e+02
extra,"stage=T/2,3T/4",F29,10,21,2.9109325379e+02
extra,"stage=T/2,3T/4",F30,10,21,5.7814711807e+04
extra,"stage=T/5,4T/5",F18,10,21,5.8899064485e+03
extra,"stage=T/5,4T/5",F19,10,21,7.8242878756e+02
extra,"stage=T/5,4T/5",F20,10,21,2.6560918304e+01
extra,"stage=T/5,4T/5",F21,10,21,2.0918820506e+02
extra,"k: nu=1/2,mu=10",F5,10,21,8.8525499886e+00
extra,"k: nu=1/2,mu=10",F6,10,21,1.3015989701e+00
extra,"k: nu=1/2,mu=10",F7,10,21,2.3306516124e+01
extra,"k: nu=1/2,mu=10",F8,10,21,1.3956824174e+01
extra,"stage=T/5,4T/5",F22,10,21,1.0788522738e+02
extra,"stage=T/5,4T/5",F23,10,21,3.1423701501e+02
extra,"stage=T/5,4T/5",F24,10,21,1.0115248818e+02
extra,"stage=T/5,4T/5",F25,10,21,4.4603273210e+02
extra,"stage=T/5,4T/5",F30,10,21,8.1083283397e+05
extra,"k: nu=1/2,mu=10",F1,10,21,1.2396634736e+03
extra,"k: nu=1/2,mu=10",F3,10,21,7.5219808603e+01
extra,"k: nu=1/2,mu=10",F4,10,21,7.2907016079e+00
extra,"k: nu=1/2,mu=10",F9,10,21,9.4801721261e-03
extra,"k: nu=1/2,mu=10",F10,10,21,6.1117463028e+02
extra,"k: nu=1/2,mu=10",F11,10,21,5.6976346315e+00
extra,"k: nu=1/2,mu=10",F12,10,21,5.3085063311e+05
extra,"k: nu=1/2,mu=10",F13,10,21,1.5363279222e+03
extra,"k: nu=1/2,mu=10",F14,10,21,2.9085335273e+02
extra,"k: nu=1/2,mu=10",F15,10,21,5.1971722438e+03
extra,"k: nu=1/2,mu=10",F16,10,21,1.8025026460e+01
extra,"stage=T/5,4T/5",F26,10,21,3.4714977520e+02
extra,"stage=T/5,4T/5",F27,10,21,3.9844886039e+02
extra,"stage=T/5,4T/5",F28,10,21,5.8373400266e+02
extra,"stage=T/5,4T/5",F29,10,21,2.5222621012e+02
extra,"k: nu=1/2,mu=10",F17,10,21,4.6053022031e+01
extra,"k: nu=1/2,mu=10",F18,10,21,2.5628481015e+03
extra,"k: nu=1/2,mu=10",F19,10,21,1.1481974763e+03
extra,"k: nu=1/2,mu=10",F20,10,21,3.5270823979e+01
extra,"k: nu=1,mu=10",F4,10,21,5.3525313405e+00
extra,"k: nu=1,mu=10",F5,10,21,1.0996871666e+01
extra,"k: nu=1,mu=10",F6,10,21,1.5171630292e+00
extra,"k: nu=1,mu=10",F7,10,21,1.7168560894e+01
extra,"k: nu=1/2,mu=10",F21,10,21,1.0364553591e+02
extra,"k: nu=1/2,mu=10",F22,10,21,1.0066136730e+02
extra,"k: nu=1/2,mu=10",F23,10,21,3.1932165421e+02
extra,"k: nu=1/2,mu=10",F24,10,21,3.4101933506e+02
extra,"k: nu=1,mu=10",F8,10,21,1.2965080132e+01
extra,"k: nu=1,mu=10",F9,10,21,1.7533869381e+00
extra,"k: nu=1,mu=10",F10,10,21,6.3637337107e+02
extra,"k: nu=1,mu=10",F11,10,21,6.4331702037e+00
extra,"k: nu=1/2,mu=10",F29,10,21,3.0144010007e+02
extra,"k: nu=1/2,mu=10",F30,10,21,8.1419755366e+05
extra,"k: nu=1,mu=10",F1,10,21,2.5996746117e+03
extra,"k: nu=1,mu=10",F3,10,21,1.1726011140e+02
extra,"k: nu=1,mu=10",F12,10,21,3.7993727385e+06
extra,"k: nu=1,mu=10",F13,10,21,9.8260053435e+02
extra,"k: nu=1,mu=10",F14,10,21,3.4986878093e+02
extra,"k: nu=1,mu=10",F15,10,21,2.2295705304e+03
extra,"k: nu=1/2,mu=10",F25,10,21,4.4713212097e+02
extra,"k: nu=1/2,mu=10",F26,10,21,3.4715382781e+02
extra,"k: nu=1/2,mu=10",F27,10,21,3.9313554380e+02
extra,"k: nu=1/2,mu=10",F28,10,21,4.2961460781e+02
extra,"k: nu=1,mu=10",F16,10,21,3.8850590484e+00
extra,"k: nu=1,mu=10",F17,10,21,2.5810605680e+01
extra,"k: nu=1,mu=10",F18,10,21,5.0345331126e+03
extra,"k: nu=1,mu=10",F19,10,21,3.3993666341e+02
extra,"k: nu=1/2,mu=5",F3,10,21,1.9546610000e+02
extra,"k: nu=1/2,mu=5",F4,10,21,7.5677797511e+00
extra,"k: nu=1/2,mu=5",F5,10,21,8.9731239213e+00
extra,"k: nu=1/2,mu=5",F6,10,21,1.0035549842e+00
extra,"k: nu=1,mu=10",F20,10,21,3.0761945078e+01
extra,"k: nu=1,mu=10",F21,10,21,2.1379699515e+02
extra,"k: nu=1,mu=10",F22,10,21,1.0228887065e+02
extra,"k: nu=1,mu=10",F23,10,21,3.1487703401e+02
extra,"k: nu=1/2,mu=5",F7,10,21,2.8029594743e+01
extra,"k: nu=1/2,mu=5",F8,10,21,7.9778979265e+00
extra,"k: nu=1/2,mu=5",F9,10,21,2.9171934976e-03
extra,"k: nu=1/2,mu=5",F10,10,21,5.2957932162e+02
extra,"k: nu=1,mu=10",F24,10,21,1.0250654976e+02
extra,"k: nu=1,mu=10",F25,10,21,4.1599025059e+02
extra,"k: nu=1,mu=10",F26,10,21,3.0009228195e+02
extra,"k: nu=1,mu=10",F27,10,21,3.9777201485e+02
extra,"k: nu=1/2,mu=5",F11,10,21,1.3631781658e+01
extra,"k: nu=1/2,mu=5",F12,10,21,9.5358559419e+05
extra,"k: nu=1/2,mu=5",F13,10,21,7.6598489549e+03
extra,"k: nu=1/2,mu=5",F14,10,21,9.2530245577e+01
extra,"k: nu=1,mu=10",F28,10,21,4.1946609107e+02
extra,"k: nu=1,mu=10",F29,10,21,3.0875994975e+02
extra,"k: nu=1,mu=10",F30,10,21,1.0137881983e+04
extra,"k: nu=1/2,mu=5",F1,10,21,8.1421967308e+03
extra,"k: nu=1/2,mu=5",F15,10,21,2.5665567863e+03
extra,"k: nu=1/2,mu=5",F16,10,21,3.9438435227e+01
extra,"k: nu=1/2,mu=5",F17,10,21,3.3536681855e+01
extra,"k: nu=1/2,mu=5",F18,10,21,7.7760102293e+03
extra,"k: nu=1/2,mu=20",F1,10,21,1.2971001928e+04
extra,"k: nu=1/2,mu=20",F3,10,21,1.3238448507e+01
extra,"k: nu=1/2,mu=20",F4,10,21,4.9365234036e+00
extra,"k: nu=1/2,mu=20",F5,10,21,3.2017872822e+00
extra,"k: nu=1/2,mu=5",F19,10,21,1.5104248722e+02
extra,"k: nu=1/2,mu=5",F20,10,21,2.8728843458e+01
extra,"k: nu=1/2,mu=5",F21,10,21,2.1088545270e+02
extra,"k: nu=1/2,mu=5",F22,10,21,2.3288050116e+01
extra,"k: nu=1/2,mu=20",F6,10,21,2.5992521159e-01
extra,"k: nu=1/2,mu=20",F7,10,21,4.7833139347e+01
extra,"k: nu=1/2,mu=20",F8,10,21,1.2982137030e+01
extra,"k: nu=1/2,mu=20",F9,10,21,9.8984458685e-02
extra,"k: nu=1/2,mu=5",F23,10,21,3.2501887474e+02
extra,"k: nu=1/2,mu=5",F24,10,21,3.3489222561e+02
extra,"k: nu=1/2,mu=5",F25,10,21,4.4419031831e+02
extra,"k: nu=1/2,mu=5",F26,10,21,3.0007605598e+02
extra,"k: nu=1/2,mu=20",F10,10,21,5.9131868257e+02
extra,"k: nu=1/2,mu=20",F11,10,21,7.6935172633e+00
extra,"k: nu=1/2,mu=20",F12,10,21,3.8643097903e+06
extra,"k: nu=1/2,mu=20",F13,10,21,2.1941245247e+03
extra,"k: nu=1/2,mu=20",F14,10,21,2.6960636929e+02
extra,"k: nu=1/2,mu=20",F15,10,21,1.9780236864e+03
extra,"k: nu=1/2,mu=20",F16,10,21,2.4736795499e+00
extra,"k: nu=1/2,mu=20",F17,10,21,3.5821421666e+01
extra,"k: nu=1/2,mu=5",F27,10,21,3.9076846859e+02
extra,"k: nu=1/2,mu=5",F28,10,21,6.1182167388e+02
extra,"k: nu=1/2,mu=5",F29,10,21,2.5653997384e+02
extra,"k: nu=1/2,mu=5",F30,10,21,1.2330559239e+05
extra,"k: nu=1/2,mu=20",F18,10,21,4.6285621267e+03
extra,"k: nu=1/2,mu=20",F19,10,21,1.3519808503e+03
extra,"k: nu=1/2,mu=20",F20,10,21,1.7344811797e+01
extra,"k: nu=1/2,mu=20",F21,10,21,2.2847303062e+02
extra,k=1 (plain OBL),F5,10,21,1.1468471270e+01
extra,k=1 (plain OBL),F6,10,21,1.9345225777e+00
extra,k=1 (plain OBL),F7,10,21,1.8571763704e+01
extra,k=1 (plain OBL),F8,10,21,2.0896956519e+01
extra,"k: nu=1/2,mu=20",F22,10,21,1.0060502916e+02
extra,"k: nu=1/2,mu=20",F23,10,21,3.1260316120e+02
extra,"k: nu=1/2,mu=20",F24,10,21,1.0205813878e+02
extra,"k: nu=1/2,mu=20",F25,10,21,3.9967995559e+02
extra,"k: nu=1/2,mu=20",F30,10,21,2.5070571786e+06
extra,k=1 (plain OBL),F1,10,21,1.4049749429e+03
extra,k=1 (plain OBL),F3,10,21,1.2793687194e+02
extra,k=1 (plain OBL),F4,10,21,4.5900276062e+00
extra,k=1 (plain OBL),F9,10,21,1.8603641495e-02
extra,k=1 (plain OBL),F10,10,21,5.8209721369e+02
extra,k=1 (plain OBL),F11,10,21,7.7248765597e+00
extra,k=1 (plain OBL),F12,10,21,2.2012065838e+06
extra,k=1 (plain OBL),F13,10,21,3.3656152757e+03
extra,k=1 (plain OBL),F14,10,21,2.0270628449e+02
extra,k=1 (plain OBL),F15,10,21,2.2798500107e+03
extra,k=1 (plain OBL),F16,10,21,1.3527642562e+02
extra,"k: nu=1/2,mu=20",F26,10,21,4.2595183138e+02
extra,"k: nu=1/2,mu=20",F27,10,21,3.9084097577e+02
extra,"k: nu=1/2,mu=20",F28,10,21,6.1182180328e+02
extra,"k: nu=1/2,mu=20",F29,10,21,3.1775727234e+02
extra,k=1 (plain OBL),F17,10,21,1.1493101370e+01
extra,k=1 (plain OBL),F18,10,21,1.0643162702e+03
extra,k=1 (plain OBL),F19,10,21,6.9915874531e+02
extra,k=1 (plain OBL),F20,10,21,3.4256614079e+01
extra,k=1 (plain OBL),F21,10,21,1.0481675899e+02
extra,k=1 (plain OBL),F22,10,21,1.0194579308e+02
extra,k=1 (plain OBL),F23,10,21,3.1165606880e+02
extra,k=1 (plain OBL),F24,10,21,3.3414155689e+02
extra,N=10,F4,10,22,7.4649306532e+00
extra,N=10,F5,10,22,1.3944157054e+01
extra,N=10,F6,10,22,1.6455793747e+00
extra,N=10,F7,10,22,4.0237716449e+01
extra,k=1 (plain OBL),F25,10,21,3.9959607938e+02
extra,k=1 (plain OBL),F26,10,21,3.9647611110e+02
extra,k=1 (plain OBL),F27,10,21,3.8931793682e+02
extra,k=1 (plain OBL),F28,10,21,6.1182166742e+02
extra,k=1 (plain OBL),F29,10,21,2.7680467339e+02
extra,k=1 (plain OBL),F30,10,21,8.7318986931e+05
extra,N=10,F1,10,22,1.2607448073e+02
extra,N=10,F3,10,22,2.9626078997e+01
extra,N=10,F8,10,22,2.6960640483e+01
extra,N=10,F9,10,22,4.5486765529e-01
extra,N=10,F10,10,22,7.7971888393e+02
extra,N=10,F11,10,22,3.3645525363e+01
extra,N=10,F12,10,22,1.5223880618e+06
extra,N=10,F13,10,22,1.1402305727e+04
extra,N=10,F14,10,22,1.9233411352e+02
extra,N=10,F15,10,22,5.5779201658e+03
extra,N=10,F16,10,22,2.8597161751e+00
extra,N=10,F17,10,22,4.8574632059e+01
extra,N=10,F18,10,22,2.1412555648e+03
extra,N=10,F19,10,22,8.1813900247e+02
extra,N=20,F3,10,22,1.6568154737e+02
extra,N=20,F4,10,22,6.8302289891e+00
extra,N=20,F5,10,22,9.0263211077e+00
extra,N=20,F6,10,22,1.0682178429e-01
extra,N=10,F20,10,22,2.8008481552e+01
extra,N=10,F21,10,22,2.3007476129e+02
extra,N=10,F22,10,22,5.2949157382e+01
extra,N=10,F23,10,22,3.2168413533e+02
extra,N=20,F7,10,22,3.2711860690e+01
extra,N=20,F8,10,22,1.7941163874e+01
extra,N=20,F9,10,22,2.2766225018e-02
extra,N=20,F10,10,22,5.8329447194e+02
extra,N=20,F11,10,22,2.1253196019e+01
extra,N=20,F12,10,22,7.6355294232e+05
extra,N=20,F13,10,22,2.9242202035e+02
extra,N=20,F14,10,22,3.8040580296e+02
extra,N=10,F24,10,22,3.5426443395e+02
extra,N=10,F25,10,22,3.9793097411e+02
extra,N=10,F26,10,22,3.4715852699e+02
extra,N=10,F27,10,22,3.9459353844e+02
extra,N=20,F15,10,22,3.7420782763e+03
extra,N=20,F16,10,22,2.4256232474e+00
extra,N=20,F17,10,22,2.5521970803e+01
extra,N=20,F18,10,22,6.7212068056e+03
extra,N=20,F19,10,22,6.3779850833e+03
extra,N=20,F20,10,22,2.8552234948e+01
extra,N=20,F21,10,22,2.1055730030e+02
extra,N=20,F22,10,22,1.0132385750e+02
extra,N=50,F1,10,22,2.7559675941e+05
extra,N=50,F3,10,22,8.0547531568e+02
extra,N=50,F4,10,22,6.5535014486e-01
extra,N=50,F5,10,22,1.1334296961e+01
extra,N=50,F6,10,22,1.4603504710e+00
extra,N=50,F7,10,22,2.2456379055e+01
extra,N=50,F8,10,22,8.9853789750e+00
extra,N=50,F9,10,22,3.8877397685e-02
extra,N=10,F28,10,22,5.1122481510e+02
extra,N=10,F29,10,22,2.5059943231e+02
extra,N=10,F30,10,22,2.4441771915e+04
extra,N=20,F1,10,22,8.5732306658e+02
extra,N=50,F10,10,22,4.6916977490e+02
extra,N=50,F11,10,22,9.7582412897e+00
extra,N=50,F12,10,22,6.3196529616e+04
extra,N=50,F13,10,22,2.4759379257e+03
extra,N=50,F14,10,22,5.6119482271e+02
extra,N=50,F15,10,22,3.6315356037e+03
extra,N=50,F16,10,22,1.2289661973e+02
extra,N=50,F17,10,22,4.1380821290e+01
extra,N=20,F23,10,22,3.1018668030e+02
extra,N=20,F24,10,22,3.3691451288e+02
extra,N=20,F25,10,22,4.4795330496e+02
extra,N=20,F26,10,22,3.4714894026e+02
extra,N=50,F18,10,22,1.3850542729e+04
extra,N=50,F19,10,22,1.7768888225e+03
extra,N=50,F20,10,22,2.4861112016e+01
extra,N=50,F21,10,22,2.1072243836e+02
extra,N=50,F22,10,22,1.0091819823e+02
extra,N=50,F23,10,22,3.0560550254e+02
extra,N=50,F24,10,22,3.4316199124e+02
extra,N=50,F25,10,22,4.4781589448e+02
extra,N=50,F30,10,22,6.3261241397e+05
extra,N=100,F1,10,22,3.1873643163e+06
extra,N=100,F3,10,22,1.2166138108e+02
extra,N=100,F4,10,22,5.5350167581e+00
extra,N=100,F5,10,22,1.4115154233e+01
extra,N=100,F6,10,22,3.3158212205e+00
extra,N=100,F7,10,22,3.0206611459e+01
extra,N=100,F8,10,22,1.7470608733e+01
extra,N=100,F9,10,22,8.3864130393e-01
extra,N=100,F10,10,22,5.0376782111e+02
extra,N=100,F11,10,22,8.9291759596e+00
extra,N=100,F12,10,22,1.9357257124e+06
extra,N=20,F27,10,22,3.8986101492e+02
extra,N=20,F28,10,22,3.7387127201e+02
extra,N=20,F29,10,22,3.2616828495e+02
extra,N=20,F30,10,22,2.3750737853e+04
extra,N=100,F13,10,22,8.9669633480e+03
extra,N=100,F14,10,22,1.4024642655e+02
extra,N=100,F15,10,22,5.2815532582e+03
extra,N=100,F16,10,22,1.3353227066e+01
extra,N=100,F17,10,22,2.9144235054e+01
extra,N=100,F18,10,22,1.8638285200e+03
extra,N=100,F19,10,22,7.0649544416e+02
extra,N=100,F20,10,22,3.9683633202e+01
extra,N=50,F26,10,22,3.0093303951e+02
extra,N=50,F27,10,22,3.8982064768e+02
extra,N=50,F28,10,22,6.1182171027e+02
extra,N=50,F29,10,22,2.6868367753e+02
extra,N=100,F21,10,22,1.1219346427e+02
extra,N=100,F22,10,22,1.0162127846e+02
extra,N=100,F23,10,22,3.2111056254e+02
extra,N=100,F24,10,22,3.4588967979e+02
extra,beta=1.1,F4,10,22,6.7433153538e+00
extra,beta=1.1,F5,10,22,7.0726727046e+00
extra,beta=1.1,F6,10,22,1.1704885172e-01
extra,beta=1.1,F7,10,22,1.3965271118e+01
extra,N=100,F25,10,22,4.4571619862e+02
extra,N=100,F26,10,22,3.8339399004e+02
extra,N=100,F27,10,22,3.9112920366e+02
extra,N=100,F28,10,22,3.6814174279e+02
extra,N=100,F29,10,22,3.0893729752e+02
extra,N=100,F30,10,22,4.5664736896e+04
extra,beta=1.1,F1,10,22,1.8810833115e+04
extra,beta=1.1,F3,10,22,2.7655470859e+02
extra,beta=1.1,F8,10,22,2.1013042211e+01
extra,beta=1.1,F9,10,22,2.4758796281e-02
extra,beta=1.1,F10,10,22,4.8386665114e+02
extra,beta=1.1,F11,10,22,7.5891163887e+00
extra,beta=1.1,F12,10,22,1.0532601191e+05
extra,beta=1.1,F13,10,22,4.6912658524e+03
extra,beta=1.1,F14,10,22,1.9220546553e+02
extra,beta=1.1,F15,10,22,2.3736352661e+03
extra,beta=1.1,F16,10,22,2.4207272186e+00
extra,beta=1.1,F17,10,22,3.0738019537e+01
extra,beta=1.1,F18,10,22,4.5115453357e+03
extra,beta=1.1,F19,10,22,3.7217600259e+03
extra,beta=1.3,F3,10,22,2.1882679308e+02
extra,beta=1.3,F4,10,22,7.4470026186e+00
extra,beta=1.3,F5,10,22,1.4276637242e+01
extra,beta=1.3,F6,10,22,1.8373290169e-01
extra,beta=1.1,F20,10,22,4.2854723612e+01
extra,beta=1.1,F21,10,22,1.0070906029e+02
extra,beta=1.1,F22,10,22,1.0007978546e+02
extra,beta=1.1,F23,10,22,3.2601160833e+02
extra,beta=1.3,F7,10,22,2.3260131157e+01
extra,beta=1.3,F8,10,22,9.9629684324e+00
extra,beta=1.3,F9,10,22,1.9759282564e-01
extra,beta=1.3,F10,10,22,6.1196409217e+02
extra,beta=1.3,F11,10,22,1.0988961967e+01
extra,beta=1.3,F12,10,22,6.3037676667e+05
extra,beta=1.3,F13,10,22,5.1625378738e+03
extra,beta=1.3,F14,10,22,1.6167249116e+02
extra,beta=1.1,F24,10,22,1.0311152365e+02
extra,beta=1.1,F25,10,22,3.9841105796e+02
extra,beta=1.1,F26,10,22,3.0024760262e+02
extra,beta=1.1,F27,10,22,3.9399348437e+02
extra,beta=1.1,F28,10,22,6.1182169495e+02
extra,beta=1.1,F29,10,22,3.1229473071e+02
extra,beta=1.1,F30,10,22,9.5612973294e+04
extra,beta=1.3,F1,10,22,1.4496110928e+04
extra,beta=1.3,F15,10,22,5.7440919477e+02
extra,beta=1.3,F16,10,22,6.7307761327e+00
extra,beta=1.3,F17,10,22,3.1313928680e+01
extra,beta=1.3,F18,10,22,4.6611396530e+03
extra,beta=1.5,F1,10,22,2.8018239923e+02
extra,beta=1.5,F3,10,22,2.7845084765e+02
extra,beta=1.5,F4,10,22,5.6408422957e+00
extra,beta=1.5,F5,10,22,1.4955195098e+01
extra,beta=1.3,F19,10,22,2.7721203653e+03
extra,beta=1.3,F20,10,22,4.4078846830e+01
extra,beta=1.3,F21,10,22,2.1210448105e+02
extra,beta=1.3,F22,10,22,1.0036931666e+02
extra,beta=1.5,F6,10,22,1.8127403791e+00
extra,beta=1.5,F7,10,22,2.6588914351e+01
extra,beta=1.5,F8,10,22,1.8906764188e+01
extra,beta=1.5,F9,10,22,4.2953476847e-03
extra,beta=1.3,F23,10,22,3.2142104788e+02
extra,beta=1.3,F24,10,22,3.4554461880e+02
extra,beta=1.3,F25,10,22,3.9849551736e+02
extra,beta=1.3,F26,10,22,3.4715425778e+02
extra,beta=1.5,F10,10,22,7.0421033594e+02
extra,beta=1.5,F11,10,22,1.2508901795e+01
extra,beta=1.5,F12,10,22,7.7130784075e+03
extra,beta=1.5,F13,10,22,3.0303537741e+03
extra,beta=1.5,F14,10,22,1.4899269117e+02
extra,beta=1.5,F15,10,22,7.9060260791e+03
extra,beta=1.5,F16,10,22,4.2121892406e+00
extra,beta=1.5,F17,10,22,5.1547359872e+01
extra,beta=1.5,F18,10,22,8.3957626603e+03
extra,beta=1.5,F19,10,22,4.6342273662e+02
extra,beta=1.5,F20,10,22,3.5845077439e+01
extra,beta=1.5,F21,10,22,2.2333989771e+02
extra,beta=1.3,F27,10,22,3.8991885670e+02
extra,beta=1.3,F28,10,22,4.2474005167e+02
extra,beta=1.3,F29,10,22,2.5095200638e+02
extra,beta=1.3,F30,10,22,6.0940238228e+05
extra,beta=1.5,F22,10,22,1.0066958018e+02
extra,beta=1.5,F23,10,22,3.1100779637e+02
extra,beta=1.5,F24,10,22,3.3399755775e+02
extra,beta=1.5,F25,10,22,3.9793413892e+02
extra,beta=1.9,F5,10,22,1.2243564561e+01
extra,beta=1.9,F6,10,22,1.7824794047e-01
extra,beta=1.9,F7,10,22,2.3017018828e+01
extra,beta=1.9,F8,10,22,2.7008299344e+01
extra,beta=1.5,F30,10,22,8.6158480908e+05
extra,beta=1.9,F1,10,22,1.4263574212e+03
extra,beta=1.9,F3,10,22,2.6751657625e+02
extra,beta=1.9,F4,10,22,5.9101933025e+00
extra,beta=1.9,F9,10,22,7.2561869447e-03
extra,beta=1.9,F10,10,22,7.0354476177e+02
extra,beta=1.9,F11,10,22,8.7752940186e+00
extra,beta=1.9,F12,10,22,1.5132102677e+04
extra,beta=1.9,F13,10,22,3.5681021084e+03
extra,beta=1.9,F14,10,22,3.2464542266e+02
extra,beta=1.9,F15,10,22,2.5467747740e+02
extra,beta=1.9,F16,10,22,4.3925519292e+00
extra,beta=1.5,F26,10,22,3.0002435789e+02
extra,beta=1.5,F27,10,22,3.8986170286e+02
extra,beta=1.5,F28,10,22,3.7776690026e+02
extra,beta=1.5,F29,10,22,3.2173231090e+02
extra,beta=1.9,F17,10,22,4.7132085546e+01
extra,beta=1.9,F18,10,22,2.1761900481e+04
extra,beta=1.9,F19,10,22,1.1870036714e+03
extra,beta=1.9,F20,10,22,2.3573582453e+01
extra,beta=1.9,F21,10,22,1.0464878550e+02
extra,beta=1.9,F22,10,22,1.0149410913e+02
extra,beta=1.9,F23,10,22,3.0916986139e+02
extra,beta=1.9,F24,10,22,3.2869379387e+02
extra,"stage=T/3,2T/3",F4,10,22,5.7737798367e+00
extra,"stage=T/3,2T/3",F5,10,22,1.4117556593e+01
extra,"stage=T/3,2T/3",F6,10,22,1.0076235336e+00
extra,"stage=T/3,2T/3",F7,10,22,2.2391262714e+01
extra,"stage=T/3,2T/3",F8,10,22,6.9854905153e+00
extra,"stage=T/3,2T/3",F9,10,22,9.4145148849e-02
extra,"stage=T/3,2T/3",F10,10,22,2.4443867745e+02
extra,"stage=T/3,2T/3",F11,10,22,5.5529252168e+00
extra,beta=1.9,F29,10,22,2.7475627720e+02
extra,beta=1.9,F30,10,22,2.5653149006e+06
extra,"stage=T/3,2T/3",F1,10,22,1.7323780143e+04
extra,"stage=T/3,2T/3",F3,10,22,1.9129484602e+02
extra,"stage=T/3,2T/3",F12,10,22,3.2381731552e+05
extra,"stage=T/3,2T/3",F13,10,22,1.1856229755e+04
extra,"stage=T/3,2T/3",F14,10,22,2.1638986657e+02
extra,"stage=T/3,2T/3",F15,10,22,1.2002107181e+03
extra,beta=1.9,F25,10,22,3.9974675638e+02
extra,beta=1.9,F26,10,22,3.4715022797e+02
extra,beta=1.9,F27,10,22,3.8959585062e+02
extra,beta=1.9,F28,10,22,3.6994630072e+02
extra,"stage=T/3,2T/3",F16,10,22,1.7700651003e+00
extra,"stage=T/3,2T/3",F17,10,22,4.5934396406e+01
extra,"stage=T/3,2T/3",F18,10,22,4.3346039037e+03
extra,"stage=T/3,2T/3",F19,10,22,5.9636388761e+02
extra,"stage=T/4,3T/4",F3,10,22,2.0260920405e+02
extra,"stage=T/4,3T/4",F4,10,22,6.9038013211e+00
extra,"stage=T/4,3T/4",F5,10,22,1.6441506134e+01
extra,"stage=T/4,3T/4",F6,10,22,5.0157655866e-01
extra,"stage=T/3,2T/3",F20,10,22,6.4472355355e+00
extra,"stage=T/3,2T/3",F21,10,22,2.0987030699e+02
extra,"stage=T/3,2T/3",F22,10,22,1.0136167390e+02
extra,"stage=T/3,2T/3",F23,10,22,3.1050882450e+02
extra,"stage=T/4,3T/4",F7,10,22,1.6427477209e+01
extra,"stage=T/4,3T/4",F8,10,22,1.3198479849e+01
extra,"stage=T/4,3T/4",F9,10,22,9.6219188874e-03
extra,"stage=T/4,3T/4",F10,10,22,9.4664561630e+02
extra,"stage=T/3,2T/3",F24,10,22,3.4353794919e+02
extra,"stage=T/3,2T/3",F25,10,22,4.1371716872e+02
extra,"stage=T/3,2T/3",F26,10,22,3.0006760863e+02
extra,"stage=T/3,2T/3",F27,10,22,3.9518569329e+02
extra,"stage=T/4,3T/4",F11,10,22,2.9362401874e+00
extra,"stage=T/4,3T/4",F12,10,22,1.3807840636e+04
extra,"stage=T/4,3T/4",F13,10,22,6.2564956041e+03
extra,"stage=T/4,3T/4",F14,10,22,2.2040407221e+02
extra,"stage=T/3,2T/3",F28,10,22,3.6898636349e+02
extra,"stage=T/3,2T/3",F29,10,22,3.1898722682e+02
extra,"stage=T/3,2T/3",F30,10,22,4.2691152480e+05
extra,"stage=T/4,3T/4",F1,10,22,5.0952224799e+01
extra,"stage=T/4,3T/4",F15,10,22,5.1445557236e+03
extra,"stage=T/4,3T/4",F16,10,22,1.3965729221e+00
extra,"stage=T/4,3T/4",F17,10,22,4.3222745577e+01
extra,"stage=T/4,3T/4",F18,10,22,3.3439691836e+04
extra,"stage=T/2,3T/4",F1,10,22,3.5064453921e+04
extra,"stage=T/2,3T/4",F3,10,22,2.8882066482e+02
extra,"stage=T/2,3T/4",F4,10,22,7.2096448279e+00
extra,"stage=T/2,3T/4",F5,10,22,1.0115702375e+01
extra,"stage=T/4,3T/4",F19,10,22,3.1935682760e+02
extra,"stage=T/4,3T/4",F20,10,22,2.6240436491e+01
extra,"stage=T/4,3T/4",F21,10,22,2.1444841961e+02
extra,"stage=T/4,3T/4",F22,10,22,1.0041606703e+02
extra,"stage=T/2,3T/4",F6,10,22,1.5042792551e-01
extra,"stage=T/2,3T/4",F7,10,22,2.4604388666e+01
extra,"stage=T/2,3T/4",F8,10,22,1.7266428219e+01
extra,"stage=T/2,3T/4",F9,10,22,5.6950186104e-01
extra,"stage=T/4,3T/4",F23,10,22,3.0826503343e+02
extra,"stage=T/4,3T/4",F24,10,22,1.0128225995e+02
extra,"stage=T/4,3T/4",F25,10,22,3.9931092438e+02
extra,"stage=T/4,3T/4",F26,10,22,3.0026920152e+02
extra,"stage=T/2,3T/4",F10,10,22,5.7227104244e+02
extra,"stage=T/2,3T/4",F11,10,22,5.3376086174e+00
extra,"stage=T/2,3T/4",F12,10,22,1.8577838341e+06
extra,"stage=T/2,3T/4",F13,10,22,1.7034530965e+04
extra,"stage=T/2,3T/4",F14,10,22,2.1573857986e+02
extra,"stage=T/2,3T/4",F15,10,22,6.6447651394e+03
extra,"stage=T/2,3T/4",F16,10,22,1.2321385262e+02
extra,"stage=T/2,3T/4",F17,10,22,4.4794930315e+01
extra,"stage=T/2,3T/4",F18,10,22,3.6136248016e+02
extra,"stage=T/2,3T/4",F19,10,22,5.4489007583e+01
extra,"stage=T/2,3T/4",F20,10,22,2.4853184477e+01
extra,"stage=T/2,3T/4",F21,10,22,1.0329868008e+02
extra,"stage=T/4,3T/4",F27,10,22,3.9392557723e+02
extra,"stage=T/4,3T/4",F28,10,22,6.1182166772e+02
extra,"stage=T/4,3T/4",F29,10,22,2.5571430312e+02
extra,"stage=T/4,3T/4",F30,10,22,8.3382391018e+05
extra,"stage=T/2,3T/4",F22,10,22,1.0043897859e+02
extra,"stage=T/2,3T/4",F23,10,22,3.1602607737e+02
extra,"stage=T/2,3T/4",F24,10,22,3.3763113449e+02
extra,"stage=T/2,3T/4",F25,10,22,3.9999998903e+02
extra,"stage=T/5,4T/5",F5,10,22,1.2965407355e+01
extra,"stage=T/5,4T/5",F6,10,22,5.1862172366e-01
extra,"stage=T/5,4T/5",F7,10,22,3.6807497406e+01
extra,"stage=T/5,4T/5",F8,10,22,9.9598431950e+00
extra,"stage=T/2,3T/4",F30,10,22,8.2113376900e+05
extra,"stage=T/5,4T/5",F1,10,22,4.4284883739e+01
extra,"stage=T/5,4T/5",F3,10,22,1.3799671328e+01
extra,"stage=T/5,4T/5",F4,10,22,6.6835141925e+00
extra,"stage=T/5,4T/5",F9,10,22,9.0152890432e-02
extra,"stage=T/5,4T/5",F10,10,22,6.4180968661e+02
extra,"stage=T/5,4T/5",F11,10,22,8.5064104581e+00
extra,"stage=T/5,4T/5",F12,10,22,9.4692556053e+03
extra,"stage=T/5,4T/5",F13,10,22,5.7824288910e+02
extra,"stage=T/5,4T/5",F14,10,22,2.5956673159e+02
extra,"stage=T/5,4T/5",F15,10,22,4.2787501390e+03
extra,"stage=T/5,4T/5",F16,10,22,4.3062742582e+01
extra,"stage=T/2,3T/4",F26,10,22,3.0011346785e+02
extra,"stage=T/2,3T/4",F27,10,22,3.9051279119e+02
extra,"stage=T/2,3T/4",F28,10,22,6.1182193808e+02
extra,"stage=T/2,3T/4",F29,10,22,3.3188678094e+02
extra,"stage=T/5,4T/5",F17,10,22,2.1835529296e+01
extra,"stage=T/5,4T/5",F18,10,22,1.5202066847e+03
extra,"stage=T/5,4T/5",F19,10,22,4.2590308071e+01
extra,"stage=T/5,4T/5",F20,10,22,2.5988957025e+01
extra,"k: nu=1/2,mu=10",F4,10,22,3.3704737332e+00
extra,"k: nu=1/2,mu=10",F5,10,22,1.8586792246e+01
extra,"k: nu=1/2,mu=10",F6,10,22,2.8844590033e+00
extra,"k: nu=1/2,mu=10",F7,10,22,2.2240085379e+01
extra,"stage=T/5,4T/5",F21,10,22,2.1059922684e+02
extra,"stage=T/5,4T/5",F22,10,22,1.0141251165e+02
extra,"stage=T/5,4T/5",F23,10,22,3.1818681252e+02
extra,"stage=T/5,4T/5",F24,10,22,1.0411479325e+02
extra,"k: nu=1/2,mu=10",F8,10,22,1.0956448943e+01
extra,"k: nu=1/2,mu=10",F9,10,22,5.3316246362e-01
extra,"k: nu=1/2,mu=10",F10,10,22,8.2497595713e+02
extra,"k: nu=1/2,mu=10",F11,10,22,1.9809050985e+01
extra,"stage=T/5,4T/5",F29,10,22,2.6014065240e+02
extra,"stage=T/5,4T/5",F30,10,22,8.2764225102e+05
extra,"k: nu=1/2,mu=10",F1,10,22,6.3345084057e+02
extra,"k: nu=1/2,mu=10",F3,10,22,1.3081936638e+03
extra,"stage=T/5,4T/5",F25,10,22,4.4893981928e+02
extra,"stage=T/5,4T/5",F26,10,22,3.0001966626e+02
extra,"stage=T/5,4T/5",F27,10,22,3.9651005376e+02
extra,"stage=T/5,4T/5",F28,10,22,6.1182166746e+02
extra,"k: nu=1/2,mu=10",F12,10,22,7.3519334272e+05
extra,"k: nu=1/2,mu=10",F13,10,22,2.1559037137e+03
extra,"k: nu=1/2,mu=10",F14,10,22,1.0560137629e+02
extra,"k: nu=1/2,mu=10",F15,10,22,5.7543508868e+03
extra,"k: nu=1/2,mu=10",F16,10,22,2.9830215451e+01
extra,"k: nu=1/2,mu=10",F17,10,22,4.3960687521e+01
extra,"k: nu=1/2,mu=10",F18,10,22,2.0608654881e+04
extra,"k: nu=1/2,mu=10",F19,10,22,1.8703579498e+03
extra,"k: nu=1,mu=10",F3,10,22,1.0559921664e+02
extra,"k: nu=1,mu=10",F4,10,22,6.5969021069e+00
extra,"k: nu=1,mu=10",F5,10,22,2.0088649583e+00
extra,"k: nu=1,mu=10",F6,10,22,1.0910219368e-01
extra,"k: nu=1/2,mu=10",F20,10,22,7.2607257627e+00
extra,"k: nu=1/2,mu=10",F21,10,22,1.0055984900e+02
extra,"k: nu=1/2,mu=10",F22,10,22,1.0125003107e+02
extra,"k: nu=1/2,mu=10",F23,10,22,3.0952835623e+02
extra,"k: nu=1/2,mu=10",F24,10,22,3.4409824478e+02
extra,"k: nu=1/2,mu=10",F25,10,22,4.4605993182e+02
extra,"k: nu=1/2,mu=10",F26,10,22,3.0007781327e+02
extra,"k: nu=1/2,mu=10",F27,10,22,3.9434404889e+02
extra,"k: nu=1,mu=10",F7,10,22,2.5568516613e+01
extra,"k: nu=1,mu=10",F8,10,22,1.8931865569e+01
extra,"k: nu=1,mu=10",F9,10,22,1.7714577168e-02
extra,"k: nu=1,mu=10",F10,10,22,3.4047750221e+02
extra,"k: nu=1/2,mu=10",F28,10,22,3.7475621785e+02
extra,"k: nu=1/2,mu=10",F29,10,22,2.8050528652e+02
extra,"k: nu=1/2,mu=10",F30,10,22,2.3538394838e+06
extra,"k: nu=1,mu=10",F1,10,22,6.7538347680e+03
extra,"k: nu=1,mu=10",F11,10,22,9.9930447694e+00
extra,"k: nu=1,mu=10",F12,10,22,3.8851430035e+06
extra,"k: nu=1,mu=10",F13,10,22,5.2127165417e+03
extra,"k: nu=1,mu=10",F14,10,22,3.5947866183e+02
extra,"k: nu=1,mu=10",F15,10,22,9.0866190642e+02
extra,"k: nu=1,mu=10",F16,10,22,2.5184257131e+02
extra,"k: nu=1,mu=10",F17,10,22,4.8851894638e+01
extra,"k: nu=1,mu=10",F18,10,22,1.0946940440e+04
extra,"k: nu=1/2,mu=5",F1,10,22,9.2564200457e+03
extra,"k: nu=1/2,mu=5",F3,10,22,3.8416721315e+01
extra,"k: nu=1/2,mu=5",F4,10,22,6.6426738237e+00
extra,"k: nu=1/2,mu=5",F5,10,22,8.9603246127e+00
extra,"k: nu=1,mu=10",F19,10,22,2.8197333580e+02
extra,"k: nu=1,mu=10",F20,10,22,2.7081383877e+01
extra,"k: nu=1,mu=10",F21,10,22,2.2528119361e+02
extra,"k: nu=1,mu=10",F22,10,22,1.0044854982e+02
extra,"k: nu=1/2,mu=5",F6,10,22,8.5540665981e-02
extra,"k: nu=1/2,mu=5",F7,10,22,2.0091818907e+01
extra,"k: nu=1/2,mu=5",F8,10,22,2.6871928912e+01
extra,"k: nu=1/2,mu=5",F9,10,22,2.0579315921e-02
extra,"k: nu=1,mu=10",F23,10,22,3.1190024198e+02
extra,"k: nu=1,mu=10",F24,10,22,3.3642568249e+02
extra,"k: nu=1,mu=10",F25,10,22,4.4866363407e+02
extra,"k: nu=1,mu=10",F26,10,22,3.0022135454e+02
extra,"k: nu=1/2,mu=5",F10,10,22,4.1823386765e+02
extra,"k: nu=1/2,mu=5",F11,10,22,5.1112007956e+00
extra,"k: nu=1/2,mu=5",F12,10,22,3.9881084551e+05
extra,"k: nu=1/2,mu=5",F13,10,22,4.3600178298e+03
extra,"k: nu=1/2,mu=5",F14,10,22,3.5104098832e+02
extra,"k: nu=1/2,mu=5",F15,10,22,3.3392960782e+03
extra,"k: nu=1/2,mu=5",F16,10,22,1.2496303186e+00
extra,"k: nu=1/2,mu=5",F17,10,22,4.7032252434e+01
extra,"k: nu=1,mu=10",F27,10,22,3.8981017549e+02
extra,"k: nu=1,mu=10",F28,10,22,3.6865832489e+02
extra,"k: nu=1,mu=10",F29,10,22,3.3082416249e+02
extra,"k: nu=1,mu=10",F30,10,22,1.8064942324e+05
extra,"k: nu=1/2,mu=5",F18,10,22,1.2449300811e+04
extra,"k: nu=1/2,mu=5",F19,10,22,4.8673870778e+02
extra,"k: nu=1/2,mu=5",F20,10,22,3.1352647909e+01
extra,"k: nu=1/2,mu=5",F21,10,22,2.1286180242e+02
extra,"k: nu=1/2,mu=20",F5,10,22,1.3849073033e+01
extra,"k: nu=1/2,mu=20",F6,10,22,1.5944227640e+00
extra,"k: nu=1/2,mu=20",F7,10,22,2.6872804517e+01
extra,"k: nu=1/2,mu=20",F8,10,22,1.7117338550e+01
extra,"k: nu=1/2,mu=5",F22,10,22,1.0082654417e+02
extra,"k: nu=1/2,mu=5",F23,10,22,3.1323556581e+02
extra,"k: nu=1/2,mu=5",F24,10,22,1.0504986395e+02
extra,"k: nu=1/2,mu=5",F25,10,22,3.9994775315e+02
extra,"k: nu=1/2,mu=5",F30,10,22,6.9069595821e+05
extra,"k: nu=1/2,mu=20",F1,10,22,3.1018819363e+03
extra,"k: nu=1/2,mu=20",F3,10,22,6.7357567237e+01
extra,"k: nu=1/2,mu=20",F4,10,22,5.5047200216e+00
extra,"k: nu=1/2,mu=20",F9,10,22,9.1058697469e-02
extra,"k: nu=1/2,mu=20",F10,10,22,4.5745076519e+02
extra,"k: nu=1/2,mu=20",F11,10,22,4.7832587673e+00
extra,"k: nu=1/2,mu=20",F12,10,22,5.3643718857e+05
extra,"k: nu=1/2,mu=20",F13,10,22,2.3813084313e+03
extra,"k: nu=1/2,mu=20",F14,10,22,2.1930133523e+02
extra,"k: nu=1/2,mu=20",F15,10,22,2.2577785342e+02
extra,"k: nu=1/2,mu=20",F16,10,22,3.9654448912e+01
extra,"k: nu=1/2,mu=5",F26,10,22,3.0040579777e+02
extra,"k: nu=1/2,mu=5",F27,10,22,3.9674249004e+02
extra,"k: nu=1/2,mu=5",F28,10,22,3.7615735206e+02
extra,"k: nu=1/2,mu=5",F29,10,22,3.1461963344e+02
extra,"k: nu=1/2,mu=20",F17,10,22,3.7313537027e+01
extra,"k: nu=1/2,mu=20",F18,10,22,5.5387703051e+03
extra,"k: nu=1/2,mu=20",F19,10,22,2.7925423967e+02
extra,"k: nu=1/2,mu=20",F20,10,22,1.3256838695e+01
extra,k=1 (plain OBL),F4,10,22,7.0766058344e+00
extra,k=1 (plain OBL),F5,10,22,1.2034872305e+01
extra,k=1 (plain OBL),F6,10,22,8.2336242827e-01
extra,k=1 (plain OBL),F7,10,22,1.8924860968e+01
extra,"k: nu=1/2,mu=20",F21,10,22,2.1332866128e+02
extra,"k: nu=1/2,mu=20",F22,10,22,1.0049793923e+02
extra,"k: nu=1/2,mu=20",F23,10,22,3.2625066254e+02
extra,"k: nu=1/2,mu=20",F24,10,22,1.0361178057e+02
extra,k=1 (plain OBL),F8,10,22,1.0974256897e+01
extra,k=1 (plain OBL),F9,10,22,2.0807824432e-02
extra,k=1 (plain OBL),F10,10,22,4.9303765883e+02
extra,k=1 (plain OBL),F11,10,22,1.6411140883e+01
extra,"k: nu=1/2,mu=20",F25,10,22,3.9817133047e+02
extra,"k: nu=1/2,mu=20",F26,10,22,3.0049258753e+02
extra,"k: nu=1/2,mu=20",F27,10,22,3.9664004833e+02
extra,"k: nu=1/2,mu=20",F28,10,22,6.1182166629e+02
extra,"k: nu=1/2,mu=20",F29,10,22,2.7585101958e+02
extra,"k: nu=1/2,mu=20",F30,10,22,2.4416043449e+06
extra,k=1 (plain OBL),F1,10,22,1.0337845386e+04
extra,k=1 (plain OBL),F3,10,22,2.9005499812e+02
extra,k=1 (plain OBL),F12,10,22,2.7095587402e+06
extra,k=1 (plain OBL),F13,10,22,5.1549723981e+02
extra,k=1 (plain OBL),F14,10,22,5.2137073699e+02
extra,k=1 (plain OBL),F15,10,22,6.8901990300e+03
extra,k=1 (plain OBL),F16,10,22,4.3901345184e+00
extra,k=1 (plain OBL),F17,10,22,2.3868451045e+01
extra,k=1 (plain OBL),F18,10,22,1.7803647316e+04
extra,k=1 (plain OBL),F19,10,22,2.0317114357e+02
extra,k=1 (plain OBL),F20,10,22,3.5696614150e+01
extra,k=1 (plain OBL),F21,10,22,1.0809040653e+02
extra,k=1 (plain OBL),F22,10,22,1.0014924126e+02
extra,k=1 (plain OBL),F23,10,22,3.0609113999e+02
extra,N=10,F3,10,23,3.3383756952e+01
extra,N=10,F4,10,23,7.4938410936e-01
extra,N=10,F5,10,23,1.2954616920e+01
extra,N=10,F6,10,23,1.0830011322e+01
extra,k=1 (plain OBL),F24,10,22,3.3442311767e+02
extra,k=1 (plain OBL),F25,10,22,3.9979056826e+02
extra,k=1 (plain OBL),F26,10,22,3.0021238331e+02
extra,k=1 (plain OBL),F27,10,22,3.9089046266e+02
extra,k=1 (plain OBL),F28,10,22,3.9705642040e+02
extra,k=1 (plain OBL),F29,10,22,2.3750099575e+02
extra,k=1 (plain OBL),F30,10,22,1.7543821812e+06
extra,N=10,F1,10,23,2.0363086207e+03
extra,N=10,F7,10,23,4.7125379895e+01
extra,N=10,F8,10,23,1.2935867640e+01
extra,N=10,F9,10,23,4.3470291065e+00
extra,N=10,F10,10,23,3.8590355045e+02
extra,N=10,F11,10,23,5.4240254666e+00
extra,N=10,F12,10,23,1.0106565154e+06
extra,N=10,F13,10,23,1.1824967237e+03
extra,N=10,F14,10,23,3.8291173184e+02
extra,N=10,F15,10,23,1.6281783250e+02
extra,N=10,F16,10,23,1.8606346848e+00
extra,N=10,F17,10,23,2.4392523458e+01
extra,N=10,F18,10,23,6.2095311059e+03
extra,N=20,F1,10,23,2.1141771212e+02
extra,N=20,F3,10,23,2.7320561398e+02
extra,N=20,F4,10,23,5.5062070906e+00
extra,N=20,F5,10,23,1.1946395996e+01
extra,N=10,F19,10,23,2.0573821877e+02
extra,N=10,F20,10,23,2.6836168817e+01
extra,N=10,F21,10,23,2.1531623192e+02
extra,N=10,F22,10,23,1.0137893329e+02
extra,N=20,F6,10,23,2.9202183977e-01
extra,N=20,F7,10,23,3.4702088653e+01
extra,N=20,F8,10,23,1.7909956226e+01
extra,N=20,F9,10,23,1.0473245747e-02
extra,N=20,F10,10,23,8.9044651565e+02
extra,N=20,F11,10,23,7.7433274047e+00
extra,N=20,F12,10,23,2.3971401758e+04
extra,N=20,F13,10,23,6.5987851831e+03
extra,N=10,F23,10,23,3.1080654223e+02
extra,N=10,F24,10,23,3.4994666162e+02
extra,N=10,F25,10,23,4.4794302321e+02
extra,N=10,F26,10,23,3.9788949792e+02
extra,N=20,F14,10,23,2.0832671492e+02
extra,N=20,F15,10,23,1.3887283725e+03
extra,N=20,F16,10,23,1.0463712807e+01
extra,N=20,F17,10,23,5.4240359657e+01
extra,N=20,F18,10,23,4.7964069691e+03
extra,N=20,F19,10,23,1.9501478496e+03
extra,N=20,F20,10,23,2.2594356691e+01
extra,N=20,F21,10,23,2.1970648016e+02
extra,N=20,F22,10,23,1.0257314009e+02
extra,N=20,F23,10,23,3.1313501315e+02
extra,N=20,F24,10,23,3.4687018395e+02
extra,N=20,F25,10,23,4.4644186686e+02
extra,N=20,F30,10,23,1.6429387546e+06
extra,N=50,F1,10,23,8.3850638570e+04
extra,N=50,F3,10,23,7.6182446037e+01
extra,N=50,F4,10,23,7.1335847540e+00
extra,N=50,F5,10,23,1.1563774420e+01
extra,N=50,F6,10,23,2.1016217576e+00
extra,N=50,F7,10,23,2.2578392146e+01
extra,N=50,F8,10,23,2.3918738033e+01
extra,N=50,F9,10,23,1.8623100130e-01
extra,N=50,F10,10,23,2.5619159396e+02
extra,N=50,F11,10,23,6.1855024399e+00
extra,N=50,F12,10,23,8.4801899334e+04
extra,N=50,F13,10,23,7.2958061472e+03
extra,N=50,F14,10,23,1.5035623650e+02
extra,N=50,F15,10,23,1.3458059936e+03
extra,N=50,F16,10,23,1.2473129364e+02
extra,N=20,F26,10,23,3.0004706807e+02
extra,N=20,F27,10,23,3.9529182908e+02
extra,N=20,F28,10,23,5.8374234193e+02
extra,N=20,F29,10,23,3.0093772104e+02
extra,N=50,F17,10,23,4.2398193825e+01
extra,N=50,F18,10,23,3.1709805198e+04
extra,N=50,F19,10,23,3.4952015589e+01
extra,N=50,F20,10,23,1.4510367916e+02
extra,N=10,F27,10,23,3.9283607862e+02
extra,N=10,F28,10,23,3.9843786318e+02
extra,N=10,F29,10,23,3.1662515707e+02
extra,N=10,F30,10,23,7.8626366213e+05
extra,N=100,F4,10,23,6.7531400553e+00
extra,N=100,F5,10,23,1.2882194627e+01
extra,N=100,F6,10,23,2.9633209201e+00
extra,N=100,F7,10,23,2.9964681270e+01
extra,N=100,F8,10,23,7.3258046961e+00
extra,N=100,F9,10,23,6.7954356105e-01
extra,N=100,F10,10,23,6.4924955713e+02
extra,N=100,F11,10,23,1.9767357367e+01
extra,N=50,F21,10,23,2.1743818168e+02
extra,N=50,F22,10,23,1.0559194286e+02
extra,N=50,F23,10,23,3.1320842840e+02
extra,N=50,F24,10,23,3.3862241126e+02
extra,N=100,F12,10,23,3.7671232096e+05
extra,N=100,F13,10,23,8.1685414640e+03
extra,N=100,F14,10,23,2.1838799691e+02
extra,N=100,F15,10,23,7.1524768050e+02
extra,N=50,F25,10,23,4.4629232694e+02
extra,N=50,F26,10,23,3.4716996803e+02
extra,N=50,F27,10,23,3.9164295199e+02
extra,N=50,F28,10,23,3.9266918347e+02
extra,N=50,F29,10,23,2.5636245296e+02
extra,N=50,F30,10,23,1.0105638074e+05
extra,N=100,F1,10,23,1.3420472523e+06
extra,N=100,F3,10,23,6.2580613506e+02
extra,N=100,F16,10,23,4.0913831750e+01
extra,N=100,F17,10,23,4.4711211223e+01
extra,N=100,F18,10,23,1.0781548044e+04
extra,N=100,F19,10,23,2.9811567266e+04
extra,N=100,F20,10,23,2.6542908417e+01
extra,N=100,F21,10,23,2.2453544465e+02
extra,N=100,F22,10,23,1.0389999662e+02
extra,N=100,F23,10,23,3.1847333407e+02
extra,beta=1.1,F3,10,23,1.3978298455e+02
extra,beta=1.1,F4,10,23,7.4198448699e+00
extra,beta=1.1,F5,10,23,4.4754491484e+00
extra,beta=1.1,F6,10,23,2.1168866570e-01
extra,N=100,F24,10,23,3.4815037305e+02
extra,N=100,F25,10,23,4.0522388952e+02
extra,N=100,F26,10,23,3.0173804097e+02
extra,N=100,F27,10,23,3.9833056095e+02
extra,N=100,F28,10,23,4.1930528936e+02
extra,N=100,F29,10,23,2.4565995122e+02
extra,N=100,F30,10,23,2.0353342467e+05
extra,beta=1.1,F1,10,23,1.6509824369e+04
extra,beta=1.1,F7,10,23,3.0745682959e+01
extra,beta=1.1,F8,10,23,9.9711174036e+00
extra,beta=1.1,F9,10,23,2.0102080317e-02
extra,beta=1.1,F10,10,23,5.8968284311e+02
extra,beta=1.1,F11,10,23,3.7076301566e+00
extra,beta=1.1,F12,10,23,1.0060213168e+05
extra,beta=1.1,F13,10,23,1.6375055068e+04
extra,beta=1.1,F14,10,23,1.7962163225e+02
extra,beta=1.1,F15,10,23,1.0457797875e+03
extra,beta=1.1,F16,10,23,3.9638621329e+01
extra,beta=1.1,F17,10,23,6.0441357577e+01
extra,beta=1.1,F18,10,23,4.6457802323e+03
extra,beta=1.3,F1,10,23,2.6059061016e+03
extra,beta=1.3,F3,10,23,6.4601444768e+01
extra,beta=1.3,F4,10,23,9.8530612772e-01
extra,beta=1.3,F5,10,23,1.1044114262e+01
extra,beta=1.1,F19,10,23,1.6805676290e+03
extra,beta=1.1,F20,10,23,2.6399480929e+01
extra,beta=1.1,F21,10,23,1.0645072490e+02
extra,beta=1.1,F22,10,23,1.0165343177e+02
extra,beta=1.3,F6,10,23,5.3522320610e-01
extra,beta=1.3,F7,10,23,2.0447258056e+01
extra,beta=1.3,F8,10,23,2.3891222858e+01
extra,beta=1.3,F9,10,23,1.1805429218e-03
extra,beta=1.1,F23,10,23,3.2157782725e+02
extra,beta=1.1,F24,10,23,1.0281842115e+02
extra,beta=1.1,F25,10,23,4.0183164440e+02
extra,beta=1.1,F26,10,23,3.0740784598e+02
extra,beta=1.3,F10,10,23,1.0262986513e+03
extra,beta=1.3,F11,10,23,5.7117822289e+00
extra,beta=1.3,F12,10,23,3.3080511062e+06
extra,beta=1.3,F13,10,23,4.2809080669e+03
extra,beta=1.3,F14,10,23,1.8572571910e+02
extra,beta=1.3,F15,10,23,5.1967124147e+03
extra,beta=1.3,F16,10,23,2.1604941694e+01
extra,beta=1.3,F17,10,23,4.2233020140e+01
extra,beta=1.3,F18,10,23,7.2964025661e+03
extra,beta=1.3,F19,10,23,9.3006980055e+02
extra,beta=1.3,F20,10,23,2.9044857975e+01
extra,beta=1.3,F21,10,23,1.0629337632e+02
extra,beta=1.1,F27,10,23,3.8987771921e+02
extra,beta=1.1,F28,10,23,4.1457160813e+02
extra,beta=1.1,F29,10,23,2.7580659128e+02
extra,beta=1.1,F30,10,23,1.4696430337e+04
extra,beta=1.5,F5,10,23,1.1046243629e+01
extra,beta=1.5,F6,10,23,5.6197401270e-02
extra,beta=1.5,F7,10,23,2.3324615500e+01
extra,beta=1.5,F8,10,23,1.5921063619e+01
extra,beta=1.3,F22,10,23,1.0181275363e+02
extra,beta=1.3,F23,10,23,3.0573219735e+02
extra,beta=1.3,F24,10,23,1.0076486848e+02
extra,beta=1.3,F25,10,23,3.9899919747e+02
extra,beta=1.3,F30,10,23,2.9341347827e+05
extra,beta=1.5,F1,10,23,1.6354684884e+04
extra,beta=1.5,F3,10,23,3.4498905586e+02
extra,beta=1.5,F4,10,23,7.1649040522e+00
extra,beta=1.5,F9,10,23,1.1587152456e-01
extra,beta=1.5,F10,10,23,6.0338528346e+02
extra,beta=1.5,F11,10,23,6.6919254802e+00
extra,beta=1.5,F12,10,23,1.8573696067e+06
extra,beta=1.5,F13,10,23,7.3801004613e+03
extra,beta=1.5,F14,10,23,1.9313619718e+02
extra,beta=1.5,F15,10,23,4.1242882555e+02
extra,beta=1.5,F16,10,23,3.9912857542e+01
extra,beta=1.3,F26,10,23,3.0026276026e+02
extra,beta=1.3,F27,10,23,3.9454973747e+02
extra,beta=1.3,F28,10,23,6.1182177804e+02
extra,beta=1.3,F29,10,23,2.4011550411e+02
extra,beta=1.5,F17,10,23,3.7506942540e+01
extra,beta=1.5,F18,10,23,3.3350734898e+03
extra,beta=1.5,F19,10,23,2.5449706383e+02
extra,beta=1.5,F20,10,23,2.6794023742e+01
extra,beta=1.9,F4,10,23,7.2293055537e+00
extra,beta=1.9,F5,10,23,1.7917635812e+01
extra,beta=1.9,F6,10,23,3.0033530695e-01
extra,beta=1.9,F7,10,23,2.3714583751e+01
extra,beta=1.5,F21,10,23,1.0244187507e+02
extra,beta=1.5,F22,10,23,1.0003042758e+02
extra,beta=1.5,F23,10,23,3.1144977326e+02
extra,beta=1.5,F24,10,23,1.1145763558e+02
extra,beta=1.9,F8,10,23,1.3931078521e+01
extra,beta=1.9,F9,10,23,7.9711905767e-04
extra,beta=1.9,F10,10,23,1.0375530802e+03
extra,beta=1.9,F11,10,23,4.4777680842e+00
extra,beta=1.9,F12,10,23,3.7204544647e+04
extra,beta=1.9,F13,10,23,1.4406612491e+04
extra,beta=1.9,F14,10,23,1.6264645448e+02
extra,beta=1.9,F15,10,23,1.6829984117e+03
extra,beta=1.5,F29,10,23,2.8488482969e+02
extra,beta=1.5,F30,10,23,6.4376302816e+04
extra,beta=1.9,F1,10,23,6.1430810318e+03
extra,beta=1.9,F3,10,23,3.9384398410e+01
extra,beta=1.5,F25,10,23,4.4402337719e+02
extra,beta=1.5,F26,10,23,3.0043552023e+02
extra,beta=1.5,F27,10,23,3.8994126520e+02
extra,beta=1.5,F28,10,23,4.0619330637e+02
extra,beta=1.9,F16,10,23,4.7382524812e+00
extra,beta=1.9,F17,10,23,5.1419024870e+00
extra,beta=1.9,F18,10,23,4.0256860637e+03
extra,beta=1.9,F19,10,23,4.0537773497e+02
extra,"stage=T/3,2T/3",F3,10,23,1.4030919818e+02
extra,"stage=T/3,2T/3",F4,10,23,7.2704310272e+00
extra,"stage=T/3,2T/3",F5,10,23,9.9753746276e+00
extra,"stage=T/3,2T/3",F6,10,23,6.3713852737e-01
extra,beta=1.9,F20,10,23,2.5771472299e+01
extra,beta=1.9,F21,10,23,1.0559745363e+02
extra,beta=1.9,F22,10,23,1.0215812033e+02
extra,beta=1.9,F23,10,23,3.2338813032e+02
extra,"stage=T/3,2T/3",F7,10,23,5.2168230306e+01
extra,"stage=T/3,2T/3",F8,10,23,1.4926251331e+01
extra,"stage=T/3,2T/3",F9,10,23,3.7170414387e-03
extra,"stage=T/3,2T/3",F10,10,23,7.2722863808e+02
extra,"stage=T/3,2T/3",F11,10,23,6.2103866982e+00
extra,"stage=T/3,2T/3",F12,10,23,3.0650223542e+06
extra,"stage=T/3,2T/3",F13,10,23,2.2796477008e+03
extra,"stage=T/3,2T/3",F14,10,23,1.6898204119e+02
extra,beta=1.9,F24,10,23,3.3635795082e+02
extra,beta=1.9,F25,10,23,3.9828432603e+02
extra,beta=1.9,F26,10,23,3.0006415378e+02
extra,beta=1.9,F27,10,23,3.9473239121e+02
extra,beta=1.9,F28,10,23,3.7629765667e+02
extra,beta=1.9,F29,10,23,2.6657648648e+02
extra,beta=1.9,F30,10,23,1.2810488755e+05
extra,"stage=T/3,2T/3",F1,10,23,2.9567038648e+03
extra,"stage=T/3,2T/3",F15,10,23,3.3688946287e+03
extra,"stage=T/3,2T/3",F16,10,23,1.2146520879e+02
extra,"stage=T/3,2T/3",F17,10,23,3.1615383597e+01
extra,"stage=T/3,2T/3",F18,10,23,1.2182509382e+04
extra,"stage=T/4,3T/4",F1,10,23,3.4600367191e+02
extra,"stage=T/4,3T/4",F3,10,23,2.3562243809e+02
extra,"stage=T/4,3T/4",F4,10,23,7.1098380415e+00
extra,"stage=T/4,3T/4",F5,10,23,1.7891131689e+01
extra,"stage=T/4,3T/4",F6,10,23,2.1480275546e-01
extra,"stage=T/4,3T/4",F7,10,23,2.5340656620e+01
extra,"stage=T/4,3T/4",F8,10,23,1.2934637990e+01
extra,"stage=T/4,3T/4",F9,10,23,3.7121154460e-03
extra,"stage=T/3,2T/3",F19,10,23,4.1076331170e+03
extra,"stage=T/3,2T/3",F20,10,23,2.4143784124e+01
extra,"stage=T/3,2T/3",F21,10,23,2.0854925351e+02
extra,"stage=T/3,2T/3",F22,10,23,1.0060516715e+02
extra,"stage=T/3,2T/3",F23,10,23,3.1221312469e+02
extra,"stage=T/3,2T/3",F24,10,23,3.3606642190e+02
extra,"stage=T/3,2T/3",F25,10,23,4.0009338788e+02
extra,"stage=T/3,2T/3",F26,10,23,3.0014128783e+02
extra,"stage=T/4,3T/4",F10,10,23,6.2228975930e+02
extra,"stage=T/4,3T/4",F11,10,23,1.2170409337e+01
extra,"stage=T/4,3T/4",F12,10,23,3.6276187096e+05
extra,"stage=T/4,3T/4",F13,10,23,1.2307108548e+03
extra,"stage=T/4,3T/4",F14,10,23,2.7199723188e+02
extra,"stage=T/4,3T/4",F15,10,23,3.6293542849e+03
extra,"stage=T/4,3T/4",F16,10,23,1.3028931625e+01
extra,"stage=T/4,3T/4",F17,10,23,3.5121297818e+01
extra,"stage=T/3,2T/3",F27,10,23,3.9576599805e+02
extra,"stage=T/3,2T/3",F28,10,23,5.8373805677e+02
extra,"stage=T/3,2T/3",F29,10,23,2.4670057720e+02
extra,"stage=T/3,2T/3",F30,10,23,3.1415195610e+06
extra,"stage=T/4,3T/4",F18,10,23,3.1319287658e+03
extra,"stage=T/4,3T/4",F19,10,23,7.7570343322e+02
extra,"stage=T/4,3T/4",F20,10,23,1.5866207403e+01
extra,"stage=T/4,3T/4",F21,10,23,2.1435409119e+02
extra,"stage=T/2,3T/4",F5,10,23,1.1866205110e+01
extra,"stage=T/2,3T/4",F6,10,23,2.5933924882e+00
extra,"stage=T/2,3T/4",F7,10,23,1.6387635010e+01
extra,"stage=T/2,3T/4",F8,10,23,2.3067209252e+01
extra,"stage=T/4,3T/4",F22,10,23,1.0162590447e+02
extra,"stage=T/4,3T/4",F23,10,23,3.0971183635e+02
extra,"stage=T/4,3T/4",F24,10,23,3.4234427338e+02
extra,"stage=T/4,3T/4",F25,10,23,3.9971484583e+02
extra,"stage=T/4,3T/4",F30,10,23,4.8811512451e+04
extra,"stage=T/2,3T/4",F1,10,23,2.9545931523e+04
extra,"stage=T/2,3T/4",F3,10,23,2.3310668750e+02
extra,"stage=T/2,3T/4",F4,10,23,6.0693968966e+00
extra,"stage=T/2,3T/4",F9,10,23,1.5169446475e-02
extra,"stage=T/2,3T/4",F10,10,23,1.0795435996e+03
extra,"stage=T/2,3T/4",F11,10,23,2.6201028998e+00
extra,"stage=T/2,3T/4",F12,10,23,5.1155681657e+04
extra,"stage=T/2,3T/4",F13,10,23,6.1558319070e+03
extra,"stage=T/2,3T/4",F14,10,23,1.1227377073e+02
extra,"stage=T/2,3T/4",F15,10,23,6.4859502449e+02
extra,"stage=T/2,3T/4",F16,10,23,1.3049500429e+01
extra,"stage=T/4,3T/4",F26,10,23,3.0002172934e+02
extra,"stage=T/4,3T/4",F27,10,23,3.9335054312e+02
extra,"stage=T/4,3T/4",F28,10,23,4.0219168011e+02
extra,"stage=T/4,3T/4",F29,10,23,2.5727344397e+02
extra,"stage=T/2,3T/4",F17,10,23,3.3118421232e+01
extra,"stage=T/2,3T/4",F18,10,23,3.8552083366e+03
extra,"stage=T/2,3T/4",F19,10,23,2.7153366935e+02
extra,"stage=T/2,3T/4",F20,10,23,2.3579851094e+01
extra,"stage=T/5,4T/5",F4,10,23,3.5523721779e+00
extra,"stage=T/5,4T/5",F5,10,23,1.7919000185e+01
extra,"stage=T/5,4T/5",F6,10,23,2.1372518177e-01
extra,"stage=T/5,4T/5",F7,10,23,2.6949628864e+01
extra,"stage=T/2,3T/4",F21,10,23,2.0931884120e+02
extra,"stage=T/2,3T/4",F22,10,23,1.0196248549e+02
extra,"stage=T/2,3T/4",F23,10,23,3.1780055383e+02
extra,"stage=T/2,3T/4",F24,10,23,1.0143567556e+02
extra,"stage=T/2,3T/4",F29,10,23,2.6923897131e+02
extra,"stage=T/2,3T/4",F30,10,23,4.9191871280e+03
extra,"stage=T/5,4T/5",F1,10,23,2.1044526464e+03
extra,"stage=T/5,4T/5",F3,10,23,4.5984514962e+02
extra,"stage=T/5,4T/5",F8,10,23,9.3016368337e+00
extra,"stage=T/5,4T/5",F9,10,23,8.7682069636e-04
extra,"stage=T/5,4T/5",F10,10,23,7.5351453036e+02
extra,"stage=T/5,4T/5",F11,10,23,6.6584072538e+00
extra,"stage=T/5,4T/5",F12,10,23,3.3776234613e+05
extra,"stage=T/5,4T/5",F13,10,23,5.3650087973e+03
extra,"stage=T/5,4T/5",F14,10,23,3.8508249964e+02
extra,"stage=T/5,4T/5",F15,10,23,1.9624851320e+03
extra,"stage=T/2,3T/4",F25,10,23,4.0350888949e+02
extra,"stage=T/2,3T/4",F26,10,23,3.0010707233e+02
extra,"stage=T/2,3T/4",F27,10,23,3.9385935249e+02
extra,"stage=T/2,3T/4",F28,10,23,3.7764180767e+02
extra,"stage=T/5,4T/5",F16,10,23,1.2413518746e+01
extra,"stage=T/5,4T/5",F17,10,23,4.0503975456e+01
extra,"stage=T/5,4T/5",F18,10,23,2.4542467463e+04
extra,"stage=T/5,4T/5",F19,10,23,1.7635537406e+03
extra,"stage=T/5,4T/5",F20,10,23,2.5446026068e+01
extra,"stage=T/5,4T/5",F21,10,23,2.0488947634e+02
extra,"stage=T/5,4T/5",F22,10,23,1.0042612195e+02
extra,"stage=T/5,4T/5",F23,10,23,3.1165835551e+02
extra,"k: nu=1/2,mu=10",F3,10,23,2.5564845287e+02
extra,"k: nu=1/2,mu=10",F4,10,23,5.1704224621e+00
extra,"k: nu=1/2,mu=10",F5,10,23,1.3134257446e+01
extra,"k: nu=1/2,mu=10",F6,10,23,1.2277342655e+00
extra,"k: nu=1/2,mu=10",F7,10,23,2.4737881397e+01
extra,"k: nu=1/2,mu=10",F8,10,23,2.0959163657e+01
extra,"k: nu=1/2,mu=10",F9,10,23,4.5978765195e-03
extra,"k: nu=1/2,mu=10",F10,10,23,1.0275500411e+03
extra,"stage=T/5,4T/5",F24,10,23,3.3170104023e+02
extra,"stage=T/5,4T/5",F25,10,23,4.4431407389e+02
extra,"stage=T/5,4T/5",F26,10,23,3.0001145649e+02
extra,"stage=T/5,4T/5",F27,10,23,3.9269039796e+02
extra,"stage=T/5,4T/5",F28,10,23,3.7404698113e+02
extra,"stage=T/5,4T/5",F29,10,23,2.5494329170e+02
extra,"stage=T/5,4T/5",F30,10,23,9.9382202771e+04
extra,"k: nu=1/2,mu=10",F1,10,23,2.1943763150e+03
extra,"k: nu=1/2,mu=10",F11,10,23,4.5055440300e+00
extra,"k: nu=1/2,mu=10",F12,10,23,3.2778130150e+03
extra,"k: nu=1/2,mu=10",F13,10,23,1.1691758402e+04
extra,"k: nu=1/2,mu=10",F14,10,23,1.6499601280e+02
extra,"k: nu=1/2,mu=10",F15,10,23,1.6087571491e+02
extra,"k: nu=1/2,mu=10",F16,10,23,1.3238090950e+02
extra,"k: nu=1/2,mu=10",F17,10,23,4.2477889261e+01
extra,"k: nu=1/2,mu=10",F18,10,23,1.2224443553e+03
extra,"k: nu=1/2,mu=10",F19,10,23,1.2896466996e+02
extra,"k: nu=1/2,mu=10",F20,10,23,3.2762921351e+01
extra,"k: nu=1/2,mu=10",F21,10,23,2.0907900798e+02
extra,"k: nu=1/2,mu=10",F22,10,23,1.0087698950e+02
extra,"k: nu=1,mu=10",F1,10,23,2.6602327936e+03
extra,"k: nu=1,mu=10",F3,10,23,1.6351299069e+01
extra,"k: nu=1,mu=10",F4,10,23,5.4991885212e+00
extra,"k: nu=1,mu=10",F5,10,23,1.2312439348e+01
extra,"k: nu=1,mu=10",F6,10,23,8.9200542795e-01
extra,"k: nu=1,mu=10",F7,10,23,2.4776499727e+01
extra,"k: nu=1,mu=10",F8,10,23,8.9650163870e+00
extra,"k: nu=1,mu=10",F9,10,23,8.9778362844e-03
extra,"k: nu=1,mu=10",F10,10,23,4.4858437664e+02
extra,"k: nu=1,mu=10",F11,10,23,9.0091036319e+00
extra,"k: nu=1,mu=10",F12,10,23,3.0257816136e+06
extra,"k: nu=1,mu=10",F13,10,23,8.3508274278e+02
extra,"k: nu=1/2,mu=10",F23,10,23,3.2487168197e+02
extra,"k: nu=1/2,mu=10",F24,10,23,3.3903749247e+02
extra,"k: nu=1/2,mu=10",F25,10,23,3.9964941502e+02
extra,"k: nu=1/2,mu=10",F26,10,23,3.0018218537e+02
extra,"k: nu=1,mu=10",F14,10,23,2.2976249254e+02
extra,"k: nu=1,mu=10",F15,10,23,4.9589883873e+03
extra,"k: nu=1,mu=10",F16,10,23,4.1124755205e+01
extra,"k: nu=1,mu=10",F17,10,23,2.8889096139e+01
extra,"k: nu=1/2,mu=10",F27,10,23,3.9450321887e+02
extra,"k: nu=1/2,mu=10",F28,10,23,3.7269138284e+02
extra,"k: nu=1/2,mu=10",F29,10,23,2.8453416168e+02
extra,"k: nu=1/2,mu=10",F30,10,23,1.4769844804e+05
extra,"k: nu=1,mu=10",F18,10,23,8.9533787953e+03
extra,"k: nu=1,mu=10",F19,10,23,1.0962082283e+03
extra,"k: nu=1,mu=10",F20,10,23,2.9936413814e+01
extra,"k: nu=1,mu=10",F21,10,23,2.2093339063e+02
extra,"k: nu=1,mu=10",F30,10,23,1.6198407638e+05
extra,"k: nu=1/2,mu=5",F1,10,23,7.4239721121e+03
extra,"k: nu=1/2,mu=5",F3,10,23,2.9516411822e+01
extra,"k: nu=1/2,mu=5",F4,10,23,7.2157041492e+00
extra,"k: nu=1,mu=10",F22,10,23,1.0012179673e+02
extra,"k: nu=1,mu=10",F23,10,23,3.1226280904e+02
extra,"k: nu=1,mu=10",F24,10,23,1.0173697894e+02
extra,"k: nu=1,mu=10",F25,10,23,4.4652644389e+02
extra,"k: nu=1/2,mu=5",F5,10,23,9.9647554111e+00
extra,"k: nu=1/2,mu=5",F6,10,23,4.2881345039e-01
extra,"k: nu=1/2,mu=5",F7,10,23,2.2098578266e+01
extra,"k: nu=1/2,mu=5",F8,10,23,1.2808668327e+01
extra,"k: nu=1/2,mu=5",F9,10,23,9.7401989274e-04
extra,"k: nu=1/2,mu=5",F10,10,23,6.7243495872e+02
extra,"k: nu=1/2,mu=5",F11,10,23,7.8130016715e+00
extra,"k: nu=1/2,mu=5",F12,10,23,1.5985121866e+06
extra,"k: nu=1/2,mu=5",F13,10,23,3.2952385001e+03
extra,"k: nu=1/2,mu=5",F14,10,23,2.1468718467e+02
extra,"k: nu=1/2,mu=5",F15,10,23,1.0808031055e+03
extra,"k: nu=1/2,mu=5",F16,10,23,1.3332916553e+02
extra,"k: nu=1/2,mu=5",F17,10,23,3.3804057855e+01
extra,"k: nu=1/2,mu=5",F18,10,23,3.0183161486e+03
extra,"k: nu=1/2,mu=5",F19,10,23,7.5220602471e+02
extra,"k: nu=1/2,mu=5",F20,10,23,2.8093340798e+01
extra,"k: nu=1,mu=10",F26,10,23,3.0021505187e+02
extra,"k: nu=1,mu=10",F27,10,23,3.9440786827e+02
extra,"k: nu=1,mu=10",F28,10,23,3.9712466174e+02
extra,"k: nu=1,mu=10",F29,10,23,2.6900986269e+02
extra,"k: nu=1/2,mu=20",F4,10,23,7.0237361004e+00
extra,"k: nu=1/2,mu=20",F5,10,23,9.9558708861e+00
extra,"k: nu=1/2,mu=20",F6,10,23,2.0524816380e+00
extra,"k: nu=1/2,mu=20",F7,10,23,2.0681281012e+01
extra,"k: nu=1/2,mu=5",F21,10,23,2.2394957337e+02
extra,"k: nu=1/2,mu=5",F22,10,23,1.0103136169e+02
extra,"k: nu=1/2,mu=5",F23,10,23,3.2521924763e+02
extra,"k: nu=1/2,mu=5",F24,10,23,3.3468938923e+02
extra,"k: nu=1/2,mu=20",F8,10,23,1.3944088366e+01
extra,"k: nu=1/2,mu=20",F9,10,23,6.6770768092e-04
extra,"k: nu=1/2,mu=20",F10,10,23,3.4629823786e+02
extra,"k: nu=1/2,mu=20",F11,10,23,9.5081731824e+00
extra,"k: nu=1/2,mu=20",F12,10,23,7.5001479207e+06
extra,"k: nu=1/2,mu=20",F13,10,23,4.9993537482e+03
extra,"k: nu=1/2,mu=20",F14,10,23,1.9433234861e+02
extra,"k: nu=1/2,mu=20",F15,10,23,3.4601830623e+02
extra,"k: nu=1/2,mu=5",F29,10,23,2.9193778074e+02
extra,"k: nu=1/2,mu=5",F30,10,23,8.5753748056e+05
extra,"k: nu=1/2,mu=20",F1,10,23,2.4816758487e+03
extra,"k: nu=1/2,mu=20",F3,10,23,2.1881459366e+02
extra,"k: nu=1/2,mu=5",F25,10,23,4.4734950696e+02
extra,"k: nu=1/2,mu=5",F26,10,23,3.0013344311e+02
extra,"k: nu=1/2,mu=5",F27,10,23,3.8955312097e+02
extra,"k: nu=1/2,mu=5",F28,10,23,3.8184780106e+02
extra,"k: nu=1/2,mu=20",F16,10,23,1.4851549498e+00
extra,"k: nu=1/2,mu=20",F17,10,23,8.5143211513e+01
extra,"k: nu=1/2,mu=20",F18,10,23,4.8716509988e+04
extra,"k: nu=1/2,mu=20",F19,10,23,1.0682046468e+03
extra,k=1 (plain OBL),F3,10,23,1.1702680745e+01
extra,k=1 (plain OBL),F4,10,23,7.0407742728e+00
extra,k=1 (plain OBL),F5,10,23,8.0085357813e+00
extra,k=1 (plain OBL),F6,10,23,4.6517508308e-01
extra,"k: nu=1/2,mu=20",F20,10,23,3.8565607042e+01
extra,"k: nu=1/2,mu=20",F21,10,23,2.0824831546e+02
extra,"k: nu=1/2,mu=20",F22,10,23,3.4521801353e+01
extra,"k: nu=1/2,mu=20",F23,10,23,3.0862167947e+02
extra,k=1 (plain OBL),F7,10,23,1.8117320833e+01
extra,k=1 (plain OBL),F8,10,23,1.1110070072e+01
extra,k=1 (plain OBL),F9,10,23,2.9477810582e-03
extra,k=1 (plain OBL),F10,10,23,8.2517717085e+02
extra,k=1 (plain OBL),F11,10,23,1.2241950582e+01
extra,k=1 (plain OBL),F12,10,23,2.3429563363e+05
extra,k=1 (plain OBL),F13,10,23,5.4467383842e+03
extra,k=1 (plain OBL),F14,10,23,1.2713612134e+02
extra,"k: nu=1/2,mu=20",F24,10,23,1.0310448114e+02
extra,"k: nu=1/2,mu=20",F25,10,23,4.4507390431e+02
extra,"k: nu=1/2,mu=20",F26,10,23,3.9301959942e+02
extra,"k: nu=1/2,mu=20",F27,10,23,3.9540649668e+02
extra,"k: nu=1/2,mu=20",F28,10,23,4.1660269145e+02
extra,"k: nu=1/2,mu=20",F29,10,23,2.5999935358e+02
extra,"k: nu=1/2,mu=20",F30,10,23,6.4673521887e+04
extra,k=1 (plain OBL),F1,10,23,5.6749030394e+04
extra,k=1 (plain OBL),F15,10,23,1.6238276849e+03
extra,k=1 (plain OBL),F16,10,23,1.3662798779e+02
extra,k=1 (plain OBL),F17,10,23,3.4287981898e+01
extra,k=1 (plain OBL),F18,10,23,3.6160340730e+04
extra,k=1 (plain OBL),F19,10,23,9.2230083491e+02
extra,k=1 (plain OBL),F20,10,23,3.3743151418e+01
extra,k=1 (plain OBL),F21,10,23,2.1555705112e+02
extra,k=1 (plain OBL),F22,10,23,1.0073657001e+02
extra,N=10,F1,10,24,6.7732190631e+02
extra,N=10,F3,10,24,3.5300701709e+02
extra,N=10,F4,10,24,1.4513866740e+01
extra,N=10,F5,10,24,1.2954035193e+01
extra,k=1 (plain OBL),F23,10,23,3.2415553332e+02
extra,k=1 (plain OBL),F24,10,23,3.4966807672e+02
extra,k=1 (plain OBL),F25,10,23,3.9900737043e+02
extra,k=1 (plain OBL),F26,10,23,3.0018213439e+02
extra,N=10,F6,10,24,3.6910255522e+00
extra,N=10,F7,10,24,4.7736233771e+01
extra,N=10,F8,10,24,2.6362408672e+01
extra,N=10,F9,10,24,1.5178349810e+00
extra,k=1 (plain OBL),F27,10,23,3.8986750319e+02
extra,k=1 (plain OBL),F28,10,23,4.1519923988e+02
extra,k=1 (plain OBL),F29,10,23,3.9460345069e+02
extra,k=1 (plain OBL),F30,10,23,6.9056938839e+03
extra,N=10,F10,10,24,4.3315816782e+02
extra,N=10,F11,10,24,1.7154439413e+01
extra,N=10,F12,10,24,4.3544871397e+06
extra,N=10,F13,10,24,1.3139644605e+04
extra,N=10,F14,10,24,2.1582529777e+02
extra,N=10,F15,10,24,1.0970264725e+03
extra,N=10,F16,10,24,1.6876606560e+02
extra,N=10,F17,10,24,3.5592574293e+01
extra,N=10,F18,10,24,4.2801023944e+03
extra,N=10,F19,10,24,4.8763386683e+02
extra,N=10,F20,10,24,3.8845427814e+01
extra,N=10,F21,10,24,2.1953870690e+02
extra,N=10,F30,10,24,8.0178419534e+05
extra,N=20,F1,10,24,1.6587905393e+03
extra,N=20,F3,10,24,4.8866019086e+01
extra,N=20,F4,10,24,7.4200763421e+00
extra,N=20,F5,10,24,2.5874902327e+01
extra,N=20,F6,10,24,1.5954681963e-01
extra,N=20,F7,10,24,3.1797410017e+01
extra,N=20,F8,10,24,3.9838908195e+00
extra,N=20,F9,10,24,2.2994485278e+00
extra,N=20,F10,10,24,2.6040001054e+02
extra,N=20,F11,10,24,5.2361264505e+00
extra,N=20,F12,10,24,4.6145680169e+05
extra,N=10,F22,10,24,1.0242352812e+02
extra,N=10,F23,10,24,3.1483451394e+02
extra,N=10,F24,10,24,3.3630881594e+02
extra,N=10,F25,10,24,4.4444667190e+02
extra,N=20,F13,10,24,2.6681211836e+03
extra,N=20,F14,10,24,2.1542451001e+02
extra,N=20,F15,10,24,8.2298605792e+03
extra,N=20,F16,10,24,3.8954727006e+00
extra,N=10,F26,10,24,3.0004291114e+02
extra,N=10,F27,10,24,3.9535273120e+02
extra,N=10,F28,10,24,6.1182166644e+02
extra,N=10,F29,10,24,3.1655462048e+02
extra,N=20,F17,10,24,4.6572951075e+01
extra,N=20,F18,10,24,2.5474038064e+03
extra,N=20,F19,10,24,4.1697085392e+02
extra,N=20,F20,10,24,2.3501613382e+01
extra,N=50,F4,10,24,4.3019657362e+00
extra,N=50,F5,10,24,1.0068702080e+01
extra,N=50,F6,10,24,6.7954703881e-01
extra,N=50,F7,10,24,2.1047010726e+01
extra,N=20,F21,10,24,2.0970794081e+02
extra,N=20,F22,10,24,1.0072090343e+02
extra,N=20,F23,10,24,3.1431312258e+02
extra,N=20,F24,10,24,3.4644196153e+02
extra,N=50,F8,10,24,1.6869942793e+01
extra,N=50,F9,10,24,1.7385217715e-01
extra,N=50,F10,10,24,7.0935315442e+02
extra,N=50,F11,10,24,1.5388320691e+01
extra,N=50,F12,10,24,1.3977153252e+06
extra,N=50,F13,10,24,1.6073733429e+04
extra,N=50,F14,10,24,1.7675606613e+02
extra,N=50,F15,10,24,1.5416780886e+03
extra,N=50,F16,10,24,4.1857755059e+01
extra,N=50,F17,10,24,4.6591757969e+01
extra,N=50,F18,10,24,6.8107246829e+03
extra,N=50,F19,10,24,7.9582514452e+02
extra,N=20,F25,10,24,3.9964805035e+02
extra,N=20,F26,10,24,3.0002475959e+02
extra,N=20,F27,10,24,3.8952762004e+02
extra,N=20,F28,10,24,5.8373485247e+02
extra,N=50,F20,10,24,6.9104944211e+01
extra,N=50,F21,10,24,1.0478858677e+02
extra,N=50,F22,10,24,1.0091725842e+02
extra,N=50,F23,10,24,3.1127890609e+02
extra,N=20,F29,10,24,3.2089334900e+02
extra,N=20,F30,10,24,3.7981331439e+05
extra,N=50,F1,10,24,5.8405213549e+05
extra,N=50,F3,10,24,2.0321352271e+02
extra,N=100,F3,10,24,5.5120046980e+02
extra,N=100,F4,10,24,7.1528242253e+00
extra,N=100,F5,10,24,2.1528039698e+01
extra,N=100,F6,10,24,3.6341613532e+00
extra,N=100,F7,10,24,1.9186251821e+01
extra,N=100,F8,10,24,2.7886632488e+01
extra,N=100,F9,10,24,9.9124041821e-01
extra,N=100,F10,10,24,8.0240968293e+02
extra,N=100,F11,10,24,2.0506823757e+01
extra,N=100,F12,10,24,1.1071876689e+06
extra,N=100,F13,10,24,3.6460275232e+03
extra,N=100,F14,10,24,2.7023616457e+02
extra,N=50,F24,10,24,1.0258550871e+02
extra,N=50,F25,10,24,4.4509912257e+02
extra,N=50,F26,10,24,3.0089118596e+02
extra,N=50,F27,10,24,3.9085901226e+02
extra,N=100,F15,10,24,2.3013240442e+03
extra,N=100,F16,10,24,1.3715223478e+02
extra,N=100,F17,10,24,4.2250659468e+01
extra,N=100,F18,10,24,8.9510642265e+03
extra,N=100,F19,10,24,3.4585300223e+03
extra,N=100,F20,10,24,2.7794776720e+01
extra,N=100,F21,10,24,1.0457602791e+02
extra,N=100,F22,10,24,1.0599603135e+02
extra,N=50,F28,10,24,6.1187551644e+02
extra,N=50,F29,10,24,2.9608102388e+02
extra,N=50,F30,10,24,5.2481057790e+04
extra,N=100,F1,10,24,2.2923041307e+05
extra,N=100,F23,10,24,3.3359979574e+02
extra,N=100,F24,10,24,3.5158682759e+02
extra,N=100,F25,10,24,4.0000663838e+02
extra,N=100,F26,10,24,3.0074435354e+02
extra,beta=1.1,F1,10,24,2.5277679960e+04
extra,beta=1.1,F3,10,24,5.2423120306e+01
extra,beta=1.1,F4,10,24,5.0881432286e+00
extra,beta=1.1,F5,10,24,1.2939187760e+01
extra,N=100,F27,10,24,3.9107950310e+02
extra,N=100,F28,10,24,4.1644358778e+02
extra,N=100,F29,10,24,2.8806343553e+02
extra,N=100,F30,10,24,1.1023677973e+05
extra,beta=1.1,F6,10,24,2.4720242993e+00
extra,beta=1.1,F7,10,24,1.9385769877e+01
extra,beta=1.1,F8,10,24,2.3896691250e+01
extra,beta=1.1,F9,10,24,1.7887181780e-02
extra,beta=1.1,F10,10,24,6.0931359566e+02
extra,beta=1.1,F11,10,24,5.5938459099e+00
extra,beta=1.1,F12,10,24,4.0947327367e+05
extra,beta=1.1,F13,10,24,4.2182152314e+03
extra,beta=1.1,F14,10,24,2.3284648353e+02
extra,beta=1.1,F15,10,24,1.3446158319e+03
extra,beta=1.1,F16,10,24,3.1132384640e+00
extra,beta=1.1,F17,10,24,4.6779701961e+01
extra,beta=1.1,F18,10,24,9.8937824624e+03
extra,beta=1.1,F19,10,24,7.3181065532e+02
extra,beta=1.1,F20,10,24,3.1356104163e+01
extra,beta=1.1,F21,10,24,1.0277470322e+02
extra,beta=1.3,F5,10,24,5.9732095601e+00
extra,beta=1.3,F6,10,24,9.8092531644e-01
extra,beta=1.3,F7,10,24,2.6171544751e+01
extra,beta=1.3,F8,10,24,9.1238646683e+00
extra,beta=1.1,F22,10,24,1.0048632324e+02
extra,beta=1.1,F23,10,24,3.1210494569e+02
extra,beta=1.1,F24,10,24,3.3832430917e+02
extra,beta=1.1,F25,10,24,3.9969719895e+02
extra,beta=1.1,F30,10,24,1.9929259546e+05
extra,beta=1.3,F1,10,24,2.7765450598e+03
extra,beta=1.3,F3,10,24,5.3939462939e+01
extra,beta=1.3,F4,10,24,5.6091463421e+00
extra,beta=1.3,F9,10,24,1.0319262103e-01
extra,beta=1.3,F10,10,24,3.5268869396e+02
extra,beta=1.3,F11,10,24,4.9703716774e+00
extra,beta=1.3,F12,10,24,3.9748089979e+06
extra,beta=1.3,F13,10,24,2.5532582113e+04
extra,beta=1.3,F14,10,24,1.0008854301e+03
extra,beta=1.3,F15,10,24,2.9161432361e+03
extra,beta=1.3,F16,10,24,3.7364560414e+00
extra,beta=1.1,F26,10,24,3.0052124416e+02
extra,beta=1.1,F27,10,24,3.9528762760e+02
extra,beta=1.1,F28,10,24,4.1916103350e+02
extra,beta=1.1,F29,10,24,3.1575408494e+02
extra,beta=1.3,F17,10,24,3.4161897388e+01
extra,beta=1.3,F18,10,24,3.0502375355e+03
extra,beta=1.3,F19,10,24,4.2116766457e+02
extra,beta=1.3,F20,10,24,2.2002319054e+01
extra,beta=1.5,F4,10,24,3.3583969792e+00
extra,beta=1.5,F5,10,24,7.0336849198e+00
extra,beta=1.5,F6,10,24,4.3600373682e-02
extra,beta=1.5,F7,10,24,1.7182377947e+01
extra,beta=1.3,F21,10,24,1.0426297013e+02
extra,beta=1.3,F22,10,24,1.0214315976e+02
extra,beta=1.3,F23,10,24,3.1565939285e+02
extra,beta=1.3,F24,10,24,1.0951257722e+02
extra,beta=1.5,F8,10,24,2.9858690492e+00
extra,beta=1.5,F9,10,24,4.6692919131e-01
extra,beta=1.5,F10,10,24,2.6556216091e+02
extra,beta=1.5,F11,10,24,6.3193634431e+00
extra,beta=1.3,F29,10,24,2.7000497466e+02
extra,beta=1.3,F30,10,24,8.0918085467e+05
extra,beta=1.5,F1,10,24,4.4403419495e+03
extra,beta=1.5,F3,10,24,1.2838645529e+02
extra,beta=1.3,F25,10,24,3.9867227917e+02
extra,beta=1.3,F26,10,24,3.0007955955e+02
extra,beta=1.3,F27,10,24,3.8952268129e+02
extra,beta=1.3,F28,10,24,6.1184420403e+02
extra,beta=1.5,F12,10,24,2.1594048594e+04
extra,beta=1.5,F13,10,24,1.9055559096e+04
extra,beta=1.5,F14,10,24,2.0174831994e+02
extra,beta=1.5,F15,10,24,3.2675841798e+02
extra,beta=1.5,F16,10,24,4.0255359161e+01
extra,beta=1.5,F17,10,24,3.9955236429e+01
extra,beta=1.5,F18,10,24,1.0494570455e+04
extra,beta=1.5,F19,10,24,7.6608552274e+02
extra,beta=1.9,F3,10,24,1.0881095537e+02
extra,beta=1.9,F4,10,24,7.6589816711e+00
extra,beta=1.9,F5,10,24,1.6435175185e+01
extra,beta=1.9,F6,10,24,1.0627043511e+00
extra,beta=1.5,F20,10,24,2.3713130424e+01
extra,beta=1.5,F21,10,24,2.2444674983e+02
extra,beta=1.5,F22,10,24,1.0223736390e+02
extra,beta=1.5,F23,10,24,3.1028844542e+02
extra,beta=1.9,F7,10,24,3.0144353932e+01
extra,beta=1.9,F8,10,24,1.0945636362e+01
extra,beta=1.9,F9,10,24,3.0800422171e-01
extra,beta=1.9,F10,10,24,6.0982865372e+02
extra,beta=1.9,F11,10,24,2.8319798602e+00
extra,beta=1.9,F12,10,24,3.3213177011e+06
extra,beta=1.9,F13,10,24,6.7108626081e+03
extra,beta=1.9,F14,10,24,2.6326774619e+02
extra,beta=1.5,F24,10,24,3.4086899545e+02
extra,beta=1.5,F25,10,24,3.9968892847e+02
extra,beta=1.5,F26,10,24,3.0011636515e+02
extra,beta=1.5,F27,10,24,3.8955392308e+02
extra,beta=1.5,F28,10,24,4.1719654126e+02
extra,beta=1.5,F29,10,24,3.0098974330e+02
extra,beta=1.5,F30,10,24,1.1109549185e+06
extra,beta=1.9,F1,10,24,2.5608880391e+05
extra,beta=1.9,F15,10,24,2.1643340303e+03
extra,beta=1.9,F16,10,24,1.5575742849e+01
extra,beta=1.9,F17,10,24,2.6463364878e+01
extra,beta=1.9,F18,10,24,2.8323855626e+04
extra,"stage=T/3,2T/3",F1,10,24,3.8333967026e+03
extra,"stage=T/3,2T/3",F3,10,24,9.4462611325e+01
extra,"stage=T/3,2T/3",F4,10,24,6.3283004401e+00
extra,"stage=T/3,2T/3",F5,10,24,9.5522852231e+00
extra,beta=1.9,F19,10,24,1.4187004001e+03
extra,beta=1.9,F20,10,24,3.8150767706e+01
extra,beta=1.9,F21,10,24,1.0363985613e+02
extra,beta=1.9,F22,10,24,1.0369146158e+02
extra,"stage=T/3,2T/3",F6,10,24,1.2209769915e+00
extra,"stage=T/3,2T/3",F7,10,24,3.1178969837e+01
extra,"stage=T/3,2T/3",F8,10,24,1.7935060698e+01
extra,"stage=T/3,2T/3",F9,10,24,5.9095221895e-03
extra,"stage=T/3,2T/3",F10,10,24,9.9081635569e+02
extra,"stage=T/3,2T/3",F11,10,24,2.2386998227e+00
extra,"stage=T/3,2T/3",F12,10,24,1.9578293576e+04
extra,"stage=T/3,2T/3",F13,10,24,4.2953714615e+02
extra,beta=1.9,F23,10,24,3.1122622362e+02
extra,beta=1.9,F24,10,24,1.0167466250e+02
extra,beta=1.9,F25,10,24,3.9973775024e+02
extra,beta=1.9,F26,10,24,3.6854541896e+02
extra,"stage=T/3,2T/3",F14,10,24,2.5532853417e+02
extra,"stage=T/3,2T/3",F15,10,24,1.7706110328e+03
extra,"stage=T/3,2T/3",F16,10,24,1.2697732852e+01
extra,"stage=T/3,2T/3",F17,10,24,3.0788672834e+01
extra,beta=1.9,F27,10,24,3.9708923601e+02
extra,beta=1.9,F28,10,24,3.9574742674e+02
extra,beta=1.9,F29,10,24,2.6535437548e+02
extra,beta=1.9,F30,10,24,2.9385049158e+04
extra,"stage=T/3,2T/3",F18,10,24,7.4631297115e+03
extra,"stage=T/3,2T/3",F19,10,24,3.5900285644e+02
extra,"stage=T/3,2T/3",F20,10,24,4.3311595168e+01
extra,"stage=T/3,2T/3",F21,10,24,2.1669480276e+02
extra,"stage=T/3,2T/3",F22,10,24,1.0036682619e+02
extra,"stage=T/3,2T/3",F23,10,24,3.1280674023e+02
extra,"stage=T/3,2T/3",F24,10,24,3.3199708200e+02
extra,"stage=T/3,2T/3",F25,10,24,4.4550583798e+02
extra,"stage=T/4,3T/4",F5,10,24,1.0946159713e+01
extra,"stage=T/4,3T/4",F6,10,24,6.9594265472e-01
extra,"stage=T/4,3T/4",F7,10,24,2.3305496583e+01
extra,"stage=T/4,3T/4",F8,10,24,1.6914641726e+01
extra,"stage=T/4,3T/4",F9,10,24,9.7372551818e-01
extra,"stage=T/4,3T/4",F10,10,24,8.5474855560e+02
extra,"stage=T/4,3T/4",F11,10,24,3.6378548838e+00
extra,"stage=T/4,3T/4",F12,10,24,7.5605819959e+05
extra,"stage=T/3,2T/3",F30,10,24,8.1833681858e+05
extra,"stage=T/4,3T/4",F1,10,24,1.0198893190e+04
extra,"stage=T/4,3T/4",F3,10,24,1.9762018550e+02
extra,"stage=T/4,3T/4",F4,10,24,7.0931747668e+00
extra,"stage=T/4,3T/4",F13,10,24,3.1104645102e+04
extra,"stage=T/4,3T/4",F14,10,24,9.5088331112e+01
extra,"stage=T/4,3T/4",F15,10,24,4.0526980479e+03
extra,"stage=T/4,3T/4",F16,10,24,1.2422395744e+02
extra,"stage=T/3,2T/3",F26,10,24,3.0017994798e+02
extra,"stage=T/3,2T/3",F27,10,24,3.8981207346e+02
extra,"stage=T/3,2T/3",F28,10,24,6.1182169533e+02
extra,"stage=T/3,2T/3",F29,10,24,2.5173650502e+02
extra,"stage=T/4,3T/4",F17,10,24,2.2723342207e+01
extra,"stage=T/4,3T/4",F18,10,24,6.2711913729e+03
extra,"stage=T/4,3T/4",F19,10,24,7.7174699347e+02
extra,"stage=T/4,3T/4",F20,10,24,3.7257499040e+01
extra,"stage=T/4,3T/4",F21,10,24,1.0388078900e+02
extra,"stage=T/4,3T/4",F22,10,24,1.0090080635e+02
extra,"stage=T/4,3T/4",F23,10,24,3.1487030818e+02
extra,"stage=T/4,3T/4",F24,10,24,3.4262397263e+02
extra,"stage=T/2,3T/4",F4,10,24,4.7752720106e+00
extra,"stage=T/2,3T/4",F5,10,24,7.9661198365e+00
extra,"stage=T/2,3T/4",F6,10,24,6.9891455743e-02
extra,"stage=T/2,3T/4",F7,10,24,2.4737997767e+01
extra,"stage=T/2,3T/4",F8,10,24,1.2047230779e+01
extra,"stage=T/2,3T/4",F9,10,24,2.8688000181e-02
extra,"stage=T/2,3T/4",F10,10,24,8.7153364199e+02
extra,"stage=T/2,3T/4",F11,10,24,9.3647232726e+00
extra,"stage=T/2,3T/4",F12,10,24,3.5651661773e+06
extra,"stage=T/2,3T/4",F13,10,24,8.9621164481e+03
extra,"stage=T/2,3T/4",F14,10,24,2.3411170581e+02
extra,"stage=T/2,3T/4",F15,10,24,3.5586950900e+03
extra,"stage=T/4,3T/4",F29,10,24,2.6568760446e+02
extra,"stage=T/4,3T/4",F30,10,24,8.0894282945e+05
extra,"stage=T/2,3T/4",F1,10,24,2.0529549648e+04
extra,"stage=T/2,3T/4",F3,10,24,4.1796092085e+01
extra,"stage=T/4,3T/4",F25,10,24,4.4339357307e+02
extra,"stage=T/4,3T/4",F26,10,24,3.4714891909e+02
extra,"stage=T/4,3T/4",F27,10,24,3.8742518121e+02
extra,"stage=T/4,3T/4",F28,10,24,3.9847103328e+02
extra,"stage=T/2,3T/4",F16,10,24,1.3061310883e+01
extra,"stage=T/2,3T/4",F17,10,24,3.0713355813e+01
extra,"stage=T/2,3T/4",F18,10,24,4.4370879296e+03
extra,"stage=T/2,3T/4",F19,10,24,1.2037061271e+03
extra,"stage=T/5,4T/5",F3,10,24,5.2300455564e+02
extra,"stage=T/5,4T/5",F4,10,24,7.2897628590e+00
extra,"stage=T/5,4T/5",F5,10,24,1.2940723675e+01
extra,"stage=T/5,4T/5",F6,10,24,1.2201861685e+00
extra,"stage=T/2,3T/4",F20,10,24,2.7791656664e+01
extra,"stage=T/2,3T/4",F21,10,24,2.1365639611e+02
extra,"stage=T/2,3T/4",F22,10,24,1.0002941911e+02
extra,"stage=T/2,3T/4",F23,10,24,3.2708857416e+02
extra,"stage=T/5,4T/5",F7,10,24,1.6965759167e+01
extra,"stage=T/5,4T/5",F8,10,24,2.4927170149e+01
extra,"stage=T/5,4T/5",F9,10,24,1.5748926592e-03
extra,"stage=T/5,4T/5",F10,10,24,3.2479802105e+02
extra,"stage=T/2,3T/4",F24,10,24,1.0219529061e+02
extra,"stage=T/2,3T/4",F25,10,24,4.4418919487e+02
extra,"stage=T/2,3T/4",F26,10,24,3.0023797877e+02
extra,"stage=T/2,3T/4",F27,10,24,3.8932403982e+02
extra,"stage=T/5,4T/5",F11,10,24,7.5632766847e+00
extra,"stage=T/5,4T/5",F12,10,24,2.1848331582e+04
extra,"stage=T/5,4T/5",F13,10,24,5.0074702856e+03
extra,"stage=T/5,4T/5",F14,10,24,2.9982185007e+02
extra,"stage=T/2,3T/4",F28,10,24,4.1579199398e+02
extra,"stage=T/2,3T/4",F29,10,24,2.7645700141e+02
extra,"stage=T/2,3T/4",F30,10,24,8.8188159227e+05
extra,"stage=T/5,4T/5",F1,10,24,2.7166422819e+03
extra,"stage=T/5,4T/5",F15,10,24,1.2516622553e+02
extra,"stage=T/5,4T/5",F16,10,24,3.8638023409e+00
extra,"stage=T/5,4T/5",F17,10,24,2.9857092865e+01
extra,"stage=T/5,4T/5",F18,10,24,5.2717738749e+03
extra,"k: nu=1/2,mu=10",F1,10,24,1.0184011477e+03
extra,"k: nu=1/2,mu=10",F3,10,24,3.8700411098e+02
extra,"k: nu=1/2,mu=10",F4,10,24,5.4846933662e+00
extra,"k: nu=1/2,mu=10",F5,10,24,6.9724442590e+00
extra,"stage=T/5,4T/5",F19,10,24,1.3200901109e+02
extra,"stage=T/5,4T/5",F20,10,24,2.2222259882e+01
extra,"stage=T/5,4T/5",F21,10,24,2.1580644379e+02
extra,"stage=T/5,4T/5",F22,10,24,1.0066196201e+02
extra,"k: nu=1/2,mu=10",F6,10,24,3.8169313768e-01
extra,"k: nu=1/2,mu=10",F7,10,24,2.8442250566e+01
extra,"k: nu=1/2,mu=10",F8,10,24,1.0950738893e+01
extra,"k: nu=1/2,mu=10",F9,10,24,3.7734852321e-01
extra,"k: nu=1/2,mu=10",F10,10,24,6.4486002943e+02
extra,"k: nu=1/2,mu=10",F11,10,24,9.7117652606e+00
extra,"k: nu=1/2,mu=10",F12,10,24,1.9037586919e+05
extra,"k: nu=1/2,mu=10",F13,10,24,7.5394247897e+03
extra,"stage=T/5,4T/5",F23,10,24,3.2777355506e+02
extra,"stage=T/5,4T/5",F24,10,24,1.0016492848e+02
extra,"stage=T/5,4T/5",F25,10,24,4.4364343934e+02
extra,"stage=T/5,4T/5",F26,10,24,3.0000283265e+02
extra,"k: nu=1/2,mu=10",F14,10,24,1.3810481534e+02
extra,"k: nu=1/2,mu=10",F15,10,24,2.0906214391e+03
extra,"k: nu=1/2,mu=10",F16,10,24,1.6268721389e+01
extra,"k: nu=1/2,mu=10",F17,10,24,4.3503187430e+01
extra,"stage=T/5,4T/5",F27,10,24,3.9540612305e+02
extra,"stage=T/5,4T/5",F28,10,24,4.1433673153e+02
extra,"stage=T/5,4T/5",F29,10,24,2.5329074370e+02
extra,"stage=T/5,4T/5",F30,10,24,7.6648316298e+03
extra,"k: nu=1/2,mu=10",F18,10,24,3.2580948532e+03
extra,"k: nu=1/2,mu=10",F19,10,24,1.4996853316e+03
extra,"k: nu=1/2,mu=10",F20,10,24,2.6272043030e+01
extra,"k: nu=1/2,mu=10",F21,10,24,2.1078039047e+02
extra,"k: nu=1,mu=10",F5,10,24,8.1662619416e+00
extra,"k: nu=1,mu=10",F6,10,24,5.3297590817e-02
extra,"k: nu=1,mu=10",F7,10,24,2.8454521135e+01
extra,"k: nu=1,mu=10",F8,10,24,1.6918979819e+01
extra,"k: nu=1/2,mu=10",F30,10,24,8.8073665117e+05
extra,"k: nu=1,mu=10",F1,10,24,7.0972762532e+03
extra,"k: nu=1,mu=10",F3,10,24,2.4974874114e+02
extra,"k: nu=1,mu=10",F4,10,24,7.2764253751e+00
extra,"k: nu=1/2,mu=10",F22,10,24,1.0214599785e+02
extra,"k: nu=1/2,mu=10",F23,10,24,3.1704319296e+02
extra,"k: nu=1/2,mu=10",F24,10,24,3.4376942284e+02
extra,"k: nu=1/2,mu=10",F25,10,24,4.0020797876e+02
extra,"k: nu=1,mu=10",F9,10,24,9.8794388662e-01
extra,"k: nu=1,mu=10",F10,10,24,6.8694235869e+02
extra,"k: nu=1,mu=10",F11,10,24,7.8758853182e+00
extra,"k: nu=1,mu=10",F12,10,24,6.4167504788e+03
extra,"k: nu=1,mu=10",F13,10,24,5.8413372298e+03
extra,"k: nu=1,mu=10",F14,10,24,1.5016003563e+02
extra,"k: nu=1,mu=10",F15,10,24,2.6470792068e+02
extra,"k: nu=1,mu=10",F16,10,24,2.3503989193e+00
extra,"k: nu=1/2,mu=10",F26,10,24,3.2577654917e+02
extra,"k: nu=1/2,mu=10",F27,10,24,3.8983579818e+02
extra,"k: nu=1/2,mu=10",F28,10,24,4.1335196580e+02
extra,"k: nu=1/2,mu=10",F29,10,24,2.5971615061e+02
extra,"k: nu=1,mu=10",F17,10,24,3.9186434231e+01
extra,"k: nu=1,mu=10",F18,10,24,1.2451448661e+03
extra,"k: nu=1,mu=10",F19,10,24,2.4607332017e+03
extra,"k: nu=1,mu=10",F20,10,24,5.0034041772e+01
extra,"k: nu=1,mu=10",F21,10,24,1.0332460266e+02
extra,"k: nu=1,mu=10",F22,10,24,1.0167080497e+02
extra,"k: nu=1,mu=10",F23,10,24,3.1220774255e+02
extra,"k: nu=1,mu=10",F24,10,24,3.4401819278e+02
extra,"k: nu=1/2,mu=5",F4,10,24,5.8652292312e+00
extra,"k: nu=1/2,mu=5",F5,10,24,1.4514865820e+01
extra,"k: nu=1/2,mu=5",F6,10,24,1.3792149864e-01
extra,"k: nu=1/2,mu=5",F7,10,24,1.9483303182e+01
extra,"k: nu=1/2,mu=5",F8,10,24,1.6917649673e+01
extra,"k: nu=1/2,mu=5",F9,10,24,9.1225115289e-02
extra,"k: nu=1/2,mu=5",F10,10,24,5.3813292316e+02
extra,"k: nu=1/2,mu=5",F11,10,24,1.1526846534e+01
extra,"k: nu=1,mu=10",F29,10,24,3.3033946394e+02
extra,"k: nu=1,mu=10",F30,10,24,2.2984226792e+06
extra,"k: nu=1/2,mu=5",F1,10,24,4.0108044041e+03
extra,"k: nu=1/2,mu=5",F3,10,24,6.3371386348e+00
extra,"k: nu=1,mu=10",F25,10,24,4.4610868677e+02
extra,"k: nu=1,mu=10",F26,10,24,3.0016455854e+02
extra,"k: nu=1,mu=10",F27,10,24,3.9887060328e+02
extra,"k: nu=1,mu=10",F28,10,24,3.6946462036e+02
extra,"k: nu=1/2,mu=5",F12,10,24,2.0392652405e+06
extra,"k: nu=1/2,mu=5",F13,10,24,6.3018085710e+03
extra,"k: nu=1/2,mu=5",F14,10,24,3.7342259728e+02
extra,"k: nu=1/2,mu=5",F15,10,24,5.4808987160e+02
extra,"k: nu=1/2,mu=5",F16,10,24,1.2258850874e+02
extra,"k: nu=1/2,mu=5",F17,10,24,4.7244034316e+01
extra,"k: nu=1/2,mu=5",F18,10,24,2.3800982082e+04
extra,"k: nu=1/2,mu=5",F19,10,24,2.7503122227e+03
extra,"k: nu=1/2,mu=20",F3,10,24,1.8139313868e+02
extra,"k: nu=1/2,mu=20",F4,10,24,6.8725656506e+00
extra,"k: nu=1/2,mu=20",F5,10,24,9.9702345547e+00
extra,"k: nu=1/2,mu=20",F6,10,24,4.0380463659e-01
extra,"k: nu=1/2,mu=5",F20,10,24,2.3029670895e+01
extra,"k: nu=1/2,mu=5",F21,10,24,2.0762078015e+02
extra,"k: nu=1/2,mu=5",F22,10,24,1.0201691207e+02
extra,"k: nu=1/2,mu=5",F23,10,24,3.2851870905e+02
extra,"k: nu=1/2,mu=20",F7,10,24,3.0737781048e+01
extra,"k: nu=1/2,mu=20",F8,10,24,2.0926240497e+01
extra,"k: nu=1/2,mu=20",F9,10,24,1.1240244860e-01
extra,"k: nu=1/2,mu=20",F10,10,24,9.8332276958e+02
extra,"k: nu=1/2,mu=5",F24,10,24,1.0231223956e+02
extra,"k: nu=1/2,mu=5",F25,10,24,4.4442722649e+02
extra,"k: nu=1/2,mu=5",F26,10,24,3.4715885997e+02
extra,"k: nu=1/2,mu=5",F27,10,24,3.9275305003e+02
extra,"k: nu=1/2,mu=20",F11,10,24,7.6531191846e+00
extra,"k: nu=1/2,mu=20",F12,10,24,1.7476644211e+06
extra,"k: nu=1/2,mu=20",F13,10,24,2.3511516640e+03
extra,"k: nu=1/2,mu=20",F14,10,24,1.7897305772e+02
extra,"k: nu=1/2,mu=5",F28,10,24,6.1182297177e+02
extra,"k: nu=1/2,mu=5",F29,10,24,2.5623809333e+02
extra,"k: nu=1/2,mu=5",F30,10,24,8.2634639766e+05
extra,"k: nu=1/2,mu=20",F1,10,24,8.6131577534e+02
extra,"k: nu=1/2,mu=20",F15,10,24,2.3675166950e+03
extra,"k: nu=1/2,mu=20",F16,10,24,8.1442906894e+00
extra,"k: nu=1/2,mu=20",F17,10,24,3.9397371288e+01
extra,"k: nu=1/2,mu=20",F18,10,24,1.5228483911e+03
extra,k=1 (plain OBL),F1,10,24,2.8121347809e+04
extra,k=1 (plain OBL),F3,10,24,2.6141031971e+02
extra,k=1 (plain OBL),F4,10,24,6.5428381523e+00
extra,k=1 (plain OBL),F5,10,24,7.0196760576e+00
extra,"k: nu=1/2,mu=20",F19,10,24,1.1141315430e+02
extra,"k: nu=1/2,mu=20",F20,10,24,2.1814201396e+01
extra,"k: nu=1/2,mu=20",F21,10,24,2.1799372715e+02
extra,"k: nu=1/2,mu=20",F22,10,24,1.0207431182e+02
extra,k=1 (plain OBL),F6,10,24,3.6568269678e-01
extra,k=1 (plain OBL),F7,10,24,1.6734987347e+01
extra,k=1 (plain OBL),F8,10,24,1.0013701978e+01
extra,k=1 (plain OBL),F9,10,24,2.3287249931e-01
extra,k=1 (plain OBL),F10,10,24,4.5402628269e+02
extra,k=1 (plain OBL),F11,10,24,6.0183207120e+00
extra,k=1 (plain OBL),F12,10,24,5.9236451565e+05
extra,k=1 (plain OBL),F13,10,24,4.3543203028e+03
extra,"k: nu=1/2,mu=20",F23,10,24,3.2972899062e+02
extra,"k: nu=1/2,mu=20",F24,10,24,3.4545009804e+02
extra,"k: nu=1/2,mu=20",F25,10,24,4.4387632848e+02
extra,"k: nu=1/2,mu=20",F26,10,24,3.0004237846e+02
extra,k=1 (plain OBL),F14,10,24,2.0971470174e+02
extra,k=1 (plain OBL),F15,10,24,1.0025459077e+04
extra,k=1 (plain OBL),F16,10,24,1.2373106461e+01
extra,k=1 (plain OBL),F17,10,24,6.0541352613e+01
extra,"k: nu=1/2,mu=20",F27,10,24,3.8960252587e+02
extra,"k: nu=1/2,mu=20",F28,10,24,3.6527931893e+02
extra,"k: nu=1/2,mu=20",F29,10,24,2.7207711275e+02
extra,"k: nu=1/2,mu=20",F30,10,24,1.7244055243e+04
extra,k=1 (plain OBL),F18,10,24,6.1287844507e+03
extra,k=1 (plain OBL),F19,10,24,8.9421779684e+02
extra,k=1 (plain OBL),F20,10,24,9.8828888214e+00
extra,k=1 (plain OBL),F21,10,24,1.0594648388e+02
extra,k=1 (plain OBL),F22,10,24,1.0237900836e+02
extra,k=1 (plain OBL),F23,10,24,3.1068111691e+02
extra,k=1 (plain OBL),F24,10,24,1.0769710703e+02
extra,k=1 (plain OBL),F25,10,24,3.9941052017e+02
extra,N=10,F5,10,25,1.8184293916e+01
extra,N=10,F6,10,25,9.4512390975e+00
extra,N=10,F7,10,25,4.1615715761e+01
extra,N=10,F8,10,25,5.9708132837e+00
extra,k=1 (plain OBL),F30,10,24,4.6166140751e+04
extra,N=10,F1,10,25,5.3573520733e+03
extra,N=10,F3,10,25,4.6792470001e+01
extra,N=10,F4,10,25,6.7361269612e+00
extra,k=1 (plain OBL),F26,10,24,3.2275406215e+02
extra,k=1 (plain OBL),F27,10,24,3.9358048842e+02
extra,k=1 (plain OBL),F28,10,24,3.6978322862e+02
extra,k=1 (plain OBL),F29,10,24,2.7706205306e+02
extra,N=10,F9,10,25,2.9116012227e+01
extra,N=10,F10,10,25,6.1563477116e+02
extra,N=10,F11,10,25,6.6950079010e+00
extra,N=10,F12,10,25,4.3395921908e+05
extra,N=10,F13,10,25,1.4675358167e+03
extra,N=10,F14,10,25,3.5348254511e+02
extra,N=10,F15,10,25,1.1304908444e+03
extra,N=10,F16,10,25,1.7539570093e+01
extra,N=10,F17,10,25,2.9793142346e+01
extra,N=10,F18,10,25,4.2433661987e+03
extra,N=10,F19,10,25,9.0462339679e+01
extra,N=10,F20,10,25,4.5664419011e+01
extra,N=20,F4,10,25,6.8875799439e+00
extra,N=20,F5,10,25,1.3183439574e+01
extra,N=20,F6,10,25,5.4344602988e-01
extra,N=20,F7,10,25,2.1765108016e+01
extra,N=20,F8,10,25,1.1941355824e+01
extra,N=20,F9,10,25,1.6360488030e-04
extra,N=20,F10,10,25,9.1846242769e+02
extra,N=20,F11,10,25,1.5778890432e+01
extra,N=10,F21,10,25,2.1607978497e+02
extra,N=10,F22,10,25,1.0300955656e+02
extra,N=10,F23,10,25,3.1545770440e+02
extra,N=10,F24,10,25,3.5519159159e+02
extra,N=20,F12,10,25,2.5806931322e+06
extra,N=20,F13,10,25,1.1108193880e+04
extra,N=20,F14,10,25,1.4410311941e+02
extra,N=20,F15,10,25,1.5116396894e+03
extra,N=10,F25,10,25,4.4588525383e+02
extra,N=10,F26,10,25,4.9140381710e+02
extra,N=10,F27,10,25,3.9548200334e+02
extra,N=10,F28,10,25,6.1182166588e+02
extra,N=10,F29,10,25,2.5909346184e+02
extra,N=10,F30,10,25,8.7430720099e+05
extra,N=20,F1,10,25,3.2526149888e+03
extra,N=20,F3,10,25,3.4747303247e+00
extra,N=20,F16,10,25,1.8747752773e+01
extra,N=20,F17,10,25,2.5856543722e+01
extra,N=20,F18,10,25,9.7324077513e+03
extra,N=20,F19,10,25,4.2407182392e+02
extra,N=50,F3,10,25,5.1198174303e+02
extra,N=50,F4,10,25,7.7468757926e+00
extra,N=50,F5,10,25,7.0007849210e+00
extra,N=50,F6,10,25,2.4480318955e-01
extra,N=50,F7,10,25,3.5091869557e+01
extra,N=50,F8,10,25,1.1944884764e+01
extra,N=50,F9,10,25,7.4890715402e-02
extra,N=50,F10,10,25,3.4733941522e+02
extra,N=50,F11,10,25,5.0850165569e+00
extra,N=50,F12,10,25,5.8482536175e+06
extra,N=50,F13,10,25,4.4344323024e+02
extra,N=50,F14,10,25,2.9590832149e+02
extra,N=20,F20,10,25,3.0249285519e+01
extra,N=20,F21,10,25,1.0316737994e+02
extra,N=20,F22,10,25,1.0037539486e+02
extra,N=20,F23,10,25,3.1290612803e+02
extra,N=50,F15,10,25,5.0077594510e+03
extra,N=50,F16,10,25,7.0876489282e+00
extra,N=50,F17,10,25,5.4115563922e+01
extra,N=50,F18,10,25,9.5778438514e+03
extra,N=50,F19,10,25,4.2655525132e+03
extra,N=50,F20,10,25,4.2708361945e+01
extra,N=50,F21,10,25,2.2016087229e+02
extra,N=50,F22,10,25,1.0052391559e+02
extra,N=20,F24,10,25,3.4364047037e+02
extra,N=20,F25,10,25,4.4374139740e+02
extra,N=20,F26,10,25,3.4714973735e+02
extra,N=20,F27,10,25,3.9527331889e+02
extra,N=20,F28,10,25,6.1182166685e+02
extra,N=20,F29,10,25,2.8351493557e+02
extra,N=20,F30,10,25,3.1902289845e+05
extra,N=50,F1,10,25,1.1738049384e+04
extra,N=100,F1,10,25,3.1534178269e+06
extra,N=100,F3,10,25,3.0347019186e+02
extra,N=100,F4,10,25,6.2487327667e+00
extra,N=100,F5,10,25,7.2015995023e+00
extra,N=100,F6,10,25,2.4854685423e+00
extra,N=100,F7,10,25,1.9450849367e+01
extra,N=100,F8,10,25,3.5820986009e+01
extra,N=100,F9,10,25,1.1016945504e+00
extra,N=50,F23,10,25,3.1519779198e+02
extra,N=50,F24,10,25,3.4794122655e+02
extra,N=50,F25,10,25,3.9975138054e+02
extra,N=50,F26,10,25,3.4434870677e+02
extra,N=100,F10,10,25,8.5935800640e+02
extra,N=100,F11,10,25,1.0881804567e+01
extra,N=100,F12,10,25,1.8671823747e+06
extra,N=100,F13,10,25,1.7502253218e+04
extra,N=100,F14,10,25,3.0090121965e+02
extra,N=100,F15,10,25,5.5716407959e+02
extra,N=100,F16,10,25,1.4051389050e+02
extra,N=100,F17,10,25,4.7579826161e+01
extra,N=100,F18,10,25,2.7885656595e+02
extra,N=100,F19,10,25,2.9469397988e+02
extra,N=100,F20,10,25,4.6498465710e+01
extra,N=100,F21,10,25,1.0579582254e+02
extra,N=50,F27,10,25,3.9840974619e+02
extra,N=50,F28,10,25,3.9865447346e+02
extra,N=50,F29,10,25,2.6851418862e+02
extra,N=50,F30,10,25,5.8671227151e+05
extra,N=100,F22,10,25,1.0227904119e+02
extra,N=100,F23,10,25,3.3440047116e+02
extra,N=100,F24,10,25,3.4991806432e+02
extra,N=100,F25,10,25,4.0128241111e+02
extra,N=100,F30,10,25,1.5641661818e+05
extra,beta=1.1,F1,10,25,2.2927647689e+04
extra,beta=1.1,F3,10,25,1.8190406953e+03
extra,beta=1.1,F4,10,25,5.5406284397e+00
extra,N=100,F26,10,25,3.0154136686e+02
extra,N=100,F27,10,25,3.9688041933e+02
extra,N=100,F28,10,25,4.2701132653e+02
extra,N=100,F29,10,25,2.9530554157e+02
extra,beta=1.1,F5,10,25,1.6795964329e+01
extra,beta=1.1,F6,10,25,9.7110707121e-01
extra,beta=1.1,F7,10,25,2.2028891442e+01
extra,beta=1.1,F8,10,25,2.1889657733e+01
extra,beta=1.1,F9,10,25,4.0387254023e-03
extra,beta=1.1,F10,10,25,9.7398777256e+02
extra,beta=1.1,F11,10,25,5.5761219087e+00
extra,beta=1.1,F12,10,25,9.4264778439e+05
extra,beta=1.1,F13,10,25,1.0161744605e+04
extra,beta=1.1,F14,10,25,1.6216603534e+02
extra,beta=1.1,F15,10,25,4.3216369650e+02
extra,beta=1.1,F16,10,25,4.3000874060e+01
extra,beta=1.1,F17,10,25,2.9282971458e+01
extra,beta=1.1,F18,10,25,4.6734714412e+03
extra,beta=1.1,F19,10,25,4.2307105699e+02
extra,beta=1.1,F20,10,25,2.4550058330e+01
extra,beta=1.1,F21,10,25,2.2354416597e+02
extra,beta=1.1,F22,10,25,1.0041780138e+02
extra,beta=1.1,F23,10,25,3.1732883720e+02
extra,beta=1.1,F24,10,25,1.0509706890e+02
extra,beta=1.3,F4,10,25,5.7880426908e+00
extra,beta=1.3,F5,10,25,1.0463242367e+01
extra,beta=1.3,F6,10,25,2.5377664683e+00
extra,beta=1.3,F7,10,25,1.7861586582e+01
extra,beta=1.3,F8,10,25,1.2102576961e+01
extra,beta=1.3,F9,10,25,9.2882862390e-02
extra,beta=1.3,F10,10,25,1.2321061254e+02
extra,beta=1.3,F11,10,25,6.6481150473e+00
extra,beta=1.3,F12,10,25,2.9269891257e+05
extra,beta=1.3,F13,10,25,8.1118592398e+03
extra,beta=1.3,F14,10,25,2.7603886738e+02
extra,beta=1.3,F15,10,25,1.5146627001e+03
extra,beta=1.1,F29,10,25,2.5558753107e+02
extra,beta=1.1,F30,10,25,5.5981195682e+05
extra,beta=1.3,F1,10,25,1.1266643853e+05
extra,beta=1.3,F3,10,25,2.1246714619e+02
extra,beta=1.1,F25,10,25,3.9801006295e+02
extra,beta=1.1,F26,10,25,3.4715364053e+02
extra,beta=1.1,F27,10,25,3.9598563663e+02
extra,beta=1.1,F28,10,25,3.6803802387e+02
extra,beta=1.3,F16,10,25,1.3532825886e+00
extra,beta=1.3,F17,10,25,2.4753062725e+01
extra,beta=1.3,F18,10,25,1.6965676375e+04
extra,beta=1.3,F19,10,25,1.9464112177e+03
extra,beta=1.5,F3,10,25,1.7564443796e+02
extra,beta=1.5,F4,10,25,6.8871392946e+00
extra,beta=1.5,F5,10,25,1.4836820238e+01
extra,beta=1.5,F6,10,25,1.0986218649e+00
extra,beta=1.3,F20,10,25,3.2241212571e+01
extra,beta=1.3,F21,10,25,2.0947498735e+02
extra,beta=1.3,F22,10,25,1.0088905485e+02
extra,beta=1.3,F23,10,25,3.1908632152e+02
extra,beta=1.5,F7,10,25,2.1457122771e+01
extra,beta=1.5,F8,10,25,7.9838883551e+00
extra,beta=1.5,F9,10,25,1.8338331263e+00
extra,beta=1.5,F10,10,25,2.6392113655e+02
extra,beta=1.3,F24,10,25,1.0525802477e+02
extra,beta=1.3,F25,10,25,4.0019806788e+02
extra,beta=1.3,F26,10,25,3.0011554127e+02
extra,beta=1.3,F27,10,25,3.9372474318e+02
extra,beta=1.5,F11,10,25,2.0431689350e+00
extra,beta=1.5,F12,10,25,2.2303599269e+06
extra,beta=1.5,F13,10,25,4.9339056574e+04
extra,beta=1.5,F14,10,25,1.1463502565e+02
extra,beta=1.3,F28,10,25,4.1755686957e+02
extra,beta=1.3,F29,10,25,2.9892795641e+02
extra,beta=1.3,F30,10,25,3.2930324214e+05
extra,beta=1.5,F1,10,25,2.0946410258e+04
extra,beta=1.5,F15,10,25,3.9293796918e+03
extra,beta=1.5,F16,10,25,2.0648578305e+00
extra,beta=1.5,F17,10,25,3.8116519550e+01
extra,beta=1.5,F18,10,25,2.0522158738e+04
extra,beta=1.9,F1,10,25,1.9743358426e+03
extra,beta=1.9,F3,10,25,5.0584001299e+02
extra,beta=1.9,F4,10,25,7.8208635705e+00
extra,beta=1.9,F5,10,25,1.4928805663e+01
extra,beta=1.5,F19,10,25,1.8232253577e+03
extra,beta=1.5,F20,10,25,2.6714765461e+01
extra,beta=1.5,F21,10,25,2.0537559987e+02
extra,beta=1.5,F22,10,25,1.0069074078e+02
extra,beta=1.9,F6,10,25,6.5016042690e-02
extra,beta=1.9,F7,10,25,2.4037927928e+01
extra,beta=1.9,F8,10,25,1.3960778498e+01
extra,beta=1.9,F9,10,25,9.4402082015e-02
extra,beta=1.5,F23,10,25,3.1326395890e+02
extra,beta=1.5,F24,10,25,1.0829466905e+02
extra,beta=1.5,F25,10,25,4.4598643960e+02
extra,beta=1.5,F26,10,25,3.0021122020e+02
extra,beta=1.9,F10,10,25,3.7414804251e+02
extra,beta=1.9,F11,10,25,9.6503425959e+00
extra,beta=1.9,F12,10,25,8.6023982858e+05
extra,beta=1.9,F13,10,25,3.6464089683e+03
extra,beta=1.9,F14,10,25,1.3632406087e+02
extra,beta=1.9,F15,10,25,4.1950432936e+03
extra,beta=1.9,F16,10,25,1.3942734157e+02
extra,beta=1.9,F17,10,25,3.9205192899e+01
extra,beta=1.5,F27,10,25,3.8988706447e+02
extra,beta=1.5,F28,10,25,3.7891476547e+02
extra,beta=1.5,F29,10,25,2.8227706550e+02
extra,beta=1.5,F30,10,25,1.8581781082e+06
extra,beta=1.9,F18,10,25,3.2527911094e+04
extra,beta=1.9,F19,10,25,4.9303159231e+02
extra,beta=1.9,F20,10,25,2.1282083022e+01
extra,beta=1.9,F21,10,25,2.1055933620e+02
extra,beta=1.9,F22,10,25,1.0041148049e+02
extra,beta=1.9,F23,10,25,3.3242753828e+02
extra,beta=1.9,F24,10,25,3.4389180161e+02
extra,beta=1.9,F25,10,25,4.4652730054e+02
extra,"stage=T/3,2T/3",F5,10,25,1.4929700139e+01
extra,"stage=T/3,2T/3",F6,10,25,2.9071339515e-01
extra,"stage=T/3,2T/3",F7,10,25,4.1463906523e+01
extra,"stage=T/3,2T/3",F8,10,25,1.4990652935e+01
extra,beta=1.9,F30,10,25,8.5126584951e+05
extra,"stage=T/3,2T/3",F1,10,25,6.1203063637e+03
extra,"stage=T/3,2T/3",F3,10,25,1.6610247100e+02
extra,"stage=T/3,2T/3",F4,10,25,7.6458456318e+00
extra,"stage=T/3,2T/3",F9,10,25,3.9141571848e+00
extra,"stage=T/3,2T/3",F10,10,25,9.9146319760e+02
extra,"stage=T/3,2T/3",F11,10,25,5.4115456276e+00
extra,"stage=T/3,2T/3",F12,10,25,9.0477883749e+05
extra,"stage=T/3,2T/3",F13,10,25,2.9252213634e+03
extra,"stage=T/3,2T/3",F14,10,25,2.1405472452e+02
extra,"stage=T/3,2T/3",F15,10,25,1.5181887361e+03
extra,"stage=T/3,2T/3",F16,10,25,1.4194957062e+01
extra,beta=1.9,F26,10,25,3.0008978902e+02
extra,beta=1.9,F27,10,25,3.9330167040e+02
extra,beta=1.9,F28,10,25,4.1615556905e+02
extra,beta=1.9,F29,10,25,2.6101337804e+02
extra,"stage=T/3,2T/3",F17,10,25,5.2767211943e+01
extra,"stage=T/3,2T/3",F18,10,25,2.9142390112e+04
extra,"stage=T/3,2T/3",F19,10,25,4.9477247913e+02
extra,"stage=T/3,2T/3",F20,10,25,2.4216843993e+01
extra,"stage=T/3,2T/3",F21,10,25,2.0999095231e+02
extra,"stage=T/3,2T/3",F22,10,25,1.0100548553e+02
extra,"stage=T/3,2T/3",F23,10,25,3.0750386292e+02
extra,"stage=T/3,2T/3",F24,10,25,3.2958445689e+02
extra,"stage=T/4,3T/4",F4,10,25,6.3646605648e+00
extra,"stage=T/4,3T/4",F5,10,25,2.2950458627e+01
extra,"stage=T/4,3T/4",F6,10,25,3.9818052912e-01
extra,"stage=T/4,3T/4",F7,10,25,2.6768271263e+01
extra,"stage=T/4,3T/4",F8,10,25,8.9585212977e+00
extra,"stage=T/4,3T/4",F9,10,25,1.0001231872e+00
extra,"stage=T/4,3T/4",F10,10,25,4.4082126101e+02
extra,"stage=T/4,3T/4",F11,10,25,7.1563012033e+00
extra,"stage=T/3,2T/3",F29,10,25,3.0600628916e+02
extra,"stage=T/3,2T/3",F30,10,25,9.5641656117e+05
extra,"stage=T/4,3T/4",F1,10,25,7.4353412849e+03
extra,"stage=T/4,3T/4",F3,10,25,2.6049077824e+02
extra,"stage=T/3,2T/3",F25,10,25,3.9995821081e+02
extra,"stage=T/3,2T/3",F26,10,25,3.0002478346e+02
extra,"stage=T/3,2T/3",F27,10,25,3.9598723746e+02
extra,"stage=T/3,2T/3",F28,10,25,4.1838459575e+02
extra,"stage=T/4,3T/4",F12,10,25,2.8303263054e+05
extra,"stage=T/4,3T/4",F13,10,25,1.6162625623e+03
extra,"stage=T/4,3T/4",F14,10,25,6.8772807556e+02
extra,"stage=T/4,3T/4",F15,10,25,1.7502046564e+03
extra,"stage=T/4,3T/4",F16,10,25,3.8908693545e+01
extra,"stage=T/4,3T/4",F17,10,25,3.8526215562e+01
extra,"stage=T/4,3T/4",F18,10,25,4.3840850174e+03
extra,"stage=T/4,3T/4",F19,10,25,3.5675677026e+02
extra,"stage=T/2,3T/4",F3,10,25,1.1455357630e+03
extra,"stage=T/2,3T/4",F4,10,25,5.1349073687e+00
extra,"stage=T/2,3T/4",F5,10,25,6.9837459674e+00
extra,"stage=T/2,3T/4",F6,10,25,5.0382139908e-01
extra,"stage=T/4,3T/4",F20,10,25,4.1864088805e+01
extra,"stage=T/4,3T/4",F21,10,25,2.2628356515e+02
extra,"stage=T/4,3T/4",F22,10,25,1.0109607719e+02
extra,"stage=T/4,3T/4",F23,10,25,3.2372453283e+02
extra,"stage=T/2,3T/4",F7,10,25,2.0337650247e+01
extra,"stage=T/2,3T/4",F8,10,25,9.9523289419e+00
extra,"stage=T/2,3T/4",F9,10,25,2.6289637710e-03
extra,"stage=T/2,3T/4",F10,10,25,5.8212295376e+02
extra,"stage=T/4,3T/4",F24,10,25,1.0167443411e+02
extra,"stage=T/4,3T/4",F25,10,25,4.4532435916e+02
extra,"stage=T/4,3T/4",F26,10,25,3.0066397629e+02
extra,"stage=T/4,3T/4",F27,10,25,3.9518512470e+02
extra,"stage=T/2,3T/4",F11,10,25,7.2532660156e+00
extra,"stage=T/2,3T/4",F12,10,25,3.6518306494e+06
extra,"stage=T/2,3T/4",F13,10,25,7.5698798351e+03
extra,"stage=T/2,3T/4",F14,10,25,3.4715358602e+02
extra,"stage=T/4,3T/4",F28,10,25,6.1182166624e+02
extra,"stage=T/4,3T/4",F29,10,25,2.7826358529e+02
extra,"stage=T/4,3T/4",F30,10,25,8.1966282530e+05
extra,"stage=T/2,3T/4",F1,10,25,1.8223394915e+04
extra,"stage=T/2,3T/4",F15,10,25,2.5872621169e+03
extra,"stage=T/2,3T/4",F16,10,25,1.3370394224e+02
extra,"stage=T/2,3T/4",F17,10,25,2.6738147321e+01
extra,"stage=T/2,3T/4",F18,10,25,1.7719642778e+04
extra,"stage=T/5,4T/5",F1,10,25,4.6269505596e+03
extra,"stage=T/5,4T/5",F3,10,25,5.6024140422e+01
extra,"stage=T/5,4T/5",F4,10,25,6.2577283431e+00
extra,"stage=T/5,4T/5",F5,10,25,1.2968369487e+01
extra,"stage=T/2,3T/4",F19,10,25,1.1318808469e+03
extra,"stage=T/2,3T/4",F20,10,25,3.8736299678e+00
extra,"stage=T/2,3T/4",F21,10,25,2.1275893814e+02
extra,"stage=T/2,3T/4",F22,10,25,1.0238390621e+02
extra,"stage=T/5,4T/5",F6,10,25,1.1418201314e-02
extra,"stage=T/5,4T/5",F7,10,25,3.3711135068e+01
extra,"stage=T/5,4T/5",F8,10,25,1.4052317542e+01
extra,"stage=T/5,4T/5",F9,10,25,9.7405545862e-01
extra,"stage=T/2,3T/4",F23,10,25,3.2208323741e+02
extra,"stage=T/2,3T/4",F24,10,25,1.0520306442e+02
extra,"stage=T/2,3T/4",F25,10,25,3.9859585941e+02
extra,"stage=T/2,3T/4",F26,10,25,3.0020009738e+02
extra,"stage=T/5,4T/5",F10,10,25,1.1326770133e+03
extra,"stage=T/5,4T/5",F11,10,25,5.0132103669e+00
extra,"stage=T/5,4T/5",F12,10,25,1.0373755574e+05
extra,"stage=T/5,4T/5",F13,10,25,1.4391434412e+04
extra,"stage=T/5,4T/5",F14,10,25,3.3631867184e+02
extra,"stage=T/5,4T/5",F15,10,25,2.9836935933e+03
extra,"stage=T/5,4T/5",F16,10,25,4.3238755167e+01
extra,"stage=T/5,4T/5",F17,10,25,4.9178721192e+00
extra,"stage=T/2,3T/4",F27,10,25,3.9598666958e+02
extra,"stage=T/2,3T/4",F28,10,25,5.8381712863e+02
extra,"stage=T/2,3T/4",F29,10,25,2.6458509139e+02
extra,"stage=T/2,3T/4",F30,10,25,4.6117405431e+06
extra,"stage=T/5,4T/5",F18,10,25,2.2046147136e+03
extra,"stage=T/5,4T/5",F19,10,25,7.7673382725e+02
extra,"stage=T/5,4T/5",F20,10,25,2.6841604710e+01
extra,"stage=T/5,4T/5",F21,10,25,2.1034065466e+02
extra,"k: nu=1/2,mu=10",F5,10,25,8.0262887939e+00
extra,"k: nu=1/2,mu=10",F6,10,25,1.0376613334e-01
extra,"k: nu=1/2,mu=10",F7,10,25,2.9331556308e+01
extra,"k: nu=1/2,mu=10",F8,10,25,2.4014740357e+01
extra,"stage=T/5,4T/5",F22,10,25,1.0514268867e+02
extra,"stage=T/5,4T/5",F23,10,25,3.1370861054e+02
extra,"stage=T/5,4T/5",F24,10,25,3.4295719392e+02
extra,"stage=T/5,4T/5",F25,10,25,3.9964431014e+02
extra,"stage=T/5,4T/5",F30,10,25,9.4631731257e+05
extra,"k: nu=1/2,mu=10",F1,10,25,1.4376972167e+03
extra,"k: nu=1/2,mu=10",F3,10,25,9.2436993819e+01
extra,"k: nu=1/2,mu=10",F4,10,25,6.1172740368e+00
extra,"k: nu=1/2,mu=10",F9,10,25,3.0621682754e-02
extra,"k: nu=1/2,mu=10",F10,10,25,4.7825975374e+02
extra,"k: nu=1/2,mu=10",F11,10,25,1.4036807445e+01
extra,"k: nu=1/2,mu=10",F12,10,25,5.1019241218e+04
extra,"k: nu=1/2,mu=10",F13,10,25,5.9152911425e+03
extra,"k: nu=1/2,mu=10",F14,10,25,2.9266049822e+02
extra,"k: nu=1/2,mu=10",F15,10,25,6.5251395488e+02
extra,"k: nu=1/2,mu=10",F16,10,25,4.5616188482e+00
extra,"stage=T/5,4T/5",F26,10,25,3.0000718456e+02
extra,"stage=T/5,4T/5",F27,10,25,3.9163455981e+02
extra,"stage=T/5,4T/5",F28,10,25,4.1758879112e+02
extra,"stage=T/5,4T/5",F29,10,25,3.0186747251e+02
extra,"k: nu=1/2,mu=10",F17,10,25,2.8315631071e+01
extra,"k: nu=1/2,mu=10",F18,10,25,3.8816660343e+03
extra,"k: nu=1/2,mu=10",F19,10,25,1.2063106211e+03
extra,"k: nu=1/2,mu=10",F20,10,25,3.1102871656e+01
extra,"k: nu=1,mu=10",F4,10,25,5.5370606874e+00
extra,"k: nu=1,mu=10",F5,10,25,1.6939078399e+01
extra,"k: nu=1,mu=10",F6,10,25,4.1773028047e-01
extra,"k: nu=1,mu=10",F7,10,25,2.1525667020e+01
extra,"k: nu=1/2,mu=10",F21,10,25,1.0459077092e+02
extra,"k: nu=1/2,mu=10",F22,10,25,1.0060434755e+02
extra,"k: nu=1/2,mu=10",F23,10,25,3.1567774199e+02
extra,"k: nu=1/2,mu=10",F24,10,25,3.4392785363e+02
extra,"k: nu=1,mu=10",F8,10,25,1.4937568668e+01
extra,"k: nu=1,mu=10",F9,10,25,1.5485172539e-03
extra,"k: nu=1,mu=10",F10,10,25,2.8324360556e+02
extra,"k: nu=1,mu=10",F11,10,25,8.9139586997e+00
extra,"k: nu=1/2,mu=10",F25,10,25,3.9977974330e+02
extra,"k: nu=1/2,mu=10",F26,10,25,3.0001899636e+02
extra,"k: nu=1/2,mu=10",F27,10,25,3.9777260334e+02
extra,"k: nu=1/2,mu=10",F28,10,25,4.1949699834e+02
extra,"k: nu=1/2,mu=10",F29,10,25,2.3968424236e+02
extra,"k: nu=1/2,mu=10",F30,10,25,8.4555602601e+04
extra,"k: nu=1,mu=10",F1,10,25,7.8898937226e+02
extra,"k: nu=1,mu=10",F3,10,25,1.6247506605e+02
extra,"k: nu=1,mu=10",F12,10,25,1.7366092947e+05
extra,"k: nu=1,mu=10",F13,10,25,3.0329777893e+03
extra,"k: nu=1,mu=10",F14,10,25,1.7229650519e+02
extra,"k: nu=1,mu=10",F15,10,25,8.8658292619e+02
extra,"k: nu=1,mu=10",F16,10,25,2.1115127664e+00
extra,"k: nu=1,mu=10",F17,10,25,3.1592482512e+01
extra,"k: nu=1,mu=10",F18,10,25,7.2415767104e+03
extra,"k: nu=1,mu=10",F19,10,25,7.3595858524e+02
extra,"k: nu=1,mu=10",F20,10,25,7.4157282670e+00
extra,"k: nu=1,mu=10",F21,10,25,1.0358887598e+02
extra,"k: nu=1,mu=10",F22,10,25,1.0471969142e+02
extra,"k: nu=1,mu=10",F23,10,25,3.0906485369e+02
extra,"k: nu=1/2,mu=5",F3,10,25,2.0877753130e+02
extra,"k: nu=1/2,mu=5",F4,10,25,6.7835406758e+00
extra,"k: nu=1/2,mu=5",F5,10,25,8.0649377161e+00
extra,"k: nu=1/2,mu=5",F6,10,25,8.9818071340e-02
extra,"k: nu=1,mu=10",F24,10,25,1.0233559041e+02
extra,"k: nu=1,mu=10",F25,10,25,4.4436858490e+02
extra,"k: nu=1,mu=10",F26,10,25,3.0012334992e+02
extra,"k: nu=1,mu=10",F27,10,25,3.9164310541e+02
extra,"k: nu=1/2,mu=5",F7,10,25,1.9340769162e+01
extra,"k: nu=1/2,mu=5",F8,10,25,1.3931164941e+01
extra,"k: nu=1/2,mu=5",F9,10,25,4.6225235475e-01
extra,"k: nu=1/2,mu=5",F10,10,25,1.1290642175e+03
extra,"k: nu=1,mu=10",F28,10,25,4.1907681847e+02
extra,"k: nu=1,mu=10",F29,10,25,2.9251903441e+02
extra,"k: nu=1,mu=10",F30,10,25,5.7353506490e+04
extra,"k: nu=1/2,mu=5",F1,10,25,4.1227439114e+04
extra,"k: nu=1/2,mu=5",F11,10,25,3.8731630921e+00
extra,"k: nu=1/2,mu=5",F12,10,25,1.7415556595e+06
extra,"k: nu=1/2,mu=5",F13,10,25,4.2142855909e+03
extra,"k: nu=1/2,mu=5",F14,10,25,2.0596135420e+02
extra,"k: nu=1/2,mu=5",F15,10,25,4.0310527517e+02
extra,"k: nu=1/2,mu=5",F16,10,25,2.3187125779e+00
extra,"k: nu=1/2,mu=5",F17,10,25,2.5461071678e+01
extra,"k: nu=1/2,mu=5",F18,10,25,2.1647248993e+04
extra,"k: nu=1/2,mu=5",F19,10,25,5.3254720965e+03
extra,"k: nu=1/2,mu=5",F20,10,25,3.5238125388e+01
extra,"k: nu=1/2,mu=5",F21,10,25,1.0596547811e+02
extra,"k: nu=1/2,mu=5",F22,10,25,1.0008614081e+02
extra,"k: nu=1/2,mu=20",F1,10,25,2.0477694196e+04
extra,"k: nu=1/2,mu=20",F3,10,25,2.9591337523e+01
extra,"k: nu=1/2,mu=20",F4,10,25,5.7187967440e+00
extra,"k: nu=1/2,mu=20",F5,10,25,1.2352954918e+01
extra,"k: nu=1/2,mu=20",F6,10,25,1.9959794896e+00
extra,"k: nu=1/2,mu=20",F7,10,25,2.6365423192e+01
extra,"k: nu=1/2,mu=20",F8,10,25,2.0907273836e+01
extra,"k: nu=1/2,mu=20",F9,10,25,5.4635935998e-01
extra,"k: nu=1/2,mu=5",F23,10,25,3.2381640164e+02
extra,"k: nu=1/2,mu=5",F24,10,25,1.0131893841e+02
extra,"k: nu=1/2,mu=5",F25,10,25,4.4394352551e+02
extra,"k: nu=1/2,mu=5",F26,10,25,3.0012884964e+02
extra,"k: nu=1/2,mu=20",F10,10,25,8.8315675392e+02
extra,"k: nu=1/2,mu=20",F11,10,25,5.0838040885e+00
extra,"k: nu=1/2,mu=20",F12,10,25,8.0629743493e+05
extra,"k: nu=1/2,mu=20",F13,10,25,2.1959096473e+04
extra,"k: nu=1/2,mu=20",F14,10,25,2.7079770699e+02
extra,"k: nu=1/2,mu=20",F15,10,25,2.1850137956e+03
extra,"k: nu=1/2,mu=20",F16,10,25,1.3332594495e+01
extra,"k: nu=1/2,mu=20",F17,10,25,4.8195939306e+01
extra,"k: nu=1/2,mu=5",F27,10,25,3.9065659645e+02
extra,"k: nu=1/2,mu=5",F28,10,25,5.8374736898e+02
extra,"k: nu=1/2,mu=5",F29,10,25,2.5577371606e+02
extra,"k: nu=1/2,mu=5",F30,10,25,7.1791927423e+05
extra,"k: nu=1/2,mu=20",F18,10,25,3.3708462957e+03
extra,"k: nu=1/2,mu=20",F19,10,25,5.2569285136e+02
extra,"k: nu=1/2,mu=20",F20,10,25,2.4119617678e+00
extra,"k: nu=1/2,mu=20",F21,10,25,2.0957587420e+02
extra,"k: nu=1/2,mu=20",F22,10,25,1.0093307414e+02
extra,"k: nu=1/2,mu=20",F23,10,25,3.1649806021e+02
extra,"k: nu=1/2,mu=20",F24,10,25,3.4307593437e+02
extra,"k: nu=1/2,mu=20",F25,10,25,4.4396204950e+02
extra,k=1 (plain OBL),F5,10,25,1.9805202998e+01
extra,k=1 (plain OBL),F6,10,25,6.9203389466e-01
extra,k=1 (plain OBL),F7,10,25,2.2893243179e+01
extra,k=1 (plain OBL),F8,10,25,9.2483262252e+00
extra,"k: nu=1/2,mu=20",F30,10,25,7.0792374324e+05
extra,k=1 (plain OBL),F1,10,25,2.5464264500e+03
extra,k=1 (plain OBL),F3,10,25,4.9648467176e+02
extra,k=1 (plain OBL),F4,10,25,3.3130684759e+00
extra,k=1 (plain OBL),F9,10,25,6.5226567249e-01
extra,k=1 (plain OBL),F10,10,25,7.8562361765e+02
extra,k=1 (plain OBL),F11,10,25,5.5761609439e+00
extra,k=1 (plain OBL),F12,10,25,1.7293353041e+06
extra,k=1 (plain OBL),F13,10,25,1.1344443687e+03
extra,k=1 (plain OBL),F14,10,25,1.2091996611e+02
extra,k=1 (plain OBL),F15,10,25,3.1922198007e+03
extra,k=1 (plain OBL),F16,10,25,2.0109737750e+01
extra,"k: nu=1/2,mu=20",F26,10,25,3.0024891867e+02
extra,"k: nu=1/2,mu=20",F27,10,25,3.8956285239e+02
extra,"k: nu=1/2,mu=20",F28,10,25,4.1738807440e+02
extra,"k: nu=1/2,mu=20",F29,10,25,2.5080252760e+02
extra,k=1 (plain OBL),F17,10,25,2.6015280297e+01
extra,k=1 (plain OBL),F18,10,25,9.0000954123e+03
extra,k=1 (plain OBL),F19,10,25,1.3652194828e+03
extra,k=1 (plain OBL),F20,10,25,4.2778571163e+01
extra,k=1 (plain OBL),F21,10,25,1.0346841015e+02
extra,k=1 (plain OBL),F22,10,25,1.0078939334e+02
extra,k=1 (plain OBL),F23,10,25,3.1911697511e+02
extra,k=1 (plain OBL),F24,10,25,1.0276415092e+02
extra,N=10,F4,10,26,8.0460367482e+00
extra,N=10,F5,10,26,1.7993386047e+01
extra,N=10,F6,10,26,1.7879531285e+00
extra,N=10,F7,10,26,3.2267393140e+01
extra,k=1 (plain OBL),F25,10,25,3.9869071405e+02
extra,k=1 (plain OBL),F26,10,25,3.0015229982e+02
extra,k=1 (plain OBL),F27,10,25,3.9036541927e+02
extra,k=1 (plain OBL),F28,10,25,6.1182646565e+02
extra,k=1 (plain OBL),F29,10,25,2.8151321135e+02
extra,k=1 (plain OBL),F30,10,25,1.7803360057e+06
extra,N=10,F1,10,26,2.2905575917e+03
extra,N=10,F3,10,26,1.0485493259e+02
extra,N=10,F8,10,26,2.0894224353e+01
extra,N=10,F9,10,26,1.4281601976e+00
extra,N=10,F10,10,26,5.1239779090e+02
extra,N=10,F11,10,26,5.3731201061e+01
extra,N=10,F12,10,26,4.7620406123e+05
extra,N=10,F13,10,26,7.9949143063e+02
extra,N=10,F14,10,26,1.4287272897e+02
extra,N=10,F15,10,26,9.9394882238e+03
extra,N=10,F16,10,26,1.3872507129e+02
extra,N=10,F17,10,26,6.6965231341e+01
extra,N=10,F18,10,26,4.9043573225e+03
extra,N=10,F19,10,26,2.9950265868e+02
extra,N=20,F3,10,26,3.7434539417e+02
extra,N=20,F4,10,26,2.9912986646e+00
extra,N=20,F5,10,26,9.9679503091e+00
extra,N=20,F6,10,26,2.3500825067e-01
extra,N=10,F20,10,26,2.7468242977e+01
extra,N=10,F21,10,26,1.0427777507e+02
extra,N=10,F22,10,26,1.0158595862e+02
extra,N=10,F23,10,26,3.1767207520e+02
extra,N=20,F7,10,26,2.8467448429e+01
extra,N=20,F8,10,26,4.9880332909e+00
extra,N=20,F9,10,26,2.6976432148e-03
extra,N=20,F10,10,26,6.9534147206e+02
extra,N=20,F11,10,26,9.6804821787e+00
extra,N=20,F12,10,26,1.8801061226e+06
extra,N=20,F13,10,26,1.2546513896e+04
extra,N=20,F14,10,26,1.4831876087e+02
extra,N=10,F24,10,26,3.5006437123e+02
extra,N=10,F25,10,26,4.4636065014e+02
extra,N=10,F26,10,26,4.5147242160e+02
extra,N=10,F27,10,26,3.9166849188e+02
extra,N=20,F15,10,26,3.9517641718e+03
extra,N=20,F16,10,26,1.3863288615e+01
extra,N=20,F17,10,26,2.2506916917e+01
extra,N=20,F18,10,26,2.6969998457e+04
extra,N=20,F19,10,26,2.7956724046e+03
extra,N=20,F20,10,26,3.6061051356e+01
extra,N=20,F21,10,26,2.0938578452e+02
extra,N=20,F22,10,26,1.0119123796e+02
extra,N=10,F28,10,26,5.8377003977e+02
extra,N=10,F29,10,26,3.4549678250e+02
extra,N=10,F30,10,26,1.7784872847e+05
extra,N=20,F1,10,26,2.3047261441e+03
extra,N=50,F1,10,26,1.1136159849e+05
extra,N=50,F3,10,26,5.1982231902e+02
extra,N=50,F4,10,26,5.8970144288e+00
extra,N=50,F5,10,26,2.9289957390e+01
extra,N=50,F6,10,26,1.6978720253e-01
extra,N=50,F7,10,26,2.3593625365e+01
extra,N=50,F8,10,26,1.2984499784e+01
extra,N=50,F9,10,26,1.3974168635e-02
extra,N=50,F10,10,26,6.8189963414e+02
extra,N=50,F11,10,26,1.5036986558e+01
extra,N=50,F12,10,26,5.9131699597e+05
extra,N=50,F13,10,26,4.2670430606e+03
extra,N=20,F23,10,26,3.1382900268e+02
extra,N=20,F24,10,26,2.9028093298e-01
extra,N=20,F25,10,26,3.9964243322e+02
extra,N=20,F26,10,26,3.0018317730e+02
extra,N=50,F14,10,26,3.9820515960e+02
extra,N=50,F15,10,26,9.1905719667e+02
extra,N=50,F16,10,26,4.0788410384e+01
extra,N=50,F17,10,26,4.1420503880e+01
extra,N=50,F18,10,26,3.5309682978e+04
extra,N=50,F19,10,26,1.0720174636e+02
extra,N=50,F20,10,26,2.5722402683e+01
extra,N=50,F21,10,26,1.0380796488e+02
extra,N=50,F30,10,26,8.5558333571e+05
extra,N=100,F1,10,26,3.7652886592e+05
extra,N=100,F3,10,26,6.6358743475e+02
extra,N=100,F4,10,26,7.8217016411e+00
extra,N=50,F22,10,26,1.0104828272e+02
extra,N=50,F23,10,26,3.2563818735e+02
extra,N=50,F24,10,26,1.0303704563e+02
extra,N=50,F25,10,26,4.4393918710e+02
extra,N=100,F5,10,26,1.4569134594e+01
extra,N=100,F6,10,26,1.4645894297e+00
extra,N=100,F7,10,26,1.5015729576e+01
extra,N=100,F8,10,26,1.8132448830e+01
extra,N=20,F27,10,26,3.9436678376e+02
extra,N=20,F28,10,26,3.7618157678e+02
extra,N=20,F29,10,26,2.8175015414e+02
extra,N=20,F30,10,26,8.7344059056e+05
extra,N=100,F9,10,26,5.6388894681e-01
extra,N=100,F10,10,26,9.6459273839e+02
extra,N=100,F11,10,26,1.5349817425e+01
extra,N=100,F12,10,26,5.3132360255e+06
extra,N=100,F13,10,26,6.5645754154e+02
extra,N=100,F14,10,26,2.6437963974e+02
extra,N=100,F15,10,26,2.5553118269e+03
extra,N=100,F16,10,26,2.6325276961e+02
extra,N=100,F17,10,26,5.2002094685e+01
extra,N=100,F18,10,26,1.6365493669e+03
extra,N=100,F19,10,26,6.4765445798e+03
extra,N=100,F20,10,26,3.5460354439e+01
extra,N=50,F26,10,26,3.0750972055e+02
extra,N=50,F27,10,26,3.8956695858e+02
extra,N=50,F28,10,26,3.9895965433e+02
extra,N=50,F29,10,26,2.7180793817e+02
extra,N=100,F21,10,26,1.0605322263e+02
extra,N=100,F22,10,26,1.0260886264e+02
extra,N=100,F23,10,26,3.1531763575e+02
extra,N=100,F24,10,26,3.3432540245e+02
extra,beta=1.1,F4,10,26,6.2547308149e+00
extra,beta=1.1,F5,10,26,1.1039822356e+01
extra,beta=1.1,F6,10,26,1.7582629048e+00
extra,beta=1.1,F7,10,26,1.6344698197e+01
extra,N=100,F25,10,26,4.0437607415e+02
extra,N=100,F26,10,26,3.4734250844e+02
extra,N=100,F27,10,26,3.9463587275e+02
extra,N=100,F28,10,26,6.1183021965e+02
extra,N=100,F29,10,26,2.7821686181e+02
extra,N=100,F30,10,26,5.2170424963e+04
extra,beta=1.1,F1,10,26,1.8140445927e+02
extra,beta=1.1,F3,10,26,9.8695123104e+01
extra,beta=1.1,F8,10,26,5.9838888344e+00
extra,beta=1.1,F9,10,26,1.4217314937e-01
extra,beta=1.1,F10,10,26,6.3317190434e+02
extra,beta=1.1,F11,10,26,9.6564716156e+00
extra,beta=1.1,F12,10,26,1.2845382118e+05
extra,beta=1.1,F13,10,26,2.5367441265e+03
extra,beta=1.1,F14,10,26,3.6709908404e+02
extra,beta=1.1,F15,10,26,8.9119871954e+02
extra,beta=1.1,F16,10,26,1.2500889281e+02
extra,beta=1.1,F17,10,26,6.3550496680e+01
extra,beta=1.1,F18,10,26,2.1367109510e+03
extra,beta=1.1,F19,10,26,2.0569701082e+02
extra,beta=1.3,F3,10,26,4.0240758968e+02
extra,beta=1.3,F4,10,26,7.2098478029e+00
extra,beta=1.3,F5,10,26,1.3933290782e+01
extra,beta=1.3,F6,10,26,1.4927603168e-01
extra,beta=1.1,F20,10,26,2.8290053114e+01
extra,beta=1.1,F21,10,26,2.1300407480e+02
extra,beta=1.1,F22,10,26,1.0468170601e+02
extra,beta=1.1,F23,10,26,3.1241245428e+02
extra,beta=1.3,F7,10,26,2.0595180299e+01
extra,beta=1.3,F8,10,26,1.0945215590e+01
extra,beta=1.3,F9,10,26,2.1557730832e-02
extra,beta=1.3,F10,10,26,9.6710521967e+02
extra,beta=1.3,F11,10,26,1.0075576971e+01
extra,beta=1.3,F12,10,26,1.7689163001e+06
extra,beta=1.3,F13,10,26,1.7925589980e+03
extra,beta=1.3,F14,10,26,2.0948012396e+02
extra,beta=1.1,F24,10,26,3.4712105629e+02
extra,beta=1.1,F25,10,26,4.4450095359e+02
extra,beta=1.1,F26,10,26,3.0075039867e+02
extra,beta=1.1,F27,10,26,3.9062790294e+02
extra,beta=1.1,F28,10,26,6.1182167339e+02
extra,beta=1.1,F29,10,26,2.4930758783e+02
extra,beta=1.1,F30,10,26,1.7233026393e+06
extra,beta=1.3,F1,10,26,3.7605565284e+03
extra,beta=1.3,F15,10,26,5.8797603057e+02
extra,beta=1.3,F16,10,26,4.1677158663e+01
extra,beta=1.3,F17,10,26,4.6380415570e+01
extra,beta=1.3,F18,10,26,3.7857771217e+04
extra,beta=1.5,F1,10,26,2.0260064833e+03
extra,beta=1.5,F3,10,26,1.3084033003e+02
extra,beta=1.5,F4,10,26,7.2676753143e+00
extra,beta=1.5,F5,10,26,1.2979439603e+01
extra,beta=1.3,F19,10,26,9.7226308317e+01
extra,beta=1.3,F20,10,26,8.0536160904e+00
extra,beta=1.3,F21,10,26,1.0382128800e+02
extra,beta=1.3,F22,10,26,1.0214844360e+02
extra,beta=1.5,F6,10,26,9.9102400113e-01
extra,beta=1.5,F7,10,26,1.5430922973e+01
extra,beta=1.5,F8,10,26,9.9504614849e+00
extra,beta=1.5,F9,10,26,5.4271071565e-04
extra,beta=1.3,F23,10,26,3.1411461273e+02
extra,beta=1.3,F24,10,26,3.4299086343e+02
extra,beta=1.3,F25,10,26,3.9922296776e+02
extra,beta=1.3,F26,10,26,3.0013349724e+02
extra,beta=1.5,F10,10,26,7.9931810915e+02
extra,beta=1.5,F11,10,26,1.5232052911e+01
extra,beta=1.5,F12,10,26,5.8548323211e+04
extra,beta=1.5,F13,10,26,1.2571114615e+04
extra,beta=1.3,F27,10,26,3.9432828566e+02
extra,beta=1.3,F28,10,26,3.6907094211e+02
extra,beta=1.3,F29,10,26,2.7493224779e+02
extra,beta=1.3,F30,10,26,7.4306999392e+05
extra,beta=1.5,F14,10,26,1.9947199253e+02
extra,beta=1.5,F15,10,26,7.1437678727e+02
extra,beta=1.5,F16,10,26,1.8646021746e+00
extra,beta=1.5,F17,10,26,5.6242136095e+01
extra,beta=1.5,F18,10,26,4.2538468096e+03
extra,beta=1.5,F19,10,26,7.6601332211e+02
extra,beta=1.5,F20,10,26,2.8301528519e+01
extra,beta=1.5,F21,10,26,2.1295239364e+02
extra,beta=1.9,F5,10,26,1.2951338438e+01
extra,beta=1.9,F6,10,26,3.6041513028e-01
extra,beta=1.9,F7,10,26,2.3960750825e+01
extra,beta=1.9,F8,10,26,1.7328166440e+01
extra,beta=1.5,F30,10,26,1.0455206844e+06
extra,beta=1.9,F1,10,26,6.0467439131e+02
extra,beta=1.9,F3,10,26,1.8558556517e+03
extra,beta=1.9,F4,10,26,6.0610290377e+00
extra,beta=1.5,F22,10,26,1.0207031205e+02
extra,beta=1.5,F23,10,26,3.2656046160e+02
extra,beta=1.5,F24,10,26,1.2275457001e+02
extra,beta=1.5,F25,10,26,4.0121418839e+02
extra,beta=1.9,F9,10,26,6.7215802989e-03
extra,beta=1.9,F10,10,26,5.9627409872e+02
extra,beta=1.9,F11,10,26,7.9748835456e+00
extra,beta=1.9,F12,10,26,2.1973832188e+06
extra,beta=1.9,F13,10,26,7.7969432298e+03
extra,beta=1.9,F14,10,26,2.7907487497e+02
extra,beta=1.9,F15,10,26,4.8233936809e+03
extra,beta=1.9,F16,10,26,1.6642524265e+00
extra,beta=1.5,F26,10,26,3.3397455998e+02
extra,beta=1.5,F27,10,26,3.9236340383e+02
extra,beta=1.5,F28,10,26,4.1857610686e+02
extra,beta=1.5,F29,10,26,2.5201946499e+02
extra,beta=1.9,F17,10,26,2.0075393388e+01
extra,beta=1.9,F18,10,26,4.0329283039e+04
extra,beta=1.9,F19,10,26,4.0171272062e+02
extra,beta=1.9,F20,10,26,3.7154137540e+01
extra,"stage=T/3,2T/3",F4,10,26,3.8244872249e+00
extra,"stage=T/3,2T/3",F5,10,26,4.9877316329e+00
extra,"stage=T/3,2T/3",F6,10,26,1.0189943497e+00
extra,"stage=T/3,2T/3",F7,10,26,1.8436184338e+01
extra,"stage=T/3,2T/3",F8,10,26,1.2942295429e+01
extra,"stage=T/3,2T/3",F9,10,26,4.5996316071e-03
extra,"stage=T/3,2T/3",F10,10,26,3.6666291219e+02
extra,"stage=T/3,2T/3",F11,10,26,1.3026074273e+01
extra,beta=1.9,F21,10,26,1.0458956735e+02
extra,beta=1.9,F22,10,26,1.0233513760e+02
extra,beta=1.9,F23,10,26,3.1609648458e+02
extra,beta=1.9,F24,10,26,3.4318729096e+02
extra,beta=1.9,F29,10,26,2.8382690896e+02
extra,beta=1.9,F30,10,26,5.6616663016e+04
extra,"stage=T/3,2T/3",F1,10,26,5.5895709031e+03
extra,"stage=T/3,2T/3",F3,10,26,8.3140960851e+01
extra,beta=1.9,F25,10,26,3.9971109742e+02
extra,beta=1.9,F26,10,26,3.0014983289e+02
extra,beta=1.9,F27,10,26,3.9508037256e+02
extra,beta=1.9,F28,10,26,4.1758906359e+02
extra,"stage=T/3,2T/3",F12,10,26,5.3966397816e+06
extra,"stage=T/3,2T/3",F13,10,26,4.7354950227e+03
extra,"stage=T/3,2T/3",F14,10,26,1.9053055666e+02
extra,"stage=T/3,2T/3",F15,10,26,1.5478523986e+03
extra,"stage=T/3,2T/3",F16,10,26,3.5155655456e+00
extra,"stage=T/3,2T/3",F17,10,26,4.2865482095e+01
extra,"stage=T/3,2T/3",F18,10,26,2.2533621882e+03
extra,"stage=T/3,2T/3",F19,10,26,8.8430491156e+01
extra,"stage=T/4,3T/4",F3,10,26,2.9977577045e+02
extra,"stage=T/4,3T/4",F4,10,26,7.5769026885e+00
extra,"stage=T/4,3T/4",F5,10,26,1.1083812486e+01
extra,"stage=T/4,3T/4",F6,10,26,5.8605889672e-01
extra,"stage=T/3,2T/3",F20,10,26,3.6784129652e+01
extra,"stage=T/3,2T/3",F21,10,26,1.0972870598e+02
extra,"stage=T/3,2T/3",F22,10,26,1.0053524291e+02
extra,"stage=T/3,2T/3",F23,10,26,3.0645692185e+02
extra,"stage=T/4,3T/4",F7,10,26,2.1239169520e+01
extra,"stage=T/4,3T/4",F8,10,26,7.2972086380e+00
extra,"stage=T/4,3T/4",F9,10,26,2.4712504261e-03
extra,"stage=T/4,3T/4",F10,10,26,1.1784990335e+03
extra,"stage=T/3,2T/3",F24,10,26,3.4540968249e+02
extra,"stage=T/3,2T/3",F25,10,26,3.9976238966e+02
extra,"stage=T/3,2T/3",F26,10,26,3.0021112495e+02
extra,"stage=T/3,2T/3",F27,10,26,3.9352192368e+02
extra,"stage=T/4,3T/4",F11,10,26,7.3658177273e+00
extra,"stage=T/4,3T/4",F12,10,26,1.1092637237e+06
extra,"stage=T/4,3T/4",F13,10,26,1.3451141010e+04
extra,"stage=T/4,3T/4",F14,10,26,2.2736153409e+02
extra,"stage=T/3,2T/3",F28,10,26,4.1933746944e+02
extra,"stage=T/3,2T/3",F29,10,26,2.5264341051e+02
extra,"stage=T/3,2T/3",F30,10,26,3.4142804545e+05
extra,"stage=T/4,3T/4",F1,10,26,8.0434736164e+01
extra,"stage=T/4,3T/4",F15,10,26,6.0930329814e+02
extra,"stage=T/4,3T/4",F16,10,26,1.2396120234e+02
extra,"stage=T/4,3T/4",F17,10,26,4.2174519862e+01
extra,"stage=T/4,3T/4",F18,10,26,1.8093240837e+04
extra,"stage=T/2,3T/4",F1,10,26,4.2841853162e+05
extra,"stage=T/2,3T/4",F3,10,26,6.4208761317e+02
extra,"stage=T/2,3T/4",F4,10,26,4.8293115807e+00
extra,"stage=T/2,3T/4",F5,10,26,1.0464695664e+01
extra,"stage=T/4,3T/4",F19,10,26,2.4884063908e+02
extra,"stage=T/4,3T/4",F20,10,26,2.6846216968e+01
extra,"stage=T/4,3T/4",F21,10,26,2.1442816971e+02
extra,"stage=T/4,3T/4",F22,10,26,1.0100313221e+02
extra,"stage=T/2,3T/4",F6,10,26,7.9071704447e-01
extra,"stage=T/2,3T/4",F7,10,26,3.8171773309e+01
extra,"stage=T/2,3T/4",F8,10,26,1.1111494844e+01
extra,"stage=T/2,3T/4",F9,10,26,1.4847900886e-03
extra,"stage=T/4,3T/4",F23,10,26,3.0999506103e+02
extra,"stage=T/4,3T/4",F24,10,26,3.4451754781e+02
extra,"stage=T/4,3T/4",F25,10,26,4.4396170573e+02
extra,"stage=T/4,3T/4",F26,10,26,3.0008501091e+02
extra,"stage=T/2,3T/4",F10,10,26,1.0102821094e+03
extra,"stage=T/2,3T/4",F11,10,26,4.3452094306e+00
extra,"stage=T/2,3T/4",F12,10,26,3.1992071627e+06
extra,"stage=T/2,3T/4",F13,10,26,3.2901724768e+03
extra,"stage=T/2,3T/4",F14,10,26,1.6520513963e+02
extra,"stage=T/2,3T/4",F15,10,26,1.2528303492e+03
extra,"stage=T/2,3T/4",F16,10,26,2.9237777595e+00
extra,"stage=T/2,3T/4",F17,10,26,3.9845601277e+01
extra,"stage=T/2,3T/4",F18,10,26,4.1878559852e+03
extra,"stage=T/2,3T/4",F19,10,26,2.7064149155e+03
extra,"stage=T/2,3T/4",F20,10,26,4.4696848928e+01
extra,"stage=T/2,3T/4",F21,10,26,2.1032150819e+02
extra,"stage=T/4,3T/4",F27,10,26,3.9628390058e+02
extra,"stage=T/4,3T/4",F28,10,26,6.1182166593e+02
extra,"stage=T/4,3T/4",F29,10,26,2.4617920380e+02
extra,"stage=T/4,3T/4",F30,10,26,5.0172182577e+04
extra,"stage=T/5,4T/5",F5,10,26,9.0103466375e+00
extra,"stage=T/5,4T/5",F6,10,26,4.9769821453e-01
extra,"stage=T/5,4T/5",F7,10,26,1.6410057178e+01
extra,"stage=T/5,4T/5",F8,10,26,1.1958865823e+01
extra,"stage=T/2,3T/4",F22,10,26,1.0106777533e+02
extra,"stage=T/2,3T/4",F23,10,26,3.2533273426e+02
extra,"stage=T/2,3T/4",F24,10,26,3.4329381928e+02
extra,"stage=T/2,3T/4",F25,10,26,4.0048768119e+02
extra,"stage=T/2,3T/4",F30,10,26,1.9286839858e+05
extra,"stage=T/5,4T/5",F1,10,26,9.4188567440e+01
extra,"stage=T/5,4T/5",F3,10,26,3.1888338564e+02
extra,"stage=T/5,4T/5",F4,10,26,6.1601702895e+00
extra,"stage=T/5,4T/5",F9,10,26,2.0070304186e-04
extra,"stage=T/5,4T/5",F10,10,26,3.7120342948e+02
extra,"stage=T/5,4T/5",F11,10,26,3.4486846762e+00
extra,"stage=T/5,4T/5",F12,10,26,1.9548795606e+04
extra,"stage=T/5,4T/5",F13,10,26,3.2207735260e+02
extra,"stage=T/5,4T/5",F14,10,26,2.0111695807e+02
extra,"stage=T/5,4T/5",F15,10,26,5.9430423465e+03
extra,"stage=T/5,4T/5",F16,10,26,1.2039480092e+02
extra,"stage=T/2,3T/4",F26,10,26,3.0013006168e+02
extra,"stage=T/2,3T/4",F27,10,26,3.9083443872e+02
extra,"stage=T/2,3T/4",F28,10,26,4.1737434647e+02
extra,"stage=T/2,3T/4",F29,10,26,2.9128327295e+02
extra,"stage=T/5,4T/5",F17,10,26,3.3256211718e+01
extra,"stage=T/5,4T/5",F18,10,26,1.4428040282e+04
extra,"stage=T/5,4T/5",F19,10,26,2.2180505383e+03
extra,"stage=T/5,4T/5",F20,10,26,3.1186823543e+01
extra,"k: nu=1/2,mu=10",F4,10,26,6.7393550714e+00
extra,"k: nu=1/2,mu=10",F5,10,26,8.0122580854e+00
extra,"k: nu=1/2,mu=10",F6,10,26,7.3943149905e-02
extra,"k: nu=1/2,mu=10",F7,10,26,4.0872366941e+01
extra,"stage=T/5,4T/5",F21,10,26,2.1062884115e+02
extra,"stage=T/5,4T/5",F22,10,26,1.0000949058e+02
extra,"stage=T/5,4T/5",F23,10,26,3.1427130016e+02
extra,"stage=T/5,4T/5",F24,10,26,3.5033706441e+02
extra,"k: nu=1/2,mu=10",F8,10,26,1.7215406138e+01
extra,"k: nu=1/2,mu=10",F9,10,26,1.6886928042e-03
extra,"k: nu=1/2,mu=10",F10,10,26,8.2765126117e+02
extra,"k: nu=1/2,mu=10",F11,10,26,5.3230949332e+00
extra,"k: nu=1/2,mu=10",F12,10,26,5.5849365517e+05
extra,"k: nu=1/2,mu=10",F13,10,26,8.4513217755e+03
extra,"k: nu=1/2,mu=10",F14,10,26,1.4465291260e+02
extra,"k: nu=1/2,mu=10",F15,10,26,7.0363412664e+02
extra,"stage=T/5,4T/5",F29,10,26,2.8245967965e+02
extra,"stage=T/5,4T/5",F30,10,26,6.6248121959e+05
extra,"k: nu=1/2,mu=10",F1,10,26,5.2509828711e+03
extra,"k: nu=1/2,mu=10",F3,10,26,5.3981130586e+01
extra,"stage=T/5,4T/5",F25,10,26,4.4419741482e+02
extra,"stage=T/5,4T/5",F26,10,26,3.8711174649e+02
extra,"stage=T/5,4T/5",F27,10,26,3.9294275343e+02
extra,"stage=T/5,4T/5",F28,10,26,6.1182166593e+02
extra,"k: nu=1/2,mu=10",F16,10,26,1.3382650728e+01
extra,"k: nu=1/2,mu=10",F17,10,26,4.5047626977e+01
extra,"k: nu=1/2,mu=10",F18,10,26,1.4741616965e+04
extra,"k: nu=1/2,mu=10",F19,10,26,8.1618541399e+02
extra,"k: nu=1,mu=10",F3,10,26,1.3070865480e+02
extra,"k: nu=1,mu=10",F4,10,26,7.1538405588e+00
extra,"k: nu=1,mu=10",F5,10,26,1.2948820401e+01
extra,"k: nu=1,mu=10",F6,10,26,4.1481097300e-01
extra,"k: nu=1,mu=10",F7,10,26,3.5815994606e+01
extra,"k: nu=1,mu=10",F8,10,26,3.0857148131e+01
extra,"k: nu=1,mu=10",F9,10,26,8.7473184551e-03
extra,"k: nu=1,mu=10",F10,10,26,9.1821150293e+02
extra,"k: nu=1/2,mu=10",F20,10,26,2.7692167009e+01
extra,"k: nu=1/2,mu=10",F21,10,26,2.2099081968e+02
extra,"k: nu=1/2,mu=10",F22,10,26,1.1148877432e+02
extra,"k: nu=1/2,mu=10",F23,10,26,3.1219071145e+02
extra,"k: nu=1/2,mu=10",F24,10,26,1.0097712243e+02
extra,"k: nu=1/2,mu=10",F25,10,26,4.4381816201e+02
extra,"k: nu=1/2,mu=10",F26,10,26,3.0022346524e+02
extra,"k: nu=1/2,mu=10",F27,10,26,3.9450045935e+02
extra,"k: nu=1,mu=10",F11,10,26,9.6409897694e+00
extra,"k: nu=1,mu=10",F12,10,26,3.1900239937e+06
extra,"k: nu=1,mu=10",F13,10,26,9.3386479655e+03
extra,"k: nu=1,mu=10",F14,10,26,5.5461252719e+02
extra,"k: nu=1/2,mu=10",F28,10,26,4.1864623300e+02
extra,"k: nu=1/2,mu=10",F29,10,26,3.3182047593e+02
extra,"k: nu=1/2,mu=10",F30,10,26,7.3886214178e+05
extra,"k: nu=1,mu=10",F1,10,26,7.2899873170e+02
extra,"k: nu=1,mu=10",F15,10,26,1.8017178772e+03
extra,"k: nu=1,mu=10",F16,10,26,3.7229858366e+00
extra,"k: nu=1,mu=10",F17,10,26,3.0606545250e+01
extra,"k: nu=1,mu=10",F18,10,26,1.1233523495e+04
extra,"k: nu=1/2,mu=5",F1,10,26,5.3265024536e+03
extra,"k: nu=1/2,mu=5",F3,10,26,2.7658643276e+02
extra,"k: nu=1/2,mu=5",F4,10,26,7.3549512519e+00
extra,"k: nu=1/2,mu=5",F5,10,26,8.9557533488e+00
extra,"k: nu=1,mu=10",F19,10,26,9.4904298276e+02
extra,"k: nu=1,mu=10",F20,10,26,3.7104963212e+01
extra,"k: nu=1,mu=10",F21,10,26,1.0605553892e+02
extra,"k: nu=1,mu=10",F22,10,26,1.0056733391e+02
extra,"k: nu=1/2,mu=5",F6,10,26,1.2149437246e-01
extra,"k: nu=1/2,mu=5",F7,10,26,1.7226981878e+01
extra,"k: nu=1/2,mu=5",F8,10,26,1.9137384578e+01
extra,"k: nu=1/2,mu=5",F9,10,26,1.3737580226e-03
extra,"k: nu=1,mu=10",F23,10,26,3.1543294816e+02
extra,"k: nu=1,mu=10",F24,10,26,1.0143933072e+02
extra,"k: nu=1,mu=10",F25,10,26,4.4503285606e+02
extra,"k: nu=1,mu=10",F26,10,26,3.8351313389e+02
extra,"k: nu=1/2,mu=5",F10,10,26,6.3976302045e+02
extra,"k: nu=1/2,mu=5",F11,10,26,5.7683496512e+00
extra,"k: nu=1/2,mu=5",F12,10,26,1.0508568700e+06
extra,"k: nu=1/2,mu=5",F13,10,26,3.2780740371e+03
extra,"k: nu=1/2,mu=5",F14,10,26,1.8740101133e+02
extra,"k: nu=1/2,mu=5",F15,10,26,2.9757126160e+03
extra,"k: nu=1/2,mu=5",F16,10,26,2.2462904661e+00
extra,"k: nu=1/2,mu=5",F17,10,26,4.4835889380e+01
extra,"k: nu=1,mu=10",F27,10,26,3.9004713362e+02
extra,"k: nu=1,mu=10",F28,10,26,3.6962071046e+02
extra,"k: nu=1,mu=10",F29,10,26,2.8179732487e+02
extra,"k: nu=1,mu=10",F30,10,26,1.2968803819e+03
extra,"k: nu=1/2,mu=5",F18,10,26,1.8121681523e+03
extra,"k: nu=1/2,mu=5",F19,10,26,4.3216016555e+02
extra,"k: nu=1/2,mu=5",F20,10,26,2.7744811399e+01
extra,"k: nu=1/2,mu=5",F21,10,26,1.0349377867e+02
extra,"k: nu=1/2,mu=20",F5,10,26,9.1379905111e+00
extra,"k: nu=1/2,mu=20",F6,10,26,8.1214595107e-01
extra,"k: nu=1/2,mu=20",F7,10,26,3.8444651387e+01
extra,"k: nu=1/2,mu=20",F8,10,26,1.7921169947e+01
extra,"k: nu=1/2,mu=5",F30,10,26,2.2717716589e+05
extra,"k: nu=1/2,mu=20",F1,10,26,4.2951038876e+03
extra,"k: nu=1/2,mu=20",F3,10,26,2.1608637555e+02
extra,"k: nu=1/2,mu=20",F4,10,26,6.9082242103e+00
extra,"k: nu=1/2,mu=20",F9,10,26,2.1677823029e-03
extra,"k: nu=1/2,mu=20",F10,10,26,2.7664748981e+02
extra,"k: nu=1/2,mu=20",F11,10,26,1.0594816606e+01
extra,"k: nu=1/2,mu=20",F12,10,26,2.5182784506e+05
extra,"k: nu=1/2,mu=5",F22,10,26,1.0250888170e+02
extra,"k: nu=1/2,mu=5",F23,10,26,3.2210870832e+02
extra,"k: nu=1/2,mu=5",F24,10,26,3.4488520697e+02
extra,"k: nu=1/2,mu=5",F25,10,26,3.9951168839e+02
extra,"k: nu=1/2,mu=20",F13,10,26,8.4057600037e+03
extra,"k: nu=1/2,mu=20",F14,10,26,2.7559441870e+02
extra,"k: nu=1/2,mu=20",F15,10,26,1.9803633058e+03
extra,"k: nu=1/2,mu=20",F16,10,26,8.3113731136e+00
extra,"k: nu=1/2,mu=5",F26,10,26,3.0016677279e+02
extra,"k: nu=1/2,mu=5",F27,10,26,3.9289173348e+02
extra,"k: nu=1/2,mu=5",F28,10,26,6.1182166620e+02
extra,"k: nu=1/2,mu=5",F29,10,26,2.6317071120e+02
extra,"k: nu=1/2,mu=20",F17,10,26,2.8474506375e+01
extra,"k: nu=1/2,mu=20",F18,10,26,1.0224424160e+04
extra,"k: nu=1/2,mu=20",F19,10,26,1.9047698389e+03
extra,"k: nu=1/2,mu=20",F20,10,26,2.3896700763e+01
extra,k=1 (plain OBL),F4,10,26,6.9025367198e+00
extra,k=1 (plain OBL),F5,10,26,9.9585278617e+00
extra,k=1 (plain OBL),F6,10,26,1.0716888093e+00
extra,k=1 (plain OBL),F7,10,26,1.8858167330e+01
extra,"k: nu=1/2,mu=20",F21,10,26,2.1382640275e+02
extra,"k: nu=1/2,mu=20",F22,10,26,1.0100983593e+02
extra,"k: nu=1/2,mu=20",F23,10,26,3.0916343899e+02
extra,"k: nu=1/2,mu=20",F24,10,26,3.4124174332e+02
extra,k=1 (plain OBL),F8,10,26,8.9869209376e+00
extra,k=1 (plain OBL),F9,10,26,5.4372140144e-03
extra,k=1 (plain OBL),F10,10,26,6.5149920914e+02
extra,k=1 (plain OBL),F11,10,26,4.3832457685e+00
extra,k=1 (plain OBL),F12,10,26,4.0827157722e+05
extra,k=1 (plain OBL),F13,10,26,1.5333300035e+03
extra,k=1 (plain OBL),F14,10,26,1.0018883114e+02
extra,k=1 (plain OBL),F15,10,26,6.4110698121e+03
extra,"k: nu=1/2,mu=20",F29,10,26,2.5383037282e+02
extra,"k: nu=1/2,mu=20",F30,10,26,2.2987626389e+04
extra,k=1 (plain OBL),F1,10,26,6.1257724675e+02
extra,k=1 (plain OBL),F3,10,26,7.5324459988e+02
extra,"k: nu=1/2,mu=20",F25,10,26,3.9979430850e+02
extra,"k: nu=1/2,mu=20",F26,10,26,3.5815612104e+02
extra,"k: nu=1/2,mu=20",F27,10,26,3.8973073102e+02
extra,"k: nu=1/2,mu=20",F28,10,26,4.1740717492e+02
extra,k=1 (plain OBL),F16,10,26,2.9540234253e+00
extra,k=1 (plain OBL),F17,10,26,6.1830787970e+01
extra,k=1 (plain OBL),F18,10,26,3.6757160828e+03
extra,k=1 (plain OBL),F19,10,26,8.5976722034e+02
extra,k=1 (plain OBL),F20,10,26,2.4296694483e+01
extra,k=1 (plain OBL),F21,10,26,1.0431384525e+02
extra,k=1 (plain OBL),F22,10,26,1.0406943035e+02
extra,k=1 (plain OBL),F23,10,26,3.1348733623e+02
extra,N=10,F3,10,27,9.7259720364e+01
extra,N=10,F4,10,27,1.8790832125e-01
extra,N=10,F5,10,27,2.1918923780e+01
extra,N=10,F6,10,27,1.2398069039e+00
extra,k=1 (plain OBL),F24,10,26,3.4448066752e+02
extra,k=1 (plain OBL),F25,10,26,3.9962468925e+02
extra,k=1 (plain OBL),F26,10,26,3.0013436686e+02
extra,k=1 (plain OBL),F27,10,26,3.9187120426e+02
extra,k=1 (plain OBL),F28,10,26,3.7083836480e+02
extra,k=1 (plain OBL),F29,10,26,2.7006111030e+02
extra,k=1 (plain OBL),F30,10,26,2.3471687818e+05
extra,N=10,F1,10,27,2.7105748047e+03
extra,N=10,F7,10,27,3.2755423249e+01
extra,N=10,F8,10,27,1.0951062890e+01
extra,N=10,F9,10,27,1.1153909981e+01
extra,N=10,F10,10,27,7.3740903148e+02
extra,N=10,F11,10,27,2.4877327367e+01
extra,N=10,F12,10,27,2.9285652897e+05
extra,N=10,F13,10,27,1.1702950331e+04
extra,N=10,F14,10,27,2.3763998080e+02
extra,N=10,F15,10,27,1.1537845447e+03
extra,N=10,F16,10,27,1.2725823967e+02
extra,N=10,F17,10,27,3.6330776740e+01
extra,N=10,F18,10,27,2.2184091083e+03
extra,N=20,F1,10,27,1.5048840813e+03
extra,N=20,F3,10,27,2.3774120966e+02
extra,N=20,F4,10,27,5.1713608040e+00
extra,N=20,F5,10,27,1.8323689246e+01
extra,N=10,F19,10,27,3.6002726706e+02
extra,N=10,F20,10,27,2.3370672665e+01
extra,N=10,F21,10,27,2.1167002914e+02
extra,N=10,F22,10,27,1.1321674520e+02
extra,N=20,F6,10,27,1.9103658937e-01
extra,N=20,F7,10,27,2.1860134409e+01
extra,N=20,F8,10,27,1.2178011343e+01
extra,N=20,F9,10,27,2.4380691480e-04
extra,N=20,F10,10,27,4.3697307964e+02
extra,N=20,F11,10,27,6.6005230508e+00
extra,N=20,F12,10,27,5.9373763109e+06
extra,N=20,F13,10,27,5.1940966453e+03
extra,N=20,F14,10,27,8.0749119632e+01
extra,N=20,F15,10,27,1.4546625741e+03
extra,N=20,F16,10,27,2.4985544909e+00
extra,N=20,F17,10,27,4.1621138447e+01
extra,N=10,F23,10,27,3.3489573760e+02
extra,N=10,F24,10,27,3.4468762565e+02
extra,N=10,F25,10,27,4.4497250319e+02
extra,N=10,F26,10,27,3.0000439852e+02
extra,N=20,F18,10,27,1.6587040294e+03
extra,N=20,F19,10,27,2.2368426974e+03
extra,N=20,F20,10,27,2.3631053970e+01
extra,N=20,F21,10,27,1.0291636263e+02
extra,N=10,F27,10,27,4.0853861468e+02
extra,N=10,F28,10,27,4.1696935812e+02
extra,N=10,F29,10,27,3.5348599875e+02
extra,N=10,F30,10,27,2.0643988006e+05
extra,N=50,F5,10,27,6.0585265588e+00
extra,N=50,F6,10,27,1.4216027795e+00
extra,N=50,F7,10,27,2.5433511644e+01
extra,N=50,F8,10,27,1.0214961820e+01
extra,N=20,F22,10,27,1.0402634324e+02
extra,N=20,F23,10,27,3.1813865007e+02
extra,N=20,F24,10,27,3.3578139683e+02
extra,N=20,F25,10,27,4.0017184397e+02
extra,N=50,F9,10,27,2.1406484917e-01
extra,N=50,F10,10,27,6.1915945507e+02
extra,N=50,F11,10,27,7.8392919743e+00
extra,N=50,F12,10,27,4.6383860462e+06
extra,N=20,F30,10,27,8.1353841793e+05
extra,N=50,F1,10,27,1.7326029023e+05
extra,N=50,F3,10,27,2.3441755900e+02
extra,N=50,F4,10,27,7.5996758372e+00
extra,N=50,F13,10,27,1.0032289597e+03
extra,N=50,F14,10,27,2.1898081125e+02
extra,N=50,F15,10,27,5.1600657496e+03
extra,N=50,F16,10,27,1.7556257994e+01
extra,N=50,F17,10,27,2.1387667017e+01
extra,N=50,F18,10,27,3.5931376314e+04
extra,N=50,F19,10,27,5.8768800723e+01
extra,N=50,F20,10,27,2.9878737085e+01
extra,N=20,F26,10,27,3.0012065162e+02
extra,N=20,F27,10,27,3.9713551107e+02
extra,N=20,F28,10,27,3.6033429821e+02
extra,N=20,F29,10,27,2.5948697935e+02
extra,N=50,F21,10,27,2.0546089977e+02
extra,N=50,F22,10,27,1.0192529738e+02
extra,N=50,F23,10,27,3.1177777069e+02
extra,N=50,F24,10,27,1.0391138441e+02
extra,N=100,F4,10,27,6.6054655471e+00
extra,N=100,F5,10,27,5.3829649721e+00
extra,N=100,F6,10,27,1.7039444646e+00
extra,N=100,F7,10,27,3.4942263681e+01
extra,N=100,F8,10,27,1.8004936738e+01
extra,N=100,F9,10,27,4.6613841529e+00
extra,N=100,F10,10,27,1.3914041553e+02
extra,N=100,F11,10,27,6.1089569433e+00
extra,N=50,F29,10,27,2.4106588966e+02
extra,N=50,F30,10,27,8.0314383329e+05
extra,N=100,F1,10,27,1.8184643055e+06
extra,N=100,F3,10,27,8.9275482921e+02
extra,N=100,F12,10,27,2.1775633031e+06
extra,N=100,F13,10,27,6.7602690681e+02
extra,N=100,F14,10,27,3.6875132656e+02
extra,N=100,F15,10,27,2.7170720361e+03
extra,N=100,F16,10,27,4.6336869782e+01
extra,N=100,F17,10,27,5.2285313340e+01
extra,N=100,F18,10,27,9.5359467074e+03
extra,N=100,F19,10,27,7.7629235963e+02
extra,N=50,F25,10,27,3.9981432302e+02
extra,N=50,F26,10,27,3.9303158471e+02
extra,N=50,F27,10,27,3.9442430006e+02
extra,N=50,F28,10,27,6.1182315253e+02
extra,N=100,F20,10,27,3.3429957856e+01
extra,N=100,F21,10,27,2.1729042556e+02
extra,N=100,F22,10,27,1.0065200827e+02
extra,N=100,F23,10,27,3.1149321413e+02
extra,beta=1.1,F3,10,27,7.7216028146e+01
extra,beta=1.1,F4,10,27,6.1853681244e+00
extra,beta=1.1,F5,10,27,8.1453848756e+00
extra,beta=1.1,F6,10,27,3.3846796242e-01
extra,N=100,F24,10,27,3.4018825179e+02
extra,N=100,F25,10,27,4.4679700386e+02
extra,N=100,F26,10,27,3.3324660773e+02
extra,N=100,F27,10,27,3.9311619325e+02
extra,beta=1.1,F7,10,27,2.2289256836e+01
extra,beta=1.1,F8,10,27,9.5153094806e+00
extra,beta=1.1,F9,10,27,4.8183707827e-02
extra,beta=1.1,F10,10,27,1.0851280499e+03
extra,N=100,F28,10,27,6.1184008100e+02
extra,N=100,F29,10,27,2.5739247703e+02
extra,N=100,F30,10,27,2.0291305805e+05
extra,beta=1.1,F1,10,27,2.0456162482e+04
extra,beta=1.1,F11,10,27,7.9369619917e+00
extra,beta=1.1,F12,10,27,3.6590960721e+04
extra,beta=1.1,F13,10,27,1.9672344517e+04
extra,beta=1.1,F14,10,27,1.5242948806e+02
extra,beta=1.1,F15,10,27,8.9837289526e+02
extra,beta=1.1,F16,10,27,1.4129952011e+02
extra,beta=1.1,F17,10,27,2.4413112426e+01
extra,beta=1.1,F18,10,27,1.8932223580e+04
extra,beta=1.1,F19,10,27,8.4786328612e+02
extra,beta=1.1,F20,10,27,2.6752563778e+01
extra,beta=1.1,F21,10,27,1.0731266903e+02
extra,beta=1.1,F22,10,27,1.0161639279e+02
extra,beta=1.3,F1,10,27,7.7793221992e+03
extra,beta=1.3,F3,10,27,2.2155080453e+02
extra,beta=1.3,F4,10,27,2.7588062371e+00
extra,beta=1.3,F5,10,27,1.4964275495e+01
extra,beta=1.3,F6,10,27,6.1163344119e-01
extra,beta=1.3,F7,10,27,2.7107277194e+01
extra,beta=1.3,F8,10,27,3.9865689010e+00
extra,beta=1.3,F9,10,27,1.3086968664e-02
extra,beta=1.1,F23,10,27,3.2847796243e+02
extra,beta=1.1,F24,10,27,3.3511983124e+02
extra,beta=1.1,F25,10,27,3.9996902178e+02
extra,beta=1.1,F26,10,27,3.0017975561e+02
extra,beta=1.3,F10,10,27,8.0759029234e+02
extra,beta=1.3,F11,10,27,1.5148409934e+01
extra,beta=1.3,F12,10,27,2.5846964565e+05
extra,beta=1.3,F13,10,27,2.7227903580e+03
extra,beta=1.3,F14,10,27,2.6056309081e+02
extra,beta=1.3,F15,10,27,4.5481265031e+03
extra,beta=1.3,F16,10,27,1.6813368396e+02
extra,beta=1.3,F17,10,27,3.8927930504e+01
extra,beta=1.1,F27,10,27,3.9666702553e+02
extra,beta=1.1,F28,10,27,6.1182166592e+02
extra,beta=1.1,F29,10,27,3.2179618000e+02
extra,beta=1.1,F30,10,27,9.5651219733e+05
extra,beta=1.3,F18,10,27,1.8224507666e+04
extra,beta=1.3,F19,10,27,4.6261183652e+02
extra,beta=1.3,F20,10,27,3.3482914873e+01
extra,beta=1.3,F21,10,27,1.0325968372e+02
extra,beta=1.5,F5,10,27,8.0381947876e+00
extra,beta=1.5,F6,10,27,6.2728394872e-01
extra,beta=1.5,F7,10,27,2.6067585590e+01
extra,beta=1.5,F8,10,27,1.2936466769e+01
extra,beta=1.3,F22,10,27,1.0099206519e+02
extra,beta=1.3,F23,10,27,3.1078022810e+02
extra,beta=1.3,F24,10,27,1.0308118466e+02
extra,beta=1.3,F25,10,27,4.0046739095e+02
extra,beta=1.3,F30,10,27,2.7803468385e+06
extra,beta=1.5,F1,10,27,1.0562462835e+04
extra,beta=1.5,F3,10,27,5.7527453841e+01
extra,beta=1.5,F4,10,27,5.5148930548e+00
extra,beta=1.5,F9,10,27,1.6993819007e-02
extra,beta=1.5,F10,10,27,8.4995422172e+02
extra,beta=1.5,F11,10,27,6.5231013164e+00
extra,beta=1.5,F12,10,27,1.2709030773e+06
extra,beta=1.3,F26,10,27,3.0013285199e+02
extra,beta=1.3,F27,10,27,3.8989912648e+02
extra,beta=1.3,F28,10,27,4.6999552695e+02
extra,beta=1.3,F29,10,27,2.6467308647e+02
extra,beta=1.5,F13,10,27,2.0659926418e+03
extra,beta=1.5,F14,10,27,3.7000092218e+02
extra,beta=1.5,F15,10,27,1.2289765101e+03
extra,beta=1.5,F16,10,27,4.0719179299e+01
extra,beta=1.5,F17,10,27,2.9374643090e+01
extra,beta=1.5,F18,10,27,2.9656219884e+03
extra,beta=1.5,F19,10,27,1.8370957363e+02
extra,beta=1.5,F20,10,27,4.2133649418e+01
extra,beta=1.9,F4,10,27,5.2494889238e+00
extra,beta=1.9,F5,10,27,1.2937308413e+01
extra,beta=1.9,F6,10,27,3.9477879477e-02
extra,beta=1.9,F7,10,27,2.0890533597e+01
extra,beta=1.5,F21,10,27,1.0205210569e+02
extra,beta=1.5,F22,10,27,1.0124109336e+02
extra,beta=1.5,F23,10,27,3.0757511181e+02
extra,beta=1.5,F24,10,27,3.4533549963e+02
extra,beta=1.5,F25,10,27,4.4508564668e+02
extra,beta=1.5,F26,10,27,3.0011314546e+02
extra,beta=1.5,F27,10,27,3.8952135717e+02
extra,beta=1.5,F28,10,27,3.9531116323e+02
extra,beta=1.9,F8,10,27,9.9572823431e+00
extra,beta=1.9,F9,10,27,2.3529408651e-02
extra,beta=1.9,F10,10,27,9.7755966547e+02
extra,beta=1.9,F11,10,27,5.7232434895e+00
extra,beta=1.5,F29,10,27,2.6500754489e+02
extra,beta=1.5,F30,10,27,2.2579170359e+03
extra,beta=1.9,F1,10,27,1.6351150017e+04
extra,beta=1.9,F3,10,27,3.9323903238e+02
extra,beta=1.9,F12,10,27,9.1062380507e+05
extra,beta=1.9,F13,10,27,5.7006453306e+03
extra,beta=1.9,F14,10,27,1.5197007574e+02
extra,beta=1.9,F15,10,27,1.3655940022e+03
extra,beta=1.9,F16,10,27,3.4028524065e+00
extra,beta=1.9,F17,10,27,4.3157533632e+01
extra,beta=1.9,F18,10,27,8.8776423117e+03
extra,beta=1.9,F19,10,27,1.1821307352e+02
extra,"stage=T/3,2T/3",F3,10,27,6.9523215563e+01
extra,"stage=T/3,2T/3",F4,10,27,6.9884515194e+00
extra,"stage=T/3,2T/3",F5,10,27,8.0491045888e+00
extra,"stage=T/3,2T/3",F6,10,27,5.8105749854e-01
extra,beta=1.9,F20,10,27,3.0841480503e+01
extra,beta=1.9,F21,10,27,1.0282779308e+02
extra,beta=1.9,F22,10,27,1.0077513154e+02
extra,beta=1.9,F23,10,27,3.3109887165e+02
extra,"stage=T/3,2T/3",F7,10,27,2.4501916992e+01
extra,"stage=T/3,2T/3",F8,10,27,6.9691795747e+00
extra,"stage=T/3,2T/3",F9,10,27,2.2948743155e-01
extra,"stage=T/3,2T/3",F10,10,27,1.1762838970e+03
extra,beta=1.9,F24,10,27,3.4193987757e+02
extra,beta=1.9,F25,10,27,4.4419219616e+02
extra,beta=1.9,F26,10,27,3.4714935678e+02
extra,beta=1.9,F27,10,27,3.8971746171e+02
extra,"stage=T/3,2T/3",F11,10,27,1.5354183357e+01
extra,"stage=T/3,2T/3",F12,10,27,2.3291922956e+06
extra,"stage=T/3,2T/3",F13,10,27,1.2134102707e+04
extra,"stage=T/3,2T/3",F14,10,27,2.2180160715e+02
extra,beta=1.9,F28,10,27,6.1182168058e+02
extra,beta=1.9,F29,10,27,2.6218971707e+02
extra,beta=1.9,F30,10,27,2.8614880008e+03
extra,"stage=T/3,2T/3",F1,10,27,2.6437071922e+03
extra,"stage=T/3,2T/3",F15,10,27,5.0083900596e+03
extra,"stage=T/3,2T/3",F16,10,27,1.3365399788e+01
extra,"stage=T/3,2T/3",F17,10,27,1.9389310540e+01
extra,"stage=T/3,2T/3",F18,10,27,1.6237612832e+04
extra,"stage=T/4,3T/4",F1,10,27,6.8966447041e+02
extra,"stage=T/4,3T/4",F3,10,27,2.5947152125e+02
extra,"stage=T/4,3T/4",F4,10,27,6.3846610564e+00
extra,"stage=T/4,3T/4",F5,10,27,3.9834047190e+00
extra,"stage=T/3,2T/3",F19,10,27,9.8513531620e+02
extra,"stage=T/3,2T/3",F20,10,27,3.6343218147e+01
extra,"stage=T/3,2T/3",F21,10,27,2.0889368027e+02
extra,"stage=T/3,2T/3",F22,10,27,1.0219425698e+02
extra,"stage=T/4,3T/4",F6,10,27,1.2777786256e+00
extra,"stage=T/4,3T/4",F7,10,27,3.4108046519e+01
extra,"stage=T/4,3T/4",F8,10,27,7.0545667438e+00
extra,"stage=T/4,3T/4",F9,10,27,1.6471278775e-04
extra,"stage=T/3,2T/3",F23,10,27,3.1449122592e+02
extra,"stage=T/3,2T/3",F24,10,27,1.0295862616e+02
extra,"stage=T/3,2T/3",F25,10,27,4.0004714678e+02
extra,"stage=T/3,2T/3",F26,10,27,3.0011739983e+02
extra,"stage=T/4,3T/4",F10,10,27,8.9068046525e+02
extra,"stage=T/4,3T/4",F11,10,27,1.2032467217e+01
extra,"stage=T/4,3T/4",F12,10,27,3.7586573670e+05
extra,"stage=T/4,3T/4",F13,10,27,1.9919648246e+03
extra,"stage=T/4,3T/4",F14,10,27,1.1789164366e+02
extra,"stage=T/4,3T/4",F15,10,27,1.2010583633e+03
extra,"stage=T/4,3T/4",F16,10,27,1.2348589304e+02
extra,"stage=T/4,3T/4",F17,10,27,2.7595216808e+01
extra,"stage=T/3,2T/3",F27,10,27,3.8994691712e+02
extra,"stage=T/3,2T/3",F28,10,27,3.7404760037e+02
extra,"stage=T/3,2T/3",F29,10,27,2.9646935724e+02
extra,"stage=T/3,2T/3",F30,10,27,8.7923834263e+05
extra,"stage=T/4,3T/4",F18,10,27,1.8395685889e+04
extra,"stage=T/4,3T/4",F19,10,27,1.9667574255e+03
extra,"stage=T/4,3T/4",F20,10,27,6.3440697783e+01
extra,"stage=T/4,3T/4",F21,10,27,2.1367179933e+02
extra,"stage=T/4,3T/4",F22,10,27,1.0288776343e+02
extra,"stage=T/4,3T/4",F23,10,27,3.2260481522e+02
extra,"stage=T/4,3T/4",F24,10,27,1.0245833397e+02
extra,"stage=T/4,3T/4",F25,10,27,4.0177178725e+02
extra,"stage=T/2,3T/4",F5,10,27,7.0536291790e+00
extra,"stage=T/2,3T/4",F6,10,27,7.0193849270e-01
extra,"stage=T/2,3T/4",F7,10,27,2.3308971107e+01
extra,"stage=T/2,3T/4",F8,10,27,5.1348990578e+00
extra,"stage=T/4,3T/4",F30,10,27,8.7911878537e+05
extra,"stage=T/2,3T/4",F1,10,27,1.8129677484e+04
extra,"stage=T/2,3T/4",F3,10,27,1.0600570809e+02
extra,"stage=T/2,3T/4",F4,10,27,6.5118783564e+00
extra,"stage=T/4,3T/4",F26,10,27,3.4714945509e+02
extra,"stage=T/4,3T/4",F27,10,27,3.8961516434e+02
extra,"stage=T/4,3T/4",F28,10,27,6.1182166597e+02
extra,"stage=T/4,3T/4",F29,10,27,2.3858138979e+02
extra,"stage=T/2,3T/4",F9,10,27,1.8628709590e-01
extra,"stage=T/2,3T/4",F10,10,27,4.9085961894e+02
extra,"stage=T/2,3T/4",F11,10,27,4.6646307788e+00
extra,"stage=T/2,3T/4",F12,10,27,2.8674209118e+05
extra,"stage=T/2,3T/4",F13,10,27,3.6485218830e+03
extra,"stage=T/2,3T/4",F14,10,27,8.6172540608e+01
extra,"stage=T/2,3T/4",F15,10,27,3.1373334540e+03
extra,"stage=T/2,3T/4",F16,10,27,1.4603276500e+01
extra,"stage=T/2,3T/4",F17,10,27,5.3008109136e+01
extra,"stage=T/2,3T/4",F18,10,27,2.4228717434e+03
extra,"stage=T/2,3T/4",F19,10,27,1.0473686031e+02
extra,"stage=T/2,3T/4",F20,10,27,2.7219696595e+01
extra,"stage=T/2,3T/4",F21,10,27,2.1164868277e+02
extra,"stage=T/2,3T/4",F22,10,27,1.0074796254e+02
extra,"stage=T/2,3T/4",F23,10,27,3.1186541261e+02
extra,"stage=T/2,3T/4",F24,10,27,3.4366255532e+02
extra,"stage=T/5,4T/5",F4,10,27,6.9760654285e+00
extra,"stage=T/5,4T/5",F5,10,27,1.5243144860e+01
extra,"stage=T/5,4T/5",F6,10,27,2.0539948352e+00
extra,"stage=T/5,4T/5",F7,10,27,2.8913813149e+01
extra,"stage=T/5,4T/5",F8,10,27,1.5295475104e+01
extra,"stage=T/5,4T/5",F9,10,27,6.3175752973e-04
extra,"stage=T/5,4T/5",F10,10,27,1.0171537501e+03
extra,"stage=T/5,4T/5",F11,10,27,1.1601869817e+01
extra,"stage=T/2,3T/4",F29,10,27,2.6234173149e+02
extra,"stage=T/2,3T/4",F30,10,27,7.1932741750e+04
extra,"stage=T/5,4T/5",F1,10,27,8.4063438674e+02
extra,"stage=T/5,4T/5",F3,10,27,6.8559013371e+01
extra,"stage=T/2,3T/4",F25,10,27,3.9790440551e+02
extra,"stage=T/2,3T/4",F26,10,27,3.0006339896e+02
extra,"stage=T/2,3T/4",F27,10,27,3.8916252355e+02
extra,"stage=T/2,3T/4",F28,10,27,3.6977759005e+02
extra,"stage=T/5,4T/5",F12,10,27,1.5393641381e+04
extra,"stage=T/5,4T/5",F13,10,27,1.9875952849e+03
extra,"stage=T/5,4T/5",F14,10,27,3.3004838287e+02
extra,"stage=T/5,4T/5",F15,10,27,5.9758029767e+02
extra,"stage=T/5,4T/5",F16,10,27,1.4268883368e+01
extra,"stage=T/5,4T/5",F17,10,27,4.2483192306e+01
extra,"stage=T/5,4T/5",F18,10,27,1.9552531743e+03
extra,"stage=T/5,4T/5",F19,10,27,8.6481643876e+03
extra,"k: nu=1/2,mu=10",F3,10,27,2.8724896773e+02
extra,"k: nu=1/2,mu=10",F4,10,27,7.6252226206e+00
extra,"k: nu=1/2,mu=10",F5,10,27,6.9767897328e+00
extra,"k: nu=1/2,mu=10",F6,10,27,9.4978065126e-01
extra,"stage=T/5,4T/5",F20,10,27,2.8372583590e+01
extra,"stage=T/5,4T/5",F21,10,27,2.1048129364e+02
extra,"stage=T/5,4T/5",F22,10,27,1.0195896172e+02
extra,"stage=T/5,4T/5",F23,10,27,3.2097630665e+02
extra,"k: nu=1/2,mu=10",F7,10,27,2.3011367739e+01
extra,"k: nu=1/2,mu=10",F8,10,27,5.9825701425e+00
extra,"k: nu=1/2,mu=10",F9,10,27,1.3387098311e-02
extra,"k: nu=1/2,mu=10",F10,10,27,7.7404874756e+02
extra,"stage=T/5,4T/5",F24,10,27,3.3009095472e+02
extra,"stage=T/5,4T/5",F25,10,27,4.0003390485e+02
extra,"stage=T/5,4T/5",F26,10,27,3.0001258279e+02
extra,"stage=T/5,4T/5",F27,10,27,3.9117015338e+02
extra,"k: nu=1/2,mu=10",F11,10,27,5.3425145128e+00
extra,"k: nu=1/2,mu=10",F12,10,27,2.3503789149e+05
extra,"k: nu=1/2,mu=10",F13,10,27,7.1449273412e+02
extra,"k: nu=1/2,mu=10",F14,10,27,1.1179041691e+02
extra,"stage=T/5,4T/5",F28,10,27,3.7392140056e+02
extra,"stage=T/5,4T/5",F29,10,27,2.4198717086e+02
extra,"stage=T/5,4T/5",F30,10,27,5.0488701019e+05
extra,"k: nu=1/2,mu=10",F1,10,27,2.0271327905e+03
extra,"k: nu=1/2,mu=10",F15,10,27,1.7212337650e+03
extra,"k: nu=1/2,mu=10",F16,10,27,4.8192655895e+00
extra,"k: nu=1/2,mu=10",F17,10,27,2.6521582390e+01
extra,"k: nu=1/2,mu=10",F18,10,27,1.2584889380e+04
extra,"k: nu=1,mu=10",F1,10,27,1.0660414790e+04
extra,"k: nu=1,mu=10",F3,10,27,1.3104814810e+02
extra,"k: nu=1,mu=10",F4,10,27,6.6206780103e+00
extra,"k: nu=1,mu=10",F5,10,27,1.9904746942e+01
extra,"k: nu=1/2,mu=10",F19,10,27,1.7402060029e+02
extra,"k: nu=1/2,mu=10",F20,10,27,3.4565798468e+01
extra,"k: nu=1/2,mu=10",F21,10,27,2.1092200926e+02
extra,"k: nu=1/2,mu=10",F22,10,27,1.0108708306e+02
extra,"k: nu=1,mu=10",F6,10,27,1.9637464350e-01
extra,"k: nu=1,mu=10",F7,10,27,2.9790703970e+01
extra,"k: nu=1,mu=10",F8,10,27,7.0581331681e+00
extra,"k: nu=1,mu=10",F9,10,27,1.2252552420e-03
extra,"k: nu=1/2,mu=10",F23,10,27,3.0409712444e+02
extra,"k: nu=1/2,mu=10",F24,10,27,3.3840142004e+02
extra,"k: nu=1/2,mu=10",F25,10,27,4.4380919395e+02
extra,"k: nu=1/2,mu=10",F26,10,27,3.0004634703e+02
extra,"k: nu=1,mu=10",F10,10,27,5.9897339036e+02
extra,"k: nu=1,mu=10",F11,10,27,3.9086045462e+00
extra,"k: nu=1,mu=10",F12,10,27,1.4912391733e+06
extra,"k: nu=1,mu=10",F13,10,27,1.0106070509e+04
extra,"k: nu=1,mu=10",F14,10,27,3.1993320025e+02
extra,"k: nu=1,mu=10",F15,10,27,9.7570382389e+02
extra,"k: nu=1,mu=10",F16,10,27,4.1058579864e+01
extra,"k: nu=1,mu=10",F17,10,27,4.9123894116e+01
extra,"k: nu=1/2,mu=10",F27,10,27,3.9382430296e+02
extra,"k: nu=1/2,mu=10",F28,10,27,6.1182169879e+02
extra,"k: nu=1/2,mu=10",F29,10,27,2.8359294022e+02
extra,"k: nu=1/2,mu=10",F30,10,27,8.0999213909e+05
extra,"k: nu=1,mu=10",F18,10,27,2.8797175609e+04
extra,"k: nu=1,mu=10",F19,10,27,1.3832678626e+02
extra,"k: nu=1,mu=10",F20,10,27,3.4210261573e+01
extra,"k: nu=1,mu=10",F21,10,27,1.0149298855e+02
extra,"k: nu=1/2,mu=5",F5,10,27,1.3176970907e+01
extra,"k: nu=1/2,mu=5",F6,10,27,9.4313428812e-01
extra,"k: nu=1/2,mu=5",F7,10,27,2.1137100296e+01
extra,"k: nu=1/2,mu=5",F8,10,27,1.0156402138e+01
extra,"k: nu=1,mu=10",F22,10,27,1.0298601228e+02
extra,"k: nu=1,mu=10",F23,10,27,3.2616730647e+02
extra,"k: nu=1,mu=10",F24,10,27,3.4483706168e+02
extra,"k: nu=1,mu=10",F25,10,27,3.9968188234e+02
extra,"k: nu=1,mu=10",F30,10,27,5.4853247676e+03
extra,"k: nu=1/2,mu=5",F1,10,27,1.9656182741e+03
extra,"k: nu=1/2,mu=5",F3,10,27,6.8482499184e+00
extra,"k: nu=1/2,mu=5",F4,10,27,6.6058905799e+00
extra,"k: nu=1/2,mu=5",F9,10,27,6.7917895962e-03
extra,"k: nu=1/2,mu=5",F10,10,27,7.3137254992e+02
extra,"k: nu=1/2,mu=5",F11,10,27,6.3345736216e+00
extra,"k: nu=1/2,mu=5",F12,10,27,2.2049753097e+06
extra,"k: nu=1,mu=10",F26,10,27,3.0034505238e+02
extra,"k: nu=1,mu=10",F27,10,27,3.9010568663e+02
extra,"k: nu=1,mu=10",F28,10,27,3.6885588243e+02
extra,"k: nu=1,mu=10",F29,10,27,2.4279116611e+02
extra,"k: nu=1/2,mu=5",F13,10,27,1.9145327878e+03
extra,"k: nu=1/2,mu=5",F14,10,27,3.4297014772e+02
extra,"k: nu=1/2,mu=5",F15,10,27,6.7139711286e+02
extra,"k: nu=1/2,mu=5",F16,10,27,4.4238093968e+01
extra,"k: nu=1/2,mu=5",F17,10,27,4.7041612985e+01
extra,"k: nu=1/2,mu=5",F18,10,27,2.7467543147e+04
extra,"k: nu=1/2,mu=5",F19,10,27,8.7652196370e+02
extra,"k: nu=1/2,mu=5",F20,10,27,3.4165220355e+01
extra,"k: nu=1/2,mu=5",F21,10,27,2.2367598153e+02
extra,"k: nu=1/2,mu=5",F22,10,27,1.0372985625e+02
extra,"k: nu=1/2,mu=5",F23,10,27,3.1562208708e+02
extra,"k: nu=1/2,mu=5",F24,10,27,3.3281332619e+02
extra,"k: nu=1/2,mu=20",F4,10,27,5.2009219946e+00
extra,"k: nu=1/2,mu=20",F5,10,27,1.1066712411e+01
extra,"k: nu=1/2,mu=20",F6,10,27,1.2052154839e+00
extra,"k: nu=1/2,mu=20",F7,10,27,3.5569510351e+01
extra,"k: nu=1/2,mu=5",F25,10,27,3.9788042556e+02
extra,"k: nu=1/2,mu=5",F26,10,27,3.5422953959e+02
extra,"k: nu=1/2,mu=5",F27,10,27,3.8962033505e+02
extra,"k: nu=1/2,mu=5",F28,10,27,3.7826348753e+02
extra,"k: nu=1/2,mu=5",F29,10,27,2.6744570590e+02
extra,"k: nu=1/2,mu=5",F30,10,27,5.7522577544e+04
extra,"k: nu=1/2,mu=20",F1,10,27,4.2067555316e+03
extra,"k: nu=1/2,mu=20",F3,10,27,6.6791694649e+00
extra,"k: nu=1/2,mu=20",F8,10,27,2.3884982373e+01
extra,"k: nu=1/2,mu=20",F9,10,27,5.2122319317e-01
extra,"k: nu=1/2,mu=20",F10,10,27,5.1527550656e+02
extra,"k: nu=1/2,mu=20",F11,10,27,3.4647381781e+00
extra,"k: nu=1/2,mu=20",F12,10,27,4.8560302816e+06
extra,"k: nu=1/2,mu=20",F13,10,27,1.4787390007e+03
extra,"k: nu=1/2,mu=20",F14,10,27,2.4185416852e+02
extra,"k: nu=1/2,mu=20",F15,10,27,3.3478673133e+03
extra,"k: nu=1/2,mu=20",F16,10,27,4.0207621154e+01
extra,"k: nu=1/2,mu=20",F17,10,27,2.4904765889e+01
extra,"k: nu=1/2,mu=20",F18,10,27,1.7599809546e+04
extra,"k: nu=1/2,mu=20",F19,10,27,9.5412293447e+01
extra,k=1 (plain OBL),F3,10,27,2.8442722615e+02
extra,k=1 (plain OBL),F4,10,27,5.8032475766e+00
extra,k=1 (plain OBL),F5,10,27,1.1968297061e+01
extra,k=1 (plain OBL),F6,10,27,1.4979520604e-01
extra,"k: nu=1/2,mu=20",F20,10,27,2.7195372288e+01
extra,"k: nu=1/2,mu=20",F21,10,27,2.1277103423e+02
extra,"k: nu=1/2,mu=20",F22,10,27,1.0144644536e+02
extra,"k: nu=1/2,mu=20",F23,10,27,3.0595372796e+02
extra,k=1 (plain OBL),F7,10,27,1.7422541577e+01
extra,k=1 (plain OBL),F8,10,27,1.4938942527e+01
extra,k=1 (plain OBL),F9,10,27,5.0346584022e-03
extra,k=1 (plain OBL),F10,10,27,8.4036527856e+02
extra,"k: nu=1/2,mu=20",F24,10,27,3.4472471852e+02
extra,"k: nu=1/2,mu=20",F25,10,27,3.9971859998e+02
extra,"k: nu=1/2,mu=20",F26,10,27,3.4715189693e+02
extra,"k: nu=1/2,mu=20",F27,10,27,3.9082943788e+02
extra,k=1 (plain OBL),F11,10,27,5.4834039898e+00
extra,k=1 (plain OBL),F12,10,27,3.1110616056e+06
extra,k=1 (plain OBL),F13,10,27,4.8896550007e+02
extra,k=1 (plain OBL),F14,10,27,2.3219034136e+02
extra,"k: nu=1/2,mu=20",F28,10,27,6.1182166605e+02
extra,"k: nu=1/2,mu=20",F29,10,27,2.9688709719e+02
extra,"k: nu=1/2,mu=20",F30,10,27,4.4232987614e+04
extra,k=1 (plain OBL),F1,10,27,2.1796564375e+03
extra,k=1 (plain OBL),F15,10,27,4.5978394174e+02
extra,k=1 (plain OBL),F16,10,27,2.7087814329e+01
extra,k=1 (plain OBL),F17,10,27,4.5858740446e+01
extra,k=1 (plain OBL),F18,10,27,8.5339272659e+03
extra,k=1 (plain OBL),F19,10,27,1.1987313920e+02
extra,k=1 (plain OBL),F20,10,27,2.8405862300e+01
extra,k=1 (plain OBL),F21,10,27,1.0509204113e+02
extra,k=1 (plain OBL),F22,10,27,1.0087130030e+02
extra,N=10,F1,10,28,1.0614444870e+03
extra,N=10,F3,10,28,1.5615190718e+01
extra,N=10,F4,10,28,5.1545249628e+00
extra,N=10,F5,10,28,1.6928625596e+01
extra,k=1 (plain OBL),F23,10,27,3.2060501584e+02
extra,k=1 (plain OBL),F24,10,27,1.0386819502e+02
extra,k=1 (plain OBL),F25,10,27,3.9851674129e+02
extra,k=1 (plain OBL),F26,10,27,3.0308472433e+02
extra,N=10,F6,10,28,1.6928278989e+00
extra,N=10,F7,10,28,4.7731275337e+01
extra,N=10,F8,10,28,9.9574414453e+00
extra,N=10,F9,10,28,1.0460137759e-01
extra,k=1 (plain OBL),F27,10,27,3.9526546059e+02
extra,k=1 (plain OBL),F28,10,27,4.7054710297e+02
extra,k=1 (plain OBL),F29,10,27,2.6728086222e+02
extra,k=1 (plain OBL),F30,10,27,6.4815471829e+05
extra,N=10,F10,10,28,4.8753580504e+02
extra,N=10,F11,10,28,4.6631237213e+01
extra,N=10,F12,10,28,3.9924101602e+05
extra,N=10,F13,10,28,6.4085747466e+02
extra,N=10,F14,10,28,6.2737785481e+02
extra,N=10,F15,10,28,3.6452650689e+02
extra,N=10,F16,10,28,1.3381223521e+02
extra,N=10,F17,10,28,2.0418418487e+01
extra,N=10,F18,10,28,1.1501999531e+04
extra,N=10,F19,10,28,2.1943033807e+03
extra,N=10,F20,10,28,2.3638699786e+01
extra,N=10,F21,10,28,1.0463837124e+02
extra,N=20,F5,10,28,2.5886776613e+01
extra,N=20,F6,10,28,1.7279892749e+00
extra,N=20,F7,10,28,2.9840561627e+01
extra,N=20,F8,10,28,1.7916727433e+01
extra,N=10,F30,10,28,1.9952805391e+05
extra,N=20,F1,10,28,4.0095809337e+02
extra,N=20,F3,10,28,1.3208970010e+02
extra,N=20,F4,10,28,4.7635272941e+00
extra,N=20,F9,10,28,4.5522574226e-01
extra,N=20,F10,10,28,1.6043384049e+02
extra,N=20,F11,10,28,5.7525565838e+00
extra,N=20,F12,10,28,1.8252225295e+06
extra,N=10,F22,10,28,1.0145836696e+02
extra,N=10,F23,10,28,3.1515209021e+02
extra,N=10,F24,10,28,3.4030898510e+02
extra,N=10,F25,10,28,3.9962645455e+02
extra,N=20,F13,10,28,1.6391114372e+04
extra,N=20,F14,10,28,1.3746910302e+02
extra,N=20,F15,10,28,9.2474957804e+03
extra,N=20,F16,10,28,4.3924461546e+01
extra,N=20,F17,10,28,3.8145936108e+01
extra,N=20,F18,10,28,2.8012597442e+03
extra,N=20,F19,10,28,1.1658538011e+02
extra,N=20,F20,10,28,4.9774871796e+01
extra,N=20,F21,10,28,2.1176648663e+02
extra,N=20,F22,10,28,1.0082603995e+02
extra,N=20,F23,10,28,3.0900793399e+02
extra,N=20,F24,10,28,3.4786183480e+02
extra,N=10,F26,10,28,3.0001291147e+02
extra,N=10,F27,10,28,3.9334779692e+02
extra,N=10,F28,10,28,6.1182272006e+02
extra,N=10,F29,10,28,2.6515020447e+02
extra,N=50,F4,10,28,6.3269953874e+00
extra,N=50,F5,10,28,9.0261373853e+00
extra,N=50,F6,10,28,8.2458372953e-01
extra,N=50,F7,10,28,3.9140126075e+01
extra,N=50,F8,10,28,8.2410653827e+00
extra,N=50,F9,10,28,1.8774851601e+00
extra,N=50,F10,10,28,1.0410397060e+03
extra,N=50,F11,10,28,8.3981981824e+00
extra,N=50,F12,10,28,2.0608605248e+06
extra,N=50,F13,10,28,2.0616586407e+03
extra,N=50,F14,10,28,1.5494501187e+02
extra,N=50,F15,10,28,5.2384948132e+03
extra,N=20,F25,10,28,3.9958975231e+02
extra,N=20,F26,10,28,3.5540628621e+02
extra,N=20,F27,10,28,3.9450063070e+02
extra,N=20,F28,10,28,4.1715144082e+02
extra,N=50,F16,10,28,1.3210485696e+02
extra,N=50,F17,10,28,4.0687782668e+01
extra,N=50,F18,10,28,3.2207946698e+03
extra,N=50,F19,10,28,7.8482735271e+01
extra,N=20,F29,10,28,3.0339759728e+02
extra,N=20,F30,10,28,7.8460044252e+05
extra,N=50,F1,10,28,5.0563864153e+04
extra,N=50,F3,10,28,3.6638550199e+01
extra,N=100,F3,10,28,9.1126266270e+02
extra,N=100,F4,10,28,6.1887616011e+00
extra,N=100,F5,10,28,1.4905495992e+01
extra,N=100,F6,10,28,1.0340757011e+00
extra,N=50,F20,10,28,3.3896206190e+01
extra,N=50,F21,10,28,2.0670144938e+02
extra,N=50,F22,10,28,1.0255791468e+02
extra,N=50,F23,10,28,3.1146639979e+02
extra,N=100,F7,10,28,2.9616466354e+01
extra,N=100,F8,10,28,6.3193707741e+00
extra,N=100,F9,10,28,8.2465002395e-01
extra,N=100,F10,10,28,8.1037441516e+02
extra,N=100,F11,10,28,9.9392997704e+00
extra,N=100,F12,10,28,1.5443619461e+06
extra,N=100,F13,10,28,1.0851845482e+03
extra,N=100,F14,10,28,3.0513685378e+02
extra,N=50,F24,10,28,1.0519730594e+02
extra,N=50,F25,10,28,4.0998589659e+02
extra,N=50,F26,10,28,3.4715326705e+02
extra,N=50,F27,10,28,3.9080145157e+02
extra,N=100,F15,10,28,2.2659597327e+03
extra,N=100,F16,10,28,4.1990504709e+01
extra,N=100,F17,10,28,4.3601635822e+01
extra,N=100,F18,10,28,6.5567177955e+03
extra,N=50,F28,10,28,4.2696796430e+02
extra,N=50,F29,10,28,3.6151763570e+02
extra,N=50,F30,10,28,1.4460194276e+05
extra,N=100,F1,10,28,2.2019002427e+06
extra,N=100,F19,10,28,6.5718812557e+02
extra,N=100,F20,10,28,3.4100345088e+01
extra,N=100,F21,10,28,1.0612730468e+02
extra,N=100,F22,10,28,1.0207144140e+02
extra,N=100,F23,10,28,3.1406371245e+02
extra,N=100,F24,10,28,3.4529796463e+02
extra,N=100,F25,10,28,4.0286531810e+02
extra,N=100,F26,10,28,3.4310895240e+02
extra,beta=1.1,F1,10,28,8.2449563758e+04
extra,beta=1.1,F3,10,28,2.8687607887e+02
extra,beta=1.1,F4,10,28,5.1475505204e+00
extra,beta=1.1,F5,10,28,8.9691509196e+00
extra,beta=1.1,F6,10,28,2.2859692229e-01
extra,beta=1.1,F7,10,28,3.8742308423e+01
extra,beta=1.1,F8,10,28,1.0988317439e+01
extra,beta=1.1,F9,10,28,1.0011773227e-03
extra,N=100,F27,10,28,3.9026182043e+02
extra,N=100,F28,10,28,6.1185962366e+02
extra,N=100,F29,10,28,3.1720397254e+02
extra,N=100,F30,10,28,2.2519512341e+05
extra,beta=1.1,F10,10,28,5.4075769120e+02
extra,beta=1.1,F11,10,28,4.0109775588e+00
extra,beta=1.1,F12,10,28,2.7001293343e+06
extra,beta=1.1,F13,10,28,1.4525505671e+03
extra,beta=1.1,F14,10,28,2.2819624293e+02
extra,beta=1.1,F15,10,28,2.1380602501e+03
extra,beta=1.1,F16,10,28,1.2578612371e+02
extra,beta=1.1,F17,10,28,4.3219224668e+01
extra,beta=1.1,F18,10,28,4.4034001177e+03
extra,beta=1.1,F19,10,28,8.5508601462e+02
extra,beta=1.1,F20,10,28,4.0849021757e+01
extra,beta=1.1,F21,10,28,2.0972420820e+02
extra,beta=1.3,F5,10,28,2.2902523318e+01
extra,beta=1.3,F6,10,28,1.2094134960e+00
extra,beta=1.3,F7,10,28,2.9313460678e+01
extra,beta=1.3,F8,10,28,2.7884684275e+01
extra,beta=1.1,F30,10,28,1.6406329840e+05
extra,beta=1.3,F1,10,28,3.9515548060e+03
extra,beta=1.3,F3,10,28,5.3584459379e+02
extra,beta=1.3,F4,10,28,6.5591387668e+00
extra,beta=1.1,F22,10,28,1.0102402983e+02
extra,beta=1.1,F23,10,28,3.0981910262e+02
extra,beta=1.1,F24,10,28,3.3826426870e+02
extra,beta=1.1,F25,10,28,3.9977231700e+02
extra,beta=1.3,F9,10,28,9.0492068494e-02
extra,beta=1.3,F10,10,28,2.5596843021e+02
extra,beta=1.3,F11,10,28,1.3656235728e+01
extra,beta=1.3,F12,10,28,3.3483216259e+04
extra,beta=1.3,F13,10,28,7.5229745726e+03
extra,beta=1.3,F14,10,28,3.2396596450e+02
extra,beta=1.3,F15,10,28,9.0512342020e+02
extra,beta=1.3,F16,10,28,1.2610261956e+02
extra,beta=1.1,F26,10,28,3.9578560711e+02
extra,beta=1.1,F27,10,28,3.9301517305e+02
extra,beta=1.1,F28,10,28,5.8382082431e+02
extra,beta=1.1,F29,10,28,2.5755256546e+02
extra,beta=1.3,F17,10,28,5.5271345806e+01
extra,beta=1.3,F18,10,28,1.5145525324e+04
extra,beta=1.3,F19,10,28,8.6905920377e+03
extra,beta=1.3,F20,10,28,3.8641722983e+01
extra,beta=1.5,F4,10,28,7.6669712395e+00
extra,beta=1.5,F5,10,28,1.5938367201e+01
extra,beta=1.5,F6,10,28,5.9033868086e-01
extra,beta=1.5,F7,10,28,3.2266886321e+01
extra,beta=1.3,F21,10,28,2.1087324082e+02
extra,beta=1.3,F22,10,28,1.0071475135e+02
extra,beta=1.3,F23,10,28,3.2185517219e+02
extra,beta=1.3,F24,10,28,3.3968489120e+02
extra,beta=1.5,F8,10,28,1.0986803304e+01
extra,beta=1.5,F9,10,28,9.3320214000e-04
extra,beta=1.5,F10,10,28,4.2411032424e+02
extra,beta=1.5,F11,10,28,1.4667817070e+01
extra,beta=1.3,F29,10,28,2.4696271535e+02
extra,beta=1.3,F30,10,28,1.2379318897e+06
extra,beta=1.5,F1,10,28,1.1952200593e+03
extra,beta=1.5,F3,10,28,2.6685179721e+02
extra,beta=1.3,F25,10,28,3.9971832219e+02
extra,beta=1.3,F26,10,28,3.1232775477e+02
extra,beta=1.3,F27,10,28,3.9442680556e+02
extra,beta=1.3,F28,10,28,4.1056349735e+02
extra,beta=1.5,F12,10,28,5.4916631995e+05
extra,beta=1.5,F13,10,28,7.2607552297e+03
extra,beta=1.5,F14,10,28,3.2854905210e+02
extra,beta=1.5,F15,10,28,1.2246368250e+03
extra,beta=1.5,F16,10,28,3.9821756358e+01
extra,beta=1.5,F17,10,28,2.8952526413e+01
extra,beta=1.5,F18,10,28,5.0744844361e+03
extra,beta=1.5,F19,10,28,6.1657917514e+02
extra,beta=1.9,F3,10,28,5.5446057077e+01
extra,beta=1.9,F4,10,28,3.8625619722e+00
extra,beta=1.9,F5,10,28,1.0824530947e+01
extra,beta=1.9,F6,10,28,9.2312150610e-02
extra,beta=1.5,F20,10,28,2.7577019929e+01
extra,beta=1.5,F21,10,28,2.1698688771e+02
extra,beta=1.5,F22,10,28,1.0143663579e+02
extra,beta=1.5,F23,10,28,3.2110723756e+02
extra,beta=1.9,F7,10,28,1.9106799889e+01
extra,beta=1.9,F8,10,28,2.1279921667e+01
extra,beta=1.9,F9,10,28,2.2816823244e-02
extra,beta=1.9,F10,10,28,8.3883090712e+02
extra,beta=1.9,F11,10,28,7.7239474829e+00
extra,beta=1.9,F12,10,28,2.4339327870e+06
extra,beta=1.9,F13,10,28,3.3523062860e+03
extra,beta=1.9,F14,10,28,2.4429693800e+02
extra,beta=1.5,F24,10,28,3.4121653935e+02
extra,beta=1.5,F25,10,28,3.9975610131e+02
extra,beta=1.5,F26,10,28,3.2267572404e+02
extra,beta=1.5,F27,10,28,3.9290667385e+02
extra,beta=1.5,F28,10,28,4.1702238980e+02
extra,beta=1.5,F29,10,28,2.5801404465e+02
extra,beta=1.5,F30,10,28,1.9528296617e+03
extra,beta=1.9,F1,10,28,1.4701772488e+04
extra,beta=1.9,F15,10,28,4.8501696009e+03
extra,beta=1.9,F16,10,28,1.3591254670e+02
extra,beta=1.9,F17,10,28,5.6637213845e+01
extra,beta=1.9,F18,10,28,4.5434855968e+03
extra,"stage=T/3,2T/3",F1,10,28,4.8150108836e+03
extra,"stage=T/3,2T/3",F3,10,28,4.1490390746e+02
extra,"stage=T/3,2T/3",F4,10,28,7.4242308880e+00
extra,"stage=T/3,2T/3",F5,10,28,1.1944508395e+01
extra,beta=1.9,F19,10,28,7.3220328685e+02
extra,beta=1.9,F20,10,28,3.4984622155e+01
extra,beta=1.9,F21,10,28,1.0653618163e+02
extra,beta=1.9,F22,10,28,1.0270243648e+02
extra,"stage=T/3,2T/3",F6,10,28,1.8838918276e-01
extra,"stage=T/3,2T/3",F7,10,28,2.9297614161e+01
extra,"stage=T/3,2T/3",F8,10,28,1.7926556212e+01
extra,"stage=T/3,2T/3",F9,10,28,2.2165471417e-02
extra,beta=1.9,F23,10,28,3.1220802517e+02
extra,beta=1.9,F24,10,28,3.4590326064e+02
extra,beta=1.9,F25,10,28,3.9886076558e+02
extra,beta=1.9,F26,10,28,4.0118044740e+02
extra,"stage=T/3,2T/3",F10,10,28,2.4579189696e+02
extra,"stage=T/3,2T/3",F11,10,28,6.4729042335e+00
extra,"stage=T/3,2T/3",F12,10,28,4.9912949390e+06
extra,"stage=T/3,2T/3",F13,10,28,4.4971986971e+02
extra,"stage=T/3,2T/3",F14,10,28,2.4610056746e+02
extra,"stage=T/3,2T/3",F15,10,28,1.2388301500e+03
extra,"stage=T/3,2T/3",F16,10,28,3.9951937474e+01
extra,"stage=T/3,2T/3",F17,10,28,3.9996947993e+01
extra,beta=1.9,F27,10,28,3.9524327715e+02
extra,beta=1.9,F28,10,28,4.1750697096e+02
extra,beta=1.9,F29,10,28,2.8288535997e+02
extra,beta=1.9,F30,10,28,6.2898163914e+05
extra,"stage=T/3,2T/3",F18,10,28,3.6281125880e+03
extra,"stage=T/3,2T/3",F19,10,28,2.5592770180e+03
extra,"stage=T/3,2T/3",F20,10,28,2.7805358500e+01
extra,"stage=T/3,2T/3",F21,10,28,1.0546430358e+02
extra,"stage=T/4,3T/4",F5,10,28,8.9600921364e+00
extra,"stage=T/4,3T/4",F6,10,28,1.9309172122e+00
extra,"stage=T/4,3T/4",F7,10,28,1.9405231321e+01
extra,"stage=T/4,3T/4",F8,10,28,1.2959124596e+01
extra,"stage=T/3,2T/3",F22,10,28,1.0043401547e+02
extra,"stage=T/3,2T/3",F23,10,28,3.3219078317e+02
extra,"stage=T/3,2T/3",F24,10,28,1.0230050338e+02
extra,"stage=T/3,2T/3",F25,10,28,4.4364616094e+02
extra,"stage=T/3,2T/3",F30,10,28,1.1481524375e+06
extra,"stage=T/4,3T/4",F1,10,28,5.8617722298e+01
extra,"stage=T/4,3T/4",F3,10,28,1.0633115176e+02
extra,"stage=T/4,3T/4",F4,10,28,2.6958217999e+00
extra,"stage=T/4,3T/4",F9,10,28,3.9502042443e-04
extra,"stage=T/4,3T/4",F10,10,28,5.5352024722e+02
extra,"stage=T/4,3T/4",F11,10,28,5.4303559134e+00
extra,"stage=T/4,3T/4",F12,10,28,1.0191657418e+04
extra,"stage=T/4,3T/4",F13,10,28,2.8049191735e+03
extra,"stage=T/4,3T/4",F14,10,28,1.2403735128e+02
extra,"stage=T/4,3T/4",F15,10,28,3.7115680517e+02
extra,"stage=T/4,3T/4",F16,10,28,1.6293875730e+00
extra,"stage=T/3,2T/3",F26,10,28,3.0016918947e+02
extra,"stage=T/3,2T/3",F27,10,28,3.8953981669e+02
extra,"stage=T/3,2T/3",F28,10,28,4.2220327330e+02
extra,"stage=T/3,2T/3",F29,10,28,3.2813673659e+02
extra,"stage=T/4,3T/4",F17,10,28,4.3513241598e+00
extra,"stage=T/4,3T/4",F18,10,28,9.6721954919e+03
extra,"stage=T/4,3T/4",F19,10,28,3.1897934976e+02
extra,"stage=T/4,3T/4",F20,10,28,2.7400658896e+01
extra,"stage=T/2,3T/4",F4,10,28,6.9283496697e+00
extra,"stage=T/2,3T/4",F5,10,28,1.2014188530e+01
extra,"stage=T/2,3T/4",F6,10,28,5.2015604673e-01
extra,"stage=T/2,3T/4",F7,10,28,1.5287633188e+01
extra,"stage=T/4,3T/4",F21,10,28,2.1468054553e+02
extra,"stage=T/4,3T/4",F22,10,28,1.0001524115e+02
extra,"stage=T/4,3T/4",F23,10,28,3.1957678958e+02
extra,"stage=T/4,3T/4",F24,10,28,3.4816442477e+02
extra,"stage=T/2,3T/4",F8,10,28,3.0640266952e+01
extra,"stage=T/2,3T/4",F9,10,28,2.2862304415e-03
extra,"stage=T/2,3T/4",F10,10,28,3.3370448645e+02
extra,"stage=T/2,3T/4",F11,10,28,7.6040178130e+00
extra,"stage=T/4,3T/4",F29,10,28,2.6972831584e+02
extra,"stage=T/4,3T/4",F30,10,28,3.3138092925e+05
extra,"stage=T/2,3T/4",F1,10,28,1.0853856596e+04
extra,"stage=T/2,3T/4",F3,10,28,3.1301363867e+02
extra,"stage=T/2,3T/4",F12,10,28,5.8542933230e+05
extra,"stage=T/2,3T/4",F13,10,28,7.7651730432e+03
extra,"stage=T/2,3T/4",F14,10,28,1.5403474621e+02
extra,"stage=T/2,3T/4",F15,10,28,3.1271089616e+03
extra,"stage=T/4,3T/4",F25,10,28,3.9886386814e+02
extra,"stage=T/4,3T/4",F26,10,28,3.0004612416e+02
extra,"stage=T/4,3T/4",F27,10,28,3.8984327747e+02
extra,"stage=T/4,3T/4",F28,10,28,4.8808673886e+02
extra,"stage=T/2,3T/4",F16,10,28,1.2353845177e+02
extra,"stage=T/2,3T/4",F17,10,28,3.4825665086e+01
extra,"stage=T/2,3T/4",F18,10,28,2.6194384273e+02
extra,"stage=T/2,3T/4",F19,10,28,1.7310570311e+03
extra,"stage=T/2,3T/4",F20,10,28,2.5470695674e+01
extra,"stage=T/2,3T/4",F21,10,28,2.0448949734e+02
extra,"stage=T/2,3T/4",F22,10,28,1.0030424349e+02
extra,"stage=T/2,3T/4",F23,10,28,3.0510501730e+02
extra,"stage=T/5,4T/5",F3,10,28,2.7328087673e+02
extra,"stage=T/5,4T/5",F4,10,28,4.1225682519e+00
extra,"stage=T/5,4T/5",F5,10,28,9.9679969570e+00
extra,"stage=T/5,4T/5",F6,10,28,3.1093003086e+00
extra,"stage=T/5,4T/5",F7,10,28,2.0217134806e+01
extra,"stage=T/5,4T/5",F8,10,28,2.0297666402e+01
extra,"stage=T/5,4T/5",F9,10,28,9.2769946752e-04
extra,"stage=T/5,4T/5",F10,10,28,7.8400036814e+02
extra,"stage=T/2,3T/4",F24,10,28,1.0251816351e+02
extra,"stage=T/2,3T/4",F25,10,28,3.9827960034e+02
extra,"stage=T/2,3T/4",F26,10,28,3.0007347909e+02
extra,"stage=T/2,3T/4",F27,10,28,3.9557157255e+02
extra,"stage=T/5,4T/5",F11,10,28,1.0980895334e+01
extra,"stage=T/5,4T/5",F12,10,28,7.6222193283e+05
extra,"stage=T/5,4T/5",F13,10,28,6.6394181122e+02
extra,"stage=T/5,4T/5",F14,10,28,8.8728273975e+01
extra,"stage=T/2,3T/4",F28,10,28,6.1182168913e+02
extra,"stage=T/2,3T/4",F29,10,28,2.5375593271e+02
extra,"stage=T/2,3T/4",F30,10,28,4.8406323770e+04
extra,"stage=T/5,4T/5",F1,10,28,8.7656059612e+01
extra,"stage=T/5,4T/5",F15,10,28,5.1262057563e+03
extra,"stage=T/5,4T/5",F16,10,28,1.6432853263e+01
extra,"stage=T/5,4T/5",F17,10,28,4.1683910492e+01
extra,"stage=T/5,4T/5",F18,10,28,2.8848901616e+04
extra,"stage=T/5,4T/5",F19,10,28,1.1557278197e+03
extra,"stage=T/5,4T/5",F20,10,28,8.7027737815e+00
extra,"stage=T/5,4T/5",F21,10,28,2.1330833779e+02
extra,"stage=T/5,4T/5",F22,10,28,1.0104686331e+02
extra,"k: nu=1/2,mu=10",F1,10,28,1.9474610123e+03
extra,"k: nu=1/2,mu=10",F3,10,28,3.2616540656e+01
extra,"k: nu=1/2,mu=10",F4,10,28,6.5659996639e+00
extra,"k: nu=1/2,mu=10",F5,10,28,8.0546823260e+00
extra,"k: nu=1/2,mu=10",F6,10,28,4.9421875954e-01
extra,"k: nu=1/2,mu=10",F7,10,28,2.1821826288e+01
extra,"k: nu=1/2,mu=10",F8,10,28,1.4926524219e+01
extra,"k: nu=1/2,mu=10",F9,10,28,1.1887823596e-03
extra,"stage=T/5,4T/5",F23,10,28,3.0651900725e+02
extra,"stage=T/5,4T/5",F24,10,28,3.3956606385e+02
extra,"stage=T/5,4T/5",F25,10,28,3.9973330285e+02
extra,"stage=T/5,4T/5",F26,10,28,3.4714910247e+02
extra,"k: nu=1/2,mu=10",F10,10,28,1.3890629752e+02
extra,"k: nu=1/2,mu=10",F11,10,28,7.6887164882e+00
extra,"k: nu=1/2,mu=10",F12,10,28,2.8772759413e+05
extra,"k: nu=1/2,mu=10",F13,10,28,3.4629456390e+03
extra,"k: nu=1/2,mu=10",F14,10,28,3.1941911331e+02
extra,"k: nu=1/2,mu=10",F15,10,28,4.7354664698e+03
extra,"k: nu=1/2,mu=10",F16,10,28,1.4800264535e+00
extra,"k: nu=1/2,mu=10",F17,10,28,3.0340381900e+01
extra,"stage=T/5,4T/5",F27,10,28,3.9526517618e+02
extra,"stage=T/5,4T/5",F28,10,28,6.1182166591e+02
extra,"stage=T/5,4T/5",F29,10,28,2.4032883022e+02
extra,"stage=T/5,4T/5",F30,10,28,5.4676302916e+05
extra,"k: nu=1/2,mu=10",F18,10,28,2.2394011855e+03
extra,"k: nu=1/2,mu=10",F19,10,28,8.2971905720e+02
extra,"k: nu=1/2,mu=10",F20,10,28,2.5881595644e+01
extra,"k: nu=1/2,mu=10",F21,10,28,1.0506721763e+02
extra,"k: nu=1,mu=10",F5,10,28,2.5875542201e+01
extra,"k: nu=1,mu=10",F6,10,28,1.0279253608e-01
extra,"k: nu=1,mu=10",F7,10,28,2.8337597552e+01
extra,"k: nu=1,mu=10",F8,10,28,2.0898420208e+01
extra,"k: nu=1/2,mu=10",F22,10,28,1.0140288024e+02
extra,"k: nu=1/2,mu=10",F23,10,28,3.1234100861e+02
extra,"k: nu=1/2,mu=10",F24,10,28,3.3853884845e+02
extra,"k: nu=1/2,mu=10",F25,10,28,4.4423936430e+02
extra,"k: nu=1/2,mu=10",F30,10,28,7.8266735397e+05
extra,"k: nu=1,mu=10",F1,10,28,1.9852023588e+04
extra,"k: nu=1,mu=10",F3,10,28,2.2540210715e+02
extra,"k: nu=1,mu=10",F4,10,28,4.4736444134e+00
extra,"k: nu=1,mu=10",F9,10,28,1.1422790389e-01
extra,"k: nu=1,mu=10",F10,10,28,4.7517058180e+02
extra,"k: nu=1,mu=10",F11,10,28,5.3308581952e+00
extra,"k: nu=1,mu=10",F12,10,28,4.8484154830e+05
extra,"k: nu=1,mu=10",F13,10,28,1.2535357892e+04
extra,"k: nu=1,mu=10",F14,10,28,1.3005489959e+02
extra,"k: nu=1,mu=10",F15,10,28,2.8241257595e+03
extra,"k: nu=1,mu=10",F16,10,28,4.3843064358e+01
extra,"k: nu=1/2,mu=10",F26,10,28,3.1911207967e+02
extra,"k: nu=1/2,mu=10",F27,10,28,3.9373740429e+02
extra,"k: nu=1/2,mu=10",F28,10,28,4.2788686949e+02
extra,"k: nu=1/2,mu=10",F29,10,28,2.5110671061e+02
extra,"k: nu=1,mu=10",F17,10,28,4.6965703660e+01
extra,"k: nu=1,mu=10",F18,10,28,1.0029440295e+04
extra,"k: nu=1,mu=10",F19,10,28,4.5760269071e+02
extra,"k: nu=1,mu=10",F20,10,28,2.9694399113e+01
extra,"k: nu=1/2,mu=5",F4,10,28,7.0343477613e+00
extra,"k: nu=1/2,mu=5",F5,10,28,1.1093990033e+01
extra,"k: nu=1/2,mu=5",F6,10,28,3.0662276637e-01
extra,"k: nu=1/2,mu=5",F7,10,28,2.6401745550e+01
extra,"k: nu=1,mu=10",F21,10,28,1.0782320352e+02
extra,"k: nu=1,mu=10",F22,10,28,4.7665466014e+01
extra,"k: nu=1,mu=10",F23,10,28,3.0578095721e+02
extra,"k: nu=1,mu=10",F24,10,28,1.0480833664e+02
extra,"k: nu=1/2,mu=5",F8,10,28,1.1001243338e+01
extra,"k: nu=1/2,mu=5",F9,10,28,3.5254184589e-02
extra,"k: nu=1/2,mu=5",F10,10,28,5.2048796414e+02
extra,"k: nu=1/2,mu=5",F11,10,28,1.4591461453e+01
extra,"k: nu=1/2,mu=5",F12,10,28,7.0750521516e+06
extra,"k: nu=1/2,mu=5",F13,10,28,7.1272891775e+03
extra,"k: nu=1/2,mu=5",F14,10,28,2.2420969203e+02
extra,"k: nu=1/2,mu=5",F15,10,28,1.5794073666e+03
extra,"k: nu=1,mu=10",F29,10,28,3.6168397860e+02
extra,"k: nu=1,mu=10",F30,10,28,2.7721264724e+05
extra,"k: nu=1/2,mu=5",F1,10,28,6.3022996446e+04
extra,"k: nu=1/2,mu=5",F3,10,28,1.8844233974e+02
extra,"k: nu=1,mu=10",F25,10,28,3.9972980339e+02
extra,"k: nu=1,mu=10",F26,10,28,3.0016372541e+02
extra,"k: nu=1,mu=10",F27,10,28,3.9598830582e+02
extra,"k: nu=1,mu=10",F28,10,28,4.1865879966e+02
extra,"k: nu=1/2,mu=5",F16,10,28,2.5844176452e+00
extra,"k: nu=1/2,mu=5",F17,10,28,4.2098237248e+01
extra,"k: nu=1/2,mu=5",F18,10,28,2.1617050184e+03
extra,"k: nu=1/2,mu=5",F19,10,28,9.3164728023e+02
extra,"k: nu=1/2,mu=20",F3,10,28,9.2513306849e+01
extra,"k: nu=1/2,mu=20",F4,10,28,6.7423678609e+00
extra,"k: nu=1/2,mu=20",F5,10,28,1.7977066126e+01
extra,"k: nu=1/2,mu=20",F6,10,28,1.2580513751e+00
extra,"k: nu=1/2,mu=20",F7,10,28,2.2868034247e+01
extra,"k: nu=1/2,mu=20",F8,10,28,1.0059306752e+01
extra,"k: nu=1/2,mu=20",F9,10,28,4.0834419477e-03
extra,"k: nu=1/2,mu=20",F10,10,28,5.9376040694e+02
extra,"k: nu=1/2,mu=5",F20,10,28,2.5098767093e+01
extra,"k: nu=1/2,mu=5",F21,10,28,2.1962340543e+02
extra,"k: nu=1/2,mu=5",F22,10,28,1.0180917906e+02
extra,"k: nu=1/2,mu=5",F23,10,28,3.1973829801e+02
extra,"k: nu=1/2,mu=5",F24,10,28,3.3503731028e+02
extra,"k: nu=1/2,mu=5",F25,10,28,4.0820723899e+02
extra,"k: nu=1/2,mu=5",F26,10,28,3.3908935718e+02
extra,"k: nu=1/2,mu=5",F27,10,28,3.9092850170e+02
extra,"k: nu=1/2,mu=5",F28,10,28,4.1617581104e+02
extra,"k: nu=1/2,mu=5",F29,10,28,2.7971588685e+02
extra,"k: nu=1/2,mu=5",F30,10,28,8.1651807103e+05
extra,"k: nu=1/2,mu=20",F1,10,28,3.0075182535e+03
extra,"k: nu=1/2,mu=20",F11,10,28,7.6363445195e+00
extra,"k: nu=1/2,mu=20",F12,10,28,1.1589742331e+04
extra,"k: nu=1/2,mu=20",F13,10,28,9.0642833714e+03
extra,"k: nu=1/2,mu=20",F14,10,28,3.2319732157e+02
extra,"k: nu=1/2,mu=20",F15,10,28,4.6486078487e+03
extra,"k: nu=1/2,mu=20",F16,10,28,1.3205050679e+02
extra,"k: nu=1/2,mu=20",F17,10,28,4.0264108115e+01
extra,"k: nu=1/2,mu=20",F18,10,28,1.9585851801e+04
extra,k=1 (plain OBL),F1,10,28,6.8950463280e+04
extra,k=1 (plain OBL),F3,10,28,6.4036158554e+01
extra,k=1 (plain OBL),F4,10,28,2.1173518522e+00
extra,k=1 (plain OBL),F5,10,28,1.8203482541e+01
extra,"k: nu=1/2,mu=20",F19,10,28,1.0217958092e+03
extra,"k: nu=1/2,mu=20",F20,10,28,3.1628968681e+01
extra,"k: nu=1/2,mu=20",F21,10,28,2.1241638681e+02
extra,"k: nu=1/2,mu=20",F22,10,28,1.0092352983e+02
extra,k=1 (plain OBL),F6,10,28,1.2844638257e+00
extra,k=1 (plain OBL),F7,10,28,2.4979376547e+01
extra,k=1 (plain OBL),F8,10,28,1.4162098184e+01
extra,k=1 (plain OBL),F9,10,28,3.5778923220e-02
extra,k=1 (plain OBL),F10,10,28,2.4999184382e+02
extra,k=1 (plain OBL),F11,10,28,4.6829398782e+00
extra,k=1 (plain OBL),F12,10,28,1.3325478524e+06
extra,k=1 (plain OBL),F13,10,28,1.9559170917e+04
extra,"k: nu=1/2,mu=20",F23,10,28,3.0987301853e+02
extra,"k: nu=1/2,mu=20",F24,10,28,3.3473763207e+02
extra,"k: nu=1/2,mu=20",F25,10,28,4.4617350598e+02
extra,"k: nu=1/2,mu=20",F26,10,28,3.0013844566e+02
extra,k=1 (plain OBL),F14,10,28,4.6711695122e+02
extra,k=1 (plain OBL),F15,10,28,3.7619979751e+03
extra,k=1 (plain OBL),F16,10,28,4.3899523825e+00
extra,k=1 (plain OBL),F17,10,28,5.4652185119e+01
extra,"k: nu=1/2,mu=20",F27,10,28,3.8983113725e+02
extra,"k: nu=1/2,mu=20",F28,10,28,6.1182167086e+02
extra,"k: nu=1/2,mu=20",F29,10,28,2.6343972806e+02
extra,"k: nu=1/2,mu=20",F30,10,28,1.6503803452e+06
extra,k=1 (plain OBL),F18,10,28,1.7283341753e+04
extra,k=1 (plain OBL),F19,10,28,1.7803525450e+03
extra,k=1 (plain OBL),F20,10,28,3.1850151770e+01
extra,k=1 (plain OBL),F21,10,28,1.0279792365e+02
extra,k=1 (plain OBL),F22,10,28,1.0092600254e+02
extra,k=1 (plain OBL),F23,10,28,3.0815276849e+02
extra,k=1 (plain OBL),F24,10,28,1.0617955241e+02
extra,k=1 (plain OBL),F25,10,28,4.4393611753e+02
extra,N=10,F5,10,29,1.6019585693e+01
extra,N=10,F6,10,29,1.9565276805e+00
extra,N=10,F7,10,29,2.3249604379e+01
extra,N=10,F8,10,29,1.2934499585e+01
extra,k=1 (plain OBL),F30,10,28,1.1224594941e+05
extra,N=10,F1,10,29,1.7604268123e+01
extra,N=10,F3,10,29,5.1020354056e+01
extra,N=10,F4,10,29,3.5156885073e+00
extra,k=1 (plain OBL),F26,10,28,3.4714928567e+02
extra,k=1 (plain OBL),F27,10,28,3.9509435972e+02
extra,k=1 (plain OBL),F28,10,28,3.7255890582e+02
extra,k=1 (plain OBL),F29,10,28,2.9888772511e+02
extra,N=10,F9,10,29,5.7820943477e+01
extra,N=10,F10,10,29,6.9257541013e+02
extra,N=10,F11,10,29,2.2462728728e+01
extra,N=10,F12,10,29,1.1191855247e+05
extra,N=10,F13,10,29,4.8296375676e+03
extra,N=10,F14,10,29,3.5487119407e+02
extra,N=10,F15,10,29,1.2041726269e+03
extra,N=10,F16,10,29,7.5802907090e-01
extra,N=10,F17,10,29,4.7035625367e+01
extra,N=10,F18,10,29,4.8852621420e+02
extra,N=10,F19,10,29,9.0985425849e+02
extra,N=10,F20,10,29,2.0868939945e+01
extra,N=20,F4,10,29,3.4874662545e+00
extra,N=20,F5,10,29,1.1333002682e+01
extra,N=20,F6,10,29,1.6735051975e+00
extra,N=20,F7,10,29,1.8004051618e+01
extra,N=20,F8,10,29,2.3880382069e+01
extra,N=20,F9,10,29,2.1820110955e-01
extra,N=20,F10,10,29,5.1726752081e+02
extra,N=20,F11,10,29,4.3930557799e+00
extra,N=10,F21,10,29,1.0370589027e+02
extra,N=10,F22,10,29,4.4747436868e+01
extra,N=10,F23,10,29,3.1392390333e+02
extra,N=10,F24,10,29,3.4560852791e+02
extra,N=20,F12,10,29,7.5184477305e+04
extra,N=20,F13,10,29,6.6206674105e+02
extra,N=20,F14,10,29,3.2204647942e+02
extra,N=20,F15,10,29,4.9357773120e+03
extra,N=20,F16,10,29,1.7491765591e+01
extra,N=20,F17,10,29,2.2755456785e+01
extra,N=20,F18,10,29,1.4477768156e+03
extra,N=20,F19,10,29,5.4505218809e+02
extra,N=10,F29,10,29,2.7618875504e+02
extra,N=10,F30,10,29,1.4153634099e+05
extra,N=20,F1,10,29,9.9543743524e+01
extra,N=20,F3,10,29,1.6236437328e+02
extra,N=10,F25,10,29,4.4441823814e+02
extra,N=10,F26,10,29,5.8857808332e+02
extra,N=10,F27,10,29,3.9598672599e+02
extra,N=10,F28,10,29,6.1182166588e+02
extra,N=50,F3,10,29,3.0391262997e+02
extra,N=50,F4,10,29,7.5596051489e+00
extra,N=50,F5,10,29,9.9937075143e+00
extra,N=50,F6,10,29,6.0295548427e-01
extra,N=50,F7,10,29,3.7170899713e+01
extra,N=50,F8,10,29,7.1806181425e+00
extra,N=50,F9,10,29,1.1391290173e-01
extra,N=50,F10,10,29,8.8845152069e+02
extra,N=50,F11,10,29,3.6984300822e+00
extra,N=50,F12,10,29,1.8291633616e+06
extra,N=50,F13,10,29,8.9044246125e+03
extra,N=50,F14,10,29,5.1617098026e+02
extra,N=20,F20,10,29,2.0771435208e+01
extra,N=20,F21,10,29,2.0921184728e+02
extra,N=20,F22,10,29,1.0121388349e+02
extra,N=20,F23,10,29,3.1259403960e+02
extra,N=50,F15,10,29,3.9028996999e+02
extra,N=50,F16,10,29,4.2124796233e+01
extra,N=50,F17,10,29,6.0212183786e+01
extra,N=50,F18,10,29,9.4214577846e+03
extra,N=50,F19,10,29,2.0498675848e+03
extra,N=50,F20,10,29,2.5153353949e+01
extra,N=50,F21,10,29,1.0835877084e+02
extra,N=50,F22,10,29,1.0070278323e+02
extra,N=20,F24,10,29,3.4089398640e+02
extra,N=20,F25,10,29,3.9961853314e+02
extra,N=20,F26,10,29,3.5540652220e+02
extra,N=20,F27,10,29,3.9428578484e+02
extra,N=20,F28,10,29,5.8379258121e+02
extra,N=20,F29,10,29,2.7388421505e+02
extra,N=20,F30,10,29,8.4084802259e+05
extra,N=50,F1,10,29,5.9400597838e+04
extra,N=100,F1,10,29,4.9626283198e+05
extra,N=100,F3,10,29,1.3424572721e+02
extra,N=100,F4,10,29,7.6608125233e+00
extra,N=100,F5,10,29,2.0102643526e+01
extra,N=100,F10,10,29,1.1736397389e+03
extra,N=100,F11,10,29,2.1567412988e+01
extra,N=100,F12,10,29,1.8341204282e+06
extra,N=100,F13,10,29,3.1276284176e+03
extra,N=100,F6,10,29,1.0589032408e+00
extra,N=100,F7,10,29,3.4825695345e+01
extra,N=100,F8,10,29,3.1884774366e+01
extra,N=100,F9,10,29,5.9489409388e-01
extra,N=50,F23,10,29,3.1474170202e+02
extra,N=50,F24,10,29,1.0408431865e+02
extra,N=50,F25,10,29,4.0099253889e+02
extra,N=50,F26,10,29,3.4716146080e+02
extra,N=100,F14,10,29,1.0746441909e+03
extra,N=100,F15,10,29,7.7730817737e+02
extra,N=100,F16,10,29,4.0461948059e+01
extra,N=100,F17,10,29,4.1334454084e+01
extra,N=100,F22,10,29,1.0242077011e+02
extra,N=100,F23,10,29,3.1674048112e+02
extra,N=100,F24,10,29,3.4868862257e+02
extra,N=100,F25,10,29,4.4360817526e+02
extra,N=100,F18,10,29,6.6810598832e+03
extra,N=100,F19,10,29,9.2544138240e+02
extra,N=100,F20,10,29,3.3009163652e+01
extra,N=100,F21,10,29,1.0593699334e+02
extra,N=100,F26,10,29,3.4774156184e+02
extra,N=100,F27,10,29,3.9604667555e+02
extra,N=100,F28,10,29,6.1189426825e+02
extra,N=100,F29,10,29,3.1432126453e+02
extra,N=50,F27,10,29,3.9563517422e+02
extra,N=50,F28,10,29,3.8050706276e+02
extra,N=50,F29,10,29,3.3748969725e+02
extra,N=50,F30,10,29,6.4927632331e+05
extra,N=100,F30,10,29,1.4895332807e+06
extra,beta=1.1,F1,10,29,5.5626009541e+03
extra,beta=1.1,F3,10,29,4.0399363491e+01
extra,beta=1.1,F4,10,29,5.5269011565e+00
extra,beta=1.1,F5,10,29,1.6672201673e+01
extra,beta=1.1,F6,10,29,8.7154242130e-01
extra,beta=1.1,F7,10,29,2.2623718363e+01
extra,beta=1.1,F8,10,29,6.9754041569e+00
extra,beta=1.1,F9,10,29,1.4589373615e+00
extra,beta=1.1,F10,10,29,4.9236511986e+02
extra,beta=1.1,F11,10,29,1.1617482780e+01
extra,beta=1.1,F12,10,29,8.1192636445e+06
extra,beta=1.1,F13,10,29,8.6781956954e+03
extra,beta=1.1,F14,10,29,1.6466326455e+02
extra,beta=1.1,F15,10,29,4.8494516661e+03
extra,beta=1.1,F16,10,29,4.2340225043e+01
extra,beta=1.1,F17,10,29,2.6168163255e+01
extra,beta=1.1,F18,10,29,1.0874166327e+04
extra,beta=1.1,F19,10,29,1.0034614929e+03
extra,beta=1.1,F20,10,29,2.6941592816e+01
extra,beta=1.3,F4,10,29,6.8067897322e+00
extra,beta=1.3,F5,10,29,1.6051740291e+01
extra,beta=1.3,F6,10,29,4.5135978468e-01
extra,beta=1.3,F7,10,29,2.3905766995e+01
extra,beta=1.3,F8,10,29,9.9985138826e+00
extra,beta=1.3,F9,10,29,6.5488647479e-03
extra,beta=1.3,F10,10,29,8.7907648364e+02
extra,beta=1.3,F11,10,29,9.3132109606e+00
extra,beta=1.1,F21,10,29,2.3252128623e+02
extra,beta=1.1,F22,10,29,1.0247094582e+02
extra,beta=1.1,F23,10,29,3.2581996805e+02
extra,beta=1.1,F24,10,29,3.4462130099e+02
extra,beta=1.3,F12,10,29,8.8889212622e+04
extra,beta=1.3,F13,10,29,1.3052169693e+04
extra,beta=1.3,F14,10,29,1.8879791565e+02
extra,beta=1.3,F15,10,29,8.3401783291e+02
extra,beta=1.3,F16,10,29,3.8963470799e+00
extra,beta=1.3,F17,10,29,4.2256503196e+01
extra,beta=1.3,F18,10,29,6.4956588401e+03
extra,beta=1.3,F19,10,29,9.8084899303e+01
extra,beta=1.1,F29,10,29,2.9907557032e+02
extra,beta=1.1,F30,10,29,1.2971585475e+06
extra,beta=1.3,F1,10,29,1.1467798922e+04
extra,beta=1.3,F3,10,29,2.5042819183e+02
extra,beta=1.1,F25,10,29,3.9873056420e+02
extra,beta=1.1,F26,10,29,3.0028415325e+02
extra,beta=1.1,F27,10,29,3.8996884162e+02
extra,beta=1.1,F28,10,29,4.2020168132e+02
extra,beta=1.5,F3,10,29,2.7955867973e+02
extra,beta=1.5,F4,10,29,7.2468952999e+00
extra,beta=1.5,F5,10,29,1.5813379889e+01
extra,beta=1.5,F6,10,29,5.9419247063e-01
extra,beta=1.5,F7,10,29,1.9186413311e+01
extra,beta=1.5,F8,10,29,1.1974722676e+01
extra,beta=1.5,F9,10,29,9.2276856106e-02
extra,beta=1.5,F10,10,29,7.3912602921e+02
extra,beta=1.3,F24,10,29,3.3657331679e+02
extra,beta=1.3,F25,10,29,4.0004491888e+02
extra,beta=1.3,F26,10,29,3.0028269510e+02
extra,beta=1.3,F27,10,29,3.9083595552e+02
extra,beta=1.3,F28,10,29,6.1182166619e+02
extra,beta=1.3,F29,10,29,2.5594210312e+02
extra,beta=1.3,F30,10,29,1.8135286176e+06
extra,beta=1.5,F1,10,29,1.2392562064e+03
extra,beta=1.3,F20,10,29,3.2873701914e+00
extra,beta=1.3,F21,10,29,2.1620884068e+02
extra,beta=1.3,F22,10,29,1.0008153303e+02
extra,beta=1.3,F23,10,29,3.2187651451e+02
extra,beta=1.5,F11,10,29,1.8918426615e+01
extra,beta=1.5,F12,10,29,2.1790439177e+06
extra,beta=1.5,F13,10,29,6.1468773469e+03
extra,beta=1.5,F14,10,29,1.3961813551e+02
extra,beta=1.5,F15,10,29,6.0838376927e+02
extra,beta=1.5,F16,10,29,1.2424287818e+02
extra,beta=1.5,F17,10,29,4.3387136756e+01
extra,beta=1.5,F18,10,29,1.5367980456e+03
extra,beta=1.9,F1,10,29,3.9230572279e+03
extra,beta=1.9,F3,10,29,5.1125564050e+02
extra,beta=1.9,F4,10,29,5.4063601023e+00
extra,beta=1.9,F5,10,29,4.9757460568e+00
extra,beta=1.9,F6,10,29,1.0148215038e-01
extra,beta=1.9,F7,10,29,2.7349063031e+01
extra,beta=1.9,F8,10,29,1.5941861821e+01
extra,beta=1.9,F9,10,29,1.4327499183e-01
extra,beta=1.5,F19,10,29,1.9055909615e+02
extra,beta=1.5,F20,10,29,3.4577091371e+01
extra,beta=1.5,F21,10,29,1.0616502466e+02
extra,beta=1.5,F22,10,29,1.0016882606e+02
extra,beta=1.5,F23,10,29,3.1896824485e+02
extra,beta=1.5,F24,10,29,3.4322950010e+02
extra,beta=1.5,F25,10,29,3.9854156815e+02
extra,beta=1.5,F26,10,29,3.0004738661e+02
extra,beta=1.9,F14,10,29,2.0983407481e+02
extra,beta=1.9,F15,10,29,4.0648600525e+03
extra,beta=1.9,F16,10,29,1.7066232149e+01
extra,beta=1.9,F17,10,29,4.2472531568e+01
extra,beta=1.9,F10,10,29,9.0283184240e+02
extra,beta=1.9,F11,10,29,5.8339754284e+00
extra,beta=1.9,F12,10,29,3.2963604089e+06
extra,beta=1.9,F13,10,29,8.8219366224e+02
extra,beta=1.5,F27,10,29,3.9252251452e+02
extra,beta=1.5,F28,10,29,3.6669546162e+02
extra,beta=1.5,F29,10,29,3.2203176661e+02
extra,beta=1.5,F30,10,29,2.0693792943e+05
extra,beta=1.9,F18,10,29,2.3853918737e+04
extra,beta=1.9,F19,10,29,1.0402916937e+02
extra,beta=1.9,F20,10,29,2.5006619072e+01
extra,beta=1.9,F21,10,29,1.0585945527e+02
extra,"stage=T/3,2T/3",F5,10,29,1.1536464096e+01
extra,"stage=T/3,2T/3",F6,10,29,1.8689914100e-01
extra,"stage=T/3,2T/3",F7,10,29,3.0843917616e+01
extra,"stage=T/3,2T/3",F8,10,29,1.7929668032e+01
extra,beta=1.9,F22,10,29,1.0052139191e+02
extra,beta=1.9,F23,10,29,3.1830639221e+02
extra,beta=1.9,F24,10,29,3.4736452559e+02
extra,beta=1.9,F25,10,29,4.4383349366e+02
extra,"stage=T/3,2T/3",F9,10,29,9.7500022935e-01
extra,"stage=T/3,2T/3",F10,10,29,4.9744116738e+02
extra,"stage=T/3,2T/3",F11,10,29,1.1747904707e+01
extra,"stage=T/3,2T/3",F12,10,29,4.6247933651e+04
extra,beta=1.9,F30,10,29,4.4666180116e+03
extra,"stage=T/3,2T/3",F1,10,29,2.9660388125e+04
extra,"stage=T/3,2T/3",F3,10,29,2.5776506559e+02
extra,"stage=T/3,2T/3",F4,10,29,2.2531594977e+00
extra,beta=1.9,F26,10,29,3.4714921659e+02
extra,beta=1.9,F27,10,29,3.8977651779e+02
extra,beta=1.9,F28,10,29,3.8487055859e+02
extra,beta=1.9,F29,10,29,2.8306394137e+02
extra,"stage=T/3,2T/3",F13,10,29,1.4696773130e+04
extra,"stage=T/3,2T/3",F14,10,29,1.4967478460e+02
extra,"stage=T/3,2T/3",F15,10,29,6.8708555748e+02
extra,"stage=T/3,2T/3",F16,10,29,1.4957806764e+01
extra,"stage=T/3,2T/3",F21,10,29,2.0559671967e+02
extra,"stage=T/3,2T/3",F22,10,29,1.0115200974e+02
extra,"stage=T/3,2T/3",F23,10,29,3.1088160409e+02
extra,"stage=T/3,2T/3",F24,10,29,3.3814209939e+02
extra,"stage=T/3,2T/3",F17,10,29,2.6737101213e+01
extra,"stage=T/3,2T/3",F18,10,29,6.3974699833e+03
extra,"stage=T/3,2T/3",F19,10,29,3.4268315081e+02
extra,"stage=T/3,2T/3",F20,10,29,3.5861742915e+01
extra,"stage=T/4,3T/4",F4,10,29,6.2349373400e+00
extra,"stage=T/4,3T/4",F5,10,29,3.6720603895e+00
extra,"stage=T/4,3T/4",F6,10,29,3.7195267705e+00
extra,"stage=T/4,3T/4",F7,10,29,2.3157437831e+01
extra,"stage=T/3,2T/3",F29,10,29,2.5664901530e+02
extra,"stage=T/3,2T/3",F30,10,29,2.8195764781e+04
extra,"stage=T/4,3T/4",F1,10,29,2.5955076788e+02
extra,"stage=T/4,3T/4",F3,10,29,3.1947299786e+02
extra,"stage=T/4,3T/4",F8,10,29,8.9596317003e+00
extra,"stage=T/4,3T/4",F9,10,29,8.9638074834e-02
extra,"stage=T/4,3T/4",F10,10,29,6.9524830457e+02
extra,"stage=T/4,3T/4",F11,10,29,7.9357969488e+00
extra,"stage=T/4,3T/4",F12,10,29,2.2236097390e+05
extra,"stage=T/4,3T/4",F13,10,29,1.3471202123e+04
extra,"stage=T/4,3T/4",F14,10,29,1.5192675682e+02
extra,"stage=T/4,3T/4",F15,10,29,1.7625767782e+03
extra,"stage=T/3,2T/3",F25,10,29,4.0151106204e+02
extra,"stage=T/3,2T/3",F26,10,29,3.4725828426e+02
extra,"stage=T/3,2T/3",F27,10,29,3.9031705585e+02
extra,"stage=T/3,2T/3",F28,10,29,3.7490792458e+02
extra,"stage=T/4,3T/4",F20,10,29,1.0717863338e+01
extra,"stage=T/4,3T/4",F21,10,29,2.2506699988e+02
extra,"stage=T/4,3T/4",F22,10,29,1.0043168061e+02
extra,"stage=T/4,3T/4",F23,10,29,3.1248455552e+02
extra,"stage=T/4,3T/4",F16,10,29,1.3340421324e+02
extra,"stage=T/4,3T/4",F17,10,29,4.6344952060e+01
extra,"stage=T/4,3T/4",F18,10,29,1.8601672157e+04
extra,"stage=T/4,3T/4",F19,10,29,2.8554490370e+03
extra,"stage=T/2,3T/4",F3,10,29,4.1249364253e+02
extra,"stage=T/2,3T/4",F4,10,29,5.5510467565e+00
extra,"stage=T/2,3T/4",F5,10,29,1.2082007775e+01
extra,"stage=T/2,3T/4",F6,10,29,5.9709836726e-01
extra,"stage=T/4,3T/4",F24,10,29,3.3817789969e+02
extra,"stage=T/4,3T/4",F25,10,29,4.0038663575e+02
extra,"stage=T/4,3T/4",F26,10,29,3.9789025858e+02
extra,"stage=T/4,3T/4",F27,10,29,3.8972938309e+02
extra,"stage=T/2,3T/4",F7,10,29,2.8716676795e+01
extra,"stage=T/2,3T/4",F8,10,29,1.0961733553e+01
extra,"stage=T/2,3T/4",F9,10,29,8.8318145164e-03
extra,"stage=T/2,3T/4",F10,10,29,4.5841664456e+02
extra,"stage=T/4,3T/4",F28,10,29,3.6861829438e+02
extra,"stage=T/4,3T/4",F29,10,29,2.5878875545e+02
extra,"stage=T/4,3T/4",F30,10,29,1.2408226871e+06
extra,"stage=T/2,3T/4",F1,10,29,5.9797100063e+04
extra,"stage=T/2,3T/4",F11,10,29,8.7074696487e+00
extra,"stage=T/2,3T/4",F12,10,29,8.5055089603e+05
extra,"stage=T/2,3T/4",F13,10,29,1.7749690021e+03
extra,"stage=T/2,3T/4",F14,10,29,3.5917882023e+02
extra,"stage=T/2,3T/4",F15,10,29,7.8080910676e+02
extra,"stage=T/2,3T/4",F16,10,29,5.1644465193e+00
extra,"stage=T/2,3T/4",F17,10,29,2.3834798659e+01
extra,"stage=T/2,3T/4",F18,10,29,1.8654006747e+04
extra,"stage=T/5,4T/5",F1,10,29,1.2194048275e+03
extra,"stage=T/5,4T/5",F3,10,29,1.0178855003e+02
extra,"stage=T/5,4T/5",F4,10,29,6.0985007957e+00
extra,"stage=T/5,4T/5",F5,10,29,1.2760588208e+01
extra,"stage=T/2,3T/4",F19,10,29,1.1736576411e+03
extra,"stage=T/2,3T/4",F20,10,29,3.0259055383e+01
extra,"stage=T/2,3T/4",F21,10,29,2.1513202271e+02
extra,"stage=T/2,3T/4",F22,10,29,1.0050208649e+02
extra,"stage=T/5,4T/5",F6,10,29,9.0369124203e-02
extra,"stage=T/5,4T/5",F7,10,29,2.0477648269e+01
extra,"stage=T/5,4T/5",F8,10,29,1.8210682774e+01
extra,"stage=T/5,4T/5",F9,10,29,1.6994123666e-04
extra,"stage=T/5,4T/5",F10,10,29,4.8690003184e+02
extra,"stage=T/5,4T/5",F11,10,29,1.3762515422e+01
extra,"stage=T/5,4T/5",F12,10,29,2.5320536920e+06
extra,"stage=T/5,4T/5",F13,10,29,2.3973929912e+03
extra,"stage=T/2,3T/4",F23,10,29,3.1304442770e+02
extra,"stage=T/2,3T/4",F24,10,29,1.0266272016e+02
extra,"stage=T/2,3T/4",F25,10,29,4.0090274070e+02
extra,"stage=T/2,3T/4",F26,10,29,3.0010519456e+02
extra,"stage=T/2,3T/4",F27,10,29,3.9248182307e+02
extra,"stage=T/2,3T/4",F28,10,29,6.1182169450e+02
extra,"stage=T/2,3T/4",F29,10,29,2.4323473747e+02
extra,"stage=T/2,3T/4",F30,10,29,8.6799596022e+05
extra,"stage=T/5,4T/5",F14,10,29,3.1695441108e+02
extra,"stage=T/5,4T/5",F15,10,29,1.5092126803e+03
extra,"stage=T/5,4T/5",F16,10,29,1.2869009445e+01
extra,"stage=T/5,4T/5",F17,10,29,2.5311587597e+01
extra,"stage=T/5,4T/5",F18,10,29,1.3903190315e+04
extra,"stage=T/5,4T/5",F19,10,29,2.7013711516e+03
extra,"stage=T/5,4T/5",F20,10,29,3.2640410645e+01
extra,"stage=T/5,4T/5",F21,10,29,1.0549234531e+02
extra,"stage=T/5,4T/5",F30,10,29,4.1303122367e+05
extra,"k: nu=1/2,mu=10",F1,10,29,8.1388890387e+04
extra,"k: nu=1/2,mu=10",F3,10,29,2.9745079440e+02
extra,"k: nu=1/2,mu=10",F4,10,29,7.1023474800e+00
extra,"stage=T/5,4T/5",F22,10,29,1.0127860997e+02
extra,"stage=T/5,4T/5",F23,10,29,3.3202591951e+02
extra,"stage=T/5,4T/5",F24,10,29,3.3459507892e+02
extra,"stage=T/5,4T/5",F25,10,29,3.9821815355e+02
extra,"k: nu=1/2,mu=10",F5,10,29,1.5076850154e+01
extra,"k: nu=1/2,mu=10",F6,10,29,2.3817342813e-01
extra,"k: nu=1/2,mu=10",F7,10,29,2.4807405294e+01
extra,"k: nu=1/2,mu=10",F8,10,29,8.5154920882e+00
extra,"k: nu=1/2,mu=10",F9,10,29,1.1774737426e-02
extra,"k: nu=1/2,mu=10",F10,10,29,5.3944234299e+02
extra,"k: nu=1/2,mu=10",F11,10,29,5.4803623324e+00
extra,"k: nu=1/2,mu=10",F12,10,29,1.4251040074e+06
extra,"k: nu=1/2,mu=10",F13,10,29,1.7879258511e+04
extra,"k: nu=1/2,mu=10",F14,10,29,1.3595771145e+02
extra,"k: nu=1/2,mu=10",F15,10,29,4.3597928693e+03
extra,"k: nu=1/2,mu=10",F16,10,29,3.8896280021e+01
extra,"stage=T/5,4T/5",F26,10,29,3.0016475036e+02
extra,"stage=T/5,4T/5",F27,10,29,3.9065259892e+02
extra,"stage=T/5,4T/5",F28,10,29,5.8374572077e+02
extra,"stage=T/5,4T/5",F29,10,29,3.1948004512e+02
extra,"k: nu=1/2,mu=10",F17,10,29,8.1644764647e+00
extra,"k: nu=1/2,mu=10",F18,10,29,2.3829823787e+03
extra,"k: nu=1/2,mu=10",F19,10,29,7.6703627979e+02
extra,"k: nu=1/2,mu=10",F20,10,29,3.0162044525e+01
extra,"k: nu=1,mu=10",F4,10,29,7.2782208424e+00
extra,"k: nu=1,mu=10",F5,10,29,1.0178199925e+01
extra,"k: nu=1,mu=10",F6,10,29,8.9203884614e-01
extra,"k: nu=1,mu=10",F7,10,29,2.5237488817e+01
extra,"k: nu=1/2,mu=10",F21,10,29,1.0457651265e+02
extra,"k: nu=1/2,mu=10",F22,10,29,1.0160683368e+02
extra,"k: nu=1/2,mu=10",F23,10,29,3.1214910979e+02
extra,"k: nu=1/2,mu=10",F24,10,29,1.0372748661e+02
extra,"k: nu=1,mu=10",F8,10,29,1.4941531493e+01
extra,"k: nu=1,mu=10",F9,10,29,2.9538042550e-03
extra,"k: nu=1,mu=10",F10,10,29,7.7533858329e+02
extra,"k: nu=1,mu=10",F11,10,29,7.8902580537e+00
extra,"k: nu=1/2,mu=10",F29,10,29,3.1667281273e+02
extra,"k: nu=1/2,mu=10",F30,10,29,2.6414059498e+05
extra,"k: nu=1,mu=10",F1,10,29,5.0198564779e+02
extra,"k: nu=1,mu=10",F3,10,29,3.5834813291e+02
extra,"k: nu=1/2,mu=10",F25,10,29,3.9968059845e+02
extra,"k: nu=1/2,mu=10",F26,10,29,3.0011514794e+02
extra,"k: nu=1/2,mu=10",F27,10,29,3.9714627198e+02
extra,"k: nu=1/2,mu=10",F28,10,29,4.2501089222e+02
extra,"k: nu=1,mu=10",F12,10,29,5.1044110559e+05
extra,"k: nu=1,mu=10",F13,10,29,1.0492218338e+03
extra,"k: nu=1,mu=10",F14,10,29,9.4205440914e+01
extra,"k: nu=1,mu=10",F15,10,29,6.8976949184e+03
extra,"k: nu=1,mu=10",F16,10,29,2.6058845681e+02
extra,"k: nu=1,mu=10",F17,10,29,4.3039238167e+01
extra,"k: nu=1,mu=10",F18,10,29,3.8753916552e+03
extra,"k: nu=1,mu=10",F19,10,29,9.5239065183e+03
extra,"k: nu=1/2,mu=5",F3,10,29,1.6200788384e+02
extra,"k: nu=1/2,mu=5",F4,10,29,4.8794799738e+00
extra,"k: nu=1/2,mu=5",F5,10,29,1.4633304920e+01
extra,"k: nu=1/2,mu=5",F6,10,29,3.3870673575e-01
extra,"k: nu=1,mu=10",F20,10,29,4.0268837427e+01
extra,"k: nu=1,mu=10",F21,10,29,2.0790226856e+02
extra,"k: nu=1,mu=10",F22,10,29,1.0054761530e+02
extra,"k: nu=1,mu=10",F23,10,29,3.1409510524e+02
extra,"k: nu=1/2,mu=5",F7,10,29,1.9190301028e+01
extra,"k: nu=1/2,mu=5",F8,10,29,7.9650746454e+00
extra,"k: nu=1/2,mu=5",F9,10,29,2.2615709409e-01
extra,"k: nu=1/2,mu=5",F10,10,29,9.1589090503e+02
extra,"k: nu=1/2,mu=5",F11,10,29,6.1171924272e+00
extra,"k: nu=1/2,mu=5",F12,10,29,7.6104432100e+06
extra,"k: nu=1/2,mu=5",F13,10,29,9.9725066435e+03
extra,"k: nu=1/2,mu=5",F14,10,29,1.6781787792e+02
extra,"k: nu=1,mu=10",F24,10,29,3.3900162274e+02
extra,"k: nu=1,mu=10",F25,10,29,4.0192004081e+02
extra,"k: nu=1,mu=10",F26,10,29,3.0033637872e+02
extra,"k: nu=1,mu=10",F27,10,29,3.8954762811e+02
extra,"k: nu=1,mu=10",F28,10,29,3.7078842735e+02
extra,"k: nu=1,mu=10",F29,10,29,2.6420597210e+02
extra,"k: nu=1,mu=10",F30,10,29,8.2094166881e+05
extra,"k: nu=1/2,mu=5",F1,10,29,3.1606213183e+03
extra,"k: nu=1/2,mu=5",F15,10,29,6.7836119520e+02
extra,"k: nu=1/2,mu=5",F16,10,29,4.9069821884e+00
extra,"k: nu=1/2,mu=5",F17,10,29,2.9641939994e+01
extra,"k: nu=1/2,mu=5",F18,10,29,1.0150113293e+04
extra,"k: nu=1/2,mu=20",F1,10,29,7.2464537214e+03
extra,"k: nu=1/2,mu=20",F3,10,29,1.5650508930e+02
extra,"k: nu=1/2,mu=20",F4,10,29,6.7362879709e+00
extra,"k: nu=1/2,mu=20",F5,10,29,9.2103510944e+00
extra,"k: nu=1/2,mu=5",F19,10,29,3.8707764332e+03
extra,"k: nu=1/2,mu=5",F20,10,29,3.3280576491e+01
extra,"k: nu=1/2,mu=5",F21,10,29,2.0975017263e+02
extra,"k: nu=1/2,mu=5",F22,10,29,1.0124732628e+02
extra,"k: nu=1/2,mu=20",F6,10,29,1.3720438639e-01
extra,"k: nu=1/2,mu=20",F7,10,29,2.2108376023e+01
extra,"k: nu=1/2,mu=20",F8,10,29,1.6614140079e+01
extra,"k: nu=1/2,mu=20",F9,10,29,1.9648949597e-03
extra,"k: nu=1/2,mu=5",F23,10,29,3.1608386116e+02
extra,"k: nu=1/2,mu=5",F24,10,29,3.5268785158e+02
extra,"k: nu=1/2,mu=5",F25,10,29,4.4424915080e+02
extra,"k: nu=1/2,mu=5",F26,10,29,3.0012652121e+02
extra,"k: nu=1/2,mu=20",F10,10,29,5.1582355869e+02
extra,"k: nu=1/2,mu=20",F11,10,29,3.3517355081e+00
extra,"k: nu=1/2,mu=20",F12,10,29,5.2054063423e+04
extra,"k: nu=1/2,mu=20",F13,10,29,7.7907563432e+03
extra,"k: nu=1/2,mu=20",F14,10,29,3.1558834063e+02
extra,"k: nu=1/2,mu=20",F15,10,29,3.2683725697e+03
extra,"k: nu=1/2,mu=20",F16,10,29,3.3012495189e+00
extra,"k: nu=1/2,mu=20",F17,10,29,3.9426163458e+01
extra,"k: nu=1/2,mu=5",F27,10,29,3.9836544617e+02
extra,"k: nu=1/2,mu=5",F28,10,29,6.1182166866e+02
extra,"k: nu=1/2,mu=5",F29,10,29,2.9627936570e+02
extra,"k: nu=1/2,mu=5",F30,10,29,3.4918860748e+03
extra,"k: nu=1/2,mu=20",F18,10,29,3.8116779160e+03
extra,"k: nu=1/2,mu=20",F19,10,29,5.5893800351e+01
extra,"k: nu=1/2,mu=20",F20,10,29,4.2516998517e+01
extra,"k: nu=1/2,mu=20",F21,10,29,2.0531945032e+02
extra,"k: nu=1/2,mu=20",F22,10,29,1.0124673873e+02
extra,"k: nu=1/2,mu=20",F23,10,29,3.1953916013e+02
extra,"k: nu=1/2,mu=20",F24,10,29,1.0258348347e+02
extra,"k: nu=1/2,mu=20",F25,10,29,3.9959247707e+02
extra,k=1 (plain OBL),F5,10,29,1.8915071291e+01
extra,k=1 (plain OBL),F6,10,29,9.8786109614e-01
extra,k=1 (plain OBL),F7,10,29,1.9331393385e+01
extra,k=1 (plain OBL),F8,10,29,7.1500111051e+00
extra,"k: nu=1/2,mu=20",F30,10,29,8.2833379355e+05
extra,k=1 (plain OBL),F1,10,29,3.4031564996e+03
extra,k=1 (plain OBL),F3,10,29,1.3356863702e+02
extra,k=1 (plain OBL),F4,10,29,6.4752587365e+00
extra,k=1 (plain OBL),F9,10,29,8.6517157000e-03
extra,k=1 (plain OBL),F10,10,29,5.5384027235e+02
extra,k=1 (plain OBL),F11,10,29,4.2386080495e+00
extra,k=1 (plain OBL),F12,10,29,1.1367159182e+05
extra,k=1 (plain OBL),F13,10,29,2.6831111761e+04
extra,k=1 (plain OBL),F14,10,29,2.3439201025e+02
extra,k=1 (plain OBL),F15,10,29,3.8770738569e+03
extra,k=1 (plain OBL),F16,10,29,3.6420662600e+00
extra,"k: nu=1/2,mu=20",F26,10,29,4.0119356629e+02
extra,"k: nu=1/2,mu=20",F27,10,29,3.9734492661e+02
extra,"k: nu=1/2,mu=20",F28,10,29,5.0624141810e+02
extra,"k: nu=1/2,mu=20",F29,10,29,2.9062868784e+02
extra,k=1 (plain OBL),F17,10,29,4.6862766807e+01
extra,k=1 (plain OBL),F18,10,29,4.1380001808e+03
extra,k=1 (plain OBL),F19,10,29,1.3696503367e+03
extra,k=1 (plain OBL),F20,10,29,2.5070851350e+01
extra,k=1 (plain OBL),F21,10,29,1.0596684520e+02
extra,k=1 (plain OBL),F22,10,29,1.0153291443e+02
extra,k=1 (plain OBL),F23,10,29,3.0489378589e+02
extra,k=1 (plain OBL),F24,10,29,3.4165681966e+02
extra,k=1 (plain OBL),F25,10,29,3.9966304331e+02
extra,k=1 (plain OBL),F26,10,29,3.4714972177e+02
extra,k=1 (plain OBL),F27,10,29,3.8994948676e+02
extra,k=1 (plain OBL),F28,10,29,3.7813066616e+02
extra,k=1 (plain OBL),F29,10,29,2.4742700379e+02
extra,k=1 (plain OBL),F30,10,29,6.9077107466e+05
extra,N=10,F1,30,0,1.6799894654e+05
extra,N=10,F3,30,0,1.9061558699e+04
extra,N=10,F4,30,0,1.3444380863e+02
extra,N=10,F5,30,0,1.2124441687e+02
extra,N=10,F6,30,0,3.3734227618e+01
extra,N=10,F7,30,0,1.9393757567e+02
extra,N=10,F8,30,0,8.5283353028e+01
extra,N=10,F9,30,0,2.1863825334e+03
extra,N=10,F10,30,0,2.3706540089e+03
extra,N=10,F11,30,0,1.5900859866e+02
extra,N=10,F12,30,0,2.8882755079e+06
extra,N=10,F13,30,0,6.4390986768e+03
extra,N=10,F14,30,0,5.8171588180e+03
extra,N=10,F15,30,0,2.2413942222e+04
extra,N=10,F16,30,0,4.9999890022e+02
extra,N=10,F17,30,0,1.3461612626e+02
extra,N=10,F18,30,0,1.0003741415e+06
extra,N=10,F19,30,0,5.2462535252e+03
extra,N=20,F3,30,0,4.3774499307e+04
extra,N=20,F4,30,0,1.1531193751e+02
extra,N=20,F5,30,0,7.0649148832e+01
extra,N=20,F6,30,0,1.5674778499e+01
extra,N=20,F7,30,0,1.4363916550e+02
extra,N=20,F8,30,0,8.4146565435e+01
extra,N=20,F9,30,0,4.5684126476e+02
extra,N=20,F10,30,0,3.3533089239e+03
extra,N=10,F20,30,0,2.4402634257e+02
extra,N=10,F21,30,0,3.2471205889e+02
extra,N=10,F22,30,0,1.2235580972e+02
extra,N=10,F23,30,0,4.3843480176e+02
extra,N=20,F11,30,0,1.2375153535e+02
extra,N=20,F12,30,0,8.3628299875e+05
extra,N=20,F13,30,0,2.6799171432e+04
extra,N=20,F14,30,0,1.2568687435e+04
extra,N=20,F15,30,0,5.3746319259e+03
extra,N=20,F16,30,0,9.8377706795e+02
extra,N=20,F17,30,0,5.9441839182e+02
extra,N=20,F18,30,0,7.1591670843e+05
extra,N=10,F24,30,0,6.0076628258e+02
extra,N=10,F25,30,0,3.8803775458e+02
extra,N=10,F26,30,0,3.7053980138e+03
extra,N=10,F27,30,0,5.2315869205e+02
extra,N=20,F19,30,0,2.0106791999e+03
extra,N=20,F20,30,0,1.9498468892e+02
extra,N=20,F21,30,0,2.7184700648e+02
extra,N=20,F22,30,0,1.0104850717e+02
extra,N=10,F28,30,0,4.1342571018e+02
extra,N=10,F29,30,0,9.7560186607e+02
extra,N=10,F30,30,0,5.3394993403e+03
extra,N=20,F1,30,0,1.0696294880e+04
extra,N=50,F1,30,0,2.6837254531e+06
extra,N=50,F3,30,0,3.5769781352e+04
extra,N=50,F4,30,0,9.4841269094e+01
extra,N=50,F5,30,0,7.3349642445e+01
extra,N=50,F6,30,0,4.6888652335e+00
extra,N=50,F7,30,0,1.1661332956e+02
extra,N=50,F8,30,0,9.5912894097e+01
extra,N=50,F9,30,0,3.4820347258e+01
extra,N=50,F10,30,0,4.2189354145e+03
extra,N=50,F11,30,0,6.6022339207e+01
extra,N=50,F12,30,0,3.0852872584e+06
extra,N=50,F13,30,0,8.1630437178e+02
extra,N=20,F23,30,0,4.9165425967e+02
extra,N=20,F24,30,0,4.8476012917e+02
extra,N=20,F25,30,0,3.8417425620e+02
extra,N=20,F26,30,0,3.1817349856e+02
extra,N=50,F14,30,0,3.8763387824e+04
extra,N=50,F15,30,0,8.2809510236e+04
extra,N=50,F16,30,0,1.3012758204e+03
extra,N=50,F17,30,0,4.9456372788e+02
extra,N=50,F18,30,0,5.6627592584e+05
extra,N=50,F19,30,0,3.9210038348e+03
extra,N=50,F20,30,0,6.7937769453e+02
extra,N=50,F21,30,0,2.7205823326e+02
extra,N=20,F27,30,0,5.3813819520e+02
extra,N=20,F28,30,0,4.3204670101e+02
extra,N=20,F29,30,0,7.1761747793e+02
extra,N=20,F30,30,0,4.6971967454e+03
extra,N=50,F22,30,0,1.0647060891e+02
extra,N=50,F23,30,0,3.8093107370e+02
extra,N=50,F24,30,0,4.6451925568e+02
extra,N=50,F25,30,0,4.3980683617e+02
extra,N=50,F30,30,0,1.0658590370e+05
extra,N=100,F1,30,0,9.4795395677e+07
extra,N=100,F3,30,0,3.4679049523e+04
extra,N=100,F4,30,0,1.1386155695e+02
extra,N=100,F5,30,0,5.5782348408e+01
extra,N=100,F6,30,0,3.8612391444e+00
extra,N=100,F7,30,0,1.7236630539e+02
extra,N=100,F8,30,0,6.8492275849e+01
extra,N=100,F9,30,0,7.0482636206e+01
extra,N=100,F10,30,0,4.5764685413e+03
extra,N=100,F11,30,0,1.6464050964e+02
extra,N=100,F12,30,0,3.8610853527e+06
extra,N=100,F13,30,0,2.2482004109e+04
extra,N=100,F14,30,0,7.6649290662e+04
extra,N=100,F15,30,0,3.9606844066e+03
extra,N=100,F16,30,0,6.9648182001e+02
extra,N=50,F26,30,0,1.8425136438e+03
extra,N=50,F27,30,0,5.2674871990e+02
extra,N=50,F28,30,0,4.2931267472e+02
extra,N=50,F29,30,0,1.0033615764e+03
extra,N=100,F17,30,0,1.2985929680e+02
extra,N=100,F18,30,0,4.5470470778e+05
extra,N=100,F19,30,0,1.8586853031e+04
extra,N=100,F20,30,0,3.8164855083e+02
extra,N=100,F21,30,0,2.4813415229e+02
extra,N=100,F22,30,0,1.1287958920e+02
extra,N=100,F23,30,0,4.1558715750e+02
extra,N=100,F24,30,0,5.0090141986e+02
extra,beta=1.1,F4,30,0,1.1422406670e+02
extra,beta=1.1,F5,30,0,8.2685508021e+01
extra,beta=1.1,F6,30,0,1.2351347726e+01
extra,beta=1.1,F7,30,0,1.1385208076e+02
extra,N=100,F29,30,0,8.1382717884e+02
extra,N=100,F30,30,0,2.5836500363e+05
extra,beta=1.1,F1,30,0,1.5198744807e+05
extra,beta=1.1,F3,30,0,2.3242188900e+04
extra,N=100,F25,30,0,4.4501654346e+02
extra,N=100,F26,30,0,1.5825456130e+03
extra,N=100,F27,30,0,5.0644496348e+02
extra,N=100,F28,30,0,5.0606847319e+02
extra,beta=1.1,F8,30,0,6.6897114726e+01
extra,beta=1.1,F9,30,0,1.1048460713e+02
extra,beta=1.1,F10,30,0,3.2137031404e+03
extra,beta=1.1,F11,30,0,8.5012969662e+01
extra,beta=1.1,F12,30,0,1.0677596585e+06
extra,beta=1.1,F13,30,0,3.9470077333e+04
extra,beta=1.1,F14,30,0,3.6301892013e+04
extra,beta=1.1,F15,30,0,3.0838260034e+03
extra,beta=1.1,F16,30,0,1.1552743952e+03
extra,beta=1.1,F17,30,0,2.1631336308e+02
extra,beta=1.1,F18,30,0,7.0374858252e+04
extra,beta=1.1,F19,30,0,2.5218961796e+03
extra,beta=1.3,F3,30,0,2.9945203364e+04
extra,beta=1.3,F4,30,0,7.5442412462e+01
extra,beta=1.3,F5,30,0,8.5292869486e+01
extra,beta=1.3,F6,30,0,1.7743131843e+01
extra,beta=1.1,F20,30,0,4.5291920542e+02
extra,beta=1.1,F21,30,0,2.5607406512e+02
extra,beta=1.1,F22,30,0,1.0145200628e+02
extra,beta=1.1,F23,30,0,4.3741594460e+02
extra,beta=1.3,F7,30,0,1.6921360606e+02
extra,beta=1.3,F8,30,0,7.2872889574e+01
extra,beta=1.3,F9,30,0,2.9800406927e+02
extra,beta=1.3,F10,30,0,4.6308437344e+03
extra,beta=1.1,F24,30,0,4.6571039170e+02
extra,beta=1.1,F25,30,0,4.2231410411e+02
extra,beta=1.1,F26,30,0,1.8261461300e+03
extra,beta=1.1,F27,30,0,5.0363141226e+02
extra,beta=1.3,F11,30,0,1.4446630623e+02
extra,beta=1.3,F12,30,0,4.4572595294e+05
extra,beta=1.3,F13,30,0,1.4671251949e+03
extra,beta=1.3,F14,30,0,2.6151336177e+04
extra,beta=1.1,F28,30,0,4.2444308058e+02
extra,beta=1.1,F29,30,0,6.3519811965e+02
extra,beta=1.1,F30,30,0,7.7624110054e+04
extra,beta=1.3,F1,30,0,6.9907177327e+04
extra,beta=1.3,F15,30,0,5.6765892639e+02
extra,beta=1.3,F16,30,0,5.5816694030e+02
extra,beta=1.3,F17,30,0,1.1824888355e+02
extra,beta=1.3,F18,30,0,5.7493890505e+05
extra,beta=1.5,F1,30,0,2.9908426190e+05
extra,beta=1.5,F3,30,0,3.4145282047e+04
extra,beta=1.5,F4,30,0,8.8903847767e+01
extra,beta=1.5,F5,30,0,6.2312991160e+01
extra,beta=1.3,F19,30,0,6.0560082188e+03
extra,beta=1.3,F20,30,0,1.3512510894e+02
extra,beta=1.3,F21,30,0,2.7321007823e+02
extra,beta=1.3,F22,30,0,1.0373551267e+02
extra,beta=1.5,F6,30,0,1.9563461952e+01
extra,beta=1.5,F7,30,0,1.2305404147e+02
extra,beta=1.5,F8,30,0,5.7155315111e+01
extra,beta=1.5,F9,30,0,1.2688970447e+02
extra,beta=1.3,F23,30,0,3.8232421370e+02
extra,beta=1.3,F24,30,0,4.8055775285e+02
extra,beta=1.3,F25,30,0,3.8438709651e+02
extra,beta=1.3,F26,30,0,1.7153958217e+03
extra,beta=1.5,F10,30,0,3.3092372233e+03
extra,beta=1.5,F11,30,0,7.5020022474e+01
extra,beta=1.5,F12,30,0,6.3473259204e+05
extra,beta=1.5,F13,30,0,2.6938885582e+03
extra,beta=1.5,F14,30,0,1.0327213832e+04
extra,beta=1.5,F15,30,0,3.5871885210e+04
extra,beta=1.5,F16,30,0,6.4950704059e+02
extra,beta=1.5,F17,30,0,1.4721163465e+02
extra,beta=1.3,F27,30,0,5.2338290923e+02
extra,beta=1.3,F28,30,0,4.1168399132e+02
extra,beta=1.3,F29,30,0,1.0697397385e+03
extra,beta=1.3,F30,30,0,5.4994625808e+03
extra,beta=1.5,F18,30,0,1.3478240251e+06
extra,beta=1.5,F19,30,0,4.1743984665e+04
extra,beta=1.5,F20,30,0,3.4182968006e+02
extra,beta=1.5,F21,30,0,2.4496454440e+02
extra,beta=1.9,F5,30,0,4.6411222846e+01
extra,beta=1.9,F6,30,0,4.1448342963e+00
extra,beta=1.9,F7,30,0,1.2011262613e+02
extra,beta=1.9,F8,30,0,9.6098816034e+01
extra,beta=1.5,F22,30,0,1.0329933712e+02
extra,beta=1.5,F23,30,0,3.9711014045e+02
extra,beta=1.5,F24,30,0,4.9237640881e+02
extra,beta=1.5,F25,30,0,4.1265199404e+02
extra,beta=1.5,F30,30,0,1.3352532179e+04
extra,beta=1.9,F1,30,0,3.6822938036e+04
extra,beta=1.9,F3,30,0,4.3462959044e+04
extra,beta=1.9,F4,30,0,1.2061903692e+02
extra,beta=1.9,F9,30,0,3.5207868594e+02
extra,beta=1.9,F10,30,0,5.6310151458e+03
extra,beta=1.9,F11,30,0,7.0158687036e+01
extra,beta=1.9,F12,30,0,1.0742885851e+06
