study,algo,problem,dim,run,value
weights,MSSBOA,W1 (equal)|DL01,0,0,8.8902871502e-01
weights,MSSBOA,W1 (equal)|DL02,0,0,8.7213859162e-01
weights,MSSBOA,W1 (equal)|DL03,0,0,8.4093876804e-01
weights,MSSBOA,W1 (equal)|DL04,0,0,8.7524959581e-01
weights,MSSBOA,W0 (Ngo)|DL01,0,0,9.1557240747e-01
weights,MSSBOA,W0 (Ngo)|DL02,0,0,9.0600190919e-01
weights,MSSBOA,W0 (Ngo)|DL03,0,0,8.7324507640e-01
weights,MSSBOA,W0 (Ngo)|DL04,0,0,9.2305208524e-01
weights,MSSBOA,W1 (equal)|DL05,0,0,9.2824291990e-01
weights,MSSBOA,W1 (equal)|DL06,0,0,8.5946464222e-01
weights,MSSBOA,W1 (equal)|DL07,0,0,8.7105801861e-01
weights,MSSBOA,W1 (equal)|DL08,0,0,8.6585765603e-01
weights,MSSBOA,W0 (Ngo)|DL05,0,0,9.3239874229e-01
weights,MSSBOA,W0 (Ngo)|DL06,0,0,9.1089622802e-01
weights,MSSBOA,W0 (Ngo)|DL07,0,0,9.0876475487e-01
weights,MSSBOA,W0 (Ngo)|DL08,0,0,8.9939352730e-01
weights,MSSBOA,W2 (balance)|DL01,0,0,9.4222866255e-01
weights,MSSBOA,W2 (balance)|DL02,0,0,9.2775738293e-01
weights,MSSBOA,W2 (balance)|DL03,0,0,9.1395880052e-01
weights,MSSBOA,W2 (balance)|DL04,0,0,9.4715040144e-01
weights,MSSBOA,W3 (overlap)|DL01,0,0,9.2263311589e-01
weights,MSSBOA,W3 (overlap)|DL02,0,0,9.2478136556e-01
weights,MSSBOA,W3 (overlap)|DL03,0,0,9.1196760930e-01
weights,MSSBOA,W3 (overlap)|DL04,0,0,9.2165423861e-01
weights,MSSBOA,W2 (balance)|DL05,0,0,9.4984559299e-01
weights,MSSBOA,W2 (balance)|DL06,0,0,9.2996475844e-01
weights,MSSBOA,W2 (balance)|DL07,0,0,9.3667054249e-01
weights,MSSBOA,W2 (balance)|DL08,0,0,9.3047416955e-01
weights,MSSBOA,W3 (overlap)|DL05,0,0,9.3510428698e-01
weights,MSSBOA,W3 (overlap)|DL06,0,0,9.4774983866e-01
weights,MSSBOA,W3 (overlap)|DL07,0,0,9.2680372185e-01
weights,MSSBOA,W3 (overlap)|DL08,0,0,9.2283085405e-01
weights,SBOA,W0 (Ngo)|DL01,0,0,9.1674422732e-01
weights,SBOA,W0 (Ngo)|DL02,0,0,9.0407932552e-01
weights,SBOA,W0 (Ngo)|DL03,0,0,8.8071699821e-01
weights,SBOA,W0 (Ngo)|DL04,0,0,9.1725026289e-01
weights,SBOA,W0 (Ngo)|DL05,0,0,9.3843649763e-01
weights,SBOA,W0 (Ngo)|DL06,0,0,9.2862133345e-01
weights,SBOA,W0 (Ngo)|DL07,0,0,8.7873448235e-01
weights,SBOA,W0 (Ngo)|DL08,0,0,8.9858364563e-01
weights,MSSBOA,W4 (structure)|DL01,0,0,9.1449278879e-01
weights,MSSBOA,W4 (structure)|DL02,0,0,9.1080665469e-01
weights,MSSBOA,W4 (structure)|DL03,0,0,9.0075573933e-01
weights,MSSBOA,W4 (structure)|DL04,0,0,9.2656725816e-01
weights,MSSBOA,W4 (structure)|DL05,0,0,9.4340158472e-01
weights,MSSBOA,W4 (structure)|DL06,0,0,9.4684416360e-01
weights,MSSBOA,W4 (structure)|DL07,0,0,9.1285244904e-01
weights,MSSBOA,W4 (structure)|DL08,0,0,9.1409722090e-01
weights,SBOA,W1 (equal)|DL01,0,0,8.8360486305e-01
weights,SBOA,W1 (equal)|DL02,0,0,8.7099687788e-01
weights,SBOA,W1 (equal)|DL03,0,0,8.4093923542e-01
weights,SBOA,W1 (equal)|DL04,0,0,9.0131464019e-01
weights,SBOA,W1 (equal)|DL05,0,0,9.1655492804e-01
weights,SBOA,W1 (equal)|DL06,0,0,9.1091972402e-01
weights,SBOA,W1 (equal)|DL07,0,0,8.6777013194e-01
weights,SBOA,W1 (equal)|DL08,0,0,8.5885061436e-01
weights,SBOA,W2 (balance)|DL05,0,0,9.5472126862e-01
weights,SBOA,W2 (balance)|DL06,0,0,9.2841224183e-01
weights,SBOA,W2 (balance)|DL07,0,0,9.3933777249e-01
weights,SBOA,W2 (balance)|DL08,0,0,9.2081685532e-01
weights,SBOA,W2 (balance)|DL01,0,0,9.4676634737e-01
weights,SBOA,W2 (balance)|DL02,0,0,9.3694967805e-01
weights,SBOA,W2 (balance)|DL03,0,0,9.1876316570e-01
weights,SBOA,W2 (balance)|DL04,0,0,9.3473044652e-01
weights,SBOA,W3 (overlap)|DL01,0,0,9.3490292039e-01
weights,SBOA,W3 (overlap)|DL02,0,0,9.2328211612e-01
weights,SBOA,W3 (overlap)|DL03,0,0,9.1483696994e-01
weights,SBOA,W3 (overlap)|DL04,0,0,9.4486195824e-01
weights,SBOA,W3 (overlap)|DL05,0,0,9.6038785863e-01
weights,SBOA,W3 (overlap)|DL06,0,0,9.5261783065e-01
weights,SBOA,W3 (overlap)|DL07,0,0,9.2249633901e-01
weights,SBOA,W3 (overlap)|DL08,0,0,9.2134504892e-01
weights,SBOA,W4 (structure)|DL01,0,0,9.2607472167e-01
weights,SBOA,W4 (structure)|DL02,0,0,9.2236268195e-01
weights,SBOA,W4 (structure)|DL03,0,0,9.0997539366e-01
weights,SBOA,W4 (structure)|DL04,0,0,9.3816352180e-01
weights,SBOA,W4 (structure)|DL05,0,0,9.5594276965e-01
weights,SBOA,W4 (structure)|DL06,0,0,9.0183656462e-01
weights,SBOA,W4 (structure)|DL07,0,0,9.3689517147e-01
weights,SBOA,W4 (structure)|DL08,0,0,9.1409663286e-01
weights,RIME,W0 (Ngo)|DL05,0,0,9.0081812449e-01
weights,RIME,W0 (Ngo)|DL06,0,0,8.9168905021e-01
weights,RIME,W0 (Ngo)|DL07,0,0,7.9646384058e-01
weights,RIME,W0 (Ngo)|DL08,0,0,8.6574504270e-01
weights,RIME,W0 (Ngo)|DL01,0,0,8.8157403094e-01
weights,RIME,W0 (Ngo)|DL02,0,0,8.8361866294e-01
weights,RIME,W0 (Ngo)|DL03,0,0,8.0622183921e-01
weights,RIME,W0 (Ngo)|DL04,0,0,8.9854780053e-01
weights,RIME,W1 (equal)|DL05,0,0,8.9819947890e-01
weights,RIME,W1 (equal)|DL06,0,0,8.8132242869e-01
weights,RIME,W1 (equal)|DL07,0,0,8.4815881624e-01
weights,RIME,W1 (equal)|DL08,0,0,8.3459122364e-01
weights,RIME,W1 (equal)|DL01,0,0,8.0952984230e-01
weights,RIME,W1 (equal)|DL02,0,0,8.3822864959e-01
weights,RIME,W1 (equal)|DL03,0,0,8.0031219318e-01
weights,RIME,W1 (equal)|DL04,0,0,8.5056295361e-01
weights,RIME,W2 (balance)|DL01,0,0,9.0812589021e-01
weights,RIME,W2 (balance)|DL02,0,0,8.6364483861e-01
weights,RIME,W2 (balance)|DL03,0,0,9.0796716742e-01
weights,RIME,W2 (balance)|DL04,0,0,9.2749132887e-01
weights,RIME,W2 (balance)|DL05,0,0,8.9079880565e-01
weights,RIME,W2 (balance)|DL06,0,0,8.7559595112e-01
weights,RIME,W2 (balance)|DL07,0,0,9.1310049666e-01
weights,RIME,W2 (balance)|DL08,0,0,8.8328541561e-01
weights,RIME,W3 (overlap)|DL01,0,0,9.0745194492e-01
weights,RIME,W3 (overlap)|DL02,0,0,9.2041029396e-01
weights,RIME,W3 (overlap)|DL03,0,0,9.1439740776e-01
weights,RIME,W3 (overlap)|DL04,0,0,9.0594446724e-01
weights,RIME,W3 (overlap)|DL05,0,0,9.3058657022e-01
weights,RIME,W3 (overlap)|DL06,0,0,8.9132847256e-01
weights,RIME,W3 (overlap)|DL07,0,0,8.6760977366e-01
weights,RIME,W3 (overlap)|DL08,0,0,8.9940524476e-01
weights,RIME,W4 (structure)|DL05,0,0,9.1030303129e-01
weights,RIME,W4 (structure)|DL06,0,0,9.0164945576e-01
weights,RIME,W4 (structure)|DL07,0,0,9.1594524130e-01
weights,RIME,W4 (structure)|DL08,0,0,9.1197653067e-01
weights,RIME,W4 (structure)|DL01,0,0,9.0775188311e-01
weights,RIME,W4 (structure)|DL02,0,0,9.0716411455e-01
weights,RIME,W4 (structure)|DL03,0,0,8.8634531091e-01
weights,RIME,W4 (structure)|DL04,0,0,9.2468137279e-01
weights,LSHADE,W0 (Ngo)|DL01,0,0,9.2151997383e-01
weights,LSHADE,W0 (Ngo)|DL02,0,0,9.0588049387e-01
weights,LSHADE,W0 (Ngo)|DL03,0,0,8.8351458907e-01
weights,LSHADE,W0 (Ngo)|DL04,0,0,9.2346023544e-01
weights,LSHADE,W0 (Ngo)|DL05,0,0,9.3668165759e-01
weights,LSHADE,W0 (Ngo)|DL06,0,0,9.2826118393e-01
weights,LSHADE,W0 (Ngo)|DL07,0,0,9.1215800564e-01
weights,LSHADE,W0 (Ngo)|DL08,0,0,8.9923235809e-01
weights,LSHADE,W1 (equal)|DL01,0,0,8.9883223508e-01
weights,LSHADE,W1 (equal)|DL02,0,0,8.7532023664e-01
weights,LSHADE,W1 (equal)|DL03,0,0,8.4674303595e-01
weights,LSHADE,W1 (equal)|DL04,0,0,8.9358547942e-01
weights,LSHADE,W1 (equal)|DL05,0,0,9.1988160601e-01
weights,LSHADE,W1 (equal)|DL06,0,0,9.0853864679e-01
weights,LSHADE,W1 (equal)|DL07,0,0,8.8828572304e-01
weights,LSHADE,W1 (equal)|DL08,0,0,8.6578300845e-01
weights,LSHADE,W2 (balance)|DL01,0,0,9.4835088112e-01
weights,LSHADE,W2 (balance)|DL02,0,0,9.3404124434e-01
weights,LSHADE,W2 (balance)|DL03,0,0,9.2248634357e-01
weights,LSHADE,W2 (balance)|DL04,0,0,9.3921075585e-01
weights,LSHADE,W2 (balance)|DL05,0,0,9.5233308644e-01
weights,LSHADE,W2 (balance)|DL06,0,0,9.4568316512e-01
weights,LSHADE,W2 (balance)|DL07,0,0,9.3637172070e-01
weights,LSHADE,W2 (balance)|DL08,0,0,9.3271056320e-01
weights,LSHADE,W3 (overlap)|DL01,0,0,9.3842114905e-01
weights,LSHADE,W3 (overlap)|DL02,0,0,9.2242494418e-01
weights,LSHADE,W3 (overlap)|DL03,0,0,9.1807083560e-01
weights,LSHADE,W3 (overlap)|DL04,0,0,9.3289532824e-01
weights,LSHADE,W3 (overlap)|DL05,0,0,9.5337565082e-01
weights,LSHADE,W3 (overlap)|DL06,0,0,9.5162735030e-01
weights,LSHADE,W3 (overlap)|DL07,0,0,9.3635725767e-01
weights,LSHADE,W3 (overlap)|DL08,0,0,9.2347312083e-01
weights,LSHADE,W4 (structure)|DL01,0,0,9.2550600059e-01
weights,LSHADE,W4 (structure)|DL02,0,0,9.2330029341e-01
weights,LSHADE,W4 (structure)|DL03,0,0,9.1245831136e-01
weights,LSHADE,W4 (structure)|DL04,0,0,9.2600084659e-01
weights,LSHADE,W4 (structure)|DL05,0,0,9.5809850952e-01
weights,LSHADE,W4 (structure)|DL06,0,0,9.5094871852e-01
weights,LSHADE,W4 (structure)|DL07,0,0,9.2865508569e-01
weights,LSHADE,W4 (structure)|DL08,0,0,9.1408646509e-01
weights,MSSBOA,W0 (Ngo)|DL01,0,1,9.1778216590e-01
weights,MSSBOA,W0 (Ngo)|DL02,0,1,9.0598909245e-01
weights,MSSBOA,W0 (Ngo)|DL03,0,1,8.7973683098e-01
weights,MSSBOA,W0 (Ngo)|DL04,0,1,9.1536007671e-01
weights,MSSBOA,W0 (Ngo)|DL05,0,1,9.2579723902e-01
weights,MSSBOA,W0 (Ngo)|DL06,0,1,8.9066181422e-01
weights,MSSBOA,W0 (Ngo)|DL07,0,1,8.9453468022e-01
weights,MSSBOA,W0 (Ngo)|DL08,0,1,8.9939230652e-01
weights,MSSBOA,W1 (equal)|DL01,0,1,9.0183638004e-01
weights,MSSBOA,W1 (equal)|DL02,0,1,8.7285522751e-01
weights,MSSBOA,W1 (equal)|DL03,0,1,8.3767177851e-01
weights,MSSBOA,W1 (equal)|DL04,0,1,8.8419463508e-01
weights,MSSBOA,W1 (equal)|DL05,0,1,9.0925921707e-01
weights,MSSBOA,W1 (equal)|DL06,0,1,9.0721365567e-01
weights,MSSBOA,W1 (equal)|DL07,0,1,8.7107688928e-01
weights,MSSBOA,W1 (equal)|DL08,0,1,8.6055089959e-01
weights,MSSBOA,W2 (balance)|DL05,0,1,9.5247696561e-01
weights,MSSBOA,W2 (balance)|DL06,0,1,9.3335031780e-01
weights,MSSBOA,W2 (balance)|DL07,0,1,9.1261295171e-01
weights,MSSBOA,W2 (balance)|DL08,0,1,9.3292236501e-01
weights,MSSBOA,W2 (balance)|DL01,0,1,9.3793524775e-01
weights,MSSBOA,W2 (balance)|DL02,0,1,9.3756103867e-01
weights,MSSBOA,W2 (balance)|DL03,0,1,9.1982263160e-01
weights,MSSBOA,W2 (balance)|DL04,0,1,9.2116420407e-01
weights,MSSBOA,W3 (overlap)|DL01,0,1,9.3936476966e-01
weights,MSSBOA,W3 (overlap)|DL02,0,1,9.0808422721e-01
weights,MSSBOA,W3 (overlap)|DL03,0,1,9.2064112697e-01
weights,MSSBOA,W3 (overlap)|DL04,0,1,9.3504559063e-01
weights,MSSBOA,W3 (overlap)|DL05,0,1,9.5342648139e-01
weights,MSSBOA,W3 (overlap)|DL06,0,1,9.4285227662e-01
weights,MSSBOA,W3 (overlap)|DL07,0,1,9.1326211538e-01
weights,MSSBOA,W3 (overlap)|DL08,0,1,9.2351322740e-01
weights,MSSBOA,W4 (structure)|DL05,0,1,9.2914573730e-01
weights,MSSBOA,W4 (structure)|DL06,0,1,9.4423340009e-01
weights,MSSBOA,W4 (structure)|DL07,0,1,9.0441607681e-01
weights,MSSBOA,W4 (structure)|DL08,0,1,9.1409686400e-01
weights,SBOA,W0 (Ngo)|DL01,0,1,9.1869436764e-01
weights,SBOA,W0 (Ngo)|DL02,0,1,8.9677340631e-01
weights,SBOA,W0 (Ngo)|DL03,0,1,8.6932383516e-01
weights,SBOA,W0 (Ngo)|DL04,0,1,9.1524842235e-01
weights,MSSBOA,W4 (structure)|DL01,0,1,9.1172817272e-01
weights,MSSBOA,W4 (structure)|DL02,0,1,9.1955636781e-01
weights,MSSBOA,W4 (structure)|DL03,0,1,9.0946315067e-01
weights,MSSBOA,W4 (structure)|DL04,0,1,9.2889282000e-01
weights,SBOA,W0 (Ngo)|DL05,0,1,9.2393804545e-01
weights,SBOA,W0 (Ngo)|DL06,0,1,9.3398930841e-01
weights,SBOA,W0 (Ngo)|DL07,0,1,9.1618361654e-01
weights,SBOA,W0 (Ngo)|DL08,0,1,8.9939316748e-01
weights,SBOA,W1 (equal)|DL01,0,1,8.9553333884e-01
weights,SBOA,W1 (equal)|DL02,0,1,8.6778955805e-01
weights,SBOA,W1 (equal)|DL03,0,1,8.4125040424e-01
weights,SBOA,W1 (equal)|DL04,0,1,8.9526785120e-01
weights,SBOA,W1 (equal)|DL05,0,1,9.0353571625e-01
weights,SBOA,W1 (equal)|DL06,0,1,8.8831960477e-01
weights,SBOA,W1 (equal)|DL07,0,1,8.7223519582e-01
weights,SBOA,W1 (equal)|DL08,0,1,8.6585518875e-01
weights,SBOA,W2 (balance)|DL01,0,1,9.3870734671e-01
weights,SBOA,W2 (balance)|DL02,0,1,9.1508737678e-01
weights,SBOA,W2 (balance)|DL03,0,1,9.1947752743e-01
weights,SBOA,W2 (balance)|DL04,0,1,9.3699008198e-01
weights,SBOA,W2 (balance)|DL05,0,1,9.4385051904e-01
weights,SBOA,W2 (balance)|DL06,0,1,9.4562114031e-01
weights,SBOA,W2 (balance)|DL07,0,1,9.3067990626e-01
weights,SBOA,W2 (balance)|DL08,0,1,9.3292628741e-01
weights,SBOA,W3 (overlap)|DL01,0,1,9.4181643450e-01
weights,SBOA,W3 (overlap)|DL02,0,1,9.1557102987e-01
weights,SBOA,W3 (overlap)|DL03,0,1,9.1522414125e-01
weights,SBOA,W3 (overlap)|DL04,0,1,9.3022352856e-01
weights,SBOA,W3 (overlap)|DL05,0,1,9.4955125403e-01
weights,SBOA,W3 (overlap)|DL06,0,1,9.2202036399e-01
weights,SBOA,W3 (overlap)|DL07,0,1,9.2348601745e-01
weights,SBOA,W3 (overlap)|DL08,0,1,9.2351242308e-01
weights,SBOA,W4 (structure)|DL01,0,1,9.2024992521e-01
weights,SBOA,W4 (structure)|DL02,0,1,9.1927405466e-01
weights,SBOA,W4 (structure)|DL03,0,1,9.0946237447e-01
weights,SBOA,W4 (structure)|DL04,0,1,9.2714471868e-01
weights,SBOA,W4 (structure)|DL05,0,1,9.5098192610e-01
weights,SBOA,W4 (structure)|DL06,0,1,9.4996246390e-01
weights,SBOA,W4 (structure)|DL07,0,1,9.2480002721e-01
weights,SBOA,W4 (structure)|DL08,0,1,9.1409684766e-01
weights,RIME,W0 (Ngo)|DL01,0,1,8.7692494320e-01
weights,RIME,W0 (Ngo)|DL02,0,1,7.9183195019e-01
weights,RIME,W0 (Ngo)|DL03,0,1,8.3600717400e-01
weights,RIME,W0 (Ngo)|DL04,0,1,8.6029364657e-01
weights,RIME,W0 (Ngo)|DL05,0,1,8.7120704692e-01
weights,RIME,W0 (Ngo)|DL06,0,1,8.7822329302e-01
weights,RIME,W0 (Ngo)|DL07,0,1,8.7063223992e-01
weights,RIME,W0 (Ngo)|DL08,0,1,8.9100885852e-01
weights,RIME,W1 (equal)|DL01,0,1,8.4002509193e-01
weights,RIME,W1 (equal)|DL02,0,1,8.3077909511e-01
weights,RIME,W1 (equal)|DL03,0,1,8.3830122204e-01
weights,RIME,W1 (equal)|DL04,0,1,8.6524013562e-01
weights,RIME,W1 (equal)|DL05,0,1,8.9258243319e-01
weights,RIME,W1 (equal)|DL06,0,1,8.7474009089e-01
weights,RIME,W1 (equal)|DL07,0,1,8.3659653217e-01
weights,RIME,W1 (equal)|DL08,0,1,8.4323670978e-01
weights,RIME,W2 (balance)|DL01,0,1,8.7597465401e-01
weights,RIME,W2 (balance)|DL02,0,1,8.7306492128e-01
weights,RIME,W2 (balance)|DL03,0,1,8.6695082929e-01
weights,RIME,W2 (balance)|DL04,0,1,8.5490703379e-01
weights,RIME,W2 (balance)|DL05,0,1,8.8300096160e-01
weights,RIME,W2 (balance)|DL06,0,1,8.6466166517e-01
weights,RIME,W2 (balance)|DL07,0,1,8.8664684723e-01
weights,RIME,W2 (balance)|DL08,0,1,8.8806696979e-01
weights,RIME,W3 (overlap)|DL01,0,1,8.6028716473e-01
weights,RIME,W3 (overlap)|DL02,0,1,9.1165761263e-01
weights,RIME,W3 (overlap)|DL03,0,1,8.8009054415e-01
weights,RIME,W3 (overlap)|DL04,0,1,8.6603369813e-01
weights,RIME,W3 (overlap)|DL05,0,1,9.2122796425e-01
weights,RIME,W3 (overlap)|DL06,0,1,9.0394298895e-01
weights,RIME,W3 (overlap)|DL07,0,1,9.1235891358e-01
weights,RIME,W3 (overlap)|DL08,0,1,8.5637833562e-01
weights,RIME,W4 (structure)|DL01,0,1,8.7478082852e-01
weights,RIME,W4 (structure)|DL02,0,1,8.9776997413e-01
weights,RIME,W4 (structure)|DL03,0,1,8.4033246198e-01
weights,RIME,W4 (structure)|DL04,0,1,9.0455109354e-01
weights,RIME,W4 (structure)|DL05,0,1,8.7996905104e-01
weights,RIME,W4 (structure)|DL06,0,1,9.2260226059e-01
weights,RIME,W4 (structure)|DL07,0,1,8.7836931736e-01
weights,RIME,W4 (structure)|DL08,0,1,8.8615301479e-01
weights,LSHADE,W0 (Ngo)|DL01,0,1,9.2057360189e-01
weights,LSHADE,W0 (Ngo)|DL02,0,1,9.0639798249e-01
weights,LSHADE,W0 (Ngo)|DL03,0,1,8.8217817617e-01
weights,LSHADE,W0 (Ngo)|DL04,0,1,9.1589136920e-01
weights,LSHADE,W0 (Ngo)|DL05,0,1,9.3672031382e-01
weights,LSHADE,W0 (Ngo)|DL06,0,1,9.2360643926e-01
weights,LSHADE,W0 (Ngo)|DL07,0,1,9.0936832997e-01
weights,LSHADE,W0 (Ngo)|DL08,0,1,8.9903831687e-01
weights,LSHADE,W1 (equal)|DL01,0,1,8.9540881983e-01
weights,LSHADE,W1 (equal)|DL02,0,1,8.7399116989e-01
weights,LSHADE,W1 (equal)|DL03,0,1,8.4091246926e-01
weights,LSHADE,W1 (equal)|DL04,0,1,9.0124443844e-01
weights,LSHADE,W1 (equal)|DL05,0,1,9.2047878622e-01
weights,LSHADE,W1 (equal)|DL06,0,1,8.9839140649e-01
weights,LSHADE,W1 (equal)|DL07,0,1,8.7587116149e-01
weights,LSHADE,W1 (equal)|DL08,0,1,8.6584959808e-01
weights,LSHADE,W2 (balance)|DL01,0,1,9.4673000606e-01
weights,LSHADE,W2 (balance)|DL02,0,1,9.3525534160e-01
weights,LSHADE,W2 (balance)|DL03,0,1,9.2037087548e-01
weights,LSHADE,W2 (balance)|DL04,0,1,9.3573266235e-01
weights,LSHADE,W2 (balance)|DL05,0,1,9.5584852916e-01
weights,LSHADE,W2 (balance)|DL06,0,1,9.5218057351e-01
weights,LSHADE,W2 (balance)|DL07,0,1,9.4270867258e-01
weights,LSHADE,W2 (balance)|DL08,0,1,9.3284498097e-01
weights,LSHADE,W3 (overlap)|DL01,0,1,9.4177670698e-01
weights,LSHADE,W3 (overlap)|DL02,0,1,9.3053369102e-01
weights,LSHADE,W3 (overlap)|DL03,0,1,9.1521510818e-01
weights,LSHADE,W3 (overlap)|DL04,0,1,9.4015541713e-01
weights,LSHADE,W3 (overlap)|DL05,0,1,9.6017365135e-01
weights,LSHADE,W3 (overlap)|DL06,0,1,9.5228428256e-01
weights,LSHADE,W3 (overlap)|DL07,0,1,9.3268530162e-01
weights,LSHADE,W3 (overlap)|DL08,0,1,9.2349579085e-01
weights,LSHADE,W4 (structure)|DL01,0,1,9.3001398196e-01
weights,LSHADE,W4 (structure)|DL02,0,1,9.2235845549e-01
weights,LSHADE,W4 (structure)|DL03,0,1,9.1422391684e-01
weights,LSHADE,W4 (structure)|DL04,0,1,9.2969760514e-01
weights,LSHADE,W4 (structure)|DL05,0,1,9.6075434772e-01
weights,LSHADE,W4 (structure)|DL06,0,1,9.4373739177e-01
weights,LSHADE,W4 (structure)|DL07,0,1,9.3221340498e-01
weights,LSHADE,W4 (structure)|DL08,0,1,9.1408207021e-01
weights,MSSBOA,W0 (Ngo)|DL01,0,2,9.1383778445e-01
weights,MSSBOA,W0 (Ngo)|DL02,0,2,8.8534048007e-01
weights,MSSBOA,W0 (Ngo)|DL03,0,2,8.7973623476e-01
weights,MSSBOA,W0 (Ngo)|DL04,0,2,9.1240899771e-01
weights,MSSBOA,W0 (Ngo)|DL05,0,2,9.3644808798e-01
weights,MSSBOA,W0 (Ngo)|DL06,0,2,9.2384879225e-01
weights,MSSBOA,W0 (Ngo)|DL07,0,2,9.0975072434e-01
weights,MSSBOA,W0 (Ngo)|DL08,0,2,8.9939173460e-01
weights,MSSBOA,W1 (equal)|DL05,0,2,9.3196091116e-01
weights,MSSBOA,W1 (equal)|DL06,0,2,8.8646354740e-01
weights,MSSBOA,W1 (equal)|DL07,0,2,8.6429616252e-01
weights,MSSBOA,W1 (equal)|DL08,0,2,8.6585733741e-01
weights,MSSBOA,W1 (equal)|DL01,0,2,8.8794866407e-01
weights,MSSBOA,W1 (equal)|DL02,0,2,8.7015886047e-01
weights,MSSBOA,W1 (equal)|DL03,0,2,8.3779985422e-01
weights,MSSBOA,W1 (equal)|DL04,0,2,9.0479546903e-01
weights,MSSBOA,W2 (balance)|DL01,0,2,9.3800536608e-01
weights,MSSBOA,W2 (balance)|DL02,0,2,9.3681320416e-01
weights,MSSBOA,W2 (balance)|DL03,0,2,9.2046878682e-01
weights,MSSBOA,W2 (balance)|DL04,0,2,9.4857298544e-01
weights,MSSBOA,W2 (balance)|DL05,0,2,9.3270141663e-01
weights,MSSBOA,W2 (balance)|DL06,0,2,9.4851891546e-01
weights,MSSBOA,W2 (balance)|DL07,0,2,9.4051696968e-01
weights,MSSBOA,W2 (balance)|DL08,0,2,9.3082776322e-01
weights,MSSBOA,W3 (overlap)|DL01,0,2,9.3294163944e-01
weights,MSSBOA,W3 (overlap)|DL02,0,2,9.2726002258e-01
weights,MSSBOA,W3 (overlap)|DL03,0,2,9.0389731313e-01
weights,MSSBOA,W3 (overlap)|DL04,0,2,9.2836558883e-01
weights,MSSBOA,W3 (overlap)|DL05,0,2,9.4480552166e-01
weights,MSSBOA,W3 (overlap)|DL06,0,2,9.5244197093e-01
weights,MSSBOA,W3 (overlap)|DL07,0,2,9.1922166799e-01
weights,MSSBOA,W3 (overlap)|DL08,0,2,9.2351186480e-01
weights,SBOA,W0 (Ngo)|DL01,0,2,9.1875817053e-01
weights,SBOA,W0 (Ngo)|DL02,0,2,8.9058591943e-01
weights,SBOA,W0 (Ngo)|DL03,0,2,8.8227234603e-01
weights,SBOA,W0 (Ngo)|DL04,0,2,9.1631838975e-01
weights,MSSBOA,W4 (structure)|DL01,0,2,9.2816639101e-01
weights,MSSBOA,W4 (structure)|DL02,0,2,9.1527184524e-01
weights,MSSBOA,W4 (structure)|DL03,0,2,9.0208218322e-01
weights,MSSBOA,W4 (structure)|DL04,0,2,9.3295195244e-01
weights,MSSBOA,W4 (structure)|DL05,0,2,9.3719092341e-01
weights,MSSBOA,W4 (structure)|DL06,0,2,9.4939653436e-01
weights,MSSBOA,W4 (structure)|DL07,0,2,9.2193626932e-01
weights,MSSBOA,W4 (structure)|DL08,0,2,9.1409806525e-01
weights,SBOA,W0 (Ngo)|DL05,0,2,9.1927476688e-01
weights,SBOA,W0 (Ngo)|DL06,0,2,9.2327337176e-01
weights,SBOA,W0 (Ngo)|DL07,0,2,9.0672114705e-01
weights,SBOA,W0 (Ngo)|DL08,0,2,8.9939333803e-01
weights,SBOA,W1 (equal)|DL01,0,2,8.9804566731e-01
weights,SBOA,W1 (equal)|DL02,0,2,8.7215828688e-01
weights,SBOA,W1 (equal)|DL03,0,2,8.4469810004e-01
weights,SBOA,W1 (equal)|DL04,0,2,8.8944925701e-01
weights,SBOA,W1 (equal)|DL05,0,2,9.0696614565e-01
weights,SBOA,W1 (equal)|DL06,0,2,9.0541171844e-01
weights,SBOA,W1 (equal)|DL07,0,2,8.7475351549e-01
weights,SBOA,W1 (equal)|DL08,0,2,8.6585753269e-01
weights,SBOA,W2 (balance)|DL01,0,2,9.2149981459e-01
weights,SBOA,W2 (balance)|DL02,0,2,9.2223890470e-01
weights,SBOA,W2 (balance)|DL03,0,2,9.0748047686e-01
weights,SBOA,W2 (balance)|DL04,0,2,9.4869225272e-01
weights,SBOA,W2 (balance)|DL05,0,2,9.2827066766e-01
weights,SBOA,W2 (balance)|DL06,0,2,9.3116449983e-01
weights,SBOA,W2 (balance)|DL07,0,2,9.2827036125e-01
weights,SBOA,W2 (balance)|DL08,0,2,9.3197134360e-01
weights,SBOA,W3 (overlap)|DL01,0,2,9.3020656487e-01
weights,SBOA,W3 (overlap)|DL02,0,2,9.3050247774e-01
weights,SBOA,W3 (overlap)|DL03,0,2,9.0455681884e-01
weights,SBOA,W3 (overlap)|DL04,0,2,9.2160158806e-01
weights,SBOA,W3 (overlap)|DL05,0,2,9.4537490334e-01
weights,SBOA,W3 (overlap)|DL06,0,2,9.2506779444e-01
weights,SBOA,W3 (overlap)|DL07,0,2,9.3157698552e-01
weights,SBOA,W3 (overlap)|DL08,0,2,9.2351271755e-01
weights,SBOA,W4 (structure)|DL01,0,2,9.2275628822e-01
weights,SBOA,W4 (structure)|DL02,0,2,9.1781187420e-01
weights,SBOA,W4 (structure)|DL03,0,2,9.1317596198e-01
weights,SBOA,W4 (structure)|DL04,0,2,9.2841597328e-01
weights,SBOA,W4 (structure)|DL05,0,2,9.4847535391e-01
weights,SBOA,W4 (structure)|DL06,0,2,9.4805868919e-01
weights,SBOA,W4 (structure)|DL07,0,2,9.2957551536e-01
weights,SBOA,W4 (structure)|DL08,0,2,9.1409534968e-01
weights,RIME,W0 (Ngo)|DL01,0,2,8.7028101372e-01
weights,RIME,W0 (Ngo)|DL02,0,2,8.0590650147e-01
weights,RIME,W0 (Ngo)|DL03,0,2,8.4301982737e-01
weights,RIME,W0 (Ngo)|DL04,0,2,8.5768239819e-01
weights,RIME,W0 (Ngo)|DL05,0,2,8.8013793675e-01
weights,RIME,W0 (Ngo)|DL06,0,2,8.7313603742e-01
weights,RIME,W0 (Ngo)|DL07,0,2,8.6193880291e-01
weights,RIME,W0 (Ngo)|DL08,0,2,8.7561743853e-01
weights,RIME,W1 (equal)|DL01,0,2,8.9142506568e-01
weights,RIME,W1 (equal)|DL02,0,2,7.8372540896e-01
weights,RIME,W1 (equal)|DL03,0,2,8.1386424083e-01
weights,RIME,W1 (equal)|DL04,0,2,8.8831921998e-01
weights,RIME,W1 (equal)|DL05,0,2,8.6525929791e-01
weights,RIME,W1 (equal)|DL06,0,2,8.6284389925e-01
weights,RIME,W1 (equal)|DL07,0,2,8.3544138081e-01
weights,RIME,W1 (equal)|DL08,0,2,8.4289924965e-01
weights,RIME,W2 (balance)|DL05,0,2,8.9144599476e-01
weights,RIME,W2 (balance)|DL06,0,2,8.5836378881e-01
weights,RIME,W2 (balance)|DL07,0,2,8.7367436563e-01
weights,RIME,W2 (balance)|DL08,0,2,8.8894724730e-01
weights,RIME,W2 (balance)|DL01,0,2,9.1548462823e-01
weights,RIME,W2 (balance)|DL02,0,2,8.6555258165e-01
weights,RIME,W2 (balance)|DL03,0,2,9.0373525703e-01
weights,RIME,W2 (balance)|DL04,0,2,8.4378080201e-01
weights,RIME,W3 (overlap)|DL01,0,2,8.9130777948e-01
weights,RIME,W3 (overlap)|DL02,0,2,8.7268876455e-01
weights,RIME,W3 (overlap)|DL03,0,2,8.8997393598e-01
weights,RIME,W3 (overlap)|DL04,0,2,9.0478263018e-01
weights,RIME,W3 (overlap)|DL05,0,2,9.2368087642e-01
weights,RIME,W3 (overlap)|DL06,0,2,8.9999724315e-01
weights,RIME,W3 (overlap)|DL07,0,2,8.8740883579e-01
weights,RIME,W3 (overlap)|DL08,0,2,9.0204911089e-01
weights,RIME,W4 (structure)|DL01,0,2,8.7694723123e-01
weights,RIME,W4 (structure)|DL02,0,2,8.6096066280e-01
weights,RIME,W4 (structure)|DL03,0,2,8.5656532278e-01
weights,RIME,W4 (structure)|DL04,0,2,8.8816602868e-01
weights,RIME,W4 (structure)|DL05,0,2,9.0624047467e-01
weights,RIME,W4 (structure)|DL06,0,2,9.4646816891e-01
weights,RIME,W4 (structure)|DL07,0,2,9.1535427261e-01
weights,RIME,W4 (structure)|DL08,0,2,8.8570518033e-01
weights,LSHADE,W0 (Ngo)|DL01,0,2,9.2626634773e-01
weights,LSHADE,W0 (Ngo)|DL02,0,2,9.0455247764e-01
weights,LSHADE,W0 (Ngo)|DL03,0,2,8.8031773447e-01
weights,LSHADE,W0 (Ngo)|DL04,0,2,9.1764438297e-01
weights,LSHADE,W0 (Ngo)|DL05,0,2,9.2913906325e-01
weights,LSHADE,W0 (Ngo)|DL06,0,2,9.2707703773e-01
weights,LSHADE,W0 (Ngo)|DL07,0,2,9.1023427537e-01
weights,LSHADE,W0 (Ngo)|DL08,0,2,8.9892341676e-01
weights,LSHADE,W1 (equal)|DL01,0,2,9.0118693548e-01
weights,LSHADE,W1 (equal)|DL02,0,2,8.7528035608e-01
weights,LSHADE,W1 (equal)|DL03,0,2,8.4264483777e-01
weights,LSHADE,W1 (equal)|DL04,0,2,9.0212321440e-01
weights,LSHADE,W1 (equal)|DL05,0,2,9.2462221593e-01
weights,LSHADE,W1 (equal)|DL06,0,2,9.0618944950e-01
weights,LSHADE,W1 (equal)|DL07,0,2,8.8786163433e-01
weights,LSHADE,W1 (equal)|DL08,0,2,8.6583769427e-01
weights,LSHADE,W2 (balance)|DL01,0,2,9.4507676062e-01
weights,LSHADE,W2 (balance)|DL02,0,2,9.3765935958e-01
weights,LSHADE,W2 (balance)|DL03,0,2,9.2206265719e-01
weights,LSHADE,W2 (balance)|DL04,0,2,9.3025785169e-01
weights,LSHADE,W2 (balance)|DL05,0,2,9.4952087559e-01
weights,LSHADE,W2 (balance)|DL06,0,2,9.5625833234e-01
weights,LSHADE,W2 (balance)|DL07,0,2,9.3829207886e-01
weights,LSHADE,W2 (balance)|DL08,0,2,9.3289099393e-01
weights,LSHADE,W3 (overlap)|DL01,0,2,9.4137090282e-01
weights,LSHADE,W3 (overlap)|DL02,0,2,9.3051995812e-01
weights,LSHADE,W3 (overlap)|DL03,0,2,9.1517079888e-01
weights,LSHADE,W3 (overlap)|DL04,0,2,9.3483044828e-01
weights,LSHADE,W3 (overlap)|DL05,0,2,9.5415440100e-01
weights,LSHADE,W3 (overlap)|DL06,0,2,9.5255880854e-01
weights,LSHADE,W3 (overlap)|DL07,0,2,9.4132127993e-01
weights,LSHADE,W3 (overlap)|DL08,0,2,9.2345880674e-01
weights,LSHADE,W4 (structure)|DL01,0,2,9.2924350148e-01
weights,LSHADE,W4 (structure)|DL02,0,2,9.2104242195e-01
weights,LSHADE,W4 (structure)|DL03,0,2,9.1322446303e-01
weights,LSHADE,W4 (structure)|DL04,0,2,9.2637080047e-01
weights,LSHADE,W4 (structure)|DL05,0,2,9.4700834096e-01
weights,LSHADE,W4 (structure)|DL06,0,2,9.4983009734e-01
weights,LSHADE,W4 (structure)|DL07,0,2,9.3498443512e-01
weights,LSHADE,W4 (structure)|DL08,0,2,9.1381720379e-01
weights,MSSBOA,W0 (Ngo)|DL01,0,3,9.0637887661e-01
weights,MSSBOA,W0 (Ngo)|DL02,0,3,8.9809903423e-01
weights,MSSBOA,W0 (Ngo)|DL03,0,3,8.8137087605e-01
weights,MSSBOA,W0 (Ngo)|DL04,0,3,9.2087003508e-01
weights,MSSBOA,W0 (Ngo)|DL05,0,3,9.2091586110e-01
weights,MSSBOA,W0 (Ngo)|DL06,0,3,9.2570164252e-01
weights,MSSBOA,W0 (Ngo)|DL07,0,3,9.0694823677e-01
weights,MSSBOA,W0 (Ngo)|DL08,0,3,8.9939229412e-01
weights,MSSBOA,W1 (equal)|DL01,0,3,8.8827545187e-01
weights,MSSBOA,W1 (equal)|DL02,0,3,8.6272371018e-01
weights,MSSBOA,W1 (equal)|DL03,0,3,8.4799866649e-01
weights,MSSBOA,W1 (equal)|DL04,0,3,8.8895802123e-01
weights,MSSBOA,W1 (equal)|DL05,0,3,9.1870400548e-01
weights,MSSBOA,W1 (equal)|DL06,0,3,8.9256803161e-01
weights,MSSBOA,W1 (equal)|DL07,0,3,8.8555443649e-01
weights,MSSBOA,W1 (equal)|DL08,0,3,8.6125164641e-01
weights,MSSBOA,W2 (balance)|DL05,0,3,9.3348241466e-01
weights,MSSBOA,W2 (balance)|DL06,0,3,9.5708487700e-01
weights,MSSBOA,W2 (balance)|DL07,0,3,9.3293166987e-01
weights,MSSBOA,W2 (balance)|DL08,0,3,9.3146791666e-01
weights,MSSBOA,W2 (balance)|DL01,0,3,9.3173834743e-01
weights,MSSBOA,W2 (balance)|DL02,0,3,9.3129797773e-01
weights,MSSBOA,W2 (balance)|DL03,0,3,9.2010394271e-01
weights,MSSBOA,W2 (balance)|DL04,0,3,9.3977984663e-01
weights,MSSBOA,W3 (overlap)|DL01,0,3,9.2349407417e-01
weights,MSSBOA,W3 (overlap)|DL02,0,3,9.3056995962e-01
weights,MSSBOA,W3 (overlap)|DL03,0,3,9.1466961465e-01
weights,MSSBOA,W3 (overlap)|DL04,0,3,9.1447913478e-01
weights,MSSBOA,W3 (overlap)|DL05,0,3,9.2555327277e-01
weights,MSSBOA,W3 (overlap)|DL06,0,3,9.4383886505e-01
weights,MSSBOA,W3 (overlap)|DL07,0,3,9.0759719122e-01
weights,MSSBOA,W3 (overlap)|DL08,0,3,9.2351309143e-01
weights,MSSBOA,W4 (structure)|DL01,0,3,9.1460239953e-01
weights,MSSBOA,W4 (structure)|DL02,0,3,9.1655788138e-01
weights,MSSBOA,W4 (structure)|DL03,0,3,9.0868634892e-01
weights,MSSBOA,W4 (structure)|DL04,0,3,9.3028090102e-01
weights,MSSBOA,W4 (structure)|DL05,0,3,9.3601342014e-01
weights,MSSBOA,W4 (structure)|DL06,0,3,9.3962036565e-01
weights,MSSBOA,W4 (structure)|DL07,0,3,9.2005818334e-01
weights,MSSBOA,W4 (structure)|DL08,0,3,9.1409592426e-01
weights,SBOA,W0 (Ngo)|DL01,0,3,8.9974227299e-01
weights,SBOA,W0 (Ngo)|DL02,0,3,9.0396847527e-01
weights,SBOA,W0 (Ngo)|DL03,0,3,8.8239119390e-01
weights,SBOA,W0 (Ngo)|DL04,0,3,9.1501941541e-01
weights,SBOA,W0 (Ngo)|DL05,0,3,9.4047549009e-01
weights,SBOA,W0 (Ngo)|DL06,0,3,9.2605809500e-01
weights,SBOA,W0 (Ngo)|DL07,0,3,9.1404100075e-01
weights,SBOA,W0 (Ngo)|DL08,0,3,8.9109688583e-01
weights,SBOA,W1 (equal)|DL01,0,3,8.9053507640e-01
weights,SBOA,W1 (equal)|DL02,0,3,8.6740394412e-01
weights,SBOA,W1 (equal)|DL03,0,3,8.4093787299e-01
weights,SBOA,W1 (equal)|DL04,0,3,8.9175533058e-01
weights,SBOA,W1 (equal)|DL05,0,3,9.2030332750e-01
weights,SBOA,W1 (equal)|DL06,0,3,9.1103770915e-01
weights,SBOA,W1 (equal)|DL07,0,3,8.7791434358e-01
weights,SBOA,W1 (equal)|DL08,0,3,8.6585691663e-01
weights,SBOA,W2 (balance)|DL01,0,3,9.2865074391e-01
weights,SBOA,W2 (balance)|DL02,0,3,9.1761225543e-01
weights,SBOA,W2 (balance)|DL03,0,3,9.0969099932e-01
weights,SBOA,W2 (balance)|DL04,0,3,9.4215309680e-01
weights,SBOA,W3 (overlap)|DL01,0,3,9.2124214008e-01
weights,SBOA,W3 (overlap)|DL02,0,3,9.3057058679e-01
weights,SBOA,W3 (overlap)|DL03,0,3,9.0643189461e-01
weights,SBOA,W3 (overlap)|DL04,0,3,9.2968116040e-01
weights,SBOA,W2 (balance)|DL05,0,3,9.4046885232e-01
weights,SBOA,W2 (balance)|DL06,0,3,9.4903876640e-01
weights,SBOA,W2 (balance)|DL07,0,3,9.3696976772e-01
weights,SBOA,W2 (balance)|DL08,0,3,9.3292660380e-01
weights,SBOA,W3 (overlap)|DL05,0,3,9.3650956560e-01
weights,SBOA,W3 (overlap)|DL06,0,3,9.2899549256e-01
weights,SBOA,W3 (overlap)|DL07,0,3,9.3469799160e-01
weights,SBOA,W3 (overlap)|DL08,0,3,9.1721212147e-01
weights,SBOA,W4 (structure)|DL05,0,3,9.2118281945e-01
weights,SBOA,W4 (structure)|DL06,0,3,9.4615186705e-01
weights,SBOA,W4 (structure)|DL07,0,3,9.1705588640e-01
weights,SBOA,W4 (structure)|DL08,0,3,9.1165951737e-01
weights,SBOA,W4 (structure)|DL01,0,3,9.1719904977e-01
weights,SBOA,W4 (structure)|DL02,0,3,9.1614756557e-01
weights,SBOA,W4 (structure)|DL03,0,3,9.0946322537e-01
weights,SBOA,W4 (structure)|DL04,0,3,8.9719947221e-01
weights,RIME,W0 (Ngo)|DL01,0,3,8.4780272752e-01
weights,RIME,W0 (Ngo)|DL02,0,3,8.3480722712e-01
weights,RIME,W0 (Ngo)|DL03,0,3,7.8841532259e-01
weights,RIME,W0 (Ngo)|DL04,0,3,8.8288609635e-01
weights,RIME,W1 (equal)|DL01,0,3,8.7477834853e-01
weights,RIME,W1 (equal)|DL02,0,3,8.4309908598e-01
weights,RIME,W1 (equal)|DL03,0,3,7.9296615119e-01
weights,RIME,W1 (equal)|DL04,0,3,8.5343966367e-01
weights,RIME,W0 (Ngo)|DL05,0,3,9.2164325682e-01
weights,RIME,W0 (Ngo)|DL06,0,3,8.8032111604e-01
weights,RIME,W0 (Ngo)|DL07,0,3,7.9918581296e-01
weights,RIME,W0 (Ngo)|DL08,0,3,8.4004191704e-01
weights,RIME,W1 (equal)|DL05,0,3,8.7797418387e-01
weights,RIME,W1 (equal)|DL06,0,3,9.0049796965e-01
weights,RIME,W1 (equal)|DL07,0,3,8.1491188975e-01
weights,RIME,W1 (equal)|DL08,0,3,8.6557417144e-01
weights,RIME,W2 (balance)|DL01,0,3,9.4010469991e-01
weights,RIME,W2 (balance)|DL02,0,3,8.5240526472e-01
weights,RIME,W2 (balance)|DL03,0,3,8.7988396531e-01
weights,RIME,W2 (balance)|DL04,0,3,8.9504540097e-01
weights,RIME,W2 (balance)|DL05,0,3,9.3264048626e-01
weights,RIME,W2 (balance)|DL06,0,3,9.4905624821e-01
weights,RIME,W2 (balance)|DL07,0,3,8.7479627292e-01
weights,RIME,W2 (balance)|DL08,0,3,9.0267203773e-01
weights,RIME,W3 (overlap)|DL05,0,3,9.0452747294e-01
weights,RIME,W3 (overlap)|DL06,0,3,9.3043457047e-01
weights,RIME,W3 (overlap)|DL07,0,3,9.1760046265e-01
weights,RIME,W3 (overlap)|DL08,0,3,9.1506827454e-01
weights,RIME,W3 (overlap)|DL01,0,3,8.6353424937e-01
weights,RIME,W3 (overlap)|DL02,0,3,8.9346580508e-01
weights,RIME,W3 (overlap)|DL03,0,3,8.6772182376e-01
weights,RIME,W3 (overlap)|DL04,0,3,9.2484430866e-01
weights,RIME,W4 (structure)|DL01,0,3,9.0948376901e-01
weights,RIME,W4 (structure)|DL02,0,3,8.3581545429e-01
weights,RIME,W4 (structure)|DL03,0,3,9.0863015762e-01
weights,RIME,W4 (structure)|DL04,0,3,8.8767639491e-01
weights,RIME,W4 (structure)|DL05,0,3,8.9486028448e-01
weights,RIME,W4 (structure)|DL06,0,3,9.3183005463e-01
weights,RIME,W4 (structure)|DL07,0,3,8.8209347084e-01
weights,RIME,W4 (structure)|DL08,0,3,8.5580977145e-01
weights,LSHADE,W0 (Ngo)|DL01,0,3,9.2274097336e-01
weights,LSHADE,W0 (Ngo)|DL02,0,3,9.0102383296e-01
weights,LSHADE,W0 (Ngo)|DL03,0,3,8.8290353121e-01
weights,LSHADE,W0 (Ngo)|DL04,0,3,9.1567698283e-01
weights,LSHADE,W0 (Ngo)|DL05,0,3,9.3619800165e-01
weights,LSHADE,W0 (Ngo)|DL06,0,3,9.2954474317e-01
weights,LSHADE,W0 (Ngo)|DL07,0,3,9.1383785945e-01
weights,LSHADE,W0 (Ngo)|DL08,0,3,8.9937293934e-01
weights,LSHADE,W1 (equal)|DL01,0,3,9.0002963390e-01
weights,LSHADE,W1 (equal)|DL02,0,3,8.6839413668e-01
weights,LSHADE,W1 (equal)|DL03,0,3,8.4215564861e-01
weights,LSHADE,W1 (equal)|DL04,0,3,8.9882116927e-01
weights,LSHADE,W1 (equal)|DL05,0,3,9.2438201528e-01
weights,LSHADE,W1 (equal)|DL06,0,3,9.0536348000e-01
weights,LSHADE,W1 (equal)|DL07,0,3,8.7744674263e-01
weights,LSHADE,W1 (equal)|DL08,0,3,8.6584270154e-01
weights,LSHADE,W2 (balance)|DL01,0,3,9.4728820041e-01
weights,LSHADE,W2 (balance)|DL02,0,3,9.3638167335e-01
weights,LSHADE,W2 (balance)|DL03,0,3,9.2046841667e-01
weights,LSHADE,W2 (balance)|DL04,0,3,9.3805522728e-01
weights,LSHADE,W2 (balance)|DL05,0,3,9.5174507405e-01
weights,LSHADE,W2 (balance)|DL06,0,3,9.5383756472e-01
weights,LSHADE,W2 (balance)|DL07,0,3,9.3112680344e-01
weights,LSHADE,W2 (balance)|DL08,0,3,9.3226727074e-01
weights,LSHADE,W3 (overlap)|DL01,0,3,9.4148120672e-01
weights,LSHADE,W3 (overlap)|DL02,0,3,9.3053787820e-01
weights,LSHADE,W3 (overlap)|DL03,0,3,9.1862334646e-01
weights,LSHADE,W3 (overlap)|DL04,0,3,9.4410037071e-01
weights,LSHADE,W3 (overlap)|DL05,0,3,9.6005536186e-01
weights,LSHADE,W3 (overlap)|DL06,0,3,9.4584562864e-01
weights,LSHADE,W3 (overlap)|DL07,0,3,9.3414693488e-01
weights,LSHADE,W3 (overlap)|DL08,0,3,9.2343178128e-01
weights,LSHADE,W4 (structure)|DL01,0,3,9.2972544157e-01
weights,LSHADE,W4 (structure)|DL02,0,3,9.2329376255e-01
weights,LSHADE,W4 (structure)|DL03,0,3,9.0995402197e-01
weights,LSHADE,W4 (structure)|DL04,0,3,9.3923111838e-01
weights,LSHADE,W4 (structure)|DL05,0,3,9.5412187433e-01
weights,LSHADE,W4 (structure)|DL06,0,3,9.4510886677e-01
weights,LSHADE,W4 (structure)|DL07,0,3,9.2996278824e-01
weights,LSHADE,W4 (structure)|DL08,0,3,9.1407027657e-01
weights,MSSBOA,W0 (Ngo)|DL01,0,4,9.1441028826e-01
weights,MSSBOA,W0 (Ngo)|DL02,0,4,8.8765717092e-01
weights,MSSBOA,W0 (Ngo)|DL03,0,4,8.8070314663e-01
weights,MSSBOA,W0 (Ngo)|DL04,0,4,9.0743384870e-01
weights,MSSBOA,W0 (Ngo)|DL05,0,4,9.4716194091e-01
weights,MSSBOA,W0 (Ngo)|DL06,0,4,8.9604473468e-01
weights,MSSBOA,W0 (Ngo)|DL07,0,4,8.9596751527e-01
weights,MSSBOA,W0 (Ngo)|DL08,0,4,8.8584919140e-01
weights,MSSBOA,W1 (equal)|DL01,0,4,8.9800256222e-01
weights,MSSBOA,W1 (equal)|DL02,0,4,8.6287092814e-01
weights,MSSBOA,W1 (equal)|DL03,0,4,8.4042250989e-01
weights,MSSBOA,W1 (equal)|DL04,0,4,8.9171674106e-01
weights,MSSBOA,W1 (equal)|DL05,0,4,9.2730150413e-01
weights,MSSBOA,W1 (equal)|DL06,0,4,8.8542680078e-01
weights,MSSBOA,W1 (equal)|DL07,0,4,8.8397929917e-01
weights,MSSBOA,W1 (equal)|DL08,0,4,8.6585586316e-01
weights,MSSBOA,W2 (balance)|DL01,0,4,9.2200057168e-01
weights,MSSBOA,W2 (balance)|DL02,0,4,9.3043552817e-01
weights,MSSBOA,W2 (balance)|DL03,0,4,9.1012691476e-01
weights,MSSBOA,W2 (balance)|DL04,0,4,9.3242290526e-01
weights,MSSBOA,W2 (balance)|DL05,0,4,9.4349739052e-01
weights,MSSBOA,W2 (balance)|DL06,0,4,9.2423889953e-01
weights,MSSBOA,W2 (balance)|DL07,0,4,9.3474649925e-01
weights,MSSBOA,W2 (balance)|DL08,0,4,9.2831125685e-01
weights,MSSBOA,W3 (overlap)|DL01,0,4,9.2912947429e-01
weights,MSSBOA,W3 (overlap)|DL02,0,4,9.2657758918e-01
weights,MSSBOA,W3 (overlap)|DL03,0,4,9.1154724846e-01
weights,MSSBOA,W3 (overlap)|DL04,0,4,9.4070438771e-01
weights,MSSBOA,W4 (structure)|DL01,0,4,9.3208202858e-01
weights,MSSBOA,W4 (structure)|DL02,0,4,9.1446642383e-01
weights,MSSBOA,W4 (structure)|DL03,0,4,9.0020561557e-01
weights,MSSBOA,W4 (structure)|DL04,0,4,9.1792980376e-01
weights,SBOA,W0 (Ngo)|DL01,0,4,9.1663971371e-01
weights,SBOA,W0 (Ngo)|DL02,0,4,8.9640539010e-01
weights,SBOA,W0 (Ngo)|DL03,0,4,8.8070330499e-01
weights,SBOA,W0 (Ngo)|DL04,0,4,9.0827026652e-01
weights,MSSBOA,W3 (overlap)|DL05,0,4,9.5954809875e-01
weights,MSSBOA,W3 (overlap)|DL06,0,4,9.3814521314e-01
weights,MSSBOA,W3 (overlap)|DL07,0,4,8.9912476648e-01
weights,MSSBOA,W3 (overlap)|DL08,0,4,9.2351194948e-01
weights,MSSBOA,W4 (structure)|DL05,0,4,9.1543176855e-01
weights,MSSBOA,W4 (structure)|DL06,0,4,9.2477001336e-01
weights,MSSBOA,W4 (structure)|DL07,0,4,9.3133081301e-01
weights,MSSBOA,W4 (structure)|DL08,0,4,9.1409735567e-01
weights,SBOA,W0 (Ngo)|DL05,0,4,9.3487844820e-01
weights,SBOA,W0 (Ngo)|DL06,0,4,9.0242326234e-01
weights,SBOA,W0 (Ngo)|DL07,0,4,9.1261194001e-01
weights,SBOA,W0 (Ngo)|DL08,0,4,8.9939247805e-01
weights,SBOA,W1 (equal)|DL01,0,4,8.9547410708e-01
weights,SBOA,W1 (equal)|DL02,0,4,8.7138678393e-01
weights,SBOA,W1 (equal)|DL03,0,4,8.4409670033e-01
weights,SBOA,W1 (equal)|DL04,0,4,9.0019218293e-01
weights,SBOA,W1 (equal)|DL05,0,4,9.1262171293e-01
weights,SBOA,W1 (equal)|DL06,0,4,8.9804116405e-01
weights,SBOA,W1 (equal)|DL07,0,4,8.6860287262e-01
weights,SBOA,W1 (equal)|DL08,0,4,8.5937178878e-01
weights,SBOA,W2 (balance)|DL01,0,4,9.4145167130e-01
weights,SBOA,W2 (balance)|DL02,0,4,9.3099882461e-01
weights,SBOA,W2 (balance)|DL03,0,4,9.1812845450e-01
weights,SBOA,W2 (balance)|DL04,0,4,9.3061290374e-01
weights,SBOA,W2 (balance)|DL05,0,4,9.4464182155e-01
weights,SBOA,W2 (balance)|DL06,0,4,9.4334549386e-01
weights,SBOA,W2 (balance)|DL07,0,4,9.2124986148e-01
weights,SBOA,W2 (balance)|DL08,0,4,9.3292298726e-01
weights,SBOA,W3 (overlap)|DL01,0,4,9.3583375158e-01
weights,SBOA,W3 (overlap)|DL02,0,4,9.3049063272e-01
weights,SBOA,W3 (overlap)|DL03,0,4,8.9699664820e-01
weights,SBOA,W3 (overlap)|DL04,0,4,9.3154916436e-01
weights,SBOA,W3 (overlap)|DL05,0,4,9.5761588277e-01
weights,SBOA,W3 (overlap)|DL06,0,4,9.3393909084e-01
weights,SBOA,W3 (overlap)|DL07,0,4,9.2680377295e-01
weights,SBOA,W3 (overlap)|DL08,0,4,9.2351332684e-01
weights,SBOA,W4 (structure)|DL01,0,4,9.2813503489e-01
weights,SBOA,W4 (structure)|DL02,0,4,9.1993438444e-01
weights,SBOA,W4 (structure)|DL03,0,4,9.0997937616e-01
weights,SBOA,W4 (structure)|DL04,0,4,9.2833848896e-01
weights,SBOA,W4 (structure)|DL05,0,4,9.3828825792e-01
weights,SBOA,W4 (structure)|DL06,0,4,9.1253678524e-01
weights,SBOA,W4 (structure)|DL07,0,4,9.0863940554e-01
weights,SBOA,W4 (structure)|DL08,0,4,9.1212160520e-01
weights,RIME,W0 (Ngo)|DL01,0,4,9.0139056201e-01
weights,RIME,W0 (Ngo)|DL02,0,4,8.6882087246e-01
weights,RIME,W0 (Ngo)|DL03,0,4,8.2386644849e-01
weights,RIME,W0 (Ngo)|DL04,0,4,8.7168997396e-01
weights,RIME,W1 (equal)|DL01,0,4,8.6192267807e-01
weights,RIME,W1 (equal)|DL02,0,4,8.0189111257e-01
weights,RIME,W1 (equal)|DL03,0,4,7.8786250974e-01
weights,RIME,W1 (equal)|DL04,0,4,8.3593767665e-01
weights,RIME,W0 (Ngo)|DL05,0,4,8.9675125131e-01
weights,RIME,W0 (Ngo)|DL06,0,4,8.2153419623e-01
weights,RIME,W0 (Ngo)|DL07,0,4,8.6242930200e-01
weights,RIME,W0 (Ngo)|DL08,0,4,8.6935338760e-01
weights,RIME,W2 (balance)|DL01,0,4,9.2080595553e-01
weights,RIME,W2 (balance)|DL02,0,4,9.0268357386e-01
weights,RIME,W2 (balance)|DL03,0,4,8.8701854784e-01
weights,RIME,W2 (balance)|DL04,0,4,8.8096795081e-01
weights,RIME,W1 (equal)|DL05,0,4,8.9140536427e-01
weights,RIME,W1 (equal)|DL06,0,4,8.5566537100e-01
weights,RIME,W1 (equal)|DL07,0,4,8.4730854558e-01
weights,RIME,W1 (equal)|DL08,0,4,8.0795019054e-01
weights,RIME,W2 (balance)|DL05,0,4,8.9022554021e-01
weights,RIME,W2 (balance)|DL06,0,4,9.4279750809e-01
weights,RIME,W2 (balance)|DL07,0,4,8.9526078073e-01
weights,RIME,W2 (balance)|DL08,0,4,9.0595145038e-01
weights,RIME,W3 (overlap)|DL01,0,4,9.1268095735e-01
weights,RIME,W3 (overlap)|DL02,0,4,8.7830287803e-01
weights,RIME,W3 (overlap)|DL03,0,4,8.6510577002e-01
weights,RIME,W3 (overlap)|DL04,0,4,9.0381980484e-01
weights,RIME,W4 (structure)|DL01,0,4,8.7681599873e-01
weights,RIME,W4 (structure)|DL02,0,4,9.1577574149e-01
weights,RIME,W4 (structure)|DL03,0,4,8.4826795432e-01
weights,RIME,W4 (structure)|DL04,0,4,8.7982622477e-01
weights,RIME,W3 (overlap)|DL05,0,4,9.1074603951e-01
weights,RIME,W3 (overlap)|DL06,0,4,8.7586023562e-01
weights,RIME,W3 (overlap)|DL07,0,4,9.0711798066e-01
weights,RIME,W3 (overlap)|DL08,0,4,8.9045169196e-01
weights,RIME,W4 (structure)|DL05,0,4,9.1161891793e-01
weights,RIME,W4 (structure)|DL06,0,4,8.6472816670e-01
weights,RIME,W4 (structure)|DL07,0,4,9.2140331213e-01
weights,RIME,W4 (structure)|DL08,0,4,8.4272843133e-01
weights,LSHADE,W0 (Ngo)|DL01,0,4,9.2331464164e-01
weights,LSHADE,W0 (Ngo)|DL02,0,4,9.0582799839e-01
weights,LSHADE,W0 (Ngo)|DL03,0,4,8.8428621020e-01
weights,LSHADE,W0 (Ngo)|DL04,0,4,9.1928213077e-01
weights,LSHADE,W0 (Ngo)|DL05,0,4,9.3168355143e-01
weights,LSHADE,W0 (Ngo)|DL06,0,4,9.3060628901e-01
weights,LSHADE,W0 (Ngo)|DL07,0,4,9.0385187535e-01
weights,LSHADE,W0 (Ngo)|DL08,0,4,8.9931780471e-01
weights,LSHADE,W1 (equal)|DL01,0,4,8.9942608474e-01
weights,LSHADE,W1 (equal)|DL02,0,4,8.7025825800e-01
weights,LSHADE,W1 (equal)|DL03,0,4,8.4207165114e-01
weights,LSHADE,W1 (equal)|DL04,0,4,8.9916607535e-01
weights,LSHADE,W1 (equal)|DL05,0,4,9.1854548773e-01
weights,LSHADE,W1 (equal)|DL06,0,4,9.0313827969e-01
weights,LSHADE,W1 (equal)|DL07,0,4,8.8108618933e-01
weights,LSHADE,W1 (equal)|DL08,0,4,8.6578906003e-01
weights,LSHADE,W2 (balance)|DL01,0,4,9.4430788678e-01
weights,LSHADE,W2 (balance)|DL02,0,4,9.3632636265e-01
weights,LSHADE,W2 (balance)|DL03,0,4,9.2015192057e-01
weights,LSHADE,W2 (balance)|DL04,0,4,9.4554772736e-01
weights,LSHADE,W2 (balance)|DL05,0,4,9.5593914018e-01
weights,LSHADE,W2 (balance)|DL06,0,4,9.4658888039e-01
weights,LSHADE,W2 (balance)|DL07,0,4,9.3955430660e-01
weights,LSHADE,W2 (balance)|DL08,0,4,9.3257497666e-01
weights,LSHADE,W3 (overlap)|DL01,0,4,9.4128628462e-01
weights,LSHADE,W3 (overlap)|DL02,0,4,9.3050152319e-01
weights,LSHADE,W3 (overlap)|DL03,0,4,9.1522734379e-01
weights,LSHADE,W3 (overlap)|DL04,0,4,9.3081277538e-01
weights,LSHADE,W3 (overlap)|DL05,0,4,9.5627132119e-01
weights,LSHADE,W3 (overlap)|DL06,0,4,9.4993567545e-01
weights,LSHADE,W3 (overlap)|DL07,0,4,9.4169109954e-01
weights,LSHADE,W3 (overlap)|DL08,0,4,9.2348918577e-01
weights,LSHADE,W4 (structure)|DL05,0,4,9.3838916017e-01
weights,LSHADE,W4 (structure)|DL06,0,4,9.4024398246e-01
weights,LSHADE,W4 (structure)|DL07,0,4,9.2870430681e-01
weights,LSHADE,W4 (structure)|DL08,0,4,9.1409086170e-01
weights,LSHADE,W4 (structure)|DL01,0,4,9.2993942603e-01
weights,LSHADE,W4 (structure)|DL02,0,4,9.1986897837e-01
weights,LSHADE,W4 (structure)|DL03,0,4,9.0995919224e-01
weights,LSHADE,W4 (structure)|DL04,0,4,9.3112189624e-01
weights,MSSBOA,W0 (Ngo)|DL01,0,5,9.0100164053e-01
weights,MSSBOA,W0 (Ngo)|DL02,0,5,8.9911273873e-01
weights,MSSBOA,W0 (Ngo)|DL03,0,5,8.8313565027e-01
weights,MSSBOA,W0 (Ngo)|DL04,0,5,9.2261782995e-01
weights,MSSBOA,W0 (Ngo)|DL05,0,5,9.3314879557e-01
weights,MSSBOA,W0 (Ngo)|DL06,0,5,9.0217498234e-01
weights,MSSBOA,W0 (Ngo)|DL07,0,5,9.0136162202e-01
weights,MSSBOA,W0 (Ngo)|DL08,0,5,8.9214572457e-01
weights,MSSBOA,W1 (equal)|DL01,0,5,8.8101475977e-01
weights,MSSBOA,W1 (equal)|DL02,0,5,8.4755760716e-01
weights,MSSBOA,W1 (equal)|DL03,0,5,8.3520174688e-01
weights,MSSBOA,W1 (equal)|DL04,0,5,9.1032818586e-01
weights,MSSBOA,W1 (equal)|DL05,0,5,8.9041921281e-01
weights,MSSBOA,W1 (equal)|DL06,0,5,8.9745369010e-01
weights,MSSBOA,W1 (equal)|DL07,0,5,8.7561916253e-01
weights,MSSBOA,W1 (equal)|DL08,0,5,8.6585578604e-01
weights,MSSBOA,W2 (balance)|DL01,0,5,9.2476760716e-01
weights,MSSBOA,W2 (balance)|DL02,0,5,9.2185125931e-01
weights,MSSBOA,W2 (balance)|DL03,0,5,9.1196083245e-01
weights,MSSBOA,W2 (balance)|DL04,0,5,9.4374685989e-01
weights,MSSBOA,W2 (balance)|DL05,0,5,9.4600633027e-01
weights,MSSBOA,W2 (balance)|DL06,0,5,9.5252223491e-01
weights,MSSBOA,W2 (balance)|DL07,0,5,9.2575097034e-01
weights,MSSBOA,W2 (balance)|DL08,0,5,9.3292780593e-01
weights,MSSBOA,W3 (overlap)|DL01,0,5,9.3644501025e-01
weights,MSSBOA,W3 (overlap)|DL02,0,5,9.1857723932e-01
weights,MSSBOA,W3 (overlap)|DL03,0,5,9.0833556489e-01
weights,MSSBOA,W3 (overlap)|DL04,0,5,9.3399543159e-01
weights,MSSBOA,W3 (overlap)|DL05,0,5,9.6731499285e-01
weights,MSSBOA,W3 (overlap)|DL06,0,5,9.4149889600e-01
weights,MSSBOA,W3 (overlap)|DL07,0,5,9.3323459688e-01
weights,MSSBOA,W3 (overlap)|DL08,0,5,9.2350678346e-01
weights,MSSBOA,W4 (structure)|DL01,0,5,9.2383510660e-01
weights,MSSBOA,W4 (structure)|DL02,0,5,9.1688980903e-01
weights,MSSBOA,W4 (structure)|DL03,0,5,9.0137243726e-01
weights,MSSBOA,W4 (structure)|DL04,0,5,9.3137766025e-01
weights,SBOA,W0 (Ngo)|DL01,0,5,9.2365858731e-01
weights,SBOA,W0 (Ngo)|DL02,0,5,9.0100071798e-01
weights,SBOA,W0 (Ngo)|DL03,0,5,8.8031639419e-01
weights,SBOA,W0 (Ngo)|DL04,0,5,9.1013301641e-01
weights,MSSBOA,W4 (structure)|DL05,0,5,9.3948830614e-01
weights,MSSBOA,W4 (structure)|DL06,0,5,9.4150955030e-01
weights,MSSBOA,W4 (structure)|DL07,0,5,9.3477202583e-01
weights,MSSBOA,W4 (structure)|DL08,0,5,9.0145557460e-01
weights,SBOA,W0 (Ngo)|DL05,0,5,9.3591421593e-01
weights,SBOA,W0 (Ngo)|DL06,0,5,9.2837996597e-01
weights,SBOA,W0 (Ngo)|DL07,0,5,9.1094907680e-01
weights,SBOA,W0 (Ngo)|DL08,0,5,8.9826229798e-01
weights,SBOA,W1 (equal)|DL01,0,5,8.8287645396e-01
weights,SBOA,W1 (equal)|DL02,0,5,8.7459150040e-01
weights,SBOA,W1 (equal)|DL03,0,5,8.4042328535e-01
weights,SBOA,W1 (equal)|DL04,0,5,8.8916368676e-01
weights,SBOA,W1 (equal)|DL05,0,5,8.9005223432e-01
weights,SBOA,W1 (equal)|DL06,0,5,9.1238663884e-01
weights,SBOA,W1 (equal)|DL07,0,5,8.8430162062e-01
weights,SBOA,W1 (equal)|DL08,0,5,8.4702506283e-01
weights,SBOA,W2 (balance)|DL01,0,5,9.4846037339e-01
weights,SBOA,W2 (balance)|DL02,0,5,9.2334753731e-01
weights,SBOA,W2 (balance)|DL03,0,5,9.0759612333e-01
weights,SBOA,W2 (balance)|DL04,0,5,9.2860517749e-01
weights,SBOA,W3 (overlap)|DL01,0,5,9.4181614620e-01
weights,SBOA,W3 (overlap)|DL02,0,5,9.2370074029e-01
weights,SBOA,W3 (overlap)|DL03,0,5,8.9963721578e-01
weights,SBOA,W3 (overlap)|DL04,0,5,9.3050305508e-01
weights,SBOA,W2 (balance)|DL05,0,5,9.4890387646e-01
weights,SBOA,W2 (balance)|DL06,0,5,9.1976877091e-01
weights,SBOA,W2 (balance)|DL07,0,5,9.2179303706e-01
weights,SBOA,W2 (balance)|DL08,0,5,9.2378163588e-01
weights,SBOA,W3 (overlap)|DL05,0,5,9.5744272498e-01
weights,SBOA,W3 (overlap)|DL06,0,5,9.2239464194e-01
weights,SBOA,W3 (overlap)|DL07,0,5,9.3045376379e-01
weights,SBOA,W3 (overlap)|DL08,0,5,9.2351341104e-01
weights,SBOA,W4 (structure)|DL01,0,5,9.2575688381e-01
weights,SBOA,W4 (structure)|DL02,0,5,9.1654078983e-01
weights,SBOA,W4 (structure)|DL03,0,5,9.0887284197e-01
weights,SBOA,W4 (structure)|DL04,0,5,9.1919515719e-01
weights,SBOA,W4 (structure)|DL05,0,5,9.3147961426e-01
weights,SBOA,W4 (structure)|DL06,0,5,9.3010067067e-01
weights,SBOA,W4 (structure)|DL07,0,5,9.3940223125e-01
weights,SBOA,W4 (structure)|DL08,0,5,9.1409454398e-01
weights,RIME,W0 (Ngo)|DL01,0,5,8.6448229041e-01
weights,RIME,W0 (Ngo)|DL02,0,5,8.6414060435e-01
weights,RIME,W0 (Ngo)|DL03,0,5,8.3266939444e-01
weights,RIME,W0 (Ngo)|DL04,0,5,8.7605150276e-01
weights,RIME,W0 (Ngo)|DL05,0,5,8.9690906633e-01
weights,RIME,W0 (Ngo)|DL06,0,5,9.0337096603e-01
weights,RIME,W0 (Ngo)|DL07,0,5,8.3367650098e-01
weights,RIME,W0 (Ngo)|DL08,0,5,8.1195033565e-01
weights,RIME,W1 (equal)|DL01,0,5,8.5457259082e-01
weights,RIME,W1 (equal)|DL02,0,5,7.8881835011e-01
weights,RIME,W1 (equal)|DL03,0,5,7.8475608445e-01
weights,RIME,W1 (equal)|DL04,0,5,8.5263884105e-01
weights,RIME,W1 (equal)|DL05,0,5,9.2190630844e-01
weights,RIME,W1 (equal)|DL06,0,5,8.6687963493e-01
weights,RIME,W1 (equal)|DL07,0,5,8.6494480344e-01
weights,RIME,W1 (equal)|DL08,0,5,8.2739288547e-01
weights,RIME,W2 (balance)|DL05,0,5,9.2794914765e-01
weights,RIME,W2 (balance)|DL06,0,5,8.6563899769e-01
weights,RIME,W2 (balance)|DL07,0,5,8.7712599915e-01
weights,RIME,W2 (balance)|DL08,0,5,9.0492256495e-01
weights,RIME,W3 (overlap)|DL01,0,5,9.0258850306e-01
weights,RIME,W3 (overlap)|DL02,0,5,8.7178136577e-01
weights,RIME,W3 (overlap)|DL03,0,5,9.1520610593e-01
weights,RIME,W3 (overlap)|DL04,0,5,8.6259400492e-01
weights,RIME,W2 (balance)|DL01,0,5,8.9009731882e-01
weights,RIME,W2 (balance)|DL02,0,5,8.7177043032e-01
weights,RIME,W2 (balance)|DL03,0,5,8.3328883250e-01
weights,RIME,W2 (balance)|DL04,0,5,9.0417454197e-01
weights,RIME,W3 (overlap)|DL05,0,5,9.3670892600e-01
weights,RIME,W3 (overlap)|DL06,0,5,9.1018186456e-01
weights,RIME,W3 (overlap)|DL07,0,5,9.0170262400e-01
weights,RIME,W3 (overlap)|DL08,0,5,9.1985090156e-01
weights,RIME,W4 (structure)|DL01,0,5,8.6820471560e-01
weights,RIME,W4 (structure)|DL02,0,5,8.7700289195e-01
weights,RIME,W4 (structure)|DL03,0,5,8.7447254773e-01
weights,RIME,W4 (structure)|DL04,0,5,8.3687990244e-01
weights,RIME,W4 (structure)|DL05,0,5,9.3441010165e-01
weights,RIME,W4 (structure)|DL06,0,5,8.6694651534e-01
weights,RIME,W4 (structure)|DL07,0,5,9.3451704525e-01
weights,RIME,W4 (structure)|DL08,0,5,9.1258530465e-01
weights,LSHADE,W0 (Ngo)|DL01,0,5,9.2492208718e-01
weights,LSHADE,W0 (Ngo)|DL02,0,5,9.0644381838e-01
weights,LSHADE,W0 (Ngo)|DL03,0,5,8.8066699915e-01
weights,LSHADE,W0 (Ngo)|DL04,0,5,9.2144671884e-01
weights,LSHADE,W0 (Ngo)|DL05,0,5,9.4289977050e-01
weights,LSHADE,W0 (Ngo)|DL06,0,5,9.2810721570e-01
weights,LSHADE,W0 (Ngo)|DL07,0,5,9.1060403664e-01
weights,LSHADE,W0 (Ngo)|DL08,0,5,8.9937960061e-01
weights,LSHADE,W1 (equal)|DL01,0,5,8.9862223624e-01
weights,LSHADE,W1 (equal)|DL02,0,5,8.7538996987e-01
weights,LSHADE,W1 (equal)|DL03,0,5,8.4658169032e-01
weights,LSHADE,W1 (equal)|DL04,0,5,9.0307500515e-01
weights,LSHADE,W2 (balance)|DL01,0,5,9.4241361377e-01
weights,LSHADE,W2 (balance)|DL02,0,5,9.3415281754e-01
weights,LSHADE,W2 (balance)|DL03,0,5,9.2021182299e-01
weights,LSHADE,W2 (balance)|DL04,0,5,9.4003964384e-01
weights,LSHADE,W1 (equal)|DL05,0,5,9.2063954489e-01
weights,LSHADE,W1 (equal)|DL06,0,5,9.0488084986e-01
weights,LSHADE,W1 (equal)|DL07,0,5,8.8193742745e-01
weights,LSHADE,W1 (equal)|DL08,0,5,8.6584547828e-01
weights,LSHADE,W2 (balance)|DL05,0,5,9.6457926765e-01
weights,LSHADE,W2 (balance)|DL06,0,5,9.4571615534e-01
weights,LSHADE,W2 (balance)|DL07,0,5,9.3708216288e-01
weights,LSHADE,W2 (balance)|DL08,0,5,9.3290441138e-01
weights,LSHADE,W3 (overlap)|DL01,0,5,9.4171860824e-01
weights,LSHADE,W3 (overlap)|DL02,0,5,9.2771975322e-01
weights,LSHADE,W3 (overlap)|DL03,0,5,9.1547638137e-01
weights,LSHADE,W3 (overlap)|DL04,0,5,9.2905121813e-01
weights,LSHADE,W4 (structure)|DL01,0,5,9.3165754307e-01
weights,LSHADE,W4 (structure)|DL02,0,5,9.1911143872e-01
weights,LSHADE,W4 (structure)|DL03,0,5,9.1237349477e-01
weights,LSHADE,W4 (structure)|DL04,0,5,9.2795628574e-01
weights,LSHADE,W3 (overlap)|DL05,0,5,9.5046530439e-01
weights,LSHADE,W3 (overlap)|DL06,0,5,9.4541153529e-01
weights,LSHADE,W3 (overlap)|DL07,0,5,9.2487880445e-01
weights,LSHADE,W3 (overlap)|DL08,0,5,9.2351007317e-01
weights,LSHADE,W4 (structure)|DL05,0,5,9.5256007086e-01
weights,LSHADE,W4 (structure)|DL06,0,5,9.5175589799e-01
weights,LSHADE,W4 (structure)|DL07,0,5,9.3218203923e-01
weights,LSHADE,W4 (structure)|DL08,0,5,9.1409288601e-01
weights,MSSBOA,W0 (Ngo)|DL01,0,6,9.2253593432e-01
weights,MSSBOA,W0 (Ngo)|DL02,0,6,8.9739055405e-01
weights,MSSBOA,W0 (Ngo)|DL03,0,6,8.7375826543e-01
weights,MSSBOA,W0 (Ngo)|DL04,0,6,9.1759838362e-01
weights,MSSBOA,W0 (Ngo)|DL05,0,6,9.3839580746e-01
weights,MSSBOA,W0 (Ngo)|DL06,0,6,9.3084510706e-01
weights,MSSBOA,W0 (Ngo)|DL07,0,6,9.1587431003e-01
weights,MSSBOA,W0 (Ngo)|DL08,0,6,8.9675382497e-01
weights,MSSBOA,W1 (equal)|DL01,0,6,8.9393231814e-01
weights,MSSBOA,W1 (equal)|DL02,0,6,8.7193931677e-01
weights,MSSBOA,W1 (equal)|DL03,0,6,8.4042081720e-01
weights,MSSBOA,W1 (equal)|DL04,0,6,9.0332354907e-01
weights,MSSBOA,W1 (equal)|DL05,0,6,9.2917727857e-01
weights,MSSBOA,W1 (equal)|DL06,0,6,8.8829094633e-01
weights,MSSBOA,W1 (equal)|DL07,0,6,8.8394111031e-01
weights,MSSBOA,W1 (equal)|DL08,0,6,8.5827705379e-01
weights,MSSBOA,W2 (balance)|DL01,0,6,9.5090386146e-01
weights,MSSBOA,W2 (balance)|DL02,0,6,9.2058066268e-01
weights,MSSBOA,W2 (balance)|DL03,0,6,9.1253787805e-01
weights,MSSBOA,W2 (balance)|DL04,0,6,9.3517455407e-01
weights,MSSBOA,W2 (balance)|DL05,0,6,9.5201664337e-01
weights,MSSBOA,W2 (balance)|DL06,0,6,9.5280604293e-01
weights,MSSBOA,W2 (balance)|DL07,0,6,9.1843040962e-01
weights,MSSBOA,W2 (balance)|DL08,0,6,9.1072946327e-01
weights,MSSBOA,W3 (overlap)|DL01,0,6,9.2473231437e-01
weights,MSSBOA,W3 (overlap)|DL02,0,6,9.0477891797e-01
weights,MSSBOA,W3 (overlap)|DL03,0,6,9.1522431943e-01
weights,MSSBOA,W3 (overlap)|DL04,0,6,9.3411104165e-01
weights,MSSBOA,W3 (overlap)|DL05,0,6,9.3725270866e-01
weights,MSSBOA,W3 (overlap)|DL06,0,6,9.5049067658e-01
weights,MSSBOA,W3 (overlap)|DL07,0,6,9.3251062733e-01
weights,MSSBOA,W3 (overlap)|DL08,0,6,9.2351290675e-01
weights,MSSBOA,W4 (structure)|DL01,0,6,9.1769120435e-01
weights,MSSBOA,W4 (structure)|DL02,0,6,9.1045824861e-01
weights,MSSBOA,W4 (structure)|DL03,0,6,9.1659188886e-01
weights,MSSBOA,W4 (structure)|DL04,0,6,9.3004022554e-01
weights,MSSBOA,W4 (structure)|DL05,0,6,9.3901418942e-01
weights,MSSBOA,W4 (structure)|DL06,0,6,9.3350941771e-01
weights,MSSBOA,W4 (structure)|DL07,0,6,9.2276064259e-01
weights,MSSBOA,W4 (structure)|DL08,0,6,9.1409623932e-01
weights,SBOA,W0 (Ngo)|DL01,0,6,9.1944140392e-01
weights,SBOA,W0 (Ngo)|DL02,0,6,8.9351014691e-01
weights,SBOA,W0 (Ngo)|DL03,0,6,8.7559980585e-01
weights,SBOA,W0 (Ngo)|DL04,0,6,9.0526696596e-01
weights,SBOA,W0 (Ngo)|DL05,0,6,9.2840375659e-01
weights,SBOA,W0 (Ngo)|DL06,0,6,9.2633189176e-01
weights,SBOA,W0 (Ngo)|DL07,0,6,8.9824376145e-01
weights,SBOA,W0 (Ngo)|DL08,0,6,8.9939315557e-01
weights,SBOA,W1 (equal)|DL01,0,6,8.9260690474e-01
weights,SBOA,W1 (equal)|DL02,0,6,8.6558648149e-01
weights,SBOA,W1 (equal)|DL03,0,6,8.4093800684e-01
weights,SBOA,W1 (equal)|DL04,0,6,8.7949402551e-01
weights,SBOA,W1 (equal)|DL05,0,6,9.2864382605e-01
weights,SBOA,W1 (equal)|DL06,0,6,9.0130818701e-01
weights,SBOA,W1 (equal)|DL07,0,6,8.5349509322e-01
weights,SBOA,W1 (equal)|DL08,0,6,8.6585731908e-01
weights,SBOA,W2 (balance)|DL01,0,6,9.3897272668e-01
weights,SBOA,W2 (balance)|DL02,0,6,9.3099137634e-01
weights,SBOA,W2 (balance)|DL03,0,6,9.2208281327e-01
weights,SBOA,W2 (balance)|DL04,0,6,9.1359311944e-01
weights,SBOA,W2 (balance)|DL05,0,6,9.5863432406e-01
weights,SBOA,W2 (balance)|DL06,0,6,9.2893090242e-01
weights,SBOA,W2 (balance)|DL07,0,6,9.2538146110e-01
weights,SBOA,W2 (balance)|DL08,0,6,9.3123454138e-01
weights,SBOA,W3 (overlap)|DL01,0,6,9.3584667577e-01
weights,SBOA,W3 (overlap)|DL02,0,6,9.0943978878e-01
weights,SBOA,W3 (overlap)|DL03,0,6,9.1425677591e-01
weights,SBOA,W3 (overlap)|DL04,0,6,9.2501435890e-01
weights,SBOA,W3 (overlap)|DL05,0,6,9.5498932993e-01
weights,SBOA,W3 (overlap)|DL06,0,6,9.3844636766e-01
weights,SBOA,W3 (overlap)|DL07,0,6,9.0707888822e-01
weights,SBOA,W3 (overlap)|DL08,0,6,9.2351212199e-01
weights,SBOA,W4 (structure)|DL05,0,6,9.2349923609e-01
weights,SBOA,W4 (structure)|DL06,0,6,9.1266411908e-01
weights,SBOA,W4 (structure)|DL07,0,6,9.2804343310e-01
weights,SBOA,W4 (structure)|DL08,0,6,9.1010246350e-01
weights,SBOA,W4 (structure)|DL01,0,6,9.1941577653e-01
weights,SBOA,W4 (structure)|DL02,0,6,9.1384152303e-01
weights,SBOA,W4 (structure)|DL03,0,6,9.1703918553e-01
weights,SBOA,W4 (structure)|DL04,0,6,9.3354801072e-01
weights,RIME,W0 (Ngo)|DL01,0,6,9.0393918136e-01
weights,RIME,W0 (Ngo)|DL02,0,6,8.1766467307e-01
weights,RIME,W0 (Ngo)|DL03,0,6,8.7028052731e-01
weights,RIME,W0 (Ngo)|DL04,0,6,8.6284820806e-01
weights,RIME,W0 (Ngo)|DL05,0,6,9.1850894636e-01
weights,RIME,W0 (Ngo)|DL06,0,6,9.0453620147e-01
weights,RIME,W0 (Ngo)|DL07,0,6,8.4527199829e-01
weights,RIME,W0 (Ngo)|DL08,0,6,8.3099573969e-01
weights,RIME,W1 (equal)|DL01,0,6,8.9534443521e-01
weights,RIME,W1 (equal)|DL02,0,6,7.8846207328e-01
weights,RIME,W1 (equal)|DL03,0,6,7.9851670350e-01
weights,RIME,W1 (equal)|DL04,0,6,8.2165613869e-01
weights,RIME,W1 (equal)|DL05,0,6,8.8260084715e-01
weights,RIME,W1 (equal)|DL06,0,6,8.4903170506e-01
weights,RIME,W1 (equal)|DL07,0,6,8.1064379981e-01
weights,RIME,W1 (equal)|DL08,0,6,8.1597345302e-01
weights,RIME,W2 (balance)|DL01,0,6,8.8774366948e-01
weights,RIME,W2 (balance)|DL02,0,6,8.8579168557e-01
weights,RIME,W2 (balance)|DL03,0,6,8.8062650198e-01
weights,RIME,W2 (balance)|DL04,0,6,8.9555076356e-01
weights,RIME,W2 (balance)|DL05,0,6,9.0269306238e-01
weights,RIME,W2 (balance)|DL06,0,6,9.2134364993e-01
weights,RIME,W2 (balance)|DL07,0,6,9.0608801717e-01
weights,RIME,W2 (balance)|DL08,0,6,8.9517568612e-01
weights,RIME,W3 (overlap)|DL01,0,6,9.3687170171e-01
weights,RIME,W3 (overlap)|DL02,0,6,8.7761079390e-01
weights,RIME,W3 (overlap)|DL03,0,6,8.6339454244e-01
weights,RIME,W3 (overlap)|DL04,0,6,8.9950494175e-01
weights,RIME,W4 (structure)|DL01,0,6,8.4760963511e-01
weights,RIME,W4 (structure)|DL02,0,6,8.6814927083e-01
weights,RIME,W4 (structure)|DL03,0,6,7.8706228160e-01
weights,RIME,W4 (structure)|DL04,0,6,9.1679037025e-01
weights,RIME,W4 (structure)|DL05,0,6,9.2047260700e-01
weights,RIME,W4 (structure)|DL06,0,6,8.4955691410e-01
weights,RIME,W4 (structure)|DL07,0,6,8.6012574066e-01
weights,RIME,W4 (structure)|DL08,0,6,8.8827941609e-01
weights,RIME,W3 (overlap)|DL05,0,6,9.0841686709e-01
weights,RIME,W3 (overlap)|DL06,0,6,9.2708907781e-01
weights,RIME,W3 (overlap)|DL07,0,6,9.0012495000e-01
weights,RIME,W3 (overlap)|DL08,0,6,8.7718642206e-01
weights,LSHADE,W0 (Ngo)|DL01,0,6,9.2627503659e-01
weights,LSHADE,W0 (Ngo)|DL02,0,6,8.9815040881e-01
weights,LSHADE,W0 (Ngo)|DL03,0,6,8.8139875440e-01
weights,LSHADE,W0 (Ngo)|DL04,0,6,9.2238721954e-01
weights,LSHADE,W0 (Ngo)|DL05,0,6,9.4295217590e-01
weights,LSHADE,W0 (Ngo)|DL06,0,6,9.3202159987e-01
weights,LSHADE,W0 (Ngo)|DL07,0,6,9.0839668104e-01
weights,LSHADE,W0 (Ngo)|DL08,0,6,8.9939182574e-01
weights,LSHADE,W1 (equal)|DL01,0,6,9.0144549820e-01
weights,LSHADE,W1 (equal)|DL02,0,6,8.7260429432e-01
weights,LSHADE,W1 (equal)|DL03,0,6,8.4386455710e-01
weights,LSHADE,W1 (equal)|DL04,0,6,8.9633673268e-01
weights,LSHADE,W1 (equal)|DL05,0,6,9.2251387135e-01
weights,LSHADE,W1 (equal)|DL06,0,6,9.0950552235e-01
weights,LSHADE,W1 (equal)|DL07,0,6,8.8355310745e-01
weights,LSHADE,W1 (equal)|DL08,0,6,8.6584852153e-01
weights,LSHADE,W2 (balance)|DL01,0,6,9.4448978722e-01
weights,LSHADE,W2 (balance)|DL02,0,6,9.3474492915e-01
weights,LSHADE,W2 (balance)|DL03,0,6,9.2013118665e-01
weights,LSHADE,W2 (balance)|DL04,0,6,9.5126429348e-01
weights,LSHADE,W2 (balance)|DL05,0,6,9.5712119474e-01
weights,LSHADE,W2 (balance)|DL06,0,6,9.4967785617e-01
weights,LSHADE,W2 (balance)|DL07,0,6,9.3614386002e-01
weights,LSHADE,W2 (balance)|DL08,0,6,9.3284145334e-01
weights,LSHADE,W3 (overlap)|DL01,0,6,9.3778587035e-01
weights,LSHADE,W3 (overlap)|DL02,0,6,9.3055807679e-01
weights,LSHADE,W3 (overlap)|DL03,0,6,9.1548237516e-01
weights,LSHADE,W3 (overlap)|DL04,0,6,9.3287780518e-01
weights,LSHADE,W3 (overlap)|DL05,0,6,9.4126272254e-01
weights,LSHADE,W3 (overlap)|DL06,0,6,9.5159703412e-01
weights,LSHADE,W3 (overlap)|DL07,0,6,9.3754480669e-01
weights,LSHADE,W3 (overlap)|DL08,0,6,9.2351282867e-01
weights,LSHADE,W4 (structure)|DL01,0,6,9.2982761088e-01
weights,LSHADE,W4 (structure)|DL02,0,6,9.2296712139e-01
weights,LSHADE,W4 (structure)|DL03,0,6,9.0943895209e-01
weights,LSHADE,W4 (structure)|DL04,0,6,9.3553774720e-01
weights,LSHADE,W4 (structure)|DL05,0,6,9.5183242051e-01
weights,LSHADE,W4 (structure)|DL06,0,6,9.4941931086e-01
weights,LSHADE,W4 (structure)|DL07,0,6,9.3033374655e-01
weights,LSHADE,W4 (structure)|DL08,0,6,9.1406766835e-01
weights,MSSBOA,W0 (Ngo)|DL01,0,7,9.1947472543e-01
weights,MSSBOA,W0 (Ngo)|DL02,0,7,8.9475583715e-01
weights,MSSBOA,W0 (Ngo)|DL03,0,7,8.8031637257e-01
weights,MSSBOA,W0 (Ngo)|DL04,0,7,9.2479662963e-01
weights,MSSBOA,W0 (Ngo)|DL05,0,7,9.2966691822e-01
weights,MSSBOA,W0 (Ngo)|DL06,0,7,9.2338725302e-01
weights,MSSBOA,W0 (Ngo)|DL07,0,7,9.0630899438e-01
weights,MSSBOA,W0 (Ngo)|DL08,0,7,8.9939277929e-01
weights,MSSBOA,W1 (equal)|DL05,0,7,9.0749559907e-01
weights,MSSBOA,W1 (equal)|DL06,0,7,9.0469102626e-01
weights,MSSBOA,W1 (equal)|DL07,0,7,8.8775278732e-01
weights,MSSBOA,W1 (equal)|DL08,0,7,8.5738762468e-01
weights,MSSBOA,W1 (equal)|DL01,0,7,8.8724807086e-01
weights,MSSBOA,W1 (equal)|DL02,0,7,8.6669882448e-01
weights,MSSBOA,W1 (equal)|DL03,0,7,8.3898091934e-01
weights,MSSBOA,W1 (equal)|DL04,0,7,8.8240799632e-01
weights,MSSBOA,W2 (balance)|DL01,0,7,9.4706492005e-01
weights,MSSBOA,W2 (balance)|DL02,0,7,9.3706123775e-01
weights,MSSBOA,W2 (balance)|DL03,0,7,9.1836864523e-01
weights,MSSBOA,W2 (balance)|DL04,0,7,9.3204958407e-01
weights,MSSBOA,W2 (balance)|DL05,0,7,9.4482461989e-01
weights,MSSBOA,W2 (balance)|DL06,0,7,9.4894130494e-01
weights,MSSBOA,W2 (balance)|DL07,0,7,9.2525070117e-01
weights,MSSBOA,W2 (balance)|DL08,0,7,9.3292685364e-01
weights,MSSBOA,W3 (overlap)|DL05,0,7,9.4671962186e-01
weights,MSSBOA,W3 (overlap)|DL06,0,7,8.9556109826e-01
weights,MSSBOA,W3 (overlap)|DL07,0,7,9.3078213706e-01
weights,MSSBOA,W3 (overlap)|DL08,0,7,9.2351338158e-01
weights,MSSBOA,W3 (overlap)|DL01,0,7,9.3564464305e-01
weights,MSSBOA,W3 (overlap)|DL02,0,7,9.1557096964e-01
weights,MSSBOA,W3 (overlap)|DL03,0,7,9.1596014595e-01
weights,MSSBOA,W3 (overlap)|DL04,0,7,9.3475741053e-01
weights,MSSBOA,W4 (structure)|DL01,0,7,9.1413685263e-01
weights,MSSBOA,W4 (structure)|DL02,0,7,9.1125191119e-01
weights,MSSBOA,W4 (structure)|DL03,0,7,9.0466814462e-01
weights,MSSBOA,W4 (structure)|DL04,0,7,9.2311176856e-01
weights,SBOA,W0 (Ngo)|DL05,0,7,9.2423712953e-01
weights,SBOA,W0 (Ngo)|DL06,0,7,9.0993405601e-01
weights,SBOA,W0 (Ngo)|DL07,0,7,8.8314548143e-01
weights,SBOA,W0 (Ngo)|DL08,0,7,8.9939120845e-01
weights,SBOA,W0 (Ngo)|DL01,0,7,9.2035203775e-01
weights,SBOA,W0 (Ngo)|DL02,0,7,9.0499627564e-01
weights,SBOA,W0 (Ngo)|DL03,0,7,8.7364976851e-01
weights,SBOA,W0 (Ngo)|DL04,0,7,9.1634034452e-01
weights,MSSBOA,W4 (structure)|DL05,0,7,9.4776322060e-01
weights,MSSBOA,W4 (structure)|DL06,0,7,9.4459021558e-01
weights,MSSBOA,W4 (structure)|DL07,0,7,9.3909481099e-01
weights,MSSBOA,W4 (structure)|DL08,0,7,9.1299015619e-01
weights,SBOA,W1 (equal)|DL01,0,7,8.9320096325e-01
weights,SBOA,W1 (equal)|DL02,0,7,8.6729175398e-01
weights,SBOA,W1 (equal)|DL03,0,7,8.4306617012e-01
weights,SBOA,W1 (equal)|DL04,0,7,8.9485284507e-01
weights,SBOA,W1 (equal)|DL05,0,7,9.1638957762e-01
weights,SBOA,W1 (equal)|DL06,0,7,8.9144857708e-01
weights,SBOA,W1 (equal)|DL07,0,7,8.8536807263e-01
weights,SBOA,W1 (equal)|DL08,0,7,8.6466470130e-01
weights,SBOA,W2 (balance)|DL01,0,7,9.4149247347e-01
weights,SBOA,W2 (balance)|DL02,0,7,9.2290542351e-01
weights,SBOA,W2 (balance)|DL03,0,7,9.0938250269e-01
weights,SBOA,W2 (balance)|DL04,0,7,9.3840611957e-01
weights,SBOA,W2 (balance)|DL05,0,7,9.1767167616e-01
weights,SBOA,W2 (balance)|DL06,0,7,9.2101822946e-01
weights,SBOA,W2 (balance)|DL07,0,7,9.2219416327e-01
weights,SBOA,W2 (balance)|DL08,0,7,9.2876035388e-01
weights,SBOA,W3 (overlap)|DL01,0,7,9.3225419893e-01
weights,SBOA,W3 (overlap)|DL02,0,7,9.2496135858e-01
weights,SBOA,W3 (overlap)|DL03,0,7,9.0606872554e-01
weights,SBOA,W3 (overlap)|DL04,0,7,9.3625257358e-01
weights,SBOA,W3 (overlap)|DL05,0,7,9.5133465694e-01
weights,SBOA,W3 (overlap)|DL06,0,7,9.4948275785e-01
weights,SBOA,W3 (overlap)|DL07,0,7,9.1427883757e-01
weights,SBOA,W3 (overlap)|DL08,0,7,9.2351116664e-01
weights,SBOA,W4 (structure)|DL01,0,7,9.2724817951e-01
weights,SBOA,W4 (structure)|DL02,0,7,9.1782318615e-01
weights,SBOA,W4 (structure)|DL03,0,7,8.9251846100e-01
weights,SBOA,W4 (structure)|DL04,0,7,9.2859664102e-01
weights,SBOA,W4 (structure)|DL05,0,7,9.5022670154e-01
weights,SBOA,W4 (structure)|DL06,0,7,9.3356469334e-01
weights,SBOA,W4 (structure)|DL07,0,7,9.3839780177e-01
weights,SBOA,W4 (structure)|DL08,0,7,9.1409705306e-01
weights,RIME,W0 (Ngo)|DL01,0,7,9.1147363363e-01
weights,RIME,W0 (Ngo)|DL02,0,7,8.1663772964e-01
weights,RIME,W0 (Ngo)|DL03,0,7,8.1218672350e-01
weights,RIME,W0 (Ngo)|DL04,0,7,8.8314058985e-01
weights,RIME,W0 (Ngo)|DL05,0,7,9.1850610469e-01
weights,RIME,W0 (Ngo)|DL06,0,7,8.6558549878e-01
weights,RIME,W0 (Ngo)|DL07,0,7,8.7114057229e-01
weights,RIME,W0 (Ngo)|DL08,0,7,8.5088698006e-01
weights,RIME,W1 (equal)|DL01,0,7,8.9643210137e-01
weights,RIME,W1 (equal)|DL02,0,7,8.4474083235e-01
weights,RIME,W1 (equal)|DL03,0,7,7.7814993325e-01
weights,RIME,W1 (equal)|DL04,0,7,8.1504811701e-01
weights,RIME,W2 (balance)|DL01,0,7,9.2569750710e-01
weights,RIME,W2 (balance)|DL02,0,7,8.7951481804e-01
weights,RIME,W2 (balance)|DL03,0,7,8.5577497477e-01
weights,RIME,W2 (balance)|DL04,0,7,8.9375679189e-01
weights,RIME,W1 (equal)|DL05,0,7,8.7442977372e-01
weights,RIME,W1 (equal)|DL06,0,7,8.5532408107e-01
weights,RIME,W1 (equal)|DL07,0,7,8.4452755832e-01
weights,RIME,W1 (equal)|DL08,0,7,8.2516072191e-01
weights,RIME,W2 (balance)|DL05,0,7,8.5774039809e-01
weights,RIME,W2 (balance)|DL06,0,7,8.9503779278e-01
weights,RIME,W2 (balance)|DL07,0,7,8.8870181670e-01
weights,RIME,W2 (balance)|DL08,0,7,8.8378596756e-01
weights,RIME,W3 (overlap)|DL01,0,7,8.8130323383e-01
weights,RIME,W3 (overlap)|DL02,0,7,8.5016509168e-01
weights,RIME,W3 (overlap)|DL03,0,7,8.4249334583e-01
weights,RIME,W3 (overlap)|DL04,0,7,8.9281503611e-01
weights,RIME,W3 (overlap)|DL05,0,7,9.0254422575e-01
weights,RIME,W3 (overlap)|DL06,0,7,8.7085366019e-01
weights,RIME,W3 (overlap)|DL07,0,7,8.7443933090e-01
weights,RIME,W3 (overlap)|DL08,0,7,9.2321189030e-01
weights,RIME,W4 (structure)|DL05,0,7,8.6582231261e-01
weights,RIME,W4 (structure)|DL06,0,7,8.8795690027e-01
weights,RIME,W4 (structure)|DL07,0,7,8.8279005233e-01
weights,RIME,W4 (structure)|DL08,0,7,8.8796607165e-01
weights,RIME,W4 (structure)|DL01,0,7,8.6807354324e-01
weights,RIME,W4 (structure)|DL02,0,7,8.8471707696e-01
weights,RIME,W4 (structure)|DL03,0,7,8.0310273245e-01
weights,RIME,W4 (structure)|DL04,0,7,8.9243677729e-01
weights,LSHADE,W0 (Ngo)|DL01,0,7,9.2148103494e-01
weights,LSHADE,W0 (Ngo)|DL02,0,7,9.0065836549e-01
weights,LSHADE,W0 (Ngo)|DL03,0,7,8.8055066372e-01
weights,LSHADE,W0 (Ngo)|DL04,0,7,9.2314329876e-01
weights,LSHADE,W0 (Ngo)|DL05,0,7,9.4386576238e-01
weights,LSHADE,W0 (Ngo)|DL06,0,7,9.2999979081e-01
weights,LSHADE,W0 (Ngo)|DL07,0,7,9.0973389611e-01
weights,LSHADE,W0 (Ngo)|DL08,0,7,8.9934852750e-01
weights,LSHADE,W1 (equal)|DL01,0,7,8.9766422214e-01
weights,LSHADE,W1 (equal)|DL02,0,7,8.7410007043e-01
weights,LSHADE,W1 (equal)|DL03,0,7,8.4774078476e-01
weights,LSHADE,W1 (equal)|DL04,0,7,9.0172786689e-01
weights,LSHADE,W2 (balance)|DL01,0,7,9.4405936478e-01
weights,LSHADE,W2 (balance)|DL02,0,7,9.3416453087e-01
weights,LSHADE,W2 (balance)|DL03,0,7,9.2015949966e-01
weights,LSHADE,W2 (balance)|DL04,0,7,9.3859518104e-01
weights,LSHADE,W1 (equal)|DL05,0,7,9.2239229542e-01
weights,LSHADE,W1 (equal)|DL06,0,7,9.0882680715e-01
weights,LSHADE,W1 (equal)|DL07,0,7,8.8181743990e-01
weights,LSHADE,W1 (equal)|DL08,0,7,8.6581018777e-01
weights,LSHADE,W2 (balance)|DL05,0,7,9.6158810072e-01
weights,LSHADE,W2 (balance)|DL06,0,7,9.4574248465e-01
weights,LSHADE,W2 (balance)|DL07,0,7,9.3387690055e-01
weights,LSHADE,W2 (balance)|DL08,0,7,9.3289988411e-01
weights,LSHADE,W3 (overlap)|DL01,0,7,9.4069516088e-01
weights,LSHADE,W3 (overlap)|DL02,0,7,9.2972572402e-01
weights,LSHADE,W3 (overlap)|DL03,0,7,9.1721030247e-01
weights,LSHADE,W3 (overlap)|DL04,0,7,9.4480840583e-01
weights,LSHADE,W3 (overlap)|DL05,0,7,9.4692571418e-01
weights,LSHADE,W3 (overlap)|DL06,0,7,9.4841819997e-01
weights,LSHADE,W3 (overlap)|DL07,0,7,9.3282038678e-01
weights,LSHADE,W3 (overlap)|DL08,0,7,9.2350289060e-01
weights,LSHADE,W4 (structure)|DL01,0,7,9.2782552713e-01
weights,LSHADE,W4 (structure)|DL02,0,7,9.2329770161e-01
weights,LSHADE,W4 (structure)|DL03,0,7,9.1266633786e-01
weights,LSHADE,W4 (structure)|DL04,0,7,9.3123611273e-01
weights,LSHADE,W4 (structure)|DL05,0,7,9.5425841462e-01
weights,LSHADE,W4 (structure)|DL06,0,7,9.4669512603e-01
weights,LSHADE,W4 (structure)|DL07,0,7,9.3058209652e-01
weights,LSHADE,W4 (structure)|DL08,0,7,9.1407487014e-01
weights,MSSBOA,W0 (Ngo)|DL01,0,8,8.9790957241e-01
weights,MSSBOA,W0 (Ngo)|DL02,0,8,8.8668082727e-01
weights,MSSBOA,W0 (Ngo)|DL03,0,8,8.7951802143e-01
weights,MSSBOA,W0 (Ngo)|DL04,0,8,9.1368482910e-01
weights,MSSBOA,W0 (Ngo)|DL05,0,8,9.1765142031e-01
weights,MSSBOA,W0 (Ngo)|DL06,0,8,9.1206279950e-01
weights,MSSBOA,W0 (Ngo)|DL07,0,8,9.0434584548e-01
weights,MSSBOA,W0 (Ngo)|DL08,0,8,8.9939297340e-01
weights,MSSBOA,W1 (equal)|DL01,0,8,8.7999277335e-01
weights,MSSBOA,W1 (equal)|DL02,0,8,8.5990016845e-01
weights,MSSBOA,W1 (equal)|DL03,0,8,8.3964800098e-01
weights,MSSBOA,W1 (equal)|DL04,0,8,8.9997259496e-01
weights,MSSBOA,W1 (equal)|DL05,0,8,9.1302444913e-01
weights,MSSBOA,W1 (equal)|DL06,0,8,8.9645080078e-01
weights,MSSBOA,W1 (equal)|DL07,0,8,8.6171321362e-01
weights,MSSBOA,W1 (equal)|DL08,0,8,8.6585557318e-01
weights,MSSBOA,W2 (balance)|DL05,0,8,9.4056882217e-01
weights,MSSBOA,W2 (balance)|DL06,0,8,9.3337047017e-01
weights,MSSBOA,W2 (balance)|DL07,0,8,9.1768916462e-01
weights,MSSBOA,W2 (balance)|DL08,0,8,9.2954126822e-01
weights,MSSBOA,W2 (balance)|DL01,0,8,9.4286172854e-01
weights,MSSBOA,W2 (balance)|DL02,0,8,9.2469723488e-01
weights,MSSBOA,W2 (balance)|DL03,0,8,9.1199333569e-01
weights,MSSBOA,W2 (balance)|DL04,0,8,9.1322731136e-01
weights,MSSBOA,W3 (overlap)|DL05,0,8,9.5544127174e-01
weights,MSSBOA,W3 (overlap)|DL06,0,8,9.1726381609e-01
weights,MSSBOA,W3 (overlap)|DL07,0,8,9.3553600391e-01
weights,MSSBOA,W3 (overlap)|DL08,0,8,9.2351324062e-01
weights,MSSBOA,W3 (overlap)|DL01,0,8,9.4116662893e-01
weights,MSSBOA,W3 (overlap)|DL02,0,8,9.1152308204e-01
weights,MSSBOA,W3 (overlap)|DL03,0,8,9.1483523078e-01
weights,MSSBOA,W3 (overlap)|DL04,0,8,9.4426995073e-01
weights,MSSBOA,W4 (structure)|DL01,0,8,9.1756587296e-01
weights,MSSBOA,W4 (structure)|DL02,0,8,9.2340123603e-01
weights,MSSBOA,W4 (structure)|DL03,0,8,8.9696161857e-01
weights,MSSBOA,W4 (structure)|DL04,0,8,9.3010270853e-01
weights,MSSBOA,W4 (structure)|DL05,0,8,9.2792142728e-01
weights,MSSBOA,W4 (structure)|DL06,0,8,9.2802822371e-01
weights,MSSBOA,W4 (structure)|DL07,0,8,9.2307816363e-01
weights,MSSBOA,W4 (structure)|DL08,0,8,9.0581195759e-01
weights,SBOA,W0 (Ngo)|DL01,0,8,9.1438796931e-01
weights,SBOA,W0 (Ngo)|DL02,0,8,8.9827021777e-01
weights,SBOA,W0 (Ngo)|DL03,0,8,8.7532736390e-01
weights,SBOA,W0 (Ngo)|DL04,0,8,9.1257074601e-01
weights,SBOA,W0 (Ngo)|DL05,0,8,9.4449068257e-01
weights,SBOA,W0 (Ngo)|DL06,0,8,9.1875509546e-01
weights,SBOA,W0 (Ngo)|DL07,0,8,8.9824385745e-01
weights,SBOA,W0 (Ngo)|DL08,0,8,8.9939325242e-01
weights,SBOA,W1 (equal)|DL01,0,8,8.9584774571e-01
weights,SBOA,W1 (equal)|DL02,0,8,8.7350881219e-01
weights,SBOA,W1 (equal)|DL03,0,8,8.4042305145e-01
weights,SBOA,W1 (equal)|DL04,0,8,8.9224287500e-01
weights,SBOA,W1 (equal)|DL05,0,8,9.2930820959e-01
weights,SBOA,W1 (equal)|DL06,0,8,8.8286018801e-01
weights,SBOA,W1 (equal)|DL07,0,8,8.7405667683e-01
weights,SBOA,W1 (equal)|DL08,0,8,8.6585754829e-01
weights,SBOA,W2 (balance)|DL01,0,8,9.3029736810e-01
weights,SBOA,W2 (balance)|DL02,0,8,9.2493209963e-01
weights,SBOA,W2 (balance)|DL03,0,8,9.1179964244e-01
weights,SBOA,W2 (balance)|DL04,0,8,9.2905109804e-01
weights,SBOA,W2 (balance)|DL05,0,8,9.5281292996e-01
weights,SBOA,W2 (balance)|DL06,0,8,9.3808609142e-01
weights,SBOA,W2 (balance)|DL07,0,8,9.3784745432e-01
weights,SBOA,W2 (balance)|DL08,0,8,9.3292848038e-01
weights,SBOA,W3 (overlap)|DL01,0,8,9.4181423249e-01
weights,SBOA,W3 (overlap)|DL02,0,8,9.2268007802e-01
weights,SBOA,W3 (overlap)|DL03,0,8,9.0611004078e-01
weights,SBOA,W3 (overlap)|DL04,0,8,9.3084406799e-01
weights,SBOA,W3 (overlap)|DL05,0,8,9.4241446566e-01
weights,SBOA,W3 (overlap)|DL06,0,8,9.4251719483e-01
weights,SBOA,W3 (overlap)|DL07,0,8,9.2051180695e-01
weights,SBOA,W3 (overlap)|DL08,0,8,9.2351330132e-01
weights,SBOA,W4 (structure)|DL01,0,8,9.2120245151e-01
weights,SBOA,W4 (structure)|DL02,0,8,9.2164223339e-01
weights,SBOA,W4 (structure)|DL03,0,8,9.0189541274e-01
weights,SBOA,W4 (structure)|DL04,0,8,9.2731771818e-01
weights,SBOA,W4 (structure)|DL05,0,8,9.3082922051e-01
weights,SBOA,W4 (structure)|DL06,0,8,9.3910892607e-01
weights,SBOA,W4 (structure)|DL07,0,8,9.3509354669e-01
weights,SBOA,W4 (structure)|DL08,0,8,9.1409619664e-01
weights,RIME,W0 (Ngo)|DL01,0,8,8.6605134988e-01
weights,RIME,W0 (Ngo)|DL02,0,8,8.8566288518e-01
weights,RIME,W0 (Ngo)|DL03,0,8,8.5326081445e-01
weights,RIME,W0 (Ngo)|DL04,0,8,8.7294180091e-01
weights,RIME,W0 (Ngo)|DL05,0,8,8.8753867582e-01
weights,RIME,W0 (Ngo)|DL06,0,8,8.9497174528e-01
weights,RIME,W0 (Ngo)|DL07,0,8,9.0302001291e-01
weights,RIME,W0 (Ngo)|DL08,0,8,8.4977957907e-01
weights,RIME,W1 (equal)|DL01,0,8,8.4619572152e-01
weights,RIME,W1 (equal)|DL02,0,8,8.2775751345e-01
weights,RIME,W1 (equal)|DL03,0,8,7.6336829206e-01
weights,RIME,W1 (equal)|DL04,0,8,8.2853180097e-01
weights,RIME,W2 (balance)|DL01,0,8,8.8007896303e-01
weights,RIME,W2 (balance)|DL02,0,8,9.0210142005e-01
weights,RIME,W2 (balance)|DL03,0,8,9.0479646672e-01
weights,RIME,W2 (balance)|DL04,0,8,8.7752131520e-01
weights,RIME,W1 (equal)|DL05,0,8,8.8759058907e-01
weights,RIME,W1 (equal)|DL06,0,8,8.9019672602e-01
weights,RIME,W1 (equal)|DL07,0,8,8.2851359527e-01
weights,RIME,W1 (equal)|DL08,0,8,8.5315708706e-01
weights,RIME,W2 (balance)|DL05,0,8,9.3548993337e-01
weights,RIME,W2 (balance)|DL06,0,8,9.0161599996e-01
weights,RIME,W2 (balance)|DL07,0,8,9.0053650193e-01
weights,RIME,W2 (balance)|DL08,0,8,9.1318307463e-01
weights,RIME,W3 (overlap)|DL01,0,8,9.2023250897e-01
weights,RIME,W3 (overlap)|DL02,0,8,8.7921326827e-01
weights,RIME,W3 (overlap)|DL03,0,8,8.8643603199e-01
weights,RIME,W3 (overlap)|DL04,0,8,9.0196995112e-01
weights,RIME,W3 (overlap)|DL05,0,8,9.2339842758e-01
weights,RIME,W3 (overlap)|DL06,0,8,8.9415233919e-01
weights,RIME,W3 (overlap)|DL07,0,8,9.2262984149e-01
weights,RIME,W3 (overlap)|DL08,0,8,8.9162685924e-01
weights,RIME,W4 (structure)|DL05,0,8,9.3767112073e-01
weights,RIME,W4 (structure)|DL06,0,8,8.7310914138e-01
weights,RIME,W4 (structure)|DL07,0,8,9.3062436927e-01
weights,RIME,W4 (structure)|DL08,0,8,9.1400568453e-01
weights,RIME,W4 (structure)|DL01,0,8,8.8517090270e-01
weights,RIME,W4 (structure)|DL02,0,8,9.0553523171e-01
weights,RIME,W4 (structure)|DL03,0,8,9.0990000645e-01
weights,RIME,W4 (structure)|DL04,0,8,9.1986284610e-01
weights,LSHADE,W0 (Ngo)|DL01,0,8,9.2615207044e-01
weights,LSHADE,W0 (Ngo)|DL02,0,8,9.0030151335e-01
weights,LSHADE,W0 (Ngo)|DL03,0,8,8.8064432320e-01
weights,LSHADE,W0 (Ngo)|DL04,0,8,9.1303970795e-01
weights,LSHADE,W0 (Ngo)|DL05,0,8,9.3817903500e-01
weights,LSHADE,W0 (Ngo)|DL06,0,8,9.2877377598e-01
weights,LSHADE,W0 (Ngo)|DL07,0,8,9.0962924992e-01
weights,LSHADE,W0 (Ngo)|DL08,0,8,8.9936489669e-01
weights,LSHADE,W1 (equal)|DL01,0,8,9.0066833349e-01
weights,LSHADE,W1 (equal)|DL02,0,8,8.7356990588e-01
weights,LSHADE,W1 (equal)|DL03,0,8,8.4102071465e-01
weights,LSHADE,W1 (equal)|DL04,0,8,8.9756726358e-01
weights,LSHADE,W2 (balance)|DL01,0,8,9.4453458526e-01
weights,LSHADE,W2 (balance)|DL02,0,8,9.3538489078e-01
weights,LSHADE,W2 (balance)|DL03,0,8,9.2038704232e-01
weights,LSHADE,W2 (balance)|DL04,0,8,9.3286792473e-01
weights,LSHADE,W1 (equal)|DL05,0,8,9.2261137528e-01
weights,LSHADE,W1 (equal)|DL06,0,8,9.0986672834e-01
weights,LSHADE,W1 (equal)|DL07,0,8,8.8620179721e-01
weights,LSHADE,W1 (equal)|DL08,0,8,8.6579212186e-01
weights,LSHADE,W2 (balance)|DL05,0,8,9.5885886894e-01
weights,LSHADE,W2 (balance)|DL06,0,8,9.5396809854e-01
weights,LSHADE,W2 (balance)|DL07,0,8,9.3863220777e-01
weights,LSHADE,W2 (balance)|DL08,0,8,9.3292733907e-01
weights,LSHADE,W3 (overlap)|DL01,0,8,9.4129183953e-01
weights,LSHADE,W3 (overlap)|DL02,0,8,9.2545495734e-01
weights,LSHADE,W3 (overlap)|DL03,0,8,9.1647452196e-01
weights,LSHADE,W3 (overlap)|DL04,0,8,9.3841647018e-01
weights,LSHADE,W3 (overlap)|DL05,0,8,9.5176659256e-01
weights,LSHADE,W3 (overlap)|DL06,0,8,9.5027651278e-01
weights,LSHADE,W3 (overlap)|DL07,0,8,9.3768840983e-01
weights,LSHADE,W3 (overlap)|DL08,0,8,9.2348430618e-01
weights,LSHADE,W4 (structure)|DL01,0,8,9.3009960920e-01
weights,LSHADE,W4 (structure)|DL02,0,8,9.1876514691e-01
weights,LSHADE,W4 (structure)|DL03,0,8,9.1581593128e-01
weights,LSHADE,W4 (structure)|DL04,0,8,9.4150936531e-01
weights,LSHADE,W4 (structure)|DL05,0,8,9.4528000214e-01
weights,LSHADE,W4 (structure)|DL06,0,8,9.4517143717e-01
weights,LSHADE,W4 (structure)|DL07,0,8,9.2906635463e-01
weights,LSHADE,W4 (structure)|DL08,0,8,9.1406986136e-01
weights,MSSBOA,W0 (Ngo)|DL01,0,9,9.1549144606e-01
weights,MSSBOA,W0 (Ngo)|DL02,0,9,9.0299768292e-01
weights,MSSBOA,W0 (Ngo)|DL03,0,9,8.8132512541e-01
weights,MSSBOA,W0 (Ngo)|DL04,0,9,9.0004480517e-01
weights,MSSBOA,W0 (Ngo)|DL05,0,9,9.3511320574e-01
weights,MSSBOA,W0 (Ngo)|DL06,0,9,9.2588626359e-01
weights,MSSBOA,W0 (Ngo)|DL07,0,9,9.1040080565e-01
weights,MSSBOA,W0 (Ngo)|DL08,0,9,8.9900606389e-01
weights,MSSBOA,W1 (equal)|DL05,0,9,9.1433484216e-01
weights,MSSBOA,W1 (equal)|DL06,0,9,8.8702918625e-01
weights,MSSBOA,W1 (equal)|DL07,0,9,8.8306911016e-01
weights,MSSBOA,W1 (equal)|DL08,0,9,8.6518100844e-01
weights,MSSBOA,W1 (equal)|DL01,0,9,8.9663147899e-01
weights,MSSBOA,W1 (equal)|DL02,0,9,8.6848652406e-01
weights,MSSBOA,W1 (equal)|DL03,0,9,8.4602336701e-01
weights,MSSBOA,W1 (equal)|DL04,0,9,8.7688126998e-01
weights,MSSBOA,W2 (balance)|DL01,0,9,9.3427397218e-01
weights,MSSBOA,W2 (balance)|DL02,0,9,9.3341138074e-01
weights,MSSBOA,W2 (balance)|DL03,0,9,9.1982289935e-01
weights,MSSBOA,W2 (balance)|DL04,0,9,9.2167862465e-01
weights,MSSBOA,W2 (balance)|DL05,0,9,9.3570226896e-01
weights,MSSBOA,W2 (balance)|DL06,0,9,9.5280712013e-01
weights,MSSBOA,W2 (balance)|DL07,0,9,9.2298675934e-01
weights,MSSBOA,W2 (balance)|DL08,0,9,9.3292699341e-01
weights,MSSBOA,W3 (overlap)|DL01,0,9,9.2973572165e-01
weights,MSSBOA,W3 (overlap)|DL02,0,9,9.2232815894e-01
weights,MSSBOA,W3 (overlap)|DL03,0,9,9.1534362253e-01
weights,MSSBOA,W3 (overlap)|DL04,0,9,9.1808596520e-01
weights,MSSBOA,W3 (overlap)|DL05,0,9,9.1826595067e-01
weights,MSSBOA,W3 (overlap)|DL06,0,9,9.3903440394e-01
weights,MSSBOA,W3 (overlap)|DL07,0,9,9.1731678595e-01
weights,MSSBOA,W3 (overlap)|DL08,0,9,9.0995152347e-01
weights,SBOA,W0 (Ngo)|DL01,0,9,9.0322315452e-01
weights,SBOA,W0 (Ngo)|DL02,0,9,8.9225056000e-01
weights,SBOA,W0 (Ngo)|DL03,0,9,8.8031593053e-01
weights,SBOA,W0 (Ngo)|DL04,0,9,9.2578226493e-01
weights,MSSBOA,W4 (structure)|DL01,0,9,9.2737923401e-01
weights,MSSBOA,W4 (structure)|DL02,0,9,9.2026425462e-01
weights,MSSBOA,W4 (structure)|DL03,0,9,9.1032522273e-01
weights,MSSBOA,W4 (structure)|DL04,0,9,9.3602212449e-01
weights,MSSBOA,W4 (structure)|DL05,0,9,9.1866357805e-01
weights,MSSBOA,W4 (structure)|DL06,0,9,9.2705180064e-01
weights,MSSBOA,W4 (structure)|DL07,0,9,9.2677937173e-01
weights,MSSBOA,W4 (structure)|DL08,0,9,9.0627404817e-01
weights,SBOA,W0 (Ngo)|DL05,0,9,9.2009093027e-01
weights,SBOA,W0 (Ngo)|DL06,0,9,9.1866826653e-01
weights,SBOA,W0 (Ngo)|DL07,0,9,9.1624351702e-01
weights,SBOA,W0 (Ngo)|DL08,0,9,8.9915351816e-01
weights,SBOA,W1 (equal)|DL01,0,9,8.7862309330e-01
weights,SBOA,W1 (equal)|DL02,0,9,8.7015529984e-01
weights,SBOA,W1 (equal)|DL03,0,9,8.4093939404e-01
weights,SBOA,W1 (equal)|DL04,0,9,8.9461490024e-01
weights,SBOA,W1 (equal)|DL05,0,9,9.0714622061e-01
weights,SBOA,W1 (equal)|DL06,0,9,9.0225877897e-01
weights,SBOA,W1 (equal)|DL07,0,9,8.7786838344e-01
weights,SBOA,W1 (equal)|DL08,0,9,8.5770426480e-01
weights,SBOA,W2 (balance)|DL01,0,9,9.4255169426e-01
weights,SBOA,W2 (balance)|DL02,0,9,9.0706080406e-01
weights,SBOA,W2 (balance)|DL03,0,9,9.1219606406e-01
weights,SBOA,W2 (balance)|DL04,0,9,9.2618400581e-01
weights,SBOA,W2 (balance)|DL05,0,9,9.4868941153e-01
weights,SBOA,W2 (balance)|DL06,0,9,9.4580413384e-01
weights,SBOA,W2 (balance)|DL07,0,9,9.3530426106e-01
weights,SBOA,W2 (balance)|DL08,0,9,9.2246689015e-01
weights,SBOA,W3 (overlap)|DL01,0,9,9.4181699002e-01
weights,SBOA,W3 (overlap)|DL02,0,9,9.2383235527e-01
weights,SBOA,W3 (overlap)|DL03,0,9,9.0507818361e-01
weights,SBOA,W3 (overlap)|DL04,0,9,9.2137164040e-01
weights,SBOA,W3 (overlap)|DL05,0,9,9.4014753029e-01
weights,SBOA,W3 (overlap)|DL06,0,9,9.4909200902e-01
weights,SBOA,W3 (overlap)|DL07,0,9,9.2172922433e-01
weights,SBOA,W3 (overlap)|DL08,0,9,9.2351252581e-01
weights,SBOA,W4 (structure)|DL01,0,9,9.1938737727e-01
weights,SBOA,W4 (structure)|DL02,0,9,9.1571859622e-01
weights,SBOA,W4 (structure)|DL03,0,9,9.1682360081e-01
weights,SBOA,W4 (structure)|DL04,0,9,9.1539122362e-01
weights,SBOA,W4 (structure)|DL05,0,9,8.9983332592e-01
weights,SBOA,W4 (structure)|DL06,0,9,9.1509444075e-01
weights,SBOA,W4 (structure)|DL07,0,9,9.0760052222e-01
weights,SBOA,W4 (structure)|DL08,0,9,9.1323702262e-01
weights,RIME,W0 (Ngo)|DL01,0,9,8.6782473047e-01
weights,RIME,W0 (Ngo)|DL02,0,9,8.9285394155e-01
weights,RIME,W0 (Ngo)|DL03,0,9,8.1027494536e-01
weights,RIME,W0 (Ngo)|DL04,0,9,8.7822399847e-01
weights,RIME,W0 (Ngo)|DL05,0,9,8.8524770232e-01
weights,RIME,W0 (Ngo)|DL06,0,9,8.5734712176e-01
weights,RIME,W0 (Ngo)|DL07,0,9,8.7428054930e-01
weights,RIME,W0 (Ngo)|DL08,0,9,8.6981725809e-01
weights,RIME,W1 (equal)|DL01,0,9,8.6150504290e-01
weights,RIME,W1 (equal)|DL02,0,9,8.7529175910e-01
weights,RIME,W1 (equal)|DL03,0,9,7.8777352701e-01
weights,RIME,W1 (equal)|DL04,0,9,8.4141958161e-01
weights,RIME,W1 (equal)|DL05,0,9,9.0004585266e-01
weights,RIME,W1 (equal)|DL06,0,9,8.4406601428e-01
weights,RIME,W1 (equal)|DL07,0,9,8.1979831652e-01
weights,RIME,W1 (equal)|DL08,0,9,8.4619150901e-01
weights,RIME,W2 (balance)|DL01,0,9,9.2457121254e-01
weights,RIME,W2 (balance)|DL02,0,9,8.7295956733e-01
weights,RIME,W2 (balance)|DL03,0,9,8.5350220768e-01
weights,RIME,W2 (balance)|DL04,0,9,9.1180213849e-01
weights,RIME,W2 (balance)|DL05,0,9,9.3063860111e-01
weights,RIME,W2 (balance)|DL06,0,9,9.1229254619e-01
weights,RIME,W2 (balance)|DL07,0,9,8.9336699476e-01
weights,RIME,W2 (balance)|DL08,0,9,8.0385159154e-01
weights,RIME,W3 (overlap)|DL01,0,9,9.3247082826e-01
weights,RIME,W3 (overlap)|DL02,0,9,8.7455966431e-01
weights,RIME,W3 (overlap)|DL03,0,9,8.6540295909e-01
weights,RIME,W3 (overlap)|DL04,0,9,8.5754491393e-01
weights,RIME,W3 (overlap)|DL05,0,9,9.2798967939e-01
weights,RIME,W3 (overlap)|DL06,0,9,9.0734360838e-01
weights,RIME,W3 (overlap)|DL07,0,9,9.0733223050e-01
weights,RIME,W3 (overlap)|DL08,0,9,8.8407697871e-01
weights,RIME,W4 (structure)|DL01,0,9,9.1250620873e-01
weights,RIME,W4 (structure)|DL02,0,9,9.1415228833e-01
weights,RIME,W4 (structure)|DL03,0,9,7.4024765879e-01
weights,RIME,W4 (structure)|DL04,0,9,8.6693501233e-01
weights,RIME,W4 (structure)|DL05,0,9,8.9631992013e-01
weights,RIME,W4 (structure)|DL06,0,9,9.2841638199e-01
weights,RIME,W4 (structure)|DL07,0,9,9.0575397770e-01
weights,RIME,W4 (structure)|DL08,0,9,9.0785682358e-01
weights,LSHADE,W0 (Ngo)|DL01,0,9,9.2263495196e-01
weights,LSHADE,W0 (Ngo)|DL02,0,9,9.0654901579e-01
weights,LSHADE,W0 (Ngo)|DL03,0,9,8.8146008449e-01
weights,LSHADE,W0 (Ngo)|DL04,0,9,9.1978625863e-01
weights,LSHADE,W0 (Ngo)|DL05,0,9,9.3722496676e-01
weights,LSHADE,W0 (Ngo)|DL06,0,9,9.2770056084e-01
weights,LSHADE,W0 (Ngo)|DL07,0,9,9.0999261495e-01
weights,LSHADE,W0 (Ngo)|DL08,0,9,8.9930083648e-01
weights,LSHADE,W1 (equal)|DL01,0,9,9.0176078221e-01
weights,LSHADE,W1 (equal)|DL02,0,9,8.7292458557e-01
weights,LSHADE,W1 (equal)|DL03,0,9,8.4433098880e-01
weights,LSHADE,W1 (equal)|DL04,0,9,8.9704621329e-01
weights,LSHADE,W1 (equal)|DL05,0,9,9.1922255981e-01
weights,LSHADE,W1 (equal)|DL06,0,9,9.0557500529e-01
weights,LSHADE,W1 (equal)|DL07,0,9,8.8107067133e-01
weights,LSHADE,W1 (equal)|DL08,0,9,8.6582795449e-01
weights,LSHADE,W2 (balance)|DL01,0,9,9.4502134805e-01
weights,LSHADE,W2 (balance)|DL02,0,9,9.3181568141e-01
weights,LSHADE,W2 (balance)|DL03,0,9,9.2359091238e-01
weights,LSHADE,W2 (balance)|DL04,0,9,9.3608305083e-01
weights,LSHADE,W2 (balance)|DL05,0,9,9.4711087585e-01
weights,LSHADE,W2 (balance)|DL06,0,9,9.5250392380e-01
weights,LSHADE,W2 (balance)|DL07,0,9,9.3763736433e-01
weights,LSHADE,W2 (balance)|DL08,0,9,9.3291738445e-01
weights,LSHADE,W3 (overlap)|DL01,0,9,9.4181129583e-01
weights,LSHADE,W3 (overlap)|DL02,0,9,9.3047123705e-01
weights,LSHADE,W3 (overlap)|DL03,0,9,9.1860782464e-01
weights,LSHADE,W3 (overlap)|DL04,0,9,9.3352866652e-01
weights,LSHADE,W3 (overlap)|DL05,0,9,9.5298454062e-01
weights,LSHADE,W3 (overlap)|DL06,0,9,9.5327353133e-01
weights,LSHADE,W3 (overlap)|DL07,0,9,9.3484592217e-01
weights,LSHADE,W3 (overlap)|DL08,0,9,9.2348649297e-01
weights,LSHADE,W4 (structure)|DL01,0,9,9.2813117804e-01
weights,LSHADE,W4 (structure)|DL02,0,9,9.2083467146e-01
weights,LSHADE,W4 (structure)|DL03,0,9,9.0994411057e-01
weights,LSHADE,W4 (structure)|DL04,0,9,9.3427401171e-01
weights,LSHADE,W4 (structure)|DL05,0,9,9.4849511197e-01
weights,LSHADE,W4 (structure)|DL06,0,9,9.4758602763e-01
weights,LSHADE,W4 (structure)|DL07,0,9,9.3451709647e-01
weights,LSHADE,W4 (structure)|DL08,0,9,9.1403522989e-01
weights,MSSBOA,W0 (Ngo)|DL01,0,10,8.9760676587e-01
weights,MSSBOA,W0 (Ngo)|DL02,0,10,9.0377709374e-01
weights,MSSBOA,W0 (Ngo)|DL03,0,10,8.8070471253e-01
weights,MSSBOA,W0 (Ngo)|DL04,0,10,9.1299857267e-01
weights,MSSBOA,W0 (Ngo)|DL05,0,10,9.2687649978e-01
weights,MSSBOA,W0 (Ngo)|DL06,0,10,9.1062187152e-01
weights,MSSBOA,W0 (Ngo)|DL07,0,10,9.0346535785e-01
weights,MSSBOA,W0 (Ngo)|DL08,0,10,8.9939138176e-01
weights,MSSBOA,W1 (equal)|DL01,0,10,9.0160677383e-01
weights,MSSBOA,W1 (equal)|DL02,0,10,8.6905442682e-01
weights,MSSBOA,W1 (equal)|DL03,0,10,8.4419741138e-01
weights,MSSBOA,W1 (equal)|DL04,0,10,8.9519087927e-01
weights,MSSBOA,W1 (equal)|DL05,0,10,8.9566389912e-01
weights,MSSBOA,W1 (equal)|DL06,0,10,9.0178082762e-01
weights,MSSBOA,W1 (equal)|DL07,0,10,8.5476009272e-01
weights,MSSBOA,W1 (equal)|DL08,0,10,8.6585408930e-01
weights,MSSBOA,W2 (balance)|DL01,0,10,9.3511990501e-01
weights,MSSBOA,W2 (balance)|DL02,0,10,9.3370005564e-01
weights,MSSBOA,W2 (balance)|DL03,0,10,8.9803347188e-01
weights,MSSBOA,W2 (balance)|DL04,0,10,9.4277146091e-01
weights,MSSBOA,W2 (balance)|DL05,0,10,9.3977594853e-01
weights,MSSBOA,W2 (balance)|DL06,0,10,9.4951606290e-01
weights,MSSBOA,W2 (balance)|DL07,0,10,9.2160654532e-01
weights,MSSBOA,W2 (balance)|DL08,0,10,9.1909523446e-01
weights,MSSBOA,W3 (overlap)|DL01,0,10,9.2459804714e-01
weights,MSSBOA,W3 (overlap)|DL02,0,10,9.3057072399e-01
weights,MSSBOA,W3 (overlap)|DL03,0,10,9.1233221217e-01
weights,MSSBOA,W3 (overlap)|DL04,0,10,9.2180936865e-01
weights,MSSBOA,W3 (overlap)|DL05,0,10,9.4618975253e-01
weights,MSSBOA,W3 (overlap)|DL06,0,10,9.4262698429e-01
weights,MSSBOA,W3 (overlap)|DL07,0,10,9.2424765910e-01
weights,MSSBOA,W3 (overlap)|DL08,0,10,9.1268867757e-01
weights,SBOA,W0 (Ngo)|DL01,0,10,9.1932330246e-01
weights,SBOA,W0 (Ngo)|DL02,0,10,9.0254138671e-01
weights,SBOA,W0 (Ngo)|DL03,0,10,8.8031769492e-01
weights,SBOA,W0 (Ngo)|DL04,0,10,9.0680168344e-01
weights,MSSBOA,W4 (structure)|DL01,0,10,9.2834493081e-01
weights,MSSBOA,W4 (structure)|DL02,0,10,9.1058809336e-01
weights,MSSBOA,W4 (structure)|DL03,0,10,9.1094995991e-01
weights,MSSBOA,W4 (structure)|DL04,0,10,9.2509088154e-01
weights,MSSBOA,W4 (structure)|DL05,0,10,9.5076018783e-01
weights,MSSBOA,W4 (structure)|DL06,0,10,9.4661324528e-01
weights,MSSBOA,W4 (structure)|DL07,0,10,9.2714591589e-01
weights,MSSBOA,W4 (structure)|DL08,0,10,9.1389674018e-01
weights,SBOA,W0 (Ngo)|DL05,0,10,9.4456356400e-01
weights,SBOA,W0 (Ngo)|DL06,0,10,9.0710180390e-01
weights,SBOA,W0 (Ngo)|DL07,0,10,8.8168740547e-01
weights,SBOA,W0 (Ngo)|DL08,0,10,8.9759279467e-01
weights,SBOA,W1 (equal)|DL01,0,10,8.9588367442e-01
weights,SBOA,W1 (equal)|DL02,0,10,8.6981262383e-01
weights,SBOA,W1 (equal)|DL03,0,10,8.4093848101e-01
weights,SBOA,W1 (equal)|DL04,0,10,9.0182038070e-01
weights,SBOA,W1 (equal)|DL05,0,10,9.0568657918e-01
weights,SBOA,W1 (equal)|DL06,0,10,9.0657990343e-01
weights,SBOA,W1 (equal)|DL07,0,10,8.6252217582e-01
weights,SBOA,W1 (equal)|DL08,0,10,8.6574334696e-01
weights,SBOA,W2 (balance)|DL01,0,10,9.4881482205e-01
weights,SBOA,W2 (balance)|DL02,0,10,9.3069200095e-01
weights,SBOA,W2 (balance)|DL03,0,10,9.2021126896e-01
weights,SBOA,W2 (balance)|DL04,0,10,9.3635308468e-01
weights,SBOA,W2 (balance)|DL05,0,10,9.4401385028e-01
weights,SBOA,W2 (balance)|DL06,0,10,9.3829891010e-01
weights,SBOA,W2 (balance)|DL07,0,10,9.3574810943e-01
weights,SBOA,W2 (balance)|DL08,0,10,9.2183384182e-01
weights,SBOA,W3 (overlap)|DL01,0,10,9.4181187193e-01
weights,SBOA,W3 (overlap)|DL02,0,10,9.3056933764e-01
weights,SBOA,W3 (overlap)|DL03,0,10,9.1522457416e-01
weights,SBOA,W3 (overlap)|DL04,0,10,9.2361661753e-01
weights,SBOA,W3 (overlap)|DL05,0,10,9.2017746147e-01
weights,SBOA,W3 (overlap)|DL06,0,10,9.4615794336e-01
weights,SBOA,W3 (overlap)|DL07,0,10,9.2710297539e-01
weights,SBOA,W3 (overlap)|DL08,0,10,9.2351319433e-01
weights,SBOA,W4 (structure)|DL05,0,10,9.4122123614e-01
weights,SBOA,W4 (structure)|DL06,0,10,9.1475285030e-01
weights,SBOA,W4 (structure)|DL07,0,10,9.1591712689e-01
weights,SBOA,W4 (structure)|DL08,0,10,9.1409659762e-01
weights,SBOA,W4 (structure)|DL01,0,10,9.1716779844e-01
weights,SBOA,W4 (structure)|DL02,0,10,9.0757835425e-01
weights,SBOA,W4 (structure)|DL03,0,10,9.0946234736e-01
weights,SBOA,W4 (structure)|DL04,0,10,9.2473926516e-01
weights,RIME,W0 (Ngo)|DL01,0,10,9.0119073814e-01
weights,RIME,W0 (Ngo)|DL02,0,10,8.7255620837e-01
weights,RIME,W0 (Ngo)|DL03,0,10,8.3443841235e-01
weights,RIME,W0 (Ngo)|DL04,0,10,8.6682583108e-01
weights,RIME,W0 (Ngo)|DL05,0,10,8.7148372414e-01
weights,RIME,W0 (Ngo)|DL06,0,10,8.0809501414e-01
weights,RIME,W0 (Ngo)|DL07,0,10,8.3843031040e-01
weights,RIME,W0 (Ngo)|DL08,0,10,8.5437357699e-01
weights,RIME,W1 (equal)|DL05,0,10,8.9614530078e-01
weights,RIME,W1 (equal)|DL06,0,10,8.4482345561e-01
weights,RIME,W1 (equal)|DL07,0,10,8.2323019020e-01
weights,RIME,W1 (equal)|DL08,0,10,8.3175168306e-01
weights,RIME,W1 (equal)|DL01,0,10,8.3030571381e-01
weights,RIME,W1 (equal)|DL02,0,10,8.3084688803e-01
weights,RIME,W1 (equal)|DL03,0,10,8.1248565276e-01
weights,RIME,W1 (equal)|DL04,0,10,8.4492226113e-01
weights,RIME,W2 (balance)|DL01,0,10,8.9669501501e-01
weights,RIME,W2 (balance)|DL02,0,10,9.0952256285e-01
weights,RIME,W2 (balance)|DL03,0,10,8.3552053310e-01
weights,RIME,W2 (balance)|DL04,0,10,8.9538892585e-01
weights,RIME,W2 (balance)|DL05,0,10,8.8951432186e-01
weights,RIME,W2 (balance)|DL06,0,10,9.0734036003e-01
weights,RIME,W2 (balance)|DL07,0,10,8.8297378778e-01
weights,RIME,W2 (balance)|DL08,0,10,8.9981323241e-01
weights,RIME,W3 (overlap)|DL01,0,10,9.1784478142e-01
weights,RIME,W3 (overlap)|DL02,0,10,9.1556041822e-01
weights,RIME,W3 (overlap)|DL03,0,10,9.1407475466e-01
weights,RIME,W3 (overlap)|DL04,0,10,8.9305638499e-01
weights,RIME,W3 (overlap)|DL05,0,10,9.1316199190e-01
weights,RIME,W3 (overlap)|DL06,0,10,8.9367173028e-01
weights,RIME,W3 (overlap)|DL07,0,10,8.8976177127e-01
weights,RIME,W3 (overlap)|DL08,0,10,8.8814967510e-01
weights,RIME,W4 (structure)|DL01,0,10,9.1500557992e-01
weights,RIME,W4 (structure)|DL02,0,10,8.7844890572e-01
weights,RIME,W4 (structure)|DL03,0,10,8.9987886002e-01
weights,RIME,W4 (structure)|DL04,0,10,8.8618290710e-01
weights,RIME,W4 (structure)|DL05,0,10,9.0154717218e-01
weights,RIME,W4 (structure)|DL06,0,10,9.4045644980e-01
weights,RIME,W4 (structure)|DL07,0,10,9.1739836924e-01
weights,RIME,W4 (structure)|DL08,0,10,8.3478288736e-01
weights,LSHADE,W0 (Ngo)|DL01,0,10,9.2454865628e-01
weights,LSHADE,W0 (Ngo)|DL02,0,10,9.0627640344e-01
weights,LSHADE,W0 (Ngo)|DL03,0,10,8.8066312160e-01
weights,LSHADE,W0 (Ngo)|DL04,0,10,9.1138424202e-01
weights,LSHADE,W0 (Ngo)|DL05,0,10,9.2918038063e-01
weights,LSHADE,W0 (Ngo)|DL06,0,10,9.2958438571e-01
weights,LSHADE,W0 (Ngo)|DL07,0,10,9.0677134988e-01
weights,LSHADE,W0 (Ngo)|DL08,0,10,8.9935898830e-01
weights,LSHADE,W1 (equal)|DL01,0,10,8.9834451166e-01
weights,LSHADE,W1 (equal)|DL02,0,10,8.7445771376e-01
weights,LSHADE,W1 (equal)|DL03,0,10,8.4600588496e-01
weights,LSHADE,W1 (equal)|DL04,0,10,8.8968253144e-01
weights,LSHADE,W1 (equal)|DL05,0,10,9.0680227567e-01
weights,LSHADE,W1 (equal)|DL06,0,10,9.0449343751e-01
weights,LSHADE,W1 (equal)|DL07,0,10,8.8096082844e-01
weights,LSHADE,W1 (equal)|DL08,0,10,8.6584343480e-01
weights,LSHADE,W2 (balance)|DL01,0,10,9.4385620312e-01
weights,LSHADE,W2 (balance)|DL02,0,10,9.3705014888e-01
weights,LSHADE,W2 (balance)|DL03,0,10,9.2045394637e-01
weights,LSHADE,W2 (balance)|DL04,0,10,9.4993499829e-01
weights,LSHADE,W2 (balance)|DL05,0,10,9.5339053513e-01
weights,LSHADE,W2 (balance)|DL06,0,10,9.5215580534e-01
weights,LSHADE,W2 (balance)|DL07,0,10,9.3526528494e-01
weights,LSHADE,W2 (balance)|DL08,0,10,9.3282817612e-01
weights,LSHADE,W3 (overlap)|DL01,0,10,9.4152625988e-01
weights,LSHADE,W3 (overlap)|DL02,0,10,9.2909914982e-01
weights,LSHADE,W3 (overlap)|DL03,0,10,9.1521287809e-01
weights,LSHADE,W3 (overlap)|DL04,0,10,9.3476172656e-01
weights,LSHADE,W3 (overlap)|DL05,0,10,9.6250621702e-01
weights,LSHADE,W3 (overlap)|DL06,0,10,9.5159071325e-01
weights,LSHADE,W3 (overlap)|DL07,0,10,9.3863795186e-01
weights,LSHADE,W3 (overlap)|DL08,0,10,9.2348045198e-01
weights,LSHADE,W4 (structure)|DL05,0,10,9.4199301833e-01
weights,LSHADE,W4 (structure)|DL06,0,10,9.4514003933e-01
weights,LSHADE,W4 (structure)|DL07,0,10,9.3323287427e-01
weights,LSHADE,W4 (structure)|DL08,0,10,9.1389506074e-01
weights,LSHADE,W4 (structure)|DL01,0,10,9.3193523861e-01
weights,LSHADE,W4 (structure)|DL02,0,10,9.2181050358e-01
weights,LSHADE,W4 (structure)|DL03,0,10,9.1328912826e-01
weights,LSHADE,W4 (structure)|DL04,0,10,9.3306878555e-01
weights,MSSBOA,W0 (Ngo)|DL01,0,11,8.9444937382e-01
weights,MSSBOA,W0 (Ngo)|DL02,0,11,8.9131344060e-01
weights,MSSBOA,W0 (Ngo)|DL03,0,11,8.8605744623e-01
weights,MSSBOA,W0 (Ngo)|DL04,0,11,9.0897026259e-01
weights,MSSBOA,W1 (equal)|DL05,0,11,9.0899802881e-01
weights,MSSBOA,W1 (equal)|DL06,0,11,8.8648076560e-01
weights,MSSBOA,W1 (equal)|DL07,0,11,8.6883931203e-01
weights,MSSBOA,W1 (equal)|DL08,0,11,8.6582952482e-01
weights,MSSBOA,W0 (Ngo)|DL05,0,11,9.4539220228e-01
weights,MSSBOA,W0 (Ngo)|DL06,0,11,8.9760718318e-01
weights,MSSBOA,W0 (Ngo)|DL07,0,11,8.9821032886e-01
weights,MSSBOA,W0 (Ngo)|DL08,0,11,8.9693660511e-01
weights,MSSBOA,W1 (equal)|DL01,0,11,8.9065690930e-01
weights,MSSBOA,W1 (equal)|DL02,0,11,8.7532440908e-01
weights,MSSBOA,W1 (equal)|DL03,0,11,8.4143693233e-01
weights,MSSBOA,W1 (equal)|DL04,0,11,8.8229653468e-01
weights,MSSBOA,W3 (overlap)|DL05,0,11,9.4172387252e-01
weights,MSSBOA,W3 (overlap)|DL06,0,11,9.5370148078e-01
weights,MSSBOA,W3 (overlap)|DL07,0,11,9.2680455157e-01
weights,MSSBOA,W3 (overlap)|DL08,0,11,9.2350836159e-01
weights,MSSBOA,W2 (balance)|DL01,0,11,9.1407512072e-01
weights,MSSBOA,W2 (balance)|DL02,0,11,9.3539603519e-01
weights,MSSBOA,W2 (balance)|DL03,0,11,9.1221335128e-01
weights,MSSBOA,W2 (balance)|DL04,0,11,9.3786843240e-01
weights,MSSBOA,W2 (balance)|DL05,0,11,9.5919565820e-01
weights,MSSBOA,W2 (balance)|DL06,0,11,9.4591859016e-01
weights,MSSBOA,W2 (balance)|DL07,0,11,9.1304958068e-01
weights,MSSBOA,W2 (balance)|DL08,0,11,9.2900271418e-01
weights,MSSBOA,W3 (overlap)|DL01,0,11,9.3350668861e-01
weights,MSSBOA,W3 (overlap)|DL02,0,11,9.2481715414e-01
weights,MSSBOA,W3 (overlap)|DL03,0,11,9.0956155912e-01
weights,MSSBOA,W3 (overlap)|DL04,0,11,9.3793461634e-01
weights,SBOA,W0 (Ngo)|DL05,0,11,9.1843090857e-01
weights,SBOA,W0 (Ngo)|DL06,0,11,9.2921162938e-01
weights,SBOA,W0 (Ngo)|DL07,0,11,8.9949165637e-01
weights,SBOA,W0 (Ngo)|DL08,0,11,8.9093633917e-01
weights,SBOA,W0 (Ngo)|DL01,0,11,9.2298373123e-01
weights,SBOA,W0 (Ngo)|DL02,0,11,9.0234732173e-01
weights,SBOA,W0 (Ngo)|DL03,0,11,8.6687328504e-01
weights,SBOA,W0 (Ngo)|DL04,0,11,9.0955874056e-01
weights,MSSBOA,W4 (structure)|DL01,0,11,8.8125836060e-01
weights,MSSBOA,W4 (structure)|DL02,0,11,9.1888988383e-01
weights,MSSBOA,W4 (structure)|DL03,0,11,9.0326928942e-01
weights,MSSBOA,W4 (structure)|DL04,0,11,9.2449921605e-01
weights,MSSBOA,W4 (structure)|DL05,0,11,9.3600701240e-01
weights,MSSBOA,W4 (structure)|DL06,0,11,9.3326414749e-01
weights,MSSBOA,W4 (structure)|DL07,0,11,9.1817070502e-01
weights,MSSBOA,W4 (structure)|DL08,0,11,9.1362386119e-01
weights,SBOA,W1 (equal)|DL01,0,11,8.9055627665e-01
weights,SBOA,W1 (equal)|DL02,0,11,8.7542980696e-01
weights,SBOA,W1 (equal)|DL03,0,11,8.4052132411e-01
weights,SBOA,W1 (equal)|DL04,0,11,8.9066127975e-01
weights,SBOA,W1 (equal)|DL05,0,11,9.2018997774e-01
weights,SBOA,W1 (equal)|DL06,0,11,9.0072021742e-01
weights,SBOA,W1 (equal)|DL07,0,11,8.8443643501e-01
weights,SBOA,W1 (equal)|DL08,0,11,8.6252485493e-01
weights,SBOA,W2 (balance)|DL01,0,11,9.3138507429e-01
weights,SBOA,W2 (balance)|DL02,0,11,9.2630134755e-01
weights,SBOA,W2 (balance)|DL03,0,11,9.1837004271e-01
weights,SBOA,W2 (balance)|DL04,0,11,9.3454071429e-01
weights,SBOA,W2 (balance)|DL05,0,11,9.5219911120e-01
weights,SBOA,W2 (balance)|DL06,0,11,9.4273072628e-01
weights,SBOA,W2 (balance)|DL07,0,11,9.1934704268e-01
weights,SBOA,W2 (balance)|DL08,0,11,9.3170309938e-01
weights,SBOA,W3 (overlap)|DL01,0,11,9.3326175348e-01
weights,SBOA,W3 (overlap)|DL02,0,11,9.3057054895e-01
weights,SBOA,W3 (overlap)|DL03,0,11,9.1675020693e-01
weights,SBOA,W3 (overlap)|DL04,0,11,9.3307811461e-01
weights,SBOA,W3 (overlap)|DL05,0,11,9.5263310692e-01
weights,SBOA,W3 (overlap)|DL06,0,11,9.3134641045e-01
weights,SBOA,W3 (overlap)|DL07,0,11,9.2814453971e-01
weights,SBOA,W3 (overlap)|DL08,0,11,9.2297910843e-01
weights,SBOA,W4 (structure)|DL01,0,11,9.3004644637e-01
weights,SBOA,W4 (structure)|DL02,0,11,9.1890453352e-01
weights,SBOA,W4 (structure)|DL03,0,11,9.0748294358e-01
weights,SBOA,W4 (structure)|DL04,0,11,9.2127575468e-01
weights,SBOA,W4 (structure)|DL05,0,11,9.4211439118e-01
weights,SBOA,W4 (structure)|DL06,0,11,9.1461844036e-01
weights,SBOA,W4 (structure)|DL07,0,11,9.2951355364e-01
weights,SBOA,W4 (structure)|DL08,0,11,9.1378244641e-01
weights,RIME,W0 (Ngo)|DL01,0,11,8.7824999589e-01
weights,RIME,W0 (Ngo)|DL02,0,11,8.3485315926e-01
weights,RIME,W0 (Ngo)|DL03,0,11,8.1939497559e-01
weights,RIME,W0 (Ngo)|DL04,0,11,9.1238683988e-01
weights,RIME,W0 (Ngo)|DL05,0,11,8.7996919411e-01
weights,RIME,W0 (Ngo)|DL06,0,11,8.8538815560e-01
weights,RIME,W0 (Ngo)|DL07,0,11,8.6005660155e-01
weights,RIME,W0 (Ngo)|DL08,0,11,8.7899659866e-01
weights,RIME,W1 (equal)|DL01,0,11,8.4834660001e-01
weights,RIME,W1 (equal)|DL02,0,11,8.6806006827e-01
weights,RIME,W1 (equal)|DL03,0,11,7.8032249370e-01
weights,RIME,W1 (equal)|DL04,0,11,8.5662409058e-01
weights,RIME,W1 (equal)|DL05,0,11,8.5327585831e-01
weights,RIME,W1 (equal)|DL06,0,11,8.7483095151e-01
weights,RIME,W1 (equal)|DL07,0,11,8.3247597201e-01
weights,RIME,W1 (equal)|DL08,0,11,8.5884927390e-01
weights,RIME,W2 (balance)|DL01,0,11,8.8462840412e-01
weights,RIME,W2 (balance)|DL02,0,11,8.8463257025e-01
weights,RIME,W2 (balance)|DL03,0,11,8.6832119103e-01
weights,RIME,W2 (balance)|DL04,0,11,9.0729063593e-01
weights,RIME,W2 (balance)|DL05,0,11,8.9701623663e-01
weights,RIME,W2 (balance)|DL06,0,11,8.9779970833e-01
weights,RIME,W2 (balance)|DL07,0,11,8.9011036903e-01
weights,RIME,W2 (balance)|DL08,0,11,9.1897170749e-01
weights,RIME,W3 (overlap)|DL01,0,11,9.1277948769e-01
weights,RIME,W3 (overlap)|DL02,0,11,8.7836990738e-01
weights,RIME,W3 (overlap)|DL03,0,11,9.1455562877e-01
weights,RIME,W3 (overlap)|DL04,0,11,9.1832868075e-01
weights,RIME,W3 (overlap)|DL05,0,11,9.5164870827e-01
weights,RIME,W3 (overlap)|DL06,0,11,9.1998968711e-01
weights,RIME,W3 (overlap)|DL07,0,11,8.5365525442e-01
weights,RIME,W3 (overlap)|DL08,0,11,8.5760816968e-01
weights,RIME,W4 (structure)|DL01,0,11,8.9491835361e-01
weights,RIME,W4 (structure)|DL02,0,11,8.8139137930e-01
weights,RIME,W4 (structure)|DL03,0,11,8.9997993128e-01
weights,RIME,W4 (structure)|DL04,0,11,8.8409512625e-01
weights,RIME,W4 (structure)|DL05,0,11,9.3865337792e-01
weights,RIME,W4 (structure)|DL06,0,11,9.2780060533e-01
weights,RIME,W4 (structure)|DL07,0,11,8.6281044394e-01
weights,RIME,W4 (structure)|DL08,0,11,9.0198626973e-01
weights,LSHADE,W0 (Ngo)|DL01,0,11,9.2323751917e-01
weights,LSHADE,W0 (Ngo)|DL02,0,11,9.0660296854e-01
weights,LSHADE,W0 (Ngo)|DL03,0,11,8.8155102063e-01
weights,LSHADE,W0 (Ngo)|DL04,0,11,9.1764745555e-01
weights,LSHADE,W0 (Ngo)|DL05,0,11,9.3852146626e-01
weights,LSHADE,W0 (Ngo)|DL06,0,11,9.3128880248e-01
weights,LSHADE,W0 (Ngo)|DL07,0,11,9.0970163976e-01
weights,LSHADE,W0 (Ngo)|DL08,0,11,8.9937329593e-01
weights,LSHADE,W1 (equal)|DL01,0,11,8.9917978291e-01
weights,LSHADE,W1 (equal)|DL02,0,11,8.7510489910e-01
weights,LSHADE,W1 (equal)|DL03,0,11,8.4181918582e-01
weights,LSHADE,W1 (equal)|DL04,0,11,9.0432534321e-01
weights,LSHADE,W1 (equal)|DL05,0,11,9.2509101013e-01
weights,LSHADE,W1 (equal)|DL06,0,11,9.0126530627e-01
weights,LSHADE,W1 (equal)|DL07,0,11,8.7763572616e-01
weights,LSHADE,W1 (equal)|DL08,0,11,8.6584230790e-01
weights,LSHADE,W2 (balance)|DL01,0,11,9.4692077537e-01
weights,LSHADE,W2 (balance)|DL02,0,11,9.3673643711e-01
weights,LSHADE,W2 (balance)|DL03,0,11,9.2035594894e-01
weights,LSHADE,W2 (balance)|DL04,0,11,9.3900237051e-01
weights,LSHADE,W2 (balance)|DL05,0,11,9.5198977782e-01
weights,LSHADE,W2 (balance)|DL06,0,11,9.5326931224e-01
weights,LSHADE,W2 (balance)|DL07,0,11,9.4048808405e-01
weights,LSHADE,W2 (balance)|DL08,0,11,9.3289404529e-01
weights,LSHADE,W3 (overlap)|DL05,0,11,9.5739573201e-01
weights,LSHADE,W3 (overlap)|DL06,0,11,9.5302133138e-01
weights,LSHADE,W3 (overlap)|DL07,0,11,9.3995653809e-01
weights,LSHADE,W3 (overlap)|DL08,0,11,9.2347592707e-01
weights,LSHADE,W3 (overlap)|DL01,0,11,9.4152583636e-01
weights,LSHADE,W3 (overlap)|DL02,0,11,9.2588507431e-01
weights,LSHADE,W3 (overlap)|DL03,0,11,9.1518191710e-01
weights,LSHADE,W3 (overlap)|DL04,0,11,9.3527941663e-01
weights,LSHADE,W4 (structure)|DL01,0,11,9.3044488806e-01
weights,LSHADE,W4 (structure)|DL02,0,11,9.2229067419e-01
weights,LSHADE,W4 (structure)|DL03,0,11,9.0974233939e-01
weights,LSHADE,W4 (structure)|DL04,0,11,9.3486833679e-01
weights,LSHADE,W4 (structure)|DL05,0,11,9.4326060978e-01
weights,LSHADE,W4 (structure)|DL06,0,11,9.4599515686e-01
weights,LSHADE,W4 (structure)|DL07,0,11,9.3387310195e-01
weights,LSHADE,W4 (structure)|DL08,0,11,9.1407296142e-01
weights,MSSBOA,W0 (Ngo)|DL01,0,12,9.0395937085e-01
weights,MSSBOA,W0 (Ngo)|DL02,0,12,8.9844375759e-01
weights,MSSBOA,W0 (Ngo)|DL03,0,12,8.7831732547e-01
weights,MSSBOA,W0 (Ngo)|DL04,0,12,9.0656068371e-01
weights,MSSBOA,W0 (Ngo)|DL05,0,12,9.2836453637e-01
weights,MSSBOA,W0 (Ngo)|DL06,0,12,9.2055046830e-01
weights,MSSBOA,W0 (Ngo)|DL07,0,12,9.0364038191e-01
weights,MSSBOA,W0 (Ngo)|DL08,0,12,8.9939248900e-01
weights,MSSBOA,W1 (equal)|DL01,0,12,8.8617444304e-01
weights,MSSBOA,W1 (equal)|DL02,0,12,8.7398954482e-01
weights,MSSBOA,W1 (equal)|DL03,0,12,8.4425005817e-01
weights,MSSBOA,W1 (equal)|DL04,0,12,8.9375008496e-01
weights,MSSBOA,W1 (equal)|DL05,0,12,9.0333837921e-01
weights,MSSBOA,W1 (equal)|DL06,0,12,8.9785441108e-01
weights,MSSBOA,W1 (equal)|DL07,0,12,8.7618618575e-01
weights,MSSBOA,W1 (equal)|DL08,0,12,8.6585731175e-01
weights,MSSBOA,W2 (balance)|DL05,0,12,9.4861129343e-01
weights,MSSBOA,W2 (balance)|DL06,0,12,9.4911482028e-01
weights,MSSBOA,W2 (balance)|DL07,0,12,9.0375360150e-01
weights,MSSBOA,W2 (balance)|DL08,0,12,9.2167007286e-01
weights,MSSBOA,W2 (balance)|DL01,0,12,9.4641394872e-01
weights,MSSBOA,W2 (balance)|DL02,0,12,9.3398360985e-01
weights,MSSBOA,W2 (balance)|DL03,0,12,9.0252758682e-01
weights,MSSBOA,W2 (balance)|DL04,0,12,9.3121443993e-01
weights,MSSBOA,W3 (overlap)|DL01,0,12,9.3456032188e-01
weights,MSSBOA,W3 (overlap)|DL02,0,12,9.2240840661e-01
weights,MSSBOA,W3 (overlap)|DL03,0,12,9.1522408427e-01
weights,MSSBOA,W3 (overlap)|DL04,0,12,9.2690836455e-01
weights,MSSBOA,W3 (overlap)|DL05,0,12,9.4204369830e-01
weights,MSSBOA,W3 (overlap)|DL06,0,12,9.4727292090e-01
weights,MSSBOA,W3 (overlap)|DL07,0,12,9.2897082995e-01
weights,MSSBOA,W3 (overlap)|DL08,0,12,9.2351284328e-01
weights,SBOA,W0 (Ngo)|DL01,0,12,9.1472134406e-01
weights,SBOA,W0 (Ngo)|DL02,0,12,9.0362808504e-01
weights,SBOA,W0 (Ngo)|DL03,0,12,8.7417302023e-01
weights,SBOA,W0 (Ngo)|DL04,0,12,9.0590364230e-01
weights,MSSBOA,W4 (structure)|DL05,0,12,9.4054583800e-01
weights,MSSBOA,W4 (structure)|DL06,0,12,9.3844245571e-01
weights,MSSBOA,W4 (structure)|DL07,0,12,9.3214097543e-01
weights,MSSBOA,W4 (structure)|DL08,0,12,9.1382952517e-01
weights,SBOA,W0 (Ngo)|DL05,0,12,9.3555233314e-01
weights,SBOA,W0 (Ngo)|DL06,0,12,9.1730261076e-01
weights,SBOA,W0 (Ngo)|DL07,0,12,9.0404197811e-01
weights,SBOA,W0 (Ngo)|DL08,0,12,8.8140245445e-01
weights,MSSBOA,W4 (structure)|DL01,0,12,9.2944463256e-01
weights,MSSBOA,W4 (structure)|DL02,0,12,9.1961033948e-01
weights,MSSBOA,W4 (structure)|DL03,0,12,9.0479427819e-01
weights,MSSBOA,W4 (structure)|DL04,0,12,9.3215697009e-01
weights,SBOA,W1 (equal)|DL01,0,12,8.9409713915e-01
weights,SBOA,W1 (equal)|DL02,0,12,8.7007772027e-01
weights,SBOA,W1 (equal)|DL03,0,12,8.4203296317e-01
weights,SBOA,W1 (equal)|DL04,0,12,8.7770870422e-01
weights,SBOA,W1 (equal)|DL05,0,12,9.1077401234e-01
weights,SBOA,W1 (equal)|DL06,0,12,8.9604543744e-01
weights,SBOA,W1 (equal)|DL07,0,12,8.5571516052e-01
weights,SBOA,W1 (equal)|DL08,0,12,8.6264311380e-01
weights,SBOA,W2 (balance)|DL01,0,12,9.3655019763e-01
weights,SBOA,W2 (balance)|DL02,0,12,9.2725064735e-01
weights,SBOA,W2 (balance)|DL03,0,12,9.2042749210e-01
weights,SBOA,W2 (balance)|DL04,0,12,9.3264756291e-01
weights,SBOA,W2 (balance)|DL05,0,12,9.4914937780e-01
weights,SBOA,W2 (balance)|DL06,0,12,9.5219980204e-01
weights,SBOA,W2 (balance)|DL07,0,12,9.3406871280e-01
weights,SBOA,W2 (balance)|DL08,0,12,9.3292686356e-01
weights,SBOA,W3 (overlap)|DL01,0,12,9.4179211544e-01
weights,SBOA,W3 (overlap)|DL02,0,12,9.2190026966e-01
weights,SBOA,W3 (overlap)|DL03,0,12,9.1483667225e-01
weights,SBOA,W3 (overlap)|DL04,0,12,9.3344664281e-01
weights,SBOA,W3 (overlap)|DL05,0,12,9.5944433092e-01
weights,SBOA,W3 (overlap)|DL06,0,12,9.4672036214e-01
weights,SBOA,W3 (overlap)|DL07,0,12,9.1258720368e-01
weights,SBOA,W3 (overlap)|DL08,0,12,9.1002685471e-01
weights,SBOA,W4 (structure)|DL01,0,12,9.2692412589e-01
weights,SBOA,W4 (structure)|DL02,0,12,8.9824223281e-01
weights,SBOA,W4 (structure)|DL03,0,12,9.0758272802e-01
weights,SBOA,W4 (structure)|DL04,0,12,9.2816721170e-01
weights,SBOA,W4 (structure)|DL05,0,12,9.5784646042e-01
weights,SBOA,W4 (structure)|DL06,0,12,9.3714765736e-01
weights,SBOA,W4 (structure)|DL07,0,12,9.2911454103e-01
weights,SBOA,W4 (structure)|DL08,0,12,9.1010163472e-01
weights,RIME,W0 (Ngo)|DL01,0,12,8.8063868861e-01
weights,RIME,W0 (Ngo)|DL02,0,12,8.7689996126e-01
weights,RIME,W0 (Ngo)|DL03,0,12,8.7324707675e-01
weights,RIME,W0 (Ngo)|DL04,0,12,8.7431272917e-01
weights,RIME,W0 (Ngo)|DL05,0,12,8.6952463669e-01
weights,RIME,W0 (Ngo)|DL06,0,12,8.7950249794e-01
weights,RIME,W0 (Ngo)|DL07,0,12,8.4908221107e-01
weights,RIME,W0 (Ngo)|DL08,0,12,8.8489236861e-01
weights,RIME,W1 (equal)|DL01,0,12,8.3835058319e-01
weights,RIME,W1 (equal)|DL02,0,12,8.0991754260e-01
weights,RIME,W1 (equal)|DL03,0,12,7.9737109129e-01
weights,RIME,W1 (equal)|DL04,0,12,8.7524846913e-01
weights,RIME,W1 (equal)|DL05,0,12,8.4889335392e-01
weights,RIME,W1 (equal)|DL06,0,12,8.7726507134e-01
weights,RIME,W1 (equal)|DL07,0,12,8.3206962884e-01
weights,RIME,W1 (equal)|DL08,0,12,8.0352949073e-01
weights,RIME,W2 (balance)|DL01,0,12,9.2490049467e-01
weights,RIME,W2 (balance)|DL02,0,12,8.7615819893e-01
weights,RIME,W2 (balance)|DL03,0,12,8.7102322031e-01
weights,RIME,W2 (balance)|DL04,0,12,8.8551020297e-01
weights,RIME,W2 (balance)|DL05,0,12,8.9062196120e-01
weights,RIME,W2 (balance)|DL06,0,12,8.8455684561e-01
weights,RIME,W2 (balance)|DL07,0,12,8.4118356329e-01
weights,RIME,W2 (balance)|DL08,0,12,9.1510538014e-01
weights,RIME,W3 (overlap)|DL01,0,12,8.5109330565e-01
weights,RIME,W3 (overlap)|DL02,0,12,8.7318029252e-01
weights,RIME,W3 (overlap)|DL03,0,12,9.1415111147e-01
weights,RIME,W3 (overlap)|DL04,0,12,9.2370465963e-01
weights,RIME,W3 (overlap)|DL05,0,12,9.0110257918e-01
weights,RIME,W3 (overlap)|DL06,0,12,9.0886611235e-01
weights,RIME,W3 (overlap)|DL07,0,12,8.8237027438e-01
weights,RIME,W3 (overlap)|DL08,0,12,8.7786503813e-01
weights,RIME,W4 (structure)|DL01,0,12,8.7694997062e-01
weights,RIME,W4 (structure)|DL02,0,12,8.4686203371e-01
weights,RIME,W4 (structure)|DL03,0,12,8.3250188494e-01
weights,RIME,W4 (structure)|DL04,0,12,8.9789600909e-01
weights,RIME,W4 (structure)|DL05,0,12,8.6606277370e-01
weights,RIME,W4 (structure)|DL06,0,12,9.0015450552e-01
weights,RIME,W4 (structure)|DL07,0,12,8.4096705968e-01
weights,RIME,W4 (structure)|DL08,0,12,9.1375316196e-01
weights,LSHADE,W0 (Ngo)|DL01,0,12,9.2221781806e-01
weights,LSHADE,W0 (Ngo)|DL02,0,12,9.0526782489e-01
weights,LSHADE,W0 (Ngo)|DL03,0,12,8.8067138238e-01
weights,LSHADE,W0 (Ngo)|DL04,0,12,9.1367311779e-01
weights,LSHADE,W0 (Ngo)|DL05,0,12,9.4246416456e-01
weights,LSHADE,W0 (Ngo)|DL06,0,12,9.2579405957e-01
weights,LSHADE,W0 (Ngo)|DL07,0,12,9.0816151669e-01
weights,LSHADE,W0 (Ngo)|DL08,0,12,8.9935805676e-01
weights,LSHADE,W1 (equal)|DL01,0,12,8.9612652061e-01
weights,LSHADE,W1 (equal)|DL02,0,12,8.7255121888e-01
weights,LSHADE,W1 (equal)|DL03,0,12,8.4496063478e-01
weights,LSHADE,W1 (equal)|DL04,0,12,9.0145464276e-01
weights,LSHADE,W1 (equal)|DL05,0,12,9.2649967724e-01
weights,LSHADE,W1 (equal)|DL06,0,12,9.0740877838e-01
weights,LSHADE,W1 (equal)|DL07,0,12,8.8706966032e-01
weights,LSHADE,W1 (equal)|DL08,0,12,8.6572907590e-01
weights,LSHADE,W2 (balance)|DL01,0,12,9.3589997012e-01
weights,LSHADE,W2 (balance)|DL02,0,12,9.2956491259e-01
weights,LSHADE,W2 (balance)|DL03,0,12,9.2040979685e-01
weights,LSHADE,W2 (balance)|DL04,0,12,9.3497904102e-01
weights,LSHADE,W2 (balance)|DL05,0,12,9.4056252239e-01
weights,LSHADE,W2 (balance)|DL06,0,12,9.5387915078e-01
weights,LSHADE,W2 (balance)|DL07,0,12,9.3335520170e-01
weights,LSHADE,W2 (balance)|DL08,0,12,9.3261864763e-01
weights,LSHADE,W3 (overlap)|DL01,0,12,9.4023658056e-01
weights,LSHADE,W3 (overlap)|DL02,0,12,9.3054834045e-01
weights,LSHADE,W3 (overlap)|DL03,0,12,9.1755208001e-01
weights,LSHADE,W3 (overlap)|DL04,0,12,9.3746018150e-01
weights,LSHADE,W3 (overlap)|DL05,0,12,9.5481811597e-01
weights,LSHADE,W3 (overlap)|DL06,0,12,9.5071675024e-01
weights,LSHADE,W3 (overlap)|DL07,0,12,9.4106140800e-01
weights,LSHADE,W3 (overlap)|DL08,0,12,9.2346995610e-01
weights,LSHADE,W4 (structure)|DL01,0,12,9.2643291704e-01
weights,LSHADE,W4 (structure)|DL02,0,12,9.2243210555e-01
weights,LSHADE,W4 (structure)|DL03,0,12,9.0988676996e-01
weights,LSHADE,W4 (structure)|DL04,0,12,9.3441061776e-01
weights,LSHADE,W4 (structure)|DL05,0,12,9.4675554191e-01
weights,LSHADE,W4 (structure)|DL06,0,12,9.4321513722e-01
weights,LSHADE,W4 (structure)|DL07,0,12,9.3206925861e-01
weights,LSHADE,W4 (structure)|DL08,0,12,9.1404171255e-01
weights,MSSBOA,W0 (Ngo)|DL01,0,13,9.1285768495e-01
weights,MSSBOA,W0 (Ngo)|DL02,0,13,8.9897100661e-01
weights,MSSBOA,W0 (Ngo)|DL03,0,13,8.7451378568e-01
weights,MSSBOA,W0 (Ngo)|DL04,0,13,9.1547497480e-01
weights,MSSBOA,W0 (Ngo)|DL05,0,13,9.2730746451e-01
weights,MSSBOA,W0 (Ngo)|DL06,0,13,9.2636591911e-01
weights,MSSBOA,W0 (Ngo)|DL07,0,13,9.0100994072e-01
weights,MSSBOA,W0 (Ngo)|DL08,0,13,8.9939338406e-01
weights,MSSBOA,W1 (equal)|DL05,0,13,9.0261035156e-01
weights,MSSBOA,W1 (equal)|DL06,0,13,8.9104425328e-01
weights,MSSBOA,W1 (equal)|DL07,0,13,8.7763155818e-01
weights,MSSBOA,W1 (equal)|DL08,0,13,8.6261225434e-01
weights,MSSBOA,W1 (equal)|DL01,0,13,8.9594724699e-01
weights,MSSBOA,W1 (equal)|DL02,0,13,8.6458624037e-01
weights,MSSBOA,W1 (equal)|DL03,0,13,8.3964676284e-01
weights,MSSBOA,W1 (equal)|DL04,0,13,8.9381317132e-01
weights,MSSBOA,W2 (balance)|DL01,0,13,9.2671980951e-01
weights,MSSBOA,W2 (balance)|DL02,0,13,9.3057335192e-01
weights,MSSBOA,W2 (balance)|DL03,0,13,9.2046702699e-01
weights,MSSBOA,W2 (balance)|DL04,0,13,9.3796911788e-01
weights,MSSBOA,W2 (balance)|DL05,0,13,9.5997780988e-01
weights,MSSBOA,W2 (balance)|DL06,0,13,9.4904603679e-01
weights,MSSBOA,W2 (balance)|DL07,0,13,9.2200676283e-01
weights,MSSBOA,W2 (balance)|DL08,0,13,9.3290519639e-01
weights,MSSBOA,W3 (overlap)|DL01,0,13,9.3841147834e-01
weights,MSSBOA,W3 (overlap)|DL02,0,13,9.2757182702e-01
weights,MSSBOA,W3 (overlap)|DL03,0,13,9.1483656484e-01
weights,MSSBOA,W3 (overlap)|DL04,0,13,9.3410172449e-01
weights,MSSBOA,W3 (overlap)|DL05,0,13,9.4569105632e-01
weights,MSSBOA,W3 (overlap)|DL06,0,13,9.4316415606e-01
weights,MSSBOA,W3 (overlap)|DL07,0,13,9.2026658102e-01
weights,MSSBOA,W3 (overlap)|DL08,0,13,9.2070921804e-01
weights,MSSBOA,W4 (structure)|DL05,0,13,9.3181087608e-01
weights,MSSBOA,W4 (structure)|DL06,0,13,9.3688655207e-01
weights,MSSBOA,W4 (structure)|DL07,0,13,9.0386313101e-01
weights,MSSBOA,W4 (structure)|DL08,0,13,8.9626248039e-01
weights,MSSBOA,W4 (structure)|DL01,0,13,9.3007151712e-01
weights,MSSBOA,W4 (structure)|DL02,0,13,9.0523376228e-01
weights,MSSBOA,W4 (structure)|DL03,0,13,9.0265445731e-01
weights,MSSBOA,W4 (structure)|DL04,0,13,9.3073985205e-01
weights,SBOA,W0 (Ngo)|DL01,0,13,9.2063285949e-01
weights,SBOA,W0 (Ngo)|DL02,0,13,9.0047607837e-01
weights,SBOA,W0 (Ngo)|DL03,0,13,8.7973579034e-01
weights,SBOA,W0 (Ngo)|DL04,0,13,9.2663831898e-01
weights,SBOA,W0 (Ngo)|DL05,0,13,9.2767437946e-01
weights,SBOA,W0 (Ngo)|DL06,0,13,9.1526051712e-01
weights,SBOA,W0 (Ngo)|DL07,0,13,9.0370170392e-01
weights,SBOA,W0 (Ngo)|DL08,0,13,8.9595541890e-01
weights,SBOA,W1 (equal)|DL01,0,13,8.9886120144e-01
weights,SBOA,W1 (equal)|DL02,0,13,8.6689174601e-01
weights,SBOA,W1 (equal)|DL03,0,13,8.3172883553e-01
weights,SBOA,W1 (equal)|DL04,0,13,8.9055598336e-01
weights,SBOA,W1 (equal)|DL05,0,13,9.0920497605e-01
weights,SBOA,W1 (equal)|DL06,0,13,9.0702826135e-01
weights,SBOA,W1 (equal)|DL07,0,13,8.8362096266e-01
weights,SBOA,W1 (equal)|DL08,0,13,8.6549489688e-01
weights,SBOA,W2 (balance)|DL01,0,13,9.4464186510e-01
weights,SBOA,W2 (balance)|DL02,0,13,9.3055836960e-01
weights,SBOA,W2 (balance)|DL03,0,13,9.0722385068e-01
weights,SBOA,W2 (balance)|DL04,0,13,9.2536507307e-01
weights,SBOA,W2 (balance)|DL05,0,13,9.3091486528e-01
weights,SBOA,W2 (balance)|DL06,0,13,9.3442725028e-01
weights,SBOA,W2 (balance)|DL07,0,13,9.2323437648e-01
weights,SBOA,W2 (balance)|DL08,0,13,9.2891007859e-01
weights,SBOA,W3 (overlap)|DL01,0,13,9.3326716134e-01
weights,SBOA,W3 (overlap)|DL02,0,13,9.0533813170e-01
weights,SBOA,W3 (overlap)|DL03,0,13,9.1124977766e-01
weights,SBOA,W3 (overlap)|DL04,0,13,9.1278486138e-01
weights,SBOA,W3 (overlap)|DL05,0,13,9.5496755683e-01
weights,SBOA,W3 (overlap)|DL06,0,13,9.5303925802e-01
weights,SBOA,W3 (overlap)|DL07,0,13,9.2680353590e-01
weights,SBOA,W3 (overlap)|DL08,0,13,9.2351300006e-01
weights,SBOA,W4 (structure)|DL01,0,13,9.1140908219e-01
weights,SBOA,W4 (structure)|DL02,0,13,9.2008362466e-01
weights,SBOA,W4 (structure)|DL03,0,13,9.0939398465e-01
weights,SBOA,W4 (structure)|DL04,0,13,9.2396180070e-01
weights,SBOA,W4 (structure)|DL05,0,13,9.5757125533e-01
weights,SBOA,W4 (structure)|DL06,0,13,9.3866641379e-01
weights,SBOA,W4 (structure)|DL07,0,13,9.2942905085e-01
weights,SBOA,W4 (structure)|DL08,0,13,9.1010156192e-01
weights,RIME,W0 (Ngo)|DL01,0,13,8.9492025097e-01
weights,RIME,W0 (Ngo)|DL02,0,13,8.5827039311e-01
weights,RIME,W0 (Ngo)|DL03,0,13,8.6609141886e-01
weights,RIME,W0 (Ngo)|DL04,0,13,8.6114823853e-01
weights,RIME,W0 (Ngo)|DL05,0,13,9.0784499345e-01
weights,RIME,W0 (Ngo)|DL06,0,13,8.6922577594e-01
weights,RIME,W0 (Ngo)|DL07,0,13,8.5554232354e-01
weights,RIME,W0 (Ngo)|DL08,0,13,8.2933174534e-01
weights,RIME,W1 (equal)|DL01,0,13,8.7968937268e-01
weights,RIME,W1 (equal)|DL02,0,13,8.7478166087e-01
weights,RIME,W1 (equal)|DL03,0,13,7.6260633616e-01
weights,RIME,W1 (equal)|DL04,0,13,8.5046919477e-01
weights,RIME,W1 (equal)|DL05,0,13,8.9943997413e-01
weights,RIME,W1 (equal)|DL06,0,13,8.6946601695e-01
weights,RIME,W1 (equal)|DL07,0,13,8.5626620395e-01
weights,RIME,W1 (equal)|DL08,0,13,8.5048969882e-01
weights,RIME,W2 (balance)|DL01,0,13,8.8787171921e-01
weights,RIME,W2 (balance)|DL02,0,13,8.5024593122e-01
weights,RIME,W2 (balance)|DL03,0,13,8.6560786194e-01
weights,RIME,W2 (balance)|DL04,0,13,9.1033834424e-01
weights,RIME,W2 (balance)|DL05,0,13,9.0151843342e-01
weights,RIME,W2 (balance)|DL06,0,13,8.9736012125e-01
weights,RIME,W2 (balance)|DL07,0,13,9.0749609185e-01
weights,RIME,W2 (balance)|DL08,0,13,8.9050631597e-01
weights,RIME,W3 (overlap)|DL01,0,13,9.0361046378e-01
weights,RIME,W3 (overlap)|DL02,0,13,8.6993992032e-01
weights,RIME,W3 (overlap)|DL03,0,13,9.0345442098e-01
weights,RIME,W3 (overlap)|DL04,0,13,9.1218535334e-01
weights,RIME,W3 (overlap)|DL05,0,13,9.1641836897e-01
weights,RIME,W3 (overlap)|DL06,0,13,9.0268038622e-01
weights,RIME,W3 (overlap)|DL07,0,13,8.7420620699e-01
weights,RIME,W3 (overlap)|DL08,0,13,8.6082976016e-01
weights,RIME,W4 (structure)|DL01,0,13,8.4952831971e-01
weights,RIME,W4 (structure)|DL02,0,13,8.7752916067e-01
weights,RIME,W4 (structure)|DL03,0,13,9.0835743985e-01
weights,RIME,W4 (structure)|DL04,0,13,8.7414456059e-01
weights,LSHADE,W0 (Ngo)|DL01,0,13,9.2346607642e-01
weights,LSHADE,W0 (Ngo)|DL02,0,13,8.9867143495e-01
weights,LSHADE,W0 (Ngo)|DL03,0,13,8.8213071218e-01
weights,LSHADE,W0 (Ngo)|DL04,0,13,9.2341861459e-01
weights,RIME,W4 (structure)|DL05,0,13,8.9696774285e-01
weights,RIME,W4 (structure)|DL06,0,13,9.2531720467e-01
weights,RIME,W4 (structure)|DL07,0,13,9.3271639112e-01
weights,RIME,W4 (structure)|DL08,0,13,8.5210885332e-01
weights,LSHADE,W0 (Ngo)|DL05,0,13,9.4050281551e-01
weights,LSHADE,W0 (Ngo)|DL06,0,13,9.2470360917e-01
weights,LSHADE,W0 (Ngo)|DL07,0,13,9.0863616495e-01
weights,LSHADE,W0 (Ngo)|DL08,0,13,8.9938053960e-01
weights,LSHADE,W1 (equal)|DL01,0,13,8.9680680485e-01
weights,LSHADE,W1 (equal)|DL02,0,13,8.7387086765e-01
weights,LSHADE,W1 (equal)|DL03,0,13,8.4378022570e-01
weights,LSHADE,W1 (equal)|DL04,0,13,8.9035997128e-01
weights,LSHADE,W1 (equal)|DL05,0,13,9.2800896494e-01
weights,LSHADE,W1 (equal)|DL06,0,13,9.1029892603e-01
weights,LSHADE,W1 (equal)|DL07,0,13,8.8394170044e-01
weights,LSHADE,W1 (equal)|DL08,0,13,8.6584640010e-01
weights,LSHADE,W2 (balance)|DL05,0,13,9.5026666343e-01
weights,LSHADE,W2 (balance)|DL06,0,13,9.4734790539e-01
weights,LSHADE,W2 (balance)|DL07,0,13,9.2944651819e-01
weights,LSHADE,W2 (balance)|DL08,0,13,9.3287816002e-01
weights,LSHADE,W2 (balance)|DL01,0,13,9.4664177285e-01
weights,LSHADE,W2 (balance)|DL02,0,13,9.3115033842e-01
weights,LSHADE,W2 (balance)|DL03,0,13,9.2250509670e-01
weights,LSHADE,W2 (balance)|DL04,0,13,9.4592702520e-01
weights,LSHADE,W3 (overlap)|DL01,0,13,9.3861227213e-01
weights,LSHADE,W3 (overlap)|DL02,0,13,9.2901901504e-01
weights,LSHADE,W3 (overlap)|DL03,0,13,9.1521162479e-01
weights,LSHADE,W3 (overlap)|DL04,0,13,9.3875672610e-01
weights,LSHADE,W3 (overlap)|DL05,0,13,9.5944371665e-01
weights,LSHADE,W3 (overlap)|DL06,0,13,9.4883064659e-01
weights,LSHADE,W3 (overlap)|DL07,0,13,9.3667770342e-01
weights,LSHADE,W3 (overlap)|DL08,0,13,9.2350261448e-01
weights,LSHADE,W4 (structure)|DL01,0,13,9.3110212101e-01
weights,LSHADE,W4 (structure)|DL02,0,13,9.1878843877e-01
weights,LSHADE,W4 (structure)|DL03,0,13,9.0993970490e-01
weights,LSHADE,W4 (structure)|DL04,0,13,9.3088626316e-01
weights,LSHADE,W4 (structure)|DL05,0,13,9.4943040368e-01
weights,LSHADE,W4 (structure)|DL06,0,13,9.4188839676e-01
weights,LSHADE,W4 (structure)|DL07,0,13,9.3862216120e-01
weights,LSHADE,W4 (structure)|DL08,0,13,9.1406436303e-01
weights,MSSBOA,W0 (Ngo)|DL01,0,14,9.1197733242e-01
weights,MSSBOA,W0 (Ngo)|DL02,0,14,8.7916783732e-01
weights,MSSBOA,W0 (Ngo)|DL03,0,14,8.7294456564e-01
weights,MSSBOA,W0 (Ngo)|DL04,0,14,9.1514820004e-01
weights,MSSBOA,W0 (Ngo)|DL05,0,14,9.2534637848e-01
weights,MSSBOA,W0 (Ngo)|DL06,0,14,9.2743331430e-01
weights,MSSBOA,W0 (Ngo)|DL07,0,14,8.9120557663e-01
weights,MSSBOA,W0 (Ngo)|DL08,0,14,8.9939189130e-01
weights,MSSBOA,W1 (equal)|DL01,0,14,8.8512362639e-01
weights,MSSBOA,W1 (equal)|DL02,0,14,8.6902042637e-01
weights,MSSBOA,W1 (equal)|DL03,0,14,8.4458315459e-01
weights,MSSBOA,W1 (equal)|DL04,0,14,8.8957699906e-01
weights,MSSBOA,W1 (equal)|DL05,0,14,9.1677928519e-01
weights,MSSBOA,W1 (equal)|DL06,0,14,9.0263876928e-01
weights,MSSBOA,W1 (equal)|DL07,0,14,8.8422853196e-01
weights,MSSBOA,W1 (equal)|DL08,0,14,8.6585448164e-01
weights,MSSBOA,W2 (balance)|DL05,0,14,9.3361547535e-01
weights,MSSBOA,W2 (balance)|DL06,0,14,9.2615490110e-01
weights,MSSBOA,W2 (balance)|DL07,0,14,9.2933332756e-01
weights,MSSBOA,W2 (balance)|DL08,0,14,9.3292873869e-01
weights,MSSBOA,W2 (balance)|DL01,0,14,9.1339621748e-01
weights,MSSBOA,W2 (balance)|DL02,0,14,9.3085562380e-01
weights,MSSBOA,W2 (balance)|DL03,0,14,9.1386963964e-01
weights,MSSBOA,W2 (balance)|DL04,0,14,9.2949834720e-01
weights,MSSBOA,W3 (overlap)|DL01,0,14,9.3586954310e-01
weights,MSSBOA,W3 (overlap)|DL02,0,14,9.3056943158e-01
weights,MSSBOA,W3 (overlap)|DL03,0,14,9.1290785629e-01
weights,MSSBOA,W3 (overlap)|DL04,0,14,9.3656929249e-01
weights,MSSBOA,W3 (overlap)|DL05,0,14,9.3867813062e-01
weights,MSSBOA,W3 (overlap)|DL06,0,14,9.4893344314e-01
weights,MSSBOA,W3 (overlap)|DL07,0,14,9.3116218393e-01
weights,MSSBOA,W3 (overlap)|DL08,0,14,9.2351302121e-01
weights,SBOA,W0 (Ngo)|DL01,0,14,9.2637672735e-01
weights,SBOA,W0 (Ngo)|DL02,0,14,9.0426331857e-01
weights,SBOA,W0 (Ngo)|DL03,0,14,8.7593212231e-01
weights,SBOA,W0 (Ngo)|DL04,0,14,9.1095475996e-01
weights,MSSBOA,W4 (structure)|DL05,0,14,9.3968375472e-01
weights,MSSBOA,W4 (structure)|DL06,0,14,9.4018989146e-01
weights,MSSBOA,W4 (structure)|DL07,0,14,9.2523193338e-01
weights,MSSBOA,W4 (structure)|DL08,0,14,9.1409339709e-01
weights,MSSBOA,W4 (structure)|DL01,0,14,9.1155752981e-01
weights,MSSBOA,W4 (structure)|DL02,0,14,9.2336440811e-01
weights,MSSBOA,W4 (structure)|DL03,0,14,9.1317547871e-01
weights,MSSBOA,W4 (structure)|DL04,0,14,9.2586313245e-01
weights,SBOA,W0 (Ngo)|DL05,0,14,9.4088868144e-01
weights,SBOA,W0 (Ngo)|DL06,0,14,9.3027201635e-01
weights,SBOA,W0 (Ngo)|DL07,0,14,9.0518684401e-01
weights,SBOA,W0 (Ngo)|DL08,0,14,8.9939310655e-01
weights,SBOA,W1 (equal)|DL01,0,14,8.8969980844e-01
weights,SBOA,W1 (equal)|DL02,0,14,8.7520339753e-01
weights,SBOA,W1 (equal)|DL03,0,14,8.3964781226e-01
weights,SBOA,W1 (equal)|DL04,0,14,8.9699490881e-01
weights,SBOA,W1 (equal)|DL05,0,14,9.2216573045e-01
weights,SBOA,W1 (equal)|DL06,0,14,9.0722391559e-01
weights,SBOA,W1 (equal)|DL07,0,14,8.7639745785e-01
weights,SBOA,W1 (equal)|DL08,0,14,8.6500592034e-01
weights,SBOA,W2 (balance)|DL01,0,14,9.4993505473e-01
weights,SBOA,W2 (balance)|DL02,0,14,9.2915653529e-01
weights,SBOA,W2 (balance)|DL03,0,14,9.0029268124e-01
weights,SBOA,W2 (balance)|DL04,0,14,9.4044169790e-01
weights,SBOA,W2 (balance)|DL05,0,14,9.3600492218e-01
weights,SBOA,W2 (balance)|DL06,0,14,9.3678549860e-01
weights,SBOA,W2 (balance)|DL07,0,14,9.0464401801e-01
weights,SBOA,W2 (balance)|DL08,0,14,9.1398073219e-01
weights,SBOA,W3 (overlap)|DL01,0,14,9.3494047775e-01
weights,SBOA,W3 (overlap)|DL02,0,14,9.2627989005e-01
weights,SBOA,W3 (overlap)|DL03,0,14,9.1522441827e-01
weights,SBOA,W3 (overlap)|DL04,0,14,9.2694065703e-01
weights,SBOA,W3 (overlap)|DL05,0,14,9.4593450405e-01
weights,SBOA,W3 (overlap)|DL06,0,14,9.4841402740e-01
weights,SBOA,W3 (overlap)|DL07,0,14,9.3191152271e-01
weights,SBOA,W3 (overlap)|DL08,0,14,9.2351366936e-01
weights,SBOA,W4 (structure)|DL05,0,14,9.3159458080e-01
weights,SBOA,W4 (structure)|DL06,0,14,9.4456859643e-01
weights,SBOA,W4 (structure)|DL07,0,14,9.2391311754e-01
weights,SBOA,W4 (structure)|DL08,0,14,9.0816977444e-01
weights,SBOA,W4 (structure)|DL01,0,14,9.1779817875e-01
weights,SBOA,W4 (structure)|DL02,0,14,9.0857804699e-01
weights,SBOA,W4 (structure)|DL03,0,14,9.0946152574e-01
weights,SBOA,W4 (structure)|DL04,0,14,9.3654517257e-01
weights,RIME,W0 (Ngo)|DL01,0,14,8.7708105656e-01
weights,RIME,W0 (Ngo)|DL02,0,14,8.6088408503e-01
weights,RIME,W0 (Ngo)|DL03,0,14,8.7933389435e-01
weights,RIME,W0 (Ngo)|DL04,0,14,8.5752157201e-01
weights,RIME,W0 (Ngo)|DL05,0,14,8.6325740717e-01
weights,RIME,W0 (Ngo)|DL06,0,14,8.2390307274e-01
weights,RIME,W0 (Ngo)|DL07,0,14,8.5379463229e-01
weights,RIME,W0 (Ngo)|DL08,0,14,8.2174652875e-01
weights,RIME,W1 (equal)|DL01,0,14,8.5752368068e-01
weights,RIME,W1 (equal)|DL02,0,14,8.5539368292e-01
weights,RIME,W1 (equal)|DL03,0,14,7.7377904242e-01
weights,RIME,W1 (equal)|DL04,0,14,8.7809642180e-01
weights,RIME,W1 (equal)|DL05,0,14,8.8419245618e-01
weights,RIME,W1 (equal)|DL06,0,14,8.9979111467e-01
weights,RIME,W1 (equal)|DL07,0,14,8.2623594681e-01
weights,RIME,W1 (equal)|DL08,0,14,8.5699610161e-01
weights,RIME,W2 (balance)|DL01,0,14,9.0210418791e-01
weights,RIME,W2 (balance)|DL02,0,14,8.4036538550e-01
weights,RIME,W2 (balance)|DL03,0,14,8.1959055727e-01
weights,RIME,W2 (balance)|DL04,0,14,8.9936241965e-01
weights,RIME,W2 (balance)|DL05,0,14,8.9820122538e-01
weights,RIME,W2 (balance)|DL06,0,14,9.0331087118e-01
weights,RIME,W2 (balance)|DL07,0,14,8.5066098356e-01
weights,RIME,W2 (balance)|DL08,0,14,9.0504382252e-01
weights,RIME,W3 (overlap)|DL01,0,14,8.9126184074e-01
weights,RIME,W3 (overlap)|DL02,0,14,8.9793918043e-01
weights,RIME,W3 (overlap)|DL03,0,14,8.8636968636e-01
weights,RIME,W3 (overlap)|DL04,0,14,9.0594512547e-01
weights,RIME,W3 (overlap)|DL05,0,14,9.0259462756e-01
weights,RIME,W3 (overlap)|DL06,0,14,9.3931750310e-01
weights,RIME,W3 (overlap)|DL07,0,14,9.1509202448e-01
weights,RIME,W3 (overlap)|DL08,0,14,9.2274054906e-01
weights,RIME,W4 (structure)|DL05,0,14,9.1821506063e-01
weights,RIME,W4 (structure)|DL06,0,14,8.4068672696e-01
weights,RIME,W4 (structure)|DL07,0,14,8.6920719034e-01
weights,RIME,W4 (structure)|DL08,0,14,8.7209804527e-01
weights,RIME,W4 (structure)|DL01,0,14,8.4243634772e-01
weights,RIME,W4 (structure)|DL02,0,14,9.1284085791e-01
weights,RIME,W4 (structure)|DL03,0,14,8.7752827967e-01
weights,RIME,W4 (structure)|DL04,0,14,8.9106937582e-01
weights,LSHADE,W0 (Ngo)|DL01,0,14,9.2608002604e-01
weights,LSHADE,W0 (Ngo)|DL02,0,14,9.0163679842e-01
weights,LSHADE,W0 (Ngo)|DL03,0,14,8.8063233855e-01
weights,LSHADE,W0 (Ngo)|DL04,0,14,9.1418369513e-01
weights,LSHADE,W0 (Ngo)|DL05,0,14,9.3398392862e-01
weights,LSHADE,W0 (Ngo)|DL06,0,14,9.2268167680e-01
weights,LSHADE,W0 (Ngo)|DL07,0,14,9.1339058567e-01
weights,LSHADE,W0 (Ngo)|DL08,0,14,8.9903828366e-01
weights,LSHADE,W2 (balance)|DL01,0,14,9.4579810099e-01
weights,LSHADE,W2 (balance)|DL02,0,14,9.3669100408e-01
weights,LSHADE,W2 (balance)|DL03,0,14,9.2036943827e-01
weights,LSHADE,W2 (balance)|DL04,0,14,9.4394558273e-01
weights,LSHADE,W1 (equal)|DL01,0,14,9.0161480016e-01
weights,LSHADE,W1 (equal)|DL02,0,14,8.7542860189e-01
weights,LSHADE,W1 (equal)|DL03,0,14,8.4091250995e-01
weights,LSHADE,W1 (equal)|DL04,0,14,8.9890456559e-01
weights,LSHADE,W1 (equal)|DL05,0,14,9.2568774208e-01
weights,LSHADE,W1 (equal)|DL06,0,14,9.0715341083e-01
weights,LSHADE,W1 (equal)|DL07,0,14,8.8128750365e-01
weights,LSHADE,W1 (equal)|DL08,0,14,8.6585823085e-01
weights,LSHADE,W2 (balance)|DL05,0,14,9.5683222401e-01
weights,LSHADE,W2 (balance)|DL06,0,14,9.4866327277e-01
weights,LSHADE,W2 (balance)|DL07,0,14,9.3236220910e-01
weights,LSHADE,W2 (balance)|DL08,0,14,9.3224045498e-01
weights,LSHADE,W3 (overlap)|DL01,0,14,9.3954711857e-01
weights,LSHADE,W3 (overlap)|DL02,0,14,9.3033979236e-01
weights,LSHADE,W3 (overlap)|DL03,0,14,9.1793985871e-01
weights,LSHADE,W3 (overlap)|DL04,0,14,9.3648653666e-01
weights,LSHADE,W3 (overlap)|DL05,0,14,9.5932626061e-01
weights,LSHADE,W3 (overlap)|DL06,0,14,9.4882695901e-01
weights,LSHADE,W3 (overlap)|DL07,0,14,9.3727111659e-01
weights,LSHADE,W3 (overlap)|DL08,0,14,9.2350640212e-01
weights,LSHADE,W4 (structure)|DL01,0,14,9.2945883798e-01
weights,LSHADE,W4 (structure)|DL02,0,14,9.2291689607e-01
weights,LSHADE,W4 (structure)|DL03,0,14,9.0993033295e-01
weights,LSHADE,W4 (structure)|DL04,0,14,9.3252686430e-01
weights,LSHADE,W4 (structure)|DL05,0,14,9.4956636414e-01
weights,LSHADE,W4 (structure)|DL06,0,14,9.4271026819e-01
weights,LSHADE,W4 (structure)|DL07,0,14,9.3272187638e-01
weights,LSHADE,W4 (structure)|DL08,0,14,9.1399536216e-01
weights,MSSBOA,W0 (Ngo)|DL05,0,15,9.2943007878e-01
weights,MSSBOA,W0 (Ngo)|DL06,0,15,9.3412006838e-01
weights,MSSBOA,W0 (Ngo)|DL07,0,15,8.9914266954e-01
weights,MSSBOA,W0 (Ngo)|DL08,0,15,8.9639601017e-01
weights,MSSBOA,W0 (Ngo)|DL01,0,15,9.1766933224e-01
weights,MSSBOA,W0 (Ngo)|DL02,0,15,8.9342237103e-01
weights,MSSBOA,W0 (Ngo)|DL03,0,15,8.7640358084e-01
weights,MSSBOA,W0 (Ngo)|DL04,0,15,9.1573133780e-01
weights,MSSBOA,W1 (equal)|DL05,0,15,9.2512716227e-01
weights,MSSBOA,W1 (equal)|DL06,0,15,9.0864631371e-01
weights,MSSBOA,W1 (equal)|DL07,0,15,8.8504735610e-01
weights,MSSBOA,W1 (equal)|DL08,0,15,8.6585653422e-01
weights,MSSBOA,W1 (equal)|DL01,0,15,8.8301827044e-01
weights,MSSBOA,W1 (equal)|DL02,0,15,8.6795752734e-01
weights,MSSBOA,W1 (equal)|DL03,0,15,8.4093901993e-01
weights,MSSBOA,W1 (equal)|DL04,0,15,8.9412846019e-01
weights,MSSBOA,W2 (balance)|DL05,0,15,9.4624588363e-01
weights,MSSBOA,W2 (balance)|DL06,0,15,9.2742462505e-01
weights,MSSBOA,W2 (balance)|DL07,0,15,9.3734396301e-01
weights,MSSBOA,W2 (balance)|DL08,0,15,9.3245949357e-01
weights,MSSBOA,W2 (balance)|DL01,0,15,9.3954256422e-01
weights,MSSBOA,W2 (balance)|DL02,0,15,9.2525558805e-01
weights,MSSBOA,W2 (balance)|DL03,0,15,9.1362078065e-01
weights,MSSBOA,W2 (balance)|DL04,0,15,9.2481119951e-01
weights,MSSBOA,W3 (overlap)|DL05,0,15,9.5032563661e-01
weights,MSSBOA,W3 (overlap)|DL06,0,15,9.3093766262e-01
weights,MSSBOA,W3 (overlap)|DL07,0,15,9.2713615675e-01
weights,MSSBOA,W3 (overlap)|DL08,0,15,9.2351294400e-01
weights,MSSBOA,W3 (overlap)|DL01,0,15,9.4165357655e-01
weights,MSSBOA,W3 (overlap)|DL02,0,15,9.2683889368e-01
weights,MSSBOA,W3 (overlap)|DL03,0,15,9.1475448246e-01
weights,MSSBOA,W3 (overlap)|DL04,0,15,9.2506895333e-01
weights,SBOA,W0 (Ngo)|DL01,0,15,9.2053158928e-01
weights,SBOA,W0 (Ngo)|DL02,0,15,8.9566915893e-01
weights,SBOA,W0 (Ngo)|DL03,0,15,8.8070468682e-01
weights,SBOA,W0 (Ngo)|DL04,0,15,9.1677107748e-01
weights,SBOA,W0 (Ngo)|DL05,0,15,9.3118906769e-01
weights,SBOA,W0 (Ngo)|DL06,0,15,9.2950079537e-01
weights,SBOA,W0 (Ngo)|DL07,0,15,8.8902720177e-01
weights,SBOA,W0 (Ngo)|DL08,0,15,8.9939275958e-01
weights,MSSBOA,W4 (structure)|DL01,0,15,9.0682632558e-01
weights,MSSBOA,W4 (structure)|DL02,0,15,9.2189434541e-01
weights,MSSBOA,W4 (structure)|DL03,0,15,9.0795384067e-01
weights,MSSBOA,W4 (structure)|DL04,0,15,9.2515197622e-01
weights,MSSBOA,W4 (structure)|DL05,0,15,9.5050152415e-01
weights,MSSBOA,W4 (structure)|DL06,0,15,9.4537530177e-01
weights,MSSBOA,W4 (structure)|DL07,0,15,9.2365848394e-01
weights,MSSBOA,W4 (structure)|DL08,0,15,9.1409788181e-01
weights,SBOA,W1 (equal)|DL05,0,15,9.2404904470e-01
weights,SBOA,W1 (equal)|DL06,0,15,9.1036747150e-01
weights,SBOA,W1 (equal)|DL07,0,15,8.8825281020e-01
weights,SBOA,W1 (equal)|DL08,0,15,8.6585423435e-01
weights,SBOA,W1 (equal)|DL01,0,15,8.8608840023e-01
weights,SBOA,W1 (equal)|DL02,0,15,8.6016181996e-01
weights,SBOA,W1 (equal)|DL03,0,15,8.4428623069e-01
weights,SBOA,W1 (equal)|DL04,0,15,8.8971415125e-01
weights,SBOA,W2 (balance)|DL01,0,15,9.2846214345e-01
weights,SBOA,W2 (balance)|DL02,0,15,9.3047837415e-01
weights,SBOA,W2 (balance)|DL03,0,15,9.1497202991e-01
weights,SBOA,W2 (balance)|DL04,0,15,9.3775829657e-01
weights,SBOA,W2 (balance)|DL05,0,15,9.3901548505e-01
weights,SBOA,W2 (balance)|DL06,0,15,9.2270217999e-01
weights,SBOA,W2 (balance)|DL07,0,15,9.3003595055e-01
weights,SBOA,W2 (balance)|DL08,0,15,9.1980777504e-01
weights,SBOA,W3 (overlap)|DL01,0,15,9.3834467595e-01
weights,SBOA,W3 (overlap)|DL02,0,15,9.2623825809e-01
weights,SBOA,W3 (overlap)|DL03,0,15,9.1522357979e-01
weights,SBOA,W3 (overlap)|DL04,0,15,9.2322782810e-01
weights,SBOA,W3 (overlap)|DL05,0,15,9.5544919558e-01
weights,SBOA,W3 (overlap)|DL06,0,15,9.3086030378e-01
weights,SBOA,W3 (overlap)|DL07,0,15,9.2680439421e-01
weights,SBOA,W3 (overlap)|DL08,0,15,9.2351233124e-01
weights,SBOA,W4 (structure)|DL01,0,15,9.2447792027e-01
weights,SBOA,W4 (structure)|DL02,0,15,9.1894552747e-01
weights,SBOA,W4 (structure)|DL03,0,15,9.0868864967e-01
weights,SBOA,W4 (structure)|DL04,0,15,9.2125229344e-01
weights,SBOA,W4 (structure)|DL05,0,15,9.6022965250e-01
weights,SBOA,W4 (structure)|DL06,0,15,9.4125309210e-01
weights,SBOA,W4 (structure)|DL07,0,15,9.1641022403e-01
weights,SBOA,W4 (structure)|DL08,0,15,9.1409757215e-01
weights,RIME,W0 (Ngo)|DL01,0,15,8.9233880010e-01
weights,RIME,W0 (Ngo)|DL02,0,15,8.6756260149e-01
weights,RIME,W0 (Ngo)|DL03,0,15,8.0266409294e-01
weights,RIME,W0 (Ngo)|DL04,0,15,9.0976953178e-01
weights,RIME,W0 (Ngo)|DL05,0,15,9.1774260320e-01
weights,RIME,W0 (Ngo)|DL06,0,15,8.8016841040e-01
weights,RIME,W0 (Ngo)|DL07,0,15,8.5631216461e-01
weights,RIME,W0 (Ngo)|DL08,0,15,7.9487000833e-01
weights,RIME,W1 (equal)|DL01,0,15,8.3600216137e-01
weights,RIME,W1 (equal)|DL02,0,15,8.2171252563e-01
weights,RIME,W1 (equal)|DL03,0,15,7.6603602519e-01
weights,RIME,W1 (equal)|DL04,0,15,8.5015381298e-01
weights,RIME,W1 (equal)|DL05,0,15,9.2283268213e-01
weights,RIME,W1 (equal)|DL06,0,15,8.9269115037e-01
weights,RIME,W1 (equal)|DL07,0,15,8.5859647267e-01
weights,RIME,W1 (equal)|DL08,0,15,8.5483519095e-01
weights,RIME,W2 (balance)|DL01,0,15,8.8285223952e-01
weights,RIME,W2 (balance)|DL02,0,15,8.5887349497e-01
weights,RIME,W2 (balance)|DL03,0,15,8.7635300761e-01
weights,RIME,W2 (balance)|DL04,0,15,8.8550700897e-01
weights,RIME,W2 (balance)|DL05,0,15,9.3106328916e-01
weights,RIME,W2 (balance)|DL06,0,15,9.1671968372e-01
weights,RIME,W2 (balance)|DL07,0,15,8.8737265797e-01
weights,RIME,W2 (balance)|DL08,0,15,9.0779917481e-01
weights,RIME,W3 (overlap)|DL01,0,15,9.1546869314e-01
weights,RIME,W3 (overlap)|DL02,0,15,8.9642365781e-01
weights,RIME,W3 (overlap)|DL03,0,15,8.8062239112e-01
weights,RIME,W3 (overlap)|DL04,0,15,8.9634353406e-01
weights,RIME,W3 (overlap)|DL05,0,15,8.7700836013e-01
weights,RIME,W3 (overlap)|DL06,0,15,8.8823119936e-01
weights,RIME,W3 (overlap)|DL07,0,15,9.0978142556e-01
weights,RIME,W3 (overlap)|DL08,0,15,9.0356145917e-01
weights,RIME,W4 (structure)|DL01,0,15,8.9573759169e-01
weights,RIME,W4 (structure)|DL02,0,15,8.8893737032e-01
weights,RIME,W4 (structure)|DL03,0,15,8.8926568717e-01
weights,RIME,W4 (structure)|DL04,0,15,9.1376086656e-01
weights,RIME,W4 (structure)|DL05,0,15,9.0797181399e-01
weights,RIME,W4 (structure)|DL06,0,15,9.0254100211e-01
weights,RIME,W4 (structure)|DL07,0,15,9.1884172521e-01
weights,RIME,W4 (structure)|DL08,0,15,8.3271644111e-01
weights,LSHADE,W0 (Ngo)|DL01,0,15,9.2516173404e-01
weights,LSHADE,W0 (Ngo)|DL02,0,15,8.9933782749e-01
weights,LSHADE,W0 (Ngo)|DL03,0,15,8.8203322315e-01
weights,LSHADE,W0 (Ngo)|DL04,0,15,9.2758916051e-01
weights,LSHADE,W0 (Ngo)|DL05,0,15,9.3827617739e-01
weights,LSHADE,W0 (Ngo)|DL06,0,15,9.2785630162e-01
weights,LSHADE,W0 (Ngo)|DL07,0,15,9.1161003158e-01
weights,LSHADE,W0 (Ngo)|DL08,0,15,8.9928208887e-01
weights,LSHADE,W1 (equal)|DL01,0,15,9.0062270367e-01
weights,LSHADE,W1 (equal)|DL02,0,15,8.7542114430e-01
weights,LSHADE,W1 (equal)|DL03,0,15,8.4090091114e-01
weights,LSHADE,W1 (equal)|DL04,0,15,8.9658147062e-01
weights,LSHADE,W1 (equal)|DL05,0,15,9.1995474011e-01
weights,LSHADE,W1 (equal)|DL06,0,15,9.1002333248e-01
weights,LSHADE,W1 (equal)|DL07,0,15,8.8295249559e-01
weights,LSHADE,W1 (equal)|DL08,0,15,8.6578436197e-01
weights,LSHADE,W2 (balance)|DL01,0,15,9.4525736011e-01
weights,LSHADE,W2 (balance)|DL02,0,15,9.3353251765e-01
weights,LSHADE,W2 (balance)|DL03,0,15,9.2037638357e-01
weights,LSHADE,W2 (balance)|DL04,0,15,9.4279504437e-01
weights,LSHADE,W2 (balance)|DL05,0,15,9.5049547336e-01
weights,LSHADE,W2 (balance)|DL06,0,15,9.4710352388e-01
weights,LSHADE,W2 (balance)|DL07,0,15,9.3901227863e-01
weights,LSHADE,W2 (balance)|DL08,0,15,9.3285855856e-01
weights,LSHADE,W3 (overlap)|DL01,0,15,9.4170614024e-01
weights,LSHADE,W3 (overlap)|DL02,0,15,9.2940068251e-01
weights,LSHADE,W3 (overlap)|DL03,0,15,9.1638041023e-01
weights,LSHADE,W3 (overlap)|DL04,0,15,9.3604837636e-01
weights,LSHADE,W4 (structure)|DL01,0,15,9.2562211678e-01
weights,LSHADE,W4 (structure)|DL02,0,15,9.2153303816e-01
weights,LSHADE,W4 (structure)|DL03,0,15,9.1354270394e-01
weights,LSHADE,W4 (structure)|DL04,0,15,9.2788418942e-01
weights,LSHADE,W3 (overlap)|DL05,0,15,9.6128062132e-01
weights,LSHADE,W3 (overlap)|DL06,0,15,9.5433191232e-01
weights,LSHADE,W3 (overlap)|DL07,0,15,9.2927488118e-01
weights,LSHADE,W3 (overlap)|DL08,0,15,9.2350297155e-01
weights,LSHADE,W4 (structure)|DL05,0,15,9.4871470085e-01
weights,LSHADE,W4 (structure)|DL06,0,15,9.4629860204e-01
weights,LSHADE,W4 (structure)|DL07,0,15,9.3840577842e-01
weights,LSHADE,W4 (structure)|DL08,0,15,9.1406704899e-01
weights,MSSBOA,W0 (Ngo)|DL05,0,16,9.3769306458e-01
weights,MSSBOA,W0 (Ngo)|DL06,0,16,9.2921203502e-01
weights,MSSBOA,W0 (Ngo)|DL07,0,16,9.0714346709e-01
weights,MSSBOA,W0 (Ngo)|DL08,0,16,8.9939247331e-01
weights,MSSBOA,W0 (Ngo)|DL01,0,16,9.1916940736e-01
weights,MSSBOA,W0 (Ngo)|DL02,0,16,9.0080141084e-01
weights,MSSBOA,W0 (Ngo)|DL03,0,16,8.7507366624e-01
weights,MSSBOA,W0 (Ngo)|DL04,0,16,9.1035072899e-01
weights,MSSBOA,W1 (equal)|DL01,0,16,8.8523670905e-01
weights,MSSBOA,W1 (equal)|DL02,0,16,8.6759951829e-01
weights,MSSBOA,W1 (equal)|DL03,0,16,8.4042128915e-01
weights,MSSBOA,W1 (equal)|DL04,0,16,8.9213754220e-01
weights,MSSBOA,W1 (equal)|DL05,0,16,9.2937811592e-01
weights,MSSBOA,W1 (equal)|DL06,0,16,8.9015892903e-01
weights,MSSBOA,W1 (equal)|DL07,0,16,8.8068939153e-01
weights,MSSBOA,W1 (equal)|DL08,0,16,8.6585569582e-01
weights,MSSBOA,W2 (balance)|DL01,0,16,9.2399743199e-01
weights,MSSBOA,W2 (balance)|DL02,0,16,9.3370462899e-01
weights,MSSBOA,W2 (balance)|DL03,0,16,9.1433860575e-01
weights,MSSBOA,W2 (balance)|DL04,0,16,9.3267253096e-01
weights,MSSBOA,W2 (balance)|DL05,0,16,9.3448307975e-01
weights,MSSBOA,W2 (balance)|DL06,0,16,9.1707271832e-01
weights,MSSBOA,W2 (balance)|DL07,0,16,9.1406915867e-01
weights,MSSBOA,W2 (balance)|DL08,0,16,9.3292780842e-01
weights,MSSBOA,W3 (overlap)|DL01,0,16,9.2681712769e-01
weights,MSSBOA,W3 (overlap)|DL02,0,16,9.1722227435e-01
weights,MSSBOA,W3 (overlap)|DL03,0,16,9.1685621298e-01
weights,MSSBOA,W3 (overlap)|DL04,0,16,9.2545964943e-01
weights,MSSBOA,W3 (overlap)|DL05,0,16,9.1208896740e-01
weights,MSSBOA,W3 (overlap)|DL06,0,16,9.2941021088e-01
weights,MSSBOA,W3 (overlap)|DL07,0,16,9.4165883354e-01
weights,MSSBOA,W3 (overlap)|DL08,0,16,9.2351304626e-01
weights,MSSBOA,W4 (structure)|DL01,0,16,9.2134686097e-01
weights,MSSBOA,W4 (structure)|DL02,0,16,9.0008358263e-01
weights,MSSBOA,W4 (structure)|DL03,0,16,9.0115683643e-01
weights,MSSBOA,W4 (structure)|DL04,0,16,9.1050799337e-01
weights,SBOA,W0 (Ngo)|DL01,0,16,9.0525052236e-01
weights,SBOA,W0 (Ngo)|DL02,0,16,9.0438220840e-01
weights,SBOA,W0 (Ngo)|DL03,0,16,8.8057588977e-01
weights,SBOA,W0 (Ngo)|DL04,0,16,9.1703421317e-01
weights,MSSBOA,W4 (structure)|DL05,0,16,9.3190346421e-01
weights,MSSBOA,W4 (structure)|DL06,0,16,9.4496240589e-01
weights,MSSBOA,W4 (structure)|DL07,0,16,9.3252474789e-01
weights,MSSBOA,W4 (structure)|DL08,0,16,9.0285264381e-01
weights,SBOA,W0 (Ngo)|DL05,0,16,9.1130008504e-01
weights,SBOA,W0 (Ngo)|DL06,0,16,9.2418038724e-01
weights,SBOA,W0 (Ngo)|DL07,0,16,8.8425355135e-01
weights,SBOA,W0 (Ngo)|DL08,0,16,8.9924761963e-01
weights,SBOA,W1 (equal)|DL01,0,16,8.8701797909e-01
weights,SBOA,W1 (equal)|DL02,0,16,8.6103405687e-01
weights,SBOA,W1 (equal)|DL03,0,16,8.3932023589e-01
weights,SBOA,W1 (equal)|DL04,0,16,9.0756844544e-01
weights,SBOA,W1 (equal)|DL05,0,16,9.1996559796e-01
weights,SBOA,W1 (equal)|DL06,0,16,9.0243692554e-01
weights,SBOA,W1 (equal)|DL07,0,16,8.8611120314e-01
weights,SBOA,W1 (equal)|DL08,0,16,8.6585570250e-01
weights,SBOA,W2 (balance)|DL01,0,16,9.3720576482e-01
weights,SBOA,W2 (balance)|DL02,0,16,9.2461648837e-01
weights,SBOA,W2 (balance)|DL03,0,16,8.9785402599e-01
weights,SBOA,W2 (balance)|DL04,0,16,9.2717720907e-01
weights,SBOA,W2 (balance)|DL05,0,16,9.6118206089e-01
weights,SBOA,W2 (balance)|DL06,0,16,9.4603011589e-01
weights,SBOA,W2 (balance)|DL07,0,16,9.3513431375e-01
weights,SBOA,W2 (balance)|DL08,0,16,9.3292841584e-01
weights,SBOA,W3 (overlap)|DL01,0,16,9.3874351038e-01
weights,SBOA,W3 (overlap)|DL02,0,16,9.2454357941e-01
weights,SBOA,W3 (overlap)|DL03,0,16,9.1425694408e-01
weights,SBOA,W3 (overlap)|DL04,0,16,9.3363997092e-01
weights,SBOA,W3 (overlap)|DL05,0,16,9.3898834083e-01
weights,SBOA,W3 (overlap)|DL06,0,16,9.3804342257e-01
weights,SBOA,W3 (overlap)|DL07,0,16,9.3017257358e-01
weights,SBOA,W3 (overlap)|DL08,0,16,9.2351331034e-01
weights,SBOA,W4 (structure)|DL01,0,16,9.1769167054e-01
weights,SBOA,W4 (structure)|DL02,0,16,9.0915544497e-01
weights,SBOA,W4 (structure)|DL03,0,16,9.0862747867e-01
weights,SBOA,W4 (structure)|DL04,0,16,9.3321797533e-01
weights,SBOA,W4 (structure)|DL05,0,16,9.4764866611e-01
weights,SBOA,W4 (structure)|DL06,0,16,9.2868698420e-01
weights,SBOA,W4 (structure)|DL07,0,16,9.3889495253e-01
weights,SBOA,W4 (structure)|DL08,0,16,9.1409638515e-01
weights,RIME,W0 (Ngo)|DL01,0,16,8.8128486966e-01
weights,RIME,W0 (Ngo)|DL02,0,16,8.5994274261e-01
weights,RIME,W0 (Ngo)|DL03,0,16,8.4950631393e-01
weights,RIME,W0 (Ngo)|DL04,0,16,8.9500356331e-01
weights,RIME,W0 (Ngo)|DL05,0,16,8.9336893936e-01
weights,RIME,W0 (Ngo)|DL06,0,16,8.9257902980e-01
weights,RIME,W0 (Ngo)|DL07,0,16,8.3826237329e-01
weights,RIME,W0 (Ngo)|DL08,0,16,8.6404145575e-01
weights,RIME,W1 (equal)|DL01,0,16,8.8275078307e-01
weights,RIME,W1 (equal)|DL02,0,16,8.2611133210e-01
weights,RIME,W1 (equal)|DL03,0,16,8.2001631959e-01
weights,RIME,W1 (equal)|DL04,0,16,8.7991154862e-01
weights,RIME,W1 (equal)|DL05,0,16,8.9362998756e-01
weights,RIME,W1 (equal)|DL06,0,16,8.4830321473e-01
weights,RIME,W1 (equal)|DL07,0,16,7.9201489961e-01
weights,RIME,W1 (equal)|DL08,0,16,8.5610890003e-01
weights,RIME,W2 (balance)|DL01,0,16,9.1091966827e-01
weights,RIME,W2 (balance)|DL02,0,16,8.8105839672e-01
weights,RIME,W2 (balance)|DL03,0,16,8.8912650398e-01
weights,RIME,W2 (balance)|DL04,0,16,9.2186294082e-01
weights,RIME,W2 (balance)|DL05,0,16,9.1702066003e-01
weights,RIME,W2 (balance)|DL06,0,16,8.8539941076e-01
weights,RIME,W2 (balance)|DL07,0,16,8.5217551521e-01
weights,RIME,W2 (balance)|DL08,0,16,9.1321176153e-01
weights,RIME,W3 (overlap)|DL01,0,16,9.4144730301e-01
weights,RIME,W3 (overlap)|DL02,0,16,9.0586660121e-01
weights,RIME,W3 (overlap)|DL03,0,16,8.5619467322e-01
weights,RIME,W3 (overlap)|DL04,0,16,8.8710978243e-01
weights,RIME,W3 (overlap)|DL05,0,16,8.9328373902e-01
weights,RIME,W3 (overlap)|DL06,0,16,9.0922170204e-01
weights,RIME,W3 (overlap)|DL07,0,16,8.5049240178e-01
weights,RIME,W3 (overlap)|DL08,0,16,9.2037119022e-01
weights,RIME,W4 (structure)|DL01,0,16,9.0778313561e-01
weights,RIME,W4 (structure)|DL02,0,16,8.9024752706e-01
weights,RIME,W4 (structure)|DL03,0,16,8.0830910709e-01
weights,RIME,W4 (structure)|DL04,0,16,8.3455062431e-01
weights,RIME,W4 (structure)|DL05,0,16,9.2704717202e-01
weights,RIME,W4 (structure)|DL06,0,16,8.8915037242e-01
weights,RIME,W4 (structure)|DL07,0,16,8.4199522675e-01
weights,RIME,W4 (structure)|DL08,0,16,8.4249975636e-01
weights,LSHADE,W0 (Ngo)|DL01,0,16,9.2319157598e-01
weights,LSHADE,W0 (Ngo)|DL02,0,16,8.9987313311e-01
weights,LSHADE,W0 (Ngo)|DL03,0,16,8.8619729269e-01
weights,LSHADE,W0 (Ngo)|DL04,0,16,9.1199631757e-01
weights,LSHADE,W0 (Ngo)|DL05,0,16,9.3428611020e-01
weights,LSHADE,W0 (Ngo)|DL06,0,16,9.3107139399e-01
weights,LSHADE,W0 (Ngo)|DL07,0,16,9.0996316310e-01
weights,LSHADE,W0 (Ngo)|DL08,0,16,8.9900219505e-01
weights,LSHADE,W1 (equal)|DL01,0,16,8.9594862760e-01
weights,LSHADE,W1 (equal)|DL02,0,16,8.7268241552e-01
weights,LSHADE,W1 (equal)|DL03,0,16,8.4480841837e-01
weights,LSHADE,W1 (equal)|DL04,0,16,8.9743499067e-01
weights,LSHADE,W1 (equal)|DL05,0,16,9.2805059118e-01
weights,LSHADE,W1 (equal)|DL06,0,16,9.1068755437e-01
weights,LSHADE,W1 (equal)|DL07,0,16,8.7937149697e-01
weights,LSHADE,W1 (equal)|DL08,0,16,8.6581204692e-01
weights,LSHADE,W2 (balance)|DL01,0,16,9.4928702160e-01
weights,LSHADE,W2 (balance)|DL02,0,16,9.2509876886e-01
weights,LSHADE,W2 (balance)|DL03,0,16,9.2325769820e-01
weights,LSHADE,W2 (balance)|DL04,0,16,9.4262473906e-01
weights,LSHADE,W2 (balance)|DL05,0,16,9.6126672371e-01
weights,LSHADE,W2 (balance)|DL06,0,16,9.4662556330e-01
weights,LSHADE,W2 (balance)|DL07,0,16,9.3969279277e-01
weights,LSHADE,W2 (balance)|DL08,0,16,9.3283159849e-01
weights,LSHADE,W3 (overlap)|DL01,0,16,9.4181765241e-01
weights,LSHADE,W3 (overlap)|DL02,0,16,9.3046728508e-01
weights,LSHADE,W3 (overlap)|DL03,0,16,9.1736206023e-01
weights,LSHADE,W3 (overlap)|DL04,0,16,9.3459224462e-01
weights,LSHADE,W3 (overlap)|DL05,0,16,9.5848369251e-01
weights,LSHADE,W3 (overlap)|DL06,0,16,9.5382441487e-01
weights,LSHADE,W3 (overlap)|DL07,0,16,9.4091925009e-01
weights,LSHADE,W3 (overlap)|DL08,0,16,9.2351367558e-01
weights,LSHADE,W4 (structure)|DL01,0,16,9.3072080382e-01
weights,LSHADE,W4 (structure)|DL02,0,16,9.2308484398e-01
weights,LSHADE,W4 (structure)|DL03,0,16,9.0977582936e-01
weights,LSHADE,W4 (structure)|DL04,0,16,9.3016266498e-01
weights,LSHADE,W4 (structure)|DL05,0,16,9.4670454435e-01
weights,LSHADE,W4 (structure)|DL06,0,16,9.4815991538e-01
weights,LSHADE,W4 (structure)|DL07,0,16,9.2591412710e-01
weights,LSHADE,W4 (structure)|DL08,0,16,9.1408557826e-01
weights,MSSBOA,W0 (Ngo)|DL01,0,17,9.2390079866e-01
weights,MSSBOA,W0 (Ngo)|DL02,0,17,8.9915068655e-01
weights,MSSBOA,W0 (Ngo)|DL03,0,17,8.7087634592e-01
weights,MSSBOA,W0 (Ngo)|DL04,0,17,9.1723900628e-01
weights,MSSBOA,W0 (Ngo)|DL05,0,17,9.3508475695e-01
weights,MSSBOA,W0 (Ngo)|DL06,0,17,9.1504534818e-01
weights,MSSBOA,W0 (Ngo)|DL07,0,17,9.0969560805e-01
weights,MSSBOA,W0 (Ngo)|DL08,0,17,8.9939288119e-01
weights,MSSBOA,W1 (equal)|DL01,0,17,9.0183668467e-01
weights,MSSBOA,W1 (equal)|DL02,0,17,8.6439481467e-01
weights,MSSBOA,W1 (equal)|DL03,0,17,8.3286147092e-01
weights,MSSBOA,W1 (equal)|DL04,0,17,8.9356337189e-01
weights,MSSBOA,W1 (equal)|DL05,0,17,9.1147130801e-01
weights,MSSBOA,W1 (equal)|DL06,0,17,9.0654146382e-01
weights,MSSBOA,W1 (equal)|DL07,0,17,8.8643756204e-01
weights,MSSBOA,W1 (equal)|DL08,0,17,8.6405241438e-01
weights,MSSBOA,W2 (balance)|DL01,0,17,9.4354955320e-01
weights,MSSBOA,W2 (balance)|DL02,0,17,9.0821519910e-01
weights,MSSBOA,W2 (balance)|DL03,0,17,9.1963119766e-01
weights,MSSBOA,W2 (balance)|DL04,0,17,9.3512778372e-01
weights,MSSBOA,W2 (balance)|DL05,0,17,9.5465497936e-01
weights,MSSBOA,W2 (balance)|DL06,0,17,9.4690037591e-01
weights,MSSBOA,W2 (balance)|DL07,0,17,9.1488095324e-01
weights,MSSBOA,W2 (balance)|DL08,0,17,9.3292837594e-01
weights,MSSBOA,W3 (overlap)|DL01,0,17,9.2253874229e-01
weights,MSSBOA,W3 (overlap)|DL02,0,17,9.2004183454e-01
weights,MSSBOA,W3 (overlap)|DL03,0,17,9.1237691402e-01
weights,MSSBOA,W3 (overlap)|DL04,0,17,9.4289074536e-01
weights,MSSBOA,W3 (overlap)|DL05,0,17,9.4036436414e-01
weights,MSSBOA,W3 (overlap)|DL06,0,17,9.5438827653e-01
weights,MSSBOA,W3 (overlap)|DL07,0,17,9.1995879800e-01
weights,MSSBOA,W3 (overlap)|DL08,0,17,9.2351315248e-01
weights,SBOA,W0 (Ngo)|DL01,0,17,9.2119402949e-01
weights,SBOA,W0 (Ngo)|DL02,0,17,8.9808722514e-01
weights,SBOA,W0 (Ngo)|DL03,0,17,8.7776013468e-01
weights,SBOA,W0 (Ngo)|DL04,0,17,9.0160750732e-01
weights,SBOA,W0 (Ngo)|DL05,0,17,9.4319487968e-01
weights,SBOA,W0 (Ngo)|DL06,0,17,9.3351006390e-01
weights,SBOA,W0 (Ngo)|DL07,0,17,9.0172787765e-01
weights,SBOA,W0 (Ngo)|DL08,0,17,8.8998034051e-01
weights,MSSBOA,W4 (structure)|DL01,0,17,9.2270050763e-01
weights,MSSBOA,W4 (structure)|DL02,0,17,9.2272691900e-01
weights,MSSBOA,W4 (structure)|DL03,0,17,9.1690643493e-01
weights,MSSBOA,W4 (structure)|DL04,0,17,9.1698782708e-01
weights,MSSBOA,W4 (structure)|DL05,0,17,9.3078063636e-01
weights,MSSBOA,W4 (structure)|DL06,0,17,9.3315692515e-01
weights,MSSBOA,W4 (structure)|DL07,0,17,9.3139697923e-01
weights,MSSBOA,W4 (structure)|DL08,0,17,9.1409778306e-01
weights,SBOA,W1 (equal)|DL01,0,17,8.8003536714e-01
weights,SBOA,W1 (equal)|DL02,0,17,8.7148608169e-01
weights,SBOA,W1 (equal)|DL03,0,17,8.4083509295e-01
weights,SBOA,W1 (equal)|DL04,0,17,9.0569105581e-01
weights,SBOA,W1 (equal)|DL05,0,17,9.1225628070e-01
weights,SBOA,W1 (equal)|DL06,0,17,9.0291731695e-01
weights,SBOA,W1 (equal)|DL07,0,17,8.8271464636e-01
weights,SBOA,W1 (equal)|DL08,0,17,8.6585748157e-01
weights,SBOA,W2 (balance)|DL01,0,17,9.1343304819e-01
weights,SBOA,W2 (balance)|DL02,0,17,9.1350578877e-01
weights,SBOA,W2 (balance)|DL03,0,17,9.1363443115e-01
weights,SBOA,W2 (balance)|DL04,0,17,9.3574772258e-01
weights,SBOA,W2 (balance)|DL05,0,17,9.4129759935e-01
weights,SBOA,W2 (balance)|DL06,0,17,9.5115895082e-01
weights,SBOA,W2 (balance)|DL07,0,17,9.2144195356e-01
weights,SBOA,W2 (balance)|DL08,0,17,9.2144635711e-01
weights,SBOA,W3 (overlap)|DL01,0,17,9.3604121066e-01
weights,SBOA,W3 (overlap)|DL02,0,17,9.3054457136e-01
weights,SBOA,W3 (overlap)|DL03,0,17,9.1419542236e-01
weights,SBOA,W3 (overlap)|DL04,0,17,9.3021919724e-01
weights,SBOA,W3 (overlap)|DL05,0,17,9.3477449617e-01
weights,SBOA,W3 (overlap)|DL06,0,17,9.3786477443e-01
weights,SBOA,W3 (overlap)|DL07,0,17,9.0917601965e-01
weights,SBOA,W3 (overlap)|DL08,0,17,9.2351281053e-01
weights,SBOA,W4 (structure)|DL01,0,17,9.2981453584e-01
weights,SBOA,W4 (structure)|DL02,0,17,9.1760812853e-01
weights,SBOA,W4 (structure)|DL03,0,17,8.9777669961e-01
weights,SBOA,W4 (structure)|DL04,0,17,9.2724106569e-01
weights,SBOA,W4 (structure)|DL05,0,17,9.3956722291e-01
weights,SBOA,W4 (structure)|DL06,0,17,9.3819291955e-01
weights,SBOA,W4 (structure)|DL07,0,17,9.2044268467e-01
weights,SBOA,W4 (structure)|DL08,0,17,9.1409730897e-01
weights,RIME,W0 (Ngo)|DL01,0,17,8.8666664491e-01
weights,RIME,W0 (Ngo)|DL02,0,17,8.9465499759e-01
weights,RIME,W0 (Ngo)|DL03,0,17,8.2825420050e-01
weights,RIME,W0 (Ngo)|DL04,0,17,8.5571893924e-01
weights,RIME,W0 (Ngo)|DL05,0,17,9.2112780276e-01
weights,RIME,W0 (Ngo)|DL06,0,17,8.8839250448e-01
weights,RIME,W0 (Ngo)|DL07,0,17,8.7233054394e-01
weights,RIME,W0 (Ngo)|DL08,0,17,8.7784115154e-01
weights,RIME,W1 (equal)|DL01,0,17,8.5468154025e-01
weights,RIME,W1 (equal)|DL02,0,17,8.4937364957e-01
weights,RIME,W1 (equal)|DL03,0,17,8.4078578216e-01
weights,RIME,W1 (equal)|DL04,0,17,8.4508164481e-01
weights,RIME,W1 (equal)|DL05,0,17,8.5469000640e-01
weights,RIME,W1 (equal)|DL06,0,17,9.0011671764e-01
weights,RIME,W1 (equal)|DL07,0,17,7.9251056482e-01
weights,RIME,W1 (equal)|DL08,0,17,8.6340594151e-01
weights,RIME,W2 (balance)|DL01,0,17,8.8946639767e-01
weights,RIME,W2 (balance)|DL02,0,17,9.2249743565e-01
weights,RIME,W2 (balance)|DL03,0,17,8.9223075071e-01
weights,RIME,W2 (balance)|DL04,0,17,8.5885355229e-01
weights,RIME,W2 (balance)|DL05,0,17,8.8847925214e-01
weights,RIME,W2 (balance)|DL06,0,17,8.3993538584e-01
weights,RIME,W2 (balance)|DL07,0,17,8.6628970205e-01
weights,RIME,W2 (balance)|DL08,0,17,8.5923937369e-01
weights,RIME,W3 (overlap)|DL01,0,17,9.1320838083e-01
weights,RIME,W3 (overlap)|DL02,0,17,9.3025270847e-01
weights,RIME,W3 (overlap)|DL03,0,17,8.6858668830e-01
weights,RIME,W3 (overlap)|DL04,0,17,9.1905241912e-01
weights,RIME,W3 (overlap)|DL05,0,17,8.9558361662e-01
weights,RIME,W3 (overlap)|DL06,0,17,9.3398218493e-01
weights,RIME,W3 (overlap)|DL07,0,17,8.8332352661e-01
weights,RIME,W3 (overlap)|DL08,0,17,8.6471881711e-01
weights,RIME,W4 (structure)|DL01,0,17,9.1107171141e-01
weights,RIME,W4 (structure)|DL02,0,17,9.2273298922e-01
weights,RIME,W4 (structure)|DL03,0,17,9.0864203717e-01
weights,RIME,W4 (structure)|DL04,0,17,9.0500173282e-01
weights,RIME,W4 (structure)|DL05,0,17,9.1143267325e-01
weights,RIME,W4 (structure)|DL06,0,17,8.9655812065e-01
weights,RIME,W4 (structure)|DL07,0,17,9.2010479229e-01
weights,RIME,W4 (structure)|DL08,0,17,8.7574218557e-01
weights,LSHADE,W0 (Ngo)|DL01,0,17,9.2034640877e-01
weights,LSHADE,W0 (Ngo)|DL02,0,17,9.0368074684e-01
weights,LSHADE,W0 (Ngo)|DL03,0,17,8.8388711715e-01
weights,LSHADE,W0 (Ngo)|DL04,0,17,9.2378289742e-01
weights,LSHADE,W0 (Ngo)|DL05,0,17,9.2756859113e-01
weights,LSHADE,W0 (Ngo)|DL06,0,17,9.2889155185e-01
weights,LSHADE,W0 (Ngo)|DL07,0,17,9.0381160892e-01
weights,LSHADE,W0 (Ngo)|DL08,0,17,8.9935532542e-01
weights,LSHADE,W1 (equal)|DL01,0,17,9.0073578274e-01
weights,LSHADE,W1 (equal)|DL02,0,17,8.7316816211e-01
weights,LSHADE,W1 (equal)|DL03,0,17,8.4114772850e-01
weights,LSHADE,W1 (equal)|DL04,0,17,8.9415684479e-01
weights,LSHADE,W1 (equal)|DL05,0,17,9.2494062571e-01
weights,LSHADE,W1 (equal)|DL06,0,17,9.0558395512e-01
weights,LSHADE,W1 (equal)|DL07,0,17,8.8230561844e-01
weights,LSHADE,W1 (equal)|DL08,0,17,8.6571528303e-01
weights,LSHADE,W2 (balance)|DL05,0,17,9.5176229250e-01
weights,LSHADE,W2 (balance)|DL06,0,17,9.4581619696e-01
weights,LSHADE,W2 (balance)|DL07,0,17,9.3148312441e-01
weights,LSHADE,W2 (balance)|DL08,0,17,9.3290650247e-01
weights,LSHADE,W2 (balance)|DL01,0,17,9.5011979112e-01
weights,LSHADE,W2 (balance)|DL02,0,17,9.3377979876e-01
weights,LSHADE,W2 (balance)|DL03,0,17,9.2047002230e-01
weights,LSHADE,W2 (balance)|DL04,0,17,9.3807341770e-01
weights,LSHADE,W3 (overlap)|DL01,0,17,9.3982508190e-01
weights,LSHADE,W3 (overlap)|DL02,0,17,9.3030078989e-01
weights,LSHADE,W3 (overlap)|DL03,0,17,9.1744346170e-01
weights,LSHADE,W3 (overlap)|DL04,0,17,9.4364389495e-01
weights,LSHADE,W3 (overlap)|DL05,0,17,9.5931151231e-01
weights,LSHADE,W3 (overlap)|DL06,0,17,9.4851173372e-01
weights,LSHADE,W3 (overlap)|DL07,0,17,9.3734520039e-01
weights,LSHADE,W3 (overlap)|DL08,0,17,9.2349599869e-01
weights,LSHADE,W4 (structure)|DL01,0,17,9.2168597480e-01
weights,LSHADE,W4 (structure)|DL02,0,17,9.1993264148e-01
weights,LSHADE,W4 (structure)|DL03,0,17,9.0991635421e-01
weights,LSHADE,W4 (structure)|DL04,0,17,9.3798699827e-01
weights,LSHADE,W4 (structure)|DL05,0,17,9.5280591900e-01
weights,LSHADE,W4 (structure)|DL06,0,17,9.4899885523e-01
weights,LSHADE,W4 (structure)|DL07,0,17,9.3792867723e-01
weights,LSHADE,W4 (structure)|DL08,0,17,9.1408561859e-01
weights,MSSBOA,W0 (Ngo)|DL01,0,18,9.0686731346e-01
weights,MSSBOA,W0 (Ngo)|DL02,0,18,9.0568416314e-01
weights,MSSBOA,W0 (Ngo)|DL03,0,18,8.7393862028e-01
weights,MSSBOA,W0 (Ngo)|DL04,0,18,9.1916342433e-01
weights,MSSBOA,W0 (Ngo)|DL05,0,18,9.3382732264e-01
weights,MSSBOA,W0 (Ngo)|DL06,0,18,9.0252695474e-01
weights,MSSBOA,W0 (Ngo)|DL07,0,18,9.0305645431e-01
weights,MSSBOA,W0 (Ngo)|DL08,0,18,8.9938940696e-01
weights,MSSBOA,W1 (equal)|DL01,0,18,9.0183598378e-01
weights,MSSBOA,W1 (equal)|DL02,0,18,8.7548060916e-01
weights,MSSBOA,W1 (equal)|DL03,0,18,8.3954885356e-01
weights,MSSBOA,W1 (equal)|DL04,0,18,8.9958223325e-01
weights,MSSBOA,W1 (equal)|DL05,0,18,9.3081837085e-01
weights,MSSBOA,W1 (equal)|DL06,0,18,8.8787165195e-01
weights,MSSBOA,W1 (equal)|DL07,0,18,8.7308999156e-01
weights,MSSBOA,W1 (equal)|DL08,0,18,8.6352879343e-01
weights,MSSBOA,W2 (balance)|DL01,0,18,9.2295858366e-01
weights,MSSBOA,W2 (balance)|DL02,0,18,9.2710091690e-01
weights,MSSBOA,W2 (balance)|DL03,0,18,9.1985144138e-01
weights,MSSBOA,W2 (balance)|DL04,0,18,9.2800809176e-01
weights,MSSBOA,W2 (balance)|DL05,0,18,9.6015273079e-01
weights,MSSBOA,W2 (balance)|DL06,0,18,9.4383275010e-01
weights,MSSBOA,W2 (balance)|DL07,0,18,9.1597111310e-01
weights,MSSBOA,W2 (balance)|DL08,0,18,9.2761827189e-01
weights,MSSBOA,W3 (overlap)|DL05,0,18,9.3636062388e-01
weights,MSSBOA,W3 (overlap)|DL06,0,18,9.4835515230e-01
weights,MSSBOA,W3 (overlap)|DL07,0,18,9.2758635648e-01
weights,MSSBOA,W3 (overlap)|DL08,0,18,9.1749666762e-01
weights,MSSBOA,W3 (overlap)|DL01,0,18,9.3584244691e-01
weights,MSSBOA,W3 (overlap)|DL02,0,18,9.2726103056e-01
weights,MSSBOA,W3 (overlap)|DL03,0,18,9.1557064373e-01
weights,MSSBOA,W3 (overlap)|DL04,0,18,9.3232933048e-01
weights,SBOA,W0 (Ngo)|DL01,0,18,9.2304593979e-01
weights,SBOA,W0 (Ngo)|DL02,0,18,9.0054482342e-01
weights,SBOA,W0 (Ngo)|DL03,0,18,8.6080975330e-01
weights,SBOA,W0 (Ngo)|DL04,0,18,9.1349472550e-01
weights,SBOA,W0 (Ngo)|DL05,0,18,9.3395457333e-01
weights,SBOA,W0 (Ngo)|DL06,0,18,9.2324179348e-01
weights,SBOA,W0 (Ngo)|DL07,0,18,9.0491375439e-01
weights,SBOA,W0 (Ngo)|DL08,0,18,8.9655532081e-01
weights,MSSBOA,W4 (structure)|DL01,0,18,9.1857695842e-01
weights,MSSBOA,W4 (structure)|DL02,0,18,9.0760880446e-01
weights,MSSBOA,W4 (structure)|DL03,0,18,9.0808435776e-01
weights,MSSBOA,W4 (structure)|DL04,0,18,9.2682686009e-01
weights,MSSBOA,W4 (structure)|DL05,0,18,9.3728670847e-01
weights,MSSBOA,W4 (structure)|DL06,0,18,9.2654315124e-01
weights,MSSBOA,W4 (structure)|DL07,0,18,9.2114289885e-01
weights,MSSBOA,W4 (structure)|DL08,0,18,9.1409701899e-01
weights,SBOA,W1 (equal)|DL01,0,18,8.9935626070e-01
weights,SBOA,W1 (equal)|DL02,0,18,8.5436751483e-01
weights,SBOA,W1 (equal)|DL03,0,18,8.4305253185e-01
weights,SBOA,W1 (equal)|DL04,0,18,8.9475278215e-01
weights,SBOA,W1 (equal)|DL05,0,18,9.3444545308e-01
weights,SBOA,W1 (equal)|DL06,0,18,8.7869298451e-01
weights,SBOA,W1 (equal)|DL07,0,18,8.8552668221e-01
weights,SBOA,W1 (equal)|DL08,0,18,8.6572005244e-01
weights,SBOA,W2 (balance)|DL01,0,18,9.3967222695e-01
weights,SBOA,W2 (balance)|DL02,0,18,9.2953551723e-01
weights,SBOA,W2 (balance)|DL03,0,18,9.0678046938e-01
weights,SBOA,W2 (balance)|DL04,0,18,9.1956388104e-01
weights,SBOA,W2 (balance)|DL05,0,18,9.3363677917e-01
weights,SBOA,W2 (balance)|DL06,0,18,9.1675788021e-01
weights,SBOA,W2 (balance)|DL07,0,18,9.1870175793e-01
weights,SBOA,W2 (balance)|DL08,0,18,9.2732040477e-01
weights,SBOA,W3 (overlap)|DL01,0,18,9.4180884952e-01
weights,SBOA,W3 (overlap)|DL02,0,18,9.2300436345e-01
weights,SBOA,W3 (overlap)|DL03,0,18,9.1648458734e-01
weights,SBOA,W3 (overlap)|DL04,0,18,8.9846239524e-01
weights,SBOA,W3 (overlap)|DL05,0,18,9.5936191650e-01
weights,SBOA,W3 (overlap)|DL06,0,18,9.5015182088e-01
weights,SBOA,W3 (overlap)|DL07,0,18,9.2769772592e-01
weights,SBOA,W3 (overlap)|DL08,0,18,9.1633145986e-01
weights,SBOA,W4 (structure)|DL01,0,18,9.2970783302e-01
weights,SBOA,W4 (structure)|DL02,0,18,9.2259136701e-01
weights,SBOA,W4 (structure)|DL03,0,18,9.1043043331e-01
weights,SBOA,W4 (structure)|DL04,0,18,9.3783344120e-01
weights,SBOA,W4 (structure)|DL05,0,18,9.4949296547e-01
weights,SBOA,W4 (structure)|DL06,0,18,9.4365519845e-01
weights,SBOA,W4 (structure)|DL07,0,18,9.2676293221e-01
weights,SBOA,W4 (structure)|DL08,0,18,9.1145693594e-01
weights,RIME,W0 (Ngo)|DL01,0,18,8.9033275889e-01
weights,RIME,W0 (Ngo)|DL02,0,18,8.3790796576e-01
weights,RIME,W0 (Ngo)|DL03,0,18,8.3755955062e-01
weights,RIME,W0 (Ngo)|DL04,0,18,8.8803989831e-01
weights,RIME,W0 (Ngo)|DL05,0,18,8.9677023343e-01
weights,RIME,W0 (Ngo)|DL06,0,18,8.5885329445e-01
weights,RIME,W0 (Ngo)|DL07,0,18,8.4543822031e-01
weights,RIME,W0 (Ngo)|DL08,0,18,8.8808580450e-01
weights,RIME,W1 (equal)|DL01,0,18,8.8515175191e-01
weights,RIME,W1 (equal)|DL02,0,18,8.4790497251e-01
weights,RIME,W1 (equal)|DL03,0,18,8.2744656388e-01
weights,RIME,W1 (equal)|DL04,0,18,8.3973575049e-01
weights,RIME,W1 (equal)|DL05,0,18,8.6800281035e-01
weights,RIME,W1 (equal)|DL06,0,18,8.6929430339e-01
weights,RIME,W1 (equal)|DL07,0,18,8.0470684160e-01
weights,RIME,W1 (equal)|DL08,0,18,7.9212904569e-01
weights,RIME,W2 (balance)|DL01,0,18,8.6899118573e-01
weights,RIME,W2 (balance)|DL02,0,18,8.7387832390e-01
weights,RIME,W2 (balance)|DL03,0,18,8.5043477494e-01
weights,RIME,W2 (balance)|DL04,0,18,9.0301327259e-01
weights,RIME,W2 (balance)|DL05,0,18,9.0866846774e-01
weights,RIME,W2 (balance)|DL06,0,18,9.0148780681e-01
weights,RIME,W2 (balance)|DL07,0,18,9.0005020869e-01
weights,RIME,W2 (balance)|DL08,0,18,9.1653203390e-01
weights,RIME,W3 (overlap)|DL01,0,18,9.1506733701e-01
weights,RIME,W3 (overlap)|DL02,0,18,9.0583873675e-01
weights,RIME,W3 (overlap)|DL03,0,18,8.6450970357e-01
weights,RIME,W3 (overlap)|DL04,0,18,8.7984422753e-01
weights,RIME,W3 (overlap)|DL05,0,18,9.3308827810e-01
weights,RIME,W3 (overlap)|DL06,0,18,9.4808066146e-01
weights,RIME,W3 (overlap)|DL07,0,18,9.1024652149e-01
weights,RIME,W3 (overlap)|DL08,0,18,9.0148224844e-01
weights,RIME,W4 (structure)|DL01,0,18,9.2255237472e-01
weights,RIME,W4 (structure)|DL02,0,18,8.9022609789e-01
weights,RIME,W4 (structure)|DL03,0,18,9.0026380222e-01
weights,RIME,W4 (structure)|DL04,0,18,9.0410914036e-01
weights,RIME,W4 (structure)|DL05,0,18,9.1224993920e-01
weights,RIME,W4 (structure)|DL06,0,18,8.7831722490e-01
weights,RIME,W4 (structure)|DL07,0,18,8.6721964892e-01
weights,RIME,W4 (structure)|DL08,0,18,8.9254959374e-01
weights,LSHADE,W0 (Ngo)|DL01,0,18,9.1802260686e-01
weights,LSHADE,W0 (Ngo)|DL02,0,18,9.0546212677e-01
weights,LSHADE,W0 (Ngo)|DL03,0,18,8.8130361929e-01
weights,LSHADE,W0 (Ngo)|DL04,0,18,9.1366012805e-01
weights,LSHADE,W0 (Ngo)|DL05,0,18,9.4281480624e-01
weights,LSHADE,W0 (Ngo)|DL06,0,18,9.3099563441e-01
weights,LSHADE,W0 (Ngo)|DL07,0,18,9.1496696626e-01
weights,LSHADE,W0 (Ngo)|DL08,0,18,8.9932807774e-01
weights,LSHADE,W1 (equal)|DL01,0,18,8.9824792197e-01
weights,LSHADE,W1 (equal)|DL02,0,18,8.7538783782e-01
weights,LSHADE,W1 (equal)|DL03,0,18,8.4781080691e-01
weights,LSHADE,W1 (equal)|DL04,0,18,8.9772721243e-01
weights,LSHADE,W1 (equal)|DL05,0,18,9.1090776852e-01
weights,LSHADE,W1 (equal)|DL06,0,18,9.0697073466e-01
weights,LSHADE,W1 (equal)|DL07,0,18,8.8692415864e-01
weights,LSHADE,W1 (equal)|DL08,0,18,8.6585267789e-01
weights,LSHADE,W2 (balance)|DL01,0,18,9.5052408187e-01
weights,LSHADE,W2 (balance)|DL02,0,18,9.3758642136e-01
weights,LSHADE,W2 (balance)|DL03,0,18,9.2413821473e-01
weights,LSHADE,W2 (balance)|DL04,0,18,9.3565270563e-01
weights,LSHADE,W2 (balance)|DL05,0,18,9.5216001606e-01
weights,LSHADE,W2 (balance)|DL06,0,18,9.4315619988e-01
weights,LSHADE,W2 (balance)|DL07,0,18,9.3872251550e-01
weights,LSHADE,W2 (balance)|DL08,0,18,9.3291976155e-01
weights,LSHADE,W3 (overlap)|DL01,0,18,9.4177807138e-01
weights,LSHADE,W3 (overlap)|DL02,0,18,9.3056556123e-01
weights,LSHADE,W3 (overlap)|DL03,0,18,9.1777715501e-01
weights,LSHADE,W3 (overlap)|DL04,0,18,9.4032720896e-01
weights,LSHADE,W3 (overlap)|DL05,0,18,9.5348710446e-01
weights,LSHADE,W3 (overlap)|DL06,0,18,9.5273200035e-01
weights,LSHADE,W3 (overlap)|DL07,0,18,9.2748291205e-01
weights,LSHADE,W3 (overlap)|DL08,0,18,9.2345269789e-01
weights,LSHADE,W4 (structure)|DL01,0,18,9.2866413982e-01
weights,LSHADE,W4 (structure)|DL02,0,18,9.2287070463e-01
weights,LSHADE,W4 (structure)|DL03,0,18,9.1317657678e-01
weights,LSHADE,W4 (structure)|DL04,0,18,9.3403332882e-01
weights,LSHADE,W4 (structure)|DL05,0,18,9.4899859118e-01
weights,LSHADE,W4 (structure)|DL06,0,18,9.4214048371e-01
weights,LSHADE,W4 (structure)|DL07,0,18,9.2956083634e-01
weights,LSHADE,W4 (structure)|DL08,0,18,9.1306447508e-01
weights,MSSBOA,W0 (Ngo)|DL01,0,19,9.1967755762e-01
weights,MSSBOA,W0 (Ngo)|DL02,0,19,8.9736999370e-01
weights,MSSBOA,W0 (Ngo)|DL03,0,19,8.8031474899e-01
weights,MSSBOA,W0 (Ngo)|DL04,0,19,8.9227163922e-01
weights,MSSBOA,W1 (equal)|DL01,0,19,8.8321066487e-01
weights,MSSBOA,W1 (equal)|DL02,0,19,8.7540624650e-01
weights,MSSBOA,W1 (equal)|DL03,0,19,8.4318954208e-01
weights,MSSBOA,W1 (equal)|DL04,0,19,8.9250058082e-01
weights,MSSBOA,W0 (Ngo)|DL05,0,19,9.1270316700e-01
weights,MSSBOA,W0 (Ngo)|DL06,0,19,9.2055387888e-01
weights,MSSBOA,W0 (Ngo)|DL07,0,19,9.0392995151e-01
weights,MSSBOA,W0 (Ngo)|DL08,0,19,8.8812137134e-01
weights,MSSBOA,W1 (equal)|DL05,0,19,9.1849056209e-01
weights,MSSBOA,W1 (equal)|DL06,0,19,9.0561421854e-01
weights,MSSBOA,W1 (equal)|DL07,0,19,8.5433448987e-01
weights,MSSBOA,W1 (equal)|DL08,0,19,8.6585489190e-01
weights,MSSBOA,W2 (balance)|DL01,0,19,9.4280492880e-01
weights,MSSBOA,W2 (balance)|DL02,0,19,9.3217584559e-01
weights,MSSBOA,W2 (balance)|DL03,0,19,9.2046915503e-01
weights,MSSBOA,W2 (balance)|DL04,0,19,9.4417907268e-01
weights,MSSBOA,W2 (balance)|DL05,0,19,9.4499894284e-01
weights,MSSBOA,W2 (balance)|DL06,0,19,9.5280765615e-01
weights,MSSBOA,W2 (balance)|DL07,0,19,9.0665741337e-01
weights,MSSBOA,W2 (balance)|DL08,0,19,9.3239625219e-01
weights,MSSBOA,W3 (overlap)|DL01,0,19,9.4181600688e-01
weights,MSSBOA,W3 (overlap)|DL02,0,19,9.3057025908e-01
weights,MSSBOA,W3 (overlap)|DL03,0,19,9.1522317728e-01
weights,MSSBOA,W3 (overlap)|DL04,0,19,9.0707939483e-01
weights,MSSBOA,W3 (overlap)|DL05,0,19,9.3628258914e-01
weights,MSSBOA,W3 (overlap)|DL06,0,19,9.4746687067e-01
weights,MSSBOA,W3 (overlap)|DL07,0,19,9.1237430169e-01
weights,MSSBOA,W3 (overlap)|DL08,0,19,9.2351180567e-01
weights,SBOA,W0 (Ngo)|DL01,0,19,9.0654261421e-01
weights,SBOA,W0 (Ngo)|DL02,0,19,8.9767444053e-01
weights,SBOA,W0 (Ngo)|DL03,0,19,8.8070124363e-01
weights,SBOA,W0 (Ngo)|DL04,0,19,9.2380146955e-01
weights,SBOA,W0 (Ngo)|DL05,0,19,9.2143734853e-01
weights,SBOA,W0 (Ngo)|DL06,0,19,9.1019226600e-01
weights,SBOA,W0 (Ngo)|DL07,0,19,8.9138936211e-01
weights,SBOA,W0 (Ngo)|DL08,0,19,8.9913192896e-01
weights,MSSBOA,W4 (structure)|DL01,0,19,9.2006359373e-01
weights,MSSBOA,W4 (structure)|DL02,0,19,9.0560406149e-01
weights,MSSBOA,W4 (structure)|DL03,0,19,9.1232185917e-01
weights,MSSBOA,W4 (structure)|DL04,0,19,9.2291614028e-01
weights,MSSBOA,W4 (structure)|DL05,0,19,9.3935341329e-01
weights,MSSBOA,W4 (structure)|DL06,0,19,9.3399249919e-01
weights,MSSBOA,W4 (structure)|DL07,0,19,9.2342193905e-01
weights,MSSBOA,W4 (structure)|DL08,0,19,9.0649720900e-01
weights,SBOA,W1 (equal)|DL01,0,19,8.8537402262e-01
weights,SBOA,W1 (equal)|DL02,0,19,8.7444618821e-01
weights,SBOA,W1 (equal)|DL03,0,19,8.4041978227e-01
weights,SBOA,W1 (equal)|DL04,0,19,8.9755149840e-01
weights,SBOA,W2 (balance)|DL05,0,19,9.5979719591e-01
weights,SBOA,W2 (balance)|DL06,0,19,9.4296619592e-01
weights,SBOA,W2 (balance)|DL07,0,19,9.1741406365e-01
weights,SBOA,W2 (balance)|DL08,0,19,9.3292107674e-01
weights,SBOA,W1 (equal)|DL05,0,19,9.0001291202e-01
weights,SBOA,W1 (equal)|DL06,0,19,9.0702763230e-01
weights,SBOA,W1 (equal)|DL07,0,19,8.7508915942e-01
weights,SBOA,W1 (equal)|DL08,0,19,8.6585708008e-01
weights,SBOA,W2 (balance)|DL01,0,19,9.3816324911e-01
weights,SBOA,W2 (balance)|DL02,0,19,9.2909327202e-01
weights,SBOA,W2 (balance)|DL03,0,19,9.0751819810e-01
weights,SBOA,W2 (balance)|DL04,0,19,9.4935577055e-01
weights,SBOA,W3 (overlap)|DL01,0,19,9.4181651132e-01
weights,SBOA,W3 (overlap)|DL02,0,19,9.3054538911e-01
weights,SBOA,W3 (overlap)|DL03,0,19,9.1559591723e-01
weights,SBOA,W3 (overlap)|DL04,0,19,9.2278771016e-01
weights,SBOA,W3 (overlap)|DL05,0,19,9.5455021030e-01
weights,SBOA,W3 (overlap)|DL06,0,19,9.5118184940e-01
weights,SBOA,W3 (overlap)|DL07,0,19,9.1353701603e-01
weights,SBOA,W3 (overlap)|DL08,0,19,9.2351318739e-01
weights,SBOA,W4 (structure)|DL01,0,19,9.1532300452e-01
weights,SBOA,W4 (structure)|DL02,0,19,9.1317726577e-01
weights,SBOA,W4 (structure)|DL03,0,19,9.0997899907e-01
weights,SBOA,W4 (structure)|DL04,0,19,9.2982305799e-01
weights,SBOA,W4 (structure)|DL05,0,19,9.3381984075e-01
weights,SBOA,W4 (structure)|DL06,0,19,9.4678970003e-01
weights,SBOA,W4 (structure)|DL07,0,19,9.3213302112e-01
weights,SBOA,W4 (structure)|DL08,0,19,9.1110671435e-01
weights,RIME,W0 (Ngo)|DL01,0,19,8.9742315943e-01
weights,RIME,W0 (Ngo)|DL02,0,19,8.7501159527e-01
weights,RIME,W0 (Ngo)|DL03,0,19,8.4784447533e-01
weights,RIME,W0 (Ngo)|DL04,0,19,8.8895262986e-01
weights,RIME,W0 (Ngo)|DL05,0,19,9.0782193309e-01
weights,RIME,W0 (Ngo)|DL06,0,19,8.8144282589e-01
weights,RIME,W0 (Ngo)|DL07,0,19,8.3015035353e-01
weights,RIME,W0 (Ngo)|DL08,0,19,8.4420622555e-01
weights,RIME,W1 (equal)|DL01,0,19,8.6644250069e-01
weights,RIME,W1 (equal)|DL02,0,19,8.1593931191e-01
weights,RIME,W1 (equal)|DL03,0,19,7.9249558765e-01
weights,RIME,W1 (equal)|DL04,0,19,8.4578156747e-01
weights,RIME,W1 (equal)|DL05,0,19,8.9637049943e-01
weights,RIME,W1 (equal)|DL06,0,19,8.5234637192e-01
weights,RIME,W1 (equal)|DL07,0,19,8.6125165245e-01
weights,RIME,W1 (equal)|DL08,0,19,8.5907363501e-01
weights,RIME,W2 (balance)|DL05,0,19,8.9151127816e-01
weights,RIME,W2 (balance)|DL06,0,19,9.3991040550e-01
weights,RIME,W2 (balance)|DL07,0,19,8.9905235771e-01
weights,RIME,W2 (balance)|DL08,0,19,8.7303104186e-01
weights,RIME,W2 (balance)|DL01,0,19,9.2912742040e-01
weights,RIME,W2 (balance)|DL02,0,19,8.5321371182e-01
weights,RIME,W2 (balance)|DL03,0,19,9.0875432157e-01
weights,RIME,W2 (balance)|DL04,0,19,9.0389748399e-01
weights,RIME,W3 (overlap)|DL01,0,19,8.9286896232e-01
weights,RIME,W3 (overlap)|DL02,0,19,8.5126980382e-01
weights,RIME,W3 (overlap)|DL03,0,19,8.9295071203e-01
weights,RIME,W3 (overlap)|DL04,0,19,9.2428286899e-01
weights,RIME,W3 (overlap)|DL05,0,19,9.2315232656e-01
weights,RIME,W3 (overlap)|DL06,0,19,9.2837134369e-01
weights,RIME,W3 (overlap)|DL07,0,19,8.9315305660e-01
weights,RIME,W3 (overlap)|DL08,0,19,8.9267023549e-01
weights,RIME,W4 (structure)|DL01,0,19,8.4939614536e-01
weights,RIME,W4 (structure)|DL02,0,19,8.6285660694e-01
weights,RIME,W4 (structure)|DL03,0,19,9.0001200935e-01
weights,RIME,W4 (structure)|DL04,0,19,8.6902962750e-01
weights,RIME,W4 (structure)|DL05,0,19,9.1153970452e-01
weights,RIME,W4 (structure)|DL06,0,19,9.2495419794e-01
weights,RIME,W4 (structure)|DL07,0,19,8.6469339620e-01
weights,RIME,W4 (structure)|DL08,0,19,8.9836762066e-01
weights,LSHADE,W0 (Ngo)|DL05,0,19,9.3319599296e-01
weights,LSHADE,W0 (Ngo)|DL06,0,19,9.3175384519e-01
weights,LSHADE,W0 (Ngo)|DL07,0,19,9.1146301562e-01
weights,LSHADE,W0 (Ngo)|DL08,0,19,8.9932950735e-01
weights,LSHADE,W0 (Ngo)|DL01,0,19,9.2273281012e-01
weights,LSHADE,W0 (Ngo)|DL02,0,19,9.0203863856e-01
weights,LSHADE,W0 (Ngo)|DL03,0,19,8.8069792203e-01
weights,LSHADE,W0 (Ngo)|DL04,0,19,9.2721390249e-01
weights,LSHADE,W1 (equal)|DL01,0,19,8.9974941758e-01
weights,LSHADE,W1 (equal)|DL02,0,19,8.7485181998e-01
weights,LSHADE,W1 (equal)|DL03,0,19,8.4263496147e-01
weights,LSHADE,W1 (equal)|DL04,0,19,8.9787697367e-01
weights,LSHADE,W1 (equal)|DL05,0,19,9.1869288505e-01
weights,LSHADE,W1 (equal)|DL06,0,19,9.0890907116e-01
weights,LSHADE,W1 (equal)|DL07,0,19,8.8630637536e-01
weights,LSHADE,W1 (equal)|DL08,0,19,8.6580949989e-01
weights,LSHADE,W2 (balance)|DL01,0,19,9.4949925954e-01
weights,LSHADE,W2 (balance)|DL02,0,19,9.3494668940e-01
weights,LSHADE,W2 (balance)|DL03,0,19,9.2221616408e-01
weights,LSHADE,W2 (balance)|DL04,0,19,9.4176937400e-01
weights,LSHADE,W2 (balance)|DL05,0,19,9.4671133315e-01
weights,LSHADE,W2 (balance)|DL06,0,19,9.5149394500e-01
weights,LSHADE,W2 (balance)|DL07,0,19,9.3699635817e-01
weights,LSHADE,W2 (balance)|DL08,0,19,9.3176463861e-01
weights,LSHADE,W3 (overlap)|DL01,0,19,9.4168744534e-01
weights,LSHADE,W3 (overlap)|DL02,0,19,9.3046403771e-01
weights,LSHADE,W3 (overlap)|DL03,0,19,9.1799813576e-01
weights,LSHADE,W3 (overlap)|DL04,0,19,9.3701205931e-01
weights,LSHADE,W3 (overlap)|DL05,0,19,9.5732622277e-01
weights,LSHADE,W3 (overlap)|DL06,0,19,9.4942833279e-01
weights,LSHADE,W3 (overlap)|DL07,0,19,9.3426047956e-01
weights,LSHADE,W3 (overlap)|DL08,0,19,9.2350970567e-01
weights,LSHADE,W4 (structure)|DL01,0,19,9.3130482571e-01
weights,LSHADE,W4 (structure)|DL02,0,19,9.1697289320e-01
weights,LSHADE,W4 (structure)|DL03,0,19,9.1347820379e-01
weights,LSHADE,W4 (structure)|DL04,0,19,9.3259010517e-01
weights,LSHADE,W4 (structure)|DL05,0,19,9.4794640276e-01
weights,LSHADE,W4 (structure)|DL06,0,19,9.5207389721e-01
weights,LSHADE,W4 (structure)|DL07,0,19,9.3771253816e-01
weights,LSHADE,W4 (structure)|DL08,0,19,9.1400971741e-01
